subject,regime,channel,condition,rep,K,sfreq,n_samples,val_loss,perplexity,wall_seconds
0,rest,Fp1,aaft,0,7,100.0,18200,1.4715093066656189,4.3558044269378975,124.55142974853516
0,rest,Fp2,aaft,0,7,100.0,18200,1.4942975591430552,4.4562052325706425,133.9044337272644
0,rest,F3,aaft,0,7,100.0,18200,1.4503769315473019,4.264721720403494,126.08209490776062
0,rest,F4,aaft,0,7,100.0,18200,1.4666830210595632,4.3348327191629314,122.94861912727356
0,rest,F7,aaft,0,7,100.0,18200,1.4043845881851718,4.073019385566598,121.71748471260071
0,rest,F8,aaft,0,7,100.0,18200,1.4690150960601225,4.344953671001319,109.23070406913757
0,rest,T3,aaft,0,7,100.0,18200,1.4534990155231584,4.278057346388036,109.50721740722656
0,rest,T4,aaft,0,7,100.0,18200,1.4726645235357576,4.360839233281611,108.807049036026
0,rest,C3,aaft,0,7,100.0,18200,1.4274243615828923,4.167950222422697,109.46522498130798
0,rest,C4,aaft,0,7,100.0,18200,1.468214702761352,4.341477390580941,109.29469442367554
0,rest,T5,aaft,0,7,100.0,18200,1.458587275200632,4.299880687410116,109.13138222694397
0,rest,T6,aaft,0,7,100.0,18200,1.4286089164649465,4.172890313533699,109.0446310043335
0,rest,P3,aaft,0,7,100.0,18200,1.460142790369192,4.3065744217953705,109.78995656967163
0,rest,P4,aaft,0,7,100.0,18200,1.401957295196891,4.063144963077252,107.80479049682617
0,rest,O1,aaft,0,7,100.0,18200,1.4444260687776225,4.239418309928113,109.69251227378845
0,rest,O2,aaft,0,7,100.0,18200,1.3530534442377378,3.8692219651682564,108.15712285041809
0,rest,Fz,aaft,0,7,100.0,18200,1.4332012322254497,4.192097612722985,109.46105909347534
0,rest,Cz,aaft,0,7,100.0,18200,1.440132135292951,4.221253556722528,109.04615139961243
0,rest,Pz,aaft,0,7,100.0,18200,1.4676810565912795,4.339161195868187,108.52575945854187
0,arithmetic,Fp1,aaft,0,7,100.0,6200,1.4634881934944999,4.321005775213524,36.9848358631134
0,arithmetic,Fp2,aaft,0,7,100.0,6200,1.6261874298045904,5.084452884981414,37.69168210029602
0,arithmetic,F3,aaft,0,7,100.0,6200,1.5891253108942964,4.899461547897736,37.40176343917847
0,arithmetic,F4,aaft,0,7,100.0,6200,1.587855292297523,4.893243090232006,37.4856321811676
0,arithmetic,F7,aaft,0,7,100.0,6200,1.572139634038969,4.816943672214233,36.97262239456177
0,arithmetic,F8,aaft,0,7,100.0,6200,1.627284622890902,5.090034573069331,36.778295040130615
0,arithmetic,T3,aaft,0,7,100.0,6200,1.7207510510446515,5.588724305661331,37.015220403671265
0,arithmetic,T4,aaft,0,7,100.0,6200,1.5812697023193303,4.861124074991928,37.52350425720215
0,arithmetic,C3,aaft,0,7,100.0,6200,1.6205308756791847,5.055773591497338,37.02548956871033
0,arithmetic,C4,aaft,0,7,100.0,6200,1.5612398142351942,4.764724958457992,37.401737213134766
0,arithmetic,T5,aaft,0,7,100.0,6200,1.7097960473657512,5.527833946351378,36.924960136413574
0,arithmetic,T6,aaft,0,7,100.0,6200,1.6147420278116822,5.026591035506221,37.14344596862793
0,arithmetic,P3,aaft,0,7,100.0,6200,1.6043963738955533,4.974855743434355,36.923630475997925
0,arithmetic,P4,aaft,0,7,100.0,6200,1.5618265888546539,4.767521598550793,36.70823931694031
0,arithmetic,O1,aaft,0,7,100.0,6200,1.6120368432054242,5.013011554597618,37.14246344566345
0,arithmetic,O2,aaft,0,7,100.0,6200,1.5130439128644084,4.540530760705203,37.32626986503601
0,arithmetic,Fz,aaft,0,7,100.0,6200,1.5101129099461963,4.527241936100636,36.9166476726532
0,arithmetic,Cz,aaft,0,7,100.0,6200,1.5693426622055164,4.803489640484583,37.2764458656311
0,arithmetic,Pz,aaft,0,7,100.0,6200,1.6113651787049055,5.009645623210557,38.03908634185791
1,rest,Fp1,aaft,0,7,100.0,18200,1.538503019946779,4.657612696344072,108.76274609565735
1,rest,Fp2,aaft,0,7,100.0,18200,1.5564932183140694,4.7421623246194216,110.13335728645325
1,rest,F3,aaft,0,7,100.0,18200,1.5252420657318686,4.596256030736797,109.60931754112244
1,rest,F4,aaft,0,7,100.0,18200,1.444301590519411,4.238890627364247,109.22351694107056
1,rest,F7,aaft,0,7,100.0,18200,1.5341151895806016,4.63722065305197,110.12328767776489
1,rest,F8,aaft,0,7,100.0,18200,1.457305982916778,4.294374811535237,110.60085272789001
1,rest,T3,aaft,0,7,100.0,18200,1.7461055309314732,5.732235136997261,109.68386459350586
1,rest,T4,aaft,0,7,100.0,18200,1.4410440411822796,4.2251046983737535,109.45083093643188
1,rest,C3,aaft,0,7,100.0,18200,1.546646418504226,4.695696347572509,108.8575348854065
1,rest,C4,aaft,0,7,100.0,18200,1.4720678521443868,4.35823802138028,109.29252791404724
1,rest,T5,aaft,0,7,100.0,18200,1.5518751961392998,4.720313402081757,109.24380874633789
1,rest,T6,aaft,0,7,100.0,18200,1.4269574320876877,4.16600453781342,110.17703986167908
1,rest,P3,aaft,0,7,100.0,18200,1.4924283636184585,4.447883493594801,108.77203488349915
1,rest,P4,aaft,0,7,100.0,18200,1.4648847829739216,4.327044662361285,110.92455220222473
1,rest,O1,aaft,0,7,100.0,18200,1.4597916163058873,4.305062330075981,109.0873031616211
1,rest,O2,aaft,0,7,100.0,18200,1.4765417814912578,4.377780152826134,108.72783136367798
1,rest,Fz,aaft,0,7,100.0,18200,1.4611398891385041,4.310870643373974,109.96724796295166
1,rest,Cz,aaft,0,7,100.0,18200,1.4405102244544967,4.222849868695572,109.07611107826233
1,rest,Pz,aaft,0,7,100.0,18200,1.3447318251865195,3.837157373644812,108.94389295578003
1,arithmetic,Fp1,aaft,0,7,100.0,6200,1.4273738971710994,4.167739894573421,37.358312368392944
1,arithmetic,Fp2,aaft,0,7,100.0,6200,1.5534777072674968,4.727883821057401,37.00773644447327
1,arithmetic,F3,aaft,0,7,100.0,6200,1.4990033068727184,4.477224426952332,36.9675726890564
1,arithmetic,F4,aaft,0,7,100.0,6200,1.5952869072810358,4.929743248472302,37.013861656188965
1,arithmetic,F7,aaft,0,7,100.0,6200,1.392225235113346,4.023793985792984,37.129451274871826
1,arithmetic,F8,aaft,0,7,100.0,6200,1.2600987847332155,3.525769762388328,37.14820337295532
1,arithmetic,T3,aaft,0,7,100.0,6200,1.6754924039083041,5.341424640002891,37.64506506919861
1,arithmetic,T4,aaft,0,7,100.0,6200,1.5329220287642122,4.631691002608931,37.188088178634644
1,arithmetic,C3,aaft,0,7,100.0,6200,1.5722825622069387,4.817632198352233,37.343918561935425
1,arithmetic,C4,aaft,0,7,100.0,6200,1.5443702693490784,4.685020396935377,37.51691222190857
1,arithmetic,T5,aaft,0,7,100.0,6200,1.5410526701675598,4.669503131367397,36.98114633560181
1,arithmetic,T6,aaft,0,7,100.0,6200,1.609753762939051,5.0015795019548674,36.872867584228516
1,arithmetic,P3,aaft,0,7,100.0,6200,1.4291868578859632,4.175302696732189,37.127553939819336
1,arithmetic,P4,aaft,0,7,100.0,6200,1.466719120084602,4.334989205222279,37.01172637939453
1,arithmetic,O1,aaft,0,7,100.0,6200,1.5810622610044915,4.860115781606686,37.06423020362854
1,arithmetic,O2,aaft,0,7,100.0,6200,1.4418527191346528,4.2285228292870745,37.71351599693298
1,arithmetic,Fz,aaft,0,7,100.0,6200,1.4423682293299163,4.230703237879618,37.33248233795166
1,arithmetic,Cz,aaft,0,7,100.0,6200,1.5449540289251962,4.6877561208812315,37.662415504455566
1,arithmetic,Pz,aaft,0,7,100.0,6200,1.5400992622875092,4.665053311869586,36.973406076431274
2,rest,Fp1,aaft,0,7,100.0,18200,1.9063313613787771,6.728359545235031,109.41411757469177
2,rest,Fp2,aaft,0,7,100.0,18200,1.485631976233489,4.417756447832147,109.27204418182373
2,rest,F3,aaft,0,7,100.0,18200,1.5497211560154762,4.710156600622789,109.09380626678467
2,rest,F4,aaft,0,7,100.0,18200,1.6094620026023287,5.000120452291994,108.47227191925049
2,rest,F7,aaft,0,7,100.0,18200,1.826550677491043,6.212421015201392,110.02043724060059
2,rest,F8,aaft,0,7,100.0,18200,1.6380781301760778,5.145271461940608,109.83690118789673
2,rest,T3,aaft,0,7,100.0,18200,1.5467547281240352,4.696204964202194,109.48749327659607
2,rest,T4,aaft,0,7,100.0,18200,1.4961611622654913,4.464517573602888,141.02942323684692
2,rest,C3,aaft,0,7,100.0,18200,1.4465719007695113,4.24852515675174,118.29988193511963
2,rest,C4,aaft,0,7,100.0,18200,1.4752578727391914,4.372163089243453,110.26846861839294
2,rest,T5,aaft,0,7,100.0,18200,1.5332851094805864,4.6333729856255035,110.42919325828552
2,rest,T6,aaft,0,7,100.0,18200,1.3956504166836792,4.037599841079112,110.65894746780396
2,rest,P3,aaft,0,7,100.0,18200,1.4427209287315896,4.232195667554332,113.09998345375061
2,rest,P4,aaft,0,7,100.0,18200,1.4267314170965233,4.165063064732138,111.50726222991943
2,rest,O1,aaft,0,7,100.0,18200,1.559606729871177,4.756950110848461,110.25752019882202
2,rest,O2,aaft,0,7,100.0,18200,1.4280877563409187,4.170716136096845,110.33687138557434
2,rest,Fz,aaft,0,7,100.0,18200,1.449533904649868,4.261127960314171,110.31974673271179
2,rest,Cz,aaft,0,7,100.0,18200,1.4145048123724737,4.114448537426575,110.8198618888855
2,rest,Pz,aaft,0,7,100.0,18200,1.4389764020857752,4.216377731930155,110.42546272277832
2,arithmetic,Fp1,aaft,0,7,100.0,6200,1.9587152934365955,7.090212369188765,37.55199837684631
2,arithmetic,Fp2,aaft,0,7,100.0,6200,1.6989873335655066,5.468406914740429,38.04732894897461
2,arithmetic,F3,aaft,0,7,100.0,6200,1.708034906413489,5.518107219193966,37.375746965408325
2,arithmetic,F4,aaft,0,7,100.0,6200,1.6734993418231499,5.3307894508887985,37.39180016517639
2,arithmetic,F7,aaft,0,7,100.0,6200,1.9883026811720848,7.303127500787605,37.23549842834473
2,arithmetic,F8,aaft,0,7,100.0,6200,1.689872355530635,5.418788982540587,37.288262605667114
2,arithmetic,T3,aaft,0,7,100.0,6200,1.7862678519678665,5.967140604630965,37.40837001800537
2,arithmetic,T4,aaft,0,7,100.0,6200,1.7135219655428922,5.548468621015334,37.41788625717163
2,arithmetic,C3,aaft,0,7,100.0,6200,1.6004004378045757,4.955016202988596,38.69605851173401
2,arithmetic,C4,aaft,0,7,100.0,6200,1.603893255281384,4.972353430439933,37.993940591812134
2,arithmetic,T5,aaft,0,7,100.0,6200,1.7985953066815388,6.041155530718231,37.34552979469299
2,arithmetic,T6,aaft,0,7,100.0,6200,1.690584745402498,5.422650648271973,37.84463834762573
2,arithmetic,P3,aaft,0,7,100.0,6200,1.6162528170726358,5.034190894709157,37.399967193603516
2,arithmetic,P4,aaft,0,7,100.0,6200,1.5507573774451489,4.715039895479903,38.04135847091675
2,arithmetic,O1,aaft,0,7,100.0,6200,1.7836637827988402,5.951621972320721,37.16776704788208
2,arithmetic,O2,aaft,0,7,100.0,6200,1.5975569633764615,4.940946753663889,37.69447445869446
2,arithmetic,Fz,aaft,0,7,100.0,6200,1.6072751127405296,4.989197687362211,37.45405840873718
2,arithmetic,Cz,aaft,0,7,100.0,6200,1.5246023615720847,4.593316726877191,37.47642707824707
2,arithmetic,Pz,aaft,0,7,100.0,6200,1.6634039101445646,5.277243569360912,37.278172731399536
3,rest,Fp1,aaft,0,7,100.0,18200,1.3455211269651126,3.840187244368447,110.70884203910828
3,rest,Fp2,aaft,0,7,100.0,18200,1.4483120884991207,4.255924824636747,110.47405624389648
3,rest,F3,aaft,0,7,100.0,18200,1.3931729815929532,4.027609330081657,113.25680732727051
3,rest,F4,aaft,0,7,100.0,18200,1.389438141708921,4.012594909799265,112.1676733493805
3,rest,F7,aaft,0,7,100.0,18200,1.436456267903561,4.205765272310625,112.66260766983032
3,rest,F8,aaft,0,7,100.0,18200,1.4120575572766045,4.1043917430665156,110.33446979522705
3,rest,T3,aaft,0,7,100.0,18200,1.3067163322742816,3.694023828213632,114.07994198799133
3,rest,T4,aaft,0,7,100.0,18200,1.396272035795,4.04011047055098,109.987713098526
3,rest,C3,aaft,0,7,100.0,18200,1.3566985279092922,3.88335133870518,110.70241332054138
3,rest,C4,aaft,0,7,100.0,18200,1.3365922382898205,3.8060512649420275,110.05029344558716
3,rest,T5,aaft,0,7,100.0,18200,1.3832942419723753,3.9880175068510866,110.576491355896
3,rest,T6,aaft,0,7,100.0,18200,1.3439213744115337,3.834048806318149,110.13054180145264
3,rest,P3,aaft,0,7,100.0,18200,1.3435988804693697,3.832812548157748,111.9048388004303
3,rest,P4,aaft,0,7,100.0,18200,1.3122346508906777,3.7144649771882134,118.6505651473999
3,rest,O1,aaft,0,7,100.0,18200,1.285203345493902,3.6154030583957235,130.6162872314453
3,rest,O2,aaft,0,7,100.0,18200,1.348451432965944,3.851456671465936,110.26065039634705
3,rest,Fz,aaft,0,7,100.0,18200,1.3765829420812943,3.9613423380446426,110.47414255142212
3,rest,Cz,aaft,0,7,100.0,18200,1.3421547633996727,3.8272815128245097,109.64554405212402
3,rest,Pz,aaft,0,7,100.0,18200,1.271044662892919,3.5645743965871506,110.22204184532166
3,arithmetic,Fp1,aaft,0,7,100.0,6200,1.3579196197251986,3.8880961635870075,37.57962417602539
3,arithmetic,Fp2,aaft,0,7,100.0,6200,1.4870055709482273,4.423828824277225,37.40525984764099
3,arithmetic,F3,aaft,0,7,100.0,6200,1.4589621153281218,4.301492757350552,37.300769567489624
3,arithmetic,F4,aaft,0,7,100.0,6200,1.5254864358437452,4.5973793555851605,37.38613986968994
3,arithmetic,F7,aaft,0,7,100.0,6200,1.4865149410723308,4.42165889405001,37.51669383049011
3,arithmetic,F8,aaft,0,7,100.0,6200,1.487483033192058,4.425941539844809,38.78315472602844
3,arithmetic,T3,aaft,0,7,100.0,6200,1.2800886357091164,3.596958530410331,37.54251170158386
3,arithmetic,T4,aaft,0,7,100.0,6200,1.4984448010378868,4.474724569143596,37.39774012565613
3,arithmetic,C3,aaft,0,7,100.0,6200,1.435017797380783,4.199719752134414,37.26683044433594
3,arithmetic,C4,aaft,0,7,100.0,6200,1.4296553338638995,4.17725918399408,37.48575687408447
3,arithmetic,T5,aaft,0,7,100.0,6200,1.4627744460933132,4.317922768945691,37.34722828865051
3,arithmetic,T6,aaft,0,7,100.0,6200,1.4493961920617333,4.260541189758157,37.45997953414917
3,arithmetic,P3,aaft,0,7,100.0,6200,1.4343784460679745,4.197035513974492,37.96824645996094
3,arithmetic,P4,aaft,0,7,100.0,6200,1.4355271232815536,4.201859323003332,37.734920263290405
3,arithmetic,O1,aaft,0,7,100.0,6200,1.4687634301557189,4.343860331889973,37.29099178314209
3,arithmetic,O2,aaft,0,7,100.0,6200,1.5432084676392293,4.679580492884344,37.46068859100342
3,arithmetic,Fz,aaft,0,7,100.0,6200,1.4995964475588266,4.479880838655845,37.81505990028381
3,arithmetic,Cz,aaft,0,7,100.0,6200,1.4591203774998909,4.302173574808583,37.334789991378784
3,arithmetic,Pz,aaft,0,7,100.0,6200,1.3754516582273522,3.9568634693312776,37.381540298461914
4,rest,Fp1,aaft,0,7,100.0,17000,1.3202647939236059,3.744412743743175,103.427255153656
4,rest,Fp2,aaft,0,7,100.0,17000,1.2378653197986333,3.4482447028891117,102.54577016830444
4,rest,F3,aaft,0,7,100.0,17000,1.2986558122555207,3.664367757440246,102.36316919326782
4,rest,F4,aaft,0,7,100.0,17000,1.360270406377169,3.897246999767608,103.65268754959106
4,rest,F7,aaft,0,7,100.0,17000,1.2962345615222544,3.6555061367526176,102.70143914222717
4,rest,F8,aaft,0,7,100.0,17000,1.1598251399693198,3.189375533050561,102.70429968833923
4,rest,T3,aaft,0,7,100.0,17000,1.35974026140269,3.895181441427443,103.07346534729004
4,rest,T4,aaft,0,7,100.0,17000,1.3142291971339086,3.72188104273836,102.9225537776947
4,rest,C3,aaft,0,7,100.0,17000,1.3695619769900904,3.9336272987850496,102.60470056533813
4,rest,C4,aaft,0,7,100.0,17000,1.4155670134967175,4.118821231217671,102.72642588615417
4,rest,T5,aaft,0,7,100.0,17000,1.3227102152778076,3.7535806157118916,102.95238995552063
4,rest,T6,aaft,0,7,100.0,17000,1.2186646711784739,3.3826677427254026,102.88556575775146
4,rest,P3,aaft,0,7,100.0,17000,1.3439113701614576,3.834010449726951,103.6255795955658
4,rest,P4,aaft,0,7,100.0,17000,1.3401493412558159,3.8196138887092648,102.74617266654968
4,rest,O1,aaft,0,7,100.0,17000,1.3806420357631006,3.9774544759167063,102.76613450050354
4,rest,O2,aaft,0,7,100.0,17000,1.3263805753683122,3.767382922423286,102.72950482368469
4,rest,Fz,aaft,0,7,100.0,17000,1.3262974755040657,3.767069866421504,103.20751357078552
4,rest,Cz,aaft,0,7,100.0,17000,1.3763967838941609,3.9606049703720214,102.77977442741394
4,rest,Pz,aaft,0,7,100.0,17000,1.3609981333655374,3.900084163804887,102.69415974617004
4,arithmetic,Fp1,aaft,0,7,100.0,6200,1.6083322187351856,4.994474586775648,37.5651159286499
4,arithmetic,Fp2,aaft,0,7,100.0,6200,1.2385877275677262,3.4507366416417966,37.40180802345276
4,arithmetic,F3,aaft,0,7,100.0,6200,1.478597797482691,4.3867901980519175,37.2692289352417
4,arithmetic,F4,aaft,0,7,100.0,6200,1.4300759524098934,4.179016586250372,37.44821882247925
4,arithmetic,F7,aaft,0,7,100.0,6200,1.4557080391505757,4.2875181218366905,37.1420738697052
4,arithmetic,F8,aaft,0,7,100.0,6200,1.3266150332930469,3.768266318760548,37.35855221748352
4,arithmetic,T3,aaft,0,7,100.0,6200,1.5629745670672568,4.772997752125142,38.581665992736816
4,arithmetic,T4,aaft,0,7,100.0,6200,1.4609770521086036,4.310168731152324,37.27838182449341
4,arithmetic,C3,aaft,0,7,100.0,6200,1.545165649741194,4.688748252630894,39.18700361251831
4,arithmetic,C4,aaft,0,7,100.0,6200,1.4950248994182849,4.459447589116292,49.99993300437927
4,arithmetic,T5,aaft,0,7,100.0,6200,1.4580671652929689,4.297644858351649,38.802008628845215
4,arithmetic,T6,aaft,0,7,100.0,6200,1.5178030419503308,4.56219123432613,37.39972519874573
4,arithmetic,P3,aaft,0,7,100.0,6200,1.4222763401483483,4.146548660454974,38.229039430618286
4,arithmetic,P4,aaft,0,7,100.0,6200,1.4934353824088207,4.452364851877483,37.33936810493469
4,arithmetic,O1,aaft,0,7,100.0,6200,1.5310658583871122,4.623101768980608,37.29649043083191
4,arithmetic,O2,aaft,0,7,100.0,6200,1.566447762862515,4.789604129755399,37.464707374572754
4,arithmetic,Fz,aaft,0,7,100.0,6200,1.5083538240142325,4.519285128905829,37.46976280212402
4,arithmetic,Cz,aaft,0,7,100.0,6200,1.5249390046415823,4.594863295425488,37.43023490905762
4,arithmetic,Pz,aaft,0,7,100.0,6200,1.519859148158908,4.571581234158146,37.39589786529541
5,rest,Fp1,aaft,0,7,100.0,18200,1.213023450543091,3.3636390905281757,110.31567645072937
5,rest,Fp2,aaft,0,7,100.0,18200,1.5858549202254708,4.883464567015637,111.00425720214844
5,rest,F3,aaft,0,7,100.0,18200,1.3355692600612112,3.8021597481688563,110.33884310722351
5,rest,F4,aaft,0,7,100.0,18200,1.3573706332520252,3.885962237188759,111.24182176589966
5,rest,F7,aaft,0,7,100.0,18200,1.171434037514727,3.226616411383806,110.21259379386902
5,rest,F8,aaft,0,7,100.0,18200,1.291917091794223,3.6397576209999696,110.21190476417542
5,rest,T3,aaft,0,7,100.0,18200,1.3011389414880865,3.6734781626131436,113.23245549201965
5,rest,T4,aaft,0,7,100.0,18200,1.3675863394531127,3.92586354874035,110.7353196144104
5,rest,C3,aaft,0,7,100.0,18200,1.370607668940884,3.937742812593626,110.6165521144867
5,rest,C4,aaft,0,7,100.0,18200,1.367229708868439,3.92446371535415,110.79989767074585
5,rest,T5,aaft,0,7,100.0,18200,1.541020432228885,4.669352598638251,110.21590232849121
5,rest,T6,aaft,0,7,100.0,18200,1.411321668781628,4.101372479460843,111.93031144142151
5,rest,P3,aaft,0,7,100.0,18200,1.3298457438101288,3.7804601832046747,110.39868474006653
5,rest,P4,aaft,0,7,100.0,18200,1.2987817115953206,3.6648291279642047,110.15619230270386
5,rest,O1,aaft,0,7,100.0,18200,1.2547670710872965,3.507021392517145,111.01195859909058
5,rest,O2,aaft,0,7,100.0,18200,1.223155421703683,3.397892619643199,110.24829578399658
5,rest,Fz,aaft,0,7,100.0,18200,1.301491446889699,3.6747733117682952,111.29797124862671
5,rest,Cz,aaft,0,7,100.0,18200,1.3468964218844035,3.8454722677746482,110.40744972229004
5,rest,Pz,aaft,0,7,100.0,18200,1.2786706031462098,3.591861540789505,111.02912998199463
5,arithmetic,Fp1,aaft,0,7,100.0,6200,1.273805617305431,3.574429622650654,37.44483399391174
5,arithmetic,Fp2,aaft,0,7,100.0,6200,1.3469178912397606,3.84555482847154,37.34246015548706
5,arithmetic,F3,aaft,0,7,100.0,6200,1.4464365910739456,4.2479503289969385,37.70252013206482
5,arithmetic,F4,aaft,0,7,100.0,6200,1.5084261838813897,4.519612155609064,38.679189682006836
5,arithmetic,F7,aaft,0,7,100.0,6200,1.288120390921292,3.6259647503337202,37.56832790374756
5,arithmetic,F8,aaft,0,7,100.0,6200,1.4324524268858272,4.188959722627408,48.01716327667236
5,arithmetic,T3,aaft,0,7,100.0,6200,1.454533724351876,4.282486180976094,46.127946853637695
5,arithmetic,T4,aaft,0,7,100.0,6200,1.6214374725660516,5.060359218439564,37.69626832008362
5,arithmetic,C3,aaft,0,7,100.0,6200,1.559489502242532,4.756392497551864,37.90747022628784
5,arithmetic,C4,aaft,0,7,100.0,6200,1.5592171741658745,4.755097374688341,37.22672653198242
5,arithmetic,T5,aaft,0,7,100.0,6200,1.384559351031904,3.993065976687687,37.46397089958191
5,arithmetic,T6,aaft,0,7,100.0,6200,1.5615575041056369,4.766238903782553,37.30859684944153
5,arithmetic,P3,aaft,0,7,100.0,6200,1.5778519524680308,4.844538328019459,37.58125424385071
5,arithmetic,P4,aaft,0,7,100.0,6200,1.47875835584627,4.387494590454014,37.59110236167908
5,arithmetic,O1,aaft,0,7,100.0,6200,1.3493169292509357,3.8547915358550915,37.59650111198425
5,arithmetic,O2,aaft,0,7,100.0,6200,1.304585453678052,3.6861606925731545,37.369192123413086
5,arithmetic,Fz,aaft,0,7,100.0,6200,1.550548965187055,4.714057325761626,37.517868518829346
5,arithmetic,Cz,aaft,0,7,100.0,6200,1.6031641387236568,4.968729326580544,37.27621054649353
5,arithmetic,Pz,aaft,0,7,100.0,6200,1.388041506052691,4.006994688319045,37.348100423812866
6,rest,Fp1,aaft,0,7,100.0,18200,1.3494325018630835,3.855237069927448,110.57892346382141
6,rest,Fp2,aaft,0,7,100.0,18200,1.3642756864575023,3.912887867662648,110.82985353469849
6,rest,F3,aaft,0,7,100.0,18200,1.340947122137173,3.8226623194720513,112.15636491775513
6,rest,F4,aaft,0,7,100.0,18200,1.4203777343588768,4.13868346797454,111.32940983772278
6,rest,F7,aaft,0,7,100.0,18200,1.2775682290214445,3.58790414723209,110.75097846984863
6,rest,F8,aaft,0,7,100.0,18200,1.3823305312764371,3.984176063041697,110.70161628723145
6,rest,T3,aaft,0,7,100.0,18200,1.3436738867260158,3.8331000438612657,109.74216103553772
6,rest,T4,aaft,0,7,100.0,18200,1.389670197550034,4.013526163933406,120.82358884811401
6,rest,C3,aaft,0,7,100.0,18200,1.399636273915651,4.0537252530516765,158.47654557228088
6,rest,C4,aaft,0,7,100.0,18200,1.3625372839795729,3.906091602731092,131.71047353744507
6,rest,T5,aaft,0,7,100.0,18200,1.4696435520945812,4.347685141569983,161.57035899162292
6,rest,T6,aaft,0,7,100.0,18200,1.4178200783304091,4.1281116645342015,159.81871366500854
6,rest,P3,aaft,0,7,100.0,18200,1.457351813607463,4.294571630209043,162.01252126693726
6,rest,P4,aaft,0,7,100.0,18200,1.3776884581552444,3.9657240872746042,135.14359378814697
6,rest,O1,aaft,0,7,100.0,18200,1.5780048899756447,4.845279296296363,108.21095776557922
6,rest,O2,aaft,0,7,100.0,18200,1.4457623677638092,4.245087227158285,108.63860630989075
6,rest,Fz,aaft,0,7,100.0,18200,1.3781779975464714,3.9676659406981543,112.5852952003479
6,rest,Cz,aaft,0,7,100.0,18200,1.3893452666992303,4.012222257313452,109.0900571346283
6,rest,Pz,aaft,0,7,100.0,18200,1.396534652498517,4.041171610375023,108.05436563491821
6,arithmetic,Fp1,aaft,0,7,100.0,6200,1.4249798503887687,4.157774064380974,37.05147337913513
6,arithmetic,Fp2,aaft,0,7,100.0,6200,1.6178598806333264,5.042287663722229,37.31379675865173
6,arithmetic,F3,aaft,0,7,100.0,6200,1.68761319935741,5.4065609097231615,37.15185570716858
6,arithmetic,F4,aaft,0,7,100.0,6200,1.6364178179273206,5.1367357926081505,37.1025173664093
6,arithmetic,F7,aaft,0,7,100.0,6200,1.561925824029746,4.767994727866528,37.128584146499634
6,arithmetic,F8,aaft,0,7,100.0,6200,1.571780131484372,4.81521227989735,37.0082311630249
6,arithmetic,T3,aaft,0,7,100.0,6200,1.725171173808867,5.613481828524607,37.04240369796753
6,arithmetic,T4,aaft,0,7,100.0,6200,1.638303950297959,5.146433498969989,37.21219611167908
6,arithmetic,C3,aaft,0,7,100.0,6200,1.6173626773657812,5.039781244971355,37.19478917121887
6,arithmetic,C4,aaft,0,7,100.0,6200,1.5720885608350275,4.816697661750012,36.93669652938843
6,arithmetic,T5,aaft,0,7,100.0,6200,1.8194109819073796,6.168224184020726,36.93372344970703
6,arithmetic,T6,aaft,0,7,100.0,6200,1.6454863433038198,5.183530269254762,37.163735151290894
6,arithmetic,P3,aaft,0,7,100.0,6200,1.6696955907930298,5.310550970495684,37.26807904243469
6,arithmetic,P4,aaft,0,7,100.0,6200,1.6450109660835708,5.181066722647649,37.06864404678345
6,arithmetic,O1,aaft,0,7,100.0,6200,1.8340775702615633,6.259357663993391,36.96145725250244
6,arithmetic,O2,aaft,0,7,100.0,6200,1.6900262261048626,5.419622838864279,36.77423858642578
6,arithmetic,Fz,aaft,0,7,100.0,6200,1.5925354656169743,4.916197990544123,36.9430878162384
6,arithmetic,Cz,aaft,0,7,100.0,6200,1.6401011257224243,5.155690858836157,36.938735008239746
6,arithmetic,Pz,aaft,0,7,100.0,6200,1.7047872126128367,5.500215166267928,37.15935945510864
7,rest,Fp1,aaft,0,7,100.0,18200,1.4892292286530893,4.4336768505891895,108.80504107475281
7,rest,Fp2,aaft,0,7,100.0,18200,1.4494823492491886,4.260908281817686,109.204754114151
7,rest,F3,aaft,0,7,100.0,18200,1.4323676639375384,4.18860466909896,108.94047737121582
7,rest,F4,aaft,0,7,100.0,18200,1.4818750285681257,4.401190306607562,109.26144862174988
7,rest,F7,aaft,0,7,100.0,18200,1.4024534641026198,4.0651614694899205,108.9480848312378
7,rest,F8,aaft,0,7,100.0,18200,1.4533798765304795,4.277547693305545,108.71625852584839
7,rest,T3,aaft,0,7,100.0,18200,1.3649476091647945,3.9155179093654384,108.5802071094513
7,rest,T4,aaft,0,7,100.0,18200,1.4114998204376652,4.1021032108486555,109.34394264221191
7,rest,C3,aaft,0,7,100.0,18200,1.3808643584116527,3.9783388524351095,109.13891172409058
7,rest,C4,aaft,0,7,100.0,18200,1.358684822830758,3.891072485446234,109.16296124458313
7,rest,T5,aaft,0,7,100.0,18200,1.4741400919483385,4.367278699674798,109.08561682701111
7,rest,T6,aaft,0,7,100.0,18200,1.3833421527504262,3.988208580449926,108.83288502693176
7,rest,P3,aaft,0,7,100.0,18200,1.2827630322007217,3.6065910985964633,108.98947501182556
7,rest,P4,aaft,0,7,100.0,18200,1.3014594983516903,3.6746559100088882,109.03471279144287
7,rest,O1,aaft,0,7,100.0,18200,1.3656701584965072,3.9183480865623492,108.26939582824707
7,rest,O2,aaft,0,7,100.0,18200,1.3683520947833112,3.9288709509986277,109.42358160018921
7,rest,Fz,aaft,0,7,100.0,18200,1.3833276100866203,3.9881505816950824,108.99567461013794
7,rest,Cz,aaft,0,7,100.0,18200,1.292206947393626,3.640812778041086,108.60631799697876
7,rest,Pz,aaft,0,7,100.0,18200,1.2223319524596454,3.3950957113184215,108.44374823570251
7,arithmetic,Fp1,aaft,0,7,100.0,6200,1.4175234396046612,4.1268872883579615,37.064903020858765
7,arithmetic,Fp2,aaft,0,7,100.0,6200,1.4814476636116545,4.3993097939649815,36.90898609161377
7,arithmetic,F3,aaft,0,7,100.0,6200,1.5304749973741056,4.620370965228339,36.8346221446991
7,arithmetic,F4,aaft,0,7,100.0,6200,1.566856651550761,4.791562945146668,36.67413401603699
7,arithmetic,F7,aaft,0,7,100.0,6200,1.3354811158758204,3.801824624664939,36.85569930076599
7,arithmetic,F8,aaft,0,7,100.0,6200,1.7096421279220853,5.526983170702814,36.67926645278931
7,arithmetic,T3,aaft,0,7,100.0,6200,1.5287628803203879,4.612467117391347,36.91914367675781
7,arithmetic,T4,aaft,0,7,100.0,6200,1.722234309356936,5.597019978234509,36.75994110107422
7,arithmetic,C3,aaft,0,7,100.0,6200,1.4248441345149567,4.157209826729583,36.88613510131836
7,arithmetic,C4,aaft,0,7,100.0,6200,1.481814367573535,4.400923334123671,36.87898898124695
7,arithmetic,T5,aaft,0,7,100.0,6200,1.7333942140548644,5.659832024105734,36.84534049034119
7,arithmetic,T6,aaft,0,7,100.0,6200,1.5805718933245139,4.857733122143777,36.8845272064209
7,arithmetic,P3,aaft,0,7,100.0,6200,1.4660165963886316,4.331944842077669,36.87166929244995
7,arithmetic,P4,aaft,0,7,100.0,6200,1.511831670834969,4.535029873358178,36.81953048706055
7,arithmetic,O1,aaft,0,7,100.0,6200,1.450879789904914,4.266866810656568,36.94033741950989
7,arithmetic,O2,aaft,0,7,100.0,6200,1.5837889517769197,4.873385897991505,36.76480531692505
7,arithmetic,Fz,aaft,0,7,100.0,6200,1.4421890576937253,4.229945283762216,36.81880450248718
7,arithmetic,Cz,aaft,0,7,100.0,6200,1.4413760116237035,4.226507541083809,36.86601448059082
7,arithmetic,Pz,aaft,0,7,100.0,6200,1.4315596294973072,4.185221499312745,36.87346434593201
8,rest,Fp1,aaft,0,7,100.0,18200,1.42788746271348,4.1698808518867745,108.7500433921814
8,rest,Fp2,aaft,0,7,100.0,18200,1.4720343998268033,4.358092230656416,108.2616376876831
8,rest,F3,aaft,0,7,100.0,18200,1.4594589060010854,4.3036302297264335,119.44235730171204
8,rest,F4,aaft,0,7,100.0,18200,1.3890810226465007,4.011162191507938,118.33010029792786
8,rest,F7,aaft,0,7,100.0,18200,1.403665400010253,4.07009117128304,115.56033277511597
8,rest,F8,aaft,0,7,100.0,18200,1.3719104965260709,3.942876355888029,108.5835702419281
8,rest,T3,aaft,0,7,100.0,18200,1.3775384239119326,3.9651291374945226,108.53510761260986
8,rest,T4,aaft,0,7,100.0,18200,1.3606481269322028,3.8987193481180773,108.91847229003906
8,rest,C3,aaft,0,7,100.0,18200,1.3803598848237386,3.976332391706058,108.69538950920105
8,rest,C4,aaft,0,7,100.0,18200,1.38567347946225,3.997517244197964,108.34518814086914
8,rest,T5,aaft,0,7,100.0,18200,1.2817320975509812,3.602874854796868,108.94083046913147
8,rest,T6,aaft,0,7,100.0,18200,1.4381632755974776,4.2129506770150424,108.44986391067505
8,rest,P3,aaft,0,7,100.0,18200,1.384667116141749,3.9934963130684897,108.21995186805725
8,rest,P4,aaft,0,7,100.0,18200,1.4118855850382723,4.103685962320554,108.11781716346741
8,rest,O1,aaft,0,7,100.0,18200,1.3577881545609711,3.8875850479840137,108.57502937316895
8,rest,O2,aaft,0,7,100.0,18200,1.3566722654892691,3.8832493538404163,109.65848898887634
8,rest,Fz,aaft,0,7,100.0,18200,1.3820882413194573,3.9832108541297173,108.57540488243103
8,rest,Cz,aaft,0,7,100.0,18200,1.384409517046453,3.9924677245186033,110.26420187950134
8,rest,Pz,aaft,0,7,100.0,18200,1.3823621510323145,3.9843020437079115,120.2024507522583
8,arithmetic,Fp1,aaft,0,7,100.0,6200,1.409483014817281,4.093838403094414,36.95512056350708
8,arithmetic,Fp2,aaft,0,7,100.0,6200,1.2810552956365284,3.6004372471794066,36.8005907535553
8,arithmetic,F3,aaft,0,7,100.0,6200,1.5292137247522422,4.6145470913454405,36.898855447769165
8,arithmetic,F4,aaft,0,7,100.0,6200,1.4668261823956104,4.335453344030231,37.144216775894165
8,arithmetic,F7,aaft,0,7,100.0,6200,1.4603626408865342,4.307521328495126,36.80946087837219
8,arithmetic,F8,aaft,0,7,100.0,6200,1.443573588576953,4.235805829759226,36.73759913444519
8,arithmetic,T3,aaft,0,7,100.0,6200,1.5011809513213639,4.486984853383136,36.86374092102051
8,arithmetic,T4,aaft,0,7,100.0,6200,1.6594277866417548,5.256302257385487,36.74203014373779
8,arithmetic,C3,aaft,0,7,100.0,6200,1.5113961043418183,4.533054996426238,36.73398303985596
8,arithmetic,C4,aaft,0,7,100.0,6200,1.575085602379232,4.831155158786024,36.77034568786621
8,arithmetic,T5,aaft,0,7,100.0,6200,1.4923823178121032,4.447678691927928,36.84420418739319
8,arithmetic,T6,aaft,0,7,100.0,6200,1.5354888156498332,4.643594837100211,36.75039863586426
8,arithmetic,P3,aaft,0,7,100.0,6200,1.5559048467635415,4.739372991882112,37.057637214660645
8,arithmetic,P4,aaft,0,7,100.0,6200,1.6320723142809208,5.114462517838732,36.908775329589844
8,arithmetic,O1,aaft,0,7,100.0,6200,1.4757046972255685,4.374117115290993,36.81629729270935
8,arithmetic,O2,aaft,0,7,100.0,6200,1.5239356961702615,4.5902555420421525,36.836647033691406
8,arithmetic,Fz,aaft,0,7,100.0,6200,1.502945246247463,4.49490820550314,36.66032028198242
8,arithmetic,Cz,aaft,0,7,100.0,6200,1.4769043258169,4.379367579918405,36.88441514968872
8,arithmetic,Pz,aaft,0,7,100.0,6200,1.589319761328413,4.900414342955365,37.08800983428955
9,rest,Fp1,aaft,0,7,100.0,18200,1.456340742217785,4.290231706059099,109.29062604904175
9,rest,Fp2,aaft,0,7,100.0,18200,1.3667193527810864,3.922461352409945,108.96809411048889
9,rest,F3,aaft,0,7,100.0,18200,1.2570210016763745,3.514934890197354,108.96455883979797
9,rest,F4,aaft,0,7,100.0,18200,1.2419329085655195,3.4622993091091407,108.93711256980896
9,rest,F7,aaft,0,7,100.0,18200,1.4511586310119713,4.268056754416625,108.94760203361511
9,rest,F8,aaft,0,7,100.0,18200,1.4283598187097566,4.171850985376474,108.40422463417053
9,rest,T3,aaft,0,7,100.0,18200,1.2909570618460302,3.636265021447978,109.44307947158813
9,rest,T4,aaft,0,7,100.0,18200,1.2968569667842524,3.6577820512044923,108.91702389717102
9,rest,C3,aaft,0,7,100.0,18200,1.2389525558954806,3.451995797794238,108.82071304321289
9,rest,C4,aaft,0,7,100.0,18200,1.2394924556632454,3.4538600327285125,109.0132348537445
9,rest,T5,aaft,0,7,100.0,18200,1.325108023947362,3.762591783064252,108.5171287059784
9,rest,T6,aaft,0,7,100.0,18200,1.4044951978449587,4.073469925771731,108.9752414226532
9,rest,P3,aaft,0,7,100.0,18200,1.3145773358814428,3.7231769993163106,108.47957515716553
9,rest,P4,aaft,0,7,100.0,18200,1.2896227719520024,3.6314164252136725,108.62595868110657
9,rest,O1,aaft,0,7,100.0,18200,1.3316270931646492,3.787200505163533,108.4363763332367
9,rest,O2,aaft,0,7,100.0,18200,1.3124486124024097,3.7152598147593,108.78022742271423
9,rest,Fz,aaft,0,7,100.0,18200,1.2062108961975804,3.3408019942291918,108.46218037605286
9,rest,Cz,aaft,0,7,100.0,18200,1.228520274243607,3.4161707985216245,108.89763355255127
9,rest,Pz,aaft,0,7,100.0,18200,1.2607096790801133,3.527924293232987,108.4371292591095
9,arithmetic,Fp1,aaft,0,7,100.0,6200,1.3460655890337314,3.8422786499532404,37.10491871833801
9,arithmetic,Fp2,aaft,0,7,100.0,6200,1.6862001256168908,5.3989264357828,37.00715112686157
9,arithmetic,F3,aaft,0,7,100.0,6200,1.454329353986128,4.281611057136713,37.2815158367157
9,arithmetic,F4,aaft,0,7,100.0,6200,1.4703491137706695,4.350753784016525,36.959705114364624
9,arithmetic,F7,aaft,0,7,100.0,6200,1.417516164493271,4.126857264902456,37.227726459503174
9,arithmetic,F8,aaft,0,7,100.0,6200,1.62815136269753,5.094448221116842,36.72497582435608
9,arithmetic,T3,aaft,0,7,100.0,6200,1.426158202062137,4.162676272102329,36.84597682952881
9,arithmetic,T4,aaft,0,7,100.0,6200,1.544568677566508,4.6859500357018895,36.61793541908264
9,arithmetic,C3,aaft,0,7,100.0,6200,1.4302793932560265,4.1798668554074885,36.90087842941284
9,arithmetic,C4,aaft,0,7,100.0,6200,1.3634106675447697,3.9095046091559778,36.84668755531311
9,arithmetic,T5,aaft,0,7,100.0,6200,1.5416739481918598,4.672405092416286,36.98833131790161
9,arithmetic,T6,aaft,0,7,100.0,6200,1.60863238169544,4.995973968070636,36.72074747085571
9,arithmetic,P3,aaft,0,7,100.0,6200,1.5733736031942351,4.82289130096892,37.38266158103943
9,arithmetic,P4,aaft,0,7,100.0,6200,1.4221374983102473,4.145972985981958,36.82903718948364
9,arithmetic,O1,aaft,0,7,100.0,6200,1.4806352963533747,4.395737389977815,36.91056561470032
9,arithmetic,O2,aaft,0,7,100.0,6200,1.4630095942737802,4.318938240016614,36.708029985427856
9,arithmetic,Fz,aaft,0,7,100.0,6200,1.3777862546985244,3.966111940346978,37.14922308921814
9,arithmetic,Cz,aaft,0,7,100.0,6200,1.4423062184053226,4.230440896194265,36.88493466377258
9,arithmetic,Pz,aaft,0,7,100.0,6200,1.4003868546832456,4.0567690434260895,36.9147686958313
10,rest,Fp1,aaft,0,7,100.0,18800,1.2686215731248311,3.5559475688491404,111.89278364181519
10,rest,Fp2,aaft,0,7,100.0,18800,1.1037088972438645,3.015328855133424,112.37449431419373
10,rest,F3,aaft,0,7,100.0,18800,1.319253555046431,3.740628161885178,112.52283477783203
10,rest,F4,aaft,0,7,100.0,18800,1.3608273080349211,3.899417987539684,112.83435106277466
10,rest,F7,aaft,0,7,100.0,18800,1.2103425181657121,3.3546334786966394,112.11943292617798
10,rest,F8,aaft,0,7,100.0,18800,1.4470627946334222,4.250611243663602,112.26234793663025
10,rest,T3,aaft,0,7,100.0,18800,1.3320940137678996,3.7889692400052697,111.69731378555298
10,rest,T4,aaft,0,7,100.0,18800,1.3462282048693577,3.8429035161118006,112.19916582107544
10,rest,C3,aaft,0,7,100.0,18800,1.3465439714620324,3.8441171682663797,111.68623852729797
10,rest,C4,aaft,0,7,100.0,18800,1.32694902213987,3.7695250878785953,112.30184388160706
10,rest,T5,aaft,0,7,100.0,18800,1.3691891718751694,3.932161095728851,111.91855025291443
10,rest,T6,aaft,0,7,100.0,18800,1.4783305113945997,4.385617826746853,112.19665360450745
10,rest,P3,aaft,0,7,100.0,18800,1.344884854529859,3.8377446162495206,112.04784560203552
10,rest,P4,aaft,0,7,100.0,18800,1.3021394962437491,3.6771555180495175,112.102374792099
10,rest,O1,aaft,0,7,100.0,18800,1.2682436017274201,3.5546037763509846,111.97454333305359
10,rest,O2,aaft,0,7,100.0,18800,1.2477463926318697,3.4824859514841964,111.86228537559509
10,rest,Fz,aaft,0,7,100.0,18800,1.3241963174571205,3.7591629669899422,111.72238612174988
10,rest,Cz,aaft,0,7,100.0,18800,1.322305530541437,3.752061906249972,112.25641226768494
10,rest,Pz,aaft,0,7,100.0,18800,1.2834724080990005,3.6091504350552297,112.20868921279907
10,arithmetic,Fp1,aaft,0,7,100.0,6200,1.5118275211054852,4.53501105425005,36.94353771209717
10,arithmetic,Fp2,aaft,0,7,100.0,6200,1.377859843256521,3.9664038115445797,37.0691876411438
10,arithmetic,F3,aaft,0,7,100.0,6200,1.5297615010105239,4.617075523129031,36.95949649810791
10,arithmetic,F4,aaft,0,7,100.0,6200,1.506026092470231,4.508777680359057,36.917261838912964
10,arithmetic,F7,aaft,0,7,100.0,6200,1.5223790647225872,4.583115764355487,36.991674184799194
10,arithmetic,F8,aaft,0,7,100.0,6200,1.3806484628486324,3.9774800394389715,36.778634548187256
10,arithmetic,T3,aaft,0,7,100.0,6200,1.62515864751695,5.0792247796631935,36.85649275779724
10,arithmetic,T4,aaft,0,7,100.0,6200,1.582090623428615,4.865116312791881,36.7788565158844
10,arithmetic,C3,aaft,0,7,100.0,6200,1.547055040490224,4.697615504417835,37.19029378890991
10,arithmetic,C4,aaft,0,7,100.0,6200,1.5587710663731167,4.752976561784924,36.79515790939331
10,arithmetic,T5,aaft,0,7,100.0,6200,1.6481127700155787,5.19716232557728,36.67759132385254
10,arithmetic,T6,aaft,0,7,100.0,6200,1.6282883116673896,5.095145948328149,36.6586549282074
10,arithmetic,P3,aaft,0,7,100.0,6200,1.516347428729924,4.555555279315037,36.988394260406494
10,arithmetic,P4,aaft,0,7,100.0,6200,1.457928610567814,4.2970494405994115,36.850184202194214
10,arithmetic,O1,aaft,0,7,100.0,6200,1.4570069401884913,4.293090801971739,36.807523250579834
10,arithmetic,O2,aaft,0,7,100.0,6200,1.454653049424841,4.282997219441356,36.63526630401611
10,arithmetic,Fz,aaft,0,7,100.0,6200,1.50087376812179,4.485606738697111,36.67826747894287
10,arithmetic,Cz,aaft,0,7,100.0,6200,1.5240077860827266,4.590586465090333,37.05681276321411
10,arithmetic,Pz,aaft,0,7,100.0,6200,1.5164693635594002,4.556110794038798,36.801446199417114
11,rest,Fp1,aaft,0,7,100.0,18200,1.2309047166211817,3.424326180097374,108.29932856559753
11,rest,Fp2,aaft,0,7,100.0,18200,1.3835061927468417,3.988862859833694,108.55766320228577
11,rest,F3,aaft,0,7,100.0,18200,1.4168782562784046,4.124225548237677,108.76688051223755
11,rest,F4,aaft,0,7,100.0,18200,1.3779067615810137,3.966589912931427,109.07593369483948
11,rest,F7,aaft,0,7,100.0,18200,1.3585730598720704,3.890637631973501,108.87503170967102
11,rest,F8,aaft,0,7,100.0,18200,1.4158076668259278,4.119812558537712,108.54867243766785
11,rest,T3,aaft,0,7,100.0,18200,1.4961180474616678,4.464325090952991,108.42027950286865
11,rest,T4,aaft,0,7,100.0,18200,1.4678836174241239,4.340040228999705,108.7048168182373
11,rest,C3,aaft,0,7,100.0,18200,1.3866793678819247,4.0015403235466,107.81364059448242
11,rest,C4,aaft,0,7,100.0,18200,1.3960149673610198,4.039072019161463,108.09706854820251
11,rest,T5,aaft,0,7,100.0,18200,1.4413699579376607,4.226481955211542,108.66132354736328
11,rest,T6,aaft,0,7,100.0,18200,1.4810938007738297,4.397753317122716,108.41614151000977
11,rest,P3,aaft,0,7,100.0,18200,1.372936455736558,3.9469236620316583,109.00357508659363
11,rest,P4,aaft,0,7,100.0,18200,1.3373466402975622,3.8089236409847667,109.18783807754517
11,rest,O1,aaft,0,7,100.0,18200,1.4384004927560317,4.213950179748685,108.95666027069092
11,rest,O2,aaft,0,7,100.0,18200,1.392921333746133,4.026595918382693,108.87446904182434
11,rest,Fz,aaft,0,7,100.0,18200,1.4171552609065914,4.1253681360459735,109.18521881103516
11,rest,Cz,aaft,0,7,100.0,18200,1.3856959812851675,3.9976071966351454,108.81221556663513
11,rest,Pz,aaft,0,7,100.0,18200,1.396970232465904,4.042932247194502,108.86888551712036
11,arithmetic,Fp1,aaft,0,7,100.0,6200,1.6282109559124336,5.094751824710766,36.88539099693298
11,arithmetic,Fp2,aaft,0,7,100.0,6200,1.8708769039095288,6.493988507116481,36.905969858169556
11,arithmetic,F3,aaft,0,7,100.0,6200,1.6560055672471345,5.238344782591407,36.77320694923401
11,arithmetic,F4,aaft,0,7,100.0,6200,1.6261222440453338,5.084121461861853,36.90719175338745
11,arithmetic,F7,aaft,0,7,100.0,6200,1.6268983574645182,5.088068848364842,37.06731200218201
11,arithmetic,F8,aaft,0,7,100.0,6200,1.6530977402727134,5.223134707182393,36.97861313819885
11,arithmetic,T3,aaft,0,7,100.0,6200,1.6617986764999255,5.268779155930603,36.958508253097534
11,arithmetic,T4,aaft,0,7,100.0,6200,1.5730239285785912,4.821205153125692,37.225088119506836
11,arithmetic,C3,aaft,0,7,100.0,6200,1.5272348649098137,4.605424578479462,36.85483002662659
11,arithmetic,C4,aaft,0,7,100.0,6200,1.6433830010916985,5.172638989291371,36.981959104537964
11,arithmetic,T5,aaft,0,7,100.0,6200,1.5731957495986544,4.822033608684037,36.847625970840454
11,arithmetic,T6,aaft,0,7,100.0,6200,1.586724131509958,4.887711174857039,37.11963987350464
11,arithmetic,P3,aaft,0,7,100.0,6200,1.4927428385630563,4.44928246146867,36.955570459365845
11,arithmetic,P4,aaft,0,7,100.0,6200,1.4946043563408062,4.457572593589138,37.25877523422241
11,arithmetic,O1,aaft,0,7,100.0,6200,1.5393248882373642,4.661442213993026,36.9067542552948
11,arithmetic,O2,aaft,0,7,100.0,6200,1.511554739052304,4.5337741533333284,37.08397364616394
11,arithmetic,Fz,aaft,0,7,100.0,6200,1.5237593763084023,4.589446260167412,37.013365745544434
11,arithmetic,Cz,aaft,0,7,100.0,6200,1.5302726854901976,4.619436303823753,36.99283838272095
11,arithmetic,Pz,aaft,0,7,100.0,6200,1.4514001992456649,4.2690879058897995,36.86379837989807
12,rest,Fp1,aaft,0,7,100.0,18200,1.482998316126744,4.406136886617855,108.95251655578613
12,rest,Fp2,aaft,0,7,100.0,18200,1.5101030379059726,4.5271972432067455,108.58311581611633
12,rest,F3,aaft,0,7,100.0,18200,1.4349317640613093,4.199358451845433,109.21414566040039
12,rest,F4,aaft,0,7,100.0,18200,1.3843844933011697,3.99236781927322,108.6500563621521
12,rest,F7,aaft,0,7,100.0,18200,1.5245402722196364,4.593031539669665,109.3162488937378
12,rest,F8,aaft,0,7,100.0,18200,1.5305537407716847,4.620734803260951,109.24344253540039
12,rest,T3,aaft,0,7,100.0,18200,1.4242283767212347,4.154650780335874,108.90692901611328
12,rest,T4,aaft,0,7,100.0,18200,1.5988561448465588,4.9473701117814235,109.21899628639221
12,rest,C3,aaft,0,7,100.0,18200,1.3638480747918456,3.911215028852214,109.62049770355225
12,rest,C4,aaft,0,7,100.0,18200,1.4024267138490516,4.065052726844269,108.16561079025269
12,rest,T5,aaft,0,7,100.0,18200,1.4765230159145895,4.377698002027845,108.59831142425537
12,rest,T6,aaft,0,7,100.0,18200,1.3374802602000122,3.80943262299442,108.31298995018005
12,rest,P3,aaft,0,7,100.0,18200,1.448653475077449,4.25737798828142,108.66174292564392
12,rest,P4,aaft,0,7,100.0,18200,1.3295169740259594,3.779217486417952,108.95669484138489
12,rest,O1,aaft,0,7,100.0,18200,1.322362949962133,3.752277353656418,109.01776480674744
12,rest,O2,aaft,0,7,100.0,18200,1.3180920741323614,3.736286015816553,108.79392981529236
12,rest,Fz,aaft,0,7,100.0,18200,1.4572967606947085,4.294335208039691,108.63274765014648
12,rest,Cz,aaft,0,7,100.0,18200,1.3370253620900248,3.807700113381646,109.060861825943
12,rest,Pz,aaft,0,7,100.0,18200,1.3226223562828863,3.7532508443785395,108.70295476913452
12,arithmetic,Fp1,aaft,0,7,100.0,6200,1.7605488358658457,5.815628344086337,36.84642434120178
12,arithmetic,Fp2,aaft,0,7,100.0,6200,1.7019832790636884,5.484814529706499,37.064826250076294
12,arithmetic,F3,aaft,0,7,100.0,6200,1.6502865136073708,5.208471911494663,36.7896842956543
12,arithmetic,F4,aaft,0,7,100.0,6200,1.6365499768651242,5.13741470301533,36.935285329818726
12,arithmetic,F7,aaft,0,7,100.0,6200,1.8236800678720877,6.19461315161906,36.77522683143616
12,arithmetic,F8,aaft,0,7,100.0,6200,1.7294263081137697,5.637418839103262,36.87952899932861
12,arithmetic,T3,aaft,0,7,100.0,6200,1.623232707475533,5.069451911280781,36.91952896118164
12,arithmetic,T4,aaft,0,7,100.0,6200,1.5031171727175803,4.495681065640067,36.86730742454529
12,arithmetic,C3,aaft,0,7,100.0,6200,1.4892079598983252,4.433582552806353,36.771870613098145
12,arithmetic,C4,aaft,0,7,100.0,6200,1.5042703030309668,4.500868161880353,37.18055462837219
12,arithmetic,T5,aaft,0,7,100.0,6200,1.61753336999527,5.040641571907752,36.76538157463074
12,arithmetic,T6,aaft,0,7,100.0,6200,1.4946870541668618,4.457941240395047,36.925148248672485
12,arithmetic,P3,aaft,0,7,100.0,6200,1.4303170589431524,4.1800242959297265,37.00861120223999
12,arithmetic,P4,aaft,0,7,100.0,6200,1.3857194298154623,3.9977009357476203,36.93054986000061
12,arithmetic,O1,aaft,0,7,100.0,6200,1.2911104147887515,3.636822696148967,36.82663297653198
12,arithmetic,O2,aaft,0,7,100.0,6200,1.3278158735210062,3.7727941225861708,37.06223678588867
12,arithmetic,Fz,aaft,0,7,100.0,6200,1.6216046588817077,5.061205311978851,36.7841854095459
12,arithmetic,Cz,aaft,0,7,100.0,6200,1.530193689036208,4.619071399149598,36.83669137954712
12,arithmetic,Pz,aaft,0,7,100.0,6200,1.329376363457293,3.778686125856404,36.91851234436035
13,rest,Fp1,aaft,0,7,100.0,18200,1.4925907732293786,4.448605931286237,108.71490812301636
13,rest,Fp2,aaft,0,7,100.0,18200,1.4986650154308307,4.47571007640564,109.18199920654297
13,rest,F3,aaft,0,7,100.0,18200,1.5181406214033193,4.563731596330096,108.39458417892456
13,rest,F4,aaft,0,7,100.0,18200,1.5072870508225469,4.514466647255208,108.52701878547668
13,rest,F7,aaft,0,7,100.0,18200,1.2746934616855246,3.577604569123797,108.46182680130005
13,rest,F8,aaft,0,7,100.0,18200,1.3980319430983954,4.047226950810611,108.76160407066345
13,rest,T3,aaft,0,7,100.0,18200,1.3302643827629934,3.78204316242238,108.970205783844
13,rest,T4,aaft,0,7,100.0,18200,1.3617769551404404,3.9031228174068135,109.12675404548645
13,rest,C3,aaft,0,7,100.0,18200,1.3704514543109716,3.9371277276013545,108.8721935749054
13,rest,C4,aaft,0,7,100.0,18200,1.4673406328034504,4.337684293578488,109.29775214195251
13,rest,T5,aaft,0,7,100.0,18200,1.5625779398345208,4.771105026612915,108.73155474662781
13,rest,T6,aaft,0,7,100.0,18200,1.5758520717590032,4.834859510738978,109.29138255119324
13,rest,P3,aaft,0,7,100.0,18200,1.430024940325348,4.178803411340252,108.75961923599243
13,rest,P4,aaft,0,7,100.0,18200,1.3976134618178717,4.045533616432747,109.12642621994019
13,rest,O1,aaft,0,7,100.0,18200,1.4362227379903416,4.204783214985905,109.18114900588989
13,rest,O2,aaft,0,7,100.0,18200,1.4659594656656265,4.331697362006248,108.88529849052429
13,rest,Fz,aaft,0,7,100.0,18200,1.42787659318339,4.169835527487711,108.84135127067566
13,rest,Cz,aaft,0,7,100.0,18200,1.3881206158060218,4.007311693219361,109.3649652004242
13,rest,Pz,aaft,0,7,100.0,18200,1.394372216522696,4.032442277213941,108.642343044281
13,arithmetic,Fp1,aaft,0,7,100.0,6200,1.1776650479630335,3.246784259740555,37.4472222328186
13,arithmetic,Fp2,aaft,0,7,100.0,6200,1.3269002496307785,3.769341243165296,36.8672297000885
13,arithmetic,F3,aaft,0,7,100.0,6200,1.3356955029631752,3.8026397741484943,37.102253675460815
13,arithmetic,F4,aaft,0,7,100.0,6200,1.3454307950295827,3.8398403684890865,37.33763313293457
13,arithmetic,F7,aaft,0,7,100.0,6200,1.3191586317374182,3.740273105934075,37.37523794174194
13,arithmetic,F8,aaft,0,7,100.0,6200,1.3429406404169066,3.8302904675832568,37.016053676605225
13,arithmetic,T3,aaft,0,7,100.0,6200,1.4678479305284124,4.339885349200275,36.838364601135254
13,arithmetic,T4,aaft,0,7,100.0,6200,1.2961439646894615,3.655174974475726,37.017802000045776
13,arithmetic,C3,aaft,0,7,100.0,6200,1.3520791658398714,3.865454101563145,37.05252528190613
13,arithmetic,C4,aaft,0,7,100.0,6200,1.3503165060854683,3.8586466225829934,37.07618427276611
13,arithmetic,T5,aaft,0,7,100.0,6200,1.5012678292088157,4.487374690082076,37.37126660346985
13,arithmetic,T6,aaft,0,7,100.0,6200,1.4648477180599249,4.326884283795242,36.77671480178833
13,arithmetic,P3,aaft,0,7,100.0,6200,1.4829703926504851,4.40601385367687,37.05687928199768
13,arithmetic,P4,aaft,0,7,100.0,6200,1.4189760662622892,4.1328864710775095,36.7609224319458
13,arithmetic,O1,aaft,0,7,100.0,6200,1.4363683763922683,4.205395637488818,37.076361656188965
13,arithmetic,O2,aaft,0,7,100.0,6200,1.4351617678727238,4.200324431380082,36.854963541030884
13,arithmetic,Fz,aaft,0,7,100.0,6200,1.3548165131090468,3.8760496870745933,37.04115891456604
13,arithmetic,Cz,aaft,0,7,100.0,6200,1.3682325980894672,3.928401491959404,36.8517689704895
13,arithmetic,Pz,aaft,0,7,100.0,6200,1.428617734982502,4.172927112402442,37.09830689430237
14,rest,Fp1,aaft,0,7,100.0,18200,1.4230962622986179,4.149949901734837,108.74597477912903
14,rest,Fp2,aaft,0,7,100.0,18200,1.234806000399409,3.4377115413443837,109.90490746498108
14,rest,F3,aaft,0,7,100.0,18200,1.3702063132487141,3.936162694217454,109.13226985931396
14,rest,F4,aaft,0,7,100.0,18200,1.3591296328248383,3.8928036583684165,109.7033474445343
14,rest,F7,aaft,0,7,100.0,18200,1.3363575884655994,3.805158280455156,108.96222186088562
14,rest,F8,aaft,0,7,100.0,18200,1.3065786815475333,3.6935153781441166,109.82192778587341
14,rest,T3,aaft,0,7,100.0,18200,1.3505501963378561,3.8595484560568423,108.72637343406677
14,rest,T4,aaft,0,7,100.0,18200,1.4285791105476027,4.172765938563494,110.09186697006226
14,rest,C3,aaft,0,7,100.0,18200,1.3572073374663736,3.8853277277399942,108.13388347625732
14,rest,C4,aaft,0,7,100.0,18200,1.3510368830041353,3.8614273039962974,109.33163094520569
14,rest,T5,aaft,0,7,100.0,18200,1.4311771096268922,4.1836208750819734,108.84369134902954
14,rest,T6,aaft,0,7,100.0,18200,1.4093758459916896,4.093399694748943,109.61227250099182
14,rest,P3,aaft,0,7,100.0,18200,1.3923410276270605,4.024259937989635,108.91277074813843
14,rest,P4,aaft,0,7,100.0,18200,1.3965856976676803,4.041377897928439,110.04923677444458
14,rest,O1,aaft,0,7,100.0,18200,1.4250846871298646,4.158209974713407,108.72913002967834
14,rest,O2,aaft,0,7,100.0,18200,1.4393669814383527,4.218024883665704,109.11085748672485
14,rest,Fz,aaft,0,7,100.0,18200,1.299899869810223,3.668929278641239,108.43537330627441
14,rest,Cz,aaft,0,7,100.0,18200,1.3420450983123495,3.8268618166766233,109.22403025627136
14,rest,Pz,aaft,0,7,100.0,18200,1.476153029208531,4.376078611558902,108.90967154502869
14,arithmetic,Fp1,aaft,0,7,100.0,6200,1.184548397358831,3.269210104128764,37.70505166053772
14,arithmetic,Fp2,aaft,0,7,100.0,6200,1.1297968857241885,3.0950277919484916,36.981024742126465
14,arithmetic,F3,aaft,0,7,100.0,6200,1.3717197705534359,3.9421244186693305,36.92338013648987
14,arithmetic,F4,aaft,0,7,100.0,6200,1.3353762511046867,3.801425968098663,36.830451011657715
14,arithmetic,F7,aaft,0,7,100.0,6200,1.2781315860491387,3.5899259877036727,36.80362296104431
14,arithmetic,F8,aaft,0,7,100.0,6200,1.2743717224668467,3.576453698575012,36.96113300323486
14,arithmetic,T3,aaft,0,7,100.0,6200,1.3840567576443863,3.991059592371861,36.816545248031616
14,arithmetic,T4,aaft,0,7,100.0,6200,1.3583059255805336,3.889598448053067,36.949697732925415
14,arithmetic,C3,aaft,0,7,100.0,6200,1.4308601715741387,4.182295136527962,36.87586808204651
14,arithmetic,C4,aaft,0,7,100.0,6200,1.3379420416004193,3.8111921543539835,37.28503727912903
14,arithmetic,T5,aaft,0,7,100.0,6200,1.4652734293549479,4.328726679443605,36.96004319190979
14,arithmetic,T6,aaft,0,7,100.0,6200,1.5456565085850287,4.691050331128785,36.78478121757507
14,arithmetic,P3,aaft,0,7,100.0,6200,1.455878743254458,4.288250081248018,37.00207018852234
14,arithmetic,P4,aaft,0,7,100.0,6200,1.515834786145653,4.553220506187056,36.843692779541016
14,arithmetic,O1,aaft,0,7,100.0,6200,1.5182944126933067,4.5644335124723625,36.84919595718384
14,arithmetic,O2,aaft,0,7,100.0,6200,1.5296081415592795,4.6163675052524535,36.86943531036377
14,arithmetic,Fz,aaft,0,7,100.0,6200,1.3048136338400178,3.6870018972864824,36.72325015068054
14,arithmetic,Cz,aaft,0,7,100.0,6200,1.3813288249951186,3.9801870870781584,36.76117753982544
14,arithmetic,Pz,aaft,0,7,100.0,6200,1.5763924893974195,4.837473060238363,36.85672330856323
15,rest,Fp1,aaft,0,7,100.0,18200,1.4267666487558563,4.1652098094001495,108.25981569290161
15,rest,Fp2,aaft,0,7,100.0,18200,1.1790495033137383,3.251282400600656,108.87916731834412
15,rest,F3,aaft,0,7,100.0,18200,1.426542311712974,4.164275503352171,108.92957139015198
15,rest,F4,aaft,0,7,100.0,18200,1.3722462868223937,3.9442005578225743,108.7794098854065
15,rest,F7,aaft,0,7,100.0,18200,1.3052626845685853,3.6886579199659564,108.97971630096436
15,rest,F8,aaft,0,7,100.0,18200,1.3179448426472398,3.73573595737156,108.71254873275757
15,rest,T3,aaft,0,7,100.0,18200,1.3641682072119603,3.9124673360263573,109.05277132987976
15,rest,T4,aaft,0,7,100.0,18200,1.3332598122178652,3.7933889902406532,108.67296314239502
15,rest,C3,aaft,0,7,100.0,18200,1.3571259781748635,3.8850116330875735,108.2831506729126
15,rest,C4,aaft,0,7,100.0,18200,1.3481425097761508,3.85026705094578,108.23900485038757
15,rest,T5,aaft,0,7,100.0,18200,1.348792768550289,3.852771535071572,108.2422730922699
15,rest,T6,aaft,0,7,100.0,18200,1.392860496791275,4.026350959999911,108.19801616668701
15,rest,P3,aaft,0,7,100.0,18200,1.2649614310552186,3.5429560853961415,108.36540102958679
15,rest,P4,aaft,0,7,100.0,18200,1.2706920451220074,3.563317685891461,108.68650531768799
15,rest,O1,aaft,0,7,100.0,18200,1.2312211821127301,3.4254100326571013,108.55553340911865
15,rest,O2,aaft,0,7,100.0,18200,1.2690046716372259,3.5573101080496263,108.84164118766785
15,rest,Fz,aaft,0,7,100.0,18200,1.3695795836177973,3.9336965573061398,109.02509832382202
15,rest,Cz,aaft,0,7,100.0,18200,1.391797939417286,4.022075003224103,108.99730396270752
15,rest,Pz,aaft,0,7,100.0,18200,1.2572311169597934,3.5156735093328733,108.9067120552063
15,arithmetic,Fp1,aaft,0,7,100.0,6200,1.6275799565385682,5.091538053549802,37.09733486175537
15,arithmetic,Fp2,aaft,0,7,100.0,6200,1.191151998850096,3.290870103136951,37.191457986831665
15,arithmetic,F3,aaft,0,7,100.0,6200,1.5995049801500059,4.950581181784305,37.120540142059326
15,arithmetic,F4,aaft,0,7,100.0,6200,1.5232108866283334,4.5869296864769185,37.09372019767761
15,arithmetic,F7,aaft,0,7,100.0,6200,1.3142373602722908,3.7219114250923613,37.00226140022278
15,arithmetic,F8,aaft,0,7,100.0,6200,1.5751311745887535,4.831375330217963,37.012511014938354
15,arithmetic,T3,aaft,0,7,100.0,6200,1.5822130999119064,4.865712211619727,36.84969115257263
15,arithmetic,T4,aaft,0,7,100.0,6200,1.4898709605588707,4.436522995617499,37.09519028663635
15,arithmetic,C3,aaft,0,7,100.0,6200,1.5441707671606837,4.684085818341852,37.172420024871826
15,arithmetic,C4,aaft,0,7,100.0,6200,1.5043404009725123,4.501183674531934,37.32884740829468
15,arithmetic,T5,aaft,0,7,100.0,6200,1.5127853106285933,4.539356721109873,37.290125608444214
15,arithmetic,T6,aaft,0,7,100.0,6200,1.562610108458175,4.771258508963575,36.878873109817505
15,arithmetic,P3,aaft,0,7,100.0,6200,1.5154912411943144,4.551656538931734,36.89926600456238
15,arithmetic,P4,aaft,0,7,100.0,6200,1.4656816100969912,4.330493942968654,37.331382036209106
15,arithmetic,O1,aaft,0,7,100.0,6200,1.4675023345474747,4.338385761406543,37.270925760269165
15,arithmetic,O2,aaft,0,7,100.0,6200,1.452864680251439,4.275344484241824,37.13834238052368
15,arithmetic,Fz,aaft,0,7,100.0,6200,1.5598782021844602,4.75824166640208,37.064948081970215
15,arithmetic,Cz,aaft,0,7,100.0,6200,1.5410736319538536,4.669601013520023,36.991416692733765
15,arithmetic,Pz,aaft,0,7,100.0,6200,1.4605124158154446,4.3081665355125915,37.16937613487244
16,rest,Fp1,aaft,0,7,100.0,18200,1.2758570851872137,3.581769976893364,114.23734450340271
16,rest,Fp2,aaft,0,7,100.0,18200,1.2304070603289978,3.422622466594393,109.29180335998535
16,rest,F3,aaft,0,7,100.0,18200,1.3950379067817211,4.03512752843159,108.66192841529846
16,rest,F4,aaft,0,7,100.0,18200,1.4166212307476378,4.123165653193016,108.92237329483032
16,rest,F7,aaft,0,7,100.0,18200,1.2913957557543516,3.6378605787169676,109.51274943351746
16,rest,F8,aaft,0,7,100.0,18200,1.3859444056335444,3.99860042296373,109.07782483100891
16,rest,T3,aaft,0,7,100.0,18200,1.4224799817264375,4.147393156152114,109.12885665893555
16,rest,T4,aaft,0,7,100.0,18200,1.535300569925878,4.642720782499447,108.98802971839905
16,rest,C3,aaft,0,7,100.0,18200,1.418444553876339,4.130690374406397,109.0471408367157
16,rest,C4,aaft,0,7,100.0,18200,1.4191592698224373,4.133643699954094,109.91292715072632
16,rest,T5,aaft,0,7,100.0,18200,1.4035507153015319,4.069624420827674,108.54392123222351
16,rest,T6,aaft,0,7,100.0,18200,1.5795983280924495,4.853006103473293,109.37490797042847
16,rest,P3,aaft,0,7,100.0,18200,1.3983443408008336,4.048491492720999,108.83591318130493
16,rest,P4,aaft,0,7,100.0,18200,1.354866129079991,3.876242005814247,109.22839617729187
16,rest,O1,aaft,0,7,100.0,18200,1.3366953095962217,3.806443579835992,109.26332950592041
16,rest,O2,aaft,0,7,100.0,18200,1.3042419825557263,3.684894820230746,109.68075442314148
16,rest,Fz,aaft,0,7,100.0,18200,1.412078773375197,4.104478823170145,109.14574098587036
16,rest,Cz,aaft,0,7,100.0,18200,1.4310826607367784,4.183225755393267,109.71638035774231
16,rest,Pz,aaft,0,7,100.0,18200,1.3806821247187946,3.977613931109141,108.89345026016235
16,arithmetic,Fp1,aaft,0,7,100.0,6200,1.7861930532251686,5.966694286708456,36.778624296188354
16,arithmetic,Fp2,aaft,0,7,100.0,6200,1.699663670365181,5.472106650565175,37.12581515312195
16,arithmetic,F3,aaft,0,7,100.0,6200,1.6979663205836906,5.4628264496390715,36.94226694107056
16,arithmetic,F4,aaft,0,7,100.0,6200,1.8043735504640406,6.076163845987708,36.81678891181946
16,arithmetic,F7,aaft,0,7,100.0,6200,1.783217958753818,5.948969187520142,36.9093964099884
16,arithmetic,F8,aaft,0,7,100.0,6200,1.7816326201298995,5.939545528713513,37.13400983810425
16,arithmetic,T3,aaft,0,7,100.0,6200,1.8429219454427992,6.314963307685375,36.85418629646301
16,arithmetic,T4,aaft,0,7,100.0,6200,1.860422325449523,6.426450251894342,36.885061264038086
16,arithmetic,C3,aaft,0,7,100.0,6200,1.6607843206189137,5.2634374484622395,36.758222818374634
16,arithmetic,C4,aaft,0,7,100.0,6200,1.7244478942345227,5.609423179722906,36.75935339927673
16,arithmetic,T5,aaft,0,7,100.0,6200,1.7218996561219608,5.595147230770547,36.85543465614319
16,arithmetic,T6,aaft,0,7,100.0,6200,1.868168328451855,6.476422848918067,36.89948225021362
16,arithmetic,P3,aaft,0,7,100.0,6200,1.543931073715864,4.68296320822274,36.94508695602417
16,arithmetic,P4,aaft,0,7,100.0,6200,1.6128149256460507,5.016913608725946,36.94373273849487
16,arithmetic,O1,aaft,0,7,100.0,6200,1.5748531153212326,4.830032108288831,36.976280212402344
16,arithmetic,O2,aaft,0,7,100.0,6200,1.5722682537168609,4.817563265802885,37.068180084228516
16,arithmetic,Fz,aaft,0,7,100.0,6200,1.6432578929935828,5.17199189074466,37.10641002655029
16,arithmetic,Cz,aaft,0,7,100.0,6200,1.698989610100702,5.468419363775404,37.0067925453186
16,arithmetic,Pz,aaft,0,7,100.0,6200,1.5679407837728632,4.796760449811804,36.96544122695923
17,rest,Fp1,aaft,0,7,100.0,18200,1.5873478025715508,4.890760449647606,109.22423887252808
17,rest,Fp2,aaft,0,7,100.0,18200,1.6467815446539045,5.1902483343420345,108.91599988937378
17,rest,F3,aaft,0,7,100.0,18200,1.5350404393064432,4.641513225734488,109.83589339256287
17,rest,F4,aaft,0,7,100.0,18200,1.4580602955413793,4.297615334700462,109.1727442741394
17,rest,F7,aaft,0,7,100.0,18200,1.553392757650733,4.727482206197454,108.52765417098999
17,rest,F8,aaft,0,7,100.0,18200,1.4320634971608124,4.187330828457603,109.18014287948608
17,rest,T3,aaft,0,7,100.0,18200,1.4963514965138034,4.4653674050727865,108.98388051986694
17,rest,T4,aaft,0,7,100.0,18200,1.45468047220154,4.283114672728147,108.98048853874207
17,rest,C3,aaft,0,7,100.0,18200,1.4456166666907915,4.244468758451106,109.12403154373169
17,rest,C4,aaft,0,7,100.0,18200,1.4140263429882192,4.112480370659644,109.25467729568481
17,rest,T5,aaft,0,7,100.0,18200,1.4902640899730084,4.438267466182452,108.79372692108154
17,rest,T6,aaft,0,7,100.0,18200,1.4040688610964625,4.071733625998979,109.32240056991577
17,rest,P3,aaft,0,7,100.0,18200,1.4222813373509031,4.146569381650308,108.74229884147644
17,rest,P4,aaft,0,7,100.0,18200,1.37559479058854,3.957429865076354,108.88989400863647
17,rest,O1,aaft,0,7,100.0,18200,1.388285098308599,4.007970880086135,108.76339936256409
17,rest,O2,aaft,0,7,100.0,18200,1.3889694344649286,4.010714618185408,108.49083638191223
17,rest,Fz,aaft,0,7,100.0,18200,1.4344669941647028,4.197407169935627,108.76982188224792
17,rest,Cz,aaft,0,7,100.0,18200,1.3875080265785567,4.004857608994524,109.46462917327881
17,rest,Pz,aaft,0,7,100.0,18200,1.4535172111764854,4.2781351891446215,109.11385250091553
17,arithmetic,Fp1,aaft,0,7,100.0,6200,1.3512245542366867,3.8621520508227842,37.04292154312134
17,arithmetic,Fp2,aaft,0,7,100.0,6200,1.4808619577075854,4.39673384669223,37.09615135192871
17,arithmetic,F3,aaft,0,7,100.0,6200,1.4603562660936862,4.307493869026492,37.07923364639282
17,arithmetic,F4,aaft,0,7,100.0,6200,1.4555140239449715,4.286686358816697,37.10326886177063
17,arithmetic,F7,aaft,0,7,100.0,6200,1.483550438633885,4.408570285667877,36.911723613739014
17,arithmetic,F8,aaft,0,7,100.0,6200,1.3968570163578928,4.0424745480504685,36.98082947731018
17,arithmetic,T3,aaft,0,7,100.0,6200,1.5250412893332521,4.595333303637838,37.129600048065186
17,arithmetic,T4,aaft,0,7,100.0,6200,1.5495402389455395,4.709304529971048,37.294270753860474
17,arithmetic,C3,aaft,0,7,100.0,6200,1.4898579494337025,4.436465271837017,36.96268916130066
17,arithmetic,C4,aaft,0,7,100.0,6200,1.485504423601254,4.417192987304853,36.9383327960968
17,arithmetic,T5,aaft,0,7,100.0,6200,1.6557183856266213,5.236840642239005,37.25314378738403
17,arithmetic,T6,aaft,0,7,100.0,6200,1.5332813216675967,4.633355435308362,37.25307536125183
17,arithmetic,P3,aaft,0,7,100.0,6200,1.5756026058228425,4.833653528416935,37.123679876327515
17,arithmetic,P4,aaft,0,7,100.0,6200,1.583249823827647,4.870759227565648,37.03284215927124
17,arithmetic,O1,aaft,0,7,100.0,6200,1.5826898326698768,4.868032409034976,36.82555317878723
17,arithmetic,O2,aaft,0,7,100.0,6200,1.6201179638951666,5.05368643393971,36.90011978149414
17,arithmetic,Fz,aaft,0,7,100.0,6200,1.4474768363702897,4.252371538518299,36.970520973205566
17,arithmetic,Cz,aaft,0,7,100.0,6200,1.5053981840159893,4.505947469384952,36.920437812805176
17,arithmetic,Pz,aaft,0,7,100.0,6200,1.5594298863269382,4.756108949310277,37.051923513412476
18,rest,Fp1,aaft,0,7,100.0,18200,1.4730973889129813,4.362727298210825,109.16493368148804
18,rest,Fp2,aaft,0,7,100.0,18200,1.4272734489560046,4.16732127356525,108.90329313278198
18,rest,F3,aaft,0,7,100.0,18200,1.4224012874923493,4.147066793065842,109.75790405273438
18,rest,F4,aaft,0,7,100.0,18200,1.4906643532477761,4.440044297229146,109.61287951469421
18,rest,F7,aaft,0,7,100.0,18200,1.3645053246100187,3.91378651918197,109.04034686088562
18,rest,F8,aaft,0,7,100.0,18200,1.3988651806467043,4.050600657626959,108.94191646575928
18,rest,T3,aaft,0,7,100.0,18200,1.4031586343661746,4.068029111443838,109.18406510353088
18,rest,T4,aaft,0,7,100.0,18200,1.3929291763244576,4.026627497400394,109.41927456855774
18,rest,C3,aaft,0,7,100.0,18200,1.4086691559188869,4.090507951724041,109.35034394264221
18,rest,C4,aaft,0,7,100.0,18200,1.355273322492771,3.87782070742199,109.15208411216736
18,rest,T5,aaft,0,7,100.0,18200,1.450154036086571,4.263771239223641,109.4329605102539
18,rest,T6,aaft,0,7,100.0,18200,1.405273126075259,4.076640025917594,109.96826767921448
18,rest,P3,aaft,0,7,100.0,18200,1.4088599764914729,4.091288579271086,109.57000398635864
18,rest,P4,aaft,0,7,100.0,18200,1.343100382132895,3.830902373627442,109.37501502037048
18,rest,O1,aaft,0,7,100.0,18200,1.3820553702847933,3.983079924019573,109.56940293312073
18,rest,O2,aaft,0,7,100.0,18200,1.378369791161345,3.9684269866710777,108.80547332763672
18,rest,Fz,aaft,0,7,100.0,18200,1.480137604010018,4.393550209452064,109.56130504608154
18,rest,Cz,aaft,0,7,100.0,18200,1.3930308225184629,4.0270368095623414,108.74868416786194
18,rest,Pz,aaft,0,7,100.0,18200,1.3559164969208002,3.880315624785003,109.13219332695007
18,arithmetic,Fp1,aaft,0,7,100.0,6200,1.707337476261124,5.514260066551385,37.25585389137268
18,arithmetic,Fp2,aaft,0,7,100.0,6200,1.697195404516032,5.458616691847668,37.28923296928406
18,arithmetic,F3,aaft,0,7,100.0,6200,1.6421636298909819,5.166335466224411,37.448158979415894
18,arithmetic,F4,aaft,0,7,100.0,6200,1.6925768494111808,5.43346389935048,37.304742097854614
18,arithmetic,F7,aaft,0,7,100.0,6200,1.6625930499377204,5.27296619695859,37.334341287612915
18,arithmetic,F8,aaft,0,7,100.0,6200,1.669527526087958,5.309658529309092,37.25370383262634
18,arithmetic,T3,aaft,0,7,100.0,6200,1.5668350725622107,4.791459549180331,37.26800799369812
18,arithmetic,T4,aaft,0,7,100.0,6200,1.6839596872826101,5.386844014046566,37.196401834487915
18,arithmetic,C3,aaft,0,7,100.0,6200,1.5746136369714152,4.8288755586597985,37.08474802970886
18,arithmetic,C4,aaft,0,7,100.0,6200,1.5380873344415054,4.655676996606058,37.00376868247986
18,arithmetic,T5,aaft,0,7,100.0,6200,1.5603898295008665,4.760676735687539,37.237688064575195
18,arithmetic,T6,aaft,0,7,100.0,6200,1.652094242073714,5.217895929902011,37.06006169319153
18,arithmetic,P3,aaft,0,7,100.0,6200,1.553230234762165,4.72671394456539,37.035301208496094
18,arithmetic,P4,aaft,0,7,100.0,6200,1.575896416434282,4.8350739157678255,37.431321144104004
18,arithmetic,O1,aaft,0,7,100.0,6200,1.5871364357589415,4.889726814442065,37.11148643493652
18,arithmetic,O2,aaft,0,7,100.0,6200,1.5630311656676574,4.773267904762686,37.07546520233154
18,arithmetic,Fz,aaft,0,7,100.0,6200,1.7724292576974856,5.885132513950072,36.974552392959595
18,arithmetic,Cz,aaft,0,7,100.0,6200,1.535471075437832,4.643512459474054,37.314363956451416
18,arithmetic,Pz,aaft,0,7,100.0,6200,1.5341586269482872,4.637422086085344,36.92309522628784
19,rest,Fp1,aaft,0,7,100.0,18200,1.5642289375026992,4.778988615989573,109.12909770011902
19,rest,Fp2,aaft,0,7,100.0,18200,1.5621824390271348,4.769218423823822,108.63895177841187
19,rest,F3,aaft,0,7,100.0,18200,1.5191818867634586,4.56848612688873,108.88221573829651
19,rest,F4,aaft,0,7,100.0,18200,1.5183079454381814,4.564495282204541,108.90256667137146
19,rest,F7,aaft,0,7,100.0,18200,1.565071135990979,4.783015168317606,109.31344318389893
19,rest,F8,aaft,0,7,100.0,18200,1.5782272244581879,4.846356688727788,109.50221657752991
19,rest,T3,aaft,0,7,100.0,18200,1.4867407020816148,4.422657244914749,109.42704486846924
19,rest,T4,aaft,0,7,100.0,18200,1.5735558678663428,4.823770423784584,109.3527512550354
19,rest,C3,aaft,0,7,100.0,18200,1.4582917013100547,4.298609942755043,109.30863904953003
19,rest,C4,aaft,0,7,100.0,18200,1.4808595425976787,4.3967232281095825,109.56806349754333
19,rest,T5,aaft,0,7,100.0,18200,1.445778218693209,4.2451545162695155,109.07136750221252
19,rest,T6,aaft,0,7,100.0,18200,1.3436059317582796,3.832839574521648,109.13175082206726
19,rest,P3,aaft,0,7,100.0,18200,1.2960541220356214,3.65484659860707,109.64743161201477
19,rest,P4,aaft,0,7,100.0,18200,1.3068620803885311,3.6945622644576672,109.20569038391113
19,rest,O1,aaft,0,7,100.0,18200,1.3176046270554869,3.734465217927133,109.50533151626587
19,rest,O2,aaft,0,7,100.0,18200,1.3132299530499747,3.7181638326346995,109.108163356781
19,rest,Fz,aaft,0,7,100.0,18200,1.5233672921509134,4.587647163718809,109.50834274291992
19,rest,Cz,aaft,0,7,100.0,18200,1.5119455127642756,4.535546179296499,109.124436378479
19,rest,Pz,aaft,0,7,100.0,18200,1.3122395967477927,3.71448334844668,109.05153059959412
19,arithmetic,Fp1,aaft,0,7,100.0,6200,1.845906798994121,6.333840707462222,37.464370250701904
19,arithmetic,Fp2,aaft,0,7,100.0,6200,1.9378169726751828,6.94357639640321,37.198808431625366
19,arithmetic,F3,aaft,0,7,100.0,6200,1.5795318462817778,4.852683477564828,37.03791952133179
19,arithmetic,F4,aaft,0,7,100.0,6200,1.6485192117988707,5.199275098831526,37.154459714889526
19,arithmetic,F7,aaft,0,7,100.0,6200,1.4423075388594715,4.230446482301187,37.00098180770874
19,arithmetic,F8,aaft,0,7,100.0,6200,1.7889204945326822,5.982990308294453,36.95634412765503
19,arithmetic,T3,aaft,0,7,100.0,6200,1.6045140989027864,4.97544144283779,37.0626163482666
19,arithmetic,T4,aaft,0,7,100.0,6200,2.0457043380181013,7.734604395753285,37.083799839019775
19,arithmetic,C3,aaft,0,7,100.0,6200,1.69203598258232,5.430525913562659,37.16579627990723
19,arithmetic,C4,aaft,0,7,100.0,6200,1.7092207847865428,5.524654904817449,37.00542640686035
19,arithmetic,T5,aaft,0,7,100.0,6200,1.6164050546488218,5.034957346068893,37.229437828063965
19,arithmetic,T6,aaft,0,7,100.0,6200,1.6060835293754943,4.9832561829949755,36.98371982574463
19,arithmetic,P3,aaft,0,7,100.0,6200,1.5044663477294282,4.501750619719728,37.526081800460815
19,arithmetic,P4,aaft,0,7,100.0,6200,1.5995235441864026,4.950673085406597,37.239853620529175
19,arithmetic,O1,aaft,0,7,100.0,6200,1.6195726472255905,5.050931325755956,37.20816946029663
19,arithmetic,O2,aaft,0,7,100.0,6200,1.5962809768664623,4.934646192829756,37.11060118675232
19,arithmetic,Fz,aaft,0,7,100.0,6200,1.6233211273975277,5.069900171640613,37.35021901130676
19,arithmetic,Cz,aaft,0,7,100.0,6200,1.699692832957417,5.472266233707015,37.14659261703491
19,arithmetic,Pz,aaft,0,7,100.0,6200,1.5224689025433937,4.583527519983598,37.26327419281006
20,rest,Fp1,aaft,0,7,100.0,18200,1.530605092642204,4.620972092728848,109.48312711715698
20,rest,Fp2,aaft,0,7,100.0,18200,1.5644969032378289,4.780269392781716,109.6081645488739
20,rest,F3,aaft,0,7,100.0,18200,1.5722018710716423,4.81724347382423,109.24219822883606
20,rest,F4,aaft,0,7,100.0,18200,1.6058082993603229,4.981884830047529,109.63108587265015
20,rest,F7,aaft,0,7,100.0,18200,1.6910729018471806,5.425298396338252,109.38881802558899
20,rest,F8,aaft,0,7,100.0,18200,1.6716165753737113,5.320762261751329,109.10484886169434
20,rest,T3,aaft,0,7,100.0,18200,1.2547519325768905,3.5069683018391586,110.04685974121094
20,rest,T4,aaft,0,7,100.0,18200,1.4779458871383122,4.383931336105275,109.83363556861877
20,rest,C3,aaft,0,7,100.0,18200,1.5395112189754354,4.662310864886903,109.36239504814148
20,rest,C4,aaft,0,7,100.0,18200,1.4177971385987316,4.1280169678464445,109.40159583091736
20,rest,T5,aaft,0,7,100.0,18200,1.4705235236183025,4.3515126644972755,108.91735243797302
20,rest,T6,aaft,0,7,100.0,18200,1.435140687480635,4.200235887827438,108.90315580368042
20,rest,P3,aaft,0,7,100.0,18200,1.438033176087907,4.212402609850526,109.30937671661377
20,rest,P4,aaft,0,7,100.0,18200,1.387350092959702,4.004225157283345,109.26570391654968
20,rest,O1,aaft,0,7,100.0,18200,1.4007344032056404,4.058179212549732,110.14736437797546
20,rest,O2,aaft,0,7,100.0,18200,1.3320050971050104,3.7886323524823373,118.9682822227478
20,rest,Fz,aaft,0,7,100.0,18200,1.4184782573198664,4.130829595242258,145.00844717025757
20,rest,Cz,aaft,0,7,100.0,18200,1.3991527089422586,4.051765487382751,112.20740079879761
20,rest,Pz,aaft,0,7,100.0,18200,1.4366376359235498,4.206528132807759,108.1385452747345
20,arithmetic,Fp1,aaft,0,7,100.0,6200,1.616741498300708,5.036651610501771,36.788543462753296
20,arithmetic,Fp2,aaft,0,7,100.0,6200,1.2768379051250358,3.585284771708037,36.9277184009552
20,arithmetic,F3,aaft,0,7,100.0,6200,1.5892496845326078,4.900070949652186,37.09571361541748
20,arithmetic,F4,aaft,0,7,100.0,6200,1.605955231037787,4.982616880521927,36.753684520721436
20,arithmetic,F7,aaft,0,7,100.0,6200,1.5910237790177066,4.90877185433195,37.18884801864624
20,arithmetic,F8,aaft,0,7,100.0,6200,1.5511601198655367,4.716939224504145,36.873098611831665
20,arithmetic,T3,aaft,0,7,100.0,6200,1.350773990630256,3.8604122976303503,36.79430031776428
20,arithmetic,T4,aaft,0,7,100.0,6200,1.489284733833284,4.4339229494515235,36.78153347969055
20,arithmetic,C3,aaft,0,7,100.0,6200,1.5974417256707985,4.940377403102151,36.81441378593445
20,arithmetic,C4,aaft,0,7,100.0,6200,1.5479134664432401,4.701649790804449,36.93668246269226
20,arithmetic,T5,aaft,0,7,100.0,6200,1.5108491547693665,4.530576321850834,36.898051261901855
20,arithmetic,T6,aaft,0,7,100.0,6200,1.5508964129322191,4.715695498923342,37.156081199645996
20,arithmetic,P3,aaft,0,7,100.0,6200,1.627497485978686,5.091118168870164,36.898788928985596
20,arithmetic,P4,aaft,0,7,100.0,6200,1.5797613533757806,4.8537973306615845,36.99949789047241
20,arithmetic,O1,aaft,0,7,100.0,6200,1.6165240057907693,5.035556295617025,37.007197856903076
20,arithmetic,O2,aaft,0,7,100.0,6200,1.4448683464611571,4.241293724734249,36.8967342376709
20,arithmetic,Fz,aaft,0,7,100.0,6200,1.585907759517875,4.883722612645253,36.78846478462219
20,arithmetic,Cz,aaft,0,7,100.0,6200,1.4955636022329437,4.461850553268036,36.84926390647888
20,arithmetic,Pz,aaft,0,7,100.0,6200,1.6282214696600532,5.09480538992722,36.846582651138306
21,rest,Fp1,aaft,0,7,100.0,18200,1.36942609202666,3.9330928142984307,109.35622572898865
21,rest,Fp2,aaft,0,7,100.0,18200,1.310785782724759,3.709087103984766,108.433030128479
21,rest,F3,aaft,0,7,100.0,18200,1.4104104937519224,4.097637113314654,108.27996778488159
21,rest,F4,aaft,0,7,100.0,18200,1.4449725412223837,4.241735668344894,108.85516548156738
21,rest,F7,aaft,0,7,100.0,18200,1.4815010351260152,4.399544598056696,108.72923302650452
21,rest,F8,aaft,0,7,100.0,18200,1.4221394638998293,4.145981135271275,109.36568999290466
21,rest,T3,aaft,0,7,100.0,18200,1.4317345478749604,4.185953635497694,108.51090288162231
21,rest,T4,aaft,0,7,100.0,18200,1.4025207358906153,4.0654349493691,108.19180536270142
21,rest,C3,aaft,0,7,100.0,18200,1.4379031482075948,4.211854915676673,108.34197044372559
21,rest,C4,aaft,0,7,100.0,18200,1.418858495459007,4.132400592858337,108.01764869689941
21,rest,T5,aaft,0,7,100.0,18200,1.474510843196701,4.3688981738971435,108.38469409942627
21,rest,T6,aaft,0,7,100.0,18200,1.4709182589863106,4.353230699512571,108.43267583847046
21,rest,P3,aaft,0,7,100.0,18200,1.4368947156069956,4.207609684745106,108.1520643234253
21,rest,P4,aaft,0,7,100.0,18200,1.4315978243643248,4.18538135634419,119.00998544692993
21,rest,O1,aaft,0,7,100.0,18200,1.3989562117221994,4.050969404944702,109.23032665252686
21,rest,O2,aaft,0,7,100.0,18200,1.407117099439931,4.084164176577454,108.78498792648315
21,rest,Fz,aaft,0,7,100.0,18200,1.471875045593203,4.357397805540302,108.58746933937073
21,rest,Cz,aaft,0,7,100.0,18200,1.490261724548462,4.43825696780806,108.05741047859192
21,rest,Pz,aaft,0,7,100.0,18200,1.4660653218196695,4.332155923099797,108.00955510139465
21,arithmetic,Fp1,aaft,0,7,100.0,6200,1.492734507578939,4.449245394721551,36.80058455467224
21,arithmetic,Fp2,aaft,0,7,100.0,6200,1.4958306246262207,4.463042126362484,36.99946928024292
21,arithmetic,F3,aaft,0,7,100.0,6200,1.5529121476835308,4.725210677032888,36.90756559371948
21,arithmetic,F4,aaft,0,7,100.0,6200,1.6974005510080614,5.459736622784358,37.015602827072144
21,arithmetic,F7,aaft,0,7,100.0,6200,1.4848265650655719,4.414199769938237,36.732786893844604
21,arithmetic,F8,aaft,0,7,100.0,6200,1.5746928642842883,4.829258152650257,36.61806654930115
21,arithmetic,T3,aaft,0,7,100.0,6200,1.573682828901174,4.82438289354845,36.78661775588989
21,arithmetic,T4,aaft,0,7,100.0,6200,1.6167638388324816,5.036764133234012,36.9208562374115
21,arithmetic,C3,aaft,0,7,100.0,6200,1.636436007872567,5.1368292304007745,36.60454225540161
21,arithmetic,C4,aaft,0,7,100.0,6200,1.5725756688169872,4.819044485159541,36.68827772140503
21,arithmetic,T5,aaft,0,7,100.0,6200,1.6123362817178513,5.014512868084627,36.69713616371155
21,arithmetic,T6,aaft,0,7,100.0,6200,1.6134471556701424,5.020086455016314,36.72253966331482
21,arithmetic,P3,aaft,0,7,100.0,6200,1.6179204563544494,5.042593113184886,36.82937788963318
21,arithmetic,P4,aaft,0,7,100.0,6200,1.6083112217024773,4.9943697187303515,37.057459592819214
21,arithmetic,O1,aaft,0,7,100.0,6200,1.563058188938172,4.773396895815387,37.1107861995697
21,arithmetic,O2,aaft,0,7,100.0,6200,1.5249792272035518,4.5950481163160894,36.93566846847534
21,arithmetic,Fz,aaft,0,7,100.0,6200,1.579826584588072,4.8541139600726275,36.9905002117157
21,arithmetic,Cz,aaft,0,7,100.0,6200,1.609398877330899,4.999804828293291,37.11009669303894
21,arithmetic,Pz,aaft,0,7,100.0,6200,1.6025758704268784,4.965807240212097,37.00570583343506
22,rest,Fp1,aaft,0,7,100.0,18200,1.518319718656341,4.564549021319627,109.0732045173645
22,rest,Fp2,aaft,0,7,100.0,18200,1.5197207646455566,4.570948646456256,108.40611624717712
22,rest,F3,aaft,0,7,100.0,18200,1.512618648662798,4.538600246034848,108.59078741073608
22,rest,F4,aaft,0,7,100.0,18200,1.4081823089553231,4.088516985035679,108.22704291343689
22,rest,F7,aaft,0,7,100.0,18200,1.4838306057617223,4.409805595181161,108.20983982086182
22,rest,F8,aaft,0,7,100.0,18200,1.5401566487435183,4.665321030427884,108.00991582870483
22,rest,T3,aaft,0,7,100.0,18200,1.4780818805810576,4.384527562560956,108.10711860656738
22,rest,T4,aaft,0,7,100.0,18200,1.2826880225512418,3.6063205796082345,108.3604588508606
22,rest,C3,aaft,0,7,100.0,18200,1.4584354879277235,4.299228069777521,108.20239996910095
22,rest,C4,aaft,0,7,100.0,18200,1.4616306080600556,4.3129865882916825,108.53741979598999
22,rest,T5,aaft,0,7,100.0,18200,1.484166526511035,4.411287189216174,108.73629117012024
22,rest,T6,aaft,0,7,100.0,18200,1.4116675198702815,4.102791188914802,108.31738638877869
22,rest,P3,aaft,0,7,100.0,18200,1.4287552032809179,4.173500797022818,108.83142280578613
22,rest,P4,aaft,0,7,100.0,18200,1.3886881234212947,4.00958651855133,111.57785320281982
22,rest,O1,aaft,0,7,100.0,18200,1.3032048985119087,3.6810752555566695,108.28713893890381
22,rest,O2,aaft,0,7,100.0,18200,1.3231228335142873,3.755129731100682,107.86146998405457
22,rest,Fz,aaft,0,7,100.0,18200,1.4815061973763501,4.399567309665892,107.9815993309021
22,rest,Cz,aaft,0,7,100.0,18200,1.4768605771498784,4.379175992615261,108.01844429969788
22,rest,Pz,aaft,0,7,100.0,18200,1.3713815029187295,3.9407911510798597,108.69162106513977
22,arithmetic,Fp1,aaft,0,7,100.0,6200,1.4027778021394008,4.0664801698209105,36.989720821380615
22,arithmetic,Fp2,aaft,0,7,100.0,6200,1.4419444684706388,4.228910811247134,36.90874147415161
22,arithmetic,F3,aaft,0,7,100.0,6200,1.5256450343452315,4.598108550884833,37.13579988479614
22,arithmetic,F4,aaft,0,7,100.0,6200,1.487859667040599,4.427608813196458,37.125529050827026
22,arithmetic,F7,aaft,0,7,100.0,6200,1.4129772281252706,4.108168168772263,36.96772289276123
22,arithmetic,F8,aaft,0,7,100.0,6200,1.55883876558927,4.75329834546468,37.10867667198181
22,arithmetic,T3,aaft,0,7,100.0,6200,1.6021268023038087,4.963577755108021,36.95244383811951
22,arithmetic,T4,aaft,0,7,100.0,6200,1.681847174037987,5.3754762462278025,37.46532988548279
22,arithmetic,C3,aaft,0,7,100.0,6200,1.6312334286114256,5.110173867620456,37.16041588783264
22,arithmetic,C4,aaft,0,7,100.0,6200,1.5790370528021465,4.850282995341865,36.77972435951233
22,arithmetic,T5,aaft,0,7,100.0,6200,1.6396502588550024,5.153366852597313,36.84844970703125
22,arithmetic,T6,aaft,0,7,100.0,6200,1.5817143238234472,4.8632859158547035,37.000675678253174
22,arithmetic,P3,aaft,0,7,100.0,6200,1.4941540574744603,4.455565805564686,37.13704991340637
22,arithmetic,P4,aaft,0,7,100.0,6200,1.546720365495644,4.696043593028746,36.84977626800537
22,arithmetic,O1,aaft,0,7,100.0,6200,1.6512741017627248,5.213618277488716,37.108412981033325
22,arithmetic,O2,aaft,0,7,100.0,6200,1.529612563612998,4.6163879191226815,36.949679136276245
22,arithmetic,Fz,aaft,0,7,100.0,6200,1.5420338623307872,4.674087059735595,36.54175877571106
22,arithmetic,Cz,aaft,0,7,100.0,6200,1.5295898154006269,4.616282905744348,37.34146022796631
22,arithmetic,Pz,aaft,0,7,100.0,6200,1.61802408506758,5.043115697696959,37.04158353805542
23,rest,Fp1,aaft,0,7,100.0,18200,1.2540750486335592,3.5045952945217507,109.36340260505676
23,rest,Fp2,aaft,0,7,100.0,18200,1.322716677401296,3.7536048718917265,109.32920694351196
23,rest,F3,aaft,0,7,100.0,18200,1.3768735289094878,3.9624936192155142,108.64523983001709
23,rest,F4,aaft,0,7,100.0,18200,1.3608905596242458,3.899664639725326,113.21672701835632
23,rest,F7,aaft,0,7,100.0,18200,1.304321163068355,3.685186603643223,110.05744194984436
23,rest,F8,aaft,0,7,100.0,18200,1.3397153970120683,3.817956748828082,109.62843370437622
23,rest,T3,aaft,0,7,100.0,18200,1.383234935124858,3.9877809971183042,109.30213069915771
23,rest,T4,aaft,0,7,100.0,18200,1.5456352684560395,4.690950693672817,108.69691157341003
23,rest,C3,aaft,0,7,100.0,18200,1.3464795159372804,3.8438694016621398,108.25669980049133
23,rest,C4,aaft,0,7,100.0,18200,1.402839706347496,4.066731909847362,108.35519528388977
23,rest,T5,aaft,0,7,100.0,18200,1.3597355713514334,3.895163172869669,109.65149307250977
23,rest,T6,aaft,0,7,100.0,18200,1.302366749687722,3.677991259263956,109.23376202583313
23,rest,P3,aaft,0,7,100.0,18200,1.2742638831899364,3.576068037189351,109.56772899627686
23,rest,P4,aaft,0,7,100.0,18200,1.3029588779080952,3.680169746591113,109.49489879608154
23,rest,O1,aaft,0,7,100.0,18200,1.207672947624218,3.345689990931532,108.9338116645813
23,rest,O2,aaft,0,7,100.0,18200,1.2165871965094364,3.3756476307533605,108.76033449172974
23,rest,Fz,aaft,0,7,100.0,18200,1.3414345029673382,3.8245258658982704,109.30182409286499
23,rest,Cz,aaft,0,7,100.0,18200,1.3567674839179584,3.883619128346492,109.90428972244263
23,rest,Pz,aaft,0,7,100.0,18200,1.2877232121744304,3.624524880159863,110.01329731941223
23,arithmetic,Fp1,aaft,0,7,100.0,6200,1.362504593433217,3.905963912549625,36.727153301239014
23,arithmetic,Fp2,aaft,0,7,100.0,6200,1.4412482697190419,4.225967673443038,37.01383423805237
23,arithmetic,F3,aaft,0,7,100.0,6200,1.4488923274946752,4.25839499475736,36.870943546295166
23,arithmetic,F4,aaft,0,7,100.0,6200,1.476972823547539,4.379667566933361,37.28319811820984
23,arithmetic,F7,aaft,0,7,100.0,6200,1.4956369725124399,4.462177932500006,37.100698709487915
23,arithmetic,F8,aaft,0,7,100.0,6200,1.437327015476196,4.209429027083861,37.08021879196167
23,arithmetic,T3,aaft,0,7,100.0,6200,1.4690808182894868,4.345239240427088,37.080718994140625
23,arithmetic,T4,aaft,0,7,100.0,6200,1.666593222312146,5.29410121434484,36.9802668094635
23,arithmetic,C3,aaft,0,7,100.0,6200,1.4659968286916891,4.331859210351233,37.069183349609375
23,arithmetic,C4,aaft,0,7,100.0,6200,1.4457384056051952,4.24498550692354,37.22404909133911
23,arithmetic,T5,aaft,0,7,100.0,6200,1.5165117698824453,4.5563040060416355,37.113622426986694
23,arithmetic,T6,aaft,0,7,100.0,6200,1.5597638842488677,4.757697745128298,36.94765901565552
23,arithmetic,P3,aaft,0,7,100.0,6200,1.4830071706954364,4.406175901232315,37.039575815200806
23,arithmetic,P4,aaft,0,7,100.0,6200,1.4682748889045272,4.3417386952241435,37.253540992736816
23,arithmetic,O1,aaft,0,7,100.0,6200,1.4274412301761115,4.168020530472554,37.04482698440552
23,arithmetic,O2,aaft,0,7,100.0,6200,1.3747944222030448,3.954263730530546,36.67593216896057
23,arithmetic,Fz,aaft,0,7,100.0,6200,1.4875875447642612,4.426404126126005,37.26929259300232
23,arithmetic,Cz,aaft,0,7,100.0,6200,1.4633258493924366,4.320304342349222,37.059897661209106
23,arithmetic,Pz,aaft,0,7,100.0,6200,1.5071171579618394,4.513699736750092,36.828351974487305
24,rest,Fp1,aaft,0,7,100.0,18200,1.3659194734462814,3.9193251111071,109.16881084442139
24,rest,Fp2,aaft,0,7,100.0,18200,1.4089448748995885,4.091635937903496,108.94274806976318
24,rest,F3,aaft,0,7,100.0,18200,1.5422376935510556,4.675039881708756,108.87146663665771
24,rest,F4,aaft,0,7,100.0,18200,1.4175449468649888,4.126976047351692,109.4400281906128
24,rest,F7,aaft,0,7,100.0,18200,1.3402732890070888,3.8200873506031634,109.45006942749023
24,rest,F8,aaft,0,7,100.0,18200,1.3601964248240141,3.8969586860466174,109.7131860256195
24,rest,T3,aaft,0,7,100.0,18200,1.4250205071618172,4.157943109493888,108.78354692459106
24,rest,T4,aaft,0,7,100.0,18200,1.3925612683894673,4.02514634167403,108.93445706367493
24,rest,C3,aaft,0,7,100.0,18200,1.4468982861269606,4.249912039470454,109.34815669059753
24,rest,C4,aaft,0,7,100.0,18200,1.4342163687743983,4.1963553249404315,108.86130547523499
24,rest,T5,aaft,0,7,100.0,18200,1.4918625815139688,4.445367672481662,107.7588107585907
24,rest,T6,aaft,0,7,100.0,18200,1.5107576187387395,4.5301616298577985,109.53382134437561
24,rest,P3,aaft,0,7,100.0,18200,1.3996374712096593,4.053730106555539,108.91629385948181
24,rest,P4,aaft,0,7,100.0,18200,1.4045110386468727,4.07353445331301,108.37603449821472
24,rest,O1,aaft,0,7,100.0,18200,1.4054826102270879,4.077494106850822,109.67688775062561
24,rest,O2,aaft,0,7,100.0,18200,1.3608125492975223,3.8993604374782818,108.59746170043945
24,rest,Fz,aaft,0,7,100.0,18200,1.4974907405786286,4.470457447235921,108.22500681877136
24,rest,Cz,aaft,0,7,100.0,18200,1.442715819393538,4.232174043891208,109.12776708602905
24,rest,Pz,aaft,0,7,100.0,18200,1.393509076982237,4.028963218512418,108.49135279655457
24,arithmetic,Fp1,aaft,0,7,100.0,6200,1.4654526154893819,4.329502396741132,36.853246450424194
24,arithmetic,Fp2,aaft,0,7,100.0,6200,1.6037356358207995,4.971569752537458,36.63201284408569
24,arithmetic,F3,aaft,0,7,100.0,6200,1.6072445381993132,4.989045147263816,59.041342973709106
24,arithmetic,F4,aaft,0,7,100.0,6200,1.6040244664320273,4.9730059014597465,66.43259739875793
24,arithmetic,F7,aaft,0,7,100.0,6200,1.5419658455579457,4.673769154229388,42.4564094543457
24,arithmetic,F8,aaft,0,7,100.0,6200,1.4061852059034772,4.08035994322503,44.83643698692322
24,arithmetic,T3,aaft,0,7,100.0,6200,1.6296353957902374,5.102014163531951,60.176918745040894
24,arithmetic,T4,aaft,0,7,100.0,6200,1.4507252722829602,4.266207555478375,40.40922665596008
24,arithmetic,C3,aaft,0,7,100.0,6200,1.6145463522168664,5.025607550540593,40.491352558135986
24,arithmetic,C4,aaft,0,7,100.0,6200,1.6675723483877365,5.2992873454143785,39.94142985343933
24,arithmetic,T5,aaft,0,7,100.0,6200,1.7763613119096548,5.908318728894196,41.34518337249756
24,arithmetic,T6,aaft,0,7,100.0,6200,1.5571848778444866,4.7454434209560015,50.5661563873291
24,arithmetic,P3,aaft,0,7,100.0,6200,1.707585719181049,5.515629112492482,46.25177597999573
24,arithmetic,P4,aaft,0,7,100.0,6200,1.570808755155882,4.810537167686279,44.024577140808105
24,arithmetic,O1,aaft,0,7,100.0,6200,1.6621693951791345,5.270732752875399,43.2110333442688
24,arithmetic,O2,aaft,0,7,100.0,6200,1.604020043707526,4.972983907273338,44.083730697631836
24,arithmetic,Fz,aaft,0,7,100.0,6200,1.6029523785726356,4.967677259104879,44.958980083465576
24,arithmetic,Cz,aaft,0,7,100.0,6200,1.579019440867483,4.850197573226878,57.01956081390381
24,arithmetic,Pz,aaft,0,7,100.0,6200,1.6142255806095789,5.023995736854864,64.03305387496948
25,rest,Fp1,aaft,0,7,100.0,18200,1.0667810711025412,2.9060101883214915,162.03135418891907
25,rest,Fp2,aaft,0,7,100.0,18200,1.0072593679020128,2.738086634526495,158.3683660030365
25,rest,F3,aaft,0,7,100.0,18200,1.2921987392386274,3.640782893808131,155.7808439731598
25,rest,F4,aaft,0,7,100.0,18200,1.3010478015808105,3.6731433774104003,168.54339957237244
25,rest,F7,aaft,0,7,100.0,18200,1.3591765862646759,3.892986443181943,173.23241305351257
25,rest,F8,aaft,0,7,100.0,18200,1.2782861431997488,3.5904808793153618,147.8731551170349
25,rest,T3,aaft,0,7,100.0,18200,1.3488228418973118,3.8528874025491993,127.02975249290466
25,rest,T4,aaft,0,7,100.0,18200,1.336923124595887,3.8073108435629504,152.937979221344
25,rest,C3,aaft,0,7,100.0,18200,1.2715514710818565,3.566381409947324,134.83578395843506
25,rest,C4,aaft,0,7,100.0,18200,1.2364453891424638,3.4433519090615525,139.38163042068481
25,rest,T5,aaft,0,7,100.0,18200,1.319076305642547,3.739965196530175,146.83988571166992
25,rest,T6,aaft,0,7,100.0,18200,1.3145229640263807,3.722974568779445,157.189199924469
25,rest,P3,aaft,0,7,100.0,18200,1.2037513925269219,3.332595375702564,145.47884345054626
25,rest,P4,aaft,0,7,100.0,18200,1.1970182775830152,3.3102320000524217,146.93251299858093
25,rest,O1,aaft,0,7,100.0,18200,1.3002465790250906,3.670201550772332,136.5627839565277
25,rest,O2,aaft,0,7,100.0,18200,1.2677533468338749,3.5528615415594755,187.75061440467834
25,rest,Fz,aaft,0,7,100.0,18200,1.296246616850272,3.655550205343797,127.36215949058533
25,rest,Cz,aaft,0,7,100.0,18200,1.2381901444012877,3.449364959538193,122.19312334060669
25,rest,Pz,aaft,0,7,100.0,18200,1.195248367541506,3.304378368924142,122.63858103752136
25,arithmetic,Fp1,aaft,0,7,100.0,6200,1.259998302297255,3.5254155022527263,41.610950231552124
25,arithmetic,Fp2,aaft,0,7,100.0,6200,1.1914592050877846,3.291881234265,42.25211524963379
25,arithmetic,F3,aaft,0,7,100.0,6200,1.4299353301173776,4.1784289646748665,41.69764828681946
25,arithmetic,F4,aaft,0,7,100.0,6200,1.3900189992223717,4.014926332747773,41.75122618675232
25,arithmetic,F7,aaft,0,7,100.0,6200,1.5516019613484002,4.719023824423123,41.49132537841797
25,arithmetic,F8,aaft,0,7,100.0,6200,1.3583672999526728,3.8898371770415356,41.10229563713074
25,arithmetic,T3,aaft,0,7,100.0,6200,1.5256172992257568,4.597981023563317,40.870131731033325
25,arithmetic,T4,aaft,0,7,100.0,6200,1.5805728222468682,4.857737634602762,42.91647219657898
25,arithmetic,C3,aaft,0,7,100.0,6200,1.3748130159509868,3.9543372557972005,41.89777159690857
25,arithmetic,C4,aaft,0,7,100.0,6200,1.4279535042752733,4.1701562464243676,41.40336728096008
25,arithmetic,T5,aaft,0,7,100.0,6200,1.3948446088224764,4.034347621894652,41.73412799835205
25,arithmetic,T6,aaft,0,7,100.0,6200,1.3895430288591313,4.013015801516983,41.46356773376465
25,arithmetic,P3,aaft,0,7,100.0,6200,1.3336917329011597,3.7950277872950147,41.8545126914978
25,arithmetic,P4,aaft,0,7,100.0,6200,1.3003485376938548,3.6705757787141122,41.216636180877686
25,arithmetic,O1,aaft,0,7,100.0,6200,1.4435011712717825,4.235499095222387,42.53922963142395
25,arithmetic,O2,aaft,0,7,100.0,6200,1.4038376702016007,4.070792387065474,42.502060413360596
25,arithmetic,Fz,aaft,0,7,100.0,6200,1.332728618889661,3.7913745024063714,41.616692304611206
25,arithmetic,Cz,aaft,0,7,100.0,6200,1.3979039875970833,4.046709118987618,41.340588092803955
25,arithmetic,Pz,aaft,0,7,100.0,6200,1.3791398154703949,3.971483948736006,42.19904160499573
26,rest,Fp1,aaft,0,7,100.0,18200,1.283855380496704,3.6105329047579864,137.857417345047
26,rest,Fp2,aaft,0,7,100.0,18200,1.3560200674779335,3.880717532048635,185.32526850700378
26,rest,F3,aaft,0,7,100.0,18200,1.3457467512255126,3.841053781527482,176.3404176235199
26,rest,F4,aaft,0,7,100.0,18200,1.3553866444133964,3.878260174412547,169.99736881256104
26,rest,F7,aaft,0,7,100.0,18200,1.3026155213054302,3.678906352919385,184.40489101409912
26,rest,F8,aaft,0,7,100.0,18200,1.2692383432431025,3.5581414475416095,253.85734272003174
26,rest,T3,aaft,0,7,100.0,18200,1.3742173962199593,3.9519826757912755,239.22617864608765
26,rest,T4,aaft,0,7,100.0,18200,1.3579203731842149,3.8880990931092216,204.68858528137207
26,rest,C3,aaft,0,7,100.0,18200,1.314217542438002,3.721837665599381,164.5404758453369
26,rest,C4,aaft,0,7,100.0,18200,1.3149742110888525,3.7246549292176065,141.3349928855896
26,rest,T5,aaft,0,7,100.0,18200,1.3092389880268565,3.703354342563753,139.36022353172302
26,rest,T6,aaft,0,7,100.0,18200,1.3374520411653672,3.809325125999992,138.41064620018005
26,rest,P3,aaft,0,7,100.0,18200,1.288004030201153,3.6255428550106714,140.6769621372223
26,rest,P4,aaft,0,7,100.0,18200,1.2991801077086937,3.666289472523445,136.7345519065857
26,rest,O1,aaft,0,7,100.0,18200,1.2620252505847394,3.532568584182224,138.97510409355164
26,rest,O2,aaft,0,7,100.0,18200,1.2365442373323883,3.443692294988025,138.1588442325592
26,rest,Fz,aaft,0,7,100.0,18200,1.327460033391084,3.7714518498668332,124.63586664199829
26,rest,Cz,aaft,0,7,100.0,18200,1.3299274641758982,3.780769136417336,118.45702338218689
26,rest,Pz,aaft,0,7,100.0,18200,1.312562425342986,3.7156826834673318,118.23319363594055
26,arithmetic,Fp1,aaft,0,7,100.0,6200,1.3396883460898972,3.8178534709741037,37.57071256637573
26,arithmetic,Fp2,aaft,0,7,100.0,6200,1.3602601484360777,3.8972070222425104,36.987231731414795
26,arithmetic,F3,aaft,0,7,100.0,6200,1.4203055527867274,4.138384742076575,37.646400928497314
26,arithmetic,F4,aaft,0,7,100.0,6200,1.4639069038296144,4.322815403818357,37.708049058914185
26,arithmetic,F7,aaft,0,7,100.0,6200,1.3327443420846168,3.791434115395475,37.10302472114563
26,arithmetic,F8,aaft,0,7,100.0,6200,1.3003005933080347,3.6703997994314386,37.37622284889221
26,arithmetic,T3,aaft,0,7,100.0,6200,1.4692695618415774,4.34605945371856,37.35104966163635
26,arithmetic,T4,aaft,0,7,100.0,6200,1.4083517190472368,4.089209679746985,36.93570160865784
26,arithmetic,C3,aaft,0,7,100.0,6200,1.3645251087056989,3.913863950674891,37.60305142402649
26,arithmetic,C4,aaft,0,7,100.0,6200,1.3675882566609614,3.925871075443974,37.77487778663635
26,arithmetic,T5,aaft,0,7,100.0,6200,1.4612808655692944,4.311478417370774,37.58056592941284
26,arithmetic,T6,aaft,0,7,100.0,6200,1.4774997463197315,4.381975921617927,37.14647555351257
26,arithmetic,P3,aaft,0,7,100.0,6200,1.395333796042437,4.03632165598892,37.224119901657104
26,arithmetic,P4,aaft,0,7,100.0,6200,1.5293311200807191,4.6150888494163125,37.07549285888672
26,arithmetic,O1,aaft,0,7,100.0,6200,1.3393015245597424,3.8163769286501465,37.24924349784851
26,arithmetic,O2,aaft,0,7,100.0,6200,1.358271152118214,3.889463195599607,37.25723838806152
26,arithmetic,Fz,aaft,0,7,100.0,6200,1.3713328300967902,3.9405993463217404,38.15648341178894
26,arithmetic,Cz,aaft,0,7,100.0,6200,1.416123056665847,4.121112110483013,37.10713982582092
26,arithmetic,Pz,aaft,0,7,100.0,6200,1.4728916517472845,4.361829815387735,37.384140968322754
27,rest,Fp1,aaft,0,7,100.0,18200,1.4031542820848004,4.068011406275036,108.99384140968323
27,rest,Fp2,aaft,0,7,100.0,18200,1.6357626366646796,5.133371401828946,110.06430387496948
27,rest,F3,aaft,0,7,100.0,18200,1.4155292619201227,4.118665742157478,109.19946002960205
27,rest,F4,aaft,0,7,100.0,18200,1.4694539079380404,4.346860706665507,109.59802556037903
27,rest,F7,aaft,0,7,100.0,18200,1.457659033898692,4.295891212446819,109.80273962020874
27,rest,F8,aaft,0,7,100.0,18200,1.6416126083690936,5.163489488362762,109.87622237205505
27,rest,T3,aaft,0,7,100.0,18200,1.4590863657871782,4.3020272530052575,109.80637502670288
27,rest,T4,aaft,0,7,100.0,18200,1.565778422861803,4.786399328794167,110.67437195777893
27,rest,C3,aaft,0,7,100.0,18200,1.4192135467252274,4.133868067420296,109.57200956344604
27,rest,C4,aaft,0,7,100.0,18200,1.4823232258581274,4.403163350299154,109.22503876686096
27,rest,T5,aaft,0,7,100.0,18200,1.488748860050585,4.431547562898937,110.0629711151123
27,rest,T6,aaft,0,7,100.0,18200,1.4761283787087747,4.375970740363699,109.02697968482971
27,rest,P3,aaft,0,7,100.0,18200,1.440652317465426,4.223449948780702,109.81244015693665
27,rest,P4,aaft,0,7,100.0,18200,1.4714124440717653,4.355382532855993,109.85933470726013
27,rest,O1,aaft,0,7,100.0,18200,1.349443104499895,3.855277945822618,109.03834509849548
27,rest,O2,aaft,0,7,100.0,18200,1.3525296098875386,3.8671956645636216,110.90555691719055
27,rest,Fz,aaft,0,7,100.0,18200,1.4089573804599442,4.091687106423616,109.54154443740845
27,rest,Cz,aaft,0,7,100.0,18200,1.4701126684191943,4.349725190116796,110.0704185962677
27,rest,Pz,aaft,0,7,100.0,18200,1.4516056806247812,4.269965214092433,110.20375490188599
27,arithmetic,Fp1,aaft,0,7,100.0,6200,1.5860584052081441,4.884458379828004,37.07490134239197
27,arithmetic,Fp2,aaft,0,7,100.0,6200,1.7992547925483566,6.045140901413369,36.98739194869995
27,arithmetic,F3,aaft,0,7,100.0,6200,1.4656734585544295,4.330458642906841,36.879470109939575
27,arithmetic,F4,aaft,0,7,100.0,6200,1.5143847574556664,4.546622990270916,37.081998348236084
27,arithmetic,F7,aaft,0,7,100.0,6200,1.6724167777691294,5.325021652418657,37.11662268638611
27,arithmetic,F8,aaft,0,7,100.0,6200,1.8146011982547048,6.138627593829546,36.83218002319336
27,arithmetic,T3,aaft,0,7,100.0,6200,1.6079824719905775,4.992728090981307,37.424304246902466
27,arithmetic,T4,aaft,0,7,100.0,6200,1.8071880721755251,6.093289429913597,37.439990758895874
27,arithmetic,C3,aaft,0,7,100.0,6200,1.4916004701163472,4.444202643638426,37.242459297180176
27,arithmetic,C4,aaft,0,7,100.0,6200,1.5164405647150272,4.555979585202435,37.918243169784546
27,arithmetic,T5,aaft,0,7,100.0,6200,1.58413472976009,4.875071298908996,37.303301095962524
27,arithmetic,T6,aaft,0,7,100.0,6200,1.5509181779766836,4.715798137362518,37.77723979949951
27,arithmetic,P3,aaft,0,7,100.0,6200,1.4920344098167877,4.446131578092654,37.16677951812744
27,arithmetic,P4,aaft,0,7,100.0,6200,1.5831967287759314,4.870500621217986,37.0108642578125
27,arithmetic,O1,aaft,0,7,100.0,6200,1.6438476598437166,5.1750430597617125,37.6552472114563
27,arithmetic,O2,aaft,0,7,100.0,6200,1.5596256931586612,4.757040319116281,38.206934452056885
27,arithmetic,Fz,aaft,0,7,100.0,6200,1.433883968181365,4.194960685744133,37.16870045661926
27,arithmetic,Cz,aaft,0,7,100.0,6200,1.5168781870899442,4.557973820137672,37.073221921920776
27,arithmetic,Pz,aaft,0,7,100.0,6200,1.517806004254042,4.562204748942172,37.15755105018616
28,rest,Fp1,aaft,0,7,100.0,18200,1.4105448478087277,4.09818768446905,109.51959919929504
28,rest,Fp2,aaft,0,7,100.0,18200,1.4381034838729645,4.212698784959381,109.8878927230835
28,rest,F3,aaft,0,7,100.0,18200,1.3836008708876164,3.989240535831617,108.75221705436707
28,rest,F4,aaft,0,7,100.0,18200,1.4395527959239225,4.218808726612015,109.47164225578308
28,rest,F7,aaft,0,7,100.0,18200,1.4247330724126839,4.156748143904845,109.25366950035095
28,rest,F8,aaft,0,7,100.0,18200,1.4438037144580433,4.236780710476266,109.30521726608276
28,rest,T3,aaft,0,7,100.0,18200,1.4479937333286776,4.254570144609943,109.91533637046814
28,rest,T4,aaft,0,7,100.0,18200,1.4365847395609292,4.206305628655155,109.87056040763855
28,rest,C3,aaft,0,7,100.0,18200,1.4915119465807463,4.443809244520281,109.08543348312378
28,rest,C4,aaft,0,7,100.0,18200,1.459113340956739,4.302143302485082,109.90935254096985
28,rest,T5,aaft,0,7,100.0,18200,1.4882697966772844,4.429425079217202,109.26020121574402
28,rest,T6,aaft,0,7,100.0,18200,1.3507431033518913,3.8602930618425546,109.42060470581055
28,rest,P3,aaft,0,7,100.0,18200,1.4425018362689952,4.231268526951814,110.00878715515137
28,rest,P4,aaft,0,7,100.0,18200,1.4309697763341864,4.182753561105149,109.23024559020996
28,rest,O1,aaft,0,7,100.0,18200,1.4066683526677766,4.082331832246318,109.78576135635376
28,rest,O2,aaft,0,7,100.0,18200,1.3372120021941132,3.80841084925099,109.56811308860779
28,rest,Fz,aaft,0,7,100.0,18200,1.389884402915727,4.014385974857839,109.22588324546814
28,rest,Cz,aaft,0,7,100.0,18200,1.4806532635483607,4.395816369758128,114.95394539833069
28,rest,Pz,aaft,0,7,100.0,18200,1.428726296935609,4.1733801581112555,110.2816116809845
28,arithmetic,Fp1,aaft,0,7,100.0,6200,1.6279370692973931,5.093356631450126,36.89234519004822
28,arithmetic,Fp2,aaft,0,7,100.0,6200,1.5683009270360821,4.798488281887944,37.8235809803009
28,arithmetic,F3,aaft,0,7,100.0,6200,1.5381999079086925,4.656201131808975,36.98808217048645
28,arithmetic,F4,aaft,0,7,100.0,6200,1.5482084773691447,4.703037033478325,37.55124592781067
28,arithmetic,F7,aaft,0,7,100.0,6200,1.7457424417047975,5.73015420197965,37.43904256820679
28,arithmetic,F8,aaft,0,7,100.0,6200,1.6244290510650152,5.075520346820227,37.24758315086365
28,arithmetic,T3,aaft,0,7,100.0,6200,1.6345510011490612,5.1271553932524645,37.21639275550842
28,arithmetic,T4,aaft,0,7,100.0,6200,1.5759052115056003,4.835116440774749,37.3422315120697
28,arithmetic,C3,aaft,0,7,100.0,6200,1.5764311117879488,4.83765989862012,37.086315870285034
28,arithmetic,C4,aaft,0,7,100.0,6200,1.5983912842289307,4.9450708087247515,37.83527374267578
28,arithmetic,T5,aaft,0,7,100.0,6200,1.6316881626803463,5.112498166204995,37.23393201828003
28,arithmetic,T6,aaft,0,7,100.0,6200,1.7123607959695963,5.542029647167962,38.170416593551636
28,arithmetic,P3,aaft,0,7,100.0,6200,1.6309399355524843,5.108674287129323,37.15326166152954
28,arithmetic,P4,aaft,0,7,100.0,6200,1.5997225962956616,4.951658625410153,37.837602853775024
28,arithmetic,O1,aaft,0,7,100.0,6200,1.628058639437132,5.093975869167196,37.11376929283142
28,arithmetic,O2,aaft,0,7,100.0,6200,1.5452897312980816,4.6893300759099565,37.310510873794556
28,arithmetic,Fz,aaft,0,7,100.0,6200,1.6025453766960225,4.965655816531379,38.18048810958862
28,arithmetic,Cz,aaft,0,7,100.0,6200,1.600005568822011,4.953060007027902,37.27423429489136
28,arithmetic,Pz,aaft,0,7,100.0,6200,1.5411080469751548,4.669761720703726,37.590644121170044
29,rest,Fp1,aaft,0,7,100.0,18200,1.339465694488334,3.817003514409864,110.54182577133179
29,rest,Fp2,aaft,0,7,100.0,18200,1.391558867860071,4.021113554421958,109.26047968864441
29,rest,F3,aaft,0,7,100.0,18200,1.3908958329877632,4.018448299585956,109.6617603302002
29,rest,F4,aaft,0,7,100.0,18200,1.4425147898948452,4.23132333757618,109.27946615219116
29,rest,F7,aaft,0,7,100.0,18200,1.407280947669893,4.084833414473887,109.08462405204773
29,rest,F8,aaft,0,7,100.0,18200,1.4480844891659257,4.254956289207721,109.13726210594177
29,rest,T3,aaft,0,7,100.0,18200,1.3943917632767981,4.03252109914192,110.25196957588196
29,rest,T4,aaft,0,7,100.0,18200,1.4252860843210813,4.159047510858686,109.88235306739807
29,rest,C3,aaft,0,7,100.0,18200,1.4243566197664677,4.155183619569557,110.44557690620422
29,rest,C4,aaft,0,7,100.0,18200,1.4383771626786475,4.2138518691117,109.27753186225891
29,rest,T5,aaft,0,7,100.0,18200,1.4161159997121227,4.121083028088173,109.35288953781128
29,rest,T6,aaft,0,7,100.0,18200,1.3212838238576723,3.748230357215394,109.57601809501648
29,rest,P3,aaft,0,7,100.0,18200,1.3270369845905057,3.769856679126633,108.62016582489014
29,rest,P4,aaft,0,7,100.0,18200,1.2839486183912339,3.610869558938377,109.3832995891571
29,rest,O1,aaft,0,7,100.0,18200,1.2693874840077612,3.5586721510516397,109.29891920089722
29,rest,O2,aaft,0,7,100.0,18200,1.2458746267556218,3.475973649769083,109.00607228279114
29,rest,Fz,aaft,0,7,100.0,18200,1.4145735428565775,4.114731335184675,109.99920010566711
29,rest,Cz,aaft,0,7,100.0,18200,1.4125340330798761,4.106347852401609,109.24042248725891
29,rest,Pz,aaft,0,7,100.0,18200,1.2892903886368654,3.630209603558419,109.10405015945435
29,arithmetic,Fp1,aaft,0,7,100.0,6200,1.6381058698600344,5.145414192124469,37.27087616920471
29,arithmetic,Fp2,aaft,0,7,100.0,6200,1.6575319819790377,5.246346774864106,37.64018750190735
29,arithmetic,F3,aaft,0,7,100.0,6200,1.6427163539953265,5.169191813681049,37.55614399909973
29,arithmetic,F4,aaft,0,7,100.0,6200,1.6110989088679584,5.008311883262541,37.20412540435791
29,arithmetic,F7,aaft,0,7,100.0,6200,1.6057480371620598,4.981584619761934,36.91568183898926
29,arithmetic,F8,aaft,0,7,100.0,6200,1.6221102134342738,5.063764674259908,36.87392783164978
29,arithmetic,T3,aaft,0,7,100.0,6200,1.5758011478265088,4.834613306948519,37.14979314804077
29,arithmetic,T4,aaft,0,7,100.0,6200,1.6356199938657559,5.132639215586063,37.25912022590637
29,arithmetic,C3,aaft,0,7,100.0,6200,1.569842731217641,4.805892317505943,37.794809103012085
29,arithmetic,C4,aaft,0,7,100.0,6200,1.592519481056343,4.916119407907323,37.37090754508972
29,arithmetic,T5,aaft,0,7,100.0,6200,1.5643729592471385,4.779676943832602,37.75163698196411
29,arithmetic,T6,aaft,0,7,100.0,6200,1.5089355330328158,4.521914802601161,37.11760973930359
29,arithmetic,P3,aaft,0,7,100.0,6200,1.4925626380968422,4.448480770929468,36.81767010688782
29,arithmetic,P4,aaft,0,7,100.0,6200,1.420639993913846,4.139769019600931,36.80739498138428
29,arithmetic,O1,aaft,0,7,100.0,6200,1.4119156786067555,4.103809458733309,37.14898157119751
29,arithmetic,O2,aaft,0,7,100.0,6200,1.3491911952898055,3.8543068881149356,37.10159945487976
29,arithmetic,Fz,aaft,0,7,100.0,6200,1.64831437040944,5.19821018116958,37.298015832901
29,arithmetic,Cz,aaft,0,7,100.0,6200,1.5689548958531017,4.801627369914097,37.54100680351257
29,arithmetic,Pz,aaft,0,7,100.0,6200,1.4397723707861443,4.2197351726653105,37.52496314048767
30,rest,Fp1,aaft,0,7,100.0,18200,1.5040098441172913,4.499696023301911,109.69880747795105
30,rest,Fp2,aaft,0,7,100.0,18200,1.5637051681213603,4.776486183484722,110.36459851264954
30,rest,F3,aaft,0,7,100.0,18200,1.5086646208265855,4.520689926610023,111.07707405090332
30,rest,F4,aaft,0,7,100.0,18200,1.488926315270543,4.432334033926097,108.81121754646301
30,rest,F7,aaft,0,7,100.0,18200,1.4590438306301092,4.30184426949198,109.52879929542542
30,rest,F8,aaft,0,7,100.0,18200,1.4325137134284562,4.189216457353132,109.2977466583252
30,rest,T3,aaft,0,7,100.0,18200,1.4872186861386734,4.424771709867663,109.68154692649841
30,rest,T4,aaft,0,7,100.0,18200,1.409148310262726,4.092468406020206,109.61082553863525
30,rest,C3,aaft,0,7,100.0,18200,1.418978068954256,4.1328947479843325,109.8619155883789
30,rest,C4,aaft,0,7,100.0,18200,1.4292867089272914,4.175719625869376,124.45014309883118
30,rest,T5,aaft,0,7,100.0,18200,1.4487940267206896,4.25797641180729,130.71903133392334
30,rest,T6,aaft,0,7,100.0,18200,1.5653405713609643,4.7843040554072145,164.83523607254028
30,rest,P3,aaft,0,7,100.0,18200,1.3779374720222766,3.9667117305284885,193.28678703308105
30,rest,P4,aaft,0,7,100.0,18200,1.3036691257861859,3.6827845077990244,187.31179571151733
30,rest,O1,aaft,0,7,100.0,18200,1.3162775387440053,3.729512539834264,156.98439192771912
30,rest,O2,aaft,0,7,100.0,18200,1.3064951678787289,3.6932069320040157,211.9913215637207
30,rest,Fz,aaft,0,7,100.0,18200,1.5027773766459387,4.494153710383963,260.11137533187866
30,rest,Cz,aaft,0,7,100.0,18200,1.4569954298787442,4.2930413874512245,180.65347743034363
30,rest,Pz,aaft,0,7,100.0,18200,1.3175236999025686,3.734163010517931,153.51313829421997
30,arithmetic,Fp1,aaft,0,7,100.0,6200,1.1627355716497905,3.1986715137393316,55.42042636871338
30,arithmetic,Fp2,aaft,0,7,100.0,6200,1.250327807864438,3.491487306886006,48.01624846458435
30,arithmetic,F3,aaft,0,7,100.0,6200,1.462938985273985,4.318633294873371,48.110610485076904
30,arithmetic,F4,aaft,0,7,100.0,6200,1.476474689263303,4.377486447654962,48.201541900634766
30,arithmetic,F7,aaft,0,7,100.0,6200,1.2369511546223186,3.4450938780689104,47.42588424682617
30,arithmetic,F8,aaft,0,7,100.0,6200,1.2463866254696596,3.4777537994860896,47.39148449897766
30,arithmetic,T3,aaft,0,7,100.0,6200,1.5288391660279446,4.612818996130468,48.56769418716431
30,arithmetic,T4,aaft,0,7,100.0,6200,1.5105519186666958,4.529229871118872,47.47880983352661
30,arithmetic,C3,aaft,0,7,100.0,6200,1.5519841237871879,4.720827602722765,49.16056180000305
30,arithmetic,C4,aaft,0,7,100.0,6200,1.51749079792649,4.5607669397529,58.92126226425171
30,arithmetic,T5,aaft,0,7,100.0,6200,1.53979382017847,4.663628625737872,63.20538067817688
30,arithmetic,T6,aaft,0,7,100.0,6200,1.7698553186892572,5.870004020066486,77.16358828544617
30,arithmetic,P3,aaft,0,7,100.0,6200,1.5251410435912889,4.595791730566613,86.51044368743896
30,arithmetic,P4,aaft,0,7,100.0,6200,1.505197630047662,4.505043874351705,54.2871356010437
30,arithmetic,O1,aaft,0,7,100.0,6200,1.508825843175544,4.521418821614407,66.81974983215332
30,arithmetic,O2,aaft,0,7,100.0,6200,1.42628964340312,4.163223455814106,65.26179671287537
30,arithmetic,Fz,aaft,0,7,100.0,6200,1.5076429258784514,4.516073519231548,63.35285687446594
30,arithmetic,Cz,aaft,0,7,100.0,6200,1.6302555082020247,5.105178967005413,60.77574348449707
30,arithmetic,Pz,aaft,0,7,100.0,6200,1.4938133806435205,4.454048156054694,70.81374406814575
31,rest,Fp1,aaft,0,7,100.0,8000,1.4312374068611722,4.183873143455483,113.14675307273865
31,rest,Fp2,aaft,0,7,100.0,8000,1.232666917892248,3.4303658520403317,107.36870074272156
31,rest,F3,aaft,0,7,100.0,8000,1.381044163107623,3.979054240756101,102.45810413360596
31,rest,F4,aaft,0,7,100.0,8000,1.4507521302486823,4.266322138673392,96.13503360748291
31,rest,F7,aaft,0,7,100.0,8000,1.3855989710028491,3.997219406442524,97.57406044006348
31,rest,F8,aaft,0,7,100.0,8000,1.3751978136505798,3.955859168472115,72.62291359901428
31,rest,T3,aaft,0,7,100.0,8000,1.4589631348947871,4.301497143011414,68.12021899223328
31,rest,T4,aaft,0,7,100.0,8000,1.3137582505590666,3.7201286482837848,76.90497255325317
31,rest,C3,aaft,0,7,100.0,8000,1.4735610032905986,4.364750390242939,80.99559330940247
31,rest,C4,aaft,0,7,100.0,8000,1.3551962999063274,3.8775220391435887,87.71119260787964
31,rest,T5,aaft,0,7,100.0,8000,1.3565063146443437,3.8826049787978607,68.63997387886047
31,rest,T6,aaft,0,7,100.0,8000,1.3308127643807184,3.7841177341466046,57.01774287223816
31,rest,P3,aaft,0,7,100.0,8000,1.4289620340229965,4.17436409456489,68.67807674407959
31,rest,P4,aaft,0,7,100.0,8000,1.4151017230975447,4.116905229026155,55.04288458824158
31,rest,O1,aaft,0,7,100.0,8000,1.4609630885348257,4.310108546213451,53.678980588912964
31,rest,O2,aaft,0,7,100.0,8000,1.4639958619712228,4.323199970548115,53.683403730392456
31,rest,Fz,aaft,0,7,100.0,8000,1.3703429867488328,3.936700700114647,51.67585349082947
31,rest,Cz,aaft,0,7,100.0,8000,1.4644192191589078,4.325030615810518,55.64455699920654
31,rest,Pz,aaft,0,7,100.0,8000,1.4222935765495683,4.146620132647325,76.67824268341064
31,arithmetic,Fp1,aaft,0,7,100.0,6200,1.6713087019564339,5.319124392632401,52.78923177719116
31,arithmetic,Fp2,aaft,0,7,100.0,6200,1.539270599211769,4.661189155706566,49.300615072250366
31,arithmetic,F3,aaft,0,7,100.0,6200,1.5593975351089104,4.755955085881542,56.39393138885498
31,arithmetic,F4,aaft,0,7,100.0,6200,1.5338100693490355,4.635805959049344,69.19998049736023
31,arithmetic,F7,aaft,0,7,100.0,6200,1.7184611504603227,5.575941324072433,63.03900170326233
31,arithmetic,F8,aaft,0,7,100.0,6200,1.5216574694056528,4.57980980240974,64.35149765014648
31,arithmetic,T3,aaft,0,7,100.0,6200,1.64355497549926,5.173528627312376,62.298399686813354
31,arithmetic,T4,aaft,0,7,100.0,6200,1.6046964682242488,4.976348893460759,79.60544276237488
31,arithmetic,C3,aaft,0,7,100.0,6200,1.5154646065047506,4.551535308587292,79.19564819335938
31,arithmetic,C4,aaft,0,7,100.0,6200,1.4359355333735513,4.203575755236266,62.550209045410156
31,arithmetic,T5,aaft,0,7,100.0,6200,1.4303330630964532,4.1800911942146834,62.9429395198822
31,arithmetic,T6,aaft,0,7,100.0,6200,1.583557852876581,4.872259793995263,51.23141884803772
31,arithmetic,P3,aaft,0,7,100.0,6200,1.5546267183977343,4.733319334324878,51.068690061569214
31,arithmetic,P4,aaft,0,7,100.0,6200,1.4970196715453414,4.4683520491007656,57.771992444992065
31,arithmetic,O1,aaft,0,7,100.0,6200,1.6193195199227466,5.049652958934216,64.75023102760315
31,arithmetic,O2,aaft,0,7,100.0,6200,1.534816981313512,4.640476158379712,55.05537462234497
31,arithmetic,Fz,aaft,0,7,100.0,6200,1.4716711712304882,4.356509534390535,61.28245544433594
31,arithmetic,Cz,aaft,0,7,100.0,6200,1.4708392508985895,4.352886772666274,60.23822784423828
31,arithmetic,Pz,aaft,0,7,100.0,6200,1.5018461820432019,4.489970726593212,98.29190397262573
32,rest,Fp1,aaft,0,7,100.0,18200,1.398118296623784,4.047576458216242,232.96566367149353
32,rest,Fp2,aaft,0,7,100.0,18200,1.2854047537902005,3.6161313039010285,217.81844758987427
32,rest,F3,aaft,0,7,100.0,18200,1.3667725638170873,3.9226700761953355,232.37844967842102
32,rest,F4,aaft,0,7,100.0,18200,1.339560387045503,3.817364973346832,189.8459599018097
32,rest,F7,aaft,0,7,100.0,18200,1.333795226983971,3.7954205705401245,159.52969455718994
32,rest,F8,aaft,0,7,100.0,18200,1.27912141793731,3.5934811701486824,165.3567669391632
32,rest,T3,aaft,0,7,100.0,18200,1.3592913125745918,3.8934330967720916,162.5853295326233
32,rest,T4,aaft,0,7,100.0,18200,1.337107124209438,3.8080114517406742,180.86050176620483
32,rest,C3,aaft,0,7,100.0,18200,1.3480046387582523,3.849736247300345,151.54244446754456
32,rest,C4,aaft,0,7,100.0,18200,1.3243596418406263,3.7597769801043155,121.34313416481018
32,rest,T5,aaft,0,7,100.0,18200,1.4514950037786094,4.269492653960489,122.61711168289185
32,rest,T6,aaft,0,7,100.0,18200,1.305883277523128,3.690947785546536,119.02375030517578
32,rest,P3,aaft,0,7,100.0,18200,1.402752343695808,4.066376644882684,117.11634945869446
32,rest,P4,aaft,0,7,100.0,18200,1.3519068140558945,3.8647879410614845,117.64118242263794
32,rest,O1,aaft,0,7,100.0,18200,1.6565924273007,5.24141986012294,123.26078629493713
32,rest,O2,aaft,0,7,100.0,18200,1.5793909527551437,4.85199981403905,134.70561861991882
32,rest,Fz,aaft,0,7,100.0,18200,1.3211968437962631,3.7479043500870133,119.96108913421631
32,rest,Cz,aaft,0,7,100.0,18200,1.3521463385221892,3.8657137632045107,120.5028350353241
32,rest,Pz,aaft,0,7,100.0,18200,1.3749258556803843,3.95478348731894,200.7972536087036
32,arithmetic,Fp1,aaft,0,7,100.0,6200,1.6267169901271046,5.087146122543929,70.29806780815125
32,arithmetic,Fp2,aaft,0,7,100.0,6200,1.5309290935202218,4.6224695343172835,78.19123244285583
32,arithmetic,F3,aaft,0,7,100.0,6200,1.5928016927183248,4.917506989922634,82.55492329597473
32,arithmetic,F4,aaft,0,7,100.0,6200,1.5477842338593006,4.701042223712784,78.01622223854065
32,arithmetic,F7,aaft,0,7,100.0,6200,1.6562377602538592,5.239561230836659,78.32786822319031
32,arithmetic,F8,aaft,0,7,100.0,6200,1.5967720179682594,4.93706990195496,59.34683609008789
32,arithmetic,T3,aaft,0,7,100.0,6200,1.6639992582684855,5.28038630183652,65.51381587982178
32,arithmetic,T4,aaft,0,7,100.0,6200,1.6424781364618464,5.167960568215061,50.01632070541382
32,arithmetic,C3,aaft,0,7,100.0,6200,1.5424088673885674,4.6758401947202,53.71585702896118
32,arithmetic,C4,aaft,0,7,100.0,6200,1.5026022107829078,4.4933665570139025,53.02877640724182
32,arithmetic,T5,aaft,0,7,100.0,6200,1.5936939881784002,4.921896817304891,44.94736671447754
32,arithmetic,T6,aaft,0,7,100.0,6200,1.4250188986759218,4.157936421506421,49.349374771118164
32,arithmetic,P3,aaft,0,7,100.0,6200,1.6506569410056433,5.210401629581973,42.37521934509277
32,arithmetic,P4,aaft,0,7,100.0,6200,1.4922520575117768,4.447099373697665,40.36901521682739
32,arithmetic,O1,aaft,0,7,100.0,6200,1.7764732339579494,5.908980037035102,39.7382607460022
32,arithmetic,O2,aaft,0,7,100.0,6200,1.66901220980418,5.306923080678783,38.91066384315491
32,arithmetic,Fz,aaft,0,7,100.0,6200,1.5074231895769934,4.515081282958476,39.64306282997131
32,arithmetic,Cz,aaft,0,7,100.0,6200,1.497976669416287,4.472630299310043,39.550809383392334
32,arithmetic,Pz,aaft,0,7,100.0,6200,1.5705095297628877,4.809097948148019,39.11146903038025
33,rest,Fp1,aaft,0,7,100.0,18200,1.3494337968404562,3.8552420623754524,120.51526951789856
33,rest,Fp2,aaft,0,7,100.0,18200,1.3575715002305606,3.8867428770818093,168.29556679725647
33,rest,F3,aaft,0,7,100.0,18200,1.3778461454609414,3.9663494809280886,134.56584930419922
33,rest,F4,aaft,0,7,100.0,18200,1.3603782463252876,3.897667301344111,119.05824971199036
33,rest,F7,aaft,0,7,100.0,18200,1.2997490969919314,3.6683761455335517,118.491858959198
33,rest,F8,aaft,0,7,100.0,18200,1.385582729217468,3.997154484990025,120.72040057182312
33,rest,T3,aaft,0,7,100.0,18200,1.4187979724439932,4.132150495083624,128.5895481109619
33,rest,T4,aaft,0,7,100.0,18200,1.4085438520524913,4.08999542737348,154.6032886505127
33,rest,C3,aaft,0,7,100.0,18200,1.3912983405487165,4.020066080972618,120.08577799797058
33,rest,C4,aaft,0,7,100.0,18200,1.3944989742297254,4.032953452747764,119.1076328754425
33,rest,T5,aaft,0,7,100.0,18200,1.3668301792438537,3.9228960890166893,116.87145900726318
33,rest,T6,aaft,0,7,100.0,18200,1.3108182739101033,3.7092076185791396,123.00294423103333
33,rest,P3,aaft,0,7,100.0,18200,1.3427390056372304,3.82951822566676,114.49958777427673
33,rest,P4,aaft,0,7,100.0,18200,1.31333642277304,3.7185597255832037,113.63587617874146
33,rest,O1,aaft,0,7,100.0,18200,1.2627274113817488,3.5350498863894053,115.44325304031372
33,rest,O2,aaft,0,7,100.0,18200,1.263961264843725,3.5394143119070547,124.43793439865112
33,rest,Fz,aaft,0,7,100.0,18200,1.3644859792756217,3.9137108064053447,113.13485884666443
33,rest,Cz,aaft,0,7,100.0,18200,1.3970220778676659,4.043141860074839,124.57875680923462
33,rest,Pz,aaft,0,7,100.0,18200,1.3194958292728904,3.7415345294698907,123.45927929878235
33,arithmetic,Fp1,aaft,0,7,100.0,6200,1.4525210266057982,4.273875498948977,50.33803105354309
33,arithmetic,Fp2,aaft,0,7,100.0,6200,1.4346165667865456,4.198035034085448,42.36423850059509
33,arithmetic,F3,aaft,0,7,100.0,6200,1.5288360353848893,4.612804555063318,39.223846435546875
33,arithmetic,F4,aaft,0,7,100.0,6200,1.4574671498414258,4.295066978492608,39.41210746765137
33,arithmetic,F7,aaft,0,7,100.0,6200,1.4163970543391524,4.122241440322525,46.224374771118164
33,arithmetic,F8,aaft,0,7,100.0,6200,1.4863187851984068,4.420791644746256,51.93849968910217
33,arithmetic,T3,aaft,0,7,100.0,6200,1.5420290317126442,4.674064481060377,50.185293674468994
33,arithmetic,T4,aaft,0,7,100.0,6200,1.579836317290449,4.854161203949011,59.659607887268066
33,arithmetic,C3,aaft,0,7,100.0,6200,1.4838142452077259,4.409733448908785,73.2847249507904
33,arithmetic,C4,aaft,0,7,100.0,6200,1.5489976581330378,4.706750044762857,72.87096166610718
33,arithmetic,T5,aaft,0,7,100.0,6200,1.5952721281201598,4.929670391542139,51.08336091041565
33,arithmetic,T6,aaft,0,7,100.0,6200,1.5792119137333975,4.851131194499548,51.02566194534302
33,arithmetic,P3,aaft,0,7,100.0,6200,1.5031432533610314,4.495798317424004,52.484681844711304
33,arithmetic,P4,aaft,0,7,100.0,6200,1.527466160878939,4.606489917820173,56.97597527503967
33,arithmetic,O1,aaft,0,7,100.0,6200,1.5311937283523678,4.623692962640332,42.841901540756226
33,arithmetic,O2,aaft,0,7,100.0,6200,1.5029655896508765,4.494999648164195,40.72121739387512
33,arithmetic,Fz,aaft,0,7,100.0,6200,1.508885496996134,4.521688549566677,41.525938987731934
33,arithmetic,Cz,aaft,0,7,100.0,6200,1.5175890796149245,4.561215201655902,41.091660261154175
33,arithmetic,Pz,aaft,0,7,100.0,6200,1.5312865381201872,4.624122106424722,41.11746287345886
34,rest,Fp1,aaft,0,7,100.0,18200,1.4662208877750904,4.332829911498472,122.08441948890686
34,rest,Fp2,aaft,0,7,100.0,18200,1.4768787805736678,4.37925570933726,120.67164397239685
34,rest,F3,aaft,0,7,100.0,18200,1.4406466654423375,4.223426077811538,120.60362124443054
34,rest,F4,aaft,0,7,100.0,18200,1.4408383204675945,4.224235596214809,127.42675757408142
34,rest,F7,aaft,0,7,100.0,18200,1.4361888284580935,4.204640635171301,138.19092988967896
34,rest,F8,aaft,0,7,100.0,18200,1.4667221225402818,4.33500222085478,161.79042196273804
34,rest,T3,aaft,0,7,100.0,18200,1.4173125831355113,4.126017199210946,139.95819640159607
34,rest,T4,aaft,0,7,100.0,18200,1.4633666527984823,4.320480629078069,139.0572154521942
34,rest,C3,aaft,0,7,100.0,18200,1.4317039582592461,4.185825590743017,153.39386224746704
34,rest,C4,aaft,0,7,100.0,18200,1.4609521208572438,4.310061274591803,141.36489272117615
34,rest,T5,aaft,0,7,100.0,18200,1.404197695043962,4.072258237308331,159.17318272590637
34,rest,T6,aaft,0,7,100.0,18200,1.45793563914997,4.297079642870573,138.77649474143982
34,rest,P3,aaft,0,7,100.0,18200,1.3816244208589534,3.9813637878237564,133.32631301879883
34,rest,P4,aaft,0,7,100.0,18200,1.4042873993807867,4.07262355291784,161.1812252998352
34,rest,O1,aaft,0,7,100.0,18200,1.4166144428733012,4.123137665757682,139.5389802455902
34,rest,O2,aaft,0,7,100.0,18200,1.5544601438851882,4.732530949628259,129.30944323539734
34,rest,Fz,aaft,0,7,100.0,18200,1.429325224805419,4.175880460474904,180.8927505016327
34,rest,Cz,aaft,0,7,100.0,18200,1.4499438993916702,4.262875358559615,165.23780512809753
34,rest,Pz,aaft,0,7,100.0,18200,1.3803517442836895,3.9763000223447267,115.80651450157166
34,arithmetic,Fp1,aaft,0,7,100.0,6200,1.5526151686245346,4.723807596765504,39.90542721748352
34,arithmetic,Fp2,aaft,0,7,100.0,6200,1.6540534699564702,5.228128998280276,40.15836453437805
34,arithmetic,F3,aaft,0,7,100.0,6200,1.5154441007686112,4.5514419769621455,45.27780032157898
34,arithmetic,F4,aaft,0,7,100.0,6200,1.5097278100615779,4.525498831409654,39.20033526420593
34,arithmetic,F7,aaft,0,7,100.0,6200,1.6391273587619104,5.150672860995966,40.09661817550659
34,arithmetic,F8,aaft,0,7,100.0,6200,1.324998917890862,3.762181283906962,41.78106689453125
34,arithmetic,T3,aaft,0,7,100.0,6200,1.5317902615010353,4.626451971600142,49.316553831100464
34,arithmetic,T4,aaft,0,7,100.0,6200,1.5706880521262674,4.809956556317546,45.7995719909668
34,arithmetic,C3,aaft,0,7,100.0,6200,1.6081447871794372,4.993538552357636,43.28180766105652
34,arithmetic,C4,aaft,0,7,100.0,6200,1.6230910759341959,5.068733967835771,43.956860303878784
34,arithmetic,T5,aaft,0,7,100.0,6200,1.6037758351418876,4.971769610283298,44.161030292510986
34,arithmetic,T6,aaft,0,7,100.0,6200,1.668216889759043,5.302704056334425,40.28073835372925
34,arithmetic,P3,aaft,0,7,100.0,6200,1.6182467206806688,5.044238599846559,45.9396607875824
34,arithmetic,P4,aaft,0,7,100.0,6200,1.6373509975579987,5.1415315271108435,51.70109796524048
34,arithmetic,O1,aaft,0,7,100.0,6200,1.65765768200935,5.247006282261917,50.17735242843628
34,arithmetic,O2,aaft,0,7,100.0,6200,1.7790563635418704,5.924263429172475,44.277493953704834
34,arithmetic,Fz,aaft,0,7,100.0,6200,1.498529805071492,4.47510495494818,41.78405475616455
34,arithmetic,Cz,aaft,0,7,100.0,6200,1.5467886959725559,4.696364486890347,46.43424654006958
34,arithmetic,Pz,aaft,0,7,100.0,6200,1.609818398057233,5.001902790084843,41.259531021118164
35,rest,Fp1,aaft,0,7,100.0,18200,1.418122067345608,4.129358497165809,131.38238787651062
35,rest,Fp2,aaft,0,7,100.0,18200,1.5400808433684208,4.664967387421411,133.46425557136536
35,rest,F3,aaft,0,7,100.0,18200,1.433231238392072,4.192223403389687,200.30733156204224
35,rest,F4,aaft,0,7,100.0,18200,1.4619097181701506,4.314190554464928,132.9000904560089
35,rest,F7,aaft,0,7,100.0,18200,1.4012174653120568,4.06014003871064,122.50885891914368
35,rest,F8,aaft,0,7,100.0,18200,1.5025591546989556,4.493173094411096,123.46221423149109
35,rest,T3,aaft,0,7,100.0,18200,1.4343580852643618,4.1969500598285965,131.9683542251587
35,rest,T4,aaft,0,7,100.0,18200,1.383313505037863,3.9880943290334008,119.97448325157166
35,rest,C3,aaft,0,7,100.0,18200,1.457846798802487,4.296697905779017,121.76120400428772
35,rest,C4,aaft,0,7,100.0,18200,1.4902593487582565,4.438246423453153,120.2110755443573
35,rest,T5,aaft,0,7,100.0,18200,1.548782222479092,4.705736152207228,119.61901450157166
35,rest,T6,aaft,0,7,100.0,18200,1.390173721397151,4.0155475789405966,124.08383059501648
35,rest,P3,aaft,0,7,100.0,18200,1.4987865715369604,4.476254159362327,121.28602051734924
35,rest,P4,aaft,0,7,100.0,18200,1.4510305645523585,4.2675101944974045,121.91159725189209
35,rest,O1,aaft,0,7,100.0,18200,1.5167731101674045,4.5574949074374125,134.55004286766052
35,rest,O2,aaft,0,7,100.0,18200,1.4377232096233765,4.211097108647619,135.98960733413696
35,rest,Fz,aaft,0,7,100.0,18200,1.478762265915929,4.38751174589703,133.62567281723022
35,rest,Cz,aaft,0,7,100.0,18200,1.4222286206407815,4.146350793915881,126.80865406990051
35,rest,Pz,aaft,0,7,100.0,18200,1.4559314155278351,4.288475959077305,135.10465121269226
35,arithmetic,Fp1,aaft,0,7,100.0,6200,1.5946604458000766,4.926655921362841,48.49746751785278
35,arithmetic,Fp2,aaft,0,7,100.0,6200,1.7087907115287384,5.522279409339443,55.25983786582947
35,arithmetic,F3,aaft,0,7,100.0,6200,1.7227713343993842,5.600026525349192,43.59860348701477
35,arithmetic,F4,aaft,0,7,100.0,6200,1.6847828364309752,5.391280015604079,47.16038680076599
35,arithmetic,F7,aaft,0,7,100.0,6200,1.7549264993919182,5.783022670652622,41.53929948806763
35,arithmetic,F8,aaft,0,7,100.0,6200,1.6486089982247842,5.1997419441178625,47.29760146141052
35,arithmetic,T3,aaft,0,7,100.0,6200,1.6711045961880788,5.318038839448869,44.45207405090332
35,arithmetic,T4,aaft,0,7,100.0,6200,1.6156105941513772,5.030958859881095,42.36671447753906
35,arithmetic,C3,aaft,0,7,100.0,6200,1.654307732747069,5.229458485961451,40.74901866912842
35,arithmetic,C4,aaft,0,7,100.0,6200,1.6120894107783286,5.013275083374459,40.99487352371216
35,arithmetic,T5,aaft,0,7,100.0,6200,1.7390482637714966,5.691923634044107,50.11994290351868
35,arithmetic,T6,aaft,0,7,100.0,6200,1.616823356455567,5.037063918384425,50.4119656085968
35,arithmetic,P3,aaft,0,7,100.0,6200,1.655875081214578,5.237661296357237,41.213046073913574
35,arithmetic,P4,aaft,0,7,100.0,6200,1.602467444274156,4.965268846026412,44.76016068458557
35,arithmetic,O1,aaft,0,7,100.0,6200,1.6058054561161164,4.981870665352486,42.016544342041016
35,arithmetic,O2,aaft,0,7,100.0,6200,1.633140876241812,5.119930558885735,41.708473443984985
35,arithmetic,Fz,aaft,0,7,100.0,6200,1.6084050240796028,4.994838224455344,40.6580810546875
35,arithmetic,Cz,aaft,0,7,100.0,6200,1.6216049169251487,5.061206617989854,41.57661175727844
35,arithmetic,Pz,aaft,0,7,100.0,6200,1.558602866176312,4.752177177422013,47.79579448699951
