step,entropy
0,0.00259498
1,0.00062806
2,0.00071680
3,0.00073743
4,0.00277370
5,0.00086442
6,0.00154330
7,0.00130913
8,0.00126174
9,0.00999340
10,0.00073846
11,0.00048130
12,0.00042413
13,0.00950920
14,0.00155693
15,0.00082418
16,0.00205647
17,0.00122171
18,0.00606139
19,0.00131909
20,0.00110650
21,0.02075808
22,0.01876300
23,0.00113513
24,0.00342528
25,0.00084406
26,0.02394820
27,0.00587248
28,0.02554611
29,0.00162362
30,0.00126391
31,0.00371854
32,0.02414817
33,0.04581185
34,0.01897324
35,0.00089709
36,0.00113294
37,0.00383745
38,0.01805222
39,0.00091369
40,0.00102953
41,0.00083416
42,0.00114546
43,0.00093608
44,0.00220712
45,0.00132749
46,0.00220460
47,0.00306148
48,0.00145584
49,0.00166717
50,0.00483914
51,0.00170212
52,0.00116345
53,0.00092916
54,0.00127734
55,0.00096918
56,1.83147451
57,0.00060142
58,0.00118107
59,0.00111086
60,0.00197086
61,0.00417714
62,0.00071265
63,0.00196229
64,0.00103437
65,0.00533128
66,0.00178193
67,0.00060590
68,0.00243661
69,0.00086507
70,0.00122856
71,0.00607357
72,0.00075206
73,0.00115597
74,0.00099757
75,0.00202310
76,0.00106675
77,0.00078279
78,0.00086022
79,0.00061311
80,0.00182389
81,0.00058857
82,0.00076422
83,0.00038024
84,0.00057142
85,0.00402127
86,0.00092568
87,0.00162441
88,0.00104337
89,0.00095308
90,0.00106459
91,0.00134371
92,0.00112497
93,0.00115897
94,0.00088338
95,0.00171320
96,0.00091105
97,0.00100889
98,0.00062154
99,0.00284362
100,0.00230970
101,0.00150787
102,0.00103527
103,0.00109860
104,0.00074684
105,0.00097409
106,0.02584961
107,0.00170939
108,0.00086672
109,0.00169189
110,0.00326076
111,0.00248540
112,0.00914091
113,0.00169577
114,0.00148096
115,0.00150474
116,0.00245421
117,0.00120451
118,0.00097653
119,0.00284198
120,0.00105172
121,0.00374712
122,0.00065972
123,0.00222867
124,0.00110668
125,0.00261889
126,0.00143908
127,0.00139560
128,0.00056109
129,0.00116836
130,0.00175776
131,0.00235819
132,0.00072207
133,0.00076736
134,0.00065961
135,0.00085971
136,0.00148439
137,0.00189061
138,0.00148137
139,0.00101864
140,0.00192951
141,0.00153513
142,0.00160317
143,0.00126528
144,0.00194396
145,0.00441860
146,0.00161489
147,0.00104592
148,0.00165500
149,0.00395396
150,0.00072601
151,0.00219460
152,0.00088567
153,0.00103272
154,0.00427269
155,0.00055642
156,0.00142352
157,0.00126674
158,0.00237604
159,0.00064484
160,0.00226266
161,0.00083895
162,0.00064615
163,0.00258403
164,0.00117305
165,0.00112896
166,0.00212276
167,0.00099284
168,0.00132031
169,0.00234076
170,0.00058198
171,0.00041380
172,0.24270954
173,0.00137911
174,0.00081865
175,0.00095717
176,0.00074567
177,0.00171644
178,0.00116551
179,0.00319722
180,0.00168039
181,0.00485356
182,0.00112634
183,0.00107411
184,0.00099254
185,0.00262488
186,0.00163996
187,0.00144364
188,0.00148693
189,0.00106605
190,0.00156583
191,0.00093932
192,0.00083399
193,0.00226938
194,0.00250050
195,0.00289570
196,0.00100736
197,0.01709332
198,0.00125932
199,0.00980242
200,0.00106052
201,0.00110726
202,0.00085512
203,0.00104985
204,0.00149043
205,0.00062457
206,0.00072157
207,0.00082109
208,0.00404661
209,0.00056994
210,0.00144723
211,0.01786070
212,0.00287285
213,0.00271293
214,0.00143795
215,0.66938910
216,0.00182957
217,0.00227717
218,0.00093426
219,0.00078602
220,0.00098269
221,0.00104177
222,0.00151910
223,0.00169466
224,0.00058628
225,0.00123962
226,0.00089630
227,1.97205100
228,0.00271846
229,0.00079929
230,0.00168231
231,0.00106553
232,0.00263774
233,0.00166909
234,0.00076749
235,0.00105534
236,0.00107697
237,0.00458843
238,0.00081882
239,0.01876429
240,0.00058601
241,0.00344564
242,0.00065207
243,0.00379567
244,0.00068521
245,0.00068097
246,0.00067298
247,0.00091602
248,0.00159271
249,0.00083763
250,0.00141399
251,0.00166630
252,0.00240237
253,0.00128494
254,0.00152687
255,0.00285668
256,0.00137243
257,0.00156440
258,0.00108145
259,0.00163677
260,0.00144841
261,0.00116685
262,0.00099195
263,0.00104963
264,0.00204872
265,0.00072152
266,0.00133746
267,0.00146554
268,0.00090851
269,0.00110087
270,0.00196039
271,0.00256417
272,0.00107774
273,0.00100383
274,0.00096631
275,0.00147800
276,0.00103899
277,0.00327062
278,0.00185737
279,0.00169368
280,1.19043586
281,0.00084110
282,0.00802342
283,0.00210556
284,0.00961192
285,0.00193562
286,0.00150095
287,0.00156007
288,0.00175247
289,0.00239326
290,0.00155537
291,0.00199196
292,0.00097376
293,0.00185215
294,0.00386222
295,0.00110589
296,0.00133891
297,0.00108703
298,0.00102170
299,0.00131255
300,0.00077229
301,0.00211866
302,0.00063221
303,0.00154871
304,1.88553848
305,0.00264194
306,0.00109404
307,0.00211148
308,0.00119132
309,0.00273372
310,0.00093121
311,0.00068106
312,0.00091602
313,0.00053699
314,0.00316721
315,0.03736583
316,0.00194688
317,0.00093698
318,0.00393445
319,0.00132461
320,0.00276957
321,0.00142334
322,0.00150476
323,0.00123672
324,0.00140768
325,0.00106610
326,0.00076413
327,0.00126471
328,0.00105821
329,0.00210566
330,0.00087108
331,0.00054595
332,0.00284741
333,0.00099268
334,0.00373013
335,0.00178667
336,0.00116182
337,0.00246031
338,0.00196028
339,0.00185102
340,0.00083682
341,0.00072610
342,0.00109926
343,0.00205143
344,0.00096036
345,0.00182595
346,0.00249540
347,0.00279758
348,0.00214117
349,0.00284150
350,0.00095999
351,0.57420294
352,0.00303311
353,0.00381249
354,0.00081224
355,0.00099103
356,0.00769959
357,0.00179518
358,0.00102741
359,0.00111070
360,0.00062706
361,0.00216308
362,0.00051793
363,0.00080504
364,0.00166329
365,0.00240001
366,0.00199377
367,0.00158031
368,0.00305692
369,0.00289378
370,0.00117343
371,0.01168024
372,0.00196178
373,0.00171338
374,0.00122785
375,0.00419054
376,0.00126988
377,0.00122900
378,0.00744216
379,0.00100289
380,0.00780338
381,0.00136232
382,0.00153265
383,0.00154567
384,0.00645031
385,0.00127799
386,0.00104417
387,0.00119973
388,0.00278869
389,0.00105422
390,0.00188151
391,0.00371017
392,0.00077048
393,0.00132505
394,0.00183203
395,0.00761122
396,0.00140342
397,0.00290045
398,0.00079152
399,0.00490069
400,0.00127500
401,0.00115889
402,0.00175040
403,0.00241490
404,0.00282101
405,0.00070698
406,0.00217623
407,0.00210716
408,0.00215431
409,0.00385662
410,0.00093524
411,0.00076632
412,0.00092714
413,0.00065475
414,0.00650556
415,0.00176404
416,0.00084827
417,0.00037532
418,0.00181870
419,0.00096214
420,0.00279247
421,0.00084193
422,0.00343931
423,0.00143995
424,0.00208779
425,0.00103276
426,0.00049044
427,0.00110124
428,0.00256863
429,0.00069361
430,0.00174060
431,0.00133259
432,0.00384770
433,0.00264869
434,0.00179983
435,0.00882816
436,0.00192220
437,0.00067764
438,0.00116912
439,0.00192735
440,0.00663216
441,0.00710209
442,0.00083911
443,0.00061706
444,0.00237985
445,0.00330211
446,0.00302153
447,0.00138346
448,0.00182638
449,0.00108973
450,0.00142931
451,0.00245809
452,0.00167435
453,0.00122827
454,0.00081769
455,0.00307466
456,0.00147225
457,0.00091261
458,0.00040282
459,0.00093972
460,0.00074732
461,0.00785113
462,0.00333222
463,0.00147065
464,0.00112314
465,0.00061587
466,0.00087645
467,0.00149414
468,0.00066453
469,0.00157379
470,0.00113158
471,0.00263743
472,0.00090716
473,0.00304430
474,0.01819453
475,0.00099932
476,0.00364527
477,0.00138991
478,0.00089647
479,0.00149604
480,0.00078558
481,0.00163798
482,0.00352575
483,0.00211128
484,0.29362612
485,0.00164411
486,0.00353643
487,0.00673671
488,0.00341865
489,0.00119063
490,0.01889033
491,0.00057133
492,0.00100906
493,0.00400146
494,0.00034545
495,0.00166318
496,0.00099696
497,0.00036839
498,0.00364469
499,0.00098474
500,0.00287829
501,0.00103747
502,0.00160908
503,0.00084243
504,0.00071153
505,0.00106959
506,0.00077534
507,0.00093877
508,0.00077077
509,0.00684289
510,0.00069703
511,0.00061523
512,0.00550175
513,0.00171419
514,0.00437894
515,0.00128361
516,0.00103801
517,0.00151884
518,0.00140263
519,0.00198836
520,0.00393495
521,0.01849087
522,0.00956018
523,0.00086503
524,0.00085974
525,0.00063519
526,0.00116468
527,0.00070333
528,0.00996558
529,0.00090695
530,0.00423765
531,0.00115926
532,0.00088347
533,0.00104070
534,0.00072807
535,0.00147136
536,0.00723844
537,0.00107930
538,0.00173075
539,0.00149238
540,0.00331288
541,0.00086413
542,0.00074262
543,0.00114501
544,0.00296971
545,0.00150203
546,0.00291024
547,0.00103332
548,0.00082677
549,0.00941084
550,0.00063818
551,0.00272532
552,0.00172944
553,0.00139908
554,0.00186507
555,0.00176583
556,0.00065055
557,0.00103924
558,0.00153173
559,0.00251650
560,0.00375965
561,0.00034725
562,0.00416342
563,0.00071504
564,0.02607101
565,0.00043103
566,0.00060238
567,0.00304318
568,0.00147030
569,0.00191736
570,0.00141420
571,0.00218753
572,0.00102670
573,0.00083032
574,0.00136868
575,0.00061614
576,0.00164750
577,0.00092755
578,0.00281433
579,0.00057598
580,0.00142774
581,0.00124367
582,0.00060679
583,0.00089003
584,0.00132842
585,0.00103179
586,0.00066479
587,0.00264201
588,0.00104786
589,0.00307188
590,0.00181390
591,0.00158867
592,0.00039655
593,0.00085336
594,0.00637538
595,0.00111186
596,0.00122973
597,0.00075998
598,0.00251171
599,0.00783738
600,0.00132919
601,0.00142425
602,0.00146117
603,0.00061116
604,1.43866777
605,0.00225111
606,0.00156128
607,0.00231280
608,0.00181857
609,0.00169694
610,0.00094919
611,0.00067837
612,0.00295521
613,0.00423600
614,0.00138616
615,0.00255620
616,0.00102757
617,0.01721932
618,0.00089239
619,0.00033833
620,0.00092173
621,0.00197634
622,0.00140902
623,0.00276800
624,0.00150458
625,0.00099106
626,0.00155156
627,0.00156166
628,0.00427001
629,0.00199614
630,0.00076883
631,0.00300587
632,0.00109026
633,0.00073568
634,0.00222928
635,0.00256123
636,0.00110682
637,0.00085801
638,0.00112950
639,0.00199000
640,0.00155790
641,0.00107152
642,0.00127175
643,0.00295823
644,0.00087899
645,0.00196259
646,0.00112420
647,0.00156391
648,0.00081522
649,0.00088817
650,0.00064682
651,0.00288621
652,0.00171556
653,0.00211625
654,0.00084901
655,0.00196309
656,0.00072290
657,0.00159764
658,0.00101175
659,0.00222331
660,0.00239118
661,0.00061290
662,0.00238381
663,0.00048770
664,0.00211725
665,0.00254185
666,0.00242551
667,0.00168435
668,0.00103366
669,0.00039447
670,0.00114560
671,0.00086939
672,0.00082259
673,0.00194031
674,0.00234113
675,0.00284858
676,0.00116657
677,0.00823914
678,0.00106519
679,0.00116329
680,0.00185977
681,0.00232962
682,0.00086179
683,0.00082130
684,0.00144995
685,0.00168118
686,0.00206064
687,0.34373259
688,0.00068201
689,0.00142340
690,0.00140222
691,0.00188426
692,0.00149668
693,0.00105676
694,0.00072379
695,0.00096499
696,0.00129219
697,0.00066429
698,0.00075791
699,0.02039672
700,0.00101662
701,0.00975739
702,0.00105586
703,0.00138604
704,0.00098572
705,0.00213873
706,0.00121330
707,0.00151618
708,0.00391317
709,0.00726990
710,0.00292943
711,0.00054105
712,0.00094782
713,0.00749798
714,0.00136004
715,0.00157501
716,0.00366064
717,0.00089065
718,0.00105501
719,0.00082740
720,0.00067815
721,0.00232335
722,0.00098747
723,0.00108462
724,0.00190063
725,0.00095548
726,0.00069575
727,0.00174870
728,0.00245475
729,0.00092265
730,0.00078832
731,0.01848696
732,0.00060856
733,0.00160614
734,0.08405263
735,0.00143243
736,0.00084672
737,0.00175172
738,0.00076188
739,0.00172230
740,0.00741076
741,0.00066734
742,0.00355649
743,0.00134836
744,0.00429500
745,0.64841333
746,0.00111672
747,0.00934416
748,0.00559950
749,0.00096638
750,0.00421349
751,0.00175067
752,0.00077184
753,0.00078123
754,0.00120939
755,0.22002077
756,0.00128526
757,0.00111205
758,0.00091265
759,0.00089749
760,0.00196911
761,0.00235674
762,0.00105298
763,0.00057312
764,0.00112267
765,0.00099410
766,0.00092168
767,0.00278918
768,0.00101315
769,0.00205738
770,0.00238240
771,0.00101813
772,0.00610033
773,0.00670609
774,0.00140603
775,0.00198116
776,0.00122128
777,0.00134168
778,0.00087354
779,0.00126354
780,0.00309299
781,0.00389295
782,0.02069865
783,0.00092856
784,0.00063645
785,0.00086662
786,0.00087625
787,0.00213447
788,0.00092965
789,0.00080210
790,0.00117889
791,0.00227774
792,0.00492199
793,0.00088191
794,0.00178727
795,0.00071901
796,0.00151159
797,0.00142863
798,0.00141966
799,0.00724374
800,0.00523332
801,0.00282593
802,0.00215436
803,0.00085095
804,0.00876335
805,0.00177697
806,0.00203226
807,0.00144444
808,0.00287976
809,0.00247576
810,0.00098243
811,0.00082520
812,0.00061718
813,0.00103049
814,0.00070244
815,0.00229842
816,0.00877114
817,0.00377420
818,0.00146472
819,0.67949886
820,0.00233902
821,0.00061168
822,0.00387005
823,0.00087579
824,0.00106770
825,0.00091691
826,0.00233027
827,0.00131286
828,0.00184568
829,0.00206608
830,0.00255532
831,0.00070442
832,0.00080588
833,0.00137199
834,0.00284212
835,0.00138194
836,0.00095021
837,0.00101344
838,0.00094219
839,1.98514756
840,0.00110289
841,0.00087342
842,0.00064223
843,0.00196439
844,0.00060616
845,0.00087086
846,0.00075453
847,0.00088954
848,0.00155956
849,0.00637350
850,0.00084019
851,0.00130719
852,0.00070027
853,0.00069726
854,0.00099568
855,0.03533938
856,0.00095974
857,0.00142059
858,0.00125169
859,0.00120827
860,0.00069410
861,0.00099162
862,0.00099390
863,0.00218918
864,0.00226561
865,0.00123158
866,0.00092998
867,0.00458576
868,0.00075654
869,0.00070890
870,0.00107267
871,0.00769653
872,0.00409179
873,0.00069184
874,0.00946276
875,0.00129216
876,0.00222882
877,0.00169142
878,0.00107400
879,0.00734349
880,0.00024943
881,0.00784057
882,0.01529979
883,0.00081316
884,0.00123165
885,0.00201597
886,0.00303514
887,0.00129023
888,0.00209290
889,0.00243865
890,0.00173571
891,0.00037547
892,0.00220236
893,0.00055648
894,0.00131054
895,0.00089836
896,0.00122907
897,0.00323926
898,0.00098489
899,0.00205982
900,0.00122759
901,0.00084940
902,0.00144912
903,0.00219351
904,0.00070953
905,0.00188097
906,0.00080795
907,0.00507951
908,0.00121136
909,0.00168120
910,0.00153293
911,0.00121782
912,0.01041234
913,0.00078338
914,0.00132763
915,0.00105871
916,0.00186591
917,0.00138986
918,0.00256378
919,0.00090304
920,0.00135169
921,0.00249303
922,0.00143942
923,0.00245957
924,0.00071866
925,0.00088528
926,0.00184035
927,0.00290167
928,0.03254634
929,0.00053118
930,0.00162679
931,0.00638782
932,0.00677753
933,0.00071276
934,0.00078048
935,0.00792790
936,0.00180548
937,0.00162272
938,0.00175230
939,0.00131338
940,0.00157045
941,0.00543413
942,0.00127994
943,0.00154487
944,0.00124695
945,0.00294243
946,0.00113404
947,0.00822380
948,0.01004423
949,0.00279673
950,0.00225445
951,0.07554749
952,0.00191340
953,0.00127796
954,0.00939492
955,0.00104221
956,0.00084913
957,0.00064239
958,0.00101043
959,0.00067858
960,0.00095664
961,0.00100480
962,0.00114591
963,0.00122197
964,0.00113991
965,0.00054095
966,0.00093303
967,0.00162474
968,0.00118865
969,0.02596294
970,0.00099407
971,0.00109293
972,0.00101405
973,0.00111775
974,0.00278296
975,0.00063798
976,0.00786094
977,0.00195770
978,0.00119958
979,0.00079881
980,0.00072507
981,0.00253836
982,0.00090546
983,0.00301010
984,0.00105727
985,0.00088045
986,0.00073888
987,0.03599489
988,0.00995818
989,0.00527075
990,0.00058440
991,0.00811299
992,0.00253593
993,0.00131466
994,0.00057672
995,0.00255284
996,0.00084213
997,0.00852361
998,0.00131972
999,0.00126477
1000,0.00129211
1001,0.00127380
1002,0.00105430
1003,0.00050492
1004,0.00194507
1005,0.00036591
1006,0.00183314
1007,0.00067573
1008,0.00315113
1009,0.00070152
1010,0.00799737
1011,0.00269315
1012,0.00218393
1013,0.00109056
1014,0.00275092
1015,0.00168928
1016,0.00212821
1017,0.02142669
1018,0.00086768
1019,0.00356224
1020,0.00065907
1021,0.00040617
1022,0.00086445
1023,0.00077917
1024,0.00058050
1025,0.00082125
1026,0.00236429
1027,0.00110757
1028,0.00157972
1029,0.00906145
1030,0.00265874
1031,0.00146077
1032,0.00161666
1033,0.00140811
1034,0.00094226
1035,0.00153061
1036,0.00167149
1037,0.00166817
1038,0.00363480
1039,0.00294940
1040,0.00179614
1041,0.00243189
1042,0.00304666
1043,0.00994759
1044,0.00127559
1045,0.00272875
1046,0.00098357
1047,0.00321745
1048,0.00077562
1049,0.00211668
1050,0.00094057
1051,0.00179737
1052,0.00070805
1053,0.00148653
1054,0.01031549
1055,0.00211851
1056,0.00066208
1057,0.00372526
1058,0.00084482
1059,0.00248202
1060,0.00832339
1061,0.00108250
1062,0.00112483
1063,0.00915702
1064,0.00100125
1065,0.00060758
1066,0.00275179
1067,0.00161987
1068,0.00155266
1069,0.00251410
1070,0.00150423
1071,0.00079297
1072,0.00203443
1073,0.00106100
1074,0.00709481
1075,0.00279557
1076,0.00468219
1077,0.00116946
1078,0.02242480
1079,0.00087060
1080,0.00242844
1081,0.00068513
1082,0.00057343
1083,0.00392588
1084,0.00090872
1085,0.00129241
1086,0.00263624
1087,0.00083322
1088,0.00097962
1089,0.00111872
1090,0.00069153
1091,0.00133039
1092,0.00086833
1093,0.00865034
1094,0.00122363
1095,0.00566322
1096,0.04856383
1097,0.00084343
1098,0.00143245
1099,0.00111531
1100,0.00098234
1101,0.00147115
1102,0.00070089
1103,0.00205071
1104,0.00030636
1105,0.00150160
1106,0.00318393
1107,0.00102368
1108,0.00059742
1109,0.00125942
1110,0.00137911
1111,0.00400187
1112,0.00067632
1113,0.00079632
1114,0.00304670
1115,0.00245417
1116,0.00318238
1117,0.01660045
1118,0.00062251
1119,0.00188736
1120,0.00108481
1121,0.00060324
1122,0.01172041
1123,0.00071421
1124,0.00060859
1125,0.00087229
1126,0.00116847
1127,0.00093715
1128,0.00245722
1129,0.00127385
1130,0.00135245
1131,0.00103532
1132,0.00141922
1133,0.00431340
1134,0.00197332
1135,0.01021487
1136,0.00194741
1137,0.02066426
1138,0.00239977
1139,0.00112782
1140,0.00079150
1141,0.00215029
1142,0.00107089
1143,0.00102939
1144,0.00259604
1145,0.00186728
1146,0.00098356
1147,0.00149322
1148,0.00066568
1149,0.00033842
1150,0.00153967
1151,0.00493763
1152,0.00206213
1153,0.00171166
1154,0.00791202
1155,0.00182063
1156,0.00117798
1157,0.00100997
1158,0.00089211
1159,0.00100345
1160,0.00117366
1161,0.00579569
1162,0.00071314
1163,0.00088012
1164,0.00065747
1165,0.00099871
1166,0.00099769
1167,0.00148558
1168,0.00087670
1169,0.00162530
1170,0.00073358
1171,0.00154087
1172,0.00103531
1173,0.00378012
1174,0.00156941
1175,0.00425827
1176,0.00195832
1177,0.00081348
1178,0.00112406
1179,0.00086403
1180,0.00037166
1181,0.00065331
1182,0.00136805
1183,0.00226131
1184,0.01127290
1185,0.00180379
1186,0.00095108
1187,0.00156987
1188,0.00104349
1189,0.00448508
1190,0.00092056
1191,0.00193497
1192,0.00064658
1193,0.00112806
1194,0.00073833
1195,0.00262592
1196,0.00346387
1197,0.00185720
1198,0.00101829
1199,0.00091843
1200,0.00097541
1201,0.00111657
1202,0.00131431
1203,0.00090744
1204,0.00144744
1205,0.00044813
1206,0.00073973
1207,0.00195307
1208,0.00075047
1209,0.00081237
1210,0.00071767
1211,0.02400696
1212,0.00379449
1213,0.00184024
1214,0.00069126
1215,0.00104762
1216,0.00071777
1217,1.07328757
1218,0.00175195
1219,0.00887467
1220,0.00249435
1221,0.00083747
1222,0.09242413
1223,0.00073571
1224,0.00091083
1225,0.72571789
1226,0.00097612
1227,0.00077513
1228,0.00127882
1229,0.00133351
1230,0.00269124
1231,0.00069924
1232,0.00118241
1233,0.00212581
1234,0.00100011
1235,0.00150449
1236,0.02962493
1237,0.00047960
1238,0.00091320
1239,0.00082314
1240,0.00196970
1241,0.00191183
1242,0.00082643
1243,0.00323334
1244,0.00101421
1245,0.00067583
1246,0.00186314
1247,0.00133191
1248,0.00136638
1249,0.00198807
1250,0.00136988
1251,0.00109942
1252,0.00120208
1253,0.00100650
1254,0.00398247
1255,0.00060117
1256,0.00289301
1257,0.00093958
1258,0.00142437
1259,0.00120060
1260,0.01798304
1261,0.00130625
1262,0.00101189
1263,0.00146886
1264,0.00108294
1265,0.00115287
1266,0.00169514
1267,0.00116709
1268,0.00085972
1269,0.00057440
1270,0.00110588
1271,0.00095946
1272,0.00221964
1273,0.00147720
1274,0.00089635
1275,0.04767122
1276,0.00160915
1277,0.00100301
1278,0.00070328
1279,0.00090940
1280,0.00181301
1281,0.00106352
1282,0.00057279
1283,0.00194071
1284,0.00161255
1285,0.00157112
1286,0.00747640
1287,0.00098624
1288,0.00249966
1289,0.00260351
1290,0.00417958
1291,0.00129753
1292,0.00085145
1293,0.00146074
1294,0.00140496
1295,0.00099952
1296,0.00222642
1297,0.00078614
1298,0.00059874
1299,0.00132474
1300,0.00122595
1301,0.00110406
1302,0.00667349
1303,0.00717334
1304,0.00120212
1305,0.00201610
1306,0.00151757
1307,0.00181584
1308,0.00231473
1309,0.00111293
1310,0.24971596
1311,0.00452881
1312,0.00057297
1313,0.00272021
1314,0.00381223
1315,0.00146296
1316,0.00080841
1317,0.00208712
1318,0.00128499
1319,0.00062872
1320,0.00199984
1321,0.00137529
1322,0.00104000
1323,0.00084647
1324,0.02022150
1325,0.00643407
1326,0.00292844
1327,0.00167400
1328,0.00331629
1329,0.00151906
1330,0.00044698
1331,0.00154833
1332,1.88917565
1333,0.00134139
1334,0.00067956
1335,0.00072380
1336,0.15116110
1337,0.00584733
1338,0.00162956
1339,0.00283675
1340,0.00117077
1341,0.00136771
1342,0.00265033
1343,0.00158782
1344,0.00061773
1345,0.00401192
1346,0.00131981
1347,0.00076944
1348,0.00062676
1349,0.00117172
1350,0.00080597
1351,0.00384034
1352,0.00104972
1353,0.00388286
1354,0.00112865
1355,0.00198766
1356,0.00078934
1357,0.00279265
1358,0.00073143
1359,0.00317716
1360,0.02352856
1361,0.00064374
1362,0.00087434
1363,0.00077903
1364,0.00284308
1365,0.00146710
1366,0.00120292
1367,0.01829500
1368,0.00174637
1369,0.25838495
1370,0.00131767
1371,0.00100438
1372,0.00864174
1373,0.00306330
1374,0.00267835
1375,0.00151489
1376,0.00147313
1377,0.00106058
1378,0.04343981
1379,0.00122069
1380,0.00098918
1381,0.00200386
1382,0.00114714
1383,0.00119903
1384,0.00678481
1385,0.00220767
1386,0.00216390
1387,0.00077726
1388,0.00171350
1389,0.00109461
1390,0.02354460
1391,0.00226939
1392,0.00194190
1393,0.00335093
1394,0.00246448
1395,0.00103412
1396,0.00345399
1397,0.00096398
1398,0.00138165
1399,0.00115989
1400,0.00108136
1401,0.00184418
1402,0.00255875
1403,0.00097480
1404,0.00187826
1405,0.00124751
1406,0.00169944
1407,0.00172697
1408,0.00069047
1409,0.00854414
1410,0.00105158
1411,0.00072256
1412,0.02887202
1413,0.00139437
1414,0.00063682
1415,0.00067848
1416,0.00114319
1417,0.00096665
1418,0.00108020
1419,0.00238408
1420,0.00378178
1421,0.00056704
1422,0.00078146
1423,0.00064470
1424,0.00247541
1425,0.00107653
1426,0.00332652
1427,0.00062867
1428,0.00118007
1429,0.00262032
1430,0.00127740
1431,0.05076416
1432,0.00101652
1433,0.00109698
1434,0.00149623
1435,0.00146673
1436,0.00116980
1437,0.00144029
1438,0.00066947
1439,0.00065731
1440,0.00227759
1441,0.00108899
1442,0.00154726
1443,0.00591460
1444,0.00170748
1445,0.00069345
1446,0.00113438
1447,0.00089000
1448,0.00113107
1449,0.01596738
1450,0.00087482
1451,0.00144030
1452,0.00172858
1453,0.02919114
1454,0.00203689
1455,0.00124041
1456,0.00925449
1457,0.00136987
1458,0.00065595
1459,0.00066984
1460,0.00141238
1461,0.00077150
1462,0.00120892
1463,0.00122669
1464,0.00144851
1465,0.00133421
1466,0.00376878
1467,0.00217851
1468,0.00226824
1469,0.00117733
1470,0.00121314
1471,0.00046815
1472,0.00741389
1473,0.00067561
1474,0.00063304
1475,0.00146806
1476,0.00094388
1477,0.00142283
1478,0.00070339
1479,0.00083927
1480,0.00255689
1481,0.00076994
1482,0.00412371
1483,0.00578509
1484,0.00240934
1485,0.00153944
1486,0.00152308
1487,0.00141832
1488,0.00071595
1489,0.00067303
1490,0.01055195
1491,0.00063819
1492,0.00383911
1493,0.00134065
1494,0.00178223
1495,0.00146110
1496,0.00172529
1497,0.00098121
1498,0.00158197
1499,0.00097038
1500,0.00093295
1501,0.00139031
1502,0.00070026
1503,0.00106456
1504,0.00255721
1505,0.00123009
1506,0.00257035
1507,0.00044330
1508,0.00144215
1509,0.00082416
1510,0.03616449
1511,0.00077587
1512,0.00452034
1513,0.00505490
1514,0.00087624
1515,0.00061236
1516,0.00147251
1517,0.00163556
1518,0.00178084
1519,0.00114179
1520,0.00202769
1521,0.00108759
1522,0.00200950
1523,0.00329370
1524,0.00103604
1525,0.00204578
1526,0.00059593
1527,0.00586485
1528,0.00167236
1529,0.00799654
1530,0.00133092
1531,0.00843323
1532,0.00098404
1533,0.00102747
1534,0.00096806
1535,0.00505224
1536,0.00243867
1537,0.00847935
1538,0.00128537
1539,0.00099125
1540,0.00081655
1541,0.00066240
1542,0.00173549
1543,0.00322186
1544,0.00079684
1545,0.00188122
1546,0.00087839
1547,0.02016193
1548,0.00055443
1549,0.00290846
1550,0.00083900
1551,0.00107454
1552,0.00109397
1553,0.00059509
1554,0.00252711
1555,0.00091309
1556,0.00431022
1557,0.00111015
1558,0.00062630
1559,0.00155792
1560,0.00269433
1561,0.00106023
1562,0.00064098
1563,0.00198602
1564,0.00128947
1565,0.00072671
1566,0.03465189
1567,0.00064400
1568,0.00136135
1569,0.00066268
1570,0.00083102
1571,0.00151139
1572,0.00062675
1573,0.00099360
1574,0.00077369
1575,0.00076034
1576,0.00079034
1577,0.00219456
1578,0.00096481
1579,0.00089481
1580,0.00157984
1581,0.00236959
1582,0.00083179
1583,0.00065584
1584,0.00113427
1585,0.00081915
1586,0.00179026
1587,0.00334565
1588,0.00061224
1589,0.00081002
1590,0.00142793
1591,0.00242666
1592,0.00143537
1593,0.00138045
1594,0.00082055
1595,0.00061992
1596,0.00472964
1597,0.00133950
1598,0.00283219
1599,0.00140352
1600,0.00341508
1601,0.00135573
1602,0.00196207
1603,0.00056407
1604,0.00182680
1605,0.02446740
1606,0.00105586
1607,0.00169167
1608,0.00154779
1609,0.00186354
1610,0.00067483
1611,0.00152706
1612,0.00207336
1613,0.00080072
1614,0.00325208
1615,0.00125603
1616,0.00081170
1617,0.00108664
1618,0.00122910
1619,0.00094547
1620,0.00358354
1621,0.00095262
1622,0.00091830
1623,0.02457298
1624,0.00222138
1625,0.00110502
1626,0.00160207
1627,0.00182485
1628,0.00406709
1629,0.01956800
1630,0.00130048
1631,0.00697128
1632,0.00135706
1633,0.00182915
1634,0.00248696
1635,0.00311810
1636,0.00198623
1637,0.00151100
1638,0.00079777
1639,0.01774133
1640,0.00061491
1641,0.00106954
1642,0.00156931
1643,0.00134618
1644,0.00107968
1645,0.00157698
1646,0.00086856
1647,0.00249780
1648,0.00087315
1649,0.00079733
1650,0.00186755
1651,0.00103752
1652,0.00156167
1653,0.00153194
1654,0.00115940
1655,0.00223215
1656,0.00071966
1657,0.00137860
1658,0.00086213
1659,0.00059050
1660,0.11815782
1661,0.00283660
1662,0.00404364
1663,0.01056151
1664,0.00090554
1665,0.00196785
1666,0.02884840
1667,0.00645104
1668,0.00167507
1669,0.00162161
1670,0.00067673
1671,0.00107316
1672,0.00096467
1673,0.00077785
1674,0.00105869
1675,0.00201866
1676,0.00148638
1677,0.00160248
1678,0.00161004
1679,0.00139291
1680,0.00071253
1681,0.00099642
1682,0.02106221
1683,0.00092734
1684,0.00072809
1685,0.00037392
1686,0.00090307
1687,0.00305973
1688,0.00175557
1689,0.00395658
1690,0.00157757
1691,0.00178363
1692,0.00066053
1693,0.00064222
1694,0.01899575
1695,0.00128683
1696,0.00059816
1697,0.00142583
1698,0.00158351
1699,0.00408394
1700,0.00390363
1701,0.00122174
1702,0.00845206
1703,0.00740278
1704,0.00385386
1705,0.00095820
1706,0.00113720
1707,0.00168999
1708,0.00127326
1709,0.00162351
1710,0.00080271
1711,0.00118498
1712,0.00102778
1713,0.00152019
1714,0.00649411
1715,0.00107218
1716,0.00172230
1717,0.00159020
1718,0.00279628
1719,0.00067976
1720,0.00154481
1721,0.00095269
1722,0.00092116
1723,0.00294563
1724,0.00084477
1725,0.00093642
1726,0.00136574
1727,0.00100543
1728,0.00201886
1729,0.00074630
1730,0.00678071
1731,0.00120087
1732,0.00923182
1733,0.00376140
1734,0.00134587
1735,0.00153916
1736,0.00806345
1737,0.00291267
1738,0.00290376
1739,0.00137098
1740,0.00074277
1741,0.00070266
1742,0.00115088
1743,0.00037355
1744,0.00210868
1745,0.00036939
1746,0.00117935
1747,0.00146550
1748,0.00230359
1749,0.00177721
1750,0.00276804
1751,0.00088747
1752,0.00036958
1753,0.00127722
1754,0.00091213
1755,0.00722124
1756,0.02074995
1757,0.00062387
1758,0.00234600
1759,0.00142227
1760,0.00113405
1761,0.00298382
1762,0.00083073
1763,0.01089432
1764,0.00106927
1765,0.00135501
1766,0.00099211
1767,0.00160078
1768,0.00072137
1769,0.00111207
1770,0.00095208
1771,0.00169666
1772,0.00079328
1773,0.00063467
1774,0.00090231
1775,0.00129916
1776,0.00164511
1777,0.00406494
1778,0.00398642
1779,0.00083550
1780,0.00170176
1781,0.00161188
1782,0.00128175
1783,0.00186083
1784,0.00075061
1785,0.00171326
1786,0.00912030
1787,0.00130841
1788,0.00103903
1789,0.00421812
1790,0.00067483
1791,0.00200737
1792,0.00167513
1793,0.00155014
1794,0.00357207
1795,0.00307474
1796,0.00245558
1797,0.00109669
1798,0.00798377
1799,0.00123146
1800,0.00081362
1801,0.00944950
1802,0.00184183
1803,0.01757047
1804,0.00116897
1805,0.00151461
1806,0.00980674
1807,0.00059352
1808,0.00057528
1809,0.00138421
1810,0.00066171
1811,0.02240892
1812,0.00117487
1813,0.00084017
1814,0.00652092
1815,0.00098033
1816,0.00142925
1817,0.00348587
1818,0.00085811
1819,0.00049082
1820,0.00152871
1821,0.00116716
1822,0.00066851
1823,0.00131470
1824,0.00097807
1825,0.00177237
1826,0.00277730
1827,0.00072036
1828,0.00285189
1829,0.00066535
1830,0.00170016
1831,0.00067150
1832,0.00247764
1833,0.00352070
1834,0.00213521
1835,0.00070722
1836,0.00288267
1837,0.00079586
1838,0.00182114
1839,0.00163991
1840,0.00096211
1841,0.00095910
1842,0.51194709
1843,0.00096967
1844,0.00226508
1845,0.00777877
1846,0.00162424
1847,0.00280665
1848,0.00149462
1849,0.00268045
1850,0.00159014
1851,0.00141845
1852,0.00102379
1853,0.00298640
1854,0.00396624
1855,0.00086528
1856,0.00084479
1857,0.00138305
1858,0.00256326
1859,0.00117532
1860,0.00141773
1861,0.00392474
1862,0.00058117
1863,0.00920651
1864,0.00157876
1865,0.00374622
1866,0.00063334
1867,0.00123773
1868,0.00216858
1869,0.00068184
1870,0.00041525
1871,0.00116154
1872,0.00050518
1873,0.00115280
1874,0.02003103
1875,0.00225592
1876,0.00217097
1877,0.00182402
1878,0.00176305
1879,0.00689244
1880,0.00174427
1881,0.00182598
1882,0.00281911
1883,0.00082857
1884,0.00169719
1885,0.00103517
1886,0.00912693
1887,0.01007597
1888,0.00080093
1889,0.00802814
1890,0.00093813
1891,0.00063553
1892,0.00515373
1893,0.00125392
1894,0.00189365
1895,0.00717344
1896,0.00142632
1897,0.00136250
1898,0.02806470
1899,0.00372708
1900,0.00121184
1901,0.00429294
1902,0.00774195
1903,0.00219046
1904,0.00071097
1905,0.00149977
1906,0.00096590
1907,0.00147112
1908,0.00030810
1909,0.00242532
1910,0.00297196
1911,0.01863027
1912,0.00101400
1913,0.00315167
1914,0.00061798
1915,0.00196879
1916,0.00106848
1917,0.00201188
1918,0.00062738
1919,0.00194231
1920,0.00156081
1921,0.00288416
1922,0.00179427
1923,0.00865923
1924,0.00115493
1925,0.00196430
1926,0.00147210
1927,0.21610220
1928,0.00111118
1929,0.00099223
1930,0.00220937
1931,0.00114027
1932,0.00097486
1933,0.00102960
1934,0.00105407
1935,0.00213671
1936,0.00338059
1937,0.00184972
1938,0.00142507
1939,0.00129916
1940,0.00088477
1941,0.00116082
1942,0.00146696
1943,0.00181069
1944,0.00151961
1945,0.00207763
1946,0.00067448
1947,0.00656010
1948,0.00141622
1949,0.00187673
1950,0.00131358
1951,0.00119056
1952,0.00061957
1953,0.00081044
1954,0.00133774
1955,0.00528238
1956,0.00177965
1957,0.00099364
1958,0.00129974
1959,0.00775932
1960,0.00155935
1961,0.00187697
1962,0.00174298
1963,0.00090294
1964,0.00108599
1965,0.00236734
1966,0.00103313
1967,0.00363873
1968,0.00079470
1969,0.00099367
1970,1.04475541
1971,0.00173094
1972,0.00136466
1973,0.00097890
1974,0.00715601
1975,0.00055807
1976,0.00110157
1977,0.00038076
1978,0.00234886
1979,0.00201640
1980,0.00149602
1981,0.00275918
1982,0.00156750
1983,0.00067969
1984,0.00082393
1985,0.00296690
1986,0.00263426
1987,0.00336187
1988,0.00146606
1989,0.00112143
1990,0.00072469
1991,0.00117601
1992,0.00082703
1993,0.13926255
1994,0.00065194
1995,0.00078814
1996,0.00124458
1997,0.00139274
1998,0.01767973
1999,0.00097575
2000,0.00061034
2001,0.00059062
2002,0.00128677
2003,0.00154572
2004,0.00233158
2005,0.00171815
2006,0.00112565
2007,0.00144508
2008,0.00104142
2009,0.00141937
2010,0.00093781
2011,0.00056421
2012,0.00064727
2013,0.00062095
2014,0.00086739
2015,0.00094214
2016,0.00059843
2017,0.00682038
2018,0.00131316
2019,0.00097848
2020,0.00125634
2021,0.00169318
2022,0.00203554
2023,0.00126055
2024,0.00167155
2025,0.05085306
2026,0.00093298
2027,0.00420794
2028,0.00075237
2029,0.00185621
2030,0.00378686
2031,0.06196353
2032,0.00129866
2033,0.00145449
2034,0.00647774
2035,0.00098318
2036,0.00125819
2037,0.00438819
2038,0.00072383
2039,0.00063768
2040,0.00124073
2041,0.01879146
2042,0.00290761
2043,0.00125825
2044,0.00379146
2045,0.00085068
2046,0.00125522
2047,0.00324147
2048,0.00174394
2049,0.00962166
2050,0.00073576
2051,0.00080819
2052,0.00283694
2053,0.00176442
2054,0.00083106
2055,0.00096252
2056,0.00227159
2057,0.00122515
2058,0.00077581
2059,0.00177390
2060,0.00417713
2061,0.00969186
2062,0.00086402
2063,0.00194682
2064,0.00158460
2065,0.00091076
2066,0.00155512
2067,0.00062877
2068,0.00577445
2069,0.00138353
2070,0.00106613
2071,0.00241113
2072,0.00121068
2073,0.00165924
2074,0.00159595
2075,0.00347699
2076,0.00082880
2077,0.00099945
2078,0.00279286
2079,0.00045063
2080,0.00150965
2081,0.00092698
2082,0.00213228
2083,0.00131816
2084,0.00938843
2085,0.02808515
2086,0.00036365
2087,0.02365643
2088,0.01960452
2089,0.00064635
2090,0.00142500
2091,0.00081135
2092,0.00121518
2093,0.00205993
2094,0.00158092
2095,0.00100191
2096,0.00042076
2097,0.00124800
2098,0.00072108
2099,0.00096423
2100,0.00753753
2101,0.00089804
2102,0.00266123
2103,0.00423912
2104,0.00206667
2105,0.00155378
2106,0.00090726
2107,0.01887731
2108,0.00112032
2109,0.00214264
2110,0.00080845
2111,0.00489584
2112,0.00261826
2113,0.02098969
2114,0.00074439
2115,0.00432277
2116,0.00755425
2117,0.00303592
2118,0.00245195
2119,0.00791241
2120,0.01998476
2121,0.00087845
2122,0.00078232
2123,0.00239710
2124,0.00124601
2125,0.00085956
2126,0.04009531
2127,0.00142588
2128,0.00410741
2129,0.00049248
2130,0.00131312
2131,0.00176444
2132,0.00102139
2133,0.00062108
2134,0.00243002
2135,0.00122577
2136,0.00091478
2137,0.00093524
2138,0.00220364
2139,0.00825880
2140,0.00124690
2141,0.00128822
2142,0.00735049
2143,0.00185643
2144,0.00086012
2145,0.00215767
2146,0.00149924
2147,0.00387093
2148,0.00122538
2149,0.00109464
2150,0.00161515
2151,0.00272172
2152,0.00195403
2153,0.00301625
2154,0.00070242
2155,0.00074700
2156,0.00246236
2157,0.00147200
2158,0.00090586
2159,0.00081037
2160,0.00620036
2161,0.00264501
2162,0.00066428
2163,0.00229433
2164,0.00204507
2165,0.00090696
2166,0.00153443
2167,0.00059930
2168,0.00112194
2169,0.00130264
2170,0.00843790
2171,0.00076248
2172,0.00256889
2173,0.00649749
2174,0.00771284
2175,0.00055204
2176,0.00072509
2177,0.00115677
2178,0.00167936
2179,0.00148872
2180,0.00088016
2181,0.00151846
2182,0.08059198
2183,0.00096899
2184,0.00087295
2185,0.00168355
2186,0.00084813
2187,0.00198603
2188,0.00199643
2189,0.00098472
2190,0.00031439
2191,0.00058094
2192,0.00066733
2193,0.00171440
2194,0.00112877
2195,0.00113542
2196,0.00401977
2197,0.00086753
2198,0.00163305
2199,0.00086461
2200,0.00132909
2201,0.00206700
2202,0.00205871
2203,0.00083679
2204,0.00132404
2205,0.00106936
2206,0.00182778
2207,0.00127691
2208,0.00077131
2209,0.00116905
2210,0.00095592
2211,0.00088493
2212,0.00221633
2213,0.00127543
2214,0.00128284
2215,0.00128050
2216,0.00087960
2217,0.00154104
2218,0.00193420
2219,0.00107892
2220,0.00260017
2221,0.00080922
2222,0.00070728
2223,0.00166143
2224,0.00041001
2225,0.00085334
2226,0.00154101
2227,0.00235159
2228,0.00198788
2229,0.00073608
2230,0.00107721
2231,0.00099443
2232,0.00160014
2233,0.00779286
2234,0.00507227
2235,0.00117363
2236,0.00133662
2237,0.00149344
2238,0.00231416
2239,0.00239764
2240,0.00067156
2241,0.00272544
2242,0.00072063
2243,0.00101299
2244,0.00100515
2245,0.00095723
2246,0.00116718
2247,0.02217086
2248,0.00276485
2249,0.02750004
2250,0.00104842
2251,0.00075570
2252,0.00492044
2253,0.00100670
2254,0.00350626
2255,0.00081315
2256,0.00133217
2257,0.00102938
2258,0.00064777
2259,0.00658385
2260,0.00155685
2261,0.00186808
2262,0.00143296
2263,0.00212760
2264,0.01707462
2265,0.00169021
2266,0.00187758
2267,0.00066755
2268,0.00861409
2269,0.00103986
2270,0.00082114
2271,0.00126085
2272,0.00461443
2273,0.00274234
2274,0.00789054
2275,0.00101182
2276,0.00099497
2277,0.00067446
2278,0.00151636
2279,0.05370534
2280,0.00256163
2281,0.00137204
2282,0.00104764
2283,0.00080580
2284,0.00174436
2285,0.00036836
2286,0.00132611
2287,0.00144245
2288,1.43185730
2289,0.00092049
2290,0.00230595
2291,0.00114422
2292,0.00082252
2293,0.00435493
2294,0.00116201
2295,0.00122963
2296,2.34366636
2297,0.00103888
2298,1.85734622
2299,0.00131459
2300,0.00076028
2301,0.00148201
2302,0.00312307
2303,0.00140402
2304,0.00063883
2305,0.00087464
2306,0.00562503
2307,0.00107232
2308,0.00064013
2309,0.00100768
2310,0.00169164
2311,0.00131438
2312,0.00126021
2313,0.01866571
2314,0.00099635
2315,0.00085658
2316,0.00878492
2317,0.00183245
2318,0.00145009
2319,0.00180483
2320,0.00946650
2321,0.00065507
2322,0.00061318
2323,0.00161289
2324,0.00390554
2325,0.00249331
2326,0.00635516
2327,0.00089278
2328,0.00073109
2329,0.00240506
2330,0.00114107
2331,0.00084997
2332,0.00270119
2333,0.00246141
2334,0.00294928
2335,0.00164472
2336,0.00238013
2337,0.00091386
2338,0.00154115
2339,0.00217847
2340,0.00203407
2341,0.01877457
2342,0.04247107
2343,0.00094250
2344,0.00071008
2345,0.00138806
2346,0.00134505
2347,0.00143796
2348,0.00758659
2349,0.00415896
2350,0.00656889
2351,0.00147697
2352,0.00058415
2353,0.00092857
2354,0.00069757
2355,0.00115697
2356,0.00310421
2357,0.00260482
2358,0.00108199
2359,0.02737376
2360,0.00269132
2361,0.00349608
2362,0.00421826
2363,0.00144338
2364,0.00195804
2365,0.00115506
2366,0.00125524
2367,0.00038399
2368,0.00074572
2369,0.00248318
2370,0.00139759
2371,0.00116002
2372,0.00094104
2373,0.00083174
2374,0.00092079
2375,0.01008305
2376,0.00323421
2377,0.00136843
2378,0.00074956
2379,0.00106541
2380,0.00145441
2381,0.00108358
2382,0.00086076
2383,0.00110135
2384,0.00461307
2385,0.00184931
2386,0.00158590
2387,0.00167204
2388,0.00108715
2389,0.00058688
2390,0.00070347
2391,0.00111259
2392,0.00075892
2393,0.00108856
2394,0.00085856
2395,0.00217027
2396,0.00105769
2397,0.00122513
2398,0.00154490
2399,0.00822603
2400,0.00385850
2401,0.00176362
2402,0.00172236
2403,0.00182411
2404,0.00128201
2405,0.00281848
2406,0.00260264
2407,0.00236539
2408,0.00078377
2409,0.00939986
2410,0.00061417
2411,0.00115850
2412,0.00109064
2413,0.00174615
2414,0.01460716
2415,0.00061241
2416,0.00124653
2417,0.02395167
2418,0.00161719
2419,0.00262192
2420,0.00085598
2421,0.00106009
2422,0.00127812
2423,0.00157556
2424,0.00664115
2425,0.00090877
2426,0.00160115
2427,0.01884010
2428,0.00165684
2429,0.00128757
2430,0.00078822
2431,0.00037668
2432,0.00222492
2433,0.00099259
2434,0.00107518
2435,0.00105124
2436,0.00096341
2437,0.02029838
2438,0.00827691
2439,0.00125835
2440,0.00155839
2441,0.00072288
2442,0.00091487
2443,0.00091658
2444,0.00153909
2445,0.00281925
2446,0.00143791
2447,0.00105649
2448,0.00127072
2449,0.00622817
2450,0.00072790
2451,0.00148075
2452,0.00126706
2453,0.00095203
2454,0.00170956
2455,0.00103247
2456,0.00059136
2457,0.00305534
2458,0.00424454
2459,0.00131394
2460,0.00239978
2461,0.00118172
2462,0.00301536
2463,0.00097750
2464,0.00134502
2465,0.00119728
2466,0.00164063
2467,0.00593672
2468,0.00126990
2469,0.00106154
2470,0.00205932
2471,0.00086818
2472,0.00341375
2473,0.00101824
2474,0.00068023
2475,0.00161214
2476,0.00138599
2477,0.00094778
2478,0.00159277
2479,0.00086537
2480,0.00213350
2481,0.00061834
2482,0.00129238
2483,0.00681218
2484,0.00065282
2485,0.00573864
2486,0.00060234
2487,0.00065518
2488,0.00122228
2489,0.00094602
2490,0.00070226
2491,0.00144971
2492,0.01322251
2493,0.00090076
2494,0.00162938
2495,0.00296642
2496,0.00093492
2497,0.00224882
2498,0.00345119
2499,0.00152068
2500,0.00084816
2501,0.00327145
2502,0.00092010
2503,0.00650078
2504,0.00109620
2505,0.00034098
2506,0.00323363
2507,0.00091684
2508,0.00088893
2509,0.00167151
2510,0.00176267
2511,0.00086381
2512,0.00088168
2513,0.00164047
2514,0.00147162
2515,0.00175302
2516,0.00066843
2517,0.00271293
2518,0.00158707
2519,0.00935399
2520,0.00161941
2521,0.00239775
2522,0.00072523
2523,0.00067291
2524,0.00190830
2525,0.00343356
2526,0.00137922
2527,0.00136526
2528,0.00101577
2529,0.00237934
2530,0.00111307
2531,0.00123760
2532,0.00158441
2533,0.00281804
2534,0.00068614
2535,0.00299291
2536,0.00080726
2537,0.01710071
2538,0.00254200
2539,0.00271729
2540,0.01985720
2541,0.00079978
2542,0.00111173
2543,0.00099877
2544,0.00077130
2545,0.00115821
2546,0.00399439
2547,0.00167431
2548,0.00396569
2549,0.01853371
2550,0.00273583
2551,0.00084459
2552,0.00130752
2553,0.00132092
2554,0.00128416
2555,0.00013550
2556,0.00134515
2557,0.00304553
2558,0.00140735
2559,0.00154855
2560,0.00707947
2561,0.00116846
2562,0.00213294
2563,0.00055404
2564,0.00068846
2565,0.00223559
2566,0.00139558
2567,0.00043448
2568,0.00262169
2569,0.00229754
2570,0.00111917
2571,0.00096421
2572,0.00351282
2573,0.00074616
2574,0.00164317
2575,0.00061451
2576,0.00119679
2577,0.00081602
2578,0.00116852
2579,0.00036153
2580,0.00109404
2581,0.00088476
2582,0.00134273
2583,0.00153998
2584,0.00227431
2585,0.00109879
2586,0.00171754
2587,0.00106664
2588,0.00128335
2589,0.00349800
2590,0.00100023
2591,0.00161844
2592,0.00076573
2593,0.00081588
2594,0.00118118
2595,0.00096189
2596,0.00236736
2597,0.00102755
2598,0.00223173
2599,0.00163233
2600,0.00263285
2601,0.00124170
2602,0.00101130
2603,0.00101328
2604,0.00108003
2605,0.00037381
2606,0.00077879
2607,0.00085781
2608,0.00071324
2609,0.00257804
2610,0.01230082
2611,0.00131053
2612,0.00132673
2613,0.00129278
2614,0.00116875
2615,0.00513227
2616,0.00057891
2617,0.02116917
2618,0.00111675
2619,0.00180550
2620,0.00088428
2621,0.00196874
2622,0.00106268
2623,0.00123530
2624,0.00234198
2625,0.00948647
2626,0.00061868
2627,0.00143328
2628,0.00084320
2629,0.00140156
2630,0.00273443
2631,0.00186814
2632,0.00078873
2633,0.00086072
2634,0.00159773
2635,0.00138603
2636,0.00804871
2637,0.00148596
2638,0.00064340
2639,0.00145785
2640,0.00219481
2641,0.00145113
2642,0.00093483
2643,0.00163730
2644,0.00130767
2645,0.00065294
2646,0.00761164
2647,0.00165039
2648,0.00629683
2649,0.00174185
2650,0.00138119
2651,0.00704969
2652,0.00283726
2653,0.00170086
2654,0.00136541
2655,0.00270275
2656,0.00107532
2657,0.00086320
2658,0.00272536
2659,0.00157272
2660,0.00067918
2661,0.00105961
2662,0.00062683
2663,0.00392397
2664,0.00279690
2665,0.00104021
2666,0.00061595
2667,0.00907149
2668,0.01019040
2669,0.00143885
2670,0.00078142
2671,0.00668311
2672,0.00189841
2673,0.00193683
2674,0.00132978
2675,0.00092347
2676,0.00115241
2677,0.00066745
2678,0.00459449
2679,0.00086231
2680,0.00271924
2681,0.02958047
2682,0.00222473
2683,0.00105074
2684,0.00177233
2685,0.00086281
2686,0.02390312
2687,0.00142722
2688,0.01464998
2689,0.00060158
2690,0.00152985
2691,0.00812658
2692,0.00100054
2693,0.00094985
2694,0.00398303
2695,0.00072771
2696,0.00080230
2697,0.00076363
2698,0.00080975
2699,0.00103909
2700,0.01949647
2701,0.02007395
2702,0.00271857
2703,0.00237892
2704,0.00083186
2705,0.00378241
2706,0.00271537
2707,0.00288785
2708,0.00239554
2709,0.00185751
2710,0.30648010
2711,0.00110529
2712,0.00094960
2713,0.00097291
2714,0.00375234
2715,0.00111764
2716,0.00058850
2717,0.00094574
2718,0.00128588
2719,0.00158814
2720,0.00122657
2721,0.00096031
2722,0.00749824
2723,0.00062989
2724,0.00072401
2725,0.00102453
2726,0.00114747
2727,0.00300039
2728,0.00927599
2729,0.00068432
2730,0.00086893
2731,0.00358993
2732,0.00056733
2733,0.00083839
2734,0.00068283
2735,0.07801665
2736,0.00184033
2737,0.00239236
2738,0.00071452
2739,0.01071894
2740,0.02485403
2741,0.00066891
2742,0.00105173
2743,0.00167006
2744,0.00143858
2745,0.00260403
2746,0.00017000
2747,0.00136092
2748,0.00237135
2749,0.00501206
2750,0.00124669
2751,0.00093371
2752,0.00181750
2753,0.00066797
2754,0.00683765
2755,0.00780740
2756,0.00094483
2757,0.00143677
2758,0.00151144
2759,0.00825019
2760,0.00127716
2761,0.00159095
2762,0.00087703
2763,0.00064869
2764,0.00141690
2765,0.00122315
2766,0.00369786
2767,0.00225657
2768,0.00235284
2769,0.00164246
2770,0.00098725
2771,0.00219377
2772,0.00151520
2773,0.00162156
2774,0.00164016
2775,0.01906825
2776,0.00053129
2777,0.00288063
2778,0.00079351
2779,0.00182300
2780,0.00321578
2781,0.00131946
2782,0.00068035
2783,0.00401634
2784,0.00198614
2785,0.00334680
2786,0.02496245
2787,0.00970486
2788,0.00100889
2789,0.00103557
2790,0.00120620
2791,0.00139077
2792,0.00110456
2793,0.00167303
2794,0.02168753
2795,0.00059715
2796,0.00107470
2797,0.00234543
2798,0.00091029
2799,0.00289833
2800,0.00316857
2801,0.00117826
2802,0.00091107
2803,0.00098573
2804,0.00100694
2805,0.00140517
2806,0.00093041
2807,0.00070510
2808,0.03674540
2809,0.00278124
2810,0.00091599
2811,0.00102035
2812,0.00119721
2813,0.00042029
2814,0.00329831
2815,0.00062590
2816,0.00159588
2817,0.00094895
2818,0.00258275
2819,0.01521510
2820,0.00154973
2821,0.00304423
2822,0.00170536
2823,0.00899662
2824,0.00085208
2825,0.07164942
2826,0.00152078
2827,0.00098887
2828,0.00125074
2829,0.00180859
2830,0.00035791
2831,0.00101166
2832,0.00135080
2833,0.00306696
2834,1.68680338
2835,0.78642765
2836,0.00142484
2837,0.01303149
2838,0.00183289
2839,0.00136498
2840,0.00187563
2841,0.00124464
2842,0.00077394
2843,0.00359584
2844,0.00091478
2845,0.00303794
2846,0.00513702
2847,0.00124582
2848,0.00068222
2849,0.00096245
2850,0.02804950
2851,0.00075652
2852,0.00139059
2853,0.00135755
2854,0.00193055
2855,0.00225150
2856,0.00098131
2857,0.00095344
2858,0.00210147
2859,0.00253150
2860,0.00263390
2861,0.00572436
2862,0.00073685
2863,0.00090749
2864,0.00912347
2865,0.00968568
2866,0.00260075
2867,0.00158184
2868,0.00063691
2869,0.00196121
2870,0.00101705
2871,0.00269933
2872,0.00101867
2873,0.00092337
2874,0.00085188
2875,0.00108431
2876,0.00152340
2877,0.00096271
2878,0.00266190
2879,0.00062713
2880,0.00402949
2881,0.00126735
2882,0.00072382
2883,0.00240162
2884,0.00469715
2885,0.02068272
2886,0.00149588
2887,0.00188651
2888,0.00159271
2889,0.00081467
2890,0.00138972
2891,0.00988595
2892,0.00615045
2893,0.00145373
2894,0.00285845
2895,0.00039631
2896,0.00191587
2897,0.00230987
2898,0.00170848
2899,0.00421244
2900,0.00156041
2901,0.00442775
2902,0.00183263
2903,0.00085831
2904,0.00114386
2905,0.00217148
2906,0.00104551
2907,0.00090424
2908,0.00156400
2909,0.00118401
2910,0.00083644
2911,0.00126770
2912,0.00153946
2913,0.00063732
2914,0.00357914
2915,0.00134616
2916,0.00135785
2917,0.00687820
2918,0.00068781
2919,0.00187656
2920,0.00097891
2921,0.00070916
2922,0.00088228
2923,0.00085209
2924,0.00154822
2925,0.00200690
2926,0.00136789
2927,0.00061025
2928,0.00165435
2929,0.00098820
2930,0.00070914
2931,0.00142445
2932,0.00154947
2933,0.00082244
2934,0.04461104
2935,0.01081978
2936,0.00163239
2937,0.00265638
2938,0.00156428
2939,0.00238684
2940,0.00788477
2941,0.00814609
2942,0.00656235
2943,0.00133577
2944,0.00221181
2945,0.00284567
2946,0.00174735
2947,0.00067122
2948,0.00082638
2949,0.00134013
2950,0.00843553
2951,0.00180031
2952,0.00119804
2953,0.00260491
2954,0.00499745
2955,0.00062867
2956,0.00108109
2957,0.00133939
2958,0.00132717
2959,0.00098287
2960,0.00198937
2961,0.00310499
2962,0.00096338
2963,0.00092760
2964,0.00066811
2965,0.00133068
2966,0.00424480
2967,0.00059188
2968,0.00097575
2969,0.00167894
2970,0.00314428
2971,0.00243846
2972,0.00137691
2973,0.00209982
2974,0.00236925
2975,0.00285902
2976,0.00662666
2977,0.00079902
2978,0.00114018
2979,0.00103752
2980,0.00062466
2981,0.00123901
2982,0.00139532
2983,0.00090321
2984,0.00292889
2985,0.00099216
2986,0.00086952
2987,0.00959684
2988,0.00181611
2989,0.00076145
2990,0.00135191
2991,0.00167638
2992,0.00208674
2993,0.00107691
2994,0.00061035
2995,0.01876839
2996,0.00149400
2997,0.00080481
2998,0.00153639
2999,0.57624480
3000,0.00094469
3001,0.00343068
3002,0.00086828
3003,0.00133473
3004,0.00096036
3005,0.00374541
3006,0.00154188
3007,0.00089045
3008,0.00249872
3009,0.00204991
3010,0.00109547
3011,0.00862451
3012,0.00069957
3013,0.00074692
3014,0.00059536
3015,0.00627513
3016,0.00104824
3017,0.00116810
3018,0.00065894
3019,0.00297149
3020,0.00666887
3021,0.00389885
3022,0.00071004
3023,0.00151538
3024,0.00155608
3025,0.00067873
3026,0.00833192
3027,0.00864437
3028,0.00320960
3029,0.00056422
3030,0.41953836
3031,0.00092894
3032,0.00320601
3033,0.00095032
3034,0.00120202
3035,0.00086177
3036,0.00134292
3037,0.00057796
3038,0.00149023
3039,0.00036440
3040,0.00111573
3041,0.00146449
3042,0.00115892
3043,0.00079741
3044,0.00324262
3045,0.00371983
3046,0.00345309
3047,0.00063822
3048,0.00868124
3049,0.00148015
3050,0.00133107
3051,0.00066899
3052,0.00161586
3053,0.00405951
3054,0.00774790
3055,0.00099883
3056,0.00180620
3057,0.00152730
3058,0.00152313
3059,0.00068301
3060,0.01977756
3061,1.84378460
3062,0.00087919
3063,0.00165876
3064,0.00071316
3065,0.00101196
3066,0.00159529
3067,0.00090288
3068,0.00252620
3069,0.00104129
3070,0.00134166
3071,0.00040624
3072,0.00227711
3073,0.00229570
3074,0.00109067
3075,0.00149199
3076,0.00094369
3077,0.00174583
3078,0.00040234
3079,0.00058661
3080,0.00062139
3081,0.00104096
3082,0.01146081
3083,0.00035448
3084,0.00081581
3085,0.00052582
3086,0.00181462
3087,0.00104608
3088,0.00119437
3089,0.00089858
3090,0.00093621
3091,0.00120249
3092,0.00086265
3093,0.00177712
3094,0.00167627
3095,0.00099731
3096,0.04436443
3097,0.00287258
3098,0.00099668
3099,0.00090819
3100,0.01715429
3101,0.00111793
3102,0.00320517
3103,0.00143112
3104,0.00078903
3105,0.00914979
3106,0.00106551
3107,0.00139764
3108,0.01013843
3109,0.00144930
3110,0.00154458
3111,0.00069877
3112,0.00407049
3113,0.00262770
3114,0.00071228
3115,0.00170335
3116,0.00066913
3117,0.03634037
3118,0.00159529
3119,0.00172742
3120,0.00220330
3121,0.00064147
3122,0.00128606
3123,0.00136469
3124,0.00101190
3125,0.20066443
3126,0.00688807
3127,0.00110593
3128,1.20298187
3129,2.39848960
3130,0.00162028
3131,0.00809596
3132,0.00078173
3133,0.00140273
3134,0.00073582
3135,0.00138584
3136,0.00109436
3137,0.00075721
3138,0.00201950
3139,0.00169827
3140,0.00359702
3141,0.00124830
3142,0.00151086
3143,0.00081586
3144,0.00400490
3145,0.00391910
3146,0.00370948
3147,0.00138867
3148,0.00099228
3149,0.00176072
3150,0.00122644
3151,0.00098861
3152,0.00938925
3153,0.00212737
3154,0.00135700
3155,0.00388446
3156,0.00149027
3157,0.00325750
3158,0.00390010
3159,0.00197223
3160,0.00279322
3161,0.00101490
3162,0.00795931
3163,0.00037632
3164,0.00794325
3165,0.00612766
3166,0.00168002
3167,0.00105730
3168,0.00079731
3169,0.00145653
3170,0.00210760
3171,0.00188397
3172,0.00120460
3173,0.00069891
3174,0.00182996
3175,0.00137149
3176,0.00154969
3177,0.00320744
3178,0.00135537
3179,0.00104966
3180,0.00914093
3181,0.00765622
3182,0.00074664
3183,0.00194418
3184,0.00127073
3185,0.00405175
3186,0.00202950
3187,1.43017680
3188,0.00054569
3189,0.00062214
3190,0.00104121
3191,0.02427716
3192,0.00097204
3193,0.00111192
3194,0.00149786
3195,0.00288150
3196,0.00187490
3197,0.00103520
3198,0.00211864
3199,0.00082020
3200,0.00088162
3201,0.00286267
3202,0.00111983
3203,0.00652580
3204,0.00067058
3205,0.00791462
3206,0.00171916
3207,0.37313008
3208,0.00622231
3209,0.00193775
3210,0.00100278
3211,0.00379341
3212,0.00070965
3213,0.00077836
3214,0.00102175
3215,0.00085165
3216,0.00067844
3217,0.00395951
3218,0.00428926
3219,0.00100405
3220,0.00187481
3221,0.00271842
3222,0.00078547
3223,0.00197149
3224,0.00098281
3225,0.00153823
3226,0.00143769
3227,0.00299998
3228,0.00219277
3229,0.00111899
3230,0.00751075
3231,0.00160494
3232,0.00066329
3233,0.00217911
3234,0.00125742
3235,0.00131541
3236,0.00090194
3237,0.00081012
3238,0.00073407
3239,0.00297648
3240,0.00112707
3241,0.00086599
3242,0.00189979
3243,0.00202932
3244,0.00718777
3245,0.00267637
3246,0.00197035
3247,0.01902044
3248,0.00083249
3249,0.00170423
3250,0.00273863
3251,0.00300554
3252,0.00124996
3253,0.00283783
3254,1.74056809
3255,0.00140358
3256,0.00261262
3257,0.00149928
3258,0.00126677
3259,0.00155041
3260,0.00273699
3261,0.00068937
3262,0.00217889
3263,0.00082080
3264,0.00272168
3265,0.00755092
3266,0.00111385
3267,0.03285397
3268,0.00108067
3269,0.00106467
3270,0.00076236
3271,0.00096662
3272,0.00097620
3273,0.00145349
3274,0.00070274
3275,0.00081993
3276,0.00119920
3277,0.00124181
3278,0.00360359
3279,0.00649484
3280,0.00128050
3281,0.57161255
3282,0.00226596
3283,0.00505422
3284,0.00066321
3285,0.00138310
3286,0.00099917
3287,0.00065226
3288,0.00171539
3289,0.00119100
3290,0.00100286
3291,0.00096633
3292,0.00312347
3293,0.00239480
3294,0.00808933
3295,0.00809634
3296,0.00151544
3297,0.00179918
3298,0.00410211
3299,0.00352358
3300,0.00082514
3301,0.00105693
3302,0.00069702
3303,0.00097443
3304,0.00121250
3305,0.00151915
3306,0.00102863
3307,0.00731433
3308,0.00086667
3309,0.00074417
3310,0.00301710
3311,0.00128418
3312,0.00082894
3313,0.00135473
3314,0.00157652
3315,0.00069488
3316,0.00146913
3317,0.00255643
3318,0.00103661
3319,0.00264703
3320,0.00169173
3321,0.00163368
3322,0.00088697
3323,0.00078360
3324,0.00398090
3325,0.00500250
3326,0.00218708
3327,0.00042587
3328,0.00141814
3329,0.00104526
3330,0.00610987
3331,0.00144914
3332,0.00086592
3333,0.00204107
3334,0.00320064
3335,0.00187365
3336,0.00154332
3337,0.00077576
3338,0.00324889
3339,0.00085610
3340,0.00110006
3341,0.00064981
3342,0.00102365
3343,0.42720097
3344,0.00345397
3345,0.00098003
3346,0.00069912
3347,0.00326167
3348,0.00159345
3349,0.00146699
3350,0.00179681
3351,0.00061247
3352,0.00081002
3353,0.00316027
3354,0.00237047
3355,0.00095914
3356,0.00100420
3357,0.00296105
3358,0.00126674
3359,0.01017719
3360,0.00111153
3361,0.00074839
3362,0.00118712
3363,0.00575533
3364,0.00122754
3365,0.00126346
3366,0.00064268
3367,0.00111097
3368,0.00286834
3369,0.00110336
3370,0.00395871
3371,0.00090173
3372,0.00084451
3373,0.00165327
3374,0.00164702
3375,0.00206521
3376,0.00065947
3377,0.00132757
3378,0.02307110
3379,2.33375879
3380,0.00874049
3381,0.00221027
3382,0.00075225
3383,0.00067758
3384,0.00128680
3385,0.00272934
3386,0.00095668
3387,0.00256434
3388,0.00774516
3389,0.00176654
3390,0.00303341
3391,0.00133279
3392,0.00192912
3393,0.00051937
3394,0.00292419
3395,0.00159144
3396,0.00217213
3397,0.00098355
3398,0.00250072
3399,0.00111301
3400,0.00176465
3401,0.00189263
3402,0.00080003
3403,0.00102478
3404,0.00098576
3405,0.00112354
3406,0.00091527
3407,0.00151792
3408,0.00157061
3409,0.00188905
3410,0.00154848
3411,0.00895677
3412,0.00100058
3413,0.00735347
3414,0.00251090
3415,0.00205650
3416,0.00207202
3417,0.00090155
3418,0.00095204
3419,0.00163763
3420,0.00081171
3421,0.01689645
3422,0.00035418
3423,0.02413288
3424,0.00171049
3425,0.00352752
3426,0.00092166
3427,0.00234951
3428,0.00148809
3429,0.00220844
3430,0.00070197
3431,0.00092452
3432,0.02358593
3433,0.00161441
3434,0.01895677
3435,0.00273939
3436,0.00085384
3437,2.15346433
3438,0.00069154
3439,0.00057289
3440,0.00189446
3441,0.00059851
3442,0.00069163
3443,0.00056229
3444,0.00084663
3445,0.00093564
3446,0.00723561
3447,0.00170216
3448,0.00121164
3449,0.00160313
3450,0.00072824
3451,0.00220051
3452,0.00113160
3453,0.00105832
3454,0.00118201
3455,0.00072311
3456,0.00108016
3457,0.00793361
3458,0.00129271
3459,0.00148979
3460,0.00107219
3461,0.00090128
3462,0.00109258
3463,0.00158014
3464,0.00283859
3465,0.00165406
3466,0.00217552
3467,0.00108304
3468,0.00063252
3469,0.00099455
3470,0.00077266
3471,0.00181695
3472,0.00101305
3473,0.00495445
3474,0.00076018
3475,0.00146336
3476,0.00083230
3477,0.00273474
3478,0.00119776
3479,0.00201965
3480,0.00068286
3481,2.19813796
3482,0.00109454
3483,0.00075111
3484,0.00273896
3485,0.00089534
3486,0.03930296
3487,0.00236998
3488,0.00275176
3489,0.00359709
3490,0.00127736
3491,0.00177100
3492,0.00113067
3493,0.00172942
3494,0.00143935
3495,0.00145026
3496,0.00079180
3497,0.00296610
3498,0.00231791
3499,0.00317852
3500,0.00178011
3501,0.00071163
3502,0.00096279
3503,0.00386670
3504,0.00404980
3505,0.00377161
3506,0.00792437
3507,0.00076196
3508,0.00074078
3509,0.00063580
3510,0.00230639
3511,0.00234124
3512,0.03150602
3513,0.00086587
3514,0.00229286
3515,0.00055361
3516,0.00166131
3517,0.00107226
3518,0.00123032
3519,0.00268577
3520,0.00086350
3521,0.00092201
3522,0.00795736
3523,0.00101079
3524,0.00094776
3525,0.00094853
3526,0.00087837
3527,0.00152430
3528,0.00208148
3529,0.00090404
3530,0.00751307
3531,0.00051640
3532,0.00152337
3533,0.00172321
3534,0.00142306
3535,0.00175238
3536,0.00950838
3537,0.00368778
3538,0.00280033
3539,0.00119659
3540,0.00157234
3541,0.00158601
3542,0.00088958
3543,0.00163870
3544,0.00086150
3545,0.00077646
3546,0.00071536
3547,0.00126204
3548,0.00145790
3549,0.00275343
3550,0.00140295
3551,0.00103557
3552,0.00191350
3553,0.00134119
3554,0.00850331
3555,0.00167228
3556,0.00589706
3557,0.00165564
3558,0.00944833
3559,0.00265269
3560,0.00122299
3561,0.00226309
3562,0.00297860
3563,0.00232328
3564,0.00104038
3565,0.00215197
3566,0.00062769
3567,0.00576766
3568,0.00129670
3569,0.00138359
3570,0.00396958
3571,0.02155328
3572,0.00126878
3573,0.00178949
3574,0.00076718
3575,0.02405317
3576,0.40652288
3577,0.00226598
3578,0.00109388
3579,0.00327781
3580,0.00297869
3581,0.00850434
3582,0.00284468
3583,0.00285437
3584,0.00141231
3585,0.00230925
3586,0.00157795
3587,0.00098685
3588,0.00039972
3589,0.00121795
3590,0.00077086
3591,0.00268359
3592,0.00134712
3593,0.00165630
3594,0.00179326
3595,0.00063947
3596,0.00184251
3597,0.00618622
3598,1.43261094
3599,0.02429623
3600,0.00105413
3601,0.00169838
3602,0.00096178
3603,0.00156663
3604,0.00112989
3605,0.00144136
3606,0.00229302
3607,0.00825398
3608,0.00054683
3609,0.00404151
3610,0.00101044
3611,0.00101136
3612,0.00351756
3613,0.00158064
3614,0.00175295
3615,0.00063409
3616,0.00623249
3617,0.00079777
3618,0.00037852
3619,0.00161870
3620,0.00978636
3621,0.00154488
3622,0.00079829
3623,0.00209461
3624,0.00119932
3625,0.00121551
3626,0.00244169
3627,0.00055703
3628,0.00173025
3629,0.00265160
3630,0.00101857
3631,0.00057716
3632,0.00214565
3633,0.00088605
3634,0.00654956
3635,0.00090864
3636,0.00625128
3637,0.00140285
3638,0.00103514
3639,0.00121859
3640,0.00169525
3641,0.00167697
3642,0.00099030
3643,0.00236935
3644,0.00071398
3645,0.00115673
3646,0.00111222
3647,0.00210326
3648,0.00800118
3649,0.00180910
3650,0.00421668
3651,0.00373581
3652,0.00163204
3653,0.47522884
3654,0.00317160
3655,0.00064937
3656,0.00059486
3657,0.00150461
3658,0.00072574
3659,0.00060753
3660,0.00215222
3661,0.00099642
3662,0.00269694
3663,0.00059369
3664,0.00132968
3665,0.00140834
3666,0.00204171
3667,0.00161738
3668,0.00076698
3669,0.00207055
3670,0.00063024
3671,0.00149635
3672,0.01964631
3673,0.00071565
3674,0.00129903
3675,0.00196161
3676,0.00382039
3677,0.00797581
3678,0.00160684
3679,1.28520229
3680,0.00099378
3681,0.00138382
3682,0.00318665
3683,0.00150696
3684,0.00103204
3685,0.00098795
3686,0.00368848
3687,0.00171219
3688,0.00114249
3689,0.00282111
3690,0.00115776
3691,0.00141201
3692,0.00158458
3693,0.00055334
3694,0.00155407
3695,0.00976635
3696,0.00232888
3697,0.00164703
3698,0.00084542
3699,0.00976260
3700,0.00322541
3701,0.00070034
3702,0.00102894
3703,0.00162262
3704,0.00279078
3705,0.00080337
3706,0.00079016
3707,0.00143215
3708,0.00111552
3709,0.00108473
3710,0.00138522
3711,0.00088855
3712,0.00118621
3713,0.00101179
3714,0.00097507
3715,0.00054789
3716,0.00099612
3717,0.00129203
3718,0.00213832
3719,0.00289538
3720,0.00194689
3721,0.00099729
3722,0.00139560
3723,0.00068678
3724,0.00386509
3725,0.00197418
3726,0.00180794
3727,0.00145847
3728,0.00121754
3729,0.00086809
3730,0.00083354
3731,0.00804134
3732,0.00109441
3733,0.00334375
3734,0.00087289
3735,0.00118409
3736,0.00043955
3737,0.00204951
3738,0.00320982
3739,0.05950445
3740,0.00263381
3741,0.00087112
3742,0.00061339
3743,0.00144465
3744,0.03398820
3745,0.00166570
3746,0.00795136
3747,0.00157210
3748,0.01949908
3749,0.00971698
3750,0.00133769
3751,0.00234367
3752,0.00151229
3753,0.00070744
3754,0.00157066
3755,0.00191123
3756,0.00078811
3757,0.00196700
3758,0.00558715
3759,0.00150942
3760,0.00163955
3761,0.00093855
3762,0.00151307
3763,0.00115957
3764,0.00066803
3765,0.00425332
3766,0.00078424
3767,0.00364449
3768,0.00288281
3769,0.00231681
3770,0.00208560
3771,0.00109364
3772,0.00102313
3773,0.00071978
3774,0.00111598
3775,0.00089427
3776,0.00227349
3777,0.00922912
3778,0.00134831
3779,0.00086825
3780,0.00096410
3781,0.00913324
3782,0.01861428
3783,0.00135667
3784,0.00208157
3785,0.00068320
3786,0.00162261
3787,0.00823650
3788,0.00279993
3789,0.00102898
3790,0.00126973
3791,0.00115835
3792,0.00100551
3793,0.00976120
3794,0.00499033
3795,0.00390095
3796,0.00069007
3797,0.00144349
3798,0.00058138
3799,0.00764398
3800,0.00103170
3801,0.00179479
3802,0.00221357
3803,0.00099055
3804,0.00149429
3805,0.00214243
3806,0.00111597
3807,0.00080111
3808,0.00092949
3809,0.00118738
3810,0.00092599
3811,0.00083910
3812,0.00922241
3813,0.00114467
3814,0.00070543
3815,0.00144992
3816,0.00238161
3817,0.00086884
3818,0.00081249
3819,0.00090313
3820,0.00163487
3821,0.00092225
3822,0.00121072
3823,0.00141518
3824,0.00122149
3825,0.00078413
3826,0.00074198
3827,0.00176325
3828,0.00098619
3829,0.00795252
3830,0.00091153
3831,0.00174114
3832,0.00397913
3833,0.00052354
3834,0.00966444
3835,0.00158082
3836,0.01061413
3837,0.00137664
3838,0.00144156
3839,0.00161085
3840,0.00189345
3841,0.00241718
3842,0.01890001
3843,0.00053613
3844,0.00230482
3845,0.00150343
3846,0.00066660
3847,0.00089960
3848,0.00183922
3849,0.00361231
3850,0.00206863
3851,0.00097493
3852,0.00970625
3853,0.00186471
3854,0.00283177
3855,0.00121901
3856,0.00160992
3857,0.00579513
3858,0.00071481
3859,0.00130794
3860,0.00162814
3861,1.25390069
3862,0.00170459
3863,0.00109915
3864,0.00178146
3865,0.00071533
3866,0.00338935
3867,0.00036467
3868,0.00095871
3869,0.00080990
3870,0.00083782
3871,0.00051049
3872,0.00103500
3873,0.00259796
3874,0.00145803
3875,0.00100731
3876,0.00226476
3877,0.00162284
3878,0.00124766
3879,0.00092324
3880,0.00081040
3881,0.00786050
3882,0.00064950
3883,0.00268280
3884,0.00131945
3885,0.00625467
3886,0.00669256
3887,0.00141906
3888,0.00894263
3889,0.00281721
3890,0.00118947
3891,0.00148926
3892,0.00130901
3893,0.00274228
3894,0.00096960
3895,0.00315579
3896,0.00034166
3897,0.00388533
3898,0.00192853
3899,0.00268411
3900,0.00085802
3901,0.00105404
3902,0.00087702
3903,0.00407479
3904,0.00763955
3905,0.00117180
3906,0.00116583
3907,0.00200956
3908,0.00137786
3909,0.00113300
3910,0.00091928
3911,0.00063138
3912,0.00206071
3913,0.00146224
3914,0.00060267
3915,0.00139354
3916,0.00536855
3917,0.00147585
3918,0.00062856
3919,0.00201279
3920,0.00783659
3921,0.00070102
3922,0.00072142
3923,0.00185570
3924,0.00354798
3925,0.00077476
3926,0.00165351
3927,0.00107976
3928,0.00062139
3929,0.00109070
3930,0.00059817
3931,0.00079447
3932,0.00849407
3933,0.00066118
3934,0.00124823
3935,0.00174251
3936,0.00832745
3937,0.00133838
3938,0.00084401
3939,0.00073738
3940,0.00122775
3941,0.00101285
3942,0.00181871
3943,0.00165355
3944,0.03605524
3945,0.00091920
3946,0.00138636
3947,0.00081186
3948,0.00104986
3949,0.00054150
3950,0.00257471
3951,0.00149233
3952,0.00345254
3953,0.00214313
3954,0.00103478
3955,0.00103146
3956,0.00059789
3957,0.00133461
3958,0.00079217
3959,0.00094121
3960,0.00130375
3961,0.00149402
3962,0.00189576
3963,0.00271612
3964,0.00064903
3965,0.00211730
3966,0.00386970
3967,0.00171550
3968,0.00177828
3969,0.00190284
3970,0.00354944
3971,0.00267906
3972,0.00082150
3973,0.00881968
3974,0.00071623
3975,0.00128545
3976,0.00214244
3977,0.00140845
3978,0.00088054
3979,0.00082922
3980,0.00123520
3981,0.00230678
3982,0.00079194
3983,0.00103781
3984,0.00160312
3985,0.00095798
3986,0.00201310
3987,0.00183667
3988,0.00597923
3989,0.00085963
3990,0.00045864
3991,0.00228917
3992,0.00124118
3993,0.00163432
3994,0.00395565
3995,0.00952033
3996,0.00084356
3997,0.00170151
3998,0.00078774
3999,0.00138205
4000,0.00064706
4001,0.00120365
4002,0.00171776
4003,0.00128997
4004,0.00138191
4005,0.00125742
4006,0.00633782
4007,0.00078598
4008,0.00100083
4009,0.00402268
4010,0.00342527
4011,0.00101495
4012,0.00151261
4013,0.00503844
4014,0.00153502
4015,0.00138585
4016,0.00069458
4017,0.00132881
4018,0.00163760
4019,0.00348608
4020,0.00189671
4021,0.00081846
4022,0.00267797
4023,0.00096422
4024,1.09175376
4025,0.00082817
4026,0.00564639
4027,0.00139116
4028,0.00190803
4029,0.00112140
4030,0.00426046
4031,0.00071171
4032,0.00150297
4033,0.00073790
4034,0.00277548
4035,0.00146097
4036,0.00069372
4037,0.00084138
4038,0.00332394
4039,0.00099891
4040,0.00093201
4041,0.00084468
4042,0.00086569
4043,0.00132103
4044,0.00074008
4045,0.00268288
4046,0.00106333
4047,0.00070659
4048,0.01096760
4049,0.00123429
4050,0.00201287
4051,0.00269523
4052,0.00111017
4053,0.00062691
4054,0.00326018
4055,0.00392056
4056,0.00105885
4057,0.00093938
4058,0.00056931
4059,0.00148214
4060,0.00126730
4061,0.00101558
4062,0.00108297
4063,0.00159529
4064,0.00995158
4065,0.00121184
4066,0.00277886
4067,0.00137866
4068,0.00077121
4069,0.00135705
4070,0.00126860
4071,0.00076583
4072,0.00077959
4073,0.00075536
4074,0.00072483
4075,0.00284685
4076,0.00106695
4077,0.00271337
4078,0.00062302
4079,0.00080986
4080,0.00104350
4081,0.00119797
4082,0.00101443
4083,0.00082667
4084,0.00100126
4085,0.00139968
4086,0.00233204
4087,0.00318530
4088,0.00062891
4089,0.00156754
4090,0.00189227
4091,0.00153101
4092,0.00125302
4093,0.00143588
4094,0.00122877
4095,0.00121564
4096,0.00101153
4097,0.00289549
4098,0.00090327
4099,0.00203617
4100,0.00070411
4101,0.00152795
4102,0.00081153
4103,0.00085606
4104,0.97228527
4105,0.00056806
4106,0.01856899
4107,0.00129576
4108,0.00111337
4109,0.00281000
4110,0.00111373
4111,0.00118306
4112,0.00206633
4113,0.00162255
4114,0.00180848
4115,0.00159801
4116,0.00112140
4117,0.01397615
4118,0.00595436
4119,0.00061214
4120,0.00371257
4121,0.00095607
4122,0.00123063
4123,0.00393506
4124,0.00111065
4125,0.00118555
4126,0.00198097
4127,0.00266902
4128,0.00081745
4129,0.00072848
4130,0.00076324
4131,0.00150630
4132,0.00065800
4133,0.00535248
4134,0.00259394
4135,0.00087054
4136,0.00109017
4137,0.00127368
4138,0.00173748
4139,0.00307735
4140,0.00076539
4141,0.00037428
4142,0.00120401
4143,0.00108498
4144,0.00116961
4145,0.00250138
4146,0.00407946
4147,0.00121290
4148,0.00154934
4149,0.02573928
4150,0.00747629
4151,0.00196069
4152,0.00409256
4153,0.01780390
4154,0.00060311
4155,0.00088069
4156,0.00298772
4157,0.00118879
4158,0.01869525
4159,0.00295781
4160,0.00160654
4161,0.00041388
4162,0.00606019
4163,0.00236193
4164,0.00071394
4165,0.00187473
4166,0.00236713
4167,0.00106350
4168,0.00091239
4169,0.00089337
4170,0.00248640
4171,0.00786211
4172,0.00131653
4173,0.00086854
4174,0.00134158
4175,0.00135352
4176,0.00098155
4177,0.00075786
4178,0.00084179
4179,0.00093478
4180,0.00092335
4181,0.00107268
4182,0.00258605
4183,0.00088038
4184,0.00096695
4185,0.00714364
4186,0.00126568
4187,0.00094660
4188,0.00068996
4189,0.00056047
4190,0.00124324
4191,0.00050157
4192,0.00311943
4193,0.00071317
4194,0.00150491
4195,0.00234440
4196,0.00186441
4197,0.00780675
4198,0.00126368
4199,1.53612969
4200,0.00085321
4201,0.00052047
4202,0.00133126
4203,0.00090287
4204,0.00133548
4205,0.00097826
4206,0.00162497
4207,0.00095558
4208,0.00094266
4209,0.00053417
4210,0.00079503
4211,0.00132956
4212,0.00169931
4213,0.00334002
4214,0.00062954
4215,0.00342432
4216,0.00132287
4217,0.00152285
4218,0.00171782
4219,0.00085460
4220,0.00132330
4221,0.00111809
4222,0.00280548
4223,0.00126180
4224,0.00108633
4225,0.00979885
4226,0.00322022
4227,0.00116731
4228,0.00313659
4229,0.00144649
4230,0.00366732
4231,0.00413796
4232,0.00081353
4233,0.00145428
4234,0.00165048
4235,0.00101199
4236,0.00296297
4237,0.00156689
4238,0.00142246
4239,0.00088519
4240,0.00117410
4241,0.00225865
4242,0.00064894
4243,0.00280721
4244,0.00099543
4245,0.00328569
4246,0.00109238
4247,0.00154767
4248,0.00121398
4249,0.00098483
4250,0.00165412
4251,0.00698157
4252,0.00148302
4253,0.00101216
4254,0.00081638
4255,0.00089216
4256,0.01587624
4257,0.00365229
4258,0.00197171
4259,0.00830949
4260,0.00218547
4261,0.00088488
4262,0.00087622
4263,0.00115451
4264,0.00207496
4265,0.00385831
4266,0.00104857
4267,0.00132009
4268,0.11684415
4269,0.00453194
4270,1.93720756
4271,0.00075560
4272,0.00059724
4273,0.00136492
4274,0.00433651
4275,0.00570836
4276,0.00941567
4277,0.00109106
4278,0.00119687
4279,0.00142656
4280,0.00248155
4281,0.00090440
4282,0.00069031
4283,0.00135227
4284,0.00141817
4285,0.00069398
4286,0.00134348
4287,0.00138370
4288,0.00107807
4289,0.00078436
4290,0.00072783
4291,0.00122095
4292,0.00089414
4293,0.00171168
4294,0.00276127
4295,0.00079476
4296,0.00171131
4297,0.00117267
4298,0.00758558
4299,0.00159439
4300,0.00123546
4301,0.00156634
4302,0.00066386
4303,0.00149113
4304,0.01921614
4305,0.00168973
4306,0.00122069
4307,0.00530309
4308,0.00162926
4309,0.00086643
4310,0.00268289
4311,0.00168345
4312,0.00138753
4313,0.00107444
4314,0.00161461
4315,0.00687453
4316,0.00182070
4317,0.00799005
4318,0.00132673
4319,0.00158025
4320,0.00164686
4321,0.00056196
4322,0.00161789
4323,0.00177866
4324,0.00207319
4325,0.00112707
4326,0.00742344
4327,0.00220071
4328,0.00035048
4329,0.00308835
4330,0.00116901
4331,0.00305401
4332,0.00308286
4333,0.00103606
4334,0.00054990
4335,0.00076638
4336,0.00101880
4337,0.00623532
4338,0.00198569
4339,0.01955234
4340,0.00425327
4341,0.00083649
4342,0.00066103
4343,0.00155121
4344,0.00146483
4345,0.00350325
4346,0.00126795
4347,0.00128686
4348,0.00068006
4349,0.00138671
4350,0.00140085
4351,0.00131218
4352,0.00062544
4353,0.00089219
4354,0.00056569
4355,0.00121449
4356,0.00171194
4357,0.01992538
4358,0.00134604
4359,0.00106298
4360,0.00192790
4361,0.00237370
4362,0.00238684
4363,0.00068895
4364,0.00313218
4365,0.02329796
4366,0.00155508
4367,0.00281158
4368,0.00206561
4369,0.00112442
4370,0.00090349
4371,0.00294731
4372,0.00175637
4373,0.00157725
4374,0.00174647
4375,0.00073337
4376,0.02751079
4377,0.00110871
4378,0.00172144
4379,0.00078579
4380,0.00118131
4381,0.00105580
4382,0.00203713
4383,0.00074608
4384,0.00037342
4385,0.00168594
4386,0.00054222
4387,0.00248884
4388,0.00554591
4389,0.00118120
4390,0.00150298
4391,0.00653388
4392,0.00106324
4393,0.00112967
4394,0.00196158
4395,0.05688230
4396,0.00094307
4397,0.00098440
4398,0.00059457
4399,0.00126353
4400,0.00082340
4401,0.01001424
4402,0.00109153
4403,0.00403198
4404,0.00171918
4405,0.01957942
4406,0.00135458
4407,0.00120050
4408,0.00262407
4409,0.00063080
4410,0.00159639
4411,0.00304561
4412,0.00154204
4413,0.00087772
4414,0.00259045
4415,0.00094167
4416,0.00490810
4417,0.00068795
4418,0.02484591
4419,0.02450351
4420,0.00107494
4421,0.00957050
4422,0.00137236
4423,0.00038614
4424,0.00390253
4425,0.00857106
4426,0.00132312
4427,0.00233168
4428,0.00153107
4429,0.00103979
4430,0.02336615
4431,0.01961145
4432,0.02384322
4433,0.00362939
4434,0.00342875
4435,0.00128322
4436,0.00108987
4437,0.00067831
4438,0.00130564
4439,0.00146938
4440,0.00145424
4441,0.00106700
4442,0.00844829
4443,0.00156594
4444,0.00157262
4445,0.59827943
4446,0.00760296
4447,0.00134749
4448,0.01611316
4449,0.00087586
4450,0.00095749
4451,0.00106358
4452,0.00145724
4453,0.00065867
4454,0.00121187
4455,0.00249804
4456,0.00090372
4457,0.00238545
4458,0.00107882
4459,0.00332251
4460,0.01925491
4461,0.00320043
4462,0.02706793
4463,0.00186224
4464,0.00351590
4465,0.00090659
4466,0.00217791
4467,0.00203061
4468,0.00123724
4469,0.02244527
4470,0.00107823
4471,0.00388761
4472,0.00100057
4473,0.00051632
4474,0.00105031
4475,0.00070714
4476,0.00111517
4477,0.00440539
4478,0.00356518
4479,0.00096621
4480,0.00172989
4481,0.00976555
4482,0.00096984
4483,0.00776590
4484,0.00060373
4485,0.00116287
4486,0.00260637
4487,0.00079940
4488,0.00101777
4489,0.00101498
4490,0.00151234
4491,0.00077194
4492,0.00162695
4493,0.00115652
4494,0.00141067
4495,0.00079664
4496,0.00095569
4497,0.00265723
4498,0.00267620
4499,0.00065535
4500,0.00100023
4501,0.00497777
4502,0.00898237
4503,0.00103859
4504,0.00073366
4505,0.00189367
4506,0.00378737
4507,0.00162781
4508,0.00062434
4509,0.00400697
4510,0.00081800
4511,0.00046637
4512,0.00068818
4513,0.00276018
4514,0.00518233
4515,0.00175929
4516,0.00080848
4517,0.00466204
4518,0.00050258
4519,0.02386957
4520,0.00415823
4521,0.00064734
4522,0.00519269
4523,0.00278636
4524,0.00112946
4525,0.00069480
4526,0.00034295
4527,0.00137452
4528,0.00158535
4529,0.00133595
4530,0.00637754
4531,0.00241140
4532,0.00379838
4533,0.00088469
4534,0.00130876
4535,0.00106599
4536,0.00299771
4537,0.00124688
4538,0.02525325
4539,0.00075767
4540,0.00151198
4541,0.00603277
4542,0.00100886
4543,0.00063917
4544,0.00101448
4545,0.00150847
4546,0.00293601
4547,0.00070714
4548,0.00191828
4549,0.00951312
4550,0.00109044
4551,0.00120784
4552,0.00132233
4553,0.00089203
4554,0.00171046
4555,0.00268101
4556,0.00083880
4557,0.00483896
4558,0.00124775
4559,0.00222387
4560,0.00127191
4561,0.01171453
4562,0.00165400
4563,0.00161530
4564,0.00293265
4565,0.00127349
4566,0.00261038
4567,0.00070755
4568,0.00286622
4569,0.00183090
4570,0.00083137
4571,0.00256398
4572,0.00142934
4573,0.00602047
4574,0.00127758
4575,0.00101292
4576,0.00063835
4577,0.00087362
4578,0.00165109
4579,0.00126176
4580,0.00237759
4581,0.00088949
4582,0.00093226
4583,0.00076032
4584,0.00122606
4585,0.00209361
4586,0.00106253
4587,0.00082796
4588,0.00144747
4589,0.00169835
4590,0.00180588
4591,0.00586341
4592,0.00142042
4593,0.00715282
4594,0.00053950
4595,0.01876425
4596,0.00189061
4597,0.00110226
4598,2.04433793
4599,0.00116920
4600,0.01979224
4601,0.00157096
4602,0.00521804
4603,0.00127924
4604,0.00138496
4605,0.00064028
4606,0.00784325
4607,0.00101251
4608,0.00063952
4609,0.00227710
4610,0.01264670
4611,0.00048189
4612,0.00212509
4613,0.00503145
4614,0.00166779
4615,0.00155985
4616,0.00154236
4617,0.00145446
4618,0.01878671
4619,0.00136214
4620,0.00239899
4621,0.00625920
4622,0.00207408
4623,0.00286413
4624,0.00118949
4625,0.00103570
4626,0.00071558
4627,0.00102146
4628,0.00083587
4629,0.00272672
4630,0.00571987
4631,0.00072861
4632,0.00287254
4633,0.00079462
4634,0.00214782
4635,0.00153576
4636,0.00154931
4637,0.00347670
4638,0.00166194
4639,0.00072564
4640,0.01934064
4641,0.00051058
4642,0.00079107
4643,0.00096476
4644,0.00088852
4645,0.00155428
4646,0.00135262
4647,0.00098557
4648,0.00092451
4649,0.00068680
4650,0.00144710
4651,0.00070856
4652,0.00236474
4653,0.00193292
4654,0.00144153
4655,0.00792743
4656,0.00068972
4657,0.00099980
4658,0.00714182
4659,0.00103313
4660,0.00101957
4661,0.00149810
4662,0.00082339
4663,0.00021373
4664,0.00087484
4665,0.00170685
4666,0.00318630
4667,0.00401268
4668,0.00104428
4669,0.00036665
4670,0.00083236
4671,0.00070385
4672,0.00088311
4673,0.00047951
4674,0.00174596
4675,0.00065882
4676,0.00111891
4677,0.00723480
4678,0.00065777
4679,0.00207210
4680,0.00089388
4681,0.00089431
4682,0.00147713
4683,0.00176658
4684,0.00148745
4685,0.00226267
4686,0.01115567
4687,0.00126656
4688,0.00517026
4689,0.00241249
4690,0.00153100
4691,0.00150158
4692,0.00094372
4693,0.00104666
4694,0.00071484
4695,0.00099556
4696,0.00069309
4697,0.00299989
4698,0.00256444
4699,0.00082298
4700,0.00476451
4701,0.00143573
4702,0.00077482
4703,0.00171131
4704,0.00077422
4705,0.00065448
4706,0.00172048
4707,0.00347692
4708,0.00105324
4709,0.04368018
4710,0.00137076
4711,0.00083746
4712,0.00852857
4713,0.00165263
4714,0.00091113
4715,0.00057555
4716,0.00142932
4717,0.00120164
4718,0.21472015
4719,0.00397158
4720,0.00627686
4721,0.00098743
4722,0.00369236
4723,0.00258870
4724,0.00884896
4725,0.00099046
4726,0.00123950
4727,0.00118285
4728,0.00169111
4729,0.00905332
4730,0.00725573
4731,0.00081788
4732,0.00240473
4733,0.00181327
4734,0.00062300
4735,0.00066350
4736,0.00120964
4737,0.00112199
4738,0.00163253
4739,0.03905216
4740,0.00791122
4741,0.00062882
4742,0.00090029
4743,0.00111677
4744,0.00386938
4745,0.00164742
4746,0.00856600
4747,0.00120359
4748,0.00065158
4749,0.00090654
4750,0.00068322
4751,0.00169868
4752,0.00157454
4753,0.00803366
4754,0.00070421
4755,0.01058714
4756,0.94350600
4757,0.00057866
4758,0.00074281
4759,0.01869892
4760,0.00167051
4761,0.00176729
4762,0.00396380
4763,0.00302847
4764,0.00116306
4765,0.00070056
4766,0.00179647
4767,0.00170867
4768,0.00131206
4769,0.00059152
4770,1.38283012
4771,0.00069764
4772,0.00381974
4773,0.00177603
4774,0.00367862
4775,0.00100675
4776,0.00159589
4777,0.00037939
4778,0.00092539
4779,0.06104191
4780,0.00079942
4781,0.00110858
4782,0.00200098
4783,0.00084390
4784,0.00131924
4785,0.00398932
4786,0.02030347
4787,0.00241926
4788,0.00346055
4789,0.00071533
4790,0.00086830
4791,0.00032438
4792,0.00651414
4793,0.00131355
4794,0.00127180
4795,0.00741721
4796,0.00123666
4797,0.00152174
4798,0.00104450
4799,0.00091923
4800,0.00317933
4801,0.00075021
4802,0.00206468
4803,0.00062856
4804,0.00272693
4805,0.00081875
4806,0.00106115
4807,0.00107430
4808,0.00069887
4809,0.00068564
4810,0.00226629
4811,0.00112999
4812,0.00067779
4813,0.00083694
4814,0.00133856
4815,0.00109061
4816,0.00104730
4817,0.00106987
4818,0.02439795
4819,0.00185054
4820,0.00250876
4821,0.00145891
4822,0.00099900
4823,0.00148896
4824,0.00139455
4825,0.00130634
4826,0.00123923
4827,0.00288277
4828,0.00261793
4829,0.00122857
4830,0.00064492
4831,0.00116758
4832,0.00395303
4833,0.00297558
4834,0.00148154
4835,0.00072292
4836,0.00143004
4837,0.00104659
4838,0.00070138
4839,0.00391793
4840,0.01473829
4841,0.00148104
4842,0.00217282
4843,0.00351241
4844,0.00084691
4845,0.00110826
4846,0.00060567
4847,0.00827095
4848,0.01876973
4849,0.00115800
4850,0.00151378
4851,0.00068135
4852,0.00246672
4853,0.00917010
4854,0.00719374
4855,0.00122036
4856,0.00089208
4857,0.00100704
4858,0.00102291
4859,0.00058885
4860,0.00280220
4861,0.00070347
4862,0.00483778
4863,0.00131234
4864,0.00097880
4865,0.00123916
4866,0.00139600
4867,0.05763249
4868,0.00102284
4869,0.00063365
4870,0.00135249
4871,0.00120812
4872,0.00314719
4873,0.00546095
4874,0.00082589
4875,0.00097326
4876,0.00109798
4877,1.25470433
4878,0.00304599
4879,0.00198267
4880,0.00064272
4881,0.00171242
4882,0.00083243
4883,0.00108132
4884,0.00057835
4885,0.00117847
4886,0.00263982
4887,0.00179919
4888,0.00134070
4889,0.00051327
4890,0.00066053
4891,0.00252770
4892,0.00038726
4893,0.01919358
4894,0.00057777
4895,0.00072099
4896,0.00921310
4897,0.00264985
4898,0.00998306
4899,0.00152696
4900,0.00169860
4901,0.00090275
4902,0.00265016
4903,0.00076771
4904,0.00095677
4905,0.00097404
4906,0.00645243
4907,0.00169436
4908,0.00217988
4909,0.00264254
4910,0.00194961
4911,0.00072694
4912,0.00163648
4913,0.00099118
4914,0.00067190
4915,0.00080049
4916,0.00080854
4917,0.00071371
4918,0.00075596
4919,0.00098309
4920,0.00071261
4921,0.00140106
4922,0.00061836
4923,0.00057913
4924,0.00167784
4925,0.04216246
4926,0.00106439
4927,0.00086090
4928,0.00053849
4929,0.00071953
4930,0.00397515
4931,0.00073127
4932,0.00091316
4933,0.00163504
4934,0.00208992
4935,0.00512804
4936,0.00085838
4937,0.00156909
4938,0.00064010
4939,0.01126812
4940,0.00119629
4941,0.00086561
4942,0.00060955
4943,0.00088035
4944,0.00087963
4945,0.00076869
4946,0.00140064
4947,0.00166606
4948,0.00062693
4949,0.00181898
4950,0.00075621
4951,0.00083312
4952,0.00117950
4953,0.00205897
4954,0.00201574
4955,0.00049142
4956,0.07267232
4957,0.00064104
4958,0.00079952
4959,0.00140556
4960,0.00103627
4961,0.00128141
4962,0.00236942
4963,0.00169099
4964,0.00059790
4965,0.00772415
4966,0.00083451
4967,0.00162377
4968,0.00081566
4969,0.00235031
4970,0.00168522
4971,0.00119206
4972,0.00128521
4973,0.00260057
4974,0.02201852
4975,0.00058291
4976,0.00125139
4977,0.00190811
4978,0.00122637
4979,0.00182842
4980,0.00126009
4981,0.00117915
4982,0.00376046
4983,0.00070071
4984,0.00163437
4985,0.00143460
4986,0.00131553
4987,0.00217107
4988,0.00139677
4989,0.00389569
4990,0.00197418
4991,0.00054292
4992,0.00111460
4993,0.00134616
4994,0.00265951
4995,0.00196929
4996,0.01610405
4997,0.00146410
4998,0.00067780
4999,0.00149193
5000,0.00097364
5001,0.00182625
5002,0.00225500
5003,0.02062850
5004,0.00130823
5005,0.00200728
5006,0.00079705
5007,0.00067616
5008,0.00102263
5009,0.00390383
5010,0.00089286
5011,0.00134063
5012,0.00274139
5013,0.00134019
5014,0.00091896
5015,0.00105594
5016,0.00253213
5017,0.00103694
5018,0.00200821
5019,0.00656068
5020,0.00107441
5021,0.00180768
5022,0.00167965
5023,0.00079536
5024,0.00115643
5025,0.00182425
5026,0.00200928
5027,0.00057048
5028,0.00705960
5029,0.00147546
5030,0.00303288
5031,0.00107341
5032,0.00134304
5033,0.00035354
5034,0.00164636
5035,0.00417134
5036,0.00063183
5037,0.00094858
5038,0.00735518
5039,0.00095991
5040,0.00357226
5041,0.00143932
5042,0.00129123
5043,0.00203537
5044,0.00143789
5045,0.00222027
5046,0.03978374
5047,0.00062023
5048,0.00207546
5049,0.00078590
5050,0.01920989
5051,0.00060984
5052,0.00341384
5053,0.00097289
5054,0.00075059
5055,0.00203496
5056,0.00119363
5057,0.00071408
5058,0.00054938
5059,0.00239574
5060,0.00155086
5061,0.75881960
5062,0.00081333
5063,0.00097798
5064,0.00238439
5065,0.00857928
5066,0.00925012
5067,0.00095008
5068,0.00107517
5069,0.00071808
5070,0.02052191
5071,0.00146708
5072,0.00224898
5073,0.00067030
5074,0.00071457
5075,0.00125008
5076,0.00582491
5077,0.00318827
5078,0.00082303
5079,0.01007615
5080,0.00760599
5081,0.00161296
5082,0.00299235
5083,0.00139245
5084,0.00130688
5085,0.03768011
5086,0.00134910
5087,0.00190685
5088,0.00154995
5089,0.00124052
5090,0.00131158
5091,0.00088400
5092,0.00962769
5093,0.00107711
5094,0.00489293
5095,0.00087681
5096,0.00271467
5097,0.00139734
5098,0.00114328
5099,0.00165392
5100,0.00108098
5101,0.00066191
5102,0.00200456
5103,0.00275993
5104,0.00080069
5105,0.00071207
5106,0.00243547
5107,0.00113859
5108,0.00100070
5109,0.00141627
5110,0.00120231
5111,0.00242390
5112,0.00085516
5113,0.00092431
5114,0.00156208
5115,0.00055200
5116,0.00099368
5117,0.00259402
5118,0.00131921
5119,0.03617142
5120,0.00373066
5121,0.00101725
5122,0.00037165
5123,0.00117866
5124,0.00383675
5125,0.00328528
5126,0.00115596
5127,0.01606467
5128,0.00093020
5129,0.00453927
5130,0.00785472
5131,0.00155209
5132,0.00298991
5133,0.06296986
5134,0.00143607
5135,0.00376446
5136,0.00139850
5137,0.00067453
5138,0.00181406
5139,0.00232364
5140,0.00072340
5141,0.00068750
5142,0.00388918
5143,0.00067480
5144,0.00204021
5145,0.00778194
5146,0.00077068
5147,0.00189717
5148,0.00308297
5149,0.00088336
5150,0.00038648
5151,0.00116799
5152,0.00198179
5153,0.00332469
5154,0.00151465
5155,0.00793648
5156,0.00060847
5157,0.00057197
5158,0.00143183
5159,0.00160504
5160,0.00164618
5161,0.00069048
5162,0.00207829
5163,0.01007446
5164,0.00165022
5165,0.00165917
5166,0.00271563
5167,0.00699488
5168,0.00080910
5169,0.00117771
5170,0.00108130
5171,0.00241113
5172,0.00115562
5173,0.00051646
5174,0.00074080
5175,0.00152808
5176,0.00734116
5177,0.00210780
5178,0.00097010
5179,0.00086234
5180,0.00148311
5181,0.00115822
5182,0.00130764
5183,0.00102902
5184,0.00183813
5185,0.00234763
5186,0.00105996
5187,0.00595841
5188,0.00398469
5189,0.00063409
5190,0.00140484
5191,0.00117701
5192,0.00108978
5193,0.00115071
5194,0.00091428
5195,0.00041968
5196,0.00132817
5197,0.00095084
5198,0.00102953
5199,0.00093295
5200,0.00509486
5201,0.00070507
5202,0.00107292
5203,0.00059400
5204,0.00161262
5205,0.00094988
5206,0.00169112
5207,0.00127022
5208,0.00121137
5209,0.00411466
5210,0.00137237
5211,0.00121420
5212,0.00145611
5213,0.00099763
5214,0.00098350
5215,0.02145130
5216,0.00057658
5217,0.00262597
5218,0.00066235
5219,0.00117041
5220,0.00114727
5221,0.10100604
5222,0.00178731
5223,0.00382148
5224,0.00061440
5225,0.00100472
5226,0.00144973
5227,0.00089592
5228,0.00114447
5229,0.00558803
5230,0.00100570
5231,0.00135686
5232,0.00394162
5233,0.00166074
5234,0.00071538
5235,0.00152941
5236,0.00144591
5237,0.00627044
5238,0.00165127
5239,0.00162139
5240,0.00107047
5241,0.00685002
5242,0.00103511
5243,0.00114861
5244,0.00189318
5245,0.00218256
5246,0.00116755
5247,0.00191513
5248,0.00132932
5249,0.00797001
5250,0.00162319
5251,0.00041843
5252,0.00035018
5253,0.00451120
5254,0.00162608
5255,0.00376517
5256,0.00191333
5257,0.00153994
5258,0.00136290
5259,0.00157945
5260,0.00150942
5261,0.00103549
5262,0.00165687
5263,0.00247993
5264,0.00435251
5265,0.00098815
5266,0.01720638
5267,0.00233745
5268,0.00202970
5269,0.00106559
5270,0.00166764
5271,0.00294799
5272,0.00215987
5273,0.00150449
5274,0.00105453
5275,0.00092543
5276,0.00244636
5277,0.00101060
5278,0.00111603
5279,0.00153187
5280,0.00063279
5281,0.00113378
5282,0.00150818
5283,0.00683055
5284,0.00058194
5285,0.00054860
5286,0.00123428
5287,0.00109526
5288,0.00085932
5289,0.00090896
5290,0.00088796
5291,0.00093129
5292,0.00167335
5293,0.00113918
5294,0.00198057
5295,0.00061323
5296,0.00163787
5297,0.00091796
5298,0.00130819
5299,0.00096160
5300,0.00128741
5301,0.00111131
5302,0.00331558
5303,0.00122963
5304,0.00067846
5305,0.00264900
5306,0.00114415
5307,0.00358205
5308,0.00067969
5309,0.00152455
5310,0.00075658
5311,0.00195810
5312,0.00094512
5313,0.00188559
5314,0.00081562
5315,0.00138812
5316,0.00131443
5317,0.00065367
5318,0.00092870
5319,0.00080335
5320,0.00217141
5321,0.00061535
5322,0.00119219
5323,0.00277838
5324,0.00080277
5325,0.02784895
5326,0.00633160
5327,0.00105847
5328,0.00121591
5329,0.00086291
5330,0.00327871
5331,0.00241272
5332,0.00099317
5333,0.00148561
5334,0.00054791
5335,0.00911821
5336,0.00068973
5337,0.00107574
5338,0.00671201
5339,0.00151039
5340,0.00101993
5341,0.00274105
5342,0.00063315
5343,0.00103179
5344,0.00091942
5345,0.00044933
5346,0.00093883
5347,0.00077556
5348,0.00076310
5349,0.00097594
5350,0.00087094
5351,0.00145266
5352,0.00131202
5353,0.00147303
5354,0.00170210
5355,0.00381146
5356,0.00121417
5357,0.00415416
5358,0.00173509
5359,0.00134071
5360,0.00609987
5361,0.00177086
5362,1.06480624
5363,0.00313201
5364,0.00170422
5365,0.00116538
5366,0.00600105
5367,0.00212006
5368,0.00634915
5369,0.00080697
5370,0.00154525
5371,0.00144965
5372,0.00260540
5373,0.00081721
5374,0.00100568
5375,0.00288883
5376,0.04475124
5377,0.00080948
5378,0.00102140
5379,0.00099907
5380,0.00063637
5381,0.00165555
5382,0.00350536
5383,0.00149266
5384,0.00357670
5385,0.00063165
5386,0.00214547
5387,0.00102512
5388,0.00330735
5389,0.00187939
5390,0.00306896
5391,0.00393201
5392,0.00089331
5393,0.00182079
5394,0.00144387
5395,0.00950147
5396,0.00197498
5397,0.00180339
5398,0.00133352
5399,0.00296956
5400,0.00405352
5401,0.00390093
5402,0.00074915
5403,0.00078798
5404,0.00201445
5405,0.00101595
5406,0.00871840
5407,0.02853859
5408,0.00877370
5409,0.00086087
5410,0.00265509
5411,0.00133294
5412,0.00088315
5413,0.00079066
5414,0.00831282
5415,0.00092210
5416,0.00605025
5417,0.00175892
5418,0.00138624
5419,0.00231888
5420,0.00130983
5421,0.00058099
5422,0.00105266
5423,0.00178631
5424,0.00193796
5425,0.00098411
5426,0.00131222
5427,0.00059224
5428,0.00068207
5429,0.00108217
5430,0.00072416
5431,0.00152153
5432,0.00091960
5433,0.00065969
5434,0.00339124
5435,0.00148941
5436,0.00096979
5437,0.00044330
5438,0.00068135
5439,0.00790831
5440,0.00243728
5441,0.00206172
5442,0.00059944
5443,0.00260188
5444,0.00061606
5445,0.00189722
5446,0.00068581
5447,0.00377519
5448,0.00202312
5449,0.00230787
5450,0.00213326
5451,0.00068837
5452,0.00045352
5453,0.00134786
5454,0.00307697
5455,0.00127948
5456,0.00144865
5457,0.00098909
5458,0.00120617
5459,0.00120634
5460,0.00069091
5461,0.00110344
5462,0.00357938
5463,0.00192161
5464,0.00642910
5465,0.00994627
5466,0.00092090
5467,0.00951435
5468,0.00050657
5469,0.00341729
5470,0.00074224
5471,0.00167506
5472,0.00112241
5473,0.00083504
5474,0.01535578
5475,0.00159131
5476,0.00104894
5477,0.00081544
5478,0.00158505
5479,0.00831652
5480,0.00134529
5481,0.00055652
5482,0.00257474
5483,0.15207863
5484,0.00110518
5485,0.00254967
5486,0.00097595
5487,0.00103179
5488,0.00067110
5489,0.00078100
5490,0.00081729
5491,0.00078273
5492,0.00189463
5493,0.23939641
5494,0.00707337
5495,0.00229014
5496,0.00109294
5497,0.00095399
5498,0.00051794
5499,0.00124163
5500,0.00115228
5501,0.00146758
5502,0.00255315
5503,0.00289712
5504,0.00062699
5505,0.01072491
5506,0.00061337
5507,0.00180481
5508,0.00148356
5509,0.01025668
5510,0.00129843
5511,0.00995901
5512,0.00095757
5513,0.00259578
5514,0.00143018
5515,0.00069687
5516,0.00317144
5517,0.00384517
5518,0.00184601
5519,0.00070291
5520,0.00106521
5521,0.00901207
5522,0.00409350
5523,0.00081764
5524,0.00136433
5525,0.00462243
5526,0.00279648
5527,0.00147554
5528,0.00103035
5529,0.00404224
5530,0.00060449
5531,0.00232611
5532,0.00085909
5533,0.00135750
5534,0.00091846
5535,0.00229770
5536,0.00090590
5537,0.00241934
5538,0.00160074
5539,0.00106980
5540,0.01853147
5541,0.00326362
5542,0.00118555
5543,0.00157607
5544,0.00100391
5545,0.00133076
5546,0.00085776
5547,0.00158453
5548,0.00146058
5549,0.00039414
5550,0.00135473
5551,0.00073190
5552,0.00717188
5553,0.00367062
5554,0.00368844
5555,0.00118950
5556,0.00088554
5557,0.00207219
5558,0.00093970
5559,0.00089926
5560,0.00035323
5561,0.00092010
5562,0.00280942
5563,0.00200020
5564,0.00203948
5565,0.00152742
5566,0.00322902
5567,0.00125622
5568,0.03541381
5569,0.00106938
5570,0.00363339
5571,0.00136501
5572,0.00067657
5573,0.00079917
5574,0.00336928
5575,0.00144994
5576,0.00211611
5577,0.02958771
5578,0.00091233
5579,0.00101325
5580,0.00157367
5581,0.00172340
5582,0.00155431
5583,0.00261993
5584,0.00174934
5585,0.00156456
5586,0.00287144
5587,0.01781167
5588,0.00171117
5589,0.00114076
5590,0.00060366
5591,0.00201098
5592,0.01004462
5593,0.00120940
5594,0.00171537
5595,0.00538607
5596,0.00068484
5597,0.00388997
5598,0.00403727
5599,0.00089791
5600,0.00196350
5601,0.01958156
5602,0.00072671
5603,0.00118411
5604,0.00122007
5605,0.00140017
5606,0.01088094
5607,0.00095597
5608,0.02698203
5609,0.00138693
5610,0.00083328
5611,0.00170372
5612,0.00058648
5613,0.00272755
5614,0.00081353
5615,0.00149645
5616,0.00224008
5617,0.00121134
5618,0.00435250
5619,0.00571005
5620,0.00251537
5621,0.00127444
5622,0.00228162
5623,0.00115114
5624,0.00069085
5625,0.00783410
5626,0.00102924
5627,0.00110353
5628,0.00054862
5629,0.00126887
5630,0.00066900
5631,0.00265911
5632,0.00645766
5633,0.00130570
5634,0.00115705
5635,0.00095953
5636,0.00830550
5637,0.00586710
5638,0.02128507
5639,0.00041073
5640,0.00100302
5641,0.00186645
5642,0.00198962
5643,0.00173260
5644,0.00161550
5645,0.00151170
5646,0.00718912
5647,0.00070021
5648,0.00130183
5649,0.00174155
5650,0.00181825
5651,0.00273863
5652,0.00126869
5653,0.00795348
5654,0.00104818
5655,0.00175557
5656,0.00184796
5657,0.00079741
5658,0.00201615
5659,0.00125576
5660,0.00067694
5661,0.00394043
5662,0.00037556
5663,0.00385059
5664,0.00305555
5665,0.00119031
5666,0.00370869
5667,0.00149346
5668,0.00079260
5669,0.00078032
5670,0.00101397
5671,0.00085860
5672,0.00080989
5673,0.00127575
5674,0.00384404
5675,0.00134242
5676,0.00166791
5677,0.00130426
5678,0.01840350
5679,0.00502437
5680,0.00080573
5681,0.00080880
5682,0.00143613
5683,0.00127114
5684,0.00112840
5685,0.00075267
5686,0.00135446
5687,0.00061766
5688,0.00238340
5689,0.00437997
5690,0.00116605
5691,0.00194831
5692,0.00206265
5693,0.00228520
5694,0.00080510
5695,0.00153049
5696,0.00314383
5697,0.00116462
5698,0.00110339
5699,0.00101683
5700,0.01980601
5701,0.00188891
5702,0.00102754
5703,0.00407254
5704,0.00067701
5705,0.00099222
5706,0.00103314
5707,0.00109084
5708,0.00105280
5709,0.00115791
5710,0.00747339
5711,0.00128029
5712,0.00183197
5713,0.00121047
5714,0.00144766
5715,0.00142618
5716,0.00105866
5717,0.00139509
5718,0.00104268
5719,0.00229834
5720,0.00339041
5721,0.00172464
5722,0.00093988
5723,0.00132629
5724,0.00237476
5725,0.00131032
5726,0.00141186
5727,0.00062280
5728,0.00063833
5729,0.00270336
5730,0.00296389
5731,0.00132446
5732,0.00291575
5733,0.00140597
5734,0.00067982
5735,0.00268607
5736,0.00103520
5737,0.00289982
5738,0.00085428
5739,0.00341644
5740,0.00053095
5741,0.00068185
5742,0.00097795
5743,0.01064380
5744,0.00037679
5745,0.00174064
5746,0.00081148
5747,0.00084537
5748,0.01023604
5749,0.00165370
5750,0.00059351
5751,0.00392321
5752,0.00166128
5753,0.00061278
5754,0.00248136
5755,0.00833700
5756,0.00180252
5757,0.02142383
5758,0.00668664
5759,0.00133813
5760,0.00944662
5761,0.00193378
5762,0.00161834
5763,0.00069879
5764,0.00162764
5765,0.00064905
5766,0.00075802
5767,0.00099168
5768,0.00122868
5769,0.00217110
5770,0.00350919
5771,0.00071692
5772,0.00037162
5773,0.00094611
5774,0.00035683
5775,0.00233579
5776,0.00073897
5777,0.00120423
5778,0.00057428
5779,0.00845975
5780,0.00079868
5781,0.00072853
5782,0.00060181
5783,0.00125919
5784,0.00175751
5785,0.00117904
5786,0.00051807
5787,0.00112834
5788,0.00140621
5789,0.00199809
5790,0.01030252
5791,0.00327148
5792,0.00089686
5793,0.00209849
5794,0.00071907
5795,0.00088304
5796,0.00133117
5797,0.00156794
5798,0.00051177
5799,0.00231402
5800,0.00093599
5801,0.01595697
5802,0.00098466
5803,0.00224184
5804,0.00104626
5805,0.02976876
5806,0.00142095
5807,0.00408504
5808,0.00128666
5809,0.00154055
5810,0.00224117
5811,0.04949410
5812,0.00080314
5813,0.00037079
5814,0.00097608
5815,0.00085085
5816,0.00447608
5817,0.00096408
5818,0.00082400
5819,0.00118595
5820,0.00189590
5821,0.00066268
5822,0.00133159
5823,0.00086745
5824,0.00428845
5825,0.00180952
5826,0.00317965
5827,0.00672113
5828,0.00146155
5829,0.00181105
5830,0.00081452
5831,0.00126625
5832,0.00071206
5833,0.00800358
5834,0.00096192
5835,0.00157697
5836,0.00075932
5837,0.00091874
5838,0.00134287
5839,0.00543890
5840,0.00106545
5841,0.02211337
5842,0.00048433
5843,0.00053909
5844,0.00087734
5845,0.00039390
5846,0.00091320
5847,0.00522700
5848,0.00271432
5849,0.00151456
5850,0.00925623
5851,0.00505867
5852,0.00105724
5853,0.00073266
5854,0.00397681
5855,0.00167630
5856,0.00032192
5857,0.00096640
5858,0.00734094
5859,0.00149559
5860,0.00125502
5861,0.00100917
5862,0.00103811
5863,0.00074816
5864,0.00271700
5865,0.00054232
5866,0.00236499
5867,0.00373680
5868,0.00089194
5869,0.00170626
5870,0.00082116
5871,0.00107851
5872,0.01985322
5873,0.00071848
5874,0.00167553
5875,0.00437299
5876,0.00243544
5877,0.00072056
5878,0.00142458
5879,0.00065635
5880,0.00060439
5881,0.00282530
5882,0.00039288
5883,0.00228152
5884,0.00092699
5885,0.00152000
5886,0.00079581
5887,0.00083517
5888,0.00134828
5889,0.00147261
5890,0.00064032
5891,0.00106384
5892,0.00063895
5893,0.01378369
5894,0.00095555
5895,0.00144773
5896,0.00297948
5897,0.00071843
5898,0.00063103
5899,0.00152857
5900,0.00068214
5901,0.00408065
5902,0.00073528
5903,0.00072516
5904,0.00097787
5905,0.01951709
5906,0.00101577
5907,0.00839695
5908,0.00115287
5909,0.00277011
5910,0.00080657
5911,0.00083364
5912,0.00080625
5913,0.00168308
5914,0.00119120
5915,0.00146040
5916,0.00256681
5917,0.00059153
5918,0.00205895
5919,0.00067807
5920,0.00399710
5921,0.00100787
5922,0.00034544
5923,0.00059933
5924,0.00984969
5925,0.00101578
5926,0.00276643
5927,0.00120104
5928,0.00210880
5929,0.00065275
5930,0.00080553
5931,0.00069688
5932,0.00112582
5933,0.00073919
5934,0.00137302
5935,0.00192026
5936,0.00076510
5937,0.00075292
5938,0.00281714
5939,0.00102324
5940,0.00370152
5941,0.00100961
5942,0.00098881
5943,0.00053981
5944,0.00205027
5945,0.00075939
5946,0.00286018
5947,0.00154964
5948,0.00138435
5949,0.00211847
5950,0.00102686
5951,0.00131494
5952,0.00204601
5953,0.00057193
5954,0.00203112
5955,0.00694589
5956,0.00083808
5957,0.00320101
5958,0.00305963
5959,0.00097620
5960,0.00276174
5961,0.00097787
5962,0.00168831
5963,0.00225475
5964,0.00177371
5965,0.00135143
5966,0.00848299
5967,0.00094812
5968,0.00095172
5969,0.00104887
5970,0.00106828
5971,0.00288471
5972,0.00111011
5973,0.00157111
5974,0.00101145
5975,0.00075574
5976,0.00136186
5977,0.01003969
5978,0.00413608
5979,0.00099077
5980,0.00068967
5981,0.00353855
5982,0.00180482
5983,0.00089552
5984,0.00128349
5985,0.00123218
5986,0.00751240
5987,0.00089776
5988,0.00875467
5989,0.00373491
5990,0.00960572
5991,0.00103668
5992,0.00112436
5993,0.00089457
5994,0.00154346
5995,0.00194072
5996,0.00096104
5997,0.00197012
5998,0.00097094
5999,0.00197658
6000,0.00173252
6001,0.00118525
6002,0.00096752
6003,0.00320263
6004,0.00060776
6005,0.00202297
6006,0.00169679
6007,0.00260708
6008,0.00416301
6009,0.00168795
6010,0.00077658
6011,0.00160844
6012,0.00289693
6013,0.00081443
6014,0.00236445
6015,0.00842664
6016,0.00148777
6017,0.00766956
6018,0.00067085
6019,0.00227011
6020,0.00166201
6021,0.01616305
6022,0.00064945
6023,0.00116345
6024,0.00061086
6025,0.00201369
6026,0.00150513
6027,0.00087694
6028,0.00131009
6029,0.00140921
6030,0.00064502
6031,0.00084892
6032,0.00150235
6033,0.00926353
6034,0.00104152
6035,0.00093894
6036,0.00148832
6037,0.00208852
6038,0.00148763
6039,0.00210088
6040,0.00070310
6041,0.00098897
6042,0.00118689
6043,0.00222420
6044,0.00164552
6045,0.00137526
6046,0.00267906
6047,0.00069935
6048,0.01087422
6049,0.00156195
6050,0.00110255
6051,0.00163956
6052,0.00157663
6053,0.01992759
6054,0.00121497
6055,0.00189295
6056,0.00063666
6057,0.00097305
6058,0.00110770
6059,0.00085728
6060,0.00283157
6061,0.00168361
6062,0.00146806
6063,0.00128593
6064,0.00198765
6065,0.00075759
6066,0.00130007
6067,0.00137569
6068,0.00148951
6069,0.00104415
6070,0.00178793
6071,0.00108584
6072,0.09780561
6073,0.00400369
6074,0.00102080
6075,0.00096349
6076,0.00160377
6077,0.00145781
6078,0.00149031
6079,0.00125199
6080,0.00256645
6081,0.00105554
6082,0.00137780
6083,0.00148269
6084,0.00101301
6085,0.00281810
6086,0.00188295
6087,0.00140075
6088,0.00168398
6089,0.00781266
6090,0.00117502
6091,0.00314066
6092,0.00834799
6093,0.04344717
6094,0.00642338
6095,0.00175180
6096,0.00097372
6097,0.00157035
6098,0.00100617
6099,0.00281920
6100,0.00091571
6101,0.00142191
6102,0.00230478
6103,0.00091496
6104,0.00289571
6105,0.00103409
6106,0.00072316
6107,0.00306003
6108,0.00121989
6109,0.00222814
6110,0.00104531
6111,0.02631838
6112,0.00099763
6113,0.00098903
6114,0.00210075
6115,0.00585355
6116,0.00093221
6117,0.00070851
6118,0.00192759
6119,0.00194637
6120,0.00162385
6121,0.00093649
6122,0.00145298
6123,0.00274708
6124,0.00091653
6125,0.00096837
6126,0.00055100
6127,0.00096473
6128,0.00114273
6129,0.00067812
6130,0.00427170
6131,0.00164765
6132,0.00057461
6133,0.00053314
6134,0.00138929
6135,0.00115324
6136,0.00164224
6137,0.00083819
6138,0.28538140
6139,0.00253430
6140,0.00207067
6141,0.00084306
6142,0.00477181
6143,0.00147360
6144,0.00262213
6145,0.00073722
6146,0.00134795
6147,0.00082571
6148,0.00096638
6149,0.00849517
6150,0.00125825
6151,0.00081211
6152,0.00078008
6153,0.00155797
6154,0.00151927
6155,0.00095665
6156,0.00094494
6157,0.00091219
6158,0.00170220
6159,2.40179271
6160,0.00126888
6161,0.00101829
6162,0.00282001
6163,0.00100587
6164,0.00056111
6165,0.00098137
6166,0.00243787
6167,0.00206277
6168,0.00092772
6169,0.00371707
6170,0.00102191
6171,0.00061722
6172,0.00070446
6173,0.00078716
6174,0.00167446
6175,0.00148389
6176,0.04696641
6177,0.00086805
6178,0.00778767
6179,0.00973908
6180,0.00104286
6181,0.00127148
6182,0.00239684
6183,0.00124651
6184,0.00054415
6185,0.00265442
6186,0.00101769
6187,0.00097154
6188,0.00170594
6189,0.00204477
6190,0.00091237
6191,0.00103928
6192,0.00257834
6193,0.00178509
6194,0.00073472
6195,0.00096494
6196,0.00135349
6197,0.00164429
6198,0.00093398
6199,0.00079683
6200,0.00110695
6201,0.00094273
6202,0.00153261
6203,0.00074220
6204,0.00117366
6205,0.00065317
6206,0.00232248
6207,0.00148112
6208,0.00066679
6209,0.00115315
6210,0.00206108
6211,0.00182436
6212,0.00348988
6213,0.00176985
6214,0.00234642
6215,0.00358198
6216,0.00099498
6217,0.16877634
6218,0.00067504
6219,0.00069860
6220,0.00206144
6221,0.00118293
6222,0.00269259
6223,0.00523827
6224,0.00142886
6225,0.00070539
6226,0.00225639
6227,2.49685763
6228,0.00246613
6229,0.00095058
6230,0.00716960
6231,0.00346059
6232,0.00082273
6233,0.00090998
6234,0.00080341
6235,0.00809389
6236,0.00821663
6237,0.01931048
6238,0.00235277
6239,0.00064194
6240,0.00118149
6241,0.00131856
6242,0.00123772
6243,0.00136914
6244,0.00086912
6245,0.00174774
6246,0.00345099
6247,0.00127882
6248,0.00384127
6249,0.00081597
6250,0.00078318
6251,0.00425970
6252,0.00117450
6253,0.00156677
6254,0.02750585
6255,0.00088665
6256,0.00406644
6257,0.00070174
6258,0.00298780
6259,0.00149908
6260,0.00134894
6261,0.00098132
6262,0.00105505
6263,0.00263202
6264,0.00222000
6265,0.00943503
6266,0.00355708
6267,0.00286749
6268,0.00983643
6269,0.00096641
6270,0.00054600
6271,0.00179714
6272,0.00126701
6273,0.00486305
6274,0.00063150
6275,0.00105429
6276,0.00137051
6277,0.00069009
6278,0.00391275
6279,0.00055062
6280,0.00123931
6281,0.00158150
6282,0.01855050
6283,0.00116523
6284,0.00710955
6285,0.00194791
6286,0.00049633
6287,0.00426211
6288,0.00225783
6289,0.00094953
6290,0.00094297
6291,0.00144490
6292,0.00154067
6293,0.00078354
6294,0.00122683
6295,0.00128786
6296,0.00121677
6297,0.00142279
6298,0.00087481
6299,0.00124249
6300,0.00111374
6301,0.00086028
6302,0.00103129
6303,0.00144489
6304,0.00167487
6305,0.00169229
6306,0.00571717
6307,0.00179927
6308,0.00236302
6309,0.00139976
6310,0.00361846
6311,0.00098095
6312,0.00174974
6313,0.00099040
6314,0.00067194
6315,0.00196098
6316,0.00177807
6317,0.00080210
6318,0.00160738
6319,0.00079967
6320,0.00036728
6321,0.00141051
6322,0.00086458
6323,0.84357869
6324,0.00144057
6325,0.00070958
6326,0.00319693
6327,0.00296725
6328,0.00115597
6329,0.00139183
6330,0.00095287
6331,0.00067141
6332,0.00147525
6333,0.00072329
6334,0.00067581
6335,0.91523551
6336,0.00074997
6337,0.00116247
6338,0.00133980
6339,0.00099496
6340,0.00113205
6341,0.00087037
6342,0.00340118
6343,0.02515578
6344,0.00149044
6345,0.00153196
6346,0.00188182
6347,0.00150683
6348,0.00130661
6349,0.00103639
6350,0.00105566
6351,0.00053680
6352,0.00203718
6353,0.00118270
6354,0.00104913
6355,0.00327895
6356,0.00078821
6357,0.00173880
6358,0.00705785
6359,0.00174939
6360,0.01700215
6361,0.00081727
6362,0.00229224
6363,0.00099481
6364,0.00324688
6365,0.00034547
6366,0.00282730
6367,0.00109173
6368,0.00083972
6369,0.00066347
6370,0.00083079
6371,0.00096508
6372,0.00345737
6373,0.00765738
6374,0.00103030
6375,0.00094761
6376,0.00067835
6377,0.00158559
6378,0.00358454
6379,0.00182185
6380,0.00096874
6381,0.00145846
6382,0.00186871
6383,0.00130883
6384,0.00091725
6385,0.00168396
6386,0.02787030
6387,0.00101149
6388,0.00105266
6389,0.00721713
6390,0.00160323
6391,0.00059782
6392,0.00401013
6393,0.00847022
6394,0.00620762
6395,0.00068145
6396,0.00337200
6397,0.00662723
6398,0.00072660
6399,0.00306133
6400,0.00117779
6401,0.00123347
6402,0.00130411
6403,0.00163909
6404,0.00468115
6405,0.00323681
6406,0.00145175
6407,0.00125836
6408,0.00310497
6409,0.00077652
6410,0.00211433
6411,0.00125783
6412,0.00221344
6413,0.00100710
6414,0.00101618
6415,0.00133470
6416,0.00103983
6417,0.00072823
6418,0.00301145
6419,0.00827015
6420,0.00103157
6421,0.00128950
6422,0.00235790
6423,0.00177633
6424,0.00193638
6425,0.00227728
6426,0.00286046
6427,0.04808422
6428,0.05021707
6429,0.00072069
6430,0.00068091
6431,0.00118824
6432,0.00171293
6433,0.00087632
6434,0.00174744
6435,0.02129040
6436,0.00133122
6437,0.00109074
6438,0.00129234
6439,0.00092717
6440,0.00361691
6441,0.00205034
6442,0.00101815
6443,0.00792149
6444,0.00090822
6445,0.00599990
6446,0.00174247
6447,0.00230250
6448,0.00096141
6449,0.00195396
6450,0.00087255
6451,0.00231386
6452,0.00074565
6453,0.00074364
6454,0.00462453
6455,0.00238198
6456,0.00126619
6457,0.00238611
6458,0.00108646
6459,0.00067413
6460,0.00035790
6461,0.00106415
6462,0.00073885
6463,0.00163743
6464,0.00150147
6465,0.00103633
6466,0.00400594
6467,0.00149527
6468,0.00110948
6469,0.00103050
6470,0.00258752
6471,0.00079830
6472,0.00133246
6473,0.00098120
6474,0.00180751
6475,0.00082166
6476,0.00174801
6477,0.00295037
6478,0.00230198
6479,0.00084199
6480,0.00237769
6481,0.00982575
6482,0.00193745
6483,0.00091580
6484,0.00913673
6485,0.00161214
6486,0.00842401
6487,0.00249490
6488,0.00098161
6489,0.00097111
6490,0.00165629
6491,0.00374741
6492,0.00080453
6493,0.00107642
6494,0.00055838
6495,0.00064133
6496,0.00162564
6497,0.00094761
6498,0.00083131
6499,0.00098806
6500,0.00130268
6501,0.00213691
6502,0.00153927
6503,0.00119812
6504,0.00072236
6505,0.00071442
6506,0.00141913
6507,0.00380038
6508,0.00164001
6509,0.00271320
6510,0.00127329
6511,0.00135200
6512,0.01927358
6513,0.00271125
6514,0.00304929
6515,0.00500794
6516,0.00112832
6517,0.00275494
6518,0.00054797
6519,0.00424788
6520,0.00209551
6521,0.00343284
6522,0.00142292
6523,0.00266752
6524,0.00072998
6525,0.00355650
6526,0.00154556
6527,0.00199012
6528,0.00106896
6529,0.00086633
6530,0.00068406
6531,0.00084126
6532,0.00134314
6533,0.00147335
6534,0.00083445
6535,0.00137125
6536,0.00138123
6537,0.00578290
6538,0.00106459
6539,0.00077641
6540,0.00453711
6541,0.00042131
6542,0.00074140
6543,0.10846837
6544,0.00120660
6545,0.00202420
6546,0.00082855
6547,0.00093197
6548,0.00130598
6549,0.00175715
6550,0.00126069
6551,0.00070589
6552,0.00068926
6553,0.00170276
6554,0.00066564
6555,0.00131065
6556,0.00080537
6557,0.00201474
6558,0.00073461
6559,0.00253060
6560,0.00101855
6561,0.00062813
6562,0.00130756
6563,0.00110038
6564,0.00093967
6565,0.00147750
6566,0.00246777
6567,0.00129577
6568,0.00058359
6569,0.00158664
6570,0.00399606
6571,0.00090536
6572,0.00109818
6573,0.00100105
6574,0.00187698
6575,0.00306535
6576,0.00106505
6577,0.00247629
6578,0.00194748
6579,0.00138696
6580,0.00144213
6581,0.00239368
6582,0.00172904
6583,0.00300179
6584,0.00163338
6585,0.00335416
6586,0.00070961
6587,0.00145061
6588,0.00062722
6589,0.00066465
6590,0.00238407
6591,0.00182499
6592,0.00072192
6593,0.00152928
6594,0.00175695
6595,0.00153294
6596,0.00108245
6597,0.00076756
6598,0.00117065
6599,0.00188442
6600,0.00086505
6601,0.00139422
6602,0.00252601
6603,0.00167928
6604,0.00105810
6605,0.00143632
6606,0.00182143
6607,0.00099011
6608,0.00120339
6609,0.00095045
6610,0.00069642
6611,0.00090491
6612,0.00153237
6613,0.00337092
6614,0.00117775
6615,0.00127825
6616,0.00233577
6617,0.00406886
6618,0.00138708
6619,0.00075304
6620,0.42215380
6621,0.00899867
6622,0.00138823
6623,0.00119121
6624,0.00108669
6625,0.00225414
6626,0.00189714
6627,0.00184407
6628,0.00185230
6629,0.00154468
6630,0.00185404
6631,0.00086949
6632,0.00126049
6633,0.00102671
6634,0.00093453
6635,0.00117402
6636,0.00089947
6637,0.00169148
6638,0.00124708
6639,0.00083355
6640,0.00097438
6641,0.00229691
6642,0.00042732
6643,0.00937617
6644,0.00147457
6645,0.01100125
6646,0.00296659
6647,0.00117767
6648,0.00079215
6649,0.00096344
6650,0.00305929
6651,0.00230902
6652,0.00387483
6653,0.00057724
6654,0.02403109
6655,0.00120573
6656,0.00113910
6657,0.00085729
6658,0.00131057
6659,0.00103686
6660,0.00070907
6661,0.00436695
6662,0.00090879
6663,0.00078124
6664,0.00073504
6665,0.00078603
6666,0.00095401
6667,0.00135511
6668,0.00256108
6669,0.00038279
6670,0.00106182
6671,0.00141088
6672,0.00089246
6673,0.01946433
6674,0.00193079
6675,0.00176059
6676,0.00059981
6677,0.00172254
6678,0.00195198
6679,0.00750987
6680,0.00283412
6681,0.00095265
6682,0.00404625
6683,0.00285793
6684,0.00065080
6685,0.00223047
6686,0.00059472
6687,0.00071193
6688,0.00088066
6689,0.00038251
6690,0.00086543
6691,0.00100192
6692,0.00093477
6693,0.00106374
6694,0.00078833
6695,0.00025973
6696,0.56841431
6697,0.00197183
6698,0.00078900
6699,0.00101078
6700,0.00060366
6701,0.00125662
6702,0.00280673
6703,0.00126997
6704,0.00187585
6705,0.00287595
6706,0.00069984
6707,0.00079402
6708,0.00095959
6709,0.00101914
6710,0.00421942
6711,0.00090992
6712,0.00426534
6713,0.00114608
6714,0.01046175
6715,0.00298757
6716,0.00178826
6717,0.00105302
6718,0.01567797
6719,0.00131712
6720,0.00288255
6721,0.00166424
6722,0.00775646
6723,0.00085056
6724,0.00053478
6725,0.00859013
6726,0.00207342
6727,0.00269688
6728,0.00711469
6729,0.00147237
6730,0.00082941
6731,0.00079741
6732,0.00371247
6733,0.00354140
6734,0.00162361
6735,0.00656455
6736,0.00095885
6737,0.00060263
6738,0.00199611
6739,0.00073811
6740,0.00109762
6741,0.00208621
6742,0.01247664
6743,0.00183897
6744,0.00155007
6745,0.00097824
6746,0.00100024
6747,0.00279898
6748,0.00112544
6749,0.02576393
6750,0.00520286
6751,0.00103002
6752,0.00193960
6753,0.00138613
6754,0.00386858
6755,0.00083000
6756,0.00175919
6757,0.00205962
6758,0.00213920
6759,0.00085362
6760,0.00260961
6761,0.00307958
6762,0.01646156
6763,0.00201695
6764,0.00123450
6765,0.00119584
6766,0.07702590
6767,0.00171557
6768,0.00137749
6769,0.00470879
6770,0.00063839
6771,0.00053881
6772,0.00086509
6773,0.00223055
6774,0.00077760
6775,0.00142798
6776,0.00092233
6777,0.00100515
6778,0.08513471
6779,0.00806124
6780,0.00336121
6781,0.00124937
6782,0.00773129
6783,0.00149350
6784,0.00079265
6785,0.00115478
6786,0.00075399
6787,0.00099499
6788,0.00178151
6789,0.00145178
6790,0.00084288
6791,0.00100271
6792,0.00170945
6793,0.00310586
6794,0.00110164
6795,0.00218759
6796,0.00131271
6797,0.00151227
6798,0.00095735
6799,0.00085748
6800,0.00124417
6801,0.00061104
6802,0.00892135
6803,0.00133360
6804,0.00785443
6805,0.00383985
6806,0.00196421
6807,0.00123606
6808,0.00130804
6809,0.00454669
6810,0.00276796
6811,0.02896542
6812,0.00129202
6813,0.00139852
6814,0.00122507
6815,0.00156670
6816,0.00126009
6817,0.00192685
6818,0.00182192
6819,0.02665537
6820,0.00783445
6821,0.00278783
6822,0.00747444
6823,0.00078564
6824,0.00076080
6825,0.00072444
6826,0.00092766
6827,0.00101109
6828,0.00267193
6829,0.00057983
6830,0.00134654
6831,0.00144163
6832,0.00381936
6833,0.00787608
6834,0.00543325
6835,0.00064703
6836,0.00162936
6837,0.00086208
6838,0.00429050
6839,0.00211010
6840,0.04747529
6841,0.00106969
6842,0.00018036
6843,0.00169497
6844,0.00067628
6845,0.00081654
6846,0.00145777
6847,0.00156808
6848,0.00197250
6849,0.00136559
6850,0.00072458
6851,0.00092226
6852,0.00152595
6853,0.00125039
6854,0.00096779
6855,0.00109377
6856,0.00120252
6857,0.00085327
6858,0.00064022
6859,0.00112146
6860,0.00072081
6861,0.00191585
6862,0.00157328
6863,0.00035637
6864,0.00189941
6865,0.00062199
6866,0.00108377
6867,0.00102327
6868,0.00207684
6869,0.01001137
6870,0.00140651
6871,0.00075755
6872,0.00085823
6873,0.00131796
6874,0.00087044
6875,0.00110990
6876,0.00159603
6877,0.00185389
6878,0.00920867
6879,0.00156638
6880,0.00651803
6881,0.00693547
6882,0.00266206
6883,0.00060599
6884,0.00192810
6885,0.00057687
6886,0.00071694
6887,0.00145626
6888,0.00400264
6889,0.04480536
6890,0.00214983
6891,0.00200828
6892,0.00735659
6893,0.00689269
6894,0.00048877
6895,0.00126603
6896,0.00172725
6897,0.00211893
6898,0.00063953
6899,0.01816349
6900,0.00172622
6901,0.00070014
6902,0.00102926
6903,0.00861430
6904,0.00093041
6905,0.00248036
6906,0.00082535
6907,0.00063106
6908,0.00074221
6909,0.00109687
6910,0.00174981
6911,0.78176088
6912,0.00117360
6913,0.00231861
6914,0.00098972
6915,0.04432683
6916,0.00622673
6917,0.00094232
6918,0.00083309
6919,0.00141085
6920,0.00987316
6921,0.00109263
6922,0.00721434
6923,0.00086233
6924,0.00154853
6925,0.00053192
6926,0.00221711
6927,0.00224320
6928,0.00064322
6929,0.00132470
6930,0.00209023
6931,0.00085679
6932,0.00125558
6933,0.00086618
6934,0.00065591
6935,0.00386329
6936,0.00778407
6937,0.00080722
6938,0.00106575
6939,0.00062395
6940,0.00160885
6941,0.00125621
6942,0.32915960
6943,0.00140861
6944,0.00132755
6945,0.00134940
6946,0.01913850
6947,0.00159757
6948,0.00088149
6949,0.00171985
6950,0.00235952
6951,0.00237102
6952,0.00056915
6953,0.00919399
6954,0.00132380
6955,0.00184773
6956,0.00077253
6957,0.00087297
6958,0.00386586
6959,0.00045579
6960,0.00144662
6961,0.00091944
6962,0.01079460
6963,0.00061765
6964,0.00107766
6965,0.00113041
6966,0.00065932
6967,0.00102641
6968,0.00159972
6969,0.00171237
6970,0.00082483
6971,0.00429561
6972,0.00076279
6973,0.00294940
6974,0.00118918
6975,0.00154945
6976,0.00131065
6977,0.00161465
6978,0.00096828
6979,0.00102027
6980,0.01073848
6981,0.00325976
6982,0.00097193
6983,0.00122762
6984,0.00124723
6985,0.00031997
6986,0.00090313
6987,0.00135945
6988,0.00136963
6989,0.00334980
6990,0.00373229
6991,0.00140400
6992,0.00081686
6993,1.74685727
6994,0.00058233
6995,0.00150948
6996,0.00035950
6997,0.00075646
6998,0.00104315
6999,0.00174712
7000,0.00391475
7001,0.03602229
7002,0.99240945
7003,0.02677370
7004,0.00161686
7005,0.00116511
7006,0.00112815
7007,0.00063275
7008,0.00386255
7009,0.00131768
7010,0.02095537
7011,0.00959340
7012,0.00897124
7013,0.00310149
7014,0.00090461
7015,0.00901929
7016,0.00084064
7017,0.00172597
7018,0.00799690
7019,0.00094629
7020,0.00350464
7021,0.02425380
7022,0.00040510
7023,0.00848021
7024,0.00248963
7025,0.00144223
7026,0.00239337
7027,0.00506699
7028,0.01854060
7029,0.00109183
7030,0.00097677
7031,0.00185144
7032,0.00060252
7033,0.00224870
7034,0.00084924
7035,0.00227563
7036,0.00146681
7037,0.00139901
7038,0.00122395
7039,0.00193405
7040,0.00133681
7041,0.00078310
7042,0.00117986
7043,0.00428956
7044,0.00307026
7045,0.00137301
7046,0.00263107
7047,0.01005981
7048,0.00083934
7049,0.00124839
7050,0.00298127
7051,0.00188651
7052,0.00417465
7053,0.00161218
7054,0.00287247
7055,0.00120670
7056,0.00184797
7057,0.00131720
7058,0.00373143
7059,0.00307530
7060,0.00226291
7061,0.00106791
7062,0.00070878
7063,0.00394907
7064,0.00082913
7065,0.00125484
7066,0.00155634
7067,0.00165243
7068,0.00223423
7069,0.00097840
7070,0.00113182
7071,0.00123348
7072,0.00234494
7073,0.00089082
7074,0.00313450
7075,0.00117498
7076,0.00092188
7077,0.00125635
7078,0.00094930
7079,0.00102003
7080,0.00172459
7081,0.00266630
7082,0.01905973
7083,0.00114124
7084,0.00143442
7085,0.00143438
7086,0.00067892
7087,0.00058670
7088,0.00128386
7089,0.00294927
7090,0.00154277
7091,0.00250742
7092,0.00085300
7093,0.00103866
7094,0.00010507
7095,0.00076027
7096,0.00086872
7097,0.00163531
7098,0.00126423
7099,0.00060237
7100,0.00110326
7101,0.00140389
7102,0.00126029
7103,0.00642516
7104,0.00157821
7105,0.00856903
7106,0.00273381
7107,0.00944094
7108,0.00114001
7109,0.00168433
7110,0.00071090
7111,0.00098363
7112,0.00280861
7113,0.00200357
7114,0.00785579
7115,0.00245374
7116,1.23190174
7117,0.00390699
7118,0.00389366
7119,0.00048856
7120,0.00249079
7121,0.00732999
7122,0.00204836
7123,0.00092450
7124,0.00395377
7125,0.00133977
7126,0.00122207
7127,0.00785819
7128,0.00165697
7129,0.02447384
7130,0.00383731
7131,0.00175772
7132,0.00308600
7133,0.00195457
7134,0.00114281
7135,0.00128006
7136,0.00104170
7137,0.01668766
7138,0.00085846
7139,0.00251619
7140,0.00121607
7141,0.00412272
7142,0.00063808
7143,0.00617250
7144,0.00097080
7145,0.00037331
7146,0.00297885
7147,0.00163785
7148,0.00136121
7149,0.00089001
7150,0.00136865
7151,0.00166965
7152,0.00596447
7153,0.00092932
7154,0.00822308
7155,0.00112678
7156,0.00114686
7157,0.00282939
7158,0.00084586
7159,0.00607861
7160,0.00154518
7161,0.00132948
7162,0.00356553
7163,0.00241477
7164,0.00263453
7165,0.00556605
7166,0.00085399
7167,0.00385019
7168,0.00085013
7169,0.00103197
7170,0.00118407
7171,0.00343483
7172,0.02755109
7173,0.00565674
7174,0.00093870
7175,0.00425852
7176,0.00078625
7177,0.00119823
7178,0.00127692
7179,0.00083148
7180,0.00066311
7181,0.00964617
7182,0.00114265
7183,0.00139954
7184,0.00108986
7185,0.00196362
7186,0.00549804
7187,0.00176558
7188,0.00164746
7189,0.02117487
7190,0.00117618
7191,0.00271019
7192,0.00064003
7193,0.39110136
7194,0.00222967
7195,0.00279565
7196,0.00179038
7197,0.00290861
7198,0.00056299
7199,0.00144443
7200,0.00106980
7201,0.00134241
7202,0.01070707
7203,0.00062756
7204,0.00204251
7205,0.00075105
7206,0.00229481
7207,0.00145674
7208,0.00095249
7209,0.00085546
7210,0.00107119
7211,0.00064713
7212,0.00156154
7213,0.00075186
7214,0.00160709
7215,0.00099046
7216,0.02105114
7217,0.00066296
7218,0.01798014
7219,0.00112004
7220,0.00473245
7221,0.00098079
7222,0.00097116
7223,0.00198749
7224,0.00042983
7225,0.00167230
7226,0.00171609
7227,0.00146708
7228,0.00334125
7229,0.00081573
7230,0.00095542
7231,0.00816917
7232,0.00082049
7233,0.00153996
7234,0.00096946
7235,0.00132688
7236,0.00146499
7237,0.00170202
7238,0.00166269
7239,0.00137937
7240,0.00122764
7241,0.00194075
7242,0.00168400
7243,0.00145572
7244,0.00132655
7245,0.00136725
7246,0.00160466
7247,0.00142047
7248,0.00095719
7249,0.00139171
7250,0.00128795
7251,0.00166838
7252,0.00112125
7253,0.00095601
7254,2.29782836
7255,0.00083123
7256,0.00277055
7257,0.00164181
7258,0.00122889
7259,0.00102732
7260,0.00122297
7261,0.00177693
7262,0.00188549
7263,0.00067158
7264,0.00181671
7265,0.00189226
7266,0.00192295
7267,0.00100159
7268,0.00119986
7269,0.00431474
7270,0.00143381
7271,0.00146467
7272,0.00263865
7273,0.00310388
7274,0.00231326
7275,0.00150058
7276,0.00111385
7277,0.00056962
7278,0.00138001
7279,0.01061059
7280,0.02468296
7281,0.01043670
7282,0.00149345
7283,0.00102032
7284,0.00124342
7285,0.00036877
7286,0.00094461
7287,0.00100109
7288,0.00277600
7289,0.01908180
7290,0.00175605
7291,0.00266745
7292,0.00408811
7293,0.00081829
7294,0.00150962
7295,0.00159125
7296,0.02831619
7297,0.00294445
7298,0.00111626
7299,0.00076730
7300,0.00101879
7301,0.00068848
7302,0.01030798
7303,0.00093034
7304,0.00132337
7305,0.00340765
7306,0.00096419
7307,0.00188276
7308,0.00152634
7309,0.00104017
7310,0.00085313
7311,0.00095598
7312,0.00653824
7313,0.00308022
7314,0.00069338
7315,0.00213702
7316,0.00269306
7317,0.00159501
7318,0.00105895
7319,0.00113171
7320,0.00058542
7321,0.00131489
7322,0.00937854
7323,0.00104143
7324,0.00140419
7325,0.00306829
7326,0.00142989
7327,0.00151615
7328,0.00738029
7329,0.00058371
7330,0.00103245
7331,0.00355456
7332,0.00138314
7333,0.00060723
7334,0.00059908
7335,0.00082955
7336,0.00202060
7337,0.00125959
7338,0.00080812
7339,0.00070280
7340,0.00195018
7341,0.00194673
7342,0.00090550
7343,0.00107073
7344,0.00210269
7345,0.00205347
7346,0.00230519
7347,0.00103259
7348,0.02434095
7349,0.00190251
7350,0.00101972
7351,0.00075501
7352,0.00062662
7353,0.00883374
7354,0.00147500
7355,0.00299488
7356,0.02464125
7357,0.00161742
7358,0.00164400
7359,0.00169972
7360,0.00277749
7361,0.00126715
7362,0.00199779
7363,0.00143227
7364,0.00221010
7365,0.00281282
7366,0.00071273
7367,0.00152646
7368,0.00419319
7369,0.00069436
7370,0.00210338
7371,0.00202726
7372,0.00098721
7373,0.00128028
7374,0.00098783
7375,0.00735749
7376,0.00158440
7377,0.01034172
7378,0.00087630
7379,0.00089032
7380,0.00091752
7381,0.00172530
7382,0.00066526
7383,0.00250432
7384,0.00191304
7385,0.00110467
7386,0.00168435
7387,0.00059828
7388,0.00152101
7389,0.00070663
7390,0.01036645
7391,0.00093795
7392,0.00075635
7393,0.00207347
7394,0.00231808
7395,0.20346301
7396,0.00091907
7397,0.00170196
7398,0.00103306
7399,0.00093844
7400,0.00072472
7401,0.00139108
7402,0.00141281
7403,0.00305502
7404,0.00151506
7405,0.00125078
7406,0.00101130
7407,0.00169143
7408,0.00084193
7409,0.08663736
7410,0.00085737
7411,0.00193678
7412,0.00201361
7413,0.00374911
7414,0.00408964
7415,0.00158046
7416,0.00139983
7417,0.00267384
7418,0.00093131
7419,0.79878986
7420,0.00066575
7421,0.00057073
7422,0.00189890
7423,0.00398487
7424,0.00074114
7425,0.00132271
7426,0.00404177
7427,0.00209909
7428,0.00290790
7429,0.00087066
7430,0.00037782
7431,0.00241486
7432,0.00719879
7433,0.00123555
7434,0.00139420
7435,0.00932156
7436,0.00155699
7437,0.00121972
7438,0.00158982
7439,0.00188903
7440,0.00073293
7441,0.00277546
7442,0.00147442
7443,0.00108603
7444,0.00621920
7445,0.00180363
7446,0.00078492
7447,0.00159965
7448,0.00086785
7449,0.00283929
7450,0.00103746
7451,1.28846184
7452,0.00379285
7453,0.00307833
7454,0.00364453
7455,0.00050803
7456,0.00259329
7457,0.00108490
7458,0.00101909
7459,0.00076302
7460,0.00417198
7461,0.00058814
7462,0.00813406
7463,0.00157245
7464,0.00154612
7465,0.00124019
7466,0.00092869
7467,0.00214402
7468,0.00204616
7469,0.00095963
7470,0.00105042
7471,0.00009076
7472,0.00159497
7473,0.00116395
7474,0.00132819
7475,0.00113273
7476,0.00176155
7477,0.00111104
7478,0.00199689
7479,0.00058794
7480,0.00673605
7481,0.00186263
7482,0.00106739
7483,0.00076018
7484,2.03809792
7485,0.00100582
7486,0.00187319
7487,0.00036231
7488,0.00072455
7489,0.00636074
7490,0.00274954
7491,0.00069102
7492,0.00388608
7493,0.00098384
7494,0.00158350
7495,0.00280330
7496,0.00089012
7497,0.00061912
7498,0.00067053
7499,0.00958268
7500,0.00191963
7501,0.00033950
7502,0.00122644
7503,0.00101265
7504,0.00073758
7505,0.00102698
7506,0.00153140
7507,0.00247025
7508,0.00083348
7509,0.00163236
7510,0.00102802
7511,0.00057624
7512,0.00172566
7513,0.00200179
7514,0.00066047
7515,0.00776517
7516,0.00139405
7517,0.00202385
7518,0.00106286
7519,0.00922436
7520,0.00200396
7521,0.00091211
7522,0.00260331
7523,0.00194455
7524,0.00297964
7525,0.00212836
7526,0.00167134
7527,0.00099497
7528,0.00086803
7529,0.00969581
7530,0.00301947
7531,0.00109068
7532,0.00184049
7533,0.00063858
7534,0.00096045
7535,0.00134575
7536,0.00165927
7537,0.00108326
7538,0.00254993
7539,0.00098773
7540,0.00318015
7541,0.01035594
7542,0.00041190
7543,0.00100011
7544,0.00079723
7545,0.00106059
7546,0.00105168
7547,0.00083619
7548,0.00160867
7549,0.00117696
7550,0.00065814
7551,0.00084847
7552,0.00415645
7553,0.00104454
7554,0.00165620
7555,0.00184138
7556,0.00083143
7557,0.00686350
7558,0.00078595
7559,0.00101992
7560,0.00036879
7561,0.00181379
7562,0.00147310
7563,0.00900753
7564,0.00205464
7565,0.00091762
7566,0.00083320
7567,0.00397537
7568,0.00148599
7569,0.00138563
7570,0.00117454
7571,0.00149886
7572,0.00159027
7573,0.00113927
7574,0.00073008
7575,0.00170500
7576,0.00143535
7577,0.00187872
7578,0.00324581
7579,0.00128308
7580,0.00117361
7581,0.00138102
7582,0.00130882
7583,0.00664398
7584,0.00096941
7585,0.00271128
7586,0.00076855
7587,0.00173240
7588,0.00162000
7589,0.00100262
7590,0.00121427
7591,0.00233209
7592,0.00106143
7593,0.00807058
7594,0.01658184
7595,0.00072027
7596,0.00248293
7597,0.00285637
7598,0.00057566
7599,0.00812769
7600,0.00101189
7601,0.00172305
7602,0.00247012
7603,0.00110782
7604,0.00161459
7605,0.00103919
7606,0.03847007
7607,0.01068491
7608,0.00534595
7609,0.00128854
7610,0.00074630
7611,1.61360046
7612,0.00143046
7613,0.00079579
7614,0.00106058
7615,0.00211734
7616,0.00110412
7617,0.00268416
7618,0.00164581
7619,0.00156448
7620,0.00209756
7621,0.00342429
7622,0.00096359
7623,0.00068722
7624,0.02020272
7625,0.00185221
7626,0.00199129
7627,0.00140152
7628,0.00185653
7629,0.00090033
7630,0.00265587
7631,0.00182316
7632,0.00212166
7633,0.00204166
7634,0.00068194
7635,0.00141479
7636,0.00110717
7637,0.00097661
7638,0.00182914
7639,0.00117188
7640,0.00087629
7641,0.01046570
7642,0.00092279
7643,0.00145800
7644,0.00809845
7645,0.00151119
7646,0.00089516
7647,0.00066625
7648,0.00288232
7649,0.00089514
7650,0.00111803
7651,0.00115854
7652,0.00104145
7653,0.00185958
7654,0.00217658
7655,0.00070806
7656,0.00098496
7657,0.00332892
7658,0.00172588
7659,0.03559091
7660,0.00353725
7661,0.00077591
7662,0.00235635
7663,0.00298049
7664,0.00112236
7665,0.00142877
7666,0.00116081
7667,0.00416714
7668,0.00254957
7669,0.00167652
7670,0.00102745
7671,0.00108861
7672,0.00850023
7673,0.00162539
7674,0.00125692
7675,0.00036921
7676,0.00134847
7677,0.00167393
7678,0.00074493
7679,0.00233146
7680,0.00062507
7681,0.00098737
7682,0.00294319
7683,0.00137385
7684,0.00228401
7685,0.00120941
7686,0.00098525
7687,0.00080411
7688,0.00104655
7689,0.03333319
7690,0.00147645
7691,0.00397629
7692,0.00098635
7693,0.00076235
7694,0.00385347
7695,0.00170393
7696,0.00069869
7697,0.00062518
7698,0.00068582
7699,0.00217578
7700,0.02524412
7701,0.00058592
7702,0.00194966
7703,0.00151551
7704,0.00224749
7705,0.00446786
7706,0.00064102
7707,0.00088533
7708,0.02150251
7709,0.00933666
7710,0.00096672
7711,0.00094139
7712,0.00086639
7713,0.00088817
7714,0.00202608
7715,0.00131689
7716,0.00106432
7717,0.00052772
7718,0.00083898
7719,0.00431844
7720,0.00119492
7721,0.00171723
7722,0.00123112
7723,0.00173143
7724,0.00155551
7725,0.00270748
7726,0.00282668
7727,0.00176707
7728,0.00108289
7729,0.00169988
7730,0.00162431
7731,0.00321609
7732,0.00124746
7733,0.00109372
7734,0.00277887
7735,0.00130104
7736,0.00162841
7737,0.00183271
7738,0.00032828
7739,0.03828365
7740,0.00421929
7741,0.00143648
7742,0.00090573
7743,0.00214786
7744,0.00120455
7745,0.00108163
7746,0.00060185
7747,0.00738217
7748,0.00115045
7749,0.00098252
7750,0.00095780
7751,0.00132558
7752,0.00132877
7753,0.00064543
7754,0.00081164
7755,0.00209566
7756,0.00465244
7757,0.01965155
7758,0.00253337
7759,0.00281946
7760,0.00109165
7761,0.00087725
7762,0.00238801
7763,0.00058570
7764,0.00321219
7765,0.00108195
7766,0.00218440
7767,0.00113350
7768,0.00218165
7769,0.00078978
7770,0.00036070
7771,0.01126200
7772,0.00111761
7773,0.00127924
7774,0.00125119
7775,0.00158162
7776,0.00920553
7777,0.00079552
7778,0.00081668
7779,0.00121197
7780,0.00071984
7781,0.00499993
7782,0.00053621
7783,0.00098233
7784,0.02790068
7785,0.00154321
7786,0.00067046
7787,0.00251083
7788,0.00077150
7789,0.00088067
7790,0.00111863
7791,0.00096779
7792,0.00378221
7793,0.00138828
7794,0.00096068
7795,0.00093834
7796,0.00168723
7797,0.00114505
7798,0.00781511
7799,0.00147910
7800,0.00143705
7801,0.00119244
7802,0.00211072
7803,0.00137645
7804,0.00153133
7805,0.00098003
7806,0.00114631
7807,0.00138921
7808,0.00144346
7809,0.00177793
7810,0.00149723
7811,0.00105269
7812,0.00320288
7813,0.00276453
7814,0.00871432
7815,0.00258710
7816,0.00181667
7817,0.00130971
7818,0.00150227
7819,0.00339333
7820,0.00114859
7821,0.00077307
7822,0.00073130
7823,0.00199555
7824,0.00097745
7825,0.00083858
7826,0.00280746
7827,0.00609707
7828,0.00109065
7829,0.00089584
7830,0.00582849
7831,0.00264841
7832,0.00161719
7833,0.00564840
7834,0.00186640
7835,0.00070809
7836,0.00099535
7837,0.00274468
7838,0.00126860
7839,0.00306880
7840,0.00126378
7841,0.00349635
7842,0.00688831
7843,0.00240661
7844,0.00120722
7845,0.00088919
7846,0.00197880
7847,0.00083661
7848,0.00268314
7849,0.00064417
7850,0.00216159
7851,0.00267529
7852,0.00053631
7853,0.00323569
7854,0.00276529
7855,0.00259703
7856,0.01029960
7857,0.00232043
7858,0.00150769
7859,0.00404774
7860,0.00102239
7861,0.00113479
7862,0.00179002
7863,0.00143331
7864,0.00311647
7865,0.00148079
7866,0.00112861
7867,0.00230955
7868,0.00109776
7869,0.00863222
7870,0.00185308
7871,0.00136253
7872,0.00130406
7873,0.00710525
7874,0.00222387
7875,0.00176336
7876,0.00257948
7877,0.00149495
7878,0.00133873
7879,0.00191707
7880,0.00238434
7881,0.00243756
7882,0.00326792
7883,0.00084108
7884,0.00140996
7885,0.00150533
7886,0.00091568
7887,0.00103593
7888,0.00101401
7889,0.00162820
7890,0.00115099
7891,0.00141087
7892,0.00082060
7893,0.00085165
7894,0.01854956
7895,0.00128975
7896,0.00062047
7897,0.00080724
7898,0.00154000
7899,0.00167261
7900,0.00150249
7901,0.00129589
7902,0.00082594
7903,0.00293481
7904,0.00116668
7905,0.00151149
7906,0.00642375
7907,0.00232619
7908,0.00113729
7909,0.00962610
7910,0.00283337
7911,0.00057198
7912,0.00125746
7913,0.00068519
7914,0.00878041
7915,0.02007085
7916,0.00114428
7917,0.00261108
7918,0.00111066
7919,0.00905848
7920,0.00246936
7921,0.02969643
7922,0.00107037
7923,0.00070426
7924,0.00174606
7925,0.00165231
7926,0.00165130
7927,0.00082314
7928,0.00152250
7929,0.00072898
7930,0.00310533
7931,0.00066417
7932,0.00068215
7933,0.00284450
7934,0.00082251
7935,0.00078246
7936,0.00186149
7937,0.00131867
7938,0.00057428
7939,0.00777862
7940,0.00186693
7941,0.00167849
7942,0.00138346
7943,0.00136291
7944,0.00142318
7945,0.00813611
7946,0.00065286
7947,0.00157159
7948,0.00138199
7949,0.00080127
7950,0.04878085
7951,0.00640528
7952,0.00204925
7953,0.00062897
7954,0.00095936
7955,0.00667513
7956,0.00659551
7957,0.00150560
7958,0.00264026
7959,0.00218642
7960,0.00066456
7961,0.00153903
7962,0.02220773
7963,0.00271128
7964,0.00109530
7965,0.00217861
7966,0.00115304
7967,0.00071894
7968,0.00105933
7969,0.00155071
7970,0.00315756
7971,0.00097473
7972,0.01865934
7973,0.00078483
7974,0.00068312
7975,0.00166277
7976,0.00303748
7977,0.00073524
7978,0.00115760
7979,0.00067691
7980,0.00279413
7981,0.00112302
7982,0.00078629
7983,0.00130330
7984,0.00393701
7985,0.00146951
7986,0.00088128
7987,0.00341364
7988,0.00152000
7989,0.00943219
7990,0.00127051
7991,0.00161522
7992,0.01703964
7993,0.00516568
7994,0.00034407
7995,0.00083498
7996,0.01017957
7997,0.01019694
7998,0.00078612
7999,0.02622751
8000,0.00153599
8001,0.00084847
8002,0.00138617
8003,0.00175573
8004,0.00107855
8005,0.00074298
8006,0.00907111
8007,0.00117144
8008,0.00028304
8009,0.00232022
8010,0.00069870
8011,0.00082107
8012,0.00033380
8013,0.00092376
8014,0.00157507
8015,0.01040467
8016,0.00071991
8017,0.00126598
8018,0.00084094
8019,0.00068127
8020,0.00111307
8021,0.00113716
8022,0.00116168
8023,0.00141526
8024,0.00096291
8025,0.00068000
8026,0.00058358
8027,0.00128905
8028,0.00095895
8029,0.00104218
8030,0.00092741
8031,0.00122612
8032,0.00258387
8033,0.00107020
8034,0.00222159
8035,0.01612301
8036,0.00160085
8037,0.00088838
8038,0.00058706
8039,0.00351366
8040,0.00174651
8041,0.00279767
8042,0.00822120
8043,0.00073333
8044,0.01854720
8045,0.00143680
8046,0.00136703
8047,0.00071175
8048,0.00207075
8049,0.00181455
8050,0.00169446
8051,0.00207183
8052,0.00155840
8053,0.00226534
8054,0.00059552
8055,0.00377478
8056,0.00094511
8057,0.00218479
8058,0.00124124
8059,0.00155026
8060,0.21727497
8061,0.00061169
8062,0.00086070
8063,0.00082757
8064,0.00744044
8065,0.00122713
8066,0.00188429
8067,0.00102467
8068,0.00166306
8069,0.00122710
8070,0.00245613
8071,0.00227715
8072,0.00119701
8073,0.00292102
8074,0.00075554
8075,1.07472317
8076,0.00094352
8077,0.00109810
8078,0.00059659
8079,0.00083886
8080,0.00163020
8081,0.00078261
8082,0.00062128
8083,0.00090931
8084,0.00094424
8085,0.00146517
8086,0.00140977
8087,0.00163646
8088,0.00102653
8089,0.00152526
8090,0.00155347
8091,0.00147516
8092,0.00426347
8093,0.92865409
8094,0.00104640
8095,0.00110295
8096,0.00104106
8097,0.00104275
8098,0.00165393
8099,0.00173565
8100,0.00350472
8101,0.00104513
8102,0.00255350
8103,0.01194287
8104,0.00283632
8105,0.00125980
8106,2.03045364
8107,0.06193583
8108,0.00097212
8109,0.00300549
8110,0.00144391
8111,0.00310062
8112,0.00096856
8113,0.00283742
8114,0.00162348
8115,0.00261541
8116,0.00126919
8117,0.00374944
8118,0.00059748
8119,0.00342182
8120,0.00261000
8121,0.03523690
8122,0.00139633
8123,0.00105001
8124,0.00125627
8125,0.00820935
8126,0.00085937
8127,0.00074942
8128,0.00106971
8129,0.00232085
8130,0.00173150
8131,0.00150043
8132,0.00361619
8133,0.15463220
8134,0.00176229
8135,0.00114454
8136,0.00108166
8137,0.00088273
8138,0.00274181
8139,0.00088685
8140,0.00075710
8141,0.00068254
8142,0.00093304
8143,0.00116949
8144,0.00127259
8145,0.00092940
8146,0.00303124
8147,0.00125708
8148,0.00121048
8149,0.00152497
8150,0.00155666
8151,0.00095237
8152,0.00077088
8153,0.00097217
8154,0.00152181
8155,0.00106869
8156,0.00131624
8157,0.00180731
8158,0.01039807
8159,0.00064486
8160,0.00241098
8161,0.00259583
8162,0.00076590
8163,0.00134590
8164,0.00073754
8165,0.00940278
8166,0.00113663
8167,0.00773875
8168,0.01051786
8169,0.00290119
8170,0.00084097
8171,0.00104599
8172,0.00343435
8173,0.00785246
8174,0.00065975
8175,0.00666601
8176,0.00140029
8177,0.00166722
8178,0.00135685
8179,0.00150760
8180,0.00041337
8181,0.00131893
8182,0.00089544
8183,0.00123619
8184,0.00072902
8185,0.00062695
8186,1.74249363
8187,0.00249686
8188,0.00159359
8189,0.00108668
8190,0.00700078
8191,0.00149865
8192,0.07179327
8193,0.00054313
8194,0.00097662
8195,0.00143529
8196,0.00092262
8197,0.00084860
8198,0.00118462
8199,0.00079042
8200,0.00168544
8201,0.00100607
8202,0.00149264
8203,0.00186133
8204,2.22322336
8205,0.00124452
8206,0.03245757
8207,0.00093091
8208,0.00146636
8209,0.72444826
8210,0.00158035
8211,0.00507181
8212,0.00129763
8213,0.00154038
8214,0.00066325
8215,0.00108650
8216,0.00101936
8217,0.00341623
8218,0.00240181
8219,0.00276985
8220,0.00067631
8221,0.03675536
8222,0.00095957
8223,0.00138717
8224,0.00112979
8225,0.00092402
8226,0.00312286
8227,0.00109940
8228,0.00089961
8229,0.00154861
8230,0.00149925
8231,0.00165048
8232,0.00367318
8233,0.00092078
8234,0.00171651
8235,0.00129665
8236,0.03626730
8237,0.00095822
8238,0.00062226
8239,0.00070397
8240,0.00407972
8241,0.02025247
8242,0.00055624
8243,0.00262492
8244,0.00111723
8245,0.01882033
8246,0.00093782
8247,0.00102306
8248,0.00134275
8249,0.00151271
8250,0.00128792
8251,0.00422983
8252,0.00137489
8253,0.00153163
8254,0.13171318
8255,0.00146105
8256,0.00130686
8257,0.02194455
8258,0.00101842
8259,0.00979889
8260,0.02078453
8261,0.00091584
8262,0.00755871
8263,0.00790546
8264,0.00060254
8265,0.00054761
8266,0.00092753
8267,0.00156448
8268,0.00189450
8269,0.00082983
8270,0.00115720
8271,0.00198299
8272,0.00098519
8273,0.00085691
8274,0.00253075
8275,0.00061317
8276,0.00132209
8277,0.00092727
8278,0.00231070
8279,0.00950600
8280,0.00102733
8281,0.00089389
8282,0.00264062
8283,0.00131496
8284,0.00233508
8285,0.00150223
8286,0.00102149
8287,0.00362112
8288,0.00099583
8289,0.00099044
8290,0.00830410
8291,0.00134150
8292,0.00134664
8293,0.00176876
8294,0.00112875
8295,0.00080195
8296,0.00084803
8297,0.00334535
8298,0.00059838
8299,0.00067855
8300,0.00065202
8301,0.09684703
8302,0.00176663
8303,0.00139909
8304,0.00066303
8305,0.00184276
8306,0.00171630
8307,0.00099270
8308,0.01821674
8309,0.00289622
8310,0.00229915
8311,0.00041531
8312,0.00066839
8313,0.00384341
8314,0.00071993
8315,0.00077860
8316,0.00167841
8317,0.00170569
8318,0.00134519
8319,0.00192595
8320,0.00141678
8321,0.00082561
8322,0.00163315
8323,0.03057314
8324,0.00147475
8325,0.00153905
8326,0.00079840
8327,0.00108870
8328,0.00137134
8329,0.00080589
8330,0.00392634
8331,0.00091409
8332,0.00039886
8333,0.02168388
8334,0.00062671
8335,0.00062902
8336,0.00123372
8337,0.00111395
8338,0.00116582
8339,0.00341408
8340,0.00060274
8341,0.00700519
8342,0.00188972
8343,0.00122699
8344,0.00381486
8345,0.00224570
8346,0.00155721
8347,0.02483378
8348,0.00073973
8349,0.02652033
8350,0.00120648
8351,0.00179987
8352,0.00069225
8353,0.00128670
8354,0.00494437
8355,0.00405018
8356,0.00116930
8357,0.00128399
8358,0.00168838
8359,0.00125194
8360,0.00215515
8361,0.00146537
8362,0.00093278
8363,0.00112061
8364,0.00113227
8365,0.00667966
8366,0.00122492
8367,0.00085144
8368,0.00211417
8369,0.00112712
8370,0.00103356
8371,0.00185116
8372,0.00150865
8373,0.00095193
8374,0.00087825
8375,0.00985035
8376,0.00168460
8377,0.00414550
8378,0.00204837
8379,0.00136121
8380,0.00126903
8381,0.00096542
8382,0.00063788
8383,0.00085665
8384,0.00278996
8385,0.02148629
8386,0.00088089
8387,0.00743806
8388,0.00077842
8389,0.00193318
8390,0.00101809
8391,0.00327879
8392,0.00198292
8393,0.01928471
8394,0.00172864
8395,0.00057837
8396,0.00073801
8397,0.00277752
8398,0.00128389
8399,0.00077026
8400,0.00112495
8401,0.00082744
8402,0.00090533
8403,0.00289454
8404,0.00910915
8405,0.00141821
8406,0.00120660
8407,0.00054552
8408,0.00632294
8409,0.00143201
8410,0.00072089
8411,0.00041604
8412,0.00129478
8413,0.00147221
8414,0.00315637
8415,0.00789448
8416,0.00137817
8417,0.00158560
8418,0.00076811
8419,0.00095036
8420,0.00125797
8421,0.00162127
8422,0.00677206
8423,0.00277441
8424,0.00062000
8425,0.02526727
8426,0.00151284
8427,0.00400074
8428,0.00202759
8429,0.00260456
8430,0.00088597
8431,0.00460134
8432,0.00076951
8433,0.00076375
8434,0.00102242
8435,0.00198114
8436,0.00097861
8437,0.00145861
8438,0.00415881
8439,0.00181582
8440,0.00419812
8441,0.03687260
8442,0.00095461
8443,0.00606798
8444,0.02179945
8445,0.02038843
8446,0.00101696
8447,0.00171341
8448,0.00076451
8449,2.45325741
8450,0.00141091
8451,0.00085267
8452,0.00170448
8453,0.01935301
8454,0.00068417
8455,0.00692012
8456,0.00071775
8457,0.00151094
8458,0.00749685
8459,0.00267461
8460,0.13614471
8461,0.00131186
8462,0.00087519
8463,0.00696611
8464,0.00057754
8465,0.02140757
8466,0.00082573
8467,0.00131718
8468,0.00104895
8469,0.00172960
8470,0.00061918
8471,0.01959144
8472,0.00099012
8473,0.00108487
8474,0.00058948
8475,0.00685146
8476,0.00178385
8477,0.00104056
8478,0.00279386
8479,0.00101708
8480,0.00194199
8481,0.00076597
8482,0.00079774
8483,0.00146246
8484,0.00217799
8485,0.00374158
8486,0.00264124
8487,0.00108329
8488,0.00158295
8489,0.00092836
8490,0.00208043
8491,0.00507960
8492,0.00079370
8493,0.00065122
8494,0.00111847
8495,0.00333487
8496,0.00177802
8497,0.00088021
8498,0.00110704
8499,0.00231805
8500,0.00266574
8501,0.01630316
8502,0.00075326
8503,0.00173952
8504,0.00068687
8505,0.00230179
8506,0.00169877
8507,0.00199696
8508,0.01017151
8509,0.00174626
8510,0.01105180
8511,0.00161678
8512,0.00104613
8513,0.00145443
8514,0.00274088
8515,0.00076253
8516,0.00144028
8517,0.00105580
8518,0.00104583
8519,0.00094465
8520,0.00420667
8521,0.00313107
8522,0.00083150
8523,0.00087998
8524,0.00129888
8525,0.00242790
8526,0.00166047
8527,0.00118875
8528,0.00193184
8529,0.00129970
8530,0.00117663
8531,0.00128925
8532,0.00600551
8533,0.00366592
8534,0.00086333
8535,0.00066819
8536,0.00510761
8537,0.00120580
8538,0.00075560
8539,0.00303161
8540,0.00033671
8541,0.00157857
8542,0.00498307
8543,0.00115695
8544,0.00106402
8545,0.00104759
8546,0.00306411
8547,0.00066362
8548,0.00103126
8549,0.00109553
8550,0.00151288
8551,0.00901448
8552,0.00728429
8553,0.00096957
8554,0.00225614
8555,0.00099738
8556,0.00119393
8557,0.00084186
8558,0.00274530
8559,0.00140836
8560,0.00179481
8561,0.00503755
8562,0.00128110
8563,0.00525243
8564,0.00080111
8565,0.01937496
8566,0.00079301
8567,0.00074122
8568,0.00180546
8569,0.00154596
8570,0.00086295
8571,0.00175908
8572,0.00069000
8573,0.00109233
8574,0.00208713
8575,0.00100125
8576,0.00100249
8577,0.00510037
8578,0.00069931
8579,0.00715109
8580,0.00185038
8581,0.00140832
8582,0.00123736
8583,0.00143196
8584,0.00566728
8585,0.00065154
8586,0.00108831
8587,0.00139991
8588,0.00111267
8589,0.00272624
8590,1.81647510
8591,0.00126521
8592,0.00066506
8593,0.01081443
8594,0.00092432
8595,0.00085625
8596,1.85622559
8597,0.00164536
8598,0.00130782
8599,0.00119075
8600,0.00229704
8601,0.00326679
8602,0.00105977
8603,0.00219684
8604,0.00757971
8605,0.00399426
8606,0.00186659
8607,0.00183485
8608,0.00072963
8609,0.00043034
8610,0.00187830
8611,0.00210482
8612,0.00170082
8613,0.00099874
8614,0.00127798
8615,0.00206589
8616,0.00134816
8617,0.00237297
8618,0.00663281
8619,0.00178076
8620,0.00150658
8621,0.00253877
8622,0.00070665
8623,0.00276082
8624,0.00173057
8625,0.00092510
8626,0.00186425
8627,0.00160753
8628,0.00811102
8629,0.00363216
8630,0.00056785
8631,0.00156070
8632,0.00782470
8633,0.00071883
8634,0.00169813
8635,0.00199163
8636,0.00424129
8637,0.00112247
8638,0.00038030
8639,0.00162852
8640,0.00055582
8641,0.00137390
8642,0.00076993
8643,0.00277360
8644,0.00102368
8645,0.00076566
8646,0.00157032
8647,0.00101430
8648,0.00117238
8649,0.00144375
8650,0.00184535
8651,0.00145772
8652,0.00154913
8653,0.00083061
8654,0.00264908
8655,0.00243398
8656,0.00096781
8657,0.00072382
8658,0.00316838
8659,0.00188295
8660,0.00141344
8661,0.00078980
8662,0.01905313
8663,0.00063209
8664,0.00064398
8665,0.00261384
8666,0.00140330
8667,0.00110264
8668,0.00119623
8669,0.00404745
8670,0.00103049
8671,0.00089098
8672,0.00254658
8673,0.00214474
8674,0.00059852
8675,0.00134049
8676,0.00206175
8677,0.00066571
8678,0.00083070
8679,0.00073888
8680,0.00174140
8681,0.00263211
8682,0.00116993
8683,0.00195768
8684,0.00649491
8685,0.00093456
8686,0.00381272
8687,0.00061307
8688,0.00145469
8689,0.00178872
8690,0.00420377
8691,0.00136637
8692,0.00071285
8693,0.00236335
8694,0.00140026
8695,0.00304639
8696,0.00311108
8697,0.00071040
8698,0.00153338
8699,0.00087952
8700,0.00142814
8701,0.00082452
8702,0.00998053
8703,0.00123227
8704,0.00067114
8705,0.00089342
8706,0.00089212
8707,0.00083905
8708,0.00128225
8709,0.00191188
8710,0.00102521
8711,0.00325182
8712,0.00040327
8713,0.00085768
8714,0.00294658
8715,0.00679751
8716,0.00137063
8717,0.00274174
8718,0.00316186
8719,0.00251730
8720,0.00106247
8721,0.00041674
8722,0.00272201
8723,0.00096361
8724,0.00224169
8725,0.00169537
8726,0.02310807
8727,0.00151993
8728,0.00083930
8729,0.00127261
8730,0.00089380
8731,0.00353710
8732,0.00239745
8733,0.00158429
8734,0.00115068
8735,0.00164420
8736,0.00111242
8737,0.00295064
8738,0.00083073
8739,0.00080648
8740,0.00157386
8741,0.00118510
8742,0.02413636
8743,0.00170345
8744,0.00855851
8745,0.00056575
8746,0.00207293
8747,0.00070111
8748,0.00096085
8749,0.00222410
8750,0.00067605
8751,0.00129153
8752,0.00682333
8753,0.00100418
8754,0.00189224
8755,0.00150388
8756,0.00117150
8757,0.00111643
8758,0.00114486
8759,0.00062178
8760,0.00065164
8761,0.00299484
8762,0.00153980
8763,0.00114249
8764,0.01730734
8765,0.00675916
8766,0.00083861
8767,0.00082195
8768,0.01702323
8769,0.00487414
8770,0.00090802
8771,0.00200838
8772,0.00266048
8773,0.00097635
8774,0.00274909
8775,0.00255664
8776,0.00064276
8777,0.00507904
8778,0.00069399
8779,0.00297745
8780,0.00071300
8781,0.00078110
8782,0.00266086
8783,0.00124514
8784,0.00085916
8785,0.00122059
8786,0.00088382
8787,0.00052802
8788,0.00046495
8789,0.00110847
8790,0.00101728
8791,0.00235228
8792,0.00065717
8793,0.00076897
8794,0.00185333
8795,0.00158476
8796,0.00131038
8797,0.00068598
8798,0.00243065
8799,0.00119839
8800,0.00878241
8801,0.00146003
8802,0.00132185
8803,0.00174717
8804,0.00124480
8805,0.00123201
8806,0.00189831
8807,0.02061306
8808,0.00203171
8809,0.00111256
8810,0.00162533
8811,0.00317353
8812,0.00627846
8813,0.00059850
8814,0.00116605
8815,0.00115198
8816,0.00106647
8817,0.00162019
8818,0.00080782
8819,0.00041824
8820,0.00285691
8821,0.00213939
8822,0.00108266
8823,0.00124685
8824,0.00170712
8825,0.00141523
8826,0.00391780
8827,0.00140341
8828,0.00138226
8829,0.00104807
8830,0.00293804
8831,0.00108676
8832,0.00146041
8833,0.00263088
8834,0.00912463
8835,0.00060320
8836,0.00069343
8837,0.00062963
8838,0.00407657
8839,0.00716529
8840,0.00134749
8841,0.00084778
8842,0.00096372
8843,0.00109905
8844,0.00105849
8845,0.00096264
8846,0.00170365
8847,0.00261274
8848,0.00079832
8849,0.00101311
8850,0.00153280
8851,0.00076855
8852,0.01826411
8853,0.00173337
8854,0.00111678
8855,0.00222889
8856,0.00184744
8857,0.00062847
8858,0.00115182
8859,0.00159693
8860,0.00158560
8861,0.00859127
8862,0.00125493
8863,0.01684629
8864,0.00686693
8865,0.00177629
8866,0.00143403
8867,0.00156112
8868,0.00218783
8869,0.00163563
8870,0.00723613
8871,0.00360480
8872,0.00073232
8873,0.00082751
8874,0.00103782
8875,0.00071481
8876,0.00088455
8877,0.00077260
8878,0.00085916
8879,0.00099861
8880,0.00302669
8881,0.00229892
8882,0.00205074
8883,0.00109770
8884,0.00104178
8885,0.00271402
8886,0.00149067
8887,0.00038762
8888,0.00265936
8889,0.00457719
8890,0.00815127
8891,0.00401616
8892,0.00065858
8893,0.00063530
8894,0.00252015
8895,0.00114356
8896,0.00129481
8897,0.00074775
8898,0.00187456
8899,0.00257011
8900,0.00075631
8901,0.00260130
8902,0.00232834
8903,0.00184613
8904,0.00174659
8905,0.00163241
8906,0.00218107
8907,0.00079982
8908,0.00119614
8909,0.00062563
8910,0.00189667
8911,0.00073688
8912,0.00136724
8913,2.20362429
8914,0.00091815
8915,0.00138262
8916,0.00200760
8917,0.00053089
8918,0.00104985
8919,0.00190062
8920,0.00101553
8921,0.00054495
8922,0.00142061
8923,0.00104511
8924,0.00063092
8925,0.00069365
8926,0.00197904
8927,0.00282283
8928,0.00095999
8929,0.00875079
8930,0.00105375
8931,0.00091464
8932,0.00148087
8933,0.00456041
8934,0.00848386
8935,0.00135290
8936,0.00109440
8937,0.00077141
8938,0.00286388
8939,0.00113600
8940,0.00299321
8941,0.00162457
8942,0.00080142
8943,0.00180765
8944,0.00123376
8945,0.00076266
8946,0.00126963
8947,0.00250032
8948,0.01017404
8949,0.00105771
8950,0.00055338
8951,0.00993386
8952,0.00111903
8953,0.00111539
8954,0.00165079
8955,0.00154460
8956,0.00089660
8957,0.00119540
8958,0.00156367
8959,0.00148604
8960,0.00170531
8961,0.00191012
8962,0.00098499
8963,0.00136538
8964,0.00129756
8965,0.00094883
8966,0.00112289
8967,0.00270917
8968,0.00252048
8969,0.00052795
8970,0.00077877
8971,0.00062995
8972,0.00107166
8973,0.00042052
8974,0.00110353
8975,0.00522537
8976,0.00070935
8977,0.00139206
8978,0.00099873
8979,0.00152515
8980,0.00280055
8981,0.00200638
8982,0.00085758
8983,0.00155711
8984,0.00276717
8985,0.00173438
8986,0.00838478
8987,0.00204688
8988,0.00149947
8989,0.00356661
8990,0.00265614
8991,0.00064328
8992,0.00593333
8993,0.00260376
8994,0.00127842
8995,0.00032059
8996,0.00204614
8997,0.00176807
8998,0.00097565
8999,0.00191506
9000,0.00083434
9001,0.00087904
9002,0.00084523
9003,0.00139872
9004,0.00050646
9005,0.00130862
9006,0.00079945
9007,0.00257820
9008,0.00307943
9009,0.00170729
9010,0.00091852
9011,0.00135986
9012,0.00961779
9013,0.00056419
9014,0.00129982
9015,0.00156881
9016,0.00190168
9017,0.00190644
9018,0.00125005
9019,0.00087014
9020,0.00160132
9021,0.00120518
9022,0.00087901
9023,0.00302677
9024,0.00088317
9025,0.00928719
9026,0.00074601
9027,0.00127272
9028,0.00390619
9029,0.00088274
9030,0.00090704
9031,0.00088658
9032,0.00276372
9033,0.00877457
9034,0.00297758
9035,0.00133519
9036,0.00060858
9037,0.00219540
9038,0.00048489
9039,0.00113774
9040,0.00169307
9041,0.00154116
9042,0.00109161
9043,0.00304826
9044,0.00066819
9045,0.00257289
9046,0.00314076
9047,0.00131818
9048,0.00066267
9049,0.00057937
9050,0.00101532
9051,0.00424409
9052,0.00226379
9053,0.00101482
9054,0.00075931
9055,0.00163145
9056,0.00889941
9057,0.00111013
9058,0.00626021
9059,0.00062137
9060,0.00057965
9061,0.00035943
9062,0.00101790
9063,0.00082350
9064,0.00255543
9065,0.00160967
9066,0.00103815
9067,0.00071420
9068,0.19745576
9069,0.00736131
9070,0.00150626
9071,0.00363183
9072,0.00080442
9073,0.00071901
9074,0.00101229
9075,0.00155627
9076,0.00104199
9077,0.00159688
9078,0.00437103
9079,0.00106143
9080,0.00127100
9081,0.00180886
9082,0.00094152
9083,0.00259641
9084,0.00093356
9085,0.00263270
9086,0.00168236
9087,0.00994414
9088,0.00124274
9089,0.00160723
9090,0.00083173
9091,0.00163124
9092,0.00069333
9093,0.00106162
9094,0.00251949
9095,0.00086264
9096,0.00149037
9097,0.00066959
9098,0.00127109
9099,0.00084831
9100,0.00143963
9101,0.00149936
9102,0.00101507
9103,0.00099894
9104,0.01005099
9105,0.00110046
9106,0.00340770
9107,0.00061650
9108,0.00191892
9109,0.00482085
9110,0.00096517
9111,0.00369227
9112,0.00181002
9113,0.00858331
9114,0.00084449
9115,0.00117616
9116,0.01966545
9117,0.00187737
9118,0.00129123
9119,0.00150103
9120,0.00123113
9121,0.06120830
9122,0.00776257
9123,0.00177067
9124,0.00073501
9125,0.00100477
9126,0.00137305
9127,0.00643767
9128,0.00386821
9129,0.00088059
9130,0.00144329
9131,0.00395371
9132,0.13508972
9133,0.00145081
9134,0.00129011
9135,0.00169611
9136,0.00269548
9137,0.00148348
9138,0.00075440
9139,0.00122262
9140,0.00298374
9141,0.00087625
9142,0.00083311
9143,0.00255002
9144,0.02379183
9145,0.00154866
9146,0.00054512
9147,0.00107997
9148,0.00120785
9149,0.00871928
9150,0.00178169
9151,0.00110277
9152,0.00150003
9153,0.00102675
9154,0.00299162
9155,0.00402732
9156,0.00272890
9157,0.00077951
9158,0.00116656
9159,0.00099606
9160,0.00084614
9161,0.00624522
9162,0.00376260
9163,0.00124831
9164,0.00181517
9165,0.00075303
9166,0.00111390
9167,0.00138214
9168,0.00165780
9169,0.00114559
9170,0.00924328
9171,0.02050353
9172,0.00140225
9173,0.00150277
9174,0.00563996
9175,0.00682886
9176,0.00077198
9177,0.00140604
9178,0.00302912
9179,0.00243598
9180,0.00129553
9181,0.00086500
9182,0.00093635
9183,0.00141233
9184,0.00133870
9185,0.00667525
9186,0.00131881
9187,0.00210681
9188,0.03758494
9189,0.00076389
9190,0.00190532
9191,0.00040002
9192,0.00074557
9193,0.00766605
9194,0.00244555
9195,0.00291463
9196,0.00072993
9197,0.00276558
9198,0.00065414
9199,0.00080448
9200,0.00240154
9201,0.00174162
9202,0.00132032
9203,0.00144084
9204,0.00060357
9205,0.00104758
9206,0.00202466
9207,0.00105999
9208,0.00102909
9209,0.00096118
9210,0.00142902
9211,0.04644857
9212,0.00133175
9213,0.00138786
9214,0.00300533
9215,0.00147091
9216,0.00176488
9217,0.00104318
9218,0.00062019
9219,0.00152136
9220,0.00244245
9221,0.00935711
9222,0.00190162
9223,0.04531540
9224,0.00107078
9225,0.00106044
9226,0.00072835
9227,0.00095975
9228,0.00410290
9229,0.02691514
9230,1.03862895
9231,0.00124696
9232,0.00111872
9233,0.00308187
9234,0.00116182
9235,0.00155531
9236,0.00438414
9237,0.00259030
9238,0.00082971
9239,0.00104229
9240,0.00161655
9241,0.00103822
9242,0.00166274
9243,0.00121574
9244,0.00059168
9245,0.00264885
9246,0.00095537
9247,0.00168457
9248,0.00119709
9249,0.00115143
9250,0.01970762
9251,0.00220687
9252,0.00164886
9253,0.00250820
9254,0.00135248
9255,0.00190499
9256,0.00210394
9257,0.00153731
9258,0.00214720
9259,0.00682187
9260,0.00082257
9261,0.00068556
9262,0.00160266
9263,0.00067092
9264,0.00098868
9265,0.00135152
9266,0.00225046
9267,0.00127825
9268,0.00042319
9269,0.00067013
9270,0.00128817
9271,0.00059576
9272,0.00270128
9273,0.00399578
9274,0.00100584
9275,0.00325628
9276,0.00051096
9277,0.00117212
9278,0.00137333
9279,0.00179019
9280,0.00054160
9281,0.03760234
9282,0.00056824
9283,0.00096175
9284,0.00099399
9285,0.00260387
9286,0.00079999
9287,0.00100526
9288,0.00090494
9289,0.00157249
9290,0.00838572
9291,0.00085750
9292,0.00038405
9293,0.00850814
9294,0.00322971
9295,0.00999820
9296,0.00038013
9297,0.00086263
9298,0.00142529
9299,0.00147470
9300,0.00171695
9301,0.00075514
9302,0.00071771
9303,0.00610538
9304,0.00092836
9305,0.00128416
9306,0.00168739
9307,0.00063631
9308,0.00084016
9309,0.00108200
9310,0.00117605
9311,0.00425923
9312,0.00168042
9313,0.00159783
9314,0.00337451
9315,0.00116445
9316,0.00071537
9317,0.00199608
9318,0.00176153
9319,0.00291637
9320,0.00194024
9321,0.00250310
9322,0.00066385
9323,0.00220562
9324,0.00146601
9325,0.00238213
9326,0.01951674
9327,0.00093022
9328,0.00122604
9329,0.00317198
9330,0.00093620
9331,0.00265745
9332,0.00110812
9333,0.00329998
9334,0.00249281
9335,0.00214198
9336,0.00167465
9337,0.00233999
9338,0.00294390
9339,0.00149335
9340,0.00094157
9341,0.00084444
9342,0.00282790
9343,0.00049683
9344,0.00064019
9345,0.00144777
9346,0.00010249
9347,0.00181440
9348,0.00095860
9349,0.00839164
9350,0.00168908
9351,0.00172506
9352,0.00689079
9353,0.00147186
9354,0.02295131
9355,0.00063288
9356,0.00118828
9357,0.00083159
9358,0.00082443
9359,0.00128585
9360,0.00212719
9361,0.00066503
9362,0.00146999
9363,0.00224244
9364,0.00095347
9365,0.00211537
9366,0.00056216
9367,0.00116337
9368,0.01079728
9369,0.00072193
9370,0.00075309
9371,0.00180095
9372,0.00360929
9373,0.03570874
9374,0.00590741
9375,0.00323406
9376,0.00070928
9377,0.00109151
9378,0.00082959
9379,0.00208245
9380,0.02416872
9381,0.01648004
9382,0.00060324
9383,0.00058029
9384,0.00261160
9385,0.00083512
9386,0.00078570
9387,0.00102101
9388,0.00090310
9389,0.00191505
9390,0.00091706
9391,0.00403862
9392,0.00628006
9393,0.00086712
9394,0.00137288
9395,0.00195177
9396,0.00128775
9397,0.00135076
9398,0.00954140
9399,0.00093731
9400,0.00121670
9401,0.00177691
9402,0.00118857
9403,0.00119465
9404,0.00392065
9405,0.00176300
9406,0.00058393
9407,0.00067995
9408,0.00230586
9409,0.00271189
9410,0.00157552
9411,0.00036385
9412,0.00089177
9413,0.00086001
9414,0.00174480
9415,0.00148856
9416,0.06213583
9417,0.00100222
9418,0.00092131
9419,0.00383975
9420,0.00727688
9421,0.00089206
9422,0.00065511
9423,0.00103986
9424,0.00064051
9425,0.00173532
9426,0.00098462
9427,0.00200626
9428,0.00129383
9429,0.00209411
9430,0.00955065
9431,0.00086579
9432,0.00068010
9433,0.00056694
9434,0.00148227
9435,0.00103648
9436,0.00039697
9437,0.00096580
9438,0.00479013
9439,0.00041398
9440,0.00826973
9441,0.00073638
9442,0.00166595
9443,0.00107473
9444,0.00048395
9445,0.00112095
9446,0.00153712
9447,0.00160168
9448,0.02500077
9449,0.00127623
9450,0.00216977
9451,0.00104573
9452,0.00107715
9453,0.00130512
9454,0.00115767
9455,0.00137101
9456,0.00150512
9457,0.00111911
9458,0.00129577
9459,0.00069630
9460,0.00070602
9461,0.00164965
9462,0.00058983
9463,0.00101391
9464,0.00147198
9465,0.00063440
9466,0.00092361
9467,0.00147040
9468,0.00098278
9469,0.00141414
9470,0.02600743
9471,0.00421876
9472,0.00762166
9473,0.00111484
9474,0.00117031
9475,0.00119100
9476,0.00085747
9477,0.00181795
9478,0.00097497
9479,0.00100087
9480,0.00072534
9481,0.00082325
9482,0.00093211
9483,0.00044918
9484,0.00763125
9485,0.00036798
9486,0.00282325
9487,0.00115727
9488,0.00314875
9489,0.00175930
9490,0.00169151
9491,0.00212150
9492,0.00059773
9493,0.00097574
9494,0.00141878
9495,0.00578059
9496,0.00295968
9497,0.00070235
9498,0.00137003
9499,0.00051299
9500,0.00110937
9501,0.00149364
9502,0.00320298
9503,0.00157811
9504,0.00074742
9505,0.00248084
9506,0.00388257
9507,0.00623446
9508,0.02374701
9509,0.00296353
9510,0.00146519
9511,0.00105822
9512,0.00140104
9513,0.00262707
9514,0.00917771
9515,0.00211117
9516,0.00733741
9517,0.00077158
9518,0.00210313
9519,0.01069241
9520,0.00074935
9521,0.00078607
9522,0.00066615
9523,0.00120032
9524,0.00178579
9525,0.00183580
9526,0.00165627
9527,0.00104405
9528,0.00305623
9529,0.01857801
9530,0.00298582
9531,0.00034496
9532,0.00095750
9533,0.00133459
9534,0.00261296
9535,0.00107334
9536,0.00079475
9537,0.00171437
9538,0.00265405
9539,0.02619060
9540,0.00206334
9541,0.00217177
9542,0.00230946
9543,0.00095228
9544,0.00083954
9545,0.00086272
9546,0.00188592
9547,0.00154916
9548,0.00144843
9549,0.00060845
9550,0.00109134
9551,0.00249093
9552,0.00146009
9553,0.00145777
9554,0.00393707
9555,0.00666758
9556,0.00066051
9557,0.00132467
9558,0.00131474
9559,0.00195690
9560,0.00304038
9561,0.00121071
9562,0.00441110
9563,0.00269141
9564,0.00528332
9565,0.00173720
9566,0.00153681
9567,0.00189176
9568,0.00143983
9569,0.00085120
9570,0.00117762
9571,0.00113096
9572,0.00157777
9573,0.00166910
9574,0.00035839
9575,0.00594404
9576,0.00066157
9577,0.00121172
9578,0.00191467
9579,0.42744295
9580,0.00155915
9581,0.00067386
9582,0.00326626
9583,0.00134190
9584,0.00398709
9585,0.00147026
9586,0.00200954
9587,0.00101176
9588,0.00172302
9589,0.00173578
9590,0.00097974
9591,0.00156290
9592,0.00240770
9593,0.00080636
9594,0.00071394
9595,0.00067532
9596,0.00129577
9597,0.00318529
9598,0.00093449
9599,0.00091901
9600,0.00161146
9601,0.00063328
9602,0.00155432
9603,0.00261335
9604,0.00137365
9605,0.00087709
9606,0.00175357
9607,0.00098163
9608,0.01007526
9609,0.00149818
9610,0.00122805
9611,0.00090781
9612,0.00283914
9613,0.00099077
9614,0.00261131
9615,0.00135277
9616,0.00112614
9617,0.00077081
9618,0.00074693
9619,0.00152683
9620,0.00065374
9621,0.00177770
9622,0.00122810
9623,0.00795969
9624,0.00100509
9625,0.00122616
9626,0.00074242
9627,0.00083303
9628,0.00373800
9629,0.00075783
9630,0.00089308
9631,0.00180365
9632,0.00843935
9633,0.00141854
9634,0.00118044
9635,0.00274038
9636,0.00141589
9637,0.00168026
9638,0.00096729
9639,0.02465971
9640,0.00127170
9641,0.00115178
9642,0.00062176
9643,0.00211432
9644,0.00152718
9645,0.00078011
9646,0.00119868
9647,0.00391269
9648,0.00149928
9649,0.00151581
9650,0.00144687
9651,0.00104140
9652,0.01073988
9653,0.00084518
9654,0.00104575
9655,0.00319296
9656,0.00406900
9657,0.00163120
9658,0.00203536
9659,0.00154550
9660,0.00128279
9661,0.00158906
9662,0.00053770
9663,0.00107935
9664,0.00118325
9665,0.00127150
9666,0.00085693
9667,0.00246758
9668,0.00108976
9669,0.00088388
9670,0.00077789
9671,0.00768899
9672,0.00269719
9673,0.00095878
9674,0.00158458
9675,0.00089703
9676,0.00105550
9677,0.00133305
9678,0.00358359
9679,0.00077998
9680,0.00054931
9681,0.00054501
9682,0.00039280
9683,0.00156122
9684,0.00264220
9685,0.01870232
9686,0.00173229
9687,0.00251537
9688,0.00340889
9689,0.00059821
9690,0.00091871
9691,0.00200590
9692,0.00165186
9693,0.03233640
9694,0.00182171
9695,0.00264953
9696,0.00090878
9697,0.00100354
9698,0.00028503
9699,0.00117744
9700,0.00356063
9701,0.00082716
9702,0.00171885
9703,0.00177167
9704,0.00192200
9705,0.00124459
9706,0.00395032
9707,0.00085010
9708,0.00155950
9709,0.00086252
9710,0.03342597
9711,0.00095003
9712,0.00072219
9713,0.00078811
9714,0.00166518
9715,0.02452879
9716,0.00112672
9717,0.01347849
9718,0.00116767
9719,0.00053493
9720,0.00079091
9721,0.00184077
9722,0.00148276
9723,0.00058402
9724,0.00265324
9725,0.00805781
9726,0.00091868
9727,0.00118146
9728,0.00161037
9729,0.00175525
9730,0.00188373
9731,0.00084910
9732,0.00079416
9733,0.00077617
9734,0.00080912
9735,0.00096262
9736,0.00117792
9737,0.00184223
9738,0.00065250
9739,0.00138065
9740,0.02058622
9741,0.00082537
9742,0.00059427
9743,0.00168144
9744,0.00330198
9745,0.00109390
9746,0.00138866
9747,0.00105227
9748,0.00152449
9749,0.00131540
9750,0.01732862
9751,0.00710472
9752,0.00082926
9753,0.00107793
9754,0.00509261
9755,0.00106763
9756,0.00074864
9757,0.00081745
9758,0.00118053
9759,0.00114846
9760,0.00088090
9761,0.00106375
9762,0.00080601
9763,0.00636014
9764,0.00146114
9765,0.00213787
9766,0.00113197
9767,0.00333112
9768,0.00155775
9769,0.00067734
9770,0.00213825
9771,0.00078448
9772,0.00170216
9773,0.00088352
9774,0.00121418
9775,0.00103104
9776,0.00152934
9777,0.00060863
9778,0.00817462
9779,0.04044563
9780,0.00076078
9781,0.00966159
9782,0.00048687
9783,0.00056371
9784,0.00126493
9785,0.00090561
9786,0.00689609
9787,0.00183297
9788,0.00907185
9789,0.00075666
9790,0.00282248
9791,0.00165562
9792,0.00306151
9793,0.01981486
9794,0.00237701
9795,0.00267548
9796,0.00125341
9797,0.00313770
9798,0.00087908
9799,0.00125810
9800,0.00410474
9801,0.00120318
9802,0.00110489
9803,0.00095382
9804,0.00106814
9805,0.00098807
9806,0.00614758
9807,0.00389914
9808,0.00107938
9809,0.00232246
9810,0.00089711
9811,0.00082465
9812,0.00546927
9813,0.20543801
9814,0.00091627
9815,0.00125389
9816,0.00035431
9817,0.00212875
9818,0.00362321
9819,0.00386955
9820,0.00113478
9821,0.00156019
9822,0.00092425
9823,0.00112319
9824,0.00115176
9825,0.00090869
9826,0.00106775
9827,0.00102374
9828,0.00093157
9829,0.00367189
9830,0.02537797
9831,0.00086792
9832,0.00741472
9833,0.00137232
9834,0.00140917
9835,0.00247695
9836,0.00165526
9837,0.00081852
9838,0.00215258
9839,0.00123925
9840,0.00398065
9841,0.00403551
9842,0.00135523
9843,0.00165109
9844,0.00053896
9845,0.00373916
9846,0.00090436
9847,0.00146577
9848,0.00349299
9849,0.00320264
9850,0.00328858
9851,0.00289079
9852,0.00109819
9853,0.00866457
9854,0.00119433
9855,0.00150028
9856,0.00133514
9857,0.00090416
9858,0.00113239
9859,0.00101482
9860,0.00057230
9861,0.00268480
9862,0.00072678
9863,0.00097831
9864,0.00110169
9865,0.00153238
9866,0.00088062
9867,0.00158126
9868,0.00123453
9869,0.00674852
9870,0.00257508
9871,0.00272175
9872,0.00119076
9873,0.00123196
9874,0.00235248
9875,0.00116201
9876,0.00214063
9877,0.00273832
9878,0.00096515
9879,0.02396533
9880,0.00069753
9881,0.00113453
9882,0.00093283
9883,0.00928919
9884,0.00256680
9885,0.00992338
9886,0.00061045
9887,0.00059903
9888,0.00091478
9889,0.00142013
9890,0.00208396
9891,0.00179693
9892,0.00309339
9893,0.00232324
9894,0.00090413
9895,0.00457804
9896,0.00108398
9897,0.00078366
9898,0.00076731
9899,0.00174634
9900,0.00082148
9901,0.00077324
9902,0.00260875
9903,0.00059835
9904,0.00400510
9905,0.00146394
9906,0.00144297
9907,0.00531992
9908,0.00162546
9909,0.00068315
9910,0.03493869
9911,0.00128926
9912,0.00156021
9913,0.00259181
9914,0.00284468
9915,0.00078367
9916,0.00149884
9917,0.00137873
9918,0.00326130
9919,0.00149856
9920,0.00736296
9921,0.00106477
9922,0.00258340
9923,0.00845685
9924,0.00057785
9925,0.00097532
9926,0.01861637
9927,0.00104356
9928,0.00216798
9929,0.00308956
9930,0.00174464
9931,0.00213228
9932,0.00395232
9933,0.00417541
9934,0.00131885
9935,0.00143690
9936,0.00076765
9937,0.00134531
9938,0.00881932
9939,0.00086223
9940,0.01886995
9941,0.00069378
9942,0.00081582
9943,0.00256078
9944,0.00037273
9945,0.00056479
9946,0.00093982
9947,0.00115511
9948,0.00028187
9949,0.00438396
9950,0.00083876
9951,0.00112043
9952,0.00085671
9953,0.00069421
9954,0.00276429
9955,0.00110126
9956,0.00064809
9957,0.00182824
9958,0.00084170
9959,0.00108021
9960,0.02720796
9961,0.00099851
9962,0.00069856
9963,0.00140937
9964,0.00217648
9965,0.01119626
9966,0.00133638
9967,0.00086681
9968,0.00089647
9969,0.00100967
9970,0.00065322
9971,0.00614780
9972,0.00071137
9973,0.00068216
9974,0.00179895
9975,0.00204115
9976,0.00257050
9977,0.00916443
9978,0.00231199
9979,0.00367651
9980,0.00176869
9981,0.01742123
9982,0.04167310
9983,0.00733084
9984,0.00125781
9985,0.00191521
9986,0.00101504
9987,0.00156060
9988,0.00216282
9989,0.00109710
9990,0.11048012
9991,0.00402634
9992,0.00174505
9993,0.00086499
9994,0.00890313
9995,0.00077595
9996,0.00227035
9997,0.00169704
9998,0.00064162
9999,0.00147138
