step,entropy
0,1.63158854
1,2.30393004
2,2.02843774
3,1.42336448
4,0.89693498
5,0.42333827
6,1.46682881
7,0.15859131
8,0.13284606
9,1.59367761
10,0.40764468
11,2.10552915
12,1.66194161
13,1.30140760
14,2.32315497
15,0.32711096
16,0.76921700
17,1.26003220
18,2.39539794
19,0.19539344
20,1.49364248
21,2.28169187
22,0.35937708
23,1.74712372
24,1.71385261
25,0.89413346
26,1.32904884
27,2.32085519
28,1.16124758
29,1.13242980
30,1.40009900
31,0.07937725
32,2.00879222
33,0.12724477
34,2.42873840
35,2.40850376
36,2.03104823
37,2.22188441
38,1.52743893
39,0.75858443
40,1.49824924
41,1.68445586
42,0.35148328
43,1.92249293
44,0.75385492
45,1.27184855
46,0.66147330
47,0.70027045
48,2.17503816
49,1.91117252
50,0.15538096
51,1.91343914
52,2.29526238
53,1.74671868
54,1.71787718
55,0.65529207
56,1.73449622
57,0.94060388
58,2.28997260
59,1.74809943
60,0.80079355
61,2.19267550
62,1.92085617
63,0.49893520
64,0.53294587
65,0.03219714
66,1.91066096
67,0.21332463
68,0.68339170
69,1.82724622
70,0.75858247
71,0.70931075
72,0.16450080
73,0.12498789
74,1.41888723
75,0.34379978
76,2.39155906
77,0.06428802
78,0.78378350
79,0.45632886
80,2.23119953
81,1.86291782
82,0.27652946
83,0.13801471
84,0.20618261
85,1.83519439
86,1.85430208
87,1.57007616
88,1.21370288
89,1.14894253
90,1.47780204
91,0.26925314
92,1.97152780
93,1.92944331
94,1.68936130
95,0.58456686
96,0.53276671
97,2.43233194
98,2.35385496
99,1.85623804
100,1.94854050
101,1.13675407
102,2.17633693
103,1.71334847
104,1.08629874
105,1.69090815
106,0.19764133
107,0.97911300
108,2.09379958
109,1.19065537
110,1.38036787
111,1.39128417
112,2.34002321
113,0.49839920
114,1.69097465
115,1.11456316
116,0.58424315
117,0.12022210
118,1.51454264
119,0.45563090
120,1.44538161
121,1.06683721
122,1.00637338
123,2.20346459
124,0.22323623
125,1.39261677
126,1.02851225
127,0.37567245
128,0.98081134
129,2.15087804
130,0.49149407
131,1.68651705
132,0.66607320
133,1.28857081
134,1.36726432
135,0.17746271
136,2.00513192
137,0.93931897
138,0.52054073
139,0.51552595
140,2.44464099
141,2.34016748
142,1.16424588
143,0.67181137
144,1.75713913
145,0.13114084
146,2.13148667
147,0.01411493
148,0.12261626
149,0.82927148
150,1.13187892
151,0.01302434
152,0.70875183
153,2.44113881
154,1.92016475
155,0.14532274
156,2.17550986
157,1.15573531
158,2.45493453
159,0.79662460
160,0.76807635
161,1.68520971
162,1.21112543
163,0.68591063
164,1.30176937
165,1.58098272
166,0.77538048
167,2.04537354
168,1.85801641
169,1.86881315
170,1.63828800
171,0.57107043
172,1.75172933
173,0.43343985
174,0.35218224
175,1.25007112
176,0.42777320
177,0.31625263
178,1.46945306
179,2.42060059
180,0.13783835
181,1.10236865
182,0.22415671
183,1.33686617
184,1.42591394
185,1.21727160
186,0.09700533
187,1.73900135
188,1.26027535
189,1.42256868
190,1.65797054
191,2.24823694
192,1.07833598
193,2.26546398
194,0.43620431
195,1.12597239
196,0.43895420
197,0.92397876
198,2.24189684
199,2.41965394
200,1.17232092
201,0.68630384
202,0.80079014
203,2.23738323
204,1.08817304
205,0.49250450
206,2.07196760
207,1.26552578
208,1.06007051
209,2.24153933
210,1.85149578
211,0.03531839
212,2.39834355
213,1.12811293
214,0.44645691
215,2.25860862
216,1.04110447
217,1.69883179
218,1.86304869
219,0.48292434
220,2.44052259
221,1.39668559
222,0.14140418
223,1.33185417
224,0.04566131
225,2.42992603
226,1.65273836
227,0.94136702
228,1.98307190
229,1.97040328
230,1.73816755
231,0.58361986
232,0.23120323
233,2.12443631
234,2.20441876
235,0.85738005
236,0.95915633
237,1.00046679
238,0.68668936
239,2.32839380
240,1.31906828
241,1.76038012
242,1.50186004
243,0.22233183
244,0.17914741
245,0.36627617
246,1.23300949
247,1.55792217
248,2.47095755
249,2.23498194
250,1.83383508
251,0.95146160
252,0.85519435
253,1.73000436
254,0.85788446
255,1.89970917
256,1.80778486
257,0.29764344
258,1.99480576
259,0.23173271
260,0.78838282
261,2.41955969
262,1.61604641
263,2.12522143
264,2.29967403
265,0.65675316
266,1.97442761
267,0.92386397
268,0.16086746
269,0.26504422
270,0.31327097
271,1.56679813
272,1.59220562
273,2.10299023
274,0.73222911
275,1.89224187
276,0.66196453
277,0.77829840
278,1.62736547
279,0.97401004
280,2.47651367
281,0.78550150
282,0.58917411
283,2.18163512
284,2.16653133
285,0.40428352
286,0.83765163
287,1.26583676
288,0.16446108
289,0.92013031
290,1.91124728
291,1.90669228
292,0.36917137
293,0.75309134
294,0.66601675
295,1.69885253
296,0.32727365
297,2.44657365
298,0.28787652
299,1.31201623
300,1.74527405
301,2.35302226
302,1.52395202
303,2.12278587
304,1.31751610
305,0.54820224
306,1.04460806
307,1.50616202
308,1.31758104
309,1.94185814
310,1.33880489
311,0.95132363
312,1.27839943
313,1.28933484
314,0.02477174
315,0.81447969
316,1.42170576
317,1.76792808
318,1.06089879
319,1.85167197
320,1.24902460
321,0.91696400
322,0.60153004
323,1.97922361
324,2.28791289
325,1.80979937
326,0.54716570
327,1.75170853
328,1.25329574
329,2.29471609
330,0.01495434
331,1.91810206
332,1.15724950
333,2.12332005
334,1.50331646
335,0.01887661
336,1.71648744
337,1.32317521
338,0.59370520
339,0.30250506
340,0.98829108
341,1.39183632
342,1.18692621
343,0.04229771
344,0.36701228
345,1.68935018
346,1.35421099
347,1.84326401
348,1.02866012
349,0.63749240
350,1.98057249
351,0.54134365
352,0.15031768
353,0.91461536
354,1.11980732
355,0.51891657
356,2.37123088
357,0.57430597
358,0.30265752
359,1.64156345
360,0.35518513
361,0.69458278
362,1.02672588
363,0.67976862
364,1.62231091
365,0.34751489
366,1.59846056
367,0.28742508
368,1.43945436
369,2.42873511
370,1.95269814
371,2.34824341
372,1.35494634
373,0.39338558
374,0.91867883
375,1.92642984
376,0.32745588
377,1.64795993
378,0.80015544
379,2.27689001
380,0.86968570
381,0.80029957
382,0.67551347
383,1.33966430
384,2.36388546
385,1.34092348
386,1.83972779
387,1.29162547
388,0.20543707
389,1.45569743
390,1.47478894
391,1.47950652
392,0.74070443
393,0.66215538
394,0.81698377
395,0.07664115
396,0.39987073
397,0.71216600
398,1.27115282
399,2.26193900
400,1.73919256
401,1.28043626
402,1.77841115
403,1.10287262
404,0.11736951
405,1.70340136
406,1.75029062
407,1.62607777
408,2.11531168
409,1.93971487
410,2.05699736
411,0.11417345
412,2.48105715
413,1.45981785
414,1.47111932
415,1.52162420
416,0.67017320
417,0.75182427
418,2.17590099
419,1.48965404
420,2.38329812
421,0.51711007
422,1.45276933
423,1.48885620
424,0.09184648
425,1.55349884
426,0.95371230
427,1.06696606
428,0.46049746
429,1.47531760
430,1.67093196
431,2.21346038
432,2.08887191
433,2.43226619
434,2.42140369
435,1.73841058
436,0.69663223
437,1.34035243
438,0.20721795
439,1.40508671
440,0.75832298
441,1.33119667
442,1.86125826
443,0.15046543
444,2.17386009
445,0.09405774
446,1.21569716
447,0.54204031
448,0.09684937
449,1.19037578
450,0.65009692
451,0.19853930
452,2.04574513
453,0.60929284
454,2.32810139
455,1.51034208
456,0.88136280
457,0.15032800
458,2.12275732
459,0.26997499
460,1.92622480
461,1.31159484
462,1.13048412
463,0.19997673
464,1.04287266
465,0.04089201
466,1.89371540
467,1.75479042
468,0.33742271
469,1.26446270
470,0.44181321
471,1.76688489
472,0.46903066
473,0.42873855
474,0.70561243
475,2.41088539
476,2.03095678
477,1.00061369
478,1.97137267
479,0.89691211
480,0.46553107
481,2.22603463
482,0.09094352
483,1.96810043
484,2.38163580
485,0.20890475
486,2.13218952
487,1.93573551
488,0.10515123
489,1.10216515
490,0.64550816
491,0.95347989
492,0.94742239
493,0.97899230
494,0.02423302
495,0.67311584
496,0.71970318
497,1.61136824
498,1.72691689
499,1.86216277
500,1.58065871
501,2.21868031
502,1.38012562
503,0.77762465
504,0.09971267
505,1.80360972
506,1.39539462
507,0.40539255
508,1.26913114
509,2.34325981
510,1.50251243
511,0.76697309
512,2.00177472
513,0.97959999
514,0.03719916
515,0.19787415
516,2.38595153
517,0.23243887
518,1.94390304
519,0.07617729
520,1.05158587
521,0.69984885
522,0.85373424
523,0.22553939
524,0.99753366
525,1.88409609
526,1.30220891
527,0.32795038
528,1.99879981
529,2.16208636
530,1.13206041
531,0.89129196
532,0.04414912
533,0.17508663
534,0.93133200
535,0.28121313
536,2.40560274
537,1.59837356
538,0.77629914
539,1.45156206
540,0.41740381
541,2.27624883
542,1.24265769
543,1.73602667
544,0.45172269
545,1.17559750
546,1.77132403
547,0.96143141
548,0.16145171
549,1.16420027
550,2.04470286
551,1.14666382
552,2.43112117
553,1.38860775
554,2.19037383
555,0.08079467
556,1.56666179
557,1.26640169
558,0.88797985
559,2.23849519
560,0.22828394
561,1.20610107
562,0.76052218
563,2.38222110
564,1.93963737
565,0.49807568
566,0.31697368
567,0.05898370
568,0.44560229
569,2.30521559
570,2.16588401
571,1.98496544
572,0.99335484
573,1.19563151
574,1.42736224
575,2.01047934
576,0.01057474
577,0.44985813
578,1.44269414
579,0.35073516
580,2.32790329
581,0.11074394
582,2.41600206
583,0.53240142
584,0.48102684
585,1.05323640
586,1.58277813
587,2.43072809
588,1.18189034
589,2.22856446
590,2.20966958
591,2.44287736
592,0.89304363
593,1.17751419
594,0.05365467
595,0.95239568
596,0.87748092
597,0.30870835
598,2.06565817
599,0.69277723
600,0.32447904
601,0.28652959
602,0.06069041
603,1.87398889
604,1.32006441
605,1.29931787
606,1.02668935
607,2.39161114
608,0.93801890
609,1.17834939
610,1.71219940
611,2.30543223
612,2.13038141
613,2.18752110
614,0.45476161
615,2.34386934
616,2.04433223
617,0.81833520
618,1.99854015
619,2.36441202
620,1.84449170
621,1.83297604
622,2.08073627
623,2.18058720
624,1.93843462
625,0.19287697
626,0.51774766
627,0.29976912
628,1.15627313
629,0.16289317
630,1.36630038
631,2.29355525
632,2.43559159
633,0.09302644
634,1.69371136
635,0.35488370
636,2.13928988
637,0.07735050
638,0.25611914
639,0.80303244
640,0.01311520
641,1.64306751
642,0.51035234
643,1.78641010
644,2.35613840
645,1.16723520
646,1.16661992
647,2.47259794
648,0.77847277
649,2.19818512
650,1.76961162
651,0.02249811
652,0.73855012
653,1.78908433
654,0.11197148
655,2.12776198
656,2.26373779
657,1.88455581
658,2.01265482
659,1.48246635
660,2.00614833
661,1.16017162
662,1.01325635
663,1.74434127
664,1.15463059
665,0.77081617
666,0.65691075
667,1.08484816
668,0.94796374
669,1.87131854
670,1.94566759
671,1.98089828
672,2.09632695
673,0.89890832
674,0.91671835
675,2.07961440
676,0.44696123
677,1.74181584
678,1.30212750
679,1.65381480
680,1.72934406
681,1.65980760
682,0.58322861
683,0.05830806
684,2.36379464
685,2.22725978
686,1.25247633
687,1.64083327
688,0.22603371
689,1.13746161
690,1.45896204
691,1.73662698
692,0.54359225
693,0.22980891
694,2.38508459
695,2.10558915
696,0.44314612
697,2.04123503
698,2.01572748
699,0.45047177
700,1.99653756
701,0.94824834
702,0.82928878
703,0.39831026
704,1.46760191
705,1.52117459
706,1.26903061
707,0.24777818
708,1.97460294
709,0.78608954
710,0.65635224
711,1.59089808
712,0.45851052
713,2.25896515
714,1.60831149
715,1.95842242
716,0.84529834
717,1.06304646
718,0.62384085
719,0.62300824
720,1.02986970
721,1.95316225
722,1.24834954
723,2.06772568
724,0.27727264
725,0.71762279
726,0.09098146
727,2.26626989
728,0.15639085
729,1.34497295
730,1.67085213
731,0.50653929
732,2.43180638
733,2.43350451
734,0.59123246
735,0.34630032
736,1.61229790
737,1.27703343
738,1.49945831
739,1.53368218
740,2.37255074
741,1.90685117
742,0.77570577
743,1.85462709
744,1.11467673
745,2.42051174
746,1.18461422
747,0.02716799
748,2.27536768
749,0.68687971
750,2.03861718
751,1.51749978
752,1.84687442
753,1.83326173
754,2.24694629
755,2.06768489
756,1.60133194
757,0.81057237
758,1.22536769
759,0.69181693
760,0.83555521
761,1.14285212
762,1.05003302
763,0.71829707
764,0.75569764
765,0.77298912
766,0.47517812
767,1.44629780
768,0.22961737
769,0.61616037
770,0.42342115
771,1.75359189
772,0.69480253
773,0.24733972
774,2.03794463
775,1.08633243
776,1.99582342
777,0.79598163
778,0.85985320
779,1.38717493
780,0.17287860
781,2.42412171
782,0.33096375
783,2.26593308
784,1.63624062
785,1.89626224
786,0.52104443
787,2.21353188
788,1.32971254
789,1.02567936
790,0.47825505
791,0.42519509
792,2.14070179
793,2.40602479
794,1.03791206
795,1.79535546
796,1.73344514
797,1.22541509
798,1.19187779
799,1.37260957
800,0.86014310
801,1.85014959
802,1.03713090
803,1.25210919
804,0.45108981
805,2.42114366
806,0.19294306
807,1.77898911
808,1.63941977
809,0.85488636
810,2.42335522
811,0.09060348
812,0.67691100
813,0.83790602
814,1.59307531
815,1.46439727
816,1.76563533
817,2.13516198
818,0.04800464
819,1.39116363
820,0.99522443
821,1.71045136
822,1.30746153
823,0.86416135
824,0.01708883
825,0.77100809
826,1.10675747
827,0.83638698
828,0.94104470
829,1.61559801
830,0.83247511
831,2.11150593
832,0.89664855
833,1.07827155
834,1.07538627
835,2.24127693
836,1.50077487
837,2.39368986
838,0.01107828
839,2.37110384
840,0.48387023
841,2.22667531
842,0.10910810
843,2.12477186
844,1.56965487
845,1.70071508
846,0.97067869
847,0.96309051
848,0.38880292
849,0.34866891
850,1.54893251
851,0.84867879
852,0.07145505
853,0.42056478
854,0.42187142
855,0.47952069
856,1.12698584
857,2.25929555
858,1.44383914
859,1.83697875
860,0.26180962
861,1.71837629
862,2.14660939
863,2.46835009
864,1.76743841
865,1.50663212
866,2.38733275
867,0.32032144
868,1.96762745
869,1.78516857
870,1.80198237
871,0.88019001
872,0.19761789
873,0.35107031
874,1.67984993
875,0.77435324
876,2.35493588
877,0.30239642
878,2.02062270
879,1.18433202
880,0.73011360
881,0.63217739
882,0.87700527
883,0.91302561
884,0.56110986
885,0.54340048
886,2.40980061
887,1.04556805
888,1.54603567
889,1.74351468
890,0.82362207
891,2.32006640
892,0.72912495
893,0.47628377
894,0.11042631
895,0.65254925
896,0.15246612
897,1.55717811
898,1.42791451
899,0.05593218
900,2.35730922
901,1.80797795
902,1.36532202
903,2.34465870
904,1.31469195
905,0.43711506
906,1.93482471
907,2.37021204
908,0.14873365
909,1.25032914
910,0.56181567
911,2.24311542
912,0.23770551
913,2.00173602
914,0.51154984
915,1.59128281
916,1.71712895
917,1.88726403
918,0.13162770
919,1.19895273
920,0.31173255
921,0.31403964
922,0.40170259
923,0.36713293
924,2.32003639
925,1.39062195
926,0.62958510
927,1.20475850
928,0.13641479
929,0.53604086
930,1.55597186
931,1.72345856
932,1.52791232
933,2.44324742
934,2.43076447
935,2.06948644
936,1.15568993
937,1.87876410
938,0.61829283
939,2.14603967
940,0.60480071
941,2.45854886
942,0.03387652
943,1.97574356
944,1.24235575
945,2.02561697
946,1.29312902
947,2.06818095
948,1.75781717
949,1.58605356
950,2.36072281
951,0.29258887
952,2.29832648
953,1.29475823
954,1.75551152
955,1.65815968
956,0.97220812
957,1.30706647
958,2.41379323
959,1.21156207
960,2.27450694
961,0.02094375
962,1.42491587
963,1.70983291
964,0.98079773
965,0.20159865
966,1.96547210
967,1.86846564
968,0.94605689
969,0.24214544
970,2.08306565
971,1.92566723
972,2.07011410
973,2.03187435
974,0.65291262
975,1.54997234
976,1.15579965
977,0.96865811
978,1.01832814
979,1.67059647
980,2.47675174
981,1.17287555
982,0.90963700
983,1.55808549
984,1.56135870
985,1.01037631
986,1.60293293
987,1.62946944
988,1.85265300
989,0.41447326
990,1.61927478
991,1.03687184
992,2.18217739
993,1.53446700
994,2.01236157
995,2.01074076
996,0.52843916
997,0.19254088
998,1.88468053
999,0.13760337
1000,2.35279352
1001,1.71293294
1002,1.05052159
1003,1.66312328
1004,0.32750043
1005,1.58347136
1006,2.28316830
1007,0.00030947
1008,2.32784252
1009,0.77104096
1010,0.98495068
1011,2.33140259
1012,1.97665249
1013,0.95509762
1014,2.43076587
1015,0.08089155
1016,1.63895233
1017,1.26409120
1018,2.20210329
1019,0.04641210
1020,0.79803296
1021,1.18692283
1022,0.18186235
1023,1.60189998
1024,2.10331301
1025,2.24887335
1026,0.35769531
1027,1.25656773
1028,2.44422540
1029,0.17753755
1030,1.74917660
1031,0.70974662
1032,2.25451519
1033,1.50923080
1034,2.22405075
1035,0.12521546
1036,1.50267552
1037,1.04244464
1038,0.26768553
1039,1.01516655
1040,1.84008495
1041,1.44443317
1042,1.47364239
1043,0.69359862
1044,1.26299270
1045,1.10762885
1046,2.25813102
1047,2.17847672
1048,1.08535922
1049,1.24887077
1050,0.72622214
1051,1.40679858
1052,0.32351281
1053,2.39624393
1054,1.02840737
1055,0.02262115
1056,0.73690738
1057,2.35455583
1058,0.76989432
1059,0.95909078
1060,2.41884563
1061,1.94751797
1062,0.89460098
1063,0.40931856
1064,0.96947912
1065,0.92593447
1066,2.21998516
1067,1.33836611
1068,2.29485470
1069,2.44702711
1070,2.15783092
1071,1.00881206
1072,0.96918600
1073,1.35854911
1074,1.68557392
1075,2.10616985
1076,2.02856597
1077,0.77655994
1078,1.82618785
1079,0.93332633
1080,1.92696518
1081,0.03309025
1082,2.10603795
1083,1.73210468
1084,0.36394966
1085,0.62119195
1086,0.77225455
1087,1.27429054
1088,2.24734048
1089,2.40839866
1090,1.49594981
1091,0.27106418
1092,2.42770323
1093,2.38338468
1094,0.21866903
1095,1.65207862
1096,1.65391411
1097,1.63983333
1098,1.79936063
1099,0.01275916
1100,0.76617581
1101,0.83760655
1102,1.61114476
1103,0.23595825
1104,0.68586743
1105,0.43499459
1106,0.11746536
1107,1.17454501
1108,0.50667485
1109,1.19650881
1110,0.51163632
1111,1.96525819
1112,0.27702064
1113,1.91359464
1114,1.63152147
1115,0.39273000
1116,0.93912508
1117,0.94844669
1118,1.12851320
1119,1.67428651
1120,0.03697791
1121,0.41098251
1122,1.73339500
1123,0.23061438
1124,2.09477547
1125,0.91931346
1126,0.09005274
1127,1.90657881
1128,0.60812737
1129,2.47773935
1130,2.28938524
1131,2.19688086
1132,2.19314659
1133,0.18262698
1134,0.06625414
1135,0.99505406
1136,1.04345063
1137,1.01440157
1138,1.48088483
1139,1.94524876
1140,1.95612982
1141,2.30817232
1142,1.67868437
1143,2.17701260
1144,0.22643161
1145,0.06446421
1146,1.12038467
1147,2.19061898
1148,0.95656146
1149,0.27506141
1150,0.31333293
1151,0.56786828
1152,2.14319628
1153,0.83425538
1154,2.13209825
1155,2.33807143
1156,1.92215276
1157,2.29142038
1158,0.63325618
1159,0.48284222
1160,0.59998311
1161,0.04441115
1162,2.30969362
1163,0.51134924
1164,1.56331466
1165,0.70596255
1166,1.33987339
1167,1.08137678
1168,1.78893589
1169,0.49857570
1170,0.71639806
1171,0.34365986
1172,0.80605710
1173,2.06878401
1174,2.39098697
1175,0.03758372
1176,2.09722612
1177,1.82137605
1178,0.19650700
1179,0.39813320
1180,2.14742536
1181,0.48186820
1182,2.25330444
1183,1.33989019
1184,2.44268915
1185,1.25236890
1186,0.32535929
1187,1.50389817
1188,1.10512187
1189,0.17580525
1190,2.03108562
1191,2.23118331
1192,2.39205899
1193,1.59861375
1194,1.44717671
1195,0.48375335
1196,2.39243510
1197,1.82347083
1198,1.65885236
1199,1.72327988
1200,2.08841886
1201,0.85143829
1202,0.27734729
1203,2.45967449
1204,0.07817559
1205,0.67394247
1206,1.22062412
1207,0.09969669
1208,0.76983148
1209,2.15968016
1210,1.55189587
1211,1.44860895
1212,0.04530723
1213,1.06010677
1214,0.30263975
1215,0.96076927
1216,0.96441782
1217,1.05365670
1218,0.78409612
1219,1.93845518
1220,1.14955236
1221,2.25312764
1222,0.85379500
1223,0.35631392
1224,0.88125351
1225,2.16278931
1226,0.89069412
1227,2.03617667
1228,1.71965650
1229,0.64130258
1230,0.47478287
1231,0.27983899
1232,1.11504614
1233,1.72358889
1234,0.72952971
1235,2.36841235
1236,0.03535705
1237,1.94911315
1238,0.42188851
1239,2.47642314
1240,0.24402096
1241,2.28551339
1242,0.99632017
1243,0.71103966
1244,0.10126766
1245,0.54423987
1246,0.95103307
1247,2.32199753
1248,2.40121699
1249,0.19759609
1250,1.39447816
1251,0.08077079
1252,0.25749511
1253,1.52830254
1254,1.30730102
1255,2.23386885
1256,2.24244717
1257,0.39620364
1258,1.57286016
1259,2.00082826
1260,1.91696706
1261,1.40767840
1262,1.27118247
1263,1.41712066
1264,1.02520686
1265,1.40228625
1266,2.21253231
1267,0.86348969
1268,1.09355415
1269,1.08701257
1270,2.15020427
1271,0.60729418
1272,1.09038981
1273,1.86424867
1274,0.97338739
1275,2.12286149
1276,1.33448693
1277,0.24547956
1278,0.91007301
1279,0.36325229
1280,1.09023892
1281,0.90381002
1282,0.84213703
1283,2.05802608
1284,2.22662959
1285,1.87525760
1286,1.90109937
1287,2.21540534
1288,2.27694380
1289,0.43273224
1290,2.22685438
1291,0.39968638
1292,0.67466194
1293,1.96248422
1294,0.35496992
1295,2.39335431
1296,2.31193895
1297,0.00022536
1298,1.57908117
1299,2.29650350
1300,1.34100988
1301,1.33333253
1302,1.45606880
1303,1.37260457
1304,1.44339520
1305,1.68857786
1306,2.37276065
1307,0.20434812
1308,0.58098503
1309,0.01426281
1310,0.16585807
1311,0.50044023
1312,2.23841458
1313,0.78212938
1314,1.49177279
1315,0.77639108
1316,2.45118743
1317,0.47788286
1318,0.97980639
1319,0.91763998
1320,0.53020914
1321,0.18336384
1322,0.97009749
1323,0.50045058
1324,0.05826792
1325,2.19779345
1326,0.85147797
1327,0.02870916
1328,1.52907730
1329,1.18652370
1330,1.71137521
1331,0.89358637
1332,0.34789467
1333,1.58706298
1334,0.98859366
1335,2.17528116
1336,0.81056308
1337,0.55208827
1338,0.46140223
1339,0.63583252
1340,0.59182266
1341,1.29497603
1342,0.92354805
1343,2.40563580
1344,0.50598818
1345,2.33329017
1346,0.83323169
1347,1.19929974
1348,2.38051703
1349,1.93693592
1350,2.34924139
1351,1.33699956
1352,0.78880048
1353,1.67524065
1354,1.70012506
1355,0.10310929
1356,0.26581693
1357,2.34819155
1358,1.78893599
1359,2.04199033
1360,0.46643274
1361,2.41807849
1362,0.74671658
1363,0.34760002
1364,0.89158488
1365,0.87224985
1366,0.14452289
1367,2.10052205
1368,2.15925217
1369,0.48990082
1370,1.36690183
1371,2.16039776
1372,0.93807388
1373,1.26311774
1374,0.60553552
1375,1.16124189
1376,0.77501758
1377,2.04533348
1378,0.39499824
1379,0.08182472
1380,2.23516787
1381,0.42728688
1382,1.36282101
1383,1.75942362
1384,0.81092430
1385,2.30530996
1386,0.83843949
1387,0.48881790
1388,0.16213399
1389,2.23269698
1390,0.53608597
1391,2.22700172
1392,1.13239389
1393,2.31490026
1394,0.21559906
1395,2.12224184
1396,2.43013621
1397,1.76395611
1398,0.33163757
1399,2.47527002
1400,1.98812885
1401,0.52118326
1402,2.40814419
1403,0.21401715
1404,0.32217040
1405,0.03712877
1406,1.46985698
1407,1.00215234
1408,0.21276432
1409,1.22350656
1410,2.18605429
1411,0.22856892
1412,1.58531653
1413,0.41848926
1414,1.26741778
1415,0.85039898
1416,0.68445138
1417,0.03038794
1418,1.43528846
1419,1.10038502
1420,1.71551726
1421,0.45841279
1422,2.44076826
1423,0.04905090
1424,0.48617273
1425,1.59195263
1426,0.33251096
1427,0.64655214
1428,1.24497285
1429,1.87682709
1430,2.14515114
1431,0.78605185
1432,1.63209867
1433,0.05742364
1434,2.21003951
1435,1.66684468
1436,2.23881148
1437,0.52205916
1438,1.23242705
1439,1.84547272
1440,0.06266508
1441,2.08713257
1442,1.75632256
1443,1.95553873
1444,0.40325621
1445,1.92818160
1446,1.40692292
1447,0.37200483
1448,0.32762765
1449,2.12836281
1450,0.98884721
1451,0.67506998
1452,0.91373379
1453,1.69893869
1454,0.33837620
1455,0.40185507
1456,1.61203334
1457,2.21914358
1458,1.66721796
1459,2.34508668
1460,0.70244971
1461,0.87861342
1462,0.92489891
1463,0.89009731
1464,0.66675284
1465,1.96711521
1466,0.70300827
1467,1.03317924
1468,1.17215500
1469,2.47214253
1470,0.81744945
1471,1.71466008
1472,0.81303499
1473,1.98624867
1474,0.96199889
1475,0.05329950
1476,1.29803423
1477,0.83764835
1478,0.65687747
1479,0.72611725
1480,0.00483011
1481,1.81312856
1482,1.35908460
1483,1.57900033
1484,1.41317688
1485,0.94556330
1486,1.13828324
1487,1.18193247
1488,2.27671184
1489,0.86450291
1490,0.37824400
1491,0.20793711
1492,0.83688404
1493,1.42022091
1494,1.44541506
1495,1.80621721
1496,1.63623556
1497,0.20688049
1498,0.96705388
1499,0.91908898
1500,0.28008461
1501,1.46025539
1502,1.92219796
1503,0.10644857
1504,1.31505972
1505,0.29659432
1506,1.92653569
1507,1.38588385
1508,0.16359591
1509,1.27990280
1510,0.59792139
1511,0.51433079
1512,1.65558919
1513,1.00380822
1514,2.30329511
1515,2.27420553
1516,2.11729025
1517,1.01815293
1518,2.24499789
1519,0.17884248
1520,1.92500016
1521,0.89078857
1522,2.14811865
1523,0.07370087
1524,1.42731784
1525,0.17271107
1526,0.73110938
1527,1.40127184
1528,0.34479898
1529,1.72273117
1530,1.27241111
1531,0.55503566
1532,1.33479408
1533,1.10633889
1534,0.08352409
1535,1.76057169
1536,1.77325495
1537,2.25842737
1538,2.33645926
1539,0.91901606
1540,1.59581426
1541,1.50811108
1542,0.13000581
1543,1.79618653
1544,0.67631384
1545,1.05426773
1546,1.54011620
1547,1.25173873
1548,0.69468721
1549,2.16662597
1550,0.23275816
1551,1.49571344
1552,0.45876114
1553,2.29488053
1554,2.32371518
1555,1.77088058
1556,2.19395535
1557,1.90169731
1558,1.62308924
1559,1.85493013
1560,2.25997323
1561,0.53815404
1562,1.80966399
1563,0.44507825
1564,1.14374215
1565,0.84329348
1566,1.57277387
1567,1.58556430
1568,2.23909772
1569,2.08374417
1570,0.16166316
1571,0.42974279
1572,0.11104832
1573,1.76282221
1574,0.85919540
1575,2.41947151
1576,0.53181425
1577,2.37343143
1578,1.87726782
1579,1.89135029
1580,1.50773475
1581,2.19532795
1582,0.58147467
1583,2.15618246
1584,2.18579926
1585,1.50482415
1586,1.64106681
1587,0.56776833
1588,1.21917292
1589,1.45630788
1590,0.78447269
1591,0.10487682
1592,2.35636197
1593,1.99989682
1594,0.90611869
1595,1.32035309
1596,1.46675881
1597,2.37709622
1598,1.38573802
1599,1.79538149
1600,1.99294824
1601,0.24938926
1602,1.44379991
1603,2.30759873
1604,2.04466199
1605,2.28772428
1606,0.40273720
1607,1.92968950
1608,0.69235612
1609,2.17329745
1610,1.94614467
1611,0.93058793
1612,1.43755267
1613,1.16490520
1614,2.33592129
1615,1.37436430
1616,0.19244233
1617,1.32866549
1618,0.04765835
1619,0.33758226
1620,1.21803230
1621,1.14510126
1622,0.17117450
1623,0.84498773
1624,0.71224757
1625,0.71139979
1626,1.09937350
1627,0.08575921
1628,0.08096158
1629,0.58318307
1630,1.77750023
1631,2.32433015
1632,1.87412834
1633,0.19057866
1634,2.04696451
1635,2.03402840
1636,2.09463439
1637,1.80466642
1638,0.64762692
1639,1.22828740
1640,1.09184552
1641,0.08636848
1642,1.34127563
1643,0.65714835
1644,2.36341982
1645,1.65378812
1646,2.00941848
1647,0.08037165
1648,1.76680330
1649,1.99262328
1650,1.14535461
1651,0.62633690
1652,1.20807387
1653,1.36488427
1654,1.07656401
1655,0.78958727
1656,1.65931823
1657,2.21260135
1658,0.66606512
1659,2.18975480
1660,0.13628876
1661,1.70710795
1662,0.85459036
1663,1.30221216
1664,0.88006494
1665,0.19971023
1666,0.41220496
1667,2.44898115
1668,1.03234927
1669,2.35794070
1670,1.28956345
1671,2.23056237
1672,1.10389849
1673,2.45985457
1674,1.18492498
1675,0.64180896
1676,0.43634677
1677,0.17839890
1678,0.27291239
1679,1.69257402
1680,0.90017332
1681,2.16807761
1682,0.49101093
1683,2.31751002
1684,0.47202737
1685,0.67003878
1686,0.84331792
1687,0.65202782
1688,1.02980347
1689,1.99208163
1690,0.17680911
1691,0.60560472
1692,0.13186374
1693,1.92373950
1694,0.29707269
1695,1.26453758
1696,2.15462743
1697,0.78396217
1698,0.28700875
1699,0.66118205
1700,2.33172921
1701,0.23587865
1702,2.14388228
1703,0.29918305
1704,0.40565078
1705,1.91598603
1706,1.58695718
1707,0.79590314
1708,1.74217169
1709,0.36716286
1710,2.18671539
1711,1.42861313
1712,2.34785386
1713,1.47892006
1714,1.41902614
1715,2.12894568
1716,1.44635121
1717,0.21522857
1718,1.51820299
1719,0.72850083
1720,1.58288644
1721,2.47664562
1722,1.51372754
1723,2.06893070
1724,0.87915438
1725,0.02906429
1726,0.11616573
1727,0.04545001
1728,0.54065698
1729,0.67172976
1730,0.79776026
1731,1.62372871
1732,1.85833757
1733,1.90763515
1734,1.86595542
1735,2.12148031
1736,1.78949436
1737,1.13907560
1738,1.02535248
1739,0.20221760
1740,0.03312737
1741,2.12672608
1742,0.36894906
1743,2.14470083
1744,0.99119388
1745,0.14869916
1746,2.05710043
1747,1.77282883
1748,2.47560761
1749,1.34451826
1750,2.30792322
1751,1.25636416
1752,0.64898417
1753,0.99524772
1754,1.63755639
1755,2.20800883
1756,2.02514286
1757,2.30921371
1758,1.33264441
1759,1.14358081
1760,1.30371922
1761,2.31566819
1762,0.90877697
1763,0.14972751
1764,0.97260709
1765,1.61228688
1766,2.06665956
1767,2.33988279
1768,1.70603014
1769,2.01815686
1770,2.01591176
1771,2.00700017
1772,1.48740928
1773,2.34465366
1774,2.21215081
1775,0.01921332
1776,0.30110867
1777,2.46224448
1778,1.65354375
1779,0.34760998
1780,2.26041975
1781,0.22145326
1782,1.33440464
1783,0.96178003
1784,0.71572369
1785,0.59348400
1786,0.21519392
1787,0.93591746
1788,0.24868602
1789,1.54888825
1790,0.79778994
1791,1.90304191
1792,2.32639026
1793,2.20093178
1794,1.83503839
1795,1.93669441
1796,0.22840571
1797,2.41260783
1798,1.42967557
1799,1.34773215
1800,1.67260542
1801,0.46504363
1802,1.16619445
1803,0.30251716
1804,2.27977832
1805,1.24025236
1806,0.32872458
1807,2.40649844
1808,1.44109879
1809,1.87391287
1810,1.99300594
1811,1.72696342
1812,1.10087472
1813,0.69583269
1814,0.12790261
1815,1.54831428
1816,0.27322503
1817,0.91629316
1818,2.20742974
1819,2.24337547
1820,2.03983030
1821,0.47946186
1822,2.33633633
1823,0.34758314
1824,2.27891583
1825,1.85802072
1826,2.40895246
1827,2.44215596
1828,1.30290866
1829,0.77465113
1830,2.27872097
1831,0.77794793
1832,0.82552122
1833,1.41187538
1834,0.35180160
1835,1.13172805
1836,0.34174496
1837,1.12432112
1838,2.25134323
1839,2.28351232
1840,2.37801876
1841,1.79930816
1842,1.85239544
1843,1.05988453
1844,2.21992838
1845,0.33280143
1846,0.41319261
1847,0.29348169
1848,1.01349084
1849,0.14847472
1850,1.74628118
1851,0.45347603
1852,1.71046537
1853,1.39853098
1854,1.71652908
1855,1.74306315
1856,1.95088569
1857,1.18839869
1858,1.41569890
1859,0.62213787
1860,1.24346430
1861,0.22216934
1862,2.36877849
1863,2.30546837
1864,0.18257049
1865,0.02689986
1866,0.98030001
1867,1.30716343
1868,1.18906379
1869,0.83740425
1870,1.54452879
1871,0.99394955
1872,1.00742043
1873,0.08026454
1874,1.47221482
1875,0.20601927
1876,2.12956960
1877,1.18466569
1878,0.87976158
1879,1.64052953
1880,2.19712648
1881,0.41868875
1882,0.99586349
1883,2.41590708
1884,2.14374335
1885,0.97037828
1886,0.89883929
1887,2.02462918
1888,0.20900301
1889,0.29457732
1890,1.41709531
1891,1.41031160
1892,1.41278647
1893,1.89863577
1894,2.18689018
1895,0.99237125
1896,0.80856237
1897,2.10831057
1898,0.60745582
1899,2.17150585
1900,1.75451756
1901,2.10092198
1902,1.58096332
1903,0.26345618
1904,1.77360816
1905,1.23126211
1906,0.45593037
1907,0.25334555
1908,0.65248113
1909,0.31118554
1910,0.33663866
1911,2.09320461
1912,2.35886646
1913,2.46849725
1914,1.38812247
1915,1.40453717
1916,0.14781475
1917,0.29417103
1918,1.91171441
1919,1.41663771
1920,1.40618939
1921,1.86925482
1922,2.01796241
1923,1.76234898
1924,0.02686028
1925,1.34964923
1926,2.07326030
1927,2.03380747
1928,2.35461216
1929,1.28884260
1930,1.29584265
1931,0.06134405
1932,1.27238134
1933,1.39926997
1934,2.27774713
1935,2.19579667
1936,0.15495531
1937,0.35206110
1938,0.94897186
1939,1.93534791
1940,0.41249075
1941,1.92070343
1942,1.47104883
1943,2.17748615
1944,0.84957382
1945,0.99848047
1946,0.14943173
1947,1.28546118
1948,1.92210719
1949,1.27361192
1950,1.29395066
1951,2.27118053
1952,1.90247948
1953,0.77990313
1954,2.34433424
1955,1.79853187
1956,0.74710131
1957,0.52445496
1958,1.67661766
1959,1.25794206
1960,1.48615258
1961,0.32079552
1962,1.90019193
1963,2.13647572
1964,1.04177698
1965,0.75598538
1966,2.41914266
1967,2.41907915
1968,0.30951734
1969,1.34142743
1970,1.08406132
1971,0.69530589
1972,1.28773778
1973,1.65789415
1974,0.90967772
1975,0.76307532
1976,2.14228712
1977,1.63244892
1978,0.75784644
1979,0.38756652
1980,0.95472918
1981,2.33039295
1982,2.06123706
1983,0.52121180
1984,1.50390129
1985,0.01293908
1986,2.25102323
1987,2.33772754
1988,0.53721254
1989,0.85018636
1990,0.74721414
1991,0.46177808
1992,1.69591753
1993,0.93502915
1994,0.01248095
1995,0.54493124
1996,1.64013333
1997,1.74118451
1998,0.04108468
1999,1.36472130
2000,1.58498840
2001,1.58045631
2002,1.61647261
2003,1.93613627
2004,0.83183085
2005,2.11166704
2006,1.09582525
2007,0.15010663
2008,1.61639501
2009,0.85032066
2010,1.57609670
2011,0.92619254
2012,1.23547294
2013,1.37809362
2014,1.75699355
2015,0.73527741
2016,1.66199547
2017,0.57814662
2018,1.96292174
2019,0.57401989
2020,0.17831989
2021,0.09526071
2022,1.48533936
2023,0.80169830
2024,1.42574519
2025,0.77104604
2026,1.09064185
2027,2.15924571
2028,2.29168781
2029,0.10696233
2030,2.35288983
2031,1.25277283
2032,1.83530816
2033,2.30654520
2034,0.46746759
2035,0.94812189
2036,2.20137124
2037,1.28876154
2038,2.22697937
2039,2.07940761
2040,2.47774126
2041,1.63969374
2042,0.16632213
2043,2.23984455
2044,0.45927838
2045,0.38894855
2046,0.91558706
2047,0.51352464
2048,0.34613351
2049,1.58354793
2050,2.25810979
2051,0.65419597
2052,0.92814111
2053,1.59119819
2054,0.74435204
2055,1.22395561
2056,2.26489225
2057,0.29037586
2058,1.32695215
2059,0.52877696
2060,1.91890071
2061,0.51659589
2062,2.01188194
2063,0.99976057
2064,2.30968950
2065,0.90054083
2066,1.22339602
2067,0.26476763
2068,0.68795340
2069,1.03111953
2070,2.21544649
2071,1.45524083
2072,2.00902067
2073,2.11765228
2074,0.22364522
2075,0.78136116
2076,2.06510420
2077,1.87523900
2078,1.39958516
2079,1.00210214
2080,1.23786553
2081,0.03692488
2082,0.31917125
2083,0.88310536
2084,0.34771422
2085,0.57154625
2086,2.00128406
2087,1.90613987
2088,1.81358583
2089,1.40540664
2090,2.28731749
2091,0.57004370
2092,1.53962922
2093,1.04417149
2094,2.33741130
2095,0.85233085
2096,0.59117716
2097,1.90575411
2098,2.01057986
2099,1.78364047
2100,1.94397317
2101,0.47640392
2102,1.50109200
2103,1.33284751
2104,2.25692010
2105,0.98611428
2106,0.60968471
2107,0.76282721
2108,1.27071949
2109,2.43983719
2110,1.73188683
2111,1.78677032
2112,1.15836183
2113,0.98429577
2114,2.31139907
2115,1.11788312
2116,0.31137484
2117,1.93557103
2118,0.50074803
2119,0.96806694
2120,1.51878950
2121,2.06442213
2122,0.01689556
2123,1.61807025
2124,0.33804902
2125,1.56634215
2126,1.50096561
2127,1.28151629
2128,1.05795062
2129,1.34216657
2130,2.37496564
2131,0.87396654
2132,1.16964014
2133,0.36565375
2134,0.96412415
2135,0.12838836
2136,2.25691283
2137,0.85685780
2138,2.32668896
2139,0.33528170
2140,1.64134446
2141,1.49521352
2142,1.64066166
2143,1.97297923
2144,0.18516301
2145,1.83451132
2146,0.06469185
2147,0.74796630
2148,2.10262126
2149,1.41530174
2150,2.31010749
2151,2.13900921
2152,1.05026244
2153,0.69861816
2154,0.50551275
2155,0.10495118
2156,1.77748694
2157,2.00013861
2158,0.11837347
2159,1.22005469
2160,2.06149689
2161,1.58677440
2162,1.03380196
2163,2.35586518
2164,1.04898881
2165,0.77501566
2166,1.23385867
2167,0.86061675
2168,0.97297959
2169,1.23323531
2170,0.19230245
2171,1.49755615
2172,1.44551214
2173,1.76567572
2174,0.60280073
2175,0.10164417
2176,1.75647351
2177,0.91548664
2178,1.48286226
2179,0.67193331
2180,0.86468270
2181,0.65253991
2182,1.22250209
2183,1.60741019
2184,0.58411848
2185,0.78433490
2186,1.14745067
2187,1.72811458
2188,0.91599442
2189,0.15444685
2190,1.28762280
2191,1.12708674
2192,2.47392272
2193,1.43958652
2194,0.11462032
2195,1.59766880
2196,0.20560122
2197,0.92424918
2198,0.08709079
2199,1.49090184
2200,0.42877502
2201,2.34313717
2202,0.47987693
2203,2.40226977
2204,2.26754336
2205,1.28536527
2206,1.15181262
2207,0.96544262
2208,1.85861133
2209,0.46635925
2210,0.87966218
2211,0.14565331
2212,1.06039306
2213,0.47482938
2214,2.28179197
2215,1.11799140
2216,0.55294372
2217,0.67902116
2218,0.44228840
2219,0.22086282
2220,0.13220131
2221,1.77792006
2222,0.26029381
2223,2.08843895
2224,2.40128676
2225,2.26887503
2226,0.43819764
2227,1.96768361
2228,1.48236562
2229,2.34681347
2230,0.72751974
2231,1.50195456
2232,1.52893550
2233,0.47064731
2234,1.48946178
2235,1.79952069
2236,2.00206848
2237,2.12362109
2238,0.06597727
2239,1.88225798
2240,0.80500877
2241,1.89938117
2242,0.37532356
2243,0.93337857
2244,1.00800523
2245,1.72576197
2246,1.52803190
2247,2.01922669
2248,0.01501400
2249,0.70577721
2250,1.82612843
2251,0.59432330
2252,2.09359546
2253,0.77044419
2254,1.65508238
2255,0.13705705
2256,2.27343218
2257,0.27902212
2258,1.02036242
2259,0.96596714
2260,0.75298190
2261,1.33020417
2262,1.30177042
2263,1.97075045
2264,2.41215804
2265,1.98694600
2266,1.79498199
2267,0.49088715
2268,0.52665254
2269,0.03087369
2270,0.23066603
2271,1.94256051
2272,0.14113224
2273,0.66868888
2274,0.95129073
2275,0.39006170
2276,0.84276521
2277,0.62588673
2278,1.01534717
2279,0.44300225
2280,0.06357169
2281,2.25480374
2282,1.84295893
2283,1.91107100
2284,0.63207810
2285,2.33158085
2286,2.06762431
2287,1.01341049
2288,0.71821331
2289,1.96783401
2290,0.05170763
2291,1.42038400
2292,2.15353397
2293,2.26410255
2294,2.29405270
2295,1.06394728
2296,0.03895904
2297,0.86772761
2298,0.67082204
2299,1.43530393
2300,1.79910190
2301,2.43163432
2302,0.79205276
2303,0.90042911
2304,0.21452882
2305,2.06700800
2306,1.23738902
2307,0.57860083
2308,1.24751059
2309,1.20289930
2310,2.02817569
2311,0.56962843
2312,1.25779061
2313,1.10402386
2314,0.24900165
2315,0.34249592
2316,0.59742845
2317,1.07872023
2318,1.37840934
2319,1.84930466
2320,2.25836756
2321,0.22713782
2322,2.41588056
2323,1.02389706
2324,1.93712279
2325,0.82425188
2326,1.81188996
2327,1.70115515
2328,0.04770069
2329,2.16285189
2330,0.10859364
2331,1.22211127
2332,0.53914845
2333,1.46823535
2334,0.45176243
2335,1.51152853
2336,1.91049729
2337,1.47308603
2338,2.07857351
2339,0.94659914
2340,1.65882925
2341,1.11038167
2342,2.27163498
2343,0.23568136
2344,2.15769387
2345,0.03332575
2346,2.12279920
2347,0.21172106
2348,1.72980015
2349,0.25210215
2350,1.93644909
2351,0.55229868
2352,0.17447815
2353,2.15897784
2354,1.43058338
2355,2.10267271
2356,1.96525517
2357,0.23397043
2358,0.23901455
2359,1.77386425
2360,2.09856800
2361,0.44748910
2362,2.20079776
2363,0.06540147
2364,1.90708208
2365,1.55721964
2366,0.95562236
2367,0.94856203
2368,0.76321383
2369,1.18014509
2370,1.24156826
2371,0.40967306
2372,0.03353755
2373,1.30745476
2374,0.47273027
2375,0.24401004
2376,0.62603039
2377,0.35848894
2378,2.14702895
2379,0.72097279
2380,1.60723546
2381,0.02422752
2382,1.64074287
2383,2.36804778
2384,1.87360637
2385,1.89535274
2386,1.03675443
2387,1.18449948
2388,2.23697592
2389,0.58737979
2390,1.25445149
2391,1.80938165
2392,0.83758132
2393,1.17117808
2394,0.08782890
2395,1.69290849
2396,0.41484954
2397,0.64221745
2398,0.55813496
2399,1.78204981
2400,0.99092829
2401,2.46624721
2402,1.98348180
2403,2.29184114
2404,1.70504560
2405,0.57072332
2406,0.80345961
2407,0.90231379
2408,0.50246087
2409,1.15810548
2410,1.96297720
2411,1.29493827
2412,0.41256417
2413,1.81832759
2414,2.39489125
2415,1.17751144
2416,0.35157722
2417,1.81251889
2418,1.33774966
2419,2.00541616
2420,1.50293864
2421,2.16363924
2422,0.03565161
2423,1.61408334
2424,1.49306652
2425,1.93252957
2426,0.54272228
2427,1.45267177
2428,0.66293104
2429,1.87281716
2430,0.19777866
2431,0.39110806
2432,2.34555379
2433,1.83050735
2434,0.62554708
2435,0.77483241
2436,1.07697468
2437,0.57928977
2438,0.34805555
2439,2.40669197
2440,0.52552181
2441,1.85609210
2442,1.78216428
2443,1.82548524
2444,0.75188699
2445,0.55181797
2446,1.53006072
2447,2.47004156
2448,0.96453280
2449,0.54216174
2450,1.26092049
2451,0.47110480
2452,0.86103427
2453,1.82448830
2454,0.60167039
2455,1.11237821
2456,1.59690331
2457,0.39507864
2458,0.35846469
2459,2.39420781
2460,2.15339176
2461,2.19551577
2462,1.42035749
2463,1.25163163
2464,0.26986054
2465,0.59576529
2466,0.27901016
2467,1.32080339
2468,1.08113963
2469,0.42834031
2470,0.24528105
2471,1.42519877
2472,0.35022214
2473,0.03195392
2474,0.55971619
2475,1.99245399
2476,1.63194554
2477,1.28332212
2478,0.55920509
2479,1.16018208
2480,0.02459959
2481,0.80716853
2482,1.18959015
2483,0.22746270
2484,1.43930846
2485,1.09810213
2486,0.13433644
2487,0.36520559
2488,1.21180823
2489,2.22594612
2490,0.14118958
2491,1.39503988
2492,0.70578037
2493,0.96371882
2494,2.28879544
2495,1.56268943
2496,0.70540546
2497,1.12103510
2498,2.43504417
2499,2.15223419
2500,1.05650333
2501,1.31447633
2502,1.13734815
2503,0.37360992
2504,2.40137693
2505,0.56861931
2506,0.54380762
2507,0.27397496
2508,2.33698933
2509,2.27001232
2510,1.58074415
2511,1.31177915
2512,1.44181077
2513,0.91911168
2514,2.20816341
2515,1.38302631
2516,2.12380974
2517,1.72342264
2518,1.68476526
2519,1.66531218
2520,1.92534813
2521,2.01834432
2522,1.69517486
2523,0.79594989
2524,0.65315084
2525,0.48621422
2526,2.12408397
2527,1.20545370
2528,0.00082397
2529,1.48654010
2530,2.14293040
2531,2.27956884
2532,2.32894609
2533,2.15552347
2534,0.43852373
2535,1.27957847
2536,1.75784560
2537,1.59619652
2538,0.88981683
2539,0.09232723
2540,2.21642409
2541,1.93075232
2542,2.14893824
2543,0.95665638
2544,0.61553227
2545,2.09483088
2546,1.62426317
2547,1.65568300
2548,0.08513006
2549,0.26601420
2550,1.90915494
2551,2.19248167
2552,0.87717467
2553,2.16423990
2554,0.44464982
2555,1.43888374
2556,0.86662237
2557,1.32479408
2558,0.48812652
2559,0.95038406
2560,1.14574186
2561,1.43772811
2562,0.50868990
2563,1.50247367
2564,0.52562664
2565,2.42229523
2566,0.59889960
2567,0.27204232
2568,0.67281685
2569,1.40963843
2570,1.10724189
2571,1.63624517
2572,0.27257157
2573,1.02371172
2574,1.37981110
2575,2.41854661
2576,2.19967265
2577,1.41849869
2578,0.74538699
2579,0.28495339
2580,1.56928682
2581,1.39775856
2582,1.17684811
2583,1.78718063
2584,1.15470038
2585,1.93349280
2586,0.71600690
2587,0.81248939
2588,2.26388769
2589,1.43684647
2590,2.36963488
2591,0.15254083
2592,2.29479618
2593,0.14238852
2594,1.85556507
2595,1.43703178
2596,0.30131851
2597,0.75165413
2598,1.19056345
2599,1.38488747
2600,1.21023935
2601,0.06754236
2602,2.46796557
2603,0.87382784
2604,1.79315512
2605,2.30483518
2606,2.41764290
2607,0.45574473
2608,2.21398561
2609,1.27235811
2610,1.62572464
2611,0.61038796
2612,0.35757184
2613,1.43726928
2614,2.24111198
2615,1.03882284
2616,2.36506432
2617,1.75123941
2618,0.04656349
2619,2.31739704
2620,0.27893030
2621,0.55077809
2622,1.39662363
2623,2.33143382
2624,0.33455729
2625,0.73851610
2626,0.11314172
2627,0.21810761
2628,1.06889854
2629,1.42877443
2630,1.26814767
2631,0.11772611
2632,1.06417617
2633,1.10165337
2634,2.32049748
2635,0.81249651
2636,1.57207137
2637,1.21064364
2638,1.93127648
2639,1.49914554
2640,2.46189996
2641,1.58079086
2642,0.84792547
2643,1.04304489
2644,2.12424614
2645,0.91348295
2646,2.29959940
2647,1.09319661
2648,2.34042420
2649,0.37304410
2650,1.94549856
2651,1.10327698
2652,0.56283747
2653,1.46496837
2654,0.14781113
2655,0.49597017
2656,2.10236821
2657,1.29974201
2658,0.83930036
2659,0.35813979
2660,0.39802770
2661,0.57050307
2662,1.14306191
2663,0.04978127
2664,0.50911889
2665,1.06234437
2666,2.19016739
2667,2.14793573
2668,2.32022185
2669,0.55851790
2670,0.30827464
2671,2.10714531
2672,1.73371258
2673,0.61172272
2674,1.07509301
2675,2.29435276
2676,2.02710906
2677,2.32334646
2678,1.22557970
2679,0.47791913
2680,1.33753716
2681,0.28138573
2682,0.29045678
2683,0.22575357
2684,0.62519461
2685,0.40672091
2686,0.63955111
2687,1.72487257
2688,1.66821236
2689,0.06393482
2690,2.13147366
2691,2.03470750
2692,2.34307712
2693,0.54081517
2694,1.81188138
2695,1.38210678
2696,1.75330224
2697,2.24162516
2698,0.20148584
2699,2.08752844
2700,2.13104312
2701,1.60055640
2702,0.99650091
2703,1.34292077
2704,0.34844838
2705,1.84838589
2706,1.36779093
2707,1.42714242
2708,1.75993265
2709,0.25101624
2710,0.11760945
2711,0.29536505
2712,0.19857000
2713,1.98913443
2714,0.32851471
2715,0.93535112
2716,1.62975950
2717,0.63992794
2718,2.26231859
2719,2.26776868
2720,0.96959535
2721,1.45565851
2722,1.94965287
2723,2.43600207
2724,1.71907077
2725,1.11598470
2726,0.10760673
2727,1.59259005
2728,1.63582175
2729,1.72057523
2730,0.86371109
2731,2.13799565
2732,1.47040514
2733,0.94347563
2734,0.60351815
2735,0.07586659
2736,1.76655311
2737,0.78389018
2738,2.11903642
2739,0.79881696
2740,0.75905291
2741,1.94473532
2742,0.94316516
2743,2.44633049
2744,1.40340556
2745,2.32610084
2746,0.30209155
2747,0.11550312
2748,0.03323224
2749,2.17384466
2750,1.18325804
2751,1.82026070
2752,1.30337401
2753,2.40058298
2754,2.00982439
2755,1.18969548
2756,0.44878838
2757,0.95341935
2758,0.96921178
2759,0.89306075
2760,1.77319516
2761,2.07642275
2762,2.05943158
2763,0.48843429
2764,0.41815385
2765,1.66380450
2766,1.81928765
2767,1.94477408
2768,2.24241399
2769,0.83397986
2770,0.16848510
2771,0.91809418
2772,0.80408282
2773,0.27346379
2774,1.68602050
2775,1.26869780
2776,1.54767299
2777,2.15702718
2778,1.42889448
2779,2.20191230
2780,2.01996982
2781,1.30961765
2782,1.53670262
2783,1.16706120
2784,0.96187363
2785,1.81473764
2786,1.49147863
2787,0.91754542
2788,1.61999282
2789,1.32925519
2790,0.27613755
2791,1.84853270
2792,1.23240544
2793,2.30356574
2794,2.23104478
2795,0.28221526
2796,0.66033475
2797,1.72846400
2798,0.49709229
2799,2.04517664
2800,1.67131158
2801,2.35871746
2802,0.87177724
2803,1.70751337
2804,1.49415131
2805,1.69159652
2806,2.35285141
2807,0.87447933
2808,0.57421927
2809,1.99673593
2810,0.37509140
2811,1.36807288
2812,2.29790974
2813,2.10135193
2814,1.71564154
2815,0.03492668
2816,2.43165700
2817,1.12296303
2818,0.72214832
2819,0.16670577
2820,0.35792976
2821,0.11312049
2822,1.38944071
2823,0.94485976
2824,0.73045886
2825,2.03047493
2826,0.19856946
2827,1.04712324
2828,1.99297106
2829,2.05934279
2830,1.75959879
2831,1.30038883
2832,0.39455036
2833,0.98094757
2834,1.80910032
2835,1.93748547
2836,1.51450667
2837,2.23008124
2838,1.40102153
2839,2.10326037
2840,2.24489614
2841,0.41699947
2842,0.36171146
2843,2.45138743
2844,0.73457050
2845,1.11274598
2846,1.05128953
2847,2.10498396
2848,0.03101232
2849,1.21769670
2850,1.14564122
2851,0.24433141
2852,1.10728875
2853,2.16943797
2854,0.12775187
2855,0.62111854
2856,1.50820161
2857,1.34810009
2858,1.88551118
2859,0.84916059
2860,0.30556392
2861,0.91831436
2862,2.06050136
2863,1.08108499
2864,0.98426253
2865,1.94008989
2866,1.45268456
2867,0.33944432
2868,0.94412117
2869,2.25604298
2870,0.07265098
2871,1.89140232
2872,0.76519208
2873,1.85730511
2874,0.40812987
2875,1.62816255
2876,2.13398701
2877,0.16405025
2878,2.37535765
2879,0.26397513
2880,0.03318934
2881,2.04128735
2882,1.27221365
2883,0.08698214
2884,1.62605107
2885,1.26177968
2886,2.46870648
2887,2.42219162
2888,2.18055244
2889,1.29809268
2890,2.03141910
2891,1.82753272
2892,0.67625494
2893,1.85533728
2894,0.73390838
2895,1.04270584
2896,0.19821054
2897,0.33938365
2898,1.24390078
2899,2.07905570
2900,1.97071045
2901,0.38919781
2902,1.34628342
2903,0.76090258
2904,0.50832137
2905,0.90812375
2906,1.68726414
2907,2.29598781
2908,0.24153693
2909,0.72726526
2910,1.85650327
2911,1.23527490
2912,0.96245213
2913,1.98912962
2914,0.04492195
2915,2.34830029
2916,0.67523626
2917,2.10137725
2918,2.07155117
2919,2.07895140
2920,1.53623246
2921,1.61019171
2922,0.11944917
2923,1.05981508
2924,1.55182171
2925,0.67748934
2926,1.69036773
2927,1.37084757
2928,1.65621738
2929,2.12466596
2930,0.82958970
2931,1.54996340
2932,0.12164892
2933,1.97884722
2934,2.02275434
2935,1.70757822
2936,1.71538007
2937,1.39103816
2938,0.80718731
2939,1.97767555
2940,0.32667009
2941,1.44333976
2942,0.26759753
2943,1.84970143
2944,1.24550620
2945,1.57184877
2946,0.42278325
2947,1.03273272
2948,1.63842650
2949,1.09445126
2950,1.79535192
2951,0.21047356
2952,0.88905065
2953,0.26791716
2954,1.83336341
2955,0.97934970
2956,1.85628881
2957,1.87657988
2958,0.09373134
2959,1.54139732
2960,1.99588707
2961,2.27180187
2962,0.21993093
2963,0.22867113
2964,1.10113019
2965,1.86199608
2966,0.27697756
2967,2.47369381
2968,1.76730034
2969,0.03576099
2970,1.84589377
2971,1.06692476
2972,0.43553000
2973,1.64491024
2974,1.77448664
2975,1.54151045
2976,0.62817790
2977,0.45152103
2978,0.14861056
2979,0.41584045
2980,0.89396261
2981,0.83758822
2982,0.17334166
2983,2.09568243
2984,0.46379852
2985,0.19926108
2986,0.51805093
2987,1.09662304
2988,1.54921240
2989,0.20198427
2990,0.37505628
2991,0.06566690
2992,0.98815601
2993,2.47972144
2994,1.93859699
2995,2.11609296
2996,2.26784869
2997,0.54849472
2998,1.60613005
2999,1.03418000
3000,0.90118333
3001,1.88186236
3002,1.39460356
3003,1.54444648
3004,0.67130134
3005,2.33249862
3006,1.62780411
3007,1.56241004
3008,1.88481387
3009,2.26694197
3010,0.43606522
3011,0.65514389
3012,2.41292251
3013,1.67233144
3014,2.20464432
3015,0.82247983
3016,2.44824762
3017,1.07046736
3018,1.99661969
3019,2.26139522
3020,1.28299646
3021,1.03407227
3022,1.23546626
3023,0.32000213
3024,0.17770281
3025,2.34552976
3026,1.61842403
3027,0.20886955
3028,1.46359302
3029,0.61726868
3030,2.08420173
3031,0.89088453
3032,0.04334149
3033,1.65137143
3034,2.46752507
3035,1.82892149
3036,2.38561540
3037,0.25343648
3038,0.72367629
3039,1.92499315
3040,1.14715455
3041,0.44230321
3042,0.85054315
3043,0.70814769
3044,1.74569676
3045,1.91741772
3046,1.82524612
3047,1.65741880
3048,1.85552488
3049,2.29051469
3050,0.65473987
3051,0.69086504
3052,2.43633828
3053,2.18496364
3054,1.64904956
3055,1.96905909
3056,1.59566471
3057,0.76510634
3058,1.40278204
3059,0.60587099
3060,0.24438318
3061,0.84106682
3062,2.00626774
3063,0.34482829
3064,0.11310058
3065,0.58441446
3066,1.94643421
3067,2.19025619
3068,0.67919176
3069,2.38338539
3070,1.18556915
3071,1.70410161
3072,1.65711934
3073,1.10316440
3074,2.08748857
3075,2.22655576
3076,1.16989051
3077,0.74640740
3078,2.32460853
3079,1.73632543
3080,0.90228445
3081,0.40663299
3082,0.97918521
3083,1.10156432
3084,2.01935247
3085,1.74153667
3086,1.26628719
3087,2.25311023
3088,1.45152329
3089,2.14317184
3090,0.15997847
3091,0.19794630
3092,2.13293685
3093,1.82439335
3094,0.64304786
3095,0.29895879
3096,0.17782567
3097,0.79386354
3098,2.19764804
3099,0.47599736
3100,0.61795134
3101,2.06333008
3102,0.45901458
3103,0.59356136
3104,1.85224589
3105,2.12512621
3106,2.33793463
3107,0.11126638
3108,0.81797712
3109,1.51544684
3110,0.82348546
3111,1.83922877
3112,0.55921990
3113,1.50016904
3114,0.40224927
3115,0.37344052
3116,1.97941548
3117,1.55733195
3118,1.40856377
3119,0.93287749
3120,1.67090162
3121,2.36349624
3122,0.93036311
3123,0.11768386
3124,0.63947598
3125,1.93768285
3126,0.73832447
3127,1.87206628
3128,0.50568284
3129,1.48004169
3130,0.90730323
3131,1.32224047
3132,0.92960186
3133,1.47254502
3134,1.83420725
3135,1.73899665
3136,1.06786107
3137,0.09178632
3138,2.05249764
3139,0.26471090
3140,0.94116585
3141,1.95727909
3142,2.43064575
3143,1.80283258
3144,0.28298031
3145,2.39399285
3146,0.11762681
3147,0.09105908
3148,1.82548930
3149,2.27962513
3150,1.58892416
3151,2.17254075
3152,1.60736886
3153,0.20999872
3154,1.53669500
3155,1.90119322
3156,1.22580704
3157,1.76334950
3158,1.16131751
3159,0.25495235
3160,2.13929931
3161,0.51274784
3162,0.50799950
3163,0.32123246
3164,0.85944339
3165,0.99774142
3166,0.49254931
3167,0.40440022
3168,1.11971216
3169,0.03024201
3170,1.22042857
3171,0.26553331
3172,0.33154793
3173,0.29753774
3174,2.10089943
3175,2.02378726
3176,2.44342682
3177,1.99927978
3178,1.25555963
3179,0.97657918
3180,1.45107206
3181,1.56327124
3182,2.45300202
3183,0.83174748
3184,2.24188024
3185,2.35954806
3186,2.36861743
3187,1.55278143
3188,1.52617159
3189,2.47238863
3190,1.02725545
3191,1.92545604
3192,0.19867930
3193,0.59165101
3194,1.25014303
3195,1.82688165
3196,0.44398845
3197,2.03280070
3198,1.42619782
3199,0.33693607
3200,0.09603326
3201,0.98795143
3202,2.03948204
3203,2.42355284
3204,1.88520983
3205,0.55839667
3206,2.22635076
3207,0.38747728
3208,0.98514700
3209,1.65920666
3210,0.83880164
3211,0.81624924
3212,1.07456011
3213,2.24385871
3214,1.16191064
3215,0.21690430
3216,0.88294069
3217,1.45421213
3218,1.34214207
3219,2.37215176
3220,1.26197076
3221,1.96129048
3222,1.86159562
3223,1.15700811
3224,1.03990890
3225,1.14154721
3226,0.29650876
3227,0.21455351
3228,0.28336212
3229,0.32401264
3230,0.20369527
3231,0.98307374
3232,0.36870196
3233,2.42647125
3234,1.00848450
3235,0.01136217
3236,1.63912472
3237,1.77496019
3238,2.35243022
3239,0.60695937
3240,0.78893202
3241,1.85688011
3242,1.55269932
3243,1.55032433
3244,2.31910593
3245,2.47254483
3246,0.02114088
3247,0.96219302
3248,2.34128730
3249,0.04462289
3250,0.84090905
3251,1.89661161
3252,0.18607385
3253,1.45836664
3254,2.28334494
3255,1.32565759
3256,0.01076873
3257,0.28162445
3258,1.01524116
3259,0.03059798
3260,1.63990672
3261,0.66814030
3262,0.85024996
3263,1.94449247
3264,1.82197740
3265,1.98572406
3266,0.47109793
3267,0.85239983
3268,1.57913531
3269,1.24565811
3270,2.00141442
3271,1.02532807
3272,2.25943950
3273,0.54676288
3274,1.62309529
3275,1.98501166
3276,2.45331553
3277,0.93863746
3278,2.19385386
3279,1.49457007
3280,1.59094591
3281,0.63728406
3282,2.18072164
3283,0.16617041
3284,2.45873919
3285,1.40651035
3286,1.44408374
3287,0.43403365
3288,1.67645996
3289,0.38554562
3290,2.07211058
3291,1.85449446
3292,0.41876804
3293,1.95669531
3294,1.57107933
3295,0.73572048
3296,1.64596518
3297,1.72560513
3298,1.24019625
3299,1.72100696
3300,1.96319334
3301,2.21257946
3302,2.06118587
3303,0.26722701
3304,2.13717933
3305,2.35683926
3306,1.19847663
3307,2.24733685
3308,0.55628140
3309,0.09999874
3310,1.10779565
3311,0.29730244
3312,0.32488524
3313,1.10154236
3314,2.41686682
3315,1.29047377
3316,2.45122796
3317,1.26278783
3318,1.14924840
3319,0.05186650
3320,0.20684478
3321,2.16906799
3322,1.70563645
3323,1.39937111
3324,2.21107377
3325,1.61376824
3326,0.70006914
3327,2.14870215
3328,1.80860339
3329,0.19933669
3330,2.06328961
3331,0.90504777
3332,2.09761576
3333,2.04935470
3334,2.25224424
3335,0.28181107
3336,1.82559982
3337,0.77670600
3338,2.12817582
3339,0.28521015
3340,2.17418258
3341,2.41395745
3342,1.28207692
3343,1.36170463
3344,1.51588662
3345,2.22690573
3346,0.21855658
3347,2.11459904
3348,0.86562536
3349,1.00770523
3350,2.16633422
3351,0.30245074
3352,0.35627533
3353,1.68967867
3354,1.81043885
3355,0.55946004
3356,1.72067142
3357,0.88564637
3358,0.06836983
3359,0.65075033
3360,0.39978978
3361,1.11999267
3362,1.12455299
3363,0.95493608
3364,2.25705234
3365,0.95548907
3366,0.47467507
3367,2.35097195
3368,1.58907516
3369,2.36189430
3370,1.12026948
3371,1.50157895
3372,0.81528140
3373,2.38964355
3374,0.68498370
3375,2.31072407
3376,0.84735063
3377,1.90489165
3378,1.60586575
3379,1.93038169
3380,0.50651044
3381,2.47902953
3382,1.23285791
3383,0.18602641
3384,1.69374449
3385,0.19316262
3386,1.60816234
3387,1.77927171
3388,0.50479217
3389,0.28730365
3390,0.33435120
3391,1.63019887
3392,1.85353699
3393,2.28186881
3394,0.80630916
3395,0.24292079
3396,1.56247064
3397,2.07565454
3398,1.80145381
3399,1.21650693
3400,0.66673927
3401,1.80941122
3402,2.12500576
3403,0.54412475
3404,1.76275187
3405,1.91368693
3406,2.47341036
3407,0.93150599
3408,0.97486524
3409,0.11010812
3410,0.39688760
3411,1.84738225
3412,0.67596066
3413,2.26191366
3414,0.79102970
3415,1.97596712
3416,0.89428948
3417,1.87661681
3418,1.08779378
3419,0.52388201
3420,0.50999268
3421,0.71074075
3422,0.29536869
3423,2.15167358
3424,2.28780380
3425,1.97588799
3426,0.01167439
3427,2.18984493
3428,1.97156479
3429,2.08971674
3430,1.56633020
3431,0.51560458
3432,0.73905752
3433,0.96548755
3434,0.45827255
3435,0.06909037
3436,2.36581508
3437,0.96616592
3438,1.50926745
3439,0.26638365
3440,2.12733449
3441,1.86482510
3442,0.10015990
3443,0.49910919
3444,1.84676651
3445,0.14117259
3446,0.05844372
3447,0.29415950
3448,0.35270133
3449,1.92008238
3450,1.94130796
3451,1.41898803
3452,0.75743669
3453,1.94490230
3454,1.57376423
3455,0.15185918
3456,0.46842633
3457,1.72584666
3458,1.40488570
3459,0.97830758
3460,1.31594860
3461,0.60288650
3462,1.45439473
3463,0.34299815
3464,2.44939009
3465,2.04365260
3466,1.23360946
3467,2.42669494
3468,1.68205460
3469,1.43548169
3470,1.60470087
3471,1.74175448
3472,2.45678163
3473,1.94543856
3474,0.58923643
3475,0.14643995
3476,2.28347633
3477,1.83105036
3478,1.44586858
3479,1.21440073
3480,2.35604382
3481,0.10463105
3482,0.38532235
3483,0.78698230
3484,2.47534521
3485,1.72457857
3486,1.49082006
3487,0.85050405
3488,0.39164214
3489,0.04130277
3490,0.35212097
3491,0.43144406
3492,1.26791848
3493,0.90836603
3494,2.42699072
3495,2.28583421
3496,1.37793583
3497,0.41218755
3498,0.78755203
3499,0.06632316
3500,1.64241507
3501,0.95548514
3502,2.29921568
3503,0.78523293
3504,2.11258154
3505,0.97771110
3506,1.62151349
3507,0.88149852
3508,2.00736131
3509,0.55638766
3510,0.39711149
3511,0.12824436
3512,0.94622071
3513,1.82107467
3514,1.14776596
3515,2.09209074
3516,1.45498002
3517,1.32455445
3518,1.23759920
3519,0.09945907
3520,1.46552508
3521,0.47421108
3522,0.20492446
3523,0.25330291
3524,0.40988384
3525,1.53945629
3526,0.71027766
3527,0.73184733
3528,1.02513446
3529,2.37370651
3530,0.63964375
3531,0.74658425
3532,0.62275651
3533,0.78104801
3534,0.73901080
3535,2.06127962
3536,2.42992128
3537,0.97626599
3538,2.15308745
3539,0.26305396
3540,1.19612638
3541,2.04062660
3542,0.22398215
3543,2.47799070
3544,0.99084173
3545,1.23889852
3546,2.34689653
3547,2.28247131
3548,0.51810627
3549,1.13131191
3550,1.82397592
3551,1.14161689
3552,2.33206308
3553,0.49676194
3554,2.42066462
3555,1.54203081
3556,1.52280448
3557,1.69566698
3558,0.65732462
3559,1.10160245
3560,0.54262793
3561,1.99989176
3562,0.82152845
3563,0.35553901
3564,2.20741203
3565,0.85373065
3566,2.35791842
3567,1.10515742
3568,1.61509413
3569,1.95000812
3570,1.28004316
3571,2.34272714
3572,2.00883070
3573,2.21273647
3574,1.31945011
3575,0.32131231
3576,0.42903930
3577,0.36278551
3578,1.32568666
3579,2.35900276
3580,1.37214230
3581,1.06652102
3582,0.27948353
3583,0.93063923
3584,0.45709399
3585,1.13269761
3586,1.13829766
3587,2.31837600
3588,0.98229633
3589,2.19197810
3590,0.10406167
3591,0.85863522
3592,1.79143145
3593,1.10873724
3594,0.19605962
3595,0.88546761
3596,1.37340965
3597,2.37164866
3598,0.58882211
3599,0.22230850
3600,1.88000569
3601,1.52712846
3602,0.86736160
3603,0.97079378
3604,0.81382426
3605,1.64563884
3606,2.14822518
3607,0.74385901
3608,2.25743459
3609,1.03875436
3610,1.21922870
3611,0.63630639
3612,0.21532927
3613,0.49936009
3614,0.62245358
3615,1.08603968
3616,1.22559785
3617,2.09611789
3618,0.89218486
3619,1.89972276
3620,0.63002818
3621,1.18629837
3622,0.18998762
3623,2.21357461
3624,0.87471722
3625,1.58964473
3626,1.39438906
3627,1.21124910
3628,0.59319906
3629,2.04506206
3630,1.17237324
3631,0.32668423
3632,0.24784619
3633,1.24993753
3634,1.40235884
3635,0.68520538
3636,0.58270896
3637,2.06008678
3638,1.69710438
3639,0.35646130
3640,2.00491789
3641,0.14247472
3642,2.09193025
3643,2.07600485
3644,0.30704192
3645,2.45908373
3646,2.23411481
3647,0.44373104
3648,1.62155178
3649,1.15312422
3650,0.35889729
3651,0.51242019
3652,0.51166130
3653,1.66732664
3654,1.41946855
3655,2.40871929
3656,0.75989129
3657,1.19289133
3658,0.92277093
3659,0.94809111
3660,1.44826454
3661,1.94990198
3662,1.69666234
3663,0.28607607
3664,0.68473082
3665,1.55480477
3666,1.89015632
3667,2.15313000
3668,0.89592969
3669,1.13854294
3670,0.11971490
3671,1.28781295
3672,0.75505827
3673,1.30548635
3674,1.49013853
3675,0.42496598
3676,0.18777228
3677,1.76967461
3678,1.79192617
3679,2.45071914
3680,1.24991137
3681,0.16732506
3682,0.19154011
3683,2.40841619
3684,1.82399409
3685,0.41035140
3686,1.05016403
3687,0.48544051
3688,1.92706116
3689,1.81556015
3690,2.30050768
3691,1.63125873
3692,1.00466815
3693,2.26208149
3694,0.95123817
3695,1.82601731
3696,0.54475901
3697,0.68676059
3698,1.50127321
3699,0.72937922
3700,2.13406123
3701,1.28158131
3702,2.30401874
3703,1.49260747
3704,1.43018438
3705,1.25736922
3706,0.48203807
3707,0.86975954
3708,2.22359979
3709,1.68127652
3710,1.91088283
3711,1.03144818
3712,0.50201879
3713,1.97302623
3714,1.03596005
3715,1.93155690
3716,0.16740452
3717,0.87375428
3718,1.61331545
3719,2.30974368
3720,0.49841930
3721,2.43660391
3722,1.67487289
3723,0.49590598
3724,0.03710726
3725,2.30422015
3726,1.67603675
3727,1.79296319
3728,1.02569881
3729,0.21787371
3730,1.18743084
3731,1.59695239
3732,0.68827011
3733,2.38081353
3734,1.92026887
3735,0.04598649
3736,0.73100032
3737,2.23464997
3738,1.85413901
3739,1.99094718
3740,0.46719902
3741,2.18532881
3742,1.63383892
3743,1.00338877
3744,1.69491657
3745,0.60674567
3746,2.22765199
3747,0.19544818
3748,0.66433207
3749,1.78217137
3750,1.03803823
3751,2.19164763
3752,2.05237846
3753,1.68816712
3754,0.89366003
3755,1.08995030
3756,0.82198303
3757,0.77439206
3758,0.03022721
3759,0.64196660
3760,1.72665707
3761,1.34527440
3762,0.82012570
3763,0.80891437
3764,0.44585325
3765,0.19039130
3766,0.38455251
3767,1.54358833
3768,2.30615895
3769,1.70436776
3770,0.85610520
3771,1.39667132
3772,0.33150003
3773,0.20448583
3774,0.15548886
3775,1.40588272
3776,1.45416775
3777,0.38465755
3778,2.33853873
3779,0.34883283
3780,1.26515917
3781,1.61049996
3782,0.07824897
3783,0.67257088
3784,1.32171911
3785,1.68084663
3786,1.69202615
3787,1.64118724
3788,0.18134677
3789,0.14259235
3790,2.13465909
3791,0.36607202
3792,0.90041973
3793,2.08620448
3794,0.11022753
3795,2.12843479
3796,1.62270182
3797,0.96074275
3798,0.59590609
3799,1.29361214
3800,2.04563925
3801,0.50161855
3802,0.61289592
3803,1.24016827
3804,2.01007371
3805,1.03448265
3806,1.02041562
3807,2.38914159
3808,1.32690716
3809,1.95137980
3810,1.67094918
3811,1.36019943
3812,1.07720282
3813,1.62390038
3814,2.06529170
3815,0.35710506
3816,0.66940690
3817,0.52326055
3818,2.01036032
3819,0.80366748
3820,1.11281709
3821,1.27454127
3822,2.37435527
3823,0.00913903
3824,0.45904922
3825,2.15497610
3826,1.13459418
3827,0.91184159
3828,2.34188375
3829,0.26568560
3830,0.03847572
3831,2.24973859
3832,2.03498850
3833,1.33388442
3834,0.65942113
3835,1.93009309
3836,0.39128375
3837,1.05860600
3838,0.42492111
3839,1.00981494
3840,0.01424106
3841,1.13963665
3842,1.12332294
3843,2.43729330
3844,0.94054633
3845,1.31975443
3846,0.37489089
3847,0.70004204
3848,0.56972807
3849,2.41548859
3850,0.31669891
3851,1.59374750
3852,2.06462347
3853,2.33832163
3854,1.74985458
3855,0.44861105
3856,2.28293548
3857,1.28084934
3858,1.30950726
3859,2.21425563
3860,0.03997378
3861,1.78545905
3862,1.88860767
3863,1.66312643
3864,0.48140379
3865,2.26676453
3866,0.59424625
3867,0.80430741
3868,2.07132756
3869,2.28448648
3870,0.65404008
3871,1.18875327
3872,2.10912690
3873,1.33537043
3874,0.56497357
3875,0.92141956
3876,1.56888839
3877,1.79661358
3878,0.76492040
3879,0.47051516
3880,1.93692993
3881,0.75329142
3882,0.61022712
3883,0.71544715
3884,0.57308363
3885,0.33181608
3886,0.95652059
3887,0.46714949
3888,1.60598696
3889,0.25662337
3890,0.88490725
3891,2.35338949
3892,1.13716611
3893,2.21335634
3894,0.56592004
3895,1.94984165
3896,0.21419301
3897,2.36040234
3898,2.38692819
3899,1.71696041
3900,0.50304606
3901,1.87985725
3902,1.99611746
3903,1.62352829
3904,1.92649368
3905,0.62938050
3906,1.93754651
3907,0.55906676
3908,1.25556189
3909,0.98127011
3910,0.52924310
3911,0.63938722
3912,2.19594271
3913,0.15287668
3914,1.21975910
3915,1.19720427
3916,0.27574237
3917,0.20759559
3918,1.08360257
3919,0.88893223
3920,0.64241786
3921,0.63340777
3922,0.56803076
3923,1.58344014
3924,2.42489437
3925,0.76070016
3926,0.99164045
3927,1.73065367
3928,0.76210517
3929,0.31424260
3930,1.61060789
3931,0.88019492
3932,0.00948169
3933,0.81484793
3934,2.18222405
3935,0.13182009
3936,2.21165081
3937,1.52473163
3938,2.06659377
3939,1.39233049
3940,1.76330879
3941,2.19938627
3942,0.42647512
3943,0.27317770
3944,1.41764405
3945,1.18867976
3946,1.29134176
3947,0.89316019
3948,2.43158234
3949,1.49883265
3950,1.51531005
3951,0.07076021
3952,0.68649966
3953,0.70090771
3954,2.46335633
3955,0.34168583
3956,1.25348671
3957,1.81465808
3958,1.54229777
3959,1.89001792
3960,0.89690627
3961,0.40442100
3962,0.56522260
3963,1.36350596
3964,1.29010617
3965,1.00850188
3966,2.28029155
3967,0.99444647
3968,0.52711903
3969,1.49158048
3970,1.44399660
3971,1.94769884
3972,1.38914551
3973,0.01961772
3974,1.20085488
3975,0.45729333
3976,0.58279944
3977,1.91091353
3978,2.38932966
3979,2.16463007
3980,0.58440081
3981,1.05741371
3982,2.13564922
3983,2.08782664
3984,0.14391267
3985,0.69115882
3986,1.46976697
3987,0.48542382
3988,0.05047767
3989,0.54825648
3990,1.34361136
3991,1.77314344
3992,1.83192591
3993,1.40429511
3994,1.48545082
3995,1.29250816
3996,1.97048140
3997,1.61376681
3998,1.69367805
3999,2.24104712
4000,0.29151426
4001,0.09497425
4002,1.31981641
4003,1.10749025
4004,2.25372266
4005,0.76562794
4006,1.67862276
4007,1.72515624
4008,0.59185569
4009,0.02082662
4010,1.03859473
4011,0.50085710
4012,0.47295090
4013,1.14249467
4014,0.44458763
4015,1.38955603
4016,1.52833133
4017,1.16702125
4018,1.40038584
4019,0.49021165
4020,1.42806147
4021,2.11866604
4022,2.10583419
4023,0.27310231
4024,0.80527126
4025,1.78038977
4026,1.46630435
4027,0.95942820
4028,2.06776588
4029,2.22116369
4030,1.39582642
4031,0.61966697
4032,2.38871079
4033,1.19211505
4034,0.85862844
4035,0.31473699
4036,2.33911978
4037,1.71336937
4038,0.17671866
4039,0.45063957
4040,2.29371665
4041,0.18753576
4042,1.67694619
4043,1.41240781
4044,1.24076136
4045,1.71589577
4046,0.83486856
4047,1.55336056
4048,2.17592867
4049,1.42081098
4050,1.30236684
4051,1.51765422
4052,0.46221400
4053,0.82761378
4054,1.77747001
4055,1.40933835
4056,0.29279041
4057,2.15389823
4058,1.02065114
4059,0.61264580
4060,0.37112842
4061,2.29514600
4062,1.81289053
4063,0.76821344
4064,0.47758785
4065,2.11298249
4066,0.36405679
4067,1.29483970
4068,1.65802759
4069,2.32773692
4070,1.70277590
4071,0.26714019
4072,1.29090984
4073,2.26100334
4074,0.67045102
4075,0.21844826
4076,0.14530337
4077,2.07025677
4078,2.31692926
4079,1.14451333
4080,0.75967450
4081,0.98640184
4082,0.44199734
4083,1.08262720
4084,1.17098574
4085,1.32394677
4086,0.26077309
4087,2.41797559
4088,1.55336105
4089,1.42102737
4090,2.05122935
4091,0.12119466
4092,1.45504652
4093,0.91671744
4094,1.59085568
4095,2.32812985
4096,0.17293898
4097,0.42986880
4098,0.87131937
4099,1.32463595
4100,2.05551570
4101,1.82078518
4102,1.36245967
4103,0.47854943
4104,1.24943751
4105,1.09205432
4106,0.28052301
4107,2.27017253
4108,2.08769275
4109,1.52203876
4110,0.61272725
4111,1.43119207
4112,0.80227790
4113,1.60862431
4114,0.09239290
4115,1.49663493
4116,1.38890580
4117,2.29612470
4118,1.41712179
4119,1.94203455
4120,0.55099315
4121,1.37110089
4122,0.80336341
4123,2.44521318
4124,2.37613731
4125,0.60847309
4126,1.54714850
4127,0.17674781
4128,1.36058496
4129,2.44422266
4130,0.34660871
4131,1.81013906
4132,1.27927396
4133,2.46503270
4134,1.01358976
4135,2.05270793
4136,1.48025629
4137,1.98494989
4138,2.11464417
4139,1.60760075
4140,0.86841173
4141,1.47923102
4142,1.96067834
4143,2.03586210
4144,1.56762723
4145,1.13101651
4146,0.20824320
4147,0.28708363
4148,1.60166256
4149,0.98174350
4150,1.67926853
4151,1.29230675
4152,0.98963910
4153,0.50768746
4154,2.10242928
4155,0.67413224
4156,1.56607677
4157,0.25249911
4158,2.39054556
4159,0.37868156
4160,1.25032349
4161,2.01476847
4162,0.57775281
4163,1.60108565
4164,1.01258615
4165,2.38796313
4166,0.33195907
4167,0.47498165
4168,1.35280127
4169,1.69076492
4170,1.42893822
4171,0.45292640
4172,1.21678900
4173,0.16103399
4174,1.67059450
4175,0.81621682
4176,2.38491234
4177,0.99262422
4178,0.12811533
4179,0.02997276
4180,0.81742051
4181,0.64931587
4182,2.35878743
4183,1.93630133
4184,0.91174102
4185,0.64525286
4186,0.16816942
4187,0.30668313
4188,1.84230248
4189,0.14084518
4190,1.94795000
4191,0.97945432
4192,1.69499001
4193,1.52958821
4194,0.26995881
4195,1.87522275
4196,2.17748616
4197,0.27407837
4198,2.40890347
4199,2.00064587
4200,1.50182740
4201,1.72722798
4202,0.11465583
4203,0.56386267
4204,2.24817793
4205,2.14145356
4206,0.54020029
4207,1.35741547
4208,0.85460246
4209,0.46418293
4210,1.93957302
4211,1.67693409
4212,0.16991440
4213,1.65889682
4214,0.03120111
4215,0.23778768
4216,1.02764051
4217,0.08732069
4218,1.29032527
4219,1.69499384
4220,0.64149167
4221,1.73001791
4222,0.17710990
4223,0.21934670
4224,1.23620925
4225,0.07069576
4226,1.88156232
4227,2.21206753
4228,0.01673596
4229,1.98304248
4230,1.41353496
4231,2.41843634
4232,1.98641971
4233,2.24145062
4234,2.12071385
4235,2.11662964
4236,1.87951693
4237,2.24877412
4238,0.21486453
4239,1.99568408
4240,1.68240172
4241,0.90064771
4242,1.08515731
4243,0.27934622
4244,0.77145372
4245,1.77301047
4246,1.36813094
4247,2.30036816
4248,0.63317691
4249,0.56840310
4250,1.82970742
4251,2.37396287
4252,0.91103082
4253,0.97657802
4254,0.13555011
4255,0.58180824
4256,2.25660146
4257,2.42408941
4258,1.21809049
4259,2.11929838
4260,0.53703681
4261,1.60792027
4262,2.26655303
4263,0.86813347
4264,1.58294365
4265,1.84635682
4266,0.34923574
4267,0.64303480
4268,1.47176338
4269,0.64279578
4270,0.39848811
4271,0.39971044
4272,1.94243088
4273,1.14154840
4274,1.37888248
4275,1.57727000
4276,0.80664536
4277,1.63128660
4278,1.12119698
4279,0.22949699
4280,1.29928298
4281,1.23831000
4282,1.70918842
4283,2.38159581
4284,0.11931118
4285,1.52980813
4286,1.74568063
4287,1.19043371
4288,1.07156489
4289,1.76547262
4290,1.34288996
4291,1.03324735
4292,1.62615834
4293,1.50573917
4294,0.21852012
4295,0.89032924
4296,2.21802036
4297,0.39467716
4298,1.29456531
4299,1.58077435
4300,0.29785152
4301,0.49667496
4302,0.80098789
4303,1.48741041
4304,0.31332154
4305,1.90299942
4306,1.69257739
4307,1.99305349
4308,0.59830173
4309,1.34383045
4310,2.13138880
4311,1.08332912
4312,1.41528114
4313,1.01782321
4314,1.83622102
4315,1.55797871
4316,1.86457508
4317,2.40555583
4318,1.93219029
4319,1.42069438
4320,0.63136239
4321,1.27332694
4322,2.34830312
4323,2.44419411
4324,0.30456568
4325,1.66882735
4326,0.05610002
4327,0.26748263
4328,0.92161445
4329,0.23956640
4330,1.61470168
4331,1.23724017
4332,0.95635264
4333,2.11208607
4334,0.88330684
4335,0.61316651
4336,0.70483962
4337,0.05558003
4338,1.79249170
4339,1.60102646
4340,1.03150456
4341,2.02800343
4342,0.82171905
4343,0.53155835
4344,0.08254698
4345,0.44090637
4346,1.11502335
4347,0.82004018
4348,1.10236911
4349,0.13366956
4350,0.06521172
4351,1.67762783
4352,1.03060527
4353,1.94965545
4354,2.09879128
4355,0.89690546
4356,1.13651217
4357,1.89827719
4358,0.33149869
4359,1.99951212
4360,0.91040738
4361,0.61790425
4362,1.16250248
4363,1.60665248
4364,2.07995341
4365,2.04053980
4366,0.08784454
4367,0.40679284
4368,0.83854973
4369,0.14866253
4370,1.11060960
4371,1.12270995
4372,1.29899909
4373,0.86798882
4374,0.59311197
4375,1.46126783
4376,0.13998480
4377,0.09912422
4378,1.84757027
4379,0.47360635
4380,0.39488513
4381,0.61171738
4382,1.42604883
4383,0.59331743
4384,1.64522221
4385,1.58806395
4386,1.00248147
4387,2.30041001
4388,1.87522262
4389,0.34413983
4390,0.56890309
4391,0.27132750
4392,1.76621658
4393,0.47570412
4394,1.12199322
4395,0.22992666
4396,2.17554702
4397,1.85122852
4398,1.64948127
4399,1.73353679
4400,0.89885720
4401,0.47056609
4402,0.04487804
4403,1.01706042
4404,2.25308622
4405,0.06827387
4406,0.48147167
4407,1.30651728
4408,0.18291256
4409,0.73694765
4410,1.86504104
4411,0.53236152
4412,0.75613811
4413,0.69979117
4414,0.50980445
4415,2.00088465
4416,2.35561427
4417,1.46505190
4418,0.63184770
4419,0.60343170
4420,1.71162355
4421,1.78488665
4422,2.02634267
4423,0.33820233
4424,0.49376400
4425,0.84593530
4426,1.06317412
4427,2.01924481
4428,0.21675306
4429,0.74122774
4430,0.28592676
4431,1.99718576
4432,1.76329533
4433,2.00435618
4434,0.78775350
4435,1.30296392
4436,2.20001383
4437,0.05042456
4438,1.98564042
4439,1.90481133
4440,1.07861937
4441,1.92176550
4442,1.88038583
4443,0.44579360
4444,2.40172790
4445,2.33285429
4446,0.63598837
4447,2.36864535
4448,1.35360050
4449,1.26592205
4450,1.92177800
4451,2.27106358
4452,0.63601610
4453,0.30246682
4454,2.08136731
4455,1.09719351
4456,1.36769002
4457,1.18894169
4458,2.17902173
4459,1.40967712
4460,1.74777839
4461,1.90581339
4462,0.00708021
4463,1.39095629
4464,1.49900423
4465,0.25765830
4466,0.41470356
4467,0.16774524
4468,1.02811816
4469,1.92478774
4470,0.60904030
4471,2.16380891
4472,0.16759288
4473,0.85552940
4474,0.57593458
4475,2.37587808
4476,0.41430832
4477,2.11436402
4478,1.28625212
4479,0.67032636
4480,1.03705625
4481,0.32522386
4482,1.50909171
4483,1.65473212
4484,1.09755865
4485,1.96538270
4486,1.90204768
4487,1.67427394
4488,1.86655788
4489,1.06388861
4490,0.38628325
4491,1.31109576
4492,1.14593507
4493,0.36859086
4494,1.72674130
4495,1.10192152
4496,1.67625913
4497,0.47441242
4498,0.57919269
4499,0.23390878
4500,2.25268966
4501,1.71246947
4502,0.76654542
4503,0.12905268
4504,0.83555911
4505,1.93564206
4506,2.23101550
4507,0.41335163
4508,2.29391038
4509,0.50108347
4510,0.08710051
4511,0.32872001
4512,0.04598544
4513,0.59808852
4514,1.91051968
4515,1.18784865
4516,1.96602875
4517,0.23022195
4518,1.85729546
4519,0.33846723
4520,0.80082638
4521,2.31860601
4522,1.81254430
4523,1.81244279
4524,1.60228898
4525,0.91281528
4526,1.55745926
4527,1.06754210
4528,1.96163312
4529,1.67313448
4530,2.20677506
4531,2.07660058
4532,2.08211595
4533,0.23517695
4534,0.05185090
4535,0.94831505
4536,2.34484509
4537,1.50430150
4538,1.43484945
4539,2.04799797
4540,1.57281112
4541,0.27901002
4542,1.17566771
4543,2.15199813
4544,2.00089092
4545,0.15293688
4546,2.47830673
4547,1.29295014
4548,0.71820309
4549,1.06845108
4550,2.34002031
4551,2.22386828
4552,0.88197752
4553,1.58193228
4554,0.17833056
4555,1.96595096
4556,0.18684821
4557,1.77772978
4558,0.78659961
4559,0.37741523
4560,0.35726576
4561,2.41309175
4562,0.55131199
4563,1.16574284
4564,0.38722956
4565,1.21667269
4566,2.03522864
4567,0.61818662
4568,1.77214178
4569,0.88224550
4570,0.30920925
4571,2.01585958
4572,0.85330986
4573,1.58539362
4574,2.36288876
4575,1.79346204
4576,0.82055730
4577,1.52647839
4578,1.85867042
4579,0.53526339
4580,2.36956096
4581,0.56312889
4582,0.09250279
4583,1.32089206
4584,1.17660118
4585,0.38471337
4586,1.19914877
4587,0.67475657
4588,2.01818871
4589,1.21963092
4590,1.30154769
4591,0.35734508
4592,2.34899129
4593,0.62863872
4594,1.44831013
4595,1.92683655
4596,1.29094605
4597,0.79408390
4598,1.59625552
4599,1.78021869
4600,0.34408629
4601,0.63367344
4602,0.45437171
4603,0.05642072
4604,1.54134833
4605,2.47879690
4606,0.67642965
4607,2.32688444
4608,0.95605016
4609,2.26603254
4610,0.23371016
4611,0.78793548
4612,2.10083006
4613,2.25470023
4614,1.99084888
4615,1.69276269
4616,0.77032001
4617,2.44398795
4618,1.42349174
4619,2.03270071
4620,0.98906077
4621,2.32669446
4622,1.54514265
4623,1.76533654
4624,0.35415091
4625,1.02736071
4626,0.24026423
4627,0.87898337
4628,1.40899813
4629,0.72079555
4630,0.01597564
4631,1.06911395
4632,1.88181508
4633,0.94136367
4634,1.92879130
4635,0.96314312
4636,1.36392979
4637,0.75073116
4638,0.21502744
4639,1.93930218
4640,1.27355713
4641,1.97078331
4642,1.94723799
4643,1.93222274
4644,0.94473832
4645,0.72840812
4646,0.56002630
4647,1.16191099
4648,1.49702854
4649,2.13842736
4650,2.47611147
4651,1.81046249
4652,1.40819698
4653,0.71586103
4654,1.44748652
4655,0.70460188
4656,2.15958547
4657,0.56461123
4658,1.01676305
4659,0.55701009
4660,0.54064767
4661,1.89672457
4662,0.50268577
4663,0.79770827
4664,0.10837694
4665,2.26013598
4666,2.22977485
4667,0.93258124
4668,2.28305286
4669,0.56759202
4670,0.62751673
4671,1.37991655
4672,0.53847452
4673,2.24944234
4674,2.40827953
4675,0.30394824
4676,1.11091391
4677,1.05274728
4678,2.45355598
4679,2.44687713
4680,0.15309628
4681,2.36986840
4682,1.60471336
4683,1.17019644
4684,1.08289072
4685,2.12289909
4686,0.31892198
4687,0.98781152
4688,0.24834564
4689,0.98559853
4690,1.98575231
4691,2.06549158
4692,0.35075535
4693,0.61745651
4694,1.73866380
4695,0.42800972
4696,0.12283160
4697,2.15303421
4698,0.05880773
4699,2.21085167
4700,1.48639189
4701,0.98125954
4702,0.74487156
4703,0.97403828
4704,2.22557170
4705,1.43770707
4706,0.35965310
4707,1.39527353
4708,0.77451141
4709,2.23853579
4710,0.39601009
4711,1.22885447
4712,0.05846123
4713,0.65443713
4714,1.75871738
4715,1.52348663
4716,2.28033691
4717,0.38589025
4718,1.15361692
4719,0.25454468
4720,1.72703529
4721,0.25985567
4722,2.29293689
4723,1.20855189
4724,1.33841525
4725,0.91404830
4726,0.98916635
4727,2.16772365
4728,1.88399213
4729,0.96213847
4730,2.02615552
4731,0.93959633
4732,0.19971258
4733,0.56739098
4734,1.05300009
4735,1.09776680
4736,0.43525799
4737,1.74655024
4738,0.59180475
4739,1.61295098
4740,1.30779163
4741,1.60739090
4742,2.21536493
4743,1.76513864
4744,1.52593624
4745,1.69391739
4746,1.28242539
4747,2.46415344
4748,2.02616159
4749,0.39073343
4750,0.38386966
4751,1.08191308
4752,2.28840049
4753,0.35482071
4754,0.59203400
4755,2.48036450
4756,1.85479863
4757,1.35052714
4758,0.41226782
4759,0.07915420
4760,0.81996536
4761,0.47180667
4762,2.19297482
4763,1.28307120
4764,1.25464128
4765,1.51915694
4766,1.22462825
4767,0.59005988
4768,1.82068764
4769,1.83095582
4770,2.25541498
4771,1.21237934
4772,0.32487629
4773,2.38916258
4774,0.03728753
4775,0.38905560
4776,1.75501880
4777,2.14108699
4778,2.34001795
4779,1.47731837
4780,0.68550620
4781,0.07629578
4782,1.82331212
4783,1.59252475
4784,0.28868802
4785,1.85269086
4786,2.35697387
4787,0.46235788
4788,1.49665127
4789,1.03751013
4790,1.52636241
4791,0.29192804
4792,2.22862622
4793,0.72895036
4794,1.59160348
4795,0.58113855
4796,0.44634856
4797,2.37884605
4798,0.64048734
4799,2.36868939
4800,2.13578145
4801,1.38279801
4802,1.39437996
4803,0.07514821
4804,1.91170060
4805,1.69454531
4806,1.45398680
4807,2.01856824
4808,1.16805185
4809,0.94913715
4810,1.83823709
4811,1.22785885
4812,1.50450230
4813,0.37849688
4814,0.49863835
4815,0.45283638
4816,1.99199728
4817,2.46582614
4818,2.41611489
4819,1.37029416
4820,1.94714534
4821,0.29888188
4822,0.81719792
4823,2.33094103
4824,0.73625205
4825,0.39325196
4826,1.07659504
4827,1.90612052
4828,2.44962758
4829,0.07967522
4830,1.58000171
4831,2.08480860
4832,2.02457465
4833,2.28117461
4834,1.60322258
4835,2.10645470
4836,0.99902652
4837,1.46622908
4838,1.36239047
4839,1.09717889
4840,1.11273995
4841,1.75484401
4842,0.37482907
4843,2.06849058
4844,1.76112685
4845,0.50086751
4846,0.86556736
4847,2.08777769
4848,1.05202255
4849,2.10324841
4850,0.98898335
4851,2.46429316
4852,0.96973764
4853,2.44091947
4854,0.95412335
4855,1.04331408
4856,0.43204966
4857,1.95084400
4858,0.19486298
4859,1.93978309
4860,1.23628362
4861,2.13687061
4862,1.54068171
4863,2.35001276
4864,1.27747941
4865,0.56150753
4866,2.29219768
4867,2.21837947
4868,2.08487472
4869,1.48815644
4870,0.65288883
4871,0.04317856
4872,2.01528332
4873,1.63671177
4874,1.09323497
4875,1.27512423
4876,1.95632705
4877,0.57378990
4878,0.05120326
4879,0.23413395
4880,2.45289229
4881,0.51840850
4882,2.42510695
4883,0.06972736
4884,1.66773345
4885,1.30763354
4886,1.22750786
4887,0.00048435
4888,1.40839368
4889,1.52969554
4890,2.07042411
4891,2.06119338
4892,2.01211372
4893,0.14668525
4894,2.17608563
4895,1.29908194
4896,2.15678049
4897,2.25431691
4898,0.20130380
4899,1.01762124
4900,1.25473148
4901,1.49427133
4902,2.32832535
4903,0.08697397
4904,1.49473257
4905,1.21999400
4906,0.33315983
4907,1.69894441
4908,1.80666972
4909,0.28455388
4910,0.25889948
4911,1.21067551
4912,2.37399375
4913,2.06219193
4914,1.64868581
4915,0.98342225
4916,2.36028039
4917,1.17675054
4918,0.34382842
4919,1.48458780
4920,0.23093703
4921,2.14699392
4922,1.24787701
4923,1.82983241
4924,2.11139890
4925,1.95725666
4926,1.96371419
4927,1.94943718
4928,0.95702111
4929,0.07121138
4930,0.62986776
4931,1.61416432
4932,0.78520662
4933,2.44729043
4934,0.78279284
4935,1.75790901
4936,0.30398002
4937,1.12974167
4938,1.99049460
4939,2.25874765
4940,0.17918449
4941,1.99698732
4942,2.39510954
4943,0.05761476
4944,2.01939999
4945,0.10638281
4946,1.68129711
4947,2.45145564
4948,0.21203406
4949,1.85170364
4950,0.27415916
4951,1.44885500
4952,0.86010485
4953,1.38505001
4954,1.88131972
4955,0.47997968
4956,0.74300959
4957,0.28674592
4958,1.01171343
4959,0.20092118
4960,0.07104801
4961,1.81878248
4962,1.74741129
4963,0.07195650
4964,1.62207733
4965,1.67465612
4966,0.85328170
4967,0.73059873
4968,0.57007269
4969,1.49556750
4970,0.33093119
4971,1.36071795
4972,1.00735980
4973,1.27149512
4974,1.88274872
4975,0.55913695
4976,0.77636574
4977,1.19503406
4978,0.80733206
4979,1.69371581
4980,0.35326472
4981,2.27360012
4982,2.33963658
4983,0.31300665
4984,1.20752407
4985,0.85782066
4986,0.85451842
4987,0.49664431
4988,1.33533741
4989,1.99127894
4990,0.58808806
4991,1.94516060
4992,1.85682238
4993,1.56471446
4994,2.20237829
4995,1.49435597
4996,1.98480176
4997,2.37080992
4998,2.11935092
4999,1.42914183
5000,0.72310412
5001,1.49901317
5002,1.78959437
5003,1.78556208
5004,0.98714231
5005,1.86005311
5006,0.82419892
5007,0.31776504
5008,2.37750611
5009,2.27903244
5010,1.05183475
5011,1.36516646
5012,0.03839728
5013,2.36322734
5014,0.87860235
5015,1.51707626
5016,0.33466184
5017,0.34355830
5018,1.45628080
5019,1.67103275
5020,2.42913629
5021,1.73632308
5022,1.51636177
5023,1.50021272
5024,0.68222067
5025,0.91762145
5026,1.55242426
5027,0.33791199
5028,0.75026486
5029,0.41675056
5030,0.08946618
5031,1.12007180
5032,0.92606458
5033,1.38870065
5034,0.98841565
5035,0.18105589
5036,2.13663540
5037,0.09734137
5038,0.05360813
5039,0.05555952
5040,1.95888059
5041,0.91422043
5042,2.34782577
5043,0.78632868
5044,1.01432287
5045,1.73428647
5046,2.35140486
5047,2.26536354
5048,0.93203500
5049,1.68882988
5050,0.15196850
5051,1.41939795
5052,1.60268432
5053,0.68781094
5054,1.62774428
5055,0.75905612
5056,1.90224752
5057,0.17829258
5058,1.29377894
5059,2.35757492
5060,1.56061719
5061,2.33306998
5062,2.35067955
5063,1.89334249
5064,1.99539189
5065,1.82296381
5066,1.26645471
5067,1.95932200
5068,1.95671952
5069,2.13933505
5070,0.01746842
5071,0.09104515
5072,1.15118435
5073,1.78075888
5074,1.04002701
5075,0.94728118
5076,0.05040625
5077,1.50555674
5078,2.37009040
5079,1.52806153
5080,0.60823364
5081,1.57757568
5082,0.91842287
5083,0.90832284
5084,0.13915454
5085,1.77165660
5086,0.00182124
5087,2.08520071
5088,0.01605419
5089,1.93168459
5090,0.86741479
5091,0.86644592
5092,1.21643011
5093,0.45784307
5094,0.51354011
5095,1.77162353
5096,2.25471599
5097,0.34891840
5098,0.68289750
5099,2.43495102
5100,1.70489389
5101,2.27532298
5102,0.95673538
5103,1.90635918
5104,1.76237483
5105,1.84693978
5106,1.18221634
5107,0.72765138
5108,0.90435247
5109,0.35579296
5110,0.19527388
5111,0.94330826
5112,2.12641169
5113,0.82114212
5114,1.39139958
5115,2.04409924
5116,0.26073816
5117,0.91921583
5118,0.91811538
5119,1.76642417
5120,2.24345409
5121,0.01887894
5122,1.35109384
5123,0.00753805
5124,0.74629723
5125,0.99264062
5126,0.69703220
5127,1.02414291
5128,0.89689481
5129,1.23798427
5130,0.62045129
5131,0.96814295
5132,0.54431617
5133,1.04283735
5134,1.75741101
5135,0.07583423
5136,2.47804175
5137,0.36939447
5138,1.96514703
5139,0.71337702
5140,0.17650536
5141,1.95824801
5142,1.40218489
5143,0.65252118
5144,0.94375339
5145,2.14470925
5146,1.75362419
5147,0.69082222
5148,0.58792415
5149,1.40380654
5150,0.29907492
5151,0.56805431
5152,1.99862231
5153,1.80002080
5154,0.06345149
5155,1.10992643
5156,0.98922585
5157,1.83319552
5158,1.05634219
5159,0.56390432
5160,2.08832667
5161,0.48021403
5162,1.60656204
5163,0.70076139
5164,1.53551092
5165,0.42847678
5166,2.17382741
5167,0.91702748
5168,1.68869670
5169,1.86073376
5170,1.16059453
5171,1.33728913
5172,0.29487659
5173,1.34245806
5174,1.31945832
5175,2.22114457
5176,0.87317739
5177,0.37980584
5178,1.00704694
5179,1.94894590
5180,0.02852109
5181,0.08983175
5182,2.47832887
5183,1.37843150
5184,1.78287593
5185,1.15637535
5186,0.48447869
5187,1.65588021
5188,0.59861165
5189,1.12114797
5190,0.52117812
5191,2.25317720
5192,0.97658467
5193,1.72317512
5194,0.45190686
5195,1.51116445
5196,0.73285048
5197,0.29498714
5198,0.78437792
5199,0.15849884
5200,1.49536695
5201,1.37828971
5202,2.11851524
5203,0.06730259
5204,1.01317276
5205,2.44305098
5206,0.86085597
5207,0.14527661
5208,1.98488904
5209,0.23121042
5210,1.77203669
5211,1.30532164
5212,2.17584052
5213,1.27381309
5214,1.68532035
5215,0.63819485
5216,2.43928375
5217,0.51860378
5218,2.07574030
5219,1.69261183
5220,1.19520865
5221,0.92668003
5222,0.21179228
5223,1.96824989
5224,0.56433852
5225,2.16493305
5226,2.20342558
5227,0.52175759
5228,0.72182707
5229,1.76429554
5230,1.89724282
5231,0.12083788
5232,2.04912331
5233,2.02578517
5234,1.54606660
5235,2.21129073
5236,2.42166102
5237,0.50865907
5238,2.34023339
5239,2.13848393
5240,1.45811638
5241,0.27411945
5242,2.38613827
5243,1.84436153
5244,0.91830227
5245,0.80070456
5246,2.35966190
5247,0.57264506
5248,2.03548938
5249,1.10075017
5250,1.72877102
5251,2.03867381
5252,0.24698079
5253,0.64610423
5254,0.28281832
5255,0.99786400
5256,0.35193508
5257,2.27172310
5258,1.95454324
5259,1.44245257
5260,0.47359884
5261,0.52249006
5262,1.46946301
5263,2.25210241
5264,2.31453293
5265,2.30561086
5266,0.80073881
5267,1.73137335
5268,1.28713249
5269,1.37837797
5270,1.68027194
5271,0.73088649
5272,0.66416902
5273,1.02305462
5274,0.57859647
5275,2.13516258
5276,0.90820251
5277,0.09557688
5278,1.57089126
5279,2.44687682
5280,1.36253910
5281,0.70231711
5282,2.23856521
5283,1.56273372
5284,1.53634861
5285,1.14276847
5286,1.91398367
5287,1.66364806
5288,1.35542180
5289,0.82972923
5290,1.94591857
5291,2.25985538
5292,0.22666774
5293,0.06495442
5294,0.24694022
5295,2.16651054
5296,1.53203600
5297,0.98604779
5298,2.42010221
5299,2.34347841
5300,1.05228916
5301,0.91714904
5302,1.32219745
5303,1.47062104
5304,2.08927574
5305,2.17965805
5306,0.70685383
5307,2.11973302
5308,0.19209032
5309,0.51682876
5310,1.04142926
5311,0.18822959
5312,0.86057096
5313,0.06755109
5314,1.99914737
5315,1.67800765
5316,0.64526203
5317,1.29833972
5318,0.96721438
5319,2.03375497
5320,0.72936660
5321,0.58641471
5322,1.92671777
5323,1.87664741
5324,1.74597806
5325,0.15857172
5326,0.10251950
5327,2.30778657
5328,2.41303034
5329,0.50805168
5330,1.21986412
5331,1.14977361
5332,0.70403042
5333,0.19512966
5334,0.62790288
5335,2.38439729
5336,1.09866404
5337,0.51131196
5338,0.18768735
5339,1.60271114
5340,2.08553271
5341,0.62520609
5342,1.87212766
5343,0.05357675
5344,0.32078694
5345,1.58495105
5346,0.23386192
5347,1.15384480
5348,1.20242250
5349,0.06950216
5350,2.04072002
5351,1.83239565
5352,1.96207499
5353,1.61893573
5354,0.69891659
5355,1.72417511
5356,1.41847516
5357,1.54729218
5358,1.86647845
5359,0.71803000
5360,2.26788159
5361,1.14671995
5362,0.78433471
5363,1.30979476
5364,2.41486182
5365,1.74876128
5366,0.23657671
5367,0.68480023
5368,1.67124906
5369,2.37638522
5370,1.33703623
5371,1.34166170
5372,0.00191960
5373,0.37996565
5374,1.99963998
5375,0.60048473
5376,1.33116836
5377,1.69439563
5378,1.47776238
5379,1.90130332
5380,1.59881260
5381,0.76851710
5382,1.45303375
5383,1.72745073
5384,0.17207553
5385,2.39655799
5386,1.53692202
5387,2.42057403
5388,2.14053781
5389,0.07771869
5390,0.20488135
5391,2.12363889
5392,0.60972830
5393,2.26242761
5394,2.43053095
5395,1.90807715
5396,1.54990642
5397,1.08949528
5398,2.25496786
5399,1.56043961
5400,0.23226405
5401,1.80206548
5402,0.82253109
5403,0.33693991
5404,0.90944993
5405,2.13074218
5406,1.84190571
5407,0.94312867
5408,2.04437249
5409,1.38832270
5410,0.84083941
5411,0.25332033
5412,1.69169105
5413,0.61482907
5414,1.25483394
5415,0.59437719
5416,1.56634809
5417,0.14572537
5418,0.69196118
5419,1.55202165
5420,2.09165884
5421,1.80953690
5422,0.71499069
5423,0.98615921
5424,1.24381515
5425,2.34871749
5426,0.43987469
5427,1.95736825
5428,0.28197342
5429,2.08284637
5430,0.27515292
5431,0.94909985
5432,0.91739924
5433,1.65550052
5434,0.78439003
5435,1.99997076
5436,2.44526673
5437,1.78257932
5438,0.05288881
5439,0.23822623
5440,1.99459267
5441,1.01353018
5442,1.27158288
5443,2.09749056
5444,1.77110685
5445,1.30780001
5446,0.74497662
5447,0.19939148
5448,0.28032014
5449,0.13151208
5450,0.99215075
5451,2.35140035
5452,0.27427097
5453,1.27798109
5454,1.52842845
5455,2.33586700
5456,2.46881465
5457,1.62714549
5458,1.43916155
5459,1.75533583
5460,1.08147194
5461,1.93653507
5462,2.07664556
5463,0.53349368
5464,1.31137341
5465,0.77743247
5466,0.31062658
5467,1.04427689
5468,1.50100960
5469,1.28451548
5470,0.95352928
5471,1.37918079
5472,1.25273799
5473,0.06759880
5474,1.71222839
5475,1.95745327
5476,1.14531849
5477,1.61648080
5478,0.60013722
5479,1.80996234
5480,1.12916187
5481,1.59020602
5482,1.66914158
5483,1.07178162
5484,0.46460141
5485,2.32750952
5486,2.05590832
5487,0.95094510
5488,0.93907108
5489,2.10296680
5490,1.86661956
5491,0.68820860
5492,2.03785307
5493,0.84050968
5494,2.08858943
5495,0.27421758
5496,2.35105100
5497,0.90812237
5498,2.28537163
5499,0.61197356
5500,0.92600091
5501,0.62907062
5502,1.45522353
5503,0.62922102
5504,1.67412471
5505,1.68663508
5506,1.90401038
5507,1.12480008
5508,1.06182436
5509,0.62145497
5510,1.20698562
5511,1.31059017
5512,0.68860344
5513,1.38434522
5514,0.42683168
5515,1.03841569
5516,0.80643339
5517,1.32430380
5518,1.92389951
5519,0.07660323
5520,1.09132564
5521,0.24952503
5522,0.87961189
5523,1.82659110
5524,1.57654664
5525,1.77829532
5526,2.02026313
5527,0.84447294
5528,0.92580234
5529,0.46729450
5530,0.81323262
5531,1.53392843
5532,1.66282182
5533,1.76188184
5534,1.33204776
5535,0.12574433
5536,1.60153034
5537,2.10184384
5538,2.16536735
5539,0.05649601
5540,0.93576978
5541,1.21916215
5542,1.54834014
5543,1.97498178
5544,0.06818069
5545,2.23382094
5546,1.08255573
5547,2.39783800
5548,1.95772223
5549,0.98387750
5550,2.35866459
5551,1.15339673
5552,0.26924835
5553,0.49806007
5554,1.33023507
5555,1.88178899
5556,0.77189536
5557,2.32725640
5558,0.63622086
5559,2.42537799
5560,1.60957612
5561,1.82278947
5562,0.95962886
5563,1.31977301
5564,0.87554948
5565,1.25348180
5566,2.08935185
5567,1.90406462
5568,2.04651109
5569,1.02426838
5570,0.73736746
5571,1.46898707
5572,2.36293634
5573,1.75154536
5574,0.57716161
5575,1.96651887
5576,2.19837030
5577,1.82862936
5578,1.80058646
5579,1.68046589
5580,1.40454328
5581,0.97824439
5582,1.78121056
5583,1.04540095
5584,0.43988928
5585,2.22274884
5586,2.27269099
5587,0.31195570
5588,1.99600133
5589,1.53999366
5590,0.82064970
5591,0.81818514
5592,0.36217279
5593,1.10711401
5594,0.52626869
5595,1.66895450
5596,2.34584440
5597,0.73795867
5598,0.64113628
5599,1.29412642
5600,0.28688503
5601,0.35203461
5602,0.43973465
5603,2.05666621
5604,1.24838292
5605,1.95320768
5606,2.06715967
5607,0.74842649
5608,0.43495270
5609,0.15014481
5610,1.82197425
5611,1.33597444
5612,2.11310492
5613,1.62703650
5614,0.42132602
5615,1.20256192
5616,1.00640173
5617,0.29767114
5618,0.35094233
5619,1.75050467
5620,1.64092818
5621,1.04278734
5622,0.30991328
5623,0.63838773
5624,1.09013562
5625,1.83374523
5626,1.02951422
5627,1.87258664
5628,0.90527229
5629,1.49458773
5630,1.85642939
5631,1.04005399
5632,1.16451437
5633,0.13430956
5634,0.27911973
5635,1.68956533
5636,0.23978627
5637,0.46704547
5638,1.20463112
5639,2.30210522
5640,2.47405817
5641,1.92284812
5642,0.89739306
5643,0.44126888
5644,1.01246734
5645,0.15646573
5646,0.70628865
5647,1.75670858
5648,1.53622439
5649,2.30765703
5650,0.77844439
5651,1.03540345
5652,1.82359236
5653,0.62500387
5654,0.59460809
5655,2.42772587
5656,0.86316853
5657,2.17377872
5658,0.99962364
5659,2.23159077
5660,2.05707632
5661,0.72734877
5662,0.12458506
5663,1.64897708
5664,0.84614345
5665,0.81924277
5666,1.77533795
5667,1.02109688
5668,0.68696078
5669,2.13647675
5670,1.97468651
5671,2.00264557
5672,0.80985099
5673,2.42552556
5674,1.26675412
5675,0.78294897
5676,0.34509676
5677,2.00954049
5678,1.74983363
5679,2.32471533
5680,0.23170450
5681,0.13565554
5682,2.20802502
5683,0.62503212
5684,0.82234344
5685,0.31503855
5686,1.24410637
5687,0.51323139
5688,0.14834657
5689,2.36792975
5690,0.34337580
5691,0.91072034
5692,0.49714813
5693,2.04432788
5694,1.93862945
5695,2.28080873
5696,1.17812254
5697,1.95230342
5698,2.01298770
5699,2.08251054
5700,0.38836955
5701,1.21702784
5702,1.62533794
5703,0.75933611
5704,1.94716096
5705,1.57757789
5706,1.99272138
5707,1.84782429
5708,1.08182907
5709,0.28911116
5710,0.59962752
5711,1.22929745
5712,2.36283305
5713,0.51433080
5714,2.02573075
5715,0.63607205
5716,1.45915293
5717,2.23546010
5718,1.11275416
5719,0.54609755
5720,0.76917003
5721,1.85165789
5722,1.66123514
5723,1.55560314
5724,0.52853859
5725,1.87240255
5726,2.07981392
5727,1.14618766
5728,0.68277874
5729,1.50813548
5730,1.95135971
5731,1.12838112
5732,1.39150246
5733,1.85617794
5734,2.27603585
5735,0.19749523
5736,1.70922638
5737,0.15807559
5738,0.66816954
5739,1.69034187
5740,0.43349329
5741,1.65091363
5742,1.94167870
5743,1.69073596
5744,2.04337319
5745,1.51431804
5746,1.24796177
5747,2.44745261
5748,0.84558482
5749,0.42699948
5750,1.22850024
5751,1.45503936
5752,0.89843879
5753,2.36486781
5754,0.82364427
5755,0.46267464
5756,1.32963922
5757,0.55198881
5758,1.55827792
5759,0.72358682
5760,0.90939755
5761,1.70350882
5762,1.68605795
5763,0.11849118
5764,1.40247732
5765,1.40538451
5766,0.89233738
5767,0.91860378
5768,1.50339672
5769,1.94055497
5770,1.93726479
5771,2.09800728
5772,1.32033863
5773,0.63915236
5774,1.81851859
5775,0.40757130
5776,0.04845215
5777,0.34527004
5778,0.13336680
5779,1.04815901
5780,0.98229304
5781,2.39320605
5782,2.11564370
5783,2.05235878
5784,1.82642343
5785,0.44976658
5786,0.38580909
5787,2.03466983
5788,1.89180178
5789,0.11968809
5790,1.02964957
5791,0.67100111
5792,1.37304956
5793,1.12148646
5794,1.15771860
5795,1.54167763
5796,1.92071152
5797,2.20768603
5798,1.20450450
5799,0.93767787
5800,2.12190898
5801,0.06040506
5802,1.91055410
5803,0.13488974
5804,0.73333796
5805,2.29035352
5806,0.77137271
5807,0.12216167
5808,0.31385018
5809,2.37354979
5810,1.01752006
5811,0.91390817
5812,2.24521508
5813,2.10551750
5814,0.61273547
5815,0.29776182
5816,2.22096567
5817,0.94598611
5818,1.14264141
5819,0.39052281
5820,1.01898292
5821,2.21734366
5822,2.25497793
5823,0.47131803
5824,1.59435065
5825,0.35128115
5826,1.25503321
5827,1.94647340
5828,0.64268606
5829,1.46080372
5830,0.48253856
5831,0.69350427
5832,1.58951038
5833,0.83599855
5834,0.53924661
5835,0.79708495
5836,1.89114491
5837,1.03532679
5838,1.49138398
5839,0.64597667
5840,1.54757363
5841,0.10497046
5842,0.14119895
5843,0.53882943
5844,1.95944786
5845,0.43457108
5846,1.04127039
5847,2.46512108
5848,0.57792844
5849,0.36288378
5850,0.68544774
5851,1.32008076
5852,2.22599947
5853,0.07798592
5854,1.31889880
5855,0.04400793
5856,2.46111680
5857,1.13328427
5858,1.67834001
5859,0.64017256
5860,1.17613072
5861,2.04365050
5862,0.29282511
5863,0.53322604
5864,0.75326072
5865,2.03938358
5866,2.23299142
5867,1.86078093
5868,0.60865470
5869,0.78355258
5870,1.82486474
5871,1.10346327
5872,0.86294476
5873,2.47252124
5874,0.63626641
5875,1.93407463
5876,0.43775550
5877,2.26344042
5878,0.70727436
5879,2.28620803
5880,1.76273242
5881,2.16913338
5882,1.57919061
5883,0.25592968
5884,0.98581845
5885,2.43007027
5886,0.30817470
5887,1.32106550
5888,1.29413434
5889,1.08331918
5890,0.69641643
5891,0.76548919
5892,0.50524558
5893,0.65108852
5894,0.09250214
5895,1.85916565
5896,2.21675576
5897,0.54688637
5898,0.14287266
5899,0.95342756
5900,0.26803592
5901,1.05712557
5902,0.63262686
5903,1.43082541
5904,1.84051070
5905,2.17433253
5906,1.77761809
5907,2.05460269
5908,2.46906953
5909,0.99540538
5910,0.38848615
5911,0.42209383
5912,1.15384997
5913,1.72295495
5914,2.06288734
5915,0.41253767
5916,1.29953559
5917,0.18988265
5918,1.42121139
5919,2.14663078
5920,0.85485844
5921,1.68212023
5922,1.57012340
5923,1.64765140
5924,0.45296826
5925,1.26455906
5926,0.13643380
5927,1.02329716
5928,0.13272783
5929,2.39530643
5930,0.85819598
5931,0.61495719
5932,2.24017578
5933,1.07247366
5934,1.26907380
5935,2.15346386
5936,1.29706901
5937,0.97379778
5938,1.83053537
5939,0.74758298
5940,0.37536469
5941,1.78135084
5942,1.23431672
5943,2.47496516
5944,1.35481139
5945,2.22426723
5946,0.10632488
5947,0.05751234
5948,0.87058194
5949,2.07084386
5950,1.17927820
5951,1.51256419
5952,0.90048204
5953,0.85722120
5954,0.82005079
5955,0.70414632
5956,0.08963871
5957,1.67868517
5958,0.76596133
5959,2.27970126
5960,1.46369047
5961,0.38618612
5962,0.72978852
5963,0.45114251
5964,1.87233270
5965,0.62790333
5966,1.38614912
5967,1.07564668
5968,0.91278351
5969,2.14986048
5970,1.27093725
5971,0.76968553
5972,0.42305496
5973,0.74025416
5974,0.47005628
5975,1.64782655
5976,1.84487346
5977,1.48080313
5978,1.76568745
5979,1.85687393
5980,1.42306878
5981,0.46820111
5982,1.58893627
5983,0.05967173
5984,1.18207685
5985,0.39901913
5986,1.72962414
5987,1.65725140
5988,0.82204793
5989,1.45059380
5990,1.76520403
5991,1.26845433
5992,0.63196466
5993,0.28027726
5994,2.16206458
5995,0.21846240
5996,0.49254654
5997,1.93552330
5998,0.12348044
5999,0.35567004
6000,0.92234884
6001,0.37497659
6002,0.10117557
6003,1.92368059
6004,0.42923704
6005,2.26735362
6006,0.12233566
6007,0.67892373
6008,1.41685301
6009,0.24749404
6010,1.18716564
6011,1.20816397
6012,1.48904115
6013,2.29805717
6014,1.01380446
6015,2.25524120
6016,0.54165908
6017,1.62189875
6018,1.06346927
6019,1.92538778
6020,1.29194501
6021,2.11838932
6022,0.38414886
6023,0.65550978
6024,1.35114857
6025,1.57506611
6026,0.94063872
6027,1.99333538
6028,0.93895032
6029,2.31668354
6030,2.30988913
6031,0.10594422
6032,1.59148868
6033,2.13497544
6034,0.12539906
6035,1.83213213
6036,1.44608164
6037,1.28345685
6038,0.67925538
6039,1.82330827
6040,0.54664454
6041,0.45287274
6042,0.86820972
6043,2.45966610
6044,1.00709070
6045,0.35506891
6046,0.99212407
6047,1.89966632
6048,1.54892756
6049,1.78170679
6050,2.04991111
6051,0.72200057
6052,0.86156189
6053,2.12761412
6054,0.94862328
6055,1.27150968
6056,2.06736524
6057,1.56159540
6058,2.26578452
6059,0.03636438
6060,1.53778492
6061,1.26594161
6062,1.01936572
6063,0.73482803
6064,0.93429023
6065,2.02914696
6066,1.18213730
6067,0.54585427
6068,1.72145280
6069,2.03363737
6070,1.00811535
6071,0.32356306
6072,1.84724799
6073,1.71444384
6074,1.72120825
6075,0.03537590
6076,0.29707771
6077,2.39916258
6078,1.37519097
6079,0.64518817
6080,0.12332797
6081,1.18029378
6082,0.80415200
6083,0.38603320
6084,1.58240773
6085,0.44619100
6086,2.35089751
6087,0.57604553
6088,2.20577299
6089,0.88083511
6090,0.72552631
6091,1.88198611
6092,1.25457692
6093,0.34823512
6094,2.08525796
6095,1.36598483
6096,1.41131474
6097,0.93753160
6098,2.04801693
6099,1.52508800
6100,0.18259624
6101,2.19583284
6102,1.40458114
6103,0.67643019
6104,0.10241625
6105,0.10365078
6106,0.30358866
6107,0.63772383
6108,1.31036196
6109,0.55997968
6110,1.95625487
6111,1.30655213
6112,1.06301249
6113,1.06512528
6114,0.59703075
6115,1.33492344
6116,0.57790036
6117,0.80172223
6118,1.26653289
6119,1.57544428
6120,0.81326642
6121,1.78960503
6122,0.88751776
6123,2.27098796
6124,0.36955201
6125,1.43382695
6126,0.88019264
6127,1.12858401
6128,0.28707995
6129,0.83890060
6130,0.46833182
6131,1.67804674
6132,1.92430969
6133,1.94999129
6134,2.26391454
6135,0.94982233
6136,1.58744832
6137,2.37265784
6138,1.23967554
6139,1.29033944
6140,1.62692067
6141,0.07522134
6142,2.10723330
6143,1.03255161
6144,1.87375144
6145,0.32890661
6146,1.22171001
6147,1.41171022
6148,1.91789492
6149,1.48103595
6150,1.54384627
6151,2.29392091
6152,0.67156411
6153,1.11342602
6154,2.18573180
6155,1.13256076
6156,1.46858604
6157,1.25437184
6158,2.41673921
6159,1.68493869
6160,1.91808987
6161,0.07940344
6162,0.97962901
6163,1.85447769
6164,0.41742616
6165,1.93450741
6166,2.28572201
6167,1.88897899
6168,1.79419732
6169,0.68278016
6170,0.30029683
6171,2.32899577
6172,1.04652424
6173,2.23698639
6174,1.65620838
6175,2.31120419
6176,0.06296614
6177,1.98438847
6178,1.83412666
6179,1.39731658
6180,0.40409374
6181,0.50498141
6182,2.30575776
6183,0.96716016
6184,1.86730227
6185,2.42175823
6186,0.56585380
6187,0.16583367
6188,0.08792351
6189,1.07043964
6190,2.04622419
6191,1.98393468
6192,1.46513972
6193,0.00708146
6194,0.61137223
6195,0.36871779
6196,0.38827647
6197,0.32931428
6198,0.08560093
6199,1.25044553
6200,0.84749839
6201,0.87482138
6202,0.68434737
6203,1.96298820
6204,0.71986616
6205,0.38987278
6206,0.70071871
6207,0.61793270
6208,0.86016666
6209,0.94178425
6210,0.56450408
6211,1.55902148
6212,0.38490764
6213,2.25596493
6214,2.19157607
6215,1.22457034
6216,1.81253179
6217,0.53114857
6218,0.72299325
6219,2.25413763
6220,1.17552315
6221,1.83795227
6222,2.01554491
6223,1.74131270
6224,1.12384448
6225,0.94160441
6226,0.14903422
6227,2.14549897
6228,1.71907040
6229,0.15583333
6230,2.06937415
6231,0.70665209
6232,2.11174173
6233,0.37127111
6234,0.05490722
6235,2.13065017
6236,2.20677764
6237,1.22384237
6238,2.26603015
6239,0.22193890
6240,0.37242937
6241,2.40939105
6242,2.33141152
6243,1.72391718
6244,0.83102516
6245,1.77159469
6246,0.00078006
6247,0.87970224
6248,2.11449512
6249,0.56720432
6250,0.31940845
6251,1.21894390
6252,1.67186927
6253,0.77128772
6254,2.02951849
6255,2.25076999
6256,0.53782764
6257,0.95510836
6258,2.07254054
6259,1.24708924
6260,1.85316245
6261,0.77717158
6262,2.02962914
6263,2.07171401
6264,1.92334937
6265,2.18128868
6266,0.97084178
6267,1.28132061
6268,2.00238030
6269,1.79350337
6270,1.33162025
6271,0.08769367
6272,0.53921964
6273,1.12609186
6274,1.86812358
6275,2.24473103
6276,2.44806535
6277,0.95465564
6278,2.39734001
6279,0.94739951
6280,0.45091407
6281,2.30449544
6282,0.26241984
6283,1.18239938
6284,1.92370892
6285,1.55507709
6286,2.11118767
6287,1.31695596
6288,1.10475981
6289,0.83853308
6290,1.54717802
6291,1.40092592
6292,1.26216268
6293,1.68675493
6294,1.25592718
6295,1.72151740
6296,1.24061466
6297,1.92419362
6298,0.50475702
6299,0.89360517
6300,0.75806825
6301,2.18048442
6302,1.44150115
6303,2.33570667
6304,1.38364115
6305,2.32250946
6306,1.83432008
6307,2.21847726
6308,0.74084500
6309,2.47020208
6310,0.74499285
6311,1.85820527
6312,1.53846116
6313,0.88140609
6314,0.25782604
6315,0.11219035
6316,0.02656432
6317,1.36772455
6318,1.39240800
6319,0.26953203
6320,0.09503192
6321,0.04825607
6322,1.43814528
6323,1.87116839
6324,2.22945304
6325,1.16358883
6326,1.84233974
6327,0.58994222
6328,0.12143247
6329,1.42891166
6330,0.80794111
6331,0.99565354
6332,0.28451642
6333,1.71581757
6334,2.19160562
6335,1.84266906
6336,0.33759367
6337,0.67449568
6338,0.48691903
6339,2.45820809
6340,0.96563901
6341,0.36501723
6342,2.01936956
6343,0.52727559
6344,0.19513705
6345,0.92197815
6346,0.09140332
6347,1.13766711
6348,1.08127842
6349,0.77512493
6350,1.38080617
6351,1.95564251
6352,0.84689720
6353,0.67398337
6354,1.58031439
6355,1.04282439
6356,0.64341482
6357,2.34671404
6358,0.52017311
6359,0.99039189
6360,0.72395240
6361,2.00733782
6362,1.64825523
6363,2.25624778
6364,0.67099841
6365,2.04696347
6366,1.65740946
6367,0.27936453
6368,0.62175640
6369,2.08224808
6370,1.07940467
6371,0.40079409
6372,0.32282377
6373,0.72370909
6374,1.60640460
6375,0.33424545
6376,0.38794955
6377,2.11991542
6378,0.65397865
6379,1.69081092
6380,2.06743487
6381,1.85565955
6382,1.55683970
6383,1.11608318
6384,1.74782941
6385,0.90755086
6386,1.89452539
6387,1.73220696
6388,0.28270112
6389,0.01735249
6390,1.64733222
6391,1.18271865
6392,1.50785396
6393,1.65054916
6394,1.16275335
6395,0.32708437
6396,1.43951288
6397,0.71877803
6398,1.24242010
6399,0.07080009
6400,2.38122863
6401,0.45296551
6402,2.46350597
6403,1.96760988
6404,0.95678659
6405,1.40333016
6406,0.54300664
6407,0.03202187
6408,1.22540483
6409,0.17395571
6410,0.44078762
6411,0.16203430
6412,1.37131017
6413,1.65520978
6414,2.38472179
6415,0.60471838
6416,2.07908568
6417,1.45924073
6418,0.03300850
6419,0.90626915
6420,2.43125122
6421,1.81513078
6422,1.66130743
6423,1.73714085
6424,2.37624860
6425,1.33598644
6426,0.33774407
6427,0.12544406
6428,1.40958209
6429,0.44010805
6430,2.32103981
6431,2.42309623
6432,1.40091646
6433,1.51618480
6434,0.32266035
6435,2.01300005
6436,1.05625728
6437,1.87168756
6438,1.06307219
6439,1.99062097
6440,0.30168768
6441,2.41752372
6442,1.69906614
6443,0.85597331
6444,1.02017754
6445,0.53329805
6446,1.26488808
6447,2.22064875
6448,1.18319689
6449,0.82452513
6450,1.14791937
6451,1.03339139
6452,1.05143327
6453,1.28241060
6454,1.78468741
6455,1.77941913
6456,0.06976952
6457,2.33342594
6458,0.87581528
6459,1.09208415
6460,1.28119770
6461,2.25213017
6462,0.10202660
6463,2.09353575
6464,1.68140874
6465,1.32970456
6466,1.00049740
6467,1.33003398
6468,1.73879430
6469,1.11984538
6470,2.29808570
6471,1.40997273
6472,1.13720314
6473,2.25341483
6474,0.06871655
6475,2.23677250
6476,1.20889250
6477,0.34468053
6478,1.72488098
6479,0.62520720
6480,1.18902131
6481,1.33402902
6482,2.40638798
6483,1.69143876
6484,1.12427324
6485,1.61456276
6486,1.62522079
6487,0.37016183
6488,0.95034508
6489,0.43613871
6490,0.29312524
6491,0.82679626
6492,0.09489273
6493,0.46247030
6494,0.45857474
6495,1.34675419
6496,1.05871489
6497,0.27172042
6498,2.46847605
6499,1.86544490
6500,1.70031546
6501,1.60245266
6502,1.80987536
6503,0.48648460
6504,1.81068300
6505,0.91381121
6506,0.50371698
6507,0.72702163
6508,2.05684149
6509,1.02370497
6510,2.17660336
6511,2.46987552
6512,2.33394819
6513,1.19470083
6514,1.40496174
6515,1.50041473
6516,0.22799784
6517,1.88256822
6518,1.99568303
6519,0.50160456
6520,0.84600850
6521,1.57716328
6522,2.37224604
6523,0.89347337
6524,2.18375966
6525,0.17364172
6526,1.36463440
6527,0.74643756
6528,2.14303404
6529,0.46814829
6530,0.23790596
6531,0.94849581
6532,1.88096758
6533,1.82637059
6534,0.85292118
6535,1.80979950
6536,0.37258651
6537,1.11754096
6538,2.17604939
6539,0.40757022
6540,0.60413433
6541,0.89651662
6542,0.53219811
6543,1.32103515
6544,1.04587512
6545,1.47973972
6546,0.05116066
6547,2.02257740
6548,0.98649472
6549,0.17082621
6550,1.54059300
6551,0.43675359
6552,0.53600106
6553,1.87863281
6554,0.18057614
6555,2.35141183
6556,0.61148133
6557,1.50602524
6558,0.29786451
6559,2.48083193
6560,2.36680049
6561,1.62868491
6562,0.66452955
6563,0.90082807
6564,1.44318298
6565,0.69197020
6566,1.45782285
6567,2.25062883
6568,0.36568679
6569,0.67720850
6570,2.38858130
6571,2.13635387
6572,0.08512236
6573,0.24733606
6574,1.60377873
6575,2.07319555
6576,2.42868287
6577,0.32288495
6578,1.17940713
6579,1.27392230
6580,2.11702046
6581,1.20752018
6582,0.09657008
6583,0.18733246
6584,1.24185809
6585,0.33481170
6586,1.27174612
6587,1.46017821
6588,1.25837874
6589,1.43577799
6590,0.03893519
6591,1.72588890
6592,0.09187349
6593,1.24555149
6594,0.37564098
6595,1.00148070
6596,2.00569756
6597,2.08613108
6598,2.19603037
6599,1.72163572
6600,1.32549707
6601,1.99093143
6602,0.17309006
6603,0.07857734
6604,2.18952703
6605,1.79241398
6606,1.06537858
6607,0.63314178
6608,2.41161982
6609,0.53207680
6610,0.62816623
6611,2.34202243
6612,1.88524093
6613,2.10995225
6614,2.32942019
6615,2.37633246
6616,0.97432817
6617,0.61142924
6618,1.39458140
6619,0.94982701
6620,0.83509720
6621,1.43552815
6622,2.21879143
6623,1.35768751
6624,0.84132587
6625,0.46945540
6626,2.06646368
6627,1.58135557
6628,0.53861121
6629,2.01449152
6630,0.19858016
6631,0.21879165
6632,0.72659865
6633,1.94582583
6634,1.30388323
6635,1.71622845
6636,2.24952142
6637,2.44823214
6638,2.08205984
6639,1.08733077
6640,1.35225079
6641,0.00395632
6642,0.19500591
6643,1.08718917
6644,0.80993233
6645,1.29794385
6646,0.01431097
6647,2.35461888
6648,1.19541053
6649,0.40445406
6650,1.58713975
6651,1.43167452
6652,1.75557220
6653,2.45464872
6654,1.09172640
6655,0.00028806
6656,0.49773799
6657,1.01221631
6658,0.62600926
6659,1.20879554
6660,1.56773262
6661,1.29993148
6662,0.13249511
6663,0.06245297
6664,0.06914311
6665,1.69937279
6666,1.00823297
6667,1.36774379
6668,0.99174089
6669,1.71391533
6670,2.45814386
6671,1.52148087
6672,0.50995048
6673,1.80144057
6674,0.53047479
6675,1.70830140
6676,1.42447478
6677,0.02863114
6678,0.46786402
6679,0.56291657
6680,0.93705517
6681,2.19400559
6682,1.76230508
6683,1.19049586
6684,1.00660777
6685,0.07432762
6686,0.54022072
6687,2.18301331
6688,0.93698879
6689,0.68021511
6690,2.33371719
6691,0.55101303
6692,1.98651949
6693,0.94652453
6694,0.90596067
6695,0.82878276
6696,0.67024445
6697,0.65372851
6698,0.69916065
6699,1.15348864
6700,1.10011599
6701,0.04763185
6702,0.97828259
6703,2.03342632
6704,1.86824226
6705,0.31416943
6706,0.51447482
6707,1.56127271
6708,1.55998428
6709,0.12457790
6710,0.77160386
6711,1.26771881
6712,1.69178357
6713,1.39588430
6714,1.59581672
6715,2.19986863
6716,2.17417241
6717,0.49790687
6718,2.15433955
6719,0.52430375
6720,0.00853670
6721,1.93810143
6722,2.25001861
6723,0.25716651
6724,1.86725222
6725,0.20047304
6726,2.27097886
6727,1.15085178
6728,1.20977810
6729,2.25909406
6730,0.75440227
6731,1.34167375
6732,0.25033302
6733,0.43927942
6734,1.32675781
6735,2.14998022
6736,0.92066417
6737,0.01395722
6738,0.57710537
6739,1.23436049
6740,0.15842511
6741,0.35633950
6742,0.55803397
6743,2.09113695
6744,1.05908089
6745,0.34463809
6746,1.33389238
6747,1.42695741
6748,1.53054561
6749,1.83318897
6750,1.40700266
6751,0.12923485
6752,1.47522307
6753,1.50298916
6754,1.24754385
6755,0.35859481
6756,0.51130774
6757,1.55571421
6758,1.91192428
6759,0.18135849
6760,1.88830134
6761,1.11910193
6762,1.55956974
6763,1.94980682
6764,0.20859475
6765,1.80966696
6766,1.84487241
6767,1.16134713
6768,0.63967380
6769,1.42564983
6770,1.45636404
6771,1.00058605
6772,1.30474393
6773,1.82827024
6774,1.96636290
6775,2.34431593
6776,2.41602331
6777,0.05840503
6778,2.24539048
6779,2.18837049
6780,2.47506128
6781,1.96562082
6782,2.34978780
6783,2.43489002
6784,0.33304999
6785,0.29877765
6786,1.39275917
6787,2.27248643
6788,1.31950222
6789,1.25809322
6790,2.12724888
6791,1.45104109
6792,2.04590600
6793,1.49804053
6794,1.28447265
6795,1.23552826
6796,1.97174184
6797,0.30554286
6798,0.84103955
6799,0.24145467
6800,1.63479712
6801,1.00490199
6802,2.22047662
6803,0.84635587
6804,2.27707256
6805,0.77342904
6806,2.34121158
6807,2.22922448
6808,0.71735004
6809,1.31972873
6810,0.18456984
6811,1.54119622
6812,1.68449262
6813,1.14268928
6814,1.07081386
6815,1.22583351
6816,1.95698001
6817,0.49584870
6818,2.07246648
6819,1.77922327
6820,0.98478437
6821,2.41680167
6822,1.44737085
6823,1.26588972
6824,1.31508699
6825,0.84980713
6826,1.30932362
6827,0.23209130
6828,1.50408657
6829,0.84397615
6830,1.63886121
6831,1.49838223
6832,2.46283746
6833,1.83182892
6834,0.01991639
6835,0.29784957
6836,1.22906265
6837,1.34024229
6838,1.18193103
6839,1.81758156
6840,2.31778218
6841,0.15392986
6842,1.55571637
6843,0.71647247
6844,0.96917986
6845,2.36912784
6846,0.16650845
6847,0.50910405
6848,1.25048439
6849,1.85578261
6850,2.36142960
6851,2.41414504
6852,2.30270890
6853,1.92997289
6854,1.11779141
6855,0.70643943
6856,2.14070894
6857,1.85550694
6858,1.76254070
6859,1.91410893
6860,2.27434380
6861,1.35560706
6862,0.63359811
6863,0.02923774
6864,0.59588124
6865,1.62861161
6866,0.91515190
6867,0.48807144
6868,0.32903121
6869,0.08578863
6870,1.41620614
6871,1.63198198
6872,2.36762681
6873,1.94039224
6874,0.38735778
6875,0.51035008
6876,2.39852983
6877,0.72083838
6878,1.34096768
6879,1.99523201
6880,1.58696288
6881,0.09740529
6882,1.17162962
6883,1.32155560
6884,1.33293828
6885,0.27711059
6886,2.39089692
6887,1.24078396
6888,1.66841473
6889,1.90168952
6890,0.62657614
6891,0.06511753
6892,1.52703610
6893,2.25842551
6894,2.20672837
6895,2.17756269
6896,0.50527431
6897,2.19253818
6898,0.18896064
6899,0.70696670
6900,2.04834664
6901,0.23128575
6902,1.93749441
6903,1.97414875
6904,2.25083731
6905,2.12517249
6906,1.78045958
6907,0.41515515
6908,0.28881295
6909,0.19852132
6910,0.77211235
6911,0.77406456
6912,2.45924051
6913,2.11932877
6914,0.23227215
6915,1.16819626
6916,1.98828949
6917,0.97255302
6918,1.29505790
6919,2.17496819
6920,2.27453736
6921,0.42519803
6922,2.03639800
6923,1.11572516
6924,0.05609044
6925,0.75209838
6926,2.20734678
6927,0.45620894
6928,0.40996150
6929,2.37411052
6930,1.07443118
6931,2.26525528
6932,0.69723712
6933,0.15215169
6934,2.27198259
6935,0.79287366
6936,2.33307170
6937,1.66899970
6938,2.07174451
6939,0.79488894
6940,1.76866355
6941,2.02439308
6942,1.68512200
6943,2.29329817
6944,2.24819324
6945,1.40731573
6946,2.33899878
6947,1.77096785
6948,2.25929554
6949,0.35472744
6950,0.74130944
6951,0.37395159
6952,0.05962994
6953,1.62562543
6954,2.40892483
6955,1.56121752
6956,2.41712422
6957,2.03894453
6958,1.53551417
6959,0.99091843
6960,0.49094617
6961,2.37544081
6962,2.33566717
6963,2.23060585
6964,0.82821008
6965,1.85924139
6966,1.32863348
6967,2.04303226
6968,1.40664233
6969,0.02886984
6970,0.68857799
6971,0.66998795
6972,0.81524843
6973,0.85532882
6974,0.04463501
6975,1.26867564
6976,2.33363569
6977,1.53048984
6978,0.52872857
6979,2.41029201
6980,2.17479592
6981,2.19088010
6982,0.28999303
6983,1.74742266
6984,0.81622945
6985,1.97778779
6986,0.92967736
6987,0.61000841
6988,2.40351592
6989,2.12022797
6990,1.60885576
6991,1.19340278
6992,1.40473181
6993,1.63536776
6994,1.06258361
6995,1.01362197
6996,0.65899335
6997,1.55136357
6998,0.70932465
6999,1.03587526
7000,0.71480522
7001,2.26786931
7002,1.28786854
7003,0.37241635
7004,0.30066580
7005,1.91472824
7006,2.32537264
7007,0.55848030
7008,1.41598412
7009,1.20811694
7010,1.08858123
7011,1.73277980
7012,1.99485563
7013,2.03286887
7014,0.54863937
7015,1.49551617
7016,0.38585301
7017,0.46314513
7018,0.85838377
7019,1.42006329
7020,1.22164703
7021,0.11702674
7022,1.21994542
7023,0.42086439
7024,0.42621840
7025,2.14201494
7026,1.60706496
7027,0.61269388
7028,1.91612077
7029,2.43628689
7030,2.11785852
7031,0.36804249
7032,1.63754829
7033,1.01736396
7034,1.09347095
7035,0.45710029
7036,0.31091820
7037,2.41698546
7038,1.13403486
7039,0.40923924
7040,1.15221997
7041,1.13260204
7042,0.38700390
7043,1.83690930
7044,1.55265957
7045,1.78878415
7046,2.08319412
7047,2.18004457
7048,2.48078590
7049,1.74779079
7050,2.43530892
7051,2.45085212
7052,0.48146036
7053,0.96953752
7054,1.19383120
7055,1.16204086
7056,0.24115408
7057,0.97437988
7058,1.95937221
7059,1.26440309
7060,1.65363609
7061,1.72063754
7062,1.55499955
7063,0.03220330
7064,0.94755580
7065,1.85427217
7066,0.90934916
7067,2.40415772
7068,2.38079254
7069,1.27169880
7070,2.43373815
7071,0.51663665
7072,1.19267315
7073,2.29756376
7074,0.22237498
7075,1.26950725
7076,1.03300728
7077,0.96581247
7078,1.07565549
7079,1.49376543
7080,2.29318768
7081,0.12762904
7082,0.36028238
7083,1.70433895
7084,1.33990817
7085,1.79187256
7086,2.09780495
7087,2.03819869
7088,0.79368943
7089,0.53662085
7090,1.53999853
7091,0.13574930
7092,1.47449586
7093,1.53830872
7094,1.20311385
7095,2.11833019
7096,0.16667110
7097,0.04808594
7098,2.31309384
7099,2.08993849
7100,0.09142144
7101,1.78700502
7102,1.45616828
7103,0.35343528
7104,1.02659022
7105,1.48139259
7106,1.50691728
7107,0.50013529
7108,0.02900458
7109,0.15737332
7110,0.59820579
7111,0.77641593
7112,0.51259891
7113,0.84799568
7114,0.25215951
7115,0.97619461
7116,0.83127300
7117,0.74372726
7118,0.94581318
7119,2.14122434
7120,1.95782882
7121,0.31834619
7122,0.24563476
7123,1.39558390
7124,0.21698028
7125,2.01471413
7126,0.92371365
7127,2.43469180
7128,0.91258323
7129,1.34128465
7130,0.15783304
7131,0.42710929
7132,0.44987444
7133,2.33313291
7134,2.46738237
7135,1.58278048
7136,1.55705532
7137,1.89233174
7138,1.09446824
7139,2.31781575
7140,0.57966835
7141,2.26280675
7142,0.04906505
7143,1.46017450
7144,1.52872266
7145,1.88235641
7146,0.45032509
7147,0.84895666
7148,2.28495688
7149,0.48944072
7150,0.73452012
7151,1.43171283
7152,2.45162268
7153,0.82049067
7154,0.42748566
7155,0.30606970
7156,2.45049159
7157,0.63240676
7158,1.84433265
7159,0.17774538
7160,1.06312000
7161,1.44951357
7162,1.82361711
7163,1.57385312
7164,1.04819277
7165,0.41070524
7166,1.02865525
7167,1.15179267
7168,0.78440750
7169,0.35845891
7170,2.19528270
7171,0.48035633
7172,0.93724772
7173,1.14587874
7174,0.41081347
7175,1.94016373
7176,0.39861486
7177,2.06464365
7178,0.06514446
7179,0.05889373
7180,1.28316881
7181,1.32829871
7182,1.13817824
7183,2.27620113
7184,1.86185274
7185,2.04604395
7186,1.93294443
7187,2.03586934
7188,2.00257288
7189,2.20673156
7190,1.87868818
7191,0.45204033
7192,1.27528525
7193,1.74414914
7194,1.26298002
7195,1.26007247
7196,0.79615865
7197,0.42525951
7198,2.23900486
7199,0.90547984
7200,0.06264018
7201,0.88920391
7202,2.47906399
7203,0.04700892
7204,2.45250895
7205,0.47026772
7206,0.08507708
7207,2.46606644
7208,0.64573103
7209,2.41486050
7210,0.64187121
7211,0.87813737
7212,2.43570464
7213,0.63972154
7214,2.03492793
7215,2.07912065
7216,0.98716925
7217,0.30032372
7218,2.00362972
7219,0.38993688
7220,0.91519565
7221,0.50005870
7222,2.23085787
7223,0.69473717
7224,1.36230326
7225,1.66872886
7226,0.65318597
7227,1.41225562
7228,1.78177566
7229,2.44211964
7230,1.06985085
7231,0.85306614
7232,0.86657723
7233,1.38690249
7234,0.78347572
7235,1.01438378
7236,1.58744483
7237,1.82843827
7238,1.79450252
7239,1.63023455
7240,0.34957431
7241,1.67361832
7242,0.53527946
7243,2.10444390
7244,2.22703087
7245,0.68501449
7246,2.36737906
7247,1.56935483
7248,1.81788386
7249,1.80399811
7250,1.65344873
7251,0.34068577
7252,1.46095139
7253,2.42183624
7254,2.04729226
7255,1.11949307
7256,2.43684229
7257,2.23464881
7258,1.10139174
7259,2.10775444
7260,0.65938669
7261,0.36219842
7262,1.24259456
7263,2.01070364
7264,1.73309715
7265,0.76854027
7266,1.22346823
7267,1.91056382
7268,1.81066830
7269,2.35716371
7270,0.36994530
7271,1.83137809
7272,1.65325232
7273,0.70165014
7274,2.37639375
7275,1.22722176
7276,1.58528813
7277,2.46432472
7278,1.33459934
7279,1.65012993
7280,1.44314122
7281,2.08334048
7282,1.67016061
7283,0.36179643
7284,0.13894262
7285,2.23714941
7286,1.87252106
7287,0.31365682
7288,2.15685198
7289,1.64217842
7290,1.50639889
7291,1.86734003
7292,2.30318333
7293,0.74979826
7294,0.13890677
7295,1.68168091
7296,0.77408430
7297,1.78544981
7298,1.69585154
7299,1.67589757
7300,2.01691625
7301,0.39120800
7302,0.44848979
7303,1.29077887
7304,0.41489562
7305,1.25020943
7306,0.66443784
7307,2.44600051
7308,2.07869867
7309,1.95741553
7310,2.15370013
7311,0.60736377
7312,1.31734635
7313,1.52733546
7314,0.12384014
7315,0.61785963
7316,2.04502571
7317,0.63824478
7318,2.24750105
7319,1.16783578
7320,1.24100961
7321,0.30551182
7322,2.11586637
7323,1.01417790
7324,0.55050048
7325,0.41986147
7326,0.40956104
7327,1.92567320
7328,0.90955759
7329,1.46999927
7330,0.86099432
7331,2.29800371
7332,1.27746711
7333,1.15240689
7334,2.34214778
7335,2.02106623
7336,2.43328672
7337,1.90292480
7338,0.56825631
7339,1.14582249
7340,1.96097876
7341,0.57278246
7342,1.10898790
7343,0.31856013
7344,1.09930713
7345,1.37921054
7346,0.43453319
7347,1.48368566
7348,0.36701316
7349,1.22792654
7350,1.71894042
7351,1.81152113
7352,1.07432787
7353,0.42731212
7354,2.42349698
7355,1.34883011
7356,1.20855635
7357,0.09517172
7358,1.88203334
7359,1.95256515
7360,1.78553738
7361,1.13426735
7362,1.15072719
7363,2.04168620
7364,2.31408124
7365,1.47300570
7366,1.58721452
7367,2.08111116
7368,0.84076044
7369,0.43659898
7370,1.86572892
7371,1.52849020
7372,0.84556434
7373,2.08806965
7374,1.87168614
7375,0.08181566
7376,1.25575086
7377,1.74602240
7378,2.24951735
7379,1.75963707
7380,0.58674511
7381,0.37434254
7382,2.39167343
7383,2.13269090
7384,1.05167652
7385,1.02157509
7386,1.90099437
7387,1.59829371
7388,0.65344589
7389,1.20536140
7390,2.42718084
7391,1.11543470
7392,0.05136800
7393,0.26116629
7394,0.37823608
7395,1.62004099
7396,0.91230838
7397,1.63667573
7398,0.70987655
7399,1.96519203
7400,1.23350974
7401,2.32193642
7402,1.89857806
7403,1.18764474
7404,2.41357557
7405,0.80128136
7406,1.16469539
7407,0.88332546
7408,0.07989859
7409,0.77044753
7410,0.17646762
7411,0.28537393
7412,0.29495364
7413,0.92212249
7414,1.38026444
7415,1.40546505
7416,1.57833188
7417,0.46516489
7418,0.71872211
7419,0.31403412
7420,2.24672595
7421,0.38975640
7422,1.56792188
7423,1.22862321
7424,0.18472885
7425,2.06063024
7426,1.25763036
7427,1.39055326
7428,1.86224809
7429,0.75871427
7430,0.96230125
7431,0.35596549
7432,2.17847323
7433,0.94808803
7434,2.10606480
7435,2.11448671
7436,1.00703368
7437,1.48042252
7438,0.58856640
7439,1.19377665
7440,0.78215767
7441,2.30732469
7442,1.66172673
7443,2.22807745
7444,0.61752316
7445,0.51326614
7446,0.00487279
7447,1.45597450
7448,0.72939799
7449,0.68153355
7450,1.11954703
7451,1.40944273
7452,1.86402807
7453,2.19767808
7454,0.48210616
7455,1.22415685
7456,2.28134004
7457,0.78931847
7458,1.37564836
7459,1.10566835
7460,1.85812408
7461,1.80731654
7462,0.98982383
7463,0.65885766
7464,1.56348695
7465,2.31842623
7466,0.99655376
7467,1.23981188
7468,0.61277641
7469,2.20144988
7470,0.13462384
7471,0.94573237
7472,0.22333029
7473,1.09519640
7474,1.48856433
7475,0.27224865
7476,1.65396629
7477,0.65980015
7478,0.52310354
7479,0.83856150
7480,2.30549703
7481,2.18883187
7482,0.74861015
7483,0.07749925
7484,0.24338332
7485,1.12353389
7486,0.06333502
7487,1.70694872
7488,1.48603738
7489,1.02457572
7490,0.37216783
7491,2.37123683
7492,0.91347994
7493,0.61188965
7494,2.44431341
7495,1.86265479
7496,1.34509586
7497,0.87012614
7498,2.00601332
7499,1.74208018
7500,2.19459211
7501,2.42502793
7502,1.43923736
7503,2.05238353
7504,2.26636582
7505,0.50927128
7506,1.55800355
7507,2.10582688
7508,1.98378236
7509,1.83641580
7510,1.14030320
7511,2.14646371
7512,1.21825502
7513,0.72996949
7514,1.10248054
7515,2.04600049
7516,0.19603137
7517,0.03033203
7518,0.15698140
7519,0.33016319
7520,0.57580573
7521,0.34019081
7522,0.04546600
7523,0.66913577
7524,1.49860813
7525,1.84467234
7526,1.17409689
7527,2.29944381
7528,0.10755017
7529,2.18338277
7530,0.11935960
7531,1.48867890
7532,0.50834766
7533,1.78024503
7534,1.85408302
7535,2.02057534
7536,0.73149798
7537,0.39203154
7538,1.88653382
7539,1.70480013
7540,1.12790967
7541,1.07230333
7542,1.24408699
7543,2.36995629
7544,0.31398474
7545,1.47769599
7546,2.12970781
7547,0.25262629
7548,1.84360017
7549,2.03204923
7550,0.61683192
7551,0.85246894
7552,1.06135317
7553,2.45494266
7554,2.25279323
7555,2.30389791
7556,0.90969099
7557,2.19508937
7558,1.23088191
7559,1.48278563
7560,1.63587293
7561,1.82943584
7562,0.83110916
7563,0.92363987
7564,0.30959959
7565,2.15863741
7566,1.12382601
7567,2.38219873
7568,0.65639209
7569,1.55872898
7570,2.47388724
7571,1.73407249
7572,2.22201786
7573,2.31470263
7574,1.32601372
7575,0.45196830
7576,1.56103826
7577,1.61883433
7578,0.79786401
7579,0.45522166
7580,0.86410254
7581,1.93583526
7582,0.78963378
7583,1.97320607
7584,0.89973045
7585,1.99202880
7586,1.51186967
7587,2.33284290
7588,0.56138914
7589,1.91188144
7590,1.11326547
7591,0.51090485
7592,0.41343943
7593,0.61256996
7594,1.68549499
7595,2.10856947
7596,0.75361329
7597,0.84270474
7598,0.30338113
7599,1.31366277
7600,0.27377133
7601,0.77904637
7602,2.24849833
7603,1.28555819
7604,0.76916906
7605,1.87065938
7606,0.00214407
7607,1.83323746
7608,2.00168526
7609,1.20794472
7610,0.52746987
7611,0.55512658
7612,2.23368603
7613,1.77698586
7614,2.41628012
7615,0.47484509
7616,1.04247139
7617,1.94053794
7618,1.45443373
7619,1.19997921
7620,0.32949249
7621,2.33885048
7622,0.52642935
7623,1.78648761
7624,1.49842611
7625,1.94122421
7626,1.91246048
7627,1.14322037
7628,1.33500180
7629,0.19392028
7630,1.86394436
7631,0.69945280
7632,0.29465659
7633,0.10885176
7634,0.72569800
7635,0.32457439
7636,0.41932163
7637,1.00196911
7638,0.85949258
7639,0.66678525
7640,0.44613546
7641,1.51442391
7642,1.33832142
7643,0.97028513
7644,0.48130756
7645,1.94688250
7646,0.25233700
7647,0.94886077
7648,0.51276530
7649,1.80075512
7650,1.32812837
7651,2.25848378
7652,1.65436447
7653,1.59948450
7654,0.19629043
7655,0.02867297
7656,1.58983141
7657,1.94670640
7658,2.13876205
7659,2.45413722
7660,2.17495359
7661,1.37117652
7662,1.70539136
7663,0.87774709
7664,2.42680017
7665,2.41822473
7666,1.75554936
7667,0.57502861
7668,1.39582584
7669,1.69807553
7670,2.01809223
7671,1.59901118
7672,1.98232985
7673,1.92523090
7674,1.62085928
7675,0.28750441
7676,1.82975918
7677,1.16389512
7678,1.98191383
7679,0.26971805
7680,1.21509793
7681,0.78761289
7682,1.19804312
7683,2.43677832
7684,1.91034289
7685,2.18540037
7686,2.07979997
7687,0.15366424
7688,1.78965133
7689,1.84596521
7690,1.87978405
7691,0.62690216
7692,0.92767977
7693,1.60731582
7694,0.67467607
7695,1.25506080
7696,1.02232042
7697,0.18784203
7698,0.17882333
7699,0.51025000
7700,1.12720176
7701,2.27120697
7702,1.89270315
7703,0.76293027
7704,1.94958771
7705,2.00625516
7706,2.30282173
7707,1.74162163
7708,1.53154773
7709,1.66378764
7710,0.18605345
7711,1.47719249
7712,0.10471487
7713,1.57298810
7714,1.65392837
7715,0.93709263
7716,0.43123665
7717,1.27903574
7718,0.38860067
7719,0.94654544
7720,1.75164277
7721,0.07963499
7722,2.32158546
7723,2.20034530
7724,0.90828043
7725,2.04169371
7726,2.02659300
7727,1.76173343
7728,1.04006247
7729,0.89887025
7730,0.50452242
7731,1.99130718
7732,1.66678315
7733,2.40132975
7734,1.53509833
7735,0.01026291
7736,0.49724190
7737,0.11107405
7738,0.71997102
7739,1.42453716
7740,1.36901344
7741,1.50302038
7742,0.91215830
7743,2.26790418
7744,1.08471610
7745,0.58639625
7746,1.02472591
7747,0.95588165
7748,0.44660133
7749,1.42275402
7750,1.31001055
7751,0.03704185
7752,0.74299868
7753,0.29038155
7754,0.84147942
7755,0.41657621
7756,0.16826116
7757,0.92277855
7758,0.10183278
7759,0.16664280
7760,1.79717520
7761,0.55557948
7762,1.89923031
7763,1.03082904
7764,1.41215185
7765,2.07184926
7766,0.26211815
7767,0.05837787
7768,0.87757959
7769,2.36570887
7770,0.89058042
7771,1.01549804
7772,1.50721146
7773,0.00332983
7774,1.47036682
7775,1.62995578
7776,2.25541466
7777,1.60085885
7778,1.65402319
7779,0.23295959
7780,1.10336501
7781,0.52240753
7782,0.75640999
7783,0.18533158
7784,0.96056949
7785,0.37214452
7786,0.75075037
7787,0.08291371
7788,2.41916257
7789,1.01695828
7790,0.82666457
7791,1.70605429
7792,1.86188027
7793,1.68455162
7794,0.78379745
7795,1.35126928
7796,1.06729533
7797,1.87340244
7798,0.97301532
7799,2.29128769
7800,1.02473212
7801,0.54520611
7802,2.15543941
7803,0.16775181
7804,2.46594021
7805,2.45600167
7806,1.22097420
7807,0.78915869
7808,0.28030780
7809,1.11602738
7810,1.78463868
7811,0.51125236
7812,1.70384880
7813,0.76890462
7814,1.34420170
7815,1.96897837
7816,1.20250674
7817,1.63355419
7818,0.86198670
7819,1.44471314
7820,2.01754049
7821,2.18720546
7822,2.35658299
7823,0.71123169
7824,0.25277472
7825,0.07003304
7826,0.38270902
7827,1.78011835
7828,0.46810968
7829,1.90111732
7830,0.13420768
7831,1.94734406
7832,1.00990247
7833,0.39348531
7834,1.47465448
7835,1.87162478
7836,0.14179998
7837,1.02414635
7838,0.23577988
7839,2.36556769
7840,1.06538448
7841,1.16325035
7842,1.48268576
7843,2.03261874
7844,2.32819862
7845,0.99914685
7846,1.04596540
7847,2.07418503
7848,1.83027476
7849,1.69033806
7850,1.99484706
7851,2.31002544
7852,0.12953586
7853,1.41298439
7854,0.65512790
7855,2.28078670
7856,0.05348284
7857,0.99226105
7858,1.16576758
7859,0.19851242
7860,0.82317523
7861,0.94829377
7862,0.25322302
7863,1.90664097
7864,0.87483812
7865,1.14754737
7866,1.99316962
7867,2.26534504
7868,0.64160495
7869,1.86875036
7870,0.73758741
7871,2.36060511
7872,2.29101823
7873,1.23029647
7874,0.22846592
7875,2.11623332
7876,1.69769989
7877,1.96557957
7878,1.27441151
7879,2.38764058
7880,0.88394177
7881,1.91023712
7882,0.24532379
7883,2.28384695
7884,0.83346623
7885,0.34561926
7886,1.04610923
7887,0.32487926
7888,1.42718911
7889,1.57435190
7890,0.59378248
7891,0.22461636
7892,2.10197285
7893,1.68674686
7894,1.53820937
7895,2.38409783
7896,0.26909207
7897,1.30872970
7898,0.12867719
7899,2.15253562
7900,2.09268223
7901,0.98076798
7902,1.46334307
7903,1.83842969
7904,1.60996202
7905,1.72889727
7906,0.65762565
7907,1.79986871
7908,1.84908735
7909,1.20710380
7910,1.34608756
7911,1.01029716
7912,1.51528578
7913,2.26073680
7914,0.08741308
7915,1.90513774
7916,1.80908432
7917,1.07570873
7918,0.51983522
7919,1.55426202
7920,1.89413112
7921,0.38021160
7922,1.39912192
7923,1.84756538
7924,0.66147328
7925,2.04806954
7926,1.35395516
7927,0.18947064
7928,2.06749042
7929,0.08319020
7930,2.04607103
7931,1.36927107
7932,0.01449334
7933,0.37303315
7934,0.31557936
7935,1.60588291
7936,1.90280250
7937,0.90230680
7938,1.59955317
7939,1.39185612
7940,2.12834519
7941,0.59731769
7942,0.31446660
7943,1.01583730
7944,2.07217291
7945,0.63729938
7946,2.02708685
7947,0.22104230
7948,2.13061365
7949,1.10860331
7950,2.06034269
7951,1.15541160
7952,1.30719952
7953,1.72637738
7954,0.41406763
7955,0.06273248
7956,0.96493849
7957,0.33169296
7958,0.56562674
7959,0.41788131
7960,0.29169520
7961,2.10518072
7962,1.54226163
7963,0.87717288
7964,2.20689600
7965,0.02414525
7966,2.26428415
7967,1.98223317
7968,1.16416606
7969,2.32377100
7970,0.86205879
7971,0.34659658
7972,0.25099264
7973,1.81340634
7974,0.74192857
7975,0.66107998
7976,1.99779655
7977,2.16153060
7978,0.95393429
7979,0.85464576
7980,1.27742319
7981,0.99961234
7982,2.18347436
7983,1.31857807
7984,0.66010505
7985,0.01415069
7986,2.34667084
7987,0.83729365
7988,2.33765065
7989,2.20068552
7990,1.05798539
7991,0.56910194
7992,1.79367550
7993,0.23532277
7994,0.15465510
7995,0.07153174
7996,1.40797928
7997,1.93697236
7998,1.60636774
7999,2.30052191
8000,0.19762603
8001,1.81889509
8002,1.74315581
8003,1.78876940
8004,1.27412319
8005,0.33621675
8006,0.85678232
8007,0.60270436
8008,2.37758360
8009,1.92383566
8010,2.26679368
8011,1.43032476
8012,0.14424124
8013,1.85177468
8014,0.89907983
8015,1.61828928
8016,1.08656654
8017,1.41024394
8018,0.39983720
8019,2.23081333
8020,0.78120431
8021,2.13732617
8022,2.25138397
8023,1.41691352
8024,0.40000729
8025,0.99701341
8026,1.25883430
8027,0.72088956
8028,0.18692653
8029,2.36126371
8030,1.50005229
8031,1.27048724
8032,0.25005861
8033,1.29334959
8034,2.00413371
8035,0.44949779
8036,2.27153667
8037,0.50323010
8038,0.32770981
8039,1.90534930
8040,0.46235763
8041,2.19590632
8042,0.65538171
8043,0.21440999
8044,1.53705921
8045,0.04688313
8046,0.27159948
8047,1.45300038
8048,1.84252530
8049,1.25104873
8050,2.06437382
8051,0.41975438
8052,1.98830000
8053,1.11560212
8054,2.12759224
8055,0.34457439
8056,1.33657828
8057,0.23191514
8058,0.42054177
8059,0.87557673
8060,1.37151270
8061,1.39576060
8062,0.60307385
8063,0.75557210
8064,2.39971384
8065,0.06758533
8066,0.98892090
8067,2.10160548
8068,1.69547114
8069,1.43271504
8070,0.38825724
8071,0.62903069
8072,2.46622940
8073,1.40767094
8074,0.71755936
8075,2.30662817
8076,2.02787120
8077,1.87672708
8078,0.57643229
8079,1.00325102
8080,2.09405076
8081,0.70186743
8082,2.39205471
8083,1.03539334
8084,1.25305067
8085,1.90038804
8086,0.24258715
8087,1.54271082
8088,1.49339229
8089,0.41613299
8090,0.42197072
8091,0.07178101
8092,0.91565780
8093,1.59333415
8094,0.18250399
8095,1.28023421
8096,0.43130951
8097,2.03665283
8098,0.17408312
8099,0.01352242
8100,1.65328432
8101,0.87706659
8102,2.25918897
8103,0.96336868
8104,1.96092754
8105,1.18894332
8106,1.21424771
8107,0.96530370
8108,1.73432059
8109,0.08094741
8110,2.01438064
8111,1.63972044
8112,1.81702586
8113,0.25673735
8114,1.77907223
8115,1.27913091
8116,1.77972622
8117,1.30296667
8118,2.20929972
8119,2.01095529
8120,1.41586197
8121,2.44962684
8122,1.29033644
8123,0.85862906
8124,2.14186117
8125,0.46271016
8126,1.90565142
8127,1.36079603
8128,2.43957764
8129,0.12071496
8130,0.73410846
8131,2.29254195
8132,1.44243675
8133,0.52446710
8134,1.74404098
8135,1.22496043
8136,1.41802728
8137,0.43040524
8138,0.07573064
8139,2.24813198
8140,1.65097349
8141,2.40548602
8142,1.23384496
8143,0.67187088
8144,0.12574293
8145,1.38217207
8146,1.93422950
8147,2.29919310
8148,0.93835536
8149,0.67084816
8150,0.59084707
8151,2.32402959
8152,1.68331872
8153,1.32221057
8154,2.28264784
8155,1.85127252
8156,1.32460522
8157,1.91754852
8158,1.65079866
8159,1.86379624
8160,0.83127677
8161,1.74689815
8162,0.40180986
8163,0.11105832
8164,1.24264649
8165,1.89377485
8166,0.55336301
8167,2.20467490
8168,1.15882260
8169,1.64961491
8170,2.15774368
8171,1.98129789
8172,1.61813254
8173,0.69023124
8174,0.44030909
8175,1.41757274
8176,1.46650048
8177,1.48581695
8178,0.98463708
8179,0.43882935
8180,2.29887764
8181,1.68067744
8182,1.71461170
8183,0.06010289
8184,1.31690424
8185,1.32091239
8186,0.18748557
8187,0.53820020
8188,0.38981144
8189,1.53445486
8190,2.16205658
8191,1.56531567
8192,0.80909065
8193,2.10121613
8194,1.36485641
8195,2.03825883
8196,1.44438257
8197,0.39619022
8198,1.06209069
8199,0.66190813
8200,0.77863776
8201,0.13840895
8202,1.91394191
8203,1.39857130
8204,0.79358299
8205,1.77207270
8206,1.17138851
8207,0.18158044
8208,1.99410738
8209,2.00647171
8210,1.37415058
8211,1.60345919
8212,1.39143140
8213,0.71762786
8214,0.13968165
8215,1.60898150
8216,0.69961787
8217,1.84246553
8218,0.76426405
8219,0.95904234
8220,2.24272096
8221,0.27627395
8222,0.65769330
8223,1.71800778
8224,1.05953294
8225,2.15347034
8226,0.30673909
8227,0.04281472
8228,1.98352623
8229,0.38843395
8230,0.70474199
8231,0.48750954
8232,1.07895353
8233,2.24958371
8234,1.20475571
8235,1.79685262
8236,0.38726923
8237,1.32908207
8238,0.54820756
8239,0.54429279
8240,0.76361260
8241,0.95906746
8242,1.78084242
8243,0.25255351
8244,0.65059879
8245,2.40835622
8246,0.89518873
8247,0.05172915
8248,2.15843569
8249,0.01560060
8250,0.93915141
8251,1.76822533
8252,2.33626848
8253,2.21307936
8254,2.32309191
8255,1.47143242
8256,2.39979815
8257,0.57832779
8258,0.79724430
8259,1.62095584
8260,1.55685560
8261,2.03614307
8262,0.30586187
8263,0.92440920
8264,1.55393723
8265,0.21588819
8266,1.25202332
8267,2.17751255
8268,0.06130623
8269,2.07228337
8270,1.78389178
8271,1.06565354
8272,0.53876299
8273,1.94221064
8274,0.88293266
8275,1.55884300
8276,0.31853382
8277,1.88951199
8278,2.27641168
8279,2.28398163
8280,2.43369262
8281,0.15521619
8282,2.01393058
8283,0.60283161
8284,0.26637396
8285,1.97175399
8286,2.22126215
8287,0.16830955
8288,0.51509660
8289,1.17728984
8290,2.14966500
8291,1.14800984
8292,0.11722843
8293,1.81476265
8294,2.36627856
8295,0.39528504
8296,2.04501582
8297,2.37384852
8298,1.03688832
8299,2.06843319
8300,1.57462165
8301,2.42961002
8302,1.66765651
8303,0.72098253
8304,1.75442797
8305,0.82758438
8306,0.87690240
8307,0.00959931
8308,0.19947579
8309,0.46001348
8310,1.65892485
8311,1.28622705
8312,0.98586783
8313,1.51489832
8314,0.78974699
8315,0.81542537
8316,1.51356073
8317,1.85696077
8318,1.83367039
8319,1.37230706
8320,2.42904946
8321,2.45776139
8322,2.30719546
8323,0.73392027
8324,1.84194267
8325,0.26831338
8326,2.46065433
8327,1.41608313
8328,0.17356598
8329,0.31573273
8330,1.60480895
8331,1.69078980
8332,0.91975033
8333,1.10719035
8334,2.00997031
8335,1.94247068
8336,1.87641899
8337,0.93809485
8338,0.86658328
8339,1.63421993
8340,0.23689398
8341,1.67802124
8342,1.70730588
8343,1.90346008
8344,0.61054611
8345,0.84965695
8346,0.60142457
8347,1.09254429
8348,1.58083208
8349,1.12988812
8350,2.18314308
8351,1.45251443
8352,1.97281192
8353,2.38644976
8354,1.97548640
8355,0.53680698
8356,0.84705080
8357,0.11805002
8358,1.00104020
8359,1.10210996
8360,0.80365153
8361,0.93509182
8362,0.50496316
8363,2.03849338
8364,0.97749461
8365,0.04863705
8366,1.10387078
8367,0.91022125
8368,0.44783359
8369,1.73907777
8370,1.02976656
8371,1.93744611
8372,1.52318760
8373,2.37192119
8374,0.83660996
8375,0.09544006
8376,0.45516492
8377,1.87760339
8378,0.48323171
8379,1.47190619
8380,0.28171907
8381,2.12253594
8382,0.95600241
8383,0.72419321
8384,2.20708994
8385,1.74597251
8386,1.49497456
8387,2.24664508
8388,2.00338159
8389,0.02045396
8390,2.25786792
8391,0.49192862
8392,1.80542755
8393,0.74649129
8394,0.73536608
8395,1.04994295
8396,0.01744832
8397,2.09528454
8398,0.66143468
8399,1.57832104
8400,0.35846885
8401,0.24153768
8402,0.04571471
8403,1.20701854
8404,1.03445669
8405,1.78663831
8406,1.07222659
8407,1.25894050
8408,1.41160789
8409,0.36065791
8410,0.93131230
8411,2.06851613
8412,2.45208910
8413,1.20892361
8414,0.77313309
8415,2.11795046
8416,1.35831607
8417,0.10271128
8418,0.40054461
8419,1.58956208
8420,0.30547027
8421,1.31206659
8422,2.39843317
8423,1.28620084
8424,1.12734138
8425,1.98825020
8426,1.30089356
8427,2.07834672
8428,0.03001913
8429,2.09248339
8430,0.41161411
8431,0.54237407
8432,1.40834632
8433,1.69596479
8434,0.40324398
8435,1.97149806
8436,1.19349945
8437,1.86329766
8438,0.88795483
8439,0.88736417
8440,1.32514844
8441,1.63689147
8442,1.90916949
8443,0.83453968
8444,1.53541930
8445,0.63677714
8446,1.74330934
8447,1.00121602
8448,2.29954949
8449,1.81122903
8450,0.18824518
8451,1.58550522
8452,0.94386464
8453,0.80464525
8454,0.52079314
8455,1.74065277
8456,2.11726255
8457,1.10367092
8458,1.23529489
8459,0.82711084
8460,2.01366283
8461,2.44696577
8462,1.12100187
8463,1.11588707
8464,0.47144615
8465,0.70837967
8466,0.97488609
8467,1.02710753
8468,0.41425334
8469,0.89145956
8470,0.14977002
8471,0.69909177
8472,1.62745637
8473,2.25192434
8474,0.53879400
8475,1.73653337
8476,0.57138498
8477,2.35587034
8478,0.61679474
8479,0.12326228
8480,2.35702223
8481,0.85899093
8482,0.51501105
8483,1.12873018
8484,2.09529085
8485,0.97699136
8486,1.13782350
8487,1.61680830
8488,0.05673224
8489,2.25127203
8490,1.76840002
8491,1.46696728
8492,0.88601948
8493,2.40707031
8494,0.18462290
8495,0.01316919
8496,1.47408337
8497,1.67894701
8498,0.37454409
8499,2.09612062
8500,1.08360104
8501,0.83297402
8502,1.77513162
8503,1.01171191
8504,0.40437998
8505,1.06691765
8506,0.09632058
8507,0.76737725
8508,1.44975153
8509,0.19957476
8510,1.08321658
8511,1.19433268
8512,0.08830893
8513,0.52285696
8514,0.11424256
8515,1.29106539
8516,1.58889688
8517,0.00680046
8518,1.40877344
8519,2.14077609
8520,0.10990713
8521,1.47210269
8522,0.79561585
8523,0.35576674
8524,2.15733492
8525,0.77271162
8526,2.10166976
8527,2.23809968
8528,0.62045848
8529,2.16576029
8530,2.25712508
8531,0.00541514
8532,2.19265493
8533,1.57731433
8534,0.01007451
8535,1.30956759
8536,2.12334603
8537,2.11021196
8538,2.20705407
8539,1.27967698
8540,0.25658784
8541,0.85247332
8542,0.73925858
8543,1.54791630
8544,0.66320833
8545,1.38312894
8546,0.76627332
8547,1.15435293
8548,1.59040569
8549,2.02615404
8550,0.10175024
8551,1.12151341
8552,0.80634169
8553,1.56231029
8554,1.78450412
8555,1.76866630
8556,0.38842976
8557,0.36743483
8558,2.14554871
8559,0.77415061
8560,1.72889092
8561,0.04236423
8562,1.48141230
8563,0.57753042
8564,1.65781886
8565,0.20439870
8566,2.19172516
8567,1.70546309
8568,1.54626099
8569,1.17446502
8570,1.97207779
8571,1.08786860
8572,1.58619057
8573,0.97919641
8574,0.03285191
8575,1.14347965
8576,1.99080493
8577,1.59151236
8578,0.21884231
8579,0.08163075
8580,0.43247838
8581,1.55408909
8582,0.75894627
8583,0.61023055
8584,2.16493073
8585,0.02781846
8586,2.03749477
8587,0.86456305
8588,2.00684502
8589,0.71932196
8590,1.28379793
8591,0.35189963
8592,0.68898827
8593,1.60309387
8594,1.68361218
8595,0.42115133
8596,1.58702913
8597,2.42737386
8598,1.50104960
8599,0.69447287
8600,1.69159300
8601,1.45266788
8602,1.63479076
8603,2.07650006
8604,2.32033707
8605,0.37988150
8606,0.60889052
8607,0.32817564
8608,2.47180348
8609,2.43987376
8610,1.86987228
8611,1.54834841
8612,0.39194024
8613,0.75527839
8614,0.32684745
8615,0.89512563
8616,0.23967522
8617,0.04873579
8618,0.14400079
8619,1.09790963
8620,0.40197829
8621,0.14399982
8622,1.86964516
8623,1.89465772
8624,2.34192028
8625,1.99269355
8626,2.35350263
8627,1.62014106
8628,1.31566755
8629,1.02812727
8630,0.82765708
8631,0.03991603
8632,1.76202400
8633,0.79161312
8634,1.81805601
8635,2.33782067
8636,1.96210624
8637,1.25887506
8638,1.38398177
8639,2.19991374
8640,0.59443906
8641,1.45919292
8642,1.48041678
8643,1.49743906
8644,0.71975608
8645,1.13450862
8646,1.25485047
8647,1.96606371
8648,2.39426347
8649,0.13089040
8650,1.97813267
8651,1.20611606
8652,1.60063449
8653,1.34366505
8654,1.99630446
8655,1.01130150
8656,0.98442581
8657,1.36571714
8658,2.40473207
8659,1.04776597
8660,1.05312809
8661,1.25743168
8662,2.47248299
8663,0.39901520
8664,1.48773996
8665,1.51304455
8666,2.20793916
8667,0.86374293
8668,1.52837010
8669,0.62759556
8670,0.96450374
8671,0.18722743
8672,0.69439655
8673,0.96535754
8674,0.74051794
8675,1.02691190
8676,0.71647914
8677,0.63256253
8678,0.85081769
8679,1.66529309
8680,1.54568927
8681,2.43093404
8682,0.33996769
8683,2.00150385
8684,0.19891778
8685,0.56348664
8686,0.04353357
8687,1.23967684
8688,0.03130968
8689,0.16278852
8690,1.60361063
8691,1.61088372
8692,0.23656435
8693,1.54076802
8694,1.06076976
8695,2.15502037
8696,1.43063216
8697,1.30413930
8698,2.46022767
8699,0.68561379
8700,1.12611811
8701,1.91896506
8702,1.79671602
8703,0.10280606
8704,0.03072063
8705,0.69273371
8706,2.41023103
8707,0.16314860
8708,0.05227077
8709,2.28528052
8710,0.34959969
8711,0.78560097
8712,2.13983167
8713,0.98809113
8714,0.11165263
8715,1.03292406
8716,1.80989793
8717,0.39513499
8718,0.66025859
8719,0.83037550
8720,0.02846244
8721,1.70668955
8722,0.22961607
8723,0.53640331
8724,1.10773310
8725,1.88272828
8726,0.20642504
8727,2.40016134
8728,1.25656668
8729,0.41530788
8730,0.44207184
8731,1.33486848
8732,0.22448385
8733,0.40497542
8734,2.37008209
8735,2.17048231
8736,1.52809952
8737,1.85625729
8738,0.27453444
8739,0.68378863
8740,0.03952172
8741,1.44237166
8742,0.01190982
8743,0.26173060
8744,2.47169031
8745,0.22273991
8746,2.44351604
8747,1.33878509
8748,1.21067952
8749,0.31771864
8750,0.97814357
8751,0.86828018
8752,1.72669571
8753,2.43707109
8754,0.80401917
8755,0.06365618
8756,2.39441956
8757,1.20085615
8758,1.01908284
8759,1.88419396
8760,1.59192666
8761,1.33783660
8762,0.34868382
8763,1.98180345
8764,0.60715911
8765,1.50753252
8766,0.46802656
8767,0.57550618
8768,1.55132900
8769,1.84912104
8770,2.41148854
8771,1.69487910
8772,1.58056000
8773,1.48881906
8774,0.71777416
8775,2.27033366
8776,1.44301013
8777,0.13372521
8778,1.18260918
8779,0.84479628
8780,0.38968303
8781,1.71438040
8782,2.00404433
8783,2.22654422
8784,2.16716790
8785,2.44708545
8786,0.47453437
8787,1.41530953
8788,1.01133836
8789,1.80304041
8790,1.71225037
8791,0.18477023
8792,0.68293567
8793,0.54415185
8794,0.17789202
8795,0.67497656
8796,1.19189365
8797,0.77112898
8798,0.37300408
8799,1.98976130
8800,0.16160607
8801,0.60535841
8802,1.69648035
8803,1.00547705
8804,1.60161342
8805,0.19472285
8806,2.32476761
8807,0.97516757
8808,2.05095354
8809,1.03547402
8810,2.06185007
8811,0.07754652
8812,0.68760614
8813,2.46252204
8814,0.18132501
8815,2.11650960
8816,0.93823580
8817,1.19671627
8818,0.70770335
8819,0.86479372
8820,2.44159383
8821,1.15928250
8822,0.34796129
8823,1.88779947
8824,0.52815854
8825,1.32660411
8826,1.94653923
8827,1.13042191
8828,0.23570577
8829,1.81284131
8830,2.29804651
8831,1.67934809
8832,2.31452311
8833,1.15878629
8834,0.50533764
8835,0.82717130
8836,1.97610617
8837,2.32166510
8838,0.66473204
8839,2.04160120
8840,1.88617505
8841,0.55936100
8842,2.04384650
8843,1.04501413
8844,0.35936548
8845,1.39440231
8846,0.62843725
8847,1.33675552
8848,2.36875075
8849,0.49517583
8850,1.36995927
8851,1.27313221
8852,0.42056404
8853,1.51161188
8854,0.61645187
8855,2.25042434
8856,2.12443479
8857,1.31442375
8858,0.60811221
8859,0.35566872
8860,0.56899766
8861,1.30744465
8862,1.45231978
8863,0.33814032
8864,1.85743856
8865,1.20691162
8866,2.41841210
8867,0.98174865
8868,1.14754906
8869,1.96323418
8870,1.01980798
8871,1.94078463
8872,1.33775349
8873,0.29170412
8874,2.24420111
8875,2.23148515
8876,0.31392286
8877,0.81981855
8878,1.40701401
8879,0.26155754
8880,1.00155150
8881,0.16409948
8882,1.31897404
8883,1.19781045
8884,2.30365761
8885,1.99634659
8886,0.66950967
8887,1.68978091
8888,2.37568648
8889,0.31837970
8890,1.32011291
8891,0.35826187
8892,0.62914353
8893,1.22587750
8894,0.02370476
8895,1.19401986
8896,0.73495911
8897,0.15623635
8898,1.31898002
8899,0.49763481
8900,0.49757133
8901,2.33570132
8902,1.08283770
8903,1.35665233
8904,0.25444399
8905,2.36145934
8906,1.45584049
8907,0.73115477
8908,1.64517543
8909,1.59817253
8910,1.20489154
8911,1.05803866
8912,0.23453626
8913,1.88607074
8914,0.09623755
8915,0.15870524
8916,1.55042236
8917,2.16750831
8918,2.23161163
8919,0.54748889
8920,2.02233413
8921,0.45321272
8922,0.47618252
8923,1.14671219
8924,1.42649099
8925,1.31756427
8926,2.27000495
8927,1.23481929
8928,0.89805158
8929,1.14842871
8930,0.45915368
8931,1.78930799
8932,0.43862879
8933,1.19749947
8934,0.22793354
8935,1.79015757
8936,0.90064523
8937,1.94908511
8938,0.41597236
8939,1.21094000
8940,2.16782525
8941,1.81059156
8942,0.51299407
8943,0.24288691
8944,1.48094766
8945,2.43023479
8946,1.00490305
8947,1.74389265
8948,1.69143923
8949,2.42609043
8950,1.00980245
8951,0.22287583
8952,0.24512175
8953,2.25727276
8954,0.53285070
8955,1.44926875
8956,1.58129870
8957,2.23493116
8958,1.05460871
8959,0.62257812
8960,2.25114794
8961,1.52255968
8962,2.46167554
8963,1.93150492
8964,1.64739813
8965,1.17439631
8966,0.00298576
8967,2.03964668
8968,0.88638304
8969,0.14216670
8970,1.83435923
8971,2.44563025
8972,1.82637423
8973,0.43208697
8974,0.85327046
8975,0.84737228
8976,0.75455247
8977,1.69442632
8978,1.79211940
8979,0.69155502
8980,0.96974847
8981,0.79687178
8982,0.64030826
8983,1.62862250
8984,1.98820256
8985,1.77511889
8986,2.38721097
8987,2.33621399
8988,2.38984772
8989,1.94223584
8990,0.91637255
8991,1.85124198
8992,2.40068273
8993,0.68209044
8994,0.87269747
8995,0.05860491
8996,2.25043367
8997,1.97577115
8998,0.30361241
8999,1.10349435
9000,0.72100131
9001,0.86282843
9002,1.08692298
9003,2.33775172
9004,0.77496747
9005,1.43093845
9006,1.84769215
9007,1.75592526
9008,0.09258527
9009,0.85999119
9010,2.05407210
9011,0.43356098
9012,1.11790379
9013,1.95557888
9014,0.51027580
9015,1.21328123
9016,2.36148400
9017,0.24063098
9018,0.70941554
9019,0.06419587
9020,0.14392633
9021,1.99670389
9022,1.31660972
9023,1.52777600
9024,0.64894271
9025,1.74987607
9026,0.35951110
9027,0.49744869
9028,0.15349180
9029,2.34777272
9030,0.81574054
9031,0.71900512
9032,1.04780589
9033,0.57737621
9034,2.26032145
9035,0.69617966
9036,0.11287442
9037,2.08777887
9038,1.80346585
9039,0.45358832
9040,0.93215182
9041,0.39483255
9042,2.23254707
9043,2.26526855
9044,0.13308787
9045,0.53998262
9046,1.02006262
9047,1.53740524
9048,2.06005212
9049,2.22852070
9050,2.31458841
9051,1.42654526
9052,1.84156216
9053,2.21793192
9054,1.83984401
9055,1.15168776
9056,2.05385247
9057,1.55860364
9058,0.71065123
9059,0.07365191
9060,1.89515664
9061,0.05024880
9062,1.95887090
9063,1.93590915
9064,0.47711987
9065,2.12429495
9066,1.38242350
9067,2.36429982
9068,2.31577302
9069,0.05794767
9070,0.58384862
9071,2.02079580
9072,1.30833733
9073,0.36197002
9074,1.26949429
9075,0.86341949
9076,0.95636957
9077,0.27366113
9078,1.50613976
9079,2.05636949
9080,0.95718560
9081,0.78444491
9082,2.24430606
9083,1.56569862
9084,2.42092582
9085,2.09235765
9086,0.52534556
9087,1.73801120
9088,0.38779339
9089,0.40812441
9090,1.58255648
9091,0.07354730
9092,0.57175270
9093,2.40500009
9094,0.73212915
9095,1.78057860
9096,1.75751529
9097,1.34192848
9098,2.08545015
9099,0.50274774
9100,0.34519565
9101,1.96880734
9102,0.85517210
9103,0.49768780
9104,1.28386442
9105,1.70904772
9106,1.30352556
9107,2.00737185
9108,0.86204639
9109,1.98837904
9110,2.27956615
9111,1.44657143
9112,1.67157173
9113,1.41654516
9114,0.74282447
9115,0.61615585
9116,1.79054679
9117,0.36262447
9118,1.00562139
9119,0.92445925
9120,2.21080491
9121,1.33103655
9122,0.66072564
9123,1.08517926
9124,0.14973375
9125,0.69055298
9126,1.69400239
9127,0.60888788
9128,0.74387489
9129,2.26535558
9130,0.67301971
9131,1.42749622
9132,2.46030021
9133,0.22148219
9134,1.01514721
9135,1.98763992
9136,1.90183337
9137,1.54193160
9138,1.76431345
9139,0.35788879
9140,0.15054884
9141,0.30851988
9142,2.23164626
9143,0.44267791
9144,1.71491067
9145,0.19328658
9146,2.20513915
9147,1.91105140
9148,2.09444468
9149,2.42695884
9150,1.61062613
9151,2.19401781
9152,2.47387215
9153,0.22786868
9154,0.11605633
9155,1.84397703
9156,1.45223303
9157,0.60727195
9158,1.67947040
9159,1.63611585
9160,0.84716400
9161,0.12735023
9162,2.44700155
9163,1.34563520
9164,0.23947789
9165,1.98009292
9166,2.17556759
9167,0.92668431
9168,1.97258943
9169,0.16798795
9170,1.73881752
9171,2.42122266
9172,1.85796529
9173,0.66664834
9174,0.97921237
9175,1.66400917
9176,1.08435216
9177,2.46637884
9178,1.94347920
9179,1.07393443
9180,1.74482017
9181,0.17328310
9182,0.82722841
9183,0.09698710
9184,0.84584443
9185,0.43864861
9186,1.20650041
9187,0.81931328
9188,0.14687533
9189,0.39608954
9190,1.01785475
9191,1.49203878
9192,0.65868860
9193,0.99528908
9194,2.34720342
9195,1.01616620
9196,1.19709836
9197,1.23382076
9198,2.29673365
9199,0.41482202
9200,1.15891291
9201,2.01031001
9202,1.31756012
9203,0.82906761
9204,0.93508022
9205,0.48605513
9206,1.66301712
9207,2.09485789
9208,1.80618587
9209,0.12334648
9210,1.94921745
9211,1.85418168
9212,0.93915119
9213,0.70559706
9214,2.38499899
9215,0.34452347
9216,1.96074671
9217,0.66984756
9218,1.34843633
9219,1.74308100
9220,2.27095280
9221,1.91822736
9222,0.19945176
9223,2.15018043
9224,2.41231365
9225,0.09123179
9226,0.73503388
9227,2.19099189
9228,1.31877418
9229,0.02212921
9230,1.90625305
9231,2.44884174
9232,0.36958563
9233,2.15106482
9234,1.53941710
9235,1.51350521
9236,0.11572147
9237,2.41351289
9238,2.47680893
9239,0.32127692
9240,2.02854322
9241,0.86873532
9242,0.07258033
9243,1.29412930
9244,2.09116120
9245,1.44462119
9246,0.14083915
9247,2.14237214
9248,1.06597916
9249,1.38836143
9250,1.00933515
9251,2.39631252
9252,1.34109585
9253,2.02825980
9254,2.35203270
9255,1.47363667
9256,2.10845428
9257,0.52212959
9258,0.47737873
9259,1.83713214
9260,1.67928918
9261,2.36732264
9262,0.89029354
9263,0.44768721
9264,1.03759483
9265,2.21186629
9266,1.35737748
9267,0.77842353
9268,1.24155640
9269,1.81485772
9270,0.26112433
9271,1.74080553
9272,1.08290223
9273,2.17665322
9274,1.99509633
9275,1.90536074
9276,0.11889726
9277,1.32761371
9278,0.13449217
9279,0.87945869
9280,0.42572351
9281,1.21740894
9282,0.53244381
9283,0.78461295
9284,1.86519418
9285,1.92105911
9286,1.87273379
9287,1.81529626
9288,0.88152889
9289,0.09638067
9290,0.15169426
9291,1.43838535
9292,2.39448920
9293,1.26954904
9294,1.15354953
9295,2.13644271
9296,0.92623282
9297,0.55566325
9298,2.35920611
9299,0.00514366
9300,1.32255572
9301,0.43735013
9302,0.61593356
9303,2.33289617
9304,1.66949312
9305,1.36187743
9306,0.26505695
9307,2.29822610
9308,1.08150865
9309,0.24956190
9310,1.35845617
9311,0.20855884
9312,2.11475827
9313,1.00785387
9314,0.72211008
9315,0.62706701
9316,0.51644701
9317,0.47910670
9318,1.49541466
9319,0.41835922
9320,1.35536630
9321,2.17413108
9322,1.83198621
9323,1.33976297
9324,1.06581343
9325,0.85870781
9326,0.62570801
9327,1.03762478
9328,2.45035185
9329,1.36449518
9330,0.72356944
9331,0.67409349
9332,1.10375839
9333,1.12185644
9334,0.86070451
9335,1.36385344
9336,1.83893217
9337,1.73915765
9338,1.80317595
9339,1.29902525
9340,2.06192121
9341,0.20590379
9342,1.43787743
9343,2.06579940
9344,1.82089274
9345,2.37493066
9346,0.35102785
9347,1.63586629
9348,1.95539741
9349,0.99631614
9350,0.62304215
9351,1.10070000
9352,2.04488718
9353,0.55726747
9354,1.94929154
9355,1.85315904
9356,1.36338377
9357,1.28199503
9358,2.34491941
9359,0.32815597
9360,0.15990597
9361,1.29257711
9362,0.20921179
9363,0.63555359
9364,0.32830980
9365,2.34816689
9366,1.25644249
9367,0.64250549
9368,0.80858497
9369,0.45840477
9370,0.91502795
9371,0.45117727
9372,2.08574943
9373,1.38876328
9374,0.26563619
9375,2.11118063
9376,1.11969208
9377,0.08189482
9378,1.88036006
9379,1.64134346
9380,1.24557143
9381,1.02985325
9382,1.81056412
9383,2.41874158
9384,1.24183493
9385,2.22463540
9386,1.36042221
9387,0.59468237
9388,1.77211620
9389,1.95158821
9390,0.31231217
9391,0.53322553
9392,0.28876530
9393,0.09241671
9394,0.83600043
9395,1.22120857
9396,1.43837429
9397,1.22953761
9398,2.05157305
9399,0.43828688
9400,2.37252815
9401,1.87911660
9402,0.12667230
9403,0.14195228
9404,0.27064640
9405,1.52376083
9406,1.40052036
9407,0.63475692
9408,1.67423282
9409,0.84245778
9410,1.95587962
9411,1.81595419
9412,0.58119060
9413,0.17332029
9414,1.52237456
9415,0.21013765
9416,1.41117140
9417,1.65901776
9418,0.37094735
9419,1.90941958
9420,0.99618213
9421,1.56246118
9422,1.28379711
9423,1.77075511
9424,1.22317274
9425,1.29506306
9426,1.16741056
9427,0.39233125
9428,1.56398824
9429,0.05946492
9430,1.03604135
9431,1.93067057
9432,2.12430037
9433,2.09499268
9434,1.84038557
9435,2.40468625
9436,2.45416265
9437,0.99937387
9438,1.67442710
9439,0.38899048
9440,1.56359642
9441,0.81726884
9442,2.16953238
9443,0.33418081
9444,0.40238062
9445,1.60081399
9446,1.38764854
9447,1.54186526
9448,1.47431733
9449,0.11517930
9450,1.48485650
9451,1.08889450
9452,0.48738866
9453,2.04958253
9454,1.82234148
9455,1.62449163
9456,1.02745295
9457,0.39454939
9458,0.00050320
9459,2.15955993
9460,1.16573271
9461,1.20156034
9462,0.73198390
9463,1.03616823
9464,1.55313307
9465,1.09649818
9466,2.03481113
9467,0.47726866
9468,0.30447269
9469,2.11668964
9470,0.49046784
9471,0.76436837
9472,1.83294987
9473,0.07140228
9474,1.28842218
9475,0.79992582
9476,2.32686374
9477,1.30707911
9478,1.27627953
9479,1.59921045
9480,1.98614817
9481,0.72452612
9482,0.06084383
9483,1.46222939
9484,1.10925547
9485,0.52515900
9486,1.78456282
9487,1.82229651
9488,2.43107481
9489,2.34886653
9490,0.58332351
9491,0.95492265
9492,1.85280924
9493,0.04556625
9494,2.04177957
9495,1.62734110
9496,0.76400783
9497,2.17977674
9498,1.15666671
9499,0.58956856
9500,2.01433884
9501,2.27279440
9502,0.36187973
9503,2.34694778
9504,0.41732827
9505,1.70357898
9506,1.21966346
9507,2.16205707
9508,2.45942381
9509,0.25181714
9510,1.12978127
9511,2.14593443
9512,1.00523237
9513,0.42655472
9514,1.19980890
9515,0.10899439
9516,0.44029729
9517,2.11658327
9518,2.07203097
9519,1.99919432
9520,0.14858858
9521,1.61857698
9522,1.12547836
9523,1.65555994
9524,0.84455157
9525,0.73380220
9526,2.30153563
9527,1.71242754
9528,1.56802213
9529,1.26811609
9530,0.73454571
9531,1.09155397
9532,2.21082892
9533,2.10929713
9534,0.24736934
9535,1.95201203
9536,1.66178334
9537,1.62307283
9538,0.79508903
9539,2.33206134
9540,1.40276824
9541,2.09417583
9542,0.20581488
9543,1.25240654
9544,0.59655976
9545,1.02137034
9546,0.82297272
9547,1.38304447
9548,0.32908544
9549,1.10759458
9550,0.80073312
9551,1.69562310
9552,0.61574461
9553,0.85312036
9554,0.64372689
9555,2.33093331
9556,0.23775623
9557,0.46596867
9558,2.17437920
9559,0.92944486
9560,1.86110505
9561,0.19672451
9562,0.35057891
9563,1.49658001
9564,0.40998526
9565,0.60028142
9566,0.90529116
9567,1.54701950
9568,0.41043083
9569,0.16170200
9570,0.97053082
9571,1.67355334
9572,2.00371754
9573,1.40732628
9574,0.80019512
9575,2.29689770
9576,0.77676461
9577,1.90481608
9578,1.88943669
9579,1.63967945
9580,1.31449648
9581,0.51876251
9582,1.40820117
9583,0.02271513
9584,2.35807680
9585,1.30234610
9586,1.18815313
9587,2.35615124
9588,2.12210025
9589,0.73220412
9590,2.31894884
9591,2.26472113
9592,0.41829509
9593,1.06758326
9594,0.95821535
9595,1.38402458
9596,1.61842834
9597,1.00426972
9598,1.64630649
9599,1.54318330
9600,1.24088159
9601,0.06770065
9602,0.65359546
9603,0.93819990
9604,1.77343772
9605,0.89785647
9606,0.63013169
9607,0.10272364
9608,1.75896808
9609,0.91752689
9610,1.30383253
9611,2.17994069
9612,1.63184233
9613,0.60825693
9614,0.69332585
9615,1.54581183
9616,2.05804330
9617,0.44905329
9618,1.03524482
9619,0.51253398
9620,0.29506438
9621,1.72003442
9622,1.00116312
9623,1.02036044
9624,2.09126595
9625,0.03485521
9626,0.56728471
9627,0.13403002
9628,0.04934119
9629,1.31657385
9630,0.80234627
9631,1.68596934
9632,0.47669675
9633,0.32141505
9634,1.82253617
9635,0.12680536
9636,1.36724225
9637,0.12975783
9638,2.31775272
9639,2.21282987
9640,0.13965595
9641,2.33953517
9642,1.37764682
9643,1.83502927
9644,2.09258063
9645,1.12388445
9646,1.13690022
9647,0.82904250
9648,1.52309862
9649,0.07785575
9650,1.69695146
9651,1.81758419
9652,1.71577003
9653,1.53729381
9654,0.79873728
9655,1.69297797
9656,0.95727356
9657,1.59586961
9658,0.62435146
9659,0.65744382
9660,1.61521871
9661,0.42677643
9662,2.06965203
9663,2.03534914
9664,1.37039859
9665,0.64396659
9666,0.85240682
9667,0.36863626
9668,1.85063456
9669,2.37269316
9670,0.29173369
9671,0.17869903
9672,1.07649445
9673,2.41115091
9674,0.51454302
9675,0.50840082
9676,0.99423395
9677,0.83169270
9678,0.65955179
9679,1.42625195
9680,0.26857864
9681,0.22305231
9682,1.22107430
9683,2.35172882
9684,0.48715844
9685,0.56720453
9686,0.56066940
9687,0.20928602
9688,0.24244803
9689,0.79106398
9690,0.70928213
9691,1.45818414
9692,0.40594878
9693,2.25789708
9694,1.41276033
9695,1.99425489
9696,0.31532480
9697,2.02632002
9698,1.01165801
9699,0.82112547
9700,2.18096502
9701,1.09207454
9702,0.72811194
9703,0.99363035
9704,1.46506342
9705,0.60115129
9706,1.24683950
9707,0.81403808
9708,0.31650983
9709,0.07130568
9710,2.04351553
9711,2.22786226
9712,0.70588103
9713,1.89515954
9714,1.01115202
9715,0.87008367
9716,0.71153053
9717,0.81857809
9718,0.87984014
9719,0.29337999
9720,2.04221460
9721,1.05240060
9722,0.47848950
9723,1.02262553
9724,1.18268251
9725,1.86057867
9726,0.40227284
9727,1.23960436
9728,1.89735325
9729,2.02008059
9730,0.37481770
9731,0.90514401
9732,1.74273796
9733,0.84003626
9734,1.63866070
9735,0.65120209
9736,0.80333963
9737,0.18541938
9738,1.59525713
9739,0.72840557
9740,0.21532815
9741,0.65092356
9742,0.44672445
9743,0.92790253
9744,2.36834286
9745,2.28018191
9746,2.08071750
9747,1.98649929
9748,2.24662420
9749,0.41950858
9750,1.23667808
9751,1.94912111
9752,2.33234570
9753,1.51564149
9754,0.33500318
9755,0.86268190
9756,0.46712185
9757,1.90072794
9758,1.99574303
9759,0.98266307
9760,0.00175876
9761,2.29088933
9762,2.18316047
9763,2.30657782
9764,1.85331806
9765,2.45525011
9766,0.67738476
9767,0.31333809
9768,2.06747640
9769,2.02048120
9770,0.66107474
9771,1.48864608
9772,0.23007746
9773,0.36612888
9774,2.40986043
9775,2.16447976
9776,0.43027781
9777,1.62014302
9778,1.76438920
9779,1.31557879
9780,1.24371728
9781,1.68942494
9782,0.06611972
9783,2.39304752
9784,1.51269829
9785,1.18386962
9786,0.69670035
9787,0.67811565
9788,1.53085458
9789,0.47821440
9790,1.73896896
9791,0.21258726
9792,0.95857958
9793,0.70175970
9794,0.00507949
9795,1.72731230
9796,2.20482116
9797,0.96306870
9798,0.59727603
9799,1.62932801
9800,0.28117635
9801,2.11274541
9802,1.25473626
9803,1.68985816
9804,0.76010739
9805,1.30725860
9806,1.40510165
9807,1.54124207
9808,1.96263757
9809,1.06977231
9810,1.07088804
9811,1.06246862
9812,0.09814887
9813,0.91995596
9814,2.30086663
9815,1.68754407
9816,0.92745978
9817,2.03326215
9818,0.67982675
9819,1.03263523
9820,0.71885507
9821,1.01193201
9822,0.34616766
9823,1.42225623
9824,0.34969232
9825,1.12363851
9826,1.88922313
9827,2.22428827
9828,1.63925139
9829,0.94654747
9830,0.50436184
9831,0.69491838
9832,0.67384824
9833,1.64978347
9834,1.90556975
9835,0.35429563
9836,1.12743136
9837,1.88089443
9838,1.73197971
9839,0.26904731
9840,1.42398880
9841,2.31943134
9842,2.12785469
9843,0.58783787
9844,2.08643474
9845,2.44193494
9846,2.31819981
9847,2.15512447
9848,0.29959785
9849,1.07896342
9850,1.63390995
9851,2.15504795
9852,2.06125134
9853,1.02532721
9854,0.88275460
9855,1.73690947
9856,0.68506526
9857,1.04340188
9858,2.11618910
9859,0.69620426
9860,2.10546975
9861,0.14257024
9862,0.21500677
9863,0.90287565
9864,1.68662625
9865,0.55326051
9866,2.38555729
9867,1.48408554
9868,0.19521300
9869,0.58320788
9870,2.13315263
9871,0.27862084
9872,0.06073858
9873,0.61380904
9874,0.06926211
9875,0.50035076
9876,1.21532027
9877,2.05939601
9878,1.13547174
9879,1.37787680
9880,0.28522033
9881,0.85696390
9882,1.61415485
9883,1.19525406
9884,2.33097960
9885,1.03782177
9886,2.29198421
9887,0.52135168
9888,1.68263281
9889,1.90893861
9890,2.39675617
9891,0.42631045
9892,1.53506347
9893,2.30779529
9894,1.23760995
9895,2.43955910
9896,2.24741780
9897,0.73405008
9898,1.20782908
9899,0.80520050
9900,2.00013150
9901,0.13622549
9902,1.70773334
9903,0.01101941
9904,0.13894373
9905,1.93108796
9906,0.52872418
9907,1.41498009
9908,2.26435847
9909,0.43923133
9910,0.97764005
9911,1.92956043
9912,1.52716799
9913,1.55194709
9914,0.47629484
9915,1.30267311
9916,2.08296544
9917,1.30547351
9918,1.58743654
9919,1.73320613
9920,0.90785682
9921,1.28071581
9922,0.88429426
9923,0.68509293
9924,0.18658827
9925,2.20108866
9926,0.85147809
9927,1.76652119
9928,0.51143457
9929,1.47934165
9930,1.84172308
9931,1.73068517
9932,1.18077669
9933,2.45057883
9934,0.37800826
9935,1.84405580
9936,0.30114333
9937,1.24514858
9938,0.01519347
9939,0.15415346
9940,2.23604927
9941,1.84010729
9942,0.09433651
9943,0.20812181
9944,0.26356394
9945,2.09027184
9946,1.18667136
9947,2.06938966
9948,1.49346567
9949,1.90557367
9950,0.32476519
9951,1.78851916
9952,0.73455584
9953,1.57994815
9954,0.37733887
9955,0.81588179
9956,1.98786073
9957,0.18714990
9958,0.38293805
9959,0.70899030
9960,0.52197823
9961,2.06017103
9962,2.17897189
9963,2.05801012
9964,1.08487950
9965,1.56864126
9966,1.41688004
9967,1.59231730
9968,1.52469311
9969,2.28996970
9970,1.61247736
9971,0.07909080
9972,1.86376232
9973,1.38162491
9974,1.95160266
9975,0.83589577
9976,0.51545384
9977,1.25678967
9978,0.56350006
9979,1.46247159
9980,1.35000222
9981,1.71355282
9982,0.06175048
9983,1.95411037
9984,0.30050233
9985,1.17882312
9986,1.03688190
9987,2.43261389
9988,1.97783203
9989,2.26548267
9990,0.66424057
9991,1.24383355
9992,2.17020782
9993,2.12590026
9994,1.47081798
9995,1.24784342
9996,0.62576696
9997,1.31249706
9998,2.14756071
9999,1.78493962
