step,entropy
0,0.00129881
1,0.01137343
2,0.00528896
3,0.00482675
4,0.00079973
5,0.00109556
6,0.00101464
7,0.02250722
8,0.01536546
9,0.00245548
10,0.00422513
11,0.00105465
12,0.21417183
13,0.00176983
14,0.00229891
15,0.00393046
16,0.00109301
17,0.00143473
18,0.00126997
19,0.01188103
20,0.00104027
21,0.00121501
22,0.00111460
23,0.00117122
24,0.00474548
25,0.00053382
26,0.00143001
27,0.01465104
28,0.01202068
29,0.00197252
30,0.00199205
31,0.00289182
32,0.00214614
33,0.00265972
34,0.00076465
35,0.00173034
36,0.02237671
37,0.00143215
38,0.00107702
39,0.00172367
40,0.00191599
41,0.36293831
42,0.00161502
43,0.00101567
44,0.00373377
45,0.00183726
46,0.00145618
47,0.00294442
48,0.00120393
49,0.00291761
50,0.00390608
51,0.00144729
52,0.00172338
53,0.00241620
54,0.00236463
55,0.00072769
56,0.00180414
57,0.01250535
58,0.00362536
59,0.00455284
60,0.00109775
61,0.00279883
62,0.00119893
63,0.01128953
64,0.00509094
65,0.00137997
66,0.00228291
67,0.00078553
68,0.01257644
69,0.00248196
70,0.00160955
71,0.01170763
72,0.00060052
73,0.00357713
74,0.00144301
75,0.01149711
76,0.00106353
77,0.00192431
78,0.00212348
79,0.00085595
80,0.00167172
81,0.00210018
82,0.00100863
83,0.01168356
84,0.00192523
85,0.00378862
86,0.02009845
87,0.01208855
88,0.00374126
89,0.00290758
90,0.00205473
91,0.00142020
92,0.00139481
93,0.00122068
94,0.01161551
95,0.00261695
96,0.00496713
97,0.00154316
98,0.00106662
99,0.01804842
100,0.00155965
101,0.00172724
102,0.01207533
103,0.00413464
104,0.00119978
105,0.00310557
106,0.57681583
107,0.00482367
108,0.00220907
109,0.00096630
110,0.00169323
111,0.00109334
112,0.01526104
113,0.00123364
114,0.00162744
115,0.00151873
116,0.00076345
117,0.00114914
118,0.00113872
119,0.00373932
120,1.11670311
121,0.00100564
122,0.00254880
123,0.00208142
124,1.57722205
125,0.00150049
126,0.00264282
127,0.00105853
128,0.00117126
129,0.00174238
130,0.00214585
131,0.00147163
132,0.00230602
133,0.00184048
134,1.05620882
135,1.65654783
136,0.00148168
137,0.00154212
138,0.00315078
139,0.00276774
140,0.00181650
141,0.00133144
142,0.04829425
143,0.00258442
144,0.00185060
145,0.00216090
146,0.01113888
147,0.00163377
148,0.00206509
149,0.01255604
150,0.00480722
151,0.00115573
152,0.00226461
153,0.00153711
154,0.00225124
155,0.01281130
156,0.02198168
157,0.00167128
158,0.00369275
159,0.02033645
160,0.00121512
161,0.00118983
162,0.00114789
163,0.00122891
164,0.00394595
165,0.00216225
166,0.00116333
167,0.00185423
168,0.00128167
169,0.00451350
170,0.00383531
171,0.00205303
172,0.06466890
173,0.00221976
174,0.00205211
175,0.00103775
176,0.00071399
177,0.00055618
178,0.00200512
179,0.01149660
180,0.00414099
181,0.00364751
182,0.00403764
183,0.01176150
184,0.00053923
185,0.00177865
186,0.00173778
187,0.00174902
188,0.00116393
189,0.00187120
190,0.00238550
191,0.03928568
192,2.00250933
193,0.56609027
194,0.02170923
195,0.00074119
196,0.00079758
197,0.00256492
198,0.00053780
199,0.00170877
200,0.00125207
201,0.00069136
202,0.44839289
203,0.00257803
204,0.00155849
205,0.00066605
206,0.00060910
207,0.00152394
208,0.02331317
209,0.00226007
210,0.00157056
211,0.00162207
212,0.00243283
213,0.01072295
214,0.00502933
215,0.00433819
216,0.00130358
217,0.00073331
218,0.01253217
219,0.00202347
220,0.00108500
221,0.00120050
222,0.00185124
223,0.01298630
224,0.00178895
225,0.00168928
226,0.00210012
227,0.01113842
228,0.02086220
229,2.25395401
230,0.00065897
231,0.00055045
232,0.00062585
233,0.00117579
234,0.00200689
235,0.00114563
236,0.00122401
237,0.00257084
238,0.00120071
239,0.00195179
240,0.00265246
241,0.00044606
242,0.00159168
243,0.02208935
244,0.00097638
245,0.00250833
246,0.00224401
247,0.00085073
248,0.00502866
249,0.00405815
250,0.00070278
251,0.00228180
252,0.00202401
253,0.00217054
254,0.00125790
255,0.00279798
256,0.00213479
257,0.00117949
258,0.02466583
259,0.00111918
260,0.01074800
261,0.00043379
262,0.00325508
263,0.00133934
264,0.00162003
265,0.00334772
266,0.00069621
267,0.00234004
268,0.00117115
269,0.00299892
270,0.00249311
271,0.00174555
272,0.00052568
273,0.00196183
274,0.00218041
275,0.00190138
276,0.00089537
277,0.00062733
278,0.00271870
279,0.00158801
280,0.00158948
281,0.00154416
282,0.00119466
283,0.00125831
284,0.00219953
285,0.00125943
286,0.00062112
287,0.00201009
288,0.02104199
289,0.00155682
290,0.00152217
291,0.01272220
292,0.00226207
293,0.00157864
294,0.00451627
295,0.00122645
296,0.00532768
297,0.00109624
298,0.00220440
299,0.00333467
300,0.00152905
301,0.00148919
302,0.00499101
303,0.00069106
304,0.00500223
305,0.00365942
306,0.00212264
307,0.00148830
308,0.00189337
309,0.00405576
310,0.00119271
311,0.00124207
312,0.00076569
313,0.00251217
314,0.00122117
315,0.00154455
316,0.00170603
317,0.00162240
318,0.00183182
319,0.00294926
320,0.01512812
321,0.00260103
322,0.08460895
323,0.00053114
324,0.00482380
325,0.00163978
326,0.00175536
327,0.00305880
328,0.00193297
329,0.00056089
330,0.00209560
331,0.01412296
332,0.00224085
333,0.00153437
334,0.00212048
335,0.00231061
336,0.00175472
337,0.00211766
338,0.00321617
339,0.00467930
340,0.00196983
341,0.00168911
342,0.01983153
343,0.40335076
344,0.00427384
345,0.05044085
346,0.00175828
347,0.00301909
348,1.51070459
349,0.02193650
350,0.00218256
351,0.00229457
352,0.00189532
353,0.00220078
354,1.31197437
355,0.00382283
356,0.00373133
357,0.00359503
358,0.00190236
359,0.01204277
360,0.00165246
361,0.00382246
362,0.00122646
363,0.00072935
364,0.00121900
365,0.00226074
366,0.00261285
367,0.01180793
368,0.00144211
369,0.00167960
370,0.00188237
371,0.00228253
372,0.00169943
373,0.00226933
374,0.01127277
375,0.00434652
376,0.00090409
377,0.00177471
378,0.00129313
379,0.00345696
380,0.00197877
381,0.00180458
382,0.00234329
383,0.00186204
384,0.00118049
385,0.00178672
386,0.00327160
387,0.00054846
388,0.00105638
389,0.00114082
390,0.02257880
391,0.01253322
392,0.16357880
393,0.00247002
394,0.00348712
395,0.00096668
396,0.00134397
397,0.00111624
398,0.00519974
399,0.00230823
400,0.00156997
401,0.00094288
402,0.00088706
403,0.02204237
404,0.00096810
405,0.00057663
406,0.00091753
407,0.00063369
408,0.00210543
409,0.00183612
410,0.01312545
411,0.00157294
412,0.00067774
413,0.00122356
414,0.00259840
415,0.00124528
416,0.00130702
417,1.00320170
418,0.00820186
419,0.02358836
420,0.00126592
421,0.00179695
422,0.00173886
423,0.01063986
424,0.00538328
425,0.00187839
426,0.00134249
427,0.00210913
428,0.00125560
429,0.00122728
430,0.00190957
431,0.00194888
432,0.00195763
433,0.00189596
434,0.00056083
435,0.00171085
436,0.00165505
437,0.01293176
438,0.57709617
439,0.01454251
440,0.00053931
441,0.00100307
442,0.00397888
443,0.00068758
444,0.00351953
445,0.00141811
446,0.00410462
447,0.00125834
448,0.00093212
449,0.00167035
450,0.00396475
451,0.00110419
452,0.00241550
453,0.00269960
454,0.00164682
455,0.01195074
456,0.00100906
457,0.00113067
458,0.00162648
459,0.00200990
460,0.00192227
461,0.00099361
462,0.00067583
463,0.00360902
464,0.00325910
465,1.30650331
466,0.00204857
467,0.00202375
468,2.21298081
469,0.00189711
470,0.00218710
471,0.00116794
472,0.00538877
473,0.00123645
474,0.00166050
475,0.00050000
476,0.00110686
477,0.00197785
478,0.00055018
479,0.00056612
480,0.00125174
481,0.00109795
482,0.00256209
483,0.00350456
484,0.00100510
485,0.00159421
486,0.00069912
487,0.00406824
488,0.01263586
489,0.01266724
490,0.00270047
491,0.00075103
492,0.00081819
493,0.00120216
494,0.00297372
495,0.00194757
496,0.00169255
497,0.00160522
498,0.00192256
499,0.00163925
500,0.00056059
501,0.00185138
502,0.00240398
503,0.00243491
504,0.00152297
505,0.00182181
506,2.18708107
507,0.00216117
508,0.00203349
509,0.00235649
510,0.00167538
511,0.00134641
512,0.00166088
513,0.00212487
514,0.00306015
515,0.00176488
516,0.00234680
517,0.00099068
518,0.00187691
519,0.02136256
520,0.00108847
521,0.00352981
522,0.00108764
523,0.00186886
524,0.00040373
525,0.01287389
526,0.00335015
527,0.00159712
528,0.00346838
529,0.00058723
530,0.00173549
531,0.00492520
532,0.00099748
533,0.01359108
534,0.00076078
535,0.01513083
536,0.00109181
537,0.00057220
538,0.00128584
539,0.00491042
540,0.01273748
541,0.01212195
542,0.00413585
543,0.00232191
544,0.00384640
545,0.00166984
546,0.00110983
547,0.00322460
548,0.00091412
549,0.00176332
550,0.01336570
551,0.01155059
552,0.00177311
553,0.00221378
554,0.00071349
555,0.00216685
556,0.00204604
557,0.01419409
558,0.00217460
559,0.00186740
560,0.00059847
561,0.01567197
562,0.00410770
563,0.00119868
564,0.00129282
565,0.00227103
566,0.02100420
567,0.00101886
568,0.00163484
569,0.00462105
570,0.00332606
571,0.00185349
572,0.00109439
573,0.00187299
574,0.00094099
575,0.00173194
576,0.00308841
577,0.00385365
578,0.00177986
579,0.00520355
580,0.00394906
581,0.00096580
582,0.00236153
583,0.00219297
584,0.00284697
585,0.00072017
586,0.00125226
587,0.00176740
588,0.00208313
589,0.00189239
590,0.00178238
591,0.01414256
592,0.00162398
593,0.00196186
594,0.00241426
595,0.00204972
596,0.01268633
597,0.00200189
598,0.00130378
599,0.00355401
600,0.00247071
601,0.00404276
602,0.43089903
603,0.00172519
604,0.00207543
605,0.00215393
606,0.01172602
607,0.00178003
608,0.72413181
609,0.00453844
610,0.00475097
611,0.00107090
612,0.00143710
613,0.00127389
614,0.00116528
615,0.00239243
616,0.00700090
617,0.00123294
618,0.00166222
619,0.01223530
620,0.00274243
621,0.00187279
622,0.00128059
623,0.00112108
624,0.00761888
625,0.04814176
626,0.00167979
627,0.00210665
628,0.00087356
629,0.00523221
630,0.00120736
631,0.00159637
632,0.00113919
633,0.00098594
634,0.00211360
635,0.00144224
636,0.01334345
637,0.00052623
638,0.00058093
639,0.00185106
640,0.00256751
641,0.00111946
642,0.00147621
643,0.00370967
644,0.00114658
645,0.00234988
646,0.00054367
647,0.00172948
648,0.00482899
649,0.00114095
650,0.00238198
651,0.02071575
652,0.00235092
653,0.00195213
654,0.01084369
655,0.00112204
656,0.00219169
657,0.00446459
658,0.00279237
659,0.00116981
660,0.00127468
661,0.00171607
662,0.00309896
663,0.00134376
664,0.00170731
665,0.00125870
666,0.00150836
667,0.00126667
668,0.00178529
669,0.00092410
670,0.00363002
671,0.00149525
672,0.00188493
673,0.01259461
674,0.00188935
675,0.00132587
676,0.00121512
677,0.00128713
678,0.00163301
679,1.10833167
680,0.00160797
681,0.00370099
682,0.00379328
683,0.00397237
684,0.00108095
685,0.00115913
686,0.01557166
687,0.85120134
688,0.00262872
689,0.00202968
690,0.00171910
691,0.00216523
692,0.00132203
693,0.01495340
694,0.00279471
695,0.00219642
696,0.00146916
697,0.00169899
698,1.84378037
699,0.00258719
700,0.00343199
701,0.00191822
702,0.00179205
703,0.00265922
704,0.00257519
705,0.00167780
706,0.01255246
707,0.00054820
708,0.00389032
709,1.73247216
710,0.00147650
711,0.00145332
712,0.00095198
713,0.16288980
714,0.00149912
715,0.00059172
716,0.00160812
717,0.00252351
718,0.00076683
719,0.04219161
720,0.00082204
721,0.00103175
722,0.00340780
723,0.00139539
724,0.00119266
725,0.00127489
726,0.00353507
727,0.00077957
728,0.00171424
729,0.01078712
730,1.30299715
731,0.00269954
732,0.00247837
733,0.00079376
734,0.00176446
735,0.00515385
736,0.00264904
737,0.00538156
738,0.01792929
739,0.00090541
740,0.00307294
741,0.00133660
742,0.00184656
743,0.00260299
744,0.02322405
745,0.00160366
746,0.00120735
747,0.00372234
748,0.01114348
749,0.00236855
750,0.01651723
751,0.63654551
752,0.00090730
753,0.01175704
754,0.04048546
755,0.00202773
756,0.00132515
757,0.00199819
758,0.01177051
759,0.00258805
760,0.00286233
761,0.00071944
762,0.01200452
763,0.08496608
764,0.00377656
765,0.00163284
766,0.00133337
767,0.00095309
768,0.01200647
769,0.00056790
770,0.00175708
771,0.00320007
772,0.35572467
773,0.00333748
774,0.00110060
775,0.00179979
776,0.00073017
777,0.00060267
778,0.00507211
779,0.00391708
780,0.00189693
781,0.00203946
782,0.00144409
783,0.01732226
784,0.01284600
785,0.00191253
786,0.00118961
787,0.00221153
788,0.00166175
789,0.01209030
790,0.00196057
791,0.00205908
792,0.00058345
793,0.00167154
794,0.01067193
795,0.00162409
796,0.00056484
797,0.00163908
798,0.00227916
799,0.00361898
800,0.01165875
801,0.00123617
802,0.00116112
803,0.01257903
804,0.00270646
805,0.00428079
806,0.01227329
807,0.00267170
808,0.36836628
809,0.00367602
810,0.00137931
811,0.00481991
812,0.01144727
813,0.00323907
814,0.00110118
815,0.00382286
816,0.00269610
817,0.00121492
818,0.00137667
819,0.00536065
820,0.00381168
821,0.00238093
822,0.00330966
823,0.01149759
824,0.00213714
825,0.00062090
826,0.00192619
827,0.00534396
828,0.00205590
829,0.00174984
830,0.00266800
831,0.00426072
832,0.00284208
833,0.00121813
834,0.00563871
835,0.00146557
836,0.00131383
837,0.00055320
838,0.00278344
839,0.00189869
840,0.00258400
841,0.00520865
842,0.00273613
843,0.00408545
844,0.00164083
845,0.00152255
846,0.00278137
847,0.00110363
848,0.00328904
849,0.00157181
850,0.00152562
851,0.00098057
852,0.01332451
853,0.00250605
854,0.00098751
855,0.00317776
856,0.01231151
857,0.00250132
858,0.00229748
859,0.00234876
860,0.00168518
861,0.00092854
862,0.00108293
863,0.00112550
864,0.01853978
865,0.01131271
866,0.00343077
867,0.00199471
868,0.00309816
869,0.00144282
870,0.01237570
871,0.02127701
872,0.00159915
873,0.00237005
874,0.00383978
875,0.00496127
876,0.00129585
877,0.00529596
878,0.00187510
879,0.00521429
880,0.00152841
881,0.02420350
882,0.02226887
883,0.00398867
884,0.01139776
885,0.00196433
886,0.00160821
887,0.00224828
888,0.01341839
889,0.00234069
890,0.00378779
891,0.00267456
892,0.00106805
893,0.00125621
894,0.01127757
895,0.00056906
896,0.00097609
897,0.00076737
898,0.00121645
899,0.00110884
900,0.00426196
901,0.00230850
902,0.93843209
903,0.00226707
904,0.00175030
905,0.00051985
906,0.01173693
907,0.00333707
908,0.02407987
909,0.00161812
910,0.00526864
911,0.00370044
912,0.00116222
913,0.00140422
914,0.00207364
915,0.00188218
916,0.00251086
917,0.00171795
918,0.00059752
919,0.00176679
920,0.00125184
921,0.01824606
922,0.00351668
923,0.00356212
924,0.00255512
925,0.00185689
926,0.01297334
927,0.00320303
928,0.00201403
929,2.08560237
930,0.00247981
931,0.01609616
932,0.00215467
933,0.00548391
934,0.00217452
935,0.00317509
936,0.01154539
937,0.00073678
938,0.00156441
939,0.00335901
940,0.00111192
941,0.00076170
942,0.00116810
943,0.00213408
944,0.00112791
945,0.00355188
946,0.00226288
947,0.01745378
948,0.00187802
949,1.07339514
950,0.00100938
951,0.00203555
952,0.00153712
953,0.00173895
954,0.00090375
955,0.00249491
956,0.01840747
957,0.00213661
958,0.00225050
959,0.00543489
960,0.00224938
961,0.00094096
962,0.00072789
963,0.03910947
964,0.00053914
965,0.00253848
966,0.01175917
967,0.00155902
968,0.00054816
969,0.00271433
970,0.00312317
971,0.00089208
972,0.00074984
973,0.00178688
974,0.00122015
975,0.00520870
976,0.00114699
977,0.00164141
978,0.00286136
979,0.00464061
980,0.00458714
981,0.00111299
982,0.00086981
983,0.00152438
984,0.00467694
985,0.01345757
986,0.00115986
987,0.00365788
988,0.00198378
989,1.27770482
990,0.00166744
991,0.00319283
992,0.00099036
993,0.00173408
994,0.00113310
995,0.00158299
996,0.01110787
997,0.00250329
998,0.02455280
999,0.00144829
1000,0.00389468
1001,0.00093668
1002,0.00149506
1003,0.00123290
1004,0.01801548
1005,0.00066665
1006,0.00114998
1007,0.00065311
1008,0.00139528
1009,0.00052612
1010,0.01132526
1011,0.00199487
1012,0.01841454
1013,0.00240168
1014,0.00104504
1015,0.00234678
1016,0.00160228
1017,0.00225222
1018,0.00113606
1019,0.02119759
1020,0.00187474
1021,0.00159130
1022,0.00097019
1023,0.00226103
1024,0.00198199
1025,0.00152189
1026,0.00274818
1027,0.00279604
1028,0.00167324
1029,0.00064276
1030,0.00111644
1031,0.00380204
1032,0.02355894
1033,0.00248215
1034,0.00298292
1035,0.00213247
1036,0.00239580
1037,0.00202966
1038,0.02494988
1039,0.00152705
1040,0.00148465
1041,0.00193430
1042,0.00168500
1043,0.00301492
1044,0.00261979
1045,0.36267419
1046,0.00109661
1047,0.00300339
1048,0.00076557
1049,0.01624888
1050,0.00213768
1051,0.00162060
1052,0.00154750
1053,0.00376943
1054,0.00177942
1055,0.00115890
1056,0.00110870
1057,0.00107890
1058,0.00193490
1059,0.00156531
1060,0.01082280
1061,0.00355315
1062,0.00099019
1063,0.00244553
1064,0.00402991
1065,0.01082316
1066,0.00293184
1067,0.00117433
1068,0.00168935
1069,0.00116200
1070,0.00128503
1071,0.00092900
1072,0.00209614
1073,0.00204301
1074,0.01039740
1075,0.00544295
1076,0.00384701
1077,0.00442312
1078,0.00167699
1079,0.01176534
1080,0.00051295
1081,0.02253521
1082,0.00123409
1083,0.00166090
1084,0.00226166
1085,0.00186674
1086,0.00177474
1087,0.00121010
1088,0.00239429
1089,0.00122061
1090,0.00194795
1091,0.00181611
1092,0.00386005
1093,0.00169387
1094,0.00360698
1095,0.00338376
1096,0.34197497
1097,0.01177316
1098,0.00104533
1099,0.00157923
1100,0.00185803
1101,0.00206506
1102,0.00087422
1103,0.00127085
1104,0.00434276
1105,0.00180421
1106,0.00213768
1107,0.00161664
1108,0.00136760
1109,0.01238812
1110,0.00193466
1111,0.00736665
1112,0.00127120
1113,0.00163811
1114,0.00230455
1115,0.00064090
1116,0.00150203
1117,0.15885141
1118,0.00114433
1119,0.00476906
1120,0.00119779
1121,0.00156944
1122,0.01192600
1123,0.00227044
1124,0.01558886
1125,0.01115598
1126,0.00147001
1127,0.00054812
1128,0.01261152
1129,0.00185730
1130,0.00077665
1131,0.00067267
1132,0.00339083
1133,0.00242615
1134,0.00113960
1135,0.00386112
1136,0.00123841
1137,0.00175247
1138,0.00163887
1139,0.00231506
1140,0.00142042
1141,0.01229627
1142,0.00184831
1143,0.00279951
1144,0.02263649
1145,0.00129799
1146,0.00227832
1147,0.00150093
1148,0.00074435
1149,0.00223738
1150,0.00126255
1151,0.00240708
1152,1.72237971
1153,0.00285446
1154,0.01110349
1155,0.00204970
1156,0.00381277
1157,0.00118879
1158,0.00233286
1159,0.02063343
1160,0.00111276
1161,0.00185268
1162,0.00289358
1163,0.00078617
1164,0.00125296
1165,0.00103668
1166,0.00169792
1167,0.00147284
1168,0.00159723
1169,0.00219798
1170,0.00064092
1171,0.01187561
1172,0.00111351
1173,0.00145071
1174,0.02369386
1175,0.00150433
1176,0.00320224
1177,0.00162462
1178,0.00182247
1179,0.00153052
1180,0.00052094
1181,0.00058801
1182,0.00409190
1183,0.00073022
1184,0.00543205
1185,0.00164270
1186,0.00401180
1187,0.00219236
1188,0.00173508
1189,0.00042849
1190,0.00114771
1191,0.00138229
1192,0.00104360
1193,0.00532175
1194,0.00227580
1195,0.00122659
1196,0.00112706
1197,0.00179998
1198,0.01153544
1199,0.00470120
1200,0.00244225
1201,0.00275195
1202,0.00143578
1203,0.00105055
1204,0.00285336
1205,0.01323266
1206,0.00077022
1207,0.00359000
1208,0.00203396
1209,0.00156011
1210,0.00168631
1211,0.00275627
1212,0.00198223
1213,0.00116591
1214,0.00122424
1215,0.00071618
1216,0.00345665
1217,0.00097370
1218,0.00151310
1219,0.00268216
1220,0.01146492
1221,0.00188978
1222,0.00368502
1223,0.00479452
1224,0.02135606
1225,0.00059872
1226,0.00054916
1227,0.00151136
1228,0.00165512
1229,0.00242490
1230,0.00101055
1231,0.00150885
1232,0.00129965
1233,0.01407773
1234,0.00078744
1235,0.00143541
1236,0.00236290
1237,0.00050179
1238,0.00122741
1239,0.00058895
1240,0.00102719
1241,0.00328185
1242,0.00191801
1243,1.14917397
1244,0.00124410
1245,0.00155774
1246,0.00166041
1247,0.00190632
1248,0.00247416
1249,0.00152577
1250,0.00237123
1251,0.00055575
1252,0.00132097
1253,2.03037350
1254,0.00176746
1255,0.00315582
1256,0.00152648
1257,0.00161565
1258,0.00118866
1259,0.00537977
1260,0.00076637
1261,0.01176538
1262,0.02347449
1263,0.00334440
1264,0.00124267
1265,0.00095121
1266,0.00219815
1267,0.00384178
1268,0.00149746
1269,0.00110055
1270,0.00154186
1271,0.00137000
1272,0.02142102
1273,0.00055907
1274,0.00192595
1275,0.00217156
1276,0.00147363
1277,0.76948209
1278,0.00385841
1279,0.01198305
1280,0.00095571
1281,0.00157979
1282,0.01122359
1283,0.00195437
1284,0.00075928
1285,0.00253714
1286,0.00115157
1287,0.00542983
1288,0.00124942
1289,0.00103561
1290,0.00061167
1291,0.00528963
1292,0.00285172
1293,0.00106284
1294,0.00406933
1295,0.00344652
1296,0.00055684
1297,0.02163069
1298,0.00200677
1299,0.00500077
1300,0.00094937
1301,0.00327205
1302,0.00254078
1303,0.00067234
1304,0.00128004
1305,0.00116185
1306,0.00245701
1307,0.00203371
1308,0.00147013
1309,0.00171636
1310,0.00122365
1311,0.00225744
1312,0.00141628
1313,0.00119972
1314,0.00125041
1315,0.01209594
1316,0.00088009
1317,0.00367650
1318,0.00156721
1319,0.01288947
1320,0.00111206
1321,0.00045807
1322,0.00103801
1323,0.00144760
1324,0.00090171
1325,0.00143641
1326,0.00112536
1327,0.00050318
1328,0.00142329
1329,0.00334729
1330,0.00103417
1331,0.01266248
1332,0.00139450
1333,0.00043552
1334,0.01984922
1335,0.01157015
1336,0.00309977
1337,0.02123830
1338,0.01147980
1339,0.00154539
1340,0.00133120
1341,0.00041662
1342,0.01479286
1343,0.01225394
1344,0.00257582
1345,0.00165570
1346,0.00094504
1347,0.00055989
1348,0.00332751
1349,0.00384602
1350,0.00139954
1351,0.00218072
1352,0.00103908
1353,0.00245510
1354,0.00229993
1355,0.00202396
1356,0.00089331
1357,0.02328470
1358,0.00126980
1359,0.01159420
1360,0.00202621
1361,0.00068259
1362,0.00284935
1363,0.00277877
1364,0.00523187
1365,0.00399091
1366,0.00295016
1367,0.00061676
1368,0.00155797
1369,0.00200769
1370,0.00233102
1371,0.00054171
1372,0.00130992
1373,0.00376889
1374,0.00177257
1375,0.00386381
1376,0.00115389
1377,0.00075973
1378,0.00529781
1379,0.00520475
1380,0.00262019
1381,0.00053514
1382,0.00165891
1383,0.58006462
1384,0.01497538
1385,0.00126910
1386,0.00447081
1387,0.01685928
1388,0.00263943
1389,0.00414685
1390,0.00088008
1391,0.02301800
1392,0.00245581
1393,0.00141412
1394,0.00063204
1395,0.00535264
1396,0.02044453
1397,0.00415275
1398,0.00114642
1399,0.00249086
1400,0.00187306
1401,0.00263925
1402,0.00118741
1403,0.01177864
1404,0.00072223
1405,0.01265465
1406,0.00142766
1407,0.00098674
1408,0.01560875
1409,0.00069888
1410,0.00085521
1411,0.00154145
1412,0.00306431
1413,0.00066776
1414,0.00153188
1415,0.00504435
1416,0.01739487
1417,0.00112304
1418,0.00549336
1419,0.00206510
1420,0.00145005
1421,0.00226459
1422,0.18703349
1423,0.04248484
1424,0.00119058
1425,0.00157831
1426,0.00185537
1427,0.00272837
1428,0.00044836
1429,0.00150824
1430,0.00123358
1431,0.00057757
1432,0.00124538
1433,0.00179062
1434,0.00111378
1435,0.00207198
1436,0.01754174
1437,0.00054658
1438,0.00407242
1439,2.01962932
1440,0.00071322
1441,0.00328071
1442,0.02004682
1443,0.00122734
1444,0.01316026
1445,0.00359407
1446,0.00398609
1447,0.00402808
1448,0.00122996
1449,0.00199097
1450,0.00057572
1451,0.00178952
1452,0.00163966
1453,0.00113620
1454,0.00054257
1455,0.00086758
1456,0.00114699
1457,0.00115814
1458,0.02208751
1459,0.00132862
1460,0.00111188
1461,0.00151018
1462,0.00076294
1463,0.00151970
1464,0.00243433
1465,0.00177886
1466,1.44153196
1467,0.00065554
1468,0.04134060
1469,0.00118189
1470,0.00349293
1471,0.00058095
1472,0.00055330
1473,0.00238379
1474,0.00405719
1475,0.00117891
1476,0.00056254
1477,0.00409144
1478,0.21231413
1479,0.00284525
1480,0.00074254
1481,0.00391475
1482,0.00116403
1483,0.00175417
1484,0.00287755
1485,0.00051389
1486,0.02199066
1487,0.00059397
1488,0.00062270
1489,0.00104238
1490,0.00113947
1491,0.16711503
1492,0.01705627
1493,0.00154948
1494,0.00227164
1495,1.84145219
1496,0.00116898
1497,0.00092038
1498,0.00048024
1499,0.00126224
1500,0.00220575
1501,0.00205547
1502,0.00250983
1503,0.00197648
1504,0.00056384
1505,0.00096967
1506,0.00172394
1507,0.00061265
1508,0.00104806
1509,0.00099330
1510,0.00109267
1511,0.00046381
1512,0.01114188
1513,0.00047124
1514,0.00224554
1515,0.00389489
1516,0.01269395
1517,0.00126750
1518,0.00484832
1519,0.01390344
1520,1.68012083
1521,0.00172865
1522,0.00223731
1523,0.00259826
1524,0.00119260
1525,0.00163934
1526,0.00535018
1527,0.00252119
1528,0.00057358
1529,1.11766355
1530,0.00346206
1531,0.00500232
1532,0.00399239
1533,0.00244225
1534,0.00475425
1535,0.00134432
1536,0.00124124
1537,0.00378580
1538,0.00350270
1539,0.00100892
1540,0.00094735
1541,0.00149245
1542,0.00228960
1543,0.00388464
1544,0.00160157
1545,0.00111608
1546,0.00317291
1547,0.00131405
1548,0.00105196
1549,0.00163210
1550,0.01477208
1551,0.02250120
1552,0.00504038
1553,0.00349365
1554,0.00241325
1555,0.00102285
1556,0.00356546
1557,0.00523773
1558,0.00095603
1559,0.00281752
1560,0.00147562
1561,0.00375478
1562,0.00172380
1563,0.00089621
1564,0.02220272
1565,1.84093291
1566,0.00463679
1567,2.02852440
1568,0.00210080
1569,0.00180380
1570,0.01707597
1571,0.00106551
1572,0.05703090
1573,0.00072391
1574,0.00157732
1575,0.00301310
1576,0.00371393
1577,0.00187730
1578,0.00418362
1579,0.00248157
1580,0.00188391
1581,0.00246533
1582,0.00117761
1583,0.00215258
1584,0.00121964
1585,0.00219275
1586,0.00402181
1587,0.00115384
1588,0.00219186
1589,0.00063781
1590,0.01187281
1591,0.00071694
1592,0.00107115
1593,0.00210201
1594,0.00285163
1595,0.00066070
1596,0.01225464
1597,0.00112142
1598,0.00210654
1599,0.00064221
1600,0.00194096
1601,0.00214426
1602,0.00369141
1603,0.00089561
1604,0.00383746
1605,0.00297115
1606,0.00163843
1607,0.00074735
1608,0.00164404
1609,0.00129428
1610,0.00209743
1611,0.00182690
1612,0.01070691
1613,0.00534261
1614,0.00049719
1615,0.00188705
1616,0.00224805
1617,0.01123104
1618,0.01192976
1619,0.00171705
1620,0.00179793
1621,0.00164897
1622,0.00113703
1623,0.00425728
1624,0.00164327
1625,0.01275880
1626,0.00130415
1627,0.00173674
1628,0.00192418
1629,0.00296945
1630,0.00306775
1631,0.00216373
1632,0.00081591
1633,0.00117447
1634,0.00159918
1635,0.00113023
1636,0.00186179
1637,0.00105551
1638,0.00121861
1639,0.01220544
1640,0.00076341
1641,0.00093053
1642,0.00289935
1643,0.00139294
1644,0.00417523
1645,0.00193482
1646,0.00109518
1647,0.00116006
1648,0.00203701
1649,0.00247031
1650,0.00117352
1651,0.00110006
1652,0.00152109
1653,0.00409919
1654,0.00122132
1655,0.00123620
1656,0.01225604
1657,0.00149818
1658,0.01208832
1659,0.00173679
1660,0.00217647
1661,0.00180169
1662,0.01204179
1663,0.00120657
1664,0.00098700
1665,0.00125058
1666,0.00118694
1667,0.00145100
1668,0.00054370
1669,0.00393229
1670,0.00070106
1671,0.00315129
1672,0.00207182
1673,0.00075378
1674,0.02367781
1675,0.00053940
1676,1.63889517
1677,0.00480349
1678,0.00178058
1679,0.00183879
1680,0.00070827
1681,0.00128435
1682,0.00177735
1683,0.00134321
1684,0.01200668
1685,0.00192018
1686,0.00215052
1687,0.00167883
1688,0.00060383
1689,0.00195158
1690,0.00113808
1691,0.01177445
1692,0.00085799
1693,0.00373738
1694,0.01994481
1695,0.00185765
1696,0.00095012
1697,0.00149525
1698,1.42571398
1699,0.00219928
1700,0.00213984
1701,0.00148651
1702,0.00122571
1703,0.00131765
1704,0.00814584
1705,0.00501655
1706,0.00367625
1707,0.00247327
1708,0.00375217
1709,0.00188908
1710,0.00272912
1711,0.00248064
1712,0.00166668
1713,0.00060157
1714,0.00228998
1715,0.00390926
1716,0.00970284
1717,0.00125655
1718,0.42986318
1719,0.00256057
1720,0.00312122
1721,0.02221424
1722,0.00199583
1723,0.00063022
1724,0.00148587
1725,0.00117328
1726,0.00078792
1727,0.02620054
1728,0.00213401
1729,0.00251878
1730,0.00165792
1731,0.00114793
1732,0.75384094
1733,0.01284875
1734,0.00098110
1735,0.00182201
1736,0.00192269
1737,0.00153411
1738,0.00294986
1739,0.00136844
1740,0.00123235
1741,0.00109684
1742,0.00177910
1743,0.00369217
1744,0.00221996
1745,0.00118546
1746,0.00461502
1747,0.02348320
1748,0.00486468
1749,0.00221473
1750,0.00117572
1751,0.15076422
1752,0.00220372
1753,0.00204644
1754,0.00050371
1755,0.00239291
1756,0.00416373
1757,0.00110766
1758,0.00144625
1759,0.00057082
1760,0.00242804
1761,0.00160258
1762,0.00107425
1763,0.02334695
1764,0.00226962
1765,0.01151558
1766,0.00125127
1767,0.00055740
1768,0.00234518
1769,0.00093800
1770,0.00070057
1771,0.00153178
1772,0.00088057
1773,0.99813355
1774,0.00169445
1775,0.00380948
1776,0.00054089
1777,0.00509061
1778,0.00046254
1779,0.01251542
1780,0.00067043
1781,0.00187545
1782,0.00053741
1783,0.00066483
1784,0.00231386
1785,0.00055969
1786,0.00231809
1787,0.00107019
1788,0.00177308
1789,2.00424220
1790,0.00445095
1791,0.00062927
1792,0.00210190
1793,0.00122843
1794,0.00277888
1795,0.00187734
1796,0.00216250
1797,0.00167748
1798,0.01790640
1799,0.00176763
1800,0.00091151
1801,0.01224829
1802,0.00072277
1803,0.00340652
1804,0.01260686
1805,0.00147586
1806,0.00072071
1807,0.00213521
1808,0.00172526
1809,0.00175840
1810,0.00175299
1811,0.00126218
1812,0.00159079
1813,0.71122747
1814,0.00240029
1815,0.01132413
1816,0.02159565
1817,0.01812701
1818,0.00104849
1819,0.00273965
1820,0.00111369
1821,0.00512455
1822,0.00154170
1823,0.01748879
1824,0.02927279
1825,0.00230787
1826,0.00159150
1827,0.00105725
1828,0.00083198
1829,0.00119474
1830,0.01427696
1831,0.00176406
1832,0.00093707
1833,0.00094458
1834,0.00197671
1835,0.00257447
1836,0.00071204
1837,0.00298268
1838,0.00488049
1839,0.00056324
1840,0.00085071
1841,0.00458941
1842,0.00050014
1843,0.00146880
1844,0.00109035
1845,0.00064867
1846,0.01166613
1847,0.00209732
1848,0.01153272
1849,0.00286256
1850,0.00096584
1851,0.00064294
1852,0.97059931
1853,0.00271934
1854,0.00247598
1855,0.00092249
1856,0.00057909
1857,0.00281899
1858,0.00174157
1859,0.01168283
1860,0.00167879
1861,0.00174331
1862,0.00147490
1863,0.00136416
1864,0.00188531
1865,0.00184399
1866,0.00158047
1867,0.00198622
1868,0.02199254
1869,0.01178526
1870,0.97826319
1871,0.00071534
1872,0.00471702
1873,0.00060322
1874,0.00145752
1875,0.01198411
1876,0.00186457
1877,0.00196836
1878,0.96802408
1879,0.00100914
1880,0.00161465
1881,0.00150664
1882,0.00116924
1883,0.00151009
1884,0.00177937
1885,0.00113303
1886,0.00051734
1887,0.00252596
1888,0.01491716
1889,0.00278105
1890,0.00053668
1891,0.00259178
1892,0.00051309
1893,0.00125315
1894,0.00147016
1895,0.00115075
1896,0.00083827
1897,0.00208184
1898,0.00162698
1899,1.04479224
1900,0.00107128
1901,0.00398174
1902,0.01086868
1903,0.00100729
1904,0.02069006
1905,0.00050681
1906,0.01327929
1907,0.00126029
1908,0.01206606
1909,0.00422386
1910,0.00161685
1911,0.00219794
1912,0.00495829
1913,0.00075860
1914,0.00103327
1915,0.00221691
1916,0.00538686
1917,0.02347424
1918,0.00141351
1919,0.00069976
1920,0.00075755
1921,0.00207112
1922,0.01250388
1923,0.01257072
1924,0.00098963
1925,0.00165238
1926,0.00132207
1927,0.00123956
1928,0.00481869
1929,0.00320570
1930,0.00056802
1931,0.00063352
1932,0.00079742
1933,0.00053188
1934,0.00114449
1935,0.00094954
1936,0.00302022
1937,0.00190917
1938,0.00317919
1939,0.00168216
1940,1.03274467
1941,0.02352942
1942,0.01339787
1943,0.00298377
1944,0.00385628
1945,0.00064165
1946,0.02136206
1947,0.01193175
1948,0.00330686
1949,0.00266552
1950,0.00234748
1951,0.00155430
1952,0.00116548
1953,0.00048375
1954,0.00117574
1955,0.00397778
1956,0.00113800
1957,0.00074036
1958,0.00173512
1959,0.00407116
1960,0.00183564
1961,0.00318053
1962,0.01275366
1963,0.00119813
1964,0.00074092
1965,0.00354826
1966,0.00256913
1967,0.00193470
1968,0.00558536
1969,0.00215704
1970,0.00061753
1971,0.01248747
1972,0.00207902
1973,0.00209333
1974,0.00252659
1975,0.00127735
1976,0.00122389
1977,0.01590605
1978,0.00211500
1979,0.00229680
1980,0.00205784
1981,0.00057987
1982,0.00371391
1983,0.79042578
1984,0.00312759
1985,0.00172357
1986,0.00199649
1987,0.00184077
1988,0.00235708
1989,0.00067815
1990,0.00346935
1991,0.00181516
1992,0.00109306
1993,0.00456215
1994,0.00522435
1995,0.00113779
1996,0.00204133
1997,0.00060816
1998,0.00065236
1999,0.00197989
2000,0.00170277
2001,0.00222790
2002,0.00184221
2003,0.00069235
2004,0.00215000
2005,0.00151970
2006,0.00085679
2007,0.00390480
2008,0.00201910
2009,0.00151898
2010,0.00112108
2011,0.00059962
2012,0.00271828
2013,0.00200072
2014,0.00194088
2015,0.01126279
2016,0.00139535
2017,0.00191871
2018,0.00177879
2019,0.00241515
2020,0.00187006
2021,0.00364093
2022,0.00194192
2023,0.00381616
2024,0.00246191
2025,0.00072119
2026,0.00247715
2027,0.00171831
2028,0.01178802
2029,0.00122445
2030,0.00078246
2031,0.01308097
2032,0.00175724
2033,0.00143234
2034,0.00492806
2035,0.00226246
2036,0.00112113
2037,0.00345298
2038,0.00215203
2039,0.00104516
2040,0.00130472
2041,0.00069061
2042,1.11525952
2043,0.00435775
2044,0.40282253
2045,0.00052117
2046,0.01770537
2047,0.00530975
2048,0.00171592
2049,0.00467545
2050,0.00205253
2051,0.02256155
2052,0.00075697
2053,0.00103497
2054,0.00061019
2055,0.00128451
2056,0.00124404
2057,0.00448057
2058,0.00155730
2059,0.00150395
2060,1.19117588
2061,0.00218153
2062,0.00186110
2063,0.00198237
2064,0.00197901
2065,0.00081161
2066,0.00079589
2067,0.00261554
2068,0.00229065
2069,0.00103754
2070,0.00176122
2071,0.00162417
2072,0.00180235
2073,0.00157335
2074,0.58340743
2075,0.00131520
2076,0.00070541
2077,0.00190984
2078,0.00091624
2079,0.01070408
2080,0.00090620
2081,0.00219543
2082,0.00188986
2083,0.00118947
2084,0.00152328
2085,1.81754207
2086,0.00393558
2087,0.00598292
2088,0.00204541
2089,0.00212690
2090,0.00164276
2091,0.00217213
2092,0.00250275
2093,0.00200167
2094,0.00083166
2095,0.01144669
2096,0.00441413
2097,0.00156788
2098,0.06350532
2099,0.02511088
2100,0.01425162
2101,0.00158134
2102,0.00336369
2103,0.02088110
2104,0.00116155
2105,0.00171924
2106,0.00245446
2107,0.01176024
2108,0.00461703
2109,0.00095901
2110,0.00244700
2111,0.00189046
2112,0.00235177
2113,0.00166001
2114,0.02455345
2115,0.00106570
2116,0.00068705
2117,0.00170411
2118,0.00160234
2119,0.00205889
2120,0.00386500
2121,0.01569939
2122,0.01141426
2123,0.00175027
2124,0.00169453
2125,0.00214001
2126,0.00188525
2127,0.00438993
2128,0.01496563
2129,0.00066040
2130,0.00052353
2131,0.00134100
2132,1.66301542
2133,0.00086029
2134,0.00124974
2135,0.02279410
2136,0.01292022
2137,0.00209267
2138,0.00207357
2139,0.00185488
2140,0.00273082
2141,0.00072335
2142,0.00344383
2143,0.00219908
2144,0.00096349
2145,0.00207762
2146,0.00487625
2147,0.00313742
2148,0.00211393
2149,0.00074091
2150,0.00046276
2151,0.00239460
2152,0.01168503
2153,0.00138259
2154,0.00520315
2155,0.00109016
2156,0.00387330
2157,0.02137935
2158,0.00174914
2159,0.27021961
2160,0.00128948
2161,0.00120643
2162,0.08686509
2163,0.00056776
2164,0.00260921
2165,0.00064200
2166,0.00194927
2167,0.00179613
2168,0.01124817
2169,0.00210739
2170,0.00143727
2171,0.00147092
2172,0.00131730
2173,0.01998749
2174,0.00297123
2175,0.00061381
2176,0.00126135
2177,0.00178112
2178,0.00051705
2179,0.00369266
2180,0.00211960
2181,0.00331875
2182,0.00403066
2183,0.02146609
2184,0.00158028
2185,0.00252421
2186,0.00112498
2187,0.01127252
2188,0.00060978
2189,1.55821820
2190,0.00560447
2191,0.00358334
2192,0.00103925
2193,0.00101986
2194,0.00366916
2195,0.00146182
2196,0.00165088
2197,0.00169326
2198,0.00187693
2199,0.00163630
2200,0.00495774
2201,0.00205431
2202,1.09427984
2203,0.00240911
2204,0.00104043
2205,0.00241769
2206,0.00072729
2207,0.00290730
2208,0.00142217
2209,0.19566951
2210,0.00146460
2211,0.00190469
2212,0.00154737
2213,0.00185557
2214,0.00146865
2215,0.00281214
2216,0.01230894
2217,0.00221727
2218,0.00075778
2219,0.02521077
2220,0.00189248
2221,0.00098927
2222,0.00151142
2223,0.02294835
2224,0.00142289
2225,0.00137160
2226,0.00205090
2227,0.00291252
2228,0.00328258
2229,0.00098853
2230,0.00212310
2231,0.00302636
2232,0.00249527
2233,0.02053433
2234,0.00141268
2235,0.00258173
2236,0.00058182
2237,0.01248652
2238,0.00239659
2239,0.00149025
2240,0.00108238
2241,0.00163480
2242,0.00235300
2243,0.00144927
2244,0.00192153
2245,0.00214713
2246,0.00192916
2247,1.59548109
2248,0.00272005
2249,0.01251587
2250,0.00227404
2251,0.00187812
2252,0.02137025
2253,0.00128534
2254,0.01329122
2255,0.00054474
2256,0.00231525
2257,0.02276948
2258,0.00099967
2259,0.00537875
2260,0.01175458
2261,0.00245234
2262,0.01238854
2263,0.01380224
2264,0.00124033
2265,0.30815491
2266,0.00318467
2267,0.00131587
2268,0.00114119
2269,0.00208434
2270,0.00276150
2271,0.00115512
2272,0.00103430
2273,0.00205239
2274,0.00156880
2275,0.00117222
2276,0.00155139
2277,0.00120410
2278,0.05218383
2279,0.00120556
2280,0.01099837
2281,0.00061479
2282,0.02140691
2283,0.00248315
2284,0.00163057
2285,0.00412831
2286,0.00101782
2287,0.00114008
2288,0.00160607
2289,0.00237804
2290,0.00288791
2291,0.00295863
2292,0.00220617
2293,0.00092685
2294,0.00212957
2295,0.00134146
2296,0.00116807
2297,0.00509696
2298,0.00489580
2299,0.00482532
2300,0.00049088
2301,0.00118992
2302,1.45286695
2303,0.00089801
2304,0.00101835
2305,0.00115606
2306,0.00126902
2307,0.00194523
2308,0.00217610
2309,0.00153475
2310,0.00262165
2311,0.00206148
2312,0.00229401
2313,0.00118963
2314,0.00114101
2315,0.00086798
2316,0.00152056
2317,0.01272959
2318,0.00280198
2319,0.00167716
2320,0.00359093
2321,0.00077990
2322,0.00128838
2323,0.00189627
2324,0.00075529
2325,0.00061656
2326,0.00152193
2327,0.00233769
2328,0.00105477
2329,0.00107363
2330,0.00465134
2331,0.00245692
2332,0.00119901
2333,0.00052938
2334,0.00340496
2335,0.02134686
2336,0.00098764
2337,0.00156572
2338,0.00209180
2339,0.00258692
2340,0.00257455
2341,0.00121637
2342,0.00132201
2343,0.00053313
2344,0.00087802
2345,0.00143604
2346,0.00145863
2347,0.00231546
2348,0.00139650
2349,0.00160831
2350,0.00114069
2351,0.00232982
2352,0.00079456
2353,0.00161165
2354,0.00095587
2355,0.00336060
2356,0.00106639
2357,0.00140814
2358,0.00114220
2359,0.00169690
2360,0.00055778
2361,0.00396831
2362,0.00181033
2363,0.00176941
2364,0.00055460
2365,1.95719232
2366,0.00271557
2367,0.00117799
2368,0.00223472
2369,0.00365338
2370,0.00070982
2371,0.00110784
2372,0.00164252
2373,0.00140228
2374,0.00199395
2375,0.00505003
2376,0.00232871
2377,0.00175933
2378,0.00308714
2379,0.00194821
2380,0.00138193
2381,0.00144292
2382,0.00124036
2383,0.00092695
2384,0.00078084
2385,0.00492837
2386,0.00502698
2387,0.00149717
2388,0.00359384
2389,0.00452792
2390,0.00271207
2391,0.77556702
2392,0.00222882
2393,0.00192720
2394,0.00463865
2395,0.00248511
2396,0.00171441
2397,0.00203526
2398,0.01647313
2399,0.00164874
2400,0.00153337
2401,0.00071957
2402,0.01507691
2403,0.00234157
2404,0.01348931
2405,0.01250696
2406,0.00300614
2407,0.00204375
2408,0.00520586
2409,0.02145939
2410,0.00139652
2411,0.00049542
2412,0.00092610
2413,0.00206635
2414,0.00058489
2415,0.01163355
2416,0.00154322
2417,0.00407291
2418,0.00090737
2419,0.00365849
2420,0.00069683
2421,0.00117235
2422,0.00215078
2423,0.00306453
2424,0.00069519
2425,0.00109733
2426,0.00117613
2427,0.00236284
2428,0.00075115
2429,0.00218620
2430,0.00369612
2431,0.00219010
2432,0.00123511
2433,0.01229556
2434,0.00194267
2435,0.00195171
2436,0.00540221
2437,0.01745890
2438,0.00309147
2439,0.01243948
2440,0.01247248
2441,0.00143119
2442,0.00060869
2443,0.00054114
2444,0.00052813
2445,0.00157798
2446,0.00181312
2447,0.01103774
2448,0.00058432
2449,0.00081533
2450,0.00220000
2451,0.00171866
2452,0.00164511
2453,0.00055252
2454,0.00116236
2455,0.00160666
2456,0.00246024
2457,0.00255815
2458,0.00178465
2459,0.00116893
2460,0.00083449
2461,0.00202602
2462,0.00205551
2463,0.00205296
2464,0.00154555
2465,0.00117308
2466,0.00496889
2467,0.00093507
2468,0.00569028
2469,0.00124222
2470,0.00439517
2471,0.30644382
2472,0.00153936
2473,0.01123764
2474,0.00100147
2475,0.00208291
2476,0.00119938
2477,0.00175145
2478,0.00108990
2479,0.00404897
2480,0.00126776
2481,0.01170527
2482,0.00067462
2483,0.00103226
2484,0.00117229
2485,0.00206705
2486,0.00066540
2487,0.00375795
2488,0.00130393
2489,0.00059184
2490,0.00418313
2491,0.00066834
2492,0.00272921
2493,0.00053522
2494,0.01095455
2495,0.00235371
2496,0.00201746
2497,0.00111570
2498,0.00170860
2499,0.00154103
2500,0.00276767
2501,0.00153281
2502,0.00391724
2503,0.02445736
2504,0.00090426
2505,0.00173825
2506,0.00112054
2507,0.00192675
2508,0.00052542
2509,0.85425966
2510,0.00113720
2511,0.00150954
2512,0.00224779
2513,0.01225831
2514,0.00313146
2515,0.00108053
2516,0.00192628
2517,0.00351536
2518,0.00134228
2519,0.00179523
2520,0.00245700
2521,0.00405924
2522,0.00186691
2523,0.00194035
2524,0.00125960
2525,0.00116146
2526,0.00471793
2527,0.00512648
2528,2.07249602
2529,0.00209102
2530,0.00188994
2531,0.00189976
2532,0.00051855
2533,0.00069917
2534,0.00184769
2535,0.00112260
2536,0.00278655
2537,0.00158392
2538,0.00232368
2539,0.00231375
2540,0.00277041
2541,0.00221447
2542,0.00218928
2543,0.00095705
2544,0.00125662
2545,0.00176338
2546,0.00237229
2547,0.00262428
2548,0.00377446
2549,0.02327463
2550,0.70439902
2551,0.02161796
2552,0.00168407
2553,0.00170090
2554,0.00131742
2555,0.00182212
2556,0.00112160
2557,0.00102612
2558,0.00110953
2559,0.00119070
2560,0.01189874
2561,0.00348354
2562,0.00074462
2563,0.00167784
2564,0.00136062
2565,0.00064371
2566,0.51901876
2567,0.00390392
2568,0.00501255
2569,0.00128220
2570,0.00133502
2571,0.00253176
2572,0.00239953
2573,1.21923299
2574,0.00158973
2575,0.00204399
2576,0.01255545
2577,0.00067545
2578,0.00173713
2579,0.00371863
2580,0.00109918
2581,0.00105759
2582,0.00226168
2583,0.00060311
2584,0.00063129
2585,0.00218788
2586,0.00092786
2587,0.00110081
2588,0.00357885
2589,0.00212211
2590,0.00097216
2591,0.00493307
2592,0.00528842
2593,0.00126162
2594,0.00267812
2595,0.02497403
2596,0.00209285
2597,0.00284892
2598,0.00415227
2599,0.00319373
2600,0.00148094
2601,0.00103707
2602,0.00137368
2603,0.00159241
2604,0.01324006
2605,0.00350060
2606,0.00330538
2607,0.00193964
2608,0.00123983
2609,0.00326371
2610,0.00111758
2611,0.00235533
2612,0.00072469
2613,0.01273310
2614,0.01081637
2615,0.00176215
2616,0.00115363
2617,0.00171295
2618,0.00212377
2619,0.00210555
2620,0.00361165
2621,0.00140647
2622,0.34079407
2623,0.00125749
2624,0.02188371
2625,0.00170752
2626,0.00111670
2627,0.00189801
2628,0.00124999
2629,0.00045411
2630,0.00115850
2631,0.00302292
2632,0.00055454
2633,0.00100088
2634,0.00043808
2635,0.00187669
2636,0.00219603
2637,0.00190027
2638,0.00208725
2639,0.00115094
2640,0.00122779
2641,0.00160758
2642,0.00155139
2643,0.00527885
2644,0.00131241
2645,0.00201845
2646,0.00181618
2647,0.00103834
2648,0.00331065
2649,0.00111504
2650,0.01151441
2651,0.00158703
2652,0.00129922
2653,0.00203641
2654,0.01067014
2655,0.00215631
2656,0.00204070
2657,0.00162441
2658,0.00158319
2659,0.00166716
2660,0.00123406
2661,0.01146409
2662,0.00176874
2663,0.00389186
2664,0.00159587
2665,0.00119042
2666,0.00252937
2667,0.00499112
2668,0.00210882
2669,0.00217950
2670,0.01921045
2671,0.00101057
2672,0.96801530
2673,0.00165744
2674,0.00286088
2675,0.00179360
2676,0.00051368
2677,0.00211188
2678,0.00160799
2679,0.00108664
2680,0.00235550
2681,0.00285298
2682,0.00119914
2683,0.00066638
2684,0.00402127
2685,0.00216846
2686,0.00118284
2687,0.00120270
2688,0.00115492
2689,0.00188032
2690,0.00054834
2691,0.01499100
2692,0.00146466
2693,0.00126638
2694,0.00232225
2695,0.00187427
2696,0.01927039
2697,0.00320662
2698,0.00116510
2699,0.01425423
2700,0.00045571
2701,0.00103416
2702,0.00106936
2703,0.00366100
2704,0.00174545
2705,0.00069289
2706,0.00115798
2707,0.00260859
2708,0.00209495
2709,0.00446253
2710,0.00227174
2711,0.00168218
2712,0.00134342
2713,0.02171230
2714,0.00218562
2715,0.00124150
2716,0.00366823
2717,0.02107976
2718,0.00280420
2719,0.00209183
2720,0.00197189
2721,0.01212544
2722,0.00329661
2723,0.00140622
2724,0.00307859
2725,0.00183221
2726,0.00161225
2727,0.00531824
2728,0.00281542
2729,0.00215645
2730,0.00098772
2731,0.01260700
2732,0.00225403
2733,0.01513555
2734,0.00225544
2735,0.00116993
2736,0.02168676
2737,0.00069490
2738,0.00177420
2739,0.01279614
2740,0.00160199
2741,0.01198115
2742,0.02021165
2743,0.00214548
2744,0.00047789
2745,0.00104199
2746,0.00125425
2747,1.51180407
2748,0.00099851
2749,0.00074052
2750,0.00061380
2751,0.00058443
2752,0.00164729
2753,0.00109523
2754,0.01702215
2755,0.00076972
2756,0.03278300
2757,0.00119384
2758,0.00238996
2759,0.00158618
2760,0.00108827
2761,0.00079752
2762,0.00051567
2763,0.01181019
2764,0.00278712
2765,0.00112003
2766,0.01113894
2767,0.00123848
2768,0.00309541
2769,0.00247223
2770,0.00123923
2771,0.00384455
2772,0.00123874
2773,0.00054594
2774,0.00152484
2775,0.00112920
2776,0.00101053
2777,0.00263038
2778,0.00055359
2779,0.00054378
2780,0.00239807
2781,0.00117703
2782,0.00176513
2783,0.00249914
2784,0.00224629
2785,0.14374520
2786,0.00311831
2787,0.00062375
2788,0.00161105
2789,2.01222397
2790,0.00120356
2791,0.00130023
2792,0.00091466
2793,0.00128965
2794,0.00056322
2795,0.00047392
2796,0.00134370
2797,0.00051581
2798,0.00174538
2799,0.01234588
2800,0.00065451
2801,0.00107648
2802,0.00118781
2803,1.56814673
2804,0.00174878
2805,0.02186554
2806,0.00272834
2807,0.00136529
2808,0.01166523
2809,0.01751281
2810,0.00199740
2811,0.01203047
2812,0.00247073
2813,0.00089494
2814,0.00534621
2815,0.00292426
2816,0.00061097
2817,0.00288619
2818,0.00112024
2819,0.00256344
2820,0.00231994
2821,0.00178645
2822,0.00097976
2823,0.00171305
2824,0.00279082
2825,0.00150280
2826,0.01135725
2827,0.00332262
2828,0.00162477
2829,0.00197480
2830,0.00152788
2831,0.00363761
2832,0.00170173
2833,0.01281999
2834,0.02245430
2835,0.00108221
2836,0.00402074
2837,0.00263037
2838,0.00224320
2839,0.01118038
2840,0.43969648
2841,0.00106116
2842,0.00113188
2843,0.00044038
2844,0.00171856
2845,0.00270806
2846,0.00125133
2847,0.00121327
2848,0.00144959
2849,0.00069736
2850,0.00289486
2851,0.00195588
2852,0.00109308
2853,0.00164944
2854,0.00184889
2855,0.00064723
2856,0.01154999
2857,0.01187039
2858,0.00216065
2859,0.00259949
2860,0.00229833
2861,0.00067801
2862,0.00068013
2863,0.00074980
2864,0.00198246
2865,0.00137171
2866,0.00094671
2867,0.00118545
2868,0.00102565
2869,0.00485135
2870,0.00214547
2871,0.00067524
2872,0.01133661
2873,0.01186903
2874,0.00213304
2875,0.00226712
2876,0.00211675
2877,0.00389529
2878,0.00108542
2879,0.00155677
2880,0.00055072
2881,0.00142282
2882,0.02246864
2883,0.00070251
2884,0.00138512
2885,0.00195556
2886,0.00255714
2887,0.00177138
2888,0.00162226
2889,0.00110850
2890,0.01221740
2891,0.63050155
2892,0.00115426
2893,0.00180226
2894,0.00259086
2895,0.00217526
2896,0.02172707
2897,0.00045418
2898,0.00381661
2899,0.00054696
2900,0.00167413
2901,0.00180630
2902,0.01112377
2903,0.00079525
2904,0.00092284
2905,0.00513079
2906,0.00387399
2907,0.00358760
2908,0.01339164
2909,0.01104968
2910,0.00114746
2911,0.00216071
2912,0.00181505
2913,0.00112710
2914,0.00071450
2915,0.01149192
2916,0.00327930
2917,0.00250453
2918,0.00111715
2919,0.00129213
2920,0.00233980
2921,0.00136477
2922,0.00198916
2923,1.35821154
2924,0.00125222
2925,0.00201587
2926,0.00110235
2927,0.00105027
2928,0.01220763
2929,0.00116787
2930,0.00160080
2931,0.00059583
2932,0.00163375
2933,0.00220588
2934,0.00481139
2935,0.83031527
2936,0.00516165
2937,1.43980441
2938,0.02234783
2939,0.00156253
2940,0.00270589
2941,0.00192403
2942,0.00387155
2943,0.00350281
2944,0.00247701
2945,0.00248712
2946,0.00153974
2947,0.00485050
2948,0.00235683
2949,0.01834446
2950,0.00256579
2951,0.00147755
2952,0.00168290
2953,0.00199703
2954,0.00204718
2955,0.00139084
2956,0.00306053
2957,0.00111359
2958,0.00232300
2959,0.00071786
2960,0.00107584
2961,0.13676897
2962,0.00190245
2963,0.00127252
2964,0.01183753
2965,0.00246954
2966,0.00190193
2967,0.00163950
2968,0.00178537
2969,0.00116383
2970,0.00049170
2971,0.00199515
2972,0.00098233
2973,0.00085429
2974,0.00251764
2975,1.54037094
2976,0.00188599
2977,0.00171342
2978,1.53232346
2979,0.00125515
2980,0.00188700
2981,0.00156857
2982,0.00128665
2983,0.00485027
2984,0.00161587
2985,0.00206860
2986,0.00126764
2987,0.00106732
2988,0.00213340
2989,0.00066005
2990,0.00396066
2991,0.00119277
2992,1.95929612
2993,0.00225987
2994,0.00111952
2995,0.00301373
2996,0.00261975
2997,0.00107044
2998,0.00164388
2999,0.00186688
3000,0.00513719
3001,0.00153161
3002,0.00089993
3003,1.18913017
3004,0.00161264
3005,0.00338977
3006,0.00088472
3007,0.00535621
3008,0.00268544
3009,0.00121334
3010,0.00202606
3011,0.00202153
3012,0.00170147
3013,0.00093492
3014,0.00219238
3015,0.00253431
3016,1.50779671
3017,0.00053778
3018,0.00101200
3019,0.00180306
3020,0.01175167
3021,0.00110331
3022,0.00258908
3023,0.00194872
3024,0.00203089
3025,0.00175682
3026,2.09880749
3027,0.00507467
3028,0.00061712
3029,0.00064280
3030,0.00138258
3031,0.00153609
3032,0.01739790
3033,0.07653642
3034,0.00080549
3035,0.00066023
3036,0.00120843
3037,1.22134247
3038,0.00241333
3039,0.00097935
3040,0.00134821
3041,0.87635732
3042,0.00178622
3043,0.00117926
3044,0.00186516
3045,0.00384620
3046,0.00314084
3047,0.00109334
3048,0.00215661
3049,0.14204854
3050,0.00157031
3051,0.00164156
3052,0.00061924
3053,0.00211216
3054,0.00116891
3055,0.00213438
3056,0.00407345
3057,0.01203925
3058,0.00527408
3059,0.01161647
3060,0.00209134
3061,0.00166716
3062,0.00202979
3063,0.00375561
3064,0.00479316
3065,0.00345070
3066,0.00070784
3067,0.00138054
3068,0.00194669
3069,0.00110473
3070,0.00077232
3071,0.00179143
3072,0.00236632
3073,0.00077114
3074,0.01290871
3075,0.00233622
3076,0.00408878
3077,0.00254097
3078,0.00388725
3079,0.00231618
3080,0.00366543
3081,0.01466634
3082,0.00158890
3083,0.00086083
3084,0.00268758
3085,0.00124885
3086,0.01177967
3087,0.00209385
3088,0.00131988
3089,0.00092119
3090,0.00207124
3091,0.00086208
3092,0.00122487
3093,0.00050171
3094,0.00185107
3095,0.01261012
3096,0.00456673
3097,0.00179322
3098,0.00603018
3099,0.00123266
3100,0.00129510
3101,0.00322676
3102,0.00359858
3103,0.00102746
3104,0.00122144
3105,0.00233832
3106,0.00208390
3107,0.00092558
3108,0.00147243
3109,0.00317414
3110,0.00269025
3111,0.01168939
3112,0.00240481
3113,0.00177360
3114,0.00174493
3115,0.00218911
3116,0.00056425
3117,0.00095667
3118,0.00047806
3119,0.02104756
3120,0.00112628
3121,2.41829972
3122,0.00178802
3123,0.00170064
3124,0.00109227
3125,0.00049202
3126,0.00580024
3127,0.00184484
3128,0.00255281
3129,0.00374526
3130,0.02112811
3131,0.00253183
3132,0.00220807
3133,0.01013805
3134,0.00050323
3135,0.00171613
3136,0.00176035
3137,0.00198146
3138,0.00179282
3139,0.00376516
3140,0.00138681
3141,0.00192296
3142,0.00398311
3143,0.00211446
3144,0.00214137
3145,0.02081114
3146,0.00559629
3147,0.00209117
3148,0.01164602
3149,0.00099036
3150,0.01537631
3151,0.00192538
3152,0.00364951
3153,0.01929658
3154,0.00120334
3155,0.00077138
3156,0.00252886
3157,0.00189471
3158,0.00204882
3159,0.00226609
3160,0.00320638
3161,0.00103822
3162,0.00062419
3163,0.00192963
3164,0.00158718
3165,0.00154061
3166,0.00055323
3167,0.00117032
3168,0.00142256
3169,0.00103708
3170,0.01229242
3171,0.00426300
3172,0.00237113
3173,0.00073624
3174,0.00189145
3175,0.00206649
3176,0.00231330
3177,0.00092018
3178,0.00151672
3179,0.00515571
3180,0.00242965
3181,0.00111684
3182,0.00198765
3183,0.00210013
3184,0.00361545
3185,0.00110173
3186,0.00388575
3187,0.00215151
3188,0.00210724
3189,0.00050237
3190,0.00125067
3191,0.00126218
3192,0.00090844
3193,0.00167289
3194,0.00221918
3195,0.00180811
3196,0.00240620
3197,0.00179064
3198,0.00114665
3199,0.00085523
3200,0.00133275
3201,0.00176497
3202,0.00206813
3203,0.00200913
3204,0.00076949
3205,0.00167397
3206,0.00158755
3207,0.00357900
3208,0.00041705
3209,0.00263476
3210,0.00110100
3211,0.00130341
3212,0.00403623
3213,0.00179117
3214,0.00202362
3215,0.00148618
3216,0.00060573
3217,0.01153348
3218,0.00097236
3219,0.00135940
3220,0.00194405
3221,0.00148454
3222,0.01146317
3223,0.00186023
3224,0.00111081
3225,0.00156062
3226,0.00240647
3227,0.01086225
3228,0.00181516
3229,0.00181982
3230,1.73125804
3231,2.10766831
3232,0.02328817
3233,0.00220375
3234,0.00220318
3235,0.01227902
3236,0.00259638
3237,0.00143520
3238,0.00356969
3239,0.00760122
3240,0.00073748
3241,0.01793209
3242,0.02085825
3243,0.00182816
3244,0.00249321
3245,0.00196484
3246,0.00184062
3247,0.00502826
3248,0.02055345
3249,0.00156345
3250,0.00468315
3251,0.00211188
3252,0.00160425
3253,0.00213993
3254,0.00374973
3255,0.00227369
3256,0.00118255
3257,0.00100331
3258,0.00183367
3259,0.00113328
3260,0.00261545
3261,0.00206293
3262,0.01326561
3263,0.01153778
3264,0.00194876
3265,0.00147289
3266,0.00163496
3267,0.00047533
3268,0.00084978
3269,0.00156517
3270,0.00191785
3271,0.00372163
3272,0.00117702
3273,0.00120628
3274,0.00159064
3275,0.00129035
3276,0.00053409
3277,0.00152147
3278,0.00051320
3279,0.01336389
3280,0.00163469
3281,0.00239949
3282,0.01159230
3283,0.00141387
3284,0.00118761
3285,0.00129310
3286,0.01356623
3287,0.00112621
3288,0.01229293
3289,0.34714905
3290,0.00076106
3291,0.00120656
3292,0.00198586
3293,0.00419897
3294,0.00123022
3295,0.00146207
3296,0.00072397
3297,0.00130195
3298,0.00081132
3299,0.01227988
3300,0.00054972
3301,0.00191469
3302,0.00118338
3303,0.00051554
3304,0.00086617
3305,0.01166052
3306,0.00254133
3307,0.00165878
3308,0.00224167
3309,0.00133336
3310,0.00326638
3311,0.23157606
3312,0.00074891
3313,0.00379192
3314,0.00174517
3315,0.00133324
3316,0.00148371
3317,0.00233848
3318,0.00157498
3319,0.02432622
3320,0.00116009
3321,0.00362883
3322,0.00257349
3323,0.00212009
3324,0.00258974
3325,0.00055459
3326,1.55772022
3327,0.00306672
3328,0.00166452
3329,0.00053248
3330,0.00269612
3331,0.02045214
3332,0.00112131
3333,0.00180627
3334,0.00215873
3335,0.00274073
3336,0.00116182
3337,0.00181717
3338,0.00090106
3339,0.00388716
3340,0.00098580
3341,0.00169935
3342,0.00185617
3343,0.00278141
3344,0.00166934
3345,0.00139032
3346,0.09965799
3347,0.00072996
3348,0.00329158
3349,0.00358558
3350,0.01132825
3351,0.00341005
3352,0.00105846
3353,0.00287758
3354,0.00137885
3355,0.00349374
3356,0.00117583
3357,0.00507592
3358,0.00221543
3359,0.01171377
3360,0.00187021
3361,0.00356275
3362,0.00420728
3363,0.00116255
3364,0.00221285
3365,0.00216606
3366,0.00121002
3367,0.00179938
3368,0.00231233
3369,0.00083749
3370,0.00115975
3371,0.00168926
3372,0.00268847
3373,0.00175924
3374,0.00309633
3375,0.00192929
3376,0.00155038
3377,0.00381557
3378,0.00207770
3379,0.00300839
3380,0.00463315
3381,0.01247625
3382,0.00185659
3383,0.00209867
3384,0.00254545
3385,0.00169865
3386,0.00128096
3387,0.00261146
3388,0.01214292
3389,1.02206663
3390,0.00114959
3391,0.16430090
3392,0.01382403
3393,0.00110395
3394,0.00127144
3395,0.00113340
3396,0.00121352
3397,0.00070842
3398,0.00235429
3399,0.00224497
3400,0.00173079
3401,0.00117184
3402,0.00233121
3403,0.01201540
3404,0.00237624
3405,0.00163712
3406,0.00290162
3407,0.00533814
3408,0.00382699
3409,0.00241835
3410,0.00220412
3411,0.00177054
3412,0.00180165
3413,0.00432080
3414,0.00231009
3415,0.00206996
3416,0.00500763
3417,0.00170907
3418,0.00140989
3419,0.00222689
3420,0.00218158
3421,0.00223121
3422,0.00123751
3423,0.00275453
3424,0.00062099
3425,0.02149250
3426,0.00178912
3427,0.00074843
3428,0.00179979
3429,0.00148324
3430,0.00123141
3431,0.00257004
3432,0.01196321
3433,1.48768189
3434,0.00354236
3435,0.00162449
3436,0.00072049
3437,0.00224783
3438,0.00079036
3439,0.00178038
3440,0.00150950
3441,0.00068412
3442,0.00147879
3443,0.00122820
3444,0.00179646
3445,0.00256448
3446,0.00063032
3447,0.00215496
3448,0.00390111
3449,0.02286648
3450,0.00109948
3451,0.00077864
3452,0.02187879
3453,0.00242296
3454,0.02268327
3455,0.01286708
3456,0.00154635
3457,0.00127597
3458,0.00126773
3459,0.00116230
3460,0.01244358
3461,0.00054902
3462,0.00136437
3463,0.00281873
3464,0.00118234
3465,0.00180231
3466,0.00177524
3467,0.00111363
3468,0.00113122
3469,0.00197628
3470,0.00171696
3471,0.00060338
3472,0.00112349
3473,0.00301541
3474,0.11129013
3475,0.00154441
3476,0.00086824
3477,0.00512150
3478,0.00243783
3479,0.00175376
3480,0.00171511
3481,0.00214927
3482,0.00344400
3483,0.00097978
3484,0.00167770
3485,0.00490808
3486,0.00055745
3487,0.00269757
3488,0.01321458
3489,0.02360318
3490,0.00111217
3491,0.00109385
3492,0.00112981
3493,0.00057197
3494,0.01244869
3495,0.00192509
3496,0.00176036
3497,0.00211747
3498,0.00189618
3499,0.00129690
3500,0.01803427
3501,0.00532866
3502,0.00399055
3503,0.00124363
3504,0.00181464
3505,0.00228647
3506,0.01168218
3507,0.00067560
3508,0.00060045
3509,0.00106667
3510,0.00307554
3511,0.01239276
3512,0.00237175
3513,0.01175119
3514,0.00355839
3515,0.00246652
3516,0.00381515
3517,0.00109434
3518,0.00071456
3519,0.00194006
3520,0.00174115
3521,0.00269282
3522,0.00513241
3523,0.00371264
3524,0.00314906
3525,0.85835258
3526,0.00189383
3527,0.00060991
3528,0.00065770
3529,0.00460549
3530,0.00153343
3531,0.00212987
3532,0.00057341
3533,0.00115561
3534,0.00100593
3535,0.00055226
3536,0.00175451
3537,0.00505288
3538,0.00188582
3539,0.00164595
3540,0.00184120
3541,0.00507476
3542,0.00127714
3543,0.00224733
3544,0.00228296
3545,0.00220249
3546,0.00532834
3547,0.00179806
3548,0.00427888
3549,0.00112188
3550,0.00158732
3551,0.00171115
3552,0.00254350
3553,1.54951727
3554,0.00374552
3555,0.00182336
3556,0.00204202
3557,0.02160003
3558,0.00110095
3559,0.00241568
3560,0.00383529
3561,0.00076015
3562,0.00483698
3563,0.00223194
3564,0.00201800
3565,0.00510331
3566,0.00192905
3567,0.00132937
3568,0.00153622
3569,0.00345884
3570,0.01774359
3571,0.00072998
3572,0.00362988
3573,0.00160152
3574,0.00307096
3575,0.00210093
3576,0.02050437
3577,0.00059107
3578,0.00348535
3579,0.00127870
3580,0.00319949
3581,0.00049363
3582,0.00101001
3583,0.00096764
3584,0.00100339
3585,0.00141738
3586,0.00149676
3587,0.00240687
3588,0.00142037
3589,0.00117336
3590,0.00118673
3591,0.00200372
3592,0.00158175
3593,0.00064471
3594,0.00186865
3595,0.00114570
3596,0.00272711
3597,0.00186155
3598,0.00150306
3599,0.00117609
3600,0.00422232
3601,0.00079986
3602,0.00194949
3603,0.00122544
3604,0.00134951
3605,0.00220904
3606,0.01203195
3607,0.00202154
3608,0.00263282
3609,0.00126186
3610,0.00545956
3611,0.00194657
3612,0.00116462
3613,0.00184313
3614,0.00238301
3615,0.00096140
3616,0.00233188
3617,0.00070851
3618,0.00329655
3619,0.00120930
3620,0.00277277
3621,0.00153210
3622,0.00218846
3623,0.00130430
3624,0.00114013
3625,0.00159264
3626,0.02111034
3627,0.00083418
3628,0.00109752
3629,0.00170811
3630,0.02443339
3631,1.48472757
3632,0.00078231
3633,0.00359932
3634,0.00256505
3635,0.00061767
3636,0.01189264
3637,0.01955918
3638,0.01920027
3639,0.00158373
3640,0.00162445
3641,0.00073239
3642,0.01130951
3643,0.00223185
3644,0.00312069
3645,0.00160058
3646,0.00207133
3647,0.00237344
3648,0.00205902
3649,0.00076654
3650,0.00164879
3651,0.00067171
3652,0.00136575
3653,0.00097129
3654,0.00377986
3655,0.01240490
3656,0.00066607
3657,0.00268474
3658,0.00117131
3659,0.00064471
3660,0.00328630
3661,0.02098164
3662,0.00190907
3663,0.00101735
3664,0.00073776
3665,0.01267692
3666,2.06428044
3667,0.01283499
3668,0.00153980
3669,0.00135207
3670,0.00065225
3671,0.00140630
3672,0.00065517
3673,0.00209186
3674,0.00056905
3675,0.00258070
3676,0.00244338
3677,0.00233090
3678,0.00164013
3679,0.02472934
3680,0.00146568
3681,0.00111205
3682,0.00225943
3683,0.00113198
3684,0.00097426
3685,0.00114983
3686,0.00535694
3687,0.00175326
3688,0.00230396
3689,0.00052914
3690,0.00064892
3691,0.00115590
3692,0.00053107
3693,0.00360346
3694,0.01240010
3695,0.00254732
3696,0.00204312
3697,0.00066629
3698,0.02476583
3699,0.00308082
3700,0.00069537
3701,0.00188649
3702,0.00202408
3703,0.00206302
3704,0.00125140
3705,0.00114795
3706,0.00151224
3707,0.00216987
3708,0.00167799
3709,0.00325138
3710,0.00178281
3711,0.00220772
3712,0.00226005
3713,0.02153942
3714,0.00137543
3715,0.00131836
3716,0.00133404
3717,0.00524307
3718,0.00478500
3719,0.00100011
3720,1.25085789
3721,0.00055837
3722,0.01129824
3723,0.00055752
3724,0.00149461
3725,0.00540766
3726,0.00127069
3727,0.00054090
3728,0.01180847
3729,0.00060653
3730,0.00112051
3731,0.00471695
3732,0.00331269
3733,0.01947211
3734,0.00118966
3735,0.00110090
3736,0.00076859
3737,0.00049184
3738,0.00217571
3739,0.00117058
3740,0.01462070
3741,0.01217750
3742,0.00080694
3743,0.01328282
3744,0.16675551
3745,0.00351266
3746,0.00312018
3747,0.00133106
3748,0.00327531
3749,0.00165463
3750,0.00235027
3751,0.00114395
3752,0.00099472
3753,0.00449193
3754,0.00171740
3755,0.00113099
3756,0.00395957
3757,0.00124489
3758,0.00169881
3759,0.00115251
3760,0.00202460
3761,0.01305342
3762,0.00257784
3763,0.00098991
3764,0.00126460
3765,0.00119993
3766,0.00060518
3767,0.00167699
3768,0.02131833
3769,0.00154420
3770,0.01289216
3771,0.00274089
3772,0.00150496
3773,0.00165621
3774,0.09594812
3775,0.00055179
3776,0.00100981
3777,0.00258867
3778,0.00144442
3779,0.01211695
3780,0.01154700
3781,0.00221238
3782,0.01921800
3783,0.00109726
3784,0.00379320
3785,0.02512591
3786,0.00175382
3787,0.00214179
3788,0.00113377
3789,0.00150838
3790,0.00186673
3791,0.00167023
3792,0.01233522
3793,0.00100052
3794,0.00079402
3795,0.01520700
3796,0.00226777
3797,0.00051703
3798,0.00114054
3799,0.00270026
3800,0.00172208
3801,0.00160668
3802,0.00053472
3803,0.00223190
3804,0.00171124
3805,0.00235551
3806,0.00231360
3807,0.00114293
3808,0.01960975
3809,0.01200463
3810,0.00347537
3811,0.00230157
3812,0.00088718
3813,0.01146637
3814,0.00189956
3815,0.00107331
3816,0.00143407
3817,0.00199987
3818,0.00401940
3819,0.03340572
3820,0.00228668
3821,0.00500684
3822,0.04191988
3823,0.00284974
3824,0.00193790
3825,0.00220822
3826,0.00102085
3827,0.00525286
3828,0.00069258
3829,0.00056234
3830,0.00203552
3831,0.00177568
3832,0.00228998
3833,0.00129260
3834,0.00186054
3835,0.00131852
3836,0.00369464
3837,0.00183860
3838,0.00238553
3839,0.00400118
3840,0.00267149
3841,0.00167398
3842,0.00165868
3843,0.00172250
3844,0.00158852
3845,0.01199789
3846,0.00241409
3847,0.00051712
3848,0.00178456
3849,0.00217893
3850,0.00058481
3851,0.00232493
3852,0.00439651
3853,0.45248303
3854,0.00051704
3855,0.00152042
3856,0.00362121
3857,0.00206128
3858,0.00119749
3859,0.00116702
3860,0.00365650
3861,0.00169565
3862,0.02099733
3863,0.00167857
3864,0.01173486
3865,0.00479410
3866,0.00175575
3867,0.00164159
3868,2.47930811
3869,0.00203998
3870,0.00262896
3871,0.00245564
3872,0.00379331
3873,0.00105912
3874,0.00161074
3875,0.00127177
3876,0.00152638
3877,0.00204599
3878,0.00406165
3879,0.00176573
3880,0.00524604
3881,0.00103210
3882,0.00228843
3883,0.00212570
3884,0.00171884
3885,0.00473794
3886,0.00374252
3887,0.00210575
3888,0.01148390
3889,1.70057186
3890,0.00380189
3891,0.00116146
3892,0.00103684
3893,0.00180228
3894,0.00239579
3895,0.00114903
3896,1.34369014
3897,0.02164509
3898,0.00232370
3899,0.00199109
3900,0.00256871
3901,0.00367960
3902,0.00226895
3903,0.00162532
3904,0.00116498
3905,0.00102112
3906,0.00140813
3907,0.00112522
3908,0.00134777
3909,0.00189425
3910,0.00235718
3911,0.00193151
3912,0.00261341
3913,0.00044360
3914,0.00132561
3915,0.00068817
3916,0.00110210
3917,0.00229057
3918,0.00132866
3919,0.00124150
3920,0.00151179
3921,0.00408535
3922,0.00424765
3923,0.00313913
3924,0.00206396
3925,0.00097515
3926,0.00162301
3927,0.00120336
3928,0.00102275
3929,0.00085377
3930,0.00057960
3931,0.00982744
3932,1.65221868
3933,0.00269652
3934,0.00160265
3935,0.00486565
3936,0.01095019
3937,0.00370659
3938,0.00159864
3939,0.00286896
3940,0.00165328
3941,0.00079287
3942,0.00122884
3943,0.00162340
3944,0.00128022
3945,0.00282206
3946,0.00095708
3947,0.00230812
3948,0.00072113
3949,0.00527633
3950,0.00942574
3951,0.00213197
3952,0.01479803
3953,0.00075552
3954,0.00108837
3955,0.00064545
3956,0.00146442
3957,0.01331704
3958,0.00160710
3959,0.00151890
3960,0.00226790
3961,0.00173352
3962,0.00156167
3963,0.01178453
3964,0.00076840
3965,0.00263586
3966,0.00185470
3967,0.00348430
3968,0.01213437
3969,0.01333813
3970,0.00054190
3971,0.51276299
3972,0.00183950
3973,0.00221626
3974,0.00055757
3975,0.00130596
3976,0.00087327
3977,0.00142077
3978,0.00124427
3979,0.00195305
3980,0.01288110
3981,0.00052068
3982,0.00107089
3983,0.00044876
3984,0.00232456
3985,0.00329353
3986,0.00184459
3987,0.00149156
3988,0.00107811
3989,0.00151915
3990,0.00082703
3991,0.00108617
3992,0.00289239
3993,0.00292713
3994,0.00204938
3995,0.01152331
3996,0.00329168
3997,0.00302727
3998,0.00203634
3999,0.00396966
4000,0.00093999
4001,0.00223530
4002,0.00229693
4003,0.00070906
4004,0.00098247
4005,0.02350462
4006,0.00349834
4007,0.00072234
4008,0.00112111
4009,0.00112490
4010,0.00080573
4011,0.00249729
4012,0.00291088
4013,0.00775526
4014,0.01335144
4015,0.00238231
4016,0.00171712
4017,0.00226377
4018,0.00519571
4019,0.00116787
4020,0.01104084
4021,0.00116958
4022,0.00077856
4023,0.00163370
4024,0.00052784
4025,0.00308076
4026,0.00261768
4027,0.02249243
4028,0.00060143
4029,0.00344623
4030,0.00157874
4031,0.00164433
4032,0.00380868
4033,0.00122035
4034,0.00221289
4035,0.00236638
4036,0.00258379
4037,0.00171936
4038,0.00146999
4039,1.14459503
4040,0.00185925
4041,0.00240087
4042,0.00117075
4043,0.00101600
4044,0.00155116
4045,0.00100932
4046,0.00359161
4047,0.00391314
4048,0.00408957
4049,0.00143669
4050,0.00253800
4051,0.00192152
4052,0.00089096
4053,0.00189543
4054,0.02313521
4055,0.00756406
4056,0.00210783
4057,0.00159339
4058,0.01160462
4059,0.00178284
4060,0.00100514
4061,0.00369936
4062,0.00111095
4063,0.00143206
4064,0.00240034
4065,0.00075618
4066,0.00515085
4067,0.00092510
4068,0.00086434
4069,0.00086112
4070,0.00246257
4071,0.00154508
4072,0.00131203
4073,0.00225837
4074,0.01336456
4075,0.00054704
4076,0.00053649
4077,0.00229295
4078,0.02020800
4079,0.02252745
4080,0.00283965
4081,0.00164627
4082,0.00354691
4083,0.00146198
4084,0.00386842
4085,0.00168159
4086,0.01344089
4087,0.00156585
4088,0.00187399
4089,0.00117036
4090,0.00113701
4091,0.00112495
4092,0.00127013
4093,0.00220394
4094,0.00057043
4095,0.00122836
4096,2.37691998
4097,0.00284082
4098,0.00047060
4099,1.39153697
4100,0.00170462
4101,0.00174430
4102,0.02314390
4103,0.00111861
4104,0.00178788
4105,0.02345059
4106,0.00210672
4107,0.00490237
4108,0.00177623
4109,0.00080767
4110,0.00124617
4111,0.00275313
4112,0.00054140
4113,0.00338400
4114,0.00068458
4115,0.01412921
4116,0.00294138
4117,0.00138117
4118,0.00253958
4119,0.00097270
4120,0.00104656
4121,0.00326696
4122,0.00295500
4123,0.00202982
4124,0.00580217
4125,0.00192937
4126,0.00262144
4127,0.00140530
4128,0.00155066
4129,0.00216563
4130,0.00454281
4131,0.00070437
4132,0.00393393
4133,0.01148403
4134,0.00174630
4135,0.00146506
4136,0.00282955
4137,0.00192733
4138,0.01337881
4139,0.00205526
4140,0.00173850
4141,0.00080110
4142,0.00407860
4143,0.00135333
4144,0.00179636
4145,0.00396177
4146,0.00549015
4147,0.01192339
4148,0.02871428
4149,0.00284384
4150,0.00385230
4151,0.00138722
4152,0.00359741
4153,0.00319753
4154,0.00307958
4155,0.00188511
4156,0.00369309
4157,0.00059178
4158,0.00251063
4159,0.00044285
4160,0.00179641
4161,0.00241789
4162,0.00118469
4163,0.00308291
4164,0.00123917
4165,0.00059015
4166,0.00556803
4167,0.00121647
4168,0.00070915
4169,0.00160365
4170,0.00068581
4171,0.00279164
4172,0.00497141
4173,0.00189691
4174,0.00368292
4175,0.00340339
4176,0.00168638
4177,0.00121721
4178,0.00220207
4179,0.00211684
4180,0.00110117
4181,0.00172226
4182,0.00249434
4183,0.00223935
4184,0.00257285
4185,0.00119853
4186,0.00213699
4187,0.00229253
4188,0.00119347
4189,0.00117115
4190,0.00119553
4191,0.00112076
4192,0.00057407
4193,0.00363793
4194,0.00395576
4195,0.00447525
4196,0.01753458
4197,0.00224420
4198,0.61115151
4199,0.00238372
4200,0.00126452
4201,0.00219725
4202,0.00094045
4203,0.00236629
4204,0.00216049
4205,0.00221829
4206,0.01112228
4207,0.00403188
4208,0.00460241
4209,0.00214933
4210,0.00104583
4211,0.00125279
4212,0.00330008
4213,0.00158807
4214,0.00301036
4215,0.00333805
4216,0.00120592
4217,0.00199004
4218,0.00154195
4219,0.00127813
4220,0.00362009
4221,0.00159411
4222,0.00182022
4223,0.34993563
4224,0.00179237
4225,0.00160996
4226,0.00261845
4227,0.00305061
4228,0.00110535
4229,0.00152516
4230,0.02201683
4231,0.00126682
4232,0.00146994
4233,0.00193828
4234,0.00244854
4235,0.00171373
4236,0.00140731
4237,0.00148054
4238,0.00235466
4239,0.00194659
4240,0.01410577
4241,0.00385340
4242,0.00089097
4243,0.00199972
4244,0.00060081
4245,0.00148878
4246,0.00277690
4247,0.00122269
4248,0.00123291
4249,0.00115678
4250,0.49234374
4251,0.02170240
4252,0.00049956
4253,0.00459515
4254,0.00310719
4255,0.00405946
4256,0.00442766
4257,0.00226920
4258,0.00053194
4259,0.00101743
4260,0.00096140
4261,1.50341958
4262,0.00229816
4263,0.00430855
4264,0.00495181
4265,0.00165567
4266,0.00240792
4267,0.00134519
4268,0.02187958
4269,0.00227265
4270,0.00175439
4271,0.00195258
4272,0.00058238
4273,0.00200342
4274,0.00173181
4275,0.00062946
4276,0.00119363
4277,0.00248194
4278,0.00551902
4279,0.01192711
4280,0.00129982
4281,0.00136026
4282,0.00183772
4283,0.00232441
4284,0.00094759
4285,0.01318721
4286,1.52312913
4287,0.02001064
4288,0.01342911
4289,0.02168809
4290,0.00109054
4291,0.00116331
4292,0.00122753
4293,0.00169956
4294,0.00150476
4295,0.00174423
4296,0.00056921
4297,0.00069978
4298,0.00069233
4299,0.02213430
4300,0.00108376
4301,0.08044719
4302,0.00186436
4303,0.01323551
4304,0.00125392
4305,0.00077929
4306,0.00248558
4307,0.00137450
4308,0.00124749
4309,0.00104726
4310,0.00200668
4311,0.00340837
4312,0.00109588
4313,0.00189060
4314,0.01839346
4315,0.00187616
4316,0.02114908
4317,0.00198147
4318,0.00051953
4319,0.00205415
4320,0.00159424
4321,0.00927344
4322,0.00164778
4323,0.00176107
4324,0.00110894
4325,0.00273905
4326,0.00243002
4327,0.70712421
4328,0.00154878
4329,0.00123477
4330,0.00164831
4331,0.00194393
4332,0.00130671
4333,0.01390118
4334,0.00146737
4335,0.00373231
4336,0.00054298
4337,0.00136289
4338,0.00770888
4339,0.00112494
4340,0.00109433
4341,0.00054196
4342,0.00056907
4343,0.00167833
4344,0.00183393
4345,0.01153669
4346,0.00084184
4347,0.00408965
4348,0.00163639
4349,0.00116062
4350,0.01121722
4351,0.00128546
4352,0.00139430
4353,0.00082812
4354,0.00049052
4355,0.01217790
4356,0.00061036
4357,0.00071266
4358,0.00557538
4359,0.00053124
4360,0.00296562
4361,1.05702797
4362,0.11425746
4363,0.00109548
4364,0.01289170
4365,0.00498684
4366,0.00137052
4367,0.00194323
4368,0.00199655
4369,0.00224591
4370,0.00115108
4371,0.00394431
4372,0.00127702
4373,0.00094371
4374,0.01492589
4375,0.00141430
4376,0.00246099
4377,0.09313766
4378,0.00099856
4379,0.00241433
4380,0.00096260
4381,0.00150150
4382,0.00382061
4383,2.19898124
4384,0.00092839
4385,0.00050031
4386,0.00451413
4387,0.00055543
4388,0.00127990
4389,0.00188367
4390,0.00399414
4391,0.16029415
4392,0.00115078
4393,0.00146428
4394,0.00238957
4395,0.00139923
4396,0.00325356
4397,0.00165779
4398,0.00069741
4399,0.00190837
4400,0.00147442
4401,0.00230904
4402,0.00525348
4403,0.00209519
4404,0.01247583
4405,0.00115262
4406,0.01896193
4407,0.00077436
4408,0.01110552
4409,0.00090911
4410,0.00302479
4411,0.00331870
4412,0.01325972
4413,0.24542804
4414,0.00071388
4415,0.00503432
4416,0.00133784
4417,0.00176966
4418,0.00199578
4419,0.00219054
4420,0.00184205
4421,0.00267936
4422,0.00381963
4423,0.00539967
4424,0.00434632
4425,0.00392394
4426,0.00577007
4427,0.00140384
4428,0.00382586
4429,0.00165457
4430,0.00103941
4431,0.00227768
4432,0.00163122
4433,0.00129963
4434,0.00067718
4435,0.00353444
4436,0.00199853
4437,0.00069689
4438,0.00147308
4439,0.00241722
4440,0.00112338
4441,0.01456912
4442,0.00109504
4443,0.00249741
4444,0.00142448
4445,0.00139533
4446,0.01231727
4447,0.00238293
4448,0.89362046
4449,0.00127529
4450,0.00805908
4451,0.00377578
4452,0.00263786
4453,0.00045556
4454,0.00151947
4455,0.00124576
4456,0.00184602
4457,0.00132824
4458,0.00283500
4459,0.00234035
4460,1.31553738
4461,0.00219653
4462,0.01410781
4463,0.00171967
4464,0.00165630
4465,1.33096921
4466,0.00236193
4467,0.00279468
4468,0.00205918
4469,0.03538722
4470,0.02259555
4471,0.00045131
4472,0.00291420
4473,0.00132418
4474,0.00244036
4475,0.01145407
4476,0.00162284
4477,0.00110783
4478,0.00136430
4479,0.00209994
4480,0.00051699
4481,0.00058831
4482,2.22322336
4483,0.00394358
4484,0.00091474
4485,0.00209654
4486,0.00071014
4487,0.00103878
4488,0.00050793
4489,0.00072368
4490,0.00149145
4491,0.00360032
4492,0.00306754
4493,0.00138142
4494,0.00093789
4495,0.00157627
4496,0.00074338
4497,0.00124339
4498,0.00202978
4499,0.00233403
4500,0.00113530
4501,0.00182959
4502,0.00192162
4503,0.00195928
4504,0.00118867
4505,0.00128215
4506,0.01184381
4507,1.99196259
4508,0.00096731
4509,0.00246931
4510,0.00119881
4511,0.00205619
4512,0.00149700
4513,0.00167724
4514,0.00186340
4515,0.00210975
4516,0.00065480
4517,0.00170246
4518,0.01285036
4519,0.00052058
4520,0.00343838
4521,0.09755088
4522,0.00105561
4523,0.02211230
4524,0.42103119
4525,0.00365053
4526,0.00058514
4527,1.05490441
4528,0.00074332
4529,0.00257039
4530,0.00052922
4531,0.00216965
4532,0.00352672
4533,0.00106709
4534,0.00126317
4535,0.00359476
4536,0.00264191
4537,0.00188414
4538,0.33998639
4539,0.00165645
4540,0.00130055
4541,0.00043728
4542,0.00374575
4543,0.00528247
4544,0.01085425
4545,0.01385965
4546,0.00158326
4547,0.00325974
4548,0.00142389
4549,0.01234522
4550,0.00459474
4551,0.00268499
4552,0.00205573
4553,0.00114065
4554,0.00126114
4555,0.00078819
4556,0.00170511
4557,0.00283270
4558,0.00108646
4559,0.00127921
4560,0.00186466
4561,0.00103520
4562,0.00185670
4563,0.00108269
4564,0.00124615
4565,0.00154473
4566,0.00047344
4567,0.02937225
4568,0.00235162
4569,0.00108891
4570,0.00157188
4571,0.00255755
4572,0.00115594
4573,0.00277604
4574,0.00047615
4575,2.26582782
4576,0.00140480
4577,0.00141011
4578,0.00087949
4579,0.00253134
4580,0.00060724
4581,0.00144040
4582,0.00181380
4583,0.00270209
4584,0.00162627
4585,0.00194761
4586,0.00184092
4587,0.00133965
4588,0.00209032
4589,0.00132896
4590,0.01463152
4591,0.00164817
4592,0.00074265
4593,0.00007800
4594,0.00151045
4595,0.00226955
4596,1.66420617
4597,0.02039005
4598,0.00099552
4599,0.01190484
4600,0.00183955
4601,0.00122488
4602,0.02087766
4603,0.00369028
4604,0.00135145
4605,0.00329790
4606,0.00233636
4607,0.00207755
4608,0.00336936
4609,0.00071207
4610,0.00209693
4611,0.00170318
4612,0.00375975
4613,0.00339979
4614,0.00231321
4615,0.00115576
4616,0.00323987
4617,0.00056601
4618,0.00483236
4619,0.00107828
4620,0.00206661
4621,0.00128709
4622,0.00335329
4623,0.00103566
4624,0.00280238
4625,0.02195850
4626,0.00075863
4627,0.00201195
4628,0.00217788
4629,0.00243824
4630,0.01195070
4631,0.02247735
4632,0.00323948
4633,0.00299302
4634,0.00144612
4635,0.01173315
4636,0.00217111
4637,0.02172786
4638,0.00111468
4639,0.00164760
4640,0.00052788
4641,0.00332646
4642,0.00072518
4643,0.00259769
4644,0.00172560
4645,0.01881513
4646,0.00114447
4647,0.00088193
4648,0.00222440
4649,0.00109347
4650,0.00109623
4651,0.00229415
4652,0.00288318
4653,0.00443192
4654,0.00089406
4655,0.02522328
4656,0.00072389
4657,0.00069099
4658,0.00073163
4659,0.00238988
4660,0.00141242
4661,0.01242166
4662,0.00108162
4663,0.08615621
4664,0.00195984
4665,0.00048042
4666,0.00373222
4667,0.00491821
4668,0.05264273
4669,0.00137326
4670,0.05777024
4671,0.00055500
4672,0.00122945
4673,0.00109200
4674,0.00443737
4675,0.00317376
4676,0.00157845
4677,0.00419901
4678,0.00096485
4679,0.00153222
4680,0.00088705
4681,0.00108931
4682,0.00337089
4683,0.00085851
4684,0.00431740
4685,0.00112736
4686,0.00100278
4687,0.00185031
4688,0.00157906
4689,0.00118761
4690,0.00154441
4691,0.00145507
4692,0.00045818
4693,0.00250173
4694,0.00232465
4695,0.00194898
4696,0.00137364
4697,0.00271834
4698,0.00073354
4699,0.00213185
4700,0.02003087
4701,0.01183132
4702,0.00170985
4703,0.00504197
4704,0.00461544
4705,0.00123028
4706,0.00116934
4707,0.00099250
4708,0.02256235
4709,0.00216908
4710,0.00139742
4711,0.00490128
4712,0.00055221
4713,0.00116271
4714,0.00063036
4715,0.00317306
4716,0.00211593
4717,0.00265335
4718,0.00173967
4719,0.00114533
4720,0.00379883
4721,0.00057491
4722,0.00189034
4723,0.00112931
4724,0.00085287
4725,0.11552592
4726,0.00116188
4727,0.00237702
4728,0.01178294
4729,0.00195303
4730,0.00152428
4731,0.00208202
4732,0.00177382
4733,0.00200960
4734,0.00201365
4735,0.00966643
4736,2.35471399
4737,0.00245599
4738,0.00502088
4739,0.00352370
4740,0.00124609
4741,0.00187893
4742,0.00066070
4743,0.00175915
4744,0.00121893
4745,0.00144132
4746,0.00449058
4747,0.00080140
4748,0.00215391
4749,0.27307371
4750,0.02436747
4751,0.00159497
4752,0.00274459
4753,0.00157256
4754,0.00245030
4755,0.00143347
4756,0.00251590
4757,0.00043064
4758,0.00178127
4759,0.00138248
4760,0.00134951
4761,0.00153818
4762,0.02182016
4763,0.01064534
4764,0.00057912
4765,0.00484609
4766,0.00284480
4767,0.00121855
4768,0.00045960
4769,0.00519579
4770,0.00092387
4771,0.00402750
4772,0.00225021
4773,0.00408167
4774,0.00262186
4775,0.00104893
4776,0.00055853
4777,0.53546435
4778,0.00363552
4779,0.00053821
4780,0.00266765
4781,0.00117811
4782,0.00075829
4783,0.00312271
4784,0.00193182
4785,0.00127421
4786,0.00102973
4787,0.00156004
4788,0.00122577
4789,0.00421037
4790,0.00139065
4791,0.00156275
4792,0.01330737
4793,0.00127988
4794,0.00114155
4795,0.00119938
4796,0.00106166
4797,0.10346661
4798,0.00136523
4799,0.00383142
4800,0.01143742
4801,0.00210599
4802,0.00242804
4803,0.00121706
4804,0.00187475
4805,0.00094220
4806,0.00120140
4807,0.00366566
4808,0.00116010
4809,0.00117467
4810,0.00139212
4811,0.00119113
4812,0.00144339
4813,0.00045656
4814,0.00175810
4815,0.00174787
4816,0.00127411
4817,0.00059167
4818,0.00207720
4819,0.00148238
4820,0.00253163
4821,0.00126280
4822,0.00426202
4823,0.00215414
4824,1.19983238
4825,0.00542020
4826,0.00177927
4827,0.00200655
4828,0.00122985
4829,0.00168310
4830,0.00195505
4831,0.00224278
4832,0.02336859
4833,0.02051611
4834,0.00426256
4835,0.00126490
4836,0.00259707
4837,0.00075485
4838,0.00212823
4839,0.00507559
4840,0.00263094
4841,0.00105266
4842,0.00046778
4843,0.00384140
4844,0.00141380
4845,0.00151213
4846,0.00124759
4847,0.00110386
4848,0.82075655
4849,0.00284932
4850,0.00121322
4851,0.83987061
4852,0.00120741
4853,0.00338199
4854,0.00092586
4855,0.00105211
4856,0.00514718
4857,0.00128614
4858,0.61481822
4859,0.00092967
4860,0.00206435
4861,0.00244986
4862,0.00220434
4863,0.00223500
4864,0.00183667
4865,0.38653023
4866,0.01720763
4867,0.00217321
4868,0.00456028
4869,0.00401717
4870,0.00119111
4871,0.00173057
4872,0.00400859
4873,0.00111191
4874,0.00100563
4875,0.00107009
4876,2.27130527
4877,0.01217328
4878,0.00168472
4879,0.00097754
4880,0.00168786
4881,0.00363154
4882,0.00111341
4883,0.00484297
4884,0.00119721
4885,0.00063489
4886,0.00210313
4887,0.00188504
4888,0.01306935
4889,0.00216670
4890,0.00107028
4891,0.00166157
4892,0.00117349
4893,0.00179240
4894,0.00365054
4895,0.00229338
4896,0.06133452
4897,0.00109902
4898,0.00249646
4899,0.00126837
4900,0.00207499
4901,0.01201601
4902,0.00366038
4903,0.00051230
4904,0.00176536
4905,0.00200511
4906,0.00108638
4907,0.00495240
4908,0.95487597
4909,0.00436135
4910,0.00188717
4911,0.00095794
4912,0.00248750
4913,0.00197867
4914,0.00388474
4915,0.00342714
4916,0.00125795
4917,0.00528926
4918,0.00358882
4919,0.00441364
4920,0.00081833
4921,0.00188343
4922,0.00191947
4923,0.00189965
4924,0.00222144
4925,0.00425454
4926,0.00056488
4927,0.00164192
4928,0.00209671
4929,0.01238242
4930,0.00275969
4931,0.00147433
4932,0.15793888
4933,0.00416059
4934,0.00179635
4935,0.00145730
4936,0.00114626
4937,0.00230515
4938,0.00319425
4939,0.07235190
4940,0.01215322
4941,0.00122135
4942,0.00157942
4943,0.01512970
4944,0.02130126
4945,0.00156785
4946,0.00264785
4947,0.00155315
4948,0.00063319
4949,0.00162005
4950,0.00120865
4951,0.00114383
4952,0.00169388
4953,0.00051794
4954,0.00186069
4955,0.00070846
4956,0.00126565
4957,0.00067804
4958,0.00148726
4959,0.00164377
4960,0.00219200
4961,0.00467118
4962,0.00173917
4963,0.00141681
4964,0.00125719
4965,0.00080623
4966,0.00340757
4967,0.02115858
4968,0.00424266
4969,0.01155973
4970,0.00115664
4971,0.01133105
4972,0.00158627
4973,0.01742889
4974,0.01415432
4975,0.00201642
4976,0.00210896
4977,0.01582673
4978,0.00416462
4979,0.00104513
4980,0.00058270
4981,0.00111754
4982,0.00115908
4983,0.00512123
4984,0.00284636
4985,0.00159880
4986,0.00272128
4987,0.00191622
4988,0.00147998
4989,0.00195933
4990,0.00098942
4991,0.00102798
4992,0.00282992
4993,0.00387152
4994,0.00139294
4995,0.00160927
4996,0.00116192
4997,0.00046698
4998,0.01486844
4999,0.00107562
5000,0.00240969
5001,0.00176141
5002,0.00173086
5003,0.00139370
5004,0.00225922
5005,0.01259812
5006,0.00139960
5007,0.00116417
5008,0.00113825
5009,0.00181299
5010,0.00379626
5011,0.00164930
5012,0.00078297
5013,0.01600441
5014,0.00223426
5015,0.00459055
5016,0.00115569
5017,0.00347519
5018,0.00271240
5019,0.02082368
5020,1.28390192
5021,0.02137689
5022,0.00190908
5023,0.00044570
5024,0.00214158
5025,0.00213891
5026,0.00283088
5027,0.00133501
5028,0.00243112
5029,0.00067824
5030,0.00195335
5031,0.00109845
5032,0.00245082
5033,0.00098286
5034,0.00187061
5035,0.00200923
5036,0.00138664
5037,0.00181366
5038,0.00531283
5039,0.00326101
5040,0.00183832
5041,0.00306313
5042,0.00213060
5043,0.00164777
5044,0.00222884
5045,0.00131251
5046,0.00160281
5047,0.00210852
5048,0.00260674
5049,0.00526001
5050,1.53557976
5051,0.00296503
5052,0.00119194
5053,0.00146107
5054,0.00118967
5055,0.00188916
5056,0.00467355
5057,0.00135741
5058,0.00171164
5059,0.00255726
5060,0.00274440
5061,0.00411313
5062,0.00293155
5063,0.00114537
5064,0.00120342
5065,0.01842569
5066,0.02881177
5067,0.00134098
5068,0.00119363
5069,0.00185677
5070,0.00177626
5071,0.00241898
5072,0.00062949
5073,0.00165431
5074,0.00187225
5075,0.00134741
5076,0.00254158
5077,0.00569152
5078,0.00234959
5079,0.01420077
5080,0.00341391
5081,0.00398374
5082,0.02230400
5083,0.00071241
5084,0.00534375
5085,0.00058185
5086,0.01320857
5087,0.00073757
5088,0.00111288
5089,0.00381994
5090,0.00191394
5091,0.00395822
5092,0.00194048
5093,0.00061815
5094,0.00310812
5095,0.00125308
5096,0.00121392
5097,0.00084912
5098,0.00238112
5099,0.00166784
5100,0.00067763
5101,0.00107208
5102,0.00408759
5103,0.00206646
5104,0.00353203
5105,0.00137533
5106,0.00151600
5107,0.00201261
5108,0.02289614
5109,0.00125429
5110,0.00057812
5111,0.00207285
5112,0.00156197
5113,0.00492360
5114,0.00325891
5115,0.00078366
5116,0.00550246
5117,0.00256425
5118,0.00226135
5119,0.00109403
5120,0.00129945
5121,0.00158434
5122,0.00341034
5123,0.00229051
5124,0.00380038
5125,0.01277862
5126,1.07772899
5127,0.00400564
5128,0.00151201
5129,0.00119986
5130,0.00163608
5131,0.00064971
5132,0.00196416
5133,0.00508198
5134,0.00251609
5135,0.00219567
5136,0.00240709
5137,0.00069841
5138,0.02315657
5139,0.00056071
5140,0.00134608
5141,0.00251427
5142,0.00114209
5143,0.00321960
5144,0.57083865
5145,0.00295245
5146,0.00122445
5147,0.02027367
5148,0.00114979
5149,0.02087774
5150,0.69191232
5151,0.00122026
5152,0.00083376
5153,0.00239290
5154,0.00302871
5155,0.00158530
5156,0.00173796
5157,0.00522534
5158,0.00295822
5159,0.00045270
5160,0.00133861
5161,0.00113427
5162,0.00085890
5163,0.00234035
5164,0.00155782
5165,0.00168377
5166,0.00051048
5167,1.21022207
5168,0.00555729
5169,0.00156718
5170,0.01101221
5171,0.00217166
5172,0.00525595
5173,0.00269207
5174,0.00094743
5175,0.00249911
5176,0.00135175
5177,0.00187092
5178,0.00251494
5179,0.00171937
5180,0.00364670
5181,0.00124812
5182,0.00409062
5183,0.00111785
5184,0.00282278
5185,0.00114305
5186,0.00057471
5187,0.00119224
5188,0.00285783
5189,0.00385975
5190,0.00185256
5191,0.00171833
5192,0.00105530
5193,0.00186822
5194,0.00126426
5195,0.00247809
5196,0.00212116
5197,0.00076963
5198,0.00498643
5199,0.00156722
5200,0.00524499
5201,0.00219304
5202,0.00319563
5203,0.00145182
5204,0.00058253
5205,0.00126136
5206,0.00219307
5207,0.00205285
5208,0.00175102
5209,0.00129880
5210,0.00143597
5211,0.00107078
5212,0.01297287
5213,0.00057244
5214,0.00303696
5215,0.00577415
5216,0.00187533
5217,0.02087916
5218,0.00148858
5219,0.00151479
5220,0.00500777
5221,0.01135711
5222,0.00208706
5223,0.00263621
5224,0.00182757
5225,0.01735090
5226,0.00492377
5227,0.00369449
5228,0.00125083
5229,0.00191438
5230,0.00129644
5231,0.00058627
5232,0.00122187
5233,0.00108247
5234,0.00186390
5235,0.00252478
5236,0.00326692
5237,0.00192438
5238,0.00140225
5239,0.00183243
5240,0.00071349
5241,0.00143000
5242,0.00184522
5243,0.00291263
5244,0.00108099
5245,0.00306607
5246,0.00169174
5247,0.01979531
5248,0.00338182
5249,0.00075314
5250,0.00312431
5251,0.00208026
5252,0.01157529
5253,0.04822344
5254,0.00149698
5255,0.00393680
5256,0.00057620
5257,0.00099061
5258,0.92111600
5259,0.00413226
5260,0.00183891
5261,0.01646274
5262,2.15749563
5263,0.00114156
5264,0.00412943
5265,0.00071072
5266,0.00160976
5267,0.00062701
5268,0.00356613
5269,0.01536691
5270,0.00186181
5271,0.00078540
5272,0.00233481
5273,0.00151827
5274,0.00393651
5275,0.02490002
5276,0.00189689
5277,0.00199864
5278,0.00197308
5279,0.00185044
5280,0.00209757
5281,0.00303817
5282,0.01287887
5283,0.00607151
5284,0.00050886
5285,0.00184666
5286,0.00272731
5287,0.00182094
5288,0.00180078
5289,0.00456867
5290,0.00202973
5291,0.00199042
5292,0.00210768
5293,0.00147707
5294,0.50885828
5295,0.00122401
5296,0.00155897
5297,0.00237588
5298,0.00344396
5299,0.00350777
5300,0.00370772
5301,0.00143528
5302,0.00060621
5303,0.00253968
5304,0.00192921
5305,0.00357184
5306,0.00178347
5307,0.00368106
5308,0.00083919
5309,0.00174939
5310,0.00120338
5311,0.00122178
5312,0.00055659
5313,0.00137225
5314,0.00260318
5315,0.00162011
5316,0.00114966
5317,0.00049238
5318,0.01240237
5319,0.00385814
5320,0.00298075
5321,0.00238467
5322,0.02125322
5323,0.00203786
5324,0.00112950
5325,0.01677432
5326,0.00183419
5327,0.00363562
5328,0.00361156
5329,0.00112764
5330,0.00245855
5331,0.01450239
5332,0.01247116
5333,0.00205324
5334,0.00304555
5335,0.00124546
5336,0.00156667
5337,0.00155040
5338,0.00116952
5339,0.02312618
5340,0.00116183
5341,0.00184688
5342,0.00144278
5343,0.01597710
5344,0.01885996
5345,0.00153530
5346,0.01114650
5347,0.00057810
5348,0.00155405
5349,0.00431660
5350,0.00172494
5351,0.00197883
5352,0.00376913
5353,0.01178033
5354,0.00154958
5355,0.00168719
5356,0.00125797
5357,0.00319711
5358,0.00144635
5359,0.00184290
5360,0.01205829
5361,0.00536739
5362,0.00104477
5363,0.00055162
5364,0.00265718
5365,0.00167132
5366,0.00054387
5367,0.00056844
5368,0.00154337
5369,0.01209784
5370,0.00555962
5371,0.00136993
5372,0.01194239
5373,0.00101617
5374,0.02386439
5375,0.00079083
5376,0.00060880
5377,0.00119255
5378,0.00308231
5379,0.00062152
5380,0.01694146
5381,0.00129903
5382,0.00335083
5383,0.00154947
5384,0.01150883
5385,0.00212007
5386,0.00061095
5387,0.00423108
5388,0.00828245
5389,0.01119877
5390,0.00053686
5391,0.01167933
5392,0.01106100
5393,0.00149281
5394,0.00226796
5395,0.00135210
5396,0.00104288
5397,0.00108538
5398,0.01983570
5399,0.00172814
5400,0.00264019
5401,0.00201980
5402,0.00261054
5403,0.00262872
5404,0.00207613
5405,0.00162437
5406,0.00245471
5407,0.00413206
5408,0.00100288
5409,0.00192700
5410,0.00171240
5411,0.00113877
5412,0.00057303
5413,0.00076738
5414,0.00193349
5415,0.00318850
5416,0.00275756
5417,0.00110583
5418,0.00445764
5419,0.00180868
5420,0.00586857
5421,0.00118586
5422,0.00109833
5423,0.00123149
5424,0.00124816
5425,0.01230274
5426,0.00052908
5427,0.01163819
5428,0.00189597
5429,0.02607288
5430,0.00105089
5431,0.00111425
5432,0.00067848
5433,0.00144527
5434,0.00060324
5435,0.01275588
5436,0.00439711
5437,0.00245094
5438,0.01205806
5439,0.00061395
5440,0.00190620
5441,0.00075403
5442,0.00557645
5443,0.00231807
5444,0.00055755
5445,0.00119906
5446,0.00112464
5447,0.00146124
5448,0.00381796
5449,0.00166792
5450,0.00816349
5451,0.00229184
5452,0.00278762
5453,0.00120391
5454,0.00325468
5455,0.00203738
5456,0.00154072
5457,0.00193193
5458,0.00143639
5459,0.00064460
5460,0.00373511
5461,0.01169525
5462,0.00191195
5463,0.00252970
5464,0.02261023
5465,0.00057618
5466,0.00203487
5467,0.00347540
5468,0.00198639
5469,0.00090141
5470,0.01262946
5471,0.00261369
5472,1.87352443
5473,0.00408585
5474,0.01163722
5475,0.00174294
5476,0.58994245
5477,0.00130633
5478,0.95748133
5479,0.00310412
5480,0.00140927
5481,0.00403832
5482,0.00239161
5483,0.02176272
5484,0.00236674
5485,0.00435912
5486,0.00052844
5487,0.00204083
5488,0.00150952
5489,0.00385436
5490,0.00219199
5491,0.00222225
5492,0.00222838
5493,0.01323586
5494,0.00137468
5495,0.01244851
5496,0.00117161
5497,0.00394448
5498,0.00138822
5499,0.00193570
5500,0.00194362
5501,0.00396708
5502,0.00074857
5503,0.00064187
5504,0.00358006
5505,0.00241165
5506,0.00071988
5507,0.00058341
5508,0.00130248
5509,0.00058561
5510,0.01103178
5511,0.01273066
5512,0.00537603
5513,0.00113255
5514,0.01718780
5515,0.02008122
5516,0.00120773
5517,0.00103102
5518,0.00060997
5519,0.00107042
5520,0.00202843
5521,0.00475979
5522,1.37371118
5523,0.00278190
5524,0.00131570
5525,0.00545796
5526,0.00498147
5527,0.01162267
5528,0.00108220
5529,0.00132719
5530,0.00405515
5531,0.00409679
5532,1.18480702
5533,0.00113979
5534,0.00221990
5535,0.00509527
5536,0.00342953
5537,0.00104711
5538,0.00127124
5539,0.00127718
5540,0.00378646
5541,0.03408444
5542,0.00182946
5543,0.00241094
5544,0.00265187
5545,0.00192713
5546,0.00232280
5547,0.00410805
5548,0.00199256
5549,0.00049296
5550,0.01228871
5551,0.00088855
5552,0.00257932
5553,0.00050911
5554,0.00247564
5555,0.00101932
5556,0.02411822
5557,0.00247270
5558,0.00151272
5559,0.00116988
5560,0.00060725
5561,0.00193709
5562,0.01115836
5563,0.00172566
5564,0.00135832
5565,0.00239757
5566,0.00240814
5567,0.00190550
5568,0.00042992
5569,0.00126002
5570,0.00219858
5571,0.00106784
5572,0.00399589
5573,0.00066622
5574,0.00399621
5575,0.00155067
5576,0.00113328
5577,0.00149173
5578,0.00053772
5579,0.00185290
5580,0.00109786
5581,0.00117536
5582,0.00267285
5583,0.00199203
5584,0.00111851
5585,0.00159023
5586,0.00139119
5587,0.00178782
5588,0.00198408
5589,0.00220602
5590,0.02104930
5591,0.00105369
5592,0.00406054
5593,0.00400941
5594,0.01503980
5595,0.00183297
5596,0.00272673
5597,0.00141294
5598,0.00388559
5599,0.00141697
5600,0.01251681
5601,0.02024565
5602,1.12608248
5603,0.00385245
5604,0.00511135
5605,0.00047587
5606,0.00074701
5607,0.00054642
5608,0.01833489
5609,0.00526122
5610,0.00057160
5611,0.00115081
5612,0.02338952
5613,0.00144942
5614,0.00180000
5615,0.01249975
5616,0.00242786
5617,0.00095459
5618,0.00127798
5619,0.01256636
5620,0.01171333
5621,0.01123417
5622,0.00243876
5623,0.00400484
5624,0.00136477
5625,0.00052421
5626,0.00187421
5627,0.00109519
5628,0.00124398
5629,0.00132102
5630,0.00127140
5631,0.00154812
5632,0.00168864
5633,0.00118816
5634,0.02359340
5635,0.00354813
5636,0.01324905
5637,0.00208679
5638,0.00101444
5639,0.00327940
5640,0.00059706
5641,0.01117279
5642,0.00048721
5643,0.00413568
5644,0.00257476
5645,0.00155257
5646,0.00215943
5647,0.01325112
5648,0.02204978
5649,0.02705394
5650,0.00153154
5651,0.00146676
5652,0.00231859
5653,0.00223845
5654,0.00218944
5655,0.00137512
5656,1.74560371
5657,0.00191121
5658,0.00119777
5659,0.00144834
5660,0.00059851
5661,0.00103605
5662,0.00126537
5663,0.01258781
5664,1.45431626
5665,0.00283013
5666,0.00211250
5667,0.00061786
5668,0.00216203
5669,0.00179088
5670,0.00089827
5671,0.00451224
5672,0.00419611
5673,0.00054860
5674,0.00076258
5675,0.00562553
5676,0.00081225
5677,0.00107097
5678,0.00116058
5679,0.00237730
5680,0.00165319
5681,0.00098369
5682,0.00068446
5683,0.00237304
5684,2.31831173
5685,0.01243629
5686,0.00303165
5687,0.00197105
5688,0.00357513
5689,0.00176928
5690,0.00087231
5691,0.00164996
5692,0.00156875
5693,0.00190709
5694,0.00147402
5695,0.01824641
5696,0.00163673
5697,0.00364501
5698,0.00167964
5699,0.00396227
5700,0.01063583
5701,0.00086912
5702,0.00113830
5703,0.01247902
5704,0.00073407
5705,0.00098381
5706,0.00074807
5707,0.00224174
5708,0.00181572
5709,0.00150697
5710,0.00198107
5711,0.01717360
5712,0.00324393
5713,0.00217000
5714,0.00260017
5715,0.34299347
5716,0.00113474
5717,0.00117707
5718,0.00372625
5719,0.00201305
5720,0.00074943
5721,0.15159424
5722,0.01201458
5723,0.00208988
5724,0.00109462
5725,0.00059758
5726,0.00165324
5727,0.00222477
5728,0.00424876
5729,0.00205361
5730,0.00073518
5731,0.00255880
5732,0.00173470
5733,0.00081633
5734,0.00173951
5735,0.00201880
5736,0.00167779
5737,0.00098837
5738,0.00110672
5739,0.00061931
5740,0.00159399
5741,0.00201921
5742,0.00386344
5743,0.00225905
5744,0.00248785
5745,0.00143685
5746,0.00432354
5747,1.12733092
5748,0.00179699
5749,0.01164412
5750,0.00207200
5751,0.00502920
5752,0.01164098
5753,0.00345384
5754,0.02387229
5755,0.00526850
5756,0.00223503
5757,0.01117274
5758,0.01200830
5759,0.00644199
5760,0.00224417
5761,0.00087128
5762,0.01172112
5763,0.00364614
5764,0.01756361
5765,0.01288295
5766,0.00154910
5767,0.02256820
5768,0.01457412
5769,0.02030763
5770,0.00505065
5771,0.04262846
5772,0.00131501
5773,0.00218316
5774,0.01184830
5775,0.00159248
5776,0.00177010
5777,0.00166538
5778,0.00250277
5779,0.00205130
5780,0.00102575
5781,0.00054855
5782,0.00114203
5783,0.00196932
5784,0.01661304
5785,0.00359476
5786,0.00155888
5787,0.00161856
5788,0.00165435
5789,0.00139047
5790,0.00191992
5791,0.00154596
5792,0.00120388
5793,0.00048470
5794,0.00160750
5795,0.00324051
5796,0.00159034
5797,1.02364540
5798,0.00111229
5799,0.00356438
5800,0.00130963
5801,0.00263462
5802,0.00076637
5803,0.00172888
5804,0.00110957
5805,0.00161785
5806,0.00158625
5807,0.00239780
5808,0.00263529
5809,0.00168901
5810,0.00134461
5811,0.00256068
5812,0.00192561
5813,0.00191117
5814,0.00057455
5815,0.00167779
5816,0.00535691
5817,0.02339743
5818,0.00260977
5819,0.00360235
5820,0.00157577
5821,0.00289452
5822,0.00131991
5823,0.00213941
5824,0.00155092
5825,0.00059270
5826,0.00125656
5827,0.00281623
5828,0.00189902
5829,0.00071864
5830,0.00195225
5831,0.00070200
5832,0.00077570
5833,0.00328798
5834,0.00154225
5835,0.01256155
5836,0.00428884
5837,0.00129225
5838,0.00187491
5839,0.00354942
5840,0.02094627
5841,0.00297701
5842,0.02248961
5843,0.01143273
5844,0.00123804
5845,0.00149155
5846,0.00252209
5847,0.01686645
5848,0.00312679
5849,0.72543682
5850,0.82913391
5851,0.00090403
5852,0.00268334
5853,0.02350468
5854,0.00117311
5855,0.00175220
5856,0.00108804
5857,0.00399167
5858,0.00247154
5859,0.00495573
5860,0.00238432
5861,0.00069583
5862,0.00156101
5863,0.00195061
5864,0.00310322
5865,0.00168669
5866,0.00174901
5867,0.00148406
5868,0.00121163
5869,0.00186290
5870,0.00131407
5871,0.00239706
5872,0.00091345
5873,0.00181690
5874,0.00156081
5875,0.00061776
5876,0.00200244
5877,0.00179596
5878,0.00239910
5879,0.00047532
5880,0.00098350
5881,0.00370216
5882,0.00079047
5883,0.00058929
5884,0.01340105
5885,0.00166480
5886,0.00208954
5887,0.11207869
5888,0.01245347
5889,0.00268175
5890,0.00182650
5891,0.00170781
5892,0.02191015
5893,0.00074662
5894,0.00114897
5895,0.00119879
5896,0.00233967
5897,0.00073329
5898,0.00153458
5899,0.01257142
5900,0.00086828
5901,0.00136826
5902,0.00240005
5903,0.00111315
5904,0.00082156
5905,0.27278192
5906,0.00175600
5907,0.00134365
5908,0.00250050
5909,0.00281497
5910,0.00185828
5911,0.00125283
5912,0.00173633
5913,0.00233336
5914,0.00166048
5915,0.00341353
5916,0.00157088
5917,0.00148736
5918,0.00409923
5919,0.01411848
5920,0.00147487
5921,0.00112581
5922,0.02415253
5923,0.00098085
5924,0.00058843
5925,0.00202814
5926,0.00198641
5927,0.00201307
5928,0.01135029
5929,0.00407119
5930,0.00191862
5931,0.00032591
5932,0.00153055
5933,0.00154941
5934,0.00117995
5935,0.00249432
5936,0.00112331
5937,0.00182818
5938,0.00155706
5939,0.00127558
5940,0.00175899
5941,0.00124632
5942,0.00055352
5943,0.00133472
5944,0.00126871
5945,0.00179496
5946,0.00269315
5947,0.00364810
5948,0.00062673
5949,0.00105047
5950,0.00638420
5951,0.01193406
5952,0.00289245
5953,0.00174435
5954,0.00095913
5955,0.01953068
5956,0.00093407
5957,0.00120015
5958,0.00236051
5959,0.02079201
5960,0.00385902
5961,0.00175122
5962,0.02190165
5963,0.01161233
5964,0.00111069
5965,0.00125933
5966,0.00112420
5967,0.00170085
5968,0.00070060
5969,0.00072494
5970,0.00167067
5971,0.00156523
5972,0.00222136
5973,0.00232621
5974,0.00413724
5975,0.02352607
5976,0.00176777
5977,0.00133164
5978,0.00186519
5979,0.00395764
5980,0.00478452
5981,0.00142865
5982,0.02496680
5983,0.00064302
5984,0.00225562
5985,0.00407899
5986,0.00349520
5987,0.00192680
5988,0.00092163
5989,0.00118850
5990,0.00118634
5991,0.00227452
5992,0.00175664
5993,0.00166734
5994,0.00071705
5995,0.01298352
5996,0.01122063
5997,0.00164626
5998,0.00434963
5999,0.00152524
6000,0.00065853
6001,0.01283824
6002,0.02340705
6003,0.00294813
6004,0.00219025
6005,0.00144280
6006,0.00111098
6007,0.00075404
6008,0.00180672
6009,0.00200291
6010,0.00130495
6011,0.00124483
6012,0.00114595
6013,0.01211995
6014,0.45930710
6015,0.00097948
6016,0.00059710
6017,0.00222986
6018,0.00070600
6019,0.00419604
6020,0.01206438
6021,0.00170946
6022,0.00100139
6023,0.00133818
6024,0.00240538
6025,0.00192320
6026,0.00189945
6027,0.00122466
6028,0.00220402
6029,0.01779655
6030,0.00229057
6031,0.00129185
6032,0.00119634
6033,0.01600354
6034,0.00195045
6035,0.00285618
6036,0.00131970
6037,0.19575047
6038,1.16653718
6039,0.00336704
6040,0.00258626
6041,0.00108962
6042,0.00193900
6043,0.01811307
6044,0.00113250
6045,0.00125821
6046,0.00074691
6047,0.00257377
6048,0.00119808
6049,0.00228684
6050,0.00115856
6051,0.00200368
6052,0.00427335
6053,0.00188329
6054,0.00209808
6055,0.02272042
6056,0.00168395
6057,0.01079036
6058,0.00158748
6059,0.01296520
6060,0.01588161
6061,0.00147324
6062,0.01192132
6063,0.00199177
6064,0.00095800
6065,0.00159016
6066,0.00350186
6067,0.00072327
6068,0.00241836
6069,0.00204069
6070,0.00276238
6071,0.00113820
6072,0.00116582
6073,0.00099632
6074,0.00540670
6075,0.00083180
6076,0.00155254
6077,0.00054813
6078,0.01239334
6079,0.00145306
6080,0.00233462
6081,0.00222202
6082,0.00189358
6083,0.00167340
6084,0.01238979
6085,0.00253498
6086,0.00141843
6087,0.00102103
6088,0.00161792
6089,0.00179572
6090,0.00935277
6091,0.00145371
6092,0.01290400
6093,0.00219095
6094,0.00123431
6095,0.00181025
6096,0.00059601
6097,0.00414458
6098,0.00119667
6099,0.00230143
6100,0.00111390
6101,0.00191901
6102,0.02155255
6103,0.00149513
6104,0.00468423
6105,0.00087375
6106,0.00265520
6107,0.00179755
6108,0.00475719
6109,0.00154772
6110,0.00349540
6111,0.00152771
6112,0.00079392
6113,0.00205565
6114,0.00260562
6115,1.68861093
6116,0.00244698
6117,0.00186547
6118,0.00103775
6119,0.00150696
6120,0.00200878
6121,0.00119839
6122,0.00167781
6123,0.00082018
6124,0.00148316
6125,0.00188050
6126,0.00101762
6127,0.01358919
6128,0.00254907
6129,0.00148547
6130,0.00235697
6131,0.00074719
6132,0.00179940
6133,0.01152269
6134,0.01104495
6135,0.00261429
6136,0.00115144
6137,0.01277272
6138,0.00509765
6139,0.00196285
6140,0.00222305
6141,0.01438045
6142,0.00228944
6143,0.00212824
6144,0.00114921
6145,0.00066095
6146,0.00160440
6147,0.01520122
6148,0.00269388
6149,0.00385297
6150,0.00179240
6151,0.00083701
6152,0.00165146
6153,0.00232695
6154,0.00119609
6155,0.02282902
6156,0.00157864
6157,0.01116581
6158,0.40512756
6159,0.00185077
6160,0.00090765
6161,0.00370428
6162,0.00119253
6163,0.00113691
6164,0.00411340
6165,0.00391359
6166,0.00209113
6167,0.00063508
6168,0.00198071
6169,0.00153725
6170,0.00132336
6171,0.00119759
6172,0.00120153
6173,0.00212817
6174,0.00097496
6175,0.00179629
6176,0.13685344
6177,0.00298088
6178,0.00160785
6179,0.00356049
6180,0.00158553
6181,0.00359250
6182,0.00353911
6183,0.04072770
6184,0.00118403
6185,0.00315350
6186,0.00225630
6187,0.00376592
6188,0.00196503
6189,0.00150314
6190,0.00080095
6191,0.00180463
6192,0.00166073
6193,0.00506593
6194,0.00112539
6195,0.02152480
6196,0.01343554
6197,0.00433817
6198,0.00282592
6199,0.00069506
6200,0.00189884
6201,0.01229238
6202,0.00119399
6203,0.00144264
6204,0.57700358
6205,0.00382954
6206,0.02139163
6207,1.70701678
6208,2.17378238
6209,0.00213978
6210,0.00199966
6211,0.00199776
6212,0.00110590
6213,0.00298917
6214,0.00195266
6215,0.00200999
6216,0.01330509
6217,0.00107380
6218,0.00101250
6219,0.01366549
6220,0.00369694
6221,0.00534307
6222,0.01136009
6223,0.00113735
6224,0.00064513
6225,0.00272823
6226,0.00098529
6227,0.00200421
6228,0.01426983
6229,0.00124997
6230,0.00116814
6231,0.00159810
6232,0.00133656
6233,0.00078999
6234,0.01117588
6235,0.00165255
6236,0.00112648
6237,0.00095588
6238,0.00123163
6239,0.00159251
6240,0.00203073
6241,0.00455361
6242,0.00252319
6243,0.00156049
6244,0.00363722
6245,0.00200487
6246,0.00058729
6247,0.00237140
6248,0.00381476
6249,0.00155717
6250,0.01116626
6251,0.00476718
6252,0.00217856
6253,0.00052508
6254,0.00128741
6255,0.00750439
6256,0.00360336
6257,0.00531443
6258,1.50710872
6259,0.00101869
6260,0.00075718
6261,0.00116068
6262,0.00180577
6263,0.00514385
6264,0.00136608
6265,0.00242337
6266,0.01110991
6267,0.00105810
6268,0.00558010
6269,0.00240974
6270,0.51665875
6271,0.00163551
6272,0.01298101
6273,0.00193997
6274,0.00077981
6275,0.02386916
6276,0.00123939
6277,0.00068060
6278,0.00121531
6279,0.00129339
6280,0.00066391
6281,0.00142417
6282,0.00306590
6283,0.00299819
6284,0.01904340
6285,0.00461005
6286,0.00174089
6287,0.00121652
6288,0.00137493
6289,0.00361181
6290,0.00115553
6291,0.00774993
6292,0.00055981
6293,0.00148178
6294,0.00069677
6295,0.02241024
6296,0.01166690
6297,0.00297181
6298,0.03533482
6299,0.00207312
6300,0.00109826
6301,0.00127780
6302,0.00220419
6303,0.00163215
6304,0.00064294
6305,0.00265320
6306,0.00256628
6307,0.00147458
6308,0.00141902
6309,0.00487311
6310,0.00247217
6311,0.00114423
6312,0.00231296
6313,0.00214509
6314,0.01698972
6315,0.00249293
6316,0.00106906
6317,0.00192151
6318,0.00095020
6319,0.01295390
6320,0.00123878
6321,0.13758190
6322,0.00101327
6323,0.00160048
6324,0.00384194
6325,0.00256343
6326,0.00157572
6327,0.00047093
6328,0.00174099
6329,0.00230197
6330,0.00042437
6331,0.00513227
6332,0.00183604
6333,0.00107310
6334,0.00177880
6335,0.00111368
6336,0.00134781
6337,0.00118007
6338,0.00269310
6339,0.00161593
6340,0.00100322
6341,0.00068471
6342,0.00181044
6343,0.00265526
6344,0.11163549
6345,0.00066487
6346,0.00235614
6347,0.00151327
6348,0.02094621
6349,0.00174331
6350,0.00181358
6351,0.00142108
6352,0.00235076
6353,0.00384190
6354,0.00400583
6355,0.02199443
6356,0.01372283
6357,0.01211951
6358,0.00197709
6359,0.00269378
6360,0.00370138
6361,0.00337522
6362,0.00200493
6363,0.02035014
6364,0.00146944
6365,0.00146222
6366,0.00122984
6367,0.00172229
6368,0.00180629
6369,0.01158160
6370,0.00168600
6371,0.00346284
6372,0.00203068
6373,0.00150850
6374,0.00276515
6375,0.01128867
6376,0.01291493
6377,0.00248369
6378,0.00159184
6379,0.00061440
6380,0.00103733
6381,0.00383558
6382,0.00114729
6383,0.00228557
6384,0.00386556
6385,0.00219545
6386,0.00053890
6387,0.00415977
6388,0.00162906
6389,0.00178551
6390,0.00130496
6391,1.06874468
6392,1.00376432
6393,0.00103806
6394,0.00352627
6395,0.00240391
6396,0.00148942
6397,0.00227285
6398,0.00152415
6399,0.00114940
6400,0.01512457
6401,0.00097982
6402,0.00110520
6403,0.00435448
6404,0.00122826
6405,0.01179835
6406,0.00355166
6407,0.00105943
6408,0.01107031
6409,0.01159910
6410,0.27041354
6411,0.01360415
6412,0.00116307
6413,0.00127120
6414,0.00129808
6415,0.00184673
6416,0.01222950
6417,0.00081018
6418,0.00392301
6419,0.00094185
6420,0.00173324
6421,0.00169931
6422,0.00093847
6423,0.00242326
6424,0.00087936
6425,0.00200194
6426,0.00539121
6427,0.00055611
6428,0.01149892
6429,0.00125780
6430,0.00188485
6431,0.01212373
6432,0.00353832
6433,0.00200656
6434,0.00058539
6435,0.02010936
6436,0.00120401
6437,0.00153365
6438,0.00166267
6439,0.00174838
6440,0.00055422
6441,0.00182777
6442,0.00182416
6443,0.00390997
6444,0.00102851
6445,0.00326788
6446,0.00209906
6447,0.00123675
6448,0.00186820
6449,0.02220883
6450,0.00124208
6451,0.00092951
6452,0.01331512
6453,0.01270241
6454,0.01185291
6455,0.00417461
6456,0.00550828
6457,0.01313991
6458,0.00491492
6459,0.00252291
6460,0.00421394
6461,0.00149482
6462,0.00348639
6463,0.00191317
6464,0.00156441
6465,0.00192118
6466,0.00047656
6467,0.00115995
6468,0.00451503
6469,0.00156545
6470,0.00403670
6471,0.00065228
6472,0.00211460
6473,0.00360065
6474,0.00258847
6475,0.00479211
6476,0.00222315
6477,0.00056750
6478,0.01162169
6479,0.00114188
6480,0.00059856
6481,0.00337821
6482,0.00347975
6483,0.00122523
6484,0.00208846
6485,0.00129229
6486,0.00132522
6487,0.00460545
6488,0.00264537
6489,0.00112850
6490,0.00147221
6491,0.00212776
6492,0.00147941
6493,0.00206042
6494,0.00364715
6495,0.01174704
6496,0.01740492
6497,0.00232154
6498,0.00268628
6499,0.00105239
6500,0.00155539
6501,0.00269261
6502,0.00495593
6503,0.00427529
6504,0.00201344
6505,0.00110875
6506,0.00404779
6507,0.00152018
6508,0.00198444
6509,0.00064719
6510,0.00527872
6511,0.00142713
6512,0.00110565
6513,0.00169653
6514,0.00204359
6515,0.00112634
6516,0.00120600
6517,0.00104279
6518,0.00289661
6519,0.00176796
6520,0.00116885
6521,0.00152550
6522,0.00175093
6523,0.00141698
6524,0.00177007
6525,0.00116318
6526,0.02499883
6527,0.00247714
6528,0.07578991
6529,0.00090308
6530,0.00188788
6531,0.00070347
6532,0.01657779
6533,0.00050375
6534,0.00073241
6535,0.00377890
6536,0.02297337
6537,0.00222103
6538,0.00144471
6539,0.00320296
6540,0.00165203
6541,0.00449686
6542,0.01345074
6543,0.00167171
6544,0.00154674
6545,0.00121558
6546,0.00195800
6547,0.00113281
6548,0.00111064
6549,0.00134652
6550,0.00116067
6551,0.00158042
6552,0.00278887
6553,0.00231307
6554,0.00180395
6555,0.00106432
6556,0.01561903
6557,0.12808286
6558,0.00047396
6559,0.00308126
6560,0.00174188
6561,0.02476282
6562,0.00095679
6563,0.02168382
6564,0.00401056
6565,0.00551855
6566,0.00110392
6567,0.00059270
6568,0.00202008
6569,0.00193714
6570,0.00396383
6571,0.00114451
6572,0.00256523
6573,0.00318210
6574,0.02364103
6575,0.00373943
6576,0.00357774
6577,0.00181721
6578,0.02243532
6579,0.00222413
6580,0.00153665
6581,0.00149360
6582,0.00229839
6583,0.01820379
6584,0.01217198
6585,0.00343119
6586,0.00054830
6587,0.00159779
6588,0.00218916
6589,0.00222380
6590,0.00067795
6591,0.00216673
6592,0.00111351
6593,0.00050141
6594,0.00059463
6595,0.00252560
6596,0.00162681
6597,0.00073613
6598,0.00154298
6599,0.00122235
6600,0.00067719
6601,0.00152358
6602,0.00244022
6603,0.01082631
6604,0.00124305
6605,0.00259954
6606,0.00057186
6607,0.00116073
6608,0.00178785
6609,0.00170014
6610,0.00221380
6611,0.00262258
6612,0.01362607
6613,0.00183500
6614,0.61446980
6615,0.00309520
6616,0.00077229
6617,0.00207513
6618,0.00774708
6619,0.00222438
6620,0.00145385
6621,0.01384685
6622,0.00121156
6623,0.00239103
6624,0.00347206
6625,0.00228107
6626,0.00128351
6627,0.00111451
6628,0.00119865
6629,0.00525388
6630,0.00206035
6631,0.09538572
6632,0.01198701
6633,0.00048769
6634,0.00246228
6635,0.00399564
6636,0.01226450
6637,0.00162031
6638,0.00472869
6639,0.00166022
6640,0.00163851
6641,0.00158569
6642,0.00120027
6643,0.00134072
6644,0.00384008
6645,0.01108435
6646,0.00153965
6647,0.00126548
6648,0.00073859
6649,0.00274064
6650,0.02653041
6651,0.00142432
6652,0.00110906
6653,0.00367931
6654,0.00137541
6655,0.00060951
6656,0.00076241
6657,0.00236851
6658,0.02219551
6659,0.00102838
6660,0.00434089
6661,0.00125279
6662,0.00178354
6663,0.00086448
6664,0.00097006
6665,0.00426375
6666,0.00135720
6667,1.81241303
6668,0.00163149
6669,0.00113718
6670,0.00255297
6671,0.01134363
6672,0.00339371
6673,0.00374639
6674,0.00210757
6675,0.00256556
6676,0.01296845
6677,0.00190142
6678,0.00122915
6679,0.00478917
6680,0.00203393
6681,0.00066255
6682,0.00187932
6683,0.00233644
6684,0.00188185
6685,0.00144640
6686,0.00200132
6687,0.00125600
6688,2.25069422
6689,0.00178656
6690,0.01187015
6691,0.00291484
6692,0.00095883
6693,0.00152043
6694,0.00252102
6695,0.00060983
6696,0.01188818
6697,0.00402292
6698,0.00131638
6699,0.00185900
6700,0.00158885
6701,0.00155934
6702,0.00187377
6703,0.00096151
6704,0.00185868
6705,0.00242505
6706,0.00108870
6707,0.02457462
6708,0.00208432
6709,0.00285881
6710,0.00191800
6711,0.00149705
6712,0.03325339
6713,0.00190500
6714,0.00541516
6715,0.00058087
6716,0.00071992
6717,0.04247401
6718,0.00117718
6719,0.00123828
6720,0.00105381
6721,0.00184421
6722,0.00104032
6723,0.00118146
6724,0.00080992
6725,0.00209920
6726,0.00184213
6727,0.00381766
6728,0.00059263
6729,0.00179442
6730,0.01771121
6731,0.02434989
6732,0.00116662
6733,0.00210513
6734,0.00198689
6735,0.00204885
6736,0.00107983
6737,0.00125285
6738,0.01239764
6739,0.00144968
6740,0.01157436
6741,0.00116118
6742,0.00157795
6743,0.00111388
6744,0.00119604
6745,0.00054131
6746,0.00188027
6747,0.00124798
6748,0.00119499
6749,0.00421988
6750,0.00168152
6751,0.00248481
6752,0.00146395
6753,0.00176652
6754,0.00498349
6755,0.00154797
6756,0.00190445
6757,0.00056057
6758,0.00326302
6759,0.00454915
6760,0.00058630
6761,0.00260109
6762,0.00348147
6763,0.02460432
6764,0.00132149
6765,0.00094630
6766,0.01270118
6767,0.00156798
6768,0.00704981
6769,0.00372609
6770,0.00194339
6771,0.01028476
6772,0.00318496
6773,0.00106720
6774,0.00158088
6775,0.02377923
6776,0.00287433
6777,2.07398799
6778,0.00065373
6779,0.58214786
6780,1.61234418
6781,0.00369686
6782,0.00200700
6783,0.00089503
6784,0.00115270
6785,0.00209026
6786,0.01179003
6787,0.00118549
6788,0.00122725
6789,0.00066155
6790,0.00184534
6791,0.00412826
6792,0.00263232
6793,0.00078484
6794,0.00111219
6795,0.00374621
6796,0.00191375
6797,0.00110870
6798,0.00160189
6799,0.00421553
6800,0.00387512
6801,0.00155903
6802,0.00141814
6803,0.00368099
6804,0.00063159
6805,0.00242557
6806,0.01428582
6807,0.00177421
6808,0.00222823
6809,0.00112388
6810,0.02463131
6811,0.00193421
6812,0.00157809
6813,0.00120891
6814,0.87554104
6815,0.00114134
6816,0.00131371
6817,0.00173810
6818,0.00212896
6819,0.00117993
6820,0.01127251
6821,0.00176559
6822,0.00186456
6823,0.00153269
6824,0.00052765
6825,0.00287505
6826,0.00190563
6827,0.00245704
6828,0.18988265
6829,0.00051290
6830,0.00200452
6831,0.00119075
6832,0.02720855
6833,0.00280553
6834,0.00126936
6835,0.00118509
6836,0.00106182
6837,0.00232946
6838,0.00515870
6839,0.00277927
6840,0.00434296
6841,0.00210687
6842,0.00121917
6843,0.00099146
6844,0.00084096
6845,0.00107717
6846,0.00132606
6847,0.40018361
6848,0.12948256
6849,0.02145057
6850,0.00161877
6851,0.00380040
6852,0.00091640
6853,0.00164042
6854,0.13892312
6855,0.01175964
6856,0.00308726
6857,0.00072119
6858,0.00189397
6859,0.01818229
6860,0.00311777
6861,0.00120158
6862,0.00061219
6863,0.02236208
6864,0.00150826
6865,0.01222989
6866,0.04448940
6867,0.00097085
6868,0.00291296
6869,0.00199294
6870,0.00201647
6871,0.00482351
6872,0.00289388
6873,0.00194960
6874,0.00224871
6875,0.00086538
6876,1.91764611
6877,0.00243434
6878,0.00322807
6879,0.00054018
6880,0.00419227
6881,0.00128794
6882,0.00223495
6883,0.00058574
6884,0.00166449
6885,0.00159867
6886,0.00403592
6887,0.00112733
6888,0.00110976
6889,0.00165531
6890,0.01233166
6891,0.00074518
6892,0.02193231
6893,0.00115812
6894,0.00115997
6895,0.00471925
6896,0.00052114
6897,0.01081946
6898,0.00158757
6899,0.00089104
6900,0.00071739
6901,0.01115990
6902,0.00141324
6903,0.00124564
6904,0.00102285
6905,0.00189456
6906,0.00196094
6907,0.00297322
6908,0.01194011
6909,0.00208769
6910,0.00123650
6911,0.00116831
6912,0.00263689
6913,0.00202897
6914,0.01222258
6915,0.00190355
6916,0.00297061
6917,0.00146617
6918,0.00389237
6919,0.00103895
6920,0.00200011
6921,0.00200804
6922,0.00227500
6923,0.00193568
6924,0.00163650
6925,0.00159569
6926,0.00351063
6927,0.00122469
6928,0.00139713
6929,0.00136075
6930,0.00478608
6931,0.00354302
6932,0.00221656
6933,0.00112005
6934,0.00117718
6935,0.00329954
6936,0.00253008
6937,0.00233134
6938,0.00176614
6939,0.00170184
6940,0.01362577
6941,0.00220039
6942,0.00115965
6943,0.00182180
6944,0.00199255
6945,0.00183997
6946,0.00419006
6947,0.00133639
6948,0.00245470
6949,0.00205778
6950,0.00099911
6951,0.01187917
6952,0.00180237
6953,0.00048630
6954,0.00074552
6955,0.00139219
6956,0.00254507
6957,0.02202527
6958,0.00526250
6959,0.00132287
6960,0.00087896
6961,0.00066593
6962,0.02266423
6963,0.03637488
6964,0.00271280
6965,0.00095338
6966,0.01184490
6967,0.00094406
6968,0.00155929
6969,0.00351574
6970,0.00293566
6971,0.00387429
6972,0.01131780
6973,0.00107501
6974,0.00215168
6975,0.08536946
6976,0.00120207
6977,0.00195497
6978,0.00191820
6979,0.00344256
6980,0.00280553
6981,0.00252754
6982,0.01080617
6983,1.30884895
6984,0.00209307
6985,0.00123372
6986,0.00178177
6987,0.00116509
6988,0.01283323
6989,0.00388971
6990,0.00367383
6991,0.00053681
6992,0.00186893
6993,0.00164686
6994,0.00339805
6995,0.00151758
6996,0.00348973
6997,0.00071094
6998,0.00205569
6999,0.00184287
7000,0.00221825
7001,0.00113990
7002,0.00150637
7003,0.00055073
7004,0.01584710
7005,0.00287837
7006,0.05918400
7007,0.00142544
7008,0.00396132
7009,0.01126915
7010,0.00362748
7011,0.00180069
7012,0.00118360
7013,0.00132571
7014,0.00191604
7015,0.00172903
7016,0.00191799
7017,0.00101777
7018,0.00122845
7019,0.00079719
7020,0.01227702
7021,0.00142308
7022,0.00100326
7023,0.00124044
7024,0.00120560
7025,0.00102014
7026,0.02218268
7027,0.00127081
7028,0.00077573
7029,0.00200785
7030,0.00134897
7031,0.00059073
7032,0.00178784
7033,0.00049748
7034,0.02253011
7035,0.00106833
7036,0.00053065
7037,0.00110002
7038,0.00390794
7039,0.01960008
7040,0.00115816
7041,0.00376503
7042,0.77119643
7043,0.00477680
7044,0.01115752
7045,0.00219365
7046,0.00185242
7047,0.00093184
7048,0.00082260
7049,0.00092898
7050,0.00059228
7051,0.00266487
7052,0.00064271
7053,0.00326278
7054,0.00326874
7055,0.00115626
7056,0.40823736
7057,0.00116372
7058,0.00259041
7059,0.00195122
7060,0.00164778
7061,0.00323678
7062,0.00057936
7063,0.00195676
7064,0.02187607
7065,0.00216690
7066,0.00101268
7067,0.00169499
7068,0.00477969
7069,0.00062930
7070,0.00063055
7071,0.00201252
7072,0.01423058
7073,0.00212645
7074,0.00123479
7075,0.16433608
7076,0.00156731
7077,0.00170580
7078,0.00160425
7079,0.00206139
7080,0.20615732
7081,0.00168781
7082,0.00225124
7083,0.00136803
7084,0.00151181
7085,0.00102804
7086,0.00231064
7087,0.01196285
7088,0.00125304
7089,0.00176978
7090,0.00280595
7091,0.00208522
7092,0.00122504
7093,0.01102188
7094,0.00410761
7095,0.00055006
7096,0.00250563
7097,0.00218331
7098,0.00172118
7099,0.00173219
7100,0.01584364
7101,0.01112497
7102,0.00356292
7103,0.00157306
7104,0.00187955
7105,0.00075722
7106,0.00112512
7107,0.00140082
7108,0.01399516
7109,0.00081227
7110,0.00181908
7111,0.00121677
7112,0.00240163
7113,0.00411767
7114,0.00721804
7115,0.00167451
7116,0.00185634
7117,0.00249342
7118,0.00229116
7119,0.00257450
7120,0.00128037
7121,0.00124560
7122,0.00345175
7123,0.00124892
7124,0.02229362
7125,0.00377217
7126,0.00112397
7127,0.00120249
7128,0.01257919
7129,0.00391362
7130,0.00124461
7131,0.00449075
7132,0.00105021
7133,0.00073909
7134,0.00554601
7135,0.00225490
7136,0.00192414
7137,0.00188627
7138,0.00092711
7139,0.00227045
7140,0.00308923
7141,0.00078980
7142,0.00096826
7143,0.00390906
7144,0.00220147
7145,0.00157937
7146,0.00228899
7147,0.00148077
7148,0.00282267
7149,0.00216148
7150,0.00154036
7151,0.00174187
7152,0.02796610
7153,1.96875617
7154,0.00216540
7155,0.00288856
7156,0.00088936
7157,0.00079264
7158,0.00163611
7159,1.90514841
7160,0.00060519
7161,0.01306588
7162,0.01721514
7163,0.00207133
7164,0.00284489
7165,0.00252888
7166,0.00368819
7167,0.00085688
7168,0.00468266
7169,0.00123927
7170,0.00236921
7171,0.00144391
7172,0.00136244
7173,0.00230149
7174,0.00096650
7175,0.00144441
7176,0.01339445
7177,0.00146314
7178,0.04056154
7179,0.00057526
7180,0.00171537
7181,0.00226651
7182,0.01974145
7183,0.00257817
7184,0.00215191
7185,0.01266373
7186,0.00375609
7187,0.00137038
7188,0.00371754
7189,0.00178086
7190,0.00074617
7191,0.00115562
7192,0.00114592
7193,0.00235013
7194,0.00398430
7195,0.00172590
7196,0.00185957
7197,0.00146984
7198,0.00130051
7199,0.00125948
7200,0.00152217
7201,0.00116813
7202,0.00244062
7203,0.02215509
7204,0.00049005
7205,0.00108471
7206,0.00110617
7207,0.00201547
7208,0.00278244
7209,0.01194369
7210,0.00461400
7211,0.00192952
7212,0.00130007
7213,0.01505414
7214,0.00467063
7215,0.00420134
7216,0.00120768
7217,0.00102563
7218,0.00083914
7219,0.00509246
7220,0.00044707
7221,0.00163839
7222,0.00169538
7223,0.00044199
7224,0.01373845
7225,0.00231929
7226,0.00184214
7227,0.00197976
7228,0.00064494
7229,0.34623482
7230,0.00349754
7231,0.00261129
7232,0.01429828
7233,0.00160426
7234,0.00118187
7235,0.02224413
7236,0.00084371
7237,0.00322189
7238,0.00123856
7239,0.03680719
7240,0.00225340
7241,0.00164947
7242,0.00074350
7243,0.00121361
7244,0.00528158
7245,0.00118600
7246,0.00215111
7247,0.00143723
7248,0.00280062
7249,0.00149248
7250,0.00220842
7251,0.01193781
7252,0.00067998
7253,0.00115407
7254,0.00242935
7255,0.00155066
7256,0.00161421
7257,0.00335642
7258,0.00409756
7259,0.00271244
7260,0.00142606
7261,0.00190942
7262,0.00190327
7263,0.00173183
7264,0.00406496
7265,0.00104360
7266,0.00265312
7267,0.00255381
7268,0.00153409
7269,0.00397087
7270,0.01193629
7271,0.00217300
7272,0.00122095
7273,0.00190590
7274,0.00245242
7275,0.00537340
7276,0.00113087
7277,0.00287767
7278,0.00519176
7279,0.00166557
7280,0.00222716
7281,0.00104900
7282,0.00214774
7283,0.00108134
7284,0.00142764
7285,0.00193578
7286,0.00217126
7287,0.00066114
7288,0.00506658
7289,0.00317681
7290,0.00218844
7291,0.00146640
7292,0.00116041
7293,0.00260368
7294,0.00238977
7295,0.02050416
7296,0.00056562
7297,0.00148384
7298,0.00183738
7299,0.00177286
7300,0.00069067
7301,0.00165456
7302,0.37279142
7303,0.02162156
7304,0.00359547
7305,0.00197262
7306,1.37080869
7307,1.66818807
7308,0.00115618
7309,0.00142664
7310,0.00168038
7311,0.00055819
7312,0.00160363
7313,0.00174447
7314,0.00113881
7315,0.00320318
7316,0.00164380
7317,0.00075163
7318,0.02200248
7319,0.00181496
7320,0.00281986
7321,0.00159109
7322,0.00117204
7323,0.00115273
7324,0.00160249
7325,0.00075102
7326,0.00104227
7327,0.00113000
7328,0.00054150
7329,0.00160107
7330,0.00160700
7331,0.00347956
7332,0.01119285
7333,0.00164291
7334,0.89519355
7335,0.00170014
7336,0.00371051
7337,0.00138640
7338,0.00123894
7339,0.00132297
7340,0.00053625
7341,0.00170436
7342,0.00350805
7343,0.00113946
7344,0.00125286
7345,0.00197737
7346,0.00164254
7347,0.00313823
7348,0.00101819
7349,0.00300441
7350,0.02776384
7351,0.00545488
7352,0.02298292
7353,0.01108475
7354,0.00267275
7355,0.00057503
7356,0.00188539
7357,0.02301072
7358,0.00237414
7359,0.00208319
7360,0.00162204
7361,0.00321942
7362,0.00186016
7363,0.00339733
7364,0.00288277
7365,0.00119500
7366,0.00404300
7367,0.00124371
7368,0.00222630
7369,0.00053456
7370,0.01840991
7371,0.00192142
7372,0.01264094
7373,0.00114126
7374,0.00164647
7375,0.00156259
7376,0.00075169
7377,0.01267067
7378,0.07841708
7379,0.00193649
7380,0.00234144
7381,0.69062960
7382,0.00260833
7383,1.76273227
7384,0.00341237
7385,0.02308683
7386,0.00241402
7387,0.00156367
7388,0.01250394
7389,0.00259246
7390,0.00237586
7391,0.00173357
7392,0.00218741
7393,0.00161171
7394,0.00519725
7395,0.00319269
7396,0.00283809
7397,0.00222344
7398,0.00290608
7399,0.00229042
7400,0.00122995
7401,0.00556054
7402,0.00124618
7403,0.01789356
7404,0.00125487
7405,0.02115858
7406,0.01660541
7407,0.00250734
7408,0.00064464
7409,0.63108590
7410,0.00289532
7411,0.00248824
7412,0.00145877
7413,0.00058017
7414,0.00349577
7415,0.00233352
7416,0.00397713
7417,0.00121102
7418,0.00048152
7419,0.00210369
7420,0.00385369
7421,0.00236036
7422,0.00121869
7423,0.00153683
7424,0.00086656
7425,0.00232263
7426,0.00257136
7427,0.00164489
7428,0.00094513
7429,0.00402399
7430,0.00408336
7431,0.00381361
7432,0.00197230
7433,0.00524718
7434,0.00075962
7435,0.00056057
7436,0.00063593
7437,0.00187294
7438,0.00117151
7439,0.01246461
7440,0.00144657
7441,0.00363767
7442,0.00347546
7443,0.00186959
7444,0.00271040
7445,0.00129198
7446,0.00172521
7447,0.00191489
7448,0.00209399
7449,0.00162773
7450,0.00159372
7451,0.00145309
7452,0.00053551
7453,0.00230706
7454,0.00243814
7455,0.00182981
7456,0.00191572
7457,0.00205755
7458,0.00267432
7459,0.00070596
7460,0.00121123
7461,0.00066962
7462,0.00055603
7463,0.00069094
7464,0.00172189
7465,0.00096762
7466,0.00186562
7467,0.01204848
7468,0.54668282
7469,0.00117238
7470,0.00226087
7471,0.00118790
7472,0.01224446
7473,0.00214613
7474,0.00209589
7475,0.00151946
7476,0.00132009
7477,0.00108359
7478,0.00195506
7479,0.02459130
7480,0.01311169
7481,0.00121225
7482,0.00105001
7483,0.00103790
7484,0.00143482
7485,0.00109734
7486,0.00124740
7487,0.00095567
7488,0.00065985
7489,0.00161321
7490,0.00192973
7491,0.01276138
7492,0.01175045
7493,0.00158625
7494,0.00076486
7495,0.00156450
7496,0.00113870
7497,1.72292585
7498,0.00228241
7499,0.00073536
7500,0.00115547
7501,0.00131253
7502,0.00089948
7503,0.00187547
7504,0.01806390
7505,0.00201160
7506,0.87417223
7507,0.02051228
7508,0.00370802
7509,0.00106628
7510,0.00135655
7511,0.01432211
7512,0.00114865
7513,0.00185566
7514,0.00118123
7515,0.00109787
7516,0.00232947
7517,0.00106073
7518,0.00118702
7519,0.00065812
7520,0.00208851
7521,0.01890171
7522,0.00231600
7523,0.00086641
7524,1.69633365
7525,0.00148926
7526,0.00117618
7527,0.00185675
7528,0.00053914
7529,0.00497803
7530,0.00216943
7531,0.00166056
7532,0.00166870
7533,1.33787528
7534,0.00103751
7535,0.00199875
7536,0.00398262
7537,0.00302116
7538,0.48180890
7539,0.00308729
7540,0.00571912
7541,0.00052027
7542,0.00061502
7543,0.01600400
7544,2.09622916
7545,0.01240975
7546,0.00068670
7547,0.00110501
7548,0.00163055
7549,0.00182175
7550,0.00200159
7551,0.00191344
7552,0.00212263
7553,0.00215884
7554,0.64912323
7555,0.02259143
7556,0.00383645
7557,0.00165933
7558,0.00391117
7559,0.00514558
7560,0.00058018
7561,0.00184709
7562,0.00095778
7563,0.00063421
7564,0.00122016
7565,0.00122784
7566,0.00394489
7567,0.00331629
7568,0.00535365
7569,0.00236944
7570,0.02062299
7571,0.00125172
7572,0.00266759
7573,0.00188833
7574,0.00261783
7575,0.00119364
7576,0.00131442
7577,0.02335410
7578,0.00169882
7579,0.01163593
7580,0.00166992
7581,0.00121009
7582,0.01163289
7583,0.00510480
7584,0.00138533
7585,0.00174074
7586,0.00333721
7587,0.00174954
7588,0.00125374
7589,0.00576573
7590,0.06784267
7591,0.00526226
7592,0.00088774
7593,0.00147708
7594,0.00170730
7595,0.00058507
7596,0.01196790
7597,0.00105336
7598,0.00180478
7599,0.00181768
7600,0.00128693
7601,0.00453463
7602,0.00328328
7603,0.00108145
7604,0.00169790
7605,0.01179255
7606,0.00145263
7607,0.00117876
7608,0.00103505
7609,0.00220751
7610,1.60722250
7611,0.00111549
7612,0.00090423
7613,0.00099474
7614,0.00098961
7615,0.00089967
7616,0.00070094
7617,0.00095826
7618,0.00092964
7619,0.00210047
7620,0.00156338
7621,1.59028819
7622,0.00054382
7623,0.00245474
7624,0.00388271
7625,0.00072495
7626,0.00178521
7627,0.00092229
7628,0.00094231
7629,0.00117102
7630,0.00159272
7631,0.00286816
7632,0.00363299
7633,0.00508610
7634,0.00059652
7635,0.00205973
7636,0.00145624
7637,0.00125247
7638,0.00148407
7639,0.02249545
7640,0.00127888
7641,0.00271921
7642,0.00113535
7643,0.01075317
7644,0.01848487
7645,0.00112050
7646,0.00111300
7647,0.00129639
7648,0.00278353
7649,0.00181239
7650,0.00240716
7651,0.00439780
7652,0.01150043
7653,0.00126842
7654,0.00142418
7655,0.00201061
7656,0.00164365
7657,0.00155276
7658,0.00472914
7659,0.00260886
7660,0.00254069
7661,0.00220341
7662,0.00447867
7663,0.00339344
7664,0.00133869
7665,0.00325903
7666,0.04568677
7667,0.00126247
7668,0.00322230
7669,0.00284282
7670,0.00198993
7671,0.59198107
7672,0.00168541
7673,0.00196730
7674,0.00178065
7675,1.01143848
7676,0.01155269
7677,0.00126516
7678,0.01215126
7679,0.00192604
7680,0.00049626
7681,0.00166236
7682,0.00432612
7683,0.00054846
7684,0.00369627
7685,0.00072799
7686,0.00162838
7687,0.00095725
7688,0.00177103
7689,0.02035403
7690,0.00110861
7691,0.00145754
7692,0.00123814
7693,0.00230444
7694,0.00250848
7695,0.01304151
7696,0.00191521
7697,0.00484874
7698,0.00270352
7699,0.00121112
7700,0.00055940
7701,0.00173942
7702,0.00073537
7703,0.00239726
7704,0.00078793
7705,0.00059207
7706,0.00222940
7707,0.00172620
7708,0.00046201
7709,0.00100107
7710,0.00160705
7711,0.00248790
7712,0.00062087
7713,0.00122587
7714,0.00340413
7715,0.02145330
7716,0.01082211
7717,0.00146816
7718,0.00104166
7719,0.00098706
7720,0.02280015
7721,0.00122681
7722,0.00309886
7723,0.00256203
7724,0.00203347
7725,0.00219734
7726,0.01191590
7727,0.00172611
7728,0.00360158
7729,0.00119498
7730,0.00171230
7731,0.00240396
7732,0.00092720
7733,0.00134316
7734,0.01107469
7735,0.00462362
7736,0.00086463
7737,0.00138125
7738,0.00203319
7739,0.00119978
7740,0.00116353
7741,0.00090486
7742,0.00254901
7743,0.00193141
7744,0.00167770
7745,0.00137788
7746,0.00099197
7747,0.00230304
7748,0.00539363
7749,0.00053707
7750,0.00064294
7751,0.02215829
7752,2.03286292
7753,0.01198433
7754,0.00280784
7755,0.00266472
7756,0.00102583
7757,0.34490191
7758,0.00221694
7759,0.01143794
7760,0.00410256
7761,0.00236338
7762,0.00174881
7763,0.00356693
7764,0.00150463
7765,0.00212327
7766,0.00103510
7767,0.00529350
7768,0.00180133
7769,0.00069472
7770,0.00058772
7771,0.01139500
7772,0.01307346
7773,0.00467351
7774,0.00070673
7775,0.00146767
7776,0.00102267
7777,0.00152757
7778,0.00120700
7779,0.00155337
7780,0.00394245
7781,0.00154206
7782,0.00066867
7783,0.01109030
7784,0.00127209
7785,0.01254425
7786,0.00118207
7787,0.00376422
7788,0.05867965
7789,0.00152108
7790,0.00110945
7791,0.00146191
7792,0.00225307
7793,0.00483505
7794,0.00125399
7795,0.00185228
7796,0.00055391
7797,0.00054238
7798,0.01958263
7799,0.00096783
7800,0.00516593
7801,0.00192963
7802,0.00284759
7803,0.00184734
7804,0.00119659
7805,0.00226377
7806,0.00073299
7807,0.00234626
7808,0.00047864
7809,0.00139332
7810,0.00061872
7811,0.00116497
7812,0.00159235
7813,0.00216239
7814,0.00103869
7815,0.01104038
7816,0.01592280
7817,0.00114537
7818,0.00174818
7819,0.00205763
7820,0.95651203
7821,0.00091958
7822,0.01071409
7823,0.01875257
7824,0.00107698
7825,0.00262913
7826,0.00140745
7827,0.00185766
7828,0.00134531
7829,0.00194496
7830,0.00165642
7831,0.00046811
7832,0.00077116
7833,0.00411920
7834,0.00155251
7835,0.00121585
7836,0.00262411
7837,0.00118334
7838,0.00250162
7839,0.00392462
7840,0.01360205
7841,0.00053534
7842,0.00193444
7843,0.00223043
7844,1.61385445
7845,0.00212676
7846,0.00421866
7847,0.00051300
7848,0.00264676
7849,0.00078513
7850,0.00420656
7851,0.00068146
7852,0.01288375
7853,0.00343638
7854,0.00203992
7855,0.00113180
7856,0.00213956
7857,0.00080587
7858,0.00160709
7859,0.02257230
7860,0.00055734
7861,0.00283904
7862,0.00176600
7863,0.00086048
7864,0.01158910
7865,0.00298657
7866,0.00151957
7867,0.00183292
7868,0.00080138
7869,0.00167268
7870,0.00368369
7871,0.00417391
7872,0.00239573
7873,0.00112763
7874,0.00183369
7875,0.00107001
7876,0.01997675
7877,0.01393828
7878,0.00356815
7879,0.00394109
7880,0.00131703
7881,0.02233808
7882,0.00097292
7883,0.00243298
7884,0.00165425
7885,0.00234549
7886,0.00069069
7887,0.00287558
7888,0.00188989
7889,0.00070143
7890,0.00143703
7891,0.00172097
7892,0.00294661
7893,0.00180854
7894,0.00108862
7895,0.00482799
7896,0.00390462
7897,0.00202239
7898,0.00255197
7899,0.00127436
7900,0.00052706
7901,0.00224934
7902,0.00379005
7903,0.00424629
7904,0.00130615
7905,0.00264660
7906,0.00190713
7907,0.00089369
7908,0.00060018
7909,0.01284718
7910,0.00112125
7911,0.00232562
7912,0.00086253
7913,0.01198537
7914,0.00154608
7915,0.00208577
7916,0.00144982
7917,0.00279502
7918,0.00132516
7919,0.00156183
7920,0.00357937
7921,0.00048354
7922,0.00121305
7923,1.09778690
7924,0.00112576
7925,0.59429180
7926,0.00139398
7927,0.00195251
7928,0.00061070
7929,0.00170797
7930,0.00136977
7931,0.00143546
7932,0.00317838
7933,0.00204523
7934,0.00137504
7935,0.00159799
7936,0.00345956
7937,0.00403008
7938,0.00221477
7939,0.00106081
7940,0.01228867
7941,0.00113999
7942,0.00505588
7943,0.00195105
7944,0.00189250
7945,0.00113743
7946,0.00112874
7947,0.00060978
7948,0.00119509
7949,0.00177956
7950,0.00054061
7951,0.01155408
7952,0.00146930
7953,0.00154292
7954,0.00101042
7955,0.00338102
7956,0.00145656
7957,0.02442503
7958,0.00227347
7959,0.00112542
7960,0.00220010
7961,0.01269035
7962,0.00051109
7963,0.00222046
7964,1.40708482
7965,0.01458808
7966,0.00103790
7967,0.00143320
7968,0.00820774
7969,0.00118132
7970,0.00116073
7971,0.00056035
7972,0.00256827
7973,0.00139331
7974,0.01143422
7975,0.00125259
7976,0.00091152
7977,0.00057361
7978,0.00190847
7979,0.00126581
7980,0.00381748
7981,0.00259351
7982,0.01528869
7983,0.00089013
7984,0.00054530
7985,0.00181986
7986,0.83794768
7987,0.00113424
7988,0.01392077
7989,0.01228969
7990,0.00358792
7991,0.00138087
7992,0.00127557
7993,0.00158639
7994,0.00163019
7995,0.00120860
7996,0.00134978
7997,0.00060981
7998,0.00103424
7999,0.00440322
8000,0.00235006
8001,0.54082557
8002,0.01155228
8003,0.00172871
8004,0.00334908
8005,0.00254427
8006,0.00240394
8007,0.00116021
8008,0.00157997
8009,0.00376522
8010,0.00246419
8011,0.00207864
8012,0.00323636
8013,0.00114504
8014,0.00181588
8015,0.00099200
8016,0.00227137
8017,0.00122913
8018,0.00300883
8019,0.01283448
8020,0.00051703
8021,0.00073544
8022,0.00345439
8023,0.02287519
8024,0.00089767
8025,0.00403463
8026,0.00047582
8027,0.00115938
8028,0.00336318
8029,0.00073265
8030,0.00114885
8031,0.00410696
8032,0.00199810
8033,0.00273777
8034,0.00202820
8035,0.02361624
8036,0.00480276
8037,0.01635856
8038,0.01918771
8039,0.00206786
8040,0.02240472
8041,0.00075773
8042,0.00181932
8043,0.00065987
8044,0.00230772
8045,0.00097077
8046,0.00186360
8047,0.00189037
8048,0.00371298
8049,0.00212808
8050,0.01145939
8051,0.01288577
8052,0.00179540
8053,0.01212242
8054,0.00251544
8055,0.00242464
8056,0.83270519
8057,0.00089443
8058,0.00258127
8059,0.00250287
8060,0.00470102
8061,0.02487554
8062,0.00051749
8063,0.00091657
8064,0.00122122
8065,0.00249797
8066,0.02028524
8067,0.00134384
8068,0.00123816
8069,0.00127838
8070,0.01164412
8071,0.00052721
8072,0.00062500
8073,0.00089131
8074,0.00420520
8075,0.00164997
8076,0.00087892
8077,0.00107096
8078,0.00057600
8079,0.00175278
8080,0.00142176
8081,0.01292579
8082,0.00305194
8083,0.00143661
8084,0.00391882
8085,0.00363180
8086,0.00190561
8087,0.00192659
8088,0.00121217
8089,0.00068969
8090,0.00197954
8091,0.00055090
8092,2.34085296
8093,0.01681036
8094,0.00116971
8095,0.00514148
8096,0.00058367
8097,0.01252742
8098,0.00215995
8099,0.00223927
8100,0.00207962
8101,0.00189086
8102,0.00354910
8103,0.28828916
8104,0.01255600
8105,0.00183386
8106,0.08030626
8107,0.00009052
8108,0.00206937
8109,0.00295577
8110,0.00510295
8111,0.00306726
8112,0.00190756
8113,0.00203665
8114,0.00339008
8115,0.00123879
8116,0.31781859
8117,0.00334054
8118,0.00612435
8119,0.00171119
8120,2.42535957
8121,1.24828837
8122,0.00344333
8123,0.00222791
8124,0.00122238
8125,0.00174537
8126,0.00104163
8127,0.00113089
8128,0.00185594
8129,0.02426697
8130,0.00130064
8131,0.00153882
8132,0.00193417
8133,0.00429467
8134,0.00168147
8135,0.00204950
8136,0.00266466
8137,1.79734409
8138,0.00203434
8139,0.00111706
8140,0.00268058
8141,0.00697229
8142,0.00106492
8143,0.00187528
8144,0.00337848
8145,0.00115219
8146,0.01153388
8147,0.02413894
8148,0.00181799
8149,0.00288975
8150,0.00421520
8151,0.00120760
8152,0.01170252
8153,0.00158487
8154,0.00167790
8155,0.00314392
8156,0.00259521
8157,0.00210815
8158,0.00300864
8159,0.00447984
8160,0.00069762
8161,0.01782947
8162,0.01141802
8163,0.00168069
8164,0.00352255
8165,0.00158580
8166,0.00172838
8167,0.00158671
8168,0.01906184
8169,0.00229970
8170,0.00112186
8171,0.00297652
8172,0.00213749
8173,0.00175902
8174,0.02130275
8175,0.00131285
8176,0.00153884
8177,0.00411075
8178,0.00118937
8179,0.00106844
8180,0.00133943
8181,0.00117386
8182,0.00245490
8183,0.00194722
8184,0.00124008
8185,0.00091924
8186,1.10457510
8187,0.00201690
8188,0.00230811
8189,0.00468527
8190,0.00233333
8191,0.00056995
8192,0.00236899
8193,0.00229947
8194,0.00459218
8195,0.00126904
8196,0.00115456
8197,0.00169076
8198,0.00126669
8199,0.00517917
8200,0.00236775
8201,0.00480493
8202,0.01184212
8203,0.00396856
8204,0.00225613
8205,0.00053483
8206,0.00127251
8207,0.00197343
8208,0.00665289
8209,0.00099875
8210,0.00434580
8211,0.00414955
8212,0.00128151
8213,0.00387500
8214,0.00156919
8215,0.00371627
8216,0.00252494
8217,0.00163700
8218,0.00168955
8219,0.00177272
8220,0.00288141
8221,0.00319446
8222,0.00118892
8223,0.00110228
8224,0.00091356
8225,0.00128529
8226,0.00201911
8227,0.00490052
8228,0.00088277
8229,0.00097077
8230,0.00223641
8231,0.00069859
8232,0.00304850
8233,0.00469971
8234,0.00167839
8235,0.00283619
8236,0.00076275
8237,0.00171107
8238,0.00290141
8239,0.00163569
8240,0.00215354
8241,0.00501286
8242,0.00388860
8243,0.02208634
8244,0.00176350
8245,0.00211438
8246,0.02283753
8247,0.00128236
8248,0.00349406
8249,0.00162076
8250,0.00214254
8251,0.00150598
8252,0.00180923
8253,0.00203919
8254,0.00148009
8255,0.00134718
8256,1.29403353
8257,0.00220081
8258,0.00178684
8259,0.00124854
8260,0.01208074
8261,0.00109576
8262,0.00162148
8263,0.07503910
8264,0.00298755
8265,0.01196117
8266,0.01253464
8267,0.00219092
8268,0.00521082
8269,1.02661875
8270,0.00211754
8271,0.00378419
8272,0.00261663
8273,0.00201129
8274,0.00165863
8275,0.00216713
8276,0.00059181
8277,0.00163582
8278,0.00119168
8279,0.00123496
8280,0.00113777
8281,0.00177847
8282,0.00148628
8283,0.86499178
8284,0.00404605
8285,0.00089709
8286,0.00138575
8287,0.00073499
8288,0.00331389
8289,0.00165664
8290,0.00157699
8291,0.00154799
8292,0.00372688
8293,0.00120102
8294,0.00106314
8295,0.00136209
8296,0.00054216
8297,0.00213554
8298,0.00065111
8299,0.00229496
8300,0.00095234
8301,0.00069566
8302,0.00164792
8303,0.01614111
8304,0.00123041
8305,0.00124344
8306,0.00095752
8307,0.00322056
8308,0.00107467
8309,0.00150794
8310,0.00196573
8311,0.00124401
8312,0.00312238
8313,0.00114663
8314,0.00211883
8315,1.56322829
8316,0.00117599
8317,0.02231889
8318,0.01152770
8319,0.00113051
8320,0.00119819
8321,0.00395438
8322,0.01982521
8323,0.00092287
8324,0.00305795
8325,0.00076171
8326,0.00057011
8327,0.00352206
8328,0.00097529
8329,0.00254794
8330,0.00238813
8331,0.00115177
8332,0.02508949
8333,0.00057082
8334,0.00164366
8335,0.00281969
8336,0.00112940
8337,0.00099555
8338,0.00141465
8339,0.00171086
8340,0.00179359
8341,0.00196447
8342,0.00285649
8343,0.00125036
8344,0.00150239
8345,0.00102996
8346,0.00223598
8347,0.00123673
8348,0.05335135
8349,0.00158746
8350,0.00132500
8351,0.00154988
8352,0.00061329
8353,0.00540651
8354,0.00214444
8355,0.00302534
8356,0.00221805
8357,0.00094267
8358,0.00170347
8359,0.01236983
8360,0.00190463
8361,0.00168663
8362,0.00220015
8363,0.01238015
8364,0.00136851
8365,0.00371656
8366,0.03884247
8367,0.01243475
8368,0.00157130
8369,0.00150525
8370,0.01231762
8371,0.00120692
8372,0.00300671
8373,0.00137317
8374,0.00278702
8375,0.01149667
8376,0.00114475
8377,2.34780539
8378,0.00363923
8379,0.00065008
8380,0.00184114
8381,0.00249947
8382,0.00341928
8383,0.00095788
8384,0.00123869
8385,0.00217298
8386,0.00129061
8387,0.00198499
8388,0.00092537
8389,0.00083319
8390,0.00471787
8391,0.00119659
8392,0.00058389
8393,0.00168144
8394,0.00209480
8395,0.00141746
8396,0.00150706
8397,0.00112484
8398,0.01841314
8399,0.00247989
8400,0.00135814
8401,0.00173081
8402,0.00173750
8403,0.01770500
8404,0.00271281
8405,0.00218373
8406,0.00105226
8407,0.00075274
8408,0.00334358
8409,0.06904312
8410,0.00191331
8411,0.01306667
8412,0.00180479
8413,0.00117793
8414,0.00166924
8415,0.00382296
8416,0.00178120
8417,0.00100147
8418,0.00172135
8419,0.01164044
8420,0.00248553
8421,0.00177178
8422,0.01126807
8423,0.00256998
8424,0.00146769
8425,0.00117683
8426,0.00141499
8427,0.00153112
8428,0.00053098
8429,0.00181743
8430,0.00205640
8431,0.00163117
8432,0.00150519
8433,0.00206570
8434,0.00159733
8435,0.00156140
8436,0.00266670
8437,0.00073007
8438,0.00203024
8439,0.00062997
8440,0.00189111
8441,0.00158405
8442,0.00487563
8443,0.00160847
8444,0.00177154
8445,0.01528547
8446,0.00058231
8447,0.00068666
8448,0.00136435
8449,0.00103407
8450,0.00327210
8451,0.01151409
8452,0.00156132
8453,0.00110959
8454,0.01166572
8455,0.00066893
8456,0.00116885
8457,0.00216057
8458,0.00333858
8459,0.01163078
8460,0.01164317
8461,0.01147714
8462,0.00059280
8463,0.00129027
8464,0.00192169
8465,0.00118263
8466,1.40066899
8467,0.19279098
8468,0.00183903
8469,0.00096386
8470,0.00096657
8471,0.00049739
8472,0.00139413
8473,0.00148305
8474,0.00147072
8475,1.92484036
8476,0.00169924
8477,0.00162134
8478,0.00151939
8479,0.00055464
8480,0.00102297
8481,0.00126271
8482,0.00297989
8483,0.00110775
8484,0.00500180
8485,0.00181909
8486,0.01250658
8487,0.00239597
8488,0.00138002
8489,0.00380334
8490,0.00044078
8491,0.00699847
8492,0.00165905
8493,0.01170919
8494,0.00416853
8495,0.00344344
8496,0.01851955
8497,0.00228032
8498,0.00103107
8499,0.00231801
8500,0.01309533
8501,0.01658778
8502,0.00099708
8503,0.00191268
8504,0.00150632
8505,0.00295888
8506,0.00109677
8507,0.00324923
8508,0.00144046
8509,0.00167553
8510,0.00222227
8511,0.00284940
8512,0.00184073
8513,0.00085960
8514,0.00156331
8515,0.01197454
8516,0.02263963
8517,0.00047313
8518,0.00122581
8519,0.00480811
8520,0.00081483
8521,0.00235404
8522,0.00130157
8523,0.00049256
8524,0.00316273
8525,0.00123180
8526,0.00123990
8527,0.00257269
8528,0.00092589
8529,0.00168115
8530,0.00152373
8531,0.00105691
8532,0.00168083
8533,1.40279695
8534,1.05368467
8535,0.00233054
8536,0.00265576
8537,0.00101971
8538,0.00043020
8539,0.00237982
8540,0.00294690
8541,0.00057778
8542,0.00217034
8543,0.00114046
8544,0.00123976
8545,0.02193018
8546,0.00398261
8547,0.00151099
8548,0.00147559
8549,0.00055412
8550,0.00071657
8551,0.01693506
8552,0.00112490
8553,0.00207230
8554,0.00160513
8555,0.00222261
8556,0.00173987
8557,0.00095633
8558,0.00102388
8559,0.00215482
8560,0.00174169
8561,0.00173948
8562,0.01301356
8563,0.00477937
8564,0.00146158
8565,0.00239272
8566,0.00150335
8567,0.01238071
8568,0.00095704
8569,0.00213488
8570,0.00136945
8571,0.00361549
8572,0.00183261
8573,0.00106739
8574,0.00068903
8575,0.00070877
8576,0.00118885
8577,0.00226902
8578,0.00157727
8579,0.00253768
8580,0.00190661
8581,0.00249812
8582,0.00196587
8583,0.00357209
8584,0.00372554
8585,0.00365856
8586,0.00074505
8587,0.00145238
8588,0.01175391
8589,0.00118780
8590,0.00209537
8591,0.00121032
8592,0.02319927
8593,0.01473235
8594,0.00235235
8595,0.00101285
8596,0.00255924
8597,0.02209462
8598,0.00121302
8599,0.00244357
8600,0.00196218
8601,0.00166701
8602,0.00163056
8603,0.00097930
8604,0.00052368
8605,0.00249940
8606,0.01177457
8607,0.00234678
8608,0.00048471
8609,0.00416968
8610,0.00153745
8611,0.02198840
8612,0.00146722
8613,0.00116328
8614,0.00058633
8615,0.00209864
8616,0.00263113
8617,0.01278899
8618,0.00326224
8619,0.00094749
8620,0.00172504
8621,0.00269001
8622,0.00305693
8623,0.00240309
8624,0.00238561
8625,0.00159051
8626,0.00182154
8627,0.00131747
8628,0.00121901
8629,0.00068429
8630,0.00192876
8631,0.00167528
8632,0.00289293
8633,0.00414630
8634,0.00224599
8635,0.00191345
8636,0.01049016
8637,0.00234396
8638,0.00168617
8639,0.00099972
8640,0.01157348
8641,0.00125136
8642,0.00053570
8643,0.00167187
8644,0.00055134
8645,0.00121010
8646,0.00073251
8647,0.00070763
8648,0.00257589
8649,0.00217258
8650,0.00150844
8651,0.00228208
8652,0.00075255
8653,0.00129059
8654,0.00143328
8655,0.00084862
8656,0.00095465
8657,0.00076289
8658,0.00117571
8659,1.62316611
8660,0.00130862
8661,0.00150335
8662,0.00054560
8663,0.00121665
8664,0.00257046
8665,0.00124104
8666,0.00500182
8667,0.00154736
8668,0.00191979
8669,0.00185763
8670,0.00189254
8671,0.01090529
8672,0.01204442
8673,0.00149991
8674,0.00241631
8675,0.00114893
8676,0.00192034
8677,0.00076345
8678,0.00120641
8679,1.40140044
8680,0.00109680
8681,1.78526400
8682,0.00214591
8683,0.00224161
8684,0.00480936
8685,0.00133510
8686,0.05371794
8687,0.00175191
8688,0.00049181
8689,0.00075535
8690,0.00122873
8691,0.00397938
8692,0.00237384
8693,0.00052123
8694,0.00051906
8695,0.00098314
8696,0.00123198
8697,0.00119865
8698,0.00185883
8699,0.00252677
8700,0.00114233
8701,0.01207176
8702,0.00291733
8703,0.00180164
8704,0.02222153
8705,0.00053241
8706,0.00083840
8707,0.01253969
8708,0.00180597
8709,0.02200137
8710,0.00111603
8711,0.00178595
8712,0.00101482
8713,0.00265864
8714,0.00060705
8715,0.00099615
8716,0.00167558
8717,0.00071855
8718,0.00305218
8719,1.70551842
8720,0.00275890
8721,0.00363618
8722,0.00172239
8723,0.00060069
8724,0.00117567
8725,0.00074567
8726,0.00153139
8727,0.01218868
8728,0.00141703
8729,0.02298920
8730,0.00248146
8731,0.00188118
8732,0.00091989
8733,0.00417863
8734,0.00161441
8735,0.00134561
8736,0.00108127
8737,0.00355371
8738,0.00421832
8739,0.00354403
8740,0.00274770
8741,0.00164079
8742,0.00062313
8743,0.00542034
8744,0.00110645
8745,0.00215078
8746,0.00115315
8747,0.02086125
8748,0.00177092
8749,0.00144374
8750,0.00130610
8751,0.00090038
8752,0.00090851
8753,0.00326086
8754,0.00129285
8755,0.00062253
8756,0.00486240
8757,0.00200527
8758,0.00268600
8759,0.00178221
8760,0.00057280
8761,0.00187217
8762,0.00354101
8763,0.00503665
8764,0.00293582
8765,0.00219916
8766,0.00230795
8767,0.00640382
8768,0.00061558
8769,0.00199012
8770,0.00235840
8771,0.00360230
8772,0.00179847
8773,0.00188582
8774,0.00204726
8775,0.00125111
8776,0.00403019
8777,0.00229141
8778,0.00124408
8779,0.00241838
8780,0.00378205
8781,0.00164922
8782,0.00225370
8783,0.00055944
8784,0.00413772
8785,0.01140473
8786,0.00845601
8787,0.00192934
8788,0.00330062
8789,0.00094929
8790,0.00053958
8791,0.00112574
8792,0.00152964
8793,0.00193299
8794,0.00382456
8795,0.00214501
8796,0.00435857
8797,0.00150531
8798,0.01529641
8799,0.00138969
8800,0.00232309
8801,0.00193592
8802,0.00739784
8803,0.00491908
8804,0.00113859
8805,0.00395189
8806,0.00159994
8807,0.00238481
8808,0.00057942
8809,0.00371347
8810,0.00074723
8811,0.00076017
8812,0.00181015
8813,0.00064242
8814,0.22915507
8815,1.27338410
8816,0.00415982
8817,0.00214609
8818,0.00066426
8819,0.00464568
8820,0.00068099
8821,0.00157159
8822,0.00116399
8823,0.00211152
8824,0.28626884
8825,0.00051821
8826,0.01187612
8827,0.00133288
8828,1.68238935
8829,0.00734009
8830,0.00179489
8831,0.01122532
8832,0.00107605
8833,0.00074440
8834,0.00100632
8835,0.00143169
8836,0.01249803
8837,0.00241999
8838,0.00229226
8839,0.00186150
8840,0.00458459
8841,0.00201036
8842,0.00109693
8843,0.00126420
8844,0.02483467
8845,0.01182034
8846,0.00119755
8847,0.00227806
8848,0.00056655
8849,0.00242595
8850,0.00176422
8851,0.00101661
8852,0.00213098
8853,0.00101756
8854,0.00056677
8855,0.00234546
8856,0.00520787
8857,0.00502167
8858,0.01141746
8859,0.00141790
8860,0.00208204
8861,0.00233103
8862,0.00131919
8863,0.01200066
8864,0.00228041
8865,0.00441918
8866,0.00252413
8867,0.02438658
8868,0.00120086
8869,0.00187856
8870,0.00101375
8871,0.00230417
8872,0.00355293
8873,0.00144774
8874,0.00218441
8875,0.00195269
8876,0.00113980
8877,0.01133092
8878,0.00119645
8879,0.00337872
8880,0.00204787
8881,0.00074583
8882,0.00626883
8883,0.00214134
8884,0.00151169
8885,0.00455778
8886,0.01110378
8887,1.17551070
8888,0.34243179
8889,0.02171744
8890,0.00222545
8891,0.00084970
8892,0.00284239
8893,0.00157519
8894,0.00531803
8895,0.01133192
8896,0.00219877
8897,0.00174984
8898,0.00078156
8899,0.01383604
8900,0.01278794
8901,0.02431015
8902,0.00104441
8903,0.00388730
8904,0.00059543
8905,0.00366403
8906,0.00334423
8907,0.00177769
8908,0.00110149
8909,0.03312507
8910,0.00514936
8911,0.00114371
8912,0.00185851
8913,0.00115740
8914,0.00197659
8915,0.00127851
8916,0.00153772
8917,0.00108212
8918,0.00260306
8919,0.00697679
8920,0.00334540
8921,0.00155530
8922,0.00119520
8923,0.00052931
8924,0.00168598
8925,0.00175975
8926,0.00198897
8927,0.00488911
8928,0.00115920
8929,0.00389075
8930,0.00542339
8931,0.02251783
8932,0.00189279
8933,0.01459238
8934,0.00244847
8935,0.00230681
8936,0.00441560
8937,0.00215583
8938,0.01245752
8939,0.00091091
8940,0.02204615
8941,0.04655451
8942,0.01136070
8943,1.58263952
8944,0.54244269
8945,0.00048188
8946,0.00077997
8947,0.00192648
8948,0.00313361
8949,0.02115728
8950,0.00160767
8951,2.42752171
8952,0.00196357
8953,0.00173011
8954,0.00220519
8955,0.00188171
8956,0.00162093
8957,0.00152556
8958,0.00202320
8959,0.00169732
8960,0.00050394
8961,0.00365909
8962,0.00159544
8963,0.00092599
8964,0.00286231
8965,0.02142306
8966,0.00166170
8967,0.00543466
8968,0.00234079
8969,0.00070764
8970,0.01815328
8971,0.00177128
8972,0.00188437
8973,0.00340797
8974,0.00385428
8975,0.00058176
8976,0.00385746
8977,0.00079195
8978,0.00132700
8979,0.00158191
8980,0.00234594
8981,0.00349202
8982,0.00293107
8983,0.00411971
8984,0.00255599
8985,0.00111094
8986,0.00278253
8987,0.02247611
8988,0.00164162
8989,0.00181140
8990,0.00260171
8991,0.02065155
8992,0.00208863
8993,0.00248094
8994,0.00094471
8995,0.00197052
8996,0.00112117
8997,0.01167106
8998,0.00250869
8999,0.00176450
9000,0.00111215
9001,0.00203818
9002,0.00177358
9003,0.01117293
9004,0.00193714
9005,0.00069610
9006,0.00446852
9007,0.00176162
9008,0.00227269
9009,0.00160878
9010,0.00292526
9011,0.00169201
9012,0.00191681
9013,0.00047422
9014,0.00143013
9015,0.00394778
9016,0.00059619
9017,0.00248381
9018,0.00075188
9019,0.00136535
9020,0.00518638
9021,0.00284092
9022,0.00241415
9023,0.01303657
9024,0.00110293
9025,0.00211468
9026,0.00316599
9027,0.00213197
9028,0.00167554
9029,0.00160229
9030,0.00196698
9031,0.00124253
9032,0.00227277
9033,0.00112043
9034,0.00502220
9035,0.00146129
9036,0.00168867
9037,0.00096550
9038,0.00178212
9039,0.00121723
9040,0.00274946
9041,0.00135210
9042,0.00214379
9043,0.00218913
9044,0.00288839
9045,0.00127298
9046,0.00288422
9047,0.00070710
9048,0.00099202
9049,0.00230987
9050,0.00110314
9051,0.00833400
9052,0.00129236
9053,0.02204192
9054,0.00117168
9055,0.00160037
9056,0.00209407
9057,0.00166303
9058,0.01259481
9059,0.00166408
9060,0.00250072
9061,0.00106287
9062,0.01130242
9063,0.00138183
9064,0.00140248
9065,0.36560512
9066,0.00153407
9067,0.00208423
9068,0.00149152
9069,0.00114471
9070,0.00215222
9071,0.00384344
9072,0.00147052
9073,0.00055735
9074,0.00293707
9075,0.00115999
9076,0.00536992
9077,0.00286364
9078,0.00237237
9079,0.00159337
9080,0.00234564
9081,0.00172632
9082,0.00130209
9083,0.00086939
9084,0.00268253
9085,0.02101459
9086,0.01121317
9087,0.00167593
9088,0.00063743
9089,0.00438855
9090,0.00119908
9091,0.00127047
9092,0.00164123
9093,0.00054885
9094,0.00236695
9095,0.00094692
9096,1.75275777
9097,0.00159304
9098,0.01027258
9099,1.52199046
9100,0.00191962
9101,0.00203948
9102,0.00063656
9103,0.00197088
9104,0.00221887
9105,0.00131335
9106,0.00111697
9107,0.00247013
9108,0.00122637
9109,0.00100147
9110,0.00194454
9111,0.00396799
9112,0.00248311
9113,0.00147117
9114,0.00217437
9115,0.00168637
9116,0.00263343
9117,0.00151365
9118,0.00183267
9119,0.00514255
9120,1.39311940
9121,0.00215544
9122,0.11745128
9123,0.02124129
9124,0.00166668
9125,0.00261355
9126,0.00069710
9127,0.00119803
9128,0.00091713
9129,0.00299286
9130,0.00152481
9131,0.00181816
9132,0.00135262
9133,0.00129980
9134,0.00177496
9135,0.00108783
9136,0.00119414
9137,0.00301362
9138,0.00181194
9139,0.00093169
9140,0.00360044
9141,0.00115393
9142,0.00118730
9143,0.00116227
9144,0.00156252
9145,0.00123319
9146,0.00093194
9147,0.00231257
9148,0.00636430
9149,0.00242945
9150,0.02215307
9151,0.00505686
9152,0.00108699
9153,0.00171198
9154,0.00241958
9155,0.00101879
9156,0.00169813
9157,0.00186144
9158,0.00094680
9159,0.02276801
9160,0.00114463
9161,0.00173966
9162,0.00188267
9163,0.00272044
9164,1.76571275
9165,0.00139640
9166,0.00060110
9167,0.00102589
9168,0.00335777
9169,0.00369409
9170,0.00337481
9171,0.00099527
9172,0.00155058
9173,0.01324921
9174,0.00125470
9175,0.00090975
9176,0.00242408
9177,0.00065603
9178,0.00058050
9179,0.01218497
9180,0.00066935
9181,0.00215157
9182,0.00116427
9183,0.00208810
9184,0.00330696
9185,0.00152171
9186,0.00394801
9187,0.00062134
9188,0.00182684
9189,0.00094110
9190,0.00125830
9191,0.00187537
9192,0.00149585
9193,0.00349409
9194,0.07591157
9195,0.00155539
9196,0.00210159
9197,0.00375379
9198,0.00111557
9199,0.00268421
9200,0.00216766
9201,0.00284332
9202,0.00269657
9203,0.00120230
9204,0.00221725
9205,0.00207789
9206,0.00194335
9207,0.00341577
9208,0.01087869
9209,2.30897279
9210,0.00197510
9211,0.00116749
9212,0.00232655
9213,0.00152760
9214,0.01179168
9215,0.00362531
9216,0.01173453
9217,0.00109108
9218,0.00052837
9219,0.00254695
9220,0.00176910
9221,0.00448307
9222,0.00322067
9223,0.00290208
9224,0.00408227
9225,0.00360677
9226,0.00219593
9227,0.50781170
9228,0.00073070
9229,0.00160334
9230,0.00183809
9231,0.00192208
9232,0.00185102
9233,0.00058323
9234,0.00151232
9235,0.00126983
9236,0.00166370
9237,0.00121440
9238,0.00142698
9239,0.00268971
9240,0.00103949
9241,0.00105464
9242,0.00218557
9243,0.00066625
9244,0.00059248
9245,0.00250245
9246,0.00056048
9247,0.00241647
9248,0.00151276
9249,1.38270024
9250,0.00211191
9251,0.00149917
9252,0.00450324
9253,0.00269283
9254,0.00227099
9255,0.00051483
9256,0.87338884
9257,0.00233844
9258,0.01604482
9259,0.00287295
9260,2.22413872
9261,0.00165873
9262,0.00178268
9263,0.00123709
9264,0.00349990
9265,0.00155810
9266,0.00506632
9267,0.14579265
9268,0.00162885
9269,0.01823149
9270,0.00113203
9271,0.00149197
9272,0.00211143
9273,0.00065603
9274,0.00094670
9275,0.52738899
9276,0.00112595
9277,0.00170511
9278,0.00072949
9279,0.90840647
9280,0.00165405
9281,0.01152206
9282,0.00229384
9283,0.00253856
9284,0.00152176
9285,0.00190998
9286,0.00270227
9287,0.00166216
9288,0.00120007
9289,0.00091869
9290,0.81087084
9291,0.00118129
9292,0.00124014
9293,0.00183556
9294,0.00112759
9295,0.00104140
9296,0.00149314
9297,0.00426045
9298,0.01358035
9299,0.00124634
9300,0.00364088
9301,0.01305350
9302,0.00067973
9303,0.00096105
9304,0.00111701
9305,0.00551876
9306,0.00159375
9307,0.00292028
9308,0.00331588
9309,0.00298999
9310,0.00354050
9311,0.01182839
9312,0.00180717
9313,1.47018303
9314,0.00138925
9315,0.00266445
9316,0.00228545
9317,0.00148365
9318,0.00252662
9319,0.00121088
9320,0.00529775
9321,0.00377588
9322,0.00089339
9323,0.00110239
9324,0.02238548
9325,0.00057922
9326,0.00151777
9327,0.00154593
9328,0.00218568
9329,0.00152611
9330,0.00146078
9331,1.30765297
9332,0.01861244
9333,0.00274233
9334,0.00513334
9335,0.00406932
9336,0.01960558
9337,0.00118332
9338,0.00265022
9339,0.01152584
9340,0.37029514
9341,0.00514097
9342,0.00436265
9343,0.00359710
9344,0.00176382
9345,0.00464555
9346,0.00148452
9347,0.00241199
9348,0.00264057
9349,0.00116634
9350,0.00367651
9351,0.00129588
9352,0.00365713
9353,0.00302433
9354,0.02353504
9355,0.00138903
9356,0.00169646
9357,0.00250162
9358,0.00243710
9359,0.00095721
9360,0.00212230
9361,0.00148876
9362,0.00446493
9363,0.00184520
9364,0.00113407
9365,0.00229845
9366,0.00120422
9367,0.00307248
9368,0.00106833
9369,0.00101606
9370,0.00102320
9371,0.00180790
9372,0.00162909
9373,0.00175610
9374,0.00268909
9375,0.00202784
9376,0.00108648
9377,0.00112454
9378,0.02155453
9379,1.10402298
9380,0.00155861
9381,0.00132006
9382,0.00393578
9383,0.00188425
9384,0.00165930
9385,0.02140725
9386,0.00221555
9387,0.00133035
9388,0.00164425
9389,0.00191225
9390,0.00163418
9391,0.00069407
9392,0.00455162
9393,0.00185282
9394,0.00253743
9395,0.00268018
9396,0.00165862
9397,0.00242568
9398,0.00191864
9399,0.00494729
9400,0.00095136
9401,0.00106880
9402,0.00260902
9403,0.00118267
9404,0.00062921
9405,0.02130863
9406,0.00178562
9407,0.00225497
9408,0.00163822
9409,0.02111989
9410,0.00160720
9411,0.00195089
9412,0.01457565
9413,0.00363052
9414,0.00358133
9415,0.00093685
9416,0.00231300
9417,0.00101140
9418,0.00046204
9419,0.00200664
9420,0.00106454
9421,0.00159973
9422,0.01179959
9423,1.54154511
9424,0.00357373
9425,0.00100009
9426,0.00258132
9427,0.00223277
9428,0.01307276
9429,0.00226066
9430,0.00208496
9431,0.00113582
9432,0.00302379
9433,0.00167698
9434,0.01138834
9435,0.00171598
9436,0.00121417
9437,0.01817764
9438,0.00141823
9439,0.00256159
9440,0.00563563
9441,0.00292785
9442,0.02226752
9443,0.00101336
9444,0.00270125
9445,0.00117079
9446,0.00290274
9447,0.00248121
9448,0.00245460
9449,0.01164563
9450,0.00549907
9451,0.00217375
9452,0.00177357
9453,0.00126049
9454,0.00225821
9455,0.00069665
9456,0.00095438
9457,0.00226724
9458,0.02271684
9459,0.01140289
9460,0.00052261
9461,0.00215618
9462,0.00336080
9463,0.00320400
9464,0.27436006
9465,0.00354762
9466,0.00219586
9467,0.00161769
9468,0.00099074
9469,0.00055371
9470,0.00228503
9471,0.00225214
9472,0.00194818
9473,0.00204255
9474,0.00155705
9475,0.00176190
9476,0.00165572
9477,0.01155444
9478,0.00205052
9479,0.00168530
9480,0.00112119
9481,0.00441170
9482,0.00274240
9483,1.00702474
9484,0.00111705
9485,1.09365432
9486,0.00175684
9487,0.00344422
9488,0.00129845
9489,0.00061103
9490,0.00179661
9491,0.00117909
9492,0.01082155
9493,0.00061427
9494,0.00144478
9495,0.02620247
9496,0.00427457
9497,0.00048170
9498,0.00459185
9499,0.00053921
9500,0.00194318
9501,0.00105425
9502,0.00077193
9503,0.00191798
9504,0.00122327
9505,0.00112279
9506,0.00201657
9507,0.00057242
9508,0.00169489
9509,0.00077643
9510,0.00231832
9511,0.01668631
9512,0.00053853
9513,0.22716457
9514,0.00319489
9515,0.02440642
9516,0.00111656
9517,0.00123857
9518,0.00124063
9519,0.00169114
9520,0.00236754
9521,0.00145607
9522,0.00179181
9523,0.00094766
9524,0.00094880
9525,0.00053351
9526,0.00199195
9527,0.01622871
9528,0.00048260
9529,0.00484217
9530,0.00273753
9531,0.00260253
9532,0.00055596
9533,0.00303182
9534,0.00388352
9535,0.00122371
9536,0.00156329
9537,0.00206437
9538,0.00093832
9539,0.01444945
9540,0.00174134
9541,0.00242532
9542,0.00101845
9543,0.00118642
9544,0.00121224
9545,0.00188696
9546,0.00209474
9547,0.01083010
9548,0.00265221
9549,0.00166372
9550,0.00295012
9551,0.00243782
9552,0.00118516
9553,0.00166295
9554,0.00111920
9555,0.00095812
9556,0.00101991
9557,0.01300196
9558,0.00069978
9559,0.00055545
9560,0.00064111
9561,0.00113887
9562,0.00376457
9563,0.00112664
9564,0.01418552
9565,0.00174453
9566,0.00061880
9567,0.00469130
9568,0.01198051
9569,0.00125477
9570,0.74982780
9571,0.00505601
9572,0.00231760
9573,0.00159714
9574,0.00219750
9575,0.01996022
9576,0.00116560
9577,0.01159664
9578,0.00081956
9579,0.01294844
9580,0.00255486
9581,0.00173670
9582,0.00124837
9583,0.00265717
9584,0.00274948
9585,0.00150836
9586,0.00109517
9587,0.00200976
9588,0.00245118
9589,0.00152246
9590,0.00044520
9591,0.01388422
9592,0.00149136
9593,0.79033063
9594,0.00151072
9595,0.00046002
9596,0.00191042
9597,0.00353616
9598,0.00151680
9599,0.00285465
9600,0.00066542
9601,0.00300572
9602,0.00125234
9603,0.00092403
9604,0.00194163
9605,0.00438832
9606,0.00455892
9607,0.01084423
9608,0.00503065
9609,0.00158238
9610,0.00390005
9611,0.00107803
9612,0.00126281
9613,0.00131807
9614,0.00179550
9615,0.00165133
9616,0.00060387
9617,0.01962899
9618,0.00084162
9619,0.00052670
9620,2.14917749
9621,0.00153722
9622,0.00204064
9623,0.00113804
9624,0.00122465
9625,0.00095889
9626,0.00116263
9627,0.00253171
9628,0.04521427
9629,0.00135513
9630,0.00150773
9631,0.00188251
9632,0.00263802
9633,0.01334754
9634,0.22782019
9635,0.00214110
9636,0.00042096
9637,0.00072416
9638,0.00433152
9639,0.00241151
9640,0.00377793
9641,0.00072050
9642,0.00098652
9643,0.00051397
9644,0.00124372
9645,0.00190799
9646,0.00303556
9647,0.00047099
9648,0.00098051
9649,0.00231415
9650,0.00124500
9651,0.00299024
9652,0.00162358
9653,0.00116197
9654,0.00163754
9655,0.00115399
9656,0.00118258
9657,0.00482047
9658,0.00120672
9659,0.00044634
9660,0.00119520
9661,0.00363102
9662,0.00486791
9663,0.00113052
9664,0.00365794
9665,0.01140079
9666,0.00197621
9667,0.00207056
9668,0.00060174
9669,0.00056771
9670,0.00069468
9671,0.00324445
9672,0.00054585
9673,0.00104304
9674,0.00096961
9675,0.08400128
9676,0.00118623
9677,0.00230228
9678,0.00289181
9679,0.00139061
9680,0.00250925
9681,0.00108721
9682,0.00221884
9683,0.00288946
9684,0.00055731
9685,0.12832573
9686,0.00165057
9687,0.02045945
9688,0.00156478
9689,0.00183928
9690,0.00261995
9691,0.00102436
9692,0.00114723
9693,0.00137599
9694,0.00057109
9695,0.00059089
9696,0.00133104
9697,0.00383732
9698,0.00234181
9699,0.00368025
9700,0.00146919
9701,0.00170097
9702,0.00235132
9703,0.00357014
9704,0.00129358
9705,0.00156784
9706,0.00150137
9707,0.00107657
9708,0.01207215
9709,0.00078562
9710,0.00054407
9711,0.00117331
9712,0.00118921
9713,0.00118187
9714,0.00115076
9715,0.00357363
9716,0.00089278
9717,0.01367460
9718,0.00183343
9719,0.00250625
9720,0.00399343
9721,0.00212237
9722,0.00059035
9723,0.00204964
9724,0.00047514
9725,0.00143527
9726,0.00143004
9727,1.58528711
9728,0.00214948
9729,0.00234689
9730,0.00073172
9731,0.00058391
9732,0.00296416
9733,0.00419649
9734,0.00176121
9735,0.00125647
9736,0.00153254
9737,0.00057812
9738,0.01524211
9739,0.00197809
9740,0.00117543
9741,0.00441818
9742,0.00158602
9743,0.00387199
9744,0.00192400
9745,0.00194299
9746,0.00160010
9747,0.53992872
9748,1.91638600
9749,0.01062002
9750,0.00258883
9751,0.00056538
9752,0.00101804
9753,0.00049608
9754,0.00264706
9755,0.02074849
9756,0.00178487
9757,0.00229511
9758,0.00225567
9759,0.00141731
9760,0.00310796
9761,0.00124249
9762,0.00097943
9763,0.00195169
9764,0.00145828
9765,0.00143796
9766,0.00113463
9767,0.00132033
9768,0.00216440
9769,0.00075011
9770,0.01274993
9771,0.00128322
9772,0.00118742
9773,0.00151764
9774,0.00467890
9775,0.00418199
9776,0.00160922
9777,0.00518806
9778,0.00201444
9779,0.00053821
9780,0.00082472
9781,0.00406173
9782,0.00460628
9783,0.00186635
9784,0.00217569
9785,0.00245106
9786,0.00189285
9787,0.02141960
9788,0.00203204
9789,0.00098531
9790,0.00136068
9791,0.00373382
9792,0.00133716
9793,0.00286252
9794,0.00459551
9795,0.00188347
9796,0.00121885
9797,0.00317109
9798,0.00143753
9799,0.00225306
9800,0.00237567
9801,1.65560912
9802,0.00067411
9803,0.00516644
9804,0.00198405
9805,0.00105589
9806,0.00072987
9807,0.00136064
9808,0.01130648
9809,0.00118454
9810,0.00107475
9811,0.00236205
9812,0.00165517
9813,0.00086239
9814,0.00160711
9815,0.00254727
9816,0.01857543
9817,0.00172202
9818,0.00233796
9819,0.00044447
9820,0.00524765
9821,0.00158704
9822,0.01553293
9823,0.00457441
9824,0.00117240
9825,0.00368559
9826,0.00271236
9827,0.00071632
9828,0.00422111
9829,0.00059550
9830,0.00051425
9831,0.00158386
9832,0.00064383
9833,0.01140893
9834,0.00556317
9835,0.01128939
9836,0.00107840
9837,0.00072459
9838,0.00070898
9839,0.00176316
9840,0.00400133
9841,0.00055552
9842,0.00116665
9843,0.00201380
9844,0.00126610
9845,0.00210992
9846,0.00178440
9847,0.00221281
9848,0.00397496
9849,0.00158393
9850,0.00118996
9851,0.00378207
9852,0.00386738
9853,0.00055202
9854,0.00469165
9855,0.00164979
9856,0.00185295
9857,0.00188087
9858,0.52260620
9859,0.00122941
9860,0.00162940
9861,0.00185361
9862,0.00376737
9863,0.00294056
9864,0.00056724
9865,0.00302728
9866,0.00112859
9867,0.02064889
9868,0.00105723
9869,0.00287669
9870,0.00245872
9871,0.00186196
9872,0.00831727
9873,0.00158452
9874,0.01860674
9875,0.00124470
9876,0.00063406
9877,0.82255931
9878,0.00781747
9879,0.00261543
9880,0.00069268
9881,0.00166376
9882,0.53515115
9883,0.00076685
9884,0.00104797
9885,0.00214346
9886,0.00187689
9887,0.00129113
9888,0.00114644
9889,0.00171654
9890,0.00236815
9891,0.00147192
9892,0.00207979
9893,0.00218484
9894,0.00179809
9895,0.00148423
9896,0.00111545
9897,0.00293583
9898,0.00169726
9899,0.00074264
9900,0.00077008
9901,0.00462790
9902,2.07501163
9903,0.00381050
9904,0.00128472
9905,0.00172947
9906,0.00182528
9907,0.00181039
9908,0.00198233
9909,0.00145578
9910,0.01499054
9911,0.00502927
9912,0.00114871
9913,0.00237343
9914,0.00154648
9915,0.00229836
9916,0.00122421
9917,0.00151892
9918,0.00062218
9919,0.00362385
9920,0.00242501
9921,0.01510200
9922,0.00410775
9923,0.00397430
9924,0.00231476
9925,0.00118905
9926,0.00538028
9927,0.00211591
9928,1.21705800
9929,0.01192056
9930,0.02187564
9931,0.00188394
9932,0.00053655
9933,0.01192493
9934,0.00452265
9935,0.00199492
9936,0.01159469
9937,0.00428501
9938,0.00147694
9939,0.00233853
9940,0.00133524
9941,0.00110659
9942,0.00108396
9943,0.00128443
9944,0.00074470
9945,0.00187093
9946,0.00189802
9947,0.00108546
9948,0.00368337
9949,0.00053866
9950,0.00184834
9951,0.02026833
9952,0.00244378
9953,0.00064851
9954,0.00420323
9955,0.00108188
9956,0.00099951
9957,0.00100193
9958,0.00080003
9959,0.00211440
9960,0.00390739
9961,0.00167340
9962,0.00299408
9963,0.01406100
9964,0.00225118
9965,0.00265971
9966,0.00152871
9967,0.00182017
9968,0.00110944
9969,0.00059171
9970,0.00239298
9971,0.00210932
9972,0.00096861
9973,0.00182335
9974,0.00169780
9975,0.00206739
9976,0.00117303
9977,0.00198710
9978,0.82940728
9979,0.00157864
9980,0.00059955
9981,0.00389337
9982,0.00168731
9983,0.02165447
9984,0.01294729
9985,0.00221115
9986,0.00185616
9987,0.00178076
9988,0.00199137
9989,0.00340343
9990,0.00199742
9991,0.00203659
9992,0.00111271
9993,0.04688868
9994,0.01836673
9995,0.00413931
9996,0.00159246
9997,0.00195819
9998,0.00121938
9999,0.00110183
