step,entropy
0,1.01732511
1,1.13833421
2,0.84883467
3,0.53024942
4,2.42273365
5,2.03832373
6,2.21672107
7,2.30708006
8,0.88687530
9,1.59862786
10,2.15845629
11,0.18364232
12,2.28529257
13,1.30936746
14,0.78651590
15,0.62539295
16,0.25522134
17,0.66799368
18,1.30269741
19,0.45246158
20,1.53400313
21,0.78751038
22,1.77140085
23,1.56020236
24,0.52492935
25,2.49573325
26,1.00229540
27,0.88326744
28,1.34599610
29,0.58140609
30,1.68555747
31,2.37954080
32,0.96858338
33,1.80245484
34,2.11369111
35,1.74929752
36,0.67103670
37,0.38294647
38,0.82581644
39,1.63059505
40,1.36311639
41,0.82371282
42,0.52628550
43,0.81845374
44,2.01123976
45,0.42761475
46,0.94348641
47,0.20728415
48,1.19312970
49,1.00144692
50,1.41124838
51,2.15780820
52,1.98365754
53,1.76720067
54,0.22359036
55,0.38307330
56,1.37781924
57,0.56156107
58,0.69042496
59,0.66699817
60,2.49393140
61,0.24392978
62,2.30183291
63,1.11217523
64,0.93232141
65,1.61740915
66,0.61008531
67,2.20664868
68,0.59154111
69,0.96072075
70,1.43826318
71,2.23982341
72,0.26318080
73,0.55210015
74,0.42789814
75,0.51710848
76,2.01692785
77,1.60876074
78,0.85926347
79,0.38368658
80,1.63986338
81,1.44007975
82,1.00941059
83,0.07220504
84,1.15624211
85,2.25168616
86,1.26956224
87,2.05408614
88,0.93305694
89,0.79593706
90,1.17764224
91,0.29363603
92,0.81946028
93,0.87660193
94,2.28753875
95,0.70047408
96,0.02052994
97,1.90836293
98,0.21512226
99,2.03340121
100,1.40049905
101,0.59435741
102,0.31277645
103,1.96499532
104,1.49518371
105,1.12916313
106,1.60984510
107,0.95127987
108,0.88890294
109,1.59837462
110,0.09680023
111,0.54013398
112,0.70401682
113,1.40069065
114,2.00149211
115,2.11358042
116,2.49126476
117,0.07796008
118,1.52220660
119,1.16495762
120,2.46488161
121,0.37353480
122,1.81772943
123,0.02140975
124,1.78697995
125,0.14040123
126,1.52386055
127,0.26552815
128,1.48636612
129,2.44414675
130,1.18209851
131,2.36485211
132,0.23255263
133,0.85064433
134,1.07258208
135,1.62171790
136,1.91519620
137,0.89761561
138,1.69920832
139,2.41274226
140,1.05486062
141,0.60060441
142,0.23583212
143,0.95071079
144,0.51115597
145,1.50597274
146,2.08473591
147,0.87283652
148,1.65739336
149,1.14493873
150,2.46091424
151,0.81803741
152,1.25521348
153,2.09894239
154,0.40969829
155,1.14377070
156,1.34159269
157,0.01503075
158,2.04452758
159,2.06496208
160,1.10607451
161,0.63564185
162,1.37151865
163,2.38557517
164,1.93071152
165,0.35752615
166,1.18630776
167,1.71126175
168,1.87546911
169,0.21178770
170,0.94160844
171,2.28011632
172,1.43145607
173,0.95676328
174,0.27320976
175,1.18798527
176,0.10362468
177,0.65548165
178,1.50446975
179,1.22099724
180,0.01645495
181,2.42014919
182,0.41767541
183,1.83057491
184,0.76340924
185,0.23999514
186,2.46059892
187,0.73377797
188,1.65040179
189,1.62917790
190,0.08348930
191,2.44854432
192,2.13878090
193,0.99729739
194,0.05853868
195,1.26787670
196,0.48195389
197,1.47371323
198,0.23553724
199,0.77050809
200,2.27437088
201,0.02482041
202,2.28816775
203,2.11243191
204,0.42589516
205,0.86965358
206,0.97902350
207,0.83877255
208,1.33394311
209,0.56655158
210,2.42904848
211,1.14601556
212,2.30792162
213,2.30976915
214,0.19067897
215,2.43763830
216,0.28266920
217,2.08060744
218,1.05809471
219,1.75782438
220,0.09073328
221,1.80080449
222,0.45744942
223,2.41137099
224,1.03858308
225,1.08015331
226,2.17187773
227,1.36604222
228,0.94207575
229,0.74900467
230,1.58343631
231,0.14630088
232,1.23213805
233,2.48643443
234,1.49920405
235,1.10157452
236,1.02914887
237,1.12928477
238,1.73387661
239,2.40889813
240,2.37145037
241,1.65912946
242,1.04480525
243,0.98494771
244,2.31285129
245,0.03249141
246,2.08040367
247,0.73787279
248,0.98286822
249,1.42843466
250,1.54344767
251,0.78733767
252,0.40995491
253,0.68015286
254,0.64616940
255,1.54623746
256,2.28254195
257,1.56451733
258,1.89949090
259,2.03168151
260,0.79844687
261,0.67294185
262,2.42373294
263,1.94996503
264,2.32678001
265,0.97234577
266,1.80025733
267,1.79486450
268,1.12824170
269,0.16983207
270,0.11397001
271,1.73272600
272,2.20885787
273,1.33220306
274,2.24597704
275,1.36510374
276,1.01049513
277,1.16119542
278,0.93920037
279,0.24011764
280,0.36265856
281,0.53336809
282,1.17091525
283,2.39542373
284,1.98125165
285,2.26992578
286,0.41402504
287,0.20168491
288,1.58149662
289,1.30873362
290,1.12793292
291,1.40897486
292,2.04214198
293,0.41149861
294,1.81294225
295,2.33803349
296,1.30988340
297,0.65209632
298,2.33773656
299,0.07272756
300,0.28282506
301,1.59976073
302,2.18019013
303,1.04172601
304,2.36484584
305,0.09733660
306,1.14499371
307,1.67783495
308,0.56938164
309,1.86923226
310,2.22382734
311,1.51228351
312,0.59449394
313,0.40874266
314,0.15948852
315,0.73021921
316,0.37976644
317,2.23448257
318,0.82266191
319,0.14537358
320,2.29636470
321,0.51754615
322,2.45923530
323,1.27526673
324,1.15045435
325,0.95296769
326,1.37224496
327,2.01875317
328,1.43603643
329,0.12050276
330,2.19482480
331,2.44051543
332,0.07088245
333,1.69943230
334,1.23662330
335,1.54367869
336,0.98366947
337,1.79616327
338,0.24950557
339,1.49993400
340,0.18097089
341,2.26845787
342,0.93679931
343,1.57079152
344,0.37405962
345,0.03804456
346,2.37966795
347,1.17699320
348,1.41826995
349,1.87330255
350,1.69313729
351,1.37591951
352,0.00826806
353,1.25753454
354,0.76460148
355,1.76179439
356,1.79628801
357,2.12905679
358,1.08347479
359,1.84924373
360,1.72429519
361,2.31650400
362,0.94127052
363,0.54470228
364,2.00523637
365,0.15858662
366,0.91264829
367,1.79509220
368,1.11128238
369,0.33966853
370,0.09363212
371,1.65828671
372,1.17665628
373,2.40910907
374,0.20962107
375,0.85436355
376,1.16224314
377,2.40715842
378,0.28723355
379,2.01974108
380,0.43563887
381,2.22171499
382,1.36967656
383,0.47118535
384,1.78500036
385,0.59375916
386,1.68808165
387,0.14220885
388,2.32814559
389,2.24992239
390,0.30336775
391,1.08419203
392,2.04147542
393,0.71407765
394,2.29322643
395,1.19143133
396,0.62404198
397,0.99677862
398,2.36767155
399,0.51665491
400,0.05010282
401,0.95695212
402,1.78750044
403,2.37883089
404,2.37677792
405,0.54391076
406,0.44032473
407,2.34078506
408,1.26811263
409,0.67957921
410,1.96219443
411,1.39106696
412,2.01457066
413,1.24796068
414,1.86281406
415,0.16874062
416,0.89965818
417,0.52213836
418,0.34694390
419,1.94265672
420,0.46702823
421,1.82256818
422,1.21961619
423,0.82892403
424,0.39957182
425,2.38437881
426,1.89305920
427,0.47970240
428,0.61704576
429,0.77843903
430,0.97930114
431,1.93929659
432,1.52363025
433,1.39408547
434,1.52402819
435,0.23338227
436,1.56532050
437,0.05130243
438,0.00149168
439,0.50961958
440,2.14278094
441,0.63050690
442,1.34907015
443,0.69861232
444,1.00745409
445,0.09692304
446,1.61735899
447,0.98022716
448,2.08223960
449,0.32390045
450,1.31198787
451,2.23019603
452,0.15806281
453,0.29444085
454,1.11837675
455,0.86823993
456,1.42244993
457,1.88737834
458,2.10829785
459,1.54182420
460,0.95042369
461,1.91643767
462,0.93108446
463,1.44550764
464,1.26507585
465,1.07632114
466,0.97299033
467,1.38679962
468,1.05466908
469,0.80159293
470,0.27599450
471,0.55832736
472,1.46827320
473,0.38794880
474,0.24216045
475,2.33873639
476,1.89944747
477,1.02246747
478,1.10280250
479,1.15378570
480,1.42127996
481,1.76644572
482,1.48568364
483,1.60465263
484,0.23146972
485,0.51664345
486,0.53819959
487,2.18099759
488,2.26636944
489,2.25018589
490,2.20605165
491,1.19910331
492,0.78970243
493,0.64573610
494,1.67184909
495,0.03285972
496,1.34123415
497,0.04555402
498,1.14146011
499,1.91394567
500,0.74744791
501,1.51107509
502,1.82348394
503,0.99337392
504,1.52716169
505,0.97966786
506,2.46684841
507,1.00640268
508,1.01707283
509,1.88297887
510,1.79914566
511,0.12244912
512,1.20446544
513,0.53031596
514,0.53666301
515,0.77127724
516,1.34967393
517,1.53540162
518,0.61555065
519,0.13733660
520,1.30498340
521,0.04826670
522,0.63342803
523,1.61056770
524,0.25776065
525,1.68020980
526,2.18984400
527,1.33122315
528,1.48997109
529,0.51718316
530,0.14261996
531,2.38425825
532,0.35009568
533,1.29419204
534,1.27673514
535,0.86328788
536,2.21397049
537,1.07489517
538,1.51122473
539,1.95282037
540,1.24724842
541,1.71053863
542,0.16276273
543,1.95968477
544,0.83859974
545,0.64552888
546,2.27550698
547,1.83136998
548,0.80496193
549,1.70661055
550,1.47831471
551,0.79035058
552,0.43877896
553,1.08556575
554,1.26727970
555,2.03591100
556,0.76615219
557,2.03558909
558,0.12146628
559,2.28454964
560,1.82956957
561,0.49109240
562,0.33547433
563,1.35502390
564,0.18791968
565,0.10254016
566,1.29722655
567,0.48532837
568,0.06207618
569,1.11290644
570,2.06853059
571,2.41227490
572,2.05029127
573,2.24525688
574,0.89773147
575,0.26947133
576,2.30864038
577,0.13173016
578,1.43988252
579,2.40609135
580,0.85524586
581,1.36625369
582,0.82867147
583,2.12637859
584,1.14803476
585,2.22574617
586,0.38679282
587,0.33062560
588,0.31099178
589,1.21703261
590,0.05102102
591,2.20913914
592,1.43101680
593,1.03823146
594,0.76928728
595,0.11846284
596,2.37819427
597,1.78693666
598,1.51761077
599,1.63404375
600,1.78434825
601,0.26068004
602,0.05849221
603,2.33981668
604,0.00229908
605,1.60978554
606,1.64906799
607,0.97886573
608,1.31294372
609,0.25644600
610,1.28623178
611,1.19193149
612,1.39248342
613,0.45740238
614,0.62787573
615,1.33981899
616,1.58843821
617,0.32134646
618,2.25518407
619,0.00584533
620,2.27664924
621,0.61986238
622,1.71644376
623,0.86919427
624,1.16217407
625,2.38113310
626,1.26477448
627,0.60218249
628,1.56138020
629,1.21616914
630,1.98999973
631,0.39251345
632,1.17281801
633,1.63132721
634,1.50837094
635,1.95064718
636,0.39879791
637,0.49025309
638,0.73493248
639,0.83546912
640,0.57925847
641,2.15349549
642,1.12478628
643,1.06202100
644,0.23058436
645,1.92415252
646,1.68748915
647,2.29121897
648,1.25474801
649,2.32985812
650,2.34449316
651,2.30117242
652,2.22872312
653,2.44274528
654,0.77193019
655,2.44869114
656,2.47532441
657,2.28672875
658,1.52859243
659,0.22213031
660,1.35048852
661,2.14660223
662,0.66221638
663,1.86503195
664,0.92439481
665,2.36759062
666,0.73004536
667,0.59666834
668,2.25777533
669,1.16237112
670,0.78814216
671,0.55834213
672,0.48833375
673,0.89607682
674,1.56071750
675,2.01073985
676,0.42525705
677,1.62042663
678,0.12717969
679,0.17162605
680,2.48855645
681,0.63126173
682,0.72411154
683,0.51283496
684,2.11405440
685,1.95459241
686,1.53926558
687,1.23917244
688,2.15945728
689,0.60896675
690,2.43864587
691,0.95672094
692,1.55568840
693,2.45200505
694,0.56944857
695,0.68308167
696,2.11858949
697,0.90900268
698,2.37140665
699,0.56212910
700,1.09128841
701,0.01964830
702,1.67470157
703,1.55431878
704,2.24413582
705,1.03170847
706,2.14489431
707,1.60094993
708,1.71023681
709,2.05143645
710,0.60117627
711,1.88423293
712,1.30493373
713,0.26905345
714,0.68962716
715,1.92985735
716,0.05739159
717,1.26804164
718,1.19188711
719,1.71502387
720,0.09721329
721,2.16756765
722,1.44736687
723,2.10961403
724,1.74670435
725,1.61481148
726,1.01068250
727,1.42991805
728,2.20415425
729,0.64980346
730,0.23746344
731,0.39320408
732,0.48246695
733,0.67926396
734,1.08588138
735,0.84734047
736,0.91001312
737,1.96014596
738,0.09642862
739,2.18321699
740,0.66250047
741,0.31195823
742,2.24463545
743,0.80069500
744,0.24311484
745,1.40215601
746,0.73109491
747,1.10682899
748,0.25813107
749,0.32080140
750,2.26763038
751,1.97876805
752,2.08002220
753,2.23824031
754,1.50910830
755,0.24932946
756,0.91960605
757,1.08792004
758,0.71100527
759,0.70122393
760,2.48993422
761,0.91955573
762,0.50740433
763,2.34831622
764,1.34001280
765,1.04384685
766,1.02581285
767,0.68809175
768,1.57593659
769,1.60228377
770,1.69289785
771,2.47588616
772,0.29357649
773,0.15421754
774,0.55547214
775,1.43760785
776,1.36969425
777,2.46294120
778,0.06303594
779,1.69571203
780,0.95851501
781,1.03611634
782,0.30693512
783,1.50258582
784,0.84361711
785,2.15596343
786,2.45523634
787,1.07479870
788,0.45881293
789,1.86311908
790,0.24435174
791,1.66121149
792,1.58733055
793,0.70364401
794,1.12761193
795,1.70826296
796,1.85540770
797,0.09457534
798,1.82830557
799,1.36580342
800,1.07456194
801,0.92910008
802,0.16219349
803,2.16425265
804,2.35234378
805,0.17239837
806,1.92083493
807,2.12859443
808,0.93237175
809,2.05670909
810,2.28167152
811,2.44262546
812,1.84144118
813,0.53292797
814,0.40504320
815,0.16539662
816,2.48420411
817,1.80002723
818,2.22656266
819,1.58222115
820,2.27360424
821,2.02183762
822,2.29389646
823,1.46514517
824,1.28177735
825,0.45213119
826,0.65232328
827,0.28828456
828,1.56269906
829,2.49062961
830,0.52296019
831,0.29076336
832,0.51565531
833,1.65036486
834,0.36955567
835,2.05052981
836,2.47569304
837,2.33970573
838,0.96987881
839,1.19334578
840,2.27351192
841,0.83056049
842,0.32044529
843,0.62801342
844,1.94139718
845,1.22876447
846,2.01986766
847,0.03516579
848,2.35626005
849,0.22325920
850,0.90622401
851,0.82843012
852,0.21297513
853,1.23083224
854,0.74116844
855,2.22695177
856,1.76731502
857,2.22575177
858,1.76523339
859,1.10483234
860,1.85474749
861,2.29781024
862,0.85511531
863,0.19549140
864,1.70940966
865,1.29780465
866,1.08514461
867,1.33555341
868,1.12519238
869,1.37223066
870,1.44010958
871,1.36507690
872,0.76019117
873,1.37180783
874,0.45882072
875,1.41362702
876,0.23323736
877,1.70031387
878,0.92218376
879,2.31199153
880,0.35506063
881,0.66063040
882,2.21424018
883,1.42794648
884,2.44445500
885,2.27123429
886,0.57555922
887,1.53611886
888,2.25036966
889,1.78703714
890,1.51606025
891,1.60503619
892,0.75532038
893,0.62867857
894,1.95404307
895,2.26528498
896,1.37141370
897,0.33797986
898,0.43260580
899,1.68119438
900,1.12685519
901,0.64499771
902,0.43909434
903,1.39975236
904,2.35730379
905,2.23296462
906,0.53152008
907,2.33634248
908,0.80097958
909,2.14816348
910,1.35605328
911,0.59332473
912,1.76407035
913,0.62750254
914,0.23772489
915,0.02691395
916,0.25650383
917,0.22066263
918,1.29657663
919,1.87415502
920,1.12449982
921,1.49860951
922,2.02388011
923,2.47724545
924,2.39953331
925,0.43287477
926,0.36636879
927,1.09564642
928,0.13897121
929,1.10211026
930,2.38920728
931,0.29206150
932,0.93778622
933,1.83742426
934,0.17321834
935,1.63533351
936,1.75000507
937,0.10030094
938,0.88265550
939,2.30799706
940,1.45199922
941,1.28797697
942,1.99109192
943,1.06598613
944,1.78947327
945,0.17235398
946,0.64279582
947,0.91548260
948,0.86913474
949,1.31010567
950,1.34870758
951,1.66322947
952,2.02087777
953,0.55785294
954,0.75785378
955,0.49478814
956,1.24310969
957,0.89157648
958,0.97950805
959,2.11191741
960,1.14077018
961,2.35423291
962,2.02323849
963,1.49942975
964,0.45528389
965,1.56580597
966,2.02561209
967,1.84021140
968,0.62960790
969,2.48793118
970,1.20806371
971,1.10679826
972,1.75488829
973,2.04176270
974,0.21663862
975,0.57523113
976,1.78051950
977,2.27751626
978,2.13208093
979,0.80269637
980,0.77376244
981,1.44352832
982,2.40029511
983,1.05223781
984,1.59238095
985,2.14753301
986,0.42515481
987,0.74532136
988,1.25157670
989,2.21089091
990,2.31911664
991,2.02766889
992,1.26279212
993,1.96756493
994,0.94695900
995,2.25120737
996,0.06840247
997,0.68252462
998,0.34680478
999,2.46860535
1000,2.41876247
1001,0.74926031
1002,2.33166646
1003,2.25674296
1004,0.78241516
1005,0.23570289
1006,1.28161051
1007,2.00791808
1008,1.83920934
1009,1.03629416
1010,1.42225962
1011,0.51526018
1012,0.11342786
1013,1.26373183
1014,2.01464413
1015,1.92705550
1016,1.70082258
1017,2.39061407
1018,2.23011918
1019,0.32466181
1020,2.08290438
1021,1.54754129
1022,1.18607124
1023,1.50838424
1024,1.15633241
1025,1.60197413
1026,0.26161995
1027,2.47652459
1028,2.08525963
1029,2.42905231
1030,2.21385611
1031,1.26234162
1032,0.16382783
1033,0.85323702
1034,2.00593415
1035,1.34496336
1036,2.05437368
1037,1.26334636
1038,1.54888581
1039,2.17554335
1040,1.48163802
1041,2.26747027
1042,1.65142132
1043,0.73860795
1044,1.72789315
1045,0.56977627
1046,1.57182344
1047,1.78143787
1048,2.25761095
1049,1.51451548
1050,0.49786887
1051,1.81023332
1052,1.11011182
1053,0.33078720
1054,1.73575436
1055,0.33519064
1056,2.26305621
1057,2.11154185
1058,1.22565112
1059,1.70247687
1060,2.09360444
1061,1.73316834
1062,0.60530848
1063,0.11914806
1064,2.19271944
1065,0.30256801
1066,0.12047394
1067,0.23484707
1068,0.26851733
1069,0.35892428
1070,0.17292316
1071,2.32718602
1072,0.03425641
1073,1.54533574
1074,0.47308903
1075,0.03208796
1076,0.66053016
1077,1.32617846
1078,0.66387073
1079,1.48992612
1080,1.54901320
1081,1.22702411
1082,2.04212133
1083,2.41967728
1084,1.57623060
1085,0.31230134
1086,2.00898072
1087,0.09844235
1088,2.40307490
1089,0.69542755
1090,1.50493761
1091,1.95861541
1092,0.60640916
1093,1.46906577
1094,1.89516841
1095,0.59116524
1096,1.04033465
1097,0.19589745
1098,1.70613851
1099,0.08306567
1100,1.39224329
1101,1.04145735
1102,1.47707067
1103,2.09915864
1104,2.18844660
1105,0.69647439
1106,2.21684753
1107,1.52062950
1108,1.02117488
1109,2.09883150
1110,0.75619108
1111,2.34588615
1112,0.03322232
1113,1.14512516
1114,1.57972839
1115,1.19727893
1116,1.93352705
1117,0.62035940
1118,0.43560203
1119,0.20672074
1120,1.91754427
1121,1.95983534
1122,0.74242789
1123,2.35960033
1124,0.54867842
1125,1.14959282
1126,1.38629308
1127,0.59851201
1128,0.38913534
1129,2.26919403
1130,0.72117623
1131,2.06496402
1132,0.33698361
1133,2.45177338
1134,0.08532056
1135,1.20078078
1136,2.47735601
1137,2.35923997
1138,2.22379166
1139,2.03420001
1140,1.43613232
1141,1.47982904
1142,1.55744618
1143,1.55481486
1144,1.16894764
1145,0.90038423
1146,1.37283587
1147,0.92676906
1148,1.81624076
1149,2.29623751
1150,0.22106856
1151,0.11679259
1152,0.96323146
1153,0.15159261
1154,0.83354515
1155,0.07962212
1156,2.27117327
1157,0.14269742
1158,0.80548117
1159,1.81411359
1160,2.41304786
1161,0.36406205
1162,1.79915716
1163,0.42852388
1164,0.46731297
1165,1.00973684
1166,2.41360721
1167,0.72548812
1168,2.42887614
1169,0.57101053
1170,1.25954719
1171,1.97930566
1172,0.12962168
1173,2.47559908
1174,2.16120920
1175,0.64161963
1176,1.82866487
1177,2.08301652
1178,0.32517165
1179,1.54105477
1180,2.18267030
1181,0.84853820
1182,0.01711678
1183,1.98901335
1184,0.97937233
1185,1.25987064
1186,0.99466647
1187,1.96203538
1188,2.43436613
1189,0.68038120
1190,0.96566926
1191,1.81148829
1192,0.74368085
1193,0.31970279
1194,2.15146003
1195,0.90398528
1196,1.78619507
1197,0.25030269
1198,2.03480439
1199,1.75823817
1200,1.57980026
1201,0.30492477
1202,0.41678738
1203,0.16410959
1204,0.36853394
1205,2.33101634
1206,1.15047812
1207,1.54862973
1208,0.99987441
1209,0.73311200
1210,0.76263153
1211,0.21414074
1212,1.12848370
1213,0.72458266
1214,0.98330887
1215,0.72481745
1216,2.28736895
1217,0.80545063
1218,1.13848233
1219,0.56732636
1220,1.29609158
1221,0.48165301
1222,1.70842352
1223,0.99627153
1224,0.14019422
1225,2.30801862
1226,0.72189332
1227,0.52842542
1228,1.12809143
1229,1.38642211
1230,1.07865892
1231,0.66130915
1232,0.88146782
1233,2.19787540
1234,1.33175927
1235,1.06223042
1236,1.33826973
1237,1.18363107
1238,0.65168724
1239,1.44956894
1240,1.90643486
1241,0.67993420
1242,0.55966179
1243,2.29353679
1244,1.12388359
1245,0.85310941
1246,2.27031138
1247,1.23681949
1248,2.24735894
1249,2.11696538
1250,0.72687719
1251,2.23234732
1252,1.86215218
1253,0.51934543
1254,0.88338344
1255,1.88979259
1256,1.19761687
1257,2.11129047
1258,2.07659112
1259,0.78940638
1260,0.80804975
1261,0.03386824
1262,0.82757109
1263,1.75981576
1264,0.53482142
1265,0.55540092
1266,1.63886444
1267,0.39854455
1268,2.24540789
1269,2.29591138
1270,1.19814921
1271,2.30320252
1272,1.91476379
1273,1.53953890
1274,2.46964636
1275,0.91172619
1276,1.10070015
1277,1.54873686
1278,0.84827202
1279,0.42929553
1280,1.09523940
1281,1.22041431
1282,0.83514682
1283,0.58628640
1284,1.94130886
1285,1.68066395
1286,1.87350154
1287,0.84651901
1288,1.96768978
1289,0.54096537
1290,0.33201793
1291,1.78717682
1292,0.12561833
1293,1.84941066
1294,2.22557287
1295,0.59974742
1296,2.30152981
1297,1.54959657
1298,0.19238988
1299,2.42126309
1300,2.07404598
1301,0.12997759
1302,1.73830757
1303,1.40022064
1304,0.82775998
1305,1.72683660
1306,0.43985930
1307,0.24618361
1308,1.93787562
1309,2.44196148
1310,2.04831176
1311,0.09055764
1312,1.76510616
1313,1.42275942
1314,0.82456450
1315,1.40714992
1316,0.14738265
1317,1.22410097
1318,1.62122487
1319,1.18941880
1320,2.38553221
1321,1.68074904
1322,0.99776604
1323,2.36202819
1324,1.52621903
1325,1.78716102
1326,1.55532422
1327,0.30133379
1328,0.98373583
1329,1.33379382
1330,2.32616679
1331,0.00042876
1332,1.70382104
1333,2.13593036
1334,0.51524390
1335,1.21981027
1336,0.79407667
1337,2.00891939
1338,0.37336321
1339,1.86416350
1340,1.99267933
1341,0.95425393
1342,0.76003494
1343,2.25977881
1344,0.94787728
1345,1.75725836
1346,0.26591115
1347,0.14001063
1348,0.80455379
1349,1.30883531
1350,1.04857809
1351,2.18769283
1352,0.65329187
1353,2.11333043
1354,1.24773069
1355,0.59069311
1356,2.33603585
1357,0.70354612
1358,2.17631612
1359,0.97816756
1360,2.38216690
1361,0.81226780
1362,2.07371559
1363,2.45864578
1364,0.96421044
1365,0.92497305
1366,0.52042040
1367,2.09825707
1368,0.60132350
1369,0.33186170
1370,1.64370213
1371,1.50289294
1372,1.19927951
1373,2.24947221
1374,0.43439141
1375,1.43941661
1376,0.01365586
1377,1.75058976
1378,1.61960466
1379,2.41645291
1380,0.89687581
1381,1.74575967
1382,1.68431812
1383,2.11404739
1384,1.93180100
1385,1.23175686
1386,1.76123223
1387,0.21931198
1388,2.35064759
1389,0.07540014
1390,1.27490188
1391,1.47894259
1392,0.92351802
1393,0.19485119
1394,1.09439596
1395,0.80701540
1396,2.27470900
1397,1.38644687
1398,2.39318092
1399,2.38749917
1400,1.72999396
1401,1.04349649
1402,1.16683314
1403,0.13512437
1404,1.08154308
1405,1.20523919
1406,0.08239675
1407,0.21779003
1408,1.95852623
1409,0.47834311
1410,0.56981418
1411,1.42325827
1412,1.58617958
1413,1.15991958
1414,0.91990958
1415,0.32910705
1416,1.27143394
1417,1.75957967
1418,0.27507936
1419,1.38318922
1420,2.10393487
1421,0.91988209
1422,1.43174835
1423,2.26342843
1424,2.02387664
1425,0.01702160
1426,1.19470713
1427,1.04644354
1428,1.85298820
1429,0.40635993
1430,2.00481278
1431,1.95131152
1432,0.78100170
1433,2.43406322
1434,1.57301589
1435,1.04292257
1436,2.46410930
1437,0.44824268
1438,0.88711262
1439,2.48659654
1440,1.96029882
1441,1.59174068
1442,0.15995117
1443,0.70597967
1444,1.92011316
1445,1.50563049
1446,0.31740864
1447,1.24954047
1448,2.40230584
1449,0.25519099
1450,1.46891939
1451,0.89444878
1452,1.99331653
1453,0.97237834
1454,0.49262261
1455,1.73943723
1456,0.38780526
1457,1.84334899
1458,1.92440461
1459,2.04193088
1460,1.70541819
1461,1.02758350
1462,1.29091255
1463,0.73941376
1464,1.47712032
1465,0.50577480
1466,1.58832367
1467,1.61709398
1468,1.55456297
1469,0.77295216
1470,2.39251842
1471,1.70083831
1472,1.56771026
1473,0.28509713
1474,0.27804563
1475,2.44109602
1476,0.05564049
1477,0.91980709
1478,2.12143075
1479,2.08845040
1480,2.15703308
1481,0.79647777
1482,0.67220521
1483,2.38154415
1484,1.32498316
1485,0.10593910
1486,0.98638822
1487,0.72824252
1488,2.47716054
1489,0.29522319
1490,0.25605726
1491,1.75161874
1492,0.57019859
1493,0.07944426
1494,1.50466331
1495,0.11608539
1496,1.23505982
1497,0.99421265
1498,1.82938963
1499,0.18644657
1500,0.66410356
1501,1.32564681
1502,2.22900347
1503,1.08737846
1504,1.20794639
1505,2.41664416
1506,0.48097429
1507,1.03150758
1508,1.88271836
1509,1.84267129
1510,1.72702361
1511,1.21120237
1512,0.37949355
1513,2.09598720
1514,2.22204924
1515,1.92238894
1516,2.43110475
1517,2.00990051
1518,0.96546897
1519,0.90260438
1520,1.49595844
1521,1.88219887
1522,0.49309208
1523,0.26316293
1524,2.26310522
1525,0.87405425
1526,2.02334900
1527,0.06684054
1528,1.27161772
1529,2.08603029
1530,1.02675885
1531,1.46656305
1532,1.64524778
1533,0.25878371
1534,0.06391901
1535,0.12852419
1536,1.26916731
1537,0.16118616
1538,0.59627000
1539,0.69526953
1540,1.91296050
1541,2.48907320
1542,0.87960641
1543,2.33161968
1544,0.69240050
1545,0.80673052
1546,0.98425675
1547,0.51962543
1548,1.56058637
1549,0.71424267
1550,0.05458856
1551,1.25524959
1552,1.85541288
1553,0.30266524
1554,2.11198888
1555,1.11373372
1556,2.31666517
1557,0.28746169
1558,2.10621697
1559,2.37341606
1560,0.46457065
1561,1.63877274
1562,0.43390034
1563,1.78946356
1564,1.86982246
1565,0.11394829
1566,1.80855546
1567,0.82723179
1568,2.07232448
1569,0.72565620
1570,0.51493906
1571,0.65900115
1572,0.88671977
1573,1.86738681
1574,1.20893216
1575,0.18475942
1576,2.37904092
1577,0.25883892
1578,1.86598326
1579,0.90245490
1580,1.14079473
1581,2.45147357
1582,1.13176964
1583,1.14824413
1584,1.52187015
1585,0.12416493
1586,2.18916252
1587,1.60568130
1588,0.12410687
1589,2.33629633
1590,0.22739371
1591,1.35115706
1592,1.43172544
1593,0.78618049
1594,2.28627440
1595,0.10786372
1596,1.55954268
1597,0.34577982
1598,2.12800107
1599,2.31995038
1600,1.75200949
1601,1.00717891
1602,0.93416013
1603,1.74685668
1604,1.35118600
1605,1.16509791
1606,0.38564438
1607,2.46241079
1608,1.95313200
1609,1.45330405
1610,1.68238320
1611,1.36502943
1612,2.31524860
1613,1.53424796
1614,0.69307685
1615,1.30119277
1616,0.26093564
1617,1.59390763
1618,1.79603926
1619,0.17190689
1620,1.43319590
1621,2.05800833
1622,0.28107026
1623,0.31009961
1624,1.80069850
1625,1.54202135
1626,0.84896294
1627,0.81591883
1628,1.10628976
1629,2.47924346
1630,1.84639999
1631,0.81554381
1632,0.35039326
1633,1.58181072
1634,0.13693403
1635,0.47820559
1636,0.84136672
1637,2.43032909
1638,2.25922225
1639,0.33185491
1640,0.80167677
1641,1.30878127
1642,0.50032813
1643,0.16179558
1644,2.21291031
1645,1.05561546
1646,0.84868029
1647,1.84153358
1648,1.68034195
1649,2.34492927
1650,2.15220667
1651,1.74208036
1652,1.16136098
1653,1.04441425
1654,1.17894769
1655,0.66898023
1656,1.20722967
1657,2.35482642
1658,0.24201617
1659,2.29944353
1660,1.40367308
1661,2.14622688
1662,1.11428302
1663,1.53718160
1664,1.37542441
1665,2.40784468
1666,1.14983828
1667,0.64254352
1668,0.96757148
1669,1.35209854
1670,0.23600433
1671,0.10457924
1672,1.96926592
1673,2.33649176
1674,1.96578489
1675,0.42283180
1676,1.58506715
1677,2.45790278
1678,0.44426160
1679,1.65929237
1680,0.72862757
1681,0.96056953
1682,1.96941490
1683,1.63559484
1684,2.19824618
1685,1.77419037
1686,1.25751099
1687,0.07437898
1688,0.20485246
1689,0.72443325
1690,2.32441869
1691,1.35224859
1692,1.74430800
1693,1.18847709
1694,1.46442526
1695,1.67223798
1696,2.45048914
1697,0.06343916
1698,2.34145273
1699,0.74958979
1700,0.84209082
1701,0.20649820
1702,1.62063585
1703,2.29417598
1704,1.16246404
1705,1.67705035
1706,0.16817808
1707,0.14866183
1708,0.97652506
1709,0.33239910
1710,2.00189258
1711,0.95453528
1712,1.14814974
1713,1.05119457
1714,1.30670257
1715,1.57580721
1716,1.24913826
1717,2.24777597
1718,0.64694367
1719,0.59056495
1720,2.36427434
1721,0.57181790
1722,0.92223713
1723,0.66996740
1724,0.46427678
1725,2.35702758
1726,0.75815039
1727,0.64752374
1728,0.28862007
1729,0.61300402
1730,2.21671753
1731,0.93368707
1732,2.29141622
1733,0.44917456
1734,0.57098168
1735,1.24208004
1736,0.25170400
1737,1.50095959
1738,1.51670564
1739,2.49427593
1740,0.07969939
1741,1.19094193
1742,0.68946473
1743,1.43684277
1744,1.53689157
1745,1.46125567
1746,0.29796145
1747,0.09302743
1748,1.55702373
1749,0.27725772
1750,1.99573816
1751,1.14161562
1752,1.29892059
1753,0.87673069
1754,0.21681826
1755,1.94036703
1756,1.91516784
1757,1.00850961
1758,2.27359415
1759,2.45783373
1760,0.14703665
1761,2.19753790
1762,0.99735643
1763,2.41396884
1764,1.82433773
1765,1.18466951
1766,1.06762728
1767,0.81622600
1768,1.06518758
1769,2.35539243
1770,1.82891845
1771,0.40994902
1772,0.17986288
1773,0.92003026
1774,2.04690190
1775,1.97047912
1776,0.87727404
1777,0.74849755
1778,1.94229425
1779,0.72109561
1780,1.33367328
1781,0.53478389
1782,2.10947598
1783,1.47657856
1784,0.89175095
1785,0.23254760
1786,2.14163063
1787,1.78590866
1788,2.19757822
1789,0.01309008
1790,0.40090457
1791,2.32614111
1792,1.48932793
1793,0.98390040
1794,0.59535158
1795,1.50063910
1796,2.05430090
1797,0.31909995
1798,0.10704645
1799,0.40876833
1800,1.30455758
1801,1.67910737
1802,0.95318126
1803,1.61118057
1804,0.28377834
1805,0.18246861
1806,0.71569799
1807,1.80511991
1808,0.91227863
1809,1.66493381
1810,1.46085491
1811,0.41968469
1812,1.43155637
1813,0.16430867
1814,1.13588826
1815,1.49883214
1816,0.44227614
1817,2.06854441
1818,1.50251969
1819,0.09446092
1820,0.08955799
1821,0.47194455
1822,0.98538292
1823,0.89919619
1824,0.88502486
1825,0.02408092
1826,1.65030578
1827,1.59340235
1828,1.81849378
1829,0.38655460
1830,1.91889645
1831,0.98363780
1832,0.65696628
1833,2.01847363
1834,0.40530621
1835,1.08680535
1836,0.04254182
1837,1.55416150
1838,0.02925288
1839,0.49437937
1840,1.61954175
1841,2.04382174
1842,2.13495997
1843,0.56067940
1844,1.11735595
1845,0.25885067
1846,1.74618058
1847,0.36036487
1848,2.12886138
1849,2.31195166
1850,1.87582340
1851,0.54015009
1852,1.28186549
1853,0.32423708
1854,1.52435645
1855,0.64766830
1856,1.07319405
1857,1.07030310
1858,2.28857984
1859,1.39867515
1860,1.16653130
1861,0.83064236
1862,1.65010475
1863,0.19273057
1864,2.49037470
1865,1.68140412
1866,0.45623168
1867,0.21698808
1868,1.25907482
1869,2.09329828
1870,1.21954655
1871,2.15962969
1872,1.43136492
1873,1.55733451
1874,1.47922626
1875,0.78748888
1876,1.05551908
1877,0.61948315
1878,2.44188238
1879,0.09221715
1880,2.26490417
1881,0.67461553
1882,0.26613463
1883,1.76361960
1884,0.34592825
1885,0.28212907
1886,1.82635367
1887,0.28119656
1888,1.17928787
1889,1.89155261
1890,1.75120750
1891,0.09597630
1892,1.01961438
1893,0.16384207
1894,2.45021881
1895,0.54497114
1896,0.88363919
1897,1.22341848
1898,0.03089958
1899,2.15683595
1900,0.17360314
1901,2.42928326
1902,1.73028552
1903,0.14435869
1904,0.36598471
1905,0.22385585
1906,2.29495554
1907,1.60153217
1908,1.78176364
1909,1.33779495
1910,0.32845316
1911,2.38352686
1912,1.02734016
1913,0.07344897
1914,0.28714371
1915,0.09970825
1916,1.32575167
1917,1.59280874
1918,0.41374869
1919,0.76368649
1920,1.98451893
1921,1.49814019
1922,0.06198598
1923,2.39419082
1924,1.06227170
1925,0.75488314
1926,1.44643401
1927,2.36579357
1928,2.19030359
1929,2.07686488
1930,2.38782077
1931,1.95252258
1932,1.95384670
1933,0.39698735
1934,0.38919856
1935,1.65656389
1936,1.59839766
1937,0.26181767
1938,0.43732152
1939,0.85025684
1940,1.90514267
1941,0.83131780
1942,2.28900041
1943,1.13176464
1944,1.12505718
1945,0.70904664
1946,1.85017151
1947,2.17878265
1948,1.09611874
1949,1.35842306
1950,1.30987248
1951,0.32274140
1952,0.25215602
1953,0.91757652
1954,1.04296068
1955,0.72783253
1956,1.56531362
1957,0.74956464
1958,0.06595747
1959,1.58186254
1960,0.77383022
1961,0.66409942
1962,1.68375406
1963,0.66764987
1964,0.94159903
1965,2.18679498
1966,1.66288006
1967,2.36051563
1968,1.25182777
1969,2.04050011
1970,1.29964615
1971,0.69816262
1972,1.68516724
1973,0.58434147
1974,0.28577364
1975,1.80199447
1976,1.78552607
1977,2.11183690
1978,2.23546458
1979,0.86034185
1980,1.73424346
1981,0.19798768
1982,2.10505261
1983,0.33979404
1984,0.23533433
1985,1.46113071
1986,1.91877778
1987,1.50378359
1988,1.29678907
1989,2.41461398
1990,2.31285786
1991,0.01248740
1992,1.12188602
1993,0.98722624
1994,2.42743177
1995,0.39452802
1996,0.31032206
1997,1.02962925
1998,0.37901689
1999,1.22077062
2000,0.58657210
2001,2.01563124
2002,0.76141966
2003,0.19796908
2004,1.54836140
2005,0.24277034
2006,0.58127510
2007,0.06709953
2008,0.58582027
2009,2.16181032
2010,0.49167269
2011,0.35530884
2012,0.72127503
2013,1.13117719
2014,1.09077539
2015,0.33449501
2016,2.21528660
2017,1.38596586
2018,1.94979743
2019,0.63435401
2020,0.67515775
2021,1.83747274
2022,1.05251035
2023,0.54646698
2024,1.11845573
2025,1.65410765
2026,0.82216793
2027,1.07884884
2028,0.88856514
2029,0.18190067
2030,0.94325359
2031,2.24306520
2032,0.95593149
2033,1.82838295
2034,0.95088171
2035,2.12944920
2036,0.71787990
2037,0.63751543
2038,2.19723798
2039,1.70368370
2040,0.44946660
2041,0.45631614
2042,2.17052357
2043,1.89616863
2044,0.44504321
2045,1.28155103
2046,1.66172679
2047,1.45028160
2048,0.22738109
2049,2.23155210
2050,1.17191794
2051,0.48760960
2052,2.09263392
2053,1.61246853
2054,0.13129904
2055,0.28127880
2056,0.09983011
2057,0.59780566
2058,0.86760726
2059,0.28490059
2060,1.13707612
2061,2.09653930
2062,1.48360500
2063,0.69248723
2064,0.93332584
2065,0.12677991
2066,2.42746276
2067,1.30706548
2068,2.14633028
2069,1.36390260
2070,0.42349910
2071,2.26061569
2072,2.36465649
2073,1.62599763
2074,0.12613301
2075,1.51278730
2076,2.09968605
2077,1.63324212
2078,0.32810052
2079,1.80927958
2080,1.25492576
2081,2.25018672
2082,0.90016357
2083,1.91154923
2084,0.95895304
2085,2.23356471
2086,1.40438118
2087,2.36222509
2088,1.80845927
2089,0.75858767
2090,0.08929183
2091,0.57195870
2092,1.81837388
2093,1.20213244
2094,1.36551472
2095,0.85196519
2096,0.56807442
2097,2.43218498
2098,0.73160690
2099,0.31662591
2100,2.02475360
2101,2.25080334
2102,1.28615321
2103,1.57078721
2104,0.86617393
2105,0.81399124
2106,0.82546778
2107,0.96409830
2108,2.38329637
2109,1.21664505
2110,0.48702546
2111,1.92456856
2112,0.51750099
2113,2.02554660
2114,0.27944373
2115,1.44356976
2116,0.12478663
2117,2.22594606
2118,1.35734161
2119,0.97275106
2120,0.53025556
2121,0.80353714
2122,0.84647053
2123,1.03526059
2124,2.14807606
2125,0.00488052
2126,0.82121906
2127,1.58161259
2128,0.23511412
2129,1.09353399
2130,1.41952818
2131,0.40374269
2132,1.08082517
2133,0.21945651
2134,0.87384064
2135,1.20816666
2136,0.68678513
2137,1.14796806
2138,1.72928771
2139,1.18072757
2140,2.32962133
2141,1.46375371
2142,1.39062967
2143,1.99356756
2144,2.30348432
2145,1.03805693
2146,0.30072380
2147,0.37811557
2148,1.15372789
2149,0.21797176
2150,0.72147609
2151,0.05332922
2152,0.16681554
2153,0.34285729
2154,0.48651340
2155,0.76034243
2156,1.68782444
2157,2.44002375
2158,1.31998540
2159,1.90398958
2160,2.31629404
2161,0.79313407
2162,1.76803469
2163,0.10701584
2164,1.11057427
2165,0.31780409
2166,0.37522071
2167,0.51752387
2168,2.40872297
2169,0.37965523
2170,0.46628865
2171,2.13241163
2172,2.36552727
2173,1.26006720
2174,0.06787365
2175,2.45300046
2176,0.59504558
2177,1.12257203
2178,0.12611283
2179,2.36169650
2180,1.53632574
2181,2.29940075
2182,1.14135533
2183,1.91789418
2184,0.74004145
2185,2.28395817
2186,0.30985291
2187,2.20772953
2188,0.07994832
2189,0.93087065
2190,0.68796425
2191,1.17240090
2192,1.51406336
2193,1.73530041
2194,1.62500855
2195,0.09792891
2196,0.40722375
2197,1.65836394
2198,2.05516407
2199,0.51313496
2200,2.12167631
2201,0.35251040
2202,0.48231701
2203,1.51934715
2204,1.65059938
2205,0.30049269
2206,2.42057371
2207,2.24625997
2208,1.36217721
2209,0.37662664
2210,1.71240677
2211,1.10921738
2212,2.13902866
2213,1.02426445
2214,1.27708155
2215,0.13082860
2216,1.27623157
2217,0.14215251
2218,2.31492879
2219,1.53206116
2220,2.07106325
2221,1.91517442
2222,2.37923292
2223,2.15089513
2224,0.19079055
2225,2.08897113
2226,0.71587595
2227,2.04664051
2228,0.10492369
2229,1.01765805
2230,0.79884844
2231,0.15558657
2232,2.23443819
2233,1.76074029
2234,1.61961850
2235,0.60060454
2236,0.60124962
2237,0.21806032
2238,1.46669132
2239,0.69460999
2240,0.43414498
2241,0.48281448
2242,1.31837854
2243,1.01974807
2244,0.87094561
2245,0.70470917
2246,0.80071480
2247,0.83831998
2248,0.15054432
2249,0.38839560
2250,0.27446294
2251,1.67009873
2252,0.55145375
2253,1.85892362
2254,1.92376901
2255,0.02894281
2256,2.15579331
2257,0.73713893
2258,0.42198232
2259,1.69500015
2260,1.13896801
2261,1.97158739
2262,1.06993204
2263,0.76905289
2264,2.32419823
2265,1.62616826
2266,1.62904667
2267,2.04801078
2268,1.04911148
2269,2.07030135
2270,1.74072090
2271,2.00714301
2272,0.82582442
2273,1.10481310
2274,2.30374243
2275,1.69195966
2276,1.24757438
2277,1.69545575
2278,0.80792523
2279,1.25386304
2280,0.03317016
2281,2.44501977
2282,1.80374928
2283,0.34818404
2284,0.79838975
2285,1.15034594
2286,1.93829841
2287,2.01562389
2288,2.31217671
2289,1.26411934
2290,1.61048553
2291,1.59470794
2292,1.27905531
2293,2.26866910
2294,0.44302681
2295,1.02481851
2296,1.05647934
2297,0.99475731
2298,2.36920683
2299,0.56719518
2300,2.03098548
2301,1.21109852
2302,1.95079106
2303,2.19607857
2304,1.45217621
2305,2.27899451
2306,0.28747754
2307,0.45394220
2308,1.43475644
2309,2.20113092
2310,1.81217397
2311,2.18579913
2312,1.18246086
2313,1.60903076
2314,1.71501376
2315,2.28756532
2316,1.67423658
2317,1.01491495
2318,0.29376677
2319,1.67532626
2320,0.64389934
2321,0.99015146
2322,2.02880345
2323,1.73121942
2324,0.34811717
2325,1.18357830
2326,1.44706578
2327,1.13732107
2328,0.70978396
2329,0.56173576
2330,1.06739889
2331,2.11926378
2332,0.58685773
2333,2.48281274
2334,0.97611733
2335,1.60415568
2336,1.81327362
2337,0.31359367
2338,2.48875628
2339,1.24706282
2340,1.80710041
2341,0.60401155
2342,1.52216127
2343,0.31371627
2344,2.37182659
2345,0.70066408
2346,2.23182834
2347,0.17285055
2348,1.68282217
2349,1.39055179
2350,1.19500014
2351,1.57460460
2352,1.31534210
2353,0.60518528
2354,1.25214110
2355,1.36190455
2356,0.07342953
2357,1.90726429
2358,0.93723616
2359,1.24091738
2360,0.98103368
2361,2.12569080
2362,0.04490031
2363,2.16972453
2364,1.87690005
2365,2.08977993
2366,0.57586007
2367,0.00902913
2368,0.41183981
2369,0.24345880
2370,0.50695492
2371,0.60322384
2372,2.00654945
2373,0.65675680
2374,2.08976734
2375,0.25572954
2376,0.26035000
2377,2.21045546
2378,1.16401276
2379,2.33954236
2380,0.76427702
2381,1.13516633
2382,2.00229716
2383,2.48755405
2384,2.08995821
2385,1.61536956
2386,0.16967776
2387,0.69005219
2388,1.20186956
2389,1.02320946
2390,0.70161989
2391,1.92192986
2392,1.06266411
2393,1.99763592
2394,1.48552047
2395,1.68738277
2396,2.28107934
2397,2.32935164
2398,2.31431514
2399,0.95504838
2400,2.08431617
2401,0.51354892
2402,1.45810784
2403,2.16370141
2404,0.52767913
2405,0.23379974
2406,0.69400158
2407,2.13853129
2408,1.32642139
2409,1.11376827
2410,1.78116118
2411,0.64966384
2412,0.87440476
2413,0.77575163
2414,0.82813912
2415,1.92063252
2416,0.51709215
2417,2.01294500
2418,2.39084420
2419,2.08174336
2420,0.38135672
2421,2.31131488
2422,0.31776605
2423,2.34937748
2424,1.57309710
2425,0.80790191
2426,1.23059160
2427,1.18123919
2428,1.51963089
2429,0.18281501
2430,2.19079954
2431,0.36253747
2432,0.82092915
2433,1.56410750
2434,2.24577372
2435,1.27968690
2436,0.83682432
2437,1.70795964
2438,1.44205545
2439,0.99281874
2440,0.43070176
2441,2.12681179
2442,1.99694502
2443,2.28298561
2444,2.05484933
2445,0.83348498
2446,0.96662189
2447,1.26934055
2448,0.06028471
2449,1.65275871
2450,0.22812661
2451,1.10675629
2452,1.03238541
2453,0.13945765
2454,1.17520480
2455,0.57694772
2456,2.46969568
2457,1.93163567
2458,0.41865884
2459,1.28626313
2460,1.75601605
2461,1.77644068
2462,1.99371627
2463,0.09145123
2464,0.85431105
2465,2.42588107
2466,1.67476748
2467,1.32279650
2468,0.89777482
2469,1.40074504
2470,1.83069666
2471,1.09460052
2472,2.23082076
2473,1.94267478
2474,2.08305919
2475,0.38590637
2476,1.78394926
2477,0.57605535
2478,2.25848633
2479,0.26033691
2480,0.20443798
2481,1.80717349
2482,2.44849085
2483,0.16971361
2484,0.98963571
2485,1.52361262
2486,1.28511193
2487,1.47871721
2488,2.39738610
2489,2.37663749
2490,1.13617449
2491,0.47954695
2492,1.80455488
2493,1.52438420
2494,1.27221463
2495,1.74579068
2496,0.14068501
2497,2.47790844
2498,2.46070858
2499,0.57311180
2500,1.32121739
2501,0.30923298
2502,0.91425307
2503,1.52739625
2504,0.38865061
2505,0.18127263
2506,1.29059743
2507,0.84875766
2508,0.72969551
2509,2.09352799
2510,0.91133321
2511,0.87129530
2512,1.42716871
2513,2.00689305
2514,2.23233157
2515,1.96027949
2516,1.20098945
2517,0.00736724
2518,2.19891388
2519,0.98637158
2520,1.62434288
2521,0.12242748
2522,0.73710822
2523,2.41022758
2524,1.65056504
2525,1.01946834
2526,2.25311809
2527,2.48495070
2528,1.97174359
2529,2.11902923
2530,2.16009384
2531,0.99599807
2532,2.39972616
2533,1.89036588
2534,2.48252089
2535,2.41316233
2536,0.44738210
2537,1.66897227
2538,0.21851524
2539,1.54290169
2540,2.14062431
2541,1.42943909
2542,0.11623263
2543,0.97455217
2544,2.46916451
2545,0.51346044
2546,1.00770127
2547,1.20588089
2548,1.00795928
2549,0.02207694
2550,2.00937944
2551,1.93417071
2552,1.21908755
2553,0.57998965
2554,0.16263412
2555,0.70394506
2556,0.36137214
2557,1.76225523
2558,0.66609884
2559,2.29087654
2560,0.35899669
2561,1.25354383
2562,0.96046136
2563,1.15298154
2564,1.80936521
2565,1.51952013
2566,1.88107931
2567,2.03378673
2568,0.20534526
2569,1.01388132
2570,1.04779653
2571,2.23825797
2572,0.23248229
2573,0.22785298
2574,1.72822926
2575,0.04535198
2576,1.57305779
2577,2.06149545
2578,1.84177114
2579,1.91011237
2580,1.51201152
2581,1.40429067
2582,0.49964955
2583,1.53560363
2584,1.99079848
2585,2.17435278
2586,1.47414371
2587,1.73659671
2588,2.28002123
2589,0.33052854
2590,2.02170027
2591,1.84265708
2592,1.36850174
2593,0.17692443
2594,0.73187340
2595,2.13052587
2596,0.47038895
2597,1.42346112
2598,0.70046764
2599,2.39670909
2600,2.46610481
2601,1.41939032
2602,0.96053181
2603,1.11752830
2604,1.55456698
2605,0.40098366
2606,0.25541629
2607,0.78542023
2608,2.13971211
2609,0.53664904
2610,2.13188664
2611,1.76936782
2612,0.21910699
2613,0.69277024
2614,0.04708804
2615,0.60326930
2616,0.98351204
2617,2.25630699
2618,1.40796681
2619,2.05849551
2620,1.80373170
2621,0.45731073
2622,1.21401772
2623,1.23994288
2624,0.93928202
2625,0.13013134
2626,1.83726107
2627,1.97833734
2628,1.88850593
2629,2.17289928
2630,1.80628266
2631,0.47834280
2632,1.75829449
2633,1.20122205
2634,2.39463632
2635,1.58216374
2636,0.60871622
2637,1.08537485
2638,2.35967343
2639,1.76775836
2640,2.35034043
2641,2.49043633
2642,0.34527615
2643,2.35878308
2644,1.49280530
2645,0.12886814
2646,1.85238813
2647,2.33452761
2648,1.30897181
2649,2.07127917
2650,0.72493369
2651,2.22464125
2652,2.17529138
2653,0.84860771
2654,2.43633661
2655,1.07187336
2656,0.17000287
2657,1.52696372
2658,1.84149800
2659,0.28568582
2660,0.10091430
2661,0.61380671
2662,2.48777935
2663,0.82725447
2664,2.31210640
2665,0.56718806
2666,1.94396833
2667,2.07270254
2668,1.46167465
2669,2.40694770
2670,0.60383220
2671,0.43275865
2672,2.11320178
2673,0.69522774
2674,1.31876580
2675,2.10406755
2676,2.12295392
2677,1.84420155
2678,2.09271953
2679,1.55451690
2680,0.20659191
2681,0.21450243
2682,2.13681566
2683,2.22667267
2684,0.29155860
2685,1.97095603
2686,1.44640105
2687,2.33970117
2688,1.56890559
2689,1.71846245
2690,1.18507729
2691,1.94834741
2692,0.84570539
2693,2.18325634
2694,0.56350118
2695,1.41949570
2696,1.63150395
2697,1.08283699
2698,0.80049406
2699,0.51344136
2700,0.69990217
2701,1.96368572
2702,0.66772191
2703,2.39534966
2704,1.73289371
2705,2.17024761
2706,1.28285012
2707,0.52399014
2708,0.00921018
2709,0.37108061
2710,1.02850865
2711,0.16492703
2712,2.17513957
2713,0.66059012
2714,0.00739655
2715,0.05180016
2716,1.80667622
2717,0.07352120
2718,1.67799866
2719,1.57209276
2720,1.38949703
2721,1.38425521
2722,0.91369335
2723,0.47273437
2724,1.02413311
2725,1.41024337
2726,2.30240648
2727,1.11279057
2728,2.42583887
2729,0.10726974
2730,1.36113887
2731,2.07922999
2732,0.48175556
2733,2.08798183
2734,1.29132985
2735,0.48938438
2736,1.73928629
2737,1.39269779
2738,1.51354993
2739,0.64721497
2740,1.81924859
2741,0.79238827
2742,0.58695529
2743,1.83116864
2744,1.54659519
2745,2.04871188
2746,1.55871001
2747,0.77208579
2748,2.22359441
2749,2.32124799
2750,1.35416462
2751,1.88865576
2752,1.65468380
2753,1.15923637
2754,2.14213927
2755,1.32404019
2756,1.11316038
2757,2.27408335
2758,1.49274166
2759,0.40761178
2760,1.89224445
2761,1.23231078
2762,2.14431720
2763,0.68922853
2764,0.62285574
2765,1.49090268
2766,1.08269742
2767,1.48168892
2768,2.26311489
2769,2.31269981
2770,1.45586730
2771,0.48253670
2772,0.36340932
2773,0.17847340
2774,1.71599015
2775,2.25704142
2776,0.80606279
2777,1.26354412
2778,1.86664149
2779,0.50268774
2780,0.83135842
2781,0.52140064
2782,1.82566461
2783,2.34322894
2784,0.33527428
2785,1.32062590
2786,1.72152189
2787,0.78676999
2788,1.83665352
2789,1.97468204
2790,0.28466216
2791,1.16162804
2792,0.54765035
2793,0.47774609
2794,1.05585844
2795,0.39068181
2796,2.42508089
2797,1.15832484
2798,0.95777991
2799,0.42236937
2800,1.96128756
2801,1.35061454
2802,1.47967610
2803,0.14796451
2804,1.08625043
2805,1.38043068
2806,1.50016662
2807,0.50884055
2808,2.30725865
2809,2.47186520
2810,1.40313342
2811,1.96164217
2812,0.83051682
2813,0.87482213
2814,2.15538400
2815,0.84419385
2816,2.49386434
2817,0.45099442
2818,1.77936992
2819,0.82931239
2820,2.34580485
2821,2.14393816
2822,0.57244176
2823,1.92243969
2824,0.64981346
2825,1.06133723
2826,1.16133709
2827,0.91670470
2828,2.45296354
2829,1.87686090
2830,0.96506972
2831,0.02842523
2832,0.64536881
2833,0.50259847
2834,2.17455750
2835,0.49311215
2836,0.84498524
2837,1.04063885
2838,0.54300229
2839,2.01856850
2840,0.73790595
2841,1.51401972
2842,1.89988262
2843,0.32685237
2844,2.45678590
2845,0.19438808
2846,1.36327536
2847,1.43154376
2848,1.17036984
2849,0.27805444
2850,1.82249751
2851,0.28699417
2852,0.65842421
2853,0.41999007
2854,0.02648112
2855,1.09362250
2856,0.25144785
2857,1.58632645
2858,0.45778203
2859,2.31856533
2860,2.39406091
2861,0.04626219
2862,0.85461898
2863,2.47045204
2864,0.81982425
2865,2.14743652
2866,2.00703447
2867,0.78771303
2868,1.33154594
2869,1.64440024
2870,0.80809005
2871,2.10700179
2872,1.20783973
2873,1.81304433
2874,2.43675851
2875,0.07072054
2876,1.84362058
2877,2.33034615
2878,0.79651051
2879,1.38963375
2880,1.60387366
2881,2.34775518
2882,2.21319765
2883,0.05689957
2884,1.80175954
2885,0.85803947
2886,1.53172632
2887,0.72867130
2888,1.66455576
2889,0.89555837
2890,0.34495683
2891,2.15627870
2892,1.86599450
2893,0.10953223
2894,0.08987217
2895,0.15390946
2896,0.89934064
2897,0.86198927
2898,0.40017123
2899,1.67876345
2900,0.35400592
2901,0.20066967
2902,1.45633180
2903,1.44024259
2904,1.75021313
2905,2.02345002
2906,0.58938244
2907,0.38140473
2908,1.95141616
2909,2.31825045
2910,0.96924416
2911,1.07555685
2912,0.37593584
2913,2.11204887
2914,1.07278907
2915,0.87736259
2916,2.40245518
2917,0.30441549
2918,0.04393628
2919,0.62951464
2920,0.89619132
2921,1.25000889
2922,1.96530428
2923,0.63108328
2924,1.51495831
2925,1.30203458
2926,0.60006799
2927,1.17632149
2928,0.92712082
2929,1.29336571
2930,2.22315728
2931,0.07536895
2932,0.74470637
2933,1.00791729
2934,1.02536859
2935,0.66947381
2936,1.32534975
2937,1.85763863
2938,0.23145421
2939,0.47639969
2940,2.20299139
2941,2.28071186
2942,1.73719569
2943,1.05501308
2944,2.22833789
2945,1.73955077
2946,1.78275668
2947,1.85795079
2948,1.16458782
2949,1.31958431
2950,0.12929898
2951,1.15841642
2952,0.48143430
2953,0.89341832
2954,0.03403131
2955,0.09989923
2956,2.02111597
2957,0.65975126
2958,1.63663359
2959,2.24646602
2960,1.31351522
2961,2.44884226
2962,0.04655907
2963,1.70825497
2964,0.10580287
2965,2.30762702
2966,2.46989426
2967,0.09494775
2968,0.58725497
2969,1.19763321
2970,1.82867410
2971,1.82820924
2972,2.34186071
2973,1.85206145
2974,0.46731418
2975,0.48026528
2976,1.77263863
2977,2.32961638
2978,0.22356385
2979,1.97004434
2980,0.79124579
2981,1.69359061
2982,1.71579213
2983,1.25481725
2984,0.14382775
2985,1.67775771
2986,0.77511289
2987,1.20442034
2988,2.44040502
2989,1.00862826
2990,2.20327711
2991,0.05762202
2992,0.58921504
2993,0.00543661
2994,1.00303378
2995,0.41944592
2996,0.99438873
2997,2.11294376
2998,2.42519380
2999,0.45626882
3000,1.70146914
3001,0.58858972
3002,2.32972325
3003,0.69029127
3004,2.44959992
3005,0.79972773
3006,0.93143792
3007,1.24588700
3008,0.17815523
3009,0.33961199
3010,2.20379480
3011,1.04123785
3012,0.75357820
3013,2.24543875
3014,2.46539373
3015,1.73322505
3016,0.87778165
3017,0.12932948
3018,1.56977182
3019,2.16493537
3020,1.39708849
3021,2.06059242
3022,1.29700753
3023,0.16208831
3024,1.30230639
3025,1.50987313
3026,2.05309851
3027,2.06207062
3028,0.01095024
3029,0.81724203
3030,1.85777340
3031,0.48093228
3032,0.69567858
3033,1.48544171
3034,1.09285484
3035,0.46170277
3036,0.59849729
3037,0.60980457
3038,0.81082166
3039,1.16814418
3040,1.78004447
3041,0.88870054
3042,1.32609463
3043,2.25250998
3044,1.71925445
3045,2.34980137
3046,2.32516728
3047,0.25916038
3048,0.56165303
3049,1.79297737
3050,1.48715538
3051,1.20055218
3052,2.07330838
3053,1.03864499
3054,1.13242450
3055,0.76310543
3056,0.82847038
3057,2.02616504
3058,1.62953699
3059,2.24745309
3060,0.58479685
3061,0.00260391
3062,0.12943065
3063,1.59557637
3064,1.50015830
3065,1.83209947
3066,0.24159198
3067,1.70227676
3068,0.36476690
3069,1.92375336
3070,1.78527995
3071,0.67217211
3072,0.68445178
3073,0.63312996
3074,2.22674982
3075,1.76876948
3076,0.26043217
3077,2.24640875
3078,2.18237488
3079,0.81206353
3080,2.18561018
3081,2.40582233
3082,2.37415085
3083,0.80457526
3084,2.38030734
3085,1.83610900
3086,1.72168422
3087,1.41330721
3088,1.48265152
3089,0.99627078
3090,1.18996628
3091,0.19071660
3092,0.68812504
3093,2.46255075
3094,1.50575493
3095,0.11305998
3096,1.25767097
3097,1.08154335
3098,2.48513914
3099,1.83810052
3100,1.88888404
3101,1.79338972
3102,1.42817756
3103,1.82047529
3104,0.39800005
3105,0.09911464
3106,2.49655010
3107,1.58789059
3108,2.28086318
3109,1.59275644
3110,2.14098509
3111,0.22397797
3112,1.55722661
3113,0.31686041
3114,1.72428176
3115,2.40348318
3116,2.34781655
3117,0.33812027
3118,1.93311739
3119,0.17785417
3120,1.25639524
3121,0.86360887
3122,0.91252937
3123,1.93845841
3124,2.46343669
3125,0.91148127
3126,2.07045541
3127,1.76178628
3128,1.71489750
3129,0.62876805
3130,2.43758729
3131,2.24478193
3132,1.02111988
3133,0.21089733
3134,0.38647322
3135,1.04607686
3136,0.36572950
3137,0.41104959
3138,0.38447940
3139,2.49432327
3140,2.47966961
3141,1.22924016
3142,0.08620919
3143,1.17667554
3144,0.21978509
3145,1.96963885
3146,1.56088164
3147,0.69382620
3148,1.10455983
3149,0.35045414
3150,0.33329493
3151,0.82495487
3152,0.98405099
3153,0.86569761
3154,1.45191142
3155,1.72451486
3156,1.11231880
3157,2.03220622
3158,1.30750743
3159,0.78259984
3160,0.27288025
3161,1.03244141
3162,0.27914287
3163,0.35475155
3164,0.63260872
3165,0.68631356
3166,1.94733012
3167,0.19868619
3168,1.49362729
3169,0.77915959
3170,0.41807999
3171,1.24079719
3172,0.71193777
3173,0.75371661
3174,1.16475559
3175,2.12892185
3176,1.94101898
3177,0.84038042
3178,0.45286165
3179,0.79391127
3180,0.61326754
3181,0.21624249
3182,0.25632277
3183,1.95383113
3184,1.82509720
3185,0.56369995
3186,1.18160771
3187,0.32612484
3188,2.15862138
3189,2.04445579
3190,0.66638274
3191,0.05954185
3192,0.48002074
3193,1.54312176
3194,1.56510522
3195,0.85843669
3196,1.50328359
3197,0.80307760
3198,2.21238561
3199,0.41174869
3200,2.10769162
3201,0.78561480
3202,0.66521085
3203,0.21922167
3204,2.31432761
3205,1.30116979
3206,1.87944453
3207,0.17668156
3208,1.92491375
3209,2.03329534
3210,0.37839627
3211,1.81940176
3212,2.43848521
3213,0.03424195
3214,0.85991981
3215,2.36142997
3216,2.18804118
3217,2.37167004
3218,0.03831907
3219,1.78555063
3220,0.49962911
3221,0.66438776
3222,2.11466176
3223,0.65706872
3224,0.47381835
3225,0.40458828
3226,0.90177826
3227,1.29877846
3228,1.31355232
3229,1.58072789
3230,1.04526596
3231,2.43073911
3232,2.31966396
3233,0.88520559
3234,2.40377122
3235,0.61515605
3236,2.10660810
3237,1.02124658
3238,1.73485850
3239,2.13281682
3240,2.08894139
3241,2.34403031
3242,0.12733485
3243,2.07302520
3244,1.12454457
3245,1.43275979
3246,2.11095198
3247,1.63956597
3248,2.17635431
3249,0.99238878
3250,0.21256647
3251,0.00336116
3252,1.89568077
3253,0.04649803
3254,1.84982067
3255,1.49131527
3256,1.45387023
3257,1.32720987
3258,2.32143148
3259,0.36462326
3260,0.36329777
3261,0.87979966
3262,2.07162853
3263,2.37068243
3264,2.19427042
3265,1.52353082
3266,2.06769126
3267,0.08720703
3268,0.88228499
3269,0.40822845
3270,0.14078571
3271,0.97878065
3272,2.40150381
3273,0.78667935
3274,1.00142793
3275,0.55345582
3276,1.50664630
3277,2.04742905
3278,2.27695163
3279,1.55214413
3280,1.79359486
3281,1.39164859
3282,1.64233555
3283,0.79296223
3284,1.89829088
3285,0.58864346
3286,0.99223360
3287,1.40221718
3288,1.42060869
3289,0.96351660
3290,0.15706245
3291,0.40685386
3292,2.47198536
3293,0.43834799
3294,1.99285521
3295,0.13080545
3296,1.48953442
3297,0.92206723
3298,1.38835460
3299,1.60196610
3300,1.66218037
3301,0.47845948
3302,2.44672370
3303,1.80389745
3304,1.97937981
3305,0.24251016
3306,1.36549217
3307,0.62683914
3308,2.46247505
3309,1.65758093
3310,0.33711431
3311,1.66080882
3312,1.31616676
3313,2.01505926
3314,0.50064992
3315,1.97760050
3316,0.43902990
3317,1.12811030
3318,0.59523620
3319,1.28975699
3320,0.66189972
3321,0.72365515
3322,1.48554921
3323,1.41252220
3324,0.85181265
3325,1.58083026
3326,1.73225362
3327,2.20918095
3328,0.07102551
3329,1.98857255
3330,1.66055871
3331,1.89562947
3332,0.00826780
3333,1.81543432
3334,0.00321454
3335,1.50911317
3336,0.48143671
3337,0.24524906
3338,1.55150252
3339,0.97510671
3340,1.02162191
3341,1.62119879
3342,1.29948348
3343,1.85042844
3344,0.15237861
3345,0.41094202
3346,1.30056258
3347,1.08670082
3348,1.03487801
3349,0.14889797
3350,0.67520902
3351,0.60836937
3352,1.55777240
3353,2.45532764
3354,0.35397828
3355,0.97036253
3356,1.19356483
3357,0.84603124
3358,0.45862275
3359,0.27123725
3360,2.09427072
3361,0.87587435
3362,2.33005138
3363,2.37630708
3364,1.67358133
3365,1.82833374
3366,1.79913715
3367,1.00754869
3368,0.74031519
3369,2.08792816
3370,0.79996564
3371,0.56783298
3372,0.35002131
3373,1.99490154
3374,1.99555744
3375,0.90929839
3376,0.49325523
3377,1.51399488
3378,0.42727586
3379,2.06491495
3380,0.60079954
3381,0.28252700
3382,0.15971924
3383,1.67088795
3384,0.98642938
3385,1.70458206
3386,0.53445420
3387,1.40982301
3388,0.71061125
3389,1.24958179
3390,1.86743606
3391,1.89639406
3392,1.56313679
3393,1.86727913
3394,0.20523772
3395,0.73828794
3396,1.55433459
3397,0.44725318
3398,2.24936521
3399,1.73790476
3400,0.01106395
3401,0.21842794
3402,1.72200026
3403,1.80415273
3404,0.59662681
3405,0.11189414
3406,1.42389412
3407,0.10518431
3408,1.79232487
3409,1.31416310
3410,2.39712268
3411,0.35134623
3412,1.56054348
3413,1.53030940
3414,0.61026486
3415,1.32518633
3416,2.09773089
3417,0.83304402
3418,1.47550024
3419,1.27318910
3420,2.45792890
3421,1.98285658
3422,0.08811433
3423,0.93819010
3424,1.06930703
3425,1.94229982
3426,1.97487274
3427,0.59726096
3428,0.91587376
3429,1.03700457
3430,1.18428516
3431,1.55205842
3432,0.40420180
3433,2.05732011
3434,0.67048196
3435,2.49524907
3436,0.01396673
3437,2.35093905
3438,2.18132451
3439,2.12394186
3440,1.01218158
3441,1.65433534
3442,0.64757778
3443,1.26642468
3444,2.02180721
3445,0.09169788
3446,0.33523874
3447,1.81696748
3448,1.17241026
3449,0.09878010
3450,0.15252882
3451,0.39440735
3452,0.67988796
3453,1.72455325
3454,2.00618627
3455,1.41636239
3456,1.32618533
3457,1.65872366
3458,0.80483786
3459,1.96997535
3460,1.74169736
3461,1.87308922
3462,1.34962705
3463,2.17132229
3464,1.03865064
3465,1.59642271
3466,1.73261412
3467,1.84647401
3468,1.34068764
3469,2.12668713
3470,0.90686053
3471,0.92779395
3472,0.40676120
3473,0.61870350
3474,0.40403632
3475,2.27814738
3476,1.77399878
3477,0.86284970
3478,0.07331428
3479,0.73933634
3480,0.83843501
3481,1.46239752
3482,0.10851037
3483,0.40586711
3484,1.67174261
3485,0.67688160
3486,1.31154202
3487,2.03249303
3488,1.25763438
3489,0.24492743
3490,0.15018932
3491,2.25837131
3492,2.07141282
3493,2.26055049
3494,0.96258165
3495,1.52094193
3496,0.52083059
3497,1.32584062
3498,0.30057912
3499,1.97042688
3500,2.00894025
3501,0.72122988
3502,1.57090152
3503,1.88048129
3504,1.51211160
3505,1.99121894
3506,0.68203865
3507,0.75110567
3508,1.78340811
3509,1.97882519
3510,2.19970858
3511,0.43581637
3512,2.17335707
3513,2.20939733
3514,0.64937619
3515,2.32538023
3516,1.77108100
3517,1.04464558
3518,0.35324058
3519,1.53920601
3520,0.16332404
3521,0.76902379
3522,1.86232960
3523,1.55586908
3524,2.07407543
3525,0.18563283
3526,1.48668878
3527,1.78448785
3528,1.47233490
3529,1.78337480
3530,1.87827073
3531,0.64252828
3532,2.20404901
3533,1.01676532
3534,0.12967932
3535,0.37164262
3536,0.90704281
3537,0.38588354
3538,1.03250817
3539,1.63812316
3540,1.80455350
3541,1.20746498
3542,1.41318226
3543,0.55788802
3544,0.66040500
3545,2.15101111
3546,0.60055800
3547,0.83179476
3548,0.86494621
3549,0.73597374
3550,1.71002401
3551,1.01002317
3552,0.41838299
3553,1.27130212
3554,2.30232534
3555,2.05161746
3556,2.48411334
3557,1.21127359
3558,0.54673109
3559,1.47669048
3560,0.20948852
3561,2.04616844
3562,2.20568171
3563,0.29006440
3564,0.49516936
3565,0.32531533
3566,2.20459298
3567,1.63055823
3568,0.45148021
3569,2.33234527
3570,0.18727625
3571,2.27489613
3572,1.37707784
3573,0.89998742
3574,1.71494956
3575,0.09880814
3576,0.85467561
3577,1.53778797
3578,0.05121326
3579,1.07411129
3580,0.89651696
3581,0.39890106
3582,1.60844258
3583,2.35034615
3584,2.22674401
3585,0.66324014
3586,0.32417408
3587,2.33379488
3588,1.88296112
3589,1.21484635
3590,1.40395762
3591,2.03629845
3592,1.58038118
3593,0.85465301
3594,0.22425886
3595,1.36108299
3596,0.93450919
3597,1.76918111
3598,0.17974367
3599,2.22718110
3600,2.23925121
3601,2.42903944
3602,1.24168464
3603,1.71491441
3604,0.13120781
3605,1.35163530
3606,1.30044135
3607,0.68453295
3608,2.44993703
3609,2.22390415
3610,1.52492400
3611,0.85749840
3612,2.26066237
3613,2.38878877
3614,1.26336999
3615,1.52287755
3616,1.11117067
3617,1.41266900
3618,1.49273967
3619,0.54421938
3620,1.51338778
3621,0.78726393
3622,1.20918514
3623,1.36484079
3624,0.73186529
3625,1.01762305
3626,1.86505958
3627,1.18895534
3628,1.17757091
3629,1.50300276
3630,2.47311756
3631,0.69628011
3632,0.65295245
3633,1.25536234
3634,0.06698179
3635,1.88763735
3636,1.13500031
3637,2.14966160
3638,0.91315561
3639,1.12231048
3640,0.72787424
3641,0.05452757
3642,1.72628088
3643,0.72158285
3644,0.08858254
3645,0.94551437
3646,0.83548587
3647,1.94930960
3648,1.78148252
3649,2.22081562
3650,1.59357721
3651,0.49868284
3652,1.71049769
3653,0.92092102
3654,0.81788214
3655,2.29769708
3656,0.95725691
3657,1.38008557
3658,2.18002775
3659,1.53988583
3660,2.02193000
3661,0.59422801
3662,0.58095537
3663,1.90066893
3664,0.79230256
3665,0.78753165
3666,0.55729547
3667,1.95477578
3668,1.25900326
3669,2.08524558
3670,0.24805577
3671,2.36779667
3672,1.23684754
3673,1.11142699
3674,1.47370667
3675,1.26209913
3676,2.34239962
3677,1.35175359
3678,0.45884143
3679,1.94239679
3680,2.16567113
3681,1.77887240
3682,1.92926286
3683,1.31178766
3684,0.45546141
3685,1.15814610
3686,1.84534952
3687,0.15728393
3688,1.82878003
3689,1.59239512
3690,1.82081783
3691,0.91074482
3692,2.47245235
3693,2.15146397
3694,1.55176465
3695,0.85408027
3696,1.29784065
3697,0.37981213
3698,0.09699660
3699,0.19512892
3700,1.24947241
3701,2.09154077
3702,1.62527812
3703,0.09951086
3704,1.81143581
3705,1.96807712
3706,1.61220841
3707,2.26688206
3708,1.11317145
3709,2.28749529
3710,0.02833275
3711,1.10443669
3712,0.08984606
3713,0.69567296
3714,0.59759093
3715,0.49881784
3716,1.91658004
3717,1.27212307
3718,1.52665075
3719,2.18034296
3720,1.06684032
3721,1.79189746
3722,2.36753479
3723,0.29045028
3724,0.70258304
3725,2.09284806
3726,0.09232268
3727,1.58912243
3728,1.79463943
3729,0.38449487
3730,0.96413037
3731,2.08884414
3732,0.53224299
3733,1.02888239
3734,1.24153179
3735,1.61208979
3736,1.81638462
3737,0.79092075
3738,0.74856408
3739,0.84432995
3740,1.19643804
3741,2.30553555
3742,0.98623342
3743,1.96110626
3744,1.01412911
3745,2.34954668
3746,0.13159053
3747,0.41067256
3748,0.87651987
3749,0.17052391
3750,1.44256598
3751,1.98330665
3752,1.10182503
3753,0.20610941
3754,1.94764051
3755,1.66733312
3756,0.03913466
3757,1.39833008
3758,0.95017736
3759,0.29480435
3760,1.75330891
3761,0.62851109
3762,2.03741812
3763,2.10348728
3764,2.10715159
3765,1.74456662
3766,0.07953263
3767,0.15506116
3768,0.93274539
3769,0.21444880
3770,1.46906048
3771,0.20614425
3772,2.32654465
3773,1.17804407
3774,1.04619788
3775,2.08115942
3776,2.29079787
3777,0.82584795
3778,2.25881311
3779,0.98675357
3780,0.92187917
3781,1.70214961
3782,1.44000149
3783,1.48811968
3784,0.03576437
3785,1.73453647
3786,0.97404541
3787,0.60752940
3788,1.86979738
3789,1.56676273
3790,0.17708336
3791,0.17674890
3792,1.30731752
3793,1.58724594
3794,0.18083905
3795,1.46107639
3796,2.01465009
3797,2.35370594
3798,0.08896728
3799,2.29793095
3800,1.75880603
3801,1.30535373
3802,1.13001768
3803,1.12683839
3804,0.77829069
3805,1.36146673
3806,2.17354319
3807,1.22994857
3808,2.37466470
3809,1.02661833
3810,1.27977546
3811,1.06232133
3812,2.41374216
3813,2.07677122
3814,0.84469421
3815,1.99818024
3816,2.07299278
3817,1.43702751
3818,1.45983862
3819,0.06150116
3820,1.93865990
3821,0.36736945
3822,1.34344687
3823,2.22139406
3824,1.98966199
3825,0.02457594
3826,1.47827164
3827,1.24207779
3828,2.19582556
3829,0.60258118
3830,2.02542801
3831,0.34639636
3832,0.96340983
3833,0.48528046
3834,0.81289586
3835,2.02391522
3836,1.65628043
3837,1.54646434
3838,0.99660225
3839,2.41486108
3840,1.35400757
3841,1.46398326
3842,0.72638521
3843,1.64165608
3844,2.42907128
3845,0.59380268
3846,2.38204631
3847,2.47687694
3848,2.18847987
3849,1.46371511
3850,1.36435682
3851,1.63543422
3852,0.55061523
3853,0.18028578
3854,1.82143062
3855,1.84894235
3856,1.11553766
3857,1.94241601
3858,0.56284057
3859,1.19321090
3860,0.87711910
3861,2.44606789
3862,2.30781275
3863,0.19071336
3864,1.33277081
3865,0.71894731
3866,2.21492024
3867,1.71385836
3868,1.64432251
3869,1.43232370
3870,0.25160855
3871,0.57718055
3872,0.57667957
3873,0.15364811
3874,1.39729903
3875,0.79298128
3876,1.56076247
3877,0.97448144
3878,2.14260526
3879,2.48275292
3880,1.34181261
3881,2.12770698
3882,1.64371622
3883,1.90041157
3884,2.27043724
3885,0.23659114
3886,0.50639225
3887,2.19892792
3888,1.37161993
3889,0.68373339
3890,0.71745335
3891,2.24268535
3892,0.14030356
3893,2.49352045
3894,0.30018731
3895,0.43486299
3896,2.28975702
3897,2.06220802
3898,0.24347664
3899,2.41775547
3900,0.09458280
3901,0.33024891
3902,1.41724808
3903,2.19968620
3904,0.56417528
3905,2.12724067
3906,0.75902564
3907,0.77376099
3908,1.34393068
3909,1.45857612
3910,0.85850327
3911,1.33098757
3912,1.38098551
3913,1.71026499
3914,2.10802555
3915,0.66325094
3916,0.62588665
3917,0.60888264
3918,1.28653557
3919,1.65551381
3920,0.09504085
3921,0.32306054
3922,1.35820322
3923,0.37183879
3924,2.18185863
3925,1.96124227
3926,0.20196281
3927,0.05743662
3928,0.18746641
3929,1.78870308
3930,1.53891794
3931,2.33707300
3932,0.48234985
3933,2.03519102
3934,0.18893095
3935,0.84335116
3936,0.55704561
3937,1.12440057
3938,2.47818364
3939,1.28091625
3940,1.84905993
3941,1.53997607
3942,2.27084673
3943,0.45180023
3944,0.46864509
3945,2.03723137
3946,0.91182010
3947,1.47246347
3948,0.83739900
3949,1.56366070
3950,0.13595540
3951,1.42554044
3952,0.09068128
3953,1.28953739
3954,0.89253775
3955,1.92248019
3956,1.12393231
3957,2.11560033
3958,1.38328022
3959,0.27620113
3960,1.24532026
3961,0.64079360
3962,1.67555658
3963,0.14008645
3964,1.84028936
3965,0.98092882
3966,1.95076646
3967,0.13746827
3968,1.30045832
3969,2.19452901
3970,0.24524121
3971,0.76677582
3972,0.01566760
3973,0.54431524
3974,0.07279691
3975,2.47495698
3976,0.69696034
3977,2.23336151
3978,1.32457974
3979,1.23607595
3980,0.91052592
3981,0.14320726
3982,2.32769861
3983,1.21392630
3984,1.20041853
3985,0.41960235
3986,1.40333991
3987,2.18086539
3988,0.46567581
3989,1.29796616
3990,1.89141213
3991,0.76275634
3992,0.63561651
3993,2.34111940
3994,2.43482262
3995,0.24258807
3996,2.33441266
3997,2.30084960
3998,1.46946386
3999,0.43911748
4000,0.58633152
4001,1.22383858
4002,2.34018984
4003,0.63556075
4004,1.69095720
4005,0.36886388
4006,1.69743765
4007,2.45736754
4008,0.37814934
4009,0.41105328
4010,1.20202164
4011,1.92264979
4012,0.96100738
4013,1.19770940
4014,1.98795765
4015,1.75715420
4016,0.17504308
4017,0.08918013
4018,1.07359684
4019,1.53314532
4020,2.46340765
4021,0.24621370
4022,2.42454165
4023,1.18002088
4024,1.54519793
4025,1.33717485
4026,1.43817155
4027,0.42716417
4028,0.96573150
4029,0.54337582
4030,0.76905613
4031,1.58741666
4032,1.88272997
4033,0.90268928
4034,1.16466213
4035,1.28803318
4036,1.32826142
4037,1.30669054
4038,1.25158688
4039,0.40204802
4040,0.86183963
4041,2.22188367
4042,0.96437534
4043,0.74502467
4044,0.52529953
4045,2.09268790
4046,1.49768519
4047,0.44631956
4048,0.20275647
4049,0.14048269
4050,2.10696162
4051,2.30835228
4052,0.15729719
4053,1.18870842
4054,1.94731434
4055,0.98231756
4056,0.07155802
4057,1.48506882
4058,0.41380031
4059,0.07363694
4060,0.62646877
4061,0.73923020
4062,0.91960867
4063,0.97517943
4064,0.57379485
4065,1.13660240
4066,1.56495343
4067,1.28800764
4068,0.71738573
4069,1.49387318
4070,2.28842444
4071,1.16196983
4072,0.43143983
4073,1.24121015
4074,2.36792820
4075,0.40813964
4076,2.25429951
4077,0.38585771
4078,0.85294127
4079,1.51067749
4080,0.30287451
4081,1.72826635
4082,0.19308031
4083,1.30055907
4084,2.39466826
4085,0.30904925
4086,2.14742645
4087,1.55479102
4088,1.73612137
4089,0.41532172
4090,0.12203098
4091,2.23186063
4092,2.08940585
4093,0.86551717
4094,0.09655096
4095,1.93056538
4096,0.90008171
4097,1.08572955
4098,1.49380835
4099,0.31320116
4100,1.50189295
4101,1.79909674
4102,2.28707678
4103,1.50332739
4104,0.61671734
4105,1.20384197
4106,2.14532552
4107,2.28196054
4108,0.48165212
4109,2.28644714
4110,0.21894816
4111,1.84820726
4112,0.39778277
4113,0.98487044
4114,1.43816292
4115,0.74932912
4116,0.35608032
4117,0.00207228
4118,2.26365565
4119,1.78558549
4120,0.93753952
4121,0.58148303
4122,2.17565312
4123,1.84099134
4124,0.07598558
4125,0.70317426
4126,2.05231618
4127,1.25845351
4128,2.05544384
4129,1.02247263
4130,0.91016577
4131,0.01894101
4132,0.42528416
4133,0.38825495
4134,2.18459184
4135,2.30860786
4136,1.09407935
4137,1.62165005
4138,1.38749479
4139,0.32066487
4140,1.61765344
4141,1.88434872
4142,0.63465430
4143,1.70839177
4144,1.59660984
4145,2.19734775
4146,1.93647569
4147,0.21913513
4148,1.85707725
4149,1.50045496
4150,1.69436196
4151,0.35221332
4152,0.57033800
4153,2.48114765
4154,0.75156986
4155,2.32340304
4156,1.87619530
4157,2.13254437
4158,0.69088627
4159,2.43751017
4160,2.48813302
4161,2.34832245
4162,2.34335413
4163,1.07095884
4164,2.29975094
4165,1.04217419
4166,1.10360120
4167,0.41148165
4168,1.00421223
4169,1.54760333
4170,1.61805093
4171,0.99646709
4172,0.35726843
4173,1.44396725
4174,2.30595565
4175,1.95929471
4176,1.15273673
4177,0.54195349
4178,0.04153455
4179,1.18902618
4180,0.31084468
4181,1.34502484
4182,0.07102624
4183,2.22656089
4184,2.11145633
4185,0.51497856
4186,0.37719128
4187,0.97318087
4188,0.89722694
4189,1.47278357
4190,2.23834952
4191,0.77485315
4192,1.03256375
4193,2.43523454
4194,1.33168436
4195,1.24746158
4196,1.48404595
4197,0.99438214
4198,1.72361948
4199,0.44128346
4200,1.14725766
4201,1.81920108
4202,0.96408837
4203,2.44000484
4204,0.40045876
4205,2.02338797
4206,0.80903627
4207,1.58135307
4208,1.92158057
4209,0.70781290
4210,0.02643917
4211,1.90596526
4212,1.31288491
4213,1.48823195
4214,0.32722852
4215,2.11373880
4216,1.51966767
4217,1.88231349
4218,1.91775727
4219,0.30520677
4220,0.21712117
4221,1.91994879
4222,0.70521980
4223,0.04968391
4224,0.86256877
4225,1.92801038
4226,1.73242892
4227,1.66024372
4228,1.53384886
4229,0.50819867
4230,0.11457314
4231,0.42350199
4232,1.97071397
4233,0.96625051
4234,0.16790134
4235,1.94728734
4236,1.67434079
4237,0.45610644
4238,1.33076859
4239,0.28748799
4240,1.14647683
4241,0.36042047
4242,0.31711909
4243,1.28388505
4244,2.19629633
4245,0.67355018
4246,0.32914562
4247,1.60869422
4248,1.93623586
4249,0.11841112
4250,1.16661263
4251,0.85351679
4252,2.03914739
4253,1.85915733
4254,2.29522061
4255,1.39435808
4256,1.31191878
4257,2.06945652
4258,1.44380668
4259,2.24198600
4260,2.12711819
4261,1.07981381
4262,0.70968808
4263,2.30156416
4264,0.27636110
4265,2.06377001
4266,1.25538572
4267,2.39241838
4268,0.78737788
4269,0.57112933
4270,0.37205424
4271,0.88094221
4272,1.89352852
4273,0.30430879
4274,1.52103021
4275,0.85205854
4276,0.84729028
4277,2.35112054
4278,1.21777047
4279,0.90915822
4280,1.59486142
4281,1.10404036
4282,1.54161926
4283,2.40505751
4284,1.38051232
4285,0.73373952
4286,1.95773008
4287,0.25894563
4288,0.38326676
4289,2.00163557
4290,0.86794418
4291,1.13111345
4292,0.17488609
4293,1.61444676
4294,2.12416644
4295,0.94900733
4296,0.92454472
4297,1.96054385
4298,1.80741196
4299,1.80646090
4300,2.34737078
4301,0.73008214
4302,0.19292737
4303,0.99198287
4304,0.19867541
4305,0.58851087
4306,0.04275895
4307,2.19414744
4308,1.03395320
4309,2.38410988
4310,0.12340156
4311,0.68970997
4312,0.94422568
4313,1.64617777
4314,2.46033218
4315,1.31755012
4316,2.26216264
4317,2.36793182
4318,0.46035456
4319,2.13901477
4320,0.39064612
4321,1.66182923
4322,1.56802405
4323,0.54289808
4324,0.98174043
4325,0.48501943
4326,2.18966041
4327,2.43060896
4328,2.43293134
4329,0.04120803
4330,2.12027519
4331,1.30258299
4332,0.86662478
4333,0.04598726
4334,2.44215327
4335,2.15610506
4336,0.61065468
4337,1.47807096
4338,0.68209490
4339,0.91339053
4340,0.78673272
4341,2.40484712
4342,0.33800588
4343,2.07586169
4344,1.05896137
4345,0.49744138
4346,1.90082883
4347,1.90815796
4348,0.58462205
4349,0.24581716
4350,2.05213307
4351,0.43734880
4352,1.86460377
4353,0.02023892
4354,1.17427624
4355,0.35056772
4356,1.79954883
4357,1.59586042
4358,1.78897568
4359,2.31242402
4360,0.81704581
4361,2.23535072
4362,0.51476398
4363,2.06550137
4364,1.52074676
4365,1.74202708
4366,1.96542081
4367,1.34720607
4368,0.33836439
4369,2.38315814
4370,1.50216627
4371,0.62932196
4372,0.09594286
4373,2.33901326
4374,1.32893640
4375,2.43973474
4376,1.83749009
4377,1.09310074
4378,0.52133600
4379,0.03724579
4380,0.05923232
4381,0.42995517
4382,0.32152368
4383,1.83855978
4384,1.43039506
4385,0.01526605
4386,0.01467458
4387,1.12725951
4388,1.09133595
4389,2.23963364
4390,0.95526807
4391,1.80774859
4392,1.42991547
4393,2.11408616
4394,2.32963031
4395,1.80941017
4396,2.35657000
4397,0.29835584
4398,0.19161578
4399,1.23262436
4400,0.05393337
4401,0.89786433
4402,1.25052021
4403,2.10904220
4404,1.66848774
4405,1.62667573
4406,1.06000103
4407,1.29043038
4408,1.11023280
4409,0.08495655
4410,2.31682749
4411,2.11451779
4412,2.36409386
4413,2.35645611
4414,2.39265475
4415,0.72362114
4416,1.37424874
4417,0.32960070
4418,1.54232271
4419,1.63506945
4420,0.90369128
4421,2.45612175
4422,2.12654440
4423,2.02183880
4424,0.01820035
4425,1.74469836
4426,1.57823427
4427,2.41936033
4428,0.14435647
4429,1.39739894
4430,1.57562511
4431,2.35848796
4432,2.18379827
4433,2.46201870
4434,0.25388343
4435,0.07160895
4436,1.48312403
4437,1.34033052
4438,0.15657406
4439,0.51899991
4440,1.69573100
4441,1.22655226
4442,0.18010594
4443,0.94758207
4444,0.76249557
4445,1.80953407
4446,1.42218472
4447,1.82416297
4448,1.74694311
4449,0.57436384
4450,1.46987776
4451,1.29322143
4452,0.83756856
4453,0.83586847
4454,1.95377345
4455,0.23067831
4456,0.07292336
4457,0.43744542
4458,0.42473691
4459,1.62369930
4460,1.99271526
4461,1.29841787
4462,0.23842887
4463,0.15597155
4464,0.84431083
4465,1.79751970
4466,1.12969713
4467,1.90983697
4468,0.28390952
4469,0.01609344
4470,1.68158383
4471,2.08448365
4472,2.45910033
4473,1.39382054
4474,1.92616707
4475,1.56477449
4476,0.30617760
4477,0.40555596
4478,1.17689676
4479,0.09343437
4480,1.23049603
4481,0.73104204
4482,2.41187870
4483,0.38176109
4484,2.41459571
4485,2.30271447
4486,2.36596888
4487,0.32213608
4488,1.63088775
4489,1.15053351
4490,0.54342318
4491,1.71967944
4492,0.03613571
4493,0.81836372
4494,2.01145910
4495,0.39633845
4496,0.48897920
4497,0.96576515
4498,0.42877569
4499,1.94882267
4500,0.98747387
4501,1.77183256
4502,0.64279865
4503,2.24266054
4504,2.19113084
4505,0.68612894
4506,0.76395608
4507,0.12411801
4508,0.30924214
4509,2.18719518
4510,0.90612454
4511,0.00371157
4512,0.09228050
4513,0.46219043
4514,0.18573726
4515,1.44354848
4516,2.16751781
4517,1.11230425
4518,0.79786921
4519,1.39508403
4520,1.84270310
4521,0.71778696
4522,2.09097438
4523,0.71778529
4524,0.64848610
4525,0.57363733
4526,0.36003674
4527,1.89531874
4528,0.86617360
4529,0.53268804
4530,1.94399202
4531,2.34895142
4532,0.89614177
4533,1.12962154
4534,0.69325250
4535,1.51116931
4536,1.42484105
4537,2.13664970
4538,1.65479628
4539,1.37187089
4540,1.68578367
4541,0.51462839
4542,0.77479999
4543,0.03061380
4544,1.01810724
4545,1.56252546
4546,0.26994766
4547,0.60946421
4548,1.42793738
4549,1.43336208
4550,0.97949078
4551,0.29234294
4552,1.41759958
4553,1.01054061
4554,1.62953527
4555,0.76934406
4556,2.36778749
4557,2.43811812
4558,2.38254592
4559,2.16184422
4560,1.11868058
4561,0.78347704
4562,1.75790932
4563,1.55970536
4564,0.57657974
4565,0.84505161
4566,2.27845787
4567,1.26090488
4568,0.90021862
4569,1.42148568
4570,1.01927367
4571,0.16468169
4572,1.39288353
4573,1.27639128
4574,1.11062481
4575,0.46537883
4576,2.00960499
4577,1.20835322
4578,1.76659706
4579,1.49993446
4580,0.92935064
4581,0.11592337
4582,1.86632159
4583,1.92434565
4584,0.87798320
4585,0.88730748
4586,2.06701312
4587,0.00232625
4588,1.19481439
4589,1.91436637
4590,1.46236818
4591,0.85064488
4592,0.00611146
4593,0.42431440
4594,2.39551053
4595,2.26779167
4596,0.00948756
4597,0.59520896
4598,0.61547539
4599,0.19245648
4600,0.51026757
4601,1.37487661
4602,1.40505823
4603,1.11030937
4604,2.03727029
4605,1.90682696
4606,2.46841109
4607,0.34982235
4608,2.45829141
4609,1.82632894
4610,0.33432522
4611,2.18325069
4612,1.63734530
4613,1.96855428
4614,1.54024094
4615,1.94215603
4616,1.95896491
4617,0.26970782
4618,1.33404169
4619,0.96235942
4620,0.97613891
4621,0.28616182
4622,0.64793752
4623,0.03760164
4624,0.94107242
4625,1.96643254
4626,1.33246177
4627,2.05959015
4628,0.13975424
4629,1.33693561
4630,0.52891153
4631,0.36833676
4632,0.21303250
4633,2.19918131
4634,0.50669664
4635,0.61977660
4636,1.55439743
4637,1.09687498
4638,0.37499117
4639,1.34711040
4640,1.35677943
4641,1.08797306
4642,1.06527606
4643,1.77374651
4644,1.77075762
4645,2.35331217
4646,1.67357607
4647,0.14767312
4648,1.36631394
4649,0.77434751
4650,1.99304211
4651,0.10277561
4652,1.56493072
4653,1.80625571
4654,2.12248474
4655,1.18025685
4656,2.32197609
4657,0.04634981
4658,1.78679800
4659,0.66681518
4660,2.22477675
4661,0.31574131
4662,1.78949006
4663,0.60095262
4664,0.15155860
4665,0.32114621
4666,2.10095428
4667,0.82937278
4668,2.48505985
4669,0.94776834
4670,1.37314132
4671,1.94011874
4672,2.41144720
4673,1.52677943
4674,0.89579378
4675,1.76770068
4676,0.49052508
4677,0.79827226
4678,1.02411135
4679,0.56529666
4680,0.33184915
4681,0.49550708
4682,1.60183790
4683,2.40020207
4684,1.32207954
4685,1.05767541
4686,2.49477495
4687,0.09422731
4688,2.02378054
4689,2.27529386
4690,0.35229232
4691,2.15754072
4692,1.93351183
4693,0.44507246
4694,2.29384449
4695,0.18401283
4696,1.73167928
4697,1.47980535
4698,0.56767831
4699,0.28134834
4700,0.55881668
4701,0.15125796
4702,1.95513612
4703,0.58944720
4704,2.06880433
4705,0.73408594
4706,2.00443688
4707,1.68144225
4708,1.35293256
4709,0.03813513
4710,0.50100350
4711,0.38661562
4712,0.73742289
4713,1.51763985
4714,1.10738601
4715,1.49896926
4716,0.14503082
4717,0.99353005
4718,1.70173834
4719,0.26609470
4720,1.75795973
4721,0.54848419
4722,1.54901744
4723,0.61658299
4724,0.47677158
4725,1.88327190
4726,1.00818933
4727,0.36877095
4728,2.02582423
4729,2.30993078
4730,1.35927579
4731,0.35440356
4732,0.81103866
4733,0.70615580
4734,2.49086353
4735,2.26982858
4736,0.35854843
4737,2.10353086
4738,1.42236635
4739,1.62525828
4740,1.00213391
4741,0.52255225
4742,2.14709330
4743,1.23530443
4744,1.02049159
4745,0.48746408
4746,1.63250163
4747,1.90716116
4748,0.19492080
4749,1.86732516
4750,1.44237193
4751,2.05395217
4752,1.44922070
4753,1.11486444
4754,1.66422347
4755,0.34581190
4756,0.31452976
4757,2.23925144
4758,0.72102532
4759,0.91955826
4760,0.71651497
4761,0.02166866
4762,0.86888643
4763,0.56142642
4764,1.56426862
4765,1.00712218
4766,1.92840185
4767,1.18553059
4768,1.29940216
4769,2.20774010
4770,1.68035805
4771,1.74182857
4772,2.42362759
4773,0.90272014
4774,0.29471905
4775,0.07184321
4776,0.02983027
4777,1.85111059
4778,1.73061618
4779,1.44801510
4780,0.43036375
4781,0.01797976
4782,1.98319429
4783,0.35109091
4784,2.35281850
4785,1.80414728
4786,1.54434680
4787,0.26049691
4788,1.79852294
4789,2.08336339
4790,0.31649000
4791,1.60982664
4792,1.24594020
4793,1.94404088
4794,0.32285516
4795,1.08722052
4796,0.99795969
4797,1.41287010
4798,2.01488081
4799,1.34492434
4800,1.10463982
4801,1.08942554
4802,2.21726397
4803,1.27004158
4804,1.22177065
4805,0.76297891
4806,0.55209852
4807,1.85329074
4808,0.51333113
4809,1.46120219
4810,0.51889854
4811,2.38743749
4812,1.88149681
4813,2.20985047
4814,1.33605913
4815,2.39659350
4816,1.93507670
4817,1.47460635
4818,2.44129460
4819,2.44669428
4820,0.59421848
4821,1.81554703
4822,1.75807636
4823,1.44880173
4824,2.13605181
4825,0.09469660
4826,1.57632175
4827,2.13495413
4828,2.14316484
4829,1.35680777
4830,0.17598236
4831,0.02264217
4832,0.06743765
4833,0.31543582
4834,2.11954529
4835,1.26486243
4836,2.18826088
4837,1.04413225
4838,0.56587378
4839,1.36744465
4840,0.84376403
4841,2.42970368
4842,2.39487987
4843,0.02035794
4844,0.21840711
4845,2.42762171
4846,1.27970727
4847,1.71383509
4848,2.27692638
4849,0.87334825
4850,2.18578966
4851,1.28002855
4852,0.50200973
4853,1.74961351
4854,0.40588991
4855,0.42372688
4856,2.25928264
4857,2.39361166
4858,0.77964256
4859,1.74602284
4860,2.11770427
4861,1.12159482
4862,2.04163715
4863,0.23987032
4864,1.52204909
4865,0.17867571
4866,2.40710201
4867,0.14727717
4868,0.28027720
4869,1.36589671
4870,0.50193831
4871,0.59224069
4872,2.07776222
4873,0.79103810
4874,0.42068022
4875,0.65128411
4876,2.37661268
4877,1.66367060
4878,1.85940064
4879,0.82314071
4880,1.57257549
4881,1.89738525
4882,0.33525256
4883,0.60940944
4884,1.80334736
4885,1.66622598
4886,1.05344698
4887,1.34834357
4888,0.97250070
4889,0.26748296
4890,2.08808417
4891,1.54106632
4892,2.06310892
4893,0.19268858
4894,0.93386644
4895,0.75685515
4896,0.87275234
4897,2.34923537
4898,0.92220313
4899,2.22719653
4900,2.01190975
4901,2.15910311
4902,0.77998337
4903,1.48324935
4904,2.14213809
4905,0.22604056
4906,0.15163228
4907,0.43341907
4908,0.30557888
4909,0.89708943
4910,1.36535210
4911,2.06156027
4912,1.31210408
4913,1.12924805
4914,1.76151513
4915,1.13968417
4916,1.62809129
4917,1.05266860
4918,1.77110457
4919,0.81472385
4920,0.08206924
4921,1.77191062
4922,0.58610309
4923,1.02330951
4924,1.20893682
4925,0.04058757
4926,2.15630973
4927,1.74333701
4928,0.96347834
4929,1.63229711
4930,0.22991090
4931,2.10038421
4932,0.76370365
4933,2.01865233
4934,0.87441454
4935,0.07658633
4936,1.27138488
4937,0.18736036
4938,1.67533681
4939,0.36415512
4940,0.00132475
4941,1.62394427
4942,0.82635539
4943,2.27527663
4944,2.25509684
4945,1.17451770
4946,0.97783998
4947,2.11431100
4948,2.04817450
4949,1.52708981
4950,1.01460155
4951,0.29966384
4952,1.41785516
4953,1.59835394
4954,0.03458163
4955,1.61090406
4956,0.28154964
4957,1.92779218
4958,2.10922978
4959,0.23613248
4960,0.66530489
4961,1.12932661
4962,2.43788211
4963,0.92316521
4964,0.94312827
4965,0.79752117
4966,0.54254104
4967,1.78673420
4968,0.31993753
4969,1.71278565
4970,1.87081619
4971,2.22605346
4972,2.33723287
4973,2.38028554
4974,0.62590543
4975,0.27705060
4976,0.24849075
4977,1.19744986
4978,1.56160173
4979,2.48701066
4980,1.28803216
4981,1.07473797
4982,0.61787279
4983,1.34917831
4984,1.60003401
4985,2.45600653
4986,0.37980352
4987,2.40890604
4988,0.43376890
4989,2.26590459
4990,1.38311816
4991,1.04488854
4992,2.34863434
4993,0.85052401
4994,0.56072728
4995,2.11166335
4996,0.89273128
4997,1.05806309
4998,1.88274210
4999,0.53781000
5000,1.94083400
5001,0.93975246
5002,1.78122220
5003,2.27624049
5004,0.21785696
5005,1.27901865
5006,1.56195667
5007,0.84354712
5008,0.36828769
5009,1.02580073
5010,0.86352869
5011,1.91003297
5012,0.04347635
5013,0.44833813
5014,0.29659771
5015,2.42015843
5016,2.44220548
5017,1.16547271
5018,0.91948700
5019,2.25483999
5020,0.33835791
5021,0.49013577
5022,2.06930042
5023,0.59165906
5024,1.91458756
5025,1.61928546
5026,2.06648671
5027,1.56861887
5028,1.43839463
5029,1.45354954
5030,1.56564254
5031,1.84327110
5032,0.04116874
5033,0.54029387
5034,0.28728473
5035,2.36345939
5036,0.14559489
5037,0.82042362
5038,1.28928906
5039,2.36861862
5040,2.03016418
5041,0.69434620
5042,1.56371488
5043,1.96178842
5044,0.28411965
5045,1.98395696
5046,1.28125492
5047,1.09174853
5048,0.11792620
5049,0.01401054
5050,1.23242016
5051,1.11952513
5052,1.29960161
5053,0.60971700
5054,1.39889762
5055,0.55663240
5056,2.17827493
5057,0.80245201
5058,1.77642844
5059,0.44762354
5060,2.41789371
5061,1.10575003
5062,1.99052054
5063,0.75623359
5064,2.07131663
5065,0.69000242
5066,0.63108199
5067,2.48893572
5068,0.77302088
5069,2.09658030
5070,0.30675904
5071,0.43082418
5072,1.88634115
5073,2.20569563
5074,2.14830290
5075,0.75898717
5076,0.05971975
5077,0.55515615
5078,1.15976170
5079,2.30591819
5080,1.00701641
5081,2.28700377
5082,0.19743379
5083,2.27490140
5084,1.80241596
5085,0.52724676
5086,2.02004675
5087,2.44695167
5088,2.13851927
5089,0.95362799
5090,0.42047190
5091,1.49500489
5092,2.40420762
5093,0.25309189
5094,0.49206643
5095,1.30351891
5096,0.06845484
5097,2.30979984
5098,0.45327432
5099,1.80836997
5100,2.28611174
5101,1.26881345
5102,0.55316032
5103,2.29281757
5104,2.20630565
5105,0.54698430
5106,2.22151525
5107,2.08018980
5108,1.76263254
5109,1.70568544
5110,0.19722777
5111,1.98459835
5112,0.97027607
5113,0.27680637
5114,1.94786345
5115,2.40597272
5116,0.60462315
5117,1.63122136
5118,2.41883433
5119,1.32048302
5120,0.43444467
5121,1.34669018
5122,1.23608506
5123,2.26575280
5124,2.07266968
5125,0.49043591
5126,0.39523998
5127,1.08832090
5128,0.55194563
5129,0.02687405
5130,0.33806549
5131,1.54392931
5132,1.43447285
5133,2.47906648
5134,0.97356605
5135,0.56638872
5136,2.38199356
5137,1.36023918
5138,2.36609307
5139,1.04347095
5140,0.48576938
5141,0.99254995
5142,0.42977951
5143,1.38415491
5144,0.61156913
5145,1.88238367
5146,1.35879694
5147,0.97659714
5148,0.73158667
5149,2.38413249
5150,0.81452932
5151,0.64679897
5152,0.28294151
5153,1.91439340
5154,1.78779124
5155,2.30337904
5156,0.15228879
5157,1.82999828
5158,1.57794045
5159,1.43044115
5160,1.98710554
5161,0.35931096
5162,0.82246302
5163,1.87718819
5164,0.10518706
5165,0.42597551
5166,2.48310987
5167,0.29063701
5168,0.19549513
5169,1.89664100
5170,1.26575801
5171,1.44474230
5172,1.00834274
5173,0.40083349
5174,0.45090431
5175,1.28266539
5176,2.15797701
5177,0.58166844
5178,2.11143487
5179,2.47297365
5180,2.48665510
5181,0.14297414
5182,1.47928090
5183,1.33422354
5184,1.36136733
5185,0.01598292
5186,0.15367295
5187,1.54449149
5188,2.09229107
5189,0.55020540
5190,0.00982352
5191,1.64196555
5192,2.26934434
5193,0.03628334
5194,0.09783064
5195,1.92122896
5196,1.46107189
5197,1.88173236
5198,1.04341621
5199,0.58145319
5200,2.19638876
5201,1.06261416
5202,1.62332419
5203,0.67304304
5204,0.41266756
5205,2.02179867
5206,2.14805122
5207,1.77358493
5208,0.55913381
5209,0.21560075
5210,2.44613320
5211,0.29260014
5212,0.47688712
5213,2.45342370
5214,2.47193605
5215,2.08294815
5216,1.39370398
5217,0.61924389
5218,1.69671574
5219,1.72313414
5220,0.32759826
5221,0.20662535
5222,1.92614309
5223,1.75470185
5224,0.50543714
5225,0.31221660
5226,0.18785396
5227,0.17621972
5228,1.62319889
5229,0.73786061
5230,0.83798221
5231,0.94976043
5232,0.85152060
5233,0.37470856
5234,1.35434347
5235,1.46393664
5236,1.11314702
5237,1.41911158
5238,0.71414030
5239,1.24492220
5240,2.42993980
5241,1.74379398
5242,1.66601926
5243,1.15141170
5244,0.60314753
5245,2.32037102
5246,2.21512729
5247,1.71023688
5248,1.95335324
5249,1.50008593
5250,2.23265018
5251,0.95389955
5252,0.07499435
5253,1.83517261
5254,0.13098337
5255,2.17128666
5256,1.36587517
5257,0.76027899
5258,0.14401488
5259,2.31458897
5260,2.23999650
5261,1.25145462
5262,1.34417000
5263,0.69428292
5264,1.23602359
5265,2.03482578
5266,1.40082678
5267,1.49125256
5268,1.04278525
5269,0.59545299
5270,0.31569140
5271,1.27985492
5272,1.93356048
5273,0.39913364
5274,2.19448141
5275,1.91024456
5276,0.08298936
5277,1.02429033
5278,2.04739005
5279,1.01805422
5280,2.47702262
5281,2.16800297
5282,0.16623176
5283,0.76588483
5284,1.84392576
5285,1.85241746
5286,2.11622380
5287,2.16435907
5288,2.27003093
5289,2.10994442
5290,0.51213589
5291,1.45975181
5292,0.84749711
5293,0.29171088
5294,0.46589168
5295,1.16030161
5296,0.60936454
5297,2.05868175
5298,0.66501865
5299,0.40051029
5300,0.88801065
5301,1.57814192
5302,1.91816619
5303,1.60628210
5304,1.19580900
5305,0.01107763
5306,2.34878732
5307,0.12413384
5308,1.63965351
5309,2.23542161
5310,0.69898558
5311,1.52661698
5312,1.44297206
5313,1.33512812
5314,1.45871500
5315,2.30812625
5316,0.95695006
5317,2.36751268
5318,1.07860892
5319,2.03244872
5320,1.80605913
5321,0.57240797
5322,0.21969164
5323,2.44184458
5324,0.43947467
5325,1.51231355
5326,1.03355056
5327,1.10844185
5328,1.49052358
5329,0.76499878
5330,1.61480699
5331,0.50102824
5332,0.89819410
5333,0.68779711
5334,0.89922891
5335,0.23169106
5336,1.73438015
5337,1.20969136
5338,0.15919926
5339,1.30921902
5340,1.78015196
5341,1.03162104
5342,0.55499346
5343,1.12559833
5344,0.19843217
5345,2.21814788
5346,0.17117016
5347,0.86030861
5348,0.81205235
5349,2.08620340
5350,0.09648924
5351,1.74932895
5352,0.62736214
5353,0.32337878
5354,1.47787663
5355,1.74307885
5356,1.68730411
5357,0.62729751
5358,1.62459704
5359,1.24153911
5360,0.28317849
5361,1.72466840
5362,1.59556841
5363,0.19494260
5364,1.86568653
5365,1.39447014
5366,2.08505458
5367,2.48961072
5368,2.43485435
5369,2.24425505
5370,0.14250222
5371,1.62267703
5372,2.38359551
5373,1.77396032
5374,0.60973786
5375,2.49044711
5376,2.31223120
5377,2.22031073
5378,0.56640665
5379,0.68859039
5380,2.39023103
5381,0.53005861
5382,1.81629253
5383,0.45989028
5384,0.90647966
5385,1.70373276
5386,2.35560547
5387,1.12432236
5388,1.54901416
5389,1.32920148
5390,0.11562289
5391,1.79595257
5392,1.84473269
5393,0.63606707
5394,2.36514912
5395,2.21471483
5396,1.49367485
5397,1.22558446
5398,0.39945988
5399,1.05278626
5400,2.28191855
5401,1.84471361
5402,1.59725661
5403,1.32886724
5404,1.07196695
5405,0.32101923
5406,0.34914530
5407,0.70425383
5408,0.31960873
5409,1.61218240
5410,1.50504026
5411,0.21674311
5412,1.29546408
5413,2.12944260
5414,1.65971453
5415,0.62728624
5416,0.33291080
5417,1.21519224
5418,0.48300689
5419,0.60916634
5420,1.68959045
5421,1.10982408
5422,1.51328666
5423,1.02462367
5424,1.19922179
5425,0.68071072
5426,2.49087526
5427,1.04968587
5428,1.13942934
5429,2.06654414
5430,0.99868462
5431,0.21347751
5432,1.30622329
5433,1.73442361
5434,1.07854731
5435,0.11380388
5436,0.13830213
5437,2.28939651
5438,1.97912508
5439,0.98846807
5440,0.13485659
5441,1.11676118
5442,1.60324896
5443,1.73267999
5444,0.80910418
5445,1.07405040
5446,1.63941028
5447,1.58678017
5448,2.11663415
5449,0.99713032
5450,0.92402719
5451,1.55290683
5452,2.18914517
5453,0.96595029
5454,0.38166306
5455,0.96559385
5456,0.25625753
5457,1.50321164
5458,2.32774257
5459,2.04753903
5460,0.50126800
5461,1.30096743
5462,0.70203975
5463,2.19717401
5464,2.09089045
5465,2.02257857
5466,1.95383290
5467,1.51448832
5468,0.09463843
5469,0.91363982
5470,1.98295741
5471,0.18859197
5472,0.28825451
5473,2.12560940
5474,1.83511933
5475,1.94851766
5476,2.37119805
5477,1.36378367
5478,1.43223721
5479,2.38691996
5480,0.24083947
5481,0.05554377
5482,2.27608964
5483,0.37691395
5484,1.17879209
5485,1.09174632
5486,0.17792046
5487,0.51469666
5488,0.05541323
5489,1.40331091
5490,0.96855717
5491,1.85228017
5492,0.04045307
5493,1.49133918
5494,1.64478753
5495,1.98921944
5496,1.20015152
5497,0.08422339
5498,1.36867859
5499,2.47377494
5500,1.67751410
5501,1.68650731
5502,0.71006695
5503,0.37948112
5504,2.20239973
5505,0.01650315
5506,1.36662577
5507,2.17670645
5508,1.38059046
5509,2.26596701
5510,1.01730932
5511,0.80732958
5512,1.87714627
5513,0.11951569
5514,2.06467651
5515,1.47076618
5516,1.55818506
5517,0.69841097
5518,1.08646268
5519,2.20135112
5520,2.10566513
5521,1.29793702
5522,1.75046085
5523,1.00924131
5524,1.07932863
5525,0.78428295
5526,0.53931734
5527,2.08378744
5528,0.02053208
5529,1.95879065
5530,0.39267495
5531,0.91843756
5532,1.11233507
5533,0.39415856
5534,1.79760385
5535,1.84642804
5536,2.38058177
5537,1.42386979
5538,0.31945457
5539,1.95796076
5540,0.72963619
5541,2.19217490
5542,0.46237636
5543,2.47254822
5544,2.41354580
5545,1.53066841
5546,0.97870130
5547,0.64626644
5548,1.43429997
5549,0.41636686
5550,0.73252552
5551,0.62809816
5552,2.12741576
5553,1.81812887
5554,0.06581166
5555,2.01871676
5556,1.79799222
5557,0.93579905
5558,1.84763206
5559,0.55294161
5560,0.07292224
5561,2.04395530
5562,1.30226248
5563,1.45095244
5564,0.42729479
5565,0.31932583
5566,1.71314178
5567,1.19601823
5568,1.90240841
5569,1.02067372
5570,2.44108990
5571,0.14148623
5572,1.60755215
5573,1.21067095
5574,1.78627220
5575,0.16049836
5576,2.25852154
5577,2.27089570
5578,0.38727984
5579,1.65194791
5580,2.15796878
5581,1.89167867
5582,0.50508652
5583,0.12254692
5584,2.31643810
5585,1.79330620
5586,0.92959650
5587,0.49944791
5588,2.21883089
5589,1.08581346
5590,2.17649532
5591,0.69952891
5592,1.59047092
5593,1.16818548
5594,2.44643705
5595,0.02764879
5596,1.10933487
5597,0.11455411
5598,1.27182918
5599,2.45077486
5600,2.12432004
5601,0.55470027
5602,0.13599524
5603,1.63009410
5604,0.98673162
5605,0.30682202
5606,0.56514107
5607,0.17714427
5608,2.27568452
5609,0.53553986
5610,2.25012228
5611,1.95411233
5612,1.29351206
5613,1.14528773
5614,1.75690655
5615,1.43163136
5616,1.71540144
5617,1.85440898
5618,1.20062461
5619,1.58700057
5620,0.28934921
5621,2.21070841
5622,1.35987654
5623,1.46611358
5624,2.21483971
5625,1.19254783
5626,0.82180719
5627,2.10579687
5628,0.00934853
5629,1.70681572
5630,0.01277437
5631,2.03337840
5632,1.46433940
5633,1.44871705
5634,1.32844087
5635,2.42495798
5636,0.91587176
5637,1.25675768
5638,1.28687557
5639,2.30311501
5640,0.54616631
5641,0.71624514
5642,0.69273930
5643,1.71581842
5644,0.55519644
5645,1.26050664
5646,0.08589669
5647,2.00768001
5648,1.61285689
5649,2.03009644
5650,2.07236354
5651,1.01483357
5652,1.99493082
5653,0.38991377
5654,0.50682083
5655,2.46038063
5656,1.93012617
5657,2.26795214
5658,1.02574815
5659,1.15254561
5660,1.86479206
5661,2.30670319
5662,0.96433976
5663,2.24917500
5664,0.69331032
5665,0.48820463
5666,1.69286358
5667,1.83147485
5668,1.08288380
5669,2.37839176
5670,2.24283222
5671,1.38785227
5672,0.28993934
5673,0.85946590
5674,0.41526792
5675,2.10702640
5676,0.46996105
5677,1.70886861
5678,1.28252279
5679,1.12358721
5680,0.87593223
5681,0.18171684
5682,1.13579472
5683,2.08209232
5684,1.05779868
5685,2.17276121
5686,1.32882729
5687,0.90389016
5688,0.95245148
5689,0.57171154
5690,1.27643673
5691,1.39087742
5692,0.06135427
5693,2.11440611
5694,0.65899429
5695,0.10818584
5696,2.21071618
5697,1.53873574
5698,2.10584656
5699,1.33640467
5700,0.96599135
5701,1.46508844
5702,1.19614041
5703,0.54365937
5704,1.49721725
5705,1.78079170
5706,1.40028406
5707,1.02960541
5708,1.59787827
5709,1.21667893
5710,0.71794341
5711,1.95010775
5712,0.98625301
5713,1.41964916
5714,1.93515900
5715,1.58076359
5716,1.63612044
5717,0.86547912
5718,0.83201933
5719,0.04072082
5720,1.88567859
5721,0.81631541
5722,2.14095017
5723,0.60083167
5724,1.52448742
5725,0.43869805
5726,0.78641433
5727,1.38460705
5728,1.14235513
5729,0.98024193
5730,1.52599767
5731,1.51960134
5732,2.44857283
5733,0.38728717
5734,2.41297111
5735,1.94125983
5736,0.55558773
5737,1.17982371
5738,2.36187154
5739,0.73545904
5740,1.73168666
5741,1.64638826
5742,2.12049087
5743,1.60018125
5744,2.05035597
5745,1.13458046
5746,1.59288380
5747,0.60507372
5748,0.74839205
5749,0.34676077
5750,1.13574307
5751,1.85887165
5752,2.01296347
5753,2.32329522
5754,0.90088335
5755,2.14088194
5756,1.86951270
5757,0.28200135
5758,2.05453010
5759,1.20641098
5760,0.78944569
5761,0.47235175
5762,2.11628738
5763,0.85739672
5764,1.22220907
5765,2.46322590
5766,0.96158732
5767,2.44456228
5768,0.89858487
5769,2.14040887
5770,0.93268736
5771,0.31920616
5772,0.58105913
5773,0.19367304
5774,0.10501031
5775,0.42124935
5776,1.96893181
5777,0.53375630
5778,1.03465692
5779,2.47429341
5780,1.39170299
5781,1.84973111
5782,1.55742647
5783,1.89970054
5784,0.71357681
5785,2.20773143
5786,1.37438739
5787,0.79635358
5788,0.28967227
5789,0.95220761
5790,0.37573417
5791,0.37404859
5792,0.01410089
5793,0.56108260
5794,1.89975702
5795,0.97443689
5796,2.41198668
5797,0.36846638
5798,2.29665238
5799,0.73880919
5800,1.50163472
5801,0.79389450
5802,0.49934608
5803,1.19974780
5804,1.87384831
5805,1.12874416
5806,0.36918709
5807,0.93489044
5808,2.31645048
5809,0.00649980
5810,1.61103331
5811,1.45700724
5812,0.63639083
5813,1.85316947
5814,0.06118351
5815,2.35829700
5816,0.88717509
5817,1.90675239
5818,2.45540155
5819,1.21762817
5820,0.14134233
5821,0.61554296
5822,0.98492854
5823,0.69802373
5824,1.45445780
5825,1.36813756
5826,1.35234231
5827,2.49628807
5828,2.36491379
5829,0.08680622
5830,0.45537208
5831,2.10570026
5832,0.65671273
5833,0.55174058
5834,2.24423250
5835,0.13323494
5836,1.54752152
5837,1.63017897
5838,2.12682312
5839,0.49314811
5840,1.91113347
5841,0.59874659
5842,1.85247005
5843,2.44731175
5844,0.90826671
5845,0.18857166
5846,0.62713838
5847,0.08797993
5848,2.43963839
5849,0.70440470
5850,1.84137618
5851,1.38780355
5852,1.86732060
5853,2.08399194
5854,2.12185119
5855,0.82928205
5856,0.58038778
5857,0.77037655
5858,2.13465379
5859,1.48961782
5860,1.11212112
5861,2.21682155
5862,1.06786406
5863,0.08446819
5864,1.10087191
5865,1.51360283
5866,2.26323248
5867,1.53089706
5868,0.22684872
5869,0.79607929
5870,1.38782545
5871,1.09710091
5872,0.48120675
5873,2.03079951
5874,1.98967861
5875,0.68571280
5876,1.72668613
5877,1.12559809
5878,1.53895294
5879,1.79527582
5880,1.24791436
5881,0.47910592
5882,0.35972820
5883,0.36019309
5884,2.43004117
5885,0.61476800
5886,2.46595851
5887,0.79985955
5888,1.44962146
5889,1.63698083
5890,1.96682442
5891,1.85947346
5892,2.27158157
5893,2.33455128
5894,2.28372944
5895,0.99758363
5896,0.18820561
5897,1.66923585
5898,1.98097951
5899,1.71181942
5900,0.98797748
5901,1.21066802
5902,2.05511953
5903,1.13016877
5904,0.38817355
5905,0.00545326
5906,2.07168717
5907,0.18733429
5908,1.98167583
5909,2.22613600
5910,2.44236105
5911,0.64230816
5912,2.19367367
5913,0.83471285
5914,1.27113731
5915,1.89576315
5916,1.95780371
5917,1.32321075
5918,1.01752731
5919,0.52850555
5920,2.02113602
5921,2.26436952
5922,1.34377811
5923,0.95394550
5924,0.00510410
5925,2.30751360
5926,2.26976507
5927,2.40188069
5928,1.04242326
5929,1.74429448
5930,0.55329798
5931,1.98443048
5932,0.12174735
5933,1.38775600
5934,1.89225063
5935,0.60220780
5936,1.73715483
5937,1.03773627
5938,2.08941636
5939,2.45346150
5940,1.34920838
5941,1.36877655
5942,1.82880022
5943,1.46422654
5944,1.57580223
5945,0.13884733
5946,1.96836695
5947,0.51496814
5948,0.05569920
5949,2.19732746
5950,1.64166497
5951,1.87145393
5952,2.44283291
5953,0.46210695
5954,1.34953177
5955,2.00953118
5956,0.07459703
5957,1.84436334
5958,0.24315250
5959,0.63390504
5960,2.00572641
5961,1.45334851
5962,1.69991063
5963,0.61541761
5964,1.50376067
5965,0.38314056
5966,1.99503912
5967,0.44805699
5968,2.18065893
5969,1.08015612
5970,0.48020677
5971,0.55193766
5972,1.48068523
5973,1.03349797
5974,2.17309312
5975,1.65182912
5976,0.40147173
5977,2.20464233
5978,0.32474124
5979,1.35157557
5980,0.15673174
5981,0.48420073
5982,1.47264399
5983,0.41145794
5984,0.61147427
5985,0.89376359
5986,2.29059306
5987,2.27278472
5988,0.61955788
5989,1.02994286
5990,0.46491233
5991,1.09226561
5992,1.10541339
5993,1.33829047
5994,0.52817066
5995,2.34785940
5996,0.29204517
5997,1.90175626
5998,1.47660626
5999,1.92752598
6000,1.80774571
6001,0.19718128
6002,1.93507905
6003,2.30603693
6004,2.21733397
6005,1.07768836
6006,2.27651745
6007,2.12426046
6008,0.81038525
6009,1.61475252
6010,0.47814081
6011,1.63805016
6012,0.82576467
6013,2.48000513
6014,0.49138612
6015,2.46061587
6016,0.39885088
6017,0.79309739
6018,0.11104518
6019,0.83005684
6020,1.35519095
6021,0.41244846
6022,2.13898032
6023,2.33527881
6024,1.87750184
6025,0.76642402
6026,0.36664131
6027,1.42909955
6028,1.39738112
6029,1.85521543
6030,1.70546571
6031,0.46389594
6032,2.08011349
6033,0.62784469
6034,0.24174037
6035,2.42985069
6036,2.47827114
6037,0.38358361
6038,0.29929902
6039,2.13214412
6040,0.68650201
6041,2.27303530
6042,1.54136665
6043,1.46366146
6044,0.77104261
6045,0.55848331
6046,1.22124767
6047,1.55837042
6048,1.72367292
6049,1.26762398
6050,1.38761544
6051,0.59204265
6052,1.59767802
6053,1.13828384
6054,1.89416695
6055,1.12158661
6056,1.41380783
6057,1.31265778
6058,2.30271510
6059,1.73349735
6060,0.33198503
6061,0.41576417
6062,1.81354529
6063,0.97083483
6064,1.26349717
6065,0.99183212
6066,1.69553551
6067,1.25455406
6068,2.32282521
6069,2.47309688
6070,1.95240200
6071,2.05493355
6072,0.14796560
6073,1.66865186
6074,2.06185119
6075,0.46493607
6076,1.71437637
6077,0.04255129
6078,0.98809999
6079,1.81822346
6080,0.08277445
6081,0.29141782
6082,0.04698553
6083,1.51218950
6084,0.56738721
6085,0.25225441
6086,2.20325856
6087,2.12440600
6088,0.01140430
6089,0.33947430
6090,1.40958193
6091,0.64032049
6092,0.19590015
6093,1.59571008
6094,1.17806716
6095,1.37893546
6096,1.89511504
6097,1.51573932
6098,1.08404639
6099,1.10531363
6100,0.02579404
6101,2.43969379
6102,1.47514096
6103,1.69576804
6104,1.20032250
6105,1.77264415
6106,0.19308584
6107,0.33619908
6108,1.65082554
6109,0.89299048
6110,1.99204403
6111,0.52853600
6112,1.20133073
6113,0.57867667
6114,1.67004558
6115,0.56672795
6116,2.05885175
6117,0.74888332
6118,0.12436944
6119,1.61682862
6120,1.48692333
6121,0.79835908
6122,2.39793297
6123,0.91373225
6124,0.17495434
6125,1.63859907
6126,1.67177950
6127,1.08759904
6128,1.26889995
6129,1.98681126
6130,0.53710199
6131,1.17851384
6132,0.83818328
6133,1.63386368
6134,2.24717231
6135,0.12813469
6136,1.37034017
6137,1.05687017
6138,2.16150677
6139,0.01433499
6140,1.97969311
6141,0.34831029
6142,2.30762542
6143,1.94139391
6144,2.19031252
6145,1.18438399
6146,1.15421012
6147,2.31632990
6148,1.27331356
6149,1.33999154
6150,1.58969504
6151,1.08568410
6152,0.41656520
6153,0.43175869
6154,1.82195799
6155,0.54821825
6156,1.78503331
6157,1.07416029
6158,1.54026048
6159,2.27554897
6160,0.02765616
6161,2.29680224
6162,2.30884388
6163,0.46527772
6164,1.54400482
6165,1.64206317
6166,1.94005932
6167,0.85093748
6168,0.42434602
6169,1.08281720
6170,0.70260902
6171,1.73507928
6172,0.15484911
6173,2.24450796
6174,2.20025620
6175,0.52673912
6176,0.70467808
6177,1.63922818
6178,1.69542766
6179,1.22685876
6180,2.08408708
6181,1.22191402
6182,1.40721188
6183,1.53812099
6184,1.30033242
6185,0.49293148
6186,2.28096962
6187,0.06450402
6188,2.33849364
6189,1.76705467
6190,0.58977669
6191,1.41627073
6192,1.57928108
6193,1.14478484
6194,0.33427997
6195,0.55277348
6196,1.76434239
6197,1.20788403
6198,1.18439924
6199,1.92543176
6200,0.45161570
6201,1.33591118
6202,0.22463578
6203,2.04628270
6204,0.10171872
6205,0.19487958
6206,1.54620977
6207,2.37301744
6208,2.40011453
6209,0.66367171
6210,0.36132330
6211,0.73642590
6212,1.64271504
6213,1.35655017
6214,2.28283739
6215,1.91736326
6216,1.42642085
6217,0.31266000
6218,0.14517851
6219,2.36771691
6220,1.78460263
6221,0.25016416
6222,1.81048813
6223,0.46680526
6224,2.44624150
6225,1.88540282
6226,0.68406613
6227,1.26187052
6228,0.69776497
6229,1.69683259
6230,0.91283581
6231,1.36911117
6232,2.48736647
6233,2.45857470
6234,2.18283516
6235,2.40391435
6236,1.61343525
6237,1.38534554
6238,0.54091460
6239,1.10708616
6240,2.12337324
6241,1.65011596
6242,1.22783684
6243,1.08326111
6244,1.19490379
6245,1.71866849
6246,0.97138299
6247,0.80376916
6248,0.24751483
6249,1.63081158
6250,2.32105166
6251,0.40617283
6252,1.64523532
6253,0.40077215
6254,1.01055443
6255,0.43160150
6256,1.90950026
6257,0.54040316
6258,1.29107218
6259,0.64687851
6260,0.27570684
6261,2.49097513
6262,0.06308914
6263,0.37675071
6264,1.78696944
6265,0.13659289
6266,0.23561281
6267,1.09891993
6268,0.54362823
6269,0.65681142
6270,2.48997206
6271,0.00081457
6272,1.36863324
6273,0.22466601
6274,2.03004024
6275,0.99702073
6276,0.25890347
6277,2.12277506
6278,0.92513419
6279,1.18567540
6280,0.59966277
6281,1.38707118
6282,2.07999459
6283,0.07369512
6284,2.14852234
6285,1.28255371
6286,1.44327283
6287,1.32598931
6288,2.35846419
6289,0.49830661
6290,1.84933673
6291,2.28311619
6292,0.98825514
6293,0.94792175
6294,1.92233201
6295,1.21032894
6296,2.44074416
6297,1.70560175
6298,1.04712775
6299,1.63927114
6300,0.68215791
6301,0.38388617
6302,1.35538974
6303,1.33739643
6304,1.38472376
6305,0.77201023
6306,0.89346602
6307,2.05797711
6308,2.42012637
6309,1.13320360
6310,1.33809784
6311,1.81596374
6312,0.78600439
6313,1.81995324
6314,0.76117908
6315,1.11147075
6316,0.09198524
6317,1.43066390
6318,2.48682049
6319,1.35786475
6320,1.87964260
6321,1.92960637
6322,2.28214236
6323,1.51613685
6324,0.11318046
6325,1.22402814
6326,0.63689245
6327,1.05538813
6328,2.08090083
6329,2.31786588
6330,0.71884014
6331,2.00712416
6332,0.97489748
6333,0.70201265
6334,2.13838523
6335,1.76208745
6336,2.44726179
6337,2.35071838
6338,2.42921335
6339,2.15670006
6340,1.52213120
6341,1.18858850
6342,1.78266667
6343,0.35264606
6344,2.15276535
6345,1.61430175
6346,1.48817916
6347,0.14395462
6348,1.26381691
6349,0.40446691
6350,0.21919302
6351,1.72305798
6352,2.05159489
6353,0.55483561
6354,1.45312001
6355,0.01209371
6356,1.88266111
6357,0.18658458
6358,2.08730204
6359,1.13110756
6360,1.83619013
6361,1.59225727
6362,1.87201765
6363,1.88843339
6364,2.00434196
6365,2.10374065
6366,2.11070918
6367,0.71487852
6368,2.47982498
6369,1.25341701
6370,0.88467558
6371,0.73469483
6372,0.69818279
6373,1.83196881
6374,2.35007990
6375,0.54650546
6376,0.42243033
6377,1.61321661
6378,1.10589050
6379,1.38136827
6380,1.37556232
6381,2.47141596
6382,0.25340449
6383,2.28283313
6384,0.62387308
6385,0.52796170
6386,0.39998588
6387,1.95458490
6388,1.87400824
6389,0.98700540
6390,1.77806747
6391,0.61011481
6392,1.83747813
6393,0.76088066
6394,0.69525788
6395,0.84445443
6396,2.05951940
6397,1.35482582
6398,1.49517507
6399,1.97870331
6400,0.57618507
6401,1.98902863
6402,1.92442093
6403,0.04430542
6404,1.14821738
6405,2.16294452
6406,0.09202256
6407,1.83332960
6408,0.74301038
6409,1.62604226
6410,1.64282045
6411,1.49881209
6412,2.04692744
6413,1.67042973
6414,2.37081986
6415,2.06945063
6416,0.22704257
6417,0.32491588
6418,0.53815694
6419,1.40105228
6420,1.79304629
6421,1.04834045
6422,2.49324523
6423,2.34063611
6424,0.36848973
6425,2.41880746
6426,0.61375736
6427,1.79697090
6428,1.12759638
6429,0.93823517
6430,1.83944811
6431,1.20924035
6432,0.96812326
6433,1.75497388
6434,0.96578937
6435,0.95955161
6436,2.36371741
6437,0.34078320
6438,2.06105393
6439,2.42113853
6440,1.21708184
6441,0.90241760
6442,1.10135776
6443,0.61520567
6444,0.36336779
6445,0.14186466
6446,0.52401446
6447,2.30767824
6448,2.35124436
6449,0.64055375
6450,1.94847751
6451,0.72267044
6452,2.24851959
6453,2.36781120
6454,0.77675974
6455,0.55692158
6456,0.44981649
6457,0.76258066
6458,2.34726488
6459,1.78938738
6460,0.42431690
6461,0.17294673
6462,0.33966776
6463,1.40317964
6464,0.06971830
6465,1.80964078
6466,0.24824257
6467,0.26963663
6468,0.45567120
6469,2.12587204
6470,0.04277242
6471,0.21910211
6472,2.17779196
6473,2.18294484
6474,1.82561275
6475,1.60246739
6476,2.45763964
6477,0.84657945
6478,1.24783070
6479,0.81276223
6480,1.84465527
6481,1.16912128
6482,2.34690494
6483,0.34755375
6484,1.07373659
6485,0.15794056
6486,1.05348425
6487,0.22548609
6488,0.30090972
6489,1.42411841
6490,0.37601738
6491,1.90740826
6492,0.98397288
6493,2.33071288
6494,1.55115542
6495,2.17626963
6496,0.59786870
6497,1.54122918
6498,2.19079428
6499,1.81029865
6500,2.34186482
6501,0.53420167
6502,2.12625461
6503,0.40413910
6504,0.39251420
6505,1.28017079
6506,1.99533256
6507,0.09633512
6508,2.12908408
6509,2.03542818
6510,0.26845235
6511,1.64163990
6512,2.39656034
6513,0.33801139
6514,1.93801462
6515,0.09536602
6516,0.26116444
6517,1.20673930
6518,2.15370204
6519,2.45788804
6520,0.44764381
6521,0.65383209
6522,2.23223703
6523,0.64358390
6524,1.28576525
6525,1.95630814
6526,1.37043568
6527,0.85332953
6528,1.91695168
6529,0.36009787
6530,0.65140831
6531,1.15031202
6532,0.64806698
6533,2.21721835
6534,2.25258458
6535,1.32128604
6536,1.14917803
6537,0.61804564
6538,1.85021804
6539,0.83347592
6540,0.82978344
6541,2.33424891
6542,2.45286252
6543,1.26858775
6544,0.26756064
6545,1.58908732
6546,0.15073320
6547,2.35604412
6548,0.37536058
6549,1.61674348
6550,1.18152371
6551,0.96492768
6552,1.44459148
6553,0.07090464
6554,0.16810286
6555,1.22623191
6556,1.15467011
6557,0.30860068
6558,1.28263145
6559,2.23487780
6560,0.86872210
6561,0.11872258
6562,1.34220256
6563,1.65525557
6564,1.75921558
6565,1.63061838
6566,0.54924369
6567,0.88067568
6568,0.78700376
6569,0.65884502
6570,1.47702732
6571,1.72374485
6572,0.03865758
6573,1.25679534
6574,1.03110149
6575,0.88552852
6576,2.48969750
6577,1.50183933
6578,0.85172553
6579,0.68149422
6580,2.17134492
6581,1.08459095
6582,0.34831676
6583,1.76166136
6584,0.70804301
6585,0.29782569
6586,1.85736236
6587,2.47478590
6588,0.52909936
6589,2.46210970
6590,1.66610882
6591,0.40233592
6592,0.07304660
6593,0.70667331
6594,0.27764044
6595,2.02364123
6596,0.58558784
6597,2.37597073
6598,0.14710785
6599,2.35539019
6600,2.15510899
6601,1.31886744
6602,0.18472171
6603,0.53809696
6604,2.19999806
6605,1.27168352
6606,0.78565173
6607,2.40695833
6608,1.65797613
6609,1.10670737
6610,2.32727096
6611,2.22743537
6612,1.21689560
6613,1.14118733
6614,0.25769986
6615,2.45247940
6616,1.39262497
6617,0.02277245
6618,1.20100056
6619,1.49097873
6620,0.11024991
6621,1.92262760
6622,1.89715473
6623,1.50439423
6624,1.37663475
6625,1.09531423
6626,2.41613081
6627,1.99852026
6628,1.24719816
6629,0.44322949
6630,0.16319704
6631,0.94001908
6632,1.84942348
6633,1.82020835
6634,0.65645305
6635,2.04768431
6636,2.45231052
6637,1.49156650
6638,2.36267874
6639,2.34011789
6640,2.44613672
6641,1.88492422
6642,1.97872132
6643,0.93449718
6644,0.59867278
6645,1.87728497
6646,0.55775151
6647,1.45198983
6648,0.32354360
6649,0.71034205
6650,2.49125856
6651,2.35882209
6652,1.06585327
6653,1.87831994
6654,2.45088400
6655,1.27901786
6656,0.20432686
6657,1.29429867
6658,1.66826487
6659,2.31546197
6660,0.00903173
6661,0.67414951
6662,1.58958000
6663,0.03716144
6664,2.44449621
6665,1.29211605
6666,1.68320688
6667,1.51550095
6668,1.82592408
6669,1.14235576
6670,2.26631351
6671,0.74890934
6672,0.23450801
6673,1.39861353
6674,0.23592736
6675,1.18897155
6676,1.29978795
6677,2.32434779
6678,0.05608767
6679,0.14478742
6680,0.11644496
6681,1.94208646
6682,0.71423005
6683,1.57313896
6684,1.27780970
6685,1.83086427
6686,0.81917111
6687,1.19008920
6688,0.94046184
6689,1.04529195
6690,0.37152451
6691,0.21774922
6692,0.13826158
6693,0.36262701
6694,0.16273574
6695,1.24437438
6696,1.64842000
6697,1.32528086
6698,1.96621768
6699,1.93247175
6700,0.49332873
6701,1.96703770
6702,1.26757231
6703,1.30697429
6704,0.39386941
6705,2.27383143
6706,0.11603592
6707,0.25761206
6708,0.54001696
6709,1.38022476
6710,1.60811793
6711,1.04402623
6712,1.43258365
6713,2.42920336
6714,0.81433056
6715,1.97269028
6716,1.22453509
6717,1.63816381
6718,1.86808593
6719,0.10939610
6720,2.47308271
6721,1.12692848
6722,1.64894586
6723,0.49683095
6724,1.37627128
6725,2.48497440
6726,2.08648265
6727,2.05791883
6728,1.77197284
6729,1.49788177
6730,2.44258561
6731,2.24506675
6732,1.47216181
6733,1.24527228
6734,2.34616881
6735,0.72468551
6736,1.92519342
6737,1.37116772
6738,0.41794769
6739,1.44916541
6740,1.69067001
6741,0.44455661
6742,0.93554846
6743,2.30711028
6744,2.42975613
6745,0.66060578
6746,1.70891050
6747,0.47639917
6748,2.40036185
6749,0.36962417
6750,1.55611255
6751,2.07489773
6752,2.08188478
6753,2.48670561
6754,0.95950873
6755,0.13747185
6756,1.85835695
6757,2.12134593
6758,0.76668570
6759,0.88208079
6760,1.55997369
6761,0.80210749
6762,1.87684012
6763,0.20922485
6764,0.22198854
6765,2.25995793
6766,1.66952899
6767,2.34335980
6768,0.32196922
6769,1.22921252
6770,0.22302024
6771,0.75747960
6772,0.52544951
6773,1.60022435
6774,1.79550458
6775,1.27550850
6776,0.75669312
6777,0.42296000
6778,1.83007867
6779,0.81628769
6780,2.32035098
6781,0.50065688
6782,2.04699961
6783,0.87358312
6784,1.32412164
6785,1.62618695
6786,1.59472248
6787,1.30872277
6788,0.04787389
6789,2.46448154
6790,2.22081487
6791,0.94201306
6792,0.22306576
6793,0.57869873
6794,2.06873386
6795,1.17147891
6796,0.96822058
6797,1.11366494
6798,1.17743428
6799,1.63967880
6800,2.13953338
6801,1.01799141
6802,1.66278945
6803,1.68984303
6804,0.02498875
6805,0.60000510
6806,1.21115185
6807,1.54752137
6808,0.37140996
6809,1.54690877
6810,1.59551705
6811,1.80618836
6812,1.40166579
6813,2.38598019
6814,2.09681417
6815,1.46003539
6816,1.56041743
6817,0.06288856
6818,2.08768481
6819,0.40625166
6820,0.66972139
6821,2.44113988
6822,0.06002556
6823,1.90492005
6824,0.51815057
6825,2.29716362
6826,0.08797470
6827,0.09944350
6828,0.27632806
6829,1.68874597
6830,0.25305710
6831,1.98777949
6832,2.43693712
6833,0.16481188
6834,1.00056442
6835,0.20333958
6836,1.25837902
6837,0.22688239
6838,0.69862761
6839,0.90714592
6840,0.28576768
6841,0.34772329
6842,1.44833109
6843,1.49244726
6844,2.19637733
6845,0.09188159
6846,1.31883982
6847,2.16468346
6848,2.42951245
6849,1.14767868
6850,2.22739559
6851,1.20149897
6852,1.98406367
6853,1.96651993
6854,1.30669864
6855,0.25215807
6856,1.21706833
6857,1.91069657
6858,0.72205065
6859,1.36364621
6860,1.39822525
6861,1.14476789
6862,0.73074331
6863,0.70879483
6864,0.54652165
6865,0.36237375
6866,0.87102259
6867,0.75878243
6868,0.77729036
6869,2.48605908
6870,1.12276987
6871,1.36314177
6872,1.45276086
6873,2.48734197
6874,0.37487473
6875,1.75174563
6876,0.73841952
6877,0.29837686
6878,0.81848322
6879,0.59211444
6880,0.74462941
6881,0.85782995
6882,1.83926387
6883,2.10861473
6884,1.64846488
6885,0.71334130
6886,1.72364523
6887,1.58601847
6888,2.42380756
6889,1.54506674
6890,0.00438823
6891,0.86492021
6892,1.92745082
6893,0.35082710
6894,0.94823093
6895,0.92604287
6896,1.58855470
6897,2.44680852
6898,0.79593082
6899,1.62166515
6900,0.78018956
6901,2.26122862
6902,1.11877146
6903,1.44819965
6904,1.37429048
6905,0.88133436
6906,0.56332461
6907,2.45545411
6908,1.53267897
6909,2.11697655
6910,1.75845045
6911,0.34722321
6912,1.40496383
6913,0.85174917
6914,0.81817429
6915,2.38033337
6916,0.43647271
6917,1.88183616
6918,2.21224556
6919,1.26517455
6920,2.04180138
6921,0.53773491
6922,0.91210307
6923,0.28915822
6924,1.51776710
6925,0.35443873
6926,2.18960526
6927,0.32239596
6928,2.29185005
6929,2.25447365
6930,2.23813062
6931,1.92657048
6932,0.02967222
6933,1.09914314
6934,0.00734693
6935,1.23802409
6936,2.33391108
6937,2.11191884
6938,1.09480413
6939,2.19237649
6940,1.61925773
6941,1.73967312
6942,1.86873676
6943,1.96905719
6944,1.07274242
6945,2.15641876
6946,1.23891338
6947,1.70217392
6948,2.32224540
6949,2.30935435
6950,2.02626167
6951,0.33276385
6952,1.04834954
6953,0.60018538
6954,1.69275294
6955,1.29368692
6956,1.81854399
6957,2.06586952
6958,0.62676471
6959,0.90936953
6960,0.77849235
6961,1.62552696
6962,1.19832841
6963,0.30655897
6964,1.71475768
6965,2.44578386
6966,1.38713083
6967,1.80539819
6968,0.76097206
6969,1.31650774
6970,0.60031029
6971,0.73352940
6972,1.10982486
6973,1.18001969
6974,2.11061457
6975,1.51267374
6976,1.50796417
6977,1.38322960
6978,1.59993600
6979,2.10859773
6980,1.45950134
6981,1.00379004
6982,0.14258672
6983,1.96641764
6984,2.00802627
6985,1.79924882
6986,1.73758763
6987,0.85723610
6988,1.71722253
6989,0.92560533
6990,1.36784110
6991,2.07217281
6992,2.23310383
6993,2.39089508
6994,2.49573865
6995,2.35532186
6996,1.69343218
6997,0.12778502
6998,2.48348432
6999,2.47958815
7000,0.57087312
7001,1.60255595
7002,0.00894259
7003,1.41001094
7004,0.26189301
7005,0.78783872
7006,0.59061679
7007,0.41961489
7008,0.99050429
7009,1.10045366
7010,1.44354541
7011,1.37654333
7012,2.17421358
7013,2.40901663
7014,1.81645707
7015,0.34420352
7016,0.05547742
7017,1.18815254
7018,0.61320118
7019,0.45438589
7020,0.76393794
7021,0.13633607
7022,2.44205803
7023,2.46909513
7024,1.16280882
7025,2.04121989
7026,0.66817691
7027,0.61476787
7028,1.56240734
7029,1.15341592
7030,1.72143395
7031,0.80282757
7032,1.18402246
7033,1.52323436
7034,0.04986229
7035,1.77288588
7036,1.05187741
7037,0.28440632
7038,2.16650905
7039,2.27823817
7040,1.00588282
7041,0.12769254
7042,0.31744187
7043,2.00126394
7044,1.20234003
7045,2.16755930
7046,1.45065980
7047,0.72747998
7048,1.66280868
7049,0.47292243
7050,0.76275643
7051,2.21901085
7052,1.32046771
7053,0.33862917
7054,1.21476267
7055,0.62927939
7056,2.19185283
7057,1.28113303
7058,0.84970412
7059,2.35037592
7060,1.93134323
7061,0.29642709
7062,0.10675688
7063,0.14853325
7064,2.46790338
7065,1.96240275
7066,2.45129190
7067,2.32377043
7068,1.06906257
7069,0.94051759
7070,0.22343916
7071,0.69739643
7072,1.15695411
7073,0.61683376
7074,1.70719311
7075,0.69643000
7076,1.68272562
7077,1.46025482
7078,0.41098105
7079,1.05763502
7080,1.45754191
7081,0.63520871
7082,1.41693432
7083,1.60261753
7084,1.73584441
7085,0.54827890
7086,0.47881216
7087,0.86519963
7088,0.51278033
7089,1.75261768
7090,0.60898151
7091,2.18552461
7092,0.68715428
7093,1.48891632
7094,1.99312405
7095,1.40601905
7096,1.36746935
7097,2.47960044
7098,0.71701608
7099,1.88026194
7100,2.01741396
7101,1.51679804
7102,1.66793912
7103,1.52734504
7104,2.14186795
7105,1.70858134
7106,2.43892637
7107,2.43292595
7108,0.96311425
7109,1.35686658
7110,2.42898356
7111,2.48213755
7112,0.99715279
7113,0.30856056
7114,2.12685702
7115,0.67710129
7116,1.57821087
7117,0.17181176
7118,2.13487459
7119,1.74746789
7120,1.44760277
7121,2.22636069
7122,0.05830353
7123,1.94834937
7124,2.15940092
7125,2.42910452
7126,1.03411425
7127,1.26101679
7128,2.37461532
7129,0.35312154
7130,0.62752714
7131,0.04927035
7132,0.18339184
7133,0.87783044
7134,0.11588726
7135,1.88470070
7136,2.00404164
7137,1.03523427
7138,0.20038137
7139,1.06045117
7140,1.30709550
7141,2.07847352
7142,1.64146432
7143,1.21787449
7144,1.07679056
7145,0.94749506
7146,2.48069726
7147,1.61757993
7148,2.34692998
7149,1.99122773
7150,0.66730859
7151,0.11865967
7152,1.12416248
7153,0.73600076
7154,0.19177230
7155,0.45984745
7156,1.55663395
7157,1.51012206
7158,0.43093095
7159,1.36566681
7160,0.31050395
7161,1.69266774
7162,0.93552572
7163,1.11913423
7164,0.26688610
7165,2.15036904
7166,0.06494431
7167,0.86210342
7168,1.61978396
7169,0.26575863
7170,2.33852137
7171,0.18661205
7172,0.33730704
7173,1.54763992
7174,2.14894754
7175,1.58972469
7176,0.13996715
7177,1.39831490
7178,2.15328930
7179,2.42322939
7180,0.04525870
7181,1.15485584
7182,0.57080160
7183,1.76821933
7184,2.08410600
7185,0.04280953
7186,1.89076429
7187,0.55008674
7188,2.08071471
7189,0.09040889
7190,2.31639010
7191,0.81789650
7192,1.67427211
7193,0.49541036
7194,0.33592557
7195,0.42968949
7196,0.07209320
7197,0.48566844
7198,2.45290331
7199,2.49170271
7200,1.26173764
7201,1.89480872
7202,2.47761695
7203,1.62164479
7204,2.39198037
7205,0.34115832
7206,2.12486890
7207,1.95526084
7208,2.23018638
7209,2.23224577
7210,0.17512582
7211,1.88418843
7212,1.18545860
7213,1.79562840
7214,2.11228071
7215,0.90218515
7216,1.90314557
7217,0.44304507
7218,0.02062852
7219,0.19259502
7220,2.45614227
7221,0.27282834
7222,0.81588678
7223,0.46944122
7224,2.45603366
7225,0.42769545
7226,0.53413675
7227,1.25413149
7228,2.43444242
7229,2.06429997
7230,0.64148368
7231,0.05296148
7232,1.80965959
7233,1.97782480
7234,2.43809003
7235,1.39514716
7236,1.59870512
7237,0.16459348
7238,1.47293996
7239,0.11707879
7240,1.51374832
7241,1.01574147
7242,0.89700426
7243,1.13720736
7244,1.85139499
7245,1.41840655
7246,0.40970668
7247,0.37228824
7248,1.76951110
7249,1.45372977
7250,1.18326389
7251,1.12404653
7252,1.51598320
7253,1.16473239
7254,1.71205947
7255,1.31506874
7256,2.06312859
7257,2.36204260
7258,2.35033919
7259,1.12651609
7260,1.98788876
7261,1.28221306
7262,1.04942601
7263,2.49303868
7264,0.68800605
7265,1.53797807
7266,2.33523613
7267,0.80254670
7268,2.25951487
7269,1.30319557
7270,2.35519169
7271,2.36708949
7272,0.77535797
7273,1.00520755
7274,2.03781660
7275,2.38139701
7276,2.43385311
7277,1.42516200
7278,0.09700916
7279,0.33410499
7280,2.29107237
7281,1.61343216
7282,1.76839988
7283,1.42457743
7284,1.11507591
7285,0.13442475
7286,0.50126660
7287,1.41870537
7288,2.05826930
7289,0.27341515
7290,0.35484767
7291,1.48248415
7292,1.91508349
7293,2.30837692
7294,0.13481241
7295,1.28039779
7296,1.47475244
7297,0.71850541
7298,2.01254027
7299,2.45348600
7300,1.46496622
7301,0.67350096
7302,2.11000964
7303,1.74882758
7304,1.87119041
7305,1.83819304
7306,1.94777026
7307,2.16768808
7308,0.30431136
7309,1.34409765
7310,0.86327826
7311,2.36880949
7312,1.06210995
7313,1.65318624
7314,1.66432896
7315,0.05023836
7316,1.13262183
7317,1.29982392
7318,2.09764286
7319,1.77123570
7320,0.09840471
7321,2.20361109
7322,2.23995626
7323,1.96785262
7324,0.68487819
7325,1.67151472
7326,1.42013953
7327,2.46677386
7328,1.23017036
7329,1.22923514
7330,1.83881984
7331,2.36609451
7332,1.57206754
7333,0.55863357
7334,1.00909237
7335,0.79233122
7336,2.28759736
7337,1.12884956
7338,2.11631899
7339,0.91779917
7340,0.75525634
7341,1.75537338
7342,2.27074797
7343,0.14581763
7344,1.17780185
7345,0.62857589
7346,1.37293838
7347,1.66444719
7348,1.19740424
7349,0.32349228
7350,1.82601141
7351,0.16818044
7352,1.37679667
7353,1.41318143
7354,0.32117886
7355,2.25964533
7356,1.61761120
7357,1.73460815
7358,1.60506929
7359,1.24399175
7360,1.47403999
7361,0.29550365
7362,1.97861499
7363,0.59096688
7364,0.34541642
7365,2.32597872
7366,2.26532603
7367,1.77107914
7368,0.09705219
7369,0.14536458
7370,1.09135053
7371,1.41635159
7372,1.04933720
7373,1.06874773
7374,0.36223982
7375,0.60967300
7376,0.55261681
7377,0.18435214
7378,1.68481616
7379,1.55014402
7380,0.53846475
7381,0.79386731
7382,1.79233602
7383,1.19181775
7384,1.61215314
7385,0.26490249
7386,1.39545788
7387,1.27071790
7388,2.10172260
7389,0.07651075
7390,0.76600781
7391,2.04071456
7392,1.69935035
7393,0.66778208
7394,0.83664459
7395,0.26426395
7396,0.18030873
7397,1.23251102
7398,1.07352182
7399,0.99983050
7400,2.17209026
7401,2.21104093
7402,0.67633140
7403,1.82993369
7404,1.69278583
7405,0.25884930
7406,0.10855867
7407,2.29943208
7408,0.27940387
7409,0.29347267
7410,2.31428711
7411,2.33646722
7412,0.34724109
7413,0.72390282
7414,0.60865479
7415,0.15290417
7416,2.42078444
7417,0.98316608
7418,0.13512016
7419,1.41873180
7420,0.70651477
7421,1.04880955
7422,1.94745193
7423,0.28491613
7424,0.85970458
7425,2.20446481
7426,0.43217544
7427,2.33784043
7428,1.82690734
7429,1.38978497
7430,0.77103645
7431,0.02361992
7432,1.31360393
7433,0.66280548
7434,0.95782575
7435,0.46031927
7436,0.49967374
7437,2.26410540
7438,0.34702659
7439,0.66816874
7440,0.34701504
7441,1.06889398
7442,2.37995821
7443,0.29958924
7444,1.28745793
7445,0.16610617
7446,0.59895502
7447,1.46009438
7448,1.60596460
7449,2.16447125
7450,0.46452560
7451,2.32898630
7452,2.46766291
7453,1.06932621
7454,1.75534730
7455,0.01037106
7456,0.66616852
7457,2.12797436
7458,1.02943251
7459,0.27358120
7460,2.01062586
7461,0.81324463
7462,0.85015714
7463,2.29014119
7464,2.43144120
7465,1.10834448
7466,0.92911797
7467,0.19760836
7468,1.86749590
7469,2.10896034
7470,2.14531428
7471,1.55985720
7472,2.12541071
7473,1.24039538
7474,2.45289216
7475,2.25020731
7476,0.77367628
7477,0.94690374
7478,1.61846517
7479,1.17119793
7480,1.27052268
7481,1.93062514
7482,1.97518750
7483,0.37086111
7484,2.09126503
7485,2.05072689
7486,0.14299314
7487,1.97592972
7488,0.09934571
7489,1.86487862
7490,0.07864646
7491,1.85500845
7492,1.83703158
7493,0.97483169
7494,1.29193969
7495,0.27098582
7496,2.15481369
7497,0.59355530
7498,2.33418554
7499,0.83916485
7500,2.35234412
7501,1.09411367
7502,1.32543209
7503,1.88122652
7504,1.35597270
7505,2.39663367
7506,0.85499627
7507,1.09944175
7508,1.93663337
7509,1.53725145
7510,2.36572133
7511,0.15175337
7512,0.60932533
7513,1.85729713
7514,1.40767026
7515,1.97074669
7516,1.32755800
7517,1.18032899
7518,2.23573585
7519,1.89593437
7520,0.49530497
7521,0.53013980
7522,1.94539692
7523,2.13471107
7524,1.49483961
7525,1.16236241
7526,2.43283108
7527,1.00905606
7528,2.38439838
7529,0.85909304
7530,0.77885950
7531,0.52589610
7532,1.59483617
7533,2.41859086
7534,1.76553287
7535,1.38352855
7536,0.17206066
7537,0.40202263
7538,1.85528032
7539,1.01553823
7540,1.53306436
7541,0.05925690
7542,1.68299373
7543,2.25424743
7544,0.50211027
7545,2.21524926
7546,0.81769838
7547,0.97162520
7548,0.09059348
7549,0.86749467
7550,1.81937998
7551,1.37285781
7552,1.78547529
7553,0.44532527
7554,1.06903244
7555,1.15792678
7556,0.39689649
7557,0.17057784
7558,1.76178397
7559,2.35148649
7560,0.80885320
7561,1.73133317
7562,0.18459091
7563,1.47296332
7564,0.93507069
7565,0.81453667
7566,0.74317276
7567,2.49443029
7568,0.76841113
7569,1.92012988
7570,2.43340190
7571,1.65188007
7572,0.11699759
7573,2.15990862
7574,0.78924685
7575,2.13623973
7576,2.18926776
7577,0.28868390
7578,2.33819721
7579,0.46256994
7580,2.30486550
7581,0.97147571
7582,1.90626859
7583,1.71895929
7584,2.23011593
7585,0.30529516
7586,1.99157771
7587,0.89397159
7588,0.44871638
7589,0.00467339
7590,1.02896724
7591,0.76301418
7592,1.53773553
7593,0.86497474
7594,0.29407898
7595,0.48957270
7596,0.54129749
7597,0.66076162
7598,2.12294856
7599,0.01313035
7600,0.00552885
7601,0.39913696
7602,2.01567200
7603,1.49707603
7604,2.18314065
7605,2.25818789
7606,1.05567358
7607,0.04855895
7608,2.40991546
7609,0.24495775
7610,1.07374093
7611,2.16521362
7612,1.63451756
7613,1.67667313
7614,0.13210140
7615,1.56678936
7616,0.11141283
7617,1.88851376
7618,0.62317775
7619,1.96965608
7620,1.44178271
7621,2.28964807
7622,0.69033758
7623,0.50164869
7624,0.15264464
7625,1.75638378
7626,1.10267738
7627,2.37764999
7628,0.09158150
7629,0.02845057
7630,0.05136759
7631,1.75876296
7632,0.01128401
7633,0.67085465
7634,0.49273889
7635,1.26396927
7636,0.56209862
7637,0.55969784
7638,1.52522824
7639,0.86070425
7640,0.94585025
7641,2.32322173
7642,1.94581650
7643,1.42255648
7644,1.22071929
7645,1.79587869
7646,1.92401722
7647,0.83884042
7648,1.75929859
7649,1.68533322
7650,0.76027526
7651,1.76786170
7652,1.92069886
7653,1.71504462
7654,2.32404064
7655,0.66313484
7656,0.85852468
7657,1.59909466
7658,1.58233027
7659,0.28848747
7660,1.99512380
7661,1.02086909
7662,0.54363877
7663,1.28545920
7664,1.05405213
7665,1.88663137
7666,2.49137571
7667,0.07934968
7668,1.57704654
7669,0.70712523
7670,1.19427481
7671,2.18806720
7672,0.00127493
7673,0.55353115
7674,0.89849851
7675,0.00343411
7676,2.09199503
7677,1.63100394
7678,0.80301613
7679,2.01610238
7680,1.81142252
7681,0.84667346
7682,1.47963471
7683,1.33862537
7684,1.36468166
7685,1.62227225
7686,0.66427547
7687,0.65208243
7688,0.35115790
7689,2.44000565
7690,0.68225557
7691,1.37005692
7692,1.93407386
7693,1.78485549
7694,0.78351329
7695,0.65774296
7696,0.20567522
7697,0.73629440
7698,1.01197843
7699,2.43986147
7700,2.12436161
7701,2.07181737
7702,0.73367854
7703,1.70115608
7704,1.41335758
7705,1.12196206
7706,1.71796507
7707,2.23331390
7708,2.05673245
7709,0.61035408
7710,1.11059260
7711,1.78776355
7712,1.60091819
7713,0.89551045
7714,2.05030757
7715,1.32970913
7716,0.60124024
7717,2.15804192
7718,0.95330312
7719,0.47639128
7720,1.42874643
7721,1.95830659
7722,0.15883830
7723,1.07350231
7724,2.15101810
7725,0.86755514
7726,0.48508575
7727,0.09524999
7728,0.37927845
7729,1.62021050
7730,2.18056242
7731,0.96214419
7732,0.94015360
7733,2.24028396
7734,1.55861148
7735,0.35118371
7736,1.60293755
7737,1.44292046
7738,1.58122889
7739,0.01044645
7740,2.39248894
7741,0.67962371
7742,2.37759675
7743,0.82497721
7744,1.94909858
7745,0.23641952
7746,0.81260486
7747,0.93310728
7748,0.23131360
7749,1.20718029
7750,1.71446711
7751,2.48596089
7752,2.26253427
7753,1.11985374
7754,2.21574277
7755,1.57922995
7756,1.31818835
7757,2.36871760
7758,2.17866610
7759,2.11038250
7760,0.80052482
7761,2.27753411
7762,0.14281562
7763,2.10584468
7764,0.66587041
7765,0.69176310
7766,0.51226811
7767,1.49420773
7768,1.52516914
7769,0.29934550
7770,0.48859467
7771,2.40114859
7772,1.11058229
7773,0.48883946
7774,0.27547153
7775,2.05386683
7776,0.90793273
7777,0.57117813
7778,1.56519260
7779,0.46807538
7780,0.95264841
7781,0.89130603
7782,0.20537487
7783,2.39632902
7784,2.33672519
7785,0.68297580
7786,2.32073491
7787,1.28688019
7788,1.42675177
7789,0.27333230
7790,0.87356942
7791,1.20822912
7792,2.25202246
7793,0.44663203
7794,1.52941977
7795,1.48274156
7796,2.01182266
7797,1.96854249
7798,2.06731269
7799,2.32977769
7800,0.31779217
7801,0.54077230
7802,1.74955754
7803,1.30345969
7804,2.25790132
7805,2.41478488
7806,0.13670914
7807,1.81707620
7808,0.80578703
7809,0.82963826
7810,0.88149953
7811,1.11449212
7812,2.04876157
7813,1.66987623
7814,0.41027787
7815,0.85749378
7816,0.37392824
7817,0.09635482
7818,1.73491655
7819,1.83275738
7820,0.02461199
7821,0.50074874
7822,1.97147296
7823,1.50581027
7824,0.25864602
7825,2.40558378
7826,0.06801770
7827,2.10974134
7828,1.15326064
7829,1.65927250
7830,2.35674725
7831,1.58075948
7832,2.02065561
7833,2.41458340
7834,0.52686467
7835,0.48211658
7836,1.06980084
7837,0.28127208
7838,2.36365289
7839,0.74713344
7840,2.10853447
7841,0.95591701
7842,0.17781490
7843,2.48132833
7844,1.74156302
7845,1.93397149
7846,0.99362041
7847,1.77126815
7848,1.87840260
7849,1.22956336
7850,0.81539299
7851,0.21020144
7852,1.66198334
7853,1.92987032
7854,1.21565199
7855,0.19788750
7856,1.84297544
7857,1.58767147
7858,0.66812155
7859,1.63916698
7860,2.19717225
7861,2.26997680
7862,1.20872861
7863,2.06271319
7864,0.18744829
7865,0.97439692
7866,2.22647486
7867,1.16179682
7868,1.47792829
7869,0.83009169
7870,0.56286348
7871,0.51284374
7872,1.04169024
7873,1.10308461
7874,0.12326973
7875,0.27615689
7876,0.30097072
7877,2.31896985
7878,0.89465750
7879,1.91280045
7880,0.36778693
7881,0.58763343
7882,0.66868228
7883,0.34777051
7884,2.22130819
7885,1.72572701
7886,1.39519141
7887,2.44381420
7888,2.21494289
7889,2.07810396
7890,1.61336276
7891,0.18086837
7892,1.55932766
7893,2.37960698
7894,2.46674025
7895,0.76528018
7896,0.35417060
7897,0.38767138
7898,1.69545580
7899,1.52624305
7900,2.09890947
7901,1.26028434
7902,0.52972198
7903,1.03634533
7904,1.32904963
7905,0.08819420
7906,0.46304318
7907,1.89890143
7908,0.00427736
7909,2.20298013
7910,1.70242326
7911,1.69496272
7912,2.37276556
7913,1.26376302
7914,2.01252323
7915,2.00842619
7916,0.22240616
7917,0.74574482
7918,1.11323082
7919,0.29581587
7920,1.38836365
7921,1.43707424
7922,0.70022116
7923,0.13886610
7924,0.81983877
7925,1.03185968
7926,0.38634134
7927,2.42112362
7928,0.75945885
7929,0.31995584
7930,1.54629956
7931,1.57414937
7932,0.79245273
7933,2.40445533
7934,0.31142033
7935,0.20190465
7936,0.76988582
7937,1.36509843
7938,0.91176955
7939,0.18274002
7940,1.76147208
7941,0.91450450
7942,2.37766605
7943,0.69188747
7944,2.24389025
7945,1.20715917
7946,0.44271831
7947,1.41334008
7948,1.29216377
7949,0.33207085
7950,0.63003522
7951,0.21933920
7952,0.89067484
7953,0.19609752
7954,0.58909705
7955,0.10896119
7956,0.29721372
7957,0.81612138
7958,2.38695833
7959,1.82847397
7960,0.74012111
7961,1.67659985
7962,1.21849452
7963,1.43364126
7964,0.46209091
7965,2.24082638
7966,0.41425479
7967,2.06269788
7968,1.39803454
7969,1.89490045
7970,0.01177428
7971,1.62855096
7972,1.38522306
7973,1.54421523
7974,0.36569417
7975,1.46200479
7976,2.02659112
7977,1.93824555
7978,0.44811074
7979,2.15073698
7980,0.13187586
7981,0.77345574
7982,2.25825557
7983,0.84639720
7984,1.74148602
7985,1.66567700
7986,0.87445645
7987,1.25961710
7988,2.32746915
7989,0.45393043
7990,0.26831788
7991,2.08027322
7992,0.51866396
7993,1.14157238
7994,1.07307337
7995,0.07012711
7996,1.41533469
7997,2.31376266
7998,0.43464674
7999,2.00278137
8000,0.41230244
8001,0.69604012
8002,1.30105473
8003,1.76218113
8004,2.43765219
8005,0.40662075
8006,1.40948497
8007,0.47564892
8008,2.10504386
8009,0.29866712
8010,2.29915902
8011,2.28943853
8012,2.35759345
8013,0.61027902
8014,1.23319613
8015,0.67811103
8016,1.01177227
8017,0.67625410
8018,0.39961791
8019,1.34981943
8020,2.02386971
8021,1.68151136
8022,0.11202415
8023,1.98030610
8024,2.11130604
8025,2.25223521
8026,2.17261722
8027,2.12851347
8028,2.03002976
8029,1.21670944
8030,1.91728411
8031,1.22105250
8032,1.50116731
8033,0.02758713
8034,0.98129068
8035,2.14630389
8036,1.77783994
8037,0.58725574
8038,0.67078851
8039,1.37936794
8040,2.30008865
8041,0.42658287
8042,1.31812539
8043,1.74967370
8044,2.46302616
8045,1.42642899
8046,2.20751125
8047,0.66644312
8048,0.08214426
8049,0.00010097
8050,1.50248346
8051,0.77655486
8052,1.38872897
8053,0.56191235
8054,0.08980316
8055,1.75591703
8056,0.73520508
8057,1.74947087
8058,1.18188096
8059,1.04299545
8060,0.85119374
8061,0.90392633
8062,0.59131528
8063,0.50111412
8064,2.16141688
8065,2.08482163
8066,0.73996425
8067,0.60990466
8068,0.42957176
8069,2.43841480
8070,1.55396522
8071,1.42146870
8072,0.43490653
8073,0.38333540
8074,0.46556854
8075,1.14285809
8076,1.65290590
8077,0.80657282
8078,0.78011952
8079,0.78953104
8080,0.83902410
8081,0.28971858
8082,1.15228365
8083,2.00137228
8084,0.24568458
8085,1.91837091
8086,2.40434912
8087,2.21663444
8088,0.10388030
8089,0.17936994
8090,1.06697280
8091,2.17464346
8092,1.36545885
8093,2.18193790
8094,1.17728024
8095,1.56962741
8096,0.10557943
8097,1.30629442
8098,0.84563984
8099,0.20447713
8100,0.85427716
8101,2.24288983
8102,0.89342839
8103,2.05693357
8104,0.70637646
8105,2.07629115
8106,1.46230299
8107,0.75660894
8108,1.59271767
8109,1.58721150
8110,0.87970843
8111,1.26271741
8112,0.36593129
8113,2.34870437
8114,1.53588323
8115,1.09661029
8116,1.83755977
8117,1.00782997
8118,0.23917725
8119,1.66669087
8120,2.27644520
8121,0.42333842
8122,1.51311078
8123,1.57761724
8124,1.58190342
8125,0.15349704
8126,1.02801924
8127,1.00623294
8128,0.11227388
8129,0.54988295
8130,1.58657334
8131,2.13423831
8132,1.68982646
8133,0.69694591
8134,0.34845513
8135,0.95177349
8136,0.65355248
8137,0.87495658
8138,1.45964813
8139,2.35786412
8140,0.96536158
8141,1.08208258
8142,2.23472174
8143,1.54420421
8144,2.27768735
8145,1.37322908
8146,1.44309129
8147,1.00358831
8148,1.64823043
8149,0.06139972
8150,0.64567601
8151,1.49021049
8152,1.73160179
8153,1.37309358
8154,2.42448965
8155,1.05926743
8156,2.13192044
8157,0.79486867
8158,2.35018407
8159,0.00201303
8160,0.38200692
8161,1.27247077
8162,2.13581597
8163,0.13714448
8164,2.46969480
8165,1.87643216
8166,2.29375340
8167,1.87046727
8168,2.31565881
8169,2.19340892
8170,2.38844333
8171,2.43371837
8172,1.89744810
8173,0.65233066
8174,0.88690629
8175,2.33285061
8176,1.88844993
8177,1.51561660
8178,0.09129123
8179,2.11552969
8180,1.37411553
8181,2.22030605
8182,1.19119784
8183,1.06764075
8184,0.00465885
8185,2.03546400
8186,1.46323490
8187,0.77872078
8188,1.75396200
8189,0.30165232
8190,2.47234377
8191,0.55571747
8192,1.65390972
8193,2.41507079
8194,2.07321330
8195,2.20295727
8196,1.05191181
8197,1.85388957
8198,0.76704535
8199,0.07194701
8200,0.44490047
8201,1.57241181
8202,1.99782420
8203,2.42517527
8204,1.96382410
8205,2.27323643
8206,1.64540445
8207,2.25139826
8208,1.47969756
8209,1.05793568
8210,0.87307086
8211,1.06458718
8212,0.33534186
8213,2.49593474
8214,2.03447898
8215,1.15970024
8216,2.00369024
8217,1.40959977
8218,0.44432267
8219,1.98103127
8220,2.38267612
8221,0.32354357
8222,2.23572838
8223,0.26930753
8224,1.98316017
8225,1.76515630
8226,1.80833810
8227,0.27788374
8228,1.42298986
8229,1.29851163
8230,0.00947351
8231,1.47379858
8232,0.19050519
8233,0.33479470
8234,1.95495846
8235,0.81789170
8236,0.60492873
8237,0.71594574
8238,0.70150232
8239,0.21549365
8240,1.51963862
8241,0.05321857
8242,1.38414738
8243,1.64976264
8244,2.33939008
8245,1.46716881
8246,2.36933315
8247,2.38000714
8248,0.07239993
8249,0.80809193
8250,0.54287418
8251,0.70475300
8252,1.41863236
8253,1.02656322
8254,0.56638165
8255,1.64046145
8256,1.37902288
8257,1.21971460
8258,0.65137758
8259,0.39491655
8260,2.34886272
8261,1.13092710
8262,1.31783173
8263,1.03916841
8264,0.00945180
8265,1.21044692
8266,0.78887214
8267,1.01835652
8268,1.63130279
8269,1.18232385
8270,1.78668219
8271,1.44722128
8272,2.48751148
8273,2.08798193
8274,0.92076366
8275,1.84220915
8276,0.70335326
8277,0.28742010
8278,1.33729485
8279,1.48157421
8280,0.57714780
8281,2.10814301
8282,1.65161232
8283,2.16379471
8284,1.33924552
8285,0.18248775
8286,0.04712881
8287,1.21486497
8288,0.36222134
8289,0.66561114
8290,0.32401367
8291,2.35964923
8292,1.25997320
8293,0.00458785
8294,0.51002555
8295,0.67211394
8296,1.17861840
8297,2.33077813
8298,1.41195012
8299,1.56151290
8300,1.33228061
8301,1.18654211
8302,2.45377955
8303,2.29625014
8304,1.38601092
8305,0.33276611
8306,1.15170898
8307,2.36451799
8308,0.06645355
8309,2.02768476
8310,0.55486547
8311,2.05909208
8312,0.63144346
8313,0.33178825
8314,1.07510696
8315,1.49211807
8316,2.30734069
8317,1.67437993
8318,1.09920919
8319,1.08259583
8320,0.10139589
8321,0.29373804
8322,0.98662443
8323,1.62862284
8324,0.35687260
8325,1.14375334
8326,1.77014043
8327,1.73868635
8328,1.27051417
8329,2.12811592
8330,1.14570928
8331,1.87107676
8332,0.82585253
8333,2.31521341
8334,1.14604931
8335,0.60632226
8336,1.08883371
8337,1.79240733
8338,1.37524686
8339,0.30513510
8340,2.09827660
8341,1.72022526
8342,2.36227757
8343,1.53959441
8344,0.26042222
8345,0.01755989
8346,2.07487719
8347,1.68956597
8348,1.00843202
8349,1.25947592
8350,0.00692519
8351,2.29650845
8352,1.74516404
8353,1.86691159
8354,0.19209716
8355,1.28686663
8356,0.58118074
8357,1.32379003
8358,0.53542502
8359,0.59164851
8360,2.24568210
8361,2.15398132
8362,0.22905433
8363,0.64123426
8364,1.84231417
8365,0.81734432
8366,0.39428707
8367,0.08457823
8368,1.53905877
8369,0.09734338
8370,1.00673037
8371,0.66175485
8372,1.55237580
8373,2.22329554
8374,1.75439311
8375,1.69614952
8376,1.24497678
8377,1.02401174
8378,0.20574178
8379,1.30081767
8380,0.55438245
8381,0.14079902
8382,0.54671421
8383,0.42896597
8384,2.14115184
8385,2.05898931
8386,1.15176206
8387,1.14006936
8388,0.93796813
8389,1.88252379
8390,1.08589411
8391,1.53260751
8392,1.82240027
8393,1.65071095
8394,2.26537773
8395,0.99095378
8396,0.80074331
8397,2.01950441
8398,1.09062543
8399,0.40358400
8400,1.44700726
8401,1.10815108
8402,2.49207391
8403,0.31286620
8404,1.22995173
8405,1.38708800
8406,1.81601552
8407,0.70303156
8408,1.51569495
8409,1.84097498
8410,1.99655671
8411,0.60909805
8412,1.63601072
8413,2.02968309
8414,2.19738505
8415,1.57725933
8416,0.41808264
8417,0.77780212
8418,0.51132657
8419,0.07829787
8420,0.71291455
8421,0.33628720
8422,0.96097308
8423,0.34147546
8424,0.36007526
8425,0.15651676
8426,0.91693126
8427,0.44027563
8428,1.27970053
8429,0.94363807
8430,2.40673911
8431,1.75533332
8432,0.48392270
8433,2.21501375
8434,1.81696763
8435,0.79556002
8436,1.12717946
8437,1.65623526
8438,1.29913535
8439,0.67105121
8440,0.41592945
8441,1.85289090
8442,1.51681763
8443,1.65742212
8444,2.31167789
8445,1.81862995
8446,2.22830842
8447,0.18174797
8448,1.88830143
8449,0.10326441
8450,1.62383255
8451,2.29098630
8452,1.43300135
8453,0.04181223
8454,1.59549277
8455,0.61858412
8456,1.97269655
8457,1.80054590
8458,0.07896639
8459,0.58978001
8460,1.36506431
8461,0.75586151
8462,1.54449613
8463,1.15974825
8464,0.26131671
8465,1.77118307
8466,1.41938348
8467,1.94129864
8468,1.80637271
8469,0.03522045
8470,1.62733731
8471,0.35282328
8472,0.62982812
8473,0.88999474
8474,0.58971495
8475,0.19765231
8476,0.28834582
8477,1.79503867
8478,0.97839193
8479,2.45605388
8480,1.46636715
8481,1.10461470
8482,1.33770415
8483,1.68034312
8484,1.32228651
8485,1.76718838
8486,1.18413030
8487,1.40426672
8488,2.31857540
8489,0.55846635
8490,0.54172399
8491,1.39315442
8492,1.58271397
8493,2.28424517
8494,1.44655352
8495,0.61807698
8496,1.44116767
8497,0.85709651
8498,1.74925428
8499,1.88197411
8500,1.84767664
8501,1.68504571
8502,2.49392573
8503,0.44243355
8504,1.19137651
8505,1.07554296
8506,2.12468252
8507,1.58516021
8508,1.53093610
8509,1.96220848
8510,1.38334832
8511,1.35232000
8512,1.81044190
8513,0.78368929
8514,2.47070105
8515,1.59186946
8516,1.88349624
8517,1.66417842
8518,2.13593716
8519,2.45015432
8520,0.46009420
8521,1.74022309
8522,1.47840778
8523,1.47829101
8524,0.73501233
8525,2.01643010
8526,0.12711017
8527,2.14109379
8528,1.05918349
8529,2.45080793
8530,0.60195269
8531,2.49097001
8532,0.61704844
8533,0.60293601
8534,0.99997361
8535,0.46233994
8536,1.75615197
8537,0.75713112
8538,1.04496795
8539,1.59701972
8540,0.96680866
8541,2.16465786
8542,1.41976449
8543,1.97257428
8544,1.43518105
8545,1.50748678
8546,1.72655129
8547,0.51772496
8548,1.94828402
8549,2.18450800
8550,0.23730009
8551,0.94301447
8552,1.54174808
8553,1.49948493
8554,1.94548638
8555,0.11469428
8556,0.84275446
8557,1.92604029
8558,1.99216180
8559,0.13824118
8560,2.11499174
8561,1.73475274
8562,0.99809669
8563,0.10188905
8564,2.08950834
8565,2.18886062
8566,0.71235006
8567,1.28574453
8568,0.57375527
8569,0.69943901
8570,0.19543219
8571,1.07197460
8572,0.94528634
8573,0.67033769
8574,1.07134290
8575,2.15791475
8576,0.61683300
8577,1.52599159
8578,1.45729443
8579,1.35912534
8580,1.31037140
8581,0.05308142
8582,1.10477018
8583,1.74393749
8584,1.79611921
8585,0.08419752
8586,0.06194349
8587,2.41876468
8588,0.22527980
8589,1.02427867
8590,0.68313437
8591,2.22819371
8592,2.08950455
8593,0.13638469
8594,1.53635911
8595,1.43279053
8596,1.36103346
8597,1.39787681
8598,2.03897030
8599,0.19037278
8600,2.10452188
8601,1.62082702
8602,0.01673776
8603,0.10641154
8604,1.03210022
8605,1.48664967
8606,1.55269450
8607,2.24083612
8608,2.27240362
8609,1.66825067
8610,2.19988445
8611,0.31436425
8612,0.11583748
8613,1.50014338
8614,2.48485223
8615,0.16743914
8616,1.16291351
8617,1.39400899
8618,2.25370759
8619,0.59082022
8620,1.02874975
8621,2.01812983
8622,2.22488206
8623,1.29883675
8624,0.90873490
8625,0.00586468
8626,1.01896450
8627,2.07453389
8628,1.13105347
8629,1.34094611
8630,1.06489811
8631,0.00777301
8632,1.62650287
8633,1.54206716
8634,0.63057863
8635,0.25327136
8636,2.38993788
8637,2.06694692
8638,2.03400553
8639,1.96766601
8640,0.50432393
8641,1.10800705
8642,2.20588715
8643,1.36536147
8644,1.39777768
8645,0.37921818
8646,1.47779247
8647,1.03313547
8648,0.24248740
8649,2.44011292
8650,0.26978764
8651,1.71950461
8652,1.39033337
8653,0.95256591
8654,0.10280882
8655,0.04224874
8656,1.42134808
8657,0.24817967
8658,0.25900403
8659,0.98235354
8660,0.91731903
8661,2.03057916
8662,1.66141183
8663,0.57301260
8664,1.34831956
8665,1.74397115
8666,0.61796309
8667,0.55336913
8668,1.82786036
8669,2.29074401
8670,1.89126862
8671,1.33320326
8672,0.36211015
8673,1.11607874
8674,1.10306736
8675,1.53869119
8676,0.36989434
8677,0.46761835
8678,1.97639896
8679,0.02740087
8680,0.37713606
8681,1.44875718
8682,1.01041638
8683,0.16174065
8684,1.56415001
8685,1.70274427
8686,1.16292594
8687,0.17670563
8688,2.08497237
8689,1.64562968
8690,2.31525923
8691,2.09244005
8692,2.36331388
8693,1.29704112
8694,1.74140699
8695,2.01097724
8696,0.66572050
8697,1.52595693
8698,1.88738414
8699,0.07588659
8700,2.26335831
8701,0.34032733
8702,2.01395416
8703,0.24426608
8704,1.04954717
8705,1.63044717
8706,1.73713668
8707,0.44561711
8708,1.52740495
8709,1.42874791
8710,2.36327887
8711,2.07804031
8712,1.60004884
8713,0.70488847
8714,1.70188453
8715,1.67062174
8716,1.32271914
8717,2.31382300
8718,1.92989156
8719,2.02756630
8720,1.20899547
8721,1.47188580
8722,1.89862831
8723,0.97845957
8724,0.83911225
8725,0.93949527
8726,1.57936232
8727,0.70475418
8728,1.48577111
8729,1.44236238
8730,1.76280923
8731,0.20445526
8732,1.71330686
8733,1.20227952
8734,2.18542576
8735,2.09948629
8736,0.43136470
8737,1.17983367
8738,2.40400608
8739,1.82603630
8740,0.43486655
8741,1.82134927
8742,1.74891165
8743,1.30728407
8744,1.47850258
8745,0.44142353
8746,1.91332134
8747,2.46080587
8748,1.03613038
8749,2.04977258
8750,1.29802668
8751,0.28391508
8752,0.92659216
8753,0.56407310
8754,1.21835231
8755,1.55973681
8756,0.97791560
8757,1.00319683
8758,2.07742181
8759,1.18290704
8760,1.80303459
8761,1.11782729
8762,1.95520769
8763,2.18435608
8764,0.99836198
8765,1.83484280
8766,0.65161763
8767,1.80245903
8768,0.14811808
8769,1.98679819
8770,2.12096230
8771,0.27426327
8772,1.00864222
8773,0.26428646
8774,0.44578481
8775,1.81233604
8776,1.47290386
8777,2.20673515
8778,1.05280609
8779,2.22008894
8780,1.08716647
8781,0.48091035
8782,0.63777142
8783,0.86941287
8784,0.18824770
8785,2.23322713
8786,0.69625639
8787,1.75592639
8788,2.36777338
8789,2.18236566
8790,1.16720056
8791,1.98152603
8792,2.22482651
8793,0.86988116
8794,0.55325920
8795,1.70698170
8796,0.21591436
8797,1.05023103
8798,1.97070291
8799,2.10875628
8800,1.11324771
8801,2.40568938
8802,0.79243514
8803,1.07179180
8804,0.49379713
8805,1.93657509
8806,0.27529313
8807,1.77879144
8808,0.25129519
8809,2.00104784
8810,0.72135631
8811,1.36192436
8812,1.44085342
8813,0.85167322
8814,1.07230802
8815,1.07036582
8816,0.43905443
8817,0.85630833
8818,0.75607180
8819,0.51138165
8820,0.65113802
8821,1.14040894
8822,1.00864230
8823,0.34580369
8824,0.22309018
8825,0.33147429
8826,1.93618746
8827,0.59229663
8828,1.67743810
8829,1.11250880
8830,1.42116743
8831,1.93110757
8832,1.54211851
8833,1.24113584
8834,2.48457900
8835,0.36392058
8836,1.73871162
8837,0.82439503
8838,0.20493927
8839,0.47168741
8840,0.76131227
8841,0.06133921
8842,1.71494517
8843,0.02962554
8844,0.52278493
8845,0.70497549
8846,1.74888327
8847,2.01844698
8848,2.10215812
8849,1.50354533
8850,0.09776805
8851,0.64077602
8852,1.35482068
8853,0.59652945
8854,0.94234080
8855,2.41420197
8856,1.51958266
8857,0.13361066
8858,0.87390638
8859,0.99701103
8860,1.09468873
8861,1.29890521
8862,0.96618451
8863,0.57589812
8864,0.53982837
8865,2.49414320
8866,1.88608037
8867,0.70203723
8868,0.88538443
8869,1.56305407
8870,0.91896678
8871,0.47820570
8872,1.35581769
8873,0.85108109
8874,0.18066811
8875,1.55560232
8876,2.26593733
8877,2.15450152
8878,1.21577108
8879,2.14601650
8880,1.51746943
8881,0.85464214
8882,0.19130685
8883,0.56798410
8884,0.36084215
8885,0.31589144
8886,1.21377990
8887,1.29435109
8888,0.32619427
8889,0.63334445
8890,2.43677817
8891,1.89606206
8892,0.87955292
8893,1.43595426
8894,2.39586428
8895,0.37492867
8896,1.51595815
8897,1.18028484
8898,1.83777860
8899,0.72953199
8900,2.34038659
8901,0.35839987
8902,0.33129708
8903,1.54498374
8904,1.86151314
8905,2.38996262
8906,2.26206453
8907,1.65871146
8908,1.88621909
8909,0.54681706
8910,1.72087596
8911,0.05089889
8912,0.57106131
8913,0.15854885
8914,1.89733798
8915,0.45726372
8916,1.27957499
8917,2.08317791
8918,0.38488664
8919,1.60496726
8920,0.18767041
8921,0.89021570
8922,2.25175096
8923,1.98514548
8924,1.64983399
8925,2.06038176
8926,2.20293244
8927,0.32869073
8928,0.38114352
8929,1.36586595
8930,0.97207527
8931,1.37838932
8932,0.91328403
8933,1.75056191
8934,2.26243962
8935,2.25547543
8936,2.14873502
8937,1.15815448
8938,1.51692513
8939,0.87845325
8940,1.47243176
8941,0.36763214
8942,0.90620748
8943,0.28076030
8944,1.06250899
8945,0.96022608
8946,0.86834669
8947,1.25248354
8948,1.44983305
8949,2.48142784
8950,0.51113443
8951,0.82579503
8952,2.02323627
8953,1.69432460
8954,0.40415049
8955,2.05913033
8956,0.37791456
8957,2.29327571
8958,2.04902988
8959,0.09751852
8960,0.44051932
8961,1.89634934
8962,0.36284506
8963,1.37105837
8964,2.04073508
8965,0.85589286
8966,1.64080620
8967,0.32307519
8968,0.26786013
8969,1.70300191
8970,1.07247479
8971,0.97899357
8972,1.88633036
8973,0.38244820
8974,1.00376253
8975,1.17720509
8976,0.80377347
8977,0.50297455
8978,1.61541695
8979,1.58612751
8980,2.20315028
8981,0.11536818
8982,0.70070241
8983,0.55964871
8984,1.32070295
8985,1.33816056
8986,0.76228599
8987,2.14172694
8988,2.13407719
8989,1.80414482
8990,0.71046895
8991,0.23489808
8992,1.44642298
8993,2.44049508
8994,2.13552206
8995,1.75409015
8996,0.54730440
8997,0.92239988
8998,1.11486379
8999,1.67099108
9000,1.18883002
9001,1.18184606
9002,1.92641386
9003,0.15338045
9004,1.74892589
9005,0.66167355
9006,2.13407785
9007,1.61882664
9008,1.70830876
9009,1.02680269
9010,1.25102699
9011,1.23875065
9012,1.23613420
9013,1.14701783
9014,1.55405619
9015,1.84744771
9016,0.81791960
9017,0.52965369
9018,2.48234306
9019,2.47249843
9020,2.14440301
9021,1.91973868
9022,2.25879796
9023,0.82288854
9024,0.86944674
9025,0.90185432
9026,2.07685682
9027,1.96466479
9028,0.47031906
9029,0.57118679
9030,0.53631405
9031,1.33304862
9032,0.92641289
9033,2.42208082
9034,1.86099807
9035,0.33495024
9036,0.62680702
9037,1.93252444
9038,1.81694686
9039,0.15868187
9040,1.30446642
9041,0.84100678
9042,1.54272673
9043,0.32526588
9044,0.96767230
9045,1.44690434
9046,1.04456881
9047,1.64877015
9048,2.06169367
9049,0.38308602
9050,0.36933760
9051,2.34800073
9052,0.21014732
9053,1.54608263
9054,0.41371922
9055,0.83113023
9056,0.14876054
9057,2.43416903
9058,2.48597787
9059,1.69945764
9060,1.69406360
9061,0.03050382
9062,1.48711486
9063,0.99103613
9064,0.66811551
9065,1.64557189
9066,1.61162884
9067,2.14642162
9068,0.78198594
9069,0.91387478
9070,1.47300850
9071,1.84382838
9072,2.02022823
9073,2.31704038
9074,0.67302509
9075,2.25561178
9076,0.57367771
9077,0.12569742
9078,1.97981384
9079,2.20430153
9080,1.88047606
9081,1.63296090
9082,0.62549434
9083,0.21211785
9084,2.02810507
9085,0.36426966
9086,1.74868925
9087,0.77419782
9088,0.25335992
9089,1.51367934
9090,1.95355631
9091,1.72395467
9092,1.61544584
9093,1.56121065
9094,1.23629235
9095,1.71295841
9096,1.16780669
9097,2.11163301
9098,0.15908855
9099,1.47327131
9100,0.96608225
9101,1.32218244
9102,0.87271663
9103,0.12851719
9104,0.99419050
9105,1.13448255
9106,0.04536552
9107,2.16337481
9108,1.60014156
9109,2.24164139
9110,0.15441560
9111,1.72672351
9112,0.73782408
9113,0.04008073
9114,0.38864385
9115,0.23822577
9116,2.24870203
9117,1.60665982
9118,0.65176313
9119,0.08915142
9120,1.90606407
9121,0.67717563
9122,0.72143320
9123,0.06492306
9124,1.36567779
9125,1.19612992
9126,0.05809704
9127,1.27371457
9128,2.02659962
9129,1.06450922
9130,2.17258754
9131,0.28073987
9132,1.88797687
9133,0.20276628
9134,0.96432922
9135,1.77854554
9136,0.23204955
9137,0.13964877
9138,2.39501191
9139,1.65992134
9140,0.51528294
9141,0.06104015
9142,1.28916852
9143,0.07794105
9144,1.20442238
9145,0.04884237
9146,1.42389318
9147,0.04187586
9148,0.34135040
9149,1.96906364
9150,0.07099964
9151,0.00167673
9152,1.24582512
9153,1.53025229
9154,1.54431072
9155,1.31856119
9156,1.17703837
9157,0.22759305
9158,0.74679842
9159,0.17723451
9160,1.23183769
9161,1.30356962
9162,1.03255202
9163,0.61199950
9164,1.08731746
9165,2.38993719
9166,1.51640324
9167,1.02222938
9168,2.08483863
9169,1.66507671
9170,0.98554117
9171,0.14244623
9172,0.16592231
9173,0.86390488
9174,1.33446854
9175,0.89487852
9176,1.79042916
9177,1.95618319
9178,0.73753189
9179,2.30149498
9180,0.21517697
9181,0.40377017
9182,0.17263489
9183,2.27942443
9184,1.42691894
9185,1.97644471
9186,1.42564475
9187,1.32320965
9188,1.31043195
9189,1.99648019
9190,1.05496802
9191,2.40230183
9192,0.42322778
9193,1.58905269
9194,1.65601975
9195,1.79674451
9196,2.18288683
9197,2.34184036
9198,0.19578902
9199,2.26504204
9200,1.87466316
9201,2.49555418
9202,1.29263570
9203,1.68155967
9204,0.12202660
9205,0.90165671
9206,2.12716799
9207,0.92435645
9208,0.80149978
9209,0.79255499
9210,2.31962992
9211,2.24111718
9212,1.51401080
9213,2.17267350
9214,1.27322594
9215,1.77425041
9216,0.51403206
9217,1.93444246
9218,1.88151525
9219,1.57572684
9220,1.70334859
9221,2.17181229
9222,2.13323492
9223,1.32367025
9224,1.84192637
9225,0.44342121
9226,1.26445257
9227,0.16152658
9228,1.75448115
9229,1.53183298
9230,0.90504081
9231,1.31870162
9232,1.45631203
9233,1.69168918
9234,0.72365905
9235,1.42282959
9236,1.24352045
9237,2.32469219
9238,1.32850370
9239,2.11447296
9240,1.31469249
9241,2.39301647
9242,2.03539449
9243,1.24882126
9244,0.62265416
9245,1.82203669
9246,0.28949082
9247,1.04845056
9248,0.59446765
9249,2.02500629
9250,1.24629053
9251,2.21701183
9252,0.44723303
9253,2.13898444
9254,1.50184330
9255,1.23840175
9256,2.05020359
9257,2.16482311
9258,0.40148408
9259,0.67750965
9260,1.04712907
9261,0.48896891
9262,1.65324186
9263,0.80904910
9264,1.52001111
9265,2.18245494
9266,2.30799573
9267,2.04563326
9268,1.52168935
9269,1.49798791
9270,2.46253224
9271,1.77694509
9272,0.10965905
9273,0.58531627
9274,0.23435673
9275,0.10182451
9276,1.82219084
9277,0.32180897
9278,2.44169694
9279,1.26964788
9280,1.61478766
9281,1.74586811
9282,0.70630325
9283,1.10582680
9284,0.74789194
9285,1.11198356
9286,1.70115520
9287,1.07158325
9288,1.83401006
9289,1.71631318
9290,2.13772056
9291,0.07526968
9292,0.10810298
9293,2.22703911
9294,0.86031720
9295,2.11367701
9296,1.88177414
9297,0.63175639
9298,1.98012383
9299,1.56394067
9300,1.22715008
9301,1.34206369
9302,0.59489942
9303,1.65900740
9304,2.07962782
9305,2.14958378
9306,1.66250634
9307,0.40151476
9308,0.31911143
9309,0.66514157
9310,2.01812128
9311,0.03044782
9312,1.53462738
9313,1.18686663
9314,1.05228719
9315,0.00346497
9316,1.17198854
9317,1.51876341
9318,1.81964036
9319,2.19503260
9320,1.77039493
9321,0.52854269
9322,0.12099352
9323,1.23389434
9324,0.20689138
9325,1.57845185
9326,1.70970705
9327,0.48901318
9328,1.29470288
9329,1.77659470
9330,1.03057306
9331,1.35749501
9332,0.88405697
9333,1.72079457
9334,1.51260488
9335,1.16749828
9336,1.36928459
9337,0.52830195
9338,0.83545332
9339,1.19587035
9340,2.23690351
9341,0.24662745
9342,1.25088086
9343,1.26649795
9344,0.09214354
9345,1.18161063
9346,0.54622711
9347,1.22796939
9348,0.26451376
9349,1.96391219
9350,1.08718572
9351,1.81989326
9352,0.67802113
9353,0.17589104
9354,0.91253513
9355,0.09940461
9356,1.28554495
9357,1.92203048
9358,1.34521546
9359,1.76405388
9360,2.09801809
9361,2.44049162
9362,1.80212357
9363,1.41408717
9364,1.34975816
9365,2.35226172
9366,0.36022284
9367,1.64528522
9368,0.38957743
9369,2.42669553
9370,0.20296531
9371,1.54810051
9372,0.66107764
9373,0.42213054
9374,0.70250694
9375,2.09517201
9376,1.74623247
9377,1.36825475
9378,0.39032786
9379,2.29699353
9380,0.87270073
9381,2.48470404
9382,1.38936292
9383,2.41671656
9384,2.42075046
9385,0.45926380
9386,2.06338904
9387,1.80155769
9388,2.35675556
9389,2.45232089
9390,1.71405164
9391,0.48576142
9392,0.25569360
9393,2.31570238
9394,1.74650618
9395,2.47591638
9396,0.00661739
9397,0.96589496
9398,0.00451840
9399,2.45768955
9400,2.02883791
9401,2.46773970
9402,0.84591617
9403,0.58157903
9404,0.02713865
9405,1.13109131
9406,0.75092533
9407,1.40982163
9408,2.41199488
9409,1.11121162
9410,1.81592561
9411,0.52166839
9412,0.94691213
9413,2.37746997
9414,1.76792619
9415,2.06438196
9416,1.16143266
9417,1.05069508
9418,0.55668483
9419,0.15489271
9420,0.61084627
9421,1.61323961
9422,0.97180342
9423,0.38266790
9424,1.69437149
9425,0.82324553
9426,2.21581024
9427,1.68033790
9428,1.68966076
9429,2.40394368
9430,2.40172437
9431,1.98193150
9432,0.80866930
9433,2.42849339
9434,0.43601389
9435,1.73198974
9436,1.71173493
9437,2.30835392
9438,1.74490853
9439,2.04730167
9440,2.33214756
9441,1.54128147
9442,1.42061892
9443,0.19603463
9444,0.81377730
9445,0.94947576
9446,2.43762683
9447,0.94564833
9448,0.91633840
9449,0.96642243
9450,1.28556224
9451,0.69715484
9452,0.53711931
9453,1.96425861
9454,1.10903454
9455,0.28012201
9456,0.65921620
9457,1.49922957
9458,0.29800317
9459,1.82575969
9460,1.40959661
9461,0.57855487
9462,0.57616595
9463,1.11768235
9464,1.67130194
9465,0.11882406
9466,1.41831447
9467,2.03998726
9468,2.37206458
9469,0.77328816
9470,2.14197473
9471,0.78786110
9472,0.67468145
9473,0.70614615
9474,1.88039528
9475,1.85073603
9476,1.81748811
9477,0.82064876
9478,1.29654414
9479,1.11260067
9480,0.57013020
9481,0.96081379
9482,0.90388903
9483,1.37897775
9484,0.60914729
9485,1.38531093
9486,0.26316448
9487,0.30015923
9488,0.61332529
9489,1.97116969
9490,0.37986323
9491,2.07808062
9492,1.15164295
9493,1.70086885
9494,0.61940259
9495,0.23910154
9496,1.09138531
9497,0.85488359
9498,0.73808499
9499,0.72982024
9500,0.04159951
9501,0.10795092
9502,0.93191613
9503,1.35808976
9504,1.73700167
9505,0.29521123
9506,1.29710575
9507,1.95146368
9508,0.87307873
9509,0.90917703
9510,2.44352009
9511,1.46880231
9512,1.21377077
9513,0.08481292
9514,0.15036235
9515,1.44004846
9516,0.62991838
9517,0.05166155
9518,0.18786080
9519,2.41987192
9520,1.80911095
9521,2.05473094
9522,1.63786769
9523,1.15695336
9524,1.51198734
9525,2.25546669
9526,0.79994173
9527,1.49020753
9528,1.17907458
9529,1.51691006
9530,0.72712778
9531,1.70480028
9532,0.40368547
9533,2.35029444
9534,2.47753068
9535,2.27165932
9536,2.33056479
9537,0.04487643
9538,0.16470780
9539,0.13469330
9540,0.04399523
9541,0.99536789
9542,0.18796254
9543,2.28802424
9544,0.05579230
9545,0.10747443
9546,1.90575711
9547,0.22936827
9548,1.47724175
9549,0.74466691
9550,2.05808897
9551,1.64087192
9552,0.10382340
9553,0.13683243
9554,0.97058928
9555,1.42880738
9556,0.26934773
9557,1.53205303
9558,1.33377453
9559,0.92006829
9560,1.78161745
9561,0.77472806
9562,1.96870491
9563,1.57858976
9564,0.42476103
9565,2.38270436
9566,1.54842419
9567,2.10755538
9568,1.56531072
9569,2.30255031
9570,2.11057621
9571,1.87717215
9572,0.81875081
9573,2.35135722
9574,0.88202294
9575,2.19867591
9576,2.13280598
9577,2.04261413
9578,1.83426913
9579,0.59295745
9580,1.02516131
9581,0.90065946
9582,1.97505094
9583,0.37670986
9584,0.92447211
9585,0.58468355
9586,0.74026475
9587,1.37897866
9588,1.28644205
9589,0.00955542
9590,0.55802365
9591,1.41322335
9592,0.25499076
9593,1.28746287
9594,0.86669041
9595,1.41740229
9596,1.06838013
9597,0.87451160
9598,0.62467183
9599,0.36728132
9600,0.46705345
9601,1.23336495
9602,1.47966663
9603,0.81637539
9604,1.68081643
9605,0.48629819
9606,0.95689851
9607,1.38152960
9608,2.14924690
9609,2.28289243
9610,1.27075748
9611,2.37163742
9612,1.86091240
9613,2.13816414
9614,0.16097311
9615,1.37247862
9616,0.73609277
9617,1.31662456
9618,2.47466547
9619,0.30566120
9620,2.12788231
9621,2.18567003
9622,0.54203226
9623,1.44060530
9624,0.09910548
9625,0.82727217
9626,0.11424914
9627,0.43064498
9628,0.20462946
9629,1.12710188
9630,1.18325671
9631,2.46869254
9632,1.34188417
9633,0.10239242
9634,0.40210365
9635,0.57574529
9636,0.07214862
9637,2.06507027
9638,2.06141096
9639,1.79762381
9640,0.48525572
9641,2.08312660
9642,1.10797365
9643,0.18953996
9644,0.01991936
9645,1.35302345
9646,0.73358439
9647,1.31922926
9648,1.02229185
9649,1.45553897
9650,1.72134945
9651,1.31166523
9652,0.45526613
9653,2.48767244
9654,2.22255429
9655,0.35797396
9656,0.63373333
9657,1.05596929
9658,2.30864609
9659,1.29111328
9660,2.43714102
9661,0.04437075
9662,1.35548361
9663,0.21532841
9664,2.18610918
9665,2.28060785
9666,2.19351135
9667,1.07973288
9668,1.31884500
9669,0.33109875
9670,1.18617246
9671,2.29826119
9672,0.07426354
9673,1.22050841
9674,0.14342376
9675,1.68476454
9676,1.91431408
9677,1.48142848
9678,1.88444588
9679,2.40820005
9680,0.34479065
9681,0.30444422
9682,1.27694969
9683,1.41662847
9684,1.42795410
9685,0.20407845
9686,0.78233297
9687,1.62409327
9688,0.79289174
9689,2.47934721
9690,0.64191356
9691,2.33024279
9692,2.40723919
9693,1.51096943
9694,0.42186987
9695,1.74190290
9696,1.77100101
9697,0.06520344
9698,1.83064598
9699,0.15204687
9700,0.20004480
9701,0.40987753
9702,1.02880208
9703,0.93980405
9704,0.27406329
9705,0.80504104
9706,2.24477595
9707,2.39931831
9708,2.04233055
9709,0.35027276
9710,1.28145499
9711,0.79473518
9712,1.51293770
9713,1.94297446
9714,1.18684057
9715,1.51915632
9716,0.48246707
9717,2.26385284
9718,0.67440311
9719,2.05215718
9720,2.03105687
9721,0.75835018
9722,0.55871051
9723,0.55362439
9724,0.29988937
9725,0.20479529
9726,0.26156717
9727,1.16607009
9728,0.18613447
9729,0.23838761
9730,0.20086244
9731,0.67367341
9732,0.47173385
9733,0.32043292
9734,1.68269696
9735,2.10510781
9736,1.42645727
9737,2.47140695
9738,0.75108261
9739,2.14149677
9740,1.52242770
9741,1.48454596
9742,1.96352760
9743,0.14954746
9744,1.89321426
9745,2.11875270
9746,1.28078187
9747,0.16561820
9748,0.59528493
9749,0.47546497
9750,0.55002680
9751,1.18508347
9752,2.10913740
9753,2.28729517
9754,0.77972531
9755,0.84245811
9756,1.04977338
9757,2.46109371
9758,1.26014843
9759,2.01516403
9760,0.30297857
9761,2.48178347
9762,0.62844603
9763,2.05373731
9764,2.10777390
9765,2.42730180
9766,1.48632729
9767,1.63760371
9768,1.53881488
9769,2.29523262
9770,0.06147120
9771,0.71262773
9772,1.57425257
9773,2.13102939
9774,1.27569368
9775,1.77034172
9776,0.87739079
9777,0.12532554
9778,1.57808191
9779,2.07851581
9780,1.43208846
9781,1.58690092
9782,0.96794119
9783,1.28260599
9784,1.04358849
9785,1.56090022
9786,0.37775502
9787,0.38404742
9788,2.37879500
9789,2.18338962
9790,1.95629389
9791,1.54851368
9792,0.59844088
9793,1.55471467
9794,0.63563247
9795,0.71843628
9796,2.44247557
9797,1.53791093
9798,1.06518101
9799,2.17719846
9800,0.70791711
9801,1.54657365
9802,0.98076780
9803,0.33097452
9804,1.91231309
9805,0.96941815
9806,0.99679773
9807,2.46606605
9808,2.32626671
9809,0.70313772
9810,1.89375832
9811,1.81610981
9812,2.15361098
9813,0.53666351
9814,0.75786367
9815,0.70632204
9816,0.58463046
9817,0.04118178
9818,0.94866789
9819,0.46963842
9820,2.14342311
9821,1.15351707
9822,1.82782880
9823,0.59351478
9824,0.57539084
9825,1.15105842
9826,2.14997496
9827,0.42796970
9828,0.12684500
9829,0.21074762
9830,2.16011028
9831,0.86150163
9832,2.46767602
9833,1.56155748
9834,0.12986746
9835,0.42898976
9836,1.61577485
9837,1.82959900
9838,0.61674811
9839,1.21583978
9840,1.76264579
9841,0.73283784
9842,0.31528196
9843,0.13900953
9844,1.77548099
9845,1.58954537
9846,0.25585619
9847,1.24709618
9848,0.64432535
9849,0.73472992
9850,1.04890113
9851,1.88100191
9852,2.00953761
9853,0.59228090
9854,1.44071827
9855,1.53167911
9856,2.02513836
9857,0.27581842
9858,2.12652057
9859,1.87421943
9860,1.54793471
9861,1.50422481
9862,2.06027912
9863,1.98335028
9864,2.15478514
9865,1.39153806
9866,1.68119659
9867,0.85078493
9868,2.35602932
9869,1.00502973
9870,1.73916255
9871,0.76901549
9872,2.27364815
9873,1.61531599
9874,1.04121994
9875,1.10321993
9876,1.84579522
9877,0.10001136
9878,1.66671279
9879,2.33780643
9880,2.18106877
9881,2.23649564
9882,0.86953814
9883,0.73720675
9884,1.85924995
9885,2.47554978
9886,1.35966368
9887,0.19166441
9888,0.56460417
9889,0.77844810
9890,1.52438846
9891,2.11387105
9892,0.00741915
9893,0.08077320
9894,1.44398446
9895,0.76179790
9896,1.04498681
9897,1.20040219
9898,2.31511732
9899,2.15586998
9900,2.43281662
9901,1.40255228
9902,0.82881602
9903,1.15782310
9904,1.68934572
9905,1.99314221
9906,1.21319342
9907,2.41327158
9908,2.19040258
9909,2.28973771
9910,1.12709824
9911,0.94676137
9912,1.53524321
9913,0.27727668
9914,2.34312218
9915,1.24876167
9916,0.60894964
9917,2.05485238
9918,0.07353719
9919,1.60510184
9920,0.96726517
9921,1.91582295
9922,2.35149275
9923,2.12900202
9924,0.29695553
9925,1.20125752
9926,2.06508083
9927,0.19370436
9928,0.62583909
9929,1.93968775
9930,1.63292227
9931,0.84336017
9932,1.74633068
9933,2.05176377
9934,0.07135634
9935,1.36145011
9936,2.29072731
9937,0.56789950
9938,0.78777519
9939,0.03979651
9940,1.13771339
9941,2.31409271
9942,1.38945068
9943,2.38546332
9944,1.99672343
9945,1.35705720
9946,2.40266611
9947,0.89795849
9948,1.39389747
9949,1.39533924
9950,1.91509149
9951,1.90251837
9952,0.66896453
9953,0.28947659
9954,0.16444711
9955,0.76110346
9956,2.16141041
9957,1.22601989
9958,0.87387184
9959,0.49064170
9960,1.52972022
9961,0.37458934
9962,0.03205070
9963,2.13105229
9964,2.43608139
9965,0.43879761
9966,0.88129457
9967,0.08256285
9968,2.06857114
9969,0.16478162
9970,0.90308497
9971,1.12962988
9972,1.57644469
9973,0.81939377
9974,1.20805680
9975,1.03151135
9976,1.65993866
9977,1.64010447
9978,1.35551886
9979,0.73091983
9980,0.23815617
9981,2.04279977
9982,1.40990561
9983,1.11181626
9984,1.90783573
9985,1.90213992
9986,0.05209263
9987,1.14157404
9988,1.01370126
9989,2.37249922
9990,1.88576154
9991,1.86030622
9992,2.29122093
9993,0.27667128
9994,2.17709523
9995,2.42711748
9996,0.40411540
9997,0.88197017
9998,1.80074273
9999,1.67217334
