step,entropy
0,0.77207880
1,0.42777479
2,2.15544011
3,2.40699554
4,1.13701283
5,0.81083512
6,0.11779700
7,0.09144145
8,0.97412288
9,2.30636202
10,1.81167262
11,0.86599726
12,2.40008785
13,1.06306751
14,0.68631091
15,1.05710580
16,0.52454234
17,2.19578031
18,0.89550975
19,1.63133447
20,0.96461553
21,2.23567768
22,1.59268770
23,1.21056679
24,0.32769083
25,2.23613695
26,1.35576285
27,0.70678992
28,2.17666078
29,0.13504835
30,0.77874695
31,1.33099914
32,0.84255594
33,1.18201192
34,0.65537881
35,0.32258392
36,0.09144789
37,0.39092011
38,2.36265169
39,1.42663477
40,1.21232267
41,0.95290524
42,1.75641456
43,0.35029275
44,0.68466748
45,1.62621029
46,1.18778880
47,1.90931461
48,2.22421974
49,2.04140812
50,0.45677131
51,0.22685377
52,0.42016024
53,1.94263088
54,2.26567555
55,2.29447870
56,0.73942357
57,2.08347765
58,1.32952929
59,2.03996833
60,1.35960063
61,0.36178087
62,0.19648150
63,2.37324454
64,1.05574052
65,0.86909934
66,0.88343534
67,0.93954360
68,2.34294259
69,0.15553710
70,0.29525833
71,1.95780581
72,1.36219056
73,0.31875020
74,0.08551261
75,0.55600655
76,0.64668784
77,0.03531537
78,0.53581617
79,1.83054054
80,2.12089496
81,2.22701132
82,0.96676461
83,0.79197813
84,2.47896312
85,1.90745001
86,1.33229746
87,0.63171501
88,0.79666816
89,1.27778481
90,1.34402630
91,0.03399051
92,2.37865158
93,1.42713834
94,1.46073686
95,0.52436360
96,1.89665725
97,1.82792640
98,0.23599652
99,1.47520596
100,1.63189175
101,2.07164378
102,0.51102546
103,2.17593661
104,1.14419577
105,0.23938227
106,0.26193732
107,0.49048076
108,0.70108207
109,1.23078222
110,1.85640452
111,0.46301448
112,2.46109022
113,0.40052804
114,1.48607391
115,2.30313510
116,2.06405547
117,1.60634442
118,1.77394978
119,0.33280463
120,0.02403494
121,1.07643274
122,0.22201602
123,0.88702893
124,0.55478787
125,2.27191239
126,2.18193933
127,2.03042577
128,1.77011020
129,0.38205777
130,0.11999198
131,1.62121647
132,1.59238371
133,0.91596581
134,1.17197702
135,1.21279189
136,0.59491505
137,0.77896933
138,1.03736198
139,1.49549761
140,2.36977376
141,1.33510526
142,1.81280158
143,2.00081943
144,0.28149075
145,1.61932434
146,1.19534142
147,1.41926603
148,0.09532243
149,2.24679534
150,2.36224915
151,0.00871049
152,0.52763732
153,0.44682082
154,1.93711168
155,1.48285609
156,0.43972896
157,2.01809930
158,0.87642355
159,1.14264825
160,0.96030020
161,1.29269951
162,1.19046167
163,0.68083493
164,1.05265011
165,2.25205481
166,1.24686829
167,2.27201078
168,1.36396954
169,1.90615298
170,0.72795842
171,1.95969492
172,0.65539210
173,0.04854688
174,0.39856204
175,0.05376046
176,2.34806422
177,2.47925114
178,1.88982222
179,0.26815260
180,2.22877065
181,1.84407031
182,0.82378861
183,1.24534052
184,1.64073169
185,0.05970467
186,1.24351333
187,1.81585481
188,0.46673201
189,1.10033695
190,1.32034273
191,1.82371382
192,2.39118068
193,2.10314828
194,1.54096518
195,1.44705754
196,1.49551661
197,1.35170131
198,0.14725224
199,1.73131545
200,1.77604176
201,1.27063475
202,2.15796916
203,1.66720357
204,0.89920714
205,0.04890484
206,0.14675334
207,0.87226684
208,1.14574344
209,0.41378991
210,0.46946644
211,0.57082493
212,1.93515017
213,1.91227804
214,0.94947186
215,0.42740897
216,0.27504541
217,0.21609162
218,0.97014930
219,0.11298818
220,0.82723603
221,2.38394017
222,1.25829873
223,2.03960340
224,0.32055803
225,0.66470699
226,2.34678445
227,0.95099141
228,1.60762600
229,2.42012090
230,1.36560759
231,0.75710087
232,1.31890063
233,0.13553619
234,0.27866878
235,0.01785682
236,2.19223816
237,1.66433665
238,0.73970614
239,0.54838805
240,1.69358208
241,2.27980958
242,0.74171264
243,0.79729703
244,2.11793733
245,2.21496222
246,2.26618498
247,0.72687474
248,0.29836054
249,1.09093323
250,0.73334716
251,2.19138685
252,0.09090445
253,1.57161355
254,2.24671013
255,2.42146858
256,1.61190136
257,2.35515560
258,0.18765522
259,0.89081170
260,0.02168374
261,2.43265835
262,2.23814467
263,0.06962675
264,0.04503302
265,0.90987982
266,0.64105311
267,2.09981800
268,0.39795577
269,1.96027996
270,1.37471118
271,0.93571904
272,0.36135082
273,2.47358433
274,1.53220780
275,1.08940766
276,0.92018861
277,2.24558670
278,2.03600146
279,2.01119423
280,1.52777581
281,2.20152670
282,0.74205795
283,1.74472744
284,1.00279702
285,1.48761311
286,2.47472897
287,2.44094148
288,1.27097850
289,1.42281755
290,2.22474515
291,2.44369574
292,1.93042591
293,0.16168527
294,0.79997615
295,2.22286235
296,1.90500067
297,1.84024458
298,1.65601339
299,1.02961264
300,0.99980602
301,2.00560778
302,0.72842695
303,1.69793380
304,1.80051604
305,2.09392664
306,0.79314799
307,1.83939221
308,0.26409096
309,0.34236480
310,1.03475008
311,0.13699541
312,2.34964021
313,2.23608525
314,0.12139589
315,2.07844566
316,1.26169418
317,1.74040553
318,2.19898446
319,1.43053052
320,0.28847965
321,0.00647097
322,1.23206083
323,2.35344288
324,1.41973939
325,0.92467994
326,0.07674080
327,2.26852252
328,0.81117465
329,1.74738336
330,1.72125178
331,0.62951278
332,0.15819712
333,0.95458253
334,0.78631876
335,1.73617475
336,2.03250745
337,0.55157138
338,1.30968437
339,0.10075544
340,0.53126749
341,1.88866031
342,1.96709501
343,1.92496332
344,0.35309043
345,1.36621989
346,1.04806943
347,2.45820068
348,1.62166771
349,2.31865918
350,0.36043486
351,1.11789660
352,1.91307080
353,0.91208196
354,1.56821211
355,1.26870543
356,2.45929926
357,0.43114804
358,2.31902265
359,0.99566480
360,1.16034026
361,1.31060371
362,0.65798274
363,2.38920655
364,2.25986452
365,2.41213362
366,2.47167102
367,1.66066656
368,1.11991028
369,2.10924310
370,0.05909577
371,2.06875763
372,1.23296449
373,1.66914536
374,0.92742426
375,0.91397962
376,0.07871212
377,1.05074952
378,1.01248202
379,0.55738687
380,0.61324931
381,1.44829444
382,0.78790653
383,2.05846353
384,0.27622731
385,1.43219275
386,0.39686571
387,1.30970807
388,1.36996640
389,1.59248177
390,1.05976280
391,1.26318298
392,0.44870118
393,1.14799960
394,0.92490617
395,1.65157029
396,1.07810111
397,1.93224529
398,1.05621044
399,0.58460899
400,0.67861532
401,0.11235050
402,1.33866097
403,2.06002291
404,1.90688290
405,1.08545883
406,0.48630549
407,2.14085463
408,0.14085125
409,0.98984300
410,2.12382405
411,0.97485348
412,0.29231842
413,0.65942801
414,1.48768906
415,0.37701000
416,1.62381338
417,1.08638225
418,0.82910652
419,0.59738771
420,2.04130249
421,0.98352400
422,1.83093803
423,1.09181985
424,0.22783790
425,1.09219368
426,1.25875283
427,1.13517415
428,2.02372903
429,2.25828809
430,1.95068338
431,1.44492844
432,1.34245705
433,1.59822947
434,0.71367554
435,2.01283315
436,2.12440180
437,0.66257084
438,2.23837209
439,2.10428173
440,1.05247838
441,2.25369867
442,0.29867398
443,0.06946312
444,0.86251991
445,1.40192321
446,0.87138511
447,2.33568069
448,0.63156327
449,0.69727072
450,1.57396173
451,0.00965746
452,1.80385935
453,0.93591171
454,2.42413995
455,1.71426132
456,0.12953089
457,0.22972366
458,0.21866703
459,2.36184779
460,1.69599918
461,1.06021169
462,0.49712072
463,2.16603197
464,0.49978153
465,1.75209839
466,1.89253474
467,0.73059825
468,1.25187782
469,0.55291975
470,0.93953182
471,2.39286826
472,1.71852669
473,2.09902943
474,1.34034874
475,0.59271253
476,1.76747121
477,1.24110116
478,0.43852704
479,1.02258660
480,1.57399299
481,1.82313488
482,0.60307832
483,2.17187698
484,0.94107253
485,0.67228832
486,0.48382552
487,1.99380379
488,0.87813348
489,1.19853543
490,0.55249962
491,1.70105564
492,1.93643954
493,0.84159130
494,2.34314727
495,0.07596875
496,0.32967455
497,1.45981654
498,1.73902701
499,0.62157882
500,1.37374775
501,0.78943077
502,1.37379274
503,1.63470303
504,2.41189302
505,1.12985538
506,1.60715473
507,1.43317031
508,0.78736966
509,0.62748222
510,2.44923684
511,0.51291261
512,1.95935224
513,0.36350188
514,1.99424989
515,0.46054155
516,2.39788187
517,1.70079925
518,0.22350187
519,1.71862359
520,1.49659277
521,0.83693282
522,0.64650254
523,1.78205137
524,1.83808344
525,0.81129660
526,2.17244664
527,0.66656254
528,0.17328799
529,1.48728842
530,0.26553059
531,0.68599188
532,1.25750978
533,0.71002940
534,0.53310341
535,1.74343645
536,1.35621524
537,2.08203937
538,1.44110471
539,1.19865489
540,0.64779262
541,1.96379157
542,0.48816653
543,0.60061797
544,2.08656979
545,1.83766483
546,1.51953241
547,0.09657095
548,0.31557892
549,1.23958759
550,1.85042393
551,1.15069084
552,0.04295139
553,0.45692573
554,1.45976613
555,1.72120184
556,0.08295448
557,0.10750739
558,0.64792591
559,0.20709792
560,1.34368742
561,0.30676368
562,1.60716289
563,1.92699841
564,2.40621214
565,2.35139710
566,0.67781311
567,0.07299118
568,0.81676669
569,1.75656324
570,0.14833896
571,0.89188845
572,0.73897423
573,0.54388631
574,1.75073863
575,1.63413114
576,1.32769108
577,2.25809791
578,0.25578295
579,0.37119204
580,0.95073799
581,1.62616053
582,1.44814497
583,0.18364686
584,2.37623363
585,0.75640388
586,0.89005371
587,1.54619978
588,2.34336081
589,1.64303464
590,2.36718079
591,0.46515955
592,1.53425021
593,2.05505951
594,1.26206679
595,0.89798988
596,2.44152100
597,0.34961806
598,1.01886686
599,2.16537250
600,2.23257698
601,2.43067083
602,2.19381879
603,0.12641219
604,2.30518310
605,1.06160299
606,1.61559191
607,0.97757861
608,2.01734840
609,1.42791441
610,2.09637774
611,0.48048207
612,0.45869366
613,1.09187343
614,0.01185818
615,1.71781991
616,0.73406332
617,1.38175132
618,0.17363294
619,0.42314464
620,1.54428921
621,0.75788599
622,0.53242311
623,0.56744114
624,0.53266464
625,1.54426883
626,0.41582311
627,0.89931053
628,1.70550783
629,1.27358675
630,1.48087472
631,0.62213414
632,2.31249280
633,1.02617990
634,0.71152763
635,2.24211071
636,1.62469175
637,1.52219107
638,2.19849725
639,0.14521284
640,2.07687827
641,1.68065974
642,0.89258298
643,0.63563197
644,0.25991595
645,2.33321742
646,0.35191076
647,0.64328583
648,1.71349173
649,1.76070931
650,0.39866062
651,2.01849649
652,1.26519756
653,2.10359734
654,0.21647857
655,0.10626343
656,1.57932373
657,0.37202152
658,1.30154748
659,0.03505686
660,1.93370211
661,2.23022028
662,2.07986140
663,2.37605515
664,2.23906019
665,1.10090084
666,0.98767487
667,2.22192353
668,2.29817257
669,2.41196218
670,1.90491322
671,0.50085479
672,2.34283675
673,2.34825964
674,1.65157094
675,2.12547305
676,1.39136348
677,2.34078595
678,0.23296795
679,2.14204281
680,0.13768427
681,0.84080242
682,0.33558141
683,1.18796415
684,0.57586967
685,2.36048451
686,1.38676429
687,2.22575907
688,0.68944893
689,0.06448235
690,1.92310524
691,1.74143384
692,1.35247731
693,2.02150025
694,2.08284047
695,1.45762558
696,2.39483527
697,1.78440953
698,1.67820781
699,0.89612579
700,0.00567754
701,0.59743033
702,1.89401272
703,1.76001219
704,0.82075807
705,1.55104215
706,0.48424060
707,0.65367178
708,2.34892067
709,1.02444772
710,0.60745862
711,1.20773143
712,0.95957942
713,1.80874836
714,2.38538522
715,1.46713124
716,1.46566791
717,0.90458509
718,1.39992801
719,0.79176774
720,0.00278551
721,2.14732971
722,1.06476871
723,1.22007859
724,0.20709599
725,2.07546759
726,0.42238280
727,1.01810234
728,2.08328965
729,1.13502725
730,2.30861891
731,0.51901633
732,1.77330477
733,2.42476139
734,1.36269668
735,1.71616116
736,0.97497738
737,1.86281616
738,2.25338593
739,1.74311453
740,2.32046064
741,1.45948338
742,1.43093452
743,0.75531940
744,1.75940784
745,2.18664125
746,1.60244465
747,0.57783585
748,1.34904970
749,1.87422081
750,2.32897581
751,0.38831564
752,0.31617263
753,1.02386004
754,0.31149700
755,2.43078688
756,1.05202617
757,1.32302127
758,0.56308087
759,1.11356501
760,2.44136085
761,1.21164590
762,0.02195455
763,0.60135956
764,2.42589268
765,2.45220396
766,0.52193881
767,1.52545925
768,0.19075145
769,1.43168871
770,0.31226440
771,2.02972830
772,2.32950060
773,0.42895211
774,1.14724794
775,0.25306608
776,0.84088412
777,0.16147032
778,0.65594972
779,2.45507033
780,0.11065977
781,2.12965815
782,0.19210077
783,1.31158312
784,1.12098700
785,2.30961636
786,0.49356841
787,0.44555107
788,1.85631251
789,1.79930357
790,1.73351050
791,0.06485314
792,0.64457789
793,2.08237141
794,1.48974355
795,1.49305778
796,0.73372336
797,0.64510696
798,2.34680538
799,1.80435080
800,0.31460830
801,2.32486929
802,1.44390762
803,0.82656002
804,0.98467808
805,1.79852270
806,0.93294449
807,1.43491953
808,1.76156975
809,0.48445758
810,2.34106992
811,0.88311226
812,1.03980453
813,1.73185585
814,1.50939633
815,1.09123635
816,1.61093803
817,2.23839712
818,1.98416524
819,2.04360576
820,0.64073191
821,1.03987541
822,1.37312309
823,0.10963721
824,1.90856995
825,0.80201826
826,0.70069871
827,0.64292256
828,0.70264041
829,0.83809455
830,1.49957726
831,1.44687072
832,0.63404628
833,0.51185128
834,2.04881011
835,0.22996049
836,1.27148383
837,1.29066819
838,1.42349526
839,2.19580843
840,1.54690423
841,2.41394015
842,2.16036280
843,0.53246852
844,0.59802693
845,0.85485242
846,0.97073233
847,1.37108015
848,0.57653032
849,0.55132287
850,0.94563147
851,1.66617794
852,1.70609974
853,2.42009601
854,0.50191244
855,0.97406624
856,2.39173550
857,1.71076845
858,1.46847275
859,1.33798474
860,0.18728561
861,2.21495725
862,1.55084937
863,1.41737305
864,1.33762350
865,0.97172351
866,0.63145037
867,1.87269501
868,1.26341313
869,0.08422191
870,0.98952510
871,2.30230010
872,0.92704866
873,1.02457772
874,1.54702120
875,1.98761431
876,1.65734693
877,2.10755928
878,0.28263731
879,2.29235570
880,2.24110847
881,1.28716681
882,1.54895777
883,0.52769052
884,1.11064278
885,0.50262628
886,0.05456325
887,2.43196242
888,0.64256185
889,1.47052998
890,0.74446779
891,0.91893428
892,0.98622043
893,0.83073595
894,1.58033868
895,2.38246014
896,1.06276193
897,2.41317892
898,1.65570102
899,1.50530834
900,0.58791301
901,0.15607291
902,2.11222033
903,1.42310914
904,1.02750533
905,2.01313183
906,0.77007824
907,1.94284550
908,0.81317582
909,2.28315437
910,0.66442955
911,0.34110631
912,1.73082038
913,0.40381382
914,2.35376746
915,1.62534997
916,0.57243471
917,0.51778819
918,2.29057682
919,1.50709764
920,2.21585522
921,0.27335165
922,2.29433820
923,1.28939991
924,1.65724974
925,0.92452210
926,0.14670047
927,2.37511212
928,2.46591612
929,0.90387353
930,2.34014379
931,0.41591007
932,0.38357635
933,0.18133908
934,0.97012490
935,0.12974732
936,0.97852399
937,0.34317972
938,1.81122451
939,2.06617577
940,1.70533072
941,0.49714914
942,1.90127113
943,0.61864640
944,1.88302500
945,1.40678715
946,0.90924271
947,0.20707482
948,2.05166449
949,2.32969381
950,1.65104141
951,2.39139849
952,2.31595516
953,0.48255701
954,1.81292167
955,0.86608503
956,1.20874572
957,0.38923143
958,2.41678051
959,1.80033966
960,0.66180512
961,0.92104180
962,1.04751039
963,1.85338612
964,2.29509454
965,0.79700206
966,1.17151445
967,1.47077608
968,0.97526827
969,1.25005952
970,0.26215154
971,0.41578139
972,0.99450032
973,2.26842235
974,0.86621699
975,0.61937185
976,1.84180439
977,2.35319009
978,1.13835110
979,0.02141167
980,1.70615854
981,1.02910924
982,1.67020030
983,0.68860115
984,0.00604835
985,0.85416340
986,1.74742040
987,0.97469629
988,0.54346113
989,1.15045779
990,1.86532311
991,0.29618011
992,1.71509047
993,1.65457740
994,0.91922252
995,2.40576470
996,2.21825832
997,0.78391507
998,0.07715998
999,0.76443656
1000,0.50763081
1001,1.35684142
1002,2.27785683
1003,2.15784496
1004,0.75829885
1005,1.06266991
1006,0.09067452
1007,1.34918455
1008,0.15718181
1009,2.32709867
1010,2.14940647
1011,0.53109842
1012,1.73397389
1013,1.40833124
1014,1.98682817
1015,1.17932903
1016,0.47552485
1017,1.58639702
1018,0.19911141
1019,1.44940615
1020,0.52742216
1021,1.69819304
1022,2.05298754
1023,0.27161501
1024,0.99243585
1025,1.81864681
1026,0.40593556
1027,1.40462054
1028,1.66572143
1029,0.87969300
1030,2.06275351
1031,1.26611715
1032,1.55454249
1033,0.34933408
1034,0.05749741
1035,0.12589539
1036,2.24110405
1037,2.18835158
1038,2.00228301
1039,0.49496231
1040,1.30281091
1041,1.97383549
1042,1.67273815
1043,0.28648162
1044,2.22033071
1045,0.39844663
1046,0.42599906
1047,2.23388572
1048,1.20155491
1049,0.92456264
1050,1.37272047
1051,2.43318782
1052,0.29666943
1053,1.87672838
1054,0.82894875
1055,0.29027008
1056,1.04614788
1057,1.36056266
1058,0.51070430
1059,1.00483425
1060,1.57606514
1061,1.42922529
1062,1.79295952
1063,2.07371730
1064,1.01443103
1065,1.04871121
1066,1.23149210
1067,1.40419835
1068,0.26863484
1069,0.77517299
1070,0.42623732
1071,0.95669579
1072,2.41324672
1073,1.44480214
1074,1.06461359
1075,1.40316579
1076,1.65887274
1077,1.07842772
1078,1.11005363
1079,1.73901280
1080,0.15097035
1081,1.33906201
1082,1.35702959
1083,1.87624099
1084,2.43628046
1085,1.97293723
1086,1.24908590
1087,0.42019143
1088,1.45851231
1089,2.06849692
1090,2.31174702
1091,2.04621234
1092,0.46857466
1093,1.76671754
1094,2.18218465
1095,1.68847577
1096,1.70021511
1097,1.24009540
1098,1.57928863
1099,0.72991555
1100,0.22025864
1101,2.05217371
1102,2.33834977
1103,2.12433773
1104,0.82792654
1105,0.23196077
1106,0.69460553
1107,2.08966084
1108,1.62599307
1109,2.39673548
1110,0.84966310
1111,1.36730429
1112,1.95876455
1113,0.58019787
1114,2.39027889
1115,1.46876815
1116,0.01965788
1117,0.06243876
1118,2.18729451
1119,1.59987939
1120,1.89191037
1121,1.94383408
1122,1.04249454
1123,1.98001905
1124,2.32443667
1125,0.42692980
1126,1.89454797
1127,0.76316522
1128,0.79713314
1129,1.02339226
1130,2.14143744
1131,0.05476007
1132,1.07588092
1133,1.68607261
1134,0.27382333
1135,1.96425697
1136,2.33527128
1137,0.22552635
1138,0.37927163
1139,2.41508917
1140,0.49060766
1141,0.19578762
1142,2.36078241
1143,2.21309510
1144,1.62577234
1145,1.36720216
1146,2.27906738
1147,1.62526311
1148,1.63239482
1149,2.09176865
1150,1.61962435
1151,1.24880891
1152,0.96628727
1153,1.24746270
1154,1.29542280
1155,0.89466327
1156,1.11106665
1157,1.98810304
1158,1.03271049
1159,0.06344655
1160,0.70174803
1161,0.57461941
1162,1.96755042
1163,1.11397888
1164,0.69503234
1165,2.01000196
1166,0.04772088
1167,0.43208594
1168,2.05028929
1169,1.36527034
1170,1.91813382
1171,2.07810921
1172,2.33542224
1173,0.15732218
1174,1.98156484
1175,1.75727238
1176,0.51334211
1177,2.30998231
1178,1.00218747
1179,2.20066875
1180,1.50029412
1181,1.30600737
1182,0.39557454
1183,2.26690658
1184,1.38017096
1185,0.01518248
1186,0.04540959
1187,1.92800817
1188,0.40155549
1189,1.48448836
1190,1.68863691
1191,0.69268959
1192,1.41153794
1193,0.59573472
1194,2.34621170
1195,2.13263775
1196,0.71420236
1197,1.31113081
1198,1.24126206
1199,2.38019657
1200,0.97696602
1201,1.39396948
1202,2.30255535
1203,0.40372406
1204,1.36485848
1205,0.26206549
1206,1.53099995
1207,0.90669081
1208,2.39907049
1209,1.02997295
1210,0.33771849
1211,2.06775582
1212,2.03519542
1213,1.72279489
1214,1.85655477
1215,0.65636794
1216,1.59187637
1217,0.09433801
1218,0.48821398
1219,2.31141328
1220,1.83281241
1221,0.57196831
1222,0.27622231
1223,2.35266766
1224,0.27821704
1225,0.63741381
1226,0.45286970
1227,0.01858253
1228,0.77889039
1229,2.41529159
1230,0.84773497
1231,1.25036584
1232,1.84942446
1233,1.36633238
1234,1.84361246
1235,1.64042557
1236,1.50884577
1237,1.61070713
1238,1.98139035
1239,1.76080589
1240,1.96307022
1241,0.36104805
1242,1.68018712
1243,1.82732492
1244,0.74376381
1245,2.16835645
1246,0.75552818
1247,0.60459393
1248,2.14981053
1249,0.61249702
1250,1.03020422
1251,0.91224336
1252,2.22657991
1253,1.12871215
1254,1.72142961
1255,1.96868316
1256,1.55679546
1257,2.33971382
1258,1.98967883
1259,0.99228232
1260,2.35735935
1261,1.30061972
1262,0.05605238
1263,0.64471075
1264,1.54148871
1265,0.38885823
1266,1.44811708
1267,0.89656271
1268,1.32494257
1269,0.00472618
1270,2.10350977
1271,0.89737457
1272,0.34756301
1273,1.08577218
1274,1.20542339
1275,1.58034599
1276,1.30058900
1277,0.10798298
1278,2.16075759
1279,1.13186869
1280,0.19094841
1281,1.91609703
1282,1.63675271
1283,1.61018368
1284,1.05849605
1285,1.01779468
1286,1.32978490
1287,0.12551319
1288,0.74126309
1289,2.44929498
1290,1.64180556
1291,1.03871220
1292,0.55136730
1293,1.84762349
1294,0.64539758
1295,0.40263085
1296,0.38315600
1297,1.80808948
1298,1.59375254
1299,0.17314339
1300,0.28529561
1301,1.57153024
1302,1.41600624
1303,1.70082753
1304,0.44147743
1305,1.80145662
1306,2.32087655
1307,1.49022004
1308,0.48632945
1309,1.68482359
1310,0.85065644
1311,0.12227367
1312,0.74964520
1313,2.24523185
1314,1.01938698
1315,2.14378234
1316,1.26116156
1317,1.28178540
1318,0.01301046
1319,1.57960560
1320,0.26737333
1321,1.18700549
1322,0.64546339
1323,0.97288567
1324,1.33161635
1325,0.03593787
1326,0.70562619
1327,2.45355370
1328,0.14238364
1329,0.79192795
1330,0.79695580
1331,0.94066300
1332,1.69780747
1333,0.61429189
1334,1.14119162
1335,1.59884317
1336,0.79918855
1337,2.35230355
1338,2.42891189
1339,0.29677632
1340,0.85248661
1341,0.51568862
1342,0.46317239
1343,1.21733000
1344,1.39793514
1345,1.05536736
1346,0.67580425
1347,0.69084500
1348,2.45979200
1349,2.29008676
1350,0.18824869
1351,1.62781815
1352,1.13278272
1353,1.70780665
1354,1.48008096
1355,2.20473933
1356,0.16615745
1357,0.86681167
1358,2.44334471
1359,0.45200533
1360,0.31576690
1361,1.80736735
1362,1.92751866
1363,1.66679882
1364,1.92444607
1365,1.71997341
1366,0.33668477
1367,1.50800004
1368,1.92613406
1369,2.14589283
1370,0.61055183
1371,0.31600818
1372,1.93658095
1373,0.63612038
1374,0.07923853
1375,2.04597231
1376,1.25454646
1377,0.80987670
1378,0.02841339
1379,0.08766287
1380,1.96517348
1381,1.21417158
1382,0.37127342
1383,0.88889595
1384,0.40990750
1385,0.27993735
1386,0.68510867
1387,1.36243614
1388,0.52073271
1389,0.85211769
1390,1.18497864
1391,1.04142838
1392,0.31897592
1393,0.09643486
1394,0.08798835
1395,0.86825237
1396,1.78215376
1397,0.32549009
1398,1.95118280
1399,1.77439930
1400,0.00985482
1401,0.06639214
1402,0.48361022
1403,0.13921466
1404,1.31739983
1405,0.09832310
1406,1.99002173
1407,1.22224441
1408,1.80484439
1409,1.86124237
1410,1.25646242
1411,2.29426551
1412,2.45511274
1413,0.89065387
1414,0.31212417
1415,0.90062903
1416,0.55382371
1417,1.31656324
1418,0.93818794
1419,1.19122266
1420,1.89219562
1421,0.67943905
1422,1.33260152
1423,0.83101986
1424,1.94617661
1425,1.58563648
1426,0.02116319
1427,1.63649716
1428,0.42194878
1429,1.79621524
1430,1.40664111
1431,0.99544595
1432,1.72082839
1433,2.12376987
1434,1.93076286
1435,1.35219873
1436,1.79180352
1437,1.02626743
1438,1.95625532
1439,2.05548841
1440,0.34046102
1441,0.59021252
1442,0.66944221
1443,0.41183280
1444,0.97326261
1445,0.47865175
1446,1.47655699
1447,0.25200607
1448,0.66926969
1449,1.65005683
1450,0.98816307
1451,1.04498112
1452,1.97831831
1453,2.44090869
1454,1.40101106
1455,0.19610372
1456,0.25519815
1457,2.40121415
1458,1.68405765
1459,1.86562210
1460,1.67545186
1461,0.44539137
1462,1.11167097
1463,1.97870305
1464,2.14799114
1465,0.58848736
1466,1.47760442
1467,0.38956977
1468,2.37586688
1469,0.62535047
1470,1.80157369
1471,0.57306017
1472,1.52741749
1473,1.63454592
1474,0.81432685
1475,2.03015557
1476,2.19511619
1477,2.11999312
1478,0.82020291
1479,1.84546878
1480,1.38718433
1481,1.46933999
1482,1.18372465
1483,1.48826351
1484,0.33639588
1485,1.01370437
1486,0.44056718
1487,0.69452407
1488,0.31695965
1489,0.52690351
1490,1.93866056
1491,1.36324911
1492,0.05869473
1493,1.95501164
1494,2.25485943
1495,2.18286477
1496,2.04052624
1497,2.46001088
1498,1.45390339
1499,2.38655423
1500,2.35248119
1501,0.77666889
1502,2.14072897
1503,1.96480009
1504,1.92346169
1505,2.22216428
1506,0.95257344
1507,0.99190632
1508,1.58691496
1509,1.82926523
1510,2.18114871
1511,2.17150009
1512,1.78844492
1513,2.37243539
1514,0.44293945
1515,2.35618916
1516,0.15922346
1517,1.37759250
1518,0.22369701
1519,1.40828312
1520,0.96724975
1521,0.20240656
1522,1.60690870
1523,1.81288610
1524,0.43192372
1525,1.72174642
1526,0.44397808
1527,0.34071542
1528,0.36542545
1529,1.48533138
1530,1.93087962
1531,1.47991484
1532,2.00664649
1533,1.46648643
1534,1.97682084
1535,2.42110199
1536,0.96935733
1537,0.37181916
1538,0.33575786
1539,1.48136245
1540,1.35647240
1541,0.45683990
1542,2.18701918
1543,2.37207736
1544,0.62785785
1545,0.51298839
1546,0.53043950
1547,0.96058512
1548,2.11542450
1549,1.47760149
1550,0.16755850
1551,1.17270199
1552,0.22403103
1553,1.00717626
1554,1.00049729
1555,1.60749345
1556,1.36230082
1557,2.16879640
1558,0.04042793
1559,1.91899919
1560,0.05625324
1561,0.75448251
1562,2.18096534
1563,1.71177360
1564,0.42649735
1565,1.21684582
1566,1.78984458
1567,2.32396779
1568,1.57270622
1569,0.06125403
1570,1.23895390
1571,0.37930510
1572,0.11853450
1573,1.48392359
1574,1.92624617
1575,0.08948042
1576,1.94277612
1577,1.75137610
1578,1.86442654
1579,0.60681595
1580,0.97589171
1581,0.29696786
1582,0.59234364
1583,0.75076327
1584,0.79203494
1585,0.43404216
1586,0.46793797
1587,2.23503056
1588,1.94353065
1589,0.85411750
1590,2.34950440
1591,0.59242239
1592,1.00867952
1593,2.01699445
1594,1.09809523
1595,0.58176817
1596,0.91376223
1597,1.24148076
1598,1.53879824
1599,1.00566985
1600,1.06938069
1601,0.65445495
1602,1.32732714
1603,0.54416051
1604,2.15087512
1605,1.85297294
1606,1.01725402
1607,1.85262778
1608,0.01742255
1609,0.85414606
1610,1.09168587
1611,1.16481661
1612,1.85635562
1613,2.38709916
1614,0.94217833
1615,0.86929571
1616,1.51368573
1617,0.69737043
1618,0.35051801
1619,2.38395908
1620,2.00708904
1621,2.37641895
1622,0.54013583
1623,0.04423115
1624,1.08415007
1625,2.31470945
1626,0.34301835
1627,0.29060788
1628,0.17102782
1629,1.89673366
1630,1.94857073
1631,1.72407526
1632,0.13220075
1633,1.79327622
1634,1.11233205
1635,0.39153461
1636,0.73176329
1637,1.24253634
1638,0.81735986
1639,2.40430948
1640,1.17707202
1641,0.92272475
1642,1.66901000
1643,1.61292889
1644,0.00612554
1645,1.53341662
1646,0.60443738
1647,0.93036854
1648,1.75127944
1649,1.38196670
1650,0.91405894
1651,0.41512679
1652,1.25328466
1653,0.79185986
1654,2.26343611
1655,1.32484628
1656,2.14700201
1657,0.96742656
1658,2.05148513
1659,0.14024599
1660,0.73918367
1661,0.19389413
1662,0.07854608
1663,2.27814895
1664,1.77736058
1665,1.54986970
1666,1.32025021
1667,1.41213352
1668,1.58353843
1669,2.04935952
1670,1.47990208
1671,1.85598197
1672,0.69668725
1673,2.42169511
1674,0.07915852
1675,0.95849034
1676,2.18688181
1677,0.44763597
1678,0.35048766
1679,0.90606496
1680,1.06167120
1681,2.31417666
1682,2.07301073
1683,1.15066301
1684,2.41230717
1685,1.59243396
1686,2.16607903
1687,0.61010988
1688,1.21233246
1689,0.07375381
1690,0.02209405
1691,1.74905887
1692,0.29335511
1693,1.35822068
1694,1.72564071
1695,0.07999496
1696,1.11261119
1697,1.69624808
1698,2.20592586
1699,0.74193828
1700,2.41538495
1701,2.09389072
1702,1.61315206
1703,0.97175152
1704,1.76308426
1705,2.02360893
1706,0.75202818
1707,2.46153219
1708,2.25275450
1709,1.20374779
1710,1.79213969
1711,1.29921663
1712,1.88659994
1713,2.05035718
1714,0.05765206
1715,0.19626451
1716,0.83425815
1717,2.27505335
1718,0.98748986
1719,2.20042501
1720,1.14655808
1721,0.71621086
1722,2.23298466
1723,1.39010985
1724,0.89380152
1725,0.11017318
1726,0.27510677
1727,0.34546036
1728,0.90459112
1729,1.50579615
1730,0.76266468
1731,0.16253609
1732,0.65659980
1733,1.01329386
1734,2.46014348
1735,0.97438297
1736,0.22121397
1737,1.44079535
1738,2.28007736
1739,1.95047766
1740,2.07325561
1741,2.30137822
1742,1.57821582
1743,2.46672039
1744,0.08259067
1745,2.06983766
1746,2.12480466
1747,2.27278921
1748,1.18557012
1749,1.95310621
1750,0.48372720
1751,1.49537662
1752,0.88924186
1753,1.47812967
1754,1.67494795
1755,0.86054109
1756,0.53618251
1757,0.79761635
1758,1.64618079
1759,1.67820498
1760,1.83797327
1761,0.31379137
1762,2.02937096
1763,1.70615475
1764,0.07570711
1765,0.83210230
1766,1.15716260
1767,0.89413174
1768,0.29118149
1769,0.51413715
1770,0.06097135
1771,0.23083770
1772,0.66029727
1773,2.03297297
1774,1.30573357
1775,1.05250595
1776,1.64173231
1777,1.34260729
1778,0.32613129
1779,0.55201255
1780,0.55176214
1781,1.48749834
1782,1.14455103
1783,0.96099056
1784,1.38011460
1785,2.40521827
1786,0.77903588
1787,1.28976218
1788,1.19102581
1789,1.77680098
1790,1.81063562
1791,1.80761209
1792,0.49969141
1793,1.11348323
1794,2.01116672
1795,0.94597909
1796,2.44027292
1797,0.90446828
1798,1.23390858
1799,1.17653614
1800,1.07523036
1801,2.09659275
1802,0.38504105
1803,1.40744943
1804,1.53373366
1805,2.11045150
1806,1.51042538
1807,2.38018935
1808,2.16238245
1809,0.86468458
1810,2.13198395
1811,2.37636506
1812,0.63772900
1813,1.51292605
1814,0.69873475
1815,1.61050476
1816,0.23224006
1817,1.82029905
1818,1.04090796
1819,1.45614764
1820,0.06419685
1821,1.72423740
1822,1.22975470
1823,1.55021913
1824,0.78269154
1825,0.36159977
1826,1.07960655
1827,2.34041946
1828,0.56483181
1829,1.67563843
1830,0.12365162
1831,1.78041261
1832,0.59121866
1833,1.11949269
1834,0.91182256
1835,0.27983518
1836,0.85685518
1837,0.86811834
1838,1.29449802
1839,2.41076120
1840,1.16535960
1841,2.26715086
1842,1.14438565
1843,0.26670259
1844,0.57067999
1845,1.01040809
1846,0.80674206
1847,2.14666804
1848,1.68259661
1849,1.43383773
1850,1.21794910
1851,0.98500328
1852,1.51784393
1853,0.30900784
1854,0.40303518
1855,0.75157319
1856,0.42448406
1857,1.67876153
1858,0.06148437
1859,0.39719486
1860,2.23785120
1861,2.47321701
1862,1.20892700
1863,1.22821440
1864,1.91751150
1865,0.08980029
1866,1.05876252
1867,0.24757429
1868,0.99406676
1869,2.43919873
1870,1.86850832
1871,2.44223339
1872,1.84970422
1873,1.50772280
1874,1.86996500
1875,1.63411792
1876,1.15060448
1877,0.72536768
1878,1.28971911
1879,0.64094281
1880,1.20666065
1881,0.36238130
1882,1.40182255
1883,0.60819271
1884,0.72800005
1885,1.23728360
1886,0.40301798
1887,2.38603918
1888,1.10815581
1889,0.87345928
1890,0.07246311
1891,2.09069961
1892,1.55166429
1893,1.03244220
1894,0.60881031
1895,1.84744513
1896,2.34412704
1897,0.94419289
1898,0.33446681
1899,0.27079691
1900,0.01585080
1901,1.84451473
1902,2.43318299
1903,2.46150167
1904,1.94428345
1905,0.40216891
1906,2.42404472
1907,0.81280296
1908,0.82719778
1909,1.70414447
1910,0.12168222
1911,2.04735118
1912,2.47260744
1913,1.92165433
1914,1.93803389
1915,0.96775541
1916,0.16351230
1917,1.96528297
1918,1.48057031
1919,2.25453786
1920,0.28757672
1921,0.75654829
1922,0.89422760
1923,1.69408563
1924,1.95307953
1925,2.38266873
1926,0.73246032
1927,1.22391625
1928,0.07187881
1929,0.62729317
1930,0.92731876
1931,1.47226023
1932,1.16741233
1933,0.90369554
1934,1.54731089
1935,2.05440694
1936,0.59926114
1937,0.85014621
1938,1.74774594
1939,1.92877176
1940,2.04642678
1941,0.51905826
1942,1.33704489
1943,2.23141262
1944,0.97181337
1945,1.06585710
1946,2.44168070
1947,0.28036153
1948,1.74942770
1949,2.10788009
1950,0.37392983
1951,1.77137198
1952,1.16466715
1953,2.11459076
1954,2.24986111
1955,2.16316884
1956,0.15970357
1957,1.87649639
1958,2.28475691
1959,1.54054376
1960,1.48978802
1961,0.11165671
1962,2.12238084
1963,0.11512311
1964,0.77734046
1965,2.29550559
1966,2.35471475
1967,2.45922769
1968,1.18118889
1969,0.43996668
1970,1.20980467
1971,0.25373529
1972,2.16329579
1973,1.38977879
1974,1.00294121
1975,0.19725292
1976,1.00476289
1977,2.14756632
1978,1.74398317
1979,0.20450420
1980,0.39652475
1981,0.97270102
1982,0.25141016
1983,2.31578105
1984,1.61726008
1985,0.23516604
1986,1.95385379
1987,0.91344107
1988,0.60716868
1989,1.41320183
1990,0.03323060
1991,1.15390589
1992,2.09206475
1993,2.30094634
1994,0.84934994
1995,1.59282613
1996,0.56242550
1997,1.38897511
1998,0.62987119
1999,1.41660226
2000,0.42581665
2001,2.33361010
2002,2.19895051
2003,0.83537587
2004,1.92560402
2005,0.23685472
2006,1.83560306
2007,0.70035918
2008,0.33636516
2009,1.68147009
2010,1.16483721
2011,1.31441606
2012,1.29059112
2013,0.14746323
2014,0.12746146
2015,1.49051058
2016,1.54678201
2017,0.11703458
2018,0.93831619
2019,1.51947735
2020,1.62814046
2021,2.05356420
2022,1.04317015
2023,1.35933520
2024,1.43446230
2025,0.77371006
2026,0.13352356
2027,0.01055505
2028,2.07302531
2029,0.49649877
2030,1.56262434
2031,1.43071149
2032,0.99086036
2033,2.06649971
2034,1.73157627
2035,0.05645932
2036,1.92568133
2037,1.25704474
2038,0.86041867
2039,1.80219233
2040,1.70099257
2041,0.77009771
2042,2.43725757
2043,1.60837561
2044,1.50194530
2045,0.17332750
2046,0.69257353
2047,1.10822941
2048,1.56354424
2049,1.27133703
2050,1.89181222
2051,0.65104378
2052,1.74088677
2053,2.02460999
2054,1.89681294
2055,1.91118406
2056,2.20289145
2057,0.20877598
2058,1.72857634
2059,2.40165416
2060,1.42228997
2061,0.53885515
2062,2.47621851
2063,0.43314321
2064,0.83200275
2065,0.42665976
2066,1.15171229
2067,1.03856802
2068,1.21797722
2069,2.30076239
2070,1.18595422
2071,1.27595508
2072,2.19836698
2073,2.02748824
2074,0.59440408
2075,0.03212442
2076,1.56075234
2077,2.09465512
2078,1.37072065
2079,0.52363418
2080,1.83806786
2081,1.66001995
2082,1.40092368
2083,2.14048704
2084,1.94439526
2085,1.65608494
2086,1.64816771
2087,1.64183071
2088,1.30208225
2089,1.15024651
2090,1.75934083
2091,1.51363430
2092,1.21485256
2093,0.31410065
2094,1.74032099
2095,1.60165711
2096,0.84859060
2097,0.88348512
2098,0.61175957
2099,2.38488727
2100,2.13271512
2101,1.39104765
2102,0.99586858
2103,1.82683738
2104,1.30843759
2105,2.41943727
2106,0.13673965
2107,0.08508023
2108,1.40979556
2109,0.50405397
2110,1.49828708
2111,1.93740550
2112,0.34248388
2113,1.09244718
2114,1.70744217
2115,2.06741767
2116,1.23062921
2117,0.51118018
2118,1.45240915
2119,1.12693040
2120,1.91385876
2121,1.37747891
2122,0.69283153
2123,1.87039164
2124,1.28369199
2125,0.44025676
2126,1.39606386
2127,2.35118165
2128,1.74921516
2129,0.74088029
2130,1.76249618
2131,0.70072408
2132,1.34552851
2133,1.30563007
2134,0.61341692
2135,0.86255555
2136,2.33596263
2137,0.62136944
2138,1.98600837
2139,1.65464324
2140,1.32058818
2141,0.34100901
2142,0.50725597
2143,0.44380472
2144,1.45487600
2145,2.41331893
2146,2.17495599
2147,0.06268323
2148,0.67870929
2149,0.38995543
2150,2.41900788
2151,0.58420999
2152,0.49917971
2153,1.53937072
2154,1.37899253
2155,0.56001580
2156,1.66206676
2157,0.24058120
2158,0.04809837
2159,0.20440323
2160,0.90467029
2161,2.41736784
2162,1.35682924
2163,1.87121768
2164,0.79713995
2165,1.78348507
2166,2.39546352
2167,0.88704957
2168,2.47697623
2169,1.58284317
2170,1.85600837
2171,0.62525861
2172,1.59444800
2173,1.26698009
2174,2.37122024
2175,2.24297562
2176,0.98352065
2177,2.34758600
2178,2.19373192
2179,1.46377542
2180,0.20366719
2181,0.39871401
2182,0.19066695
2183,0.26781778
2184,2.42216774
2185,0.52608956
2186,1.71286548
2187,1.57817802
2188,1.56483135
2189,0.51254478
2190,1.43641152
2191,1.55093151
2192,1.41424404
2193,0.46161760
2194,1.79271160
2195,0.18166466
2196,1.46579887
2197,1.08166527
2198,0.62059606
2199,2.00178109
2200,0.43615615
2201,2.31315447
2202,2.19311825
2203,0.89405751
2204,0.75662234
2205,0.34093913
2206,2.27186551
2207,1.55587388
2208,0.07887682
2209,1.26696314
2210,0.21279334
2211,1.42253798
2212,1.26191122
2213,0.20547241
2214,2.02278415
2215,0.65042265
2216,1.34254234
2217,1.58440243
2218,2.38585237
2219,1.22435082
2220,2.27431488
2221,0.87985101
2222,2.12586213
2223,0.58474549
2224,1.75408313
2225,0.21976753
2226,2.44472373
2227,2.36510585
2228,1.09642737
2229,1.29903397
2230,1.48209944
2231,0.68195940
2232,1.67224789
2233,1.73197381
2234,1.30186345
2235,0.36636118
2236,2.27895147
2237,0.28530124
2238,1.55994059
2239,0.25565836
2240,0.36229528
2241,0.05099721
2242,0.90094118
2243,1.58575035
2244,1.29310613
2245,1.67241578
2246,1.67360509
2247,0.34760097
2248,0.14223062
2249,1.55048473
2250,1.61957137
2251,1.38027466
2252,0.60937971
2253,2.01015154
2254,0.18772105
2255,1.56772443
2256,0.29860591
2257,1.62260449
2258,1.03571635
2259,1.78042072
2260,0.12947448
2261,1.37625646
2262,0.35926365
2263,1.69185909
2264,0.29747562
2265,0.18250799
2266,1.76807351
2267,0.15758829
2268,0.55674157
2269,2.04478633
2270,2.00748163
2271,2.11765230
2272,0.80855467
2273,1.30923057
2274,1.91738404
2275,0.33969662
2276,1.79600968
2277,0.24176910
2278,2.26423641
2279,1.58011660
2280,1.22309539
2281,1.20183337
2282,0.44971625
2283,0.85768677
2284,1.80278489
2285,1.34120171
2286,1.31234988
2287,0.48413750
2288,1.71164503
2289,0.97202025
2290,0.45316558
2291,2.33993757
2292,1.25654871
2293,1.30920236
2294,2.43312479
2295,0.90848313
2296,2.33804328
2297,1.72295788
2298,1.56966776
2299,0.58125491
2300,0.12839222
2301,1.08544488
2302,0.02529416
2303,0.17610957
2304,1.47603002
2305,1.79621038
2306,0.41646056
2307,1.81611508
2308,2.35466687
2309,1.84258252
2310,1.94556760
2311,1.73730573
2312,0.55725383
2313,0.89480721
2314,2.35352924
2315,1.63937118
2316,1.95625188
2317,2.40169487
2318,0.57386338
2319,0.79761327
2320,1.59868967
2321,0.06046579
2322,1.41626154
2323,2.00500258
2324,1.51350759
2325,0.73242593
2326,1.79529865
2327,0.36212400
2328,2.21842733
2329,0.25026959
2330,2.14087122
2331,1.23426212
2332,1.06279256
2333,1.24133371
2334,0.49643550
2335,1.13478587
2336,2.10672895
2337,1.98583035
2338,0.40431284
2339,1.66964357
2340,2.12437475
2341,2.03247049
2342,1.05531877
2343,0.11931122
2344,2.30866127
2345,0.98156830
2346,0.89502215
2347,1.88309032
2348,0.65452587
2349,2.06961019
2350,0.18862732
2351,1.83647151
2352,2.39449238
2353,2.46881798
2354,2.29040159
2355,2.15889837
2356,0.69148625
2357,2.39662173
2358,2.30054717
2359,1.32491041
2360,0.99692103
2361,0.27097667
2362,1.46439579
2363,1.73689261
2364,1.00167850
2365,1.00671871
2366,1.42144886
2367,0.06896117
2368,2.37484797
2369,0.71882096
2370,0.34937887
2371,0.01368500
2372,2.12450931
2373,2.14016772
2374,0.23636501
2375,0.37751922
2376,1.11053070
2377,0.46048138
2378,1.82434792
2379,0.14397189
2380,1.36293393
2381,0.94910638
2382,1.15278732
2383,1.05314864
2384,0.37979486
2385,0.54620649
2386,0.16075120
2387,0.28589747
2388,2.42450429
2389,0.69373389
2390,0.76126496
2391,0.31520384
2392,1.87230383
2393,2.29124068
2394,1.95805131
2395,1.51889361
2396,2.01626953
2397,1.00225777
2398,2.13096972
2399,1.97978998
2400,0.00435379
2401,1.20943191
2402,0.65612339
2403,0.21386925
2404,2.09799271
2405,0.01978710
2406,1.81032134
2407,2.45003366
2408,1.19511592
2409,0.92046870
2410,1.50207730
2411,1.99510908
2412,0.59571798
2413,0.62162453
2414,1.50541202
2415,2.33025635
2416,0.73997938
2417,0.93413951
2418,2.46277983
2419,0.43697330
2420,0.19089980
2421,1.46221695
2422,0.06024145
2423,0.44741350
2424,1.54267774
2425,1.63516100
2426,1.26553965
2427,0.95147771
2428,1.42860440
2429,1.59517933
2430,1.99209488
2431,1.96548972
2432,1.64827208
2433,2.21708635
2434,2.07773544
2435,0.33042552
2436,2.37190648
2437,2.21091237
2438,0.79573033
2439,0.05011982
2440,1.49747335
2441,1.08701606
2442,1.85842624
2443,1.30068153
2444,0.18971539
2445,0.60671442
2446,2.18805747
2447,0.09351943
2448,1.82645163
2449,0.72387314
2450,1.12227623
2451,1.31656266
2452,0.62008723
2453,1.61643796
2454,1.71928083
2455,0.21096003
2456,0.92712927
2457,1.84556062
2458,1.78918357
2459,1.35027501
2460,1.92811273
2461,0.26695446
2462,0.29315094
2463,1.63014527
2464,1.71901220
2465,2.01947751
2466,0.44891008
2467,1.28127386
2468,1.63843085
2469,0.55468072
2470,1.28166113
2471,1.58293013
2472,0.53174769
2473,0.93118612
2474,0.53643169
2475,2.23868124
2476,0.58715692
2477,0.29965485
2478,0.08723611
2479,0.11152801
2480,0.47506436
2481,1.50796686
2482,0.04383610
2483,0.71098217
2484,0.14428711
2485,1.00084098
2486,0.12051091
2487,1.50631387
2488,1.70684017
2489,1.81323207
2490,0.55627691
2491,2.15328975
2492,1.71146121
2493,0.14052693
2494,1.09284010
2495,1.90352302
2496,0.77085559
2497,0.94605000
2498,1.56101077
2499,0.13762787
2500,2.39733247
2501,0.43265658
2502,0.06620403
2503,0.01327490
2504,0.99066524
2505,2.19234557
2506,2.03245683
2507,2.26124940
2508,1.32344720
2509,1.11262318
2510,0.95671615
2511,0.11515909
2512,2.25499048
2513,1.23021271
2514,1.12829488
2515,1.27729675
2516,1.96896979
2517,0.55659348
2518,1.76008514
2519,1.76223974
2520,2.10631484
2521,0.02160664
2522,0.42252776
2523,1.16791154
2524,2.10876334
2525,2.39282478
2526,1.47489418
2527,0.52600694
2528,0.45770594
2529,1.58540671
2530,0.52088776
2531,1.37130900
2532,2.06976887
2533,0.96653061
2534,0.93839765
2535,0.08967821
2536,0.63001214
2537,1.73105529
2538,0.89357083
2539,0.39253744
2540,0.26230055
2541,0.23573720
2542,1.63422145
2543,1.51890762
2544,1.28561089
2545,1.24050240
2546,0.37973950
2547,1.24119107
2548,0.14867754
2549,2.29549417
2550,0.14394166
2551,1.05010681
2552,0.00149378
2553,1.94912584
2554,0.41205214
2555,2.29315764
2556,0.10910896
2557,2.03499867
2558,1.62803424
2559,0.61923032
2560,0.50192279
2561,0.88684390
2562,2.05387937
2563,2.13706663
2564,0.43465079
2565,0.87635702
2566,0.58887379
2567,0.30413784
2568,1.60277479
2569,0.85757186
2570,0.55885691
2571,2.14708576
2572,1.85533035
2573,1.91840994
2574,0.09725364
2575,2.26889696
2576,1.42498669
2577,1.24912108
2578,0.02632151
2579,2.22558918
2580,1.34850763
2581,2.04582331
2582,1.62524051
2583,1.97526480
2584,1.71801526
2585,2.28335944
2586,0.55910519
2587,0.50113067
2588,1.76663250
2589,1.24315109
2590,1.48553642
2591,1.75671782
2592,1.35727847
2593,1.95295131
2594,0.79062355
2595,2.12971297
2596,0.26703246
2597,1.57191975
2598,2.20692131
2599,0.62656489
2600,0.81037637
2601,0.75733846
2602,1.39901759
2603,1.02368224
2604,0.26773391
2605,2.20978412
2606,0.50751846
2607,1.32418525
2608,1.47473621
2609,0.10111120
2610,0.23737089
2611,2.40912039
2612,1.64755700
2613,0.08329380
2614,1.96908062
2615,1.26087265
2616,0.18651505
2617,1.68781910
2618,1.23808603
2619,0.50812134
2620,2.17610390
2621,0.72247572
2622,0.70555938
2623,0.67634648
2624,1.90277747
2625,1.75070867
2626,2.23918398
2627,0.56866270
2628,1.94965678
2629,1.42078985
2630,0.76536578
2631,0.08797696
2632,2.03043742
2633,0.59774941
2634,1.56631436
2635,1.36084791
2636,0.01110943
2637,2.46528467
2638,2.01898786
2639,1.20615222
2640,1.68680081
2641,1.18166478
2642,1.84607870
2643,0.33310938
2644,1.10668483
2645,0.83195187
2646,1.13966912
2647,1.11690337
2648,0.35484083
2649,2.42101787
2650,0.03848659
2651,0.02505115
2652,0.92592496
2653,1.53813373
2654,0.44547969
2655,1.32198863
2656,1.79199603
2657,0.23327590
2658,2.44068767
2659,0.83483639
2660,1.59277364
2661,0.27457801
2662,1.75905802
2663,2.08376268
2664,0.26110410
2665,0.31212172
2666,0.69685921
2667,0.02966964
2668,2.44472606
2669,1.48360982
2670,1.50643206
2671,2.37756589
2672,2.06286998
2673,2.01877359
2674,0.84178250
2675,0.83028141
2676,0.72336354
2677,0.85961657
2678,0.91617525
2679,0.34717936
2680,0.88255466
2681,1.10766670
2682,0.76702124
2683,0.41001118
2684,0.92584830
2685,1.19235903
2686,1.78692952
2687,1.76340007
2688,0.50260563
2689,0.09095516
2690,0.75326692
2691,0.38965506
2692,0.98132872
2693,2.42810239
2694,0.44899560
2695,0.79063988
2696,1.79780325
2697,1.26245929
2698,0.10898598
2699,0.40094476
2700,2.31877686
2701,0.25584776
2702,1.57461916
2703,1.96443561
2704,0.65816252
2705,1.79771322
2706,0.42128725
2707,0.70603946
2708,0.77315657
2709,2.47046963
2710,0.53205210
2711,0.32041304
2712,2.29508008
2713,0.40154145
2714,2.18001525
2715,1.61270966
2716,1.43025040
2717,1.86281956
2718,1.79999648
2719,0.27409786
2720,2.47798447
2721,2.33523937
2722,2.22293579
2723,1.54287596
2724,1.29619801
2725,1.32963601
2726,0.03711013
2727,1.23837783
2728,1.54654630
2729,1.63316227
2730,0.82352816
2731,1.16849539
2732,1.57763842
2733,1.06194592
2734,2.38543256
2735,1.74903132
2736,0.00323591
2737,0.05779319
2738,1.71149105
2739,1.02312015
2740,2.08131965
2741,0.42902302
2742,0.03435810
2743,0.96222345
2744,1.82495029
2745,2.40921466
2746,2.19085930
2747,1.20021036
2748,2.01523908
2749,0.17444339
2750,1.41887284
2751,2.29162646
2752,0.98280799
2753,2.38038839
2754,0.54720714
2755,0.26196852
2756,1.30108459
2757,2.24935176
2758,0.77181081
2759,1.98385956
2760,0.41955696
2761,1.84851858
2762,1.38107597
2763,0.43398536
2764,1.78038153
2765,1.76964365
2766,1.27796054
2767,0.55906416
2768,0.32806500
2769,2.37333354
2770,1.62598819
2771,2.00637385
2772,1.72802832
2773,2.05653409
2774,0.40293014
2775,1.23213196
2776,1.65403382
2777,0.25640536
2778,0.37185579
2779,1.57186674
2780,2.15379959
2781,1.63740168
2782,0.08983807
2783,2.40600451
2784,0.34594771
2785,0.57665329
2786,2.41724624
2787,1.91164622
2788,2.32206711
2789,1.99987383
2790,1.61587774
2791,0.70555036
2792,0.81049231
2793,2.34858097
2794,2.13376694
2795,0.89133755
2796,0.92549382
2797,0.73813090
2798,0.80862967
2799,2.13387070
2800,0.02612692
2801,1.08115279
2802,2.33759452
2803,1.34539839
2804,1.11683677
2805,0.77451463
2806,0.18332442
2807,0.55663164
2808,0.22434522
2809,0.31419504
2810,0.40547314
2811,0.74887846
2812,0.02739089
2813,2.35570333
2814,0.30705403
2815,0.94999222
2816,2.18062921
2817,0.26428452
2818,1.19904422
2819,2.09449093
2820,1.38091651
2821,0.52156818
2822,1.82357538
2823,1.68927928
2824,0.89802021
2825,0.11485436
2826,0.01957638
2827,2.04641689
2828,0.79729270
2829,0.34164128
2830,1.28568582
2831,2.28303563
2832,0.02110402
2833,0.13927076
2834,1.03402836
2835,1.67595303
2836,1.18044059
2837,2.22530711
2838,0.10937376
2839,0.84336549
2840,0.87115027
2841,0.84333166
2842,1.20916360
2843,1.96010042
2844,0.78818216
2845,1.84582318
2846,0.36319961
2847,1.39024395
2848,0.93000753
2849,1.33690566
2850,0.26721443
2851,2.36393180
2852,2.24679132
2853,2.04890460
2854,2.21349206
2855,0.36375099
2856,1.24892019
2857,0.78824796
2858,2.20011195
2859,0.46973761
2860,0.54537315
2861,1.70260116
2862,0.22048071
2863,1.81578476
2864,0.66482725
2865,1.63868886
2866,2.16453957
2867,1.51144487
2868,0.52736992
2869,0.12197065
2870,0.11068631
2871,0.22026309
2872,1.43758003
2873,0.86339019
2874,0.60279614
2875,0.54378942
2876,2.35182990
2877,0.29465164
2878,0.75578307
2879,1.16897863
2880,0.00119248
2881,2.28333287
2882,0.24576621
2883,1.69207966
2884,1.55918023
2885,2.00593347
2886,1.61501808
2887,1.90756645
2888,1.04445024
2889,1.21168890
2890,1.73965981
2891,1.40933864
2892,1.26829978
2893,0.50970459
2894,0.63998777
2895,0.88887516
2896,0.02309613
2897,1.03481803
2898,0.00694169
2899,1.40088128
2900,1.74552732
2901,1.39377382
2902,1.71947360
2903,0.00011065
2904,0.14744833
2905,1.73172712
2906,1.99065222
2907,1.77942535
2908,1.64383792
2909,1.75384240
2910,1.83369161
2911,1.79597651
2912,1.82977084
2913,0.18358989
2914,0.15694274
2915,0.89537744
2916,1.30811166
2917,1.89078612
2918,0.82989570
2919,0.68215654
2920,1.93746818
2921,0.61824143
2922,2.03513266
2923,0.43923283
2924,0.89129558
2925,0.99443673
2926,0.74263332
2927,0.00840057
2928,0.58395965
2929,0.83719887
2930,0.77762628
2931,1.94765084
2932,0.11751359
2933,0.96437133
2934,0.09308745
2935,2.30736747
2936,1.95918903
2937,2.43508261
2938,2.25657540
2939,0.78305054
2940,1.71467242
2941,0.76009613
2942,2.20215792
2943,1.01842888
2944,0.93198971
2945,2.26626475
2946,2.07454972
2947,2.39603958
2948,0.16491727
2949,0.60337108
2950,0.74597359
2951,1.05214441
2952,1.17307626
2953,0.72270522
2954,1.95978649
2955,0.55355161
2956,1.72690470
2957,2.11180766
2958,1.49678485
2959,0.87811947
2960,0.46590363
2961,0.33315313
2962,1.84505842
2963,1.16316418
2964,0.11491483
2965,2.43924253
2966,1.66439307
2967,2.09300080
2968,1.08644855
2969,2.36883020
2970,0.49474644
2971,0.45907305
2972,2.20742268
2973,2.21084979
2974,1.23726214
2975,0.31193132
2976,0.75677984
2977,1.86979518
2978,2.09748661
2979,0.86199412
2980,0.15189039
2981,1.65056764
2982,1.83346133
2983,1.05130795
2984,1.44571116
2985,2.44799915
2986,0.60748591
2987,1.42062155
2988,1.51478945
2989,1.36144110
2990,2.15485017
2991,1.50003089
2992,1.25925424
2993,0.30506056
2994,1.74349542
2995,0.32760255
2996,0.06595088
2997,1.21125917
2998,1.41930156
2999,2.47696291
3000,1.76610004
3001,2.10392867
3002,0.85885366
3003,1.26179461
3004,2.41551502
3005,1.03488027
3006,2.00153673
3007,1.30412606
3008,0.55533097
3009,1.43906936
3010,0.54070395
3011,0.00758261
3012,0.58491851
3013,0.47892601
3014,0.91967695
3015,2.20311420
3016,0.96165502
3017,2.09549262
3018,1.37757053
3019,0.01895661
3020,0.46799974
3021,2.30893057
3022,1.49796300
3023,2.30463856
3024,0.76893689
3025,1.77660102
3026,1.91410602
3027,2.41906183
3028,0.04514169
3029,2.36089318
3030,0.97092026
3031,2.07765400
3032,1.35054667
3033,1.39997415
3034,0.89105848
3035,2.05405219
3036,0.65462840
3037,1.22045767
3038,1.38887949
3039,1.84095865
3040,1.16937053
3041,1.68665585
3042,1.20323374
3043,1.63468558
3044,1.67143481
3045,1.75894688
3046,2.04122764
3047,1.34065366
3048,0.47925905
3049,1.68506404
3050,0.19127148
3051,0.54291789
3052,1.96401880
3053,1.07871700
3054,1.23484410
3055,2.44806217
3056,0.58312471
3057,0.04855377
3058,0.27619633
3059,0.60625437
3060,1.79980078
3061,1.92351934
3062,1.40205524
3063,0.63239671
3064,1.29359622
3065,0.03716123
3066,1.69041943
3067,1.52306300
3068,0.05411664
3069,2.02563784
3070,1.89278805
3071,0.76423559
3072,1.57532292
3073,1.49131747
3074,0.35505486
3075,0.47921228
3076,1.69390323
3077,2.31456735
3078,1.42881944
3079,1.40781745
3080,1.60335073
3081,1.09237299
3082,0.13438296
3083,0.98310228
3084,2.23201039
3085,1.99572635
3086,2.29937444
3087,0.37898267
3088,1.25446371
3089,1.44975365
3090,0.52053165
3091,0.49832947
3092,1.93891759
3093,1.66575350
3094,1.60460483
3095,0.66200135
3096,1.25647602
3097,0.05727373
3098,0.32224417
3099,1.28494115
3100,0.76782683
3101,2.39419554
3102,1.16899712
3103,0.20725278
3104,0.04431329
3105,1.79815916
3106,0.42528267
3107,0.46570808
3108,1.05079363
3109,0.65474497
3110,1.52871446
3111,1.20422149
3112,0.27638969
3113,1.94563114
3114,1.05588010
3115,1.51447684
3116,0.00985195
3117,1.55306782
3118,0.70132788
3119,1.22573683
3120,0.73819589
3121,2.47003764
3122,0.57238922
3123,2.26326701
3124,2.27592851
3125,1.04383550
3126,0.75377168
3127,0.94475280
3128,2.45287725
3129,1.53421624
3130,1.35071357
3131,0.08912670
3132,2.10207597
3133,0.20785101
3134,0.11653331
3135,0.68151445
3136,1.17966744
3137,2.21970535
3138,1.95886515
3139,0.49005357
3140,0.92254877
3141,1.93447316
3142,1.30686147
3143,0.43268368
3144,0.98198999
3145,1.55191689
3146,2.41292840
3147,1.64086237
3148,0.04022954
3149,1.74795575
3150,0.62202959
3151,2.13756834
3152,0.95182942
3153,0.49496961
3154,1.16022676
3155,0.63277250
3156,0.58473374
3157,1.42132592
3158,1.90250598
3159,2.07012203
3160,0.98599312
3161,0.16569991
3162,1.19996339
3163,1.07552210
3164,0.48843414
3165,2.22182742
3166,2.41521568
3167,0.12837119
3168,1.97291639
3169,1.60095793
3170,0.64823865
3171,1.57477617
3172,0.31901408
3173,0.17215271
3174,2.46316603
3175,1.57778532
3176,0.62787516
3177,1.11581574
3178,2.35556523
3179,1.08777840
3180,2.23248720
3181,2.15405592
3182,0.85332070
3183,1.72564448
3184,1.63760578
3185,1.91208969
3186,0.90730060
3187,0.12958430
3188,0.42412364
3189,1.52865647
3190,1.92172972
3191,1.87449654
3192,1.44715896
3193,0.21021295
3194,0.04294049
3195,1.93918740
3196,1.36210860
3197,1.94060141
3198,0.40366806
3199,1.01017379
3200,2.27891017
3201,0.42550891
3202,0.15261736
3203,1.62017401
3204,1.47407040
3205,2.36038070
3206,2.24742180
3207,1.85808839
3208,0.04757320
3209,1.19106784
3210,2.22172090
3211,1.07519884
3212,2.38545864
3213,1.61774585
3214,0.27144741
3215,1.26268066
3216,1.72467295
3217,0.16214273
3218,0.85454350
3219,1.77788696
3220,0.38949405
3221,0.86369277
3222,1.71052445
3223,1.92282236
3224,1.28558805
3225,2.37234799
3226,2.29418613
3227,1.17383740
3228,0.39743515
3229,1.91635321
3230,0.60287696
3231,2.08962597
3232,1.45574393
3233,0.97712525
3234,1.37948038
3235,1.32103354
3236,2.29270352
3237,0.53153333
3238,2.30119638
3239,0.07777966
3240,1.90710994
3241,2.28014692
3242,0.97702406
3243,0.18122837
3244,1.99503397
3245,2.08973393
3246,0.83373744
3247,1.28579009
3248,2.00693809
3249,0.47619673
3250,1.55945363
3251,1.06771050
3252,0.43249479
3253,2.06140960
3254,0.80503650
3255,2.31673536
3256,1.41059598
3257,1.27566664
3258,1.04955084
3259,0.99343334
3260,2.02800462
3261,1.67975851
3262,1.91823387
3263,1.04404253
3264,0.64824104
3265,0.21543687
3266,1.92558692
3267,1.02964383
3268,1.26256046
3269,1.16368788
3270,1.06896796
3271,1.69562242
3272,1.50926995
3273,2.41002305
3274,0.34445275
3275,1.42196435
3276,0.15686492
3277,2.00309367
3278,1.52805562
3279,1.06212766
3280,1.98900479
3281,1.12813417
3282,0.56481215
3283,1.17151612
3284,0.17568633
3285,2.22608230
3286,1.81229201
3287,1.88507579
3288,2.16814813
3289,1.96256860
3290,1.07073995
3291,0.29420494
3292,0.92573521
3293,2.31588895
3294,2.35309172
3295,1.90380657
3296,0.50690846
3297,0.48216395
3298,2.18123402
3299,0.35192023
3300,1.44828922
3301,0.93785096
3302,0.74883279
3303,1.67946392
3304,2.37907055
3305,1.92801098
3306,1.20538694
3307,1.09270324
3308,2.25038639
3309,1.43333853
3310,1.23136042
3311,1.69298525
3312,0.58803689
3313,0.15809294
3314,2.12009603
3315,1.50561949
3316,0.40884628
3317,0.73900740
3318,2.45435097
3319,1.57296017
3320,1.57714637
3321,0.17898833
3322,2.40243148
3323,2.21349222
3324,1.35815673
3325,0.76712432
3326,1.73071754
3327,2.06620489
3328,1.94905387
3329,2.42240326
3330,1.57898908
3331,0.79646976
3332,1.23455513
3333,2.02391610
3334,0.65792333
3335,0.57379232
3336,1.79710972
3337,1.10191586
3338,2.02454391
3339,0.35630268
3340,0.83234678
3341,0.66475936
3342,1.73025373
3343,1.88262985
3344,1.13061362
3345,1.18522283
3346,0.32741542
3347,1.74007134
3348,2.46026176
3349,1.92872525
3350,0.55322479
3351,1.54494266
3352,0.73134381
3353,0.07489262
3354,0.44590024
3355,0.25443108
3356,0.48583989
3357,1.97256444
3358,0.72607625
3359,1.87695424
3360,2.35252662
3361,1.42383320
3362,1.20351847
3363,1.85981588
3364,0.24078680
3365,1.06171430
3366,1.23677896
3367,2.06044543
3368,2.01871094
3369,2.10312302
3370,1.73026558
3371,1.31544793
3372,2.05258134
3373,2.16514606
3374,1.19130987
3375,2.44376068
3376,2.16895344
3377,1.26564977
3378,0.17185790
3379,0.55664545
3380,1.92494874
3381,0.27565498
3382,1.16482047
3383,1.49964577
3384,2.17770190
3385,2.10026820
3386,1.89489884
3387,1.01084584
3388,0.35274664
3389,1.66029273
3390,0.44953421
3391,1.39170577
3392,2.43140488
3393,1.36442257
3394,1.60056202
3395,1.67994351
3396,2.05880182
3397,1.07849520
3398,1.23351953
3399,0.43635312
3400,1.52401089
3401,0.73333016
3402,1.25859656
3403,1.90054968
3404,0.04363784
3405,1.39815435
3406,0.43008811
3407,0.69273359
3408,0.08614021
3409,0.42021518
3410,2.44615930
3411,2.47564570
3412,1.78474664
3413,1.51701194
3414,1.92645703
3415,2.22284235
3416,1.28755474
3417,0.08755516
3418,1.75883348
3419,2.44113417
3420,0.63985066
3421,1.14911579
3422,0.89576038
3423,0.96813677
3424,1.78859459
3425,0.93822956
3426,2.33324210
3427,1.95782302
3428,0.06862134
3429,2.02944904
3430,1.91616939
3431,1.28058480
3432,1.23180265
3433,2.07154146
3434,1.05321848
3435,0.39542185
3436,0.77582621
3437,0.65757579
3438,1.68858005
3439,0.44354620
3440,1.59861724
3441,1.15531729
3442,2.08179066
3443,1.20250149
3444,2.30527591
3445,2.23254818
3446,0.45944855
3447,1.70124228
3448,0.53218214
3449,2.04123883
3450,1.57618199
3451,0.72926345
3452,0.61771280
3453,1.06509986
3454,1.98525450
3455,1.97394583
3456,0.08282535
3457,0.74951757
3458,1.04842284
3459,1.45187056
3460,0.37078987
3461,0.83132176
3462,2.19567680
3463,1.18154895
3464,1.84498029
3465,1.20195547
3466,1.15287681
3467,1.54197449
3468,0.64310231
3469,0.61939489
3470,2.45291387
3471,2.15450916
3472,1.82914215
3473,0.34009087
3474,0.07501202
3475,0.43496596
3476,2.32492884
3477,2.02384818
3478,1.29690380
3479,2.40190801
3480,0.36348877
3481,1.38634061
3482,0.45432782
3483,0.75978503
3484,2.33088905
3485,2.15274024
3486,0.25246062
3487,0.61875452
3488,1.47399882
3489,0.15218568
3490,1.36386442
3491,1.44916677
3492,0.72145260
3493,0.72679732
3494,0.56801822
3495,2.31983503
3496,0.96417904
3497,1.45109469
3498,0.74775077
3499,1.74214376
3500,0.25157426
3501,0.17769387
3502,1.84532871
3503,1.80165508
3504,0.65707729
3505,0.88032050
3506,2.37334706
3507,0.25873681
3508,0.45414172
3509,1.06624206
3510,0.69946610
3511,1.60911954
3512,1.71223859
3513,1.30511519
3514,1.51537675
3515,1.07462798
3516,1.88525298
3517,0.10444987
3518,0.77580763
3519,1.69693757
3520,0.81734408
3521,0.19478503
3522,0.85544568
3523,1.76403726
3524,0.30250655
3525,1.79660590
3526,1.92261116
3527,1.57513474
3528,0.60559041
3529,1.99659050
3530,0.53173031
3531,2.24581658
3532,1.75201530
3533,0.13574129
3534,1.98169469
3535,1.25564328
3536,1.12229877
3537,1.04262201
3538,1.50405353
3539,1.79647484
3540,2.22141020
3541,0.67677100
3542,1.56391753
3543,1.70167927
3544,1.67305539
3545,1.22234005
3546,0.96951288
3547,1.89019052
3548,0.74387134
3549,0.51588967
3550,1.35331417
3551,0.66354690
3552,0.08247066
3553,0.12794614
3554,1.72316902
3555,2.41273048
3556,1.12735513
3557,0.36467637
3558,2.02829453
3559,0.64823775
3560,2.46846510
3561,1.39653948
3562,0.57682762
3563,1.22978796
3564,0.83156535
3565,1.93256841
3566,0.26241993
3567,2.12478494
3568,1.90248273
3569,2.13559708
3570,2.21897344
3571,0.56975010
3572,1.29177129
3573,2.10723076
3574,0.93570963
3575,0.14984229
3576,0.72310668
3577,0.59985412
3578,2.15716344
3579,1.15005984
3580,1.69474146
3581,2.38539277
3582,0.74183353
3583,1.88726686
3584,0.05651550
3585,0.25820596
3586,0.40137881
3587,0.77463495
3588,0.99917604
3589,1.18271016
3590,0.60831086
3591,0.16424102
3592,1.67981365
3593,0.05873994
3594,2.00694197
3595,2.30366662
3596,1.76124600
3597,1.47760126
3598,1.62897812
3599,1.61708654
3600,2.30998943
3601,2.39081415
3602,1.05799435
3603,1.52995927
3604,1.99042142
3605,0.00265183
3606,1.30667173
3607,1.61870868
3608,1.77819535
3609,0.91439181
3610,0.73304855
3611,0.45165134
3612,1.38303111
3613,2.27924275
3614,2.22141401
3615,0.89251637
3616,0.63936023
3617,1.95567940
3618,1.79747029
3619,1.25293173
3620,0.96457354
3621,0.30700149
3622,1.94661723
3623,1.53091444
3624,0.93445441
3625,2.27796482
3626,1.63555844
3627,2.30387498
3628,1.17625566
3629,1.12718020
3630,2.32370987
3631,2.37962181
3632,2.38204127
3633,2.03031308
3634,1.14648924
3635,0.52145834
3636,0.95071618
3637,2.32633339
3638,0.90141276
3639,1.87615463
3640,2.28841818
3641,2.40590347
3642,2.34958028
3643,1.37619351
3644,1.21956189
3645,2.44866609
3646,0.54099446
3647,0.46500867
3648,2.38802855
3649,1.70875055
3650,1.32969905
3651,0.32745983
3652,1.27251868
3653,2.34101951
3654,1.49478432
3655,1.00324547
3656,1.36638916
3657,2.19703558
3658,2.26323989
3659,0.99198863
3660,1.50760115
3661,0.69228553
3662,1.11842225
3663,0.54521766
3664,1.31772004
3665,1.43366835
3666,0.83765301
3667,0.67472189
3668,0.37450523
3669,0.34603886
3670,1.76395382
3671,0.54956961
3672,0.29257019
3673,2.47651077
3674,0.64447082
3675,2.22158796
3676,1.51039016
3677,1.77290149
3678,1.39072506
3679,0.44835056
3680,2.10011376
3681,2.05281301
3682,0.86702874
3683,1.89383965
3684,1.34639976
3685,2.25382000
3686,1.99046435
3687,0.10171595
3688,2.18000547
3689,2.40137703
3690,1.84005400
3691,0.29737124
3692,2.00174862
3693,1.60535233
3694,0.84010641
3695,2.19179316
3696,1.40224796
3697,2.11468261
3698,1.66144418
3699,0.71537581
3700,2.41737371
3701,1.41573215
3702,1.28123316
3703,1.00047122
3704,0.33810666
3705,1.70135764
3706,1.06812834
3707,2.31719748
3708,2.39277596
3709,1.90323632
3710,0.60127832
3711,1.77515638
3712,0.05070822
3713,2.04891501
3714,1.22387202
3715,2.32247115
3716,0.93663207
3717,0.65254593
3718,2.46705164
3719,1.31575056
3720,2.14010615
3721,2.25879835
3722,1.28548125
3723,1.12989769
3724,1.37080951
3725,2.10181930
3726,2.39169269
3727,0.81406406
3728,1.83131268
3729,0.70758700
3730,1.51477118
3731,1.99533658
3732,2.19788159
3733,1.11254868
3734,0.91678742
3735,0.62844287
3736,0.33084987
3737,0.90479263
3738,2.16191163
3739,1.03840316
3740,0.78672077
3741,1.83255692
3742,0.53456152
3743,0.63547196
3744,2.32041090
3745,0.20235763
3746,1.02804411
3747,1.42997692
3748,0.57094730
3749,0.69677261
3750,0.55008371
3751,0.85587247
3752,2.22768052
3753,1.07008235
3754,1.03597228
3755,0.95850096
3756,2.39034274
3757,0.29089030
3758,2.16165780
3759,0.81118557
3760,2.37149034
3761,0.78159888
3762,0.20554262
3763,1.28938150
3764,0.56500921
3765,1.86691302
3766,1.62968988
3767,1.70199301
3768,0.47978297
3769,1.75693549
3770,0.77193926
3771,2.47602072
3772,1.81429842
3773,1.46384399
3774,2.14986251
3775,1.46111731
3776,1.37047211
3777,0.58843799
3778,1.68127368
3779,0.92890775
3780,0.10688975
3781,2.02328298
3782,0.12868352
3783,1.66686471
3784,0.38862516
3785,1.07251737
3786,2.12996391
3787,0.23416579
3788,1.65409805
3789,1.51890083
3790,2.15088387
3791,0.42832750
3792,1.98293526
3793,1.11603203
3794,1.06278490
3795,0.89702466
3796,0.95600503
3797,1.28917756
3798,0.26485934
3799,1.05391411
3800,1.61648946
3801,1.23521148
3802,0.41120741
3803,0.90016671
3804,1.09828192
3805,1.65837258
3806,2.23328499
3807,1.36458554
3808,1.67695023
3809,0.19144885
3810,2.36642140
3811,0.78155288
3812,0.87844878
3813,0.55255653
3814,0.20999459
3815,1.95878579
3816,0.59630825
3817,0.70092595
3818,0.45079281
3819,2.41704294
3820,1.93644299
3821,2.30551321
3822,2.13648852
3823,2.24699631
3824,1.18771365
3825,0.42288947
3826,0.81048957
3827,0.72513261
3828,1.77801780
3829,0.06372650
3830,0.35223334
3831,1.69310735
3832,0.30612000
3833,0.11980461
3834,0.27084753
3835,1.71241816
3836,0.34549738
3837,0.36280018
3838,0.57104518
3839,1.86175843
3840,0.49679898
3841,0.08778175
3842,2.24592171
3843,2.17267302
3844,0.45828683
3845,0.65792334
3846,0.46755561
3847,1.78396970
3848,0.61990756
3849,2.30935628
3850,2.05199055
3851,1.45885979
3852,0.02223792
3853,2.19089780
3854,1.80436659
3855,1.95348174
3856,0.17814921
3857,1.75676171
3858,1.99484045
3859,2.37179718
3860,1.43919788
3861,1.25963066
3862,1.05473453
3863,1.73873154
3864,2.28300590
3865,1.48700878
3866,0.56356645
3867,0.04364787
3868,1.53500189
3869,2.14361512
3870,0.16364590
3871,0.98574851
3872,2.33067064
3873,1.24385072
3874,0.54714053
3875,0.87687363
3876,1.01194990
3877,0.29086570
3878,1.63833403
3879,1.46818964
3880,1.60593206
3881,1.51437085
3882,0.04141190
3883,0.43261155
3884,0.41056910
3885,0.24292228
3886,1.82349168
3887,0.29792580
3888,1.65668487
3889,0.44234863
3890,0.29339616
3891,0.40302739
3892,1.26052716
3893,1.60037768
3894,2.01302656
3895,0.31881329
3896,1.52774674
3897,1.91860444
3898,0.77460231
3899,0.19771127
3900,0.38670393
3901,0.22707296
3902,2.19968053
3903,0.93400812
3904,1.29757962
3905,1.90583281
3906,0.92110808
3907,1.60935285
3908,0.19018500
3909,1.19235376
3910,0.23937073
3911,0.61563152
3912,0.72733741
3913,1.77913337
3914,1.67133740
3915,1.85226145
3916,0.15318298
3917,2.46422004
3918,0.13499778
3919,2.04729679
3920,1.83537503
3921,1.46719165
3922,1.08810590
3923,1.87718333
3924,1.83435574
3925,0.34017466
3926,1.96519629
3927,0.19483888
3928,1.24104707
3929,1.59938429
3930,2.03723376
3931,1.14823480
3932,0.58730368
3933,1.21653609
3934,0.62040148
3935,1.31090989
3936,1.14674222
3937,1.93512822
3938,0.59531664
3939,0.49588729
3940,1.17569257
3941,0.12528995
3942,0.56866619
3943,0.87699388
3944,1.20902427
3945,0.66807361
3946,1.39002488
3947,2.17787009
3948,1.34810350
3949,0.71121918
3950,0.15374310
3951,0.33890522
3952,1.39146500
3953,1.69514954
3954,0.12321626
3955,0.46009873
3956,0.79115390
3957,0.79286912
3958,2.37618953
3959,0.50527220
3960,0.15508034
3961,0.87528300
3962,0.33339059
3963,0.31390382
3964,1.01024195
3965,0.75969214
3966,0.22748979
3967,1.49828526
3968,1.24390717
3969,0.19122582
3970,2.13902008
3971,0.70594719
3972,2.38356219
3973,2.30957663
3974,1.07630343
3975,0.56674804
3976,2.06986998
3977,0.89578874
3978,0.40555781
3979,1.36764046
3980,1.21341927
3981,2.10746792
3982,1.80813436
3983,2.17222940
3984,1.82157558
3985,1.59217750
3986,1.24013226
3987,2.44844985
3988,2.37806831
3989,2.10457987
3990,1.92227274
3991,1.43198103
3992,0.64406635
3993,2.17049280
3994,0.02689369
3995,0.56395402
3996,1.00102364
3997,1.45329647
3998,1.39062690
3999,0.43596589
4000,0.25989686
4001,0.55128257
4002,0.86460733
4003,0.03492033
4004,1.71683532
4005,0.61425132
4006,0.87129046
4007,0.83037636
4008,1.26902186
4009,2.13171936
4010,0.37045007
4011,0.84481892
4012,1.71577666
4013,0.10973785
4014,2.05778602
4015,2.38466385
4016,1.50655045
4017,2.37148235
4018,1.02415333
4019,1.02903717
4020,0.26349350
4021,0.08795911
4022,0.60626047
4023,1.18546896
4024,1.25873947
4025,0.53949744
4026,1.51936428
4027,0.44932906
4028,0.80883048
4029,0.48528693
4030,1.72726737
4031,1.28078012
4032,1.82504201
4033,0.14200939
4034,1.05464848
4035,2.39739082
4036,0.13301312
4037,1.03733505
4038,0.10023448
4039,0.36366533
4040,1.14678751
4041,0.39058996
4042,1.28619207
4043,2.28774217
4044,0.49693446
4045,0.26581803
4046,2.04612850
4047,1.14119287
4048,2.18827401
4049,0.75902809
4050,1.55587424
4051,2.28918476
4052,0.42575140
4053,1.98526835
4054,1.56575334
4055,2.01556005
4056,0.42326608
4057,1.07627825
4058,0.31949514
4059,2.38034247
4060,0.15550521
4061,0.16242642
4062,2.22681388
4063,0.74573658
4064,1.48022804
4065,0.71279599
4066,1.60849930
4067,0.47725386
4068,1.13772098
4069,1.32272786
4070,0.82725550
4071,0.62410174
4072,0.34768259
4073,1.75077230
4074,0.41728958
4075,0.72432655
4076,0.83535236
4077,1.12655785
4078,1.74190748
4079,1.06105247
4080,2.15971954
4081,1.68542304
4082,2.07887951
4083,1.77608431
4084,0.36857044
4085,2.42458481
4086,1.95020635
4087,1.41998705
4088,0.40972353
4089,0.42819307
4090,1.52314635
4091,1.03192647
4092,1.67568922
4093,0.92341203
4094,1.27153919
4095,0.46606923
4096,0.38485735
4097,0.18761878
4098,2.03215244
4099,1.37700832
4100,2.34825858
4101,1.85822696
4102,1.90601878
4103,1.26215100
4104,2.02177595
4105,2.33567006
4106,1.78943817
4107,0.26185728
4108,1.61410604
4109,0.29865965
4110,0.19153016
4111,1.71793755
4112,2.06970318
4113,0.39388261
4114,0.18390946
4115,2.19797225
4116,0.32785537
4117,0.08706450
4118,1.78773770
4119,2.10175993
4120,1.27557580
4121,1.33867692
4122,0.83523273
4123,0.59128315
4124,1.87247209
4125,2.10564948
4126,0.79651768
4127,0.67893877
4128,0.66399530
4129,0.12551569
4130,0.69692767
4131,0.06367253
4132,1.95472192
4133,0.63457950
4134,1.71113153
4135,1.34676700
4136,2.07634305
4137,2.38107786
4138,0.91067843
4139,0.21909522
4140,1.85862235
4141,0.05289137
4142,0.55285541
4143,0.13209866
4144,2.22679449
4145,0.01321069
4146,1.22169921
4147,1.05126940
4148,1.61838223
4149,0.71842027
4150,2.16616994
4151,1.82069007
4152,1.07183536
4153,0.88770746
4154,2.02285271
4155,1.87700469
4156,0.98929096
4157,0.84641740
4158,0.09649028
4159,0.20264907
4160,0.13375426
4161,0.06060961
4162,0.37908382
4163,2.12512980
4164,1.97889860
4165,2.09645014
4166,1.54662264
4167,1.54727403
4168,0.30733332
4169,1.73297395
4170,0.69432791
4171,1.28742649
4172,2.36705503
4173,2.15853390
4174,0.57821837
4175,1.82640439
4176,0.25814292
4177,0.06637878
4178,0.06992851
4179,0.42215821
4180,1.72301500
4181,0.90079691
4182,0.03960298
4183,2.44961346
4184,1.32244580
4185,0.97659769
4186,1.28642628
4187,1.28920554
4188,1.16590268
4189,1.51971938
4190,2.19575018
4191,0.74809567
4192,1.20738527
4193,0.00911231
4194,2.13175546
4195,0.75848413
4196,0.67268544
4197,2.47320219
4198,1.44892257
4199,0.30513052
4200,0.65837550
4201,0.87580800
4202,2.44474776
4203,1.06768823
4204,0.57063312
4205,1.41257217
4206,1.00357033
4207,0.13633745
4208,2.13449583
4209,0.03897099
4210,2.22762568
4211,1.96327794
4212,0.18806119
4213,1.79407637
4214,1.91141983
4215,1.49333583
4216,1.43225684
4217,0.12326357
4218,0.14758320
4219,1.80319392
4220,0.26179837
4221,0.59966518
4222,1.23680870
4223,0.40707753
4224,1.95827202
4225,2.00175391
4226,2.08794481
4227,0.12296878
4228,1.06087403
4229,2.09978180
4230,0.90058245
4231,1.72517683
4232,1.46095419
4233,0.86088806
4234,0.68534918
4235,1.61837833
4236,0.33136299
4237,2.13251965
4238,1.42921394
4239,0.27652085
4240,1.74428492
4241,1.06890522
4242,0.50604279
4243,2.38278993
4244,1.78425046
4245,1.47024565
4246,2.10461508
4247,1.34845636
4248,1.09458524
4249,0.46976036
4250,0.38036816
4251,1.07102934
4252,1.13054391
4253,1.81812844
4254,1.09610847
4255,1.47065615
4256,2.06408299
4257,2.46278329
4258,0.79969247
4259,2.23623066
4260,1.99846359
4261,0.16868224
4262,0.82853489
4263,0.54313590
4264,1.64723949
4265,1.37679234
4266,1.22692763
4267,1.89312827
4268,0.82642696
4269,0.94900902
4270,2.14618375
4271,2.41040661
4272,1.92484650
4273,0.53824690
4274,0.27936732
4275,0.51874570
4276,1.04820071
4277,0.58690440
4278,2.23396634
4279,1.66295441
4280,1.03324569
4281,0.67892029
4282,0.94382423
4283,1.18031697
4284,1.76980787
4285,0.22157628
4286,2.10453018
4287,0.31632867
4288,0.65075215
4289,2.46341599
4290,0.47164898
4291,0.25083276
4292,1.58283165
4293,0.97473545
4294,0.22775918
4295,0.00935634
4296,0.19633777
4297,1.29605979
4298,0.57251474
4299,1.92780866
4300,2.12603922
4301,0.35915238
4302,0.83562781
4303,0.36346899
4304,0.71085519
4305,0.59312080
4306,1.95089716
4307,0.85660162
4308,1.22869717
4309,1.67081904
4310,2.03864144
4311,0.74684465
4312,0.51878418
4313,2.42588907
4314,0.79379743
4315,1.66381024
4316,1.68060192
4317,1.27447528
4318,0.56645179
4319,0.35078350
4320,1.20750309
4321,1.26678989
4322,1.91743215
4323,1.75991845
4324,2.26123820
4325,2.40706474
4326,1.80458892
4327,0.18976699
4328,1.00445951
4329,1.50943917
4330,1.46330739
4331,0.44991890
4332,1.44533213
4333,0.86701645
4334,0.84035564
4335,2.06777328
4336,1.04614739
4337,1.30761393
4338,1.39556935
4339,1.39587657
4340,0.52845528
4341,1.48626083
4342,0.82968693
4343,1.62402404
4344,0.36129588
4345,2.46471931
4346,1.91415098
4347,1.03454032
4348,0.74719858
4349,0.96152848
4350,1.78811927
4351,1.62498475
4352,1.74072690
4353,2.20411157
4354,1.13133887
4355,1.65997499
4356,1.09467782
4357,1.58206997
4358,1.17727506
4359,1.92560585
4360,0.01311906
4361,0.53487510
4362,0.73501509
4363,2.34392853
4364,1.25716224
4365,0.90339015
4366,1.00246077
4367,1.12024941
4368,2.15162923
4369,2.38593005
4370,2.09295639
4371,2.08673879
4372,0.49348226
4373,0.66619277
4374,1.47782108
4375,1.62679363
4376,0.50263127
4377,1.85028249
4378,0.49583366
4379,0.65214192
4380,0.76069474
4381,2.09748539
4382,1.81508244
4383,1.31576931
4384,2.03242514
4385,2.01551419
4386,0.96656395
4387,1.93744085
4388,0.51140129
4389,1.24769812
4390,0.29322646
4391,1.05819974
4392,1.29018449
4393,0.19821400
4394,1.14700149
4395,1.61571923
4396,1.52254404
4397,0.13483380
4398,0.23644702
4399,0.87117099
4400,2.08928982
4401,2.15640340
4402,0.76767955
4403,1.78237690
4404,1.43156214
4405,2.43820807
4406,0.23472204
4407,1.35840043
4408,1.46911518
4409,0.76285919
4410,0.11648591
4411,0.12925714
4412,1.12470154
4413,1.71687987
4414,1.73597489
4415,0.44874390
4416,2.12718837
4417,0.93515044
4418,2.39096794
4419,0.29302293
4420,2.07384167
4421,2.25205730
4422,2.03967994
4423,2.00538131
4424,0.89584867
4425,1.76861971
4426,1.43641145
4427,1.05245945
4428,2.46223042
4429,0.72018209
4430,1.02435710
4431,2.23847827
4432,0.71659603
4433,0.37860969
4434,0.76863872
4435,1.88258637
4436,2.13185395
4437,0.28381346
4438,1.54144680
4439,1.40651278
4440,1.65818161
4441,1.66378116
4442,2.37881864
4443,0.85920365
4444,0.74326918
4445,1.44106923
4446,1.06470518
4447,1.17462386
4448,0.17183161
4449,0.36760447
4450,2.31908771
4451,0.16938823
4452,1.46318472
4453,1.87084313
4454,0.02949042
4455,0.55232192
4456,0.93492633
4457,1.25659508
4458,0.84697134
4459,1.60909650
4460,0.56136954
4461,0.06325607
4462,0.00397300
4463,0.85668179
4464,0.89672330
4465,2.35188589
4466,0.11109969
4467,1.31423126
4468,1.43261017
4469,1.73374167
4470,1.58364805
4471,0.02025768
4472,1.56659857
4473,0.79935189
4474,1.91619800
4475,0.46707914
4476,1.77571662
4477,1.55082487
4478,1.61725720
4479,0.43629281
4480,1.65911433
4481,1.82721706
4482,1.21343866
4483,0.84392285
4484,0.41300580
4485,0.71895687
4486,1.89378428
4487,1.01507661
4488,1.74226583
4489,1.83493470
4490,1.67150112
4491,1.66993474
4492,1.51441209
4493,1.28536538
4494,0.49051109
4495,2.08958153
4496,2.39071077
4497,1.15659934
4498,2.31379162
4499,2.47433611
4500,1.20546955
4501,1.79592165
4502,1.59618239
4503,0.58831208
4504,0.11682357
4505,1.12405014
4506,1.95174033
4507,0.80616165
4508,1.94488210
4509,1.62348205
4510,1.72448506
4511,0.70849542
4512,1.16543363
4513,0.45056353
4514,0.61140787
4515,0.22283694
4516,0.31437845
4517,0.52198936
4518,1.43861213
4519,1.09394189
4520,0.66188248
4521,2.13497391
4522,1.30203997
4523,2.28867880
4524,1.57430225
4525,0.03921909
4526,2.26479444
4527,2.12592692
4528,1.57506154
4529,1.32590470
4530,1.12298596
4531,1.19550040
4532,1.90715297
4533,1.27227411
4534,0.43648374
4535,0.14431358
4536,0.31292282
4537,0.62345837
4538,0.91177551
4539,2.21258265
4540,0.59283027
4541,0.79243637
4542,0.55298236
4543,1.35309755
4544,1.52997792
4545,1.31934460
4546,2.35994967
4547,2.46784915
4548,2.07617535
4549,1.99659245
4550,0.90760707
4551,1.43749473
4552,0.87145901
4553,1.94467663
4554,0.42608694
4555,0.53725704
4556,0.09600951
4557,1.50977957
4558,1.70712278
4559,0.00841388
4560,1.26643345
4561,0.93443671
4562,1.96457229
4563,0.09649711
4564,0.12048352
4565,1.53771907
4566,1.46688686
4567,2.06054141
4568,1.46844391
4569,2.35378674
4570,0.77950987
4571,0.98661673
4572,2.42395847
4573,0.26665534
4574,1.97330928
4575,0.02875951
4576,1.20625630
4577,0.38039770
4578,1.48479397
4579,1.97892502
4580,0.08199747
4581,0.40610828
4582,0.84948798
4583,0.63426250
4584,0.95016829
4585,2.35997855
4586,0.25099128
4587,1.04949175
4588,1.13331269
4589,0.69511046
4590,0.69055985
4591,1.77211308
4592,1.53185506
4593,2.01527562
4594,1.00434773
4595,1.50425425
4596,2.21548862
4597,2.11071718
4598,2.28102770
4599,0.66692898
4600,2.44316387
4601,2.02409646
4602,1.97058945
4603,1.65515897
4604,2.43782557
4605,1.09481485
4606,1.83852457
4607,1.73259199
4608,1.81509486
4609,1.86313219
4610,0.47300575
4611,0.86545692
4612,0.97256592
4613,1.85454166
4614,1.77582155
4615,2.06618459
4616,1.95499844
4617,1.47778314
4618,0.34704250
4619,1.57551781
4620,2.19930209
4621,1.59465525
4622,2.22054201
4623,2.47696032
4624,0.89062299
4625,1.79327959
4626,1.33875970
4627,1.12805779
4628,0.59476369
4629,0.60975687
4630,0.45866687
4631,1.56567092
4632,0.35226032
4633,1.06958433
4634,1.29754153
4635,1.08656211
4636,2.11964499
4637,1.09879682
4638,0.20543782
4639,2.45996898
4640,2.09498676
4641,1.63647768
4642,1.87517829
4643,0.31789225
4644,1.89895702
4645,0.51513543
4646,1.21236235
4647,0.44133829
4648,1.86888438
4649,0.60980468
4650,0.62783994
4651,0.27086534
4652,1.78662723
4653,0.73354492
4654,1.28501342
4655,0.82378623
4656,1.92074069
4657,0.56158310
4658,2.33262322
4659,0.79675374
4660,0.25755007
4661,0.59584997
4662,0.18339458
4663,1.16218918
4664,0.62050836
4665,2.19679003
4666,1.28215885
4667,0.57865209
4668,1.11888099
4669,0.48599290
4670,0.44318925
4671,0.74547458
4672,0.26858226
4673,0.46777866
4674,2.32571205
4675,1.65323517
4676,2.28370346
4677,0.63686067
4678,2.12481127
4679,0.89823565
4680,0.35757054
4681,1.99513207
4682,0.14796441
4683,1.00380135
4684,2.03134760
4685,1.53022145
4686,1.28448207
4687,0.87681787
4688,0.18615868
4689,2.45692559
4690,0.43338229
4691,0.63304646
4692,0.58496746
4693,2.25107367
4694,1.89343726
4695,1.13390381
4696,2.36879155
4697,0.13094015
4698,2.21569252
4699,0.14989127
4700,0.96978100
4701,0.13396852
4702,2.47675200
4703,2.26705999
4704,1.44992918
4705,0.54016483
4706,0.68627367
4707,1.11459945
4708,0.80032435
4709,0.05292008
4710,1.62708766
4711,1.52090693
4712,2.24207232
4713,1.18230890
4714,0.85469084
4715,1.26824680
4716,0.48277169
4717,1.55093648
4718,1.90916671
4719,0.38054490
4720,0.78942326
4721,2.15155632
4722,1.25340753
4723,1.31862343
4724,1.79109415
4725,1.43280727
4726,0.17258226
4727,1.99328408
4728,2.28800089
4729,0.13216452
4730,0.30068405
4731,1.74043606
4732,1.49870798
4733,0.94842566
4734,1.33699949
4735,1.74381616
4736,1.25079124
4737,0.34763712
4738,0.22181050
4739,1.08810979
4740,2.28812168
4741,1.38294093
4742,0.88818798
4743,2.25296970
4744,0.96358655
4745,1.26236929
4746,0.28890665
4747,1.82826463
4748,1.73629018
4749,1.96919162
4750,0.80630210
4751,1.08115427
4752,0.41743584
4753,2.39130753
4754,0.21348355
4755,1.60913133
4756,1.74857337
4757,0.39114302
4758,0.90579829
4759,0.10699869
4760,1.38003795
4761,2.46675860
4762,1.06586173
4763,2.45453619
4764,0.31301987
4765,0.97306263
4766,2.23625671
4767,2.17360784
4768,0.80233599
4769,1.68250979
4770,2.19707298
4771,1.90134371
4772,1.55821511
4773,0.37834806
4774,0.18106848
4775,1.52386782
4776,1.24037650
4777,0.59022566
4778,0.72592169
4779,0.97215234
4780,1.22858822
4781,0.96761979
4782,0.96026318
4783,0.28700627
4784,2.14607583
4785,1.51031114
4786,0.36229894
4787,1.05096018
4788,1.03321264
4789,1.48915537
4790,1.50960589
4791,1.59973215
4792,1.73034027
4793,0.25631647
4794,0.75605030
4795,0.04308724
4796,1.12723893
4797,1.06473398
4798,1.82064344
4799,0.41439937
4800,1.56569807
4801,0.76044349
4802,0.94693683
4803,1.78335565
4804,0.17746208
4805,0.84991566
4806,0.97025834
4807,1.77458525
4808,0.49400117
4809,2.34893282
4810,2.47375948
4811,2.03034468
4812,0.74313426
4813,1.64595620
4814,0.20622111
4815,2.16017991
4816,1.27934306
4817,0.43751130
4818,0.81181900
4819,1.98530352
4820,2.15757040
4821,1.28856708
4822,1.19088074
4823,1.86132219
4824,2.04839219
4825,1.89630925
4826,0.95316360
4827,1.59155968
4828,2.12567050
4829,0.37632754
4830,0.96235816
4831,0.14044924
4832,1.01377888
4833,1.91474300
4834,0.48855685
4835,1.34354094
4836,0.09078245
4837,2.22555889
4838,2.03305833
4839,1.30020906
4840,1.74988637
4841,0.25771009
4842,2.09554683
4843,1.77337593
4844,0.29750479
4845,2.43143240
4846,0.05593616
4847,1.55830106
4848,0.42589816
4849,1.78328322
4850,0.17463131
4851,0.20114575
4852,1.15612252
4853,2.46445620
4854,0.68562539
4855,1.51867626
4856,1.28580444
4857,2.08788629
4858,0.71555805
4859,1.37591282
4860,2.35689244
4861,0.82463475
4862,1.08946555
4863,2.20365073
4864,0.82441918
4865,0.94385586
4866,0.75405851
4867,2.00709256
4868,2.30672139
4869,1.56471735
4870,1.54620060
4871,0.96698672
4872,0.03102809
4873,0.43130933
4874,0.36561161
4875,0.28737615
4876,1.62161180
4877,0.33811843
4878,0.21238428
4879,0.94858559
4880,0.61746249
4881,0.36169986
4882,0.36236263
4883,0.63527090
4884,1.33105210
4885,1.87957144
4886,2.11430753
4887,1.86301576
4888,1.55756323
4889,2.25028818
4890,1.28862513
4891,1.57031535
4892,1.02058006
4893,0.81173877
4894,0.82246783
4895,0.36779067
4896,1.97502688
4897,0.13734822
4898,1.67277797
4899,2.14327374
4900,1.23331734
4901,0.17412190
4902,1.06222347
4903,0.85101573
4904,2.44345675
4905,1.71388350
4906,1.78849495
4907,1.27893163
4908,1.75887918
4909,1.79149772
4910,0.16459694
4911,0.55197080
4912,0.03222756
4913,1.26400787
4914,2.17138737
4915,1.51130396
4916,1.24020757
4917,2.29576041
4918,0.42704732
4919,0.18503925
4920,2.27429000
4921,2.23828171
4922,1.69332395
4923,0.60991695
4924,2.40434617
4925,1.89754772
4926,1.67081774
4927,0.55272647
4928,1.27214412
4929,2.03943379
4930,2.13286105
4931,1.39199245
4932,1.29620424
4933,1.72979676
4934,1.30972844
4935,1.03560541
4936,0.21185139
4937,0.31258415
4938,1.88497583
4939,0.06122589
4940,0.12975420
4941,2.24289760
4942,1.74544884
4943,0.01052231
4944,0.77370533
4945,1.89252011
4946,1.03540648
4947,1.16233568
4948,1.13754645
4949,0.50121570
4950,1.78857337
4951,0.25545440
4952,1.25767022
4953,0.42143761
4954,0.11544355
4955,0.35521255
4956,2.15535935
4957,0.43678860
4958,0.69021933
4959,0.34244676
4960,1.82366356
4961,1.10444899
4962,2.33956640
4963,1.64709151
4964,1.31751416
4965,1.62801718
4966,0.10030183
4967,2.35698354
4968,2.37128709
4969,0.68469228
4970,1.55776708
4971,0.50067236
4972,1.35738656
4973,1.91104189
4974,2.33011232
4975,0.84107481
4976,1.71943713
4977,1.77626567
4978,0.54835677
4979,1.55959340
4980,1.62501820
4981,1.89439849
4982,2.47917735
4983,0.09982330
4984,0.50163876
4985,0.35976082
4986,0.38295556
4987,1.12626496
4988,2.17817228
4989,1.11256624
4990,1.65739473
4991,0.93350601
4992,0.79259692
4993,2.06833899
4994,1.62533113
4995,0.87002817
4996,2.26649165
4997,1.23600288
4998,0.46685443
4999,1.19809619
5000,1.67281316
5001,0.91023459
5002,2.09201452
5003,1.32186461
5004,1.15977453
5005,2.12902122
5006,1.14775777
5007,1.02749610
5008,0.25721481
5009,0.89877878
5010,0.98445210
5011,0.44788229
5012,1.45742698
5013,0.35669560
5014,0.55465646
5015,1.39115415
5016,0.66695016
5017,1.58596294
5018,1.71201895
5019,0.74704626
5020,0.21673217
5021,1.21354173
5022,0.23039456
5023,1.27746582
5024,1.80053914
5025,1.53801830
5026,1.11143664
5027,2.34507899
5028,0.25233281
5029,2.18180423
5030,1.98378159
5031,1.04070653
5032,0.37907090
5033,0.38650763
5034,2.28544660
5035,0.57948564
5036,2.16721198
5037,1.24786267
5038,1.14482442
5039,1.53598899
5040,0.53320937
5041,1.06210748
5042,2.32679688
5043,0.59077175
5044,2.28489571
5045,2.46495262
5046,0.12876787
5047,1.31748912
5048,0.42605758
5049,1.54145070
5050,2.45338192
5051,2.22365212
5052,2.29299015
5053,0.52902128
5054,1.34461308
5055,0.58227813
5056,2.22995882
5057,0.47399274
5058,0.38177757
5059,0.03023197
5060,0.45116862
5061,0.47054377
5062,0.19219401
5063,2.15140787
5064,1.93387205
5065,0.63099619
5066,1.94195408
5067,1.04672106
5068,1.92277130
5069,0.80088830
5070,1.39998576
5071,0.94617835
5072,0.46536954
5073,1.45199668
5074,1.86156033
5075,1.86720386
5076,0.88340146
5077,1.28608384
5078,1.89366090
5079,0.13519008
5080,0.17830572
5081,0.93282075
5082,0.55411552
5083,0.92891169
5084,0.23251346
5085,1.46780214
5086,1.66547729
5087,1.96323283
5088,1.61287406
5089,0.98279869
5090,2.31798021
5091,1.80082220
5092,1.30832123
5093,0.51290776
5094,1.60903633
5095,1.46708934
5096,1.69421031
5097,1.93666604
5098,2.26869657
5099,2.35300768
5100,1.56245287
5101,2.39490529
5102,2.25970385
5103,0.00655960
5104,1.58087842
5105,0.44254474
5106,0.73192852
5107,0.73764946
5108,1.19786755
5109,0.02701776
5110,0.58467156
5111,0.07227556
5112,1.61296239
5113,2.20482654
5114,2.47382569
5115,1.11215375
5116,0.64502768
5117,2.11511812
5118,0.28062401
5119,2.41544062
5120,1.77232454
5121,1.24944800
5122,0.23969693
5123,0.04518991
5124,1.35009862
5125,1.02610864
5126,2.08923719
5127,1.59250109
5128,1.07084843
5129,0.56040151
5130,1.19115521
5131,0.40417833
5132,1.65375588
5133,1.50181976
5134,2.00843133
5135,1.11456451
5136,0.69091184
5137,2.07369456
5138,1.71321877
5139,1.75217264
5140,1.30932117
5141,2.17183056
5142,0.56480573
5143,0.99596497
5144,1.97412177
5145,0.32971867
5146,2.00356739
5147,0.87424269
5148,0.31123055
5149,0.19630779
5150,2.09014018
5151,1.93044511
5152,0.71419878
5153,0.28856665
5154,0.61302904
5155,0.52812336
5156,1.81749164
5157,0.53450849
5158,0.53583596
5159,0.08007813
5160,1.47983051
5161,1.70821684
5162,1.62023125
5163,1.40976615
5164,2.39520010
5165,1.17210556
5166,2.13255433
5167,1.60168522
5168,0.20873482
5169,2.00847370
5170,1.44891167
5171,1.62031849
5172,0.44690329
5173,1.08471662
5174,2.18324459
5175,0.53418150
5176,0.00038768
5177,0.63850136
5178,1.20880792
5179,2.03621525
5180,1.59494417
5181,2.27864783
5182,1.12952706
5183,0.96899887
5184,0.57381701
5185,0.54070508
5186,1.82506382
5187,0.19930676
5188,0.60182083
5189,2.19641620
5190,1.43039746
5191,0.11557941
5192,1.74608832
5193,1.25626018
5194,2.11863400
5195,1.69198861
5196,0.01110212
5197,0.51015254
5198,0.63962938
5199,1.74107344
5200,1.26278505
5201,1.85317234
5202,1.27159380
5203,0.81173979
5204,0.25707660
5205,0.50242481
5206,0.99370404
5207,1.36726013
5208,2.32717611
5209,0.59439948
5210,1.65145584
5211,0.37827442
5212,1.76963623
5213,0.02819465
5214,1.62625449
5215,0.40473213
5216,0.44714380
5217,1.38573863
5218,0.93080961
5219,1.16855192
5220,0.76588462
5221,2.36394222
5222,0.72068136
5223,1.34393830
5224,2.11822202
5225,1.64673507
5226,0.80031633
5227,1.36969566
5228,0.20583210
5229,1.35296016
5230,1.06959082
5231,1.87917007
5232,2.10222426
5233,0.49497329
5234,0.20222427
5235,0.96835863
5236,1.32435978
5237,0.93425674
5238,1.55842578
5239,1.25370388
5240,2.32218947
5241,1.01505280
5242,0.20460004
5243,0.74864440
5244,1.50222831
5245,0.63482314
5246,0.66696227
5247,0.84195633
5248,1.84993517
5249,2.33088462
5250,0.86874230
5251,0.48473784
5252,1.04293380
5253,0.87236956
5254,2.45457758
5255,1.15011416
5256,1.68417774
5257,2.26556889
5258,1.55966640
5259,0.61834463
5260,1.50598740
5261,0.99642191
5262,1.04718052
5263,2.42804899
5264,0.69076923
5265,1.16267614
5266,0.39642520
5267,0.44273016
5268,1.49625476
5269,1.86201876
5270,1.57800848
5271,0.81644880
5272,0.14788517
5273,1.16597033
5274,1.25027851
5275,1.91070067
5276,1.58750316
5277,2.16012862
5278,1.94127273
5279,0.90717322
5280,1.56750039
5281,1.85277327
5282,2.37240462
5283,1.04718620
5284,1.60731824
5285,0.97358201
5286,1.82932384
5287,2.26111893
5288,2.27905082
5289,0.38953411
5290,0.50608043
5291,1.87172183
5292,1.56449671
5293,2.24404724
5294,0.77806180
5295,2.10251673
5296,1.69531569
5297,0.48465917
5298,0.31368665
5299,1.74229151
5300,0.39294056
5301,1.96940247
5302,1.38124480
5303,1.18234118
5304,0.68317788
5305,2.43925762
5306,1.79049645
5307,1.92907682
5308,1.90588928
5309,1.44798700
5310,2.32980766
5311,1.44750585
5312,1.28939067
5313,0.67866917
5314,0.69856618
5315,1.82698277
5316,0.83004347
5317,1.80671962
5318,2.36205728
5319,1.08922223
5320,0.24137067
5321,1.65260011
5322,0.02368779
5323,1.95124083
5324,1.30329304
5325,1.21423683
5326,1.41185615
5327,1.28037361
5328,0.80279636
5329,0.69800337
5330,1.02969597
5331,2.21876404
5332,0.33569252
5333,0.80524417
5334,0.47683501
5335,1.05904886
5336,0.33105130
5337,1.88626539
5338,0.25659748
5339,1.64941581
5340,0.66379350
5341,1.17074566
5342,0.49589418
5343,1.81047053
5344,2.35107239
5345,0.54983560
5346,2.36316413
5347,0.80650660
5348,1.38310949
5349,1.73948093
5350,0.49411076
5351,1.10275015
5352,0.16823794
5353,1.72823471
5354,1.03296523
5355,2.21066997
5356,0.67936694
5357,2.28989821
5358,0.34974823
5359,1.50488754
5360,0.76320531
5361,0.45075645
5362,0.23296987
5363,1.62556677
5364,0.57815496
5365,1.42021674
5366,2.42828239
5367,0.78342006
5368,0.08671291
5369,0.35416813
5370,0.29590472
5371,1.14866447
5372,1.84623811
5373,0.73503185
5374,0.36165579
5375,1.58868626
5376,0.74677304
5377,1.42605765
5378,2.31514976
5379,0.72239415
5380,1.27066264
5381,2.00035039
5382,1.71500637
5383,1.86316532
5384,1.91545526
5385,1.33865406
5386,1.32909932
5387,1.78237069
5388,1.72970860
5389,1.66130514
5390,0.94747784
5391,2.05422587
5392,0.58567932
5393,0.38617338
5394,0.85581457
5395,0.62938406
5396,1.64426005
5397,0.57282441
5398,1.62766738
5399,1.27247541
5400,0.37803680
5401,0.64070180
5402,1.29355875
5403,1.81761474
5404,0.98743547
5405,0.57732370
5406,0.73164478
5407,0.23589540
5408,0.06242940
5409,2.41268949
5410,0.23910042
5411,0.30970247
5412,2.15939838
5413,1.64506016
5414,1.08120215
5415,1.60915637
5416,2.31812053
5417,0.24645723
5418,0.60429372
5419,2.13296066
5420,1.93546257
5421,2.46506920
5422,0.77833019
5423,2.34266881
5424,0.85216170
5425,1.77295857
5426,2.18860090
5427,0.42348612
5428,0.50990355
5429,1.44040817
5430,2.09211378
5431,0.19581207
5432,2.10960732
5433,0.85075275
5434,1.00720725
5435,0.84267186
5436,2.25984642
5437,0.32434724
5438,1.42383659
5439,0.36727202
5440,2.30227777
5441,1.97833334
5442,0.57976979
5443,0.73833885
5444,0.94594229
5445,1.00520171
5446,2.02645903
5447,1.39968609
5448,1.06106283
5449,1.78374686
5450,1.13523039
5451,0.31801451
5452,0.26656843
5453,0.80819962
5454,1.49473205
5455,0.33438068
5456,1.36398720
5457,0.66850235
5458,1.72416788
5459,0.07014774
5460,1.16289502
5461,0.12965285
5462,0.81948283
5463,0.03869237
5464,1.16308177
5465,1.90168684
5466,0.24854654
5467,1.82286424
5468,1.44843250
5469,1.25111059
5470,1.48633496
5471,0.83284428
5472,1.76117321
5473,1.93304903
5474,1.92947404
5475,0.66813083
5476,1.62126395
5477,0.36724139
5478,1.22833722
5479,0.00659654
5480,0.48002412
5481,1.56629224
5482,2.16782137
5483,0.12163044
5484,1.38485890
5485,1.57878980
5486,2.31168980
5487,1.62433022
5488,0.25551978
5489,0.36389075
5490,1.57628357
5491,0.53464880
5492,2.30156088
5493,2.28267343
5494,2.35201417
5495,0.72637493
5496,1.77756180
5497,1.64384204
5498,0.08834797
5499,0.65847494
5500,0.51270030
5501,0.91939785
5502,2.36291747
5503,2.09651904
5504,0.72754508
5505,1.31414813
5506,0.47674996
5507,0.68790071
5508,0.16123602
5509,1.59324739
5510,1.62873577
5511,2.07891647
5512,2.16085550
5513,0.39690208
5514,1.84224749
5515,0.33404922
5516,0.92660351
5517,1.27821179
5518,0.12272530
5519,0.38873132
5520,0.67223720
5521,0.31628479
5522,2.31591760
5523,0.71488761
5524,1.24259788
5525,2.47071569
5526,1.40491559
5527,1.02027072
5528,2.30524733
5529,0.55170114
5530,0.44510164
5531,1.32736947
5532,1.05945734
5533,1.97598988
5534,0.10423056
5535,1.53156246
5536,1.76201513
5537,2.40968330
5538,0.36145852
5539,0.61057160
5540,2.31181934
5541,1.56355202
5542,0.09441031
5543,0.19183158
5544,1.94736589
5545,1.40697786
5546,1.40187309
5547,2.18146740
5548,0.59781522
5549,0.39782332
5550,1.52184419
5551,2.18780791
5552,0.65769539
5553,1.68916350
5554,0.37786069
5555,0.42627922
5556,2.23512888
5557,0.29254037
5558,0.06043619
5559,1.92133369
5560,0.89882259
5561,0.98348583
5562,1.98310891
5563,0.44618023
5564,1.61238814
5565,0.77738688
5566,0.25858351
5567,1.70453891
5568,0.79011972
5569,2.14858899
5570,2.27857886
5571,2.10507269
5572,0.79926216
5573,0.58662077
5574,2.21353624
5575,1.12303780
5576,1.75472763
5577,2.05080839
5578,0.68852712
5579,0.29534793
5580,1.54916931
5581,1.46330041
5582,0.66996616
5583,1.44970051
5584,1.95955550
5585,0.86783577
5586,0.60083939
5587,1.79752284
5588,1.94843557
5589,2.36598111
5590,0.36597722
5591,2.20476834
5592,1.89693401
5593,1.74024939
5594,0.77620999
5595,0.05509944
5596,1.25841247
5597,0.70856604
5598,0.71861100
5599,2.29866788
5600,0.37932309
5601,2.31625505
5602,1.24913077
5603,2.07836522
5604,0.70315685
5605,1.57171320
5606,1.37998871
5607,2.29129840
5608,0.44460006
5609,0.50725383
5610,2.35277911
5611,0.24295484
5612,1.57360189
5613,0.15023038
5614,0.19095593
5615,1.48054714
5616,1.36704605
5617,1.42074181
5618,1.17437054
5619,1.84055763
5620,2.45994169
5621,0.68380317
5622,0.80195936
5623,0.80099215
5624,1.89239735
5625,0.86288851
5626,1.67786492
5627,1.10553586
5628,1.50696563
5629,2.05539787
5630,1.27454778
5631,1.17814171
5632,0.66196943
5633,1.27912417
5634,0.65065841
5635,2.09148265
5636,0.96416141
5637,0.32016553
5638,0.59501272
5639,1.32542847
5640,2.27176560
5641,0.74523912
5642,0.65555224
5643,1.00803339
5644,2.39936404
5645,2.09557207
5646,0.37113929
5647,1.52171363
5648,1.96329158
5649,1.90415236
5650,1.21203846
5651,1.81445641
5652,1.44692350
5653,0.49950647
5654,0.13904788
5655,0.91615273
5656,0.15363904
5657,0.97940713
5658,2.05505978
5659,2.09327747
5660,0.08455509
5661,0.17247243
5662,1.66083265
5663,1.23968982
5664,0.37037183
5665,1.99717128
5666,0.53682181
5667,0.19382799
5668,1.85827867
5669,1.50776223
5670,0.97799232
5671,1.71750566
5672,2.25960045
5673,0.08482414
5674,1.55623976
5675,0.54096493
5676,1.17557461
5677,1.05122478
5678,0.96692734
5679,0.47201458
5680,1.99003189
5681,0.94099686
5682,2.19964168
5683,0.87938226
5684,2.08192061
5685,1.34993532
5686,0.95613170
5687,1.74553587
5688,1.95037583
5689,1.19677954
5690,1.05479314
5691,1.43163250
5692,1.45083267
5693,1.05493888
5694,1.87849862
5695,0.99107945
5696,1.12316513
5697,1.50080117
5698,2.44670351
5699,0.64637886
5700,0.57514237
5701,0.43862224
5702,1.70936886
5703,1.11348695
5704,0.96352254
5705,0.50606500
5706,2.20941510
5707,1.09880593
5708,1.50668956
5709,0.27906472
5710,0.26776597
5711,0.16706541
5712,0.91081347
5713,1.17247270
5714,0.60644351
5715,0.86700900
5716,0.01559807
5717,0.87050710
5718,0.29553116
5719,0.31837267
5720,0.01124966
5721,1.72656567
5722,2.30894477
5723,1.54103247
5724,0.23858503
5725,2.45364671
5726,2.41877813
5727,1.16093916
5728,0.26751062
5729,1.78695660
5730,2.38377892
5731,1.93065351
5732,1.54762051
5733,1.51447085
5734,2.42456203
5735,0.18135766
5736,0.37086179
5737,2.05985075
5738,0.35984672
5739,0.95035819
5740,0.69797943
5741,0.60363347
5742,0.06384864
5743,1.40394518
5744,0.99484310
5745,1.36759706
5746,0.75502392
5747,2.33417610
5748,1.46616377
5749,2.38313145
5750,0.86782330
5751,0.00575429
5752,1.93701511
5753,2.05134057
5754,0.14561723
5755,1.55051222
5756,1.63889340
5757,0.36138579
5758,1.36991351
5759,0.60302399
5760,0.04086556
5761,2.14935008
5762,1.21910348
5763,1.93808995
5764,1.79229617
5765,2.46370200
5766,1.08586527
5767,1.06007434
5768,0.69861489
5769,1.54996180
5770,1.20526275
5771,1.80684452
5772,0.88395254
5773,0.32447223
5774,2.13825394
5775,2.05299691
5776,0.87028823
5777,1.71161877
5778,1.22085811
5779,1.88670294
5780,0.96730592
5781,1.32805092
5782,0.14341743
5783,0.43372010
5784,1.93825483
5785,0.94606663
5786,0.08711243
5787,0.41568693
5788,1.02052424
5789,1.77994979
5790,0.90124106
5791,1.84756496
5792,2.12740764
5793,0.84583417
5794,1.98439322
5795,0.31464437
5796,1.02966142
5797,0.24195763
5798,0.13030697
5799,0.16005622
5800,0.25978238
5801,2.07203487
5802,1.34797870
5803,2.34887132
5804,1.33390455
5805,1.55879807
5806,0.45745619
5807,1.34030274
5808,0.95533168
5809,2.30932055
5810,2.31548360
5811,0.49220174
5812,1.53752511
5813,1.58226267
5814,1.39473191
5815,0.30831996
5816,1.62153247
5817,1.98119430
5818,0.85597278
5819,1.27577007
5820,0.28848175
5821,2.30746948
5822,0.27164755
5823,0.51669280
5824,0.74007483
5825,2.04740203
5826,1.73716526
5827,0.01746841
5828,0.45516932
5829,1.85987539
5830,1.00127663
5831,0.06506738
5832,2.38984975
5833,0.37501919
5834,1.26564227
5835,0.61571075
5836,1.82843414
5837,1.92576073
5838,0.98487879
5839,1.63252613
5840,2.25388060
5841,2.02017730
5842,1.02870492
5843,1.09459873
5844,2.19885332
5845,0.08529608
5846,0.05663314
5847,0.51029201
5848,2.05194250
5849,0.37992875
5850,0.70735100
5851,1.55968404
5852,0.45685832
5853,0.75157316
5854,1.15766209
5855,0.56561341
5856,2.46049989
5857,0.40529829
5858,2.10726766
5859,1.16556366
5860,0.32020532
5861,0.29383245
5862,1.24042705
5863,0.87653586
5864,0.58171109
5865,2.37750878
5866,1.14890301
5867,2.30281415
5868,0.40667106
5869,0.45493260
5870,1.47776780
5871,0.66916182
5872,0.45858150
5873,0.23482486
5874,0.18917055
5875,1.86735574
5876,0.69962537
5877,2.42580423
5878,0.45407742
5879,0.87883281
5880,0.92956274
5881,1.24007186
5882,2.15858466
5883,2.06966544
5884,0.02476204
5885,1.01471549
5886,2.05272367
5887,0.00056841
5888,1.32309330
5889,0.64337778
5890,1.02342622
5891,1.04211007
5892,0.97132741
5893,2.21142760
5894,1.33009473
5895,2.24067409
5896,1.80183966
5897,0.87058545
5898,1.22373594
5899,0.96662703
5900,2.05430430
5901,0.46517615
5902,2.32165953
5903,1.43908388
5904,1.51676674
5905,1.28134759
5906,1.37480236
5907,1.65539900
5908,1.62406113
5909,0.53099791
5910,1.44408119
5911,0.87927855
5912,1.57942272
5913,1.35828599
5914,0.44554590
5915,1.82165245
5916,1.13311950
5917,1.36722850
5918,1.66771445
5919,1.61869736
5920,1.85684488
5921,0.51266311
5922,0.27376327
5923,1.65912815
5924,0.58513899
5925,0.28420984
5926,0.32544595
5927,0.77558149
5928,2.45894631
5929,0.38996254
5930,0.74021884
5931,2.28278983
5932,2.38834036
5933,0.56743335
5934,2.18292284
5935,0.34448755
5936,1.88810200
5937,0.03232823
5938,1.00818163
5939,0.61327889
5940,1.74547587
5941,0.03988485
5942,1.15267631
5943,1.72742958
5944,0.11587013
5945,2.22493955
5946,0.89556949
5947,0.40981003
5948,0.55905637
5949,0.84030379
5950,0.49189553
5951,1.26592022
5952,1.56926142
5953,1.07465098
5954,1.05878897
5955,1.93809099
5956,0.74636770
5957,1.54406525
5958,2.21383608
5959,0.54926309
5960,1.53695456
5961,2.35031818
5962,1.31356235
5963,2.42203225
5964,0.76875349
5965,1.39909241
5966,0.77120720
5967,0.00929931
5968,2.47263427
5969,0.59524215
5970,2.41262174
5971,1.61909665
5972,2.24113742
5973,2.39799617
5974,1.40785727
5975,2.47854288
5976,1.90246542
5977,1.29873482
5978,1.62383311
5979,0.48172140
5980,0.02743041
5981,0.63671788
5982,1.07847086
5983,0.56547284
5984,1.27449128
5985,1.63127293
5986,1.62594186
5987,2.21592569
5988,2.39580540
5989,2.20831590
5990,1.53763443
5991,0.51021469
5992,2.33911052
5993,0.43359716
5994,0.37550133
5995,0.78740544
5996,1.42217818
5997,1.68960547
5998,0.03303361
5999,1.92897424
6000,0.43399174
6001,0.73513217
6002,0.79860511
6003,0.82428813
6004,1.88520425
6005,0.10158850
6006,0.48729090
6007,0.05541251
6008,1.92966145
6009,2.43895204
6010,1.63524718
6011,1.46316883
6012,2.25138310
6013,0.63216760
6014,0.16485335
6015,1.26441075
6016,0.64554235
6017,1.11841312
6018,1.13135033
6019,0.79053546
6020,1.20578855
6021,0.94256199
6022,0.28037811
6023,2.14889047
6024,1.73869691
6025,0.10249219
6026,0.28713919
6027,0.23935958
6028,0.15315446
6029,0.14649334
6030,0.38959563
6031,2.10214137
6032,2.05345893
6033,1.94167832
6034,1.52407688
6035,1.79378500
6036,1.83094285
6037,2.20488925
6038,1.81572489
6039,1.82593009
6040,1.99358025
6041,1.37940971
6042,0.52822539
6043,0.20967826
6044,1.03898341
6045,0.22738788
6046,0.41982166
6047,0.05918288
6048,0.74435848
6049,2.40492581
6050,0.93953582
6051,0.59730620
6052,1.00032209
6053,0.74716553
6054,1.67077371
6055,1.57306710
6056,0.06786736
6057,1.26776577
6058,0.08982536
6059,1.67941741
6060,2.32016219
6061,2.24994927
6062,0.51008566
6063,1.84126621
6064,1.96627104
6065,2.14304401
6066,0.64368284
6067,1.11780133
6068,0.54923845
6069,0.06034674
6070,1.63392195
6071,1.06977559
6072,0.61521684
6073,2.10024361
6074,1.22898437
6075,2.46606326
6076,1.96699461
6077,2.15505258
6078,1.91734660
6079,0.26269020
6080,0.16129986
6081,2.26876885
6082,0.34270063
6083,0.97001765
6084,1.51218775
6085,0.52542277
6086,0.55861147
6087,1.15599758
6088,0.89481998
6089,1.67746477
6090,0.18620917
6091,1.21182321
6092,0.43210844
6093,1.50428891
6094,0.28819749
6095,0.49005288
6096,1.99310377
6097,0.58311109
6098,1.82743258
6099,0.67706327
6100,0.58276527
6101,0.74175155
6102,2.18411110
6103,0.98474306
6104,0.60441645
6105,1.33053074
6106,0.95617180
6107,1.95915948
6108,2.45562060
6109,1.30557721
6110,1.12006747
6111,0.85054169
6112,2.41320869
6113,1.19824845
6114,0.44137318
6115,2.40298726
6116,2.38232590
6117,1.08034067
6118,0.86331125
6119,1.68703901
6120,2.05517166
6121,1.23605387
6122,0.82023953
6123,0.74730311
6124,0.80979140
6125,0.29270882
6126,1.93045723
6127,0.26029766
6128,0.98759129
6129,2.07009466
6130,1.00194951
6131,0.73086033
6132,2.35101718
6133,0.31380909
6134,2.19383444
6135,0.15398067
6136,1.02531257
6137,1.56625986
6138,0.91748831
6139,1.32549034
6140,0.50584508
6141,1.41084551
6142,0.33368003
6143,1.97378396
6144,1.44742753
6145,1.19489861
6146,0.13560957
6147,1.23913358
6148,1.39729630
6149,0.65872890
6150,1.67998038
6151,0.19039647
6152,0.51746626
6153,1.82863049
6154,0.36507576
6155,0.60885003
6156,1.61369818
6157,1.80704430
6158,0.12773171
6159,0.31392229
6160,1.10610719
6161,1.46975308
6162,1.12510610
6163,1.60431341
6164,1.87435838
6165,2.35421570
6166,0.86751280
6167,0.40445226
6168,0.65480302
6169,0.36741176
6170,0.97750367
6171,2.16337304
6172,0.86051935
6173,0.36904373
6174,1.29580518
6175,2.45933498
6176,0.46662255
6177,1.92860900
6178,2.04137428
6179,0.99508811
6180,1.53608858
6181,1.07203128
6182,0.65044684
6183,1.05652456
6184,0.23632418
6185,1.75278488
6186,2.05583833
6187,0.76219317
6188,1.40450440
6189,0.57562763
6190,0.31608179
6191,1.64534113
6192,0.33256159
6193,1.93878405
6194,0.67382006
6195,2.02936105
6196,0.91368564
6197,0.91452366
6198,1.86092059
6199,1.26514427
6200,0.49834729
6201,2.10843648
6202,0.84339608
6203,0.25488524
6204,1.03144032
6205,1.42306129
6206,1.51212408
6207,2.07174213
6208,1.34235010
6209,0.55470777
6210,0.64880905
6211,0.25008503
6212,1.82460366
6213,0.26273147
6214,1.50202692
6215,1.48004795
6216,1.94752207
6217,0.18510220
6218,0.50314192
6219,2.25509243
6220,1.41878478
6221,1.13479736
6222,1.85373951
6223,2.23765867
6224,0.65213941
6225,2.23504352
6226,0.26955699
6227,2.42397925
6228,0.40878361
6229,0.66013922
6230,0.23955661
6231,1.99257700
6232,2.44021576
6233,0.73635110
6234,0.80734498
6235,0.69173338
6236,0.38393249
6237,1.95233341
6238,0.15061646
6239,2.39941276
6240,2.29910657
6241,0.29371575
6242,1.31288948
6243,2.46158498
6244,2.11391732
6245,1.77305907
6246,0.05576386
6247,0.16960142
6248,1.96862910
6249,0.93337142
6250,1.65727444
6251,1.83267935
6252,1.04676973
6253,0.35555436
6254,0.95878266
6255,2.15960753
6256,0.82091583
6257,0.15540039
6258,2.37798549
6259,1.68763269
6260,1.34098635
6261,2.05562590
6262,1.01943994
6263,2.44240674
6264,2.12619898
6265,0.69561297
6266,0.91999134
6267,0.68370826
6268,1.63473567
6269,1.58512897
6270,1.29549030
6271,2.39461854
6272,1.17095712
6273,1.94310616
6274,1.63164723
6275,1.28477771
6276,0.10444146
6277,1.63015946
6278,1.59321908
6279,0.30966937
6280,1.97333437
6281,1.15786379
6282,0.80371056
6283,2.04286292
6284,0.85137362
6285,1.54178921
6286,1.53203098
6287,0.13099619
6288,1.04837987
6289,0.55239779
6290,0.49485960
6291,1.62387924
6292,0.02836601
6293,2.40264778
6294,0.98034329
6295,0.74088071
6296,2.28090623
6297,1.20665023
6298,1.52313166
6299,1.72525213
6300,2.16050707
6301,0.32173825
6302,0.20251502
6303,2.46371570
6304,0.02210299
6305,1.75585576
6306,1.51504965
6307,1.36997913
6308,1.94832634
6309,2.46064682
6310,0.11631874
6311,1.52364050
6312,1.77713478
6313,0.75857194
6314,2.21368683
6315,1.13306841
6316,0.40785796
6317,2.11835158
6318,2.33780759
6319,0.24679838
6320,1.86366784
6321,0.53314773
6322,0.01674393
6323,0.64619964
6324,2.11959621
6325,0.35010532
6326,0.32403623
6327,1.83234733
6328,1.00753705
6329,0.36820914
6330,0.57030186
6331,1.97007902
6332,1.54530475
6333,1.88659553
6334,0.24248036
6335,1.13582393
6336,1.97628782
6337,0.65903939
6338,0.41953639
6339,0.94660813
6340,0.82660367
6341,0.45990770
6342,2.36512698
6343,1.19779011
6344,1.50763921
6345,0.30032990
6346,1.51249536
6347,1.37685074
6348,2.31054525
6349,1.02230623
6350,1.93898991
6351,0.75421264
6352,1.43540436
6353,2.29825092
6354,1.54977362
6355,1.76320402
6356,2.17184521
6357,2.29441795
6358,0.51643934
6359,0.48560555
6360,1.36483499
6361,2.46819218
6362,1.21527840
6363,0.82046755
6364,1.33207233
6365,0.15972995
6366,0.43941436
6367,0.36928599
6368,0.06928706
6369,1.79060849
6370,0.80700430
6371,0.41791830
6372,1.27004818
6373,0.80197111
6374,0.97445949
6375,0.78235398
6376,0.00995405
6377,1.70660365
6378,0.27450517
6379,0.54338243
6380,0.47191775
6381,0.82161378
6382,0.39724491
6383,0.86025216
6384,0.60318629
6385,0.15184435
6386,2.15840395
6387,0.75768388
6388,0.23630437
6389,1.29306190
6390,0.30570638
6391,1.91675394
6392,0.15274389
6393,1.15201744
6394,2.34004066
6395,0.39419887
6396,0.49931729
6397,1.48876869
6398,2.42936172
6399,0.95665361
6400,1.60821845
6401,0.37770705
6402,1.59024909
6403,0.62648540
6404,1.52055910
6405,0.21988954
6406,1.30159701
6407,0.58865961
6408,1.69019074
6409,1.85372345
6410,2.10281850
6411,2.46045448
6412,1.13892420
6413,1.66263587
6414,0.04575464
6415,2.24399703
6416,1.52664695
6417,1.04468916
6418,1.07683923
6419,1.87932363
6420,2.06644193
6421,2.00305712
6422,1.26593485
6423,0.92023592
6424,2.34428766
6425,1.57240456
6426,1.34791990
6427,1.48344831
6428,1.56166201
6429,1.76794977
6430,1.37155015
6431,2.17028535
6432,2.13150737
6433,1.09653672
6434,0.41791781
6435,1.42974021
6436,1.53903411
6437,1.29765640
6438,2.20802533
6439,0.23069662
6440,0.71265461
6441,2.14657026
6442,2.32909977
6443,1.05604427
6444,0.47768676
6445,1.04217155
6446,1.13101959
6447,1.28821005
6448,0.68026242
6449,0.77515328
6450,1.62543060
6451,1.54164878
6452,1.64158249
6453,0.93545429
6454,0.83423193
6455,0.87162326
6456,2.35826338
6457,0.97998156
6458,1.50281969
6459,1.29632657
6460,2.17243351
6461,0.91520349
6462,1.07642198
6463,2.08955898
6464,0.39912897
6465,1.47347094
6466,0.99154247
6467,2.44408212
6468,1.78855522
6469,0.02624941
6470,2.08132697
6471,1.74342218
6472,1.39082919
6473,0.58549483
6474,0.37026834
6475,1.55802512
6476,1.09079117
6477,2.13623302
6478,0.65056246
6479,1.58063673
6480,0.61701715
6481,1.57765446
6482,0.11993550
6483,0.97121085
6484,0.42820538
6485,1.50232781
6486,0.78531973
6487,1.91288490
6488,0.28418379
6489,1.37905818
6490,1.47194203
6491,0.05487915
6492,0.08929486
6493,0.76427632
6494,1.51011617
6495,2.38665927
6496,0.22515121
6497,1.74338032
6498,1.71748067
6499,1.65985870
6500,1.27972603
6501,2.39706201
6502,1.24409403
6503,2.07840936
6504,0.65092699
6505,1.99910231
6506,2.47074419
6507,2.25639058
6508,0.75394176
6509,2.09789709
6510,0.23624233
6511,1.68027099
6512,0.84833724
6513,1.63307272
6514,1.02213815
6515,0.02247326
6516,0.57346580
6517,0.10516323
6518,1.05937846
6519,2.08280803
6520,1.82974179
6521,1.95597285
6522,2.00131167
6523,0.92220232
6524,1.25463223
6525,1.26064545
6526,0.28074797
6527,1.48300996
6528,1.78556939
6529,1.51480781
6530,1.84949921
6531,0.29483681
6532,1.88778599
6533,0.51610521
6534,2.17393346
6535,0.60731909
6536,1.21984033
6537,1.20812328
6538,0.66661981
6539,0.89683929
6540,0.46021505
6541,1.41348882
6542,2.26368457
6543,0.78502103
6544,1.25968212
6545,2.13687836
6546,1.12192726
6547,2.06096364
6548,1.10678318
6549,1.09154038
6550,0.38991205
6551,0.30992927
6552,1.51611914
6553,2.05122819
6554,0.33578184
6555,2.25641031
6556,0.88982361
6557,1.05438847
6558,2.21763381
6559,2.22220315
6560,1.30132393
6561,0.68624199
6562,0.42635552
6563,0.67338743
6564,1.93543295
6565,0.80481329
6566,1.72205569
6567,0.48402576
6568,1.18639862
6569,0.87303033
6570,1.24864884
6571,1.41310353
6572,2.45683380
6573,2.23112490
6574,1.72529112
6575,0.38124344
6576,2.27856127
6577,2.21300426
6578,2.19841984
6579,1.18767103
6580,0.42329922
6581,1.87041717
6582,0.96329618
6583,0.85434208
6584,0.96891653
6585,1.38614256
6586,0.82694793
6587,1.71054995
6588,1.60593434
6589,1.26166552
6590,0.13389006
6591,2.32198282
6592,1.02076782
6593,1.11437589
6594,1.13068754
6595,0.90506631
6596,1.67253666
6597,0.03458317
6598,2.16570615
6599,0.25404792
6600,2.47859824
6601,1.55723937
6602,0.16431826
6603,1.39448889
6604,0.82146626
6605,2.36289146
6606,1.87306446
6607,1.25708403
6608,1.06559507
6609,2.46906608
6610,1.65467672
6611,1.27422809
6612,0.98667304
6613,0.80479360
6614,1.74897508
6615,1.45758147
6616,2.10292338
6617,1.37248241
6618,1.44381152
6619,1.18355460
6620,1.89079081
6621,1.02893910
6622,2.11223232
6623,0.81089722
6624,1.71725487
6625,2.21395834
6626,1.90678908
6627,0.84948242
6628,1.75125492
6629,0.51324099
6630,0.14428262
6631,1.96209544
6632,2.00331853
6633,0.05692908
6634,2.34987994
6635,1.10556628
6636,2.24445597
6637,1.95414402
6638,2.23300535
6639,2.06620796
6640,2.41483665
6641,1.55976415
6642,0.56350498
6643,0.96589465
6644,1.86415967
6645,0.38924097
6646,2.30537112
6647,0.50901167
6648,2.17182095
6649,1.19934097
6650,2.08416878
6651,2.37591355
6652,1.04667868
6653,1.72712095
6654,0.56216311
6655,1.98541006
6656,2.03286236
6657,0.73206004
6658,0.05992851
6659,1.06913505
6660,0.42154845
6661,2.02945449
6662,0.64739824
6663,2.33970959
6664,2.40941604
6665,2.25329139
6666,1.48666027
6667,0.66309356
6668,2.00145737
6669,1.73949440
6670,2.42270319
6671,0.93537254
6672,0.14577740
6673,2.47530745
6674,2.07832646
6675,0.54920191
6676,1.79907645
6677,0.00178911
6678,1.38301501
6679,0.89963749
6680,0.94549036
6681,0.60629887
6682,0.68148254
6683,1.12730624
6684,0.61528665
6685,1.15648996
6686,1.43145585
6687,1.76308685
6688,1.67887789
6689,0.60002509
6690,0.09723802
6691,2.06448795
6692,2.16274227
6693,2.42697037
6694,2.37942379
6695,1.57144882
6696,2.21718334
6697,1.11079396
6698,1.95206423
6699,2.36857216
6700,1.97423578
6701,1.03085602
6702,0.93663010
6703,0.72287958
6704,0.91011294
6705,2.03447637
6706,1.73925872
6707,0.61958599
6708,1.76413732
6709,0.94068666
6710,1.38292440
6711,0.91830865
6712,1.29331720
6713,1.80942979
6714,1.81271912
6715,1.86739093
6716,0.96955316
6717,1.71197509
6718,0.59189907
6719,1.18373292
6720,1.44573423
6721,1.70202531
6722,2.26112592
6723,0.75566958
6724,2.09573629
6725,0.77142662
6726,1.36838845
6727,2.05312808
6728,1.79293228
6729,2.13933046
6730,2.02035599
6731,0.68520645
6732,2.46179649
6733,2.32311273
6734,1.06657988
6735,0.11712116
6736,0.75251609
6737,2.07309253
6738,2.35750457
6739,2.06198415
6740,0.98369578
6741,0.14024500
6742,1.28328497
6743,0.93321685
6744,0.30495485
6745,0.26251281
6746,0.37949165
6747,0.51036225
6748,1.86888796
6749,0.94640874
6750,1.08334817
6751,1.48360302
6752,2.38046983
6753,1.87553884
6754,1.60094816
6755,1.84420902
6756,1.78336968
6757,1.71136475
6758,1.23078548
6759,1.40542235
6760,1.14422154
6761,0.97927100
6762,0.67137436
6763,0.88073327
6764,1.06250153
6765,1.43649287
6766,1.23938339
6767,0.26770830
6768,0.84295093
6769,0.93274818
6770,1.75271014
6771,0.82539408
6772,0.01980230
6773,0.20916790
6774,1.23225144
6775,0.46740173
6776,1.22636078
6777,1.42366525
6778,2.31428535
6779,1.62541149
6780,0.07703510
6781,0.94399657
6782,1.96724041
6783,0.64607229
6784,2.29329909
6785,1.31161728
6786,0.22927710
6787,0.59923488
6788,2.24700226
6789,2.45813487
6790,2.13969299
6791,0.79510929
6792,1.90615725
6793,0.55103147
6794,0.95339723
6795,1.72851822
6796,2.40220737
6797,1.08895159
6798,1.22937059
6799,0.54592645
6800,0.99975997
6801,0.15631563
6802,2.12871000
6803,0.05792982
6804,1.69469273
6805,0.67745747
6806,1.18046284
6807,0.69812616
6808,0.99194525
6809,1.35566620
6810,1.58900024
6811,2.33126372
6812,0.82368048
6813,1.45007436
6814,2.23565470
6815,0.71962944
6816,2.14473596
6817,2.37407743
6818,2.10120991
6819,1.41289331
6820,1.79036859
6821,1.19275099
6822,1.48081258
6823,2.41602345
6824,0.62266365
6825,1.96498469
6826,1.25514647
6827,0.43858750
6828,1.59555029
6829,1.96468665
6830,1.41015455
6831,2.07626662
6832,0.90715049
6833,2.26551988
6834,1.60741271
6835,1.99129478
6836,0.67687094
6837,1.10613275
6838,2.25522888
6839,0.12625978
6840,1.00164163
6841,1.93466751
6842,1.84416578
6843,2.11144696
6844,1.83319678
6845,2.34813737
6846,1.23537809
6847,1.54783616
6848,2.10173564
6849,1.73973133
6850,0.25310009
6851,0.90994666
6852,1.37007775
6853,1.87119646
6854,1.34770708
6855,1.92780149
6856,2.07670463
6857,0.65739199
6858,1.52752714
6859,1.38128282
6860,0.56364978
6861,1.21459851
6862,1.36010501
6863,2.02645163
6864,1.14297674
6865,0.20068734
6866,1.20819681
6867,2.07755121
6868,1.41635172
6869,0.79061828
6870,2.28337690
6871,0.38597360
6872,0.81048292
6873,1.08383549
6874,1.82969500
6875,2.07208661
6876,0.14526290
6877,1.96371705
6878,1.78643374
6879,2.21812693
6880,2.23248338
6881,1.92774278
6882,0.47163422
6883,0.77823769
6884,2.32142999
6885,1.48308726
6886,1.33578984
6887,2.27033242
6888,2.16741743
6889,1.80370837
6890,2.18738448
6891,0.28230111
6892,1.87820381
6893,2.39412226
6894,0.12150274
6895,0.55305950
6896,1.96850834
6897,1.28939459
6898,0.21482484
6899,0.66440762
6900,0.80349632
6901,0.79606637
6902,2.17603071
6903,1.64141872
6904,1.82210705
6905,0.03372138
6906,1.05997863
6907,0.78802847
6908,2.11219711
6909,2.36494037
6910,1.04963738
6911,2.41251917
6912,0.03567777
6913,0.80761136
6914,1.92131071
6915,0.89284785
6916,2.28335554
6917,0.54170274
6918,1.97271891
6919,0.50014430
6920,0.48874645
6921,1.10519323
6922,2.34280316
6923,1.45155557
6924,1.57447067
6925,0.02420754
6926,0.14044012
6927,0.16602285
6928,2.03215956
6929,0.58728891
6930,0.81534353
6931,1.51229130
6932,1.44783513
6933,1.01787509
6934,0.01073920
6935,1.11474624
6936,1.83193803
6937,0.58329040
6938,1.75626051
6939,0.03764533
6940,2.25123829
6941,2.35544381
6942,0.00618059
6943,1.13511520
6944,1.02603782
6945,2.08730057
6946,1.34065125
6947,1.51579368
6948,0.50213698
6949,0.19113905
6950,1.71652610
6951,1.53887661
6952,2.06361246
6953,2.09424264
6954,1.56455965
6955,1.33479975
6956,2.26611482
6957,1.98659617
6958,2.18781262
6959,2.46899674
6960,1.00046170
6961,1.77752400
6962,1.70595645
6963,0.43181786
6964,1.57822846
6965,1.06140982
6966,1.11730733
6967,0.44668153
6968,1.84645821
6969,1.73043432
6970,1.31974774
6971,0.38862094
6972,1.38067394
6973,0.24833180
6974,0.84145935
6975,0.92323878
6976,2.19029283
6977,1.03035201
6978,1.48382252
6979,2.16885641
6980,1.05563362
6981,2.19098238
6982,0.33839700
6983,0.90460814
6984,0.23492865
6985,1.39075163
6986,2.37340051
6987,1.62881277
6988,1.55226352
6989,0.68969726
6990,2.30850591
6991,1.16912124
6992,0.66203753
6993,2.44881353
6994,1.04909960
6995,0.92110947
6996,0.08675503
6997,0.44211227
6998,2.00624957
6999,1.19679024
7000,2.36743217
7001,0.20805021
7002,1.52714353
7003,1.78508438
7004,1.54013391
7005,1.31376640
7006,1.43381261
7007,1.70963011
7008,2.14030697
7009,0.83395377
7010,1.13966624
7011,1.57664420
7012,0.77909165
7013,0.44332187
7014,2.39543267
7015,0.48285573
7016,0.57707690
7017,1.53394321
7018,0.19189185
7019,0.08448997
7020,0.15878246
7021,0.30567694
7022,1.06415579
7023,2.05600596
7024,0.84790502
7025,1.06002676
7026,1.48823858
7027,0.74916356
7028,1.07243893
7029,0.95783357
7030,0.84768597
7031,0.96299404
7032,0.02764137
7033,2.19732213
7034,2.42314561
7035,2.13840453
7036,0.01431442
7037,1.86169606
7038,1.42092521
7039,0.23355928
7040,2.31285046
7041,1.92449888
7042,0.36030093
7043,2.39015854
7044,0.31295375
7045,1.12733405
7046,0.39421543
7047,0.37243554
7048,2.39949113
7049,1.41850203
7050,0.64263226
7051,1.92495070
7052,2.17001027
7053,2.27502931
7054,2.31316243
7055,2.24522374
7056,1.58413844
7057,0.84913163
7058,2.29477325
7059,0.30377508
7060,0.41857159
7061,1.07563630
7062,0.70334867
7063,1.52662133
7064,2.24452979
7065,1.21745765
7066,1.37325065
7067,1.04912388
7068,1.75430477
7069,0.24970866
7070,0.12054351
7071,1.59010366
7072,1.32616500
7073,1.01001229
7074,0.82812262
7075,0.12852058
7076,1.68733333
7077,1.04499301
7078,1.10399993
7079,2.21513338
7080,1.82862892
7081,0.54412806
7082,1.62934497
7083,0.32796937
7084,0.48120699
7085,1.77061830
7086,0.31218932
7087,0.69474328
7088,2.22657606
7089,1.83053197
7090,2.30442202
7091,2.18634577
7092,0.77503432
7093,1.56788718
7094,0.93895173
7095,1.72836005
7096,0.86398314
7097,0.00334407
7098,0.23297245
7099,1.91159498
7100,0.20834634
7101,1.48618477
7102,2.12670832
7103,1.83743850
7104,1.02508791
7105,0.51725585
7106,2.28726072
7107,1.40431315
7108,1.00520762
7109,2.33565581
7110,0.53315647
7111,1.09659654
7112,0.26943572
7113,0.30968491
7114,0.98828984
7115,1.73469702
7116,0.84027407
7117,1.70975006
7118,1.99633046
7119,2.17579559
7120,0.11094794
7121,1.91833682
7122,0.36487718
7123,1.73123090
7124,0.92151478
7125,1.75486046
7126,0.53019751
7127,1.59915841
7128,0.31125631
7129,0.42091628
7130,1.52347051
7131,0.83501202
7132,1.74490579
7133,1.69874590
7134,1.54125171
7135,1.81125611
7136,1.96842615
7137,2.25970605
7138,0.19969527
7139,1.41707953
7140,1.85646807
7141,0.53792579
7142,0.65365548
7143,0.66194404
7144,1.41902314
7145,0.90789910
7146,1.65148014
7147,1.51300260
7148,1.62920944
7149,0.62563144
7150,1.90256822
7151,1.64637493
7152,0.32398846
7153,0.49635257
7154,0.74623986
7155,2.32074029
7156,0.80917441
7157,0.04936282
7158,0.35120080
7159,0.07983936
7160,0.99880919
7161,1.97640471
7162,1.11681195
7163,2.08013752
7164,0.11791413
7165,1.16462907
7166,1.95141896
7167,1.67286964
7168,2.11442875
7169,0.67897730
7170,1.24180238
7171,1.67821575
7172,0.41780338
7173,2.02265057
7174,0.77228393
7175,0.23140828
7176,1.89842770
7177,1.74797980
7178,2.19092345
7179,2.21173657
7180,0.69060751
7181,1.59016390
7182,2.47713382
7183,0.60453054
7184,1.17244808
7185,2.25658986
7186,0.25563615
7187,2.30142310
7188,1.21032805
7189,2.21413161
7190,1.54060071
7191,1.66472123
7192,1.91648755
7193,0.16652382
7194,1.55646017
7195,2.29073104
7196,2.37052873
7197,2.40076968
7198,1.60124632
7199,1.57014182
7200,1.36976603
7201,1.50634258
7202,1.51765921
7203,0.10521786
7204,0.22041037
7205,1.53575422
7206,0.77909284
7207,0.74738114
7208,0.47966186
7209,1.98611479
7210,2.39087026
7211,1.55643454
7212,2.34399147
7213,2.19143021
7214,0.54036913
7215,0.38070404
7216,0.52465033
7217,0.23860320
7218,1.44516958
7219,0.70083250
7220,2.26340856
7221,1.52085702
7222,0.89163532
7223,2.44122870
7224,2.36326649
7225,1.93044434
7226,1.96284401
7227,2.42295554
7228,1.48874715
7229,2.18184971
7230,0.16080084
7231,1.37372648
7232,1.24593164
7233,0.09360414
7234,0.21565198
7235,0.05422172
7236,0.72900885
7237,0.13274465
7238,1.04918823
7239,2.01506338
7240,1.52190334
7241,1.67055824
7242,0.07819033
7243,2.08145703
7244,0.36251759
7245,0.75041917
7246,1.28132899
7247,2.30574572
7248,2.47471947
7249,1.94047393
7250,1.80821578
7251,1.30832392
7252,1.65032134
7253,0.35813877
7254,0.66747713
7255,2.44123423
7256,2.42876906
7257,0.80080089
7258,0.59769288
7259,0.56910612
7260,1.20216838
7261,0.55484684
7262,1.60785038
7263,0.18557353
7264,0.25711769
7265,0.68666180
7266,1.92753867
7267,0.80158716
7268,1.16734114
7269,1.62799515
7270,1.95504992
7271,0.76147193
7272,1.81231937
7273,0.70930492
7274,1.59785803
7275,1.11791362
7276,2.29740159
7277,2.43491349
7278,1.91930732
7279,2.26972475
7280,0.33850343
7281,1.62264475
7282,0.49187778
7283,0.68674666
7284,1.29627712
7285,1.83963518
7286,1.78882783
7287,2.15566778
7288,1.38664905
7289,2.29669460
7290,2.20135814
7291,2.10508689
7292,0.56911116
7293,1.31765987
7294,1.82537794
7295,2.42006073
7296,0.02895427
7297,0.81107020
7298,0.84884306
7299,0.71542160
7300,2.02666094
7301,0.11182047
7302,0.89119946
7303,1.76450791
7304,1.00847936
7305,0.35724478
7306,1.51452184
7307,1.29574904
7308,2.43428241
7309,1.85584674
7310,2.44503520
7311,0.46208908
7312,1.88824728
7313,1.36771609
7314,1.76655300
7315,1.15924567
7316,0.52664372
7317,0.11346972
7318,2.07838749
7319,2.02017539
7320,0.40305140
7321,1.59962991
7322,1.82908960
7323,1.38255868
7324,0.78656145
7325,2.18414561
7326,1.59283617
7327,1.78566294
7328,1.61681998
7329,1.78831859
7330,0.35973284
7331,2.28740181
7332,0.70866874
7333,2.07408098
7334,2.21498302
7335,1.61461118
7336,1.48340327
7337,0.27043361
7338,1.08157080
7339,1.51648518
7340,0.20305077
7341,0.27641798
7342,2.46314664
7343,0.82376291
7344,0.86714532
7345,0.62367665
7346,1.60170967
7347,1.17294198
7348,1.95973823
7349,1.27067062
7350,0.03829777
7351,1.19677111
7352,0.13690000
7353,2.04987169
7354,0.28186255
7355,0.53795693
7356,1.14043768
7357,0.48398419
7358,1.33692836
7359,1.14225541
7360,2.36160074
7361,0.21917640
7362,1.42992946
7363,1.78611440
7364,0.31649473
7365,1.57801407
7366,2.14272549
7367,1.95260967
7368,2.31858133
7369,1.78657576
7370,0.97686201
7371,2.28208879
7372,0.55878929
7373,1.44721027
7374,1.89832023
7375,2.16266373
7376,2.27239685
7377,0.21075219
7378,1.80014576
7379,0.50609951
7380,1.93169438
7381,1.73724908
7382,0.44969223
7383,2.06485564
7384,1.14495871
7385,1.34842255
7386,2.40841143
7387,1.62800393
7388,1.45926147
7389,0.04163677
7390,0.49397742
7391,0.06593979
7392,0.82643620
7393,0.85419348
7394,1.31488828
7395,1.71017270
7396,0.44471595
7397,1.49171776
7398,2.27347319
7399,0.45875505
7400,1.63410889
7401,0.11310397
7402,1.31691521
7403,1.83852445
7404,0.08447541
7405,0.82731129
7406,2.17673539
7407,0.55909430
7408,1.79225036
7409,1.51795756
7410,0.40589739
7411,1.83894160
7412,1.31922922
7413,0.27781574
7414,2.35378817
7415,1.21976508
7416,1.84730484
7417,0.53980706
7418,0.34018675
7419,1.83794808
7420,1.67064319
7421,0.67965404
7422,1.85028636
7423,1.25207002
7424,0.86433082
7425,1.95096389
7426,1.52922436
7427,1.25771301
7428,1.91678839
7429,1.35083288
7430,2.32692083
7431,2.02822631
7432,0.88810742
7433,1.15271981
7434,2.37352697
7435,2.21949569
7436,0.47407094
7437,0.68014032
7438,0.90356033
7439,2.18142622
7440,2.29935892
7441,1.98926408
7442,0.68362268
7443,2.19931578
7444,0.08159788
7445,1.04830512
7446,0.93630628
7447,1.32706015
7448,1.39003495
7449,0.55890759
7450,0.50721866
7451,1.99230449
7452,0.18898740
7453,1.22304761
7454,0.47521354
7455,0.79235869
7456,0.68755468
7457,1.75666764
7458,1.13065801
7459,0.74246321
7460,2.06119091
7461,0.21278390
7462,1.90006239
7463,0.61570247
7464,2.27605890
7465,0.01386026
7466,1.38017451
7467,1.54281609
7468,1.43133837
7469,2.02068845
7470,0.27815839
7471,1.03033696
7472,2.14148022
7473,2.20345729
7474,1.23558845
7475,1.38340633
7476,1.89398281
7477,1.93291156
7478,2.20183590
7479,2.09219467
7480,1.02752876
7481,1.61096601
7482,1.19812940
7483,0.29253162
7484,2.03721408
7485,1.49198826
7486,0.14388625
7487,1.67819022
7488,0.70195061
7489,0.17180239
7490,1.50395150
7491,1.81539174
7492,1.28254480
7493,0.01408137
7494,1.43030305
7495,0.01646342
7496,2.29685735
7497,0.66278900
7498,2.15950380
7499,0.03009972
7500,0.24110010
7501,1.11922306
7502,1.88084026
7503,2.33690535
7504,1.29199196
7505,0.88134691
7506,0.11053896
7507,1.44722810
7508,0.94229395
7509,2.25402911
7510,1.19025528
7511,1.89779721
7512,2.10298708
7513,0.24373082
7514,1.09303744
7515,2.21580917
7516,1.05240036
7517,1.40122550
7518,2.16470360
7519,0.57673103
7520,2.21795179
7521,0.98440282
7522,1.47034409
7523,0.81336336
7524,1.30692743
7525,0.12226885
7526,0.16187250
7527,1.02827116
7528,0.83050090
7529,1.52676760
7530,0.09406603
7531,0.41576722
7532,0.51970454
7533,1.09215846
7534,0.61203818
7535,0.34137548
7536,1.48160065
7537,1.84430781
7538,1.69901523
7539,0.68479201
7540,2.11844337
7541,1.51692597
7542,1.52397819
7543,0.52777829
7544,0.60057949
7545,1.17709304
7546,0.58969106
7547,1.70598104
7548,0.76505564
7549,0.37671311
7550,0.37596363
7551,0.31550494
7552,1.09031964
7553,0.00761495
7554,1.34474371
7555,0.73963959
7556,1.36980015
7557,2.31921285
7558,2.15464700
7559,1.42918022
7560,1.03657051
7561,1.73147976
7562,2.28875283
7563,1.21377783
7564,0.24628470
7565,1.89938693
7566,0.02605824
7567,1.89579274
7568,0.21060580
7569,0.26440502
7570,1.93810921
7571,1.70956097
7572,1.39316516
7573,2.03449752
7574,2.11081645
7575,1.13435616
7576,2.47013170
7577,0.88660096
7578,0.42528522
7579,2.09744827
7580,1.03037235
7581,2.16816387
7582,0.15172345
7583,0.27540174
7584,0.09992320
7585,1.49260170
7586,2.06246073
7587,0.99836674
7588,0.22493289
7589,0.92599316
7590,0.86296445
7591,1.59539297
7592,1.61691196
7593,0.25549750
7594,1.04179292
7595,1.59301936
7596,0.64185451
7597,1.00932371
7598,1.52156895
7599,0.99888717
7600,0.07658945
7601,0.55199428
7602,1.92416117
7603,0.61617680
7604,2.02737284
7605,1.15764994
7606,1.17255832
7607,1.91036500
7608,0.95035082
7609,0.59132627
7610,0.26047743
7611,1.66589720
7612,1.16517370
7613,2.00678391
7614,1.13475892
7615,1.02848912
7616,0.74100109
7617,0.49450559
7618,2.05892228
7619,0.23612890
7620,2.23666022
7621,0.06679198
7622,1.29486172
7623,0.14468793
7624,1.93290345
7625,0.52442655
7626,1.40313029
7627,2.27215877
7628,1.60974030
7629,0.44217423
7630,1.97522551
7631,1.09460754
7632,0.03274617
7633,1.20688037
7634,2.01441448
7635,1.06604191
7636,1.88039566
7637,1.74923902
7638,1.13286878
7639,0.80156992
7640,1.80133785
7641,0.91471165
7642,0.42176308
7643,0.79557137
7644,2.17396413
7645,0.70266482
7646,0.58259924
7647,0.33085706
7648,0.13687658
7649,2.42152309
7650,1.33087127
7651,1.80903452
7652,1.91645704
7653,0.87355290
7654,1.98074959
7655,2.38381869
7656,1.83907631
7657,1.76462820
7658,1.07168502
7659,2.08590419
7660,0.22032630
7661,1.85871643
7662,0.89754329
7663,1.40325757
7664,2.21394067
7665,1.50006071
7666,0.06350050
7667,1.79158169
7668,2.30334353
7669,1.59177335
7670,2.13573659
7671,2.04617609
7672,2.13541976
7673,0.85318208
7674,1.17563850
7675,2.10254820
7676,2.25716556
7677,0.36413187
7678,0.45013854
7679,0.85994839
7680,1.90982357
7681,2.16935763
7682,1.43862683
7683,0.28089587
7684,0.75313976
7685,2.12483524
7686,0.86174677
7687,0.25496082
7688,0.74897524
7689,2.00008868
7690,1.22352732
7691,0.42544639
7692,0.77516559
7693,2.36422542
7694,1.07100001
7695,1.09490417
7696,0.37957277
7697,0.75513820
7698,2.01987239
7699,1.94924617
7700,1.07977974
7701,2.21564760
7702,0.94282736
7703,2.14294992
7704,0.07833627
7705,0.86094179
7706,2.11998952
7707,2.23463180
7708,1.87542726
7709,1.66082950
7710,2.02190233
7711,1.75427757
7712,0.63035025
7713,1.15598656
7714,1.63811773
7715,1.45737630
7716,2.19443864
7717,1.17484790
7718,0.44134967
7719,0.53207625
7720,2.09764690
7721,0.02169926
7722,2.15485216
7723,0.13789366
7724,0.97108947
7725,1.98389900
7726,1.01065032
7727,2.03886839
7728,0.24874189
7729,1.26830889
7730,1.44416513
7731,2.20874625
7732,0.23218701
7733,0.83954702
7734,1.63475365
7735,2.42955016
7736,2.10314525
7737,2.09873405
7738,1.28229250
7739,1.39910538
7740,2.12869562
7741,2.15607994
7742,1.98910126
7743,2.02950455
7744,2.18088283
7745,0.28216959
7746,0.72559836
7747,2.42008806
7748,1.35070346
7749,0.43757252
7750,1.24726867
7751,1.60112557
7752,2.05343088
7753,2.01365099
7754,0.12215900
7755,1.12447081
7756,0.05107343
7757,2.20202140
7758,0.43123118
7759,1.54928616
7760,1.41477225
7761,1.55090941
7762,1.39691746
7763,1.77418700
7764,1.55234868
7765,0.22395309
7766,0.90938015
7767,1.35520891
7768,0.80631725
7769,1.88511322
7770,0.78821959
7771,2.05457676
7772,0.36386466
7773,1.90757921
7774,0.45493105
7775,1.30914938
7776,0.79473168
7777,1.58017672
7778,0.52751043
7779,1.97208176
7780,1.42212439
7781,2.37337843
7782,1.76472043
7783,1.50595131
7784,2.05575319
7785,0.54472164
7786,1.56879216
7787,0.96797898
7788,1.84410699
7789,0.06074330
7790,1.06047471
7791,1.61579698
7792,1.14210891
7793,0.59006435
7794,1.15130665
7795,2.10679021
7796,0.51287952
7797,0.91038229
7798,2.45534764
7799,2.26316181
7800,0.08429334
7801,1.31489298
7802,0.16225195
7803,2.29065091
7804,1.09476944
7805,1.03747962
7806,0.67677402
7807,1.41031114
7808,0.35956320
7809,1.98087129
7810,1.21790148
7811,1.40446986
7812,2.08462645
7813,0.45910442
7814,0.43439715
7815,1.04334218
7816,1.94907081
7817,0.14522590
7818,1.97148791
7819,1.24156883
7820,1.39281886
7821,1.39932061
7822,0.13932988
7823,0.61931728
7824,1.87263418
7825,1.02218554
7826,1.38972858
7827,2.34262474
7828,0.11479636
7829,1.11493910
7830,0.89575971
7831,0.26399063
7832,2.35731598
7833,2.38375756
7834,0.77232881
7835,2.34720633
7836,0.08728147
7837,2.43194487
7838,2.07254583
7839,0.53145194
7840,1.48649336
7841,1.97924582
7842,0.79169361
7843,0.87711010
7844,1.55944624
7845,0.36475800
7846,0.29314931
7847,0.61940277
7848,1.83783148
7849,0.90896184
7850,1.25793578
7851,0.48464491
7852,0.48131062
7853,1.61269635
7854,0.26876519
7855,1.65580884
7856,0.99351010
7857,1.66431306
7858,0.94647322
7859,2.09763605
7860,0.13781453
7861,2.21476759
7862,0.66615088
7863,0.10554993
7864,1.39440798
7865,0.55630377
7866,1.13854821
7867,1.98919954
7868,1.96250456
7869,1.48857210
7870,2.42444748
7871,1.14982368
7872,0.09773089
7873,2.03162150
7874,0.54871643
7875,0.43701456
7876,0.17364871
7877,0.81301742
7878,0.80870113
7879,0.75071830
7880,1.47073980
7881,1.86332398
7882,2.32501749
7883,0.23324979
7884,0.37290917
7885,1.46243331
7886,0.24337872
7887,0.91928798
7888,1.54848670
7889,1.93522875
7890,0.53955671
7891,1.65616792
7892,1.60133752
7893,2.13126418
7894,0.77793024
7895,1.85972834
7896,1.86445871
7897,0.59309631
7898,1.54007122
7899,1.67396018
7900,0.68044919
7901,1.12019415
7902,1.08047126
7903,1.91778621
7904,0.00179179
7905,1.24223826
7906,0.45710130
7907,1.60374808
7908,1.68686897
7909,1.24248593
7910,1.34389396
7911,0.78117975
7912,0.77687702
7913,1.84739465
7914,0.32667038
7915,1.91281225
7916,1.62400640
7917,2.19289427
7918,0.64503656
7919,1.25501235
7920,0.09674197
7921,2.26239178
7922,1.67452885
7923,1.54432907
7924,1.81658313
7925,0.70499467
7926,1.49718656
7927,1.98574772
7928,0.22393871
7929,2.37720570
7930,2.21127062
7931,2.38762329
7932,2.00415996
7933,0.72974292
7934,1.44188783
7935,0.29798830
7936,1.86983087
7937,0.38098609
7938,2.14913400
7939,0.59647404
7940,0.39777603
7941,0.17586624
7942,1.76371585
7943,0.46172001
7944,0.49014199
7945,0.42079493
7946,0.75821448
7947,2.33355773
7948,1.20652512
7949,0.64685444
7950,0.42251590
7951,0.04693897
7952,0.90497876
7953,0.27294572
7954,0.06704696
7955,0.25538839
7956,0.78976614
7957,1.86164190
7958,0.16615233
7959,1.68266683
7960,1.53854572
7961,2.18673467
7962,0.45622413
7963,1.96925041
7964,2.14427789
7965,2.42100686
7966,2.00465791
7967,0.30692785
7968,2.34822876
7969,2.02063084
7970,0.52648099
7971,0.40964037
7972,2.32166416
7973,0.38609072
7974,1.92669611
7975,1.00480895
7976,1.79455781
7977,0.22779871
7978,1.79766434
7979,1.26922410
7980,2.23232320
7981,0.46716103
7982,0.27119688
7983,0.48655327
7984,0.19488442
7985,2.43009673
7986,0.30466785
7987,0.49803371
7988,2.00747528
7989,0.61183893
7990,0.55119434
7991,1.66688865
7992,0.98870877
7993,2.07142307
7994,1.58249458
7995,0.71462861
7996,1.48246739
7997,2.14823574
7998,0.90371513
7999,1.82595839
8000,1.03102365
8001,1.34648192
8002,1.81908920
8003,0.15013928
8004,1.12800256
8005,0.23613422
8006,1.79753358
8007,1.50696959
8008,0.81061186
8009,0.18919743
8010,2.29535534
8011,0.78104471
8012,0.68280040
8013,0.25049257
8014,1.43146946
8015,0.65869405
8016,2.08970474
8017,1.69281397
8018,0.00978396
8019,1.40251553
8020,0.57484951
8021,0.03817663
8022,1.53563172
8023,0.50810785
8024,2.23048219
8025,1.42162080
8026,0.51869603
8027,2.42756023
8028,1.35483239
8029,0.41032159
8030,1.28244036
8031,2.37852507
8032,1.05179278
8033,1.05460740
8034,1.14331726
8035,0.69451916
8036,0.40117681
8037,1.43537300
8038,2.21700605
8039,1.82412133
8040,0.23854872
8041,0.99387485
8042,0.01320771
8043,0.76353308
8044,1.65961660
8045,0.71963558
8046,2.08401549
8047,1.18362332
8048,1.65909986
8049,2.19138328
8050,1.69292188
8051,2.22475614
8052,2.00345796
8053,1.40596075
8054,0.73698725
8055,0.73924163
8056,2.17022519
8057,0.13366941
8058,2.33411658
8059,0.81093451
8060,1.83190938
8061,0.81829770
8062,2.36353151
8063,0.09050552
8064,0.87603680
8065,2.15071355
8066,0.67952723
8067,0.68340211
8068,2.22829056
8069,2.05928253
8070,0.26230914
8071,1.43847750
8072,0.55392608
8073,0.53345528
8074,1.52580610
8075,0.30717073
8076,1.16476825
8077,0.63431895
8078,2.11714831
8079,1.37479680
8080,0.53338229
8081,2.29699954
8082,2.04022786
8083,0.65779849
8084,2.38274435
8085,0.66386439
8086,0.72560764
8087,0.95696997
8088,0.40866807
8089,1.70334910
8090,1.38184548
8091,2.21765632
8092,0.59726311
8093,0.42211954
8094,0.88918792
8095,0.36231505
8096,2.34580412
8097,1.77879345
8098,1.97402032
8099,1.85465028
8100,0.60208261
8101,0.34879817
8102,1.06474267
8103,2.05540717
8104,0.81950156
8105,0.02378674
8106,1.63652037
8107,0.49608039
8108,1.34589128
8109,0.03696907
8110,1.26163389
8111,0.97592401
8112,2.18282191
8113,1.78962051
8114,0.08940009
8115,1.95748570
8116,1.96171293
8117,1.64482293
8118,2.30401845
8119,1.99152833
8120,0.54277816
8121,0.94601805
8122,0.86761819
8123,1.25186066
8124,2.36455352
8125,1.52628801
8126,0.77592594
8127,2.33431713
8128,1.73621212
8129,0.65975285
8130,2.24753175
8131,0.85346098
8132,1.27988454
8133,1.18818171
8134,2.28997147
8135,0.65871860
8136,0.82642212
8137,1.63676701
8138,2.19820235
8139,0.28490210
8140,0.52042754
8141,2.35047363
8142,1.92717639
8143,0.85806459
8144,0.88673699
8145,1.16416051
8146,1.67058201
8147,1.39102800
8148,1.92425796
8149,0.13436994
8150,2.03066847
8151,0.14400066
8152,2.18421508
8153,0.10731570
8154,0.31700402
8155,0.44679652
8156,0.55307222
8157,0.99613863
8158,1.62516873
8159,2.21304718
8160,1.30044116
8161,1.32024260
8162,0.79170882
8163,1.98514902
8164,0.27399879
8165,0.74658207
8166,0.24051724
8167,0.53108154
8168,1.45438921
8169,0.31236279
8170,0.24953267
8171,2.04770095
8172,0.29336876
8173,1.50758217
8174,0.87279473
8175,2.22237836
8176,1.75425736
8177,0.14741922
8178,2.22014950
8179,1.02622860
8180,0.73945247
8181,1.66805945
8182,1.78010056
8183,0.75190646
8184,0.87191550
8185,0.38765731
8186,1.47136116
8187,2.37247574
8188,1.03298591
8189,2.46990236
8190,0.43745040
8191,1.97379175
8192,2.30107193
8193,1.70592307
8194,0.27112303
8195,0.80964916
8196,0.21246327
8197,1.49195006
8198,2.47471858
8199,0.92918092
8200,0.40405626
8201,0.66609886
8202,1.41522743
8203,1.41066519
8204,0.56985673
8205,1.86124780
8206,0.21828073
8207,1.54473823
8208,1.05548365
8209,0.31537414
8210,1.57286378
8211,1.66872238
8212,1.09098957
8213,1.97848583
8214,1.26279101
8215,0.70852904
8216,2.36427500
8217,2.34058040
8218,0.23714544
8219,2.34563120
8220,1.92267727
8221,0.26447342
8222,1.28760485
8223,0.08673034
8224,1.45999018
8225,2.31366490
8226,0.91295467
8227,1.26107685
8228,0.56425241
8229,1.34120821
8230,1.98984528
8231,0.53375280
8232,1.37229905
8233,0.87932029
8234,1.85422498
8235,1.74059339
8236,1.73253836
8237,0.93673891
8238,1.48582929
8239,1.61426799
8240,1.68797250
8241,1.42627088
8242,2.14908643
8243,0.61690693
8244,0.13843588
8245,2.38634554
8246,0.15065089
8247,2.23871285
8248,1.51807325
8249,2.27784683
8250,1.40072880
8251,2.03554755
8252,1.78832254
8253,1.30195181
8254,0.90084079
8255,0.00716617
8256,0.62212991
8257,2.35972693
8258,0.68301131
8259,1.86409321
8260,1.26076060
8261,0.76495615
8262,2.45722672
8263,0.11653829
8264,1.44318109
8265,1.14428786
8266,0.18980458
8267,0.53087176
8268,1.72126361
8269,0.26864960
8270,1.98600357
8271,1.54974804
8272,0.25012719
8273,0.71115747
8274,0.34017349
8275,1.97751515
8276,1.32140755
8277,0.00709407
8278,1.34606107
8279,1.19705943
8280,1.59441238
8281,0.08646443
8282,0.08790669
8283,0.86624193
8284,1.70712238
8285,1.65262889
8286,0.68995745
8287,0.53575916
8288,1.69370355
8289,0.06729671
8290,1.38047200
8291,1.05151612
8292,0.59282924
8293,1.29001669
8294,0.53848660
8295,1.39916112
8296,0.36941842
8297,1.00588408
8298,1.26554234
8299,0.07867215
8300,1.51418657
8301,1.86028227
8302,2.37040436
8303,0.50367497
8304,0.51748184
8305,0.75582376
8306,2.20848702
8307,1.00877053
8308,0.74829431
8309,1.83763571
8310,0.09426440
8311,1.36071546
8312,1.11620258
8313,1.54924529
8314,1.81264232
8315,0.80579899
8316,1.57790265
8317,1.30000951
8318,0.33221503
8319,2.18608016
8320,1.87088067
8321,2.28507068
8322,1.78612676
8323,0.60700980
8324,1.06745158
8325,0.95921385
8326,0.08888882
8327,1.01792134
8328,0.85682420
8329,0.00980597
8330,2.10029149
8331,0.35677581
8332,1.24205370
8333,1.94547489
8334,1.49872641
8335,0.41993866
8336,1.53276564
8337,1.87833503
8338,2.11923593
8339,0.79009400
8340,0.08417696
8341,1.50732150
8342,0.55981009
8343,1.93609658
8344,1.68566121
8345,1.91698613
8346,2.39881048
8347,1.44930550
8348,2.24207938
8349,1.59147940
8350,0.45066406
8351,1.98174691
8352,1.71991652
8353,2.42461574
8354,0.60360192
8355,0.82597281
8356,2.03674329
8357,0.15599579
8358,1.56992592
8359,1.32764635
8360,0.41862627
8361,0.40945272
8362,2.00874434
8363,0.03837010
8364,1.85166979
8365,1.81652865
8366,1.61078416
8367,1.01536652
8368,0.07029149
8369,1.98786686
8370,0.31173509
8371,0.69621479
8372,2.34737074
8373,0.74846095
8374,0.63262667
8375,2.41328759
8376,0.21312371
8377,0.39846645
8378,1.08676798
8379,1.95290094
8380,2.19260731
8381,1.87347284
8382,2.42024053
8383,0.04184347
8384,1.53597731
8385,0.28852701
8386,2.25707672
8387,2.31891979
8388,0.75135468
8389,2.05215792
8390,1.56267619
8391,0.24921282
8392,1.49447897
8393,2.41994800
8394,0.76391405
8395,0.00290625
8396,2.42176934
8397,1.02643816
8398,1.06845950
8399,1.76680742
8400,1.49848845
8401,0.74877230
8402,0.24794617
8403,2.05130007
8404,1.19848125
8405,1.66729652
8406,2.13346716
8407,0.04401586
8408,2.13069186
8409,1.86395145
8410,2.34746699
8411,0.57920336
8412,0.79943717
8413,1.64003602
8414,2.29533185
8415,2.46113377
8416,1.03326653
8417,1.33695245
8418,0.42291320
8419,1.72060263
8420,2.07611197
8421,1.98011342
8422,0.85750249
8423,2.38823115
8424,0.29844489
8425,1.22474334
8426,1.37505191
8427,1.33021931
8428,1.87906364
8429,1.51143461
8430,0.19129962
8431,0.44597164
8432,1.31962101
8433,1.72202133
8434,1.27483498
8435,0.88146360
8436,0.12685235
8437,1.94845759
8438,1.23273693
8439,1.33586024
8440,1.16273314
8441,0.65793035
8442,0.68527142
8443,0.15751107
8444,1.75437879
8445,0.67411342
8446,0.74028029
8447,2.46319341
8448,0.95659611
8449,1.26621390
8450,0.95823375
8451,0.71952855
8452,0.01458333
8453,2.11953797
8454,1.17313484
8455,1.78485172
8456,2.37680854
8457,0.00709755
8458,1.67365652
8459,0.29421561
8460,1.13547876
8461,2.09944563
8462,0.17733266
8463,2.45355755
8464,1.44010368
8465,0.97935768
8466,0.04844844
8467,1.45494745
8468,1.22702534
8469,0.53389840
8470,1.21601029
8471,0.03178553
8472,2.47801299
8473,0.82346612
8474,1.19065921
8475,1.94572366
8476,1.76721953
8477,2.20302033
8478,2.33384111
8479,0.46909338
8480,0.96796906
8481,1.70285537
8482,0.11170354
8483,1.77754940
8484,0.01218517
8485,2.26631367
8486,1.78058532
8487,1.40208058
8488,1.06342221
8489,2.44961876
8490,1.82606007
8491,2.00154301
8492,2.04639732
8493,0.05431100
8494,0.13565318
8495,0.49187045
8496,1.62451319
8497,1.54699164
8498,0.80623328
8499,2.41236583
8500,0.23091079
8501,1.92574592
8502,1.19228304
8503,1.03846436
8504,0.06345950
8505,1.80446079
8506,1.91299124
8507,0.79084703
8508,1.28174792
8509,1.50358757
8510,0.91155516
8511,1.52624745
8512,1.07637888
8513,2.17701522
8514,1.78143763
8515,0.27403289
8516,1.98247829
8517,0.83683213
8518,2.31956740
8519,1.49597425
8520,0.06845011
8521,1.82073213
8522,0.32419859
8523,2.17502596
8524,2.35120705
8525,1.72377725
8526,1.32119223
8527,1.49273074
8528,1.06330866
8529,0.20729895
8530,2.30289477
8531,0.81620717
8532,0.77569962
8533,0.47441615
8534,2.46048641
8535,2.33691213
8536,0.86640125
8537,0.64469117
8538,1.99677439
8539,1.04782556
8540,2.39944727
8541,2.23440165
8542,1.88293264
8543,0.22302101
8544,1.74081423
8545,2.44770880
8546,0.92555609
8547,2.18569042
8548,1.01195554
8549,2.40821371
8550,1.62048141
8551,0.23932491
8552,1.18774262
8553,0.12336703
8554,0.97956163
8555,2.26951867
8556,0.57576067
8557,2.35675426
8558,0.24781022
8559,1.64829881
8560,2.39423471
8561,1.62187524
8562,2.22891567
8563,2.45707059
8564,1.59135557
8565,1.93949008
8566,0.07937666
8567,1.05947876
8568,0.71475415
8569,2.04342310
8570,1.67994981
8571,1.52335224
8572,2.30962635
8573,0.22040174
8574,2.36487000
8575,0.24989690
8576,0.86041435
8577,1.56267145
8578,0.84667609
8579,1.69224249
8580,1.92251919
8581,2.05413460
8582,0.44471231
8583,0.45148803
8584,0.12977652
8585,1.21701266
8586,0.34105549
8587,0.78995326
8588,2.08370807
8589,2.35202182
8590,2.03819344
8591,0.00168549
8592,1.40834080
8593,0.41326681
8594,0.93164106
8595,1.06098753
8596,2.33784512
8597,1.57126215
8598,0.66365647
8599,1.59371432
8600,2.35997155
8601,0.14674708
8602,2.02309920
8603,0.53781695
8604,0.37966785
8605,2.22857593
8606,0.00466323
8607,1.83740008
8608,0.21633730
8609,1.53223054
8610,1.53942429
8611,2.13909836
8612,2.03950880
8613,1.69875807
8614,0.94354305
8615,0.41263614
8616,1.57608225
8617,1.23218049
8618,0.19331481
8619,2.36913581
8620,0.77959634
8621,0.00538545
8622,2.23557575
8623,1.43071992
8624,1.81750410
8625,0.37857274
8626,1.00318857
8627,1.59933322
8628,0.62227726
8629,1.73925531
8630,0.57926315
8631,0.51855401
8632,0.02889819
8633,0.69898969
8634,0.61179529
8635,1.89509379
8636,1.41251995
8637,0.44094582
8638,1.40859673
8639,0.55900454
8640,1.05499607
8641,2.20215017
8642,1.78327968
8643,1.61430477
8644,0.69794025
8645,0.30894462
8646,1.86681179
8647,1.40800894
8648,1.54404377
8649,2.41760830
8650,0.86364572
8651,1.98531539
8652,1.38586063
8653,0.58334154
8654,0.13120035
8655,1.52731075
8656,0.73793689
8657,1.72432886
8658,1.73734188
8659,1.12926931
8660,1.32992988
8661,1.55343184
8662,1.16185749
8663,2.17528162
8664,0.18833729
8665,2.42927268
8666,0.08301051
8667,0.51599675
8668,1.75613616
8669,0.21071404
8670,0.65006459
8671,0.38182162
8672,1.79397841
8673,1.43538710
8674,0.15993532
8675,1.14085665
8676,0.51700474
8677,2.39922550
8678,0.26763143
8679,1.48279440
8680,1.19468818
8681,1.43328249
8682,2.37144388
8683,0.84619431
8684,1.85644214
8685,1.10945037
8686,1.63825809
8687,0.90662720
8688,0.56316621
8689,0.20738220
8690,0.25234277
8691,2.37872653
8692,1.95484339
8693,0.60738835
8694,1.31195576
8695,1.77082528
8696,0.87410058
8697,1.09090964
8698,1.78111209
8699,0.56398959
8700,1.30500678
8701,0.52093492
8702,0.00770808
8703,1.71140064
8704,1.75355034
8705,2.46870370
8706,0.44885694
8707,1.83366781
8708,2.35030738
8709,1.59814098
8710,2.38792508
8711,2.46552603
8712,1.98748935
8713,2.47753771
8714,1.55164084
8715,1.23239344
8716,2.27510943
8717,2.06020874
8718,0.27307117
8719,0.75059710
8720,0.64627723
8721,2.12046846
8722,0.57834691
8723,0.75387496
8724,1.28627445
8725,0.18879573
8726,2.38318747
8727,1.21753562
8728,0.47220703
8729,0.67150493
8730,1.97871126
8731,1.57192596
8732,1.15199283
8733,0.82219410
8734,2.23308179
8735,1.91544327
8736,1.78044299
8737,1.10581588
8738,2.43259979
8739,1.76050566
8740,1.05034118
8741,2.38150755
8742,2.22078638
8743,1.83462199
8744,1.90163788
8745,1.05034805
8746,1.25791665
8747,0.47496793
8748,1.47620230
8749,0.91718625
8750,0.86145756
8751,2.35095391
8752,0.40861405
8753,2.05777350
8754,0.69790336
8755,0.07112190
8756,0.10039529
8757,1.06410776
8758,1.12679116
8759,0.79405424
8760,1.65813654
8761,1.20335443
8762,0.18382135
8763,0.86302659
8764,0.25286708
8765,0.15606049
8766,0.51651806
8767,1.73696578
8768,1.72562624
8769,2.13565986
8770,1.87541549
8771,1.32769503
8772,0.77511530
8773,0.01448604
8774,1.60448073
8775,0.71834366
8776,0.62013371
8777,2.41689483
8778,0.43205953
8779,0.08049119
8780,2.35383525
8781,0.75873908
8782,0.97545684
8783,0.20073425
8784,1.00184865
8785,2.41043830
8786,1.72071258
8787,1.17479882
8788,0.76237096
8789,0.90758521
8790,1.51545323
8791,0.63091826
8792,0.37679088
8793,1.72618909
8794,2.15569365
8795,2.23520041
8796,2.08614816
8797,1.31555671
8798,1.95577149
8799,2.29672702
8800,0.05799924
8801,1.02176431
8802,0.50615204
8803,2.47129719
8804,2.30468604
8805,1.98888156
8806,0.73363212
8807,2.36055860
8808,0.07259657
8809,0.46627170
8810,1.52944999
8811,1.96612412
8812,2.19080222
8813,0.74510800
8814,0.96897254
8815,1.12769979
8816,0.06695231
8817,2.14205659
8818,0.83792989
8819,0.49413515
8820,1.01457168
8821,1.76172812
8822,2.15927813
8823,0.53404582
8824,0.42802527
8825,2.33993315
8826,1.36586856
8827,0.90691100
8828,0.49423680
8829,2.46752637
8830,1.78310134
8831,0.54026582
8832,0.22633117
8833,0.49414479
8834,0.61428893
8835,0.27548489
8836,0.56943660
8837,0.28960176
8838,0.93656181
8839,1.20546793
8840,1.12883421
8841,2.05588057
8842,0.62979101
8843,2.19938772
8844,2.25152344
8845,2.37964235
8846,0.44877709
8847,0.60935164
8848,1.54670177
8849,0.34938078
8850,0.21235298
8851,0.18279035
8852,1.50286243
8853,1.99506028
8854,0.64191513
8855,2.31452332
8856,1.96346836
8857,0.19212017
8858,1.00987618
8859,0.16870251
8860,2.26905491
8861,1.84165544
8862,1.70218136
8863,1.69265298
8864,0.70711105
8865,2.31453638
8866,2.28785368
8867,1.83344092
8868,1.16266389
8869,0.11688874
8870,0.07026835
8871,0.34254480
8872,1.47711577
8873,1.97875001
8874,2.35154287
8875,0.43484095
8876,0.68317502
8877,0.13420506
8878,2.45215352
8879,1.93614618
8880,1.19187895
8881,1.42703696
8882,1.39383773
8883,0.63069684
8884,0.45970419
8885,0.73634914
8886,0.61282852
8887,1.38231843
8888,0.76418368
8889,1.80729988
8890,1.40813129
8891,1.31968236
8892,2.35855415
8893,0.79940543
8894,1.57505817
8895,0.00020352
8896,1.82708130
8897,1.24600004
8898,0.51671226
8899,0.00382302
8900,1.75275476
8901,1.64306554
8902,1.64977536
8903,1.08462917
8904,1.58504318
8905,1.41654842
8906,0.59235379
8907,1.28622335
8908,1.27587195
8909,2.04202866
8910,1.07479704
8911,1.08123414
8912,2.44064321
8913,2.21765977
8914,0.60076072
8915,2.25690405
8916,0.34212909
8917,2.11583081
8918,0.45457884
8919,1.05524664
8920,2.43944613
8921,0.24068465
8922,2.08210525
8923,1.22663731
8924,0.27525114
8925,2.36152331
8926,1.36174895
8927,2.18338974
8928,2.15479410
8929,0.03636050
8930,0.65667905
8931,0.83538413
8932,1.32612905
8933,0.17825038
8934,0.96441645
8935,2.01975337
8936,0.42945863
8937,1.73870375
8938,1.14134053
8939,0.17537226
8940,0.43982913
8941,0.34972564
8942,1.53650115
8943,0.21657528
8944,2.04060036
8945,1.99997161
8946,0.19857012
8947,2.20212324
8948,2.37805840
8949,0.10784542
8950,2.35616368
8951,0.69292903
8952,1.64817582
8953,0.43348646
8954,2.02673916
8955,2.08737491
8956,2.42561147
8957,2.46079684
8958,0.18814672
8959,1.63132117
8960,0.67702231
8961,0.31141423
8962,0.36897609
8963,2.32172140
8964,1.69500178
8965,0.12518231
8966,2.44021084
8967,2.00283042
8968,0.76660465
8969,1.16746489
8970,1.80142705
8971,1.67611710
8972,1.14816211
8973,1.27041047
8974,0.10719979
8975,1.24126302
8976,0.84362834
8977,0.70678552
8978,0.66853404
8979,1.60896669
8980,1.06430642
8981,1.05574015
8982,0.39473918
8983,2.38475912
8984,0.55524259
8985,1.00691617
8986,0.47163938
8987,1.74333093
8988,1.08134152
8989,1.02561139
8990,2.16963959
8991,1.88300331
8992,1.28896789
8993,1.16182144
8994,2.37989445
8995,2.37136780
8996,1.74736716
8997,1.88465963
8998,2.22913621
8999,2.39082130
9000,0.20405608
9001,2.47271046
9002,1.74303184
9003,1.46962889
9004,1.02441438
9005,0.83406596
9006,1.99390016
9007,1.62257310
9008,0.49767230
9009,1.51218781
9010,0.35006125
9011,1.23194503
9012,1.44660374
9013,1.57608509
9014,0.36021640
9015,0.23708875
9016,0.64147508
9017,1.50504464
9018,2.30993409
9019,1.93170452
9020,1.84886599
9021,0.81879997
9022,0.27702630
9023,2.21140103
9024,1.24180909
9025,0.24926752
9026,1.32638859
9027,1.67457541
9028,0.79318379
9029,0.02300823
9030,1.54118470
9031,0.09948402
9032,1.07307216
9033,2.04488558
9034,2.47645113
9035,0.91814414
9036,0.04997729
9037,1.22209821
9038,0.68502829
9039,2.21347270
9040,1.76405803
9041,1.00248842
9042,1.88932134
9043,0.84600587
9044,1.29364999
9045,2.28787505
9046,0.49631392
9047,0.77622083
9048,2.19566785
9049,1.14518074
9050,0.78819756
9051,0.09254999
9052,1.03875899
9053,1.24118335
9054,1.00747068
9055,0.68796329
9056,0.91523664
9057,1.59284649
9058,2.20976552
9059,1.61077386
9060,1.60206337
9061,2.02529875
9062,0.40950495
9063,0.74656831
9064,0.12550469
9065,0.86691056
9066,2.47639200
9067,0.81651921
9068,2.13165310
9069,0.21274069
9070,1.13981073
9071,0.87143532
9072,0.49984831
9073,0.92360673
9074,1.61474630
9075,1.21566454
9076,2.09337635
9077,2.24364888
9078,1.19480122
9079,2.43400344
9080,0.17863405
9081,0.68518652
9082,1.03320113
9083,1.44472913
9084,1.35356345
9085,1.40822310
9086,2.22208978
9087,0.68822598
9088,2.02524640
9089,1.38348978
9090,1.21611678
9091,0.74239278
9092,0.75393453
9093,0.96320900
9094,1.89299619
9095,1.18200853
9096,0.38146711
9097,1.88395367
9098,1.64474964
9099,2.35345934
9100,1.31261738
9101,1.62254108
9102,1.18844805
9103,1.68788879
9104,1.08131256
9105,0.34185594
9106,2.44629279
9107,1.78602538
9108,1.50900147
9109,1.19363082
9110,1.76387420
9111,0.31438221
9112,0.80858816
9113,0.30923639
9114,0.31252322
9115,0.05300348
9116,1.87411172
9117,0.56362839
9118,2.06281659
9119,2.24237928
9120,0.41799205
9121,1.75751508
9122,1.14128182
9123,2.27839417
9124,1.20105969
9125,0.93939355
9126,0.73037271
9127,2.24036348
9128,0.56082854
9129,2.05217343
9130,0.48151337
9131,1.59520685
9132,1.11837352
9133,0.25942698
9134,0.31229490
9135,0.69800396
9136,1.90078394
9137,1.80728800
9138,0.50861831
9139,1.18069282
9140,0.24053100
9141,1.77507359
9142,1.96685629
9143,2.21529985
9144,2.19604607
9145,0.83779078
9146,0.63112595
9147,2.22292937
9148,0.36206289
9149,0.14720561
9150,0.77915866
9151,1.88503676
9152,1.72115903
9153,2.44721517
9154,0.89144446
9155,0.68396697
9156,0.93774169
9157,1.93947128
9158,0.53137689
9159,2.34976334
9160,1.27080574
9161,1.94167465
9162,2.05105042
9163,1.18717086
9164,1.83810825
9165,0.90423915
9166,2.01055515
9167,2.04272315
9168,1.40383252
9169,0.54091664
9170,2.40548451
9171,2.34785901
9172,1.53675576
9173,2.43934540
9174,1.24662572
9175,0.93099017
9176,1.14177094
9177,0.11389206
9178,1.36147742
9179,1.65182153
9180,0.27160322
9181,0.63376320
9182,1.78805936
9183,1.96757067
9184,2.44426927
9185,0.62787779
9186,2.08620007
9187,0.42676086
9188,0.32455566
9189,1.80794148
9190,1.10549821
9191,1.96839704
9192,0.70062115
9193,0.52863468
9194,1.36067637
9195,0.28595920
9196,0.69116145
9197,0.41221781
9198,0.79354889
9199,1.89792544
9200,0.29942604
9201,1.51704185
9202,1.44984765
9203,1.33422766
9204,1.20063924
9205,1.64594120
9206,2.11191263
9207,0.40180412
9208,2.01849689
9209,0.15249027
9210,1.19537545
9211,1.26811872
9212,0.48993875
9213,0.22239827
9214,0.18579955
9215,0.09238962
9216,1.42214710
9217,0.38553534
9218,2.00504317
9219,2.22878865
9220,0.72502512
9221,0.40782813
9222,1.01560010
9223,2.18569339
9224,0.99132176
9225,0.26866861
9226,2.44129678
9227,1.23888848
9228,0.84889566
9229,2.21556957
9230,2.29932467
9231,1.23177059
9232,0.76049852
9233,1.19663830
9234,0.54372842
9235,1.18574029
9236,0.56889051
9237,1.54266182
9238,1.88401814
9239,2.40351256
9240,2.08900408
9241,0.21362610
9242,0.52449190
9243,1.31826446
9244,0.63870535
9245,0.03569266
9246,1.87137845
9247,0.88707714
9248,0.16395519
9249,1.26160057
9250,2.42280327
9251,1.68233139
9252,0.39369573
9253,1.27513510
9254,2.23565546
9255,0.13456054
9256,1.58156203
9257,1.78827971
9258,1.74548500
9259,0.37238503
9260,2.24943025
9261,0.79906279
9262,0.12835839
9263,0.20640185
9264,1.13451762
9265,0.09920259
9266,1.93276808
9267,2.14665371
9268,0.03323318
9269,2.00828787
9270,2.43271462
9271,0.07536766
9272,1.79743862
9273,2.47706212
9274,1.97631840
9275,1.25297430
9276,2.19375775
9277,1.75520538
9278,0.72513294
9279,0.55621836
9280,1.27079349
9281,0.92480734
9282,0.81690497
9283,0.44119457
9284,2.09573651
9285,1.74797118
9286,0.82150017
9287,0.58930939
9288,0.31776137
9289,0.27902351
9290,1.55078235
9291,0.26986083
9292,2.38066605
9293,0.69211815
9294,0.06405419
9295,2.12063721
9296,0.91141174
9297,0.85036935
9298,0.29416580
9299,1.63741625
9300,0.88960933
9301,2.04047082
9302,1.56352589
9303,2.18158320
9304,1.54355037
9305,1.93208805
9306,1.72695917
9307,1.14695107
9308,1.70745930
9309,1.64533729
9310,0.01669782
9311,1.73216221
9312,0.65003173
9313,1.34338146
9314,0.27609661
9315,0.05715608
9316,0.03756324
9317,0.39227860
9318,0.04939610
9319,0.32832168
9320,1.38639804
9321,0.99244646
9322,2.43157828
9323,2.00501741
9324,0.36396887
9325,1.03339482
9326,1.06855378
9327,0.89784882
9328,1.22875911
9329,1.66085114
9330,1.58899108
9331,0.88540900
9332,1.74804834
9333,0.71777892
9334,2.07139504
9335,2.39097821
9336,0.73079799
9337,1.94550149
9338,2.01674775
9339,1.21679334
9340,0.21762378
9341,1.94920381
9342,1.01031032
9343,0.51593457
9344,1.55368813
9345,1.08334811
9346,0.21719025
9347,2.43883376
9348,0.60665108
9349,1.26687795
9350,1.65443915
9351,0.28541102
9352,1.83324577
9353,1.60733519
9354,1.22420505
9355,1.30992962
9356,2.36723458
9357,2.25840335
9358,0.27771043
9359,0.91429920
9360,1.28127330
9361,2.28090982
9362,2.02452639
9363,0.95825756
9364,2.19719752
9365,0.93761820
9366,0.67242769
9367,1.51214216
9368,0.88244035
9369,1.54316956
9370,1.01577910
9371,1.97297281
9372,2.36603450
9373,0.67023666
9374,1.26451036
9375,1.79611271
9376,0.39308332
9377,1.97331249
9378,1.44539964
9379,0.37131922
9380,2.15261893
9381,1.05796861
9382,0.43795800
9383,0.48451055
9384,1.94752912
9385,2.31993368
9386,0.93784660
9387,0.19551094
9388,0.25004162
9389,1.62268083
9390,0.91925681
9391,1.05655604
9392,0.83569601
9393,1.15425523
9394,1.59558518
9395,1.34168651
9396,0.40727029
9397,1.21809562
9398,1.14204377
9399,1.35308622
9400,0.27445448
9401,0.38070707
9402,1.31467533
9403,0.68294485
9404,1.55959230
9405,0.92421445
9406,0.54733024
9407,1.62743172
9408,0.97666576
9409,0.39083559
9410,2.00530158
9411,1.07050720
9412,2.26874794
9413,0.47956341
9414,2.17275189
9415,2.02290657
9416,0.25770924
9417,1.31823833
9418,1.62070823
9419,1.22849238
9420,0.96762999
9421,2.34007982
9422,1.73757418
9423,2.39469168
9424,2.09807767
9425,2.02593477
9426,1.79908742
9427,1.60185711
9428,2.19881320
9429,1.52086198
9430,0.18673527
9431,1.44438702
9432,0.25503001
9433,2.35361380
9434,1.60331920
9435,1.37765300
9436,0.49052211
9437,1.27878320
9438,0.84929118
9439,1.67451572
9440,1.49854897
9441,1.23797517
9442,0.62668110
9443,1.30351620
9444,1.14473082
9445,2.11056200
9446,2.21734607
9447,1.88243136
9448,0.79253901
9449,0.09451066
9450,2.29419877
9451,2.45950464
9452,0.31499170
9453,1.69987789
9454,1.05411409
9455,0.36829426
9456,2.47460082
9457,2.31376708
9458,2.43619151
9459,0.35682993
9460,1.21967210
9461,2.22090828
9462,1.67395115
9463,1.07755588
9464,1.28108192
9465,0.09578026
9466,1.51616980
9467,2.13151060
9468,0.00700405
9469,0.39666725
9470,1.28429471
9471,1.39083765
9472,0.85132747
9473,0.06933401
9474,1.84363375
9475,0.60234527
9476,1.59813346
9477,1.38633144
9478,1.06822475
9479,1.46354151
9480,1.72323898
9481,1.41880334
9482,1.38231184
9483,1.08121508
9484,1.06623254
9485,1.21729565
9486,1.12088317
9487,1.08852097
9488,0.52163382
9489,1.79711800
9490,0.32969777
9491,2.25298024
9492,1.54921554
9493,0.12131404
9494,1.63388742
9495,0.89635504
9496,2.30517900
9497,2.32082453
9498,2.09732912
9499,1.40790610
9500,2.27893101
9501,1.61110203
9502,2.16972430
9503,0.39688671
9504,2.24174906
9505,1.64031357
9506,0.75196384
9507,2.47388734
9508,1.70302141
9509,2.25225044
9510,0.01392579
9511,1.36945202
9512,1.76661034
9513,0.03413491
9514,1.89063779
9515,1.61516798
9516,0.68127041
9517,1.70813106
9518,0.32461180
9519,2.04305584
9520,2.14764939
9521,1.20368702
9522,1.25814390
9523,0.99686328
9524,0.85624042
9525,2.16419370
9526,0.75592876
9527,0.99883588
9528,0.74363951
9529,1.62822005
9530,2.01871260
9531,0.40750433
9532,0.63164332
9533,0.25818497
9534,0.39721089
9535,1.00883118
9536,1.92365386
9537,1.34287349
9538,0.13216216
9539,1.54981189
9540,1.97182004
9541,0.97557522
9542,0.60752062
9543,1.89405542
9544,0.05934707
9545,2.02211583
9546,1.99402257
9547,2.20159946
9548,0.22191937
9549,0.26723608
9550,2.16383308
9551,1.17836376
9552,0.97277544
9553,1.42140467
9554,0.14531891
9555,1.59599851
9556,2.34315661
9557,1.67534311
9558,1.15176744
9559,2.38232308
9560,1.70706863
9561,0.14129603
9562,1.66127754
9563,0.14807778
9564,0.76177158
9565,1.52649902
9566,0.53463972
9567,0.09475778
9568,1.53212739
9569,0.70878399
9570,1.32141895
9571,0.64751798
9572,1.70189307
9573,2.22072786
9574,0.21469207
9575,1.94954296
9576,0.38707356
9577,0.81676067
9578,0.88606880
9579,0.51156794
9580,0.18660125
9581,1.90533282
9582,1.96766329
9583,2.47145711
9584,2.31717700
9585,1.07765658
9586,0.33077758
9587,0.02660579
9588,1.31783229
9589,2.13362016
9590,0.66427302
9591,0.49329943
9592,1.08834442
9593,2.21535142
9594,1.11988137
9595,1.79184960
9596,1.14678691
9597,0.92472889
9598,1.09320044
9599,1.90511974
9600,1.87042421
9601,1.07050588
9602,0.66356318
9603,0.34500595
9604,0.00347379
9605,0.28086961
9606,0.40829629
9607,1.71059255
9608,2.02787967
9609,1.82713589
9610,1.79313845
9611,2.46522761
9612,2.38657930
9613,0.66661206
9614,0.35981615
9615,0.38013961
9616,2.22049303
9617,0.25381939
9618,0.84337367
9619,1.31492908
9620,1.52096296
9621,1.47703629
9622,1.94976370
9623,1.41743715
9624,2.11001821
9625,0.20989580
9626,2.12965102
9627,1.46283160
9628,0.55277913
9629,2.42412835
9630,2.32989551
9631,2.09682692
9632,2.26013459
9633,0.94749526
9634,0.56485870
9635,0.45353876
9636,2.16633002
9637,2.04948733
9638,2.43204998
9639,2.10309015
9640,1.56785862
9641,0.35282720
9642,0.40877298
9643,1.17448813
9644,1.90361980
9645,0.42966757
9646,2.26985657
9647,1.69535257
9648,0.77436410
9649,2.19607985
9650,1.48422043
9651,1.81774658
9652,0.95567793
9653,0.97578035
9654,0.03135986
9655,1.33366089
9656,1.88626835
9657,2.40201691
9658,2.21211364
9659,0.21574894
9660,2.43101301
9661,0.37067503
9662,0.10200981
9663,1.85684740
9664,2.24597896
9665,2.35480838
9666,2.04538361
9667,0.50808766
9668,0.38188667
9669,0.14627443
9670,1.44291327
9671,1.20801141
9672,0.27101722
9673,1.15249139
9674,1.40660373
9675,1.79244892
9676,1.02696909
9677,0.78934697
9678,1.65044991
9679,1.69642586
9680,0.67053262
9681,0.04922399
9682,2.34466254
9683,1.87260680
9684,0.49866192
9685,1.40249332
9686,1.47508983
9687,0.31243281
9688,0.47524002
9689,2.37197360
9690,1.25955382
9691,0.47470732
9692,1.97744935
9693,1.16673750
9694,1.58284846
9695,0.73765276
9696,0.14363559
9697,0.40901269
9698,2.41246039
9699,1.54609723
9700,2.06052945
9701,0.05342994
9702,1.89783568
9703,1.20238577
9704,1.64952932
9705,0.88815072
9706,1.53935469
9707,0.08838760
9708,0.11310291
9709,1.98057728
9710,0.30865604
9711,0.03474739
9712,2.26226760
9713,0.65839234
9714,1.44393740
9715,2.07994621
9716,1.84935329
9717,0.11567910
9718,1.39079891
9719,1.34331959
9720,0.86800732
9721,1.86833403
9722,2.39006985
9723,0.36498759
9724,0.36012173
9725,1.82165766
9726,1.12668085
9727,1.97160872
9728,0.34984186
9729,0.09889403
9730,1.73041717
9731,2.46619559
9732,0.23510458
9733,2.14297052
9734,0.95529993
9735,0.04170315
9736,1.26453939
9737,0.69142175
9738,1.71918395
9739,0.71367635
9740,1.19432345
9741,0.49732541
9742,2.05313281
9743,2.29443555
9744,1.00004015
9745,1.11295489
9746,2.43637695
9747,0.35241497
9748,2.00483185
9749,1.40649220
9750,2.18362130
9751,0.72507566
9752,0.73432175
9753,0.80786063
9754,0.04131028
9755,0.42128159
9756,2.46588715
9757,0.61727880
9758,0.04945707
9759,0.69064354
9760,1.01257120
9761,1.35816872
9762,0.17006894
9763,1.95973318
9764,2.04668560
9765,0.52855213
9766,1.97954041
9767,0.89613847
9768,1.04906549
9769,2.32159995
9770,2.21131422
9771,0.93006378
9772,1.21021577
9773,0.71043640
9774,1.27795813
9775,1.69068461
9776,0.22982255
9777,2.28057582
9778,1.78233199
9779,0.23995017
9780,2.15450167
9781,1.84383896
9782,0.77639143
9783,1.29283061
9784,2.13253983
9785,2.40028420
9786,0.69693355
9787,1.61296144
9788,2.13282808
9789,2.44997101
9790,0.17540541
9791,1.24867274
9792,2.16609646
9793,0.00790772
9794,1.08408472
9795,1.44844107
9796,1.30536863
9797,1.81679011
9798,0.16252233
9799,1.94730679
9800,0.70212292
9801,2.04353231
9802,1.04008510
9803,0.10648307
9804,2.38984451
9805,1.93523930
9806,0.86239398
9807,0.66953798
9808,1.46025461
9809,2.44780851
9810,0.71946833
9811,2.35106031
9812,0.81918370
9813,1.74569838
9814,0.94648532
9815,0.21094204
9816,2.32110686
9817,0.40649322
9818,2.34218553
9819,0.25619940
9820,0.66190215
9821,2.28325927
9822,1.63275234
9823,0.46985104
9824,1.46801357
9825,0.44730932
9826,2.16802110
9827,0.12361459
9828,1.31351882
9829,0.15744224
9830,1.72319933
9831,2.32013468
9832,2.06048297
9833,0.92167682
9834,0.58741978
9835,0.30013301
9836,2.16599289
9837,0.20116620
9838,1.55909027
9839,0.91061857
9840,2.46884159
9841,1.26156808
9842,1.36065705
9843,2.27573551
9844,2.40403101
9845,1.44704709
9846,1.97399657
9847,1.57381084
9848,1.05970210
9849,0.14217596
9850,1.77953022
9851,1.73619055
9852,0.28940988
9853,0.57047168
9854,1.81519225
9855,0.37124845
9856,1.71306494
9857,1.78010867
9858,0.87609873
9859,0.64017022
9860,0.92492854
9861,0.89060908
9862,1.50501978
9863,1.84424910
9864,2.13656108
9865,0.07443578
9866,1.80136650
9867,0.77901744
9868,2.07926452
9869,0.18779777
9870,1.36656644
9871,1.36036609
9872,0.80957505
9873,2.40569133
9874,0.26516510
9875,0.33823813
9876,1.59734580
9877,1.27514412
9878,0.65575287
9879,0.75443780
9880,0.38937492
9881,2.15146498
9882,1.41204634
9883,0.60707926
9884,0.97545859
9885,2.24795889
9886,2.19876131
9887,0.17140939
9888,1.62174276
9889,0.37932874
9890,0.52290639
9891,2.14264748
9892,2.21946079
9893,0.20509029
9894,2.16673503
9895,1.80618115
9896,1.92324249
9897,1.96317040
9898,1.25762600
9899,2.34767994
9900,0.49681557
9901,1.25200270
9902,0.78984315
9903,2.03907430
9904,0.20511210
9905,1.07526676
9906,1.91770710
9907,0.77444299
9908,0.59627405
9909,0.65099777
9910,1.76923208
9911,0.71107825
9912,0.99842317
9913,1.35291475
9914,2.33243871
9915,1.96944839
9916,0.45943388
9917,2.18944702
9918,2.09445086
9919,1.84766107
9920,1.28160686
9921,0.17316534
9922,1.76406322
9923,1.28516752
9924,0.76808133
9925,0.02471659
9926,0.57290159
9927,1.50172333
9928,0.27851187
9929,1.62501179
9930,2.03223372
9931,0.78891532
9932,0.20333902
9933,0.34642345
9934,0.88741660
9935,2.01676869
9936,1.57260090
9937,2.15177119
9938,2.46549164
9939,0.50228623
9940,1.72270023
9941,1.15668025
9942,1.22352367
9943,0.80726922
9944,0.84924460
9945,1.67673657
9946,1.53919129
9947,0.78972164
9948,0.29406739
9949,1.43367121
9950,1.83321168
9951,1.38502996
9952,0.00912886
9953,0.70000312
9954,1.93035534
9955,1.84102587
9956,0.02588741
9957,1.16605058
9958,1.08429038
9959,1.61723363
9960,0.30993228
9961,1.54070936
9962,2.34770567
9963,0.92173064
9964,0.83646219
9965,0.07017455
9966,0.14237356
9967,2.30966046
9968,2.41857155
9969,0.01406508
9970,2.23307020
9971,0.43136495
9972,1.39181544
9973,1.68134540
9974,0.89026717
9975,1.31156121
9976,1.55589949
9977,0.48086592
9978,2.46506895
9979,0.50554799
9980,0.02570944
9981,2.34117679
9982,1.06398432
9983,0.98834801
9984,0.68353064
9985,0.06412129
9986,0.65600343
9987,0.97516005
9988,1.29009394
9989,1.13468333
9990,2.17941103
9991,2.25947443
9992,0.78637803
9993,2.37903464
9994,2.14444884
9995,2.29989817
9996,1.75123479
9997,0.49163953
9998,0.48409262
9999,2.25283431
