step,entropy,in_repeat_run
0,2.22322336,0
1,2.35471399,0
2,2.42752171,0
3,0.16433608,0
4,1.70701678,0
5,2.07501163,0
6,1.27770482,0
7,2.30897279,0
8,1.48768189,0
9,1.12608248,0
10,2.34780539,0
11,0.36836628,0
12,1.06874468,0
13,0.16029415,0
14,1.74560371,0
15,0.57700358,0
16,1.65654783,0
17,0.05777024,0
18,1.81241303,0
19,0.01248652,0
20,1.62316611,0
21,2.37691998,0
22,1.61234418,0
23,1.17551070,0
24,0.15885141,0
25,1.78526400,0
26,2.03286292,0
27,2.22413872,0
28,2.25069422,0
29,2.31831173,0
30,2.08560237,0
31,2.10766831,0
32,2.03037350,0
33,0.54244269,0
34,0.21417183,0
35,1.76571275,0
36,1.70057186,0
37,1.73247216,0
38,2.19898124,0
39,2.01222397,0
40,1.92484036,0
41,0.87417223,0
42,1.99196259,0
43,1.66818807,0
44,1.40140044,0
45,1.16653718,0
46,0.86499178,0
47,0.10346661,0
48,1.57722205,0
49,2.42535957,0
50,1.03274467,0
51,0.96801530,0
52,1.58528711,0
53,1.76273227,0
54,1.02206663,0
55,1.09778690,0
56,0.19566951,0
57,0.72413181,0
58,0.54082557,0
59,0.15159424,0
60,2.34085296,0
61,1.75275777,0
62,1.58263952,0
63,0.16711503,0
64,1.37080869,0
65,1.39153697,0
66,1.43980441,0
67,2.07398799,0
68,1.63889517,0
69,1.45286695,0
70,2.09880749,0
71,1.12733092,0
72,2.02852440,0
73,0.58340743,0
74,1.30650331,0
75,0.34299347,0
76,0.04655451,0
77,1.11766355,0
78,1.50710872,0
79,0.81087084,0
80,2.41829972,0
81,0.82255931,0
82,0.34714905,0
83,0.48180890,0
84,1.54951727,0
85,1.00702474,0
86,1.07772899,0
87,0.02776384,0
88,0.01646274,0
89,1.54037094,0
90,2.18708107,0
91,1.56814673,0
92,0.58006462,0
93,0.40018361,0
94,1.33787528,0
95,0.01857543,0
96,1.18913017,0
97,0.36560512,0
98,0.00352981,0
99,1.65221868,0
100,0.01450239,0
101,1.81754207,0
102,0.04048546,0
103,0.63108590,0
104,1.66301542,0
105,2.15749563,0
106,0.02160003,0
107,0.19279098,0
108,0.56609027,0
109,0.05867965,0
110,1.28390192,0
111,1.40279695,0
112,0.14204854,0
113,1.90514841,0
114,2.17378238,0
115,2.07249602,0
116,1.53557976,0
117,2.26582782,0
118,1.11525952,0
119,0.89519355,0
120,1.72292585,0
121,1.30765297,0
122,0.24542804,0
123,0.04134060,0
124,0.00603018,0
125,0.58214786,0
126,1.19983238,0
127,1.44153196,0
128,1.52199046,0
129,0.57083865,0
130,1.07339514,0
131,0.08044719,0
132,0.00935277,0
133,1.14917397,0
134,1.53232346,0
135,1.30299715,0
136,1.70551842,0
137,0.27041354,0
138,0.61446980,0
139,0.34079407,0
140,1.95929612,0
141,1.24828837,0
142,1.31197437,0
143,0.03928568,0
144,0.21231413,0
145,0.79033063,0
146,2.00250933,0
147,0.63654551,0
148,1.73125804,0
149,1.65560912,0
150,0.16357880,0
151,1.00320170,0
152,1.29403353,0
153,0.08536946,0
154,0.89362046,0
155,0.01721514,0
156,1.55772022,0
157,0.30815491,0
158,0.96802408,0
159,1.09365432,0
160,1.25085789,0
161,1.52312913,0
162,1.14459503,0
163,1.21923299,0
164,1.10457510,0
165,0.00274818,0
166,0.82075655,0
167,1.84145219,0
168,1.01143848,0
169,0.00325138,0
170,0.42103119,0
171,1.35821154,0
172,0.00086208,0
173,2.27130527,0
174,0.27021961,0
175,0.01512457,0
176,0.35572467,0
177,1.00376432,0
178,0.00093053,0
179,1.66420617,0
180,0.08030626,0
181,0.00170090,0
182,0.05918400,0
183,0.22716457,0
184,0.00009052,0
185,2.00424220,0
186,0.02927279,0
187,1.34369014,0
188,0.82913391,0
189,0.14374520,0
190,0.57681583,0
191,0.01410577,0
192,0.75384094,0
193,1.37371118,0
194,1.51070459,0
195,0.16675551,0
196,1.91764611,0
197,0.28626884,0
198,0.33998639,0
199,0.00576573,0
200,0.00734009,0
201,1.38270024,0
202,0.77119643,0
203,0.12808286,0
204,1.54154511,0
205,0.74982780,0
206,0.95487597,0
207,0.58994245,0
208,0.57709617,0
209,1.96875617,0
210,0.08686509,0
211,0.70439902,0
212,2.06428044,0
213,1.59028819,0
214,0.00434652,0
215,0.07578991,0
216,1.30884895,0
217,0.99813355,0
218,0.45930710,0
219,0.34197497,0
220,1.68861093,0
221,1.09427984,0
222,0.59429180,0
223,0.97059931,0
224,0.87338884,0
225,0.87554104,0
226,0.00736665,0
227,0.53992872,0
228,0.31781859,0
229,1.39311940,0
230,0.03325339,0
231,0.77556702,0
232,1.48472757,0
233,1.50779671,0
234,2.01962932,0
235,1.40066899,0
236,0.37279142,0
237,1.18480702,0
238,1.05490441,0
239,0.04056154,0
240,0.50885828,0
241,0.61115151,0
242,0.70712421,0
243,2.21298081,0
244,1.68012083,0
245,0.09965799,0
246,0.28828916,0
247,1.91638600,0
248,0.93843209,0
249,1.21022207,0
250,0.49234374,0
251,0.04814176,0
252,0.83270519,0
253,1.61385445,0
254,1.79734409,0
255,0.72543682,0
256,0.06784267,0
257,0.27278192,0
258,1.02661875,0
259,1.27338410,0
260,0.54668282,0
261,2.14917749,0
262,0.37029514,0
263,0.34623482,0
264,0.40512756,0
265,0.79042578,0
266,0.95651203,0
267,0.00032591,0
268,0.00132571,0
269,0.34490191,0
270,1.87352443,0
271,2.09622916,0
272,0.61481822,0
273,1.31553738,0
274,0.83031527,0
275,0.85425966,0
276,0.02521077,0
277,0.12832573,0
278,0.97826319,0
279,1.21705800,0
280,0.09313766,0
281,0.00306431,0
282,0.00007800,0
283,0.00107208,0
284,0.12948256,0
285,1.55821820,0
286,2.25395401,0
287,0.00503065,0
288,1.69633365,0
289,1.04479224,0
290,1.05620882,0
291,0.43969648,0
292,2.47930811,0
293,0.16430090,0
294,0.27307371,0
295,1.02364540,0
296,1.22134247,0
297,0.64912323,0
298,0.51901876,0
299,1.47018303,0
300,0.07503910,0
301,0.34993563,0
302,0.01189874,0
303,0.05703090,0
304,0.03680719,0
305,0.02796610,0
306,0.22915507,0
307,1.10833167,0
308,0.00636430,0
309,0.38653023,0
310,0.87635732,0
311,0.85120134,0
312,0.11163549,0
313,0.95748133,0
314,0.22782019,0
315,0.83794768,0
316,1.10402298,0
317,0.00079456,0
318,1.56322829,0
319,1.19117588,0
320,0.36293831,0
321,0.11129013,0
322,0.04219161,0
323,0.52260620,0
324,0.02137025,0
325,0.04822344,0
326,0.51276299,0
327,0.90840647,0
328,0.50781170,0
329,0.15793888,0
330,0.00761888,0
331,0.06133452,0
332,0.71122747,0
333,0.82940728,0
334,0.83987061,0
335,0.53546435,0
336,0.63050155,0
337,0.05218383,0
338,0.69062960,0
339,0.00086434,0
340,0.20615732,0
341,0.42986318,0
342,0.02460432,0
343,0.19575047,0
344,0.01600400,0
345,0.00044520,0
346,0.00228032,0
347,0.04247401,0
348,0.04829425,0
349,0.03538722,0
350,0.00178802,0
351,0.13676897,0
352,0.00092610,0
353,0.00044570,0
354,0.00820186,0
355,0.00098927,0
356,0.00049202,0
357,0.13892312,0
358,1.05368467,0
359,0.92111600,0
360,0.52738899,0
361,0.02276948,0
362,0.00201365,0
363,0.00315129,0
364,0.15076422,0
365,0.69191232,0
366,1.84378037,0
367,1.42571398,0
368,1.33096921,0
369,0.59198107,0
370,1.05702797,0
371,1.95719232,0
372,1.11670311,0
373,0.09538572,0
374,0.04191988,0
375,0.40335076,0
376,1.40708482,0
377,1.45431626,0
378,0.06904312,0
379,1.60722250,0
380,1.68238935,0
381,0.00057491,0
382,0.11745128,0
383,0.30644382,0
384,0.40282253,0
385,0.36267419,0
386,0.27436006,0
387,0.00306053,0
388,0.00066962,0
389,0.00061070,0
390,0.00820774,0
391,0.05371794,0
392,1.59548109,0
393,0.09755088,0
394,1.51180407,0
395,0.04448940,0
396,0.11207869,0
397,0.40823736,0
398,0.07235190,0
399,0.00288141,0
400,0.00103175,0
401,0.00121885,0
402,0.00828245,0
403,0.14579265,0
404,1.50341958,0
405,0.01193781,0
406,1.72237971,0
407,1.84093291,0
408,0.00201921,0
409,0.11552592,0
410,0.34243179,0
411,0.43089903,0
412,0.51665875,0
413,0.07841708,0
414,0.00245082,0
415,0.00157795,0
416,0.00192509,0
417,0.00549907,0
418,0.08615621,0
419,0.85835258,0
420,0.01921045,0
421,0.13685344,0
422,0.08496608,0
423,0.76948209,0
424,0.44839289,0
425,0.03910947,0
426,0.00156197,0
427,0.00381277,0
428,0.00558536,0
429,0.00452792,0
430,0.02881177,0
431,0.18988265,0
432,0.00781747,0
433,0.18703349,0
434,0.01312545,0
435,0.00128838,0
436,0.00140622,0
437,0.04688868,0
438,0.45248303,0
439,0.03533482,0
440,0.00831727,0
441,0.00093212,0
442,0.00128472,0
443,0.00329954,0
444,0.00122466,0
445,0.00697679,0
446,0.08400128,0
447,0.00250245,0
448,0.01477208,0
449,0.08460895,0
450,0.53515115,0
451,0.06350532,0
452,0.00805908,0
453,0.00051389,0
454,0.00129213,0
455,0.00422386,0
456,0.00108617,0
457,0.00443192,0
458,0.02705394,0
459,0.00236338,0
460,0.01049016,0
461,0.00166048,0
462,0.00100914,0
463,0.00132336,0
464,0.02053433,0
465,0.13758190,0
466,0.01412921,0
467,0.00441560,0
468,0.00046778,0
469,0.00069094,0
470,0.00461703,0
471,0.00089948,0
472,0.00278190,0
473,0.04568677,0
474,0.00169732,0
475,0.00927344,0
476,0.05044085,0
477,0.23157606,0
478,0.02440642,0
479,0.00348147,0
480,0.00047656,0
481,0.00064294,0
482,0.00470120,0
483,0.00086824,0
484,0.00215222,0
485,0.01207215,0
486,0.00142020,0
487,0.00580024,0
488,0.00121721,0
489,0.00159051,0
490,0.00076840,0
491,0.01836673,0
492,0.09594812,0
493,0.01234522,0
494,0.00278141,0
495,0.00045418,0
496,0.00053914,0
497,0.00247598,0
498,0.00082156,0
499,0.00232280,0
500,0.03340572,0
501,0.00180306,0
502,0.01013805,0
503,0.04521427,0
504,0.16288980,0
505,0.01834446,0
506,0.00338199,0
507,0.00043552,0
508,0.00063352,0
509,0.00256203,0
510,0.00092951,0
511,0.00188788,0
512,0.01201458,0
513,0.00151142,0
514,0.00415275,0
515,0.00146919,0
516,0.00200368,0
517,0.00329353,0
518,0.01651723,0
519,0.07653642,0
520,0.00966643,0
521,0.00262186,0
522,0.00073163,0
523,0.00061776,0
524,0.00337872,0
525,0.00103895,0
526,0.00158134,0
527,0.02653041,0
528,0.00210932,0
529,0.01188103,0
530,0.02871428,0
531,0.11425746,0
532,0.01158910,0
533,0.00260368,0
534,0.00051699,0
535,0.00050371,0
536,0.00257377,0
537,0.00099250,0
538,0.00131991,0
539,0.00721804,0
540,0.00148238,0
541,0.00297372,0
542,0.00126667,0
543,0.00176941,0
544,0.00113743,0
545,0.01132825,0
546,0.05335135,0
547,0.00704981,0
548,0.00226377,0
549,0.00058087,0
550,0.00046276,0
551,0.00280198,0
552,0.00102804,0
553,0.00113777,0
554,0.02607288,0
555,0.00192018,0
556,0.01150043,0
557,0.01921800,0
558,0.07591157,0
559,0.00970284,0
560,0.00231321,0
561,0.00066426,0
562,0.00046002,0
563,0.00239573,0
564,0.00091152,0
565,0.00106732,0
566,0.00640382,0
567,0.00143000,0
568,0.00257136,0
569,0.00121163,0
570,0.00218911,0
571,0.00092249,0
572,0.00774708,0
573,0.04248484,0
574,0.00638420,0
575,0.00204359,0
576,0.00048260,0
577,0.00044199,0
578,0.00279951,0
579,0.00095633,0
580,0.00114383,0
581,0.01297287,0
582,0.00213984,0
583,0.01155059,0
584,0.01444945,0
585,0.06466890,0
586,0.00770888,0
587,0.00206786,0
588,0.00076289,0
589,0.00046204,0
590,0.00265864,0
591,0.00097638,0
592,0.00105912,0
593,0.00644199,0
594,0.00170085,0
595,0.00291252,0
596,0.00146880,0
597,0.00260253,0
598,0.00163582,0
599,0.00699847,0
600,0.03884247,0
601,0.00525388,0
602,0.00187528,0
603,0.00071072,0
604,0.00047124,0
605,0.00255599,0
606,0.00100147,0
607,0.00113718,0
608,0.01486844,0
609,0.00215393,0
610,0.01281999,0
611,0.01104968,0
612,0.05264273,0
613,0.00626883,0
614,0.00181690,0
615,0.00075404,0
616,0.00044876,0
617,0.00283270,0
618,0.00105055,0
619,0.00102285,0
620,0.00427457,0
621,0.00153161,0
622,0.00250453,0
623,0.00146916,0
624,0.00281214,0
625,0.00168669,0
626,0.00550246,0
627,0.03312507,0
628,0.00483698,0
629,0.00188504,0
630,0.00056907,0
631,0.00043379,0
632,0.00256343,0
633,0.00103925,0
634,0.00106833,0
635,0.01507691,0
636,0.00235708,0
637,0.01360415,0
638,0.00814584,0
639,0.04262846,0
640,0.00512123,0
641,0.00188994,0
642,0.00067583,0
643,0.00045807,0
644,0.00245548,0
645,0.00113328,0
646,0.00100009,0
647,0.00467694,0
648,0.00162240,0
649,0.00258400,0
650,0.00151970,0
651,0.00293184,0
652,0.00147363,0
653,0.00551902,0
654,0.03408444,0
655,0.00478452,0
656,0.00219725,0
657,0.00097529,0
658,0.00046201,0
659,0.00286256,0
660,0.00122571,0
661,0.00125133,0
662,0.00775526,0
663,0.00248511,0
664,0.01473235,0
665,0.00700090,0
666,0.04072770,0
667,0.00455892,0
668,0.00199972,0
669,0.00074470,0
670,0.00042992,0
671,0.00268971,0
672,0.00112076,0
673,0.00103834,0
674,0.00341928,0
675,0.00178076,0
676,0.00254545,0
677,0.00169690,0
678,0.00327531,0
679,0.00207198,0
680,0.00475979,0
681,0.02937225,0
682,0.00373511,0
683,0.00201261,0
684,0.00079752,0
685,0.00044038,0
686,0.00259769,0
687,0.00116893,0
688,0.00113859,0
689,0.00816349,0
690,0.00255197,0
691,0.01428582,0
692,0.00607151,0
693,0.03637488,0
694,0.00326086,0
695,0.00188414,0
696,0.00075115,0
697,0.00042849,0
698,0.00238481,0
699,0.00114054,0
700,0.00099632,0
701,0.00432612,0
702,0.00178521,0
703,0.00263038,0
704,0.00165405,0
705,0.00270047,0
706,0.00774993,0
707,0.00408227,0
708,0.02476583,0
709,0.00357900,0
710,0.00204718,0
711,0.00067718,0
712,0.00041705,0
713,0.00233134,0
714,0.00122734,0
715,0.00114563,0
716,0.01112228,0
717,0.00235404,0
718,0.01510200,0
719,0.00528896,0
720,0.03278300,0
721,0.00355401,0
722,0.00185106,0
723,0.00073241,0
724,0.00040373,0
725,0.00263786,0
726,0.00118892,0
727,0.00101482,0
728,0.00374526,0
729,0.00168159,0
730,0.00259707,0
731,0.00160750,0
732,0.00269261,0
733,0.00109267,0
734,0.00391708,0
735,0.02490002,0
736,0.00335777,0
737,0.00200011,0
738,0.00078366,0
739,0.00043808,0
740,0.00241550,0
741,0.00136437,0
742,0.00119474,0
743,0.00760122,0
744,0.00254427,0
745,0.01624888,0
746,0.00484217,0
747,0.02720855,0
748,0.00311831,0
749,0.00194318,0
750,0.00075188,0
751,0.00045656,0
752,0.00225403,0
753,0.00124408,0
754,0.00107562,0
755,0.00366038,0
756,0.00189425,0
757,0.00271934,0
758,0.00184520,0
759,0.00253008,0
760,0.00224278,0
761,0.00365054,0
762,0.02256155,0
763,0.00299302,0
764,0.00204064,0
765,0.00086758,0
766,0.00053534,0
767,0.00233832,0
768,0.00141697,0
769,0.00123511,0
770,0.00982744,0
771,0.00218562,0
772,0.01740492,0
773,0.00408545,0
774,0.02620054,0
775,0.00265335,0
776,0.00214774,0
777,0.00093789,0
778,0.00043728,0
779,0.00235550,0
780,0.00131253,0
781,0.00118623,0
782,0.00328904,0
783,0.00196186,0
784,0.00266472,0
785,0.00199109,0
786,0.00336704,0
787,0.00180629,0
788,0.00350186,0
789,0.02459130,0
790,0.00298755,0
791,0.00215631,0
792,0.00073239,0
793,0.00050179,0
794,0.00257519,0
795,0.00142042,0
796,0.00125172,0
797,0.00942574,0
798,0.00260318,0
799,0.01657779,0
800,0.00370216,0
801,0.02620247,0
802,0.00273965,0
803,0.00216943,0
804,0.00072327,0
805,0.00044634,0
806,0.00261545,0
807,0.00126592,0
808,0.00117168,0
809,0.00460628,0
810,0.00218041,0
811,0.00327930,0
812,0.00210013,0
813,0.00312317,0
814,0.00129588,0
815,0.00333707,0
816,0.02211230,0
817,0.00288839,0
818,0.00232562,0
819,0.00062733,0
820,0.00045270,0
821,0.00240974,0
822,0.00135720,0
823,0.00132297,0
824,0.00845601,0
825,0.00263462,0
826,0.01660541,0
827,0.00331588,0
828,0.02237671,0
829,0.00253800,0
830,0.00225613,0
831,0.00068666,0
832,0.00044606,0
833,0.00239757,0
834,0.00129644,0
835,0.00114008,0
836,0.00399343,0
837,0.00184214,0
838,0.00286252,0
839,0.00222823,0
840,0.00294056,0
841,0.00289532,0
842,0.00270227,0
843,0.02115858,0
844,0.00256751,0
845,0.00235718,0
846,0.00063319,0
847,0.00049184,0
848,0.00243298,0
849,0.00150838,0
850,0.00134146,0
851,0.00612435,0
852,0.00246099,0
853,0.01717360,0
854,0.00261054,0
855,0.02145939,0
856,0.00218568,0
857,0.00220772,0
858,0.00061558,0
859,0.00047396,0
860,0.00224320,0
861,0.00145238,0
862,0.00122365,0
863,0.00359407,0
864,0.00189145,0
865,0.00307958,0
866,0.00231009,0
867,0.00217569,0
868,0.01226450,0
869,0.00269960,0
870,0.01947211,0
871,0.00241433,0
872,0.00225307,0
873,0.00084096,0
874,0.00047587,0
875,0.00252677,0
876,0.00144927,0
877,0.00139084,0
878,0.00697229,0
879,0.00267170,0
880,0.01774359,0
881,0.00264019,0
882,0.02115858,0
883,0.00214137,0
884,0.00210882,0
885,0.00065451,0
886,0.00042096,0
887,0.00196587,0
888,0.00143473,0
889,0.00125960,0
890,0.00305061,0
891,0.00194335,0
892,0.00289245,0
893,0.00218844,0
894,0.00223598,0
895,0.00197989,0
896,0.00258442,0
897,0.01997675,0
898,0.00254880,0
899,0.00215078,0
900,0.00073022,0
901,0.00048170,0
902,0.00245704,0
903,0.00147284,0
904,0.00127735,0
905,0.00833400,0
906,0.00242296,0
907,0.01748879,0
908,0.00245564,0
909,0.01906184,0
910,0.00204970,0
911,0.00205361,0
912,0.00089443,0
913,0.00045131,0
914,0.00189037,0
915,0.00145371,0
916,0.00123496,0
917,0.00432080,0
918,0.00204885,0
919,0.00289661,0
920,0.00216563,0
921,0.00205908,0
922,0.00496127,0
923,0.00210201,0
924,0.01815328,0
925,0.00229693,0
926,0.00219186,0
927,0.00076737,0
928,0.00046254,0
929,0.00230396,0
930,0.00161264,0
931,0.00142077,0
932,0.00459218,0
933,0.00235300,0
934,0.01811307,0
935,0.00215052,0
936,0.01890171,0
937,0.00193997,0
938,0.00210672,0
939,0.00083198,0
940,0.00044285,0
941,0.00194323,0
942,0.00156450,0
943,0.00121512,0
944,0.00343638,0
945,0.00187693,0
946,0.00290608,0
947,0.00214613,0
948,0.00203204,0
949,0.00243814,0
950,0.00208810,0
951,0.01742889,0
952,0.00235551,0
953,0.00229970,0
954,0.00079742,0
955,0.00046698,0
956,0.00228668,0
957,0.00171511,0
958,0.00138925,0
959,0.00739784,0
960,0.00244553,0
961,0.01840991,0
962,0.00196057,0
963,0.01804842,0
964,0.00185957,0
965,0.00198146,0
966,0.00077864,0
967,0.00044078,0
968,0.00231618,0
969,0.00155430,0
970,0.00125830,0
971,0.00306453,0
972,0.00215111,0
973,0.00287295,0
974,0.00220842,0
975,0.00178003,0
976,0.00196183,0
977,0.00210047,0
978,0.01584364,0
979,0.00207770,0
980,0.00217156,0
981,0.00065111,0
982,0.00041662,0
983,0.00250605,0
984,0.00159867,0
985,0.00137788,0
986,0.00544295,0
987,0.00235006,0
988,0.01582673,0
989,0.00179661,0
990,0.01685928,0
991,0.00155539,0
992,0.00190709,0
993,0.00072119,0
994,0.00042437,0
995,0.00210913,0
996,0.00154737,0
997,0.00133869,0
998,0.00397430,0
999,0.00198147,0
1000,0.00281873,0
1001,0.00242786,0
1002,0.00200664,0
1003,0.00254069,0
1004,0.00193421,0
1005,0.01702215,0
1006,0.00229496,0
1007,0.00220904,0
1008,0.00081225,0
1009,0.00045818,0
1010,0.00245692,0
1011,0.00166449,0
1012,0.00160258,0
1013,0.00586857,0
1014,0.00236036,0
1015,0.01418552,0
1016,0.00165238,0
1017,0.01705627,0
1018,0.00182180,0
1019,0.00210599,0
1020,0.00074807,0
1021,0.00043064,0
1022,0.00226168,0
1023,0.00150773,0
1024,0.00132606,0
1025,0.00354236,0
1026,0.00222380,0
1027,0.00298088,0
1028,0.00252754,0
1029,0.00183386,0
1030,0.00188050,0
1031,0.00165088,0
1032,0.01739487,0
1033,0.00209495,0
1034,0.00222838,0
1035,0.00077573,0
1036,0.00044360,0
1037,0.00241647,0
1038,0.00162284,0
1039,0.00164013,0
1040,0.00410696,0
1041,0.00235132,0
1042,0.01668631,0
1043,0.00154441,0
1044,0.01718780,0
1045,0.00177007,0
1046,0.00212009,0
1047,0.00088705,0
1048,0.00045411,0
1049,0.00217298,0
1050,0.00163712,0
1051,0.00137052,0
1052,0.00298075,0
1053,0.00215391,0
1054,0.00291761,0
1055,0.00254350,0
1056,0.00188539,0
1057,0.00359547,0
1058,0.00167340,0
1059,0.01707597,0
1060,0.00238467,0
1061,0.00214591,0
1062,0.00077990,0
1063,0.00045960,0
1064,0.00228899,0
1065,0.00173324,0
1066,0.00167413,0
1067,0.00513227,0
1068,0.00248121,0
1069,0.01732226,0
1070,0.00157577,0
1071,0.01609616,0
1072,0.00162445,0
1073,0.00208432,0
1074,0.00079589,0
1075,0.00044707,0
1076,0.00213488,0
1077,0.00165878,0
1078,0.00146314,0
1079,0.00288422,0
1080,0.00220519,0
1081,0.00299408,0
1082,0.00250329,0
1083,0.00210012,0
1084,0.00239291,0
1085,0.00153974,0
1086,0.01592280,0
1087,0.00214548,0
1088,0.00217856,0
1089,0.00074984,0
1090,0.00043020,0
1091,0.00237804,0
1092,0.00169565,0
1093,0.00162698,0
1094,0.00471695,0
1095,0.00220372,0
1096,0.01745890,0
1097,0.00148651,0
1098,0.01658778,0
1099,0.00153337,0
1100,0.00192619,0
1101,0.00078484,0
1102,0.00045571,0
1103,0.00229253,0
1104,0.00162532,0
1105,0.00136477,0
1106,0.00308082,0
1107,0.00219025,0
1108,0.00323678,0
1109,0.00255714,0
1110,0.00191604,0
1111,0.00362009,0
1112,0.00152042,0
1113,0.01698972,0
1114,0.00191042,0
1115,0.00240792,0
1116,0.00078819,0
1117,0.00044447,0
1118,0.00250277,0
1119,0.00164831,0
1120,0.00164944,0
1121,0.00385245,0
1122,0.00252351,0
1123,0.01604482,0
1124,0.00139119,0
1125,0.01588161,0
1126,0.00150519,0
1127,0.00200668,0
1128,0.00078980,0
1129,0.00044836,0
1130,0.00226902,0
1131,0.00179806,0
1132,0.00148454,0
1133,0.00318496,0
1134,0.00232370,0
1135,0.00334440,0
1136,0.00276774,0
1137,0.00199742,0
1138,0.00248194,0
1139,0.00157159,0
1140,0.01635856,0
1141,0.00216071,0
1142,0.00252662,0
1143,0.00077229,0
1144,0.00049088,0
1145,0.00262165,0
1146,0.00175145,0
1147,0.00174901,0
1148,0.00545796,0
1149,0.00255512,0
1150,0.01770500,0
1151,0.00139742,0
1152,0.01590605,0
1153,0.00142256,0
1154,0.00212263,0
1155,0.00100932,0
1156,0.00048470,0
1157,0.00223185,0
1158,0.00173181,0
1159,0.00160767,0
1160,0.00322676,0
1161,0.00235013,0
1162,0.00326692,0
1163,0.00290730,0
1164,0.00217452,0
1165,0.00325468,0
1166,0.00159712,0
1167,0.01789356,0
1168,0.00215203,0
1169,0.00251609,0
1170,0.00092900,0
1171,0.00055659,0
1172,0.00258127,0
1173,0.00197809,0
1174,0.00193466,0
1175,0.00447525,0
1176,0.00262872,0
1177,0.01824606,0
1178,0.00143604,0
1179,0.01735090,0
1180,0.00145507,0
1181,0.00234678,0
1182,0.00086239,0
1183,0.00051703,0
1184,0.00257589,0
1185,0.00200511,0
1186,0.00169899,0
1187,0.00388271,0
1188,0.00236638,0
1189,0.00324393,0
1190,0.00306590,0
1191,0.00207902,0
1192,0.00334540,0
1193,0.00165930,0
1194,0.01806390,0
1195,0.00213749,0
1196,0.00268334,0
1197,0.00091091,0
1198,0.00056844,0
1199,0.00250275,0
1200,0.00208434,0
1201,0.00205640,0
1202,0.00369409,0
1203,0.00284384,0
1204,0.01812701,0
1205,0.00138664,0
1206,0.01754174,0
1207,0.00157294,0
1208,0.00240969,0
1209,0.00082703,0
1210,0.00048152,0
1211,0.00249527,0
1212,0.00192269,0
1213,0.00178684,0
1214,0.00312122,0
1215,0.00244698,0
1216,0.00349520,0
1217,0.00328071,0
1218,0.00226461,0
1219,0.00169780,0
1220,0.00156011,0
1221,0.01694146,0
1222,0.00211446,0
1223,0.00263621,0
1224,0.00083376,0
1225,0.00054834,0
1226,0.00239161,0
1227,0.00205590,0
1228,0.00209186,0
1229,0.00501255,0
1230,0.00278655,0
1231,0.01779655,0
1232,0.00134365,0
1233,0.01622871,0
1234,0.00131747,0
1235,0.00224629,0
1236,0.00076738,0
1237,0.00049748,0
1238,0.00232225,0
1239,0.00190942,0
1240,0.00176316,0
1241,0.00326696,0
1242,0.00272044,0
1243,0.00356212,0
1244,0.00330966,0
1245,0.00219928,0
1246,0.00212808,0
1247,0.00141628,0
1248,0.01584710,0
1249,0.00187669,0
1250,0.00269610,0
1251,0.00082260,0
1252,0.00056538,0
1253,0.00252937,0
1254,0.00207755,0
1255,0.00192153,0
1256,0.00396708,0
1257,0.00277041,0
1258,0.01823149,0
1259,0.00135513,0
1260,0.01536546,0
1261,0.00123645,0
1262,0.00243783,0
1263,0.00079287,0
1264,0.00053522,0
1265,0.00240814,0
1266,0.00205253,0
1267,0.00175810,0
1268,0.00358760,0
1269,0.00271870,0
1270,0.00359384,0
1271,0.00348354,0
1272,0.00231929,0
1273,0.00348535,0
1274,0.00136844,0
1275,0.01614111,0
1276,0.00186054,0
1277,0.00279082,0
1278,0.00085688,0
1279,0.00055819,0
1280,0.00229401,0
1281,0.00216766,0
1282,0.00221473,0
1283,0.00410761,0
1284,0.00288318,0
1285,0.01851955,0
1286,0.00126980,0
1287,0.01553293,0
1288,0.00138002,0
1289,0.00233090,0
1290,0.00083914,0
1291,0.00053124,0
1292,0.00248311,0
1293,0.00194405,0
1294,0.00186290,0
1295,0.00313361,0
1296,0.00265971,0
1297,0.00381476,0
1298,0.00363052,0
1299,0.00238988,0
1300,0.00499112,0
1301,0.00146722,0
1302,0.01503980,0
1303,0.00189250,0
1304,0.00265526,0
1305,0.00080767,0
1306,0.00052788,0
1307,0.00240538,0
1308,0.00211593,0
1309,0.00214001,0
1310,0.00364088,0
1311,0.00288791,0
1312,0.01881513,0
1313,0.00130064,0
1314,0.01505414,0
1315,0.00130209,0
1316,0.00222136,0
1317,0.00077997,0
1318,0.00052117,0
1319,0.00230681,0
1320,0.00184522,0
1321,0.00181932,0
1322,0.00327210,0
1323,0.00249432,0
1324,0.00353444,0
1325,0.00346838,0
1326,0.00227500,0
1327,0.00106432,0
1328,0.00143206,0
1329,0.01513083,0
1330,0.00184666,0
1331,0.00250848,0
1332,0.00085429,0
1333,0.00057197,0
1334,0.00247073,0
1335,0.00197709,0
1336,0.00228296,0
1337,0.00411920,0
1338,0.00260109,0
1339,0.01848487,0
1340,0.00124044,0
1341,0.01456912,0
1342,0.00120153,0
1343,0.00229184,0
1344,0.00078156,0
1345,0.00052922,0
1346,0.00226796,0
1347,0.00194339,0
1348,0.00189397,0
1349,0.00376913,0
1350,0.00260833,0
1351,0.00347537,0
1352,0.00343077,0
1353,0.00209906,0
1354,0.00258867,0
1355,0.00124816,0
1356,0.01479286,0
1357,0.00170946,0
1358,0.00267936,0
1359,0.00079525,0
1360,0.00053958,0
1361,0.00245234,0
1362,0.00186519,0
1363,0.00216606,0
1364,0.00438993,0
1365,0.00277690,0
1366,0.01861244,0
1367,0.00128713,0
1368,0.01459238,0
1369,0.00119634,0
1370,0.00217126,0
1371,0.00082472,0
1372,0.00050886,0
1373,0.00242557,0
1374,0.00195266,0
1375,0.00193151,0
1376,0.00319425,0
1377,0.00239726,0
1378,0.00363154,0
1379,0.00348639,0
1380,0.00211250,0
1381,0.00194659,0
1382,0.00129585,0
1383,0.01499054,0
1384,0.00173679,0
1385,0.00267432,0
1386,0.00085071,0
1387,0.00052094,0
1388,0.00256057,0
1389,0.00206661,0
1390,0.00236851,0
1391,0.00528247,0
1392,0.00260977,0
1393,0.01860674,0
1394,0.00116634,0
1395,0.01528869,0
1396,0.00130615,0
1397,0.00234329,0
1398,0.00084970,0
1399,0.00052813,0
1400,0.00242804,0
1401,0.00181650,0
1402,0.00201980,0
1403,0.00332262,0
1404,0.00271280,0
1405,0.00388464,0
1406,0.00362121,0
1407,0.00221727,0
1408,0.00213554,0
1409,0.00141242,0
1410,0.01457565,0
1411,0.00167780,0
1412,0.00245094,0
1413,0.00086798,0
1414,0.00053114,0
1415,0.00244022,0
1416,0.00194876,0
1417,0.00220000,0
1418,0.00396475,0
1419,0.00269388,0
1420,0.01960008,0
1421,0.00113087,0
1422,0.01420077,0
1423,0.00129510,0
1424,0.00244847,0
1425,0.00096580,0
1426,0.00053241,0
1427,0.00216065,0
1428,0.00192151,0
1429,0.00184313,0
1430,0.00395576,0
1431,0.00269315,0
1432,0.00385746,0
1433,0.00367602,0
1434,0.00227347,0
1435,0.02322405,0
1436,0.00125943,0
1437,0.01462070,0
1438,0.00188582,0
1439,0.00292713,0
1440,0.00092898,0
1441,0.00053780,0
1442,0.00252413,0
1443,0.00208954,0
1444,0.00227832,0
1445,0.00433817,0
1446,0.00279237,0
1447,0.01960558,0
1448,0.00111656,0
1449,0.01426983,0
1450,0.00131587,0
1451,0.00252596,0
1452,0.00089096,0
1453,0.00056655,0
1454,0.00232309,0
1455,0.00185256,0
1456,0.00194872,0
1457,0.00379331,0
1458,0.00290141,0
1459,0.00405719,0
1460,0.00384194,0
1461,0.00241836,0
1462,0.00665289,0
1463,0.00139533,0
1464,0.01520700,0
1465,0.00176763,0
1466,0.00290758,0
1467,0.00096151,0
1468,0.00057600,0
1469,0.00249293,0
1470,0.00221378,0
1471,0.00252291,0
1472,0.00526122,0
1473,0.00294138,0
1474,0.02008122,0
1475,0.00117311,0
1476,0.01495340,0
1477,0.00123675,0
1478,0.00241325,0
1479,0.00099708,0
1480,0.00055464,0
1481,0.00209102,0
1482,0.00202602,0
1483,0.00220318,0
1484,0.00357373,0
1485,0.00284932,0
1486,0.00365713,0
1487,0.00385369,0
1488,0.00227269,0
1489,0.00278762,0
1490,0.00143001,0
1491,0.01558886,0
1492,0.00163122,0
1493,0.00284082,0
1494,0.00092284,0
1495,0.00052914,0
1496,0.00233848,0
1497,0.00230417,0
1498,0.00252478,0
1499,0.00538028,0
1500,0.00275890,0
1501,0.01979531,0
1502,0.00117793,0
1503,0.01324905,0
1504,0.00114865,0
1505,0.00247327,0
1506,0.00091657,0
1507,0.00055454,0
1508,0.00211591,0
1509,0.00186673,0
1510,0.00204726,0
1511,0.00347956,0
1512,0.00286233,0
1513,0.00406173,0
1514,0.00364614,0
1515,0.00228684,0
1516,0.00238293,0
1517,0.00146767,0
1518,0.01457412,0
1519,0.00164996,0
1520,0.00280553,0
1521,0.00101782,0
1522,0.00055459,0
1523,0.00248381,0
1524,0.00212987,0
1525,0.00238432,0
1526,0.00420323,0
1527,0.00263282,0
1528,0.01840747,0
1529,0.00118187,0
1530,0.01529641,0
1531,0.00113310,0
1532,0.00242501,0
1533,0.00089208,0
1534,0.00055752,0
1535,0.00233188,0
1536,0.00185883,0
1537,0.00210896,0
1538,0.00393046,0
1539,0.00283965,0
1540,0.00377793,0
1541,0.00399091,0
1542,0.00219095,0
1543,0.00226459,0
1544,0.00143169,0
1545,0.01600441,0
1546,0.00169935,0
1547,0.00287837,0
1548,0.00100981,0
1549,0.00055320,0
1550,0.00262872,0
1551,0.00217213,0
1552,0.00238957,0
1553,0.00486240,0
1554,0.00288619,0
1555,0.01841314,0
1556,0.00112279,0
1557,0.01438045,0
1558,0.00137364,0
1559,0.00255726,0
1560,0.00094680,0
1561,0.00054378,0
1562,0.00232655,0
1563,0.00200677,0
1564,0.00187689,0
1565,0.00367651,0
1566,0.00278244,0
1567,0.00402750,0
1568,0.00369266,0
1569,0.00209474,0
1570,0.00211675,0
1571,0.00138969,0
1572,0.01561903,0
1573,0.00170811,0
1574,0.00285172,0
1575,0.00098700,0
1576,0.00055596,0
1577,0.00229141,0
1578,0.00219010,0
1579,0.00229845,0
1580,0.00439651,0
1581,0.00268600,0
1582,0.01927039,0
1583,0.00103497,0
1584,0.01499100,0
1585,0.00128965,0
1586,0.00250983,0
1587,0.00105226,0
1588,0.00056995,0
1589,0.00239103,0
1590,0.00198223,0
1591,0.00207789,0
1592,0.00396966,0
1593,0.00269954,0
1594,0.00389032,0
1595,0.00386738,0
1596,0.00223277,0
1597,0.00248215,0
1598,0.00136244,0
1599,0.01597710,0
1600,0.00162838,0
1601,0.00294986,0
1602,0.00097077,0
1603,0.00055944,0
1604,0.00246652,0
1605,0.00218944,0
1606,0.00238996,0
1607,0.00373231,0
1608,0.00266670,0
1609,0.01885996,0
1610,0.00102583,0
1611,0.01432211,0
1612,0.00111378,0
1613,0.00259246,0
1614,0.00097609,0
1615,0.00059172,0
1616,0.00226712,0
1617,0.00209920,0
1618,0.00208846,0
1619,0.00412826,0
1620,0.00275453,0
1621,0.00381050,0
1622,0.00363793,0
1623,0.00210313,0
1624,0.00349365,0
1625,0.00138229,0
1626,0.01526104,0
1627,0.00172338,0
1628,0.00278353,0
1629,0.00111215,0
1630,0.00055552,0
1631,0.00269283,0
1632,0.00232947,0
1633,0.00243002,0
1634,0.00456028,0
1635,0.00268216,0
1636,0.01839346,0
1637,0.00107501,0
1638,0.01512812,0
1639,0.00120865,0
1640,0.00237237,0
1641,0.00099330,0
1642,0.00055684,0
1643,0.00214509,0
1644,0.00190984,0
1645,0.00187510,0
1646,0.00341237,0
1647,0.00284974,0
1648,0.00380189,0
1649,0.00418199,0
1650,0.00203396,0
1651,0.00285298,0
1652,0.00133275,0
1653,0.01567197,0
1654,0.00170347,0
1655,0.00289388,0
1656,0.00108847,0
1657,0.00058801,0
1658,0.00245701,0
1659,0.00225562,0
1660,0.00240687,0
1661,0.00428501,0
1662,0.00265246,0
1663,0.01833489,0
1664,0.00105239,0
1665,0.01458808,0
1666,0.00133164,0
1667,0.00256827,0
1668,0.00094458,0
1669,0.00059089,0
1670,0.00224085,0
1671,0.00222227,0
1672,0.00201587,0
1673,0.00397713,0
1674,0.00260902,0
1675,0.00409190,0
1676,0.00419227,0
1677,0.00206396,0
1678,0.00421520,0
1679,0.00137541,0
1680,0.01492589,0
1681,0.00164777,0
1682,0.00302479,0
1683,0.00101600,0
1684,0.00059872,0
1685,0.00250050,0
1686,0.00247270,0
1687,0.00248146,0
1688,0.00396856,0
1689,0.00257817,0
1690,0.01853978,0
1691,0.00112331,0
1692,0.01513555,0
1693,0.00110850,0
1694,0.00248785,0
1695,0.00097216,0
1696,0.00061502,0
1697,0.00215157,0
1698,0.00206139,0
1699,0.00190027,0
1700,0.00486565,0
1701,0.00260562,0
1702,0.00385902,0
1703,0.00400859,0
1704,0.00195225,0
1705,0.00191622,0
1706,0.00138640,0
1707,0.01496563,0
1708,0.00177286,0
1709,0.00284489,0
1710,0.00101971,0
1711,0.00061786,0
1712,0.00233336,0
1713,0.00234988,0
1714,0.00237730,0
1715,0.00460549,0
1716,0.00261341,0
1717,0.01998749,0
1718,0.00107425,0
1719,0.01463152,0
1720,0.00116810,0
1721,0.00238231,0
1722,0.00105336,0
1723,0.00055940,0
1724,0.00222545,0
1725,0.00204069,0
1726,0.00189801,0
1727,0.00384620,0
1728,0.00285163,0
1729,0.00396066,0
1730,0.00406933,0
1731,0.00205763,0
1732,0.00190799,0
1733,0.00129808,0
1734,0.01465104,0
1735,0.00151892,0
1736,0.00279883,0
1737,0.00103327,0
1738,0.00059706,0
1739,0.00226933,0
1740,0.00236695,0
1741,0.00253714,0
1742,0.00439517,0
1743,0.00261429,0
1744,0.01896193,0
1745,0.00110766,0
1746,0.01331512,0
1747,0.00111205,0
1748,0.00229833,0
1749,0.00104032,0
1750,0.00055745,0
1751,0.00200072,0
1752,0.00211883,0
1753,0.00204255,0
1754,0.00409919,0
1755,0.00281899,0
1756,0.00412943,0
1757,0.00421553,0
1758,0.00191785,0
1759,0.00226895,0
1760,0.00143578,0
1761,0.01373845,0
1762,0.00142544,0
1763,0.00282267,0
1764,0.00101879,0
1765,0.00061095,0
1766,0.00237344,0
1767,0.00215168,0
1768,0.00228208,0
1769,0.00425728,0
1770,0.00256425,0
1771,0.01929658,0
1772,0.00118867,0
1773,0.01399516,0
1774,0.00102973,0
1775,0.00234181,0
1776,0.00103790,0
1777,0.00059601,0
1778,0.00224871,0
1779,0.00219304,0
1780,0.00196573,0
1781,0.00402991,0
1782,0.00297123,0
1783,0.00373377,0
1784,0.00413585,0
1785,0.00175122,0
1786,0.00350281,0
1787,0.00151169,0
1788,0.01384685,0
1789,0.00137885,0
1790,0.00271281,0
1791,0.00102275,0
1792,0.00060383,0
1793,0.00236193,0
1794,0.00227137,0
1795,0.00226066,0
1796,0.00384640,0
1797,0.00260171,0
1798,0.01771121,0
1799,0.00115144,0
1800,0.01303657,0
1801,0.00098991,0
1802,0.00245700,0
1803,0.00098853,0
1804,0.00058095,0
1805,0.00212230,0
1806,0.00207364,0
1807,0.00196836,0
1808,0.00410462,0
1809,0.00281542,0
1810,0.00357014,0
1811,0.00421037,0
1812,0.00186179,0
1813,0.00217647,0
1814,0.00154772,0
1815,0.01406100,0
1816,0.00159424,0
1817,0.00270209,0
1818,0.00109523,0
1819,0.00061380,0
1820,0.00240620,0
1821,0.00248712,0
1822,0.00239290,0
1823,0.00482799,0
1824,0.00264706,0
1825,0.01818229,0
1826,0.00110953,0
1827,0.01300196,0
1828,0.00101819,0
1829,0.00244986,0
1830,0.00096731,0
1831,0.00055981,0
1832,0.00211468,0
1833,0.00196730,0
1834,0.00192438,0
1835,0.00344623,0
1836,0.00303556,0
1837,0.00386005,0
1838,0.00406824,0
1839,0.00194927,0
1840,0.00155782,0
1841,0.00132866,0
1842,0.01362607,0
1843,0.00137450,0
1844,0.00283500,0
1845,0.00101285,0
1846,0.00057526,0
1847,0.00233636,0
1848,0.00234546,0
1849,0.00249434,0
1850,0.00397888,0
1851,0.00248369,0
1852,0.01824641,0
1853,0.00106284,0
1854,0.01293176,0
1855,0.00100307,0
1856,0.00252970,0
1857,0.00094759,0
1858,0.00057503,0
1859,0.00200769,0
1860,0.00187377,0
1861,0.00188582,0
1862,0.00360235,0
1863,0.00289452,0
1864,0.00367383,0
1865,0.00408965,0
1866,0.00186820,0
1867,0.00307096,0
1868,0.00137225,0
1869,0.01423058,0
1870,0.00142664,0
1871,0.00274770,0
1872,0.00095234,0
1873,0.00062930,0
1874,0.00226651,0
1875,0.00225222,0
1876,0.00251764,0
1877,0.00506593,0
1878,0.00239580,0
1879,0.01803427,0
1880,0.00101762,0
1881,0.01331704,0
1882,0.00103107,0
1883,0.00227806,0
1884,0.00096810,0
1885,0.00056771,0
1886,0.00221805,0
1887,0.00209407,0
1888,0.00199256,0
1889,0.00344396,0
1890,0.00291420,0
1891,0.00363761,0
1892,0.00391475,0
1893,0.00190469,0
1894,0.00261554,0
1895,0.00134321,0
1896,0.01425423,0
1897,0.00144478,0
1898,0.00261663,0
1899,0.00098580,0
1900,0.00063406,0
1901,0.00237567,0
1902,0.00217375,0
1903,0.00263689,0
1904,0.00468266,0
1905,0.00264785,0
1906,0.01820379,0
1907,0.00109833,0
1908,0.01218868,0
1909,0.00102565,0
1910,0.00212264,0
1911,0.00097943,0
1912,0.00061036,0
1913,0.00212645,0
1914,0.00184889,0
1915,0.00204972,0
1916,0.00382283,0
1917,0.00279604,0
1918,0.00378862,0
1919,0.00413464,0
1920,0.00186740,0
1921,0.00247809,0
1922,0.00142764,0
1923,0.01358035,0
1924,0.00141814,0
1925,0.00254901,0
1926,0.00093707,0
1927,0.00064221,0
1928,0.00215482,0
1929,0.00219307,0
1930,0.00282992,0
1931,0.00421832,0
1932,0.00257039,0
1933,0.01782947,0
1934,0.00117075,0
1935,0.01313991,0
1936,0.00100107,0
1937,0.00229384,0
1938,0.00090737,0
1939,0.00054089,0
1940,0.00176978,0
1941,0.00195505,0
1942,0.00203068,0
1943,0.00366543,0
1944,0.00279468,0
1945,0.00368502,0
1946,0.00416373,0
1947,0.00180458,0
1948,0.00328258,0
1949,0.00139294,0
1950,0.01388422,0
1951,0.00128215,0
1952,0.00254794,0
1953,0.00094671,0
1954,0.00063656,0
1955,0.00217437,0
1956,0.00215618,0
1957,0.00269310,0
1958,0.00463865,0
1959,0.00247989,0
1960,0.01751281,0
1961,0.00105759,0
1962,0.01248747,0
1963,0.00094937,0
1964,0.00218741,0
1965,0.00092410,0
1966,0.00058630,0
1967,0.00200487,0
1968,0.00200159,0
1969,0.00204202,0
1970,0.00351536,0
1971,0.00284092,0
1972,0.00369464,0
1973,0.00400118,0
1974,0.00171198,0
1975,0.00240709,0
1976,0.00126682,0
1977,0.01383604,0
1978,0.00139713,0
1979,0.00241515,0
1980,0.00101042,0
1981,0.00062112,0
1982,0.00219169,0
1983,0.00213993,0
1984,0.00257447,0
1985,0.00388725,0
1986,0.00243433,0
1987,0.01677432,0
1988,0.00108095,0
1989,0.01285036,0
1990,0.00091958,0
1991,0.00209560,0
1992,0.00093800,0
1993,0.00059270,0
1994,0.00190590,0
1995,0.00194454,0
1996,0.00205239,0
1997,0.00361165,0
1998,0.00258805,0
1999,0.00369449,0
2000,0.00387155,0
2001,0.00176497,0
2002,0.00240087,0
2003,0.00116981,0
2004,0.01306935,0
2005,0.00129225,0
2006,0.00256913,0
2007,0.00095800,0
2008,0.00062585,0
2009,0.00203665,0
2010,0.00207864,0
2011,0.00270646,0
2012,0.00401180,0
2013,0.00252421,0
2014,0.01801548,0
2015,0.00106805,0
2016,0.01249975,0
2017,0.00088193,0
2018,0.00210080,0
2019,0.00094954,0
2020,0.00060725,0
2021,0.00184120,0
2022,0.00197901,0
2023,0.00198586,0
2024,0.00345439,0
2025,0.00273082,0
2026,0.00348430,0
2027,0.00446459,0
2028,0.00176350,0
2029,0.00750439,0
2030,0.00124618,0
2031,0.01256155,0
2032,0.00124036,0
2033,0.00245242,0
2034,0.00084978,0
2035,0.00062218,0
2036,0.00226707,0
2037,0.00216713,0
2038,0.00253768,0
2039,0.00374552,0
2040,0.00247071,0
2041,0.01841454,0
2042,0.00103430,0
2043,0.01170919,0
2044,0.00086981,0
2045,0.00219734,0
2046,0.00094766,0
2047,0.00063204,0
2048,0.00199205,0
2049,0.00199042,0
2050,0.00209743,0
2051,0.00364501,0
2052,0.00270806,0
2053,0.00378779,0
2054,0.00447867,0
2055,0.00176338,0
2056,0.00358882,0
2057,0.00116041,0
2058,0.01222989,0
2059,0.00122178,0
2060,0.00223927,0
2061,0.00088855,0
2062,0.00060705,0
2063,0.00215078,0
2064,0.00202154,0
2065,0.00238379,0
2066,0.00358133,0
2067,0.00245470,0
2068,0.01770537,0
2069,0.00103708,0
2070,0.01213437,0
2071,0.00091624,0
2072,0.00225124,0
2073,0.00096762,0
2074,0.00060621,0
2075,0.00188171,0
2076,0.00194669,0
2077,0.00210190,0
2078,0.00365856,0
2079,0.00285783,0
2080,0.00368819,0
2081,0.00420520,0
2082,0.00172226,0
2083,0.00209519,0
2084,0.00122845,0
2085,0.01175458,0
2086,0.00127558,0
2087,0.00249797,0
2088,0.00093492,0
2089,0.00064892,0
2090,0.00218846,0
2091,0.00219794,0
2092,0.00251878,0
2093,0.00383142,0
2094,0.00259949,0
2095,0.01842569,0
2096,0.00106936,0
2097,0.01176024,0
2098,0.00085679,0
2099,0.00205551,0
2100,0.00090765,0
2101,0.00062090,0
2102,0.00184831,0
2103,0.00193709,0
2104,0.00206705,0
2105,0.00384178,0
2106,0.00260674,0
2107,0.00387429,0
2108,0.00467355,0
2109,0.00185488,0
2110,0.00227174,0
2111,0.00117876,0
2112,0.01187039,0
2113,0.00120391,0
2114,0.00241789,0
2115,0.00094743,0
2116,0.00063743,0
2117,0.00205755,0
2118,0.00215943,0
2119,0.00245490,0
2120,0.00423108,0
2121,0.00233769,0
2122,0.01745378,0
2123,0.00107890,0
2124,0.01175704,0
2125,0.00088057,0
2126,0.00213304,0
2127,0.00092720,0
2128,0.00060338,0
2129,0.00186436,0
2130,0.00209864,0
2131,0.00209589,0
2132,0.00354942,0
2133,0.00269612,0
2134,0.00375561,0
2135,0.00431660,0
2136,0.00181982,0
2137,0.00190908,0
2138,0.00117151,0
2139,0.01245347,0
2140,0.00116952,0
2141,0.00248553,0
2142,0.00097077,0
2143,0.00058627,0
2144,0.00207112,0
2145,0.00212776,0
2146,0.00249729,0
2147,0.00364670,0
2148,0.00254097,0
2149,0.01753458,0
2150,0.00106314,0
2151,0.01205806,0
2152,0.00083840,0
2153,0.00206437,0
2154,0.00086656,0
2155,0.00057620,0
2156,0.00214426,0
2157,0.00216440,0
2158,0.00212487,0
2159,0.00388474,0
2160,0.00284525,0
2161,0.00382246,0
2162,0.00463679,0
2163,0.00181464,0
2164,0.00220575,0
2165,0.00133524,0
2166,0.01124817,0
2167,0.00125207,0
2168,0.00242945,0
2169,0.00092510,0
2170,0.00061815,0
2171,0.00210513,0
2172,0.00222716,0
2173,0.00245855,0
2174,0.00365849,0
2175,0.00226955,0
2176,0.01790640,0
2177,0.00111918,0
2178,0.01203047,0
2179,0.00085890,0
2180,0.00209117,0
2181,0.00101869,0
2182,0.00060978,0
2183,0.00206860,0
2184,0.00237702,0
2185,0.00208769,0
2186,0.00339733,0
2187,0.00284892,0
2188,0.00390462,0
2189,0.00413931,0
2190,0.00178238,0
2191,0.01693506,0
2192,0.00121032,0
2193,0.01212373,0
2194,0.00121112,0
2195,0.00248064,0
2196,0.00096140,0
2197,0.00064280,0
2198,0.00202979,0
2199,0.00220588,0
2200,0.00251063,0
2201,0.00376422,0
2202,0.00213521,0
2203,0.01647313,0
2204,0.00114746,0
2205,0.01196790,0
2206,0.00085377,0
2207,0.00225821,0
2208,0.00095465,0
2209,0.00060045,0
2210,0.00212348,0
2211,0.00235177,0
2212,0.00223530,0
2213,0.00373382,0
2214,0.00308923,0
2215,0.00390005,0
2216,0.00439780,0
2217,0.00201160,0
2218,0.00257803,0
2219,0.00139413,0
2220,0.01330737,0
2221,0.00109433,0
2222,0.00249741,0
2223,0.00097935,0
2224,0.00062313,0
2225,0.00221990,0
2226,0.00241151,0
2227,0.00263943,0
2228,0.00409062,0
2229,0.00245106,0
2230,0.01681036,0
2231,0.00104806,0
2232,0.01179835,0
2233,0.00083749,0
2234,0.00228557,0
2235,0.00097085,0
2236,0.00064111,0
2237,0.00204938,0
2238,0.00199966,0
2239,0.00221884,0
2240,0.00386500,0
2241,0.00286364,0
2242,0.00364715,0
2243,0.00403008,0
2244,0.00200244,0
2245,0.00411971,0
2246,0.00135741,0
2247,0.01244869,0
2248,0.00118258,0
2249,0.00257285,0
2250,0.00094670,0
2251,0.00064719,0
2252,0.00214501,0
2253,0.00211684,0
2254,0.00234069,0
2255,0.00400133,0
2256,0.00237586,0
2257,0.01739790,0
2258,0.00108648,0
2259,0.01259461,0
2260,0.00080003,0
2261,0.00220419,0
2262,0.00087375,0
2263,0.00060174,0
2264,0.00201880,0
2265,0.00205619,0
2266,0.00209183,0
2267,0.00349202,0
2268,0.00291733,0
2269,0.00377217,0
2270,0.00442312,0
2271,0.00192628,0
2272,0.00160107,0
2273,0.00128948,0
2274,0.01181019,0
2275,0.00115076,0
2276,0.00256159,0
2277,0.00093999,0
2278,0.00069106,0
2279,0.00207133,0
2280,0.00241402,0
2281,0.00295863,0
2282,0.00371656,0
2283,0.00244036,0
2284,0.01560875,0
2285,0.00103751,0
2286,0.01260686,0
2287,0.00088009,0
2288,0.00215354,0
2289,0.00090911,0
2290,0.00057109,0
2291,0.00200960,0
2292,0.00206293,0
2293,0.00215258,0
2294,0.00354101,0
2295,0.00289935,0
2296,0.00386842,0
2297,0.00441818,0
2298,0.00192414,0
2299,0.00271236,0
2300,0.00137512,0
2301,0.01277272,0
2302,0.00109733,0
2303,0.00250162,0
2304,0.00092854,0
2305,0.00062949,0
2306,0.00233103,0
2307,0.00228107,0
2308,0.00263476,0
2309,0.00424876,0
2310,0.00248196,0
2311,0.01661304,0
2312,0.00108699,0
2313,0.01255600,0
2314,0.00081956,0
2315,0.00220751,0
2316,0.00092287,0
2317,0.00058017,0
2318,0.00209994,0
2319,0.00202347,0
2320,0.00208026,0
2321,0.00325356,0
2322,0.00286896,0
2323,0.00403188,0
2324,0.00451350,0
2325,0.00195303,0
2326,0.00215414,0
2327,0.00133337,0
2328,0.01164044,0
2329,0.00108783,0
2330,0.00247416,0
2331,0.00090423,0
2332,0.00065987,0
2333,0.00242804,0
2334,0.00217258,0
2335,0.00248094,0
2336,0.00399589,0
2337,0.00230197,0
2338,0.01756361,0
2339,0.00109826,0
2340,0.01230274,0
2341,0.00076015,0
2342,0.00217300,0
2343,0.00097006,0
2344,0.00064851,0
2345,0.00230444,0
2346,0.00216523,0
2347,0.00215884,0
2348,0.00380038,0
2349,0.00285446,0
2350,0.00394906,0
2351,0.00451413,0
2352,0.00199987,0
2353,0.00367650,0
2354,0.00141268,0
2355,0.01304151,0
2356,0.00115920,0
2357,0.00254078,0
2358,0.00099361,0
2359,0.00069268,0
2360,0.00250734,0
2361,0.00244378,0
2362,0.00244225,0
2363,0.00456867,0
2364,0.00239272,0
2365,0.01686645,0
2366,0.00110239,0
2367,0.01250535,0
2368,0.00083180,0
2369,0.00221996,0
2370,0.00107828,0
2371,0.00062134,0
2372,0.00214927,0
2373,0.00208725,0
2374,0.00215000,0
2375,0.00434276,0
2376,0.00301373,0
2377,0.00379005,0
2378,0.00455162,0
2379,0.00188531,0
2380,0.00198641,0
2381,0.00143641,0
2382,0.01298101,0
2383,0.00112111,0
2384,0.00268474,0
2385,0.00101932,0
2386,0.00067545,0
2387,0.00242595,0
2388,0.00246954,0
2389,0.00256556,0
2390,0.00411767,0
2391,0.00245599,0
2392,0.01720763,0
2393,0.00111206,0
2394,0.01362577,0
2395,0.00080587,0
2396,0.00233796,0
2397,0.00104504,0
2398,0.00062419,0
2399,0.00228647,0
2400,0.00206996,0
2401,0.00219365,0
2402,0.00435912,0
2403,0.00289293,0
2404,0.00408336,0
2405,0.00459474,0
2406,0.00200194,0
2407,0.00299024,0
2408,0.00134781,0
2409,0.01253217,0
2410,0.00116591,0
2411,0.00267456,0
2412,0.00105464,0
2413,0.00071349,0
2414,0.00234396,0
2415,0.00229295,0
2416,0.00251544,0
2417,0.00391359,0
2418,0.00252119,0
2419,0.01792929,0
2420,0.00108396,0
2421,0.01348931,0
2422,0.00088706,0
2423,0.00230228,0
2424,0.00100593,0
2425,0.00065897,0
2426,0.00240716,0
2427,0.00232368,0
2428,0.00205296,0
2429,0.00427888,0
2430,0.00292028,0
2431,0.00434632,0
2432,0.00492520,0
2433,0.00194192,0
2434,0.00246533,0
2435,0.00154608,0
2436,0.01284718,0
2437,0.00114699,0
2438,0.00266765,0
2439,0.00098110,0
2440,0.00070898,0
2441,0.00248790,0
2442,0.00231330,0
2443,0.00255381,0
2444,0.00456215,0
2445,0.00232300,0
2446,0.01793209,0
2447,0.00118702,0
2448,0.01385965,0
2449,0.00087936,0
2450,0.00231300,0
2451,0.00095309,0
2452,0.00066542,0
2453,0.00225837,0
2454,0.00211216,0
2455,0.00208679,0
2456,0.00413226,0
2457,0.00290274,0
2458,0.00394448,0
2459,0.00457441,0
2460,0.00203946,0
2461,0.00260017,0
2462,0.00150314,0
2463,0.01411848,0
2464,0.00122728,0
2465,0.00260103,0
2466,0.00099911,0
2467,0.00070106,0
2468,0.00242615,0
2469,0.00228241,0
2470,0.00260299,0
2471,0.00461502,0
2472,0.00241094,0
2473,0.01875257,0
2474,0.00121102,0
2475,0.01287887,0
2476,0.00090541,0
2477,0.00225021,0
2478,0.00098286,0
2479,0.00066070,0
2480,0.00212817,0
2481,0.00216090,0
2482,0.00214585,0
2483,0.00306754,0
2484,0.00280420,0
2485,0.00406054,0
2486,0.00455361,0
2487,0.00207200,0
2488,0.00201547,0
2489,0.00138903,0
2490,0.01301356,0
2491,0.00117331,0
2492,0.00251217,0
2493,0.00096650,0
2494,0.00068099,0
2495,0.00249940,0
2496,0.00218158,0
2497,0.00271040,0
2498,0.00395822,0
2499,0.00239298,0
2500,0.01983570,0
2501,0.00122581,0
2502,0.01288110,0
2503,0.00091474,0
2504,0.00209614,0
2505,0.00094735,0
2506,0.00066540,0
2507,0.00216250,0
2508,0.00207499,0
2509,0.00229839,0
2510,0.00354403,0
2511,0.00318210,0
2512,0.00401717,0
2513,0.00510295,0
2514,0.00194795,0
2515,0.00269378,0
2516,0.00147879,0
2517,0.01283824,0
2518,0.00122026,0
2519,0.00246228,0
2520,0.00096386,0
2521,0.00067801,0
2522,0.00224733,0
2523,0.00233333,0
2524,0.00252102,0
2525,0.00514255,0
2526,0.00225340,0
2527,0.01953068,0
2528,0.00132561,0
2529,0.01284875,0
2530,0.00086538,0
2531,0.00200999,0
2532,0.00094185,0
2533,0.00064271,0
2534,0.00225214,0
2535,0.00203089,0
2536,0.00239597,0
2537,0.00434089,0
2538,0.00296503,0
2539,0.00398311,0
2540,0.00460545,0
2541,0.00196698,0
2542,0.00245581,0
2543,0.00144968,0
2544,0.01266724,0
2545,0.00125647,0
2546,0.00250173,0
2547,0.00103775,0
2548,0.00067719,0
2549,0.00238561,0
2550,0.00220822,0
2551,0.00255815,0
2552,0.00514148,0
2553,0.00232191,0
2554,0.01918771,0
2555,0.00119499,0
2556,0.01288375,0
2557,0.00092558,0
2558,0.00221829,0
2559,0.00101001,0
2560,0.00062921,0
2561,0.00216987,0
2562,0.00197088,0
2563,0.00231809,0
2564,0.00407242,0
2565,0.00314084,0
2566,0.00413724,0
2567,0.00481991,0
2568,0.00199012,0
2569,0.00130496,0
2570,0.00142329,0
2571,0.01306667,0
2572,0.00132033,0
2573,0.00257450,0
2574,0.00103668,0
2575,0.00067171,0
2576,0.00221153,0
2577,0.00221887,0
2578,0.00257349,0
2579,0.00467351,0
2580,0.00250287,0
2581,0.01958263,0
2582,0.00119168,0
2583,0.01380224,0
2584,0.00097426,0
2585,0.00233054,0
2586,0.00095338,0
2587,0.00063129,0
2588,0.00225497,0
2589,0.00191521,0
2590,0.00220207,0
2591,0.00381748,0
2592,0.00300883,0
2593,0.00413206,0
2594,0.00462105,0
2595,0.00190445,0
2596,0.00240029,0
2597,0.00151827,0
2598,0.01390344,0
2599,0.00130596,0
2600,0.00260859,0
2601,0.00095667,0
2602,0.00065853,0
2603,0.00248558,0
2604,0.00221477,0
2605,0.00274073,0
2606,0.00432354,0
2607,0.00231415,0
2608,0.01817764,0
2609,0.00124617,0
2610,0.01359108,0
2611,0.00090171,0
2612,0.00214134,0
2613,0.00103605,0
2614,0.00064200,0
2615,0.00207513,0
2616,0.00212237,0
2617,0.00225987,0
2618,0.00407116,0
2619,0.00321942,0
2620,0.00426375,0
2621,0.00480276,0
2622,0.00206635,0
2623,0.00361549,0
2624,0.00149513,0
2625,0.01410781,0
2626,0.00113990,0
2627,0.00261369,0
2628,0.00097515,0
2629,0.00069976,0
2630,0.00244225,0
2631,0.00216148,0
2632,0.00285465,0
2633,0.00403764,0
2634,0.00227099,0
2635,0.02141960,0
2636,0.00117229,0
2637,0.01393828,0
2638,0.00092967,0
2639,0.00224779,0
2640,0.00101055,0
2641,0.00068146,0
2642,0.00226103,0
2643,0.00206937,0
2644,0.00240005,0
2645,0.00383732,0
2646,0.00322056,0
2647,0.00455284,0
2648,0.00467890,0
2649,0.00198199,0
2650,0.00236632,0
2651,0.00151310,0
2652,0.01339787,0
2653,0.00133510,0
2654,0.00256492,0
2655,0.00094096,0
2656,0.00069258,0
2657,0.00232456,0
2658,0.00227265,0
2659,0.00280553,0
2660,0.00521429,0
2661,0.00247031,0
2662,0.02188371,0
2663,0.00124339,0
2664,0.01415432,0
2665,0.00099951,0
2666,0.00235840,0
2667,0.00105530,0
2668,0.00070846,0
2669,0.00227164,0
2670,0.00205324,0
2671,0.00245460,0
2672,0.00398262,0
2673,0.00337481,0
2674,0.00428884,0
2675,0.00520355,0
2676,0.00208142,0
2677,0.00257476,0
2678,0.00167023,0
2679,0.01372283,0
2680,0.00129799,0
2681,0.00266759,0
2682,0.00101735,0
2683,0.00075778,0
2684,0.00245471,0
2685,0.00253171,0
2686,0.00289181,0
2687,0.00464061,0
2688,0.00259521,0
2689,0.02200137,0
2690,0.00144280,0
2691,0.01466634,0
2692,0.00104279,0
2693,0.00247981,0
2694,0.00103417,0
2695,0.00077856,0
2696,0.00241958,0
2697,0.00230987,0
2698,0.00253856,0
2699,0.00424266,0
2700,0.00319489,0
2701,0.00453463,0
2702,0.00549336,0
2703,0.00195105,0
2704,0.00366566,0
2705,0.00190550,0
2706,0.01524211,0
2707,0.00160700,0
2708,0.00275627,0
2709,0.00105266,0
2710,0.00080110,0
2711,0.00246191,0
2712,0.00278702,0
2713,0.00341391,0
2714,0.00500077,0
2715,0.00287669,0
2716,0.02168809,0
2717,0.00152217,0
2718,0.01537631,0
2719,0.00111359,0
2720,0.00234959,0
2721,0.00107380,0
2722,0.00075529,0
2723,0.00243491,0
2724,0.00229051,0
2725,0.00257004,0
2726,0.00405946,0
2727,0.00333748,0
2728,0.00425454,0
2729,0.00509527,0
2730,0.00202968,0
2731,0.00217610,0
2732,0.00200189,0
2733,0.01497538,0
2734,0.00141351,0
2735,0.00275313,0
2736,0.00107044,0
2737,0.00079264,0
2738,0.00256505,0
2739,0.00266466,0
2740,0.00309541,0
2741,0.00523221,0
2742,0.00281752,0
2743,0.02045945,0
2744,0.00152550,0
2745,0.01600354,0
2746,0.00111608,0
2747,0.00240394,0
2748,0.00100892,0
2749,0.00075552,0
2750,0.00241620,0
2751,0.00238813,0
2752,0.00242408,0
2753,0.00441918,0
2754,0.00354762,0
2755,0.00427529,0
2756,0.00514936,0
2757,0.00202973,0
2758,0.00220010,0
2759,0.00192905,0
2760,0.01536691,0
2761,0.00134432,0
2762,0.00270125,0
2763,0.00107096,0
2764,0.00076654,0
2765,0.00258173,0
2766,0.00247217,0
2767,0.00291263,0
2768,0.00409144,0
2769,0.00258883,0
2770,0.02100420,0
2771,0.00146428,0
2772,0.01479803,0
2773,0.00103102,0
2774,0.00229065,0
2775,0.00107475,0
2776,0.00073909,0
2777,0.00209480,0
2778,0.00218484,0
2779,0.00242464,0
2780,0.00410770,0
2781,0.00345956,0
2782,0.00405515,0
2783,0.00527408,0
2784,0.00215496,0
2785,0.00446852,0
2786,0.00174838,0
2787,0.01512970,0
2788,0.00135262,0
2789,0.00258847,0
2790,0.00091356,0
2791,0.00076963,0
2792,0.00231307,0
2793,0.00237588,0
2794,0.00312238,0
2795,0.00446253,0
2796,0.00249646,0
2797,0.02021165,0
2798,0.00141731,0
2799,0.01569939,0
2800,0.00091869,0
2801,0.00222689,0
2802,0.00095603,0
2803,0.00071657,0
2804,0.00238301,0
2805,0.00198916,0
2806,0.00240396,0
2807,0.00417863,0
2808,0.00326874,0
2809,0.00415227,0
2810,0.00500180,0
2811,0.00212211,0
2812,0.00215583,0
2813,0.00180078,0
2814,0.01528547,0
2815,0.00134641,0
2816,0.00263232,0
2817,0.00105589,0
2818,0.00071786,0
2819,0.00235466,0
2820,0.00242505,0
2821,0.00308841,0
2822,0.00488049,0
2823,0.00277877,0
2824,0.02003087,0
2825,0.00139539,0
2826,0.01557166,0
2827,0.00100193,0
2828,0.00216117,0
2829,0.00095788,0
2830,0.00068903,0
2831,0.00219815,0
2832,0.00214614,0
2833,0.00252888,0
2834,0.00431740,0
2835,0.00339344,0
2836,0.00422111,0
2837,0.00502866,0
2838,0.00212310,0
2839,0.00258070,0
2840,0.00171856,0
2841,0.01414256,0
2842,0.00138822,0
2843,0.00271921,0
2844,0.00101053,0
2845,0.00076949,0
2846,0.00244357,0
2847,0.00251494,0
2848,0.00294661,0
2849,0.00507211,0
2850,0.00262428,0
2851,0.02045214,0
2852,0.00139652,0
2853,0.01520122,0
2854,0.00099967,0
2855,0.00221543,0
2856,0.00094471,0
2857,0.00074119,0
2858,0.00222884,0
2859,0.00203371,0
2860,0.00240163,0
2861,0.00421394,0
2862,0.00327940,0
2863,0.00441170,0
2864,0.00555962,0
2865,0.00206649,0
2866,0.00316273,0
2867,0.00169943,0
2868,0.01407773,0
2869,0.00124008,0
2870,0.00277277,0
2871,0.00109462,0
2872,0.00077232,0
2873,0.00245118,0
2874,0.00234680,0
2875,0.00303696,0
2876,0.00487625,0
2877,0.00265187,0
2878,0.01920027,0
2879,0.00139430,0
2880,0.01491716,0
2881,0.00092387,0
2882,0.00239706,0
2883,0.00101200,0
2884,0.00073518,0
2885,0.00220402,0
2886,0.00215873,0
2887,0.00234035,0
2888,0.00417523,0
2889,0.00338376,0
2890,0.00426196,0
2891,0.00531803,0
2892,0.00215661,0
2893,0.00272673,0
2894,0.00172202,0
2895,0.01427696,0
2896,0.00134376,0
2897,0.00268018,0
2898,0.00107028,0
2899,0.00072769,0
2900,0.00223731,0
2901,0.00220434,0
2902,0.00286136,0
2903,0.00433152,0
2904,0.00238372,0
2905,0.02033645,0
2906,0.00134718,0
2907,0.01454251,0
2908,0.00091345,0
2909,0.00215191,0
2910,0.00096260,0
2911,0.00069917,0
2912,0.00241631,0
2913,0.00215544,0
2914,0.00239807,0
2915,0.00369686,0
2916,0.00323907,0
2917,0.00413568,0
2918,0.00554601,0
2919,0.00207230,0
2920,0.00186457,0
2921,0.00172504,0
2922,0.01419409,0
2923,0.00127047,0
2924,0.00268758,0
2925,0.00112388,0
2926,0.00077665,0
2927,0.00220081,0
2928,0.00243824,0
2929,0.00316599,0
2930,0.00509765,0
2931,0.00271240,0
2932,0.02030763,0
2933,0.00152516,0
2934,0.01429828,0
2935,0.00090375,0
2936,0.00220617,0
2937,0.00096140,0
2938,0.00073757,0
2939,0.00231546,0
2940,0.00223194,0
2941,0.00233844,0
2942,0.00419649,0
2943,0.00327205,0
2944,0.00395189,0
2945,0.00558010,0
2946,0.00204523,0
2947,0.00256344,0
2948,0.00172239,0
2949,0.01412296,0
2950,0.00113198,0
2951,0.00276150,0
2952,0.00109403,0
2953,0.00073536,0
2954,0.00221976,0
2955,0.00241165,0
2956,0.00308714,0
2957,0.00483236,0
2958,0.00255924,0
2959,0.01983153,0
2960,0.00143013,0
2961,0.01425162,0
2962,0.00089709,0
2963,0.00228253,0
2964,0.00101336,0
2965,0.00075718,0
2966,0.00228503,0
2967,0.00230812,0
2968,0.00233102,0
2969,0.00428079,0
2970,0.00329158,0
2971,0.00414630,0
2972,0.00577415,0
2973,0.00210724,0
2974,0.00250833,0
2975,0.00176652,0
2976,0.01366549,0
2977,0.00117609,0
2978,0.00267812,0
2979,0.00099472,0
2980,0.00072234,0
2981,0.00227045,0
2982,0.00231386,0
2983,0.00297989,0
2984,0.00451627,0
2985,0.00247154,0
2986,0.02051228,0
2987,0.00135145,0
2988,0.01336456,0
2989,0.00077436,0
2990,0.00219092,0
2991,0.00100729,0
2992,0.00068013,0
2993,0.00200785,0
2994,0.00182181,0
2995,0.00223845,0
2996,0.00389468,0
2997,0.00317291,0
2998,0.00416462,0
2999,0.00503432,0
3000,0.00196433,0
3001,0.00213197,0
3002,0.00165891,0
3003,0.01367460,0
3004,0.00122401,0
3005,0.00258626,0
3006,0.00101617,0
3007,0.00069490,0
3008,0.00213768,0
3009,0.00229748,0
3010,0.00303165,0
3011,0.00471702,0
3012,0.00225943,0
3013,0.02094621,0
3014,0.00125067,0
3015,0.01329122,0
3016,0.00077981,0
3017,0.00209693,0
3018,0.00100326,0
3019,0.00071694,0
3020,0.00207962,0
3021,0.00209808,0
3022,0.00227580,0
3023,0.00416968,0
3024,0.00304850,0
3025,0.00417391,0
3026,0.00543489,0
3027,0.00211440,0
3028,0.00296562,0
3029,0.00160249,0
3030,0.01311169,0
3031,0.00116353,0
3032,0.00251590,0
3033,0.00105381,0
3034,0.00071204,0
3035,0.00203738,0
3036,0.00221555,0
3037,0.00268058,0
3038,0.00448307,0
3039,0.00236051,0
3040,0.02051611,0
3041,0.00124997,0
3042,0.01231727,0
3043,0.00076258,0
3044,0.00194818,0
3045,0.00092229,0
3046,0.00067524,0
3047,0.00182684,0
3048,0.00207124,0
3049,0.00210975,0
3050,0.00380948,0
3051,0.00302727,0
3052,0.00402181,0
3053,0.00496889,0
3054,0.00185138,0
3055,0.00222791,0
3056,0.00158704,0
3057,0.01290871,0
3058,0.00110055,0
3059,0.00256871,0
3060,0.00100088,0
3061,0.00071207,0
3062,0.00204604,0
3063,0.00219593,0
3064,0.00267285,0
3065,0.00514385,0
3066,0.00238198,0
3067,0.01984922,0
3068,0.00128351,0
3069,0.01279614,0
3070,0.00074583,0
3071,0.00213247,0
3072,0.00089993,0
3073,0.00066095,0
3074,0.00188437,0
3075,0.00191121,0
3076,0.00208496,0
3077,0.00354813,0
3078,0.00300864,0
3079,0.00396177,0
3080,0.00520865,0
3081,0.00203393,0
3082,0.00172380,0
3083,0.00150280,0
3084,0.01187281,0
3085,0.00112304,0
3086,0.00252319,0
3087,0.00089339,0
3088,0.00066867,0
3089,0.00211393,0
3090,0.00203024,0
3091,0.00281969,0
3092,0.00376516,0
3093,0.00233481,0
3094,0.01960975,0
3095,0.00130862,0
3096,0.01325112,0
3097,0.00076294,0
3098,0.00210815,0
3099,0.00095778,0
3100,0.00066607,0
3101,0.00203948,0
3102,0.00198689,0
3103,0.00213401,0
3104,0.00332606,0
3105,0.00312069,0
3106,0.00385297,0
3107,0.00540766,0
3108,0.00199583,0
3109,0.00281623,0
3110,0.00150836,0
3111,0.01265465,0
3112,0.00106906,0
3113,0.00248750,0
3114,0.00094692,0
3115,0.00074857,0
3116,0.00188391,0
3117,0.00220907,0
3118,0.00278344,0
3119,0.00420728,0
3120,0.00221694,0
3121,0.02114908,0
3122,0.00129845,0
3123,0.01229556,0
3124,0.00076685,0
3125,0.00201911,0
3126,0.00095588,0
3127,0.00067848,0
3128,0.00195335,0
3129,0.00197621,0
3130,0.00211500,0
3131,0.00338182,0
3132,0.00298917,0
3133,0.00379626,0
3134,0.00563563,0
3135,0.00184092,0
3136,0.00396132,0
3137,0.00155139,0
3138,0.01257919,0
3139,0.00101804,0
3140,0.00232871,0
3141,0.00095704,0
3142,0.00067411,0
3143,0.00201009,0
3144,0.00224497,0
3145,0.00271834,0
3146,0.00397938,0
3147,0.00235429,0
3148,0.02026833,0
3149,0.00127085,0
3150,0.01288947,0
3151,0.00074462,0
3152,0.00194960,0
3153,0.00098837,0
3154,0.00065812,0
3155,0.00199655,0
3156,0.00220015,0
3157,0.00222630,0
3158,0.00343838,0
3159,0.00299286,0
3160,0.00394595,0
3161,0.00536992,0
3162,0.00188599,0
3163,0.00275969,0
3164,0.00156585,0
3165,0.01205829,0
3166,0.00105047,0
3167,0.00230904,0
3168,0.00095121,0
3169,0.00067804,0
3170,0.00188908,0
3171,0.00222225,0
3172,0.00268628,0
3173,0.00468423,0
3174,0.00229816,0
3175,0.01955918,0
3176,0.00128665,0
3177,0.01247116,0
3178,0.00080694,0
3179,0.00180235,0
3180,0.00098381,0
3181,0.00062152,0
3182,0.00177471,0
3183,0.00218331,0
3184,0.00220602,0
3185,0.00426045,0
3186,0.00300339,0
3187,0.00362748,0
3188,0.00532834,0
3189,0.00190245,0
3190,0.00349374,0
3191,0.00146506,0
3192,0.01128953,0
3193,0.00103561,0
3194,0.00224828,0
3195,0.00098314,0
3196,0.00065236,0
3197,0.00190561,0
3198,0.00222477,0
3199,0.00283013,0
3200,0.00476906,0
3201,0.00232946,0
3202,0.02137689,0
3203,0.00116068,0
3204,0.01257142,0
3205,0.00074701,0
3206,0.00177986,0
3207,0.00092695,0
3208,0.00065480,0
3209,0.00192418,0
3210,0.00213891,0
3211,0.00231807,0
3212,0.00372163,0
3213,0.00305218,0
3214,0.00391314,0
3215,0.00520870,0
3216,0.00185268,0
3217,0.00265576,0
3218,0.00148009,0
3219,0.01218497,0
3220,0.00108221,0
3221,0.00219750,0
3222,0.00100564,0
3223,0.00065373,0
3224,0.00196285,0
3225,0.00217111,0
3226,0.00284759,0
3227,0.00387399,0
3228,0.00211460,0
3229,0.02142306,0
3230,0.00123149,0
3231,0.01203925,0
3232,0.00077138,0
3233,0.00179540,0
3234,0.00101743,0
3235,0.00066487,0
3236,0.00185242,0
3237,0.00218373,0
3238,0.00236899,0
3239,0.00404276,0
3240,0.00295012,0
3241,0.00404605,0
3242,0.00529781,0
3243,0.00193900,0
3244,0.00232263,0
3245,0.00148316,0
3246,0.01204848,0
3247,0.00096485,0
3248,0.00206646,0
3249,0.00095136,0
3250,0.00069583,0
3251,0.00184656,0
3252,0.00223472,0
3253,0.00258719,0
3254,0.00477937,0
3255,0.00224805,0
3256,0.02119759,0
3257,0.00120560,0
3258,0.01173693,0
3259,0.00083701,0
3260,0.00176141,0
3261,0.00099068,0
3262,0.00062270,0
3263,0.00180226,0
3264,0.00194088,0
3265,0.00209399,0
3266,0.00347519,0
3267,0.00298377,0
3268,0.00370138,0
3269,0.00514718,0
3270,0.00192675,0
3271,0.00398430,0
3272,0.00145071,0
3273,0.01147714,0
3274,0.00091640,0
3275,0.00210757,0
3276,0.00094749,0
3277,0.00064471,0
3278,0.00171607,0
3279,0.00214254,0
3280,0.00274243,0
3281,0.00459551,0
3282,0.00225567,0
3283,0.02044453,0
3284,0.00113691,0
3285,0.01163078,0
3286,0.00070347,0
3287,0.00182201,0
3288,0.00103733,0
3289,0.00058323,0
3290,0.00192934,0
3291,0.00192937,0
3292,0.00216057,0
3293,0.00384602,0
3294,0.00303817,0
3295,0.00369612,0
3296,0.00512455,0
3297,0.00185124,0
3298,0.00385230,0
3299,0.00132937,0
3300,0.01215322,0
3301,0.00101057,0
3302,0.00212116,0
3303,0.00099972,0
3304,0.00062946,0
3305,0.00186674,0
3306,0.00204312,0
3307,0.00272128,0
3308,0.00438855,0
3309,0.00204857,0
3310,0.02027367,0
3311,0.00109016,0
3312,0.01152770,0
3313,0.00073265,0
3314,0.00172250,0
3315,0.00097948,0
3316,0.00059207,0
3317,0.00183182,0
3318,0.00191979,0
3319,0.00227285,0
3320,0.00381616,0
3321,0.00300839,0
3322,0.00357209,0
3323,0.00495573,0
3324,0.00179240,0
3325,0.00292526,0
3326,0.00140731,0
3327,0.01198115,0
3328,0.00104477,0
3329,0.00214158,0
3330,0.00101991,0
3331,0.00065603,0
3332,0.00189358,0
3333,0.00211360,0
3334,0.00269657,0
3335,0.00490052,0
3336,0.00236463,0
3337,0.02062299,0
3338,0.00116794,0
3339,0.01172112,0
3340,0.00074338,0
3341,0.00171441,0
3342,0.00112648,0
3343,0.00057280,0
3344,0.00194657,0
3345,0.00203434,0
3346,0.00228291,0
3347,0.00381796,0
3348,0.00322189,0
3349,0.00371391,0
3350,0.00528926,0
3351,0.00196218,0
3352,0.00184769,0
3353,0.00155897,0
3354,0.01225831,0
3355,0.00109301,0
3356,0.00224174,0
3357,0.00112759,0
3358,0.00069136,0
3359,0.00211766,0
3360,0.00230143,0
3361,0.00289239,0
3362,0.00474548,0
3363,0.00216203,0
3364,0.02055345,0
3365,0.00126280,0
3366,0.01238812,0
3367,0.00071014,0
3368,0.00186635,0
3369,0.00126460,0
3370,0.00067998,0
3371,0.00187955,0
3372,0.00194006,0
3373,0.00227768,0
3374,0.00467118,0
3375,0.00340343,0
3376,0.00391117,0
3377,0.00502167,0
3378,0.00197954,0
3379,0.00278712,0
3380,0.00156101,0
3381,0.01251542,0
3382,0.00111369,0
3383,0.00223043,0
3384,0.00127780,0
3385,0.00069067,0
3386,0.00192561,0
3387,0.00216908,0
3388,0.00285336,0
3389,0.00441413,0
3390,0.00231760,0
3391,0.02104756,0
3392,0.00116271,0
3393,0.01356623,0
3394,0.00070060,0
3395,0.00202606,0
3396,0.00102112,0
3397,0.00065554,0
3398,0.00187547,0
3399,0.00190236,0
3400,0.00221238,0
3401,0.00351574,0
3402,0.00315078,0
3403,0.00373222,0
3404,0.00526864,0
3405,0.00199515,0
3406,0.00338102,0
3407,0.00156441,0
3408,0.01240490,0
3409,0.00095012,0
3410,0.00216239,0
3411,0.00110783,0
3412,0.00067234,0
3413,0.00193568,0
3414,0.00214346,0
3415,0.00295500,0
3416,0.00443737,0
3417,0.00246931,0
3418,0.01994481,0
3419,0.00116831,0
3420,0.01211995,0
3421,0.00074036,0
3422,0.00190563,0
3423,0.00100339,0
3424,0.00064460,0
3425,0.00185765,0
3426,0.00205784,0
3427,0.00221918,0
3428,0.00371051,0
3429,0.00301310,0
3430,0.00382061,0
3431,0.00514558,0
3432,0.00193141,0
3433,0.00269207,0
3434,0.00148926,0
3435,0.01334345,0
3436,0.00111081,0
3437,0.00217950,0
3438,0.00101777,0
3439,0.00066114,0
3440,0.00192973,0
3441,0.00209180,0
3442,0.00291088,0
3443,0.00413772,0
3444,0.00247715,0
3445,0.02001064,0
3446,0.00127921,0
3447,0.01392077,0
3448,0.00078553,0
3449,0.00186688,0
3450,0.00099856,0
3451,0.00071241,0
3452,0.00208319,0
3453,0.00201195,0
3454,0.00243710,0
3455,0.00345070,0
3456,0.00300671,0
3457,0.00397087,0
3458,0.00539363,0
3459,0.00181312,0
3460,0.00304555,0
3461,0.00159109,0
3462,0.01260700,0
3463,0.00110583,0
3464,0.00223121,0
3465,0.00111644,0
3466,0.00068581,0
3467,0.00196484,0
3468,0.00231061,0
3469,0.00280062,0
3470,0.00403066,0
3471,0.00226007,0
3472,0.01996022,0
3473,0.00122504,0
3474,0.01326561,0
3475,0.00074264,0
3476,0.00193349,0
3477,0.00098531,0
3478,0.00064276,0
3479,0.00205526,0
3480,0.00198639,0
3481,0.00235533,0
3482,0.00376503,0
3483,0.00294442,0
3484,0.00404897,0
3485,0.00529350,0
3486,0.00180380,0
3487,0.00265221,0
3488,0.00157306,0
3489,0.01227902,0
3490,0.00105369,0
3491,0.00216690,0
3492,0.00123028,0
3493,0.00070200,0
3494,0.00200976,0
3495,0.00220341,0
3496,0.00293707,0
3497,0.00480936,0
3498,0.00233121,0
3499,0.02134686,0
3500,0.00125948,0
3501,0.01323266,0
3502,0.00069468,0
3503,0.00188916,0
3504,0.00123650,0
3505,0.00065603,0
3506,0.00202897,0
3507,0.00203555,0
3508,0.00242935,0
3509,0.00417461,0
3510,0.00308076,0
3511,0.00382586,0
3512,0.00519725,0
3513,0.00180395,0
3514,0.00191268,0
3515,0.00140813,0
3516,0.01256636,0
3517,0.00109181,0
3518,0.00226135,0
3519,0.00115812,0
3520,0.00069683,0
3521,0.00192118,0
3522,0.00218620,0
3523,0.00293107,0
3524,0.00458459,0
3525,0.00245872,0
3526,0.02104930,0
3527,0.00129236,0
3528,0.01307276,0
3529,0.00074567,0
3530,0.00178788,0
3531,0.00109918,0
3532,0.00068412,0
3533,0.00184734,0
3534,0.00208202,0
3535,0.00229042,0
3536,0.00391882,0
3537,0.00298999,0
3538,0.00390997,0
3539,0.00502920,0
3540,0.00192227,0
3541,0.00369217,0
3542,0.00135207,0
3543,0.01253464,0
3544,0.00103684,0
3545,0.00225306,0
3546,0.00108099,0
3547,0.00062087,0
3548,0.00195179,0
3549,0.00209537,0
3550,0.00280238,0
3551,0.00404300,0
3552,0.00235614,0
3553,0.02130275,0
3554,0.00123041,0
3555,0.01228867,0
3556,0.00074662,0
3557,0.00195169,0
3558,0.00104513,0
3559,0.00066593,0
3560,0.00185228,0
3561,0.00204399,0
3562,0.00227277,0
3563,0.00408957,0
3564,0.00317776,0
3565,0.00393680,0
3566,0.00480811,0
3567,0.00188935,0
3568,0.00295577,0
3569,0.00141324,0
3570,0.01257644,0
3571,0.00097754,0
3572,0.00236153,0
3573,0.00112576,0
3574,0.00068705,0
3575,0.00191331,0
3576,0.00217893,0
3577,0.00288946,0
3578,0.00426256,0
3579,0.00243283,0
3580,0.02155453,0
3581,0.00125226,0
3582,0.01358919,0
3583,0.00075697,0
3584,0.00202784,0
3585,0.00107648,0
3586,0.00066605,0
3587,0.00196357,0
3588,0.00206570,0
3589,0.00222144,0
3590,0.00389337,0
3591,0.00317681,0
3592,0.00402127,0
3593,0.00526850,0
3594,0.00193417,0
3595,0.00250625,0
3596,0.00144982,0
3597,0.01277862,0
3598,0.00096783,0
3599,0.00239429,0
3600,0.00105638,0
3601,0.00074980,0
3602,0.00186865,0
3603,0.00197052,0
3604,0.00265320,0
3605,0.00467545,0
3606,0.00221115,0
3607,0.02104199,0
3608,0.00120736,0
3609,0.01288577,0
3610,0.00072416,0
3611,0.00201036,0
3612,0.00115108,0
3613,0.00070143,0
3614,0.00199004,0
3615,0.00205090,0
3616,0.00230706,0
3617,0.00404779,0
3618,0.00302534,0
3619,0.00409679,0
3620,0.00534375,0
3621,0.00191799,0
3622,0.00308126,0
3623,0.00153139,0
3624,0.01255545,0
3625,0.00118879,0
3626,0.00261285,0
3627,0.00112024,0
3628,0.00075973,0
3629,0.00209757,0
3630,0.00234035,0
3631,0.00289486,0
3632,0.00450324,0
3633,0.00235092,0
3634,0.02161796,0
3635,0.00126224,0
3636,0.01251587,0
3637,0.00076637,0
3638,0.00196983,0
3639,0.00105027,0
3640,0.00071864,0
3641,0.00192648,0
3642,0.00214444,0
3643,0.00235162,0
3644,0.00407291,0
3645,0.00335901,0
3646,0.00414099,0
3647,0.00560447,0
3648,0.00206302,0
3649,0.00214948,0
3650,0.00153622,0
3651,0.01253969,0
3652,0.00110081,0
3653,0.00251427,0
3654,0.00111188,0
3655,0.00068969,0
3656,0.00213197,0
3657,0.00229226,0
3658,0.00295822,0
3659,0.00418362,0
3660,0.00243112,0
3661,0.02340705,0
3662,0.00136945,0
3663,0.01345074,0
3664,0.00078246,0
3665,0.00200493,0
3666,0.00103520,0
3667,0.00071399,0
3668,0.00197262,0
3669,0.00206148,0
3670,0.00237123,0
3671,0.00369694,0
3672,0.00339083,0
3673,0.00412831,0
3674,0.00559629,0
3675,0.00201344,0
3676,0.00756406,0
3677,0.00153936,0
3678,0.01224446,0
3679,0.00100278,0
3680,0.00240391,0
3681,0.00116560,0
3682,0.00073544,0
3683,0.00193182,0
3684,0.00234876,0
3685,0.00283088,0
3686,0.00495593,0
3687,0.00229836,0
3688,0.02286648,0
3689,0.00136075,0
3690,0.01305350,0
3691,0.00082018,0
3692,0.00205973,0
3693,0.00104238,0
3694,0.00068670,0
3695,0.00184048,0
3696,0.00213408,0
3697,0.00240911,0
3698,0.00366403,0
3699,0.00337848,0
3700,0.00421866,0
3701,0.00538877,0
3702,0.00191375,0
3703,0.00408878,0
3704,0.00146442,0
3705,0.01318721,0
3706,0.00110006,0
3707,0.00235697,0
3708,0.00111684,0
3709,0.00070541,0
3710,0.00190998,0
3711,0.00226005,0
3712,0.00297701,0
3713,0.00469971,0
3714,0.00230455,0
3715,0.02162156,0
3716,0.00132862,0
3717,0.01316026,0
3718,0.00085799,0
3719,0.00207312,0
3720,0.00102085,0
3721,0.00069978,0
3722,0.00181496,0
3723,0.00219567,0
3724,0.00235027,0
3725,0.00384344,0
3726,0.00317509,0
3727,0.00405576,0
3728,0.00510480,0
3729,0.00200878,0
3730,0.00306775,0
3731,0.00156572,0
3732,0.01333813,0
3733,0.00108646,0
3734,0.00219545,0
3735,0.00106492,0
3736,0.00072049,0
3737,0.00195800,0
3738,0.00224554,0
3739,0.00291296,0
3740,0.00453844,0
3741,0.00228843,0
3742,0.02101459,0
3743,0.00124759,0
3744,0.01239276,0
3745,0.00073776,0
3746,0.00207133,0
3747,0.00111363,0
3748,0.00066622,0
3749,0.00199703,0
3750,0.00207056,0
3751,0.00242568,0
3752,0.00363002,0
3753,0.00331870,0
3754,0.00398867,0
3755,0.00511135,0
3756,0.00188493,0
3757,0.00250563,0
3758,0.00150952,0
3759,0.01284600,0
3760,0.00105465,0
3761,0.00220375,0
3762,0.00100863,0
3763,0.00071705,0
3764,0.00200132,0
3765,0.00200990,0
3766,0.00287755,0
3767,0.00447984,0
3768,0.00224938,0
3769,0.02028524,0
3770,0.00122487,0
3771,0.01227329,0
3772,0.00081819,0
3773,0.00192403,0
3774,0.00108053,0
3775,0.00064294,0
3776,0.00187856,0
3777,0.00201647,0
3778,0.00243782,0
3779,0.00336369,0
3780,0.00313146,0
3781,0.00359710,0
3782,0.00520787,0
3783,0.00187399,0
3784,0.00231296,0
3785,0.00147289,0
3786,0.01259481,0
3787,0.00099875,0
3788,0.00209732,0
3789,0.00102575,0
3790,0.00070596,0
3791,0.00200167,0
3792,0.00205130,0
3793,0.00279164,0
3794,0.00458714,0
3795,0.00213941,0
3796,0.01962899,0
3797,0.00116263,0
3798,0.01258781,0
3799,0.00074332,0
3800,0.00179062,0
3801,0.00107702,0
3802,0.00065008,0
3803,0.00193964,0
3804,0.00197308,0
3805,0.00242337,0
3806,0.00381963,0
3807,0.00296416,0
3808,0.00408585,0
3809,0.00532768,0
3810,0.00184073,0
3811,0.00237229,0
3812,0.00141811,0
3813,0.01261012,0
3814,0.00097496,0
3815,0.00213699,0
3816,0.00106287,0
3817,0.00070827,0
3818,0.00186456,0
3819,0.00209285,0
3820,0.00280595,0
3821,0.00484832,0
3822,0.00229057,0
3823,0.01974145,0
3824,0.00112634,0
3825,0.01341839,0
3826,0.00079986,0
3827,0.00189456,0
3828,0.00104227,0
3829,0.00065228,0
3830,0.00170752,0
3831,0.00185634,0
3832,0.00233644,0
3833,0.00358334,0
3834,0.00322067,0
3835,0.00377656,0
3836,0.00515385,0
3837,0.00182690,0
3838,0.00268175,0
3839,0.00140647,0
3840,0.01250658,0
3841,0.00100331,0
3842,0.00217166,0
3843,0.00107090,0
3844,0.00066625,0
3845,0.00176036,0
3846,0.00216225,0
3847,0.00279502,0
3848,0.00408535,0
3849,0.00220039,0
3850,0.02010936,0
3851,0.00124634,0
3852,0.01240237,0
3853,0.00081633,0
3854,0.00185730,0
3855,0.00107128,0
3856,0.00068060,0
3857,0.00181986,0
3858,0.00193470,0
3859,0.00232493,0
3860,0.00374621,0
3861,0.00325910,0
3862,0.00388971,0
3863,0.00555729,0
3864,0.00190756,0
3865,0.00308231,0
3866,0.00137504,0
3867,0.01209594,0
3868,0.00102851,0
3869,0.00229511,0
3870,0.00107009,0
3871,0.00073251,0
3872,0.00179282,0
3873,0.00202978,0
3874,0.00267275,0
3875,0.00319283,0
3876,0.00211143,0
3877,0.02208935,0
3878,0.00120410,0
3879,0.01327929,0
3880,0.00073537,0
3881,0.00185594,0
3882,0.00108538,0
3883,0.00067795,0
3884,0.00181239,0
3885,0.00197648,0
3886,0.00241722,0
3887,0.00353832,0
3888,0.00325903,0
3889,0.00374252,0
3890,0.00534261,0
3891,0.00187691,0
3892,0.00239243,0
3893,0.00143639,0
3894,0.01324921,0
3895,0.00100011,0
3896,0.00226288,0
3897,0.00108870,0
3898,0.00069621,0
3899,0.00189976,0
3900,0.00214609,0
3901,0.00271244,0
3902,0.00415982,0
3903,0.00234518,0
3904,0.02137935,0
3905,0.00117336,0
3906,0.01332451,0
3907,0.00076345,0
3908,0.00191681,0
3909,0.00108188,0
3910,0.00069665,0
3911,0.00189532,0
3912,0.00198897,0
3913,0.00240398,0
3914,0.00381515,0
3915,0.00317306,0
3916,0.00379883,0
3917,0.00540221,0
3918,0.00166701,0
3919,0.00288277,0
3920,0.00132418,0
3921,0.01336389,0
3922,0.00097978,0
3923,0.00238553,0
3924,0.00110590,0
3925,0.00071534,0
3926,0.00173895,0
3927,0.00209654,0
3928,0.00283809,0
3929,0.00436265,0
3930,0.00233462,0
3931,0.02124129,0
3932,0.00123406,0
3933,0.01276138,0
3934,0.00075103,0
3935,0.00199395,0
3936,0.00097930,0
3937,0.00066834,0
3938,0.00179322,0
3939,0.00203701,0
3940,0.00222202,0
3941,0.00397237,0
3942,0.00326638,0
3943,0.00377890,0
3944,0.00549015,0
3945,0.00183955,0
3946,0.00270026,0
3947,0.00144374,0
3948,0.01274993,0
3949,0.00096961,0
3950,0.00226609,0
3951,0.00117613,0
3952,0.00067462,0
3953,0.00192296,0
3954,0.00218557,0
3955,0.00289358,0
3956,0.00449058,0
3957,0.00220394,0
3958,0.02125322,0
3959,0.00121677,0
3960,0.01272220,0
3961,0.00077643,0
3962,0.00204375,0
3963,0.00109624,0
3964,0.00066005,0
3965,0.00190837,0
3966,0.00219200,0
3967,0.00235683,0
3968,0.00391724,0
3969,0.00324923,0
3970,0.00384455,0
3971,0.00569152,0
3972,0.00188218,0
3973,0.00334358,0
3974,0.00151898,0
3975,0.01250388,0
3976,0.00102746,0
3977,0.00234564,0
3978,0.00109227,0
3979,0.00068471,0
3980,0.00205889,0
3981,0.00223503,0
3982,0.00279798,0
3983,0.00422232,0
3984,0.00227452,0
3985,0.02268327,0
3986,0.00125487,0
3987,0.01229242,0
3988,0.00072113,0
3989,0.00189060,0
3990,0.00112874,0
3991,0.00066023,0
3992,0.00177942,0
3993,0.00207613,0
3994,0.00239953,0
3995,0.00383558,0
3996,0.00328328,0
3997,0.00380868,0
3998,0.00577007,0
3999,0.00174818,0
4000,0.00217460,0
4001,0.00137326,0
4002,0.01269035,0
4003,0.00107698,0
4004,0.00231525,0
4005,0.00116582,0
4006,0.00069537,0
4007,0.00188511,0
4008,0.00212676,0
4009,0.00272005,0
4010,0.00463315,0
4011,0.00215151,0
4012,0.02087766,0
4013,0.00126049,0
4014,0.01259812,0
4015,0.00072935,0
4016,0.00198765,0
4017,0.00111351,0
4018,0.00063369,0
4019,0.00181611,0
4020,0.00202408,0
4021,0.00233403,0
4022,0.00349990,0
4023,0.00312759,0
4024,0.00356693,0
4025,0.00537977,0
4026,0.00188347,0
4027,0.00326224,0
4028,0.00136289,0
4029,0.01290400,0
4030,0.00098961,0
4031,0.00226790,0
4032,0.00110906,0
4033,0.00068758,0
4034,0.00181768,0
4035,0.00210159,0
4036,0.00258974,0
4037,0.00398174,0
4038,0.00230157,0
4039,0.02004682,0
4040,0.00120930,0
4041,0.01323551,0
4042,0.00078562,0
4043,0.00191820,0
4044,0.00108764,0
4045,0.00064294,0
4046,0.00178656,0
4047,0.00197343,0
4048,0.00206128,0
4049,0.00393651,0
4050,0.00310412,0
4051,0.00362531,0
4052,0.00525348,0
4053,0.00181816,0
4054,0.00482047,0
4055,0.00145385,0
4056,0.01321458,0
4057,0.00110884,0
4058,0.00220078,0
4059,0.00116548,0
4060,0.00068458,0
4061,0.00187802,0
4062,0.00213661,0
4063,0.00254133,0
4064,0.00407860,0
4065,0.00225544,0
4066,0.02142102,0
4067,0.00121637,0
4068,0.01278794,0
4069,0.00074891,0
4070,0.00191947,0
4071,0.00111706,0
4072,0.00066040,0
4073,0.00177420,0
4074,0.00202820,0
4075,0.00221281,0
4076,0.00414458,0
4077,0.00312271,0
4078,0.00350456,0
4079,0.00515571,0
4080,0.00185803,0
4081,0.00192659,0
4082,0.00142389,0
4083,0.01242166,0
4084,0.00091713,0
4085,0.00215995,0
4086,0.00110775,0
4087,0.00069978,0
4088,0.00186196,0
4089,0.00203919,0
4090,0.00269282,0
4091,0.00445095,0
4092,0.00218441,0
4093,0.02215307,0
4094,0.00129310,0
4095,0.01272959,0
4096,0.00079083,0
4097,0.00180069,0
4098,0.00102285,0
4099,0.00061381,0
4100,0.00189239,0
4101,0.00193430,0
4102,0.00209867,0
4103,0.00371347,0
4104,0.00299892,0
4105,0.00354050,0
4106,0.00534621,0
4107,0.00172632,0
4108,0.00219543,0
4109,0.00136064,0
4110,0.01257072,0
4111,0.00106628,0
4112,0.00221447,0
4113,0.00126317,0
4114,0.00070784,0
4115,0.00195269,0
4116,0.00209671,0
4117,0.00261783,0
4118,0.00479316,0
4119,0.00209333,0
4120,0.02153942,0
4121,0.00122913,0
4122,0.01283499,0
4123,0.00076106,0
4124,0.00194096,0
4125,0.00125600,0
4126,0.00064187,0
4127,0.00177568,0
4128,0.00214179,0
4129,0.00231506,0
4130,0.00430855,0
4131,0.00313913,0
4132,0.00359161,0
4133,0.00569028,0
4134,0.00186822,0
4135,0.00274089,0
4136,0.00142108,0
4137,0.01294729,0
4138,0.00106081,0
4139,0.00221825,0
4140,0.00119509,0
4141,0.00069912,0
4142,0.00188986,0
4143,0.00230850,0
4144,0.00271557,0
4145,0.00420656,0
4146,0.00222986,0
4147,0.02257880,0
4148,0.00123894,0
4149,0.01295390,0
4150,0.00075773,0
4151,0.00189884,0
4152,0.00113919,0
4153,0.00070764,0
4154,0.00191798,0
4155,0.00208204,0
4156,0.00224161,0
4157,0.00383645,0
4158,0.00331389,0
4159,0.00362385,0
4160,0.00551876,0
4161,0.00174538,0
4162,0.00225630,0
4163,0.00145877,0
4164,0.01330509,0
4165,0.00106833,0
4166,0.00227404,0
4167,0.00122445,0
4168,0.00069407,0
4169,0.00192921,0
4170,0.00228180,0
4171,0.00266552,0
4172,0.00397496,0
4173,0.00232154,0
4174,0.02201683,0
4175,0.00121327,0
4176,0.01244358,0
4177,0.00076017,0
4178,0.00187021,0
4179,0.00124483,0
4180,0.00066638,0
4181,0.00188700,0
4182,0.00203634,0
4183,0.00236855,0
4184,0.00358006,0
4185,0.00310796,0
4186,0.00355839,0
4187,0.00542339,0
4188,0.00170014,0
4189,0.00426072,0
4190,0.00137533,0
4191,0.01255604,0
4192,0.00099202,0
4193,0.00220249,0
4194,0.00114475,0
4195,0.00067824,0
4196,0.00174115,0
4197,0.00204950,0
4198,0.00259178,0
4199,0.00398261,0
4200,0.00222103,0
4201,0.02259143,0
4202,0.00117126,0
4203,0.01288295,0
4204,0.00074092,0
4205,0.00188185,0
4206,0.00109684,0
4207,0.00066391,0
4208,0.00177769,0
4209,0.00202773,0
4210,0.00219586,0
4211,0.00382296,0
4212,0.00299819,0
4213,0.00345696,0
4214,0.00532175,0
4215,0.00180463,0
4216,0.00598292,0
4217,0.00140745,0
4218,0.01207533,0
4219,0.00105001,0
4220,0.00215645,0
4221,0.00113099,0
4222,0.00064242,0
4223,0.00166716,0
4224,0.00201061,0
4225,0.00238093,0
4226,0.00390480,0
4227,0.00219858,0
4228,0.02176272,0
4229,0.00119255,0
4230,0.01286708,0
4231,0.00070915,0
4232,0.00191572,0
4233,0.00113887,0
4234,0.00062253,0
4235,0.00173966,0
4236,0.00195251,0
4237,0.00224783,0
4238,0.00414955,0
4239,0.00305194,0
4240,0.00349406,0
4241,0.00557538,0
4242,0.00180627,0
4243,0.00210687,0
4244,0.00136977,0
4245,0.01247248,0
4246,0.00102388,0
4247,0.00200342,0
4248,0.00118992,0
4249,0.00066665,0
4250,0.00177956,0
4251,0.00201657,0
4252,0.00241999,0
4253,0.00419604,0
4254,0.00207762,0
4255,0.02249545,0
4256,0.00113960,0
4257,0.01225464,0
4258,0.00068429,0
4259,0.00185675,0
4260,0.00113582,0
4261,0.00058772,0
4262,0.00155251,0
4263,0.00184834,0
4264,0.00199255,0
4265,0.00372688,0
4266,0.00287433,0
4267,0.00346284,0
4268,0.00493307,0
4269,0.00166303,0
4270,0.00187474,0
4271,0.00127124,0
4272,0.01251681,0
4273,0.00104849,0
4274,0.00205902,0
4275,0.00112005,0
4276,0.00064494,0
4277,0.00179793,0
4278,0.00203319,0
4279,0.00239780,0
4280,0.00429467,0
4281,0.00201307,0
4282,0.02069006,0
4283,0.00121002,0
4284,0.01250394,0
4285,0.00069099,0
4286,0.00179205,0
4287,0.00104360,0
4288,0.00056083,0
4289,0.00167716,0
4290,0.00179596,0
4291,0.00205547,0
4292,0.00399564,0
4293,0.00298657,0
4294,0.00336318,0
4295,0.00580217,0
4296,0.00160758,0
4297,0.00257784,0
4298,0.00134897,0
4299,0.01236983,0
4300,0.00092685,0
4301,0.00215467,0
4302,0.00109677,0
4303,0.00064090,0
4304,0.00167857,0
4305,0.00191469,0
4306,0.00235649,0
4307,0.00383529,0
4308,0.00206506,0
4309,0.02115728,0
4310,0.00111785,0
4311,0.01217790,0
4312,0.00069235,0
4313,0.00199776,0
4314,0.00105725,0
4315,0.00060519,0
4316,0.00158569,0
4317,0.00188425,0
4318,0.00204882,0
4319,0.00388716,0
4320,0.00301541,0
4321,0.00326101,0
4322,0.00524307,0
4323,0.00157732,0
4324,0.00179847,0
4325,0.00134072,0
4326,0.01174704,0
4327,0.00090308,0
4328,0.00197230,0
4329,0.00105477,0
4330,0.00066070,0
4331,0.00166934,0
4332,0.00193649,0
4333,0.00247223,0
4334,0.00388730,0
4335,0.00204541,0
4336,0.02111989,0
4337,0.00115618,0
4338,0.01305342,0
4339,0.00073354,0
4340,0.00173470,0
4341,0.00102589,0
4342,0.00059167,0
4343,0.00156338,0
4344,0.00183879,0
4345,0.00211188,0
4346,0.00361181,0
4347,0.00300572,0
4348,0.00321960,0
4349,0.00505686,0
4350,0.00161441,0
4351,0.00202982,0
4352,0.00126452,0
4353,0.01289216,0
4354,0.00095679,0
4355,0.00203641,0
4356,0.00109661,0
4357,0.00064471,0
4358,0.00168719,0
4359,0.00199203,0
4360,0.00245510,0
4361,0.00436135,0
4362,0.00197252,0
4363,0.02107976,0
4364,0.00124854,0
4365,0.01335144,0
4366,0.00071618,0
4367,0.00169489,0
4368,0.00113407,0
4369,0.00064302,0
4370,0.00170730,0
4371,0.00185616,0
4372,0.00210665,0
4373,0.00369936,0
4374,0.00284239,0
4375,0.00309896,0
4376,0.00521082,0
4377,0.00166073,0
4378,0.00229116,0
4379,0.00135655,0
4380,0.01309533,0
4381,0.00094371,0
4382,0.00206739,0
4383,0.00107097,0
4384,0.00067774,0
4385,0.00170603,0
4386,0.00194761,0
4387,0.00253743,0
4388,0.00435857,0
4389,0.00197877,0
4390,0.02074849,0
4391,0.00124538,0
4392,0.01307346,0
4393,0.00073070,0
4394,0.00180577,0
4395,0.00120102,0
4396,0.00060880,0
4397,0.00162417,0
4398,0.00194362,0
4399,0.00212007,0
4400,0.00403463,0
4401,0.00305693,0
4402,0.00345298,0
4403,0.00537340,0
4404,0.00173951,0
4405,0.00278887,0
4406,0.00142417,0
4407,0.01229238,0
4408,0.00089406,0
4409,0.00209026,0
4410,0.00117303,0
4411,0.00066893,0
4412,0.00169076,0
4413,0.00197659,0
4414,0.00256448,0
4415,0.00389237,0
4416,0.00199294,0
4417,0.02272042,0
4418,0.00124798,0
4419,0.01298352,0
4420,0.00070906,0
4421,0.00168152,0
4422,0.00111229,0
4423,0.00060518,0
4424,0.00165792,0
4425,0.00181909,0
4426,0.00207357,0
4427,0.00370802,0
4428,0.00284480,0
4429,0.00334423,0
4430,0.00563871,0
4431,0.00171910,0
4432,0.00183243,0
4433,0.00138054,0
4434,0.01275366,0
4435,0.00095020,0
4436,0.00202375,0
4437,0.00122645,0
4438,0.00061167,0
4439,0.00163480,0
4440,0.00192963,0
4441,0.00247837,0
4442,0.00434580,0
4443,0.00212048,0
4444,0.02163069,0
4445,0.00123198,0
4446,0.01382403,0
4447,0.00076341,0
4448,0.00173408,0
4449,0.00117567,0
4450,0.00063032,0
4451,0.00156788,0
4452,0.00181743,0
4453,0.00205211,0
4454,0.00387500,0
4455,0.00271433,0
4456,0.00338977,0
4457,0.00542983,0
4458,0.00168144,0
4459,0.00293566,0
4460,0.00141465,0
4461,0.01320857,0
4462,0.00098652,0
4463,0.00206813,0
4464,0.00116227,0
4465,0.00066935,0
4466,0.00162204,0
4467,0.00195213,0
4468,0.00262258,0
4469,0.00464555,0
4470,0.00219054,0
4471,0.02199254,0
4472,0.00128096,0
4473,0.01337881,0
4474,0.00081533,0
4475,0.00187533,0
4476,0.00109434,0
4477,0.00063489,0
4478,0.00166157,0
4479,0.00203526,0
4480,0.00222261,0
4481,0.00400484,0
4482,0.00284282,0
4483,0.00330538,0
4484,0.00537875,0
4485,0.00168377,0
4486,0.00231600,0
4487,0.00136068,0
4488,0.01360205,0
4489,0.00098529,0
4490,0.00210852,0
4491,0.00120735,0
4492,0.00066255,0
4493,0.00179979,0
4494,0.00204301,0
4495,0.00248481,0
4496,0.00401940,0
4497,0.00206509,0
4498,0.02236208,0
4499,0.00124305,0
4500,0.01292022,0
4501,0.00073678,0
4502,0.00174074,0
4503,0.00123939,0
4504,0.00060724,0
4505,0.00170462,0
4506,0.00199492,0
4507,0.00216685,0
4508,0.00375609,0
4509,0.00309633,0
4510,0.00324051,0
4511,0.00535694,0
4512,0.00173352,0
4513,0.00254695,0
4514,0.00136477,0
4515,0.01240010,0
4516,0.00096550,0
4517,0.00208423,0
4518,0.00120207,0
4519,0.00066483,0
4520,0.00169653,0
4521,0.00188237,0
4522,0.00261146,0
4523,0.00402399,0
4524,0.00198405,0
4525,0.02050437,0
4526,0.00115251,0
4527,0.01287389,0
4528,0.00074440,0
4529,0.00178912,0
4530,0.00122826,0
4531,0.00061712,0
4532,0.00170014,0
4533,0.00186360,0
4534,0.00225744,0
4535,0.00393578,0
4536,0.00285618,0
4537,0.00319711,0
4538,0.00477680,0
4539,0.00162301,0
4540,0.00216373,0
4541,0.00137931,0
4542,0.01266248,0
4543,0.00098233,0
4544,0.00202239,0
4545,0.00119759,0
4546,0.00066155,0
4547,0.00173796,0
4548,0.00195984,0
4549,0.00253134,0
4550,0.00373943,0
4551,0.00200913,0
4552,0.02009845,0
4553,0.00124974,0
4554,0.01339164,0
4555,0.00079973,0
4556,0.00194496,0
4557,0.00125174,0
4558,0.00060387,0
4559,0.00171164,0
4560,0.00193570,0
4561,0.00206035,0
4562,0.00379328,0
4563,0.00261129,0
4564,0.00322460,0
4565,0.00498684,0
4566,0.00168901,0
4567,0.00177865,0
4568,0.00130051,0
4569,0.01263586,0
4570,0.00084184,0
4571,0.00208863,0
4572,0.00117115,0
4573,0.00064165,0
4574,0.00174187,0
4575,0.00198444,0
4576,0.00234004,0
4577,0.00390608,0
4578,0.00195506,0
4579,0.02035014,0
4580,0.00118234,0
4581,0.01339445,0
4582,0.00075169,0
4583,0.00180478,0
4584,0.00111504,0
4585,0.00059184,0
4586,0.00168926,0
4587,0.00175933,0
4588,0.00203552,0
4589,0.00362536,0
4590,0.00258379,0
4591,0.00328798,0
4592,0.00512150,0
4593,0.00159497,0
4594,0.00194267,0
4595,0.00128709,0
4596,0.01261152,0
4597,0.00095794,0
4598,0.00210739,0
4599,0.00110331,0
4600,0.00062927,0
4601,0.00173850,0
4602,0.00191901,0
4603,0.00250869,0
4604,0.00424629,0
4605,0.00185537,0
4606,0.02193650,0
4607,0.00119553,0
4608,0.01328282,0
4609,0.00074350,0
4610,0.00187893,0
4611,0.00122741,0
4612,0.00059851,0
4613,0.00160234,0
4614,0.00199578,0
4615,0.00211960,0
4616,0.00351668,0
4617,0.00302433,0
4618,0.00331269,0
4619,0.00545488,0
4620,0.00164879,0
4621,0.00302871,0
4622,0.00134316,0
4623,0.01198051,0
4624,0.00099851,0
4625,0.00209113,0
4626,0.00119384,0
4627,0.00062701,0
4628,0.00158392,0
4629,0.00207979,0
4630,0.00233853,0
4631,0.00330686,0
4632,0.00185557,0
4633,0.02208634,0
4634,0.00118207,0
4635,0.01390118,0
4636,0.00072949,0
4637,0.00178177,0
4638,0.00125041,0
4639,0.00063593,0
4640,0.00172560,0
4641,0.00197785,0
4642,0.00205431,0
4643,0.00388559,0
4644,0.00294690,0
4645,0.00333858,0
4646,0.00548391,0
4647,0.00164141,0
4648,0.00406496,0
4649,0.00141681,0
4650,0.01239764,0
4651,0.00101986,0
4652,0.00202814,0
4653,0.00117572,0
4654,0.00062375,0
4655,0.00165531,0
4656,0.00199810,0
4657,0.00261695,0
4658,0.00378580,0
4659,0.00208390,0
4660,0.02064889,0
4661,0.00121224,0
4662,0.01255246,0
4663,0.00088008,0
4664,0.00172494,0
4665,0.00129059,0
4666,0.00061767,0
4667,0.00160996,0
4668,0.00190463,0
4669,0.00213098,0
4670,0.00346935,0
4671,0.00293582,0
4672,0.00340797,0
4673,0.00513241,0
4674,0.00155257,0
4675,0.00201305,0
4676,0.00139294,0
4677,0.01308097,0
4678,0.00096105,0
4679,0.00200923,0
4680,0.00116182,0
4681,0.00061924,0
4682,0.00166557,0
4683,0.00204644,0
4684,0.00232441,0
4685,0.00369627,0
4686,0.00195158,0
4687,0.02261023,0
4688,0.00117433,0
4689,0.01345757,0
4690,0.00074719,0
4691,0.00177886,0
4692,0.00125790,0
4693,0.00058633,0
4694,0.00154812,0
4695,0.00190661,0
4696,0.00189596,0
4697,0.00354826,0
4698,0.00287767,0
4699,0.00314392,0
4700,0.00518806,0
4701,0.00173357,0
4702,0.00224417,0
4703,0.00126218,0
4704,0.01189264,0
4705,0.00090106,0
4706,0.00197480,0
4707,0.00121123,0
4708,0.00059847,0
4709,0.00169499,0
4710,0.00206435,0
4711,0.00228944,0
4712,0.00376457,0
4713,0.00189965,0
4714,0.02024565,0
4715,0.00116006,0
4716,0.01252742,0
4717,0.00065517,0
4718,0.00169388,0
4719,0.00124615,0
4720,0.00058182,0
4721,0.00158618,0
4722,0.00193714,0
4723,0.00195588,0
4724,0.00398609,0
4725,0.00283904,0
4726,0.00330062,0
4727,0.00489580,0
4728,0.00159337,0
4729,0.00256998,0
4730,0.00119938,0
4731,0.01238015,0
4732,0.00090620,0
4733,0.00196447,0
4734,0.00114433,0
4735,0.00058367,0
4736,0.00160831,0
4737,0.00192320,0
4738,0.00230515,0
4739,0.00366100,0
4740,0.00182959,0
4741,0.02088110,0
4742,0.00109752,0
4743,0.01249803,0
4744,0.00072469,0
4745,0.00168781,0
4746,0.00114188,0
4747,0.00058345,0
4748,0.00148407,0
4749,0.00187537,0
4750,0.00187734,0
4751,0.00381766,0
4752,0.00284208,0
4753,0.00309886,0
4754,0.00480493,0
4755,0.00150954,0
4756,0.00178622,0
4757,0.00124249,0
4758,0.01229627,0
4759,0.00090141,0
4760,0.00201252,0
4761,0.00116222,0
4762,0.00060069,0
4763,0.00164156,0
4764,0.00186547,0
4765,0.00222413,0
4766,0.00421988,0
4767,0.00181908,0
4768,0.02164509,0
4769,0.00113877,0
4770,0.01296845,0
4771,0.00067815,0
4772,0.00176573,0
4773,0.00119749,0
4774,0.00058432,0
4775,0.00163839,0
4776,0.00194757,0
4777,0.00193299,0
4778,0.00373133,0
4779,0.00282955,0
4780,0.00317414,0
4781,0.00525595,0
4782,0.00154420,0
4783,0.00168731,0
4784,0.00125036,0
4785,0.01159469,0
4786,0.00087802,0
4787,0.00197628,0
4788,0.00110002,0
4789,0.00055907,0
4790,0.00160955,0
4791,0.00182818,0
4792,0.00229457,0
4793,0.00377446,0
4794,0.00177927,0
4795,0.02289614,0
4796,0.00115908,0
4797,0.01224829,0
4798,0.00071322,0
4799,0.00179489,0
4800,0.00119042,0
4801,0.00055611,0
4802,0.00159246,0
4803,0.00185828,0
4804,0.00199195,0
4805,0.00365788,0
4806,0.00274064,0
4807,0.00320638,0
4808,0.00484609,0
4809,0.00154186,0
4810,0.00213978,0
4811,0.00126548,0
4812,0.01175045,0
4813,0.00085287,0
4814,0.00192604,0
4815,0.00110686,0
4816,0.00061753,0
4817,0.00159023,0
4818,0.00189111,0
4819,0.00222305,0
4820,0.00366916,0
4821,0.00179635,0
4822,0.02218268,0
4823,0.00112764,0
4824,0.01171377,0
4825,0.00069566,0
4826,0.00171295,0
4827,0.00114449,0
4828,0.00053923,0
4829,0.00152415,0
4830,0.00178537,0
4831,0.00189802,0
4832,0.00389186,0
4833,0.00277888,0
4834,0.00333805,0
4835,0.00475097,0
4836,0.00146930,0
4837,0.00190327,0
4838,0.00117238,0
4839,0.01155973,0
4840,0.00087327,0
4841,0.00193592,0
4842,0.00119520,0
4843,0.00060324,0
4844,0.00149360,0
4845,0.00181516,0
4846,0.00226777,0
4847,0.00361156,0
4848,0.00181025,0
4849,0.02231889,0
4850,0.00114082,0
4851,0.01212544,0
4852,0.00071456,0
4853,0.00178952,0
4854,0.00112542,0
4855,0.00054216,0
4856,0.00150850,0
4857,0.00178551,0
4858,0.00202401,0
4859,0.00361545,0
4860,0.00265718,0
4861,0.00290162,0
4862,0.00492377,0
4863,0.00143546,0
4864,0.00177879,0
4865,0.00119993,0
4866,0.01195070,0
4867,0.00086463,0
4868,0.00194048,0
4869,0.00121901,0
4870,0.00058561,0
4871,0.00152171,0
4872,0.00188989,0
4873,0.00229891,0
4874,0.00387199,0
4875,0.00171866,0
4876,0.02234783,0
4877,0.00112550,0
4878,0.01238242,0
4879,0.00074435,0
4880,0.00159372,0
4881,0.00113180,0
4882,0.00055226,0
4883,0.00149136,0
4884,0.00180868,0
4885,0.00192713,0
4886,0.00424765,0
4887,0.00272834,0
4888,0.00335015,0
4889,0.00508610,0
4890,0.00148371,0
4891,0.00256209,0
4892,0.00116427,0
4893,0.01192600,0
4894,0.00086253,0
4895,0.00191871,0
4896,0.00117447,0
4897,0.00060653,0
4898,0.00149991,0
4899,0.00188649,0
4900,0.00223426,0
4901,0.00363180,0
4902,0.00192929,0
4903,0.02335410,0
4904,0.00117235,0
4905,0.01198305,0
4906,0.00067043,0
4907,0.00167770,0
4908,0.00116331,0
4909,0.00057186,0
4910,0.00152176,0
4911,0.00168598,0
4912,0.00201444,0
4913,0.00373738,0
4914,0.00262019,0
4915,0.00317376,0
4916,0.00485050,0
4917,0.00142217,0
4918,0.00176777,0
4919,0.00112950,0
4920,0.01167106,0
4921,0.00089967,0
4922,0.00191864,0
4923,0.00124401,0
4924,0.00059171,0
4925,0.00140248,0
4926,0.00186691,0
4927,0.00225490,0
4928,0.00388352,0
4929,0.00192733,0
4930,0.02171230,0
4931,0.00114940,0
4932,0.01175167,0
4933,0.00065311,0
4934,0.00163019,0
4935,0.00118816,0
4936,0.00055179,0
4937,0.00142606,0
4938,0.00181358,0
4939,0.00189956,0
4940,0.00344256,0
4941,0.00270352,0
4942,0.00320570,0
4943,0.00524718,0
4944,0.00147402,0
4945,0.00310557,0
4946,0.00112710,0
4947,0.01095455,0
4948,0.00089369,0
4949,0.00185925,0
4950,0.00109306,0
4951,0.00056677,0
4952,0.00139370,0
4953,0.00181799,0
4954,0.00226377,0
4955,0.00363767,0
4956,0.00175451,0
4957,0.02209462,0
4958,0.00107983,0
4959,0.01166052,0
4960,0.00072119,0
4961,0.00165319,0
4962,0.00117036,0
4963,0.00054594,0
4964,0.00144834,0
4965,0.00157727,0
4966,0.00185470,0
4967,0.00337089,0
4968,0.00253958,0
4969,0.00309816,0
4970,0.00519176,0
4971,0.00145100,0
4972,0.00369309,0
4973,0.00118189,0
4974,0.01122359,0
4975,0.00087231,0
4976,0.00189691,0
4977,0.00111191,0
4978,0.00055391,0
4979,0.00145863,0
4980,0.00191599,0
4981,0.00218916,0
4982,0.00357363,0
4983,0.00182247,0
4984,0.02252745,0
4985,0.00110060,0
4986,0.01192339,0
4987,0.00069741,0
4988,0.00167171,0
4989,0.00107363,0
4990,0.00053686,0
4991,0.00147001,0
4992,0.00169956,0
4993,0.00183297,0
4994,0.00371393,0
4995,0.00259638,0
4996,0.00319446,0
4997,0.00531283,0
4998,0.00148054,0
4999,0.00273753,0
5000,0.00106454,0
5001,0.01123104,0
5002,0.00088472,0
5003,0.00178212,0
5004,0.00111271,0
5005,0.00056790,0
5006,0.00140630,0
5007,0.00186959,0
5008,0.00222046,0
5009,0.00384190,0
5010,0.00180717,0
5011,0.02331317,0
5012,0.00110363,0
5013,0.01159230,0
5014,0.00073613,0
5015,0.00162011,0
5016,0.00103505,0
5017,0.00051703,0
5018,0.00138183,0
5019,0.00159034,0
5020,0.00180228,0
5021,0.00331065,0
5022,0.00265022,0
5023,0.00301492,0
5024,0.00514097,0
5025,0.00149156,0
5026,0.00173674,0
5027,0.00117799,0
5028,0.01117293,0
5029,0.00089537,0
5030,0.00184077,0
5031,0.00116183,0
5032,0.00056921,0
5033,0.00136430,0
5034,0.00181588,0
5035,0.00214379,0
5036,0.00362988,0
5037,0.00173886,0
5038,0.02256235,0
5039,0.00112420,0
5040,0.01143742,0
5041,0.00067560,0
5042,0.00158757,0
5043,0.00112490,0
5044,0.00053313,0
5045,0.00142176,0
5046,0.00178456,0
5047,0.00179938,0
5048,0.00359858,0
5049,0.00254158,0
5050,0.00295245,0
5051,0.00486468,0
5052,0.00162409,0
5053,0.00265520,0
5054,0.00111388,0
5055,0.01168218,0
5056,0.00086112,0
5057,0.00182757,0
5058,0.00120891,0
5059,0.00054061,0
5060,0.00142282,0
5061,0.00175840,0
5062,0.00204787,0
5063,0.00344344,0
5064,0.00175382,0
5065,0.02466583,0
5066,0.00109347,0
5067,0.01179255,0
5068,0.00069233,0
5069,0.00157997,0
5070,0.00113023,0
5071,0.00053931,0
5072,0.00135210,0
5073,0.00158580,0
5074,0.00182777,0
5075,0.00360032,0
5076,0.00263586,0
5077,0.00288975,0
5078,0.00495829,0
5079,0.00154539,0
5080,0.00199471,0
5081,0.00115562,0
5082,0.01128939,0
5083,0.00092163,0
5084,0.00183809,0
5085,0.00116403,0
5086,0.00057242,0
5087,0.00133472,0
5088,0.00171537,0
5089,0.00217000,0
5090,0.00331629,0
5091,0.00182335,0
5092,0.02420350,0
5093,0.00112574,0
5094,0.01231151,0
5095,0.00068259,0
5096,0.00163822,0
5097,0.00112108,0
5098,0.00053940,0
5099,0.00147117,0
5100,0.00172189,0
5101,0.00189627,0
5102,0.00341034,0
5103,0.00257269,0
5104,0.00314906,0
5105,0.00516165,0
5106,0.00156167,0
5107,0.00217526,0
5108,0.00123235,0
5109,0.01127277,0
5110,0.00089503,0
5111,0.00187092,0
5112,0.00114447,0
5113,0.00053707,0
5114,0.00143482,0
5115,0.00187006,0
5116,0.00226087,0
5117,0.00399239,0
5118,0.00185361,0
5119,0.02253521,0
5120,0.00118963,0
5121,0.01176150,0
5122,0.00070851,0
5123,0.00163055,0
5124,0.00110861,0
5125,0.00054820,0
5126,0.00141703,0
5127,0.00181717,0
5128,0.00201800,0
5129,0.00419897,0
5130,0.00269757,0
5131,0.00326788,0
5132,0.00535621,0
5133,0.00163673,0
5134,0.00212327,0
5135,0.00126776,0
5136,0.01212242,0
5137,0.00089278,0
5138,0.00185282,0
5139,0.00121156,0
5140,0.00060997,0
5141,0.00142432,0
5142,0.00203349,0
5143,0.00230304,0
5144,0.00385975,0
5145,0.00178281,0
5146,0.02202527,0
5147,0.00117543,0
5148,0.01243629,0
5149,0.00073407,0
5150,0.00179699,0
5151,0.00109588,0
5152,0.00055460,0
5153,0.00151479,0
5154,0.00187545,0
5155,0.00192680,0
5156,0.00402292,0
5157,0.00286231,0
5158,0.00302116,0
5159,0.00510331,0
5160,0.00175439,0
5161,0.00264191,0
5162,0.00125399,0
5163,0.01194239,0
5164,0.00094504,0
5165,0.00195122,0
5166,0.00119113,0
5167,0.00055837,0
5168,0.00150476,0
5169,0.00202008,0
5170,0.00229947,0
5171,0.00394431,0
5172,0.00186069,0
5173,0.02253011,0
5174,0.00112539,0
5175,0.01200668,0
5176,0.00075274,0
5177,0.00167553,0
5178,0.00118642,0
5179,0.00059263,0
5180,0.00147487,0
5181,0.00173011,0
5182,0.00191489,0
5183,0.00399414,0
5184,0.00273613,0
5185,0.00318467,0
5186,0.00500232,0
5187,0.00157979,0
5188,0.00169453,0
5189,0.00125797,0
5190,0.01230894,0
5191,0.00107467,0
5192,0.00195928,0
5193,0.00110386,0
5194,0.00054658,0
5195,0.00143527,0
5196,0.00191317,0
5197,0.00224401,0
5198,0.00320662,0
5199,0.00185659,0
5200,0.02347449,0
5201,0.00114533,0
5202,0.01179003,0
5203,0.00077957,0
5204,0.00167879,0
5205,0.00114983,0
5206,0.00055500,0
5207,0.00143541,0
5208,0.00173967,0
5209,0.00204133,0
5210,0.00379320,0
5211,0.00261975,0
5212,0.00310719,0
5213,0.00488911,0
5214,0.00157923,0
5215,0.00265717,0
5216,0.00127888,0
5217,0.01147980,0
5218,0.00103941,0
5219,0.00192595,0
5220,0.00109519,0
5221,0.00056048,0
5222,0.00147433,0
5223,0.00186466,0
5224,0.00219642,0
5225,0.00343199,0
5226,0.00189902,0
5227,0.02315657,0
5228,0.00112791,0
5229,0.01177316,0
5230,0.00081483,0
5231,0.00161105,0
5232,0.00110395,0
5233,0.00053514,0
5234,0.00155677,0
5235,0.00175299,0
5236,0.00190713,0
5237,0.00375975,0
5238,0.00262896,0
5239,0.00320303,0
5240,0.00507592,0
5241,0.00148830,0
5242,0.00205473,0
5243,0.00124363,0
5244,0.01184381,0
5245,0.00096764,0
5246,0.00183267,0
5247,0.00118600,0
5248,0.00052421,0
5249,0.00147650,0
5250,0.00180169,0
5251,0.00199853,0
5252,0.00360044,0
5253,0.00183393,0
5254,0.02187958,0
5255,0.00115219,0
5256,0.01159420,0
5257,0.00075314,0
5258,0.00159810,0
5259,0.00119224,0
5260,0.00058489,0
5261,0.00166784,0
5262,0.00175975,0
5263,0.00185617,0
5264,0.00319563,0
5265,0.00275756,0
5266,0.00315582,0
5267,0.00507467,0
5268,0.00151272,0
5269,0.00173034,0
5270,0.00121322,0
5271,0.01148390,0
5272,0.00107584,0
5273,0.00189086,0
5274,0.00112125,0
5275,0.00056425,0
5276,0.00152484,0
5277,0.00183950,0
5278,0.00224167,0
5279,0.00394801,0
5280,0.00180672,0
5281,0.02111034,0
5282,0.00116924,0
5283,0.01192976,0
5284,0.00075618,0
5285,0.00156721,0
5286,0.00112188,0
5287,0.00057778,0
5288,0.00153188,0
5289,0.00175902,0
5290,0.00194393,0
5291,0.00390906,0
5292,0.00271207,0
5293,0.00321617,0
5294,0.00482367,0
5295,0.00150335,0
5296,0.00210768,0
5297,0.00127489,0
5298,0.01144727,0
5299,0.00101567,0
5300,0.00187306,0
5301,0.00110501,0
5302,0.00054704,0
5303,0.00143703,0
5304,0.00186516,0
5305,0.00211754,0
5306,0.00352672,0
5307,0.00178784,0
5308,0.02301072,0
5309,0.00110118,0
5310,0.01206438,0
5311,0.00080992,0
5312,0.00166716,0
5313,0.00113188,0
5314,0.00055969,0
5315,0.00160229,0
5316,0.00183726,0
5317,0.00186886,0
5318,0.00374639,0
5319,0.00264660,0
5320,0.00317838,0
5321,0.00508198,0
5322,0.00143234,0
5323,0.00202966,0
5324,0.00124207,0
5325,0.01186903,0
5326,0.00099748,0
5327,0.00186150,0
5328,0.00116255,0
5329,0.00058093,0
5330,0.00155888,0
5331,0.00182212,0
5332,0.00213060,0
5333,0.00356815,0
5334,0.00188525,0
5335,0.02287519,0
5336,0.00112621,0
5337,0.01149892,0
5338,0.00074505,0
5339,0.00167035,0
5340,0.00116891,0
5341,0.00056601,0
5342,0.00148878,0
5343,0.00182154,0
5344,0.00189543,0
5345,0.00356292,0
5346,0.00276238,0
5347,0.00312018,0
5348,0.00459185,0
5349,0.00151181,0
5350,0.00146769,0
5351,0.00116318,0
5352,0.01095019,0
5353,0.00100147,0
5354,0.00192431,0
5355,0.00112706,0
5356,0.00054813,0
5357,0.00146617,0
5358,0.00182981,0
5359,0.00216540,0
5360,0.00410256,0
5361,0.00174881,0
5362,0.02348320,0
5363,0.00114463,0
5364,0.01168283,0
5365,0.00082204,0
5366,0.00158028,0
5367,0.00115512,0
5368,0.00057960,0
5369,0.00154416,0
5370,0.00170580,0
5371,0.00189034,0
5372,0.00328185,0
5373,0.00265922,0
5374,0.00298292,0
5375,0.00516644,0
5376,0.00152428,0
5377,0.00260886,0
5378,0.00119972,0
5379,0.01086868,0
5380,0.00092586,0
5381,0.00189693,0
5382,0.00114723,0
5383,0.00055162,0
5384,0.00155797,0
5385,0.00180854,0
5386,0.00216049,0
5387,0.00330696,0
5388,0.00180165,0
5389,0.02215509,0
5390,0.00118123,0
5391,0.01151441,0
5392,0.00077022,0
5393,0.00158671,0
5394,0.00116073,0
5395,0.00060991,0
5396,0.00154508,0
5397,0.00185566,0
5398,0.00192523,0
5399,0.00340652,0
5400,0.00285881,0
5401,0.00301036,0
5402,0.00524604,0
5403,0.00147324,0
5404,0.00224591,0
5405,0.00130358,0
5406,0.01146492,0
5407,0.00102320,0
5408,0.00191438,0
5409,0.00120657,0
5410,0.00058831,0
5411,0.00146078,0
5412,0.00192400,0
5413,0.00214110,0
5414,0.00357937,0
5415,0.00178038,0
5416,0.02266423,0
5417,0.00116058,0
5418,0.01082155,0
5419,0.00081591,0
5420,0.00174423,0
5421,0.00117703,0
5422,0.00061395,0
5423,0.00151939,0
5424,0.00185900,0
5425,0.00190907,0
5426,0.00349834,0
5427,0.00274946,0
5428,0.00329790,0
5429,0.00556054,0
5430,0.00151009,0
5431,0.00211438,0
5432,0.00123841,0
5433,0.01070408,0
5434,0.00103226,0
5435,0.00188343,0
5436,0.00115270,0
5437,0.00061219,0
5438,0.00149248,0
5439,0.00199740,0
5440,0.00226074,0
5441,0.00374126,0
5442,0.00189618,0
5443,0.02246864,0
5444,0.00125304,0
5445,0.01196285,0
5446,0.00083319,0
5447,0.00168038,0
5448,0.00116010,0
5449,0.00057618,0
5450,0.00163966,0
5451,0.00167451,0
5452,0.00198233,0
5453,0.00357713,0
5454,0.00263094,0
5455,0.00317919,0
5456,0.00526250,0
5457,0.00150637,0
5458,0.00189254,0
5459,0.00125821,0
5460,0.01090529,0
5461,0.00102297,0
5462,0.00188329,0
5463,0.00113999,0
5464,0.00061329,0
5465,0.00144292,0
5466,0.00198246,0
5467,0.00225905,0
5468,0.00407119,0
5469,0.00186340,0
5470,0.02215829,0
5471,0.00116073,0
5472,0.01128867,0
5473,0.00079402,0
5474,0.00170318,0
5475,0.00114095,0
5476,0.00059543,0
5477,0.00150203,0
5478,0.00192963,0
5479,0.00200372,0
5480,0.00369275,0
5481,0.00265972,0
5482,0.00297652,0
5483,0.00528963,0
5484,0.00146158,0
5485,0.00213438,0
5486,0.00124410,0
5487,0.01169525,0
5488,0.00100322,0
5489,0.00201845,0
5490,0.00118129,0
5491,0.00057361,0
5492,0.00146466,0
5493,0.00185689,0
5494,0.00217034,0
5495,0.00396383,0
5496,0.00191345,0
5497,0.02294835,0
5498,0.00106784,0
5499,0.01153388,0
5500,0.00079376,0
5501,0.00158088,0
5502,0.00108862,0
5503,0.00056057,0
5504,0.00153409,0
5505,0.00181039,0
5506,0.00191195,0
5507,0.00348973,0
5508,0.00278105,0
5509,0.00302728,0
5510,0.00529775,0
5511,0.00138259,0
5512,0.00212823,0
5513,0.00114395,0
5514,0.01086225,0
5515,0.00096668,0
5516,0.00181194,0
5517,0.00116200,0
5518,0.00057082,0
5519,0.00145624,0
5520,0.00181572,0
5521,0.00208851,0
5522,0.00379192,0
5523,0.00176162,0
5524,0.02367781,0
5525,0.00117184,0
5526,0.01115598,0
5527,0.00072729,0
5528,0.00164627,0
5529,0.00113701,0
5530,0.00057043,0
5531,0.00151213,0
5532,0.00176679,0
5533,0.00179240,0
5534,0.00344400,0
5535,0.00261768,0
5536,0.00325508,0
5537,0.00520475,0
5538,0.00152611,0
5539,0.00233286,0
5540,0.00114203,0
5541,0.01079036,0
5542,0.00090975,0
5543,0.00185077,0
5544,0.00111701,0
5545,0.00058723,0
5546,0.00148384,0
5547,0.00187299,0
5548,0.00217571,0
5549,0.00322230,0
5550,0.00183832,0
5551,0.02190165,0
5552,0.00116498,0
5553,0.01208832,0
5554,0.00081833,0
5555,0.00167784,0
5556,0.00126871,0
5557,0.00060018,0
5558,0.00155539,0
5559,0.00189689,0
5560,0.00191822,0
5561,0.00353616,0
5562,0.00269001,0
5563,0.00293155,0
5564,0.00498643,0
5565,0.00150239,0
5566,0.00175899,0
5567,0.00124208,0
5568,0.01119285,0
5569,0.00102798,0
5570,0.00177138,0
5571,0.00111351,0
5572,0.00059228,0
5573,0.00143520,0
5574,0.00189869,0
5575,0.00222940,0
5576,0.00384140,0
5577,0.00187061,0
5578,0.02131833,0
5579,0.00110235,0
5580,0.01152331,0
5581,0.00073329,0
5582,0.00157864,0
5583,0.00106667,0
5584,0.00058253,0
5585,0.00144442,0
5586,0.00171831,0
5587,0.00186204,0
5588,0.00352370,0
5589,0.00266800,0
5590,0.00301909,0
5591,0.00524499,0
5592,0.00141011,0
5593,0.00167554,0
5594,0.00122389,0
5595,0.01135029,0
5596,0.00101268,0
5597,0.00184534,0
5598,0.00116112,0
5599,0.00059962,0
5600,0.00146984,0
5601,0.00188087,0
5602,0.00222438,0
5603,0.00392301,0
5604,0.00180133,0
5605,0.02146609,0
5606,0.00115384,0
5607,0.01133661,0
5608,0.00078540,0
5609,0.00165324,0
5610,0.00111095,0
5611,0.00056322,0
5612,0.00149145,0
5613,0.00171240,0
5614,0.00188118,0
5615,0.00335329,0
5616,0.00300441,0
5617,0.00302292,0
5618,0.00505065,0
5619,0.00143528,0
5620,0.00176796,0
5621,0.00126490,0
5622,0.01146637,0
5623,0.00110944,0
5624,0.00205415,0
5625,0.00117328,0
5626,0.00059550,0
5627,0.00147092,0
5628,0.00187279,0
5629,0.00219877,0
5630,0.00378207,0
5631,0.00188267,0
5632,0.02411822,0
5633,0.00116497,0
5634,0.01166613,0
5635,0.00076170,0
5636,0.00158732,0
5637,0.00114665,0
5638,0.00063055,0
5639,0.00149525,0
5640,0.00183928,0
5641,0.00205573,0
5642,0.00363923,0
5643,0.00282278,0
5644,0.00308729,0
5645,0.00513334,0
5646,0.00147192,0
5647,0.00277927,0
5648,0.00121647,0
5649,0.01140079,0
5650,0.00101464,0
5651,0.00198071,0
5652,0.00112981,0
5653,0.00058574,0
5654,0.00141746,0
5655,0.00193714,0
5656,0.00223495,0
5657,0.00349577,0
5658,0.00175575,0
5659,0.02276801,0
5660,0.00115606,0
5661,0.01109030,0
5662,0.00080549,0
5663,0.00165328,0
5664,0.00119777,0
5665,0.00060267,0
5666,0.00146182,0
5667,0.00176614,0
5668,0.00195819,0
5669,0.00329168,0
5670,0.00278137,0
5671,0.00288856,0
5672,0.00526001,0
5673,0.00145730,0
5674,0.00178268,0
5675,0.00127144,0
5676,0.01141746,0
5677,0.00097270,0
5678,0.00180421,0
5679,0.00113281,0
5680,0.00063781,0
5681,0.00134561,0
5682,0.00195061,0
5683,0.00223500,0
5684,0.00403670,0
5685,0.00187730,0
5686,0.02172786,0
5687,0.00119938,0
5688,0.01118038,0
5689,0.00077570,0
5690,0.00159714,0
5691,0.00114471,0
5692,0.00061427,0
5693,0.00149025,0
5694,0.00178354,0
5695,0.00198237,0
5696,0.00334908,0
5697,0.00283619,0
5698,0.00305795,0
5699,0.00538328,0
5700,0.00151327,0
5701,0.00188717,0
5702,0.00118545,0
5703,0.01133192,0
5704,0.00105089,0
5705,0.00187932,0
5706,0.00104797,0
5707,0.00059652,0
5708,0.00141412,0
5709,0.00180923,0
5710,0.00206042,0
5711,0.00439711,0
5712,0.00174493,0
5713,0.02098164,0
5714,0.00113881,0
5715,0.01074800,0
5716,0.00074052,0
5717,0.00169882,0
5718,0.00116702,0
5719,0.00059710,0
5720,0.00144211,0
5721,0.00181140,0
5722,0.00200655,0
5723,0.00353507,0
5724,0.00272731,0
5725,0.00290208,0
5726,0.00494729,0
5727,0.00147072,0
5728,0.00207285,0
5729,0.00121938,0
5730,0.01201540,0
5731,0.00106182,0
5732,0.00193490,0
5733,0.00113735,0
5734,0.00059270,0
5735,0.00142766,0
5736,0.00178672,0
5737,0.00211191,0
5738,0.00334729,0
5739,0.00183997,0
5740,0.02171744,0
5741,0.00115975,0
5742,0.01117588,0
5743,0.00072495,0
5744,0.00169326,0
5745,0.00113947,0
5746,0.00060910,0
5747,0.00142865,0
5748,0.00180597,0
5749,0.00197510,0
5750,0.00357513,0
5751,0.00259954,0
5752,0.00294813,0
5753,0.00500223,0
5754,0.00140927,0
5755,0.00238550,0
5756,0.00125870,0
5757,0.01164317,0
5758,0.00098751,0
5759,0.00194898,0
5760,0.00111754,0
5761,0.00060052,0
5762,0.00139481,0
5763,0.00185851,0
5764,0.00216673,0
5765,0.00427335,0
5766,0.00174902,0
5767,0.02191015,0
5768,0.00112490,0
5769,0.01157529,0
5770,0.00076637,0
5771,0.00160048,0
5772,0.00111460,0
5773,0.00060573,0
5774,0.00142037,0
5775,0.00177054,0
5776,0.00178595,0
5777,0.00378205,0
5778,0.00274233,0
5779,0.00310322,0
5780,0.00505588,0
5781,0.00143407,0
5782,0.00137368,0
5783,0.00123816,0
5784,0.01132526,0
5785,0.00093184,0
5786,0.00186016,0
5787,0.00110617,0
5788,0.00062099,0
5789,0.00133404,0
5790,0.00176740,0
5791,0.00213185,0
5792,0.00484874,0
5793,0.00176121,0
5794,0.02208751,0
5795,0.00112108,0
5796,0.01121317,0
5797,0.00070437,0
5798,0.00162744,0
5799,0.00112397,0
5800,0.00060978,0
5801,0.00143661,0
5802,0.00175924,0
5803,0.00187812,0
5804,0.00371298,0
5805,0.00274240,0
5806,0.00305880,0
5807,0.00534396,0
5808,0.00156722,0
5809,0.00198499,0
5810,0.00132719,0
5811,0.01175119,0
5812,0.00100052,0
5813,0.00188696,0
5814,0.00112494,0
5815,0.00061265,0
5816,0.00148178,0
5817,0.00189597,0
5818,0.00219603,0
5819,0.00381361,0
5820,0.00185102,0
5821,0.02248961,0
5822,0.00111219,0
5823,0.01170527,0
5824,0.00070278,0
5825,0.00166734,0
5826,0.00110983,0
5827,0.00057220,0
5828,0.00138575,0
5829,0.00182650,0
5830,0.00177626,0
5831,0.00352627,0
5832,0.00263113,0
5833,0.00306607,0
5834,0.00515870,0
5835,0.00144471,0
5836,0.00208291,0
5837,0.00124749,0
5838,0.01185291,0
5839,0.00095705,0
5840,0.00190632,0
5841,0.00112664,0
5842,0.00059248,0
5843,0.00136575,0
5844,0.00180164,0
5845,0.00212377,0
5846,0.00340413,0
5847,0.00173549,0
5848,0.02257230,0
5849,0.00123976,0
5850,0.01208855,0
5851,0.00076486,0
5852,0.00177128,0
5853,0.00117161,0
5854,0.00059583,0
5855,0.00150824,0
5856,0.00185423,0
5857,0.00189471,0
5858,0.00342953,0
5859,0.00272837,0
5860,0.00307248,0
5861,0.00540651,0
5862,0.00156517,0
5863,0.00208184,0
5864,0.00126842,0
5865,0.01217198,0
5866,0.00098057,0
5867,0.00192142,0
5868,0.00117131,0
5869,0.00057471,0
5870,0.00138512,0
5871,0.00191394,0
5872,0.00213479,0
5873,0.00393558,0
5874,0.00174294,0
5875,0.02369386,0
5876,0.00121361,0
5877,0.01200452,0
5878,0.00067267,0
5879,0.00164682,0
5880,0.00122469,0
5881,0.00063022,0
5882,0.00155903,0
5883,0.00184421,0
5884,0.00190620,0
5885,0.00367960,0
5886,0.00285649,0
5887,0.00312431,0
5888,0.00526226,0
5889,0.00151680,0
5890,0.00267149,0
5891,0.00133106,0
5892,0.01208074,0
5893,0.00090426,0
5894,0.00200804,0
5895,0.00119667,0
5896,0.00062997,0
5897,0.00136993,0
5898,0.00194722,0
5899,0.00210018,0
5900,0.00361898,0
5901,0.00184688,0
5902,0.02259555,0
5903,0.00124404,0
5904,0.01175964,0
5905,0.00072050,0
5906,0.00179998,0
5907,0.00122915,0
5908,0.00064867,0
5909,0.00150598,0
5910,0.00183500,0
5911,0.00187839,0
5912,0.00352206,0
5913,0.00272912,0
5914,0.00320224,0
5915,0.00535365,0
5916,0.00152556,0
5917,0.00212957,0
5918,0.00131919,0
5919,0.01183132,0
5920,0.00099036,0
5921,0.00214933,0
5922,0.00124740,0
5923,0.00064371,0
5924,0.00152394,0
5925,0.00200700,0
5926,0.00240481,0
5927,0.00394109,0
5928,0.00190355,0
5929,0.02436747,0
5930,0.00122779,0
5931,0.01283448,0
5932,0.00076171,0
5933,0.00165862,0
5934,0.00120216,0
5935,0.00064513,0
5936,0.00150525,0
5937,0.00177272,0
5938,0.00191344,0
5939,0.00365053,0
5940,0.00281986,0
5941,0.00323948,0
5942,0.00571912,0
5943,0.00155730,0
5944,0.00165779,0
5945,0.00137543,0
5946,0.01187561,0
5947,0.00086939,0
5948,0.00210093,0
5949,0.00118780,0
5950,0.00065770,0
5951,0.00150826,0
5952,0.00199137,0
5953,0.00217788,0
5954,0.00418313,0
5955,0.00184602,0
5956,0.02455280,0
5957,0.00124461,0
5958,0.01209784,0
5959,0.00071266,0
5960,0.00167397,0
5961,0.00117579,0
5962,0.00059181,0
5963,0.00139398,0
5964,0.00179629,0
5965,0.00185670,0
5966,0.00359476,0
5967,0.00289182,0
5968,0.00302636,0
5969,0.00535018,0
5970,0.00143320,0
5971,0.00234626,0
5972,0.00132287,0
5973,0.01129824,0
5974,0.00086828,0
5975,0.00209267,0
5976,0.00119520,0
5977,0.00063508,0
5978,0.00138258,0
5979,0.00196416,0
5980,0.00202460,0
5981,0.00414685,0
5982,0.00184221,0
5983,0.02361624,0
5984,0.00119260,0
5985,0.01164098,0
5986,0.00070877,0
5987,0.00167132,0
5988,0.00115938,0
5989,0.00057812,0
5990,0.00156275,0
5991,0.00181380,0
5992,0.00189285,0
5993,0.00375795,0
5994,0.00274440,0
5995,0.00306672,0
5996,0.00530975,0
5997,0.00144339,0
5998,0.00164123,0
5999,0.00134951,0
6000,0.01178802,0
6001,0.00092589,0
6002,0.00201910,0
6003,0.00114013,0
6004,0.00060322,0
6005,0.00147458,0
6006,0.00195045,0
6007,0.00204070,0
6008,0.00397778,0
6009,0.00183903,0
6010,0.02512591,0
6011,0.00119414,0
6012,0.01180847,0
6013,0.00078513,0
6014,0.00175915,0
6015,0.00121225,0
6016,0.00060081,0
6017,0.00151201,0
6018,0.00181721,0
6019,0.00191992,0
6020,0.00385814,0
6021,0.00268909,0
6022,0.00323987,0
6023,0.00517917,0
6024,0.00146198,0
6025,0.00173183,0
6026,0.00122424,0
6027,0.01254425,0
6028,0.00098772,0
6029,0.00193482,0
6030,0.00131335,0
6031,0.00064723,0
6032,0.00150950,0
6033,0.00189383,0
6034,0.00237982,0
6035,0.00506632,0
6036,0.00195258,0
6037,0.02508949,0
6038,0.00124837,0
6039,0.01244851,0
6040,0.00080138,0
6041,0.00173778,0
6042,0.00119813,0
6043,0.00060983,0
6044,0.00148077,0
6045,0.00183343,0
6046,0.00193444,0
6047,0.00416059,0
6048,0.00286816,0
6049,0.00309147,0
6050,0.00556317,0
6051,0.00149700,0
6052,0.00225118,0
6053,0.00132587,0
6054,0.01247583,0
6055,0.00098963,0
6056,0.00206510,0
6057,0.00124222,0
6058,0.00064971,0
6059,0.00156140,0
6060,0.00197671,0
6061,0.00222790,0
6062,0.00419901,0
6063,0.00200452,0
6064,0.02352607,0
6065,0.00120270,0
6066,0.01222258,0
6067,0.00078231,0
6068,0.00182336,0
6069,0.00122132,0
6070,0.00058185,0
6071,0.00154910,0
6072,0.00185766,0
6073,0.00201642,0
6074,0.00358792,0
6075,0.00295888,0
6076,0.00307294,0
6077,0.00541516,0
6078,0.00151136,0
6079,0.00201129,0
6080,0.00135940,0
6081,0.01270241,0
6082,0.00102014,0
6083,0.00203347,0
6084,0.00125296,0
6085,0.00064464,0
6086,0.00141380,0
6087,0.00189279,0
6088,0.00231476,0
6089,0.00448057,0
6090,0.00198710,0
6091,0.02457462,0
6092,0.00125259,0
6093,0.01160462,0
6094,0.00081227,0
6095,0.00173194,0
6096,0.00122327,0
6097,0.00064383,0
6098,0.00143685,0
6099,0.00184213,0
6100,0.00188833,0
6101,0.00347975,0
6102,0.00294926,0
6103,0.00310812,0
6104,0.00520315,0
6105,0.00159973,0
6106,0.00171613,0
6107,0.00139061,0
6108,0.01225604,0
6109,0.00103801,0
6110,0.00196503,0
6111,0.00119881,0
6112,0.00061019,0
6113,0.00154195,0
6114,0.00192208,0
6115,0.00225922,0
6116,0.00446493,0
6117,0.00186155,0
6118,0.02511088,0
6119,0.00119839,0
6120,0.01257903,0
6121,0.00083418,0
6122,0.00183292,0
6123,0.00118284,0
6124,0.00059856,0
6125,0.00143597,0
6126,0.00201690,0
6127,0.00191800,0
6128,0.00349540,0
6129,0.00278253,0
6130,0.00306015,0
6131,0.00556803,0
6132,0.00158175,0
6133,0.00261979,0
6134,0.00129945,0
6135,0.01278899,0
6136,0.00100938,0
6137,0.00213768,0
6138,0.00129358,0
6139,0.00061103,0
6140,0.00143753,0
6141,0.00199864,0
6142,0.00236775,0
6143,0.00350777,0
6144,0.00199649,0
6145,0.02522328,0
6146,0.00128151,0
6147,0.01294844,0
6148,0.00083919,0
6149,0.00179143,0
6150,0.00120388,0
6151,0.00057942,0
6152,0.00144040,0
6153,0.00183367,0
6154,0.00187475,0
6155,0.00328630,0
6156,0.00286088,0
6157,0.00324445,0
6158,0.00562553,0
6159,0.00142698,0
6160,0.00204964,0
6161,0.00136826,0
6162,0.01306588,0
6163,0.00099146,0
6164,0.00202362,0
6165,0.00121217,0
6166,0.00060816,0
6167,0.00157088,0
6168,0.00193790,0
6169,0.00230602,0
6170,0.00403019,0
6171,0.00207543,0
6172,0.02352942,0
6173,0.00123022,0
6174,0.01283323,0
6175,0.00085073,0
6176,0.00172948,0
6177,0.00133324,0
6178,0.00058729,0
6179,0.00152760,0
6180,0.00192952,0
6181,0.00186562,0
6182,0.00360346,0
6183,0.00293583,0
6184,0.00308726,0
6185,0.00536739,0
6186,0.00147559,0
6187,0.00216670,0
6188,0.00138533,0
6189,0.01275880,0
6190,0.00101845,0
6191,0.00192256,0
6192,0.00127120,0
6193,0.00059955,0
6194,0.00149461,0
6195,0.00188027,0
6196,0.00226246,0
6197,0.00395957,0
6198,0.00198622,0
6199,0.02298920,0
6200,0.00126669,0
6201,0.01323586,0
6202,0.00078297,0
6203,0.00174545,0
6204,0.00120071,0
6205,0.00056612,0
6206,0.00146460,0
6207,0.00187093,0
6208,0.00187120,0
6209,0.00403832,0
6210,0.00272823,0
6211,0.00309977,0
6212,0.00543205,0
6213,0.00144635,0
6214,0.00228998,0
6215,0.00136435,0
6216,0.01269395,0
6217,0.00103424,0
6218,0.00193578,0
6219,0.00120249,0
6220,0.00057572,0
6221,0.00134228,0
6222,0.00198107,0
6223,0.00220440,0
6224,0.00400941,0
6225,0.00187616,0
6226,0.02199066,0
6227,0.00124124,0
6228,0.01336570,0
6229,0.00079392,0
6230,0.00171592,0
6231,0.00121009,0
6232,0.00060981,0
6233,0.00139331,0
6234,0.00192169,0
6235,0.00192700,0
6236,0.00381994,0
6237,0.00262913,0
6238,0.00318850,0
6239,0.00542020,0
6240,0.00141738,0
6241,0.00236674,0
6242,0.00139923,0
6243,0.01334754,0
6244,0.00092599,0
6245,0.00194949,0
6246,0.00123163,0
6247,0.00057407,0
6248,0.00139528,0
6249,0.00192162,0
6250,0.00219275,0
6251,0.00434963,0
6252,0.00183612,0
6253,0.02308683,0
6254,0.00124564,0
6255,0.01342911,0
6256,0.00081161,0
6257,0.00165246,0
6258,0.00125392,0
6259,0.00060110,0
6260,0.00139535,0
6261,0.00190193,0
6262,0.00187225,0
6263,0.00371863,0
6264,0.00264676,0
6265,0.00319269,0
6266,0.00540670,0
6267,0.00149281,0
6268,0.00189711,0
6269,0.00134652,0
6270,0.01281130,0
6271,0.00103407,0
6272,0.00199487,0
6273,0.00132097,0
6274,0.00056059,0
6275,0.00144391,0
6276,0.00190957,0
6277,0.00218913,0
6278,0.00456673,0
6279,0.00189248,0
6280,0.02359340,0
6281,0.00122659,0
6282,0.01343554,0
6283,0.00075829,0
6284,0.00172590,0
6285,0.00126186,0
6286,0.00057082,0
6287,0.00145656,0
6288,0.00193828,0
6289,0.00203073,0
6290,0.00343119,0
6291,0.00269025,0
6292,0.00306726,0
6293,0.00534307,0
6294,0.00151179,0
6295,0.00196094,0
6296,0.00133144,0
6297,0.01275588,0
6298,0.00094267,0
6299,0.00198993,0
6300,0.00119253,0
6301,0.00056057,0
6302,0.00144301,0
6303,0.00203998,0
6304,0.00219798,0
6305,0.00406165,0
6306,0.00177178,0
6307,0.02353504,0
6308,0.00127140,0
6309,0.01340105,0
6310,0.00070600,0
6311,0.00174447,0
6312,0.00121917,0
6313,0.00057663,0
6314,0.00133818,0
6315,0.00185349,0
6316,0.00183604,0
6317,0.00356438,0
6318,0.00297181,0
6319,0.00292426,0
6320,0.00519974,0
6321,0.00140384,0
6322,0.00179360,0
6323,0.00128503,0
6324,0.01324006,0
6325,0.00091989,0
6326,0.00195763,0
6327,0.00119803,0
6328,0.00057936,0
6329,0.00139450,0
6330,0.00188705,0
6331,0.00219953,0
6332,0.00363552,0
6333,0.00179550,0
6334,0.02345059,0
6335,0.00128167,0
6336,0.01325972,0
6337,0.00074691,0
6338,0.00178112,0
6339,0.00123364,0
6340,0.00057987,0
6341,0.00147707,0
6342,0.00202621,0
6343,0.00187491,0
6344,0.00319373,0
6345,0.00284697,0
6346,0.00291484,0
6347,0.00557645,0
6348,0.00152297,0
6349,0.00178440,0
6350,0.00136062,0
6351,0.01266373,0
6352,0.00100139,0
6353,0.00204083,0
6354,0.00118921,0
6355,0.00063036,0
6356,0.00132896,0
6357,0.00202396,0
6358,0.00216965,0
6359,0.00433819,0
6360,0.00194035,0
6361,0.02442503,0
6362,0.00125719,0
6363,0.01297334,0
6364,0.00082812,0
6365,0.00177308,0
6366,0.00116062,0
6367,0.00061676,0
6368,0.00148858,0
6369,0.00211188,0
6370,0.00174453,0
6371,0.00332646,0
6372,0.00300614,0
6373,0.00282206,0
6374,0.00539121,0
6375,0.00153178,0
6376,0.00187421,0
6377,0.00133120,0
6378,0.01273066,0
6379,0.00094099,0
6380,0.00203992,0
6381,0.00117718,0
6382,0.00061656,0
6383,0.00138248,0
6384,0.00203818,0
6385,0.00231375,0
6386,0.00405924,0
6387,0.00198408,0
6388,0.02298292,0
6389,0.00125795,0
6390,0.01243948,0
6391,0.00079719,0
6392,0.00174878,0
6393,0.00128451,0
6394,0.00064092,0
6395,0.00151072,0
6396,0.00212824,0
6397,0.00202153,0
6398,0.00370772,0
6399,0.00292785,0
6400,0.00313742,0
6401,0.00533814,0
6402,0.00158047,0
6403,0.00211152,0
6404,0.00142289,0
6405,0.01262946,0
6406,0.00099036,0
6407,0.00205565,0
6408,0.00124892,0
6409,0.00061880,0
6410,0.00140814,0
6411,0.00196932,0
6412,0.00229057,0
6413,0.00406932,0
6414,0.00208988,0
6415,0.02226887,0
6416,0.00125083,0
6417,0.01292579,0
6418,0.00075255,0
6419,0.00168216,0
6420,0.00126271,0
6421,0.00058507,0
6422,0.00146191,0
6423,0.00210783,0
6424,0.00188251,0
6425,0.00243876,0
6426,0.00306313,0
6427,0.00284940,0
6428,0.00545956,0
6429,0.00155038,0
6430,0.00208706,0
6431,0.00134951,0
6432,0.01231762,0
6433,0.00098085,0
6434,0.00202320,0
6435,0.00110976,0
6436,0.00063159,0
6437,0.00146222,0
6438,0.00209385,0
6439,0.00221285,0
6440,0.00411075,0
6441,0.00203487,0
6442,0.02301800,0
6443,0.00127838,0
6444,0.01344089,0
6445,0.00076569,0
6446,0.00184459,0
6447,0.00118781,0
6448,0.00059752,0
6449,0.00150433,0
6450,0.00200689,0
6451,0.00177474,0
6452,0.00307859,0
6453,0.00276767,0
6454,0.00295016,0
6455,0.00542034,0
6456,0.00150335,0
6457,0.00221380,0
6458,0.00132515,0
6459,0.01237570,0
6460,0.00098706,0
6461,0.00210369,0
6462,0.00113122,0
6463,0.00063421,0
6464,0.00143215,0
6465,0.00194888,0
6466,0.00222440,0
6467,0.00368106,0
6468,0.00195497,0
6469,0.02263649,0
6470,0.00127252,0
6471,0.01268633,0
6472,0.00076078,0
6473,0.00179496,0
6474,0.00114537,0
6475,0.00057244,0
6476,0.00151276,0
6477,0.00194523,0
6478,0.00183860,0
6479,0.00333721,0
6480,0.00284332,0
6481,0.00280784,0
6482,0.00538686,0
6483,0.00147163,0
6484,0.00195437,0
6485,0.00137468,0
6486,0.01246461,0
6487,0.00091151,0
6488,0.00197883,0
6489,0.00121665,0
6490,0.00062500,0
6491,0.00131730,0
6492,0.00191962,0
6493,0.00219199,0
6494,0.00381168,0
6495,0.00186144,0
6496,0.02195850,0
6497,0.00129185,0
6498,0.01267067,0
6499,0.00072789,0
6500,0.00178065,0
6501,0.00115363,0
6502,0.00053821,0
6503,0.00145309,0
6504,0.00185031,0
6505,0.00174537,0
6506,0.00349409,0
6507,0.00253498,0
6508,0.00281497,0
6509,0.00531443,0
6510,0.00153365,0
6511,0.00167289,0
6512,0.00128220,0
6513,0.01203195,0
6514,0.00089013,0
6515,0.00205303,0
6516,0.00118850,0
6517,0.00059463,0
6518,0.00144657,0
6519,0.00174435,0
6520,0.00203786,0
6521,0.00408759,0
6522,0.00190138,0
6523,0.02182016,0
6524,0.00126837,0
6525,0.01289170,0
6526,0.00071957,0
6527,0.00165570,0
6528,0.00117909,0
6529,0.00057922,0
6530,0.00128236,0
6531,0.00192876,0
6532,0.00181015,0
6533,0.00350270,0
6534,0.00254507,0
6535,0.00287558,0
6536,0.00535264,0
6537,0.00137997,0
6538,0.00165621,0
6539,0.00129035,0
6540,0.01192132,0
6541,0.00096584,0
6542,0.00208313,0
6543,0.00111425,0
6544,0.00061931,0
6545,0.00138125,0
6546,0.00182022,0
6547,0.00227044,0
6548,0.00386344,0
6549,0.00183221,0
6550,0.02243532,0
6551,0.00126983,0
6552,0.01198537,0
6553,0.00076465,0
6554,0.00168663,0
6555,0.00115740,0
6556,0.00055545,0
6557,0.00132006,0
6558,0.00188032,0
6559,0.00171705,0
6560,0.00353203,0
6561,0.00279471,0
6562,0.00282592,0
6563,0.00509061,0
6564,0.00136535,0
6565,0.00208577,0
6566,0.00140228,0
6567,0.01217328,0
6568,0.00090730,0
6569,0.00197189,0
6570,0.00112536,0
6571,0.00061872,0
6572,0.00135814,0
6573,0.00185290,0
6574,0.00221289,0
6575,0.00376943,0
6576,0.00182017,0
6577,0.02099733,0
6578,0.00116021,0
6579,0.01188818,0
6580,0.00069069,0
6581,0.00176966,0
6582,0.00109517,0
6583,0.00058929,0
6584,0.00136523,0
6585,0.00180237,0
6586,0.00171230,0
6587,0.00338400,0
6588,0.00249491,0
6589,0.00302379,0
6590,0.00531824,0
6591,0.00140530,0
6592,0.00185868,0
6593,0.00133716,0
6594,0.01238071,0
6595,0.00084912,0
6596,0.00192152,0
6597,0.00107310,0
6598,0.00059107,0
6599,0.00141698,0
6600,0.00170064,0
6601,0.00217054,0
6602,0.00400564,0
6603,0.00178465,0
6604,0.02251783,0
6605,0.00122725,0
6606,0.01225394,0
6607,0.00069472,0
6608,0.00170147,0
6609,0.00114795,0
6610,0.00057812,0
6611,0.00127251,0
6612,0.00172229,0
6613,0.00179523,0
6614,0.00340837,0
6615,0.00257455,0
6616,0.00296945,0
6617,0.00550828,0
6618,0.00142448,0
6619,0.00287758,0
6620,0.00132522,0
6621,0.01178294,0
6622,0.00095459,0
6623,0.00198378,0
6624,0.00108638,0
6625,0.00060143,0
6626,0.00128022,0
6627,0.00184673,0
6628,0.00212570,0
6629,0.00320318,0
6630,0.00177910,0
6631,0.02172707,0
6632,0.00114914,0
6633,0.01177457,0
6634,0.00069736,0
6635,0.00168867,0
6636,0.00110520,0
6637,0.00058389,0
6638,0.00132207,0
6639,0.00170184,0
6640,0.00176190,0
6641,0.00349293,0
6642,0.00247701,0
6643,0.00274459,0
6644,0.00524765,0
6645,0.00137171,0
6646,0.00249947,0
6647,0.00126029,0
6648,0.01110349,0
6649,0.00086912,0
6650,0.00193297,0
6651,0.00109556,0
6652,0.00059073,0
6653,0.00137493,0
6654,0.00186390,0
6655,0.00199875,0
6656,0.00355188,0
6657,0.00169813,0
6658,0.02247735,0
6659,0.00119466,0
6660,0.01149660,0
6661,0.00069061,0
6662,0.00168935,0
6663,0.00112051,0
6664,0.00058481,0
6665,0.00121088,0
6666,0.00179979,0
6667,0.00180414,0
6668,0.00349754,0
6669,0.00238112,0
6670,0.00287505,0
6671,0.00501655,0
6672,0.00133861,0
6673,0.00166088,0
6674,0.00124528,0
6675,0.01173486,0
6676,0.00088774,0
6677,0.00204599,0
6678,0.00113779,0
6679,0.00059280,0
6680,0.00130023,0
6681,0.00182816,0
6682,0.00210555,0
6683,0.00360902,0
6684,0.00171924,0
6685,0.02355894,0
6686,0.00116988,0
6687,0.01107469,0
6688,0.00074617,0
6689,0.00164792,0
6690,0.00108891,0
6691,0.00054846,0
6692,0.00129639,0
6693,0.00172620,0
6694,0.00171696,0
6695,0.00356969,0
6696,0.00252886,0
6697,0.00284636,0
6698,0.00522435,0
6699,0.00131520,0
6700,0.00210575,0
6701,0.00128614,0
6702,0.01151409,0
6703,0.00087949,0
6704,0.00185295,0
6705,0.00113804,0
6706,0.00059015,0
6707,0.00125933,0
6708,0.00175326,0
6709,0.00199177,0
6710,0.00396227,0
6711,0.00176559,0
6712,0.02204192,0
6713,0.00115262,0
6714,0.01082631,0
6715,0.00070057,0
6716,0.00158852,0
6717,0.00112043,0
6718,0.00058050,0
6719,0.00131371,0
6720,0.00167699,0
6721,0.00172118,0
6722,0.00351953,0
6723,0.00230811,0
6724,0.00273905,0
6725,0.00482351,0
6726,0.00133965,0
6727,0.00175278,0
6728,0.00114126,0
6729,0.01163593,0
6730,0.00094406,0
6731,0.00185044,0
6732,0.00110784,0
6733,0.00056071,0
6734,0.00129260,0
6735,0.00171424,0
6736,0.00195089,0
6737,0.00336060,0
6738,0.00170097,0
6739,0.02224413,0
6740,0.00119271,0
6741,0.01198701,0
6742,0.00074552,0
6743,0.00156718,0
6744,0.00118730,0
6745,0.00054530,0
6746,0.00130610,0
6747,0.00167979,0
6748,0.00167960,0
6749,0.00368369,0
6750,0.00259086,0
6751,0.00272711,0
6752,0.00478500,0
6753,0.00136803,0
6754,0.00191253,0
6755,0.00126281,0
6756,0.01126915,0
6757,0.00093685,0
6758,0.00183261,0
6759,0.00110535,0
6760,0.00055734,0
6761,0.00131970,0
6762,0.00166216,0
6763,0.00190500,0
6764,0.00329655,0
6765,0.00164192,0
6766,0.02145057,0
6767,0.00111064,0
6768,0.01159664,0
6769,0.00070251,0
6770,0.00155058,0
6771,0.00111299,0
6772,0.00053914,0
6773,0.00127298,0
6774,0.00177623,0
6775,0.00175191,0
6776,0.00347206,0
6777,0.00242532,0
6778,0.00276515,0
6779,0.00498349,0
6780,0.00141843,0
6781,0.00239460,0
6782,0.00120656,0
6783,0.01164412,0
6784,0.00089827,0
6785,0.00186181,0
6786,0.00111851,0
6787,0.00056089,0
6788,0.00124632,0
6789,0.00173079,0
6790,0.00192034,0
6791,0.00309520,0
6792,0.00159304,0
6793,0.02155255,0
6794,0.00119266,0
6795,0.01116581,0
6796,0.00066629,0
6797,0.00157256,0
6798,0.00118905,0
6799,0.00054114,0
6800,0.00129061,0
6801,0.00168395,0
6802,0.00162437,0
6803,0.00357184,0
6804,0.00223935,0
6805,0.00264282,0
6806,0.00487563,0
6807,0.00133660,0
6808,0.00184205,0
6809,0.00126610,0
6810,0.01127251,0
6811,0.00089097,0
6812,0.00178562,0
6813,0.00113463,0
6814,0.00054916,0
6815,0.00125374,0
6816,0.00168617,0
6817,0.00174430,0
6818,0.00312679,0
6819,0.00161812,0
6820,0.02187607,0
6821,0.00112733,0
6822,0.01166523,0
6823,0.00070673,0
6824,0.00161664,0
6825,0.00115850,0
6826,0.00053668,0
6827,0.00131405,0
6828,0.00166792,0
6829,0.00166408,0
6830,0.00345175,0
6831,0.00231832,0
6832,0.00273777,0
6833,0.00503665,0
6834,0.00134461,0
6835,0.00152255,0
6836,0.00122035,0
6837,0.01139776,0
6838,0.00095587,0
6839,0.00170411,0
6840,0.00115456,0
6841,0.00056776,0
6842,0.00130472,0
6843,0.00169445,0
6844,0.00193193,0
6845,0.00387152,0
6846,0.00172814,0
6847,0.02130126,0
6848,0.00120641,0
6849,0.01104038,0
6850,0.00078792,0
6851,0.00163484,0
6852,0.00120700,0
6853,0.00059035,0
6854,0.00147052,0
6855,0.00187294,0
6856,0.00166295,0
6857,0.00370967,0
6858,0.00240647,0
6859,0.00272921,0
6860,0.00501286,0
6861,0.00130248,0
6862,0.00154635,0
6863,0.00119978,0
6864,0.01149711,0
6865,0.00093847,0
6866,0.00182946,0
6867,0.00122820,0
6868,0.00061097,0
6869,0.00145182,0
6870,0.00180231,0
6871,0.00197105,0
6872,0.00389529,0
6873,0.00168928,0
6874,0.02136206,0
6875,0.00123477,0
6876,0.01168503,0
6877,0.00073172,0
6878,0.00158755,0
6879,0.00127714,0
6880,0.00058539,0
6881,0.00126773,0
6882,0.00175417,0
6883,0.00173512,0
6884,0.00354910,0
6885,0.00269652,0
6886,0.00266445,0
6887,0.00529596,0
6888,0.00134397,0
6889,0.00372234,0
6890,0.00130992,0
6891,0.01113888,0
6892,0.00098674,0
6893,0.00182175,0
6894,0.00121302,0
6895,0.00057358,0
6896,0.00126218,0
6897,0.00180790,0
6898,0.00192720,0
6899,0.00311777,0
6900,0.00163117,0
6901,0.02198840,0
6902,0.00122371,0
6903,0.01200830,0
6904,0.00075722,0
6905,0.00155276,0
6906,0.00122544,0
6907,0.00056724,0
6908,0.00134342,0
6909,0.00175536,0
6910,0.00170277,0
6911,0.00339008,0
6912,0.00250162,0
6913,0.00270589,0
6914,0.00500763,0
6915,0.00127411,0
6916,0.00200291,0
6917,0.00122985,0
6918,0.01155444,0
6919,0.00100510,0
6920,0.00184484,0
6921,0.00125247,0
6922,0.00058514,0
6923,0.00129282,0
6924,0.00175708,0
6925,0.00190847,0
6926,0.00301362,0
6927,0.00154225,0
6928,0.02086125,0
6929,0.00114371,0
6930,0.01154700,0
6931,0.00083166,0
6932,0.00156545,0
6933,0.00129285,0
6934,0.00055352,0
6935,0.00125749,0
6936,0.00163056,0
6937,0.00160607,0
6938,0.00380204,0
6939,0.00233622,0
6940,0.00284935,0
6941,0.00527872,0
6942,0.00131836,0
6943,0.00254727,0
6944,0.00129428,0
6945,0.01115752,0
6946,0.00098594,0
6947,0.00171967,0
6948,0.00119645,0
6949,0.00055740,0
6950,0.00133104,0
6951,0.00177010,0
6952,0.00188367,0
6953,0.00380334,0
6954,0.00167779,0
6955,0.02220883,0
6956,0.00117571,0
6957,0.01220544,0
6958,0.00083827,0
6959,0.00153343,0
6960,0.00113535,0
6961,0.00054860,0
6962,0.00133943,0
6963,0.00168637,0
6964,0.00159264,0
6965,0.00394358,0
6966,0.00234079,0
6967,0.00255755,0
6968,0.00498147,0
6969,0.00144760,0
6970,0.00209134,0
6971,0.00125222,0
6972,0.01198433,0
6973,0.00097982,0
6974,0.00177154,0
6975,0.00120015,0
6976,0.00054830,0
6977,0.00119819,0
6978,0.00176536,0
6979,0.00181505,0
6980,0.00344333,0
6981,0.00167172,0
6982,0.02271684,0
6983,0.00120422,0
6984,0.01146409,0
6985,0.00080573,0
6986,0.00155530,0
6987,0.00116898,0
6988,0.00051704,0
6989,0.00123856,0
6990,0.00171119,0
6991,0.00167128,0
6992,0.00386556,0
6993,0.00233967,0
6994,0.00268499,0
6995,0.00520586,0
6996,0.00128322,0
6997,0.00223641,0
6998,0.00129690,0
6999,0.01141802,0
7000,0.00095198,0
7001,0.00179359,0
7002,0.00119498,0
7003,0.00058341,0
7004,0.00137038,0
7005,0.00173987,0
7006,0.00175828,0
7007,0.00369141,0
7008,0.00159779,0
7009,0.02222153,0
7010,0.00120336,0
7011,0.01187015,0
7012,0.00079758,0
7013,0.00153683,0
7014,0.00122135,0
7015,0.00053570,0
7016,0.00127718,0
7017,0.00166376,0
7018,0.00158319,0
7019,0.00371627,0
7020,0.00241898,0
7021,0.00254907,0
7022,0.00502927,0
7023,0.00138193,0
7024,0.00168518,0
7025,0.00127557,0
7026,0.01153669,0
7027,0.00097236,0
7028,0.00178688,0
7029,0.00116372,0
7030,0.00058391,0
7031,0.00122117,0
7032,0.00171654,0
7033,0.00186893,0
7034,0.00370659,0
7035,0.00170731,0
7036,0.02249243,0
7037,0.00121706,0
7038,0.01166690,0
7039,0.00076859,0
7040,0.00149155,0
7041,0.00119347,0
7042,0.00053382,0
7043,0.00127529,0
7044,0.00166538,0
7045,0.00160152,0
7046,0.00352255,0
7047,0.00236629,0
7048,0.00260306,0
7049,0.00522534,0
7050,0.00133934,0
7051,0.00194821,0
7052,0.00126516,0
7053,0.01240975,0
7054,0.00099074,0
7055,0.00168407,0
7056,0.00115965,0
7057,0.00059758,0
7058,0.00122984,0
7059,0.00174984,0
7060,0.00184399,0
7061,0.00330008,0
7062,0.00157942,0
7063,0.02187564,0
7064,0.00119070,0
7065,0.01180793,0
7066,0.00084162,0
7067,0.00154674,0
7068,0.00116146,0
7069,0.00053853,0
7070,0.00125279,0
7071,0.00165425,0
7072,0.00159235,0
7073,0.00344422,0
7074,0.00249911,0
7075,0.00274948,0
7076,0.00482380,0
7077,0.00135832,0
7078,0.00167268,0
7079,0.00125655,0
7080,0.01175391,0
7081,0.00104027,0
7082,0.00177257,0
7083,0.00107001,0
7084,0.00055134,0
7085,0.00127081,0
7086,0.00179613,0
7087,0.00190917,0
7088,0.00353911,0
7089,0.00172903,0
7090,0.02204615,0
7091,0.00120768,0
7092,0.01194369,0
7093,0.00083449,0
7094,0.00159339,0
7095,0.00113830,0
7096,0.00054816,0
7097,0.00126581,0
7098,0.00177103,0
7099,0.00156919,0
7100,0.00359741,0
7101,0.00235371,0
7102,0.00268544,0
7103,0.00502826,0
7104,0.00137599,0
7105,0.00182094,0
7106,0.00132201,0
7107,0.01173453,0
7108,0.00099527,0
7109,0.00173219,0
7110,0.00099474,0
7111,0.00057810,0
7112,0.00133502,0
7113,0.00167187,0
7114,0.00176874,0
7115,0.00359476,0
7116,0.00160927,0
7117,0.02039005,0
7118,0.00124609,0
7119,0.01123417,0
7120,0.00076241,0
7121,0.00159637,0
7122,0.00116192,0
7123,0.00051300,0
7124,0.00123983,0
7125,0.00164686,0
7126,0.00157809,0
7127,0.00335083,0
7128,0.00214547,0
7129,0.00258692,0
7130,0.00481869,0
7131,0.00135210,0
7132,0.00189337,0
7133,0.00132700,0
7134,0.01273748,0
7135,0.00103806,0
7136,0.00160705,0
7137,0.00104711,0
7138,0.00059178,0
7139,0.00119111,0
7140,0.00164159,0
7141,0.00173633,0
7142,0.00385365,0
7143,0.00158801,0
7144,0.02087916,0
7145,0.00127798,0
7146,0.01162267,0
7147,0.00079195,0
7148,0.00141294,0
7149,0.00115081,0
7150,0.00053351,0
7151,0.00119363,0
7152,0.00161792,0
7153,0.00147586,0
7154,0.00365909,0
7155,0.00225124,0
7156,0.00249311,0
7157,0.00461544,0
7158,0.00129339,0
7159,0.00183564,0
7160,0.00136529,0
7161,0.01131271,0
7162,0.00101375,0
7163,0.00169201,0
7164,0.00104288,0
7165,0.00058270,0
7166,0.00132009,0
7167,0.00177735,0
7168,0.00185107,0
7169,0.00368337,0
7170,0.00166480,0
7171,0.02087774,0
7172,0.00123804,0
7173,0.01194011,0
7174,0.00081018,0
7175,0.00146737,0
7176,0.00115426,0
7177,0.00054150,0
7178,0.00128443,0
7179,0.00168638,0
7180,0.00153745,0
7181,0.00350060,0
7182,0.00230772,0
7183,0.00254732,0
7184,0.00492837,0
7185,0.00124546,0
7186,0.00144829,0
7187,0.00131285,0
7188,0.01217750,0
7189,0.00104166,0
7190,0.00167154,0
7191,0.00108721,0
7192,0.00057455,0
7193,0.00124576,0
7194,0.00170436,0
7195,0.00179940,0
7196,0.00411340,0
7197,0.00156367,0
7198,0.02152480,0
7199,0.00118187,0
7200,0.01183753,0
7201,0.00077116,0
7202,0.00150794,0
7203,0.00107811,0
7204,0.00053483,0
7205,0.00132203,0
7206,0.00166222,0
7207,0.00148726,0
7208,0.00336080,0
7209,0.00222882,0
7210,0.00263802,0
7211,0.00471925,0
7212,0.00125140,0
7213,0.00277604,0
7214,0.00131383,0
7215,0.01211951,0
7216,0.00099061,0
7217,0.00155040,0
7218,0.00103210,0
7219,0.00055045,0
7220,0.00121964,0
7221,0.00161171,0
7222,0.00183556,0
7223,0.00326302,0
7224,0.00154736,0
7225,0.02199443,0
7226,0.00117761,0
7227,0.01178526,0
7228,0.00074518,0
7229,0.00152638,0
7230,0.00111300,0
7231,0.00052765,0
7232,0.00116155,0
7233,0.00172367,0
7234,0.00143723,0
7235,0.00322807,0
7236,0.00214713,0
7237,0.00251086,0
7238,0.00469130,0
7239,0.00123291,0
7240,0.00197867,0
7241,0.00122587,0
7242,0.01187612,0
7243,0.00095826,0
7244,0.00165873,0
7245,0.00102838,0
7246,0.00051425,0
7247,0.00123874,0
7248,0.00171085,0
7249,0.00175610,0
7250,0.00356613,0
7251,0.00154170,0
7252,0.02250120,0
7253,0.00112940,0
7254,0.01152269,0
7255,0.00077008,0
7256,0.00145754,0
7257,0.00113255,0
7258,0.00052931,0
7259,0.00117618,0
7260,0.00163950,0
7261,0.00146129,0
7262,0.00340339,0
7263,0.00205569,0
7264,0.00242965,0
7265,0.00449075,0
7266,0.00127069,0
7267,0.00171373,0
7268,0.00119363,0
7269,0.01164602,0
7270,0.00099555,0
7271,0.00165863,0
7272,0.00107657,0
7273,0.00054018,0
7274,0.00125560,0
7275,0.00164404,0
7276,0.00174331,0
7277,0.00426300,0
7278,0.00150531,0
7279,0.02079201,0
7280,0.00116665,0
7281,0.01132413,0
7282,0.00080140,0
7283,0.00149525,0
7284,0.00103566,0
7285,0.00053194,0
7286,0.00123290,0
7287,0.00163418,0
7288,0.00153530,0
7289,0.00342714,0
7290,0.00200421,0
7291,0.00237343,0
7292,0.00460241,0
7293,0.00123409,0
7294,0.00195171,0
7295,0.00126247,0
7296,0.01159910,0
7297,0.00102563,0
7298,0.00165744,0
7299,0.00108162,0
7300,0.00055735,0
7301,0.00122995,0
7302,0.00168083,0
7303,0.00173942,0
7304,0.00364810,0
7305,0.00160922,0
7306,0.02035403,0
7307,0.00117204,0
7308,0.01135711,0
7309,0.00072391,0
7310,0.00151873,0
7311,0.00112581,0
7312,0.00053065,0
7313,0.00108962,0
7314,0.00164388,0
7315,0.00148465,0
7316,0.00345665,0
7317,0.00218153,0
7318,0.00231233,0
7319,0.00454915,0
7320,0.00122488,0
7321,0.00174099,0
7322,0.00114893,0
7323,0.01134363,0
7324,0.00091924,0
7325,0.00174238,0
7326,0.00106639,0
7327,0.00052908,0
7328,0.00116528,0
7329,0.00167833,0
7330,0.00175472,0
7331,0.00359503,0
7332,0.00147621,0
7333,0.02123830,0
7334,0.00110117,0
7335,0.01126807,0
7336,0.00075163,0
7337,0.00151045,0
7338,0.00111705,0
7339,0.00053248,0
7340,0.00117891,0
7341,0.00162134,0
7342,0.00156329,0
7343,0.00335642,0
7344,0.00221626,0
7345,0.00231801,0
7346,0.00477969,0
7347,0.00122836,0
7348,0.00166175,0
7349,0.00116399,0
7350,0.01122063,0
7351,0.00097019,0
7352,0.00163934,0
7353,0.00100632,0
7354,0.00053772,0
7355,0.00116333,0
7356,0.00169726,0
7357,0.00177880,0
7358,0.00319753,0
7359,0.00152246,0
7360,0.02282902,0
7361,0.00116807,0
7362,0.01063583,0
7363,0.00076557,0
7364,0.00145828,0
7365,0.00111217,0
7366,0.00048471,0
7367,0.00113203,0
7368,0.00158405,0
7369,0.00157864,0
7370,0.00297322,0
7371,0.00212896,0
7372,0.00253183,0
7373,0.00480349,0
7374,0.00129980,0
7375,0.00385628,0
7376,0.00119277,0
7377,0.01116626,0
7378,0.00095889,0
7379,0.00164647,0
7380,0.00107089,0
7381,0.00051230,0
7382,0.00122884,0
7383,0.00176513,0
7384,0.00185677,0
7385,0.00297115,0
7386,0.00148618,0
7387,0.02135606,0
7388,0.00112349,0
7389,0.01067014,0
7390,0.00079036,0
7391,0.00152056,0
7392,0.00108664,0
7393,0.00050911,0
7394,0.00115573,0
7395,0.00164433,0
7396,0.00148406,0
7397,0.00364751,0
7398,0.00215704,0
7399,0.00240708,0
7400,0.00467063,0
7401,0.00131203,0
7402,0.00319949,0
7403,0.00120643,0
7404,0.01117274,0
7405,0.00098350,0
7406,0.00162627,0
7407,0.00109439,0
7408,0.00051794,0
7409,0.00115177,0
7410,0.00175102,0
7411,0.00162906,0
7412,0.00341005,0
7413,0.00152771,0
7414,0.02204237,0
7415,0.00110095,0
7416,0.01168939,0
7417,0.00076345,0
7418,0.00145332,0
7419,0.00106166,0
7420,0.00049296,0
7421,0.00107078,0
7422,0.00165057,0
7423,0.00152189,0
7424,0.00358558,0
7425,0.00205052,0
7426,0.00234549,0
7427,0.00491821,0
7428,0.00130055,0
7429,0.00143710,0
7430,0.00115678,0
7431,0.01163819,0
7432,0.00092964,0
7433,0.00160010,0
7434,0.00102267,0
7435,0.00051109,0
7436,0.00123709,0
7437,0.00159411,0
7438,0.00166744,0
7439,0.00329661,0
7440,0.00145607,0
7441,0.02065155,0
7442,0.00113800,0
7443,0.01114188,0
7444,0.00075378,0
7445,0.00146107,0
7446,0.00110645,0
7447,0.00049170,0
7448,0.00118937,0
7449,0.00155067,0
7450,0.00147016,0
7451,0.00339979,0
7452,0.00201746,0
7453,0.00227103,0
7454,0.00490128,0
7455,0.00122401,0
7456,0.00226724,0
7457,0.00110565,0
7458,0.01101221,0
7459,0.00101661,0
7460,0.00167067,0
7461,0.00098942,0
7462,0.00048354,0
7463,0.00114771,0
7464,0.00149676,0
7465,0.00160709,0
7466,0.00365338,0
7467,0.00154593,0
7468,0.02140725,0
7469,0.00108500,0
7470,0.01192711,0
7471,0.00075860,0
7472,0.00147243,0
7473,0.00105943,0
7474,0.00049238,0
7475,0.00109054,0
7476,0.00149152,0
7477,0.00149506,0
7478,0.00360677,0
7479,0.00219297,0
7480,0.00235076,0
7481,0.00471793,0
7482,0.00115399,0
7483,0.00220147,0
7484,0.00115576,0
7485,0.01112497,0
7486,0.00094045,0
7487,0.00167558,0
7488,0.00101886,0
7489,0.00052837,0
7490,0.00118454,0
7491,0.00154473,0
7492,0.00163375,0
7493,0.00357885,0
7494,0.00150632,0
7495,0.02187879,0
7496,0.00105196,0
7497,0.01081946,0
7498,0.00078999,0
7499,0.00139219,0
7500,0.00104893,0
7501,0.00049363,0
7502,0.00109680,0
7503,0.00152788,0
7504,0.00153712,0
7505,0.00365794,0
7506,0.00208522,0
7507,0.00233980,0
7508,0.00462362,0
7509,0.00122095,0
7510,0.00160812,0
7511,0.00117308,0
7512,0.01143794,0
7513,0.00089621,0
7514,0.00163370,0
7515,0.00109775,0
7516,0.00047532,0
7517,0.00111758,0
7518,0.00158639,0
7519,0.00168600,0
7520,0.00363562,0
7521,0.00142713,0
7522,0.02149250,0
7523,0.00101606,0
7524,0.01067193,0
7525,0.00072397,0
7526,0.00144729,0
7527,0.00113703,0
7528,0.00047344,0
7529,0.00121869,0
7530,0.00152481,0
7531,0.00147941,0
7532,0.00347546,0
7533,0.00219908,0
7534,0.00239579,0
7535,0.00475719,0
7536,0.00126136,0
7537,0.00469165,0
7538,0.00109108,0
7539,0.01102188,0
7540,0.00096967,0
7541,0.00166984,0
7542,0.00097292,0
7543,0.00047864,0
7544,0.00116510,0
7545,0.00156183,0
7546,0.00167883,0
7547,0.00320296,0
7548,0.00148305,0
7549,0.02085825,0
7550,0.00103822,0
7551,0.01106100,0
7552,0.00080623,0
7553,0.00142418,0
7554,0.00105723,0
7555,0.00048042,0
7556,0.00116787,0
7557,0.00162060,0
7558,0.00146395,0
7559,0.00359000,0
7560,0.00212690,0
7561,0.00237140,0
7562,0.00464568,0
7563,0.00122187,0
7564,0.00177360,0
7565,0.00112859,0
7566,0.01107031,0
7567,0.00095883,0
7568,0.00158326,0
7569,0.00105561,0
7570,0.00051320,0
7571,0.00120741,0
7572,0.00161465,0
7573,0.00164377,0
7574,0.00298268,0
7575,0.00140225,0
7576,0.02170923,0
7577,0.00100288,0
7578,0.01115990,0
7579,0.00076683,0
7580,0.00144409,0
7581,0.00103869,0
7582,0.00047392,0
7583,0.00106570,0
7584,0.00160080,0
7585,0.00152705,0
7586,0.00377578,0
7587,0.00207182,0
7588,0.00225370,0
7589,0.00485027,0
7590,0.00120592,0
7591,0.00150463,0
7592,0.00106353,0
7593,0.01071409,0
7594,0.00089801,0
7595,0.00172521,0
7596,0.00109504,0
7597,0.00049542,0
7598,0.00123814,0
7599,0.00158553,0
7600,0.00171740,0
7601,0.00371754,0
7602,0.00154072,0
7603,0.02071575,0
7604,0.00102436,0
7605,0.01081637,0
7606,0.00070842,0
7607,0.00134100,0
7608,0.00106551,0
7609,0.00047093,0
7610,0.00111098,0
7611,0.00150496,0
7612,0.00141790,0
7613,0.00363299,0
7614,0.00201403,0
7615,0.00234594,0
7616,0.00461005,0
7617,0.00122996,0
7618,0.00134370,0
7619,0.00113870,0
7620,0.01162169,0
7621,0.00098369,0
7622,0.00163811,0
7623,0.00114903,0
7624,0.00054090,0
7625,0.00122235,0
7626,0.00166170,0
7627,0.00164997,0
7628,0.00399055,0
7629,0.00152577,0
7630,0.02193231,0
7631,0.00102612,0
7632,0.01063986,0
7633,0.00073017,0
7634,0.00150696,0
7635,0.00110392,0
7636,0.00047422,0
7637,0.00106662,0
7638,0.00149717,0
7639,0.00138722,0
7640,0.00408167,0
7641,0.00192538,0
7642,0.00238977,0
7643,0.00468315,0
7644,0.00120556,0
7645,0.00194299,0
7646,0.00111570,0
7647,0.01110787,0
7648,0.00095567,0
7649,0.00166001,0
7650,0.00108269,0
7651,0.00049052,0
7652,0.00113720,0
7653,0.00162441,0
7654,0.00158434,0
7655,0.00297061,0
7656,0.00140082,0
7657,0.02279410,0
7658,0.00104583,0
7659,0.01108475,0
7660,0.00072459,0
7661,0.00144959,0
7662,0.00105021,0
7663,0.00047514,0
7664,0.00109385,0
7665,0.00156523,0
7666,0.00143347,0
7667,0.00383978,0
7668,0.00210654,0
7669,0.00224420,0
7670,0.00480722,0
7671,0.00123141,0
7672,0.00191225,0
7673,0.00109902,0
7674,0.01121722,0
7675,0.00092711,0
7676,0.00162909,0
7677,0.00108247,0
7678,0.00050323,0
7679,0.00116185,0
7680,0.00157699,0
7681,0.00152964,0
7682,0.00302022,0
7683,0.00143004,0
7684,0.01904340,0
7685,0.00098764,0
7686,0.01082280,0
7687,0.00070763,0
7688,0.00135175,0
7689,0.00103775,0
7690,0.00045556,0
7691,0.00112498,0
7692,0.00146999,0
7693,0.00139032,0
7694,0.00350805,0
7695,0.00200656,0
7696,0.00236921,0
7697,0.00454281,0
7698,0.00120356,0
7699,0.00327160,0
7700,0.00120692,0
7701,0.01103774,0
7702,0.00089561,0
7703,0.00165517,0
7704,0.00105551,0
7705,0.00047615,0
7706,0.00114658,0
7707,0.00163469,0
7708,0.00148876,0
7709,0.00326371,0
7710,0.00141430,0
7711,0.02094627,0
7712,0.00102719,0
7713,0.01070691,0
7714,0.00071992,0
7715,0.00144278,0
7716,0.00101756,0
7717,0.00046811,0
7718,0.00107042,0
7719,0.00151232,0
7720,0.00134821,0
7721,0.00355315,0
7722,0.00186110,0
7723,0.00236205,0
7724,0.00455778,0
7725,0.00117707,0
7726,0.00166236,0
7727,0.00111390,0
7728,0.01108435,0
7729,0.00084862,0
7730,0.00165431,0
7731,0.00109334,0
7732,0.00047582,0
7733,0.00112595,0
7734,0.00163700,0
7735,0.00162003,0
7736,0.00308291,0
7737,0.00143669,0
7738,0.02086220,0
7739,0.00100514,0
7740,0.01039740,0
7741,0.00072494,0
7742,0.00140989,0
7743,0.00109623,0
7744,0.00047313,0
7745,0.00110228,0
7746,0.00154596,0
7747,0.00134531,0
7748,0.00385340,0
7749,0.00195556,0
7750,0.00227916,0
7751,0.00452265,0
7752,0.00124267,0
7753,0.00189945,0
7754,0.00110659,0
7755,0.01149667,0
7756,0.00089494,0
7757,0.00162449,0
7758,0.00112522,0
7759,0.00047099,0
7760,0.00121652,0
7761,0.00146640,0
7762,0.00157572,0
7763,0.00497141,0
7764,0.00148919,0
7765,0.02063343,0
7766,0.00104140,0
7767,0.01072295,0
7768,0.00067973,0
7769,0.00145005,0
7770,0.00114134,0
7771,0.00046381,0
7772,0.00105810,0
7773,0.00146124,0
7774,0.00147755,0
7775,0.00382699,0
7776,0.00197737,0
7777,0.00234157,0
7778,0.00473794,0
7779,0.00120230,0
7780,0.00189046,0
7781,0.00103754,0
7782,0.01110378,0
7783,0.00089767,0
7784,0.00162358,0
7785,0.00103707,0
7786,0.00048188,0
7787,0.00113606,0
7788,0.00149482,0
7789,0.00155705,0
7790,0.00318053,0
7791,0.00140422,0
7792,0.01982521,0
7793,0.00101444,0
7794,0.01027258,0
7795,0.00065225,0
7796,0.00141387,0
7797,0.00111715,0
7798,0.00049005,0
7799,0.00111288,0
7800,0.00151018,0
7801,0.00141902,0
7802,0.00378419,0
7803,0.00205778,0
7804,0.00240034,0
7805,0.00447081,0
7806,0.00118694,0
7807,0.00153254,0
7808,0.00115626,0
7809,0.01104495,0
7810,0.00094220,0
7811,0.00163301,0
7812,0.00103510,0
7813,0.00047806,0
7814,0.00115407,0
7815,0.00149173,0
7816,0.00160711,0
7817,0.00317109,0
7818,0.00139212,0
7819,0.02165447,0
7820,0.00106709,0
7821,0.01064534,0
7822,0.00069859,0
7823,0.00140480,0
7824,0.00113303,0
7825,0.00050394,0
7826,0.00106116,0
7827,0.00144046,0
7828,0.00147013,0
7829,0.00398374,0
7830,0.00219236,0
7831,0.00246024,0
7832,0.00461400,0
7833,0.00124150,0
7834,0.00171115,0
7835,0.00110894,0
7836,0.01110552,0
7837,0.00087128,0
7838,0.00159994,0
7839,0.00109787,0
7840,0.00048375,0
7841,0.00108837,0
7842,0.00163377,0
7843,0.00168069,0
7844,0.00315350,0
7845,0.00147490,0
7846,0.02168382,0
7847,0.00106739,0
7848,0.01080617,0
7849,0.00072987,0
7850,0.00143796,0
7851,0.00114592,0
7852,0.00049739,0
7853,0.00110293,0
7854,0.00152524,0
7855,0.00144527,0
7856,0.00386381,0
7857,0.00205918,0
7858,0.00250072,0
7859,0.00467930,0
7860,0.00121558,0
7861,0.00160425,0
7862,0.00114626,0
7863,0.01119877,0
7864,0.00092018,0
7865,0.00163630,0
7866,0.00111557,0
7867,0.00051581,0
7868,0.00116787,0
7869,0.00154988,0
7870,0.00168115,0
7871,0.00339371,0
7872,0.00153437,0
7873,0.02127701,0
7874,0.00114423,0
7875,0.01083010,0
7876,0.00071450,0
7877,0.00147442,0
7878,0.00125283,0
7879,0.00048630,0
7880,0.00112736,0
7881,0.00164817,0
7882,0.00154878,0
7883,0.00363102,0
7884,0.00218316,0
7885,0.00245474,0
7886,0.00483505,0
7887,0.00123848,0
7888,0.00213340,0
7889,0.00118983,0
7890,0.01084423,0
7891,0.00093169,0
7892,0.00159064,0
7893,0.00109693,0
7894,0.00050141,0
7895,0.00117995,0
7896,0.00166668,0
7897,0.00158530,0
7898,0.00320007,0
7899,0.00149585,0
7900,0.02170240,0
7901,0.00110473,0
7902,0.01122532,0
7903,0.00072017,0
7904,0.00147694,0
7905,0.00113424,0
7906,0.00049181,0
7907,0.00108931,0
7908,0.00154441,0
7909,0.00151764,0
7910,0.00419006,0
7911,0.00200527,0
7912,0.00237414,0
7913,0.00449686,0
7914,0.00119978,0
7915,0.00165572,0
7916,0.00115389,0
7917,0.01157348,0
7918,0.00095901,0
7919,0.00164778,0
7920,0.00101835,0
7921,0.00047789,0
7922,0.00112142,0
7923,0.00160058,0
7924,0.00167698,0
7925,0.00390392,0
7926,0.00144224,0
7927,0.02130863,0
7928,0.00109334,0
7929,0.01115836,0
7930,0.00069610,0
7931,0.00139640,0
7932,0.00108804,0
7933,0.00049256,0
7934,0.00104533,0
7935,0.00160334,0
7936,0.00143119,0
7937,0.00344652,0
7938,0.00209032,0
7939,0.00242490,0
7940,0.00459515,0
7941,0.00115157,0
7942,0.00183667,0
7943,0.00109726,0
7944,0.01114348,0
7945,0.00099615,0
7946,0.00164042,0
7947,0.00102996,0
7948,0.00047533,0
7949,0.00118007,0
7950,0.00158948,0
7951,0.00162093,0
7952,0.00359932,0
7953,0.00149818,0
7954,0.02186554,0
7955,0.00110210,0
7956,0.01084369,0
7957,0.00073007,0
7958,0.00145578,0
7959,0.00114101,0
7960,0.00048721,0
7961,0.00110173,0
7962,0.00168472,0
7963,0.00146568,0
7964,0.00375217,0
7965,0.00213714,0
7966,0.00256579,0
7967,0.00458941,0
7968,0.00124942,0
7969,0.00168530,0
7970,0.00115561,0
7971,0.01148403,0
7972,0.00090851,0
7973,0.00163925,0
7974,0.00109548,0
7975,0.00054298,0
7976,0.00117811,0
7977,0.00169538,0
7978,0.00163551,0
7979,0.00320400,0
7980,0.00142308,0
7981,0.02145330,0
7982,0.00108827,0
7983,0.01028476,0
7984,0.00074735,0
7985,0.00141823,0
7986,0.00117115,0
7987,0.00052706,0
7988,0.00120393,0
7989,0.00164922,0
7990,0.00148365,0
7991,0.00354691,0
7992,0.00226166,0
7993,0.00259351,0
7994,0.00492806,0
7995,0.00123266,0
7996,0.00370044,0
7997,0.00121352,0
7998,0.01187917,0
7999,0.00095725,0
8000,0.00167398,0
8001,0.00115075,0
8002,0.00049608,0
8003,0.00129963,0
8004,0.00157845,0
8005,0.00163843,0
8006,0.00376592,0
8007,0.00164595,0
8008,0.02136256,0
8009,0.00103416,0
8010,0.01062002,0
8011,0.00078744,0
8012,0.00145752,0
8013,0.00110419,0
8014,0.00051295,0
8015,0.00123917,0
8016,0.00155066,0
8017,0.00152018,0
8018,0.00359093,0
8019,0.00213956,0
8020,0.00264537,0
8021,0.00441364,0
8022,0.00120342,0
8023,0.00197976,0
8024,0.00125111,0
8025,0.01215126,0
8026,0.00108542,0
8027,0.00169646,0
8028,0.00104656,0
8029,0.00050793,0
8030,0.00122238,0
8031,0.00160199,0
8032,0.00167964,0
8033,0.00390926,0
8034,0.00163650,0
8035,0.02193018,0
8036,0.00107019,0
8037,0.01133105,0
8038,0.00074254,0
8039,0.00160976,0
8040,0.00118332,0
8041,0.00050681,0
8042,0.00126764,0
8043,0.00155934,0
8044,0.00146207,0
8045,0.00334772,0
8046,0.00200512,0
8047,0.00224934,0
8048,0.00442766,0
8049,0.00120843,0
8050,0.00194163,0
8051,0.00121813,0
8052,0.01145407,0
8053,0.00098051,0
8054,0.00172724,0
8055,0.00110090,0
8056,0.00052542,0
8057,0.00131703,0
8058,0.00164511,0
8059,0.00167799,0
8060,0.00376737,0
8061,0.00158452,0
8062,0.02168676,0
8063,0.00106073,0
8064,0.01085425,0
8065,0.00073331,0
8066,0.00153222,0
8067,0.00116188,0
8068,0.00050031,0
8069,0.00115997,0
8070,0.00138117,0
8071,0.00143727,0
8072,0.00355371,0
8073,0.00199097,0
8074,0.00243434,0
8075,0.00471787,0
8076,0.00125286,0
8077,0.00161074,0
8078,0.00115995,0
8079,0.01152206,0
8080,0.00100906,0
8081,0.00176928,0
8082,0.00109035,0
8083,0.00052261,0
8084,0.00125834,0
8085,0.00163569,0
8086,0.00176983,0
8087,0.00370099,0
8088,0.00168864,0
8089,0.02050416,0
8090,0.00104360,0
8091,0.01191590,0
8092,0.00077193,0
8093,0.00161685,0
8094,0.00112186,0
8095,0.00048024,0
8096,0.00128529,0
8097,0.00177382,0
8098,0.00152438,0
8099,0.00351266,0
8100,0.00218928,0
8101,0.00244700,0
8102,0.00479410,0
8103,0.00114642,0
8104,0.00138087,0
8105,0.00120050,0
8106,0.01220763,0
8107,0.00096826,0
8108,0.00185060,0
8109,0.00113340,0
8110,0.00055575,0
8111,0.00134519,0
8112,0.00177092,0
8113,0.00182528,0
8114,0.00440322,0
8115,0.00163608,0
8116,0.02020800,0
8117,0.00108359,0
8118,0.01143273,0
8119,0.00074723,0
8120,0.00158748,0
8121,0.00110945,0
8122,0.00054696,0
8123,0.00125831,0
8124,0.00172097,0
8125,0.00148423,0
8126,0.00313823,0
8127,0.00231994,0
8128,0.00268253,0
8129,0.00492360,0
8130,0.00120773,0
8131,0.00118961,0
8132,0.00129881,0
8133,0.01177864,0
8134,0.00094630,0
8135,0.00175600,0
8136,0.00112931,0
8137,0.00059397,0
8138,0.00129965,0
8139,0.00174555,0
8140,0.00173508,0
8141,0.00325974,0
8142,0.00159399,0
8143,0.02082368,0
8144,0.00120401,0
8145,0.01075317,0
8146,0.00076275,0
8147,0.00164947,0
8148,0.00114156,0
8149,0.00055422,0
8150,0.00124560,0
8151,0.00188394,0
8152,0.00151890,0
8153,0.00337821,0
8154,0.00232465,0
8155,0.00261995,0
8156,0.00472869,0
8157,0.00118509,0
8158,0.00355293,0
8159,0.00134741,0
8160,0.01130648,0
8161,0.00095708,0
8162,0.00169387,0
8163,0.00112850,0
8164,0.00056562,0
8165,0.00123828,0
8166,0.00172208,0
8167,0.00171884,0
8168,0.00502220,0
8169,0.00172865,0
8170,0.02081114,0
8171,0.00107840,0
8172,0.01149759,0
8173,0.00072368,0
8174,0.00160366,0
8175,0.00117583,0
8176,0.00056324,0
8177,0.00125058,0
8178,0.00164874,0
8179,0.00156880,0
8180,0.00333467,0
8181,0.00227369,0
8182,0.00248157,0
8183,0.00476718,0
8184,0.00118673,0
8185,0.00195933,0
8186,0.00128794,0
8187,0.01178453,0
8188,0.00092119,0
8189,0.00173081,0
8190,0.00114209,0
8191,0.00056234,0
8192,0.00125136,0
8193,0.00161856,0
8194,0.00172888,0
8195,0.00381557,0
8196,0.00155066,0
8197,0.02140691,0
8198,0.00100147,0
8199,0.01144669,0
8200,0.00068446,0
8201,0.00160228,0
8202,0.00107331,0
8203,0.00054387,0
8204,0.00127120,0
8205,0.00153665,0
8206,0.00153772,0
8207,0.00326278,0
8208,0.00207720,0
8209,0.00257932,0
8210,0.00465134,0
8211,0.00118586,0
8212,0.00180811,0
8213,0.00128004,0
8214,0.01138834,0
8215,0.00088718,0
8216,0.00176600,0
8217,0.00103908,0
8218,0.00056484,0
8219,0.00131442,0
8220,0.00168955,0
8221,0.00165645,0
8222,0.00445764,0
8223,0.00154212,0
8224,0.02139163,0
8225,0.00105691,0
8226,0.01082211,0
8227,0.00072389,0
8228,0.00156331,0
8229,0.00116885,0
8230,0.00054238,0
8231,0.00121512,0
8232,0.00170797,0
8233,0.00155717,0
8234,0.00390794,0
8235,0.00218256,0
8236,0.00258908,0
8237,0.00482675,0
8238,0.00121417,0
8239,0.00226920,0
8240,0.00122144,0
8241,0.01192493,0
8242,0.00093407,0
8243,0.00172135,0
8244,0.00106880,0
8245,0.00055757,0
8246,0.00121900,0
8247,0.00168218,0
8248,0.00173810,0
8249,0.00487311,0
8250,0.00165133,0
8251,0.02280015,0
8252,0.00110875,0
8253,0.01157436,0
8254,0.00075863,0
8255,0.00162076,0
8256,0.00114220,0
8257,0.00053655,0
8258,0.00132500,0
8259,0.00174939,0
8260,0.00155929,0
8261,0.00367625,0
8262,0.00244854,0
8263,0.00263343,0
8264,0.00475425,0
8265,0.00127870,0
8266,0.00160720,0
8267,0.00131241,0
8268,0.01137343,0
8269,0.00092038,0
8270,0.00172871,0
8271,0.00109576,0
8272,0.00053551,0
8273,0.00127702,0
8274,0.00167779,0
8275,0.00174914,0
8276,0.00395764,0
8277,0.00154797,0
8278,0.02112811,0
8279,0.00116993,0
8280,0.01149192,0
8281,0.00075403,0
8282,0.00161565,0
8283,0.00116307,0
8284,0.00054140,0
8285,0.00122941,0
8286,0.00165868,0
8287,0.00159864,0
8288,0.00332751,0
8289,0.00223738,0
8290,0.00265312,0
8291,0.00451503,0
8292,0.00125621,0
8293,0.01099837,0
8294,0.00124427,0
8295,0.01155408,0
8296,0.00101140,0
8297,0.00179809,0
8298,0.00108990,0
8299,0.00055221,0
8300,0.00130702,0
8301,0.00156062,0
8302,0.00176450,0
8303,0.00356275,0
8304,0.00153407,0
8305,0.02328817,0
8306,0.00119364,0
8307,0.01176534,0
8308,0.00086029,0
8309,0.00154941,0
8310,0.00113052,0
8311,0.00057909,0
8312,0.00121585,0
8313,0.00166370,0
8314,0.00165146,0
8315,0.00331875,0
8316,0.00236754,0
8317,0.00268847,0
8318,0.00507559,0
8319,0.00128534,0
8320,0.00199819,0
8321,0.00130378,0
8322,0.01200647,0
8323,0.00101327,0
8324,0.00175664,0
8325,0.00111368,0
8326,0.00057011,0
8327,0.00128693,0
8328,0.00169865,0
8329,0.00187427,0
8330,0.00360698,0
8331,0.00167770,0
8332,0.02200248,0
8333,0.00123927,0
8334,0.01204277,0
8335,0.00077929,0
8336,0.00164365,0
8337,0.00115547,0
8338,0.00060869,0
8339,0.00125515,0
8340,0.00168911,0
8341,0.00165463,0
8342,0.00383531,0
8343,0.00239910,0
8344,0.00261845,0
8345,0.00532866,0
8346,0.00125127,0
8347,0.00171712,0
8348,0.00130671,0
8349,0.01177967,0
8350,0.00094288,0
8351,0.00184709,0
8352,0.00107803,0
8353,0.00061479,0
8354,0.00128059,0
8355,0.00163978,0
8356,0.00178127,0
8357,0.00385841,0
8358,0.00164276,0
8359,0.02221424,0
8360,0.00118549,0
8361,0.01193629,0
8362,0.00071094,0
8363,0.00164079,0
8364,0.00120140,0
8365,0.00057341,0
8366,0.00129922,0
8367,0.00170907,0
8368,0.00173713,0
8369,0.00336936,0
8370,0.00237624,0
8371,0.00257046,0
8372,0.00523187,0
8373,0.00127421,0
8374,0.00157864,0
8375,0.00121645,0
8376,0.01177445,0
8377,0.00091466,0
8378,0.00175093,0
8379,0.00107605,0
8380,0.00055371,0
8381,0.00124104,0
8382,0.00153722,0
8383,0.00179572,0
8384,0.00383746,0
8385,0.00157519,0
8386,0.02226752,0
8387,0.00112160,0
8388,0.01173315,0
8389,0.00081132,0
8390,0.00159569,0
8391,0.00108145,0
8392,0.00056802,0
8393,0.00124999,0
8394,0.00164083,0
8395,0.00160426,0
8396,0.00356546,0
8397,0.00220807,0
8398,0.00264057,0
8399,0.00481139,0
8400,0.00126936,0
8401,0.00183738,0
8402,0.00123673,0
8403,0.01228969,0
8404,0.00092839,0
8405,0.00175682,0
8406,0.00111468,0
8407,0.00055323,0
8408,0.00118967,0
8409,0.00164366,0
8410,0.00174169,0
8411,0.00354302,0
8412,0.00158703,0
8413,0.02219551,0
8414,0.00103790,0
8415,0.01123764,0
8416,0.00075755,0
8417,0.00145618,0
8418,0.00115999,0
8419,0.00052938,0
8420,0.00116462,0
8421,0.00156944,0
8422,0.00169790,0
8423,0.00345884,0
8424,0.00232695,0
8425,0.00255297,0
8426,0.00499101,0
8427,0.00123358,0
8428,0.00164897,0
8429,0.00118338,0
8430,0.01270118,0
8431,0.00099019,0
8432,0.00184290,0
8433,0.00104900,0
8434,0.00055252,0
8435,0.00112117,0
8436,0.00149245,0
8437,0.00181044,0
8438,0.00387330,0
8439,0.00161321,0
8440,0.02314390,0
8441,0.00114595,0
8442,0.01150883,0
8443,0.00080095,0
8444,0.00150093,0
8445,0.00099552,0
8446,0.00056254,0
8447,0.00116383,0
8448,0.00155810,0
8449,0.00160666,0
8450,0.00345384,0
8451,0.00234144,0
8452,0.00271828,0
8453,0.00513719,0
8454,0.00126002,0
8455,0.00249321,0
8456,0.00123620,0
8457,0.01233522,0
8458,0.00095752,0
8459,0.00174954,0
8460,0.00107115,0
8461,0.00051567,0
8462,0.00118267,0
8463,0.00153281,0
8464,0.00178529,0
8465,0.00340757,0
8466,0.00155902,0
8467,0.02204978,0
8468,0.00110672,0
8469,0.01192056,0
8470,0.00086448,0
8471,0.00160785,0
8472,0.00115816,0
8473,0.00053456,0
8474,0.00122016,0
8475,0.00157498,0
8476,0.00168290,0
8477,0.00346206,0
8478,0.00241409,0
8479,0.00237005,0
8480,0.00502698,0
8481,0.00127597,0
8482,0.00169174,0
8483,0.00119808,0
8484,0.01166572,0
8485,0.00091412,0
8486,0.00173670,0
8487,0.00110149,0
8488,0.00054382,0
8489,0.00123990,0
8490,0.00154958,0
8491,0.00183419,0
8492,0.00344383,0
8493,0.00154648,0
8494,0.02263963,0
8495,0.00113377,0
8496,0.01253322,0
8497,0.00073624,0
8498,0.00162148,0
8499,0.00113620,0
8500,0.00054190,0
8501,0.00119779,0
8502,0.00160522,0
8503,0.00156345,0
8504,0.00387512,0
8505,0.00229680,0
8506,0.00263529,0
8507,0.00459055,0
8508,0.00124489,0
8509,0.00165630,0
8510,0.00125662,0
8511,0.01209030,0
8512,0.00088936,0
8513,0.00170860,0
8514,0.00114897,0
8515,0.00055330,0
8516,0.00129982,0
8517,0.00156478,0
8518,0.00171124,0
8519,0.00389489,0
8520,0.00167790,0
8521,0.02230400,0
8522,0.00111276,0
8523,0.01229293,0
8524,0.00073748,0
8525,0.00153411,0
8526,0.00118885,0
8527,0.00051821,0
8528,0.00114451,0
8529,0.00152905,0
8530,0.00164778,0
8531,0.00394245,0
8532,0.00237384,0
8533,0.00256068,0
8534,0.00513079,0
8535,0.00122577,0
8536,0.00165512,0
8537,0.00117386,0
8538,0.01264094,0
8539,0.00090486,0
8540,0.00179755,0
8541,0.00113530,0
8542,0.00058231,0
8543,0.00125477,0
8544,0.00165642,0
8545,0.00192916,0
8546,0.00380040,0
8547,0.00160847,0
8548,0.02256820,0
8549,0.00122356,0
8550,0.01175917,0
8551,0.00078617,0
8552,0.00159079,0
8553,0.00115492,0
8554,0.00055989,0
8555,0.00113980,0
8556,0.00151365,0
8557,0.00155405,0
8558,0.00371264,0
8559,0.00220412,0
8560,0.00259840,0
8561,0.00515085,0
8562,0.00125425,0
8563,0.00167839,0
8564,0.00126997,0
8565,0.01250696,0
8566,0.00103949,0
8567,0.00179181,0
8568,0.00113067,0
8569,0.00053472,0
8570,0.00117222,0
8571,0.00152328,0
8572,0.00179636,0
8573,0.00364951,0
8574,0.00163210,0
8575,0.02328470,0
8576,0.00116971,0
8577,0.01184212,0
8578,0.00074091,0
8579,0.00159799,0
8580,0.00115393,0
8581,0.00054885,0
8582,0.00116662,0
8583,0.00155116,0
8584,0.00159880,0
8585,0.00381661,0
8586,0.00235235,0
8587,0.00241835,0
8588,0.00497803,0
8589,0.00127851,0
8590,0.00195676,0
8591,0.00118516,0
8592,0.01221740,0
8593,0.00101250,0
8594,0.00174157,0
8595,0.00117574,0
8596,0.00053741,0
8597,0.00123751,0
8598,0.00149698,0
8599,0.00175724,0
8600,0.00370428,0
8601,0.00171107,0
8602,0.02377923,0
8603,0.00118790,0
8604,0.01153544,0
8605,0.00074843,0
8606,0.00156784,0
8607,0.00117058,0
8608,0.00054902,0
8609,0.00122068,0
8610,0.00146865,0
8611,0.00156997,0
8612,0.00334054,0
8613,0.00232982,0
8614,0.00252659,0
8615,0.00486791,0
8616,0.00122646,0
8617,0.00195305,0
8618,0.00123319,0
8619,0.01223530,0
8620,0.00098247,0
8621,0.00174787,0
8622,0.00112464,0
8623,0.00054474,0
8624,0.00121010,0
8625,0.00166924,0
8626,0.00178785,0
8627,0.00451224,0
8628,0.00165435,0
8629,0.02213430,0
8630,0.00116197,0
8631,0.01155228,0
8632,0.00077114,0
8633,0.00156081,0
8634,0.00121861,0
8635,0.00056384,0
8636,0.00120158,0
8637,0.00158885,0
8638,0.00166267,0
8639,0.00362883,0
8640,0.00239949,0
8641,0.00239659,0
8642,0.00528158,0
8643,0.00129198,0
8644,0.00209307,0
8645,0.00127209,0
8646,0.01296520,0
8647,0.00097976,0
8648,0.00176406,0
8649,0.00122681,0
8650,0.00058895,0
8651,0.00122465,0
8652,0.00166022,0
8653,0.00178058,0
8654,0.00388575,0
8655,0.00163887,0
8656,0.02327463,0
8657,0.00118146,0
8658,0.01163722,0
8659,0.00074265,0
8660,0.00151777,0
8661,0.00116934,0
8662,0.00055359,0
8663,0.00108127,0
8664,0.00153882,0
8665,0.00159241,0
8666,0.00407899,0
8667,0.00218710,0
8668,0.00237175,0
8669,0.00512648,0
8670,0.00126255,0
8671,0.00190142,0
8672,0.00126565,0
8673,0.01267692,0
8674,0.00094880,0
8675,0.00169255,0
8676,0.00116328,0
8677,0.00056035,0
8678,0.00123879,0
8679,0.00162340,0
8680,0.00179088,0
8681,0.00410805,0
8682,0.00153052,0
8683,0.02364103,0
8684,0.00116236,0
8685,0.01140473,0
8686,0.00075011,0
8687,0.00157937,0
8688,0.00122784,0
8689,0.00052058,0
8690,0.00113328,0
8691,0.00147708,0
8692,0.00166452,0
8693,0.00376889,0
8694,0.00219653,0
8695,0.00247013,0
8696,0.00525286,0
8697,0.00133639,0
8698,0.00144612,0
8699,0.00127389,0
8700,0.01245752,0
8701,0.00092786,0
8702,0.00172357,0
8703,0.00117536,0
8704,0.00054972,0
8705,0.00119659,0
8706,0.00163284,0
8707,0.00176035,0
8708,0.00449193,0
8709,0.00159723,0
8710,0.02198168,0
8711,0.00124371,0
8712,0.01136070,0
8713,0.00070982,0
8714,0.00154750,0
8715,0.00117926,0
8716,0.00051855,0
8717,0.00119865,0
8718,0.00155337,0
8719,0.00155849,0
8720,0.00393393,0
8721,0.00221656,0
8722,0.00246257,0
8723,0.00495774,0
8724,0.00134608,0
8725,0.00144774,0
8726,0.00126902,0
8727,0.01291493,0
8728,0.00095913,0
8729,0.00180479,0
8730,0.00115890,0
8731,0.00052612,0
8732,0.00119906,0
8733,0.00159184,0
8734,0.00176422,0
8735,0.00323636,0
8736,0.00154036,0
8737,0.02240472,0
8738,0.00122523,0
8739,0.01158160,0
8740,0.00069289,0
8741,0.00155706,0
8742,0.00125470,0
8743,0.00052623,0
8744,0.00115594,0
8745,0.00153112,0
8746,0.00159130,0
8747,0.00390739,0
8748,0.00236944,0
8749,0.00241568,0
8750,0.00509696,0
8751,0.00134098,0
8752,0.00205285,0
8753,0.00129229,0
8754,0.01214292,0
8755,0.00085595,0
8756,0.00177311,0
8757,0.00123294,0
8758,0.00057757,0
8759,0.00117467,0
8760,0.00160365,0
8761,0.00175220,0
8762,0.00341577,0
8763,0.00160878,0
8764,0.02472934,0
8765,0.00121492,0
8766,0.01087869,0
8767,0.00073499,0
8768,0.00156049,0
8769,0.00124063,0
8770,0.00056906,0
8771,0.00116417,0
8772,0.00159272,0
8773,0.00155315,0
8774,0.00360158,0
8775,0.00231257,0
8776,0.00262144,0
8777,0.00535691,0
8778,0.00125285,0
8779,0.00222344,0
8780,0.00130007,0
8781,0.01222950,0
8782,0.00093507,0
8783,0.00179442,0
8784,0.00122122,0
8785,0.00061440,0
8786,0.00123878,0
8787,0.00164930,0
8788,0.00169924,0
8789,0.00368099,0
8790,0.00166090,0
8791,0.02358836,0
8792,0.00120628,0
8793,0.01154999,0
8794,0.00069689,0
8795,0.00159915,0
8796,0.00117349,0
8797,0.00060951,0
8798,0.00120086,0
8799,0.00161165,0
8800,0.00162462,0
8801,0.00339805,0
8802,0.00219916,0
8803,0.00241426,0
8804,0.00523773,0
8805,0.00134384,0
8806,0.00221691,0
8807,0.00130633,0
8808,0.01204179,0
8809,0.00099200,0
8810,0.00181299,0
8811,0.00122753,0
8812,0.00059619,0
8813,0.00123431,0
8814,0.00176332,0
8815,0.00174517,0
8816,0.00372554,0
8817,0.00163908,0
8818,0.02283753,0
8819,0.00120007,0
8820,0.01117279,0
8821,0.00071388,0
8822,0.00162648,0
8823,0.00130495,0
8824,0.00058238,0
8825,0.00116393,0
8826,0.00165664,0
8827,0.00152358,0
8828,0.00394778,0
8829,0.00225050,0
8830,0.00249342,0
8831,0.00527885,0
8832,0.00131251,0
8833,0.00191862,0
8834,0.00124470,0
8835,0.01193175,0
8836,0.00093832,0
8837,0.00177357,0
8838,0.00119075,0
8839,0.00058176,0
8840,0.00126420,0
8841,0.00170173,0
8842,0.00174134,0
8843,0.00419611,0
8844,0.00167724,0
8845,0.02386916,0
8846,0.00115590,0
8847,0.01153272,0
8848,0.00078084,0
8849,0.00158299,0
8850,0.00125279,0
8851,0.00055603,0
8852,0.00114233,0
8853,0.00162681,0
8854,0.00155965,0
8855,0.00360065,0
8856,0.00236284,0
8857,0.00249812,0
8858,0.00539967,0
8859,0.00128435,0
8860,0.00202843,0
8861,0.00139960,0
8862,0.01199789,0
8863,0.00096630,0
8864,0.00188627,0
8865,0.00114305,0
8866,0.00058018,0
8867,0.00124500,0
8868,0.00171086,0
8869,0.00181366,0
8870,0.00375379,0
8871,0.00169792,0
8872,0.02413894,0
8873,0.00125308,0
8874,0.01163289,0
8875,0.00075535,0
8876,0.00158807,0
8877,0.00118049,0
8878,0.00054846,0
8879,0.00117032,0
8880,0.00167593,0
8881,0.00162885,0
8882,0.00438832,0
8883,0.00232621,0
8884,0.00247564,0
8885,0.00504435,0
8886,0.00134978,0
8887,0.00307554,0
8888,0.00132102,0
8889,0.01204442,0
8890,0.00102103,0
8891,0.00188978,0
8892,0.00121440,0
8893,0.00058443,0
8894,0.00129313,0
8895,0.00164760,0
8896,0.00184287,0
8897,0.00390111,0
8898,0.00167748,0
8899,0.02319927,0
8900,0.00123956,0
8901,0.01139500,0
8902,0.00079047,0
8903,0.00164162,0
8904,0.00131988,0
8905,0.00057160,0
8906,0.00123857,0
8907,0.00173825,0
8908,0.00163149,0
8909,0.00392462,0
8910,0.00230787,0
8911,0.00249086,0
8912,0.00528842,0
8913,0.00129113,0
8914,0.00181516,0
8915,0.00130415,0
8916,0.01146317,0
8917,0.00100563,0
8918,0.00170781,0
8919,0.00118866,0
8920,0.00060311,0
8921,0.00115273,0
8922,0.00170246,0
8923,0.00170511,0
8924,0.00462790,0
8925,0.00171833,0
8926,0.02463131,0
8927,0.00118360,0
8928,0.01200066,0
8929,0.00075102,0
8930,0.00153965,0
8931,0.00126162,0
8932,0.00055018,0
8933,0.00119865,0
8934,0.00172519,0
8935,0.00155682,0
8936,0.00400583,0
8937,0.00237304,0
8938,0.00255880,0
8939,0.00551855,0
8940,0.00133501,0
8941,0.00203659,0
8942,0.00136760,0
8943,0.01190484,0
8944,0.00096861,0
8945,0.00176446,0
8946,0.00117993,0
8947,0.00056488,0
8948,0.00128584,0
8949,0.00162005,0
8950,0.00177937,0
8951,0.00409923,0
8952,0.00158386,0
8953,0.02338952,0
8954,0.00114504,0
8955,0.01161233,0
8956,0.00069519,0
8957,0.00151600,0
8958,0.00111315,0
8959,0.00056905,0
8960,0.00112512,0
8961,0.00158487,0
8962,0.00150395,0
8963,0.00374575,0
8964,0.00230823,0
8965,0.00244062,0
8966,0.00537603,0
8967,0.00136209,0
8968,0.00154799,0
8969,0.00131638,0
8970,0.01211695,0
8971,0.00091753,0
8972,0.00165255,0
8973,0.00111920,0
8974,0.00055072,0
8975,0.00121893,0
8976,0.00168500,0
8977,0.00176488,0
8978,0.00365650,0
8979,0.00159421,0
8980,0.02387229,0
8981,0.00125780,0
8982,0.01184830,0
8983,0.00071349,0
8984,0.00147998,0
8985,0.00116813,0
8986,0.00053921,0
8987,0.00112113,0
8988,0.00154103,0
8989,0.00146994,0
8990,0.00409756,0
8991,0.00240168,0
8992,0.00257084,0
8993,0.00518638,0
8994,0.00138681,0
8995,0.00181033,0
8996,0.00130195,0
8997,0.01243475,0
8998,0.00089104,0
8999,0.00171636,0
9000,0.00113872,0
9001,0.00054642,0
9002,0.00123180,0
9003,0.00163057,0
9004,0.00178120,0
9005,0.00434296,0
9006,0.00156441,0
9007,0.02432622,0
9008,0.00123617,0
9009,0.01154539,0
9010,0.00076972,0
9011,0.00159016,0
9012,0.00118761,0
9013,0.00055543,0
9014,0.00112454,0
9015,0.00164252,0
9016,0.00163611,0
9017,0.00402808,0
9018,0.00222315,0
9019,0.00252209,0
9020,0.00536065,0
9021,0.00143328,0
9022,0.00158602,0
9023,0.00139332,0
9024,0.01247902,0
9025,0.00097370,0
9026,0.00168786,0
9027,0.00112484,0
9028,0.00053098,0
9029,0.00119604,0
9030,0.00164270,0
9031,0.00191117,0
9032,0.00391362,0
9033,0.00152147,0
9034,0.02250722,0
9035,0.00122015,0
9036,0.01151558,0
9037,0.00075485,0
9038,0.00157188,0
9039,0.00112338,0
9040,0.00052027,0
9041,0.00124398,0
9042,0.00166668,0
9043,0.00158625,0
9044,0.00366823,0
9045,0.00230149,0
9046,0.00260921,0
9047,0.00538156,0
9048,0.00137160,0
9049,0.00178221,0
9050,0.00131852,0
9051,0.01273310,0
9052,0.00096657,0
9053,0.00172947,0
9054,0.00108471,0
9055,0.00055853,0
9056,0.00118403,0
9057,0.00156798,0
9058,0.00182416,0
9059,0.00396831,0
9060,0.00160265,0
9061,0.02312618,0
9062,0.00122445,0
9063,0.01198411,0
9064,0.00069506,0
9065,0.00153055,0
9066,0.00121723,0
9067,0.00054370,0
9068,0.00115315,0
9069,0.00156531,0
9070,0.00160513,0
9071,0.00399167,0
9072,0.00216846,0
9073,0.00261355,0
9074,0.00543466,0
9075,0.00127468,0
9076,0.00136608,0
9077,0.00124150,0
9078,0.01298630,0
9079,0.00095812,0
9080,0.00175684,0
9081,0.00113825,0
9082,0.00057303,0
9083,0.00114979,0
9084,0.00164254,0
9085,0.00183772,0
9086,0.00386112,0
9087,0.00162226,0
9088,0.02339743,0
9089,0.00123372,0
9090,0.01170252,0
9091,0.00069762,0
9092,0.00152109,0
9093,0.00115569,0
9094,0.00054196,0
9095,0.00117102,0
9096,0.00165203,0
9097,0.00152757,0
9098,0.00422513,0
9099,0.00228998,0
9100,0.00263037,0
9101,0.00504197,0
9102,0.00128546,0
9103,0.00139065,0
9104,0.00125184,0
9105,0.01178033,0
9106,0.00087892,0
9107,0.00170511,0
9108,0.00113089,0
9109,0.00057912,0
9110,0.00114065,0
9111,0.00157874,0
9112,0.00171795,0
9113,0.00427384,0
9114,0.00158718,0
9115,0.02386439,0
9116,0.00122891,0
9117,0.01168356,0
9118,0.00072996,0
9119,0.00154316,0
9120,0.00112920,0
9121,0.00053649,0
9122,0.00114537,0
9123,0.00156785,0
9124,0.00156132,0
9125,0.00360230,0
9126,0.00236290,0
9127,0.00259041,0
9128,0.00509246,0
9129,0.00129903,0
9130,0.00162398,0
9131,0.00114046,0
9132,0.01196321,0
9133,0.00093668,0
9134,0.00176215,0
9135,0.00111603,0
9136,0.00054131,0
9137,0.00118546,0
9138,0.00161785,0
9139,0.00178895,0
9140,0.00415977,0
9141,0.00165505,0
9142,0.02350462,0
9143,0.00119893,0
9144,0.01179168,0
9145,0.00073299,0
9146,0.00139650,0
9147,0.00116814,0
9148,0.00053778,0
9149,0.00113820,0
9150,0.00166056,0
9151,0.00155774,0
9152,0.00369028,0
9153,0.00223190,0
9154,0.00250925,0
9155,0.00506658,0
9156,0.00136851,0
9157,0.00176746,0
9158,0.00125234,0
9159,0.01127757,0
9160,0.00094110,0
9161,0.00168147,0
9162,0.00116009,0
9163,0.00054812,0
9164,0.00116118,0
9165,0.00168310,0
9166,0.00180630,0
9167,0.00382286,0
9168,0.00150664,0
9169,0.02245430,0
9170,0.00111545,0
9171,0.01207176,0
9172,0.00069677,0
9173,0.00144640,0
9174,0.00122843,0
9175,0.00051368,0
9176,0.00112204,0
9177,0.00160157,0
9178,0.00156252,0
9179,0.00368025,0
9180,0.00224599,0
9181,0.00248824,0
9182,0.00504038,0
9183,0.00119853,0
9184,0.00139954,0
9185,0.00122269,0
9186,0.01165875,0
9187,0.00087422,0
9188,0.00173057,0
9189,0.00106844,0
9190,0.00052784,0
9191,0.00113051,0
9192,0.00161593,0
9193,0.00177524,0
9194,0.00382456,0
9195,0.00152217,0
9196,0.02233808,0
9197,0.00113000,0
9198,0.01103178,0
9199,0.00071632,0
9200,0.00144264,0
9201,0.00104516,0
9202,0.00050171,0
9203,0.00104043,0
9204,0.00157798,0
9205,0.00155861,0
9206,0.00341353,0
9207,0.00218072,0
9208,0.00250132,0
9209,0.00495240,0
9210,0.00127813,0
9211,0.00241199,0
9212,0.00111946,0
9213,0.01197454,0
9214,0.00090409,0
9215,0.00168631,0
9216,0.00105846,0
9217,0.00055006,0
9218,0.00108220,0
9219,0.00156004,0
9220,0.00164979,0
9221,0.00356049,0
9222,0.00152562,0
9223,0.02229362,0
9224,0.00114793,0
9225,0.01130242,0
9226,0.00072277,0
9227,0.00141499,0
9228,0.00104726,0
9229,0.00047060,0
9230,0.00109845,0
9231,0.00152871,0
9232,0.00158042,0
9233,0.00360336,0
9234,0.00201380,0
9235,0.00241838,0
9236,0.00490808,0
9237,0.00121334,0
9238,0.00178487,0
9239,0.00118334,0
9240,0.01201601,0
9241,0.00087356,0
9242,0.00159733,0
9243,0.00112628,0
9244,0.00051749,0
9245,0.00116749,0
9246,0.00158373,0
9247,0.00169881,0
9248,0.00368559,0
9249,0.00157031,0
9250,0.02431015,0
9251,0.00113808,0
9252,0.01141426,0
9253,0.00067763,0
9254,0.00152841,0
9255,0.00108212,0
9256,0.00051290,0
9257,0.00113474,0
9258,0.00146944,0
9259,0.00153458,0
9260,0.00377588,0
9261,0.00228960,0
9262,0.00245030,0
9263,0.00519579,0
9264,0.00130963,0
9265,0.00177496,0
9266,0.00123923,0
9267,0.01202068,0
9268,0.00088277,0
9269,0.00159150,0
9270,0.00109948,0
9271,0.00050000,0
9272,0.00113427,0
9273,0.00157627,0
9274,0.00173750,0
9275,0.00375478,0
9276,0.00151099,0
9277,0.02434989,0
9278,0.00115814,0
9279,0.01136009,0
9280,0.00078793,0
9281,0.00155139,0
9282,0.00117683,0
9283,0.00049956,0
9284,0.00114119,0
9285,0.00151957,0
9286,0.00159375,0
9287,0.00363722,0
9288,0.00231064,0
9289,0.00244338,0
9290,0.00491492,0
9291,0.00124344,0
9292,0.00159168,0
9293,0.00121305,0
9294,0.01184490,0
9295,0.00085523,0
9296,0.00163639,0
9297,0.00108293,0
9298,0.00054367,0
9299,0.00119914,0
9300,0.00171305,0
9301,0.00173948,0
9302,0.00416853,0
9303,0.00160797,0
9304,0.02313521,0
9305,0.00121501,0
9306,0.01206606,0
9307,0.00071988,0
9308,0.00159587,0
9309,0.00115986,0
9310,0.00052844,0
9311,0.00112260,0
9312,0.00153884,0
9313,0.00154322,0
9314,0.00399621,0
9315,0.00229338,0
9316,0.00242326,0
9317,0.00519571,0
9318,0.00131765,0
9319,0.00187217,0
9320,0.00125429,0
9321,0.01234588,0
9322,0.00090038,0
9323,0.00166041,0
9324,0.00119755,0
9325,0.00055778,0
9326,0.00116885,0
9327,0.00158191,0
9328,0.00176382,0
9329,0.00394489,0
9330,0.00154298,0
9331,0.02220272,0
9332,0.00114729,0
9333,0.01127252,0
9334,0.00069710,0
9335,0.00152373,0
9336,0.00111094,0
9337,0.00052068,0
9338,0.00114644,0
9339,0.00153725,0
9340,0.00150706,0
9341,0.00403623,0
9342,0.00226207,0
9343,0.00253176,0
9344,0.00507476,0
9345,0.00126426,0
9346,0.00160440,0
9347,0.00119609,0
9348,0.01238979,0
9349,0.00095571,0
9350,0.00169323,0
9351,0.00111670,0
9352,0.00051309,0
9353,0.00115078,0
9354,0.00158973,0
9355,0.00175376,0
9356,0.00364093,0
9357,0.00156731,0
9358,0.02487554,0
9359,0.00114885,0
9360,0.01239334,0
9361,0.00062673,0
9362,0.00151224,0
9363,0.00109308,0
9364,0.00051985,0
9365,0.00114789,0
9366,0.00162031,0
9367,0.00158627,0
9368,0.00365942,0
9369,0.00218788,0
9370,0.00256523,0
9371,0.00505601,0
9372,0.00132824,0
9373,0.00210992,0
9374,0.00120760,0
9375,0.01196117,0
9376,0.00086048,0
9377,0.00157130,0
9378,0.00111069,0
9379,0.00051712,0
9380,0.00114155,0
9381,0.00157906,0
9382,0.00171342,0
9383,0.00401056,0
9384,0.00158746,0
9385,0.02455345,0
9386,0.00114871,0
9387,0.01113894,0
9388,0.00073859,0
9389,0.00146816,0
9390,0.00112495,0
9391,0.00053188,0
9392,0.00112119,0
9393,0.00154948,0
9394,0.00151758,0
9395,0.00420134,0
9396,0.00240309,0
9397,0.00256628,0
9398,0.00527633,0
9399,0.00135333,0
9400,0.00154555,0
9401,0.00129027,0
9402,0.01247625,0
9403,0.00085851,0
9404,0.00172526,0
9405,0.00114921,0
9406,0.00054585,0
9407,0.00114663,0
9408,0.00153475,0
9409,0.00167538,0
9410,0.00472914,0
9411,0.00158890,0
9412,0.02350468,0
9413,0.00118132,0
9414,0.01161647,0
9415,0.00068817,0
9416,0.00153154,0
9417,0.00112003,0
9418,0.00051048,0
9419,0.00109200,0
9420,0.00149197,0
9421,0.00153980,0
9422,0.00435448,0
9423,0.00231859,0
9424,0.00253968,0
9425,0.00505288,0
9426,0.00133656,0
9427,0.00161421,0
9428,0.00126904,0
9429,0.01227702,0
9430,0.00095721,0
9431,0.00163215,0
9432,0.00105425,0
9433,0.00053821,0
9434,0.00118741,0
9435,0.00157335,0
9436,0.00177358,0
9437,0.00377986,0
9438,0.00161877,0
9439,0.02499883,0
9440,0.00113946,0
9441,0.01140289,0
9442,0.00069888,0
9443,0.00153210,0
9444,0.00111624,0
9445,0.00051397,0
9446,0.00115553,0
9447,0.00149314,0
9448,0.00151970,0
9449,0.00372625,0
9450,0.00231360,0
9451,0.00255486,0
9452,0.00500684,0
9453,0.00134249,0
9454,0.00160281,0
9455,0.00120600,0
9456,0.01143422,0
9457,0.00097129,0
9458,0.00175027,0
9459,0.00117079,0
9460,0.00053409,0
9461,0.00119500,0
9462,0.00160425,0
9463,0.00172566,0
9464,0.00468527,0
9465,0.00152108,0
9466,0.02336859,0
9467,0.00120672,0
9468,0.01177051,0
9469,0.00075962,0
9470,0.00148942,0
9471,0.00111861,0
9472,0.00051953,0
9473,0.00117240,0
9474,0.00153269,0
9475,0.00148094,0
9476,0.00384008,0
9477,0.00230795,0
9478,0.00249914,0
9479,0.00500182,0
9480,0.00133035,0
9481,0.00157181,0
9482,0.00126750,0
9483,0.01227988,0
9484,0.00089131,0
9485,0.00165933,0
9486,0.00104304,0
9487,0.00052123,0
9488,0.00117122,0
9489,0.00152648,0
9490,0.00175247,0
9491,0.00355166,0
9492,0.00152193,0
9493,0.02407987,0
9494,0.00113250,0
9495,0.01164563,0
9496,0.00070094,0
9497,0.00147308,0
9498,0.00108376,0
9499,0.00050014,0
9500,0.00119986,0
9501,0.00151672,0
9502,0.00160189,0
9503,0.00385436,0
9504,0.00229415,0
9505,0.00264904,0
9506,0.00502088,0
9507,0.00131570,0
9508,0.00162207,0
9509,0.00126114,0
9510,0.01233166,0
9511,0.00084371,0
9512,0.00175030,0
9513,0.00105853,0
9514,0.00053890,0
9515,0.00120334,0
9516,0.00156667,0
9517,0.00179695,0
9518,0.00357774,0
9519,0.00157056,0
9520,0.02443339,0
9521,0.00116067,0
9522,0.01182034,0
9523,0.00071739,0
9524,0.00148628,0
9525,0.00115664,0
9526,0.00048769,0
9527,0.00116146,0
9528,0.00162477,0
9529,0.00153711,0
9530,0.00340780,0
9531,0.00226962,0
9532,0.00247002,0
9533,0.00479452,0
9534,0.00131407,0
9535,0.00186023,0
9536,0.00117599,0
9537,0.01153778,0
9538,0.00087896,0
9539,0.00163496,0
9540,0.00104163,0
9541,0.00052670,0
9542,0.00112050,0
9543,0.00150137,0
9544,0.00183369,0
9545,0.00374973,0
9546,0.00144942,0
9547,0.02415253,0
9548,0.00115798,0
9549,0.01152584,0
9550,0.00072998,0
9551,0.00156253,0
9552,0.00103878,0
9553,0.00050237,0
9554,0.00116958,0
9555,0.00154947,0
9556,0.00156875,0
9557,0.00378646,0
9558,0.00221725,0
9559,0.00262411,0
9560,0.00478608,0
9561,0.00124253,0
9562,0.00191801,0
9563,0.00124812,0
9564,0.01179959,0
9565,0.00094231,0
9566,0.00174630,0
9567,0.00110100,0
9568,0.00052721,0
9569,0.00124372,0
9570,0.00172611,0
9571,0.00179646,0
9572,0.00367931,0
9573,0.00150836,0
9574,0.02494988,0
9575,0.00115913,0
9576,0.01157015,0
9577,0.00072799,0
9578,0.00147562,0
9579,0.00116509,0
9580,0.00051483,0
9581,0.00119901,0
9582,0.00155254,0
9583,0.00150885,0
9584,0.00372609,0
9585,0.00233352,0
9586,0.00261543,0
9587,0.00509094,0
9588,0.00139047,0
9589,0.00185763,0
9590,0.00123479,0
9591,0.01171333,0
9592,0.00090844,0
9593,0.00170877,0
9594,0.00122637,0
9595,0.00054855,0
9596,0.00107717,0
9597,0.00165567,0
9598,0.00171936,0
9599,0.00395438,0
9600,0.00162940,0
9601,0.02297337,0
9602,0.00121392,0
9603,0.01155269,0
9604,0.00071855,0
9605,0.00146557,0
9606,0.00109795,0
9607,0.00050375,0
9608,0.00109786,0
9609,0.00154455,0
9610,0.00151947,0
9611,0.00385428,0
9612,0.00236815,0
9613,0.00246419,0
9614,0.00505003,0
9615,0.00129880,0
9616,0.00136026,0
9617,0.00121531,0
9618,0.01182839,0
9619,0.00092403,0
9620,0.00183891,0
9621,0.00115856,0
9622,0.00052114,0
9623,0.00109518,0
9624,0.00160668,0
9625,0.00174984,0
9626,0.00411313,0
9627,0.00149917,0
9628,0.02438658,0
9629,0.00119879,0
9630,0.01126279,0
9631,0.00072071,0
9632,0.00154292,0
9633,0.00111549,0
9634,0.00050318,0
9635,0.00108238,0
9636,0.00146676,0
9637,0.00148324,0
9638,0.00392394,0
9639,0.00229993,0
9640,0.00266487,0
9641,0.00495181,0
9642,0.00130393,0
9643,0.00184062,0
9644,0.00127990,0
9645,0.01167933,0
9646,0.00085521,0
9647,0.00174089,0
9648,0.00110870,0
9649,0.00055618,0
9650,0.00118634,0
9651,0.00150150,0
9652,0.00178086,0
9653,0.00384701,0
9654,0.00144625,0
9655,0.02496680,0
9656,0.00120338,0
9657,0.01113842,0
9658,0.00071944,0
9659,0.00148736,0
9660,0.00110314,0
9661,0.00053625,0
9662,0.00119058,0
9663,0.00160037,0
9664,0.00158625,0
9665,0.00388860,0
9666,0.00234748,0
9667,0.00275195,0
9668,0.00490237,0
9669,0.00132516,0
9670,0.00159251,0
9671,0.00136416,0
9672,0.01170763,0
9673,0.00086641,0
9674,0.00167528,0
9675,0.00105211,0
9676,0.00053107,0
9677,0.00111697,0
9678,0.00178284,0
9679,0.00179117,0
9680,0.00359250,0
9681,0.00154206,0
9682,0.02497403,0
9683,0.00118469,0
9684,0.01164412,0
9685,0.00064545,0
9686,0.00153609,0
9687,0.00109734,0
9688,0.00049719,0
9689,0.00119721,0
9690,0.00152043,0
9691,0.00145263,0
9692,0.00382954,0
9693,0.00211747,0
9694,0.00247714,0
9695,0.00485135,0
9696,0.00128037,0
9697,0.00144441,0
9698,0.00118947,0
9699,0.01133092,0
9700,0.00090403,0
9701,0.00167340,0
9702,0.00114959,0
9703,0.00051906,0
9704,0.00119399,0
9705,0.00151946,0
9706,0.00167324,0
9707,0.00363618,0
9708,0.00149746,0
9709,0.02476282,0
9710,0.00120860,0
9711,0.01193406,0
9712,0.00070710,0
9713,0.00148452,0
9714,0.00111451,0
9715,0.00052568,0
9716,0.00108546,0
9717,0.00159544,0
9718,0.00148547,0
9719,0.00402074,0
9720,0.00217321,0
9721,0.00245446,0
9722,0.00491042,0
9723,0.00130157,0
9724,0.00137667,0
9725,0.00121855,0
9726,0.01172602,0
9727,0.00086083,0
9728,0.00166050,0
9729,0.00110870,0
9730,0.00049626,0
9731,0.00117718,0
9732,0.00167781,0
9733,0.00164291,0
9734,0.00396799,0
9735,0.00150049,0
9736,0.02445736,0
9737,0.00118996,0
9738,0.01176538,0
9739,0.00066776,0
9740,0.00150844,0
9741,0.00106720,0
9742,0.00052368,0
9743,0.00112763,0
9744,0.00145306,0
9745,0.00150306,0
9746,0.00405815,0
9747,0.00219238,0
9748,0.00255281,0
9749,0.00482532,0
9750,0.00131807,0
9751,0.00178645,0
9752,0.00117352,0
9753,0.01145939,0
9754,0.00095438,0
9755,0.00164626,0
9756,0.00119908,0
9757,0.00051554,0
9758,0.00119659,0
9759,0.00165456,0
9760,0.00177421,0
9761,0.00351063,0
9762,0.00154061,0
9763,0.02360318,0
9764,0.00126537,0
9765,0.01140893,0
9766,0.00072518,0
9767,0.00148587,0
9768,0.00112054,0
9769,0.00053681,0
9770,0.00110959,0
9771,0.00161587,0
9772,0.00149705,0
9773,0.00426202,0
9774,0.00234689,0
9775,0.00257582,0
9776,0.00482899,0
9777,0.00127988,0
9778,0.00160710,0
9779,0.00125315,0
9780,0.01161551,0
9781,0.00089331,0
9782,0.00168541,0
9783,0.00122945,0
9784,0.00054171,0
9785,0.00115094,0
9786,0.00178347,0
9787,0.00180000,0
9788,0.00435775,0
9789,0.00163754,0
9790,0.02483467,0
9791,0.00114293,0
9792,0.01110991,0
9793,0.00074943,0
9794,0.00158393,0
9795,0.00104441,0
9796,0.00056750,0
9797,0.00118966,0
9798,0.00165905,0
9799,0.00151915,0
9800,0.00348712,0
9801,0.00234678,0
9802,0.00252560,0
9803,0.00500777,0
9804,0.00134777,0
9805,0.00153818,0
9806,0.00127177,0
9807,0.01195074,0
9808,0.00093194,0
9809,0.00174188,0
9810,0.00116230,0
9811,0.00055090,0
9812,0.00126135,0
9813,0.00176122,0
9814,0.00179237,0
9815,0.00410775,0
9816,0.00161502,0
9817,0.02426697,0
9818,0.00122421,0
9819,0.01114650,0
9820,0.00075928,0
9821,0.00165457,0
9822,0.00119194,0
9823,0.00055073,0
9824,0.00122061,0
9825,0.00164425,0
9826,0.00150697,0
9827,0.00403592,0
9828,0.00241333,0
9829,0.00258132,0
9830,0.00496713,0
9831,0.00133784,0
9832,0.00154337,0
9833,0.00126910,0
9834,0.01238854,0
9835,0.00096349,0
9836,0.00173917,0
9837,0.00117702,0
9838,0.00051734,0
9839,0.00119868,0
9840,0.00174331,0
9841,0.00179064,0
9842,0.00407345,0
9843,0.00166870,0
9844,0.02334695,0
9845,0.00117949,0
9846,0.01153348,0
9847,0.00072335,0
9848,0.00161769,0
9849,0.00114570,0
9850,0.00053866,0
9851,0.00124885,0
9852,0.00171598,0
9853,0.00159918,0
9854,0.00376522,0
9855,0.00237113,0
9856,0.00253431,0
9857,0.00478917,0
9858,0.00137000,0
9859,0.00172838,0
9860,0.00138142,0
9861,0.01228871,0
9862,0.00092537,0
9863,0.00169931,0
9864,0.00110183,0
9865,0.00055755,0
9866,0.00120027,0
9867,0.00176910,0
9868,0.00177847,0
9869,0.00389075,0
9870,0.00164729,0
9871,0.02347424,0
9872,0.00118761,0
9873,0.01082316,0
9874,0.00072223,0
9875,0.00158238,0
9876,0.00112131,0
9877,0.00055731,0
9878,0.00118255,0
9879,0.00163851,0
9880,0.00161225,0
9881,0.00347540,0
9882,0.00252494,0
9883,0.00241415,0
9884,0.00516593,0
9885,0.00130430,0
9886,0.00166992,0
9887,0.00137317,0
9888,0.01163355,0
9889,0.00099197,0
9890,0.00171937,0
9891,0.00111341,0
9892,0.00054407,0
9893,0.00131501,0
9894,0.00179641,0
9895,0.00173086,0
9896,0.00502933,0
9897,0.00160799,0
9898,0.02238548,0
9899,0.00122873,0
9900,0.01130951,0
9901,0.00069841,0
9902,0.00164489,0
9903,0.00118742,0
9904,0.00054257,0
9905,0.00128741,0
9906,0.00188485,0
9907,0.00156857,0
9908,0.00393229,0
9909,0.00253163,0
9910,0.00259826,0
9911,0.00470102,0
9912,0.00131742,0
9913,0.00210543,0
9914,0.00132149,0
9915,0.01212195,0
9916,0.00094513,0
9917,0.00178782,0
9918,0.00114699,0
9919,0.00055412,0
9920,0.00133336,0
9921,0.00181618,0
9922,0.00184114,0
9923,0.00340496,0
9924,0.00166372,0
9925,0.02159565,0
9926,0.00114998,0
9927,0.01135725,0
9928,0.00065985,0
9929,0.00148168,0
9930,0.00121010,0
9931,0.00052353,0
9932,0.00127436,0
9933,0.00170985,0
9934,0.00157831,0
9935,0.00368292,0
9936,0.00268421,0
9937,0.00263925,0
9938,0.00491908,0
9939,0.00130341,0
9940,0.00144132,0
9941,0.00124014,0
9942,0.01131780,0
9943,0.00086617,0
9944,0.00164327,0
9945,0.00114966,0
9946,0.00055202,0
9947,0.00133288,0
9948,0.00172394,0
9949,0.00160821,0
9950,0.00373932,0
9951,0.00162773,0
9952,0.02241024,0
9953,0.00110957,0
9954,0.01078712,0
9955,0.00060157,0
9956,0.00149912,0
9957,0.00111952,0
9958,0.00054560,0
9959,0.00118263,0
9960,0.00154145,0
9961,0.00164380,0
9962,0.00325891,0
9963,0.00228545,0
9964,0.00248315,0
9965,0.00479211,0
9966,0.00126638,0
9967,0.00144282,0
9968,0.00127013,0
9969,0.01200463,0
9970,0.00085960,0
9971,0.00169114,0
9972,0.00104199,0
9973,0.00051705,0
9974,0.00124033,0
9975,0.00159248,0
9976,0.00160363,0
9977,0.00303182,0
9978,0.00156259,0
9979,0.02247611,0
9980,0.00111192,0
9981,0.01104084,0
9982,0.00058843,0
9983,0.00147221,0
9984,0.00113979,0
9985,0.00052508,0
9986,0.00114069,0
9987,0.00167699,0
9988,0.00155092,0
9989,0.00337522,0
9990,0.00228041,0
9991,0.00241769,0
9992,0.00484297,0
9993,0.00123869,0
9994,0.00253848,0
9995,0.00125656,0
9996,0.01112377,0
9997,0.00094929,0
9998,0.00176107,0
9999,0.00108134,0
