step,entropy
0,0.00073597
1,0.00161373
2,0.00036280
3,0.00674894
4,0.00190325
5,0.00646019
6,0.00205430
7,0.00268947
8,0.00260216
9,0.00047620
10,0.00189095
11,0.01099604
12,0.00098177
13,0.00167783
14,0.00099795
15,0.00021082
16,0.00093773
17,0.00020710
18,0.00069884
19,0.00190119
20,0.00309486
21,0.00104656
22,0.00152297
23,0.00171358
24,0.00160409
25,0.00063802
26,0.00101110
27,0.00068658
28,0.00129530
29,0.00087036
30,0.00072001
31,0.00166926
32,0.00110275
33,0.00710139
34,0.00115196
35,0.00114356
36,0.00077459
37,0.01281843
38,0.00175636
39,0.00143703
40,0.00086194
41,0.01338675
42,0.00118218
43,0.00672442
44,0.00111005
45,0.00273416
46,0.00207354
47,0.00079119
48,0.00329232
49,0.00070050
50,0.00095316
51,0.00280583
52,0.00113619
53,0.00081161
54,0.00162919
55,0.00083033
56,0.00106487
57,0.00058609
58,0.00136030
59,0.00691191
60,0.00128784
61,0.00076128
62,0.00118820
63,0.00092596
64,0.00196093
65,0.00098028
66,0.00076108
67,0.00978624
68,0.00174919
69,0.00049565
70,0.00456339
71,0.00173000
72,0.00190541
73,0.00197979
74,0.00071915
75,0.00167762
76,0.00152339
77,0.00155966
78,0.00084346
79,0.00206213
80,0.00174783
81,0.00086145
82,0.00082249
83,0.00124036
84,0.01206856
85,0.00068296
86,0.00030710
87,0.00150143
88,0.00070858
89,0.00053590
90,0.01284132
91,0.00120529
92,0.01284732
93,0.00050728
94,0.00112861
95,0.00057094
96,0.00037524
97,0.00209941
98,0.00202217
99,0.00043967
100,0.00089595
101,0.00079428
102,0.00335443
103,0.00812531
104,0.00113280
105,0.00211577
106,0.09909869
107,0.01180429
108,0.00071401
109,0.00103099
110,0.01392463
111,0.00355922
112,0.00079312
113,0.00756946
114,0.00157760
115,0.00090635
116,0.00060366
117,0.00043369
118,0.00114270
119,0.00097675
120,0.00957903
121,0.00133923
122,0.00078703
123,0.00109305
124,0.77466140
125,0.00121519
126,0.00190647
127,0.00098892
128,0.01170767
129,0.00187629
130,0.00258184
131,0.00359032
132,0.00063219
133,0.00050341
134,0.00089781
135,0.00119893
136,0.00105625
137,0.00075551
138,0.00046473
139,0.00060261
140,0.00086103
141,0.00075961
142,0.00352367
143,0.00207141
144,0.00072913
145,0.00074118
146,0.00129233
147,0.01359296
148,0.00107152
149,0.00175597
150,0.00145184
151,0.00069991
152,0.00055881
153,0.00149579
154,0.00166191
155,0.00075732
156,0.00148090
157,0.00086493
158,0.00082460
159,0.00134709
160,0.00215625
161,0.00102882
162,0.00155080
163,0.01451227
164,0.00078815
165,0.00135781
166,0.00099901
167,0.00429863
168,0.00132147
169,0.00053228
170,0.00068085
171,0.00200451
172,0.00030196
173,0.00939915
174,0.00069974
175,0.00071288
176,0.00085886
177,0.00056863
178,0.00271586
179,0.00087092
180,0.00372106
181,0.00161300
182,0.00092857
183,0.00111831
184,0.00082769
185,0.00117669
186,0.00346281
187,0.00083859
188,0.00112797
189,0.00088701
190,0.00342267
191,0.00012360
192,0.00467617
193,0.96244508
194,0.00070637
195,0.00075108
196,0.00089664
197,0.00018641
198,0.00076798
199,0.00113803
200,0.00301299
201,0.00046643
202,0.00581351
203,0.00120236
204,0.00403804
205,0.00127879
206,0.00150777
207,0.00061850
208,0.00195975
209,0.00119922
210,0.00053970
211,0.00080025
212,0.00096517
213,0.00208171
214,0.01401209
215,0.00199317
216,0.00093450
217,0.00148717
218,0.00075488
219,0.00156065
220,0.00066463
221,0.00199605
222,0.00746343
223,0.00105815
224,0.00147829
225,0.00358142
226,0.00041923
227,0.00115781
228,0.01415766
229,0.00364318
230,0.00078123
231,0.00126842
232,0.00212317
233,0.00068614
234,0.00036257
235,0.00036316
236,0.00083623
237,0.00065889
238,0.01454422
239,0.00272812
240,0.00077243
241,0.00090437
242,0.00074538
243,0.00052210
244,0.00106832
245,0.00059355
246,0.00084464
247,0.00152838
248,0.00060582
249,0.00073731
250,0.00146311
251,0.00074893
252,0.00056299
253,0.00087004
254,0.00276143
255,0.00048129
256,0.00059983
257,0.00124758
258,0.00769842
259,0.00115037
260,0.00700744
261,0.00303775
262,0.00172454
263,0.00097611
264,0.00151413
265,0.00105771
266,0.00136120
267,0.00142244
268,0.00103389
269,0.00051029
270,0.00430770
271,0.00119173
272,0.00127743
273,0.00078591
274,0.00024501
275,0.00058311
276,0.00098975
277,0.00033087
278,0.00776303
279,0.00182762
280,0.00086553
281,0.00121041
282,0.00048791
283,0.00105196
284,0.00178626
285,0.00172425
286,0.00151434
287,0.00072271
288,0.00141457
289,0.00126759
290,0.00086285
291,0.00189677
292,0.00195797
293,0.00116590
294,0.00079922
295,0.00127404
296,0.00126482
297,0.00095404
298,0.00358490
299,0.01441382
300,0.00126672
301,0.01390067
302,0.00044821
303,0.00679913
304,0.00061443
305,0.00208535
306,0.00231802
307,0.00197935
308,0.00215248
309,0.00357887
310,0.00467973
311,0.00087270
312,0.00091780
313,0.00060804
314,0.00113379
315,0.00222956
316,0.00121409
317,0.00051089
318,0.00142148
319,0.00092766
320,0.00087713
321,0.00656163
322,0.00987325
323,0.00060290
324,0.00093077
325,0.00363337
326,0.00198103
327,0.00196517
328,0.00090318
329,0.00121866
330,0.00123290
331,0.00080248
332,0.00199135
333,0.00088418
334,0.00086096
335,0.00055296
336,0.00163321
337,0.00202161
338,0.00198860
339,0.00076951
340,0.00122709
341,0.00086926
342,0.00667995
343,0.00149616
344,0.00150288
345,0.00417841
346,0.00296092
347,0.00152749
348,0.00141205
349,0.00058282
350,0.00201382
351,0.00208179
352,0.00092570
353,0.00031477
354,0.00211626
355,0.00068458
356,0.00096588
357,0.00104636
358,0.00155775
359,0.00093267
360,0.00135271
361,0.00044932
362,0.00074224
363,0.00091113
364,0.00091233
365,0.00410888
366,0.00265188
367,0.00191994
368,0.00154775
369,0.00083740
370,0.00086471
371,0.00076498
372,0.00076161
373,0.00078811
374,0.00117497
375,0.00057601
376,0.00075423
377,0.00059304
378,0.00041713
379,0.00092390
380,0.00750773
381,0.00072383
382,0.00101060
383,0.00089276
384,0.00106681
385,0.01461569
386,0.00052480
387,0.00362918
388,0.00258820
389,0.00087404
390,0.00112049
391,0.00090689
392,0.00035881
393,0.01439622
394,0.00174613
395,0.00052662
396,0.00177214
397,0.00401543
398,0.00044172
399,0.00090861
400,0.00161127
401,0.00104894
402,0.00033917
403,0.00095917
404,0.00238289
405,0.00701035
406,0.00138056
407,0.00079804
408,0.00090427
409,0.00276125
410,0.00131071
411,0.00069533
412,0.01108193
413,0.00663412
414,0.00405505
415,0.00075694
416,0.00384326
417,0.00759370
418,0.00575659
419,0.00057541
420,0.00036209
421,0.00131814
422,0.00200048
423,0.00095168
424,0.00171179
425,0.00361227
426,0.00213235
427,0.00077324
428,0.00078572
429,0.00088187
430,0.00074057
431,0.00129979
432,0.00209120
433,0.01200155
434,0.00150497
435,0.00084100
436,0.00215069
437,0.00100177
438,0.00637548
439,0.00670755
440,0.00108924
441,0.00274492
442,0.00022553
443,0.00047481
444,0.00085655
445,0.01057035
446,0.00074079
447,0.00154265
448,0.00043208
449,0.00315014
450,0.00077091
451,0.00146307
452,0.00185124
453,0.00078325
454,0.00052291
455,0.00163990
456,0.00080068
457,0.00088785
458,0.00236731
459,0.00701308
460,0.00038926
461,0.00070996
462,0.00083707
463,0.00114293
464,0.00126634
465,0.09101859
466,0.00060285
467,0.01169214
468,0.00176318
469,0.00042939
470,0.00396924
471,0.00058121
472,0.00371109
473,0.00050738
474,0.00105413
475,0.00205773
476,0.00191722
477,0.00130215
478,0.00096140
479,0.00138254
480,0.00063020
481,0.00274893
482,0.00047953
483,0.00052901
484,0.00052146
485,0.00421611
486,0.00062477
487,0.00067811
488,0.00175383
489,0.00061841
490,0.00051331
491,0.00197220
492,0.00029418
493,0.00484557
494,0.00606137
495,0.00082972
496,0.00131583
497,0.00164832
498,0.00054679
499,0.00113534
500,0.00202898
501,0.00271815
502,0.00112029
503,0.00125080
504,0.00075085
505,0.00036511
506,0.05387015
507,0.00084967
508,0.00082227
509,0.01142697
510,0.00103142
511,0.00086725
512,0.00139424
513,0.00085299
514,0.00085316
515,0.00075148
516,0.00095170
517,0.00091133
518,0.00117115
519,0.00177291
520,0.00067730
521,0.20896850
522,0.00080565
523,0.00150306
524,0.00084602
525,0.00054469
526,0.00127976
527,0.00056101
528,0.00046995
529,0.00068151
530,0.00087990
531,0.00093373
532,0.00065281
533,0.00072195
534,0.00162135
535,0.00042493
536,0.00061952
537,0.00049702
538,0.00110830
539,0.00180769
540,0.00080657
541,0.00319871
542,0.00616449
543,0.00150302
544,0.00014307
545,0.00127015
546,0.00039297
547,0.00086939
548,0.00374125
549,0.00160170
550,0.00097119
551,0.00096869
552,0.00086886
553,0.00071832
554,0.00708703
555,0.00330043
556,0.00085935
557,0.00066302
558,0.00052571
559,0.00050841
560,0.00036381
561,0.00122466
562,0.00110098
563,0.00105931
564,0.00066516
565,0.00139608
566,0.00110982
567,0.00151436
568,0.00163508
569,0.00085875
570,0.00058784
571,0.00090931
572,0.00097361
573,0.00344883
574,0.00352770
575,0.00098601
576,0.00088656
577,0.00093650
578,0.00153084
579,0.00077785
580,0.00057714
581,0.00767922
582,0.00055326
583,0.00137635
584,0.00130911
585,0.00095879
586,0.00143413
587,0.00090406
588,0.01372001
589,0.00082128
590,0.00213920
591,0.00087324
592,0.00107264
593,0.00054111
594,0.00209401
595,0.00061591
596,0.00086584
597,0.00017624
598,0.00130902
599,0.00106309
600,0.00229177
601,0.00162459
602,0.00701825
603,0.01442900
604,0.00385342
605,0.00092260
606,0.00044839
607,0.00040962
608,2.52175590
609,0.00055705
610,0.00107608
611,0.00753552
612,0.00186529
613,0.00203535
614,0.00060415
615,0.00075427
616,0.00134459
617,0.00702300
618,0.00095896
619,0.00177952
620,0.00044296
621,0.00272296
622,0.00214731
623,0.00111913
624,0.00182897
625,0.00016176
626,0.00182092
627,0.00061113
628,0.00124886
629,0.00073104
630,0.00081860
631,0.00090949
632,0.00079266
633,0.00088876
634,0.00178565
635,0.00065012
636,0.00045078
637,0.00062279
638,0.00100605
639,0.00058683
640,0.00201826
641,0.00213428
642,0.00161327
643,0.00201008
644,0.00072283
645,0.00073570
646,0.01352894
647,0.00096818
648,0.00189731
649,0.00197418
650,0.00111005
651,0.00112915
652,0.00141122
653,0.00718401
654,0.00190062
655,0.00182028
656,0.00223644
657,0.00061329
658,0.00639287
659,0.00055732
660,0.00134723
661,0.00025077
662,0.00066726
663,0.00066814
664,0.00209077
665,0.00075144
666,0.01054138
667,0.00126810
668,0.00085678
669,0.00112680
670,0.00185407
671,0.00057063
672,0.00260699
673,0.00076173
674,0.00162086
675,0.00705181
676,0.00103542
677,0.00114528
678,0.00114480
679,0.00741333
680,0.00678301
681,0.00116984
682,0.00303408
683,0.00151725
684,0.00228282
685,0.00069843
686,0.00099657
687,0.00034854
688,0.00574288
689,0.00129638
690,0.00095489
691,0.00212503
692,0.00059655
693,0.00073910
694,0.00338326
695,0.00153608
696,0.00040187
697,0.00616918
698,0.00003198
699,0.00049079
700,0.00110730
701,0.00063899
702,0.00054208
703,0.00113895
704,0.00097093
705,0.00074462
706,0.00196473
707,0.00050224
708,0.00115466
709,0.00007615
710,0.00088387
711,0.00218179
712,0.00417469
713,0.00181644
714,0.00177084
715,0.00047274
716,0.00058237
717,0.00018165
718,0.00151455
719,0.00366155
720,0.00334358
721,0.00295313
722,0.00099702
723,0.00085361
724,0.00213338
725,0.00193522
726,0.00047392
727,0.00050267
728,0.00119868
729,0.00072740
730,0.00077855
731,0.00074970
732,0.00768096
733,0.00091736
734,0.00139339
735,0.00080577
736,0.00214374
737,0.00115597
738,0.00074037
739,0.00262352
740,0.00086514
741,0.00681648
742,0.00094286
743,0.00106481
744,0.00126525
745,0.00080399
746,0.00188563
747,0.00112248
748,0.00107688
749,0.00089273
750,0.00051179
751,0.00007543
752,0.01361685
753,0.00061299
754,0.75103362
755,0.00083969
756,0.00069148
757,0.00171125
758,0.00106934
759,0.00048678
760,0.00020685
761,0.00283394
762,0.00121730
763,0.00095978
764,0.00108545
765,0.00061472
766,0.00077828
767,0.00072733
768,0.00040646
769,0.00135569
770,0.00232229
771,0.00089082
772,0.00040806
773,0.00070536
774,0.00225488
775,0.00743539
776,0.00216215
777,0.00085230
778,0.00137453
779,0.00117385
780,0.00104395
781,0.00718823
782,0.00086811
783,0.00040581
784,0.00151479
785,0.00086032
786,0.00197372
787,0.00020631
788,0.01201951
789,0.00330681
790,0.00078955
791,0.00068316
792,0.00175195
793,0.00098270
794,0.00075660
795,0.00173579
796,0.00038982
797,0.00054911
798,0.00042865
799,0.00171118
800,0.00214745
801,0.00274615
802,0.00213766
803,0.00074839
804,0.00308660
805,0.00182072
806,0.00086492
807,0.00615295
808,0.00330706
809,0.00044405
810,0.00130418
811,0.00118843
812,0.00084553
813,0.00038488
814,0.00165050
815,0.00203913
816,0.00010762
817,0.00056090
818,0.00168582
819,0.00175238
820,0.00089993
821,0.00128779
822,0.00052965
823,0.00220329
824,0.00335200
825,0.00737935
826,0.00100890
827,0.00343405
828,0.00126274
829,0.00152412
830,0.00114057
831,0.00051271
832,0.00091328
833,0.00136797
834,0.00074658
835,0.00123233
836,0.00261485
837,0.00106715
838,0.00119053
839,0.00079448
840,0.00038519
841,0.00260983
842,0.00070071
843,0.00100990
844,0.00061441
845,0.00092708
846,0.00037673
847,0.00083474
848,0.00005863
849,0.00137083
850,0.00082509
851,0.01482439
852,0.00380329
853,0.00572686
854,0.00276188
855,0.00023640
856,0.00156288
857,0.00104067
858,0.00135467
859,0.00078336
860,0.00092466
861,0.00682897
862,0.00217171
863,0.00180215
864,0.00099121
865,0.00110257
866,0.00076968
867,0.00066332
868,0.00047013
869,0.00318029
870,0.00096099
871,0.00660019
872,0.00074940
873,0.00055488
874,0.00091336
875,0.00200568
876,0.00020040
877,0.00088875
878,0.00071039
879,0.00126162
880,0.00177462
881,0.00052605
882,0.00194054
883,0.00065925
884,0.00119450
885,0.00065182
886,0.00118292
887,0.00050260
888,0.00050990
889,0.00064287
890,0.00057594
891,0.00128529
892,0.00051363
893,0.00164298
894,0.00073742
895,0.00222176
896,0.00013102
897,0.00043045
898,0.00054772
899,0.00094766
900,0.00038620
901,0.00373753
902,0.00286647
903,0.00117572
904,0.00064164
905,0.00106250
906,0.00164617
907,0.00225221
908,0.00056992
909,0.00062035
910,0.00126466
911,0.00104192
912,0.00054103
913,0.00143924
914,0.00277966
915,0.00090395
916,0.00343395
917,0.00265022
918,0.00173808
919,0.00083073
920,0.00107192
921,0.00075970
922,0.00093922
923,0.00702272
924,0.00130698
925,0.00068604
926,0.00191971
927,0.00153244
928,0.00062076
929,0.00306182
930,0.00130733
931,0.00107883
932,0.00092531
933,0.00080902
934,0.00060460
935,0.00160832
936,0.00193256
937,0.00053196
938,0.00090811
939,0.00163510
940,0.00069909
941,0.00203937
942,0.00022109
943,0.00041965
944,0.00034874
945,0.00158750
946,0.00049372
947,0.00731004
948,0.00192313
949,0.01133565
950,0.00172084
951,0.00073514
952,0.01205501
953,0.00119657
954,0.00074822
955,0.00067975
956,0.00069386
957,0.00386200
958,0.00213142
959,0.00061775
960,0.00134381
961,0.00056439
962,0.00111697
963,0.00212775
964,0.00286849
965,0.00082560
966,0.00053958
967,0.01395904
968,0.00178200
969,0.00340093
970,0.00153225
971,0.00054632
972,0.00077266
973,0.00195480
974,0.00186124
975,0.00094850
976,0.00128387
977,0.00180475
978,0.00932560
979,0.00300643
980,0.00137570
981,0.00107949
982,0.00724330
983,0.00253777
984,0.00120110
985,0.00309414
986,0.00130641
987,0.00764114
988,0.00198835
989,0.00386664
990,0.00044133
991,0.00088616
992,0.00074830
993,0.00030110
994,0.00068989
995,0.00369743
996,0.00051686
997,0.00549712
998,0.00046043
999,0.00082787
1000,0.00314735
1001,0.00074061
1002,0.00198264
1003,0.00425624
1004,0.00214515
1005,0.00086883
1006,0.00082040
1007,0.00219672
1008,0.00203888
1009,0.00654962
1010,0.00263411
1011,0.00488046
1012,0.00066470
1013,0.00692967
1014,0.00143548
1015,0.00073532
1016,0.00119020
1017,0.00048610
1018,0.00155421
1019,0.00371101
1020,0.00352924
1021,0.00072575
1022,0.00178004
1023,0.00789091
1024,0.00076475
1025,0.00172551
1026,0.00129237
1027,0.00099098
1028,0.00197757
1029,0.00077546
1030,0.00059946
1031,0.00063698
1032,0.00046439
1033,0.00074051
1034,0.00084307
1035,0.00047724
1036,0.00200465
1037,0.00199195
1038,0.00357062
1039,0.00184367
1040,0.00338099
1041,0.00167513
1042,0.00410733
1043,0.00173422
1044,0.00084000
1045,0.00732034
1046,0.00099197
1047,0.00081102
1048,0.00168305
1049,0.00035466
1050,0.00112839
1051,0.00137080
1052,0.00098460
1053,0.00086709
1054,0.00083350
1055,0.00089418
1056,0.00155860
1057,0.00071409
1058,0.00266325
1059,0.00678718
1060,0.01365230
1061,0.00106340
1062,0.00076393
1063,0.00063926
1064,0.00053174
1065,0.00203077
1066,0.00048248
1067,0.00206507
1068,0.00456533
1069,0.00179758
1070,0.00162348
1071,0.00070970
1072,0.00107777
1073,0.00058076
1074,0.00081877
1075,0.00066933
1076,0.00075769
1077,0.00108864
1078,0.00062597
1079,0.00152676
1080,0.00345439
1081,0.00081905
1082,0.00172884
1083,0.00041020
1084,0.00087840
1085,0.00050031
1086,0.00047660
1087,0.00177475
1088,0.00091037
1089,0.00073898
1090,0.00087656
1091,0.00163454
1092,0.00067341
1093,0.00158321
1094,0.00077044
1095,0.00052208
1096,0.00327835
1097,0.00049617
1098,0.00101997
1099,0.00088179
1100,0.00143627
1101,0.00081623
1102,0.00380678
1103,0.00048825
1104,0.00332784
1105,0.00079616
1106,0.00073883
1107,0.00297123
1108,0.00180644
1109,0.00281553
1110,0.00017631
1111,0.00380282
1112,0.00094471
1113,0.00102006
1114,0.00055875
1115,0.00124783
1116,0.00137416
1117,0.00459252
1118,0.00038493
1119,0.00024418
1120,0.00106826
1121,0.00105889
1122,0.00188351
1123,0.00722735
1124,0.00266296
1125,0.00099646
1126,0.00104495
1127,0.00115475
1128,0.00088259
1129,0.00381534
1130,0.00087410
1131,0.00038803
1132,0.00382632
1133,0.00103561
1134,0.00088936
1135,0.00260237
1136,0.00160365
1137,0.00167171
1138,0.00103966
1139,0.00787068
1140,0.00130802
1141,0.00137514
1142,0.00050945
1143,0.00096248
1144,0.00690904
1145,0.00019280
1146,0.00075140
1147,0.00089230
1148,0.00119877
1149,0.00662783
1150,0.00275549
1151,0.00197612
1152,0.00735528
1153,0.00296957
1154,0.00074892
1155,0.00080263
1156,0.00127824
1157,0.00088511
1158,0.00115125
1159,0.00136004
1160,0.00090889
1161,0.00074168
1162,0.00048157
1163,0.00104858
1164,0.00167046
1165,0.00128670
1166,0.00170535
1167,0.00092690
1168,0.00110876
1169,0.00273458
1170,0.00173290
1171,0.00091521
1172,0.00065149
1173,0.00045717
1174,0.00111498
1175,0.00109982
1176,0.00285503
1177,0.00276718
1178,0.00136963
1179,0.00179336
1180,0.00255504
1181,0.00098958
1182,0.00066802
1183,0.00489095
1184,0.00185035
1185,0.00234708
1186,0.00055885
1187,0.00100814
1188,0.00035925
1189,0.00594254
1190,0.00122802
1191,0.00051709
1192,0.00082488
1193,0.00027481
1194,0.00278011
1195,0.00195193
1196,0.00109535
1197,0.00078594
1198,0.00180642
1199,0.00128147
1200,0.00055509
1201,0.00627855
1202,0.00072628
1203,0.00049886
1204,0.00157530
1205,0.00094109
1206,0.00082154
1207,0.00198133
1208,0.00223038
1209,0.00076173
1210,0.00120164
1211,0.00036347
1212,0.00020981
1213,0.00077355
1214,0.00093785
1215,0.00153317
1216,0.00081460
1217,0.00052801
1218,0.00076351
1219,0.00080291
1220,0.00165879
1221,0.00109282
1222,0.00750228
1223,0.00122541
1224,0.00054130
1225,0.00074314
1226,0.00044781
1227,0.00093744
1228,0.00222422
1229,0.00366042
1230,0.00110431
1231,0.00208565
1232,0.00174095
1233,0.00112503
1234,0.00061930
1235,0.00062466
1236,0.00164941
1237,0.00037475
1238,0.00336372
1239,0.00083307
1240,0.01408169
1241,0.01232960
1242,0.00093804
1243,0.00989567
1244,0.00169234
1245,0.00111304
1246,0.00215884
1247,0.01456366
1248,0.00774955
1249,0.00108756
1250,0.00042821
1251,0.00166053
1252,0.00066774
1253,0.05381589
1254,0.00158211
1255,0.00097660
1256,0.00111463
1257,0.00090902
1258,0.00129231
1259,0.00762364
1260,0.00162449
1261,0.00108747
1262,0.00141271
1263,0.00044718
1264,0.00094548
1265,0.00052157
1266,0.00070456
1267,0.00057871
1268,0.00078609
1269,0.01016539
1270,0.00107955
1271,0.00106531
1272,0.00065934
1273,0.00183222
1274,0.00193832
1275,0.00064045
1276,0.00004887
1277,0.01228479
1278,0.00111954
1279,0.00121657
1280,0.00224124
1281,0.00140869
1282,0.00203928
1283,0.00072489
1284,0.00094660
1285,0.00056810
1286,0.00100656
1287,0.00091612
1288,0.00292068
1289,0.00749620
1290,0.00091676
1291,0.00088479
1292,0.00074977
1293,0.00066807
1294,0.00085671
1295,0.00079920
1296,0.00021259
1297,0.00156157
1298,0.00044745
1299,0.00081571
1300,0.00061761
1301,0.00160332
1302,0.00081406
1303,0.00357509
1304,0.00106413
1305,0.00400005
1306,0.00066954
1307,0.00076271
1308,0.00042275
1309,0.00054668
1310,0.00020721
1311,0.00071358
1312,0.00050665
1313,0.00062236
1314,0.00076908
1315,0.00156770
1316,0.00053636
1317,0.00059645
1318,0.00068707
1319,0.00037279
1320,0.00060364
1321,0.00112562
1322,0.00117305
1323,0.00118713
1324,0.00082645
1325,0.00138991
1326,0.00081272
1327,0.00101439
1328,0.00062545
1329,0.00086342
1330,0.00761237
1331,0.00082144
1332,0.00094304
1333,0.00031437
1334,0.00080022
1335,0.00215671
1336,0.00083789
1337,0.00118167
1338,0.00123923
1339,0.00310973
1340,0.00068236
1341,0.00053633
1342,0.00018752
1343,0.00037558
1344,0.00119263
1345,0.00111369
1346,0.01212651
1347,0.00156089
1348,0.00090584
1349,0.00100026
1350,0.00364813
1351,0.00055068
1352,0.00119167
1353,0.00086209
1354,0.00203726
1355,0.00162892
1356,0.00164701
1357,0.00668091
1358,0.00245907
1359,0.00071480
1360,0.00164836
1361,0.00104817
1362,0.00167808
1363,0.00140017
1364,0.00173019
1365,0.00066485
1366,0.00381600
1367,0.00090313
1368,0.00034996
1369,0.00056354
1370,0.00033878
1371,0.00235499
1372,0.00163942
1373,0.00409775
1374,0.00078631
1375,0.00097289
1376,0.00279599
1377,0.00081219
1378,0.00076421
1379,0.00110902
1380,0.00131703
1381,0.00062171
1382,0.00258113
1383,0.22835512
1384,0.00057668
1385,0.00164688
1386,0.00152987
1387,0.00007958
1388,0.00064207
1389,0.00114849
1390,0.00317131
1391,0.00081948
1392,0.00087255
1393,0.00097579
1394,0.00102595
1395,0.00071000
1396,0.00057070
1397,0.00050113
1398,0.00113556
1399,0.00199878
1400,0.00059491
1401,0.00172903
1402,0.00065747
1403,0.00652697
1404,0.00088521
1405,0.00092908
1406,0.00179858
1407,0.00043629
1408,0.00050787
1409,0.00108302
1410,0.00179615
1411,0.00037438
1412,0.00770024
1413,0.00204138
1414,0.00075217
1415,0.00197568
1416,0.00060821
1417,0.00090579
1418,0.00112995
1419,0.00165820
1420,0.00597536
1421,0.00248707
1422,0.00025846
1423,0.00051308
1424,0.01384190
1425,0.00036254
1426,0.00052859
1427,0.00355434
1428,0.00064084
1429,0.00165798
1430,0.00054226
1431,0.00061124
1432,0.00084143
1433,0.00042113
1434,0.00084561
1435,0.00054760
1436,0.00055768
1437,0.00085399
1438,0.00807722
1439,0.00550475
1440,0.00088541
1441,0.00740497
1442,0.00419339
1443,0.00171640
1444,0.00082321
1445,0.00096931
1446,0.00080558
1447,0.00678734
1448,0.00104796
1449,0.00154503
1450,0.00440847
1451,0.00123303
1452,0.01289296
1453,0.00103895
1454,0.00185768
1455,0.00079739
1456,0.00247602
1457,0.00065354
1458,0.00059806
1459,0.00132757
1460,0.00081712
1461,0.00163883
1462,0.00051232
1463,0.00114192
1464,0.00054606
1465,0.00097487
1466,0.70705764
1467,0.00092369
1468,0.03135807
1469,0.00055381
1470,0.00098771
1471,0.00053233
1472,0.00191916
1473,0.00074802
1474,0.00041227
1475,0.00231138
1476,0.00060451
1477,0.00283563
1478,0.00783690
1479,0.00018394
1480,0.00091194
1481,0.00064641
1482,0.00188602
1483,0.00082464
1484,0.00054139
1485,0.00134963
1486,0.00274268
1487,0.00107157
1488,0.00265281
1489,0.00084120
1490,0.00111401
1491,0.26689419
1492,0.00041939
1493,0.00074985
1494,0.00092119
1495,0.00563942
1496,0.00184116
1497,0.00122976
1498,0.00308740
1499,0.00691886
1500,0.00254911
1501,0.00091651
1502,0.00091171
1503,0.00094486
1504,0.00051623
1505,0.00144994
1506,0.01422644
1507,0.00134702
1508,0.00751978
1509,0.00046361
1510,0.00104415
1511,0.00096247
1512,0.00065977
1513,0.00107597
1514,0.00091973
1515,0.00136223
1516,0.00041613
1517,0.00085316
1518,0.00090349
1519,0.00099155
1520,0.00739822
1521,0.00142785
1522,0.00089425
1523,0.00110379
1524,0.00069833
1525,0.00086440
1526,0.00198554
1527,0.00105291
1528,0.00160456
1529,0.03381621
1530,0.00133514
1531,0.00295744
1532,0.00758571
1533,0.00030300
1534,0.00060301
1535,0.00173695
1536,0.00162553
1537,0.00064952
1538,0.00067655
1539,0.00092964
1540,0.00308901
1541,0.00275856
1542,0.00165570
1543,0.00052907
1544,0.00122029
1545,0.00783045
1546,0.00064952
1547,0.00191140
1548,0.00216124
1549,0.00090315
1550,0.00102425
1551,0.00164878
1552,0.00102761
1553,0.00243762
1554,0.00047818
1555,0.00664968
1556,0.00158617
1557,0.01479734
1558,0.00077363
1559,0.00248142
1560,0.00083894
1561,0.00210612
1562,0.00076472
1563,0.00107072
1564,0.00104160
1565,0.00026128
1566,0.00028804
1567,0.27364508
1568,0.00692578
1569,0.00021360
1570,0.00090334
1571,0.01277677
1572,0.00019193
1573,0.00054881
1574,0.00062041
1575,0.00074123
1576,0.00033975
1577,0.00133136
1578,0.00147252
1579,0.00087157
1580,0.00052907
1581,0.00788977
1582,0.00163089
1583,0.00154118
1584,0.00091060
1585,0.00071856
1586,0.00058873
1587,0.01363073
1588,0.00505437
1589,0.00282277
1590,0.01080666
1591,0.00049024
1592,0.00072898
1593,0.00034397
1594,0.00236294
1595,0.00330222
1596,0.00178537
1597,0.00088404
1598,0.00164979
1599,0.00046528
1600,0.01124057
1601,0.00096430
1602,0.00172774
1603,0.00434654
1604,0.00282345
1605,0.00123326
1606,0.00102777
1607,0.00033761
1608,0.00668782
1609,0.00043524
1610,0.00048675
1611,0.00145521
1612,0.00136302
1613,0.01098795
1614,0.01370861
1615,0.00294514
1616,0.00169077
1617,0.00314291
1618,0.00169000
1619,0.00065639
1620,0.00113327
1621,0.00101925
1622,0.00156247
1623,0.00053149
1624,0.00250033
1625,0.00119036
1626,0.00106080
1627,0.00184580
1628,0.00086519
1629,0.00300259
1630,0.00265079
1631,0.01172876
1632,0.00101896
1633,0.00192694
1634,0.00118830
1635,0.00133797
1636,0.00067530
1637,0.00219240
1638,0.00042781
1639,0.00202236
1640,0.00100927
1641,0.09284258
1642,0.00063210
1643,0.00060560
1644,0.00018588
1645,0.00087606
1646,0.00057587
1647,0.00327233
1648,0.00115008
1649,0.00327727
1650,0.00044258
1651,0.00079213
1652,0.00087950
1653,0.00246523
1654,0.00102378
1655,0.00433998
1656,0.00171215
1657,0.00109678
1658,0.00187728
1659,0.00171876
1660,0.00101858
1661,0.00150690
1662,0.00087288
1663,0.00107885
1664,0.00103086
1665,0.00175095
1666,0.00409017
1667,0.00186320
1668,0.00207969
1669,0.00038452
1670,0.00081016
1671,0.00038015
1672,0.00635313
1673,0.00211085
1674,0.00275163
1675,0.00035406
1676,0.05321375
1677,0.00199888
1678,0.00692327
1679,0.00031838
1680,0.00753075
1681,0.00205739
1682,0.00132474
1683,0.00071998
1684,0.00112773
1685,0.00215067
1686,0.00051346
1687,0.00443060
1688,0.00080986
1689,0.00464230
1690,0.00654780
1691,0.00103110
1692,0.00127964
1693,0.00104704
1694,0.00275506
1695,0.00145951
1696,0.00045660
1697,0.00086952
1698,0.00130307
1699,0.00081235
1700,0.00113562
1701,0.00122118
1702,0.00120715
1703,0.00075653
1704,0.00091184
1705,0.00200202
1706,0.00190144
1707,0.00073689
1708,0.00233048
1709,0.00127504
1710,0.00111588
1711,0.00078808
1712,0.00103886
1713,0.00103211
1714,0.00112044
1715,0.00094068
1716,0.00028845
1717,0.00070692
1718,0.00135616
1719,0.00054698
1720,0.00056128
1721,0.00153302
1722,0.00084185
1723,0.00167173
1724,0.00127542
1725,0.00335974
1726,0.00274578
1727,0.00049995
1728,0.00366045
1729,0.00237311
1730,0.00058049
1731,0.00094904
1732,0.01372454
1733,0.00083052
1734,0.00718878
1735,0.00092172
1736,0.00701365
1737,0.00109371
1738,0.00110853
1739,0.00084417
1740,0.00291074
1741,0.00083140
1742,0.00161275
1743,0.00178556
1744,0.00052422
1745,0.00124424
1746,0.00067080
1747,0.00478192
1748,0.00055954
1749,0.00100676
1750,0.00105162
1751,0.00251303
1752,0.00044660
1753,0.00052193
1754,0.00151090
1755,0.00058899
1756,0.00054026
1757,0.00046337
1758,0.00211617
1759,0.00491663
1760,0.00115584
1761,0.00061392
1762,0.00013262
1763,0.01316673
1764,0.00191403
1765,0.00100971
1766,0.00160305
1767,0.00067520
1768,0.00049722
1769,0.00687629
1770,0.00063659
1771,0.00172591
1772,0.00103593
1773,0.00143592
1774,0.00157644
1775,0.00115801
1776,0.00118859
1777,0.00104777
1778,0.00074022
1779,0.00092440
1780,0.00077271
1781,0.00499763
1782,0.01471875
1783,0.00779359
1784,0.00074886
1785,0.00076117
1786,0.00136291
1787,0.00033056
1788,0.00742503
1789,0.00460205
1790,0.00436273
1791,0.00154416
1792,0.00075763
1793,0.00064265
1794,0.00083924
1795,0.00085127
1796,0.00073209
1797,0.00397110
1798,0.00066435
1799,0.00243566
1800,0.00181475
1801,0.00130337
1802,0.00064643
1803,0.00127613
1804,0.00097230
1805,0.00059666
1806,0.00114691
1807,0.00064207
1808,0.00085508
1809,0.00117798
1810,0.00285703
1811,0.00081410
1812,0.00178896
1813,0.00041373
1814,0.00065367
1815,0.00115959
1816,0.00200043
1817,0.00099211
1818,0.00355883
1819,0.00079296
1820,0.00021864
1821,0.00086857
1822,0.00095043
1823,0.00094786
1824,0.00228439
1825,0.00090997
1826,0.00178118
1827,0.00157536
1828,0.00048730
1829,0.00087870
1830,0.00284693
1831,0.01483001
1832,0.00014570
1833,0.00020549
1834,0.00044144
1835,0.00111944
1836,0.00072367
1837,0.00203398
1838,0.00109251
1839,0.00279738
1840,0.00102514
1841,0.00106987
1842,0.00358323
1843,0.00050664
1844,0.00065626
1845,0.00464360
1846,0.00089302
1847,0.00077944
1848,0.00073530
1849,0.00203466
1850,0.00204627
1851,0.00157835
1852,0.00429061
1853,0.00050479
1854,0.00071346
1855,0.00036110
1856,0.00139023
1857,0.00053017
1858,0.00083165
1859,0.00203136
1860,0.00062139
1861,0.00063903
1862,0.00205551
1863,0.00115850
1864,0.00075724
1865,0.00101496
1866,0.00437675
1867,0.00074305
1868,0.00103858
1869,0.00100255
1870,0.00239071
1871,0.00094238
1872,0.00718394
1873,0.00158796
1874,0.00092637
1875,0.00205459
1876,0.00116070
1877,0.00058766
1878,0.00001544
1879,0.00047346
1880,0.00425608
1881,0.01426557
1882,0.00068149
1883,0.00061993
1884,0.00396711
1885,0.00161394
1886,0.00086746
1887,0.00739752
1888,0.00087844
1889,0.00063933
1890,0.00087854
1891,0.00317647
1892,0.00085595
1893,0.00062760
1894,0.00093619
1895,0.00187785
1896,0.01128643
1897,0.00130997
1898,0.00043947
1899,0.00178829
1900,0.00068120
1901,0.00058410
1902,0.00091161
1903,0.00080322
1904,0.00077362
1905,0.00088647
1906,0.00186715
1907,0.00146893
1908,0.00170869
1909,0.00028421
1910,0.00079035
1911,0.00077159
1912,0.00186288
1913,0.00375679
1914,0.00709418
1915,0.00086544
1916,0.00192663
1917,0.00122102
1918,0.00034371
1919,0.00057755
1920,0.00090450
1921,0.00245681
1922,0.00075668
1923,0.00030120
1924,0.00085691
1925,0.00008826
1926,0.00199334
1927,0.00223094
1928,0.00441979
1929,0.00034759
1930,0.00083872
1931,0.00109313
1932,0.00067447
1933,0.00151160
1934,0.00116971
1935,0.00065998
1936,0.00273474
1937,0.00201946
1938,0.00724418
1939,0.00090293
1940,0.00053412
1941,0.00070626
1942,0.00119756
1943,0.00096267
1944,0.00139141
1945,0.00080187
1946,0.00072897
1947,0.00655193
1948,0.00054168
1949,0.00091123
1950,0.00090753
1951,0.00093043
1952,0.00046002
1953,0.00088356
1954,0.00221185
1955,0.00039998
1956,0.00439003
1957,0.00155988
1958,0.00197924
1959,0.00089743
1960,0.00314964
1961,0.01369836
1962,0.00097162
1963,0.00073906
1964,0.00077103
1965,0.00132673
1966,0.00022919
1967,0.00068594
1968,0.00176848
1969,0.00092714
1970,0.00499571
1971,0.00245482
1972,0.00701486
1973,0.00094023
1974,0.00223429
1975,0.00051282
1976,0.00075471
1977,0.00103589
1978,0.00056927
1979,0.00055195
1980,0.00080360
1981,0.00063972
1982,0.00764623
1983,0.00081072
1984,0.00170595
1985,0.00082766
1986,0.00196920
1987,0.00277717
1988,0.00188740
1989,0.00118772
1990,0.01140405
1991,0.00336541
1992,0.00069720
1993,0.00108543
1994,0.01405062
1995,0.00055407
1996,0.00298328
1997,0.00080075
1998,0.00132966
1999,0.00071705
2000,0.00096043
2001,0.00056470
2002,0.00043600
2003,0.00055687
2004,0.00117925
2005,0.00079905
2006,0.00068031
2007,0.00082030
2008,0.00064498
2009,0.00049588
2010,0.00085044
2011,0.00322881
2012,0.00045151
2013,0.00277157
2014,0.00077651
2015,0.00080293
2016,0.00089832
2017,0.00054413
2018,0.00038093
2019,0.00042187
2020,0.00200052
2021,0.00065896
2022,0.00149799
2023,0.00075294
2024,0.00084698
2025,0.00083676
2026,0.00265536
2027,0.00065680
2028,0.00090747
2029,0.00065026
2030,0.00131725
2031,0.00083063
2032,0.00209141
2033,0.00086145
2034,0.00267124
2035,0.00192933
2036,0.00127947
2037,0.00193657
2038,0.00070596
2039,0.00104368
2040,0.00095583
2041,0.00173708
2042,0.00996611
2043,0.00266906
2044,0.00045395
2045,0.00062766
2046,0.00074129
2047,0.01397307
2048,0.01439725
2049,0.00095800
2050,0.00062627
2051,0.00173419
2052,0.00699660
2053,0.00073385
2054,0.00046619
2055,0.00088873
2056,0.00123763
2057,0.00171873
2058,0.00193568
2059,0.00093690
2060,0.02611994
2061,0.00116712
2062,0.00152142
2063,0.00114433
2064,0.00067537
2065,0.01293358
2066,0.00109146
2067,0.00052885
2068,0.00095869
2069,0.00069521
2070,0.00110569
2071,0.00055452
2072,0.00061502
2073,0.00105096
2074,0.00614622
2075,0.00130720
2076,0.00102773
2077,0.00212567
2078,0.00066389
2079,0.00112342
2080,0.00142427
2081,0.00122469
2082,0.00203036
2083,0.00170437
2084,0.00138840
2085,2.06387061
2086,0.00091792
2087,0.00054491
2088,0.00187516
2089,0.00084816
2090,0.00270438
2091,0.00053216
2092,0.00042270
2093,0.00726775
2094,0.00208706
2095,0.00344916
2096,0.00374573
2097,0.00179286
2098,0.00227059
2099,0.00194488
2100,0.00072035
2101,0.00091723
2102,0.00407762
2103,0.00349434
2104,0.00088557
2105,0.00042924
2106,0.00101968
2107,0.00064182
2108,0.00003711
2109,0.00102644
2110,0.00230620
2111,0.00412072
2112,0.00060050
2113,0.00155243
2114,0.00104114
2115,0.00142328
2116,0.00261755
2117,0.00125506
2118,0.00095572
2119,0.00033628
2120,0.00027413
2121,0.00078844
2122,0.00060213
2123,0.00097665
2124,0.00089420
2125,0.00246162
2126,0.00069136
2127,0.00237334
2128,0.00057884
2129,0.01172739
2130,0.00101629
2131,0.00213734
2132,0.23336153
2133,0.00097549
2134,0.00053514
2135,0.00161103
2136,0.00029876
2137,0.00724277
2138,0.00432525
2139,0.00045824
2140,0.00078718
2141,0.00188018
2142,0.01363820
2143,0.00199167
2144,0.00083364
2145,0.01122448
2146,0.00824072
2147,0.00082674
2148,0.00757867
2149,0.00174314
2150,0.00030685
2151,0.00613893
2152,0.00297525
2153,0.00110848
2154,0.00092540
2155,0.00413556
2156,0.00092925
2157,0.00041857
2158,0.00073959
2159,0.00701695
2160,0.00070485
2161,0.00198743
2162,0.00001675
2163,0.00054876
2164,0.00176984
2165,0.00108483
2166,0.00107035
2167,0.00096915
2168,0.00116190
2169,0.00058292
2170,0.00100296
2171,0.00103515
2172,0.00139109
2173,0.00052311
2174,0.00074736
2175,0.00115240
2176,0.00091456
2177,0.00085480
2178,0.00207511
2179,0.00106378
2180,0.00111578
2181,0.00676503
2182,0.00239493
2183,0.00189931
2184,0.00076944
2185,0.00073754
2186,0.00622933
2187,0.00118745
2188,0.00038932
2189,0.00037600
2190,0.00063310
2191,0.00089627
2192,0.00217525
2193,0.00084368
2194,0.00068845
2195,0.00166825
2196,0.00046181
2197,0.00170432
2198,0.00277964
2199,0.00161435
2200,0.00168051
2201,0.00089379
2202,0.00028362
2203,0.00173218
2204,0.00109523
2205,0.00086138
2206,0.00192400
2207,0.00090767
2208,0.00049956
2209,0.20954841
2210,0.00091738
2211,0.00756759
2212,0.00108230
2213,0.00056982
2214,0.00115197
2215,0.00112257
2216,0.01161874
2217,0.00044395
2218,0.00156470
2219,0.00480852
2220,0.00159857
2221,0.00021462
2222,0.00119674
2223,0.00096826
2224,0.00204796
2225,0.00169024
2226,0.00080498
2227,0.00112218
2228,0.00093131
2229,0.00313507
2230,0.00035984
2231,0.00090156
2232,0.00106473
2233,0.00202835
2234,0.00091284
2235,0.00329538
2236,0.00084589
2237,0.00185571
2238,0.00411418
2239,0.00108529
2240,0.00201628
2241,0.00186949
2242,0.00089353
2243,0.00073504
2244,0.00075483
2245,0.00216638
2246,0.00124116
2247,0.00003023
2248,0.00173862
2249,0.00051941
2250,0.00350441
2251,0.00167912
2252,0.00138813
2253,0.00110808
2254,0.00076525
2255,0.00132580
2256,0.00122629
2257,0.00362286
2258,0.00087597
2259,0.00278867
2260,0.00159877
2261,0.00245643
2262,0.00381093
2263,0.00308247
2264,0.01339106
2265,0.00853615
2266,0.00104732
2267,0.00065751
2268,0.00048807
2269,0.00020185
2270,0.00085640
2271,0.00099721
2272,0.00069970
2273,0.00069612
2274,0.00220033
2275,0.01463828
2276,0.00114771
2277,0.00044644
2278,0.00034685
2279,0.00147424
2280,0.00109688
2281,0.00078334
2282,0.00075840
2283,0.00331060
2284,0.00075688
2285,0.00066183
2286,0.00047718
2287,0.00051335
2288,0.00657247
2289,0.00048564
2290,0.00066247
2291,0.00111435
2292,0.00115801
2293,0.00068652
2294,0.00206065
2295,0.00071271
2296,0.00056384
2297,0.00090627
2298,0.00727564
2299,0.00116690
2300,0.00076017
2301,0.00075409
2302,0.00008649
2303,0.00042221
2304,0.01283133
2305,0.00096171
2306,0.01393159
2307,0.00046999
2308,0.00062659
2309,0.00065175
2310,0.00039774
2311,0.00048925
2312,0.00167883
2313,0.00172185
2314,0.00065664
2315,0.00250103
2316,0.00069889
2317,0.00108810
2318,0.00097558
2319,0.00108676
2320,0.00082863
2321,0.00047934
2322,0.00133454
2323,0.00172155
2324,0.00086695
2325,0.00265807
2326,0.00038558
2327,0.00115956
2328,0.00132454
2329,0.00093822
2330,0.00085232
2331,0.00057672
2332,0.00169214
2333,0.00676156
2334,0.00117925
2335,0.00152239
2336,0.00222113
2337,0.00118285
2338,0.00365625
2339,0.00156349
2340,0.00110970
2341,0.00097237
2342,0.00205884
2343,0.00135647
2344,0.00038263
2345,0.00107342
2346,0.00128869
2347,0.00078404
2348,0.00094047
2349,0.00061262
2350,0.00040050
2351,0.00068168
2352,0.00087561
2353,0.00118160
2354,0.00153797
2355,0.00050349
2356,0.00084350
2357,0.00095490
2358,0.00087629
2359,0.00041357
2360,0.00137462
2361,0.00124911
2362,0.00119567
2363,0.00121844
2364,0.00067170
2365,0.01991227
2366,0.00071686
2367,0.00352177
2368,0.00024198
2369,0.00100884
2370,0.00053953
2371,0.00175564
2372,0.00199482
2373,0.00086345
2374,0.00403272
2375,0.00089859
2376,0.00082146
2377,0.00100521
2378,0.00080249
2379,0.00173791
2380,0.00055244
2381,0.00170847
2382,0.00024477
2383,0.00378725
2384,0.00224015
2385,0.00217958
2386,0.00101942
2387,0.00090310
2388,0.00051974
2389,0.00032949
2390,0.00098687
2391,0.01563741
2392,0.00077476
2393,0.00242792
2394,0.00097093
2395,0.00030850
2396,0.00098863
2397,0.00067453
2398,0.00112861
2399,0.00093768
2400,0.00086063
2401,0.00158609
2402,0.00099967
2403,0.00055165
2404,0.00055489
2405,0.00118156
2406,0.00038948
2407,0.00066296
2408,0.00119921
2409,0.00104054
2410,0.00093104
2411,0.00158122
2412,0.00199638
2413,0.00066541
2414,0.00197066
2415,0.00237556
2416,0.00152034
2417,0.00041989
2418,0.00084538
2419,0.00862359
2420,0.00054559
2421,0.01187294
2422,0.00286071
2423,0.00254967
2424,0.00275262
2425,0.00068378
2426,0.00096022
2427,0.01365353
2428,0.00053827
2429,0.00233166
2430,0.00154336
2431,0.00063483
2432,0.00140380
2433,0.00048957
2434,0.00087932
2435,0.00100219
2436,0.00115900
2437,0.00018128
2438,0.00125069
2439,0.00087154
2440,0.00066077
2441,0.00365700
2442,0.00083447
2443,0.00155487
2444,0.00691975
2445,0.00165471
2446,0.00089490
2447,0.00156677
2448,0.01242345
2449,0.00028942
2450,0.00044768
2451,0.00115356
2452,0.00165846
2453,0.00072784
2454,0.00145404
2455,0.00114026
2456,0.00154283
2457,0.00055360
2458,0.00111447
2459,0.00090045
2460,0.00668412
2461,0.00072902
2462,0.00108997
2463,0.00070381
2464,0.00098737
2465,0.00088783
2466,0.00084329
2467,0.00093894
2468,0.00097540
2469,0.00109828
2470,0.00097076
2471,0.00158551
2472,0.00090669
2473,0.00126810
2474,0.00094203
2475,0.00287732
2476,0.00159676
2477,0.00008720
2478,0.00098337
2479,0.00113059
2480,0.00154427
2481,0.00112635
2482,0.00116063
2483,0.00162789
2484,0.00079433
2485,0.00097115
2486,0.00069366
2487,0.00169811
2488,0.00066187
2489,0.00331862
2490,0.00154512
2491,0.00093548
2492,0.00693268
2493,0.00629447
2494,0.00057199
2495,0.00056019
2496,0.01242599
2497,0.00040361
2498,0.00116997
2499,0.00093568
2500,0.00170424
2501,0.00174077
2502,0.01152586
2503,0.00267466
2504,0.00141497
2505,0.00215844
2506,0.00098655
2507,0.00087605
2508,0.00064113
2509,0.00314220
2510,0.00215303
2511,0.00084000
2512,0.00077874
2513,0.00111922
2514,0.00063145
2515,0.00041641
2516,0.00295957
2517,0.00079025
2518,0.00066551
2519,0.00332205
2520,0.00114939
2521,0.01559767
2522,0.00278224
2523,0.01477994
2524,0.00094616
2525,0.00112499
2526,0.00188166
2527,0.00118729
2528,0.03580378
2529,0.00051003
2530,0.00026420
2531,0.00089124
2532,0.00410582
2533,0.00075524
2534,0.00125707
2535,0.00055803
2536,0.00103926
2537,0.00138705
2538,0.00331488
2539,0.00198201
2540,0.00281340
2541,0.00051022
2542,0.00103456
2543,0.00190146
2544,0.00232534
2545,0.00066994
2546,0.00153915
2547,0.00800903
2548,0.00358854
2549,0.00187206
2550,0.00354714
2551,0.00082878
2552,0.00356145
2553,0.00027590
2554,0.00320562
2555,0.00109882
2556,0.00218703
2557,0.00124644
2558,0.00204261
2559,0.00092700
2560,0.00473058
2561,0.00085671
2562,0.00191427
2563,0.00123910
2564,0.00418613
2565,0.00730982
2566,0.00171351
2567,0.00666908
2568,0.00073770
2569,0.00267129
2570,0.00102041
2571,0.00388677
2572,0.01193455
2573,0.31291118
2574,0.00089663
2575,0.00074771
2576,0.00058797
2577,0.00089780
2578,0.00065400
2579,0.00087411
2580,0.00757324
2581,0.00066331
2582,0.00108188
2583,0.00043136
2584,0.00064547
2585,0.00361152
2586,0.00125005
2587,0.00273583
2588,0.00156014
2589,0.00058510
2590,0.00129988
2591,0.00057297
2592,0.00087669
2593,0.00186458
2594,0.00086898
2595,0.00081913
2596,0.00079815
2597,0.00047329
2598,0.00065636
2599,0.00166980
2600,0.00121825
2601,0.00109928
2602,0.00071933
2603,0.00065771
2604,0.00499380
2605,0.00158287
2606,0.00091060
2607,0.00064853
2608,0.00168002
2609,0.00153029
2610,0.00054064
2611,0.00077517
2612,0.00281295
2613,0.00057533
2614,0.00141304
2615,0.00214354
2616,0.00108984
2617,0.01230747
2618,0.00735414
2619,0.00150116
2620,0.00724248
2621,0.00109860
2622,0.00103326
2623,0.00209950
2624,0.00075546
2625,0.00200981
2626,0.00138402
2627,0.00053887
2628,0.00658445
2629,0.00109715
2630,0.00161526
2631,0.00127550
2632,0.00054856
2633,0.00070769
2634,0.00074141
2635,0.00042086
2636,0.00079540
2637,0.00267537
2638,0.00066035
2639,0.00350261
2640,0.00041573
2641,0.00367110
2642,0.00090375
2643,0.00122783
2644,0.00105003
2645,0.00050948
2646,0.00217929
2647,0.00116672
2648,0.00044380
2649,0.00212082
2650,0.00305028
2651,0.00088095
2652,0.00087539
2653,0.00129586
2654,0.00153672
2655,0.00085218
2656,0.00122784
2657,0.00394401
2658,0.00181066
2659,0.00198199
2660,0.00371648
2661,0.01249031
2662,0.01342765
2663,0.00058450
2664,0.00184828
2665,0.01221276
2666,0.00126995
2667,0.00076997
2668,0.00085617
2669,0.00211155
2670,0.00051797
2671,0.00082549
2672,0.55737348
2673,0.00091052
2674,0.00086784
2675,0.00075225
2676,0.00103525
2677,0.00052303
2678,0.00122048
2679,0.00220666
2680,0.00042731
2681,0.00054356
2682,0.00131458
2683,0.00084408
2684,0.00037025
2685,0.00187701
2686,0.00141291
2687,0.00067073
2688,0.00110904
2689,0.00453532
2690,0.00040471
2691,0.00074533
2692,0.00457608
2693,0.00248521
2694,0.00635171
2695,0.00364898
2696,0.00048018
2697,0.00158900
2698,0.00099878
2699,0.00093613
2700,0.00059123
2701,0.00123139
2702,0.00744070
2703,0.00062766
2704,0.00185689
2705,0.00102587
2706,0.00365104
2707,0.00129324
2708,0.00096559
2709,0.00079974
2710,0.00029100
2711,0.00149408
2712,0.00083857
2713,0.01313723
2714,0.00033118
2715,0.00055068
2716,0.00068575
2717,0.00715470
2718,0.00094401
2719,0.00027333
2720,0.00136677
2721,0.00180842
2722,0.00051775
2723,0.00043375
2724,0.00080487
2725,0.00090142
2726,0.00215358
2727,0.00307498
2728,0.00118429
2729,0.00193842
2730,0.00061408
2731,0.00040635
2732,0.00054788
2733,0.00014559
2734,0.00407079
2735,0.00111004
2736,0.00035414
2737,0.00086003
2738,0.00119770
2739,0.00080198
2740,0.00106868
2741,0.00086786
2742,0.00135843
2743,0.00675250
2744,0.00121206
2745,0.00115938
2746,0.00220134
2747,0.00056913
2748,0.00064278
2749,0.00060191
2750,0.00059955
2751,0.00132307
2752,0.01348772
2753,0.00082933
2754,0.00042519
2755,0.00094837
2756,0.00081736
2757,0.00150186
2758,0.00070575
2759,0.00182963
2760,0.00200773
2761,0.00163274
2762,0.00112027
2763,0.00243396
2764,0.00085284
2765,0.00161584
2766,0.00128195
2767,0.00373742
2768,0.00079841
2769,0.00131521
2770,0.00077168
2771,0.00073644
2772,0.00179324
2773,0.00084547
2774,0.00164079
2775,0.00087965
2776,0.00074010
2777,0.00040991
2778,0.00101175
2779,0.00046649
2780,0.00020482
2781,0.00138198
2782,0.00108995
2783,0.00103924
2784,0.00053674
2785,0.21093853
2786,0.00052864
2787,0.00146341
2788,0.00163308
2789,0.58222035
2790,0.00039655
2791,0.00169774
2792,0.00159582
2793,0.00053841
2794,0.00721529
2795,0.01355000
2796,0.00155718
2797,0.00210144
2798,0.00098503
2799,0.00179276
2800,0.00040737
2801,0.00074639
2802,0.00113788
2803,0.00082748
2804,0.00065781
2805,0.00155669
2806,0.00108088
2807,0.00081990
2808,0.00069694
2809,0.00054529
2810,0.00168202
2811,0.00067328
2812,0.00102717
2813,0.00226184
2814,0.00145167
2815,0.00123245
2816,0.00088422
2817,0.00065671
2818,0.00119857
2819,0.00309750
2820,0.00215821
2821,0.00139579
2822,0.00221358
2823,0.00088446
2824,0.00043719
2825,0.00148009
2826,0.00693413
2827,0.00051376
2828,0.00267677
2829,0.00144720
2830,0.00202506
2831,0.00097752
2832,0.00140025
2833,0.00167344
2834,0.00128454
2835,0.00050299
2836,0.00702551
2837,0.00157918
2838,0.00006600
2839,0.00083127
2840,0.00084539
2841,0.00169784
2842,0.00311220
2843,0.00204541
2844,0.00273101
2845,0.00095961
2846,0.00106577
2847,0.00173319
2848,0.00128740
2849,0.00084724
2850,0.00108198
2851,0.00124860
2852,0.00057211
2853,0.00008931
2854,0.00712165
2855,0.00111929
2856,0.00150831
2857,0.00241798
2858,0.00079964
2859,0.00078977
2860,0.00204432
2861,0.00070280
2862,0.00020757
2863,0.00111795
2864,0.00448388
2865,0.00190225
2866,0.00046387
2867,0.00205956
2868,0.00068986
2869,0.00101612
2870,0.00093453
2871,0.00039026
2872,0.00129134
2873,0.00733255
2874,0.00066520
2875,0.00021624
2876,0.00052464
2877,0.00236064
2878,0.00097224
2879,0.00195013
2880,0.00107881
2881,0.01175953
2882,0.00340410
2883,0.00325305
2884,0.00090728
2885,0.00123252
2886,0.00050919
2887,0.00438637
2888,0.00185274
2889,0.00045736
2890,0.00258676
2891,0.00047833
2892,0.00174382
2893,0.00104763
2894,0.01375127
2895,0.00095701
2896,0.00126310
2897,0.00057413
2898,0.00167310
2899,0.00085505
2900,0.00075657
2901,0.00096656
2902,0.00266787
2903,0.00073939
2904,0.00242905
2905,0.00429975
2906,0.00048089
2907,0.00068177
2908,0.00051437
2909,0.00034634
2910,0.00073953
2911,0.00076879
2912,0.00101819
2913,0.00472752
2914,0.00163530
2915,0.00282892
2916,0.00092529
2917,0.00047027
2918,0.00101354
2919,0.00187202
2920,0.00196440
2921,0.01166976
2922,0.00068683
2923,0.00742826
2924,0.00054734
2925,0.00117676
2926,0.00187257
2927,0.00085861
2928,0.00075804
2929,0.01492762
2930,0.00080079
2931,0.00072199
2932,0.00100778
2933,0.00127929
2934,0.00117324
2935,0.00238140
2936,0.00344484
2937,0.30207134
2938,0.00085943
2939,0.00361244
2940,0.00087585
2941,0.00054744
2942,0.00092442
2943,0.00063945
2944,0.00301974
2945,0.00056851
2946,0.00086703
2947,0.00038922
2948,0.00158871
2949,0.00106180
2950,0.00094283
2951,0.00165604
2952,0.00162746
2953,0.00168375
2954,0.00174312
2955,0.00100532
2956,0.00304980
2957,0.00120686
2958,0.00066070
2959,0.00073442
2960,0.00084072
2961,0.00027631
2962,0.00096467
2963,0.00058140
2964,0.00162490
2965,0.00053799
2966,0.00744345
2967,0.00403740
2968,0.00090012
2969,0.00104011
2970,0.00116610
2971,0.00093713
2972,0.00186754
2973,0.00142152
2974,0.00024172
2975,2.21980708
2976,0.01024834
2977,0.00067972
2978,0.00588312
2979,0.00213167
2980,0.00767663
2981,0.00133103
2982,0.00036096
2983,0.00096779
2984,0.00710181
2985,0.00056143
2986,0.00234191
2987,0.00110862
2988,0.00083349
2989,0.00295922
2990,0.00056388
2991,0.00089405
2992,0.01975133
2993,0.00074958
2994,0.00104562
2995,0.00056744
2996,0.00101579
2997,0.00230440
2998,0.00219691
2999,0.00093647
3000,0.00050468
3001,0.00114964
3002,0.00038571
3003,0.18943840
3004,0.00055502
3005,0.00074002
3006,0.00070427
3007,0.00070714
3008,0.00097813
3009,0.00070335
3010,0.00152574
3011,0.00114334
3012,0.00083503
3013,0.00103077
3014,0.00099852
3015,0.00034310
3016,0.00043098
3017,0.00067468
3018,0.00070811
3019,0.00567220
3020,0.00085282
3021,0.00083442
3022,0.00082442
3023,0.00074291
3024,0.00077375
3025,0.00071992
3026,0.15988401
3027,0.00203664
3028,0.00074364
3029,0.00063964
3030,0.00158369
3031,0.00105065
3032,0.00692902
3033,0.00036463
3034,0.00082381
3035,0.00129438
3036,0.00220789
3037,0.00491007
3038,0.00188115
3039,0.00073571
3040,0.00167382
3041,0.00051134
3042,0.00158361
3043,0.00156622
3044,0.00149373
3045,0.00066923
3046,0.00084103
3047,0.00155595
3048,0.00299850
3049,1.75068859
3050,0.00192967
3051,0.00176158
3052,0.00108824
3053,0.00067243
3054,0.00074161
3055,0.00110673
3056,0.00113521
3057,0.00061184
3058,0.00061535
3059,0.00042268
3060,0.00043249
3061,0.00078549
3062,0.00073231
3063,0.00018508
3064,0.00066744
3065,0.00077248
3066,0.00371641
3067,0.00119615
3068,0.00049746
3069,0.00101853
3070,0.00269429
3071,0.00166093
3072,0.00102229
3073,0.00158320
3074,0.00136510
3075,0.00093932
3076,0.00088245
3077,0.00814207
3078,0.00287343
3079,0.00156549
3080,0.00100325
3081,0.00068177
3082,0.00109398
3083,0.00059860
3084,0.00256213
3085,0.00098803
3086,0.00054031
3087,0.01293588
3088,0.00266367
3089,0.00155997
3090,0.00298478
3091,0.00457147
3092,0.00129023
3093,0.00170332
3094,0.00089505
3095,0.00108777
3096,0.00282644
3097,0.00280892
3098,0.00053435
3099,0.00152785
3100,0.00095382
3101,0.00625220
3102,0.00065112
3103,0.00147213
3104,0.00161763
3105,0.00033830
3106,0.00188450
3107,0.00311687
3108,0.00072796
3109,0.00058708
3110,0.00112835
3111,0.00425947
3112,0.00176089
3113,0.00165568
3114,0.00087415
3115,0.00051795
3116,0.00084286
3117,0.00069977
3118,0.00153289
3119,0.00093346
3120,0.00161973
3121,0.00020244
3122,0.00186720
3123,0.00058876
3124,0.00121251
3125,0.00164186
3126,0.00123396
3127,0.00089785
3128,0.00182220
3129,0.00092840
3130,0.00080601
3131,0.00095889
3132,0.00105975
3133,0.00349878
3134,0.00205439
3135,0.00066658
3136,0.00097625
3137,0.00046540
3138,0.00141208
3139,0.00113356
3140,0.00179617
3141,0.00090333
3142,0.00092947
3143,0.00069865
3144,0.00043588
3145,0.00395918
3146,0.00164340
3147,0.00048341
3148,0.00202037
3149,0.00093037
3150,0.00106148
3151,0.00092267
3152,0.00203555
3153,0.00048519
3154,0.00115327
3155,0.00153444
3156,0.00081376
3157,0.00063851
3158,0.00029556
3159,0.00141538
3160,0.00082754
3161,0.00071286
3162,0.00229929
3163,0.00085100
3164,0.00097443
3165,0.00282394
3166,0.00366046
3167,0.00163906
3168,0.00267393
3169,0.00116170
3170,0.00408206
3171,0.00092176
3172,0.00124703
3173,0.00681220
3174,0.00120379
3175,0.00172747
3176,0.00103940
3177,0.00294241
3178,0.00122070
3179,0.00082863
3180,0.00078999
3181,0.01016664
3182,0.00272820
3183,0.00114473
3184,0.00082616
3185,0.00164018
3186,0.00058503
3187,0.00061718
3188,0.00330258
3189,0.00115913
3190,0.00114033
3191,0.00459268
3192,0.00184400
3193,0.00097153
3194,0.00685630
3195,0.00061870
3196,0.00090096
3197,0.00185785
3198,0.00700100
3199,0.00171451
3200,0.00078031
3201,0.00062779
3202,0.00120549
3203,0.00100599
3204,0.00075522
3205,0.00458338
3206,0.00100426
3207,0.00166370
3208,0.00096372
3209,0.00081317
3210,0.00111735
3211,0.00089114
3212,0.00076495
3213,0.00077216
3214,0.00044204
3215,0.00045606
3216,0.00121368
3217,0.00104663
3218,0.00071482
3219,0.00066479
3220,0.00087916
3221,0.00072588
3222,0.00172679
3223,0.00200615
3224,0.00045626
3225,0.00076002
3226,0.00089028
3227,0.00039151
3228,0.00069233
3229,0.00027705
3230,0.00936845
3231,2.08542994
3232,0.00115570
3233,0.00110981
3234,0.00051888
3235,0.00156640
3236,0.00048868
3237,0.00331422
3238,0.00162593
3239,0.00156862
3240,0.00059019
3241,0.00018457
3242,0.00348101
3243,0.00118789
3244,0.00153037
3245,0.00336082
3246,0.00104382
3247,0.00165096
3248,0.00061324
3249,0.00135943
3250,0.00114257
3251,0.00109262
3252,0.00369163
3253,0.00059143
3254,0.00051691
3255,0.00132897
3256,0.00186398
3257,0.00156657
3258,0.00137507
3259,0.00396803
3260,0.00094836
3261,0.00028736
3262,0.00990719
3263,0.00675110
3264,0.00233448
3265,0.00156488
3266,0.00102557
3267,0.00094715
3268,0.00243853
3269,0.00273374
3270,0.00690345
3271,0.00079467
3272,0.00314655
3273,0.00107690
3274,0.00107207
3275,0.00131571
3276,0.00066704
3277,0.00120681
3278,0.00098998
3279,0.00746166
3280,0.00115721
3281,0.00237302
3282,0.00709877
3283,0.00063165
3284,0.00106084
3285,0.00276656
3286,0.00111055
3287,0.00426598
3288,0.00663453
3289,1.42650677
3290,0.00166069
3291,0.00055940
3292,0.00690344
3293,0.00063418
3294,0.00102789
3295,0.00082032
3296,0.00109846
3297,0.00179015
3298,0.00128039
3299,0.00204943
3300,0.00088672
3301,0.00170046
3302,0.00146650
3303,0.00077708
3304,0.00108878
3305,0.00205991
3306,0.00058513
3307,0.00069592
3308,0.00146731
3309,0.00117767
3310,0.01085623
3311,0.00196521
3312,0.00130733
3313,0.00081768
3314,0.00143897
3315,0.00199579
3316,0.00034870
3317,0.00066639
3318,0.00106920
3319,0.00121654
3320,0.00080608
3321,0.00064176
3322,0.00030667
3323,0.00160444
3324,0.00369877
3325,0.00066190
3326,0.00715875
3327,0.00196488
3328,0.00213781
3329,0.00072333
3330,0.00060809
3331,0.00083297
3332,0.00085824
3333,0.00057342
3334,0.00123992
3335,0.00158105
3336,0.00142992
3337,0.00176139
3338,0.00103103
3339,0.00053588
3340,0.00061891
3341,0.00225964
3342,0.00098247
3343,0.00154666
3344,0.00179420
3345,0.00101014
3346,0.00288176
3347,0.00095595
3348,0.00311232
3349,0.00090336
3350,0.00036199
3351,0.00047098
3352,0.00272493
3353,0.00203996
3354,0.00729859
3355,0.00077528
3356,0.00114092
3357,0.00084287
3358,0.00628724
3359,0.00086908
3360,0.00080075
3361,0.00337932
3362,0.00081838
3363,0.00150405
3364,0.00132387
3365,0.00075267
3366,0.00192126
3367,0.00045980
3368,0.00298281
3369,0.00077484
3370,0.00714391
3371,0.00073283
3372,0.00100344
3373,0.00069311
3374,0.00091581
3375,0.00081923
3376,0.00067321
3377,0.00139449
3378,0.00040349
3379,0.00150668
3380,0.00397898
3381,0.01437043
3382,0.00102324
3383,0.00085854
3384,0.00100603
3385,0.00215394
3386,0.00144736
3387,0.00149451
3388,0.00079051
3389,0.00373901
3390,0.00111998
3391,0.03682522
3392,0.00138744
3393,0.00418502
3394,0.00067055
3395,0.00103978
3396,0.00212851
3397,0.00090332
3398,0.00088111
3399,0.00121652
3400,0.00050587
3401,0.00137379
3402,0.00077784
3403,0.00076304
3404,0.00162697
3405,0.00057141
3406,0.00102686
3407,0.00175436
3408,0.00119186
3409,0.00069811
3410,0.00158695
3411,0.00048642
3412,0.00500729
3413,0.00110582
3414,0.00134438
3415,0.00110549
3416,0.00174068
3417,0.00661749
3418,0.00092573
3419,0.00129344
3420,0.00119926
3421,0.00353513
3422,0.00130367
3423,0.00114001
3424,0.01348535
3425,0.00217249
3426,0.00163520
3427,0.00116779
3428,0.00066340
3429,0.00136256
3430,0.00123216
3431,0.00702601
3432,0.00438894
3433,0.00342048
3434,0.00066860
3435,0.00360895
3436,0.00078879
3437,0.00109231
3438,0.00443641
3439,0.00072139
3440,0.00157837
3441,0.00048025
3442,0.00085053
3443,0.00052207
3444,0.00060933
3445,0.00087888
3446,0.00056776
3447,0.00018705
3448,0.00163089
3449,0.00052322
3450,0.00103887
3451,0.00020649
3452,0.00069413
3453,0.00071786
3454,0.00061035
3455,0.00075799
3456,0.00159895
3457,0.00165790
3458,0.00129878
3459,0.00218495
3460,0.01238373
3461,0.00045027
3462,0.00030185
3463,0.00226332
3464,0.00050913
3465,0.00464449
3466,0.00204647
3467,0.00052170
3468,0.00094804
3469,0.00051806
3470,0.00302813
3471,0.00046658
3472,0.00100214
3473,0.00049768
3474,0.00195487
3475,0.00097213
3476,0.00176289
3477,0.01116674
3478,0.00069997
3479,0.00659554
3480,0.00523280
3481,0.00231206
3482,0.00068963
3483,0.00051605
3484,0.00200755
3485,0.00392574
3486,0.00114825
3487,0.00201972
3488,0.00123356
3489,0.00185070
3490,0.00070078
3491,0.00085410
3492,0.00079109
3493,0.00070390
3494,0.00074159
3495,0.00189706
3496,0.00078314
3497,0.00706243
3498,0.00209712
3499,0.00086821
3500,0.00065312
3501,0.00120681
3502,0.00072412
3503,0.00117909
3504,0.00166581
3505,0.00073778
3506,0.00102001
3507,0.00082159
3508,0.00059965
3509,0.00202011
3510,0.00616228
3511,0.00128236
3512,0.00072165
3513,0.00153512
3514,0.00129690
3515,0.00065283
3516,0.00080492
3517,0.00058859
3518,0.01246938
3519,0.00072670
3520,0.00073036
3521,0.00188340
3522,0.00192498
3523,0.00107593
3524,0.00181883
3525,0.00097553
3526,0.00119990
3527,0.00137749
3528,0.00067626
3529,0.00055247
3530,0.00130874
3531,0.00584558
3532,0.00210814
3533,0.00119935
3534,0.00220987
3535,0.00089534
3536,0.01229160
3537,0.00180506
3538,0.00104950
3539,0.00085421
3540,0.00106719
3541,0.00075111
3542,0.00201101
3543,0.00125403
3544,0.00054762
3545,0.00061458
3546,0.01073700
3547,0.00039593
3548,0.00080484
3549,0.00184957
3550,0.00087486
3551,0.00214639
3552,0.00117056
3553,0.00095670
3554,0.00072686
3555,0.00073923
3556,0.00100697
3557,0.00003673
3558,0.00154412
3559,0.00173411
3560,0.00129395
3561,0.00057825
3562,0.00033741
3563,0.00019807
3564,0.00468260
3565,0.00100235
3566,0.00059432
3567,0.00069259
3568,0.00063124
3569,0.00116949
3570,0.00073941
3571,0.00218516
3572,0.00081950
3573,0.00111410
3574,0.00709550
3575,0.00088612
3576,0.00097878
3577,0.00093021
3578,0.00047639
3579,0.00101642
3580,0.00081905
3581,0.00182610
3582,0.00070369
3583,0.00196644
3584,0.00084802
3585,0.00164569
3586,0.00044750
3587,0.00052094
3588,0.00041697
3589,0.00164743
3590,0.00083803
3591,0.00205375
3592,0.00066238
3593,0.00180354
3594,0.00078290
3595,0.00705689
3596,0.00128924
3597,0.00066660
3598,0.00677031
3599,0.00093870
3600,0.00174968
3601,0.00043454
3602,0.00171749
3603,0.01248447
3604,0.00187659
3605,0.00098127
3606,0.00143537
3607,0.00054693
3608,0.00095814
3609,0.00195993
3610,0.00450702
3611,0.01043203
3612,0.00061291
3613,0.00050980
3614,0.00060697
3615,0.00247464
3616,0.00048421
3617,0.00147975
3618,0.00087950
3619,0.00063146
3620,0.00067472
3621,0.00142259
3622,0.00054656
3623,0.00177126
3624,0.00085914
3625,0.00064224
3626,0.00053787
3627,0.00099008
3628,0.00067958
3629,0.00050512
3630,0.00103029
3631,0.00056168
3632,0.00371356
3633,0.00069854
3634,0.00120739
3635,0.00286151
3636,0.00150901
3637,0.00050898
3638,0.00079445
3639,0.01308883
3640,0.00144173
3641,0.00214668
3642,0.00088389
3643,0.00033178
3644,0.00084114
3645,0.00200429
3646,0.00072235
3647,0.00079805
3648,0.00069446
3649,0.00134065
3650,0.00083868
3651,0.00065182
3652,0.00193323
3653,0.00206333
3654,0.00118071
3655,0.00021123
3656,0.00308969
3657,0.00074311
3658,0.00079806
3659,0.00096887
3660,0.00208343
3661,0.00197458
3662,0.00121536
3663,0.00034288
3664,0.00086067
3665,0.00208563
3666,0.00160736
3667,0.00087575
3668,0.00392746
3669,0.00334736
3670,0.00674151
3671,0.00076201
3672,0.00097885
3673,0.00180893
3674,0.00223179
3675,0.00154585
3676,0.00072677
3677,0.00117357
3678,0.00052409
3679,0.00044606
3680,0.00089002
3681,0.00126427
3682,0.00051632
3683,0.00262004
3684,0.00077157
3685,0.00169761
3686,0.00109367
3687,0.00161331
3688,0.00096677
3689,0.00047538
3690,0.00275483
3691,0.00360522
3692,0.00102290
3693,0.00089524
3694,0.00119896
3695,0.00073074
3696,0.00042454
3697,0.00073677
3698,0.00125161
3699,0.00073440
3700,0.00028368
3701,0.00093486
3702,0.01199501
3703,0.00154833
3704,0.00081550
3705,0.00165917
3706,0.00048264
3707,0.00079390
3708,0.00102858
3709,0.00023233
3710,0.00080374
3711,0.00049160
3712,0.00143090
3713,0.00281390
3714,0.00135186
3715,0.00172771
3716,0.00137215
3717,0.00368117
3718,0.00080529
3719,0.00711191
3720,0.00311415
3721,0.00195360
3722,0.00208833
3723,0.00077581
3724,0.00458048
3725,0.00099945
3726,0.00279157
3727,0.00409239
3728,0.00459484
3729,0.00350453
3730,0.00065067
3731,0.00008962
3732,0.01242425
3733,0.00212094
3734,0.00712727
3735,0.00629821
3736,0.00196257
3737,0.00125621
3738,0.00081429
3739,0.00131480
3740,0.00071629
3741,0.00265770
3742,0.00330141
3743,0.00446288
3744,0.00026954
3745,0.00161603
3746,0.00123961
3747,0.00191783
3748,0.00005258
3749,0.00638889
3750,0.00371938
3751,0.00112985
3752,0.00134926
3753,0.00166942
3754,0.00225213
3755,0.00358947
3756,0.00354713
3757,0.00451531
3758,0.00128421
3759,0.00030359
3760,0.00152832
3761,0.00056335
3762,0.00062958
3763,0.00069231
3764,0.00153285
3765,0.00049885
3766,0.00054813
3767,0.00296772
3768,0.00090783
3769,0.00150355
3770,0.00094474
3771,0.00091478
3772,0.00172226
3773,0.00300549
3774,0.00047621
3775,0.00066535
3776,0.00071338
3777,0.00011033
3778,0.00725447
3779,0.00169846
3780,0.00089061
3781,0.00081084
3782,0.00103207
3783,0.00135882
3784,0.00075653
3785,0.00074200
3786,0.00092953
3787,0.00093027
3788,0.00198847
3789,0.00038286
3790,0.00051597
3791,0.00143244
3792,0.00073349
3793,0.00092312
3794,0.00137880
3795,0.00103133
3796,0.00067743
3797,0.00044238
3798,0.00116637
3799,0.00085573
3800,0.00038338
3801,0.00103731
3802,0.00195280
3803,0.00134161
3804,0.01422931
3805,0.00565503
3806,0.00283979
3807,0.00213487
3808,0.00102349
3809,0.00109033
3810,0.00046578
3811,0.00168975
3812,0.00102462
3813,0.00448036
3814,0.00106189
3815,0.00272128
3816,0.00342271
3817,0.00258937
3818,0.00153511
3819,0.00097557
3820,0.00054467
3821,0.00098681
3822,0.00294203
3823,0.00260459
3824,0.00430155
3825,0.00020423
3826,0.00024621
3827,0.00269364
3828,0.00031521
3829,0.00123869
3830,0.00287783
3831,0.00164121
3832,0.00171993
3833,0.00151667
3834,0.00011270
3835,0.00047251
3836,0.00051784
3837,0.00075473
3838,0.00077525
3839,0.00072821
3840,0.00090322
3841,0.00097576
3842,0.00081440
3843,0.00274289
3844,0.00212824
3845,0.00067641
3846,0.00048673
3847,0.00211315
3848,0.00037092
3849,0.00074600
3850,0.00221334
3851,0.00093723
3852,0.00061813
3853,0.00240656
3854,0.00085687
3855,0.00064470
3856,0.00011553
3857,0.00078790
3858,0.00193884
3859,0.00167547
3860,0.00231348
3861,0.00071468
3862,0.00106236
3863,0.00089324
3864,0.00205999
3865,0.01249612
3866,0.01358106
3867,0.01272290
3868,0.00079452
3869,0.00105881
3870,0.00293274
3871,0.00056717
3872,0.00054132
3873,0.00044027
3874,0.00126166
3875,0.00116249
3876,0.00114476
3877,0.00701408
3878,0.00163578
3879,0.00088563
3880,0.00074710
3881,0.01249806
3882,0.00082346
3883,0.00175775
3884,0.00056607
3885,0.00103997
3886,0.00151264
3887,0.00075796
3888,0.00215216
3889,1.13713768
3890,0.00055013
3891,0.00062111
3892,0.00163587
3893,0.00034011
3894,0.00091753
3895,0.00152014
3896,0.00078357
3897,0.00073338
3898,0.00622553
3899,0.00108980
3900,0.00085291
3901,0.00365170
3902,0.00062386
3903,0.00235802
3904,0.00099609
3905,0.01042865
3906,0.00179075
3907,0.00069697
3908,0.00036962
3909,0.00005800
3910,0.00035445
3911,0.00085081
3912,0.00093008
3913,0.00050872
3914,0.00272157
3915,0.00054071
3916,0.00089352
3917,0.00123620
3918,0.00706370
3919,0.00067762
3920,0.00048250
3921,0.00123729
3922,0.00153789
3923,0.00080121
3924,0.00054040
3925,0.00019465
3926,0.00183277
3927,0.01191110
3928,0.00071012
3929,0.00047137
3930,0.00262050
3931,0.00551774
3932,0.01583122
3933,0.00668433
3934,0.00270144
3935,0.00054000
3936,0.00061795
3937,0.00099690
3938,0.00200903
3939,0.00105812
3940,0.00758308
3941,0.00114107
3942,0.00166908
3943,0.00656020
3944,0.00055081
3945,0.00053131
3946,0.00104281
3947,0.00052874
3948,0.00067553
3949,0.00261775
3950,0.00039256
3951,0.01094716
3952,0.00771169
3953,0.00129434
3954,0.00222806
3955,0.00178305
3956,0.00273278
3957,0.00282528
3958,0.00038841
3959,0.00103628
3960,0.00091200
3961,0.00098673
3962,0.00069185
3963,0.00101946
3964,0.00206713
3965,0.00466347
3966,0.00137151
3967,0.00093907
3968,0.00712440
3969,0.00074472
3970,0.00172055
3971,0.00180325
3972,0.00116659
3973,0.00292089
3974,0.00052757
3975,0.00069776
3976,0.00069805
3977,0.00576644
3978,0.00161960
3979,0.00125821
3980,0.00234115
3981,0.00056145
3982,0.00067967
3983,0.00082276
3984,0.00145567
3985,0.00143564
3986,0.00162271
3987,0.00056086
3988,0.00117269
3989,0.00101720
3990,0.00046412
3991,0.00134360
3992,0.00060824
3993,0.00280577
3994,0.00057356
3995,0.01353078
3996,0.00104560
3997,0.00320773
3998,0.00054880
3999,0.00192244
4000,0.00129612
4001,0.00014445
4002,0.00127767
4003,0.00133636
4004,0.00085632
4005,0.01481326
4006,0.00085147
4007,0.01074421
4008,0.00079086
4009,0.00105264
4010,0.00134893
4011,0.00076810
4012,0.00059276
4013,0.00191320
4014,0.00084656
4015,0.00128833
4016,0.00133589
4017,0.00083735
4018,0.00381701
4019,0.01420492
4020,0.00091533
4021,0.00270140
4022,0.00082583
4023,0.00160054
4024,0.00252671
4025,0.00109765
4026,0.00087238
4027,0.01253805
4028,0.00650271
4029,0.00119837
4030,0.00120811
4031,0.00110065
4032,0.00176062
4033,0.00170358
4034,0.00064855
4035,0.00059434
4036,0.00094010
4037,0.00107196
4038,0.00063533
4039,0.00050949
4040,0.00340596
4041,0.00089808
4042,0.00062938
4043,0.00104421
4044,0.00054891
4045,0.00067372
4046,0.00147010
4047,0.01018145
4048,0.00077411
4049,0.00212982
4050,0.00098746
4051,0.00079662
4052,0.00047797
4053,0.00089088
4054,0.00067649
4055,0.00061610
4056,0.00120444
4057,0.00066562
4058,0.00352929
4059,0.00419613
4060,0.00126527
4061,0.00184027
4062,0.00086165
4063,0.00010726
4064,0.00102641
4065,0.00428540
4066,0.00068728
4067,0.00075757
4068,0.00087867
4069,0.00267799
4070,0.00291276
4071,0.00099298
4072,0.00137048
4073,0.00346332
4074,0.00112505
4075,0.00161246
4076,0.00680055
4077,0.00079409
4078,0.00094834
4079,0.00081466
4080,0.00118764
4081,0.01315917
4082,0.00338995
4083,0.00093197
4084,0.00109296
4085,0.00038074
4086,0.00057807
4087,0.00075310
4088,0.00103806
4089,0.00054186
4090,0.00131621
4091,0.00106923
4092,0.00092981
4093,0.00172894
4094,0.00095480
4095,0.00196325
4096,1.61765398
4097,0.00072688
4098,0.00108074
4099,0.00916658
4100,0.00066339
4101,0.00163165
4102,0.01470884
4103,0.00074225
4104,0.00084688
4105,0.01393076
4106,0.00006780
4107,0.00067263
4108,0.00086223
4109,0.00114727
4110,0.00317285
4111,0.00148981
4112,0.01357304
4113,0.00336337
4114,0.00050268
4115,0.00051167
4116,0.00049823
4117,0.00075957
4118,0.00034203
4119,0.00293635
4120,0.00075258
4121,0.00095765
4122,0.00330388
4123,0.00364553
4124,0.00179667
4125,0.00158150
4126,0.00093619
4127,0.00145674
4128,0.00406279
4129,0.00072117
4130,0.00131131
4131,0.00111447
4132,0.00075642
4133,0.00221326
4134,0.00170994
4135,0.00154436
4136,0.00801522
4137,0.00194107
4138,0.00103169
4139,0.00715869
4140,0.00115697
4141,0.00245488
4142,0.00170464
4143,0.00152607
4144,0.00079527
4145,0.00083110
4146,0.00075557
4147,0.00089999
4148,0.00150956
4149,0.00073113
4150,0.00047728
4151,0.00609250
4152,0.00042914
4153,0.00172180
4154,0.00140225
4155,0.00050285
4156,0.00426390
4157,0.00103787
4158,0.00842742
4159,0.00021040
4160,0.00124367
4161,0.00101659
4162,0.00118981
4163,0.00092292
4164,0.00089834
4165,0.00173895
4166,0.00699571
4167,0.00453299
4168,0.00181953
4169,0.00166293
4170,0.00165515
4171,0.00084421
4172,0.00213771
4173,0.00071268
4174,0.00066272
4175,0.00208981
4176,0.00056179
4177,0.00049360
4178,0.00730601
4179,0.00075742
4180,0.00046218
4181,0.00016503
4182,0.00046316
4183,0.00078289
4184,0.00059850
4185,0.00152332
4186,0.00150018
4187,0.00065556
4188,0.00614206
4189,0.00057234
4190,0.00188976
4191,0.00095226
4192,0.00066722
4193,0.00058939
4194,0.00083604
4195,0.00132657
4196,0.00073026
4197,0.00102463
4198,0.10308906
4199,0.00084737
4200,0.00074050
4201,0.00101229
4202,0.00168894
4203,0.00116928
4204,0.00063880
4205,0.00076056
4206,0.00089058
4207,0.00299835
4208,0.00287627
4209,0.00206487
4210,0.00091139
4211,0.00179096
4212,0.00205657
4213,0.00075416
4214,0.00210677
4215,0.00163679
4216,0.00161668
4217,0.00124057
4218,0.00054794
4219,0.00404469
4220,0.00086196
4221,0.00124481
4222,0.00089435
4223,0.00291443
4224,0.00267163
4225,0.00146845
4226,0.00171360
4227,0.00144272
4228,0.00111473
4229,0.00714326
4230,0.00088176
4231,0.00089337
4232,0.00207375
4233,0.00059811
4234,0.00087833
4235,0.00155164
4236,0.00130347
4237,0.00467026
4238,0.00072525
4239,0.00043429
4240,0.00151768
4241,0.00161034
4242,0.00112045
4243,0.00090290
4244,0.00070364
4245,0.00251565
4246,0.00042774
4247,0.00069963
4248,0.00108884
4249,0.00088433
4250,0.00598700
4251,0.00073579
4252,0.00130848
4253,0.00089394
4254,0.00276595
4255,0.00069909
4256,0.00102402
4257,0.00104412
4258,0.00140021
4259,0.00058244
4260,0.00084587
4261,0.00156668
4262,0.00026329
4263,0.00054989
4264,0.00673576
4265,0.00056814
4266,0.00077518
4267,0.00099697
4268,0.00032668
4269,0.00270687
4270,0.00284478
4271,0.00072263
4272,0.00074671
4273,0.00372664
4274,0.00075477
4275,0.00026834
4276,0.00114488
4277,0.00061935
4278,0.00056199
4279,0.00212915
4280,0.00083904
4281,0.00064738
4282,0.00131326
4283,0.00063799
4284,0.00066760
4285,0.00105585
4286,0.00122025
4287,0.00099414
4288,0.00192703
4289,0.00258915
4290,0.00162915
4291,0.00088314
4292,0.00103372
4293,0.00147978
4294,0.00081518
4295,0.00288316
4296,0.00083377
4297,0.00171893
4298,0.00151937
4299,0.00103355
4300,0.00217293
4301,0.03398348
4302,0.00070413
4303,0.00094285
4304,0.00089522
4305,0.00220046
4306,0.00062409
4307,0.00071557
4308,0.00172712
4309,0.00175986
4310,0.00275678
4311,0.00067211
4312,0.00047937
4313,0.00093950
4314,0.00075388
4315,0.00101012
4316,0.00087459
4317,0.00070678
4318,0.00205603
4319,0.00204586
4320,0.00050663
4321,0.00683290
4322,0.00041275
4323,0.00107836
4324,0.00372457
4325,0.01398749
4326,0.00688963
4327,0.04332185
4328,0.00100118
4329,0.00105571
4330,0.00046396
4331,0.00272233
4332,0.00042173
4333,0.00060028
4334,0.00102018
4335,0.00730809
4336,0.00206483
4337,0.00139853
4338,0.00099919
4339,0.01441104
4340,0.00083868
4341,0.00085892
4342,0.00099055
4343,0.00095425
4344,0.00109044
4345,0.00459248
4346,0.00088908
4347,0.00096589
4348,0.00104685
4349,0.00068179
4350,0.00105618
4351,0.00050128
4352,0.00124403
4353,0.00090435
4354,0.00060613
4355,0.00715183
4356,0.00075657
4357,0.00168785
4358,0.00056283
4359,0.00049936
4360,0.00261528
4361,0.00097909
4362,0.00101721
4363,0.00097402
4364,0.00113469
4365,0.00184123
4366,0.00063794
4367,0.00115017
4368,0.00354034
4369,0.00069788
4370,0.00128688
4371,0.00082816
4372,0.00145915
4373,0.00145339
4374,0.00641974
4375,0.00093085
4376,0.00059053
4377,0.00036460
4378,0.00070100
4379,0.00034105
4380,0.00113537
4381,0.00156936
4382,0.00133922
4383,0.00883359
4384,0.00414015
4385,0.00227212
4386,0.00075855
4387,0.00136680
4388,0.00174731
4389,0.00081308
4390,0.00313854
4391,0.00000412
4392,0.00206692
4393,0.00134693
4394,0.00061899
4395,0.00043607
4396,0.00066799
4397,0.01416032
4398,0.00766865
4399,0.00120834
4400,0.00102092
4401,0.00739149
4402,0.00050873
4403,0.00049580
4404,0.00065747
4405,0.00166485
4406,0.00013595
4407,0.00078666
4408,0.00076651
4409,0.00059323
4410,0.00072089
4411,0.00359821
4412,0.00089685
4413,0.01689790
4414,0.00074858
4415,0.00327094
4416,0.00059163
4417,0.00046786
4418,0.00279197
4419,0.00170066
4420,0.00057974
4421,0.00149493
4422,0.00064011
4423,0.00088267
4424,0.00064626
4425,0.00092083
4426,0.00090748
4427,0.00054089
4428,0.00077805
4429,0.00206403
4430,0.00084070
4431,0.00156869
4432,0.00052177
4433,0.00611697
4434,0.00202428
4435,0.00075909
4436,0.00106024
4437,0.00442840
4438,0.00072233
4439,0.00275072
4440,0.00132462
4441,0.00124277
4442,0.00105057
4443,0.00251925
4444,0.00088209
4445,0.00071375
4446,0.00107176
4447,0.00101875
4448,0.00084383
4449,0.00095502
4450,0.00253967
4451,0.00092541
4452,0.00117048
4453,0.00084170
4454,0.01401112
4455,0.00139210
4456,0.00118625
4457,0.00269403
4458,0.00082422
4459,0.01086762
4460,0.00027863
4461,0.00072664
4462,0.00070727
4463,0.00165184
4464,0.00077034
4465,0.00066224
4466,0.00052512
4467,0.00069565
4468,0.00156750
4469,0.00163760
4470,0.00154653
4471,0.00049828
4472,0.00067747
4473,0.00091180
4474,0.00731623
4475,0.00088088
4476,0.00061816
4477,0.00199722
4478,0.00177850
4479,0.00029448
4480,0.00102393
4481,0.00041033
4482,2.27282500
4483,0.00093894
4484,0.00076698
4485,0.00092884
4486,0.00088759
4487,0.00074481
4488,0.00621653
4489,0.00340317
4490,0.00069723
4491,0.00167157
4492,0.00085452
4493,0.00371267
4494,0.00109615
4495,0.00124706
4496,0.00259755
4497,0.00072960
4498,0.00091506
4499,0.00124408
4500,0.00173083
4501,0.00188057
4502,0.00348745
4503,0.00090017
4504,0.00022386
4505,0.00057485
4506,0.00080426
4507,0.70561592
4508,0.00056335
4509,0.00089674
4510,0.00117718
4511,0.00041108
4512,0.00182468
4513,0.00105470
4514,0.00345059
4515,0.00058771
4516,0.00058799
4517,0.00102755
4518,0.00058838
4519,0.00152976
4520,0.00271567
4521,0.00106931
4522,0.00054193
4523,0.00083420
4524,0.00599063
4525,0.00103705
4526,0.00459023
4527,0.00138585
4528,0.00054225
4529,0.00102222
4530,0.00101376
4531,0.00093709
4532,0.00033161
4533,0.00087632
4534,0.00176050
4535,0.00289408
4536,0.00173153
4537,0.00108836
4538,0.00436564
4539,0.00138909
4540,0.00081996
4541,0.00057758
4542,0.00211192
4543,0.00042023
4544,0.00088792
4545,0.00031511
4546,0.00044143
4547,0.00053758
4548,0.00119732
4549,0.00038734
4550,0.00082916
4551,0.00174012
4552,0.00109489
4553,0.00077370
4554,0.00220559
4555,0.00061566
4556,0.00076562
4557,0.00106715
4558,0.00154420
4559,0.00079176
4560,0.00088287
4561,0.00122079
4562,0.00104843
4563,0.00350656
4564,0.00135132
4565,0.00053758
4566,0.00091805
4567,0.00116434
4568,0.00047830
4569,0.00223941
4570,0.01493405
4571,0.00113618
4572,0.00218063
4573,0.00104408
4574,0.00392353
4575,0.00005257
4576,0.00102787
4577,0.00037670
4578,0.00663108
4579,0.00104717
4580,0.00474407
4581,0.01405016
4582,0.00105879
4583,0.00081350
4584,0.00057298
4585,0.00094814
4586,0.00143831
4587,0.00075158
4588,0.00236420
4589,0.00305379
4590,0.00046059
4591,0.00061839
4592,0.00135071
4593,0.01061005
4594,0.00161602
4595,0.00065600
4596,0.06188892
4597,0.00185509
4598,0.00674073
4599,0.00109189
4600,0.00160981
4601,0.00098565
4602,0.00174922
4603,0.00165878
4604,0.00070690
4605,0.00085833
4606,0.00060896
4607,0.00158369
4608,0.00104115
4609,0.00131422
4610,0.00076157
4611,0.00093492
4612,0.00103373
4613,0.00191148
4614,0.00098942
4615,0.00057525
4616,0.01327197
4617,0.00099742
4618,0.00135231
4619,0.00030536
4620,0.00075364
4621,0.00182027
4622,0.00116842
4623,0.00091812
4624,0.00077291
4625,0.00058994
4626,0.00268902
4627,0.00692320
4628,0.00111802
4629,0.00897339
4630,0.00066455
4631,0.00045657
4632,0.00161355
4633,0.00223327
4634,0.00090780
4635,0.01433277
4636,0.00092369
4637,0.00088909
4638,0.00210803
4639,0.00056802
4640,0.00160977
4641,0.00123985
4642,0.01462923
4643,0.00123201
4644,0.00276539
4645,0.00262696
4646,0.01248252
4647,0.00116814
4648,0.00081918
4649,0.00052160
4650,0.00626254
4651,0.00103903
4652,0.00052709
4653,0.00179283
4654,0.00091922
4655,0.00385583
4656,0.00112109
4657,0.00743936
4658,0.00003510
4659,0.00046402
4660,0.00111621
4661,0.00090311
4662,0.00180915
4663,0.00002930
4664,0.00152555
4665,0.00208938
4666,0.00075696
4667,0.00149331
4668,0.00100787
4669,0.00084967
4670,0.00329138
4671,0.00383534
4672,0.00083540
4673,0.00073054
4674,0.00055024
4675,0.00117734
4676,0.00063962
4677,0.00071213
4678,0.00079077
4679,0.00356520
4680,0.00073230
4681,0.00062146
4682,0.00108385
4683,0.00140062
4684,0.00135334
4685,0.00038676
4686,0.00114506
4687,0.00076412
4688,0.00654822
4689,0.01377694
4690,0.00042748
4691,0.00058809
4692,0.00624006
4693,0.00105655
4694,0.01264137
4695,0.00148429
4696,0.00078560
4697,0.00083380
4698,0.00086672
4699,0.00200014
4700,0.00727728
4701,0.00125037
4702,0.00134976
4703,0.00144174
4704,0.00071913
4705,0.00152753
4706,0.00052649
4707,0.00026477
4708,0.00080328
4709,0.00063271
4710,0.00087528
4711,0.00085566
4712,0.00160254
4713,0.00254012
4714,0.00087692
4715,0.00155049
4716,0.00099415
4717,0.00653258
4718,0.00184027
4719,0.00123409
4720,0.01201117
4721,0.00019222
4722,0.00200398
4723,0.00164704
4724,0.00049427
4725,0.00139584
4726,0.00082506
4727,0.00092369
4728,0.00135353
4729,0.00072370
4730,0.00079323
4731,0.00121459
4732,0.00105403
4733,0.00044609
4734,0.00054006
4735,0.00139871
4736,2.20652299
4737,0.00064609
4738,0.01319672
4739,0.00172930
4740,0.00087992
4741,0.00198195
4742,0.00091140
4743,0.00200962
4744,0.00166974
4745,0.00238995
4746,0.00045385
4747,0.00042144
4748,0.00036843
4749,0.01730271
4750,0.00119056
4751,0.00120997
4752,0.00174713
4753,0.00108525
4754,0.00411273
4755,0.00056846
4756,0.00933117
4757,0.00079100
4758,0.00079671
4759,0.00152777
4760,0.00359584
4761,0.00061876
4762,0.00090579
4763,0.00682229
4764,0.00380657
4765,0.00159685
4766,0.00213213
4767,0.00136907
4768,0.00084399
4769,0.00069941
4770,0.00692334
4771,0.00068150
4772,0.00077382
4773,0.00059119
4774,0.00054685
4775,0.00293699
4776,0.00072325
4777,0.00386371
4778,0.00097358
4779,0.00715256
4780,0.00087419
4781,0.00082381
4782,0.00138640
4783,0.00753424
4784,0.00107252
4785,0.00130963
4786,0.00196342
4787,0.00206731
4788,0.00069198
4789,0.00058257
4790,0.00056185
4791,0.00072840
4792,0.00052255
4793,0.00133099
4794,0.00092842
4795,0.00186203
4796,0.00355875
4797,0.00008325
4798,0.00442011
4799,0.00051676
4800,0.00056015
4801,0.00111596
4802,0.00047973
4803,0.00141292
4804,0.00098598
4805,0.00079333
4806,0.00086411
4807,0.00142273
4808,0.00102209
4809,0.00101835
4810,0.00081102
4811,0.00079056
4812,0.00134593
4813,0.00112773
4814,0.00086701
4815,0.00222304
4816,0.00108454
4817,0.00141611
4818,0.00086223
4819,0.00048243
4820,0.00068598
4821,0.00090442
4822,0.00105208
4823,0.00247988
4824,0.54103072
4825,0.00107556
4826,0.00070915
4827,0.00037452
4828,0.00126357
4829,0.00159899
4830,0.00069986
4831,0.00119304
4832,0.00040756
4833,0.00119108
4834,0.01053788
4835,0.00194030
4836,0.00005983
4837,0.00201573
4838,0.00159599
4839,0.00167008
4840,0.00083224
4841,0.00156622
4842,0.00163272
4843,0.00273185
4844,0.00045439
4845,0.00200202
4846,0.00085647
4847,0.00217992
4848,0.02070834
4849,0.00037490
4850,0.00085150
4851,0.00470582
4852,0.00163654
4853,0.00169106
4854,0.00159645
4855,0.00058938
4856,0.00148395
4857,0.00194514
4858,0.00169081
4859,0.00259321
4860,0.00070609
4861,0.00286372
4862,0.00134586
4863,0.00195806
4864,0.00287141
4865,0.00572224
4866,0.00097011
4867,0.00071803
4868,0.00046417
4869,0.00724310
4870,0.00209357
4871,0.00072530
4872,0.00053738
4873,0.00100755
4874,0.00115203
4875,0.00053350
4876,0.00009173
4877,0.00208164
4878,0.00400051
4879,0.00363645
4880,0.00114307
4881,0.00078872
4882,0.00117755
4883,0.00223315
4884,0.00130460
4885,0.00184029
4886,0.00078003
4887,0.00093946
4888,0.00015757
4889,0.00116623
4890,0.00266319
4891,0.00441030
4892,0.00220668
4893,0.00048841
4894,0.00209627
4895,0.00071116
4896,0.00174139
4897,0.00053831
4898,0.00096360
4899,0.00165171
4900,0.00256878
4901,0.00076225
4902,0.00039474
4903,0.00099199
4904,0.00075329
4905,0.00116264
4906,0.00092762
4907,0.00156147
4908,0.00056516
4909,0.00187198
4910,0.00067442
4911,0.00713907
4912,0.00136617
4913,0.00276285
4914,0.00061299
4915,0.00333699
4916,0.00195246
4917,0.00052394
4918,0.00017859
4919,0.00146371
4920,0.01410668
4921,0.00122069
4922,0.00077636
4923,0.00064366
4924,0.00085583
4925,0.00113691
4926,0.00058803
4927,0.00171266
4928,0.00169950
4929,0.01251539
4930,0.00088638
4931,0.00054577
4932,0.00018446
4933,0.00194952
4934,0.00104333
4935,0.00161968
4936,0.00078893
4937,0.00449692
4938,0.00078177
4939,0.00638859
4940,0.00133557
4941,0.00089448
4942,0.01295083
4943,0.00167368
4944,0.00340680
4945,0.00107010
4946,0.00067730
4947,0.00118754
4948,0.00080401
4949,0.00171458
4950,0.00051180
4951,0.00235130
4952,0.00286813
4953,0.00175949
4954,0.00158697
4955,0.00712901
4956,0.00083079
4957,0.00071845
4958,0.00142213
4959,0.00067022
4960,0.00077389
4961,0.00084129
4962,0.00220237
4963,0.00730775
4964,0.00090462
4965,0.00289891
4966,0.00199708
4967,0.00058045
4968,0.00776165
4969,0.00051358
4970,0.00342438
4971,0.00057269
4972,0.00071435
4973,0.00114985
4974,0.00259274
4975,0.00196667
4976,0.00045284
4977,0.00074002
4978,0.00127568
4979,0.00048253
4980,0.00203200
4981,0.00084380
4982,0.00267150
4983,0.00583279
4984,0.00200673
4985,0.00107189
4986,0.00192534
4987,0.00111683
4988,0.00096429
4989,0.00624437
4990,0.00115882
4991,0.00177066
4992,0.00230958
4993,0.00065429
4994,0.00059306
4995,0.00094186
4996,0.00173672
4997,0.00089338
4998,0.00130531
4999,0.00097079
5000,0.00263303
5001,0.00057007
5002,0.00220852
5003,0.00281206
5004,0.00167365
5005,0.00074640
5006,0.00662091
5007,0.00395679
5008,0.00075349
5009,0.00065078
5010,0.00102969
5011,0.00108327
5012,0.00094459
5013,0.00063790
5014,0.00275166
5015,0.00160094
5016,0.00201909
5017,0.01056522
5018,0.00138344
5019,0.00146542
5020,0.00037989
5021,0.00043710
5022,0.00156274
5023,0.00252831
5024,0.00094804
5025,0.00259175
5026,0.00153664
5027,0.00066563
5028,0.00084671
5029,0.00366954
5030,0.00149087
5031,0.00158916
5032,0.00051653
5033,0.00101399
5034,0.00171945
5035,0.00102403
5036,0.00270182
5037,0.00054137
5038,0.00187043
5039,0.00173613
5040,0.00283349
5041,0.00085569
5042,0.00033882
5043,0.00057140
5044,0.00104978
5045,0.00083760
5046,0.01430874
5047,0.00085461
5048,0.00097445
5049,0.00070667
5050,0.00142623
5051,0.00779072
5052,0.00095253
5053,0.00385224
5054,0.00070150
5055,0.00144788
5056,0.00016536
5057,0.00057035
5058,0.00317996
5059,0.00057769
5060,0.00092404
5061,0.00425757
5062,0.00107895
5063,0.00063084
5064,0.00109830
5065,0.00111892
5066,0.00157507
5067,0.00217499
5068,0.00099333
5069,0.00164521
5070,0.00422942
5071,0.00169169
5072,0.00068887
5073,0.00208816
5074,0.00063484
5075,0.00658361
5076,0.00178867
5077,0.00158411
5078,0.00672855
5079,0.00069671
5080,0.00305158
5081,0.00055655
5082,0.00211696
5083,0.00146265
5084,0.00369323
5085,0.00283699
5086,0.00185280
5087,0.00115698
5088,0.00106885
5089,0.00062533
5090,0.00711252
5091,0.00020459
5092,0.00463139
5093,0.00244991
5094,0.00200490
5095,0.00079852
5096,0.00217137
5097,0.00143261
5098,0.00184242
5099,0.00326147
5100,0.00103541
5101,0.00743961
5102,0.00674010
5103,0.00133957
5104,0.00214170
5105,0.00052421
5106,0.00170364
5107,0.00203800
5108,0.00105192
5109,0.00288827
5110,0.00358040
5111,0.00185946
5112,0.00284740
5113,0.00123803
5114,0.00104984
5115,0.00104148
5116,0.00004635
5117,0.00013438
5118,0.00162290
5119,0.00085608
5120,0.00168380
5121,0.00070186
5122,0.00453614
5123,0.00078506
5124,0.00110074
5125,0.00335736
5126,2.11390820
5127,0.00177660
5128,0.00104267
5129,0.00072648
5130,0.00062441
5131,0.00168863
5132,0.00107567
5133,0.00129419
5134,0.00051713
5135,0.00167629
5136,0.00060105
5137,0.00741910
5138,0.00113807
5139,0.00109930
5140,0.00096728
5141,0.00123269
5142,0.00162552
5143,0.00411208
5144,0.00005593
5145,0.00468684
5146,0.00096379
5147,0.00155015
5148,0.00388950
5149,0.00652134
5150,0.00081080
5151,0.00063452
5152,0.00010436
5153,0.00013674
5154,0.00183039
5155,0.00202953
5156,0.00082772
5157,0.00055590
5158,0.00081844
5159,0.00086302
5160,0.01361925
5161,0.01470796
5162,0.00755484
5163,0.00070099
5164,0.00076659
5165,0.00149300
5166,0.00375997
5167,0.00374292
5168,0.00147221
5169,0.00334554
5170,0.00058991
5171,0.00090678
5172,0.00080266
5173,0.00079779
5174,0.00302762
5175,0.00042228
5176,0.00084560
5177,0.00186242
5178,0.00092006
5179,0.00096773
5180,0.00122956
5181,0.00705875
5182,0.00059294
5183,0.00094855
5184,0.00118206
5185,0.00111772
5186,0.00194355
5187,0.00061637
5188,0.00059246
5189,0.00060567
5190,0.00053955
5191,0.00073684
5192,0.00130363
5193,0.00126787
5194,0.00120344
5195,0.00071402
5196,0.00100264
5197,0.00312077
5198,0.00158075
5199,0.00070046
5200,0.00112571
5201,0.00066027
5202,0.00306062
5203,0.00164770
5204,0.00090567
5205,0.00060778
5206,0.00156627
5207,0.01454308
5208,0.00154890
5209,0.00699779
5210,0.00200135
5211,0.00112397
5212,0.00204895
5213,0.00105722
5214,0.00132254
5215,0.00138280
5216,0.00056775
5217,0.00082018
5218,0.00169532
5219,0.00181688
5220,0.00130796
5221,0.00048123
5222,0.00194706
5223,0.00043017
5224,0.00139808
5225,0.00261292
5226,0.00136607
5227,0.00069691
5228,0.00078474
5229,0.00168859
5230,0.00006285
5231,0.00070348
5232,0.00101158
5233,0.00065621
5234,0.00168620
5235,0.00597223
5236,0.00060206
5237,0.00080252
5238,0.00360162
5239,0.00279625
5240,0.00179071
5241,0.00560528
5242,0.00069413
5243,0.00073032
5244,0.00057639
5245,0.00347508
5246,0.00418070
5247,0.00098070
5248,0.00084199
5249,0.00173598
5250,0.00106384
5251,0.00224969
5252,0.00087502
5253,0.00023810
5254,0.00078780
5255,0.00045986
5256,0.00082378
5257,0.00105321
5258,0.00738354
5259,0.00267447
5260,0.00172853
5261,0.22391680
5262,1.56087254
5263,0.00080986
5264,0.00084203
5265,0.00096701
5266,0.00142799
5267,0.00107214
5268,0.00062785
5269,0.00031856
5270,0.00109428
5271,0.00095336
5272,0.00084646
5273,0.00079438
5274,0.00162799
5275,0.00171939
5276,0.00739460
5277,0.00166569
5278,0.00178078
5279,0.00092255
5280,0.00142778
5281,0.00068993
5282,0.00147391
5283,0.00648375
5284,0.00070011
5285,0.00017920
5286,0.00068713
5287,0.00071831
5288,0.00154139
5289,0.00080463
5290,0.00072103
5291,0.00746194
5292,0.00083407
5293,0.00092995
5294,0.00059407
5295,0.00188696
5296,0.00094386
5297,0.00072246
5298,0.00066387
5299,0.00064293
5300,0.00037039
5301,0.00055167
5302,0.00072467
5303,0.00273091
5304,0.00389552
5305,0.00133275
5306,0.00094523
5307,0.00210567
5308,0.00285851
5309,0.00137233
5310,0.00080974
5311,0.00165801
5312,0.00038860
5313,0.00050377
5314,0.00080185
5315,0.00088132
5316,0.00180249
5317,0.00283072
5318,0.00044077
5319,0.00089017
5320,0.00240953
5321,0.00068219
5322,0.00371451
5323,0.00083950
5324,0.00190017
5325,0.00071368
5326,0.00200676
5327,0.00483807
5328,0.00103202
5329,0.00164962
5330,0.00114721
5331,0.16173727
5332,0.00201710
5333,0.00096349
5334,0.00021399
5335,0.00325859
5336,0.00156386
5337,0.00195240
5338,0.00117267
5339,0.00182383
5340,0.00135314
5341,0.00114268
5342,0.00203265
5343,0.00050144
5344,0.00079847
5345,0.00211244
5346,0.00124491
5347,0.00176859
5348,0.00051430
5349,0.00048457
5350,0.00073036
5351,0.00093458
5352,0.00080562
5353,0.00158702
5354,0.00090178
5355,0.01171593
5356,0.00190207
5357,0.00110256
5358,0.00111043
5359,0.00215683
5360,0.00155323
5361,0.00089204
5362,0.00106553
5363,0.00107288
5364,0.00163015
5365,0.00065668
5366,0.00179665
5367,0.00010110
5368,0.00110965
5369,0.00074018
5370,0.00037905
5371,0.00653706
5372,0.00198442
5373,0.00980000
5374,0.00199095
5375,0.00083422
5376,0.00031509
5377,0.00120647
5378,0.00108083
5379,0.00387047
5380,0.00051251
5381,0.00057218
5382,0.00058254
5383,0.00143626
5384,0.00083245
5385,0.00184978
5386,0.00084570
5387,0.00072925
5388,0.00185789
5389,0.00110169
5390,0.00160922
5391,0.00115384
5392,0.00109696
5393,0.00128443
5394,0.00075253
5395,0.00037032
5396,0.00097531
5397,0.00172996
5398,0.00030383
5399,0.00217896
5400,0.00105126
5401,0.00078098
5402,0.00072630
5403,0.00154580
5404,0.00161358
5405,0.01355396
5406,0.00252001
5407,0.00126983
5408,0.00109503
5409,0.00737961
5410,0.00097692
5411,0.00096609
5412,0.00221109
5413,0.00072976
5414,0.00072530
5415,0.00165864
5416,0.00112109
5417,0.00180935
5418,0.00412664
5419,0.00054582
5420,0.00050073
5421,0.00595352
5422,0.00278036
5423,0.00354568
5424,0.00042542
5425,0.00095357
5426,0.00668272
5427,0.00693636
5428,0.00200473
5429,0.00255093
5430,0.00075965
5431,0.00132481
5432,0.00061806
5433,0.00059706
5434,0.00059737
5435,0.00174109
5436,0.00125340
5437,0.00104878
5438,0.00115524
5439,0.00097193
5440,0.00203420
5441,0.00162780
5442,0.00053512
5443,0.00104876
5444,0.00114548
5445,0.00061449
5446,0.01452633
5447,0.00108515
5448,0.00148712
5449,0.01484087
5450,0.00036960
5451,0.00052208
5452,0.00068194
5453,0.00062039
5454,0.00676707
5455,0.00129732
5456,0.00069740
5457,0.00491737
5458,0.00164106
5459,0.00076556
5460,0.00123880
5461,0.00113379
5462,0.00078891
5463,0.00057151
5464,0.00061781
5465,0.00181546
5466,0.00195292
5467,0.00129930
5468,0.00047445
5469,0.00107169
5470,0.00353961
5471,0.00067235
5472,0.00624320
5473,0.00273687
5474,0.00154165
5475,0.00166258
5476,0.00031029
5477,0.00212718
5478,0.00114086
5479,0.00095897
5480,0.00201380
5481,0.00680475
5482,0.00018705
5483,0.01176872
5484,0.00113723
5485,0.00062640
5486,0.00048348
5487,0.00353430
5488,0.00081888
5489,0.00165833
5490,0.00196459
5491,0.00082202
5492,0.00056375
5493,0.00142480
5494,0.00105093
5495,0.00069055
5496,0.00047941
5497,0.00093779
5498,0.00111695
5499,0.00065167
5500,0.00060389
5501,0.00101334
5502,0.00784232
5503,0.00080625
5504,0.00143755
5505,0.00088490
5506,0.00117035
5507,0.00317143
5508,0.00093430
5509,0.00207393
5510,0.00083621
5511,0.00212492
5512,0.00067391
5513,0.00053971
5514,0.00019896
5515,0.00058286
5516,0.00094304
5517,0.00084162
5518,0.00082342
5519,0.00061148
5520,0.00083294
5521,0.00025817
5522,0.00400464
5523,0.00044678
5524,0.00139474
5525,0.00018735
5526,0.00180549
5527,0.00067461
5528,0.00100033
5529,0.00263089
5530,0.00127632
5531,0.00195689
5532,0.00276495
5533,0.00196331
5534,0.00114601
5535,0.00067927
5536,0.00209606
5537,0.00171941
5538,0.00065587
5539,0.00063949
5540,0.00203068
5541,0.00028574
5542,0.00044573
5543,0.00020885
5544,0.00092802
5545,0.00083873
5546,0.00103119
5547,0.00101688
5548,0.00625317
5549,0.00072621
5550,0.00096346
5551,0.00064483
5552,0.00208567
5553,0.00339714
5554,0.00091534
5555,0.00119384
5556,0.01353499
5557,0.00055055
5558,0.01253277
5559,0.00084973
5560,0.00069262
5561,0.00070067
5562,0.00089901
5563,0.00109343
5564,0.00158606
5565,0.00039988
5566,0.00056788
5567,0.00064993
5568,0.00052737
5569,0.00104380
5570,0.00175621
5571,0.00265805
5572,0.00052072
5573,0.00042737
5574,0.00373150
5575,0.00148708
5576,0.00648467
5577,0.00206033
5578,0.00066377
5579,0.00697528
5580,0.00099909
5581,0.00219407
5582,0.00050869
5583,0.00131074
5584,0.00153056
5585,0.00061135
5586,0.00155324
5587,0.00102818
5588,0.00133128
5589,0.00279147
5590,0.00982581
5591,0.00342846
5592,0.00135609
5593,0.00073441
5594,0.00011398
5595,0.00130894
5596,0.00075111
5597,0.00171270
5598,0.00179918
5599,0.00094871
5600,0.00184171
5601,0.00183992
5602,0.00289563
5603,0.00047108
5604,0.00088592
5605,0.00462639
5606,0.00060205
5607,0.00155165
5608,0.00052311
5609,0.00644032
5610,0.00169872
5611,0.00110992
5612,0.00370968
5613,0.00103014
5614,0.00112882
5615,0.00077788
5616,0.00033593
5617,0.00082312
5618,0.00640120
5619,0.00322383
5620,0.00104706
5621,0.00670321
5622,0.00049598
5623,0.00335427
5624,0.00040179
5625,0.00057124
5626,0.00416817
5627,0.00084816
5628,0.00206742
5629,0.00063792
5630,0.01478352
5631,0.00091340
5632,0.00035496
5633,0.00846754
5634,0.00089726
5635,0.00359066
5636,0.00669137
5637,0.00078714
5638,0.00200480
5639,0.00018458
5640,0.00054936
5641,0.00391225
5642,0.00095700
5643,0.00168909
5644,0.00075056
5645,0.00095298
5646,0.00235471
5647,0.00024251
5648,0.00130786
5649,0.00547931
5650,0.00110495
5651,0.01409365
5652,0.00125488
5653,0.00159221
5654,0.00101081
5655,0.00251374
5656,0.01854215
5657,0.00058217
5658,0.00062516
5659,0.00164983
5660,0.00075259
5661,0.00063228
5662,0.00111457
5663,0.00026619
5664,0.00027664
5665,0.00098555
5666,0.00011175
5667,0.00730563
5668,0.00358016
5669,0.00058432
5670,0.00169128
5671,0.00713876
5672,0.00057182
5673,0.00192227
5674,0.00083352
5675,0.00065039
5676,0.00054147
5677,0.00184269
5678,0.00312469
5679,0.00082533
5680,0.00754355
5681,0.00053715
5682,0.00074032
5683,0.00215064
5684,0.12839005
5685,0.00137169
5686,0.00082020
5687,0.00063106
5688,0.00068387
5689,0.00623283
5690,0.00348083
5691,0.00066872
5692,0.00108161
5693,0.00020352
5694,0.00064046
5695,0.00222480
5696,0.00104269
5697,0.00075444
5698,0.00156099
5699,0.00046696
5700,0.00091384
5701,0.00178919
5702,0.00098404
5703,0.00045868
5704,0.00113260
5705,0.00164844
5706,0.00167194
5707,0.00023509
5708,0.00208617
5709,0.00165896
5710,0.00194468
5711,0.00608918
5712,0.00095422
5713,0.00199898
5714,0.00089962
5715,1.26198760
5716,0.00134018
5717,0.00053317
5718,0.00119823
5719,0.00733165
5720,0.00130521
5721,0.00005473
5722,0.00102914
5723,0.00084511
5724,0.00079925
5725,0.00111421
5726,0.00206388
5727,0.00106570
5728,0.00729311
5729,0.00040359
5730,0.00107228
5731,0.00090061
5732,0.00154232
5733,0.00176342
5734,0.00073592
5735,0.00015599
5736,0.00397981
5737,0.00055585
5738,0.00083184
5739,0.00087682
5740,0.00092469
5741,0.00139029
5742,0.00062950
5743,0.00067351
5744,0.00021779
5745,0.00095387
5746,0.00216158
5747,1.78329353
5748,0.00033047
5749,0.00264298
5750,0.00091141
5751,0.00047581
5752,0.00180905
5753,0.00154747
5754,0.00081626
5755,0.00175488
5756,0.00048853
5757,0.00093424
5758,0.00177645
5759,0.00605686
5760,0.00060459
5761,0.00113191
5762,0.00087541
5763,0.00195198
5764,0.00095555
5765,0.00116266
5766,0.00170245
5767,0.00090715
5768,0.00051011
5769,0.00082744
5770,0.00035754
5771,0.00136699
5772,0.00175310
5773,0.00432910
5774,0.00260348
5775,0.00116481
5776,0.00322545
5777,0.00167442
5778,0.00071349
5779,0.00050514
5780,0.00163815
5781,0.00138342
5782,0.00041122
5783,0.00210351
5784,0.00077742
5785,0.00131069
5786,0.00154603
5787,0.00053524
5788,0.00060595
5789,0.00089656
5790,0.00135146
5791,0.00164833
5792,0.00095302
5793,0.00216769
5794,0.00052064
5795,0.00293752
5796,0.00106898
5797,0.00155251
5798,0.00033346
5799,0.00113611
5800,0.00217154
5801,0.00096187
5802,0.00074585
5803,0.00093627
5804,0.00726977
5805,0.00281893
5806,0.00655462
5807,0.00170462
5808,0.00100754
5809,0.01059574
5810,0.00057760
5811,0.00165518
5812,0.00368332
5813,0.00376829
5814,0.01237257
5815,0.00299383
5816,0.00209743
5817,0.00096438
5818,0.00073760
5819,0.00638794
5820,0.00018487
5821,0.00066655
5822,0.00100089
5823,0.00093960
5824,0.00104609
5825,0.00093210
5826,0.00106066
5827,0.00145051
5828,0.00142198
5829,0.00121366
5830,0.00084739
5831,0.00339031
5832,0.00709585
5833,0.00185550
5834,0.00112290
5835,0.00047539
5836,0.00069841
5837,0.00042152
5838,0.00111634
5839,0.00084730
5840,0.00217197
5841,0.00085752
5842,0.00088693
5843,0.00366205
5844,0.00067723
5845,0.00091068
5846,0.00101949
5847,0.00067116
5848,0.00470001
5849,0.00780569
5850,0.00048568
5851,0.00049107
5852,0.00076486
5853,0.00172445
5854,0.00097010
5855,0.00111658
5856,0.00038954
5857,0.00098978
5858,0.00751136
5859,0.00757033
5860,0.00055793
5861,0.00113174
5862,0.00117112
5863,0.00093320
5864,0.00066198
5865,0.00043656
5866,0.00045212
5867,0.00279870
5868,0.00119879
5869,0.00068600
5870,0.00087818
5871,0.00057876
5872,0.00055991
5873,0.00470953
5874,0.00142931
5875,0.00076375
5876,0.00098692
5877,0.00137467
5878,0.00097905
5879,0.00044163
5880,0.00681820
5881,0.00052346
5882,0.00077640
5883,0.00171799
5884,0.00133816
5885,0.00085634
5886,0.00048720
5887,0.00083472
5888,0.00056911
5889,0.01177917
5890,0.00171378
5891,0.00166164
5892,0.00739344
5893,0.00080894
5894,0.00282253
5895,0.00366228
5896,0.00116928
5897,0.00132647
5898,0.00055543
5899,0.00340996
5900,0.00091706
5901,0.00117625
5902,0.00084928
5903,0.00097751
5904,0.00037603
5905,0.00992534
5906,0.00100947
5907,0.00058659
5908,0.00678024
5909,0.00195206
5910,0.00196564
5911,0.00177784
5912,0.00125453
5913,0.00052101
5914,0.00136529
5915,0.00044880
5916,0.00168918
5917,0.00167534
5918,0.00080168
5919,0.00128194
5920,0.00451449
5921,0.00144987
5922,0.00162818
5923,0.00097212
5924,0.00173813
5925,0.00150043
5926,0.00082580
5927,0.00124326
5928,0.00187581
5929,0.00194394
5930,0.00200770
5931,0.06043818
5932,0.00131827
5933,0.00208114
5934,0.00117882
5935,0.00083956
5936,0.00051158
5937,0.00063244
5938,0.00165216
5939,0.00214467
5940,0.00042130
5941,0.00039953
5942,0.00086062
5943,0.00128169
5944,0.00091304
5945,0.00110869
5946,0.00050114
5947,0.00162358
5948,0.00130672
5949,0.00091810
5950,0.00004231
5951,0.00155597
5952,0.00147611
5953,0.00192356
5954,0.00080106
5955,0.00161641
5956,0.00155246
5957,0.00072396
5958,0.00072083
5959,0.00103487
5960,0.00240945
5961,0.00059665
5962,0.00150943
5963,0.00124606
5964,0.00090113
5965,0.00116156
5966,0.00798803
5967,0.00116561
5968,0.00077938
5969,0.00203761
5970,0.00166037
5971,0.00641831
5972,0.00656603
5973,0.00121527
5974,0.00087178
5975,0.00427191
5976,0.00067445
5977,0.00013866
5978,0.00054886
5979,0.00212659
5980,0.00104969
5981,0.00107938
5982,0.00363996
5983,0.00101018
5984,0.00703740
5985,0.00207608
5986,0.00068590
5987,0.00059468
5988,0.00148481
5989,0.01356370
5990,0.00107012
5991,0.00391367
5992,0.00094613
5993,0.00110288
5994,0.00142903
5995,0.00102644
5996,0.00084186
5997,0.00165569
5998,0.00103108
5999,0.00042857
6000,0.00018984
6001,0.00639787
6002,0.00709300
6003,0.00445344
6004,0.00116439
6005,0.00266517
6006,0.00082505
6007,0.00029862
6008,0.00030017
6009,0.00160019
6010,0.00379485
6011,0.00179724
6012,0.00139521
6013,0.00078522
6014,0.00983434
6015,0.00105829
6016,0.00112600
6017,0.00292401
6018,0.00089042
6019,0.00179811
6020,0.00397784
6021,0.00128715
6022,0.00197181
6023,0.00060348
6024,0.00068138
6025,0.00162193
6026,0.00159277
6027,0.00003031
6028,0.00076094
6029,0.00277940
6030,0.01379398
6031,0.00084076
6032,0.00059715
6033,0.00132476
6034,0.00166767
6035,0.00290927
6036,0.00127680
6037,0.00117062
6038,2.26307040
6039,0.00121327
6040,0.00144582
6041,0.00068543
6042,0.00153059
6043,0.00059964
6044,0.00097926
6045,0.00108800
6046,0.00198159
6047,0.00521270
6048,0.00071452
6049,0.00066747
6050,0.00132172
6051,0.00142018
6052,0.00199687
6053,0.00039232
6054,0.00174274
6055,0.00078432
6056,0.00197885
6057,0.00054739
6058,0.00222820
6059,0.00087659
6060,0.00085461
6061,0.00699250
6062,0.00090697
6063,0.00125404
6064,0.00156010
6065,0.00205205
6066,0.00148979
6067,0.00052752
6068,0.00109469
6069,0.00254669
6070,0.01253037
6071,0.00109811
6072,0.00092737
6073,0.00055862
6074,0.00164724
6075,0.00017588
6076,0.00106006
6077,0.00158881
6078,0.00160198
6079,0.00093752
6080,0.00046343
6081,0.00078279
6082,0.00046297
6083,0.00063534
6084,0.00101876
6085,0.00059655
6086,0.00090877
6087,0.00176670
6088,0.00042983
6089,0.00108006
6090,0.00002098
6091,0.00129402
6092,0.00097027
6093,0.00102492
6094,0.00111931
6095,0.00283083
6096,0.00285153
6097,0.00085031
6098,0.00198815
6099,0.00398773
6100,0.00162007
6101,0.00144085
6102,0.00059222
6103,0.00107715
6104,0.00089048
6105,0.00085897
6106,0.00313440
6107,0.00266336
6108,0.00662516
6109,0.00072655
6110,0.00097505
6111,0.00053623
6112,0.00190943
6113,0.00092514
6114,0.00069740
6115,0.00155627
6116,0.00089238
6117,0.00495332
6118,0.00214890
6119,0.01428457
6120,0.00090328
6121,0.00378014
6122,0.00203946
6123,0.00088207
6124,0.00727063
6125,0.00526216
6126,0.00102387
6127,0.00083017
6128,0.00120859
6129,0.00095639
6130,0.00151404
6131,0.00065428
6132,0.00170617
6133,0.00155977
6134,0.00365800
6135,0.00054410
6136,0.00134227
6137,0.00067685
6138,0.00081519
6139,0.00109061
6140,0.00339468
6141,0.00070436
6142,0.00184684
6143,0.00165227
6144,0.00195881
6145,0.00169628
6146,0.00281676
6147,0.00127810
6148,0.00118718
6149,0.00267368
6150,0.00735245
6151,0.00389118
6152,0.00089721
6153,0.00161430
6154,0.00187316
6155,0.00041448
6156,0.00091117
6157,0.00360810
6158,0.00105101
6159,0.00179877
6160,0.00076235
6161,0.00085179
6162,0.00207339
6163,0.00149539
6164,0.00080937
6165,0.00067524
6166,0.00088428
6167,0.00086138
6168,0.00319617
6169,0.00151333
6170,0.00675209
6171,0.00734893
6172,0.00652463
6173,0.00064809
6174,0.00079677
6175,0.00071619
6176,0.00108043
6177,0.00037745
6178,0.00659200
6179,0.00134962
6180,0.00068773
6181,0.00212020
6182,0.01165750
6183,0.00679161
6184,0.00227406
6185,0.00087219
6186,0.00028497
6187,0.00147045
6188,0.00170357
6189,0.00082149
6190,0.00194362
6191,0.00048195
6192,0.00347311
6193,0.00161035
6194,0.00148631
6195,0.00070297
6196,0.01411623
6197,0.00112627
6198,0.00069444
6199,0.01524631
6200,0.00116918
6201,0.00136603
6202,0.00425616
6203,0.00062036
6204,2.17087468
6205,0.00091926
6206,0.00198416
6207,1.28913706
6208,0.02980814
6209,0.00135185
6210,0.00015204
6211,0.00080184
6212,0.00141970
6213,0.00274961
6214,0.00051080
6215,0.00326154
6216,0.00051220
6217,0.00075443
6218,0.00191286
6219,0.00267456
6220,0.00173584
6221,0.00118794
6222,0.00103680
6223,0.00153153
6224,0.00069246
6225,0.00067709
6226,0.00132334
6227,0.00080309
6228,0.00098387
6229,0.00075323
6230,0.00656792
6231,0.00443108
6232,0.00098874
6233,0.00076754
6234,0.00058182
6235,0.00044705
6236,0.00082210
6237,0.00302045
6238,0.00483844
6239,0.00179976
6240,0.00087377
6241,0.00852936
6242,0.00071884
6243,0.00387513
6244,0.00151793
6245,0.00066363
6246,0.01440641
6247,0.00643574
6248,0.00083625
6249,0.00130950
6250,0.00195586
6251,0.00210377
6252,0.00050157
6253,0.00140000
6254,0.00101564
6255,0.00063049
6256,0.00053811
6257,0.00350035
6258,0.10011617
6259,0.00080495
6260,0.00079119
6261,0.00186080
6262,0.00141902
6263,0.00075186
6264,0.00048237
6265,0.00380944
6266,0.01326736
6267,0.00159064
6268,0.00069212
6269,0.00135359
6270,0.00285820
6271,0.00067956
6272,0.00779154
6273,0.00045277
6274,0.00119066
6275,0.00155333
6276,0.00181387
6277,0.00177825
6278,0.00106677
6279,0.00210154
6280,0.00717102
6281,0.00287785
6282,0.00072007
6283,0.00122057
6284,0.00085134
6285,0.00165182
6286,0.00138003
6287,0.00290367
6288,0.00091345
6289,0.00053605
6290,0.00211936
6291,0.00025814
6292,0.00071023
6293,0.00084937
6294,0.00088477
6295,0.00083381
6296,0.00092524
6297,0.00168065
6298,0.00210541
6299,0.00081828
6300,0.00064718
6301,0.00045099
6302,0.00057169
6303,0.00201753
6304,0.00026969
6305,0.01042208
6306,0.00118803
6307,0.00105511
6308,0.00114973
6309,0.00077035
6310,0.00081731
6311,0.00066286
6312,0.00085073
6313,0.00110426
6314,0.00703253
6315,0.00047926
6316,0.00076054
6317,0.00077397
6318,0.00183144
6319,0.00170422
6320,0.00176245
6321,0.00199985
6322,0.00055446
6323,0.00109665
6324,0.00023050
6325,0.00211227
6326,0.00089460
6327,0.00142776
6328,0.00193047
6329,0.00083763
6330,0.00147966
6331,0.00042470
6332,0.00167701
6333,0.00194555
6334,0.00107574
6335,0.00147476
6336,0.00806266
6337,0.00215142
6338,0.00064007
6339,0.00102430
6340,0.00037119
6341,0.00096045
6342,0.00181767
6343,0.00018588
6344,0.00314709
6345,0.00093488
6346,0.00993996
6347,0.00427184
6348,0.00070542
6349,0.00262104
6350,0.00165025
6351,0.00029302
6352,0.00085732
6353,0.00128500
6354,0.00095443
6355,0.00094531
6356,0.00070884
6357,0.00139131
6358,0.00233659
6359,0.00119842
6360,0.00070526
6361,0.00165442
6362,0.00085662
6363,0.00051846
6364,0.00045874
6365,0.00197866
6366,0.00282706
6367,0.00230264
6368,0.00181935
6369,0.00050162
6370,0.00147757
6371,0.00056171
6372,0.00068574
6373,0.00087997
6374,0.00078329
6375,0.00284383
6376,0.00128956
6377,0.00149917
6378,0.00102278
6379,0.00104889
6380,0.00269325
6381,0.00116124
6382,0.00177578
6383,0.00090154
6384,0.00162456
6385,0.01138822
6386,0.00171823
6387,0.00096976
6388,0.00123999
6389,0.00712082
6390,0.00739792
6391,1.03955220
6392,0.00943595
6393,0.00105409
6394,0.00065502
6395,0.00081234
6396,0.00387872
6397,0.00094135
6398,0.00208495
6399,0.00125262
6400,0.00840633
6401,0.00165224
6402,0.00444814
6403,0.00073633
6404,0.00435564
6405,0.00050854
6406,0.00130644
6407,0.00104652
6408,0.00144575
6409,0.01276168
6410,0.52928627
6411,0.00033696
6412,0.00217513
6413,0.00077812
6414,0.00058319
6415,0.00086940
6416,0.00208352
6417,0.00159946
6418,0.00139355
6419,0.00068842
6420,0.00052746
6421,0.00334308
6422,0.00113903
6423,0.00209939
6424,0.00182094
6425,0.00082673
6426,0.00081224
6427,0.00120280
6428,0.00063356
6429,0.00123985
6430,0.00203868
6431,0.00275984
6432,0.00112939
6433,0.00103376
6434,0.01373224
6435,0.00027517
6436,0.00397495
6437,0.00066963
6438,0.00479788
6439,0.00032480
6440,0.00108777
6441,0.00061170
6442,0.00073992
6443,0.00022740
6444,0.00085993
6445,0.00318354
6446,0.00049021
6447,0.00717635
6448,0.00067229
6449,0.00158888
6450,0.00055372
6451,0.00566810
6452,0.00021292
6453,0.00081731
6454,0.00086234
6455,0.00081262
6456,0.00141187
6457,0.00065981
6458,0.00208428
6459,0.00109906
6460,0.00073317
6461,0.00089183
6462,0.00045337
6463,0.00061850
6464,0.00077925
6465,0.00079209
6466,0.00175492
6467,0.00093282
6468,0.00099111
6469,0.01359150
6470,0.01341352
6471,0.00063732
6472,0.00042674
6473,0.00211950
6474,0.00082493
6475,0.00087806
6476,0.00063662
6477,0.00086691
6478,0.00040810
6479,0.00083784
6480,0.00093592
6481,0.00217662
6482,0.00138637
6483,0.00045404
6484,0.00196912
6485,0.00116299
6486,0.01426803
6487,0.00082145
6488,0.00270576
6489,0.00108600
6490,0.00103400
6491,0.00068464
6492,0.00137800
6493,0.01351541
6494,0.00221020
6495,0.00067759
6496,0.00078171
6497,0.00124654
6498,0.00112684
6499,0.00092946
6500,0.00042022
6501,0.00023745
6502,0.00083749
6503,0.00076336
6504,0.00340584
6505,0.00075437
6506,0.00050934
6507,0.00316600
6508,0.00111669
6509,0.00117545
6510,0.00110699
6511,0.00067750
6512,0.00670666
6513,0.00060606
6514,0.00065915
6515,0.00027804
6516,0.00133988
6517,0.00125548
6518,0.00245696
6519,0.00078374
6520,0.00160725
6521,0.00111766
6522,0.00424233
6523,0.00710985
6524,0.00117601
6525,0.00713622
6526,0.00137914
6527,0.00067529
6528,0.14263540
6529,0.00095417
6530,0.00030778
6531,0.00055543
6532,0.00104400
6533,0.00169462
6534,0.00594037
6535,0.00107295
6536,0.00079063
6537,0.00086031
6538,0.00099944
6539,0.00069741
6540,0.00060621
6541,0.00320267
6542,0.00076189
6543,0.00064408
6544,0.00669263
6545,0.00228414
6546,0.00150345
6547,0.00100884
6548,0.00062308
6549,0.00051562
6550,0.00145344
6551,0.00043271
6552,0.00090402
6553,0.00070307
6554,0.00048167
6555,0.00047566
6556,0.00219258
6557,0.00858495
6558,0.00044092
6559,0.00185545
6560,0.00085716
6561,0.00120337
6562,0.00298190
6563,0.00087019
6564,0.00102209
6565,0.00681876
6566,0.00130092
6567,0.00068777
6568,0.00722134
6569,0.00163948
6570,0.00344657
6571,0.00161443
6572,0.00075988
6573,0.00137483
6574,0.00105676
6575,0.00137729
6576,0.00041286
6577,0.00292744
6578,0.00168970
6579,0.00065971
6580,0.00218686
6581,0.00193888
6582,0.00070242
6583,0.00107618
6584,0.00201662
6585,0.00164790
6586,0.00200580
6587,0.00094244
6588,0.00192321
6589,0.00226186
6590,0.00417909
6591,0.00082663
6592,0.00115068
6593,0.01403513
6594,0.00127861
6595,0.00196499
6596,0.00179731
6597,0.00052974
6598,0.00065301
6599,0.00063674
6600,0.00123482
6601,0.00170070
6602,0.00077351
6603,0.00487577
6604,0.00095575
6605,0.00170139
6606,0.00783800
6607,0.00270041
6608,0.00091804
6609,0.00025356
6610,0.00358355
6611,0.00059525
6612,0.00050634
6613,0.00201084
6614,0.55724104
6615,0.00168535
6616,0.00046972
6617,0.00134716
6618,0.00115574
6619,0.00280082
6620,0.00101341
6621,0.00075803
6622,0.00120379
6623,0.00045529
6624,0.01385576
6625,0.00113790
6626,0.00104877
6627,0.01446387
6628,0.00219860
6629,0.00062762
6630,0.00096767
6631,0.00209211
6632,0.00059347
6633,0.00077580
6634,0.00074032
6635,0.00028031
6636,0.00074868
6637,0.00363898
6638,0.00087923
6639,0.00092022
6640,0.00108220
6641,0.00130691
6642,0.00265206
6643,0.00362687
6644,0.00267890
6645,0.00379376
6646,0.00291531
6647,0.00110729
6648,0.00045244
6649,0.00056596
6650,0.00424251
6651,0.00207825
6652,0.00028276
6653,0.00108671
6654,0.00114725
6655,0.00395773
6656,0.00064579
6657,0.00250749
6658,0.00213585
6659,0.00126466
6660,0.00134564
6661,0.00073692
6662,0.00150349
6663,0.00087577
6664,0.00049977
6665,0.00097444
6666,0.00499479
6667,2.47330753
6668,0.01376210
6669,0.00200952
6670,0.00128830
6671,0.00133304
6672,0.00199654
6673,0.00098985
6674,0.00087353
6675,0.00081955
6676,0.00302647
6677,0.00195762
6678,0.00172181
6679,0.00066094
6680,0.00095142
6681,0.00091508
6682,0.00094819
6683,0.00065321
6684,0.00174358
6685,0.00663295
6686,0.00080497
6687,0.00119471
6688,1.73083953
6689,0.01154775
6690,0.00140075
6691,0.00044285
6692,0.00128123
6693,0.00092679
6694,0.00022760
6695,0.00103057
6696,0.00120089
6697,0.00181157
6698,0.00107651
6699,0.01388226
6700,0.00161258
6701,0.00314113
6702,0.00079264
6703,0.00072867
6704,0.00087037
6705,0.00248624
6706,0.00075707
6707,0.00067837
6708,0.00079065
6709,0.00093399
6710,0.00136389
6711,0.00074693
6712,0.02344610
6713,0.00047571
6714,0.00199994
6715,0.00074663
6716,0.00086663
6717,0.00224488
6718,0.00079763
6719,0.00123497
6720,0.00085042
6721,0.00063187
6722,0.00073836
6723,0.00109338
6724,0.00065901
6725,0.00120244
6726,0.00190896
6727,0.00187055
6728,0.00178032
6729,0.00685136
6730,0.00022261
6731,0.00640754
6732,0.00040241
6733,0.00060698
6734,0.00123609
6735,0.00125973
6736,0.00072657
6737,0.01494933
6738,0.00059525
6739,0.00692454
6740,0.00113756
6741,0.00255131
6742,0.00042578
6743,0.00063213
6744,0.00068244
6745,0.00079495
6746,0.00070475
6747,0.00166717
6748,0.00077733
6749,0.00202120
6750,0.00095220
6751,0.00082056
6752,0.00083953
6753,0.00082979
6754,0.00196999
6755,0.00354643
6756,0.00732827
6757,0.00344722
6758,0.00672602
6759,0.00152533
6760,0.00698714
6761,0.00240681
6762,0.00118866
6763,0.00064585
6764,0.00243968
6765,0.00063253
6766,0.00383194
6767,0.00388761
6768,0.00055082
6769,0.01393739
6770,0.00725265
6771,0.00122077
6772,0.00107695
6773,0.00133947
6774,0.00187303
6775,0.00058600
6776,0.00023957
6777,1.90603529
6778,0.00085438
6779,0.00384326
6780,0.31605967
6781,0.00052173
6782,0.00092169
6783,0.00084369
6784,0.00038354
6785,0.00178391
6786,0.00031172
6787,0.00094639
6788,0.00120428
6789,0.00056212
6790,0.00062941
6791,0.00069396
6792,0.00118850
6793,0.00241232
6794,0.00153317
6795,0.00271321
6796,0.00065617
6797,0.00046234
6798,0.00260583
6799,0.00122801
6800,0.00047470
6801,0.00462403
6802,0.00092745
6803,0.00132405
6804,0.00099247
6805,0.00704142
6806,0.00133679
6807,0.00086404
6808,0.00157675
6809,0.00089103
6810,0.00231497
6811,0.00588539
6812,0.00040910
6813,0.00078666
6814,0.00012488
6815,0.00059990
6816,0.00111069
6817,0.00397912
6818,0.00155042
6819,0.00043008
6820,0.00177291
6821,0.00048254
6822,0.00054101
6823,0.00076162
6824,0.00054911
6825,0.00081206
6826,0.00973621
6827,0.00073403
6828,0.00177929
6829,0.00170512
6830,0.00168843
6831,0.00173520
6832,0.00099554
6833,0.00220083
6834,0.00045279
6835,0.00217847
6836,0.00100151
6837,0.00049520
6838,0.00070368
6839,0.00193467
6840,0.00389168
6841,0.00175672
6842,0.00080579
6843,0.00120046
6844,0.00123741
6845,0.00047496
6846,0.00066082
6847,2.21172969
6848,0.00053741
6849,0.00458055
6850,0.00171497
6851,0.00080928
6852,0.00125125
6853,0.01238880
6854,0.00184136
6855,0.00041638
6856,0.00059376
6857,0.00111075
6858,0.00053105
6859,0.00146801
6860,0.00311822
6861,0.00105564
6862,0.00058697
6863,0.00135808
6864,0.00087498
6865,0.00024673
6866,0.00092946
6867,0.00059383
6868,0.00720304
6869,0.00059440
6870,0.00064892
6871,0.00137267
6872,0.00062257
6873,0.00327740
6874,0.00053706
6875,0.00114491
6876,0.00435076
6877,0.00100448
6878,0.00071804
6879,0.00180727
6880,0.00240062
6881,0.00062058
6882,0.00088757
6883,0.00103237
6884,0.00091386
6885,0.00057095
6886,0.00110320
6887,0.00343406
6888,0.00143424
6889,0.00107530
6890,0.00096185
6891,0.00167560
6892,0.00294306
6893,0.00322169
6894,0.00315034
6895,0.00309958
6896,0.00042562
6897,0.00362769
6898,0.00154669
6899,0.00042878
6900,0.00069518
6901,0.00276789
6902,0.00059194
6903,0.00091596
6904,0.01196207
6905,0.00161756
6906,0.00050126
6907,0.00307321
6908,0.00094294
6909,0.00063059
6910,0.00078565
6911,0.00122980
6912,0.00156916
6913,0.00050636
6914,0.00199324
6915,0.00174005
6916,0.00115726
6917,0.00115116
6918,0.00766300
6919,0.00116716
6920,0.00214100
6921,0.00093544
6922,0.00083304
6923,0.00058917
6924,0.00181825
6925,0.00085839
6926,0.00127342
6927,0.00072903
6928,0.00014727
6929,0.00080783
6930,0.00085309
6931,0.00166042
6932,0.00119493
6933,0.00091800
6934,0.00091342
6935,0.00064408
6936,0.00098674
6937,0.00080689
6938,0.00109795
6939,0.00347019
6940,0.00018282
6941,0.00093849
6942,0.00076281
6943,0.00018290
6944,0.00142776
6945,0.00208029
6946,0.00367869
6947,0.00175166
6948,0.00061442
6949,0.00055796
6950,0.00056568
6951,0.01202664
6952,0.00063371
6953,0.00132802
6954,0.00219763
6955,0.00111001
6956,0.00219578
6957,0.00155146
6958,0.00066488
6959,0.00088877
6960,0.00067752
6961,0.00076980
6962,0.00206035
6963,0.00035641
6964,0.00080197
6965,0.00264250
6966,0.00259925
6967,0.00057134
6968,0.00079394
6969,0.00745789
6970,0.00118636
6971,0.00064873
6972,0.00088829
6973,0.00055075
6974,0.00055341
6975,0.18642818
6976,0.00085409
6977,0.00091560
6978,0.00129333
6979,0.00138555
6980,0.00087832
6981,0.00073204
6982,0.00063207
6983,0.07094198
6984,0.00272318
6985,0.00203814
6986,0.00350530
6987,0.00118319
6988,0.00296599
6989,0.00083133
6990,0.00067413
6991,0.00205265
6992,0.00152257
6993,0.00115619
6994,0.00146724
6995,0.00225272
6996,0.00701721
6997,0.01498012
6998,0.00322047
6999,0.00100913
7000,0.00184940
7001,0.00119786
7002,0.00087301
7003,0.00680416
7004,0.00078955
7005,0.00052057
7006,0.00702444
7007,0.00075569
7008,0.01073630
7009,0.00058349
7010,0.00153472
7011,0.00165576
7012,0.00382940
7013,0.02348262
7014,0.00055683
7015,0.00134977
7016,0.00062339
7017,0.00332018
7018,0.00026273
7019,0.00735237
7020,0.00139427
7021,0.00151848
7022,0.00020155
7023,0.00076009
7024,0.00059636
7025,0.00171384
7026,0.00263937
7027,0.00199022
7028,0.00640528
7029,0.00050159
7030,0.00194995
7031,0.00057674
7032,0.00055268
7033,0.00109404
7034,0.00107501
7035,0.00182085
7036,0.00446299
7037,0.00061753
7038,0.00085628
7039,0.00748857
7040,0.00063354
7041,0.00119027
7042,0.00038462
7043,0.00097110
7044,0.00056565
7045,0.00331335
7046,0.00282369
7047,0.00150375
7048,0.00041352
7049,0.00058324
7050,0.00218092
7051,0.00085788
7052,0.00077274
7053,0.00134319
7054,0.00122778
7055,0.00240071
7056,0.01318210
7057,0.00359194
7058,0.00140405
7059,0.00121800
7060,0.00208354
7061,0.00569886
7062,0.00068132
7063,0.00071366
7064,0.00219409
7065,0.00058885
7066,0.00451325
7067,0.00051005
7068,0.00095859
7069,0.00063394
7070,0.00064254
7071,0.00039230
7072,0.00067323
7073,0.00115912
7074,0.00069108
7075,0.00990360
7076,0.00106884
7077,0.00097827
7078,0.00174254
7079,0.00102295
7080,0.00002385
7081,0.00152470
7082,0.00071965
7083,0.00200281
7084,0.00202145
7085,0.00098613
7086,0.00415682
7087,0.00094334
7088,0.00080240
7089,0.00693998
7090,0.00131924
7091,0.00084791
7092,0.00156104
7093,0.00110224
7094,0.00268704
7095,0.00137438
7096,0.00100202
7097,0.00090974
7098,0.00175030
7099,0.00105243
7100,0.00644040
7101,0.00091067
7102,0.00210691
7103,0.00039456
7104,0.00085563
7105,0.00087343
7106,0.01418754
7107,0.00288413
7108,0.00135719
7109,0.00072804
7110,0.00359924
7111,0.00058093
7112,0.00124099
7113,0.00098780
7114,0.00117070
7115,0.00124700
7116,0.00377598
7117,0.01424362
7118,0.00070838
7119,0.00068794
7120,0.00174836
7121,0.00267043
7122,0.00078768
7123,0.00277757
7124,0.00207117
7125,0.00057304
7126,0.00116024
7127,0.00156693
7128,0.00074560
7129,0.00076871
7130,0.00053068
7131,0.00103871
7132,0.00082107
7133,0.00079560
7134,0.00276063
7135,0.00111169
7136,0.00053434
7137,0.00173686
7138,0.00167559
7139,0.00089600
7140,0.00029919
7141,0.00054814
7142,0.00710679
7143,0.00110217
7144,0.00677798
7145,0.00051708
7146,0.00061120
7147,0.00294493
7148,0.00700231
7149,0.00146165
7150,0.00154644
7151,0.00151089
7152,0.00203696
7153,0.00262499
7154,0.00051926
7155,0.00050577
7156,0.00072413
7157,0.00086505
7158,0.00086197
7159,0.00264776
7160,0.00107758
7161,0.00169458
7162,0.00017765
7163,0.00023216
7164,0.00108600
7165,0.00074611
7166,0.00095483
7167,0.00018582
7168,0.00247927
7169,0.00197774
7170,0.00164855
7171,0.00337911
7172,0.00231409
7173,0.00100123
7174,0.00075744
7175,0.00112764
7176,0.00174038
7177,0.00221987
7178,0.00066148
7179,0.00087759
7180,0.00079015
7181,0.00014522
7182,0.00090860
7183,0.00054921
7184,0.00073447
7185,0.00066269
7186,0.00076130
7187,0.00077049
7188,0.00373662
7189,0.00424038
7190,0.00463404
7191,0.00106978
7192,0.00099905
7193,0.00046250
7194,0.00673274
7195,0.00088543
7196,0.00007917
7197,0.00084671
7198,0.00080697
7199,0.01098422
7200,0.00134826
7201,0.00202937
7202,0.00700943
7203,0.00070115
7204,0.00159169
7205,0.00457882
7206,0.00198140
7207,0.00084270
7208,0.00208900
7209,0.00090725
7210,0.00422606
7211,0.00090608
7212,0.00084897
7213,0.00076882
7214,0.01290990
7215,0.00366308
7216,0.00187100
7217,0.00144598
7218,0.00670428
7219,0.00046299
7220,0.00277391
7221,0.00120979
7222,0.00657665
7223,0.00108488
7224,0.00104852
7225,0.00081239
7226,0.00096987
7227,0.00218423
7228,0.00301582
7229,0.00196629
7230,0.00300279
7231,0.00138785
7232,0.00056279
7233,0.00098571
7234,0.00715550
7235,0.00175185
7236,0.00701597
7237,0.00088770
7238,0.00611548
7239,0.00191625
7240,0.00031860
7241,0.00316265
7242,0.00062383
7243,0.00158042
7244,0.00074560
7245,0.00704474
7246,0.00063142
7247,0.00400265
7248,0.00083063
7249,0.00071609
7250,0.00236395
7251,0.00190901
7252,0.01182256
7253,0.00087906
7254,0.00122092
7255,0.00241145
7256,0.00205283
7257,0.00106194
7258,0.00095254
7259,0.00102358
7260,0.00094349
7261,0.00057727
7262,0.00115357
7263,0.00185448
7264,0.00087174
7265,0.00096354
7266,0.00064560
7267,0.00065086
7268,0.00088592
7269,0.00088891
7270,0.00218893
7271,0.00018341
7272,0.00683702
7273,0.00064279
7274,0.00155041
7275,0.00353462
7276,0.00053821
7277,0.00081417
7278,0.00062345
7279,0.00028724
7280,0.00073971
7281,0.00361220
7282,0.00077117
7283,0.00213631
7284,0.00093562
7285,0.00079360
7286,0.00064774
7287,0.00061000
7288,0.00054791
7289,0.00048760
7290,0.00222477
7291,0.00157604
7292,0.00046197
7293,0.00027117
7294,0.00155890
7295,0.00060919
7296,0.00171208
7297,0.00201220
7298,0.00053369
7299,0.00066892
7300,0.00196777
7301,0.00382604
7302,0.00001708
7303,0.00080246
7304,0.00049292
7305,0.00027352
7306,2.15646512
7307,0.00004045
7308,0.00706814
7309,0.00092128
7310,0.00118039
7311,0.00131623
7312,0.00092985
7313,0.00190737
7314,0.00082404
7315,0.00108899
7316,0.00065919
7317,0.00093140
7318,0.00292447
7319,0.00040377
7320,0.00289975
7321,0.00045964
7322,0.00121485
7323,0.00059193
7324,0.00096513
7325,0.00122035
7326,0.00437002
7327,0.00193291
7328,0.00117820
7329,0.00054737
7330,0.00062512
7331,0.00038773
7332,0.00069376
7333,0.00347012
7334,0.01751134
7335,0.00196939
7336,0.00049132
7337,0.00617749
7338,0.00081645
7339,0.00041196
7340,0.00218496
7341,0.00089008
7342,0.00175371
7343,0.00044538
7344,0.01214829
7345,0.00039913
7346,0.00079333
7347,0.00104963
7348,0.00109350
7349,0.00161766
7350,0.11379038
7351,0.00132379
7352,0.00084598
7353,0.00212501
7354,0.00120558
7355,0.00225371
7356,0.00545753
7357,0.00072563
7358,0.00224217
7359,0.00082306
7360,0.00085954
7361,0.00126210
7362,0.00092670
7363,0.00016847
7364,0.00177588
7365,0.00102316
7366,0.00155715
7367,0.00131888
7368,0.00082442
7369,0.00098562
7370,0.00050687
7371,0.00124056
7372,0.00072134
7373,0.00094561
7374,0.00657337
7375,0.00084151
7376,0.00461317
7377,0.00169926
7378,0.00256589
7379,0.01189466
7380,0.00127646
7381,0.00262593
7382,0.00080965
7383,0.07470419
7384,0.00111360
7385,0.00169372
7386,0.00067305
7387,0.00670715
7388,0.00083378
7389,0.00054465
7390,0.00070191
7391,0.00730823
7392,0.00071612
7393,0.00173626
7394,0.00025549
7395,0.00112666
7396,0.00030988
7397,0.00131595
7398,0.00067345
7399,0.00081677
7400,0.00694603
7401,0.00760964
7402,0.00016217
7403,0.00071649
7404,0.00174134
7405,0.00084783
7406,0.00054920
7407,0.00085654
7408,0.00121262
7409,0.00030911
7410,0.00227393
7411,0.00054504
7412,0.00053692
7413,0.00042512
7414,0.00184067
7415,0.00136373
7416,0.00257343
7417,0.00032523
7418,0.00078340
7419,0.00121782
7420,0.00110322
7421,0.00075877
7422,0.00204459
7423,0.00190342
7424,0.00051047
7425,0.00083950
7426,0.00120121
7427,0.00078575
7428,0.00094566
7429,0.00105311
7430,0.00266682
7431,0.00744423
7432,0.00288942
7433,0.00048501
7434,0.00163642
7435,0.00121789
7436,0.00098105
7437,0.00124777
7438,0.00244541
7439,0.00288827
7440,0.00078624
7441,0.00179395
7442,0.00080808
7443,0.00180099
7444,0.00067604
7445,0.00125655
7446,0.00053332
7447,0.00201421
7448,0.00158651
7449,0.00195455
7450,0.00075498
7451,0.00046953
7452,0.00096770
7453,0.00025131
7454,0.00039150
7455,0.00037526
7456,0.00081065
7457,0.00072565
7458,0.00070878
7459,0.00085030
7460,0.00114369
7461,0.00048898
7462,0.00122048
7463,0.00065648
7464,0.00070497
7465,0.00106809
7466,0.00193888
7467,0.00050322
7468,0.00404768
7469,0.00037697
7470,0.00083535
7471,0.00106608
7472,0.00265986
7473,0.00066934
7474,0.00060784
7475,0.00079293
7476,0.01335049
7477,0.00133703
7478,0.00035038
7479,0.00236623
7480,0.00083017
7481,0.00352423
7482,0.00064633
7483,0.00102408
7484,0.00079972
7485,0.00216174
7486,0.00092392
7487,0.00095498
7488,0.00079410
7489,0.00207445
7490,0.00151073
7491,0.00061856
7492,0.00037355
7493,0.00083649
7494,0.00108903
7495,0.00149627
7496,0.00117478
7497,0.00359614
7498,0.00073759
7499,0.00137126
7500,0.00127515
7501,0.00103983
7502,0.00088645
7503,0.00064403
7504,0.00069694
7505,0.00057607
7506,0.00401299
7507,0.00051898
7508,0.00063882
7509,0.00050122
7510,0.00094719
7511,0.00054729
7512,0.00047954
7513,0.00198146
7514,0.00197215
7515,0.00187283
7516,0.00071193
7517,0.00056059
7518,0.00051117
7519,0.00170855
7520,0.00346318
7521,0.00082708
7522,0.00092723
7523,0.00130987
7524,0.00001883
7525,0.00022631
7526,0.00141096
7527,0.00769034
7528,0.00003929
7529,0.00222992
7530,0.00110936
7531,0.00173376
7532,0.00207743
7533,1.26938864
7534,0.00080832
7535,0.00112867
7536,0.00083239
7537,0.00074216
7538,0.40570173
7539,0.00038815
7540,0.00087563
7541,0.00093413
7542,0.00199573
7543,0.00088256
7544,0.00218696
7545,0.00068627
7546,0.00026844
7547,0.00088594
7548,0.00112159
7549,0.00053275
7550,0.00063601
7551,0.00072230
7552,0.00063116
7553,0.00071281
7554,0.00202575
7555,0.00176316
7556,0.00084825
7557,0.00685426
7558,0.00049690
7559,0.00086009
7560,0.00167114
7561,0.00152651
7562,0.00183304
7563,0.00196697
7564,0.00166614
7565,0.00103550
7566,0.00681923
7567,0.00089981
7568,0.00183665
7569,0.00261059
7570,0.00393460
7571,0.00579419
7572,0.00064313
7573,0.01422579
7574,0.00399094
7575,0.00279909
7576,0.00055652
7577,0.00177130
7578,0.00088686
7579,0.00731638
7580,0.00359791
7581,0.00148072
7582,0.00222384
7583,0.00064370
7584,0.00164637
7585,0.00060149
7586,0.00165198
7587,0.00386251
7588,0.00048537
7589,0.00010645
7590,0.01424154
7591,0.00291754
7592,0.00089893
7593,0.00065837
7594,0.00027710
7595,0.00107717
7596,0.00765143
7597,0.00214930
7598,0.00066947
7599,0.00050221
7600,0.00074097
7601,0.00077695
7602,0.00074635
7603,0.00195457
7604,0.00161802
7605,0.00080843
7606,0.00211550
7607,0.00156761
7608,0.00155537
7609,0.00057081
7610,0.00206235
7611,0.00178189
7612,0.00073179
7613,0.00271719
7614,0.00127604
7615,0.00057085
7616,0.00361956
7617,0.00192885
7618,0.00059959
7619,0.00120457
7620,0.00101089
7621,0.00082122
7622,0.00280461
7623,0.00076827
7624,0.00049767
7625,0.00087257
7626,0.00098712
7627,0.00047937
7628,0.00110374
7629,0.00656605
7630,0.00077217
7631,0.01265635
7632,0.00684358
7633,0.00109471
7634,0.00124773
7635,0.00126801
7636,0.00071639
7637,0.00161982
7638,0.01229840
7639,0.00119791
7640,0.01229130
7641,0.00284677
7642,0.00086675
7643,0.00073167
7644,0.00041371
7645,0.00163073
7646,0.00045246
7647,0.00066632
7648,0.00686667
7649,0.00067204
7650,0.00115498
7651,0.00219737
7652,0.00121926
7653,0.00094984
7654,0.00151542
7655,0.00292472
7656,0.01368009
7657,0.00202009
7658,0.00179939
7659,0.00735926
7660,0.00123025
7661,0.00084871
7662,0.00091339
7663,0.00070749
7664,0.00259428
7665,0.00081754
7666,0.00118857
7667,0.00191594
7668,0.00099142
7669,0.00069180
7670,0.00062428
7671,0.00092167
7672,0.00408580
7673,0.00053930
7674,0.00148316
7675,0.00165679
7676,0.00351351
7677,0.00430857
7678,0.00116138
7679,0.00065386
7680,0.00448695
7681,0.00104701
7682,0.00044419
7683,0.00270394
7684,0.00173369
7685,0.00366762
7686,0.00080355
7687,0.00112939
7688,0.00172253
7689,0.00161979
7690,0.00038036
7691,0.00045549
7692,0.00413104
7693,0.00149661
7694,0.00103703
7695,0.00127974
7696,0.00130182
7697,0.00087722
7698,0.00125030
7699,0.00056384
7700,0.00078851
7701,0.00092047
7702,0.00377500
7703,0.00048805
7704,0.00174547
7705,0.00074433
7706,0.00111535
7707,0.00106156
7708,0.00213134
7709,0.00253769
7710,0.00286159
7711,0.00079783
7712,0.00085158
7713,0.00168752
7714,0.00061101
7715,0.00101769
7716,0.00073856
7717,0.00056416
7718,0.00147997
7719,0.00277663
7720,0.00372929
7721,0.00124315
7722,0.00718152
7723,0.00163458
7724,0.00111078
7725,0.00070250
7726,0.00148546
7727,0.00045001
7728,0.00282746
7729,0.00194968
7730,0.00221374
7731,0.00108707
7732,0.00735392
7733,0.00082345
7734,0.00163393
7735,0.00092414
7736,0.00178712
7737,0.00199255
7738,0.00087450
7739,0.00080601
7740,0.00134196
7741,0.00121874
7742,0.00061492
7743,0.00111275
7744,0.00119931
7745,0.00090117
7746,0.00337433
7747,0.00715300
7748,0.00112125
7749,0.00129468
7750,0.00170274
7751,0.00076162
7752,0.00025472
7753,0.00086655
7754,0.00061296
7755,0.00025089
7756,0.00078275
7757,0.00160885
7758,0.00108344
7759,0.00169891
7760,0.00067334
7761,0.00025158
7762,0.00171650
7763,0.00087836
7764,0.00104798
7765,0.00294416
7766,0.00283931
7767,0.00076119
7768,0.00097287
7769,0.00050438
7770,0.00082065
7771,0.00386087
7772,0.00156025
7773,0.00141998
7774,0.00116015
7775,0.00261990
7776,0.00160944
7777,0.00104521
7778,0.00095359
7779,0.00226915
7780,0.00050573
7781,0.00348758
7782,0.00084622
7783,0.00193882
7784,0.00186850
7785,0.00718039
7786,0.00474150
7787,0.00067731
7788,0.44529708
7789,0.00139406
7790,0.00318427
7791,0.00165778
7792,0.00084196
7793,0.00226034
7794,0.00086299
7795,0.00124498
7796,0.00289038
7797,0.00092893
7798,0.00085613
7799,0.00058174
7800,0.00108590
7801,0.00090279
7802,0.00022674
7803,0.00070662
7804,0.00638440
7805,0.00003912
7806,0.00201242
7807,0.00139672
7808,0.00056332
7809,0.00141130
7810,0.00196958
7811,0.00120717
7812,0.00173058
7813,0.00047094
7814,0.00202708
7815,0.00114502
7816,0.00062500
7817,0.00164311
7818,0.00730937
7819,0.00124572
7820,0.00058403
7821,0.00070615
7822,0.00122432
7823,0.00053594
7824,0.00097516
7825,0.00086109
7826,0.00184120
7827,0.00098449
7828,0.00108992
7829,0.00487079
7830,0.01417908
7831,0.00635378
7832,0.00102995
7833,0.00069891
7834,0.00155319
7835,0.00084768
7836,0.00126307
7837,0.00370289
7838,0.00132522
7839,0.00124547
7840,0.01157326
7841,0.00187257
7842,0.00092326
7843,0.00049760
7844,0.00304636
7845,0.00048890
7846,0.00165054
7847,0.00109745
7848,0.00172514
7849,0.00067597
7850,0.00081191
7851,0.00132177
7852,0.00117264
7853,0.00114772
7854,0.00074830
7855,0.00199284
7856,0.00116052
7857,0.00054675
7858,0.00054012
7859,0.00164065
7860,0.00148298
7861,0.00185680
7862,0.00166376
7863,0.01454862
7864,0.00159627
7865,0.00053627
7866,0.00053771
7867,0.00296092
7868,0.00198436
7869,0.00385935
7870,0.00188606
7871,0.00324790
7872,0.00031124
7873,0.00202740
7874,0.00040684
7875,0.00111707
7876,0.00034618
7877,0.00076155
7878,0.00054789
7879,0.00115022
7880,0.00096129
7881,0.00086615
7882,0.00044594
7883,0.00439622
7884,0.00115177
7885,0.01308816
7886,0.00036519
7887,0.00341465
7888,0.00067007
7889,0.00088099
7890,0.00106149
7891,0.00263248
7892,0.00107777
7893,0.00056038
7894,0.01244576
7895,0.00047722
7896,0.00029438
7897,0.00089548
7898,0.00088129
7899,0.00198754
7900,0.00144385
7901,0.00131934
7902,0.00076721
7903,0.00030540
7904,0.00066865
7905,0.00211068
7906,0.00068450
7907,0.00196670
7908,0.00191273
7909,0.00082099
7910,0.00059348
7911,0.00196654
7912,0.00462893
7913,0.00170287
7914,0.00071320
7915,0.00157370
7916,0.00174200
7917,0.00093581
7918,0.00106226
7919,0.00150037
7920,0.00467175
7921,0.00154198
7922,0.00127241
7923,0.00097685
7924,0.00088195
7925,0.00339651
7926,0.00369094
7927,0.00141383
7928,0.00043629
7929,0.01266842
7930,0.00321208
7931,0.00117079
7932,0.01280509
7933,0.00127120
7934,0.00082364
7935,0.00113915
7936,0.00075657
7937,0.00060240
7938,0.00032946
7939,0.00049640
7940,0.00147112
7941,0.00051557
7942,0.00193312
7943,0.00071564
7944,0.00041660
7945,0.00051114
7946,0.00284615
7947,0.00093459
7948,0.00357651
7949,0.00326297
7950,0.00176748
7951,0.00129062
7952,0.00134195
7953,0.00287257
7954,0.00023371
7955,0.00102954
7956,0.00702926
7957,0.00134309
7958,0.00020512
7959,0.00080194
7960,0.00017872
7961,0.00140825
7962,0.00111142
7963,0.01189727
7964,0.00171398
7965,0.00054090
7966,0.01332190
7967,0.01376496
7968,0.00252877
7969,0.00136576
7970,0.00102677
7971,0.00213623
7972,0.00045684
7973,0.00194142
7974,0.00088079
7975,0.00196478
7976,0.00092411
7977,0.00170051
7978,0.00312308
7979,0.00110017
7980,0.00072166
7981,0.00110037
7982,0.00054568
7983,0.00085865
7984,0.00108415
7985,0.00365960
7986,0.00140351
7987,0.00131602
7988,0.00150835
7989,0.00161207
7990,0.01367417
7991,0.00098345
7992,0.00156734
7993,0.00095090
7994,0.00090988
7995,0.00279272
7996,0.00087840
7997,0.00089722
7998,0.00054289
7999,0.00038137
8000,0.00050309
8001,0.08688467
8002,0.00105938
8003,0.00040616
8004,0.00039311
8005,0.00502001
8006,0.00083357
8007,0.00157152
8008,0.00105467
8009,0.00212454
8010,0.00205383
8011,0.00118134
8012,0.00105292
8013,0.00076860
8014,0.01223262
8015,0.00665787
8016,0.00087193
8017,0.00101970
8018,0.00095309
8019,0.00056366
8020,0.00101345
8021,0.01142703
8022,0.00048480
8023,0.00162729
8024,0.00364245
8025,0.00464783
8026,0.00072075
8027,0.00195012
8028,0.00049693
8029,0.00085692
8030,0.00123133
8031,0.00071543
8032,0.00033196
8033,0.00093876
8034,0.00075949
8035,0.00052944
8036,0.00723823
8037,0.00056175
8038,0.00251196
8039,0.00153468
8040,0.00139716
8041,0.01206359
8042,0.00660721
8043,0.00068837
8044,0.00439660
8045,0.00050584
8046,0.00342298
8047,0.00021186
8048,0.00459509
8049,0.00072248
8050,0.00059671
8051,0.00732829
8052,0.00378981
8053,0.00086525
8054,0.00101546
8055,0.00073024
8056,0.00287206
8057,0.00007102
8058,0.00008961
8059,0.00228603
8060,0.00175556
8061,0.00190953
8062,0.00100155
8063,0.00081606
8064,0.00065038
8065,0.00067615
8066,0.00093651
8067,0.00131197
8068,0.00099315
8069,0.00715151
8070,0.00095899
8071,0.00165871
8072,0.01314296
8073,0.00093642
8074,0.00068207
8075,0.00370446
8076,0.00442236
8077,0.00090740
8078,0.00237815
8079,0.00204423
8080,0.00113042
8081,0.00655689
8082,0.00089521
8083,0.00052094
8084,0.00115713
8085,0.00146842
8086,0.00085528
8087,0.00092475
8088,0.00051664
8089,0.00147438
8090,0.00131264
8091,0.00360533
8092,0.14348446
8093,0.00069986
8094,0.00057420
8095,0.00033342
8096,0.00052933
8097,0.00067109
8098,0.00048989
8099,0.00230568
8100,0.00037784
8101,0.00707802
8102,0.00096562
8103,0.00156858
8104,0.00060565
8105,0.00119936
8106,0.00069814
8107,0.00001876
8108,0.00083339
8109,0.00339450
8110,0.00079798
8111,0.00161699
8112,0.01115316
8113,0.00056733
8114,0.00653151
8115,0.00092425
8116,0.00036105
8117,0.00427431
8118,0.00101123
8119,0.00062667
8120,2.14492845
8121,0.01008266
8122,0.00293006
8123,0.00091948
8124,0.00069369
8125,0.00170518
8126,0.00176549
8127,0.00230716
8128,0.00062742
8129,0.00215349
8130,0.00051743
8131,0.00447324
8132,0.00352519
8133,0.01193057
8134,0.00361351
8135,0.00090565
8136,0.00287079
8137,0.00039301
8138,0.00090911
8139,0.00158718
8140,0.00715852
8141,0.00053587
8142,0.00104439
8143,0.00031660
8144,0.00065339
8145,0.00054498
8146,0.00164610
8147,0.00402336
8148,0.00132052
8149,0.00053896
8150,0.00082551
8151,0.00099378
8152,0.01436368
8153,0.00132676
8154,0.00084479
8155,0.00189704
8156,0.00079737
8157,0.00038319
8158,0.00055311
8159,0.00074857
8160,0.00134514
8161,0.00286616
8162,0.00157211
8163,0.00119901
8164,0.00160172
8165,0.00045729
8166,0.00175168
8167,0.00100314
8168,0.00049335
8169,0.00039536
8170,0.00218484
8171,0.00062100
8172,0.00050457
8173,0.00093561
8174,0.00096307
8175,0.00114017
8176,0.00110286
8177,0.00087454
8178,0.00275030
8179,0.00115695
8180,0.00087664
8181,0.00354794
8182,0.00060215
8183,0.00059028
8184,0.00279913
8185,0.00083397
8186,0.18816027
8187,0.01486314
8188,0.00202622
8189,0.00168672
8190,0.00066144
8191,0.00010522
8192,0.00078210
8193,0.00061371
8194,0.00067657
8195,0.01414857
8196,0.00043482
8197,0.00087780
8198,0.00301335
8199,0.00133034
8200,0.00442446
8201,0.00060012
8202,0.00104478
8203,0.00078974
8204,0.00055985
8205,0.00040023
8206,0.00065500
8207,0.00125170
8208,0.00169829
8209,0.00109071
8210,0.00063755
8211,0.00134944
8212,0.00073658
8213,0.00192448
8214,0.00126634
8215,0.00117686
8216,0.00038371
8217,0.00272177
8218,0.00085529
8219,0.00362575
8220,0.00219936
8221,0.00070631
8222,0.00054077
8223,0.00094035
8224,0.00110961
8225,0.00079561
8226,0.00175253
8227,0.00064898
8228,0.00282272
8229,0.00623373
8230,0.00055493
8231,0.00062537
8232,0.00124473
8233,0.00739247
8234,0.00382059
8235,0.00050278
8236,0.00213621
8237,0.00650147
8238,0.00010050
8239,0.00101719
8240,0.00087416
8241,0.00062628
8242,0.00205048
8243,0.00185522
8244,0.00091687
8245,0.00088859
8246,0.00102023
8247,0.00083593
8248,0.00025923
8249,0.00178642
8250,0.00050011
8251,0.00063359
8252,0.00189070
8253,0.00056843
8254,0.00086722
8255,0.00080182
8256,0.19902971
8257,0.00149439
8258,0.00052187
8259,0.00057403
8260,0.01363809
8261,0.00049070
8262,0.00057757
8263,0.00214092
8264,0.00091762
8265,0.00212191
8266,0.00059568
8267,0.00114260
8268,0.00207342
8269,0.00056920
8270,0.00117434
8271,0.00045803
8272,0.00089249
8273,0.00701578
8274,0.00128513
8275,0.00296315
8276,0.00220138
8277,0.00107636
8278,0.00133062
8279,0.00146148
8280,0.00423922
8281,0.00138490
8282,0.00205386
8283,0.64063963
8284,0.00091586
8285,0.00118702
8286,0.00073106
8287,0.00156583
8288,0.00147819
8289,0.00275779
8290,0.00073893
8291,0.00183271
8292,0.00090241
8293,0.00097602
8294,0.00064129
8295,0.00103830
8296,0.00185584
8297,0.00021159
8298,0.00093124
8299,0.00063896
8300,0.00087198
8301,0.00181137
8302,0.00062618
8303,0.00047383
8304,0.00074648
8305,0.00338700
8306,0.00223092
8307,0.00091648
8308,0.00121220
8309,0.00182759
8310,0.00235051
8311,0.00336886
8312,0.00281593
8313,0.00696100
8314,0.00060786
8315,0.00069337
8316,0.00093480
8317,0.00121430
8318,0.00055586
8319,0.00177362
8320,0.00347524
8321,0.00148969
8322,0.00085770
8323,0.00017248
8324,0.00068720
8325,0.00072316
8326,0.00383402
8327,0.00073018
8328,0.00271390
8329,0.00014218
8330,0.00692590
8331,0.00109456
8332,0.00175942
8333,0.00090957
8334,0.00110911
8335,0.00076152
8336,0.00101780
8337,0.01259540
8338,0.00094501
8339,0.00039062
8340,0.00069074
8341,0.00103769
8342,0.00071949
8343,0.00149107
8344,0.00110843
8345,0.00120619
8346,0.00072872
8347,0.00095951
8348,0.00133469
8349,0.00175087
8350,0.01296432
8351,0.00124078
8352,0.00067152
8353,0.00104892
8354,0.00026667
8355,0.00042065
8356,0.00076434
8357,0.00483383
8358,0.00616714
8359,0.00368738
8360,0.00089787
8361,0.00039466
8362,0.00056077
8363,0.00099061
8364,0.00110750
8365,0.00077213
8366,0.00004240
8367,0.00139091
8368,0.00137002
8369,0.00194266
8370,0.00079634
8371,0.00098366
8372,0.00122276
8373,0.00097367
8374,0.00116439
8375,0.00065121
8376,0.00175110
8377,1.26893151
8378,0.00150300
8379,0.00422759
8380,0.01425300
8381,0.01298510
8382,0.00051665
8383,0.00728860
8384,0.00316839
8385,0.00281374
8386,0.00084247
8387,0.00100210
8388,0.00231844
8389,0.00290768
8390,0.00223616
8391,0.00214529
8392,0.00063062
8393,0.00300792
8394,0.00681457
8395,0.00275026
8396,0.00378394
8397,0.00161292
8398,0.00645360
8399,0.00294060
8400,0.00088201
8401,0.00101643
8402,0.00083657
8403,0.00153533
8404,0.00050646
8405,0.00111045
8406,0.00047454
8407,0.00034502
8408,0.00751104
8409,0.00166121
8410,0.00112213
8411,0.00075562
8412,0.00211616
8413,0.00060402
8414,0.00211064
8415,0.00104462
8416,0.00240284
8417,0.00224697
8418,0.00127202
8419,0.00079489
8420,0.00301394
8421,0.00088172
8422,0.00058195
8423,0.00082625
8424,0.00085466
8425,0.00170150
8426,0.00107500
8427,0.00366020
8428,0.00424127
8429,0.00463619
8430,0.00113927
8431,0.00071933
8432,0.00114532
8433,0.00121274
8434,0.00254709
8435,0.00120985
8436,0.00050785
8437,0.00130695
8438,0.00049110
8439,0.00089286
8440,0.00199295
8441,0.00076883
8442,0.00091679
8443,0.00218799
8444,0.00452683
8445,0.00258066
8446,0.00093001
8447,0.00043978
8448,0.00113892
8449,0.00165686
8450,0.00050207
8451,0.00092250
8452,0.00173960
8453,0.00097954
8454,0.00224757
8455,0.00127724
8456,0.00083647
8457,0.01125993
8458,0.00118068
8459,0.00403471
8460,0.00097540
8461,0.00075989
8462,0.00088257
8463,0.00208901
8464,0.00094575
8465,0.00141401
8466,0.00189644
8467,0.19372028
8468,0.00057438
8469,0.00103227
8470,0.00107706
8471,0.00174683
8472,0.00279455
8473,0.00216108
8474,0.00063075
8475,0.00749387
8476,0.00159403
8477,0.00329080
8478,0.00190825
8479,0.00084502
8480,0.00111613
8481,0.00153928
8482,0.00130014
8483,0.00050318
8484,0.00017411
8485,0.00178584
8486,0.00079904
8487,0.00097850
8488,0.00074997
8489,0.00098908
8490,0.00119905
8491,0.00041076
8492,0.00078021
8493,0.00112752
8494,0.00089633
8495,0.00184983
8496,0.00071059
8497,0.01191870
8498,0.00053318
8499,0.00157836
8500,0.00307269
8501,0.00146897
8502,0.00074424
8503,0.00038528
8504,0.00417420
8505,0.00134200
8506,0.00316446
8507,0.00112022
8508,0.00118814
8509,0.00048459
8510,0.00068532
8511,0.00167415
8512,0.00079014
8513,0.00259157
8514,0.00285773
8515,0.00383889
8516,0.00085275
8517,0.00058605
8518,0.00133536
8519,0.00038037
8520,0.00069359
8521,0.00141145
8522,0.00112443
8523,0.00057583
8524,0.00285668
8525,0.00400342
8526,0.00178512
8527,0.00056341
8528,0.00667759
8529,0.00098887
8530,0.00142231
8531,0.00349873
8532,0.00062144
8533,0.91749088
8534,0.00043963
8535,0.00080675
8536,0.00141155
8537,0.00068228
8538,0.00066925
8539,0.00043466
8540,0.01207388
8541,0.00322225
8542,0.00199640
8543,0.00153812
8544,0.00115654
8545,0.00121081
8546,0.00111766
8547,0.00101668
8548,0.00170793
8549,0.00189630
8550,0.00723847
8551,0.00059100
8552,0.00058923
8553,0.00069086
8554,0.00064887
8555,0.00198682
8556,0.00108869
8557,0.00355612
8558,0.00191973
8559,0.00024297
8560,0.00274731
8561,0.00204431
8562,0.00086321
8563,0.00040749
8564,0.00176988
8565,0.00100683
8566,0.00122432
8567,0.01299039
8568,0.00752901
8569,0.00058310
8570,0.00051702
8571,0.00077292
8572,0.00176106
8573,0.00645009
8574,0.00064714
8575,0.00468154
8576,0.00176859
8577,0.00233471
8578,0.00108467
8579,0.00054330
8580,0.00192080
8581,0.00134756
8582,0.00050140
8583,0.00088135
8584,0.00042794
8585,0.00095840
8586,0.00198517
8587,0.00048479
8588,0.00205967
8589,0.00716823
8590,0.00104487
8591,0.00128581
8592,0.00078255
8593,0.00094495
8594,0.00415089
8595,0.00058519
8596,0.00083200
8597,0.00127234
8598,0.00092263
8599,0.00257989
8600,0.00078235
8601,0.00080995
8602,0.00087355
8603,0.00060524
8604,0.00093499
8605,0.00069472
8606,0.00046835
8607,0.00108129
8608,0.00211299
8609,0.00063186
8610,0.00089883
8611,0.00110117
8612,0.00045047
8613,0.00080724
8614,0.00118348
8615,0.00090908
8616,0.00219076
8617,0.00122492
8618,0.00080989
8619,0.00100171
8620,0.00315168
8621,0.00167730
8622,0.00065726
8623,0.00071074
8624,0.00067598
8625,0.00644596
8626,0.00148022
8627,0.00250281
8628,0.00057033
8629,0.00083813
8630,0.00167762
8631,0.00047149
8632,0.00085084
8633,0.00069703
8634,0.00044806
8635,0.00078131
8636,0.00127410
8637,0.00059745
8638,0.00089403
8639,0.00091822
8640,0.00167484
8641,0.00038299
8642,0.00669107
8643,0.00211977
8644,0.00288572
8645,0.00083862
8646,0.00072183
8647,0.00135248
8648,0.00082307
8649,0.00083142
8650,0.01372244
8651,0.00092834
8652,0.00064444
8653,0.00100867
8654,0.00111309
8655,0.00067804
8656,0.00091527
8657,0.00512923
8658,0.00095661
8659,0.00485202
8660,0.00081168
8661,0.00181980
8662,0.00197302
8663,0.00199630
8664,0.00109076
8665,0.00365626
8666,0.00231238
8667,0.00063838
8668,0.01048751
8669,0.00702843
8670,0.00168494
8671,0.00157161
8672,0.00100781
8673,0.00067628
8674,0.00120015
8675,0.01299696
8676,0.00093148
8677,0.00065367
8678,0.00077476
8679,0.62195918
8680,0.00086482
8681,2.26305651
8682,0.00613796
8683,0.00055216
8684,0.00123803
8685,0.00061316
8686,0.00071547
8687,0.00188822
8688,0.00036543
8689,0.00391378
8690,0.00192635
8691,0.00104206
8692,0.00104758
8693,0.00102504
8694,0.00152238
8695,0.00076178
8696,0.00108993
8697,0.00071305
8698,0.00011670
8699,0.00042927
8700,0.00266771
8701,0.00203862
8702,0.00219532
8703,0.00091818
8704,0.00208560
8705,0.00051897
8706,0.00072397
8707,0.00086759
8708,0.00038713
8709,0.00070957
8710,0.00418059
8711,0.00068710
8712,0.00043989
8713,0.00089468
8714,0.00118427
8715,0.00220472
8716,0.00109272
8717,0.00074105
8718,0.00158048
8719,0.00022415
8720,0.00060477
8721,0.00357410
8722,0.00061056
8723,0.00061019
8724,0.00055895
8725,0.00143710
8726,0.00338482
8727,0.00056084
8728,0.00067231
8729,0.00098204
8730,0.00077628
8731,0.00172755
8732,0.00072310
8733,0.00070837
8734,0.00200901
8735,0.00133404
8736,0.00159490
8737,0.00265783
8738,0.00064157
8739,0.00099550
8740,0.00057372
8741,0.00125514
8742,0.00070972
8743,0.00068484
8744,0.00071456
8745,0.00119943
8746,0.00090475
8747,0.00295903
8748,0.00190816
8749,0.00753972
8750,0.00298143
8751,0.00104171
8752,0.01295021
8753,0.00079929
8754,0.00133233
8755,0.00054513
8756,0.00096451
8757,0.00080864
8758,0.00667037
8759,0.00138354
8760,0.00143198
8761,0.00128392
8762,0.00217365
8763,0.00673627
8764,0.00123425
8765,0.00094775
8766,0.00158692
8767,0.00045522
8768,0.00084590
8769,0.00091819
8770,0.00108201
8771,0.00112416
8772,0.00211811
8773,0.00117592
8774,0.00011985
8775,0.01269690
8776,0.00197860
8777,0.00053587
8778,0.00041905
8779,0.00156939
8780,0.00171974
8781,0.00082340
8782,0.00060599
8783,0.00053950
8784,0.00085237
8785,0.00140737
8786,0.00072759
8787,0.00077098
8788,0.00090071
8789,0.00166532
8790,0.00108909
8791,0.00087643
8792,0.00110636
8793,0.00190500
8794,0.01492656
8795,0.00748045
8796,0.00091073
8797,0.00160657
8798,0.00045391
8799,0.00070521
8800,0.00078109
8801,0.00182030
8802,0.00088235
8803,0.00357870
8804,0.00205499
8805,0.00303262
8806,0.00282551
8807,0.00091244
8808,0.00199925
8809,0.00739131
8810,0.00079697
8811,0.00110519
8812,0.00421704
8813,0.00071486
8814,0.00038676
8815,0.00037495
8816,0.00029155
8817,0.00116838
8818,0.00142460
8819,0.00059429
8820,0.00104519
8821,0.00692479
8822,0.00134113
8823,0.00066335
8824,0.00498113
8825,0.00114448
8826,0.00093896
8827,0.00213142
8828,0.00590758
8829,0.00464133
8830,0.00177050
8831,0.00171353
8832,0.00080021
8833,0.00056129
8834,0.00689311
8835,0.00053347
8836,0.00098803
8837,0.00089300
8838,0.00099483
8839,0.00087292
8840,0.00078972
8841,0.00077609
8842,0.00224979
8843,0.00161446
8844,0.00122621
8845,0.00364423
8846,0.01500547
8847,0.00069937
8848,0.00072795
8849,0.00700458
8850,0.00164679
8851,0.00090921
8852,0.00190665
8853,0.00085389
8854,0.00103960
8855,0.00014052
8856,0.00257034
8857,0.00077486
8858,0.00190653
8859,0.00091269
8860,0.00744785
8861,0.00062538
8862,0.01454841
8863,0.00081732
8864,0.00396298
8865,0.00077568
8866,0.00263305
8867,0.00211141
8868,0.00076093
8869,0.00428204
8870,0.00257028
8871,0.00118562
8872,0.00078180
8873,0.00203154
8874,0.00065010
8875,0.00056761
8876,0.00124859
8877,0.00132135
8878,0.00426803
8879,0.00033366
8880,0.00076291
8881,0.00021794
8882,0.00150991
8883,0.00251523
8884,0.00103111
8885,0.00040096
8886,0.00216073
8887,0.00033803
8888,0.00046139
8889,0.00080846
8890,0.00110515
8891,0.00064422
8892,0.00394922
8893,0.00145113
8894,0.00155766
8895,0.00319650
8896,0.00131065
8897,0.00181043
8898,0.00065167
8899,0.00056485
8900,0.00271595
8901,0.00093504
8902,0.00212137
8903,0.00085668
8904,0.01340680
8905,0.00363450
8906,0.00358535
8907,0.00056016
8908,0.00114865
8909,0.00069774
8910,0.00125021
8911,0.00163148
8912,0.00135425
8913,0.00050598
8914,0.00185536
8915,0.00388001
8916,0.01204254
8917,0.00116912
8918,0.00043911
8919,0.00091320
8920,0.00054333
8921,0.00084278
8922,0.00066115
8923,0.00091804
8924,0.00077955
8925,0.00075139
8926,0.00278658
8927,0.00142397
8928,0.00991759
8929,0.00226217
8930,0.00097600
8931,0.00156957
8932,0.00056647
8933,0.00597087
8934,0.00064786
8935,0.00100784
8936,0.00039421
8937,0.00034419
8938,0.01506404
8939,0.00039963
8940,0.00089483
8941,0.57377960
8942,0.00040988
8943,0.13544973
8944,1.75846257
8945,0.00295908
8946,0.00049733
8947,0.00081574
8948,0.00795286
8949,0.00189742
8950,0.00105062
8951,2.16000062
8952,0.00084591
8953,0.00062215
8954,0.00070839
8955,0.00734388
8956,0.00622297
8957,0.00088619
8958,0.00270684
8959,0.00094658
8960,0.00104875
8961,0.00097619
8962,0.00196292
8963,0.00078325
8964,0.00305335
8965,0.00176801
8966,0.00219296
8967,0.00171197
8968,0.00164213
8969,0.00168515
8970,0.00093715
8971,0.00036432
8972,0.00340579
8973,0.00086061
8974,0.00149422
8975,0.00109948
8976,0.00010111
8977,0.00091687
8978,0.00345951
8979,0.00207934
8980,0.00094663
8981,0.00162877
8982,0.00092246
8983,0.00312043
8984,0.00333018
8985,0.00047186
8986,0.00209297
8987,0.00739014
8988,0.00112495
8989,0.00110145
8990,0.00045158
8991,0.00155548
8992,0.00748790
8993,0.00713991
8994,0.00066217
8995,0.00148454
8996,0.00115571
8997,0.00450226
8998,0.00113156
8999,0.00221513
9000,0.00067004
9001,0.00092727
9002,0.00176793
9003,0.00064346
9004,0.01265697
9005,0.00186219
9006,0.00058525
9007,0.00095810
9008,0.00180763
9009,0.00135351
9010,0.00075875
9011,0.00163492
9012,0.00189370
9013,0.00083641
9014,0.00054547
9015,0.00092929
9016,0.00174964
9017,0.00112109
9018,0.00080099
9019,0.00273956
9020,0.00097389
9021,0.00763375
9022,0.00067877
9023,0.00202977
9024,0.00126506
9025,0.00241938
9026,0.00090383
9027,0.00078391
9028,0.00054751
9029,0.00100525
9030,0.00121767
9031,0.00206800
9032,0.00110536
9033,0.00365376
9034,0.00096113
9035,0.00066252
9036,0.00173151
9037,0.00086693
9038,0.00101651
9039,0.00082761
9040,0.00201193
9041,0.00072950
9042,0.00124458
9043,0.00104066
9044,0.00080629
9045,0.00160017
9046,0.00036680
9047,0.00111364
9048,0.00320021
9049,0.00134560
9050,0.00102927
9051,0.00583672
9052,0.00096401
9053,0.00084401
9054,0.00005836
9055,0.00134087
9056,0.00111395
9057,0.00180184
9058,0.01204249
9059,0.00128222
9060,0.00435072
9061,0.00084243
9062,0.00699900
9063,0.00134323
9064,0.00099902
9065,2.01043730
9066,0.00076125
9067,0.00191876
9068,0.00088814
9069,0.00090568
9070,0.00584142
9071,0.00065871
9072,0.01345199
9073,0.00087642
9074,0.00231778
9075,0.00089607
9076,0.00147652
9077,0.00153572
9078,0.00013978
9079,0.00056695
9080,0.00098890
9081,0.00095257
9082,0.00123505
9083,0.00203968
9084,0.01236453
9085,0.00127634
9086,0.00159437
9087,0.00093118
9088,0.00051925
9089,0.00388467
9090,0.00414805
9091,0.00075570
9092,0.00096155
9093,0.00126519
9094,0.00086199
9095,0.00088957
9096,2.29159011
9097,0.00458086
9098,0.00082762
9099,0.00275262
9100,0.00080416
9101,0.00061588
9102,0.00024970
9103,0.00097150
9104,0.00063426
9105,0.00161250
9106,0.00150224
9107,0.00125261
9108,0.00164433
9109,0.00226187
9110,0.00102209
9111,0.00079529
9112,0.00060929
9113,0.00048636
9114,0.00155453
9115,0.00658150
9116,0.00675339
9117,0.00044971
9118,0.00082313
9119,0.00059980
9120,0.00776575
9121,0.00071826
9122,0.00154664
9123,0.00181229
9124,0.00089128
9125,0.00113263
9126,0.00163828
9127,0.00380634
9128,0.00032574
9129,0.00102298
9130,0.01262847
9131,0.00075779
9132,0.00259226
9133,0.01379690
9134,0.00385061
9135,0.00135785
9136,0.00159865
9137,0.00075200
9138,0.00071373
9139,0.00170021
9140,0.00144683
9141,0.00150694
9142,0.00069174
9143,0.00087860
9144,0.00158879
9145,0.00277176
9146,0.00352558
9147,0.00158534
9148,0.00686006
9149,0.00058116
9150,0.00095151
9151,0.00061806
9152,0.00093120
9153,0.00092625
9154,0.00100235
9155,0.00056045
9156,0.00123469
9157,0.00686125
9158,0.00086146
9159,0.00127747
9160,0.00068533
9161,0.00088930
9162,0.00187829
9163,0.00066811
9164,0.02879123
9165,0.00134710
9166,0.00190925
9167,0.00101008
9168,0.00171556
9169,0.00159945
9170,0.00722015
9171,0.00078802
9172,0.00071055
9173,0.00089280
9174,0.00428378
9175,0.00072697
9176,0.00069799
9177,0.00049932
9178,0.00072735
9179,0.00735115
9180,0.00178718
9181,0.00079377
9182,0.00060916
9183,0.00078927
9184,0.00167137
9185,0.00332602
9186,0.00112689
9187,0.00159960
9188,0.00190877
9189,0.00230068
9190,0.00113978
9191,0.00133355
9192,0.00644195
9193,0.00432676
9194,0.00165594
9195,0.00084947
9196,0.00167610
9197,0.00105422
9198,0.00103932
9199,0.00111251
9200,0.00072249
9201,0.00365093
9202,0.00397405
9203,0.00153396
9204,0.01336367
9205,0.00113483
9206,0.00119471
9207,0.00155812
9208,0.00110249
9209,0.82783722
9210,0.00050611
9211,0.00209704
9212,0.00011665
9213,0.00128123
9214,0.00080562
9215,0.00673682
9216,0.00316043
9217,0.00170666
9218,0.00126350
9219,0.00184901
9220,0.00170059
9221,0.00053424
9222,0.00290630
9223,0.00177930
9224,0.00097750
9225,0.01331012
9226,0.00705237
9227,0.00593900
9228,0.00107122
9229,0.00153309
9230,0.00082075
9231,0.00079504
9232,0.00061903
9233,0.00110698
9234,0.00094098
9235,0.00119843
9236,0.00197346
9237,0.00162001
9238,0.00086341
9239,0.00637783
9240,0.00279516
9241,0.00078633
9242,0.00026906
9243,0.00053935
9244,0.00084667
9245,0.00113595
9246,0.00696003
9247,0.00079498
9248,0.00037437
9249,0.00484766
9250,0.00135193
9251,0.00080616
9252,0.00075083
9253,0.00103412
9254,0.00120605
9255,0.00286196
9256,0.00478754
9257,0.00052236
9258,0.00141876
9259,0.00077162
9260,0.01553781
9261,0.01224859
9262,0.00446330
9263,0.00152290
9264,0.00080759
9265,0.00175992
9266,0.00057356
9267,0.00031103
9268,0.00211800
9269,0.00055735
9270,0.00331167
9271,0.00195373
9272,0.00027809
9273,0.00731572
9274,0.00070069
9275,0.00406739
9276,0.00112014
9277,0.00165716
9278,0.00209419
9279,0.00238615
9280,0.00006089
9281,0.00199318
9282,0.00057002
9283,0.00086479
9284,0.00055368
9285,0.00074839
9286,0.00085064
9287,0.00039826
9288,0.00159951
9289,0.00091845
9290,1.31872928
9291,0.00071017
9292,0.00313534
9293,0.00086236
9294,0.00052051
9295,0.00086265
9296,0.00373472
9297,0.00098210
9298,0.00057557
9299,0.00051408
9300,0.00051556
9301,0.00126156
9302,0.00089147
9303,0.00151645
9304,0.00449494
9305,0.00130421
9306,0.00106582
9307,0.00260509
9308,0.00619595
9309,0.00081822
9310,0.00080857
9311,0.00175151
9312,0.00081352
9313,0.00029669
9314,0.00059799
9315,0.00066213
9316,0.00168395
9317,0.00232925
9318,0.00064648
9319,0.00369773
9320,0.00163563
9321,0.00109421
9322,0.00137239
9323,0.00102625
9324,0.00102801
9325,0.00050466
9326,0.00042787
9327,0.00154511
9328,0.00053594
9329,0.00174357
9330,0.00058375
9331,0.00002365
9332,0.00074197
9333,0.00405619
9334,0.00050008
9335,0.00136414
9336,0.00059786
9337,0.00356864
9338,0.00062699
9339,0.00071533
9340,0.00001642
9341,0.00437946
9342,0.00050503
9343,0.00087707
9344,0.00096364
9345,0.00082622
9346,0.00209784
9347,0.00073777
9348,0.00168524
9349,0.00651881
9350,0.00117898
9351,0.00142375
9352,0.00019880
9353,0.00182962
9354,0.00190735
9355,0.00125652
9356,0.00203022
9357,0.00060758
9358,0.00049159
9359,0.00080734
9360,0.00073946
9361,0.00294725
9362,0.00471041
9363,0.00027003
9364,0.00141347
9365,0.00088488
9366,0.00201317
9367,0.00069807
9368,0.00123210
9369,0.00378604
9370,0.00109642
9371,0.00070486
9372,0.00409033
9373,0.00660419
9374,0.00194361
9375,0.00047698
9376,0.00050588
9377,0.00086860
9378,0.00075877
9379,0.00079438
9380,0.00131008
9381,0.00169524
9382,0.00092773
9383,0.00096089
9384,0.00075060
9385,0.00417988
9386,0.00085140
9387,0.01474078
9388,0.00098174
9389,0.00040651
9390,0.00069411
9391,0.00197290
9392,0.00281109
9393,0.01176244
9394,0.00194916
9395,0.00076237
9396,0.00162665
9397,0.00064757
9398,0.00216931
9399,0.00387122
9400,0.00089473
9401,0.00040577
9402,0.00057588
9403,0.00285621
9404,0.00262975
9405,0.00110205
9406,0.00157695
9407,0.00102801
9408,0.00129976
9409,0.00089003
9410,0.00164574
9411,0.00043513
9412,0.00169564
9413,0.00082180
9414,0.00247400
9415,0.00088669
9416,0.00235612
9417,0.00044924
9418,0.00028987
9419,0.00071076
9420,0.00205415
9421,0.00698852
9422,0.00064653
9423,0.04514166
9424,0.00010559
9425,0.00099098
9426,0.00134459
9427,0.00051776
9428,0.00071398
9429,0.00056483
9430,0.00139903
9431,0.00059693
9432,0.00108171
9433,0.00079444
9434,0.00152495
9435,0.00176754
9436,0.00060510
9437,0.00128915
9438,0.00062856
9439,0.00076684
9440,0.00081718
9441,0.00049584
9442,0.00088825
9443,0.00105372
9444,0.00266001
9445,0.00701790
9446,0.00082767
9447,0.00008582
9448,0.00123111
9449,0.00147809
9450,0.00059014
9451,0.00024496
9452,0.00104970
9453,0.00406833
9454,0.00082439
9455,0.00063514
9456,0.00110984
9457,0.00086827
9458,0.00097725
9459,0.00056426
9460,0.00101674
9461,0.00207354
9462,0.00427390
9463,0.00114783
9464,0.00315062
9465,0.00110672
9466,0.00148241
9467,0.00089589
9468,0.00197914
9469,0.00208180
9470,0.00019711
9471,0.00255249
9472,0.00022268
9473,0.00072967
9474,0.00211703
9475,0.00062878
9476,0.00107932
9477,0.00045298
9478,0.00196059
9479,0.00151431
9480,0.00374263
9481,0.00054932
9482,0.00061992
9483,0.95735098
9484,0.00432593
9485,0.00586077
9486,0.00416839
9487,0.00125392
9488,0.00025107
9489,0.00055561
9490,0.00044947
9491,0.00040729
9492,0.00080625
9493,0.00167638
9494,0.00062495
9495,0.00657257
9496,0.00103306
9497,0.00041301
9498,0.00084410
9499,0.01483915
9500,0.00655159
9501,0.00092190
9502,0.00367533
9503,0.00092564
9504,0.00280894
9505,0.00046991
9506,0.00125331
9507,0.01152316
9508,0.00110167
9509,0.00405847
9510,0.00192413
9511,0.00007710
9512,0.00088013
9513,0.00359614
9514,0.00077815
9515,0.00216510
9516,0.00064473
9517,0.00106872
9518,0.00069150
9519,0.00155420
9520,0.00066012
9521,0.00091884
9522,0.00180895
9523,0.00066786
9524,0.01564556
9525,0.00157468
9526,0.00087857
9527,0.00069166
9528,0.00029222
9529,0.00082500
9530,0.00059522
9531,0.00039325
9532,0.00614869
9533,0.00181015
9534,0.00092908
9535,0.00287957
9536,0.00076170
9537,0.00708824
9538,0.00062231
9539,0.00156894
9540,0.00042041
9541,0.00137205
9542,0.00040777
9543,0.00072177
9544,0.00064602
9545,0.00199601
9546,0.00244970
9547,0.00103368
9548,0.00048977
9549,0.00100416
9550,0.01107604
9551,0.00181907
9552,0.00133680
9553,0.00083890
9554,0.00058255
9555,0.00162316
9556,0.00023589
9557,0.00073481
9558,0.00047344
9559,0.00083355
9560,0.00088183
9561,0.00748663
9562,0.00444803
9563,0.00131519
9564,0.00041654
9565,0.00168992
9566,0.00170712
9567,0.00082360
9568,0.00763948
9569,0.00209744
9570,0.02754941
9571,0.00121261
9572,0.00057609
9573,0.00063684
9574,0.00076899
9575,0.00072897
9576,0.00162245
9577,0.00227788
9578,0.00091891
9579,0.00100678
9580,0.00177327
9581,0.00073485
9582,0.00438426
9583,0.00177544
9584,0.00054384
9585,0.00154998
9586,0.00083649
9587,0.00055183
9588,0.00087586
9589,0.00116961
9590,0.02742237
9591,0.00093307
9592,0.00719032
9593,0.01104172
9594,0.00103368
9595,0.00480710
9596,0.00051297
9597,0.00086234
9598,0.00174784
9599,0.00238796
9600,0.00112098
9601,0.00171531
9602,0.00420759
9603,0.00108674
9604,0.01163397
9605,0.01460610
9606,0.00031025
9607,0.00259758
9608,0.00118319
9609,0.00683871
9610,0.00178963
9611,0.00403532
9612,0.00640302
9613,0.00172854
9614,0.00187921
9615,0.00204677
9616,0.00206017
9617,0.00119847
9618,0.00087298
9619,0.00114884
9620,0.00132392
9621,0.00076752
9622,0.00093726
9623,0.00091381
9624,0.00216255
9625,0.00093745
9626,0.00085542
9627,0.00099317
9628,0.00200792
9629,0.00074088
9630,0.00239523
9631,0.00039070
9632,0.00216040
9633,0.00050283
9634,0.00001893
9635,0.00166289
9636,0.00007100
9637,0.00051859
9638,0.00084120
9639,0.00764395
9640,0.00202614
9641,0.00052878
9642,0.01184334
9643,0.00073505
9644,0.00140177
9645,0.00675427
9646,0.00637144
9647,0.00107095
9648,0.00189967
9649,0.00087080
9650,0.00126611
9651,0.00146769
9652,0.00078490
9653,0.00187684
9654,0.00169337
9655,0.00091586
9656,0.00237600
9657,0.00147476
9658,0.00056238
9659,0.00049975
9660,0.00517359
9661,0.00160708
9662,0.00391253
9663,0.01439627
9664,0.00134647
9665,0.00064667
9666,0.00373131
9667,0.00377172
9668,0.00057689
9669,0.00062740
9670,0.00076086
9671,0.00692364
9672,0.00090828
9673,0.00062623
9674,0.00081994
9675,0.00046631
9676,0.00042932
9677,0.00168418
9678,0.00121139
9679,0.00082120
9680,0.00044033
9681,0.00209377
9682,0.00042537
9683,0.00150567
9684,0.00105502
9685,0.00015460
9686,0.00282411
9687,0.00086210
9688,0.00211996
9689,0.00171794
9690,0.00127781
9691,0.00270393
9692,0.00154035
9693,0.00437806
9694,0.00015923
9695,0.00110130
9696,0.00224228
9697,0.00129584
9698,0.00071980
9699,0.00134249
9700,0.00654597
9701,0.00086579
9702,0.00045583
9703,0.00643543
9704,0.00042035
9705,0.00156545
9706,0.00129307
9707,0.00090108
9708,0.00027481
9709,0.00287637
9710,0.00242286
9711,0.00630322
9712,0.00073726
9713,0.00095582
9714,0.00063924
9715,0.01316209
9716,0.00180429
9717,0.00091798
9718,0.00136372
9719,0.00061895
9720,0.00023832
9721,0.00823148
9722,0.00199873
9723,0.00164969
9724,0.00209756
9725,0.00701099
9726,0.00157117
9727,2.34383259
9728,0.00343425
9729,0.00186449
9730,0.00153193
9731,0.00083092
9732,0.00091295
9733,0.00036428
9734,0.00674449
9735,0.00084136
9736,0.00071670
9737,0.00446003
9738,0.00018069
9739,0.00043092
9740,0.00106699
9741,0.00290335
9742,0.00176128
9743,0.00288416
9744,0.00070102
9745,0.00129156
9746,0.00095535
9747,0.00349727
9748,0.00033582
9749,0.00033832
9750,0.00064701
9751,0.00019385
9752,0.00138115
9753,0.00078696
9754,0.00022570
9755,0.00059924
9756,0.00217476
9757,0.00727844
9758,0.00383973
9759,0.00615065
9760,0.00102410
9761,0.00107387
9762,0.00053062
9763,0.00745564
9764,0.00464282
9765,0.00165132
9766,0.00129571
9767,0.00099573
9768,0.00059740
9769,0.00039671
9770,0.00051251
9771,0.00039925
9772,0.00104821
9773,0.00143078
9774,0.00065485
9775,0.00067903
9776,0.00109541
9777,0.00091300
9778,0.00158780
9779,0.00039600
9780,0.00098517
9781,0.00116503
9782,0.00048708
9783,0.00082940
9784,0.00240741
9785,0.00112933
9786,0.00281858
9787,0.00323593
9788,0.00211126
9789,0.00153208
9790,0.00182362
9791,0.00043778
9792,0.00193214
9793,0.00123526
9794,0.00185393
9795,0.00050482
9796,0.00128439
9797,0.00135277
9798,0.00078039
9799,0.00354916
9800,0.00044411
9801,0.01616889
9802,0.00050038
9803,0.00210683
9804,0.00140097
9805,0.00257304
9806,0.00105720
9807,0.00094380
9808,0.00064473
9809,0.00046921
9810,0.00130608
9811,0.00113337
9812,0.00061017
9813,0.00248351
9814,0.01397168
9815,0.00127002
9816,0.00191663
9817,0.00117402
9818,0.00028524
9819,0.00047232
9820,0.00082517
9821,0.00075471
9822,0.00046535
9823,0.00136283
9824,0.00352418
9825,0.00085813
9826,0.00069848
9827,0.00660932
9828,0.00018974
9829,0.00081717
9830,0.00094006
9831,0.00233225
9832,0.00173869
9833,0.00231424
9834,0.00093416
9835,0.00283601
9836,0.00074440
9837,0.01377819
9838,0.00061234
9839,0.00063911
9840,0.00112362
9841,0.00066340
9842,0.00171254
9843,0.00100825
9844,0.00090192
9845,0.00155467
9846,0.00169304
9847,0.00165143
9848,0.00305799
9849,0.00101017
9850,0.00178029
9851,0.00092970
9852,0.00246575
9853,0.00109125
9854,0.00091469
9855,0.01490200
9856,0.00057164
9857,0.00102660
9858,0.00159405
9859,0.00128691
9860,0.00418058
9861,0.00056520
9862,0.00174684
9863,0.00152994
9864,0.00141421
9865,0.00088023
9866,0.00105781
9867,0.00456499
9868,0.00093270
9869,0.00074118
9870,0.00150233
9871,0.00367199
9872,0.00056245
9873,0.00113672
9874,0.00113741
9875,0.00091271
9876,0.00016002
9877,0.25964048
9878,0.00724813
9879,0.00091118
9880,0.00127091
9881,0.00086718
9882,0.00502992
9883,0.00038310
9884,0.00281871
9885,0.00181019
9886,0.00020819
9887,0.00691037
9888,0.00104056
9889,0.00303315
9890,0.00080581
9891,0.00074388
9892,0.00102720
9893,0.00069948
9894,0.00056503
9895,0.00153540
9896,0.00089597
9897,0.00687720
9898,0.00170679
9899,0.00088947
9900,0.00126089
9901,0.00403241
9902,0.00104011
9903,0.00278464
9904,0.00167622
9905,0.00165020
9906,0.00119840
9907,0.00188715
9908,0.00085878
9909,0.00034408
9910,0.00115310
9911,0.00045758
9912,0.00169707
9913,0.00107091
9914,0.00127141
9915,0.00727239
9916,0.01406391
9917,0.00105276
9918,0.00067896
9919,0.00093867
9920,0.00076486
9921,0.00608076
9922,0.00175230
9923,0.00059772
9924,0.00075296
9925,0.00302821
9926,0.00061746
9927,0.00075182
9928,0.00227228
9929,0.00203099
9930,0.00138595
9931,0.00169565
9932,0.00211004
9933,0.00107205
9934,0.00054411
9935,0.00228565
9936,0.00110576
9937,0.00080736
9938,0.00179315
9939,0.00034871
9940,0.00061719
9941,0.00395935
9942,0.00017563
9943,0.00045092
9944,0.00113762
9945,0.00196412
9946,0.00730589
9947,0.00089632
9948,0.00174127
9949,0.00075363
9950,0.00110438
9951,0.00026940
9952,0.00704255
9953,0.00029140
9954,0.00058380
9955,0.00404388
9956,0.00080173
9957,0.00118102
9958,0.00093204
9959,0.00080330
9960,0.00117310
9961,0.00060466
9962,0.00102024
9963,0.00727671
9964,0.00090461
9965,0.00052818
9966,0.00135624
9967,0.00165551
9968,0.00071490
9969,0.00066265
9970,0.00054506
9971,0.00294657
9972,0.00166658
9973,0.00761248
9974,0.00077118
9975,0.00095148
9976,0.01141033
9977,0.00482814
9978,0.00735222
9979,0.00041424
9980,0.00169195
9981,0.00026531
9982,0.00104058
9983,0.00202313
9984,0.00050270
9985,0.00076218
9986,0.00057785
9987,0.00041583
9988,0.00158084
9989,0.00779997
9990,0.00092446
9991,0.00102008
9992,0.00291287
9993,0.00647215
9994,0.00194158
9995,0.00173025
9996,0.00084311
9997,0.00147729
9998,0.00334096
9999,0.00094559
