step,entropy,in_repeat_run
0,2.27282500,0
1,2.20652299,0
2,0.50701706,0
3,2.23754651,0
4,0.00207134,0
5,0.00052648,0
6,2.29228549,0
7,0.00027823,0
8,0.00013118,0
9,1.95701945,0
10,0.00095002,0
11,0.00085983,0
12,1.68487459,0
13,0.00042255,0
14,0.00033543,0
15,2.14379430,0
16,0.00060945,0
17,0.01163604,0
18,0.05307443,0
19,2.21927628,0
20,0.00046753,0
21,0.00012530,0
22,2.02996272,0
23,0.00044655,0
24,0.00132625,0
25,1.89012955,0
26,0.00440052,0
27,0.00097448,0
28,1.11811226,0
29,0.00058086,0
30,0.00034887,0
31,2.39205838,0
32,0.00047275,0
33,0.00003168,0
34,1.90654836,0
35,0.00011752,0
36,0.00845640,0
37,0.00036639,0
38,1.53331543,0
39,0.02582556,0
40,0.01135601,0
41,0.00013062,0
42,1.97253804,0
43,0.00025777,0
44,0.00011826,0
45,2.12825880,0
46,0.00003583,0
47,0.01808675,0
48,0.00108980,0
49,2.31049268,0
50,0.00353691,0
51,0.00241206,0
52,0.00055477,0
53,2.45607801,0
54,0.00299021,0
55,0.00009798,0
56,2.37099941,0
57,0.01630552,0
58,0.03226064,0
59,2.49795786,0
60,0.01748413,0
61,0.01551052,0
62,2.47102635,0
63,0.02196909,0
64,0.00141986,0
65,1.67654071,0
66,0.02441274,0
67,0.00141966,0
68,0.18308325,0
69,0.01473588,0
70,0.00251462,0
71,0.14602056,0
72,0.00242816,0
73,0.00140695,0
74,0.24083733,0
75,0.00264961,0
76,0.00011830,0
77,0.00442377,0
78,0.00804272,0
79,0.00287000,0
80,0.00424264,0
81,0.13975456,0
82,0.00407555,0
83,0.00857832,0
84,0.01017568,0
85,0.00434793,0
86,0.00622134,0
87,0.00296363,0
88,0.00082063,0
89,0.00240421,0
90,0.00773043,0
91,0.00607762,0
92,0.00028551,0
93,0.03680748,0
94,0.00003666,0
95,0.01141562,0
96,0.00079735,0
97,0.01820361,0
98,0.00028326,0
99,0.00363173,0
100,0.00040960,0
101,0.01228870,0
102,0.00127033,0
103,0.00013101,0
104,0.00175792,0
105,0.00000100,0
106,0.00602166,0
107,0.00041093,0
108,0.03401570,0
109,0.00091401,0
110,0.00200274,0
111,0.00001207,0
112,0.00374893,0
113,0.00639616,0
114,0.00088990,0
115,2.07525987,0
116,0.09517261,0
117,0.00077486,0
118,0.88846447,0
119,0.00771515,0
120,0.00161278,0
121,0.23365139,0
122,0.00855361,0
123,0.00055953,0
124,0.12513561,0
125,0.00148126,0
126,0.00087310,0
127,0.00474020,0
128,0.00241292,0
129,0.00126741,0
130,0.01960138,0
131,0.00112239,0
132,0.00075494,0
133,0.07376378,0
134,0.00087564,0
135,0.00015200,0
136,0.00498591,0
137,0.00148558,0
138,0.00139053,0
139,0.00994628,0
140,0.02849314,0
141,0.00139500,0
142,0.00739326,0
143,0.01390283,0
144,0.00191301,0
145,0.01423138,0
146,0.00418021,0
147,0.00100542,0
148,0.00161299,0
149,0.00558907,0
150,0.00375609,0
151,0.00162936,0
152,0.02631505,0
153,0.00026849,0
154,0.00406284,0
155,0.00138828,0
156,0.00597943,0
157,0.00281055,0
158,0.00406182,0
159,0.00046077,0
160,0.01048686,0
161,0.00115307,0
162,0.00049077,0
163,0.00230509,0
164,0.00000352,0
165,0.00310588,0
166,0.00076773,0
167,0.02422257,0
168,0.00267174,0
169,0.00156440,0
170,0.00003914,0
171,0.00342603,0
172,0.01265621,0
173,0.00179420,0
174,1.04704763,0
175,0.01583890,0
176,0.00115690,0
177,0.07731558,0
178,0.00640809,0
179,0.00172236,0
180,0.07720060,0
181,0.00587042,0
182,0.00054699,0
183,0.11347558,0
184,0.00114966,0
185,0.00159751,0
186,0.00329228,0
187,0.00248054,0
188,0.00236492,0
189,0.01146203,0
190,0.00129027,0
191,0.00079193,0
192,0.03506956,0
193,0.00087679,0
194,0.00026345,0
195,0.01020294,0
196,0.00116419,0
197,0.00152564,0
198,0.01094414,0
199,0.01369137,0
200,0.00157489,0
201,0.00842229,0
202,0.01130822,0
203,0.00197833,0
204,0.01778532,0
205,0.00326825,0
206,0.00113464,0
207,0.00168217,0
208,0.00300839,0
209,0.00320900,0
210,0.00279183,0
211,0.00707943,0
212,0.00082699,0
213,0.00301479,0
214,0.00249540,0
215,0.00286117,0
216,0.00618139,0
217,0.00324468,0
218,0.00062426,0
219,0.00798390,0
220,0.00116280,0
221,0.00046630,0
222,0.00204512,0
223,0.00000621,0
224,0.00230359,0
225,0.00118009,0
226,0.01035692,0
227,0.00301474,0
228,0.00138387,0
229,0.00002645,0
230,0.00181123,0
231,0.00875803,0
232,0.00174348,0
233,0.42732609,0
234,0.00587855,0
235,0.00139303,0
236,0.07034665,0
237,0.00536027,0
238,0.00268235,0
239,0.05012436,0
240,0.00470632,0
241,0.00084946,0
242,0.08291001,0
243,0.00131306,0
244,0.00211749,0
245,0.00228348,0
246,0.00225463,0
247,0.00268795,0
248,0.00645715,0
249,0.00129675,0
250,0.00108713,0
251,0.02287255,0
252,0.00102364,0
253,0.00018551,0
254,0.00999026,0
255,0.00076653,0
256,0.00141241,0
257,0.01153525,0
258,0.00846429,0
259,0.00166837,0
260,0.00550013,0
261,0.01007549,0
262,0.00175047,0
263,0.01327099,0
264,0.00266856,0
265,0.00112604,0
266,0.00168099,0
267,0.00210276,0
268,0.00305321,0
269,0.00323000,0
270,0.00401017,0
271,0.00160931,0
272,0.00245319,0
273,0.00254807,0
274,0.00186304,0
275,0.00743569,0
276,0.00253453,0
277,0.00047176,0
278,0.00665628,0
279,0.00115886,0
280,0.00038869,0
281,0.00195695,0
282,0.00000904,0
283,0.00215906,0
284,0.00139078,0
285,0.00715185,0
286,0.00403173,0
287,0.00124216,0
288,0.00002772,0
289,0.00163295,0
290,0.00671858,0
291,0.00166141,0
292,0.17223647,0
293,0.00373453,0
294,0.00109401,0
295,0.03439894,0
296,0.00487348,0
297,0.00217416,0
298,0.04065944,0
299,0.00327760,0
300,0.00095482,0
301,0.07132105,0
302,0.00138651,0
303,0.00213035,0
304,0.00184537,0
305,0.00217947,0
306,0.00275483,0
307,0.00408353,0
308,0.00120529,0
309,0.00136807,0
310,0.01806344,0
311,0.00107304,0
312,0.00019010,0
313,0.01048296,0
314,0.00057110,0
315,0.00159765,0
316,0.01528225,0
317,0.00723778,0
318,0.00137378,0
319,0.00580701,0
320,0.00805212,0
321,0.00159985,0
322,0.01345007,0
323,0.00232092,0
324,0.00100895,0
325,0.00186198,0
326,0.00178573,0
327,0.00271165,0
328,0.00330112,0
329,0.00339687,0
330,0.00203096,0
331,0.00219587,0
332,0.00286885,0
333,0.00227643,0
334,0.00653929,0
335,0.00229221,0
336,0.00047092,0
337,0.00485131,0
338,0.00091021,0
339,0.00048391,0
340,0.00193871,0
341,0.00000987,0
342,0.00182852,0
343,0.00114259,0
344,0.00635478,0
345,0.00537319,0
346,0.00106405,0
347,0.00002656,0
348,0.00126253,0
349,0.00434586,0
350,0.00150593,0
351,0.11503959,0
352,0.00317248,0
353,0.00107663,0
354,0.02878967,0
355,0.00362789,0
356,0.00210529,0
357,0.02185406,0
358,0.00317733,0
359,0.00090322,0
360,0.05981784,0
361,0.00120858,0
362,0.00234110,0
363,0.00164268,0
364,0.00220934,0
365,0.00251464,0
366,0.00359165,0
367,0.00128503,0
368,0.00146460,0
369,0.01242296,0
370,0.00103180,0
371,0.00021042,0
372,0.01109786,0
373,0.00044199,0
374,0.00158307,0
375,0.00984749,0
376,0.00577610,0
377,0.00129797,0
378,0.00583609,0
379,0.00658355,0
380,0.00153926,0
381,0.01433537,0
382,0.00253981,0
383,0.00097462,0
384,0.00189538,0
385,0.00149259,0
386,0.00261319,0
387,0.00360643,0
388,0.00233180,0
389,0.00249542,0
390,0.00205498,0
391,0.00267862,0
392,0.00174386,0
393,0.00742702,0
394,0.00247704,0
395,0.00063773,0
396,0.00395824,0
397,0.00093120,0
398,0.00036072,0
399,0.00156509,0
400,0.00001724,0
401,0.00193168,0
402,0.00117529,0
403,0.00483433,0
404,0.00363417,0
405,0.00099421,0
406,0.00003158,0
407,0.00121804,0
408,0.00430483,0
409,0.00155486,0
410,0.07345234,0
411,0.00258215,0
412,0.00105656,0
413,0.02837390,0
414,0.00379438,0
415,0.00213805,0
416,0.02245986,0
417,0.00294490,0
418,0.00113723,0
419,0.05064420,0
420,0.00127712,0
421,0.00202961,0
422,0.00139983,0
423,0.00215748,0
424,0.00249966,0
425,0.00303151,0
426,0.00117006,0
427,0.00162671,0
428,0.01167129,0
429,0.00094639,0
430,0.00021107,0
431,0.01245220,0
432,0.00041566,0
433,0.00169294,0
434,0.01494033,0
435,0.00619544,0
436,0.00124740,0
437,0.00574169,0
438,0.00720852,0
439,0.00130589,0
440,0.01211838,0
441,0.00196340,0
442,0.00085317,0
443,0.00182137,0
444,0.00149510,0
445,0.00227804,0
446,0.00399122,0
447,0.00221388,0
448,0.00387321,0
449,0.00194616,0
450,0.00345997,0
451,0.00144638,0
452,0.00745654,0
453,0.00193170,0
454,0.00078401,0
455,0.00394822,0
456,0.00087322,0
457,0.00050185,0
458,0.00161380,0
459,0.00001742,0
460,0.00192435,0
461,0.00122349,0
462,0.00482101,0
463,0.00522727,0
464,0.00090300,0
465,0.00003333,0
466,0.00123364,0
467,0.00332157,0
468,0.00139206,0
469,0.04911087,0
470,0.00203254,0
471,0.00106252,0
472,0.02269966,0
473,0.00329064,0
474,0.00256525,0
475,0.01839855,0
476,0.00261799,0
477,0.00117271,0
478,0.04314379,0
479,0.00124132,0
480,0.00204646,0
481,0.00113910,0
482,0.00195649,0
483,0.00263238,0
484,0.00290394,0
485,0.00116170,0
486,0.00152763,0
487,0.01010351,0
488,0.00099286,0
489,0.00021212,0
490,0.01232887,0
491,0.00036097,0
492,0.00151507,0
493,0.01122333,0
494,0.00542277,0
495,0.00141148,0
496,0.00548087,0
497,0.00622275,0
498,0.00136843,0
499,0.01227531,0
500,0.00210571,0
501,0.00089007,0
502,0.00175386,0
503,0.00156855,0
504,0.00217525,0
505,0.00350340,0
506,0.00182083,0
507,0.00487058,0
508,0.00182572,0
509,0.00302848,0
510,0.00138192,0
511,0.00819489,0
512,0.00178563,0
513,0.00072508,0
514,0.00325045,0
515,0.00081683,0
516,0.00054276,0
517,0.00174530,0
518,0.00002075,0
519,0.00169837,0
520,0.00106353,0
521,0.00453386,0
522,0.00399090,0
523,0.00086473,0
524,0.00003514,0
525,0.00123632,0
526,0.00298434,0
527,0.00126091,0
528,0.02557317,0
529,0.00200424,0
530,0.00110886,0
531,0.02070349,0
532,0.00280852,0
533,0.00196310,0
534,0.01380819,0
535,0.00225372,0
536,0.00136536,0
537,0.04413958,0
538,0.00113341,0
539,0.00190026,0
540,0.00090658,0
541,0.00177655,0
542,0.00265379,0
543,0.00274573,0
544,0.00106937,0
545,0.00151721,0
546,0.01012219,0
547,0.00091307,0
548,0.00019814,0
549,0.01056651,0
550,0.00032374,0
551,0.00149847,0
552,0.00917222,0
553,0.00501799,0
554,0.00125415,0
555,0.00563553,0
556,0.00584876,0
557,0.00116161,0
558,0.01037504,0
559,0.00199933,0
560,0.00077738,0
561,0.00170846,0
562,0.00141396,0
563,0.00193913,0
564,0.00367887,0
565,0.00174656,0
566,0.00408915,0
567,0.00168538,0
568,0.00371586,0
569,0.00114125,0
570,0.00825470,0
571,0.00185279,0
572,0.00060929,0
573,0.00281622,0
574,0.00075671,0
575,0.00032059,0
576,0.00145193,0
577,0.00002719,0
578,0.00149231,0
579,0.00091839,0
580,0.00342560,0
581,0.00305920,0
582,0.00080742,0
583,0.00003361,0
584,0.00099964,0
585,0.00296006,0
586,0.00141985,0
587,0.01873824,0
588,0.00176527,0
589,0.00111561,0
590,0.01469216,0
591,0.00250916,0
592,0.00249839,0
593,0.00784736,0
594,0.00196249,0
595,0.00105909,0
596,0.03010238,0
597,0.00103596,0
598,0.00177310,0
599,0.00065569,0
600,0.00166532,0
601,0.00236100,0
602,0.00185465,0
603,0.00096222,0
604,0.00165793,0
605,0.00716286,0
606,0.00085980,0
607,0.00018668,0
608,0.00991130,0
609,0.00028042,0
610,0.00161211,0
611,0.00910809,0
612,0.00417793,0
613,0.00118195,0
614,0.00550014,0
615,0.00541628,0
616,0.00108817,0
617,0.01006098,0
618,0.00158964,0
619,0.00074172,0
620,0.00176831,0
621,0.00125701,0
622,0.00195905,0
623,0.00386687,0
624,0.00145888,0
625,0.00469110,0
626,0.00163148,0
627,0.00320802,0
628,0.00119343,0
629,0.00999988,0
630,0.00199407,0
631,0.00086524,0
632,0.00319089,0
633,0.00079578,0
634,0.00039247,0
635,0.00179111,0
636,0.00003073,0
637,0.00145059,0
638,0.00111247,0
639,0.00357792,0
640,0.00412756,0
641,0.00087626,0
642,0.00004711,0
643,0.00116003,0
644,0.00280927,0
645,0.00152050,0
646,0.01705979,0
647,0.00181346,0
648,0.00113828,0
649,0.01347409,0
650,0.00246180,0
651,0.00294387,0
652,0.00797864,0
653,0.00216818,0
654,0.00114136,0
655,0.02883463,0
656,0.00109118,0
657,0.00191571,0
658,0.00076229,0
659,0.00180978,0
660,0.00221110,0
661,0.00206874,0
662,0.00099310,0
663,0.00198163,0
664,0.00793558,0
665,0.00099129,0
666,0.00021771,0
667,0.01770035,0
668,0.00036461,0
669,0.00169131,0
670,0.01034568,0
671,0.00480536,0
672,0.00131198,0
673,0.00693648,0
674,0.00585266,0
675,0.00112162,0
676,0.01221335,0
677,0.00203549,0
678,0.00089421,0
679,0.00201310,0
680,0.00125921,0
681,0.00208902,0
682,0.00456683,0
683,0.00130213,0
684,0.00468172,0
685,0.00171202,0
686,0.00317235,0
687,0.00143764,0
688,0.01008699,0
689,0.00186506,0
690,0.00093095,0
691,0.00327055,0
692,0.00090448,0
693,0.00051900,0
694,0.00173707,0
695,0.00003863,0
696,0.00161020,0
697,0.00122244,0
698,0.00360587,0
699,0.00426620,0
700,0.00095014,0
701,0.00005121,0
702,0.00115508,0
703,0.00259075,0
704,0.00168831,0
705,0.01000544,0
706,0.00169687,0
707,0.00117133,0
708,0.01396744,0
709,0.00277790,0
710,0.00307379,0
711,0.00862768,0
712,0.00234813,0
713,0.00133671,0
714,0.03543230,0
715,0.00131621,0
716,0.00194870,0
717,0.00068123,0
718,0.00197183,0
719,0.00231565,0
720,0.00331769,0
721,0.00109203,0
722,0.00186426,0
723,0.00902744,0
724,0.00111041,0
725,0.00022232,0
726,0.01166027,0
727,0.00043557,0
728,0.00177101,0
729,0.00929247,0
730,0.00452077,0
731,0.00143620,0
732,0.00572626,0
733,0.00958535,0
734,0.00114159,0
735,0.01086333,0
736,0.00189259,0
737,0.00087925,0
738,0.00174126,0
739,0.00129845,0
740,0.00205152,0
741,0.00441538,0
742,0.00149191,0
743,0.00341552,0
744,0.00170900,0
745,0.00370501,0
746,0.00129090,0
747,0.01095647,0
748,0.00182052,0
749,0.00095417,0
750,0.00305500,0
751,0.00095668,0
752,0.00052907,0
753,0.00174494,0
754,0.00004566,0
755,0.00158342,0
756,0.00113904,0
757,0.00406860,0
758,0.00344945,0
759,0.00089957,0
760,0.00005280,0
761,0.00115019,0
762,0.00248958,0
763,0.00174835,0
764,0.01018937,0
765,0.00181284,0
766,0.00134835,0
767,0.01510062,0
768,0.00254758,0
769,0.00365353,0
770,0.00726628,0
771,0.00209614,0
772,0.00141086,0
773,0.02772673,0
774,0.00115388,0
775,0.00209558,0
776,0.00075855,0
777,0.00160950,0
778,0.00245498,0
779,0.00303506,0
780,0.00099414,0
781,0.00197920,0
782,0.00871032,0
783,0.00098606,0
784,0.00024313,0
785,0.01447037,0
786,0.00038075,0
787,0.00155689,0
788,0.01214893,0
789,0.00451791,0
790,0.00132531,0
791,0.00634962,0
792,0.00824910,0
793,0.00116694,0
794,0.01019344,0
795,0.00204188,0
796,0.00087337,0
797,0.00215930,0
798,0.00130629,0
799,0.00186742,0
800,0.00414764,0
801,0.00123094,0
802,0.00455931,0
803,0.00166641,0
804,0.00407550,0
805,0.00136094,0
806,0.01212397,0
807,0.00182891,0
808,0.00099939,0
809,0.00322663,0
810,0.00100162,0
811,0.00057992,0
812,0.00188157,0
813,0.00005648,0
814,0.00171550,0
815,0.00130060,0
816,0.00412136,0
817,0.00402979,0
818,0.00105848,0
819,0.00006171,0
820,0.00139526,0
821,0.00276460,0
822,0.00170738,0
823,0.00910799,0
824,0.00168655,0
825,0.00115682,0
826,0.01388237,0
827,0.00251597,0
828,0.00362351,0
829,0.00714165,0
830,0.00229914,0
831,0.00143931,0
832,0.02932309,0
833,0.00120547,0
834,0.00191712,0
835,0.00079552,0
836,0.00180186,0
837,0.00236725,0
838,0.00349791,0
839,0.00109623,0
840,0.00207072,0
841,0.00816352,0
842,0.00103848,0
843,0.00024831,0
844,0.01700315,0
845,0.00043585,0
846,0.00156929,0
847,0.01224598,0
848,0.00459413,0
849,0.00135901,0
850,0.00625496,0
851,0.00875259,0
852,0.00111002,0
853,0.01081406,0
854,0.00184341,0
855,0.00084471,0
856,0.00206447,0
857,0.00154546,0
858,0.00187390,0
859,0.00475885,0
860,0.00142501,0
861,0.00518291,0
862,0.00153060,0
863,0.00394104,0
864,0.00146695,0
865,0.01092077,0
866,0.00167405,0
867,0.00143738,0
868,0.00372502,0
869,0.00095428,0
870,0.00067030,0
871,0.00193455,0
872,0.00005189,0
873,0.00175157,0
874,0.00128824,0
875,0.00412632,0
876,0.00441166,0
877,0.00098358,0
878,0.00008275,0
879,0.00158391,0
880,0.00245084,0
881,0.00165223,0
882,0.00745198,0
883,0.00165048,0
884,0.00108233,0
885,0.01077754,0
886,0.00248033,0
887,0.00424289,0
888,0.00697655,0
889,0.00224408,0
890,0.00142355,0
891,0.03158053,0
892,0.00116039,0
893,0.00196450,0
894,0.00076159,0
895,0.00174074,0
896,0.00222412,0
897,0.00342362,0
898,0.00110517,0
899,0.00202386,0
900,0.00782717,0
901,0.00111154,0
902,0.00026496,0
903,0.01061089,0
904,0.00042672,0
905,0.00170617,0
906,0.01096319,0
907,0.00412691,0
908,0.00148886,0
909,0.00611477,0
910,0.00800027,0
911,0.00113054,0
912,0.01110120,0
913,0.00182324,0
914,0.00088368,0
915,0.00221005,0
916,0.00166678,0
917,0.00184894,0
918,0.00492481,0
919,0.00148234,0
920,0.00529607,0
921,0.00164507,0
922,0.00366148,0
923,0.00134646,0
924,0.01374559,0
925,0.00164465,0
926,0.00141479,0
927,0.00357541,0
928,0.00110708,0
929,0.00088484,0
930,0.00183795,0
931,0.00005604,0
932,0.00179356,0
933,0.00139592,0
934,0.00402133,0
935,0.00524296,0
936,0.00106383,0
937,0.00009129,0
938,0.00148424,0
939,0.00246107,0
940,0.00173166,0
941,0.00607073,0
942,0.00162522,0
943,0.00112147,0
944,0.01159785,0
945,0.00219265,0
946,0.00396802,0
947,0.00684353,0
948,0.00192593,0
949,0.00168024,0
950,0.02611625,0
951,0.00115957,0
952,0.00204821,0
953,0.00092506,0
954,0.00166108,0
955,0.00219907,0
956,0.00331679,0
957,0.00105007,0
958,0.00207495,0
959,0.00828772,0
960,0.00104803,0
961,0.00027279,0
962,0.01410318,0
963,0.00049022,0
964,0.00178287,0
965,0.01134847,0
966,0.00425106,0
967,0.00148441,0
968,0.00676074,0
969,0.00606437,0
970,0.00116341,0
971,0.01012714,0
972,0.00196959,0
973,0.00090600,0
974,0.00222953,0
975,0.00149305,0
976,0.00192910,0
977,0.00485107,0
978,0.00139614,0
979,0.00755228,0
980,0.00155195,0
981,0.00424660,0
982,0.00137064,0
983,0.01169348,0
984,0.00190935,0
985,0.00208660,0
986,0.00412174,0
987,0.00116644,0
988,0.00103594,0
989,0.00190223,0
990,0.00007641,0
991,0.00180296,0
992,0.00149970,0
993,0.00496396,0
994,0.00397360,0
995,0.00110210,0
996,0.00011609,0
997,0.00181893,0
998,0.00203537,0
999,0.00195478,0
1000,0.00585596,0
1001,0.00163819,0
1002,0.00108918,0
1003,0.01201977,0
1004,0.00242088,0
1005,0.00428404,0
1006,0.00601103,0
1007,0.00208240,0
1008,0.00153660,0
1009,0.02583337,0
1010,0.00126776,0
1011,0.00202843,0
1012,0.00097836,0
1013,0.00197025,0
1014,0.00221808,0
1015,0.00336490,0
1016,0.00124378,0
1017,0.00236687,0
1018,0.00812560,0
1019,0.00127505,0
1020,0.00029612,0
1021,0.00984832,0
1022,0.00053369,0
1023,0.00180531,0
1024,0.01403056,0
1025,0.00463862,0
1026,0.00158238,0
1027,0.00663467,0
1028,0.00511701,0
1029,0.00127154,0
1030,0.01003994,0
1031,0.00199314,0
1032,0.00098397,0
1033,0.00222789,0
1034,0.00184449,0
1035,0.00194388,0
1036,0.00475572,0
1037,0.00147057,0
1038,0.00574020,0
1039,0.00183028,0
1040,0.00410918,0
1041,0.00131438,0
1042,0.01162870,0
1043,0.00172677,0
1044,0.00222360,0
1045,0.00462052,0
1046,0.00114322,0
1047,0.00084107,0
1048,0.00227398,0
1049,0.00008769,0
1050,0.00178633,0
1051,0.00140171,0
1052,0.00497071,0
1053,0.00328474,0
1054,0.00118530,0
1055,0.00012457,0
1056,0.00153308,0
1057,0.00186519,0
1058,0.00195160,0
1059,0.00506003,0
1060,0.00141352,0
1061,0.00107130,0
1062,0.01144065,0
1063,0.00246361,0
1064,0.00501616,0
1065,0.00509257,0
1066,0.00208839,0
1067,0.00153789,0
1068,0.02369369,0
1069,0.00131246,0
1070,0.00193682,0
1071,0.00076835,0
1072,0.00166638,0
1073,0.00227527,0
1074,0.00295886,0
1075,0.00110576,0
1076,0.00228844,0
1077,0.00938062,0
1078,0.00125469,0
1079,0.00032610,0
1080,0.00946591,0
1081,0.00054531,0
1082,0.00181948,0
1083,0.01130559,0
1084,0.00425544,0
1085,0.00152837,0
1086,0.00647670,0
1087,0.00529109,0
1088,0.00125447,0
1089,0.01000588,0
1090,0.00222067,0
1091,0.00098534,0
1092,0.00212840,0
1093,0.00186260,0
1094,0.00204078,0
1095,0.00511006,0
1096,0.00139735,0
1097,0.00825355,0
1098,0.00161169,0
1099,0.00431953,0
1100,0.00134799,0
1101,0.01033773,0
1102,0.00189358,0
1103,0.00174082,0
1104,0.00442412,0
1105,0.00115215,0
1106,0.00094756,0
1107,0.00217450,0
1108,0.00009034,0
1109,0.00185255,0
1110,0.00139982,0
1111,0.00453503,0
1112,0.00309488,0
1113,0.00118893,0
1114,0.00011763,0
1115,0.00164395,0
1116,0.00187665,0
1117,0.00192558,0
1118,0.00391518,0
1119,0.00142315,0
1120,0.00104461,0
1121,0.01200316,0
1122,0.00216114,0
1123,0.00454162,0
1124,0.00488405,0
1125,0.00230402,0
1126,0.00151912,0
1127,0.02463930,0
1128,0.00124857,0
1129,0.00192101,0
1130,0.00084158,0
1131,0.00168771,0
1132,0.00226268,0
1133,0.00293838,0
1134,0.00109082,0
1135,0.00215113,0
1136,0.00786871,0
1137,0.00126773,0
1138,0.00034493,0
1139,0.01033000,0
1140,0.00055009,0
1141,0.00186589,0
1142,0.01263405,0
1143,0.00416188,0
1144,0.00141876,0
1145,0.00634760,0
1146,0.00499323,0
1147,0.00117175,0
1148,0.01061427,0
1149,0.00184232,0
1150,0.00098912,0
1151,0.00205188,0
1152,0.00156429,0
1153,0.00186802,0
1154,0.00483360,0
1155,0.00139443,0
1156,0.00751455,0
1157,0.00172619,0
1158,0.00379376,0
1159,0.00157543,0
1160,0.01300378,0
1161,0.00182021,0
1162,0.00151320,0
1163,0.00455857,0
1164,0.00125349,0
1165,0.00086356,0
1166,0.00231648,0
1167,0.00009845,0
1168,0.00181953,0
1169,0.00140404,0
1170,0.00484337,0
1171,0.00340290,0
1172,0.00122688,0
1173,0.00013208,0
1174,0.00164563,0
1175,0.00184490,0
1176,0.00198234,0
1177,0.00397357,0
1178,0.00164743,0
1179,0.00145328,0
1180,0.01146943,0
1181,0.00225781,0
1182,0.00425255,0
1183,0.00426924,0
1184,0.00183725,0
1185,0.00169132,0
1186,0.02224042,0
1187,0.00147482,0
1188,0.00206583,0
1189,0.00090379,0
1190,0.00180281,0
1191,0.00241926,0
1192,0.00277330,0
1193,0.00109051,0
1194,0.00251201,0
1195,0.00840088,0
1196,0.00119697,0
1197,0.00033736,0
1198,0.01149182,0
1199,0.00053030,0
1200,0.00189235,0
1201,0.01378398,0
1202,0.00461036,0
1203,0.00159112,0
1204,0.00661832,0
1205,0.00483671,0
1206,0.00115674,0
1207,0.01111924,0
1208,0.00184324,0
1209,0.00100270,0
1210,0.00219737,0
1211,0.00155693,0
1212,0.00192709,0
1213,0.00523093,0
1214,0.00127003,0
1215,0.00802696,0
1216,0.00163607,0
1217,0.00368801,0
1218,0.00173175,0
1219,0.01337538,0
1220,0.00215750,0
1221,0.00191730,0
1222,0.00430001,0
1223,0.00123395,0
1224,0.00099980,0
1225,0.00211343,0
1226,0.00010289,0
1227,0.00178857,0
1228,0.00171328,0
1229,0.00535254,0
1230,0.00371917,0
1231,0.00121283,0
1232,0.00014676,0
1233,0.00183982,0
1234,0.00195836,0
1235,0.00213841,0
1236,0.00312554,0
1237,0.00141316,0
1238,0.00120703,0
1239,0.01027067,0
1240,0.00245878,0
1241,0.00546486,0
1242,0.00439533,0
1243,0.00194745,0
1244,0.00166160,0
1245,0.02179795,0
1246,0.00143876,0
1247,0.00196377,0
1248,0.00086980,0
1249,0.00188162,0
1250,0.00238395,0
1251,0.00302866,0
1252,0.00113420,0
1253,0.00254254,0
1254,0.00861615,0
1255,0.00116842,0
1256,0.00038209,0
1257,0.01468688,0
1258,0.00062426,0
1259,0.00205009,0
1260,0.01404507,0
1261,0.00460057,0
1262,0.00158262,0
1263,0.00752424,0
1264,0.00579866,0
1265,0.00123890,0
1266,0.01140281,0
1267,0.00209714,0
1268,0.00113165,0
1269,0.00229828,0
1270,0.00202508,0
1271,0.00194803,0
1272,0.00582592,0
1273,0.00129279,0
1274,0.01077078,0
1275,0.00165917,0
1276,0.00420770,0
1277,0.00162702,0
1278,0.01173113,0
1279,0.00194812,0
1280,0.00198668,0
1281,0.00502919,0
1282,0.00116306,0
1283,0.00113458,0
1284,0.00226599,0
1285,0.00009772,0
1286,0.00182283,0
1287,0.00167624,0
1288,0.00525609,0
1289,0.00375190,0
1290,0.00129162,0
1291,0.00017123,0
1292,0.00195142,0
1293,0.00186706,0
1294,0.00208243,0
1295,0.00313533,0
1296,0.00161075,0
1297,0.00125010,0
1298,0.00992750,0
1299,0.00246923,0
1300,0.00575290,0
1301,0.00452511,0
1302,0.00209275,0
1303,0.00155935,0
1304,0.02258862,0
1305,0.00152177,0
1306,0.00194405,0
1307,0.00091964,0
1308,0.00177724,0
1309,0.00227427,0
1310,0.00335286,0
1311,0.00117904,0
1312,0.00234317,0
1313,0.00888785,0
1314,0.00127876,0
1315,0.00036952,0
1316,0.01186843,0
1317,0.00064069,0
1318,0.00193979,0
1319,0.01261282,0
1320,0.00497137,0
1321,0.00162698,0
1322,0.00638298,0
1323,0.00532203,0
1324,0.00129037,0
1325,0.01078448,0
1326,0.00223845,0
1327,0.00114311,0
1328,0.00221367,0
1329,0.00213197,0
1330,0.00196932,0
1331,0.00521362,0
1332,0.00132130,0
1333,0.00707525,0
1334,0.00158813,0
1335,0.00382151,0
1336,0.00187850,0
1337,0.01042501,0
1338,0.00220782,0
1339,0.00205119,0
1340,0.00443248,0
1341,0.00128019,0
1342,0.00094544,0
1343,0.00258448,0
1344,0.00013024,0
1345,0.00190139,0
1346,0.00168392,0
1347,0.00572141,0
1348,0.00353171,0
1349,0.00134345,0
1350,0.00017876,0
1351,0.00197183,0
1352,0.00179275,0
1353,0.00194464,0
1354,0.00311214,0
1355,0.00157084,0
1356,0.00124826,0
1357,0.01416472,0
1358,0.00239399,0
1359,0.00556812,0
1360,0.00493105,0
1361,0.00200579,0
1362,0.00153516,0
1363,0.02124569,0
1364,0.00151373,0
1365,0.00194052,0
1366,0.00107313,0
1367,0.00161741,0
1368,0.00248808,0
1369,0.00343227,0
1370,0.00115164,0
1371,0.00238551,0
1372,0.00911688,0
1373,0.00121871,0
1374,0.00037385,0
1375,0.01028049,0
1376,0.00067361,0
1377,0.00199782,0
1378,0.01262772,0
1379,0.00529677,0
1380,0.00153939,0
1381,0.00747074,0
1382,0.00484257,0
1383,0.00127235,0
1384,0.01050120,0
1385,0.00201553,0
1386,0.00108340,0
1387,0.00230168,0
1388,0.00207421,0
1389,0.00184616,0
1390,0.00532643,0
1391,0.00136053,0
1392,0.00699169,0
1393,0.00152102,0
1394,0.00448695,0
1395,0.00186389,0
1396,0.01097620,0
1397,0.00191963,0
1398,0.00238464,0
1399,0.00471149,0
1400,0.00118763,0
1401,0.00104122,0
1402,0.00262652,0
1403,0.00012302,0
1404,0.00180445,0
1405,0.00176247,0
1406,0.00564680,0
1407,0.00360106,0
1408,0.00140085,0
1409,0.00018545,0
1410,0.00206419,0
1411,0.00196285,0
1412,0.00205948,0
1413,0.00406904,0
1414,0.00138738,0
1415,0.00122442,0
1416,0.01402526,0
1417,0.00229369,0
1418,0.00499009,0
1419,0.00539174,0
1420,0.00204257,0
1421,0.00159220,0
1422,0.02242026,0
1423,0.00133413,0
1424,0.00194300,0
1425,0.00102047,0
1426,0.00162780,0
1427,0.00234014,0
1428,0.00373824,0
1429,0.00112406,0
1430,0.00246543,0
1431,0.00893587,0
1432,0.00118975,0
1433,0.00041241,0
1434,0.01430177,0
1435,0.00081869,0
1436,0.00183748,0
1437,0.01503969,0
1438,0.00524265,0
1439,0.00140993,0
1440,0.00697694,0
1441,0.00491475,0
1442,0.00129472,0
1443,0.01044062,0
1444,0.00217625,0
1445,0.00112724,0
1446,0.00254809,0
1447,0.00218633,0
1448,0.00187458,0
1449,0.00540433,0
1450,0.00125512,0
1451,0.00794944,0
1452,0.00154866,0
1453,0.00444041,0
1454,0.00190895,0
1455,0.01136197,0
1456,0.00184942,0
1457,0.00313308,0
1458,0.00514108,0
1459,0.00126828,0
1460,0.00098861,0
1461,0.00299485,0
1462,0.00013486,0
1463,0.00180814,0
1464,0.00172688,0
1465,0.00496123,0
1466,0.00399153,0
1467,0.00137177,0
1468,0.00022191,0
1469,0.00203450,0
1470,0.00177111,0
1471,0.00208544,0
1472,0.00350154,0
1473,0.00145246,0
1474,0.00127051,0
1475,0.01011300,0
1476,0.00220695,0
1477,0.00547469,0
1478,0.00499254,0
1479,0.00203888,0
1480,0.00177482,0
1481,0.02077714,0
1482,0.00146449,0
1483,0.00195939,0
1484,0.00094655,0
1485,0.00167965,0
1486,0.00240533,0
1487,0.00391546,0
1488,0.00119071,0
1489,0.00252670,0
1490,0.00808312,0
1491,0.00125216,0
1492,0.00040162,0
1493,0.01405214,0
1494,0.00084205,0
1495,0.00217093,0
1496,0.01367966,0
1497,0.00529610,0
1498,0.00168599,0
1499,0.00718371,0
1500,0.00578625,0
1501,0.00134898,0
1502,0.01113489,0
1503,0.00218959,0
1504,0.00116701,0
1505,0.00241998,0
1506,0.00246934,0
1507,0.00197112,0
1508,0.00615380,0
1509,0.00151544,0
1510,0.01158550,0
1511,0.00155787,0
1512,0.00450970,0
1513,0.00220659,0
1514,0.01160179,0
1515,0.00206727,0
1516,0.00239658,0
1517,0.00512530,0
1518,0.00142249,0
1519,0.00114958,0
1520,0.00263646,0
1521,0.00015387,0
1522,0.00190977,0
1523,0.00165515,0
1524,0.00566191,0
1525,0.00451343,0
1526,0.00156668,0
1527,0.00022982,0
1528,0.00218683,0
1529,0.00202836,0
1530,0.00212553,0
1531,0.00339448,0
1532,0.00153277,0
1533,0.00124718,0
1534,0.01222468,0
1535,0.00234217,0
1536,0.00507025,0
1537,0.00572882,0
1538,0.00216469,0
1539,0.00192540,0
1540,0.02099029,0
1541,0.00168044,0
1542,0.00194439,0
1543,0.00105924,0
1544,0.00160051,0
1545,0.00243216,0
1546,0.00386812,0
1547,0.00134178,0
1548,0.00254454,0
1549,0.00970965,0
1550,0.00146316,0
1551,0.00043398,0
1552,0.01239140,0
1553,0.00096555,0
1554,0.00210062,0
1555,0.01481354,0
1556,0.00555332,0
1557,0.00178188,0
1558,0.00707584,0
1559,0.00591720,0
1560,0.00148969,0
1561,0.01145890,0
1562,0.00235876,0
1563,0.00129375,0
1564,0.00249185,0
1565,0.00251227,0
1566,0.00212058,0
1567,0.00691051,0
1568,0.00147864,0
1569,0.00871901,0
1570,0.00179604,0
1571,0.00424288,0
1572,0.00239289,0
1573,0.01274483,0
1574,0.00211732,0
1575,0.00295457,0
1576,0.00536690,0
1577,0.00152822,0
1578,0.00120772,0
1579,0.00282660,0
1580,0.00013775,0
1581,0.00218731,0
1582,0.00168662,0
1583,0.00570823,0
1584,0.00435059,0
1585,0.00150309,0
1586,0.00020854,0
1587,0.00242154,0
1588,0.00186642,0
1589,0.00207887,0
1590,0.00362462,0
1591,0.00155452,0
1592,0.00129958,0
1593,0.01164491,0
1594,0.00217367,0
1595,0.00593337,0
1596,0.00570748,0
1597,0.00195153,0
1598,0.00198082,0
1599,0.01967154,0
1600,0.00157345,0
1601,0.00198449,0
1602,0.00103905,0
1603,0.00157222,0
1604,0.00238993,0
1605,0.00370391,0
1606,0.00110556,0
1607,0.00271180,0
1608,0.00928609,0
1609,0.00125845,0
1610,0.00045805,0
1611,0.01584078,0
1612,0.00102121,0
1613,0.00212873,0
1614,0.01569593,0
1615,0.00536653,0
1616,0.00163914,0
1617,0.00722150,0
1618,0.00545057,0
1619,0.00137880,0
1620,0.01212293,0
1621,0.00231963,0
1622,0.00120064,0
1623,0.00282374,0
1624,0.00292918,0
1625,0.00198296,0
1626,0.00693241,0
1627,0.00184309,0
1628,0.01288984,0
1629,0.00184675,0
1630,0.00485559,0
1631,0.00236612,0
1632,0.01199447,0
1633,0.00208605,0
1634,0.00323397,0
1635,0.00597566,0
1636,0.00144811,0
1637,0.00129864,0
1638,0.00330912,0
1639,0.00016154,0
1640,0.00196389,0
1641,0.00182888,0
1642,0.00633573,0
1643,0.00499284,0
1644,0.00156530,0
1645,0.00024145,0
1646,0.00253143,0
1647,0.00196008,0
1648,0.00221672,0
1649,0.00432635,0
1650,0.00152681,0
1651,0.00122968,0
1652,0.01106520,0
1653,0.00224921,0
1654,0.00596323,0
1655,0.00563770,0
1656,0.00222085,0
1657,0.00196201,0
1658,0.01955861,0
1659,0.00178989,0
1660,0.00211507,0
1661,0.00109757,0
1662,0.00152142,0
1663,0.00255820,0
1664,0.00435114,0
1665,0.00121305,0
1666,0.00260298,0
1667,0.00863716,0
1668,0.00130363,0
1669,0.00044842,0
1670,0.01354819,0
1671,0.00098933,0
1672,0.00218457,0
1673,0.01498527,0
1674,0.00553136,0
1675,0.00170786,0
1676,0.00741411,0
1677,0.00777984,0
1678,0.00141022,0
1679,0.01150964,0
1680,0.00245961,0
1681,0.00124763,0
1682,0.00264341,0
1683,0.00286785,0
1684,0.00183116,0
1685,0.00600286,0
1686,0.00191442,0
1687,0.00996576,0
1688,0.00174760,0
1689,0.00420042,0
1690,0.00255997,0
1691,0.01145065,0
1692,0.00219347,0
1693,0.00324159,0
1694,0.00662622,0
1695,0.00150882,0
1696,0.00138310,0
1697,0.00335169,0
1698,0.00015598,0
1699,0.00204694,0
1700,0.00182344,0
1701,0.00704154,0
1702,0.00494003,0
1703,0.00160782,0
1704,0.00024875,0
1705,0.00255795,0
1706,0.00194591,0
1707,0.00223759,0
1708,0.00433881,0
1709,0.00160978,0
1710,0.00156343,0
1711,0.01099027,0
1712,0.00226769,0
1713,0.00679932,0
1714,0.00635751,0
1715,0.00196609,0
1716,0.00224684,0
1717,0.01948037,0
1718,0.00180567,0
1719,0.00218051,0
1720,0.00114791,0
1721,0.00165593,0
1722,0.00269554,0
1723,0.00445345,0
1724,0.00119825,0
1725,0.00268038,0
1726,0.01005591,0
1727,0.00135934,0
1728,0.00049439,0
1729,0.01223052,0
1730,0.00102554,0
1731,0.00206927,0
1732,0.01525468,0
1733,0.00574630,0
1734,0.00172886,0
1735,0.00728232,0
1736,0.00774952,0
1737,0.00142245,0
1738,0.01160265,0
1739,0.00251484,0
1740,0.00124758,0
1741,0.00290117,0
1742,0.00294824,0
1743,0.00207444,0
1744,0.00669842,0
1745,0.00173243,0
1746,0.00906641,0
1747,0.00176785,0
1748,0.00421610,0
1749,0.00241887,0
1750,0.01242527,0
1751,0.00221508,0
1752,0.00329828,0
1753,0.00682267,0
1754,0.00158855,0
1755,0.00140907,0
1756,0.00375368,0
1757,0.00016820,0
1758,0.00212861,0
1759,0.00196048,0
1760,0.00670414,0
1761,0.00419387,0
1762,0.00167617,0
1763,0.00025140,0
1764,0.00265417,0
1765,0.00204066,0
1766,0.00270090,0
1767,0.00417809,0
1768,0.00143068,0
1769,0.00143250,0
1770,0.01292377,0
1771,0.00228059,0
1772,0.00623554,0
1773,0.00627014,0
1774,0.00201885,0
1775,0.00218543,0
1776,0.01869034,0
1777,0.00173679,0
1778,0.00230259,0
1779,0.00128001,0
1780,0.00174622,0
1781,0.00254098,0
1782,0.00523264,0
1783,0.00125226,0
1784,0.00251511,0
1785,0.00975593,0
1786,0.00144275,0
1787,0.00046542,0
1788,0.01266480,0
1789,0.00116086,0
1790,0.00219675,0
1791,0.01588186,0
1792,0.00591558,0
1793,0.00190828,0
1794,0.00721415,0
1795,0.00914715,0
1796,0.00155013,0
1797,0.01210302,0
1798,0.00276429,0
1799,0.00131765,0
1800,0.00285370,0
1801,0.00308079,0
1802,0.00205834,0
1803,0.00751281,0
1804,0.00175132,0
1805,0.01183348,0
1806,0.00185226,0
1807,0.00386005,0
1808,0.00251087,0
1809,0.01240853,0
1810,0.00229479,0
1811,0.00342044,0
1812,0.00622385,0
1813,0.00160463,0
1814,0.00141409,0
1815,0.00354788,0
1816,0.00016088,0
1817,0.00204824,0
1818,0.00227968,0
1819,0.00718202,0
1820,0.00467807,0
1821,0.00165909,0
1822,0.00028264,0
1823,0.00300170,0
1824,0.00208251,0
1825,0.00280245,0
1826,0.00466615,0
1827,0.00160049,0
1828,0.00155921,0
1829,0.01086360,0
1830,0.00232847,0
1831,0.00729582,0
1832,0.00555676,0
1833,0.00195384,0
1834,0.00221243,0
1835,0.01979656,0
1836,0.00166944,0
1837,0.00228878,0
1838,0.00123691,0
1839,0.00165075,0
1840,0.00270792,0
1841,0.00525906,0
1842,0.00128821,0
1843,0.00253870,0
1844,0.01044320,0
1845,0.00122860,0
1846,0.00047641,0
1847,0.01282141,0
1848,0.00114645,0
1849,0.00209674,0
1850,0.01774240,0
1851,0.00578085,0
1852,0.00164318,0
1853,0.00773166,0
1854,0.00922830,0
1855,0.00152738,0
1856,0.01184168,0
1857,0.00277552,0
1858,0.00133709,0
1859,0.00283290,0
1860,0.00306922,0
1861,0.00208510,0
1862,0.00730445,0
1863,0.00172430,0
1864,0.01256951,0
1865,0.00182468,0
1866,0.00411905,0
1867,0.00234243,0
1868,0.01229748,0
1869,0.00232712,0
1870,0.00401712,0
1871,0.00653516,0
1872,0.00164769,0
1873,0.00154963,0
1874,0.00367648,0
1875,0.00018128,0
1876,0.00213450,0
1877,0.00210451,0
1878,0.00750164,0
1879,0.00387323,0
1880,0.00173545,0
1881,0.00026490,0
1882,0.00298893,0
1883,0.00200646,0
1884,0.00242557,0
1885,0.00409073,0
1886,0.00161654,0
1887,0.00134561,0
1888,0.01089135,0
1889,0.00226006,0
1890,0.00720161,0
1891,0.00573454,0
1892,0.00198576,0
1893,0.00219171,0
1894,0.01877977,0
1895,0.00174902,0
1896,0.00216903,0
1897,0.00129732,0
1898,0.00171207,0
1899,0.00287466,0
1900,0.00518752,0
1901,0.00120701,0
1902,0.00268170,0
1903,0.01139163,0
1904,0.00127876,0
1905,0.00052763,0
1906,0.01289912,0
1907,0.00110759,0
1908,0.00229426,0
1909,0.01827807,0
1910,0.00625633,0
1911,0.00186934,0
1912,0.00750482,0
1913,0.00738224,0
1914,0.00149080,0
1915,0.01237314,0
1916,0.00273093,0
1917,0.00143700,0
1918,0.00322226,0
1919,0.00332962,0
1920,0.00209701,0
1921,0.00817901,0
1922,0.00183008,0
1923,0.01299966,0
1924,0.00186051,0
1925,0.00440318,0
1926,0.00235183,0
1927,0.01319792,0
1928,0.00224727,0
1929,0.00383321,0
1930,0.00705619,0
1931,0.00168987,0
1932,0.00192620,0
1933,0.00348452,0
1934,0.00020355,0
1935,0.00225765,0
1936,0.00220406,0
1937,0.00762609,0
1938,0.00415565,0
1939,0.00170621,0
1940,0.00029215,0
1941,0.00313695,0
1942,0.00214661,0
1943,0.00267884,0
1944,0.00403393,0
1945,0.00179486,0
1946,0.00139209,0
1947,0.01187530,0
1948,0.00235278,0
1949,0.00752286,0
1950,0.00600863,0
1951,0.00205358,0
1952,0.00204512,0
1953,0.01983312,0
1954,0.00166964,0
1955,0.00231347,0
1956,0.00139397,0
1957,0.00181514,0
1958,0.00271996,0
1959,0.00522965,0
1960,0.00136102,0
1961,0.00236759,0
1962,0.01117807,0
1963,0.00136137,0
1964,0.00054105,0
1965,0.01413607,0
1966,0.00120459,0
1967,0.00225403,0
1968,0.01787094,0
1969,0.00620847,0
1970,0.00174937,0
1971,0.00752128,0
1972,0.00680381,0
1973,0.00154591,0
1974,0.01220524,0
1975,0.00285938,0
1976,0.00147285,0
1977,0.00287734,0
1978,0.00324636,0
1979,0.00224665,0
1980,0.00782801,0
1981,0.00195052,0
1982,0.00931985,0
1983,0.00177956,0
1984,0.00414473,0
1985,0.00269645,0
1986,0.01200636,0
1987,0.00229600,0
1988,0.00421152,0
1989,0.00713685,0
1990,0.00161293,0
1991,0.00171320,0
1992,0.00351846,0
1993,0.00022702,0
1994,0.00207388,0
1995,0.00226540,0
1996,0.00797881,0
1997,0.00375577,0
1998,0.00174777,0
1999,0.00032517,0
2000,0.00314706,0
2001,0.00197017,0
2002,0.00253050,0
2003,0.00438426,0
2004,0.00175378,0
2005,0.00149755,0
2006,0.01112137,0
2007,0.00235680,0
2008,0.00753038,0
2009,0.00531139,0
2010,0.00193672,0
2011,0.00213710,0
2012,0.01983926,0
2013,0.00172856,0
2014,0.00222285,0
2015,0.00141582,0
2016,0.00166431,0
2017,0.00262926,0
2018,0.00521780,0
2019,0.00122450,0
2020,0.00270945,0
2021,0.01082731,0
2022,0.00118894,0
2023,0.00055119,0
2024,0.01653423,0
2025,0.00113416,0
2026,0.00223738,0
2027,0.01790907,0
2028,0.00612099,0
2029,0.00170380,0
2030,0.00728562,0
2031,0.00758335,0
2032,0.00156049,0
2033,0.01220468,0
2034,0.00296324,0
2035,0.00147420,0
2036,0.00321975,0
2037,0.00391969,0
2038,0.00209597,0
2039,0.00842577,0
2040,0.00181504,0
2041,0.01648462,0
2042,0.00174634,0
2043,0.00475435,0
2044,0.00286116,0
2045,0.01126539,0
2046,0.00209765,0
2047,0.00447376,0
2048,0.00722123,0
2049,0.00158522,0
2050,0.00180169,0
2051,0.00452116,0
2052,0.00024925,0
2053,0.00199545,0
2054,0.00234891,0
2055,0.00793429,0
2056,0.00416141,0
2057,0.00177034,0
2058,0.00029319,0
2059,0.00282874,0
2060,0.00200895,0
2061,0.00254960,0
2062,0.00368180,0
2063,0.00184235,0
2064,0.00135087,0
2065,0.01174810,0
2066,0.00224578,0
2067,0.00730010,0
2068,0.00527476,0
2069,0.00202028,0
2070,0.00188691,0
2071,0.01836874,0
2072,0.00180761,0
2073,0.00204526,0
2074,0.00146981,0
2075,0.00175630,0
2076,0.00269031,0
2077,0.00496575,0
2078,0.00118407,0
2079,0.00252257,0
2080,0.01246590,0
2081,0.00127373,0
2082,0.00055240,0
2083,0.01504109,0
2084,0.00123202,0
2085,0.00218630,0
2086,0.01651092,0
2087,0.00658886,0
2088,0.00167750,0
2089,0.00688636,0
2090,0.00731787,0
2091,0.00151172,0
2092,0.01382720,0
2093,0.00298822,0
2094,0.00145324,0
2095,0.00307149,0
2096,0.00401403,0
2097,0.00216749,0
2098,0.00811577,0
2099,0.00206728,0
2100,0.01334274,0
2101,0.00175773,0
2102,0.00469446,0
2103,0.00279816,0
2104,0.01142457,0
2105,0.00221149,0
2106,0.00433206,0
2107,0.00762083,0
2108,0.00167079,0
2109,0.00175298,0
2110,0.00434993,0
2111,0.00023607,0
2112,0.00209226,0
2113,0.00237048,0
2114,0.00722148,0
2115,0.00442587,0
2116,0.00183189,0
2117,0.00032133,0
2118,0.00305761,0
2119,0.00199534,0
2120,0.00272387,0
2121,0.00418860,0
2122,0.00182108,0
2123,0.00150277,0
2124,0.01031811,0
2125,0.00219355,0
2126,0.00711848,0
2127,0.00527923,0
2128,0.00197596,0
2129,0.00207891,0
2130,0.01806002,0
2131,0.00177101,0
2132,0.00220959,0
2133,0.00139470,0
2134,0.00167887,0
2135,0.00258500,0
2136,0.00543617,0
2137,0.00121410,0
2138,0.00251879,0
2139,0.01174639,0
2140,0.00122776,0
2141,0.00057084,0
2142,0.01364496,0
2143,0.00136681,0
2144,0.00231176,0
2145,0.01466454,0
2146,0.00659692,0
2147,0.00183422,0
2148,0.00712064,0
2149,0.00725378,0
2150,0.00152930,0
2151,0.01295557,0
2152,0.00267904,0
2153,0.00143790,0
2154,0.00310889,0
2155,0.00383396,0
2156,0.00241176,0
2157,0.00821541,0
2158,0.00210211,0
2159,0.01113962,0
2160,0.00186214,0
2161,0.00518476,0
2162,0.00289458,0
2163,0.01330932,0
2164,0.00227062,0
2165,0.00423712,0
2166,0.00735400,0
2167,0.00174436,0
2168,0.00181653,0
2169,0.00481029,0
2170,0.00028386,0
2171,0.00214015,0
2172,0.00219567,0
2173,0.00860484,0
2174,0.00474670,0
2175,0.00194329,0
2176,0.00035928,0
2177,0.00327498,0
2178,0.00217791,0
2179,0.00274629,0
2180,0.00452915,0
2181,0.00203874,0
2182,0.00149930,0
2183,0.01413644,0
2184,0.00237900,0
2185,0.00700873,0
2186,0.00635685,0
2187,0.00220372,0
2188,0.00189732,0
2189,0.01980363,0
2190,0.00184569,0
2191,0.00238967,0
2192,0.00166158,0
2193,0.00177300,0
2194,0.00261201,0
2195,0.00555604,0
2196,0.00122889,0
2197,0.00238767,0
2198,0.01101508,0
2199,0.00136792,0
2200,0.00054883,0
2201,0.01607713,0
2202,0.00140187,0
2203,0.00246404,0
2204,0.01616129,0
2205,0.00649367,0
2206,0.00188140,0
2207,0.00722022,0
2208,0.00760970,0
2209,0.00154095,0
2210,0.01268343,0
2211,0.00304867,0
2212,0.00146754,0
2213,0.00331692,0
2214,0.00393624,0
2215,0.00225519,0
2216,0.00819370,0
2217,0.00213523,0
2218,0.01737963,0
2219,0.00185666,0
2220,0.00460303,0
2221,0.00267713,0
2222,0.01496683,0
2223,0.00225353,0
2224,0.00614369,0
2225,0.00779883,0
2226,0.00162513,0
2227,0.00174828,0
2228,0.00455867,0
2229,0.00026576,0
2230,0.00216218,0
2231,0.00230058,0
2232,0.00978974,0
2233,0.00530419,0
2234,0.00197998,0
2235,0.00030548,0
2236,0.00361530,0
2237,0.00212432,0
2238,0.00314212,0
2239,0.00496646,0
2240,0.00181840,0
2241,0.00160394,0
2242,0.01074097,0
2243,0.00237083,0
2244,0.00754286,0
2245,0.00645636,0
2246,0.00216137,0
2247,0.00239866,0
2248,0.01803526,0
2249,0.00192165,0
2250,0.00226728,0
2251,0.00164478,0
2252,0.00173185,0
2253,0.00274684,0
2254,0.00594768,0
2255,0.00132122,0
2256,0.00287940,0
2257,0.01180606,0
2258,0.00142490,0
2259,0.00061348,0
2260,0.02121162,0
2261,0.00142565,0
2262,0.00232757,0
2263,0.01874787,0
2264,0.00650548,0
2265,0.00193597,0
2266,0.00711587,0
2267,0.00746865,0
2268,0.00162385,0
2269,0.01405512,0
2270,0.00314457,0
2271,0.00161744,0
2272,0.00341737,0
2273,0.00423894,0
2274,0.00249347,0
2275,0.00934138,0
2276,0.00220641,0
2277,0.01714512,0
2278,0.00188290,0
2279,0.00454094,0
2280,0.00282779,0
2281,0.01208735,0
2282,0.00237185,0
2283,0.00553632,0
2284,0.00836536,0
2285,0.00190670,0
2286,0.00196259,0
2287,0.00445687,0
2288,0.00031900,0
2289,0.00236070,0
2290,0.00238128,0
2291,0.01036014,0
2292,0.00433257,0
2293,0.00213525,0
2294,0.00032906,0
2295,0.00335719,0
2296,0.00236020,0
2297,0.00302898,0
2298,0.00483176,0
2299,0.00192002,0
2300,0.00158094,0
2301,0.01170298,0
2302,0.00256550,0
2303,0.00886100,0
2304,0.00608623,0
2305,0.00221838,0
2306,0.00253614,0
2307,0.01849802,0
2308,0.00215516,0
2309,0.00264140,0
2310,0.00183119,0
2311,0.00197971,0
2312,0.00289118,0
2313,0.00666432,0
2314,0.00146916,0
2315,0.00271813,0
2316,0.01237241,0
2317,0.00152648,0
2318,0.00061657,0
2319,0.01809827,0
2320,0.00179748,0
2321,0.00269836,0
2322,0.01750055,0
2323,0.00735892,0
2324,0.00215365,0
2325,0.00756555,0
2326,0.00760720,0
2327,0.00172990,0
2328,0.01386763,0
2329,0.00339050,0
2330,0.00181320,0
2331,0.00308206,0
2332,0.00412249,0
2333,0.00263660,0
2334,0.00999696,0
2335,0.00231164,0
2336,0.01419565,0
2337,0.00219436,0
2338,0.00483728,0
2339,0.00333226,0
2340,0.01363863,0
2341,0.00252908,0
2342,0.00448213,0
2343,0.00908167,0
2344,0.00187407,0
2345,0.00187820,0
2346,0.00447591,0
2347,0.00028764,0
2348,0.00254338,0
2349,0.00236784,0
2350,0.01001531,0
2351,0.00469713,0
2352,0.00226002,0
2353,0.00035507,0
2354,0.00386278,0
2355,0.00261413,0
2356,0.00318788,0
2357,0.00554102,0
2358,0.00213623,0
2359,0.00165132,0
2360,0.01331764,0
2361,0.00282519,0
2362,0.00735595,0
2363,0.00660788,0
2364,0.00261546,0
2365,0.00249649,0
2366,0.01920019,0
2367,0.00235267,0
2368,0.00241620,0
2369,0.00183497,0
2370,0.00210357,0
2371,0.00298979,0
2372,0.00663912,0
2373,0.00151918,0
2374,0.00284336,0
2375,0.01371997,0
2376,0.00163718,0
2377,0.00068025,0
2378,0.01961143,0
2379,0.00173563,0
2380,0.00280710,0
2381,0.01908874,0
2382,0.00760706,0
2383,0.00235276,0
2384,0.00792680,0
2385,0.00768219,0
2386,0.00186911,0
2387,0.01439379,0
2388,0.00361654,0
2389,0.00188251,0
2390,0.00314211,0
2391,0.00441014,0
2392,0.00274905,0
2393,0.01008816,0
2394,0.00266649,0
2395,0.02009027,0
2396,0.00241586,0
2397,0.00532885,0
2398,0.00335696,0
2399,0.01461234,0
2400,0.00274306,0
2401,0.00553757,0
2402,0.00916436,0
2403,0.00207383,0
2404,0.00204439,0
2405,0.00449094,0
2406,0.00025893,0
2407,0.00266086,0
2408,0.00244650,0
2409,0.01214341,0
2410,0.00530264,0
2411,0.00244875,0
2412,0.00032510,0
2413,0.00427902,0
2414,0.00253216,0
2415,0.00329922,0
2416,0.00605808,0
2417,0.00232060,0
2418,0.00173903,0
2419,0.01311267,0
2420,0.00275602,0
2421,0.00886273,0
2422,0.00633448,0
2423,0.00251238,0
2424,0.00278785,0
2425,0.01996738,0
2426,0.00241927,0
2427,0.00258510,0
2428,0.00213031,0
2429,0.00225594,0
2430,0.00304149,0
2431,0.00711439,0
2432,0.00168405,0
2433,0.00318713,0
2434,0.01403801,0
2435,0.00172797,0
2436,0.00069590,0
2437,0.01877522,0
2438,0.00208290,0
2439,0.00288646,0
2440,0.02002002,0
2441,0.00771927,0
2442,0.00242576,0
2443,0.00812633,0
2444,0.00795689,0
2445,0.00193937,0
2446,0.01587669,0
2447,0.00376259,0
2448,0.00194463,0
2449,0.00352733,0
2450,0.00432829,0
2451,0.00287386,0
2452,0.01173202,0
2453,0.00300680,0
2454,0.02397138,0
2455,0.00251578,0
2456,0.00498886,0
2457,0.00342640,0
2458,0.01490348,0
2459,0.00274690,0
2460,0.00594309,0
2461,0.00843305,0
2462,0.00221461,0
2463,0.00220484,0
2464,0.00462005,0
2465,0.00027761,0
2466,0.00296187,0
2467,0.00253289,0
2468,0.01097155,0
2469,0.00526533,0
2470,0.00248413,0
2471,0.00040577,0
2472,0.00439944,0
2473,0.00265573,0
2474,0.00355287,0
2475,0.00529720,0
2476,0.00234915,0
2477,0.00175665,0
2478,0.01207648,0
2479,0.00261087,0
2480,0.00866672,0
2481,0.00633628,0
2482,0.00285677,0
2483,0.00253554,0
2484,0.02221311,0
2485,0.00285296,0
2486,0.00266023,0
2487,0.00215831,0
2488,0.00250974,0
2489,0.00298524,0
2490,0.00772083,0
2491,0.00186776,0
2492,0.00312128,0
2493,0.01457854,0
2494,0.00193587,0
2495,0.00069292,0
2496,0.01951434,0
2497,0.00258903,0
2498,0.00322324,0
2499,0.01878919,0
2500,0.00812292,0
2501,0.00275925,0
2502,0.00852389,0
2503,0.00888679,0
2504,0.00230878,0
2505,0.01591767,0
2506,0.00422718,0
2507,0.00221545,0
2508,0.00345310,0
2509,0.00532528,0
2510,0.00329187,0
2511,0.01219901,0
2512,0.00334635,0
2513,0.01564708,0
2514,0.00269093,0
2515,0.00491021,0
2516,0.00377039,0
2517,0.01332713,0
2518,0.00306289,0
2519,0.00497044,0
2520,0.00863804,0
2521,0.00240996,0
2522,0.00223235,0
2523,0.00482728,0
2524,0.00030843,0
2525,0.00292297,0
2526,0.00289128,0
2527,0.01079481,0
2528,0.00497365,0
2529,0.00273104,0
2530,0.00045651,0
2531,0.00424010,0
2532,0.00276848,0
2533,0.00366628,0
2534,0.00577163,0
2535,0.00252540,0
2536,0.00200665,0
2537,0.01489734,0
2538,0.00305367,0
2539,0.00924248,0
2540,0.00571292,0
2541,0.00285754,0
2542,0.00249953,0
2543,0.02152959,0
2544,0.00281461,0
2545,0.00262855,0
2546,0.00203598,0
2547,0.00222238,0
2548,0.00293859,0
2549,0.00779791,0
2550,0.00197661,0
2551,0.00361799,0
2552,0.01346300,0
2553,0.00195303,0
2554,0.00064308,0
2555,0.01591666,0
2556,0.00225996,0
2557,0.00316535,0
2558,0.01979526,0
2559,0.00841072,0
2560,0.00281318,0
2561,0.00874472,0
2562,0.00893738,0
2563,0.00229643,0
2564,0.01489037,0
2565,0.00422012,0
2566,0.00234468,0
2567,0.00376814,0
2568,0.00519732,0
2569,0.00315757,0
2570,0.01272625,0
2571,0.00334991,0
2572,0.01454336,0
2573,0.00296849,0
2574,0.00501287,0
2575,0.00398038,0
2576,0.01517960,0
2577,0.00325807,0
2578,0.00496880,0
2579,0.00906027,0
2580,0.00247141,0
2581,0.00232031,0
2582,0.00510272,0
2583,0.00039509,0
2584,0.00294094,0
2585,0.00292564,0
2586,0.01186336,0
2587,0.00418438,0
2588,0.00278818,0
2589,0.00045651,0
2590,0.00487719,0
2591,0.00303447,0
2592,0.00358201,0
2593,0.00560549,0
2594,0.00243145,0
2595,0.00204814,0
2596,0.01688344,0
2597,0.00296133,0
2598,0.00850417,0
2599,0.00629320,0
2600,0.00294618,0
2601,0.00243454,0
2602,0.02260672,0
2603,0.00273496,0
2604,0.00269244,0
2605,0.00205346,0
2606,0.00229651,0
2607,0.00315419,0
2608,0.00824496,0
2609,0.00181704,0
2610,0.00315109,0
2611,0.01327783,0
2612,0.00190849,0
2613,0.00078151,0
2614,0.01928142,0
2615,0.00248387,0
2616,0.00302453,0
2617,0.02058325,0
2618,0.00868771,0
2619,0.00266142,0
2620,0.00857157,0
2621,0.00990154,0
2622,0.00230923,0
2623,0.01527989,0
2624,0.00448728,0
2625,0.00223357,0
2626,0.00396205,0
2627,0.00513472,0
2628,0.00302918,0
2629,0.01224713,0
2630,0.00333911,0
2631,0.02013359,0
2632,0.00275156,0
2633,0.00521163,0
2634,0.00436495,0
2635,0.01536814,0
2636,0.00318278,0
2637,0.00585539,0
2638,0.00985654,0
2639,0.00238878,0
2640,0.00234574,0
2641,0.00515912,0
2642,0.00036317,0
2643,0.00287532,0
2644,0.00282655,0
2645,0.01281129,0
2646,0.00454477,0
2647,0.00269319,0
2648,0.00045878,0
2649,0.00442692,0
2650,0.00280991,0
2651,0.00384237,0
2652,0.00584935,0
2653,0.00237014,0
2654,0.00189564,0
2655,0.01582193,0
2656,0.00293526,0
2657,0.00973574,0
2658,0.00669423,0
2659,0.00289829,0
2660,0.00291155,0
2661,0.02053315,0
2662,0.00265045,0
2663,0.00261288,0
2664,0.00206312,0
2665,0.00227388,0
2666,0.00296807,0
2667,0.00795863,0
2668,0.00169301,0
2669,0.00346377,0
2670,0.01497332,0
2671,0.00205256,0
2672,0.00073354,0
2673,0.02184480,0
2674,0.00243572,0
2675,0.00331127,0
2676,0.02198848,0
2677,0.00943195,0
2678,0.00294424,0
2679,0.00838100,0
2680,0.01038691,0
2681,0.00221161,0
2682,0.01563138,0
2683,0.00437317,0
2684,0.00246165,0
2685,0.00381297,0
2686,0.00532526,0
2687,0.00317324,0
2688,0.01451079,0
2689,0.00307144,0
2690,0.01552912,0
2691,0.00278249,0
2692,0.00507719,0
2693,0.00473912,0
2694,0.01387974,0
2695,0.00320501,0
2696,0.00666847,0
2697,0.01031832,0
2698,0.00256077,0
2699,0.00239950,0
2700,0.00556988,0
2701,0.00033646,0
2702,0.00317588,0
2703,0.00282647,0
2704,0.01254173,0
2705,0.00444874,0
2706,0.00301811,0
2707,0.00045676,0
2708,0.00460457,0
2709,0.00311708,0
2710,0.00409145,0
2711,0.00579988,0
2712,0.00246828,0
2713,0.00198422,0
2714,0.01712836,0
2715,0.00315416,0
2716,0.00861566,0
2717,0.00717394,0
2718,0.00298482,0
2719,0.00302562,0
2720,0.02046594,0
2721,0.00277840,0
2722,0.00272802,0
2723,0.00227616,0
2724,0.00248120,0
2725,0.00298188,0
2726,0.00946775,0
2727,0.00198716,0
2728,0.00323925,0
2729,0.01350268,0
2730,0.00200213,0
2731,0.00077758,0
2732,0.02254614,0
2733,0.00263050,0
2734,0.00329950,0
2735,0.02086587,0
2736,0.00887202,0
2737,0.00277434,0
2738,0.00857255,0
2739,0.01175749,0
2740,0.00231870,0
2741,0.01577212,0
2742,0.00438528,0
2743,0.00235489,0
2744,0.00411664,0
2745,0.00528976,0
2746,0.00323052,0
2747,0.01325632,0
2748,0.00341930,0
2749,0.01877285,0
2750,0.00259316,0
2751,0.00515243,0
2752,0.00464693,0
2753,0.01508675,0
2754,0.00361038,0
2755,0.00629808,0
2756,0.01002810,0
2757,0.00267400,0
2758,0.00238471,0
2759,0.00476416,0
2760,0.00040548,0
2761,0.00315505,0
2762,0.00296467,0
2763,0.01419477,0
2764,0.00470601,0
2765,0.00281503,0
2766,0.00044238,0
2767,0.00501174,0
2768,0.00275324,0
2769,0.00387541,0
2770,0.00638520,0
2771,0.00247567,0
2772,0.00200385,0
2773,0.01492127,0
2774,0.00300139,0
2775,0.00896123,0
2776,0.00719684,0
2777,0.00291747,0
2778,0.00306694,0
2779,0.02081776,0
2780,0.00276505,0
2781,0.00274412,0
2782,0.00244179,0
2783,0.00265310,0
2784,0.00304366,0
2785,0.01078864,0
2786,0.00192132,0
2787,0.00331012,0
2788,0.01285810,0
2789,0.00185454,0
2790,0.00073013,0
2791,0.02120622,0
2792,0.00235872,0
2793,0.00323466,0
2794,0.02131410,0
2795,0.00917557,0
2796,0.00290347,0
2797,0.00884224,0
2798,0.01058108,0
2799,0.00220116,0
2800,0.01600209,0
2801,0.00400858,0
2802,0.00231770,0
2803,0.00418473,0
2804,0.00531365,0
2805,0.00320113,0
2806,0.01510456,0
2807,0.00329586,0
2808,0.02202588,0
2809,0.00285191,0
2810,0.00523331,0
2811,0.00428093,0
2812,0.01338794,0
2813,0.00319790,0
2814,0.00755124,0
2815,0.01039775,0
2816,0.00250231,0
2817,0.00240704,0
2818,0.00464401,0
2819,0.00039123,0
2820,0.00301445,0
2821,0.00331143,0
2822,0.01281247,0
2823,0.00424125,0
2824,0.00274588,0
2825,0.00052137,0
2826,0.00467600,0
2827,0.00290520,0
2828,0.00376235,0
2829,0.00649430,0
2830,0.00222371,0
2831,0.00182463,0
2832,0.01460471,0
2833,0.00299194,0
2834,0.00947039,0
2835,0.00693776,0
2836,0.00254934,0
2837,0.00267207,0
2838,0.01992463,0
2839,0.00260459,0
2840,0.00262720,0
2841,0.00217166,0
2842,0.00220381,0
2843,0.00318568,0
2844,0.00866266,0
2845,0.00175577,0
2846,0.00348337,0
2847,0.01260835,0
2848,0.00187289,0
2849,0.00071294,0
2850,0.02025125,0
2851,0.00213272,0
2852,0.00312690,0
2853,0.02129055,0
2854,0.00881516,0
2855,0.00253032,0
2856,0.00862529,0
2857,0.00943600,0
2858,0.00206439,0
2859,0.01674168,0
2860,0.00396842,0
2861,0.00207141,0
2862,0.00394535,0
2863,0.00526283,0
2864,0.00297113,0
2865,0.01459513,0
2866,0.00314816,0
2867,0.01959956,0
2868,0.00242091,0
2869,0.00571051,0
2870,0.00424802,0
2871,0.01441719,0
2872,0.00311991,0
2873,0.00750731,0
2874,0.01031969,0
2875,0.00218996,0
2876,0.00222722,0
2877,0.00483621,0
2878,0.00037374,0
2879,0.00268940,0
2880,0.00294961,0
2881,0.01180029,0
2882,0.00499252,0
2883,0.00264890,0
2884,0.00050220,0
2885,0.00477758,0
2886,0.00262473,0
2887,0.00402552,0
2888,0.00586054,0
2889,0.00217945,0
2890,0.00195832,0
2891,0.01357107,0
2892,0.00282249,0
2893,0.00868026,0
2894,0.00688690,0
2895,0.00259667,0
2896,0.00303840,0
2897,0.01926705,0
2898,0.00267493,0
2899,0.00268139,0
2900,0.00221650,0
2901,0.00213363,0
2902,0.00315485,0
2903,0.00909395,0
2904,0.00172971,0
2905,0.00326733,0
2906,0.01342289,0
2907,0.00165245,0
2908,0.00083418,0
2909,0.01841691,0
2910,0.00215122,0
2911,0.00285000,0
2912,0.01990453,0
2913,0.00859641,0
2914,0.00235971,0
2915,0.00839778,0
2916,0.00936568,0
2917,0.00195127,0
2918,0.01643122,0
2919,0.00444697,0
2920,0.00199072,0
2921,0.00397182,0
2922,0.00630935,0
2923,0.00285886,0
2924,0.01340659,0
2925,0.00334201,0
2926,0.01905253,0
2927,0.00239702,0
2928,0.00572941,0
2929,0.00448948,0
2930,0.01383441,0
2931,0.00271964,0
2932,0.00697964,0
2933,0.01025189,0
2934,0.00207078,0
2935,0.00245526,0
2936,0.00497548,0
2937,0.00038866,0
2938,0.00268123,0
2939,0.00307939,0
2940,0.01281246,0
2941,0.00406529,0
2942,0.00247444,0
2943,0.00049541,0
2944,0.00497951,0
2945,0.00265268,0
2946,0.00385277,0
2947,0.00635069,0
2948,0.00208752,0
2949,0.00212815,0
2950,0.01484979,0
2951,0.00282027,0
2952,0.00933331,0
2953,0.00681584,0
2954,0.00243919,0
2955,0.00316817,0
2956,0.01974899,0
2957,0.00258891,0
2958,0.00276108,0
2959,0.00230134,0
2960,0.00208402,0
2961,0.00327039,0
2962,0.00859304,0
2963,0.00164852,0
2964,0.00313592,0
2965,0.01385802,0
2966,0.00168697,0
2967,0.00077668,0
2968,0.01803147,0
2969,0.00216666,0
2970,0.00289254,0
2971,0.02168857,0
2972,0.00904284,0
2973,0.00228057,0
2974,0.00821522,0
2975,0.00936864,0
2976,0.00185992,0
2977,0.01667632,0
2978,0.00380527,0
2979,0.00194780,0
2980,0.00408800,0
2981,0.00577504,0
2982,0.00279241,0
2983,0.01432985,0
2984,0.00313022,0
2985,0.01675270,0
2986,0.00255255,0
2987,0.00573217,0
2988,0.00390102,0
2989,0.01459529,0
2990,0.00271088,0
2991,0.00796074,0
2992,0.01031849,0
2993,0.00213140,0
2994,0.00247826,0
2995,0.00514377,0
2996,0.00038492,0
2997,0.00250931,0
2998,0.00299707,0
2999,0.01237810,0
3000,0.00404939,0
3001,0.00248477,0
3002,0.00051983,0
3003,0.00449575,0
3004,0.00253427,0
3005,0.00454676,0
3006,0.00583413,0
3007,0.00204426,0
3008,0.00204547,0
3009,0.01338832,0
3010,0.00276416,0
3011,0.00973423,0
3012,0.00659621,0
3013,0.00231856,0
3014,0.00311291,0
3015,0.01878026,0
3016,0.00248551,0
3017,0.00279851,0
3018,0.00225498,0
3019,0.00197761,0
3020,0.00318458,0
3021,0.00824111,0
3022,0.00169129,0
3023,0.00337260,0
3024,0.01298743,0
3025,0.00156821,0
3026,0.00084412,0
3027,0.01986485,0
3028,0.00186120,0
3029,0.00291645,0
3030,0.02158401,0
3031,0.00897260,0
3032,0.00230785,0
3033,0.00826409,0
3034,0.00905421,0
3035,0.00184787,0
3036,0.01666083,0
3037,0.00401710,0
3038,0.00182859,0
3039,0.00424104,0
3040,0.00572977,0
3041,0.00252584,0
3042,0.01553016,0
3043,0.00318069,0
3044,0.03703128,0
3045,0.00230870,0
3046,0.00572638,0
3047,0.00417486,0
3048,0.01263024,0
3049,0.00254449,0
3050,0.00775919,0
3051,0.01037959,0
3052,0.00206579,0
3053,0.00253958,0
3054,0.00511021,0
3055,0.00041935,0
3056,0.00233884,0
3057,0.00311658,0
3058,0.01274811,0
3059,0.00476843,0
3060,0.00242467,0
3061,0.00052445,0
3062,0.00505196,0
3063,0.00242333,0
3064,0.00422739,0
3065,0.00613083,0
3066,0.00205172,0
3067,0.00223186,0
3068,0.01274710,0
3069,0.00249095,0
3070,0.01009593,0
3071,0.00685088,0
3072,0.00230550,0
3073,0.00317971,0
3074,0.01835971,0
3075,0.00250881,0
3076,0.00289605,0
3077,0.00203856,0
3078,0.00203338,0
3079,0.00315750,0
3080,0.00877561,0
3081,0.00166753,0
3082,0.00350439,0
3083,0.01372686,0
3084,0.00166714,0
3085,0.00078109,0
3086,0.01949738,0
3087,0.00193797,0
3088,0.00284702,0
3089,0.02178003,0
3090,0.00821154,0
3091,0.00234560,0
3092,0.00785596,0
3093,0.00863588,0
3094,0.00190799,0
3095,0.01833993,0
3096,0.00400255,0
3097,0.00194775,0
3098,0.00404794,0
3099,0.00637747,0
3100,0.00275282,0
3101,0.01707734,0
3102,0.00328772,0
3103,0.02263362,0
3104,0.00253361,0
3105,0.00513452,0
3106,0.00411097,0
3107,0.01414467,0
3108,0.00284721,0
3109,0.00735220,0
3110,0.01161537,0
3111,0.00204678,0
3112,0.00247885,0
3113,0.00467085,0
3114,0.00038888,0
3115,0.00252586,0
3116,0.00299455,0
3117,0.01297453,0
3118,0.00465318,0
3119,0.00255587,0
3120,0.00049505,0
3121,0.00478947,0
3122,0.00265036,0
3123,0.00390888,0
3124,0.00680435,0
3125,0.00207660,0
3126,0.00222749,0
3127,0.01232589,0
3128,0.00248607,0
3129,0.00993756,0
3130,0.00776378,0
3131,0.00265235,0
3132,0.00319349,0
3133,0.01943378,0
3134,0.00254302,0
3135,0.00299695,0
3136,0.00237686,0
3137,0.00204092,0
3138,0.00333153,0
3139,0.00859933,0
3140,0.00171502,0
3141,0.00361508,0
3142,0.01441183,0
3143,0.00169122,0
3144,0.00086696,0
3145,0.01831918,0
3146,0.00227777,0
3147,0.00293698,0
3148,0.02150674,0
3149,0.00874963,0
3150,0.00237691,0
3151,0.00867926,0
3152,0.00961479,0
3153,0.00186032,0
3154,0.01774520,0
3155,0.00421181,0
3156,0.00200410,0
3157,0.00424128,0
3158,0.00661329,0
3159,0.00259553,0
3160,0.01668911,0
3161,0.00335940,0
3162,0.02075078,0
3163,0.00238113,0
3164,0.00494211,0
3165,0.00457004,0
3166,0.01455467,0
3167,0.00274077,0
3168,0.00718996,0
3169,0.01033441,0
3170,0.00205406,0
3171,0.00259501,0
3172,0.00517876,0
3173,0.00054402,0
3174,0.00242251,0
3175,0.00326296,0
3176,0.01324502,0
3177,0.00562014,0
3178,0.00256134,0
3179,0.00051866,0
3180,0.00521000,0
3181,0.00251310,0
3182,0.00376305,0
3183,0.00674955,0
3184,0.00216451,0
3185,0.00204729,0
3186,0.01343603,0
3187,0.00262994,0
3188,0.01018036,0
3189,0.00772014,0
3190,0.00238521,0
3191,0.00334349,0
3192,0.01960480,0
3193,0.00243916,0
3194,0.00307896,0
3195,0.00248166,0
3196,0.00202198,0
3197,0.00331948,0
3198,0.00927748,0
3199,0.00181892,0
3200,0.00394564,0
3201,0.01267907,0
3202,0.00175130,0
3203,0.00086353,0
3204,0.02025133,0
3205,0.00217988,0
3206,0.00320853,0
3207,0.02078827,0
3208,0.00883527,0
3209,0.00241920,0
3210,0.00825372,0
3211,0.00958794,0
3212,0.00201155,0
3213,0.01897526,0
3214,0.00427866,0
3215,0.00217463,0
3216,0.00435295,0
3217,0.00638570,0
3218,0.00271146,0
3219,0.01809483,0
3220,0.00310876,0
3221,0.02116572,0
3222,0.00242365,0
3223,0.00537610,0
3224,0.00433412,0
3225,0.01439070,0
3226,0.00267331,0
3227,0.00897348,0
3228,0.00948052,0
3229,0.00219353,0
3230,0.00271710,0
3231,0.00486449,0
3232,0.00041476,0
3233,0.00246460,0
3234,0.00314930,0
3235,0.01385680,0
3236,0.00508696,0
3237,0.00251947,0
3238,0.00058277,0
3239,0.00548442,0
3240,0.00274202,0
3241,0.00389449,0
3242,0.00773787,0
3243,0.00212964,0
3244,0.00242837,0
3245,0.01291995,0
3246,0.00273417,0
3247,0.01066007,0
3248,0.00906957,0
3249,0.00227227,0
3250,0.00315363,0
3251,0.01980770,0
3252,0.00246614,0
3253,0.00308371,0
3254,0.00270459,0
3255,0.00202284,0
3256,0.00324233,0
3257,0.01106108,0
3258,0.00175732,0
3259,0.00399429,0
3260,0.01310238,0
3261,0.00169803,0
3262,0.00091317,0
3263,0.01861434,0
3264,0.00226158,0
3265,0.00297725,0
3266,0.02025258,0
3267,0.00910809,0
3268,0.00231359,0
3269,0.00865739,0
3270,0.01026923,0
3271,0.00204357,0
3272,0.01860750,0
3273,0.00406927,0
3274,0.00193640,0
3275,0.00418655,0
3276,0.00775652,0
3277,0.00264268,0
3278,0.01746217,0
3279,0.00309034,0
3280,0.02345701,0
3281,0.00237002,0
3282,0.00564568,0
3283,0.00468398,0
3284,0.01447345,0
3285,0.00264834,0
3286,0.01070407,0
3287,0.01065687,0
3288,0.00209302,0
3289,0.00281172,0
3290,0.00528172,0
3291,0.00047716,0
3292,0.00239286,0
3293,0.00333812,0
3294,0.01320332,0
3295,0.00519070,0
3296,0.00242065,0
3297,0.00060436,0
3298,0.00593816,0
3299,0.00252966,0
3300,0.00404389,0
3301,0.00711167,0
3302,0.00207200,0
3303,0.00216866,0
3304,0.01366266,0
3305,0.00287796,0
3306,0.01095811,0
3307,0.00871750,0
3308,0.00222474,0
3309,0.00365967,0
3310,0.01992195,0
3311,0.00255772,0
3312,0.00317075,0
3313,0.00273911,0
3314,0.00207423,0
3315,0.00325809,0
3316,0.01062164,0
3317,0.00177884,0
3318,0.00394456,0
3319,0.01514703,0
3320,0.00168803,0
3321,0.00102447,0
3322,0.01787393,0
3323,0.00246574,0
3324,0.00302701,0
3325,0.02105332,0
3326,0.00902699,0
3327,0.00252394,0
3328,0.00937462,0
3329,0.01101100,0
3330,0.00206790,0
3331,0.01902139,0
3332,0.00445838,0
3333,0.00199813,0
3334,0.00445015,0
3335,0.00768884,0
3336,0.00293872,0
3337,0.01729836,0
3338,0.00363610,0
3339,0.01372831,0
3340,0.00241493,0
3341,0.00550008,0
3342,0.00490703,0
3343,0.01567658,0
3344,0.00279014,0
3345,0.00770398,0
3346,0.01068195,0
3347,0.00228465,0
3348,0.00298910,0
3349,0.00538277,0
3350,0.00043076,0
3351,0.00252768,0
3352,0.00324793,0
3353,0.01369133,0
3354,0.00457785,0
3355,0.00279332,0
3356,0.00055496,0
3357,0.00615153,0
3358,0.00255083,0
3359,0.00442920,0
3360,0.00760331,0
3361,0.00221852,0
3362,0.00242739,0
3363,0.01518715,0
3364,0.00279941,0
3365,0.01058394,0
3366,0.00815410,0
3367,0.00242183,0
3368,0.00329346,0
3369,0.02124686,0
3370,0.00264397,0
3371,0.00309995,0
3372,0.00277728,0
3373,0.00210695,0
3374,0.00353720,0
3375,0.01149910,0
3376,0.00192333,0
3377,0.00366448,0
3378,0.01518767,0
3379,0.00166208,0
3380,0.00101584,0
3381,0.01832245,0
3382,0.00217787,0
3383,0.00299159,0
3384,0.02422350,0
3385,0.00891281,0
3386,0.00248025,0
3387,0.00918852,0
3388,0.01088241,0
3389,0.00187273,0
3390,0.01792904,0
3391,0.00418811,0
3392,0.00189260,0
3393,0.00439982,0
3394,0.00722909,0
3395,0.00276882,0
3396,0.01881029,0
3397,0.00372811,0
3398,0.02160378,0
3399,0.00245323,0
3400,0.00505744,0
3401,0.00458326,0
3402,0.01682998,0
3403,0.00257503,0
3404,0.00980984,0
3405,0.01051366,0
3406,0.00223340,0
3407,0.00319181,0
3408,0.00567001,0
3409,0.00042423,0
3410,0.00251222,0
3411,0.00322730,0
3412,0.01456986,0
3413,0.00478394,0
3414,0.00265945,0
3415,0.00061745,0
3416,0.00608758,0
3417,0.00249449,0
3418,0.00461927,0
3419,0.00789144,0
3420,0.00222935,0
3421,0.00224613,0
3422,0.01564555,0
3423,0.00272423,0
3424,0.00973920,0
3425,0.00802107,0
3426,0.00250711,0
3427,0.00340938,0
3428,0.01961118,0
3429,0.00259707,0
3430,0.00331002,0
3431,0.00290484,0
3432,0.00221702,0
3433,0.00370850,0
3434,0.01166113,0
3435,0.00178040,0
3436,0.00421484,0
3437,0.01380153,0
3438,0.00170629,0
3439,0.00093257,0
3440,0.02145952,0
3441,0.00242515,0
3442,0.00303967,0
3443,0.02573275,0
3444,0.00868390,0
3445,0.00232345,0
3446,0.00938368,0
3447,0.01184970,0
3448,0.00197444,0
3449,0.01945658,0
3450,0.00424158,0
3451,0.00193783,0
3452,0.00455056,0
3453,0.00742317,0
3454,0.00284366,0
3455,0.01841515,0
3456,0.00371467,0
3457,0.01834778,0
3458,0.00245823,0
3459,0.00513824,0
3460,0.00461406,0
3461,0.01648386,0
3462,0.00270504,0
3463,0.01086329,0
3464,0.01071920,0
3465,0.00240113,0
3466,0.00305451,0
3467,0.00549412,0
3468,0.00050111,0
3469,0.00257085,0
3470,0.00368810,0
3471,0.01521135,0
3472,0.00433754,0
3473,0.00277199,0
3474,0.00054555,0
3475,0.00606769,0
3476,0.00264609,0
3477,0.00424909,0
3478,0.00766442,0
3479,0.00210923,0
3480,0.00247012,0
3481,0.01610907,0
3482,0.00274948,0
3483,0.00991165,0
3484,0.00835733,0
3485,0.00245277,0
3486,0.00344520,0
3487,0.01963918,0
3488,0.00260216,0
3489,0.00314554,0
3490,0.00274157,0
3491,0.00216717,0
3492,0.00349461,0
3493,0.01134120,0
3494,0.00198739,0
3495,0.00398151,0
3496,0.01508906,0
3497,0.00175573,0
3498,0.00102741,0
3499,0.01973975,0
3500,0.00243886,0
3501,0.00305424,0
3502,0.02284760,0
3503,0.00929159,0
3504,0.00237452,0
3505,0.00895068,0
3506,0.01103887,0
3507,0.00205634,0
3508,0.01841291,0
3509,0.00423015,0
3510,0.00197447,0
3511,0.00476603,0
3512,0.00809194,0
3513,0.00274546,0
3514,0.01902611,0
3515,0.00408602,0
3516,0.01554034,0
3517,0.00244355,0
3518,0.00544138,0
3519,0.00462145,0
3520,0.01648487,0
3521,0.00256354,0
3522,0.00890297,0
3523,0.01043332,0
3524,0.00245871,0
3525,0.00299858,0
3526,0.00518724,0
3527,0.00046752,0
3528,0.00266770,0
3529,0.00346425,0
3530,0.01492863,0
3531,0.00422553,0
3532,0.00272586,0
3533,0.00059815,0
3534,0.00529630,0
3535,0.00251805,0
3536,0.00370233,0
3537,0.00688249,0
3538,0.00210629,0
3539,0.00235237,0
3540,0.01807650,0
3541,0.00278188,0
3542,0.00960490,0
3543,0.00770010,0
3544,0.00236467,0
3545,0.00325905,0
3546,0.02039204,0
3547,0.00271517,0
3548,0.00319926,0
3549,0.00272712,0
3550,0.00218381,0
3551,0.00343472,0
3552,0.01121586,0
3553,0.00187839,0
3554,0.00374641,0
3555,0.01463460,0
3556,0.00180262,0
3557,0.00096444,0
3558,0.02094465,0
3559,0.00223928,0
3560,0.00304766,0
3561,0.02193440,0
3562,0.00922749,0
3563,0.00230455,0
3564,0.00911263,0
3565,0.01234119,0
3566,0.00199768,0
3567,0.01908863,0
3568,0.00436681,0
3569,0.00213706,0
3570,0.00438325,0
3571,0.00862514,0
3572,0.00264115,0
3573,0.01877727,0
3574,0.00394041,0
3575,0.01650423,0
3576,0.00236824,0
3577,0.00549916,0
3578,0.00436917,0
3579,0.01619146,0
3580,0.00263370,0
3581,0.00941559,0
3582,0.01052660,0
3583,0.00240083,0
3584,0.00313981,0
3585,0.00523061,0
3586,0.00049694,0
3587,0.00256625,0
3588,0.00311122,0
3589,0.01448151,0
3590,0.00445397,0
3591,0.00264279,0
3592,0.00058192,0
3593,0.00512607,0
3594,0.00258661,0
3595,0.00414440,0
3596,0.00705522,0
3597,0.00218313,0
3598,0.00238200,0
3599,0.01740766,0
3600,0.00271326,0
3601,0.01028562,0
3602,0.00799712,0
3603,0.00237745,0
3604,0.00314815,0
3605,0.01997253,0
3606,0.00261244,0
3607,0.00322794,0
3608,0.00263835,0
3609,0.00215144,0
3610,0.00377712,0
3611,0.01083267,0
3612,0.00174259,0
3613,0.00382617,0
3614,0.01313439,0
3615,0.00174663,0
3616,0.00098516,0
3617,0.02034896,0
3618,0.00237011,0
3619,0.00293377,0
3620,0.02143431,0
3621,0.00908723,0
3622,0.00223299,0
3623,0.00927277,0
3624,0.01148871,0
3625,0.00191709,0
3626,0.01859304,0
3627,0.00404429,0
3628,0.00195728,0
3629,0.00449450,0
3630,0.00798313,0
3631,0.00254310,0
3632,0.01942686,0
3633,0.00385276,0
3634,0.01569383,0
3635,0.00236751,0
3636,0.00589040,0
3637,0.00448865,0
3638,0.01636661,0
3639,0.00255192,0
3640,0.01005095,0
3641,0.01056568,0
3642,0.00224844,0
3643,0.00322477,0
3644,0.00565903,0
3645,0.00045634,0
3646,0.00268048,0
3647,0.00346192,0
3648,0.01536150,0
3649,0.00451844,0
3650,0.00269477,0
3651,0.00054848,0
3652,0.00529067,0
3653,0.00266401,0
3654,0.00408570,0
3655,0.00712154,0
3656,0.00208503,0
3657,0.00232590,0
3658,0.01634004,0
3659,0.00273868,0
3660,0.01014885,0
3661,0.00853746,0
3662,0.00223091,0
3663,0.00335631,0
3664,0.02009327,0
3665,0.00260745,0
3666,0.00312876,0
3667,0.00273911,0
3668,0.00224676,0
3669,0.00368054,0
3670,0.01072090,0
3671,0.00175732,0
3672,0.00410742,0
3673,0.01410838,0
3674,0.00162071,0
3675,0.00095517,0
3676,0.02084850,0
3677,0.00242575,0
3678,0.00262062,0
3679,0.02258677,0
3680,0.00871013,0
3681,0.00230015,0
3682,0.00930920,0
3683,0.01160567,0
3684,0.00199357,0
3685,0.01795193,0
3686,0.00429593,0
3687,0.00195187,0
3688,0.00414532,0
3689,0.00925179,0
3690,0.00268234,0
3691,0.01926565,0
3692,0.00394315,0
3693,0.01710615,0
3694,0.00232117,0
3695,0.00579755,0
3696,0.00442606,0
3697,0.01635372,0
3698,0.00245829,0
3699,0.00990877,0
3700,0.01023255,0
3701,0.00229828,0
3702,0.00333278,0
3703,0.00548913,0
3704,0.00047824,0
3705,0.00267599,0
3706,0.00344558,0
3707,0.01548791,0
3708,0.00457713,0
3709,0.00260818,0
3710,0.00057879,0
3711,0.00523949,0
3712,0.00263842,0
3713,0.00411081,0
3714,0.00740065,0
3715,0.00205405,0
3716,0.00225588,0
3717,0.01556403,0
3718,0.00286149,0
3719,0.01020353,0
3720,0.00849172,0
3721,0.00247947,0
3722,0.00365029,0
3723,0.02080498,0
3724,0.00269169,0
3725,0.00337754,0
3726,0.00307208,0
3727,0.00220744,0
3728,0.00365106,0
3729,0.01175360,0
3730,0.00179331,0
3731,0.00381206,0
3732,0.01315910,0
3733,0.00185139,0
3734,0.00098740,0
3735,0.02149014,0
3736,0.00245666,0
3737,0.00310019,0
3738,0.02277095,0
3739,0.00955275,0
3740,0.00236795,0
3741,0.00902865,0
3742,0.01132104,0
3743,0.00207890,0
3744,0.01914607,0
3745,0.00463004,0
3746,0.00214252,0
3747,0.00414256,0
3748,0.00924005,0
3749,0.00291086,0
3750,0.02038180,0
3751,0.00384156,0
3752,0.01310379,0
3753,0.00238276,0
3754,0.00510944,0
3755,0.00450235,0
3756,0.01543632,0
3757,0.00261840,0
3758,0.00878332,0
3759,0.01165681,0
3760,0.00232742,0
3761,0.00305704,0
3762,0.00574588,0
3763,0.00053525,0
3764,0.00261120,0
3765,0.00323515,0
3766,0.01452510,0
3767,0.00442062,0
3768,0.00276024,0
3769,0.00059937,0
3770,0.00637957,0
3771,0.00276797,0
3772,0.00449296,0
3773,0.00800434,0
3774,0.00220033,0
3775,0.00257934,0
3776,0.01757192,0
3777,0.00265553,0
3778,0.01021906,0
3779,0.00773067,0
3780,0.00238279,0
3781,0.00334489,0
3782,0.02042443,0
3783,0.00260637,0
3784,0.00327127,0
3785,0.00305059,0
3786,0.00211336,0
3787,0.00361003,0
3788,0.01196391,0
3789,0.00180060,0
3790,0.00393703,0
3791,0.01309246,0
3792,0.00181412,0
3793,0.00104106,0
3794,0.02080339,0
3795,0.00227102,0
3796,0.00299617,0
3797,0.02567291,0
3798,0.00937515,0
3799,0.00232792,0
3800,0.00952494,0
3801,0.01032828,0
3802,0.00200791,0
3803,0.01890398,0
3804,0.00422495,0
3805,0.00204141,0
3806,0.00441676,0
3807,0.00871011,0
3808,0.00260599,0
3809,0.02024455,0
3810,0.00376417,0
3811,0.01916354,0
3812,0.00240294,0
3813,0.00576397,0
3814,0.00442790,0
3815,0.01556999,0
3816,0.00248476,0
3817,0.01127706,0
3818,0.01174231,0
3819,0.00245897,0
3820,0.00328825,0
3821,0.00544477,0
3822,0.00059668,0
3823,0.00256195,0
3824,0.00334192,0
3825,0.01461820,0
3826,0.00463316,0
3827,0.00274654,0
3828,0.00058689,0
3829,0.00555315,0
3830,0.00267164,0
3831,0.00430586,0
3832,0.00748775,0
3833,0.00221411,0
3834,0.00236879,0
3835,0.01743637,0
3836,0.00283659,0
3837,0.01210473,0
3838,0.00892747,0
3839,0.00262955,0
3840,0.00331928,0
3841,0.02070364,0
3842,0.00263661,0
3843,0.00343444,0
3844,0.00277716,0
3845,0.00225819,0
3846,0.00371748,0
3847,0.01156371,0
3848,0.00164299,0
3849,0.00387386,0
3850,0.01462836,0
3851,0.00176959,0
3852,0.00110906,0
3853,0.02144375,0
3854,0.00240740,0
3855,0.00290398,0
3856,0.02394075,0
3857,0.00905535,0
3858,0.00238006,0
3859,0.00943199,0
3860,0.01196103,0
3861,0.00198534,0
3862,0.01999078,0
3863,0.00445468,0
3864,0.00191245,0
3865,0.00448594,0
3866,0.00919875,0
3867,0.00295307,0
3868,0.02085006,0
3869,0.00399934,0
3870,0.01863025,0
3871,0.00256055,0
3872,0.00527112,0
3873,0.00485574,0
3874,0.01514573,0
3875,0.00247645,0
3876,0.00988942,0
3877,0.01101944,0
3878,0.00247217,0
3879,0.00321905,0
3880,0.00571047,0
3881,0.00049993,0
3882,0.00260565,0
3883,0.00322769,0
3884,0.01532504,0
3885,0.00532300,0
3886,0.00269340,0
3887,0.00055385,0
3888,0.00576831,0
3889,0.00293345,0
3890,0.00436468,0
3891,0.00727696,0
3892,0.00221077,0
3893,0.00244371,0
3894,0.01799907,0
3895,0.00289173,0
3896,0.01182358,0
3897,0.00812656,0
3898,0.00264261,0
3899,0.00381003,0
3900,0.02109663,0
3901,0.00262395,0
3902,0.00346059,0
3903,0.00309639,0
3904,0.00219028,0
3905,0.00369375,0
3906,0.01241746,0
3907,0.00189699,0
3908,0.00393988,0
3909,0.01517548,0
3910,0.00184704,0
3911,0.00107116,0
3912,0.02035999,0
3913,0.00240794,0
3914,0.00296492,0
3915,0.02454940,0
3916,0.00966421,0
3917,0.00240758,0
3918,0.00916301,0
3919,0.01122640,0
3920,0.00206011,0
3921,0.01961739,0
3922,0.00462824,0
3923,0.00191949,0
3924,0.00450864,0
3925,0.00923493,0
3926,0.00300317,0
3927,0.02122038,0
3928,0.00439202,0
3929,0.01697767,0
3930,0.00249391,0
3931,0.00527227,0
3932,0.00495442,0
3933,0.01614996,0
3934,0.00266555,0
3935,0.01037492,0
3936,0.01229095,0
3937,0.00247425,0
3938,0.00337638,0
3939,0.00572201,0
3940,0.00059554,0
3941,0.00264272,0
3942,0.00338064,0
3943,0.01721582,0
3944,0.00476389,0
3945,0.00265881,0
3946,0.00060029,0
3947,0.00546301,0
3948,0.00284702,0
3949,0.00410104,0
3950,0.00849163,0
3951,0.00218003,0
3952,0.00260326,0
3953,0.01663008,0
3954,0.00295787,0
3955,0.01168861,0
3956,0.00783584,0
3957,0.00251605,0
3958,0.00345524,0
3959,0.02065936,0
3960,0.00288230,0
3961,0.00355237,0
3962,0.00316753,0
3963,0.00213236,0
3964,0.00391755,0
3965,0.01300600,0
3966,0.00187882,0
3967,0.00461100,0
3968,0.01447312,0
3969,0.00175188,0
3970,0.00109693,0
3971,0.02152333,0
3972,0.00258822,0
3973,0.00301414,0
3974,0.02218913,0
3975,0.00974713,0
3976,0.00224199,0
3977,0.00987002,0
3978,0.01213268,0
3979,0.00217746,0
3980,0.01988594,0
3981,0.00439420,0
3982,0.00214637,0
3983,0.00460832,0
3984,0.00929316,0
3985,0.00290957,0
3986,0.02233533,0
3987,0.00430479,0
3988,0.01764182,0
3989,0.00247399,0
3990,0.00572749,0
3991,0.00474547,0
3992,0.01739241,0
3993,0.00252722,0
3994,0.01022361,0
3995,0.01173483,0
3996,0.00236128,0
3997,0.00349490,0
3998,0.00609595,0
3999,0.00053500,0
4000,0.00262424,0
4001,0.00316661,0
4002,0.01700341,0
4003,0.00497383,0
4004,0.00278508,0
4005,0.00059036,0
4006,0.00575992,0
4007,0.00270022,0
4008,0.00483551,0
4009,0.00854337,0
4010,0.00224143,0
4011,0.00251987,0
4012,0.01633850,0
4013,0.00273468,0
4014,0.01168789,0
4015,0.00912105,0
4016,0.00253109,0
4017,0.00346271,0
4018,0.01998936,0
4019,0.00258902,0
4020,0.00357470,0
4021,0.00289317,0
4022,0.00217365,0
4023,0.00354947,0
4024,0.01201968,0
4025,0.00175840,0
4026,0.00452124,0
4027,0.01365691,0
4028,0.00176435,0
4029,0.00107356,0
4030,0.02180133,0
4031,0.00231043,0
4032,0.00282194,0
4033,0.02441694,0
4034,0.00934854,0
4035,0.00218824,0
4036,0.00937364,0
4037,0.01181526,0
4038,0.00201869,0
4039,0.01935613,0
4040,0.00476012,0
4041,0.00202048,0
4042,0.00444537,0
4043,0.00875811,0
4044,0.00284133,0
4045,0.02376484,0
4046,0.00417192,0
4047,0.02044439,0
4048,0.00262445,0
4049,0.00578284,0
4050,0.00508636,0
4051,0.01671640,0
4052,0.00264625,0
4053,0.01057629,0
4054,0.01310001,0
4055,0.00231934,0
4056,0.00322880,0
4057,0.00558072,0
4058,0.00061207,0
4059,0.00265467,0
4060,0.00354494,0
4061,0.01641551,0
4062,0.00463605,0
4063,0.00268604,0
4064,0.00061086,0
4065,0.00543857,0
4066,0.00266110,0
4067,0.00510307,0
4068,0.00759726,0
4069,0.00200462,0
4070,0.00249748,0
4071,0.01584068,0
4072,0.00279439,0
4073,0.01184016,0
4074,0.00857011,0
4075,0.00235822,0
4076,0.00331128,0
4077,0.01985395,0
4078,0.00267374,0
4079,0.00363210,0
4080,0.00291241,0
4081,0.00213537,0
4082,0.00369726,0
4083,0.01355905,0
4084,0.00193273,0
4085,0.00477285,0
4086,0.01326138,0
4087,0.00174362,0
4088,0.00110889,0
4089,0.02139928,0
4090,0.00241939,0
4091,0.00301709,0
4092,0.02398182,0
4093,0.00936825,0
4094,0.00227695,0
4095,0.00966426,0
4096,0.01143247,0
4097,0.00212774,0
4098,0.02063859,0
4099,0.00464179,0
4100,0.00199428,0
4101,0.00460777,0
4102,0.00941225,0
4103,0.00279309,0
4104,0.02363976,0
4105,0.00438356,0
4106,0.01617570,0
4107,0.00246942,0
4108,0.00585673,0
4109,0.00515974,0
4110,0.01673790,0
4111,0.00243763,0
4112,0.00979657,0
4113,0.01123440,0
4114,0.00227754,0
4115,0.00375549,0
4116,0.00548592,0
4117,0.00072089,0
4118,0.00264870,0
4119,0.00336367,0
4120,0.01766897,0
4121,0.00496831,0
4122,0.00274145,0
4123,0.00065468,0
4124,0.00564459,0
4125,0.00279648,0
4126,0.00493384,0
4127,0.00852391,0
4128,0.00231847,0
4129,0.00266345,0
4130,0.01675719,0
4131,0.00303623,0
4132,0.01175985,0
4133,0.00924179,0
4134,0.00262818,0
4135,0.00365054,0
4136,0.02245889,0
4137,0.00258986,0
4138,0.00363312,0
4139,0.00336497,0
4140,0.00227191,0
4141,0.00401075,0
4142,0.01571601,0
4143,0.00175692,0
4144,0.00506821,0
4145,0.01270251,0
4146,0.00178195,0
4147,0.00121633,0
4148,0.01904209,0
4149,0.00235046,0
4150,0.00308575,0
4151,0.02763010,0
4152,0.01239939,0
4153,0.00241515,0
4154,0.00976406,0
4155,0.01242700,0
4156,0.00210031,0
4157,0.01999884,0
4158,0.00503132,0
4159,0.00214499,0
4160,0.00475301,0
4161,0.00956419,0
4162,0.00296136,0
4163,0.02477051,0
4164,0.00420674,0
4165,0.01680023,0
4166,0.00253757,0
4167,0.00504016,0
4168,0.00524735,0
4169,0.01827548,0
4170,0.00259437,0
4171,0.00959868,0
4172,0.01205131,0
4173,0.00224402,0
4174,0.00364482,0
4175,0.00600248,0
4176,0.00054317,0
4177,0.00259236,0
4178,0.00338005,0
4179,0.01863213,0
4180,0.00417793,0
4181,0.00274741,0
4182,0.00066737,0
4183,0.00565949,0
4184,0.00267837,0
4185,0.00586363,0
4186,0.00900746,0
4187,0.00225790,0
4188,0.00280376,0
4189,0.01711664,0
4190,0.00297691,0
4191,0.01181828,0
4192,0.00874238,0
4193,0.00238427,0
4194,0.00402464,0
4195,0.01990609,0
4196,0.00260757,0
4197,0.00365672,0
4198,0.00337138,0
4199,0.00225184,0
4200,0.00407505,0
4201,0.01525759,0
4202,0.00187511,0
4203,0.00500141,0
4204,0.01262692,0
4205,0.00187802,0
4206,0.00122747,0
4207,0.02241874,0
4208,0.00228548,0
4209,0.00309813,0
4210,0.02754973,0
4211,0.01138302,0
4212,0.00232273,0
4213,0.00991118,0
4214,0.01200860,0
4215,0.00210252,0
4216,0.01881079,0
4217,0.00488349,0
4218,0.00200439,0
4219,0.00491064,0
4220,0.00931306,0
4221,0.00278660,0
4222,0.02449828,0
4223,0.00423818,0
4224,0.02148715,0
4225,0.00237366,0
4226,0.00590782,0
4227,0.00576077,0
4228,0.01719405,0
4229,0.00256651,0
4230,0.01368459,0
4231,0.01369838,0
4232,0.00246442,0
4233,0.00370126,0
4234,0.00626954,0
4235,0.00049414,0
4236,0.00300042,0
4237,0.00381121,0
4238,0.01861944,0
4239,0.00403543,0
4240,0.00281174,0
4241,0.00066594,0
4242,0.00559432,0
4243,0.00292906,0
4244,0.00576544,0
4245,0.00925349,0
4246,0.00240455,0
4247,0.00269728,0
4248,0.01749991,0
4249,0.00320343,0
4250,0.01225390,0
4251,0.01007268,0
4252,0.00264670,0
4253,0.00411412,0
4254,0.01982085,0
4255,0.00278164,0
4256,0.00397674,0
4257,0.00363295,0
4258,0.00246384,0
4259,0.00407783,0
4260,0.01574706,0
4261,0.00204357,0
4262,0.00553726,0
4263,0.01364548,0
4264,0.00187431,0
4265,0.00131712,0
4266,0.02220711,0
4267,0.00264083,0
4268,0.00333222,0
4269,0.02813540,0
4270,0.01178687,0
4271,0.00257793,0
4272,0.01004852,0
4273,0.01273449,0
4274,0.00223996,0
4275,0.02023188,0
4276,0.00508578,0
4277,0.00211572,0
4278,0.00495382,0
4279,0.01007877,0
4280,0.00294018,0
4281,0.02768169,0
4282,0.00484403,0
4283,0.01524270,0
4284,0.00258975,0
4285,0.00602425,0
4286,0.00556737,0
4287,0.01717346,0
4288,0.00263303,0
4289,0.01323839,0
4290,0.01298219,0
4291,0.00256929,0
4292,0.00362377,0
4293,0.00667211,0
4294,0.00058759,0
4295,0.00320230,0
4296,0.00393192,0
4297,0.01859199,0
4298,0.00444515,0
4299,0.00301366,0
4300,0.00068698,0
4301,0.00676699,0
4302,0.00287917,0
4303,0.00573630,0
4304,0.00876897,0
4305,0.00253313,0
4306,0.00299477,0
4307,0.01771752,0
4308,0.00309658,0
4309,0.01349694,0
4310,0.01058210,0
4311,0.00244874,0
4312,0.00404865,0
4313,0.01921508,0
4314,0.00304915,0
4315,0.00370161,0
4316,0.00339059,0
4317,0.00239394,0
4318,0.00409536,0
4319,0.01510738,0
4320,0.00218586,0
4321,0.00522432,0
4322,0.01429370,0
4323,0.00201345,0
4324,0.00127203,0
4325,0.02274760,0
4326,0.00285656,0
4327,0.00323744,0
4328,0.02573345,0
4329,0.01126135,0
4330,0.00248312,0
4331,0.01045121,0
4332,0.01242473,0
4333,0.00229900,0
4334,0.02162077,0
4335,0.00509107,0
4336,0.00220790,0
4337,0.00501072,0
4338,0.01086440,0
4339,0.00315353,0
4340,0.02703036,0
4341,0.00458101,0
4342,0.01839511,0
4343,0.00290122,0
4344,0.00538034,0
4345,0.00633358,0
4346,0.01722942,0
4347,0.00284129,0
4348,0.01215080,0
4349,0.01304035,0
4350,0.00267378,0
4351,0.00359979,0
4352,0.00662494,0
4353,0.00064783,0
4354,0.00309492,0
4355,0.00396069,0
4356,0.01901388,0
4357,0.00456795,0
4358,0.00320445,0
4359,0.00070286,0
4360,0.00658676,0
4361,0.00292536,0
4362,0.00617089,0
4363,0.00978542,0
4364,0.00250686,0
4365,0.00297767,0
4366,0.01862923,0
4367,0.00296968,0
4368,0.01400797,0
4369,0.01012245,0
4370,0.00264699,0
4371,0.00430904,0
4372,0.01952490,0
4373,0.00307796,0
4374,0.00405893,0
4375,0.00367708,0
4376,0.00240031,0
4377,0.00426573,0
4378,0.01596768,0
4379,0.00202945,0
4380,0.00576213,0
4381,0.01534976,0
4382,0.00205009,0
4383,0.00131660,0
4384,0.02271387,0
4385,0.00287124,0
4386,0.00327991,0
4387,0.02654408,0
4388,0.01108332,0
4389,0.00259581,0
4390,0.01029452,0
4391,0.01298367,0
4392,0.00236602,0
4393,0.02040948,0
4394,0.00516759,0
4395,0.00224924,0
4396,0.00483247,0
4397,0.01011803,0
4398,0.00295938,0
4399,0.02732616,0
4400,0.00508826,0
4401,0.01805309,0
4402,0.00280700,0
4403,0.00560818,0
4404,0.00552923,0
4405,0.01836546,0
4406,0.00291195,0
4407,0.01530230,0
4408,0.01328235,0
4409,0.00247336,0
4410,0.00387717,0
4411,0.00630726,0
4412,0.00075181,0
4413,0.00290721,0
4414,0.00397501,0
4415,0.01856656,0
4416,0.00488392,0
4417,0.00317198,0
4418,0.00077168,0
4419,0.00621037,0
4420,0.00276213,0
4421,0.00566511,0
4422,0.00916265,0
4423,0.00242162,0
4424,0.00313890,0
4425,0.01906934,0
4426,0.00299415,0
4427,0.01395781,0
4428,0.01003197,0
4429,0.00273147,0
4430,0.00425235,0
4431,0.02011716,0
4432,0.00312161,0
4433,0.00394810,0
4434,0.00361634,0
4435,0.00226914,0
4436,0.00412824,0
4437,0.01571627,0
4438,0.00216280,0
4439,0.00540036,0
4440,0.01401426,0
4441,0.00196190,0
4442,0.00124055,0
4443,0.02340998,0
4444,0.00269432,0
4445,0.00327757,0
4446,0.02683036,0
4447,0.01061491,0
4448,0.00266217,0
4449,0.01008057,0
4450,0.01287331,0
4451,0.00219921,0
4452,0.02111836,0
4453,0.00530392,0
4454,0.00222247,0
4455,0.00499229,0
4456,0.01016488,0
4457,0.00317952,0
4458,0.02816066,0
4459,0.00489031,0
4460,0.01812998,0
4461,0.00268103,0
4462,0.00564548,0
4463,0.00567259,0
4464,0.01734532,0
4465,0.00284347,0
4466,0.01284796,0
4467,0.01310781,0
4468,0.00256538,0
4469,0.00377670,0
4470,0.00653844,0
4471,0.00071511,0
4472,0.00301106,0
4473,0.00407806,0
4474,0.01823788,0
4475,0.00458587,0
4476,0.00318467,0
4477,0.00072498,0
4478,0.00680202,0
4479,0.00281489,0
4480,0.00570712,0
4481,0.00935517,0
4482,0.00222018,0
4483,0.00301294,0
4484,0.01919808,0
4485,0.00303562,0
4486,0.01378622,0
4487,0.00967231,0
4488,0.00275670,0
4489,0.00425187,0
4490,0.01898427,0
4491,0.00298159,0
4492,0.00400263,0
4493,0.00335518,0
4494,0.00236900,0
4495,0.00408977,0
4496,0.01498922,0
4497,0.00212760,0
4498,0.00557071,0
4499,0.01387806,0
4500,0.00204591,0
4501,0.00133390,0
4502,0.02205226,0
4503,0.00297798,0
4504,0.00330131,0
4505,0.02787075,0
4506,0.01115697,0
4507,0.00266873,0
4508,0.01013367,0
4509,0.01271311,0
4510,0.00222830,0
4511,0.02151388,0
4512,0.00533125,0
4513,0.00219823,0
4514,0.00497602,0
4515,0.01078491,0
4516,0.00303018,0
4517,0.02788616,0
4518,0.00489046,0
4519,0.01977911,0
4520,0.00262976,0
4521,0.00577432,0
4522,0.00541963,0
4523,0.01632120,0
4524,0.00291779,0
4525,0.01018377,0
4526,0.01403492,0
4527,0.00263940,0
4528,0.00344024,0
4529,0.00665518,0
4530,0.00070940,0
4531,0.00287480,0
4532,0.00401363,0
4533,0.02002798,0
4534,0.00462663,0
4535,0.00294103,0
4536,0.00077379,0
4537,0.00667495,0
4538,0.00268835,0
4539,0.00540268,0
4540,0.00842313,0
4541,0.00248225,0
4542,0.00292388,0
4543,0.01915375,0
4544,0.00303311,0
4545,0.01508642,0
4546,0.01009612,0
4547,0.00280286,0
4548,0.00439576,0
4549,0.01857622,0
4550,0.00304640,0
4551,0.00386035,0
4552,0.00330128,0
4553,0.00245376,0
4554,0.00438415,0
4555,0.01506566,0
4556,0.00210507,0
4557,0.00559530,0
4558,0.01408882,0
4559,0.00182225,0
4560,0.00123418,0
4561,0.02385946,0
4562,0.00273405,0
4563,0.00316048,0
4564,0.02662840,0
4565,0.01073112,0
4566,0.00258808,0
4567,0.01030239,0
4568,0.01390844,0
4569,0.00223505,0
4570,0.02095011,0
4571,0.00489062,0
4572,0.00211210,0
4573,0.00520093,0
4574,0.01040798,0
4575,0.00305573,0
4576,0.02922971,0
4577,0.00451946,0
4578,0.02032479,0
4579,0.00249966,0
4580,0.00578666,0
4581,0.00559034,0
4582,0.01779217,0
4583,0.00268280,0
4584,0.01016116,0
4585,0.01322327,0
4586,0.00255552,0
4587,0.00348252,0
4588,0.00644794,0
4589,0.00070709,0
4590,0.00281705,0
4591,0.00388767,0
4592,0.01942680,0
4593,0.00445567,0
4594,0.00291409,0
4595,0.00074572,0
4596,0.00626645,0
4597,0.00291482,0
4598,0.00563828,0
4599,0.00926213,0
4600,0.00245814,0
4601,0.00284722,0
4602,0.01854283,0
4603,0.00306673,0
4604,0.01298318,0
4605,0.01026679,0
4606,0.00256444,0
4607,0.00404031,0
4608,0.01962588,0
4609,0.00290599,0
4610,0.00401345,0
4611,0.00311936,0
4612,0.00263124,0
4613,0.00426585,0
4614,0.01450087,0
4615,0.00185556,0
4616,0.00582257,0
4617,0.01347643,0
4618,0.00193664,0
4619,0.00130260,0
4620,0.02379508,0
4621,0.00252722,0
4622,0.00319350,0
4623,0.02626589,0
4624,0.01082189,0
4625,0.00235333,0
4626,0.01048090,0
4627,0.01298525,0
4628,0.00208825,0
4629,0.02156487,0
4630,0.00534673,0
4631,0.00209653,0
4632,0.00530876,0
4633,0.00988269,0
4634,0.00297683,0
4635,0.02800026,0
4636,0.00540287,0
4637,0.02672537,0
4638,0.00253296,0
4639,0.00503680,0
4640,0.00577485,0
4641,0.01555821,0
4642,0.00270338,0
4643,0.01172220,0
4644,0.01217000,0
4645,0.00247476,0
4646,0.00362673,0
4647,0.00619377,0
4648,0.00064789,0
4649,0.00263084,0
4650,0.00422699,0
4651,0.01678051,0
4652,0.00432571,0
4653,0.00298732,0
4654,0.00071360,0
4655,0.00612483,0
4656,0.00275535,0
4657,0.00564101,0
4658,0.00930432,0
4659,0.00240000,0
4660,0.00280227,0
4661,0.01767790,0
4662,0.00295356,0
4663,0.01214453,0
4664,0.00986727,0
4665,0.00257199,0
4666,0.00405031,0
4667,0.02033173,0
4668,0.00284711,0
4669,0.00379148,0
4670,0.00353586,0
4671,0.00231501,0
4672,0.00419418,0
4673,0.01617758,0
4674,0.00199610,0
4675,0.00604940,0
4676,0.01360382,0
4677,0.00188907,0
4678,0.00127355,0
4679,0.02251987,0
4680,0.00258429,0
4681,0.00322573,0
4682,0.02712433,0
4683,0.01064079,0
4684,0.00241962,0
4685,0.01042537,0
4686,0.01302099,0
4687,0.00219899,0
4688,0.02057477,0
4689,0.00519277,0
4690,0.00214110,0
4691,0.00477193,0
4692,0.01143957,0
4693,0.00304210,0
4694,0.02667257,0
4695,0.00498999,0
4696,0.01818523,0
4697,0.00257455,0
4698,0.00571162,0
4699,0.00545030,0
4700,0.01624626,0
4701,0.00283179,0
4702,0.01127215,0
4703,0.01331081,0
4704,0.00238528,0
4705,0.00357391,0
4706,0.00665757,0
4707,0.00065618,0
4708,0.00281032,0
4709,0.00411990,0
4710,0.01853329,0
4711,0.00432856,0
4712,0.00295957,0
4713,0.00079836,0
4714,0.00634641,0
4715,0.00268125,0
4716,0.00553303,0
4717,0.00867564,0
4718,0.00228301,0
4719,0.00270603,0
4720,0.01746009,0
4721,0.00287075,0
4722,0.01353683,0
4723,0.00971055,0
4724,0.00254508,0
4725,0.00384351,0
4726,0.01979160,0
4727,0.00283471,0
4728,0.00390506,0
4729,0.00361109,0
4730,0.00225749,0
4731,0.00405852,0
4732,0.01588516,0
4733,0.00193202,0
4734,0.00559935,0
4735,0.01484643,0
4736,0.00174878,0
4737,0.00127544,0
4738,0.02220988,0
4739,0.00285741,0
4740,0.00323647,0
4741,0.02586907,0
4742,0.01022055,0
4743,0.00228149,0
4744,0.01033681,0
4745,0.01434126,0
4746,0.00209029,0
4747,0.02157091,0
4748,0.00467125,0
4749,0.00208135,0
4750,0.00490219,0
4751,0.01058900,0
4752,0.00316370,0
4753,0.02906505,0
4754,0.00480491,0
4755,0.01762062,0
4756,0.00258638,0
4757,0.00596612,0
4758,0.00588611,0
4759,0.01705955,0
4760,0.00265169,0
4761,0.01295790,0
4762,0.01322395,0
4763,0.00236396,0
4764,0.00365535,0
4765,0.00636200,0
4766,0.00081158,0
4767,0.00261958,0
4768,0.00431624,0
4769,0.01853414,0
4770,0.00405742,0
4771,0.00285318,0
4772,0.00079040,0
4773,0.00666815,0
4774,0.00256718,0
4775,0.00590913,0
4776,0.00937367,0
4777,0.00225691,0
4778,0.00269025,0
4779,0.01880027,0
4780,0.00290447,0
4781,0.01259854,0
4782,0.01010508,0
4783,0.00254790,0
4784,0.00413780,0
4785,0.01932223,0
4786,0.00282275,0
4787,0.00388830,0
4788,0.00357031,0
4789,0.00238161,0
4790,0.00409864,0
4791,0.01636624,0
4792,0.00183063,0
4793,0.00604307,0
4794,0.01383080,0
4795,0.00184770,0
4796,0.00140348,0
4797,0.02204998,0
4798,0.00254998,0
4799,0.00284727,0
4800,0.02532734,0
4801,0.01097243,0
4802,0.00250443,0
4803,0.01038278,0
4804,0.01369546,0
4805,0.00207529,0
4806,0.02242919,0
4807,0.00484344,0
4808,0.00208453,0
4809,0.00500922,0
4810,0.00978774,0
4811,0.00277639,0
4812,0.02709353,0
4813,0.00472076,0
4814,0.01817796,0
4815,0.00253438,0
4816,0.00592095,0
4817,0.00543887,0
4818,0.01723284,0
4819,0.00243692,0
4820,0.01198722,0
4821,0.01424255,0
4822,0.00234263,0
4823,0.00375972,0
4824,0.00679688,0
4825,0.00072652,0
4826,0.00265145,0
4827,0.00429532,0
4828,0.01660551,0
4829,0.00407068,0
4830,0.00261495,0
4831,0.00080587,0
4832,0.00621454,0
4833,0.00259041,0
4834,0.00630004,0
4835,0.00822506,0
4836,0.00226641,0
4837,0.00285266,0
4838,0.01883659,0
4839,0.00284329,0
4840,0.01375600,0
4841,0.00901060,0
4842,0.00237537,0
4843,0.00396422,0
4844,0.01974084,0
4845,0.00262357,0
4846,0.00379156,0
4847,0.00378212,0
4848,0.00211330,0
4849,0.00414055,0
4850,0.01669076,0
4851,0.00183563,0
4852,0.00590838,0
4853,0.01297290,0
4854,0.00169242,0
4855,0.00128758,0
4856,0.02202181,0
4857,0.00255744,0
4858,0.00280159,0
4859,0.02668692,0
4860,0.01046745,0
4861,0.00217048,0
4862,0.00987164,0
4863,0.01366150,0
4864,0.00208119,0
4865,0.02226864,0
4866,0.00492669,0
4867,0.00205449,0
4868,0.00517902,0
4869,0.01103562,0
4870,0.00292055,0
4871,0.03049640,0
4872,0.00483328,0
4873,0.01989220,0
4874,0.00242820,0
4875,0.00547158,0
4876,0.00538010,0
4877,0.01682702,0
4878,0.00261760,0
4879,0.01222194,0
4880,0.01325109,0
4881,0.00219957,0
4882,0.00363767,0
4883,0.00670612,0
4884,0.00070361,0
4885,0.00262984,0
4886,0.00441742,0
4887,0.01658777,0
4888,0.00415897,0
4889,0.00271278,0
4890,0.00071764,0
4891,0.00640618,0
4892,0.00242713,0
4893,0.00588167,0
4894,0.00793179,0
4895,0.00223224,0
4896,0.00286370,0
4897,0.01961216,0
4898,0.00278580,0
4899,0.01353708,0
4900,0.00858940,0
4901,0.00222946,0
4902,0.00438748,0
4903,0.01961066,0
4904,0.00262887,0
4905,0.00397392,0
4906,0.00374611,0
4907,0.00214243,0
4908,0.00425473,0
4909,0.01545805,0
4910,0.00188826,0
4911,0.00565380,0
4912,0.01317374,0
4913,0.00185728,0
4914,0.00124357,0
4915,0.02122905,0
4916,0.00268369,0
4917,0.00285162,0
4918,0.02677160,0
4919,0.01034542,0
4920,0.00229838,0
4921,0.01046342,0
4922,0.01416075,0
4923,0.00208875,0
4924,0.02273263,0
4925,0.00459708,0
4926,0.00199359,0
4927,0.00503499,0
4928,0.01038774,0
4929,0.00262091,0
4930,0.03029631,0
4931,0.00486631,0
4932,0.01763958,0
4933,0.00246205,0
4934,0.00574420,0
4935,0.00595376,0
4936,0.01641790,0
4937,0.00242776,0
4938,0.01240330,0
4939,0.01301835,0
4940,0.00213117,0
4941,0.00329839,0
4942,0.00705847,0
4943,0.00077522,0
4944,0.00244847,0
4945,0.00410092,0
4946,0.01770434,0
4947,0.00391910,0
4948,0.00258486,0
4949,0.00073151,0
4950,0.00611759,0
4951,0.00244123,0
4952,0.00628221,0
4953,0.00795807,0
4954,0.00221911,0
4955,0.00290615,0
4956,0.01801056,0
4957,0.00275586,0
4958,0.01263080,0
4959,0.00881595,0
4960,0.00228337,0
4961,0.00405492,0
4962,0.01867582,0
4963,0.00256648,0
4964,0.00394271,0
4965,0.00381102,0
4966,0.00210212,0
4967,0.00397583,0
4968,0.01573623,0
4969,0.00181205,0
4970,0.00556340,0
4971,0.01317521,0
4972,0.00171692,0
4973,0.00133021,0
4974,0.02324257,0
4975,0.00253452,0
4976,0.00292008,0
4977,0.02528828,0
4978,0.01009980,0
4979,0.00215088,0
4980,0.01026449,0
4981,0.01342367,0
4982,0.00208126,0
4983,0.02108573,0
4984,0.00471671,0
4985,0.00203138,0
4986,0.00531078,0
4987,0.01088855,0
4988,0.00263389,0
4989,0.03093918,0
4990,0.00524726,0
4991,0.02043961,0
4992,0.00230123,0
4993,0.00560224,0
4994,0.00548464,0
4995,0.01692098,0
4996,0.00250118,0
4997,0.01195994,0
4998,0.01412935,0
4999,0.00220253,0
5000,0.00358837,0
5001,0.00676696,0
5002,0.00082617,0
5003,0.00244662,0
5004,0.00397921,0
5005,0.01783898,0
5006,0.00418911,0
5007,0.00272155,0
5008,0.00069559,0
5009,0.00635961,0
5010,0.00241504,0
5011,0.00588746,0
5012,0.00834433,0
5013,0.00228339,0
5014,0.00323953,0
5015,0.02000831,0
5016,0.00284225,0
5017,0.01365398,0
5018,0.00931847,0
5019,0.00242586,0
5020,0.00417614,0
5021,0.01992744,0
5022,0.00266478,0
5023,0.00401330,0
5024,0.00343698,0
5025,0.00221372,0
5026,0.00399194,0
5027,0.01531246,0
5028,0.00177091,0
5029,0.00589151,0
5030,0.01280227,0
5031,0.00176690,0
5032,0.00132483,0
5033,0.03007417,0
5034,0.00249526,0
5035,0.00273885,0
5036,0.02670971,0
5037,0.00988236,0
5038,0.00216507,0
5039,0.00997600,0
5040,0.01395171,0
5041,0.00205580,0
5042,0.02144579,0
5043,0.00525328,0
5044,0.00192713,0
5045,0.00529794,0
5046,0.01085454,0
5047,0.00270569,0
5048,0.03055762,0
5049,0.00497908,0
5050,0.01962488,0
5051,0.00236249,0
5052,0.00579379,0
5053,0.00536362,0
5054,0.01706658,0
5055,0.00243865,0
5056,0.01295093,0
5057,0.01305251,0
5058,0.00219783,0
5059,0.00378010,0
5060,0.00664945,0
5061,0.00073489,0
5062,0.00235626,0
5063,0.00390442,0
5064,0.01731634,0
5065,0.00405540,0
5066,0.00264937,0
5067,0.00071663,0
5068,0.00601088,0
5069,0.00241867,0
5070,0.00593211,0
5071,0.00872137,0
5072,0.00212550,0
5073,0.00290435,0
5074,0.01865127,0
5075,0.00281317,0
5076,0.01383909,0
5077,0.00998860,0
5078,0.00230920,0
5079,0.00422194,0
5080,0.01933269,0
5081,0.00290168,0
5082,0.00413250,0
5083,0.00368243,0
5084,0.00208019,0
5085,0.00405303,0
5086,0.01546797,0
5087,0.00182376,0
5088,0.00584046,0
5089,0.01449932,0
5090,0.00178458,0
5091,0.00135254,0
5092,0.02444822,0
5093,0.00255307,0
5094,0.00284261,0
5095,0.02604842,0
5096,0.00988392,0
5097,0.00218029,0
5098,0.01042802,0
5099,0.01383886,0
5100,0.00201553,0
5101,0.02318533,0
5102,0.00476563,0
5103,0.00190324,0
5104,0.00536072,0
5105,0.01106754,0
5106,0.00268258,0
5107,0.02924679,0
5108,0.00463122,0
5109,0.02083890,0
5110,0.00244382,0
5111,0.00601876,0
5112,0.00590816,0
5113,0.01518526,0
5114,0.00241924,0
5115,0.01247470,0
5116,0.01234118,0
5117,0.00231606,0
5118,0.00370288,0
5119,0.00692699,0
5120,0.00079787,0
5121,0.00246633,0
5122,0.00429446,0
5123,0.01722826,0
5124,0.00398736,0
5125,0.00279723,0
5126,0.00076687,0
5127,0.00619081,0
5128,0.00247755,0
5129,0.00605844,0
5130,0.00968198,0
5131,0.00221831,0
5132,0.00310414,0
5133,0.01901840,0
5134,0.00291555,0
5135,0.01325807,0
5136,0.00997200,0
5137,0.00242360,0
5138,0.00427362,0
5139,0.01921035,0
5140,0.00293767,0
5141,0.00412828,0
5142,0.00356414,0
5143,0.00227390,0
5144,0.00406498,0
5145,0.01481026,0
5146,0.00189984,0
5147,0.00618489,0
5148,0.01232147,0
5149,0.00187262,0
5150,0.00127591,0
5151,0.02228201,0
5152,0.00267155,0
5153,0.00289125,0
5154,0.02743685,0
5155,0.00975248,0
5156,0.00225953,0
5157,0.01015503,0
5158,0.01365166,0
5159,0.00205648,0
5160,0.02218686,0
5161,0.00500713,0
5162,0.00196785,0
5163,0.00525946,0
5164,0.00982189,0
5165,0.00272708,0
5166,0.03084416,0
5167,0.00474828,0
5168,0.01873570,0
5169,0.00238626,0
5170,0.00591248,0
5171,0.00608322,0
5172,0.01546193,0
5173,0.00240209,0
5174,0.01191537,0
5175,0.01207889,0
5176,0.00229142,0
5177,0.00348903,0
5178,0.00659737,0
5179,0.00075865,0
5180,0.00269377,0
5181,0.00417948,0
5182,0.01777393,0
5183,0.00383777,0
5184,0.00283986,0
5185,0.00071349,0
5186,0.00603062,0
5187,0.00283864,0
5188,0.00622236,0
5189,0.00943856,0
5190,0.00241385,0
5191,0.00313884,0
5192,0.02075406,0
5193,0.00309643,0
5194,0.01375376,0
5195,0.01038854,0
5196,0.00268372,0
5197,0.00433217,0
5198,0.01892385,0
5199,0.00303628,0
5200,0.00408728,0
5201,0.00341051,0
5202,0.00244617,0
5203,0.00415069,0
5204,0.01508766,0
5205,0.00198378,0
5206,0.00646262,0
5207,0.01291554,0
5208,0.00189582,0
5209,0.00143272,0
5210,0.02195303,0
5211,0.00273741,0
5212,0.00287019,0
5213,0.02543002,0
5214,0.01078106,0
5215,0.00244873,0
5216,0.01048604,0
5217,0.01387063,0
5218,0.00205038,0
5219,0.02106695,0
5220,0.00456165,0
5221,0.00201434,0
5222,0.00539953,0
5223,0.00939529,0
5224,0.00278025,0
5225,0.02955442,0
5226,0.00482987,0
5227,0.02154284,0
5228,0.00265687,0
5229,0.00602006,0
5230,0.00559521,0
5231,0.01462739,0
5232,0.00256802,0
5233,0.01325696,0
5234,0.01332347,0
5235,0.00236714,0
5236,0.00358572,0
5237,0.00650593,0
5238,0.00074992,0
5239,0.00263149,0
5240,0.00396713,0
5241,0.01754389,0
5242,0.00407415,0
5243,0.00288620,0
5244,0.00079812,0
5245,0.00525969,0
5246,0.00250775,0
5247,0.00624276,0
5248,0.00802952,0
5249,0.00229671,0
5250,0.00292207,0
5251,0.01768294,0
5252,0.00307612,0
5253,0.01335038,0
5254,0.00951004,0
5255,0.00274189,0
5256,0.00476465,0
5257,0.01935890,0
5258,0.00314418,0
5259,0.00412595,0
5260,0.00362879,0
5261,0.00258529,0
5262,0.00430187,0
5263,0.01465724,0
5264,0.00206418,0
5265,0.00637037,0
5266,0.01284490,0
5267,0.00196196,0
5268,0.00146114,0
5269,0.02249961,0
5270,0.00261317,0
5271,0.00307292,0
5272,0.02866612,0
5273,0.01026326,0
5274,0.00251674,0
5275,0.01097820,0
5276,0.01282317,0
5277,0.00218416,0
5278,0.02196410,0
5279,0.00450257,0
5280,0.00207621,0
5281,0.00526660,0
5282,0.01059765,0
5283,0.00297116,0
5284,0.03271314,0
5285,0.00481750,0
5286,0.02050288,0
5287,0.00253879,0
5288,0.00576764,0
5289,0.00538813,0
5290,0.01561665,0
5291,0.00275308,0
5292,0.01348066,0
5293,0.01237076,0
5294,0.00251632,0
5295,0.00380572,0
5296,0.00629207,0
5297,0.00074797,0
5298,0.00274587,0
5299,0.00429411,0
5300,0.01800576,0
5301,0.00382412,0
5302,0.00302267,0
5303,0.00086452,0
5304,0.00584710,0
5305,0.00265255,0
5306,0.00601237,0
5307,0.00891385,0
5308,0.00240543,0
5309,0.00325378,0
5310,0.02119981,0
5311,0.00318996,0
5312,0.01362654,0
5313,0.01010933,0
5314,0.00277349,0
5315,0.00441530,0
5316,0.01976580,0
5317,0.00313474,0
5318,0.00406535,0
5319,0.00369166,0
5320,0.00248046,0
5321,0.00442807,0
5322,0.01795977,0
5323,0.00212824,0
5324,0.00629654,0
5325,0.01318713,0
5326,0.00198100,0
5327,0.00143751,0
5328,0.02108869,0
5329,0.00287730,0
5330,0.00303206,0
5331,0.02661126,0
5332,0.01042877,0
5333,0.00251951,0
5334,0.01152076,0
5335,0.01263774,0
5336,0.00237386,0
5337,0.02251057,0
5338,0.00482080,0
5339,0.00216583,0
5340,0.00519494,0
5341,0.01110235,0
5342,0.00312011,0
5343,0.03278104,0
5344,0.00498933,0
5345,0.01900539,0
5346,0.00264464,0
5347,0.00587052,0
5348,0.00552465,0
5349,0.01702258,0
5350,0.00262951,0
5351,0.01203241,0
5352,0.01375465,0
5353,0.00263655,0
5354,0.00385361,0
5355,0.00645858,0
5356,0.00082973,0
5357,0.00271322,0
5358,0.00423115,0
5359,0.01775993,0
5360,0.00405284,0
5361,0.00290814,0
5362,0.00082159,0
5363,0.00567855,0
5364,0.00242317,0
5365,0.00602656,0
5366,0.00883187,0
5367,0.00248889,0
5368,0.00330298,0
5369,0.02320828,0
5370,0.00327391,0
5371,0.01305736,0
5372,0.01008795,0
5373,0.00291100,0
5374,0.00479039,0
5375,0.01997119,0
5376,0.00304012,0
5377,0.00416993,0
5378,0.00370039,0
5379,0.00261295,0
5380,0.00466212,0
5381,0.01673906,0
5382,0.00209216,0
5383,0.00663503,0
5384,0.01428134,0
5385,0.00197786,0
5386,0.00139396,0
5387,0.02288623,0
5388,0.00267185,0
5389,0.00303823,0
5390,0.02860159,0
5391,0.01021555,0
5392,0.00250758,0
5393,0.01072751,0
5394,0.01314968,0
5395,0.00243450,0
5396,0.02180221,0
5397,0.00518201,0
5398,0.00219053,0
5399,0.00560307,0
5400,0.01078972,0
5401,0.00307820,0
5402,0.03309819,0
5403,0.00501869,0
5404,0.02646776,0
5405,0.00259069,0
5406,0.00617804,0
5407,0.00613117,0
5408,0.01541494,0
5409,0.00268375,0
5410,0.01333757,0
5411,0.01329793,0
5412,0.00259833,0
5413,0.00407740,0
5414,0.00656132,0
5415,0.00070072,0
5416,0.00277940,0
5417,0.00436784,0
5418,0.01790763,0
5419,0.00409678,0
5420,0.00302359,0
5421,0.00080652,0
5422,0.00637159,0
5423,0.00263099,0
5424,0.00652393,0
5425,0.00955643,0
5426,0.00241909,0
5427,0.00329614,0
5428,0.02258705,0
5429,0.00307184,0
5430,0.01284270,0
5431,0.01066269,0
5432,0.00274343,0
5433,0.00453853,0
5434,0.01944329,0
5435,0.00300590,0
5436,0.00413960,0
5437,0.00373542,0
5438,0.00236938,0
5439,0.00444873,0
5440,0.01732269,0
5441,0.00206474,0
5442,0.00671144,0
5443,0.01287874,0
5444,0.00195585,0
5445,0.00149260,0
5446,0.02374871,0
5447,0.00254170,0
5448,0.00305922,0
5449,0.02706294,0
5450,0.01030858,0
5451,0.00241881,0
5452,0.01123225,0
5453,0.01338282,0
5454,0.00230601,0
5455,0.02208006,0
5456,0.00494591,0
5457,0.00203196,0
5458,0.00545140,0
5459,0.01102131,0
5460,0.00293278,0
5461,0.03443999,0
5462,0.00526675,0
5463,0.02513899,0
5464,0.00259562,0
5465,0.00642292,0
5466,0.00583424,0
5467,0.01749122,0
5468,0.00276144,0
5469,0.01311634,0
5470,0.01311723,0
5471,0.00243232,0
5472,0.00404018,0
5473,0.00649847,0
5474,0.00073608,0
5475,0.00281855,0
5476,0.00448901,0
5477,0.01879374,0
5478,0.00421462,0
5479,0.00283013,0
5480,0.00079694,0
5481,0.00593920,0
5482,0.00254766,0
5483,0.00617402,0
5484,0.00837346,0
5485,0.00243183,0
5486,0.00324453,0
5487,0.02304768,0
5488,0.00321880,0
5489,0.01252391,0
5490,0.01126697,0
5491,0.00273520,0
5492,0.00436185,0
5493,0.01991351,0
5494,0.00307880,0
5495,0.00424668,0
5496,0.00380644,0
5497,0.00240926,0
5498,0.00444461,0
5499,0.01763764,0
5500,0.00193265,0
5501,0.00658964,0
5502,0.01257832,0
5503,0.00173275,0
5504,0.00145208,0
5505,0.02477869,0
5506,0.00263271,0
5507,0.00295647,0
5508,0.02623262,0
5509,0.01028763,0
5510,0.00233357,0
5511,0.01113964,0
5512,0.01373741,0
5513,0.00235261,0
5514,0.02320925,0
5515,0.00512870,0
5516,0.00211996,0
5517,0.00507001,0
5518,0.01184672,0
5519,0.00298561,0
5520,0.03562245,0
5521,0.00511401,0
5522,0.02122027,0
5523,0.00265800,0
5524,0.00606587,0
5525,0.00517751,0
5526,0.01493645,0
5527,0.00256952,0
5528,0.01245588,0
5529,0.01311417,0
5530,0.00242610,0
5531,0.00421048,0
5532,0.00680200,0
5533,0.00074994,0
5534,0.00273877,0
5535,0.00457139,0
5536,0.01925590,0
5537,0.00398755,0
5538,0.00285743,0
5539,0.00091711,0
5540,0.00616748,0
5541,0.00246430,0
5542,0.00657414,0
5543,0.00900877,0
5544,0.00251759,0
5545,0.00329822,0
5546,0.02302972,0
5547,0.00303394,0
5548,0.01414998,0
5549,0.01061159,0
5550,0.00268603,0
5551,0.00466955,0
5552,0.01929755,0
5553,0.00284164,0
5554,0.00409013,0
5555,0.00352663,0
5556,0.00217531,0
5557,0.00430330,0
5558,0.01701717,0
5559,0.00180724,0
5560,0.00605863,0
5561,0.01224958,0
5562,0.00176478,0
5563,0.00135438,0
5564,0.02251206,0
5565,0.00275455,0
5566,0.00267426,0
5567,0.02679932,0
5568,0.01020706,0
5569,0.00231101,0
5570,0.01072732,0
5571,0.01343555,0
5572,0.00215985,0
5573,0.02271898,0
5574,0.00488176,0
5575,0.00201299,0
5576,0.00526922,0
5577,0.01070619,0
5578,0.00269684,0
5579,0.03362113,0
5580,0.00512277,0
5581,0.02400426,0
5582,0.00240552,0
5583,0.00628643,0
5584,0.00580160,0
5585,0.01549047,0
5586,0.00258969,0
5587,0.01401987,0
5588,0.01225000,0
5589,0.00229551,0
5590,0.00421204,0
5591,0.00652146,0
5592,0.00074496,0
5593,0.00272180,0
5594,0.00455139,0
5595,0.01767115,0
5596,0.00411941,0
5597,0.00262975,0
5598,0.00088137,0
5599,0.00558870,0
5600,0.00243033,0
5601,0.00682171,0
5602,0.00964609,0
5603,0.00223344,0
5604,0.00334989,0
5605,0.02341525,0
5606,0.00300509,0
5607,0.01332372,0
5608,0.01062565,0
5609,0.00251198,0
5610,0.00479877,0
5611,0.01967410,0
5612,0.00273113,0
5613,0.00424895,0
5614,0.00354908,0
5615,0.00222916,0
5616,0.00442188,0
5617,0.01703458,0
5618,0.00188521,0
5619,0.00664670,0
5620,0.01133532,0
5621,0.00169747,0
5622,0.00139253,0
5623,0.02372007,0
5624,0.00256928,0
5625,0.00258306,0
5626,0.02693253,0
5627,0.00954222,0
5628,0.00222340,0
5629,0.01097968,0
5630,0.01375910,0
5631,0.00229572,0
5632,0.02240930,0
5633,0.00484053,0
5634,0.00185954,0
5635,0.00526092,0
5636,0.01112232,0
5637,0.00271550,0
5638,0.03174516,0
5639,0.00484865,0
5640,0.02447163,0
5641,0.00252205,0
5642,0.00680605,0
5643,0.00515228,0
5644,0.01706386,0
5645,0.00246448,0
5646,0.01494773,0
5647,0.01367889,0
5648,0.00233285,0
5649,0.00429457,0
5650,0.00635398,0
5651,0.00088312,0
5652,0.00262718,0
5653,0.00463855,0
5654,0.01820278,0
5655,0.00412232,0
5656,0.00273143,0
5657,0.00090828,0
5658,0.00544229,0
5659,0.00252537,0
5660,0.00670501,0
5661,0.01029013,0
5662,0.00229216,0
5663,0.00333604,0
5664,0.02247536,0
5665,0.00306398,0
5666,0.01385507,0
5667,0.00973741,0
5668,0.00250562,0
5669,0.00468828,0
5670,0.02020688,0
5671,0.00280094,0
5672,0.00443327,0
5673,0.00361479,0
5674,0.00228994,0
5675,0.00441101,0
5676,0.01811653,0
5677,0.00180211,0
5678,0.00608397,0
5679,0.01272608,0
5680,0.00181129,0
5681,0.00152015,0
5682,0.02332348,0
5683,0.00256563,0
5684,0.00263287,0
5685,0.02822563,0
5686,0.00961387,0
5687,0.00235628,0
5688,0.01115862,0
5689,0.01339733,0
5690,0.00219545,0
5691,0.02252414,0
5692,0.00514614,0
5693,0.00199990,0
5694,0.00492275,0
5695,0.01149109,0
5696,0.00295267,0
5697,0.03612095,0
5698,0.00521354,0
5699,0.01893763,0
5700,0.00237322,0
5701,0.00653325,0
5702,0.00557905,0
5703,0.01553728,0
5704,0.00258599,0
5705,0.01340010,0
5706,0.01330108,0
5707,0.00218671,0
5708,0.00403230,0
5709,0.00671139,0
5710,0.00079090,0
5711,0.00270915,0
5712,0.00440332,0
5713,0.01757185,0
5714,0.00401519,0
5715,0.00270893,0
5716,0.00085720,0
5717,0.00548052,0
5718,0.00236208,0
5719,0.00632549,0
5720,0.00778330,0
5721,0.00214204,0
5722,0.00308239,0
5723,0.02116290,0
5724,0.00275058,0
5725,0.01255075,0
5726,0.00958218,0
5727,0.00233237,0
5728,0.00439196,0
5729,0.01950433,0
5730,0.00252629,0
5731,0.00435865,0
5732,0.00342298,0
5733,0.00214725,0
5734,0.00421579,0
5735,0.01707275,0
5736,0.00187159,0
5737,0.00573768,0
5738,0.01181232,0
5739,0.00174911,0
5740,0.00144340,0
5741,0.02169005,0
5742,0.00246852,0
5743,0.00283049,0
5744,0.02832272,0
5745,0.00926673,0
5746,0.00228473,0
5747,0.01091869,0
5748,0.01310295,0
5749,0.00203041,0
5750,0.02156740,0
5751,0.00472808,0
5752,0.00181730,0
5753,0.00508315,0
5754,0.01089320,0
5755,0.00279914,0
5756,0.03457776,0
5757,0.00508773,0
5758,0.02096303,0
5759,0.00236181,0
5760,0.00654129,0
5761,0.00541393,0
5762,0.01634927,0
5763,0.00246615,0
5764,0.01292562,0
5765,0.01193890,0
5766,0.00215378,0
5767,0.00386276,0
5768,0.00622316,0
5769,0.00085546,0
5770,0.00238942,0
5771,0.00422203,0
5772,0.01693030,0
5773,0.00443736,0
5774,0.00273929,0
5775,0.00085311,0
5776,0.00521695,0
5777,0.00223764,0
5778,0.00589104,0
5779,0.00902808,0
5780,0.00215120,0
5781,0.00335058,0
5782,0.02110410,0
5783,0.00270598,0
5784,0.01417512,0
5785,0.00955107,0
5786,0.00249918,0
5787,0.00452891,0
5788,0.01936842,0
5789,0.00264945,0
5790,0.00409172,0
5791,0.00346667,0
5792,0.00211885,0
5793,0.00437635,0
5794,0.01607611,0
5795,0.00173054,0
5796,0.00637510,0
5797,0.01175593,0
5798,0.00171292,0
5799,0.00141084,0
5800,0.02702412,0
5801,0.00241811,0
5802,0.00251936,0
5803,0.02856354,0
5804,0.00995389,0
5805,0.00225348,0
5806,0.01074645,0
5807,0.01280547,0
5808,0.00198779,0
5809,0.02212813,0
5810,0.00466992,0
5811,0.00177721,0
5812,0.00506132,0
5813,0.01121042,0
5814,0.00257469,0
5815,0.03566361,0
5816,0.00521108,0
5817,0.02716956,0
5818,0.00234703,0
5819,0.00707444,0
5820,0.00525608,0
5821,0.01606461,0
5822,0.00242439,0
5823,0.01428036,0
5824,0.01291576,0
5825,0.00210261,0
5826,0.00407420,0
5827,0.00665755,0
5828,0.00072323,0
5829,0.00250390,0
5830,0.00443311,0
5831,0.01545394,0
5832,0.00429799,0
5833,0.00252611,0
5834,0.00087558,0
5835,0.00566405,0
5836,0.00230920,0
5837,0.00607407,0
5838,0.00872174,0
5839,0.00206377,0
5840,0.00318867,0
5841,0.01919423,0
5842,0.00273782,0
5843,0.01427887,0
5844,0.00942136,0
5845,0.00238352,0
5846,0.00461929,0
5847,0.01993654,0
5848,0.00271735,0
5849,0.00432439,0
5850,0.00349705,0
5851,0.00217489,0
5852,0.00426435,0
5853,0.01606687,0
5854,0.00170429,0
5855,0.00671037,0
5856,0.01190257,0
5857,0.00175415,0
5858,0.00140435,0
5859,0.02371558,0
5860,0.00240042,0
5861,0.00242834,0
5862,0.02669424,0
5863,0.01039209,0
5864,0.00215407,0
5865,0.01127236,0
5866,0.01235702,0
5867,0.00195779,0
5868,0.02098937,0
5869,0.00490657,0
5870,0.00176870,0
5871,0.00483460,0
5872,0.01046331,0
5873,0.00259488,0
5874,0.03849173,0
5875,0.00534508,0
5876,0.02843387,0
5877,0.00241561,0
5878,0.00640145,0
5879,0.00519149,0
5880,0.01507024,0
5881,0.00245854,0
5882,0.01301711,0
5883,0.01202544,0
5884,0.00220539,0
5885,0.00405549,0
5886,0.00640089,0
5887,0.00068008,0
5888,0.00247835,0
5889,0.00428829,0
5890,0.01653279,0
5891,0.00475230,0
5892,0.00257644,0
5893,0.00087433,0
5894,0.00503988,0
5895,0.00252011,0
5896,0.00610887,0
5897,0.00861599,0
5898,0.00201384,0
5899,0.00327975,0
5900,0.02177103,0
5901,0.00280998,0
5902,0.01329843,0
5903,0.00897131,0
5904,0.00244942,0
5905,0.00463423,0
5906,0.01894395,0
5907,0.00263812,0
5908,0.00428716,0
5909,0.00342246,0
5910,0.00211597,0
5911,0.00408729,0
5912,0.01620825,0
5913,0.00179096,0
5914,0.00620232,0
5915,0.01223597,0
5916,0.00178459,0
5917,0.00146426,0
5918,0.02536728,0
5919,0.00275885,0
5920,0.00261920,0
5921,0.02370815,0
5922,0.01007505,0
5923,0.00231795,0
5924,0.01186849,0
5925,0.01265859,0
5926,0.00222103,0
5927,0.02293008,0
5928,0.00536166,0
5929,0.00184018,0
5930,0.00479302,0
5931,0.01063759,0
5932,0.00269684,0
5933,0.03639942,0
5934,0.00552038,0
5935,0.02107800,0
5936,0.00233503,0
5937,0.00659191,0
5938,0.00518582,0
5939,0.01588030,0
5940,0.00251816,0
5941,0.01167292,0
5942,0.01158412,0
5943,0.00214292,0
5944,0.00398606,0
5945,0.00678387,0
5946,0.00075354,0
5947,0.00248161,0
5948,0.00462586,0
5949,0.01599673,0
5950,0.00441177,0
5951,0.00259508,0
5952,0.00085275,0
5953,0.00644236,0
5954,0.00237636,0
5955,0.00629489,0
5956,0.00808579,0
5957,0.00203080,0
5958,0.00319361,0
5959,0.02013953,0
5960,0.00270998,0
5961,0.01364762,0
5962,0.00919344,0
5963,0.00230519,0
5964,0.00468692,0
5965,0.01830817,0
5966,0.00261529,0
5967,0.00429753,0
5968,0.00342138,0
5969,0.00208815,0
5970,0.00412869,0
5971,0.01638298,0
5972,0.00168001,0
5973,0.00678455,0
5974,0.01126726,0
5975,0.00166574,0
5976,0.00139892,0
5977,0.02326372,0
5978,0.00247077,0
5979,0.00245669,0
5980,0.02562918,0
5981,0.00968177,0
5982,0.00221054,0
5983,0.01110685,0
5984,0.01353091,0
5985,0.00202883,0
5986,0.02042304,0
5987,0.00472719,0
5988,0.00189739,0
5989,0.00489055,0
5990,0.01052515,0
5991,0.00260100,0
5992,0.03457629,0
5993,0.00521776,0
5994,0.02709995,0
5995,0.00230862,0
5996,0.00669735,0
5997,0.00494211,0
5998,0.01592955,0
5999,0.00246781,0
6000,0.01477308,0
6001,0.01185408,0
6002,0.00211092,0
6003,0.00400378,0
6004,0.00669543,0
6005,0.00081042,0
6006,0.00246154,0
6007,0.00440771,0
6008,0.01770528,0
6009,0.00448961,0
6010,0.00251119,0
6011,0.00086876,0
6012,0.00628382,0
6013,0.00236377,0
6014,0.00619899,0
6015,0.00805128,0
6016,0.00205907,0
6017,0.00314597,0
6018,0.02073062,0
6019,0.00289840,0
6020,0.01422626,0
6021,0.00863588,0
6022,0.00231937,0
6023,0.00469719,0
6024,0.01893254,0
6025,0.00258930,0
6026,0.00427322,0
6027,0.00360071,0
6028,0.00206061,0
6029,0.00408257,0
6030,0.01652469,0
6031,0.00171164,0
6032,0.00665465,0
6033,0.01266103,0
6034,0.00174572,0
6035,0.00146622,0
6036,0.02290003,0
6037,0.00248643,0
6038,0.00261531,0
6039,0.02699621,0
6040,0.00945204,0
6041,0.00209546,0
6042,0.01137154,0
6043,0.01341189,0
6044,0.00207168,0
6045,0.02141750,0
6046,0.00504259,0
6047,0.00184950,0
6048,0.00478901,0
6049,0.01063857,0
6050,0.00261148,0
6051,0.03449346,0
6052,0.00527807,0
6053,0.02780977,0
6054,0.00235562,0
6055,0.00573913,0
6056,0.00480291,0
6057,0.01608147,0
6058,0.00256355,0
6059,0.01202952,0
6060,0.01185898,0
6061,0.00219219,0
6062,0.00427417,0
6063,0.00726048,0
6064,0.00077705,0
6065,0.00267120,0
6066,0.00478080,0
6067,0.01739421,0
6068,0.00495315,0
6069,0.00275385,0
6070,0.00087415,0
6071,0.00695075,0
6072,0.00253884,0
6073,0.00646422,0
6074,0.00845219,0
6075,0.00215854,0
6076,0.00346145,0
6077,0.02123725,0
6078,0.00290092,0
6079,0.01350701,0
6080,0.00908184,0
6081,0.00250547,0
6082,0.00478093,0
6083,0.01979336,0
6084,0.00252767,0
6085,0.00411776,0
6086,0.00371676,0
6087,0.00204099,0
6088,0.00401230,0
6089,0.01760825,0
6090,0.00164510,0
6091,0.00674271,0
6092,0.01170968,0
6093,0.00174827,0
6094,0.00155870,0
6095,0.02444110,0
6096,0.00267486,0
6097,0.00252775,0
6098,0.02566892,0
6099,0.00984727,0
6100,0.00212686,0
6101,0.01172976,0
6102,0.01346009,0
6103,0.00212047,0
6104,0.02207610,0
6105,0.00509783,0
6106,0.00183206,0
6107,0.00472271,0
6108,0.01127422,0
6109,0.00257787,0
6110,0.03157482,0
6111,0.00535423,0
6112,0.02974844,0
6113,0.00240833,0
6114,0.00485463,0
6115,0.00467782,0
6116,0.01773819,0
6117,0.00248225,0
6118,0.01275632,0
6119,0.01271167,0
6120,0.00213364,0
6121,0.00403059,0
6122,0.00698078,0
6123,0.00071154,0
6124,0.00248960,0
6125,0.00431653,0
6126,0.01693293,0
6127,0.00464861,0
6128,0.00271996,0
6129,0.00084267,0
6130,0.00591343,0
6131,0.00250635,0
6132,0.00670381,0
6133,0.00803607,0
6134,0.00219276,0
6135,0.00315475,0
6136,0.02054350,0
6137,0.00278802,0
6138,0.01321050,0
6139,0.00910911,0
6140,0.00233035,0
6141,0.00470250,0
6142,0.01743380,0
6143,0.00259475,0
6144,0.00417139,0
6145,0.00360846,0
6146,0.00222643,0
6147,0.00406720,0
6148,0.01769940,0
6149,0.00176494,0
6150,0.00651759,0
6151,0.01185594,0
6152,0.00180542,0
6153,0.00149908,0
6154,0.02134652,0
6155,0.00262685,0
6156,0.00238673,0
6157,0.02614983,0
6158,0.00945003,0
6159,0.00217060,0
6160,0.01146583,0
6161,0.01994330,0
6162,0.00207935,0
6163,0.02265168,0
6164,0.00494151,0
6165,0.00188267,0
6166,0.00511387,0
6167,0.01216974,0
6168,0.00259151,0
6169,0.03458831,0
6170,0.00507036,0
6171,0.02242800,0
6172,0.00242465,0
6173,0.00488929,0
6174,0.00491508,0
6175,0.01566513,0
6176,0.00252695,0
6177,0.01370493,0
6178,0.01291544,0
6179,0.00203579,0
6180,0.00410205,0
6181,0.00714131,0
6182,0.00066753,0
6183,0.00260411,0
6184,0.00430009,0
6185,0.01687530,0
6186,0.00425969,0
6187,0.00273725,0
6188,0.00079608,0
6189,0.00603143,0
6190,0.00223226,0
6191,0.00604863,0
6192,0.00870563,0
6193,0.00212709,0
6194,0.00328699,0
6195,0.02078329,0
6196,0.00286526,0
6197,0.01425228,0
6198,0.01041823,0
6199,0.00219045,0
6200,0.00464800,0
6201,0.01904612,0
6202,0.00258301,0
6203,0.00418516,0
6204,0.00357481,0
6205,0.00202234,0
6206,0.00393339,0
6207,0.01909581,0
6208,0.00176212,0
6209,0.00659934,0
6210,0.01161775,0
6211,0.00177143,0
6212,0.00144262,0
6213,0.02112122,0
6214,0.00255203,0
6215,0.00249742,0
6216,0.02866948,0
6217,0.01014435,0
6218,0.00221941,0
6219,0.01074940,0
6220,0.01568558,0
6221,0.00204956,0
6222,0.02110564,0
6223,0.00532380,0
6224,0.00176787,0
6225,0.00490704,0
6226,0.01177391,0
6227,0.00267675,0
6228,0.03356743,0
6229,0.00547225,0
6230,0.02618944,0
6231,0.00237526,0
6232,0.00486440,0
6233,0.00452265,0
6234,0.01757288,0
6235,0.00232712,0
6236,0.01360995,0
6237,0.01219278,0
6238,0.00209652,0
6239,0.00428437,0
6240,0.00746553,0
6241,0.00095277,0
6242,0.00270357,0
6243,0.00448804,0
6244,0.01554868,0
6245,0.00419210,0
6246,0.00278375,0
6247,0.00089328,0
6248,0.00633538,0
6249,0.00218989,0
6250,0.00635507,0
6251,0.00897127,0
6252,0.00213714,0
6253,0.00333204,0
6254,0.02155451,0
6255,0.00285011,0
6256,0.01303865,0
6257,0.00962709,0
6258,0.00213047,0
6259,0.00461412,0
6260,0.01794017,0
6261,0.00245699,0
6262,0.00410306,0
6263,0.00368496,0
6264,0.00198694,0
6265,0.00395991,0
6266,0.01858779,0
6267,0.00170621,0
6268,0.00643660,0
6269,0.01307096,0
6270,0.00169450,0
6271,0.00149360,0
6272,0.02532124,0
6273,0.00262347,0
6274,0.00244400,0
6275,0.02727791,0
6276,0.01035432,0
6277,0.00213549,0
6278,0.01098569,0
6279,0.01488648,0
6280,0.00205481,0
6281,0.02233389,0
6282,0.00532872,0
6283,0.00172810,0
6284,0.00520800,0
6285,0.01105164,0
6286,0.00254946,0
6287,0.03409610,0
6288,0.00500540,0
6289,0.02464198,0
6290,0.00222893,0
6291,0.00602098,0
6292,0.00513500,0
6293,0.01519196,0
6294,0.00236275,0
6295,0.01418260,0
6296,0.01239759,0
6297,0.00201959,0
6298,0.00397972,0
6299,0.00696749,0
6300,0.00095960,0
6301,0.00262456,0
6302,0.00482422,0
6303,0.01674547,0
6304,0.00441782,0
6305,0.00254623,0
6306,0.00084803,0
6307,0.00617441,0
6308,0.00237804,0
6309,0.00663473,0
6310,0.00933985,0
6311,0.00207010,0
6312,0.00325156,0
6313,0.02414149,0
6314,0.00281598,0
6315,0.01304869,0
6316,0.00979081,0
6317,0.00225435,0
6318,0.00482651,0
6319,0.01920331,0
6320,0.00254741,0
6321,0.00424221,0
6322,0.00374585,0
6323,0.00201252,0
6324,0.00427076,0
6325,0.01803234,0
6326,0.00175082,0
6327,0.00596327,0
6328,0.01206002,0
6329,0.00170408,0
6330,0.00144074,0
6331,0.02217903,0
6332,0.00282926,0
6333,0.00271330,0
6334,0.02938208,0
6335,0.01000009,0
6336,0.00225143,0
6337,0.01112834,0
6338,0.01562082,0
6339,0.00212819,0
6340,0.02268840,0
6341,0.00527668,0
6342,0.00170230,0
6343,0.00500337,0
6344,0.01183428,0
6345,0.00258895,0
6346,0.03348599,0
6347,0.00556344,0
6348,0.01806893,0
6349,0.00232400,0
6350,0.00615970,0
6351,0.00526305,0
6352,0.01662324,0
6353,0.00250256,0
6354,0.01323575,0
6355,0.01318421,0
6356,0.00200723,0
6357,0.00413347,0
6358,0.00782856,0
6359,0.00095902,0
6360,0.00261077,0
6361,0.00433985,0
6362,0.01912858,0
6363,0.00387072,0
6364,0.00250048,0
6365,0.00086436,0
6366,0.00581819,0
6367,0.00226668,0
6368,0.00669184,0
6369,0.00919693,0
6370,0.00201725,0
6371,0.00323888,0
6372,0.02344903,0
6373,0.00276681,0
6374,0.01304423,0
6375,0.00971898,0
6376,0.00217784,0
6377,0.00494094,0
6378,0.01870791,0
6379,0.00224081,0
6380,0.00414530,0
6381,0.00380331,0
6382,0.00193512,0
6383,0.00435124,0
6384,0.01692306,0
6385,0.00158471,0
6386,0.00654265,0
6387,0.01163579,0
6388,0.00151940,0
6389,0.00145698,0
6390,0.02275997,0
6391,0.00260195,0
6392,0.00243476,0
6393,0.02773061,0
6394,0.01004716,0
6395,0.00206208,0
6396,0.01134647,0
6397,0.01493719,0
6398,0.00188558,0
6399,0.02255390,0
6400,0.00531668,0
6401,0.00163193,0
6402,0.00552610,0
6403,0.01120036,0
6404,0.00263347,0
6405,0.03267998,0
6406,0.00487734,0
6407,0.02285687,0
6408,0.00222951,0
6409,0.00632633,0
6410,0.00563231,0
6411,0.01740785,0
6412,0.00228107,0
6413,0.01651526,0
6414,0.01237341,0
6415,0.00191881,0
6416,0.00404446,0
6417,0.00715353,0
6418,0.00085109,0
6419,0.00238772,0
6420,0.00423047,0
6421,0.01902761,0
6422,0.00416066,0
6423,0.00252249,0
6424,0.00082037,0
6425,0.00559885,0
6426,0.00212033,0
6427,0.00649390,0
6428,0.00962630,0
6429,0.00204103,0
6430,0.00310729,0
6431,0.02232862,0
6432,0.00279504,0
6433,0.01301491,0
6434,0.00980198,0
6435,0.00209700,0
6436,0.00452230,0
6437,0.01852221,0
6438,0.00227694,0
6439,0.00410263,0
6440,0.00346239,0
6441,0.00205498,0
6442,0.00438874,0
6443,0.01772364,0
6444,0.00164320,0
6445,0.00724826,0
6446,0.01102324,0
6447,0.00159177,0
6448,0.00155714,0
6449,0.02088084,0
6450,0.00250734,0
6451,0.00249358,0
6452,0.02674289,0
6453,0.01001342,0
6454,0.00202036,0
6455,0.01090292,0
6456,0.01464197,0
6457,0.00198417,0
6458,0.02166240,0
6459,0.00474412,0
6460,0.00182418,0
6461,0.00505246,0
6462,0.01136749,0
6463,0.00249406,0
6464,0.03462804,0
6465,0.00501176,0
6466,0.02209203,0
6467,0.00211404,0
6468,0.00664707,0
6469,0.00558877,0
6470,0.01688733,0
6471,0.00224813,0
6472,0.01392447,0
6473,0.01350299,0
6474,0.00201888,0
6475,0.00423536,0
6476,0.00701258,0
6477,0.00083782,0
6478,0.00248273,0
6479,0.00428121,0
6480,0.01724445,0
6481,0.00408541,0
6482,0.00260133,0
6483,0.00086764,0
6484,0.00593048,0
6485,0.00219521,0
6486,0.00652416,0
6487,0.00946397,0
6488,0.00202743,0
6489,0.00318804,0
6490,0.02086613,0
6491,0.00270034,0
6492,0.01208625,0
6493,0.01006460,0
6494,0.00205204,0
6495,0.00455318,0
6496,0.01702707,0
6497,0.00238602,0
6498,0.00419619,0
6499,0.00367611,0
6500,0.00195642,0
6501,0.00447109,0
6502,0.01779238,0
6503,0.00162138,0
6504,0.00653773,0
6505,0.01070005,0
6506,0.00167272,0
6507,0.00144532,0
6508,0.02483704,0
6509,0.00260359,0
6510,0.00248920,0
6511,0.02658438,0
6512,0.00963498,0
6513,0.00208212,0
6514,0.01130701,0
6515,0.01286905,0
6516,0.00197396,0
6517,0.02206941,0
6518,0.00499854,0
6519,0.00161773,0
6520,0.00483658,0
6521,0.01240260,0
6522,0.00262066,0
6523,0.03351608,0
6524,0.00529717,0
6525,0.01861241,0
6526,0.00208038,0
6527,0.00587627,0
6528,0.00497579,0
6529,0.01506036,0
6530,0.00242027,0
6531,0.01348804,0
6532,0.01222632,0
6533,0.00213351,0
6534,0.00426836,0
6535,0.00735190,0
6536,0.00091066,0
6537,0.00249844,0
6538,0.00433789,0
6539,0.01808699,0
6540,0.00379060,0
6541,0.00274380,0
6542,0.00087135,0
6543,0.00574053,0
6544,0.00224287,0
6545,0.00644451,0
6546,0.00975704,0
6547,0.00198925,0
6548,0.00318640,0
6549,0.02144322,0
6550,0.00283461,0
6551,0.01296048,0
6552,0.01055249,0
6553,0.00199870,0
6554,0.00466048,0
6555,0.01816231,0
6556,0.00240915,0
6557,0.00411100,0
6558,0.00380182,0
6559,0.00198805,0
6560,0.00452093,0
6561,0.01583408,0
6562,0.00172522,0
6563,0.00763645,0
6564,0.01094775,0
6565,0.00175672,0
6566,0.00140776,0
6567,0.02313821,0
6568,0.00285556,0
6569,0.00261447,0
6570,0.02738282,0
6571,0.01004628,0
6572,0.00214296,0
6573,0.01127217,0
6574,0.01449620,0
6575,0.00192314,0
6576,0.02163595,0
6577,0.00477828,0
6578,0.00170212,0
6579,0.00507800,0
6580,0.01332922,0
6581,0.00249637,0
6582,0.03544899,0
6583,0.00482471,0
6584,0.02308274,0
6585,0.00221224,0
6586,0.00653704,0
6587,0.00478402,0
6588,0.01493140,0
6589,0.00245477,0
6590,0.01354091,0
6591,0.01356568,0
6592,0.00201149,0
6593,0.00418838,0
6594,0.00747384,0
6595,0.00088917,0
6596,0.00250241,0
6597,0.00431571,0
6598,0.01748722,0
6599,0.00430309,0
6600,0.00260137,0
6601,0.00088050,0
6602,0.00565370,0
6603,0.00222481,0
6604,0.00632623,0
6605,0.00962049,0
6606,0.00198309,0
6607,0.00332452,0
6608,0.02115505,0
6609,0.00292628,0
6610,0.01381928,0
6611,0.01009831,0
6612,0.00214886,0
6613,0.00459374,0
6614,0.01842746,0
6615,0.00247192,0
6616,0.00434941,0
6617,0.00415034,0
6618,0.00200691,0
6619,0.00409185,0
6620,0.01731009,0
6621,0.00161425,0
6622,0.00718975,0
6623,0.01075126,0
6624,0.00157193,0
6625,0.00143505,0
6626,0.02455096,0
6627,0.00264555,0
6628,0.00251858,0
6629,0.02769820,0
6630,0.00984953,0
6631,0.00209627,0
6632,0.01095598,0
6633,0.01349699,0
6634,0.00197134,0
6635,0.02236502,0
6636,0.00509778,0
6637,0.00166900,0
6638,0.00534153,0
6639,0.01295647,0
6640,0.00247968,0
6641,0.03143760,0
6642,0.00501198,0
6643,0.02166715,0
6644,0.00218490,0
6645,0.00670633,0
6646,0.00463515,0
6647,0.01556275,0
6648,0.00235584,0
6649,0.01395875,0
6650,0.01242058,0
6651,0.00197567,0
6652,0.00428778,0
6653,0.00676782,0
6654,0.00100374,0
6655,0.00237836,0
6656,0.00466104,0
6657,0.01817438,0
6658,0.00399972,0
6659,0.00262750,0
6660,0.00093879,0
6661,0.00557851,0
6662,0.00219152,0
6663,0.00628399,0
6664,0.00971897,0
6665,0.00201500,0
6666,0.00310199,0
6667,0.02214532,0
6668,0.00297060,0
6669,0.01360399,0
6670,0.01052023,0
6671,0.00224193,0
6672,0.00513080,0
6673,0.01750777,0
6674,0.00232954,0
6675,0.00431093,0
6676,0.00397307,0
6677,0.00207012,0
6678,0.00425000,0
6679,0.01817551,0
6680,0.00168829,0
6681,0.00709415,0
6682,0.01075820,0
6683,0.00169201,0
6684,0.00154884,0
6685,0.02534004,0
6686,0.00252884,0
6687,0.00248497,0
6688,0.02550128,0
6689,0.00973336,0
6690,0.00198856,0
6691,0.01100036,0
6692,0.01391872,0
6693,0.00206851,0
6694,0.02244562,0
6695,0.00508490,0
6696,0.00170467,0
6697,0.00524996,0
6698,0.01296154,0
6699,0.00255954,0
6700,0.03570846,0
6701,0.00486055,0
6702,0.01850410,0
6703,0.00229817,0
6704,0.00675435,0
6705,0.00509673,0
6706,0.01636213,0
6707,0.00235460,0
6708,0.01546395,0
6709,0.01369231,0
6710,0.00199723,0
6711,0.00422746,0
6712,0.00761506,0
6713,0.00100709,0
6714,0.00251020,0
6715,0.00447118,0
6716,0.01705532,0
6717,0.00402972,0
6718,0.00251308,0
6719,0.00086102,0
6720,0.00571643,0
6721,0.00219179,0
6722,0.00631257,0
6723,0.00946377,0
6724,0.00202303,0
6725,0.00349492,0
6726,0.02096741,0
6727,0.00286576,0
6728,0.01323508,0
6729,0.01083089,0
6730,0.00221634,0
6731,0.00476712,0
6732,0.01825463,0
6733,0.00246891,0
6734,0.00439295,0
6735,0.00416511,0
6736,0.00205535,0
6737,0.00429890,0
6738,0.01758227,0
6739,0.00170241,0
6740,0.00731554,0
6741,0.01188825,0
6742,0.00180076,0
6743,0.00157480,0
6744,0.02543397,0
6745,0.00264861,0
6746,0.00252427,0
6747,0.02691016,0
6748,0.01037722,0
6749,0.00204785,0
6750,0.01140649,0
6751,0.01443625,0
6752,0.00203584,0
6753,0.02298773,0
6754,0.00519341,0
6755,0.00167049,0
6756,0.00527768,0
6757,0.01241634,0
6758,0.00247823,0
6759,0.03698295,0
6760,0.00548915,0
6761,0.02248993,0
6762,0.00239541,0
6763,0.00670063,0
6764,0.00463968,0
6765,0.01573976,0
6766,0.00243314,0
6767,0.01258154,0
6768,0.01214831,0
6769,0.00207965,0
6770,0.00424614,0
6771,0.00821193,0
6772,0.00099473,0
6773,0.00243177,0
6774,0.00451642,0
6775,0.01916053,0
6776,0.00438851,0
6777,0.00265510,0
6778,0.00092696,0
6779,0.00629920,0
6780,0.00221467,0
6781,0.00639318,0
6782,0.00973957,0
6783,0.00195136,0
6784,0.00339750,0
6785,0.02139116,0
6786,0.00300719,0
6787,0.01424859,0
6788,0.00996510,0
6789,0.00218362,0
6790,0.00489721,0
6791,0.01741465,0
6792,0.00250273,0
6793,0.00467422,0
6794,0.00389875,0
6795,0.00198966,0
6796,0.00428069,0
6797,0.01952827,0
6798,0.00173487,0
6799,0.00737171,0
6800,0.01089294,0
6801,0.00170968,0
6802,0.00162916,0
6803,0.02356645,0
6804,0.00281849,0
6805,0.00246986,0
6806,0.02687469,0
6807,0.01048692,0
6808,0.00208684,0
6809,0.01139561,0
6810,0.01478154,0
6811,0.00209813,0
6812,0.02353303,0
6813,0.00490269,0
6814,0.00166612,0
6815,0.00548614,0
6816,0.01223579,0
6817,0.00254406,0
6818,0.03593555,0
6819,0.00504237,0
6820,0.02138878,0
6821,0.00221101,0
6822,0.00641896,0
6823,0.00487532,0
6824,0.01563694,0
6825,0.00243243,0
6826,0.01481281,0
6827,0.01234615,0
6828,0.00212922,0
6829,0.00436995,0
6830,0.00837816,0
6831,0.00088988,0
6832,0.00257991,0
6833,0.00414915,0
6834,0.01938433,0
6835,0.00430776,0
6836,0.00249773,0
6837,0.00082092,0
6838,0.00676716,0
6839,0.00220926,0
6840,0.00633998,0
6841,0.01010540,0
6842,0.00203149,0
6843,0.00311314,0
6844,0.02309949,0
6845,0.00295838,0
6846,0.01338570,0
6847,0.01117376,0
6848,0.00232229,0
6849,0.00468582,0
6850,0.01860496,0
6851,0.00245913,0
6852,0.00439638,0
6853,0.00445467,0
6854,0.00206117,0
6855,0.00413787,0
6856,0.01727312,0
6857,0.00181291,0
6858,0.00699864,0
6859,0.01217334,0
6860,0.00187330,0
6861,0.00155635,0
6862,0.02395383,0
6863,0.00264690,0
6864,0.00235320,0
6865,0.02830405,0
6866,0.01039303,0
6867,0.00217906,0
6868,0.01076857,0
6869,0.01505373,0
6870,0.00206512,0
6871,0.02271193,0
6872,0.00520947,0
6873,0.00178825,0
6874,0.00568275,0
6875,0.01353192,0
6876,0.00265931,0
6877,0.03354563,0
6878,0.00576515,0
6879,0.02622409,0
6880,0.00235637,0
6881,0.00631801,0
6882,0.00542813,0
6883,0.01518400,0
6884,0.00253712,0
6885,0.01260765,0
6886,0.01241333,0
6887,0.00199656,0
6888,0.00450108,0
6889,0.00865185,0
6890,0.00102386,0
6891,0.00252172,0
6892,0.00447436,0
6893,0.01941428,0
6894,0.00403314,0
6895,0.00269679,0
6896,0.00085613,0
6897,0.00591493,0
6898,0.00222684,0
6899,0.00653582,0
6900,0.00963454,0
6901,0.00203252,0
6902,0.00299704,0
6903,0.02150790,0
6904,0.00284734,0
6905,0.01325134,0
6906,0.01049746,0
6907,0.00227346,0
6908,0.00468206,0
6909,0.01909688,0
6910,0.00237618,0
6911,0.00451569,0
6912,0.00425012,0
6913,0.00204956,0
6914,0.00427485,0
6915,0.01812339,0
6916,0.00174912,0
6917,0.00702551,0
6918,0.01160030,0
6919,0.00179062,0
6920,0.00156719,0
6921,0.02602348,0
6922,0.00281654,0
6923,0.00236973,0
6924,0.02517704,0
6925,0.01012875,0
6926,0.00209595,0
6927,0.01143093,0
6928,0.01535894,0
6929,0.00214012,0
6930,0.02217627,0
6931,0.00514198,0
6932,0.00177781,0
6933,0.00539161,0
6934,0.01332630,0
6935,0.00282709,0
6936,0.03380922,0
6937,0.00538232,0
6938,0.02038498,0
6939,0.00243897,0
6940,0.00645145,0
6941,0.00520887,0
6942,0.01467275,0
6943,0.00249965,0
6944,0.01346085,0
6945,0.01208882,0
6946,0.00221878,0
6947,0.00413651,0
6948,0.00872820,0
6949,0.00091664,0
6950,0.00258638,0
6951,0.00457444,0
6952,0.01922317,0
6953,0.00394884,0
6954,0.00273111,0
6955,0.00087255,0
6956,0.00639237,0
6957,0.00245974,0
6958,0.00662842,0
6959,0.00971263,0
6960,0.00209719,0
6961,0.00330885,0
6962,0.02442005,0
6963,0.00304321,0
6964,0.01297221,0
6965,0.01173460,0
6966,0.00222225,0
6967,0.00496193,0
6968,0.01921769,0
6969,0.00247783,0
6970,0.00472950,0
6971,0.00438080,0
6972,0.00210300,0
6973,0.00420042,0
6974,0.01862797,0
6975,0.00177635,0
6976,0.00697518,0
6977,0.01028324,0
6978,0.00178876,0
6979,0.00154742,0
6980,0.02442072,0
6981,0.00255551,0
6982,0.00247842,0
6983,0.02740571,0
6984,0.01030619,0
6985,0.00201539,0
6986,0.01167087,0
6987,0.01507256,0
6988,0.00212006,0
6989,0.02281364,0
6990,0.00472783,0
6991,0.00193877,0
6992,0.00543515,0
6993,0.01238962,0
6994,0.00264079,0
6995,0.03507050,0
6996,0.00520180,0
6997,0.01944987,0
6998,0.00228032,0
6999,0.00616639,0
7000,0.00495818,0
7001,0.01553629,0
7002,0.00240337,0
7003,0.01371870,0
7004,0.01192419,0
7005,0.00202140,0
7006,0.00445787,0
7007,0.00822297,0
7008,0.00079609,0
7009,0.00256695,0
7010,0.00414629,0
7011,0.02034223,0
7012,0.00392437,0
7013,0.00284819,0
7014,0.00091321,0
7015,0.00637024,0
7016,0.00231848,0
7017,0.00661504,0
7018,0.01012268,0
7019,0.00206740,0
7020,0.00314780,0
7021,0.02381276,0
7022,0.00286131,0
7023,0.01310374,0
7024,0.01168110,0
7025,0.00227534,0
7026,0.00484777,0
7027,0.01888691,0
7028,0.00253204,0
7029,0.00467218,0
7030,0.00437128,0
7031,0.00210182,0
7032,0.00426244,0
7033,0.01832960,0
7034,0.00171067,0
7035,0.00710065,0
7036,0.01078777,0
7037,0.00174615,0
7038,0.00166580,0
7039,0.02655904,0
7040,0.00255940,0
7041,0.00239945,0
7042,0.02835953,0
7043,0.01030225,0
7044,0.00207734,0
7045,0.01163500,0
7046,0.01525948,0
7047,0.00201733,0
7048,0.02326562,0
7049,0.00503685,0
7050,0.00179606,0
7051,0.00538145,0
7052,0.01324760,0
7053,0.00276626,0
7054,0.03561547,0
7055,0.00582473,0
7056,0.02405170,0
7057,0.00230509,0
7058,0.00624094,0
7059,0.00515192,0
7060,0.01583905,0
7061,0.00253954,0
7062,0.01524675,0
7063,0.01240293,0
7064,0.00222364,0
7065,0.00421861,0
7066,0.00784299,0
7067,0.00094309,0
7068,0.00275437,0
7069,0.00469445,0
7070,0.01993477,0
7071,0.00389729,0
7072,0.00275980,0
7073,0.00095726,0
7074,0.00631464,0
7075,0.00246418,0
7076,0.00673895,0
7077,0.00998774,0
7078,0.00207644,0
7079,0.00322073,0
7080,0.02226055,0
7081,0.00299461,0
7082,0.01327466,0
7083,0.01167575,0
7084,0.00236039,0
7085,0.00503897,0
7086,0.01812072,0
7087,0.00249023,0
7088,0.00470519,0
7089,0.00452905,0
7090,0.00221101,0
7091,0.00433838,0
7092,0.01934395,0
7093,0.00178650,0
7094,0.00741346,0
7095,0.01087660,0
7096,0.00178898,0
7097,0.00167191,0
7098,0.02523168,0
7099,0.00255087,0
7100,0.00265296,0
7101,0.02619487,0
7102,0.01078092,0
7103,0.00211011,0
7104,0.01110471,0
7105,0.01528237,0
7106,0.00213932,0
7107,0.02307882,0
7108,0.00518525,0
7109,0.00182452,0
7110,0.00513638,0
7111,0.01337791,0
7112,0.00263012,0
7113,0.03790345,0
7114,0.00554533,0
7115,0.01731560,0
7116,0.00235152,0
7117,0.00613644,0
7118,0.00497746,0
7119,0.01529493,0
7120,0.00253852,0
7121,0.01354467,0
7122,0.01231970,0
7123,0.00209730,0
7124,0.00456592,0
7125,0.00815172,0
7126,0.00100621,0
7127,0.00258136,0
7128,0.00456130,0
7129,0.01915897,0
7130,0.00348164,0
7131,0.00287120,0
7132,0.00091626,0
7133,0.00595843,0
7134,0.00239111,0
7135,0.00694153,0
7136,0.01019869,0
7137,0.00200549,0
7138,0.00313894,0
7139,0.02418002,0
7140,0.00289951,0
7141,0.01424016,0
7142,0.01097229,0
7143,0.00230242,0
7144,0.00508237,0
7145,0.01904338,0
7146,0.00264847,0
7147,0.00479356,0
7148,0.00456017,0
7149,0.00215697,0
7150,0.00408448,0
7151,0.01882851,0
7152,0.00179495,0
7153,0.00759349,0
7154,0.01067103,0
7155,0.00172343,0
7156,0.00157370,0
7157,0.02584119,0
7158,0.00268098,0
7159,0.00248257,0
7160,0.02930446,0
7161,0.01053212,0
7162,0.00219784,0
7163,0.01109832,0
7164,0.01533968,0
7165,0.00223960,0
7166,0.02433603,0
7167,0.00544618,0
7168,0.00200856,0
7169,0.00533672,0
7170,0.01316541,0
7171,0.00273766,0
7172,0.03468982,0
7173,0.00562328,0
7174,0.01768571,0
7175,0.00239813,0
7176,0.00648770,0
7177,0.00494169,0
7178,0.01511286,0
7179,0.00256566,0
7180,0.01466162,0
7181,0.01301633,0
7182,0.00224104,0
7183,0.00457732,0
7184,0.00762511,0
7185,0.00094346,0
7186,0.00267901,0
7187,0.00452348,0
7188,0.01986356,0
7189,0.00373703,0
7190,0.00276116,0
7191,0.00086055,0
7192,0.00632672,0
7193,0.00237305,0
7194,0.00695404,0
7195,0.00969309,0
7196,0.00215381,0
7197,0.00318847,0
7198,0.02275318,0
7199,0.00309272,0
7200,0.01374598,0
7201,0.01016837,0
7202,0.00230264,0
7203,0.00497306,0
7204,0.01738164,0
7205,0.00242579,0
7206,0.00454809,0
7207,0.00452187,0
7208,0.00203407,0
7209,0.00417036,0
7210,0.01802943,0
7211,0.00170255,0
7212,0.00721694,0
7213,0.01092063,0
7214,0.00174237,0
7215,0.00159689,0
7216,0.02315830,0
7217,0.00257536,0
7218,0.00240776,0
7219,0.02881545,0
7220,0.01060461,0
7221,0.00204871,0
7222,0.01116306,0
7223,0.01491465,0
7224,0.00219864,0
7225,0.02113606,0
7226,0.00481392,0
7227,0.00185417,0
7228,0.00521154,0
7229,0.01288196,0
7230,0.00268705,0
7231,0.03564539,0
7232,0.00503594,0
7233,0.02062957,0
7234,0.00236288,0
7235,0.00675167,0
7236,0.00492691,0
7237,0.01503684,0
7238,0.00253897,0
7239,0.01438491,0
7240,0.01174171,0
7241,0.00208905,0
7242,0.00436226,0
7243,0.00736923,0
7244,0.00091134,0
7245,0.00257925,0
7246,0.00403244,0
7247,0.02002869,0
7248,0.00401638,0
7249,0.00269432,0
7250,0.00086896,0
7251,0.00675491,0
7252,0.00234743,0
7253,0.00681157,0
7254,0.01045487,0
7255,0.00211525,0
7256,0.00347785,0
7257,0.02376674,0
7258,0.00295060,0
7259,0.01441135,0
7260,0.01055898,0
7261,0.00238859,0
7262,0.00517471,0
7263,0.01865798,0
7264,0.00259053,0
7265,0.00438698,0
7266,0.00433087,0
7267,0.00215728,0
7268,0.00427817,0
7269,0.01862200,0
7270,0.00165561,0
7271,0.00673702,0
7272,0.01121193,0
7273,0.00181141,0
7274,0.00166105,0
7275,0.02536147,0
7276,0.00241174,0
7277,0.00272886,0
7278,0.02903350,0
7279,0.01037213,0
7280,0.00221948,0
7281,0.01154828,0
7282,0.01478385,0
7283,0.00226777,0
7284,0.02284244,0
7285,0.00477503,0
7286,0.00177484,0
7287,0.00571368,0
7288,0.01456195,0
7289,0.00259314,0
7290,0.03586531,0
7291,0.00512330,0
7292,0.01946510,0
7293,0.00241921,0
7294,0.00648149,0
7295,0.00531634,0
7296,0.01443650,0
7297,0.00265715,0
7298,0.01068055,0
7299,0.01274478,0
7300,0.00220555,0
7301,0.00474673,0
7302,0.00811145,0
7303,0.00085947,0
7304,0.00257849,0
7305,0.00438764,0
7306,0.02065664,0
7307,0.00362168,0
7308,0.00272517,0
7309,0.00085881,0
7310,0.00671430,0
7311,0.00232590,0
7312,0.00690998,0
7313,0.00971168,0
7314,0.00204978,0
7315,0.00348882,0
7316,0.02501349,0
7317,0.00289536,0
7318,0.01423119,0
7319,0.01088820,0
7320,0.00225266,0
7321,0.00466022,0
7322,0.01785866,0
7323,0.00249272,0
7324,0.00452421,0
7325,0.00408776,0
7326,0.00202353,0
7327,0.00431838,0
7328,0.01937434,0
7329,0.00171753,0
7330,0.00645863,0
7331,0.01133034,0
7332,0.00181365,0
7333,0.00155643,0
7334,0.02514658,0
7335,0.00286239,0
7336,0.00248005,0
7337,0.02716234,0
7338,0.01150250,0
7339,0.00224743,0
7340,0.01160900,0
7341,0.01428642,0
7342,0.00216359,0
7343,0.02317551,0
7344,0.00556489,0
7345,0.00184920,0
7346,0.00563636,0
7347,0.01421928,0
7348,0.00271250,0
7349,0.03645049,0
7350,0.00573935,0
7351,0.01986835,0
7352,0.00238517,0
7353,0.00615357,0
7354,0.00506818,0
7355,0.01343562,0
7356,0.00253032,0
7357,0.01489904,0
7358,0.01232031,0
7359,0.00210520,0
7360,0.00421545,0
7361,0.00750641,0
7362,0.00085086,0
7363,0.00248935,0
7364,0.00441879,0
7365,0.01916892,0
7366,0.00387227,0
7367,0.00271708,0
7368,0.00087501,0
7369,0.00649094,0
7370,0.00221257,0
7371,0.00700805,0
7372,0.00908381,0
7373,0.00204939,0
7374,0.00314650,0
7375,0.02361900,0
7376,0.00303558,0
7377,0.01328558,0
7378,0.01118141,0
7379,0.00219464,0
7380,0.00484490,0
7381,0.01724679,0
7382,0.00246116,0
7383,0.00466669,0
7384,0.00426745,0
7385,0.00200981,0
7386,0.00404128,0
7387,0.01891552,0
7388,0.00171033,0
7389,0.00637076,0
7390,0.01049664,0
7391,0.00173035,0
7392,0.00149502,0
7393,0.02534397,0
7394,0.00261981,0
7395,0.00238523,0
7396,0.02653614,0
7397,0.01069540,0
7398,0.00210855,0
7399,0.01124021,0
7400,0.01574078,0
7401,0.00207405,0
7402,0.02259681,0
7403,0.00530252,0
7404,0.00176759,0
7405,0.00580223,0
7406,0.01356277,0
7407,0.00251332,0
7408,0.03639570,0
7409,0.00500182,0
7410,0.02021699,0
7411,0.00226439,0
7412,0.00603753,0
7413,0.00527969,0
7414,0.01445210,0
7415,0.00256079,0
7416,0.01338924,0
7417,0.01153230,0
7418,0.00203891,0
7419,0.00454152,0
7420,0.00765820,0
7421,0.00095229,0
7422,0.00251128,0
7423,0.00417305,0
7424,0.01906949,0
7425,0.00442592,0
7426,0.00262146,0
7427,0.00094857,0
7428,0.00645672,0
7429,0.00230356,0
7430,0.00699667,0
7431,0.00915255,0
7432,0.00185913,0
7433,0.00328418,0
7434,0.02514014,0
7435,0.00299437,0
7436,0.01486110,0
7437,0.01151543,0
7438,0.00214204,0
7439,0.00492277,0
7440,0.01737499,0
7441,0.00244942,0
7442,0.00463514,0
7443,0.00445188,0
7444,0.00204820,0
7445,0.00422364,0
7446,0.01979145,0
7447,0.00167151,0
7448,0.00705875,0
7449,0.01128600,0
7450,0.00171607,0
7451,0.00160261,0
7452,0.02621167,0
7453,0.00248436,0
7454,0.00235717,0
7455,0.02520943,0
7456,0.01026596,0
7457,0.00205426,0
7458,0.01139875,0
7459,0.01473880,0
7460,0.00213300,0
7461,0.02235201,0
7462,0.00471318,0
7463,0.00171455,0
7464,0.00546309,0
7465,0.01296567,0
7466,0.00252353,0
7467,0.03222440,0
7468,0.00555836,0
7469,0.01857498,0
7470,0.00233131,0
7471,0.00609096,0
7472,0.00473335,0
7473,0.01415378,0
7474,0.00251711,0
7475,0.01368157,0
7476,0.01204159,0
7477,0.00207252,0
7478,0.00462398,0
7479,0.00844618,0
7480,0.00101026,0
7481,0.00254050,0
7482,0.00447948,0
7483,0.01926896,0
7484,0.00403067,0
7485,0.00266565,0
7486,0.00093369,0
7487,0.00627856,0
7488,0.00221841,0
7489,0.00757150,0
7490,0.00953955,0
7491,0.00198568,0
7492,0.00326913,0
7493,0.02524573,0
7494,0.00290587,0
7495,0.01356447,0
7496,0.01027091,0
7497,0.00222286,0
7498,0.00503407,0
7499,0.01764662,0
7500,0.00250188,0
7501,0.00479726,0
7502,0.00484902,0
7503,0.00202655,0
7504,0.00414986,0
7505,0.01901946,0
7506,0.00176609,0
7507,0.00694023,0
7508,0.01208287,0
7509,0.00177791,0
7510,0.00159827,0
7511,0.02527905,0
7512,0.00283872,0
7513,0.00242215,0
7514,0.02695089,0
7515,0.01059197,0
7516,0.00210069,0
7517,0.01163463,0
7518,0.01543348,0
7519,0.00210053,0
7520,0.02297835,0
7521,0.00487563,0
7522,0.00176682,0
7523,0.00560850,0
7524,0.01247061,0
7525,0.00258789,0
7526,0.03829269,0
7527,0.00508851,0
7528,0.01781941,0
7529,0.00236155,0
7530,0.00652710,0
7531,0.00528587,0
7532,0.01389854,0
7533,0.00257984,0
7534,0.01316379,0
7535,0.01290300,0
7536,0.00214628,0
7537,0.00458433,0
7538,0.00865471,0
7539,0.00089481,0
7540,0.00267930,0
7541,0.00471091,0
7542,0.02188210,0
7543,0.00395350,0
7544,0.00269510,0
7545,0.00097139,0
7546,0.00597844,0
7547,0.00244285,0
7548,0.00775797,0
7549,0.00970113,0
7550,0.00195389,0
7551,0.00333733,0
7552,0.02436670,0
7553,0.00309618,0
7554,0.01413387,0
7555,0.01122793,0
7556,0.00222373,0
7557,0.00504815,0
7558,0.01748336,0
7559,0.00257833,0
7560,0.00470190,0
7561,0.00468735,0
7562,0.00202450,0
7563,0.00439783,0
7564,0.02124292,0
7565,0.00169236,0
7566,0.00688367,0
7567,0.01195137,0
7568,0.00163654,0
7569,0.00152711,0
7570,0.02273285,0
7571,0.00251133,0
7572,0.00241247,0
7573,0.02673501,0
7574,0.01069248,0
7575,0.00210439,0
7576,0.01192710,0
7577,0.01632805,0
7578,0.00203206,0
7579,0.02408507,0
7580,0.00530610,0
7581,0.00172172,0
7582,0.00582323,0
7583,0.01237954,0
7584,0.00271728,0
7585,0.03718121,0
7586,0.00537789,0
7587,0.01816019,0
7588,0.00239091,0
7589,0.00657660,0
7590,0.00549331,0
7591,0.01510110,0
7592,0.00274435,0
7593,0.01320507,0
7594,0.01231096,0
7595,0.00218581,0
7596,0.00473048,0
7597,0.00899906,0
7598,0.00087497,0
7599,0.00266309,0
7600,0.00427675,0
7601,0.02084533,0
7602,0.00386467,0
7603,0.00267486,0
7604,0.00099865,0
7605,0.00641911,0
7606,0.00234249,0
7607,0.00732738,0
7608,0.01051944,0
7609,0.00203900,0
7610,0.00342491,0
7611,0.02333581,0
7612,0.00303302,0
7613,0.01440792,0
7614,0.01096960,0
7615,0.00227993,0
7616,0.00528151,0
7617,0.01867494,0
7618,0.00254432,0
7619,0.00487695,0
7620,0.00477109,0
7621,0.00220521,0
7622,0.00443400,0
7623,0.02107850,0
7624,0.00169079,0
7625,0.00786167,0
7626,0.01147288,0
7627,0.00164304,0
7628,0.00165085,0
7629,0.02419845,0
7630,0.00263648,0
7631,0.00255124,0
7632,0.02900373,0
7633,0.01065634,0
7634,0.00218551,0
7635,0.01194921,0
7636,0.01646574,0
7637,0.00209559,0
7638,0.02418586,0
7639,0.00540750,0
7640,0.00178870,0
7641,0.00602951,0
7642,0.01326714,0
7643,0.00264035,0
7644,0.03634390,0
7645,0.00544950,0
7646,0.02033061,0
7647,0.00235220,0
7648,0.00604157,0
7649,0.00503189,0
7650,0.01471635,0
7651,0.00254829,0
7652,0.01479892,0
7653,0.01236837,0
7654,0.00210383,0
7655,0.00480922,0
7656,0.00817137,0
7657,0.00089634,0
7658,0.00250273,0
7659,0.00458676,0
7660,0.02187804,0
7661,0.00381362,0
7662,0.00268477,0
7663,0.00088046,0
7664,0.00653652,0
7665,0.00220013,0
7666,0.00788900,0
7667,0.00933095,0
7668,0.00204274,0
7669,0.00362077,0
7670,0.02396310,0
7671,0.00305160,0
7672,0.01344022,0
7673,0.01166304,0
7674,0.00234276,0
7675,0.00515941,0
7676,0.01724801,0
7677,0.00258277,0
7678,0.00472243,0
7679,0.00474338,0
7680,0.00200567,0
7681,0.00423986,0
7682,0.02264759,0
7683,0.00174013,0
7684,0.00750586,0
7685,0.01174121,0
7686,0.00181085,0
7687,0.00164096,0
7688,0.02380587,0
7689,0.00277591,0
7690,0.00250841,0
7691,0.02729705,0
7692,0.01033738,0
7693,0.00213290,0
7694,0.01195508,0
7695,0.01632458,0
7696,0.00218962,0
7697,0.02346684,0
7698,0.00547935,0
7699,0.00184799,0
7700,0.00564153,0
7701,0.01253341,0
7702,0.00275820,0
7703,0.03836390,0
7704,0.00556071,0
7705,0.02052041,0
7706,0.00224212,0
7707,0.00660213,0
7708,0.00542889,0
7709,0.01574939,0
7710,0.00268945,0
7711,0.01199045,0
7712,0.01275141,0
7713,0.00223062,0
7714,0.00485092,0
7715,0.00857367,0
7716,0.00095517,0
7717,0.00245241,0
7718,0.00441859,0
7719,0.02247121,0
7720,0.00382076,0
7721,0.00272173,0
7722,0.00109448,0
7723,0.00688710,0
7724,0.00228209,0
7725,0.00731758,0
7726,0.01064653,0
7727,0.00208603,0
7728,0.00366458,0
7729,0.02215210,0
7730,0.00308858,0
7731,0.01426893,0
7732,0.01061550,0
7733,0.00224171,0
7734,0.00547928,0
7735,0.01676002,0
7736,0.00255045,0
7737,0.00470878,0
7738,0.00488046,0
7739,0.00217887,0
7740,0.00422913,0
7741,0.02234051,0
7742,0.00189594,0
7743,0.00722316,0
7744,0.01101057,0
7745,0.00179537,0
7746,0.00167623,0
7747,0.02463503,0
7748,0.00281645,0
7749,0.00252313,0
7750,0.02711095,0
7751,0.01149273,0
7752,0.00219585,0
7753,0.01257460,0
7754,0.01675351,0
7755,0.00217607,0
7756,0.02283538,0
7757,0.00520196,0
7758,0.00194861,0
7759,0.00565837,0
7760,0.01222709,0
7761,0.00267665,0
7762,0.03939137,0
7763,0.00593790,0
7764,0.01868095,0
7765,0.00224385,0
7766,0.00604412,0
7767,0.00528030,0
7768,0.01472690,0
7769,0.00274804,0
7770,0.01570053,0
7771,0.01107003,0
7772,0.00223053,0
7773,0.00474801,0
7774,0.00855701,0
7775,0.00098524,0
7776,0.00259391,0
7777,0.00428938,0
7778,0.02152554,0
7779,0.00401913,0
7780,0.00273428,0
7781,0.00094166,0
7782,0.00644030,0
7783,0.00219016,0
7784,0.00752820,0
7785,0.01128126,0
7786,0.00205615,0
7787,0.00340413,0
7788,0.02414927,0
7789,0.00292085,0
7790,0.01414640,0
7791,0.01157745,0
7792,0.00220930,0
7793,0.00529000,0
7794,0.01784288,0
7795,0.00254196,0
7796,0.00478584,0
7797,0.00513342,0
7798,0.00208731,0
7799,0.00440694,0
7800,0.02159471,0
7801,0.00176305,0
7802,0.00741129,0
7803,0.01118860,0
7804,0.00177999,0
7805,0.00159870,0
7806,0.02594881,0
7807,0.00301498,0
7808,0.00254050,0
7809,0.02861736,0
7810,0.01082983,0
7811,0.00218033,0
7812,0.01275323,0
7813,0.01604039,0
7814,0.00225241,0
7815,0.02458850,0
7816,0.00545618,0
7817,0.00186924,0
7818,0.00573185,0
7819,0.01347031,0
7820,0.00279435,0
7821,0.03821008,0
7822,0.00540098,0
7823,0.02149843,0
7824,0.00237805,0
7825,0.00588003,0
7826,0.00559500,0
7827,0.01511471,0
7828,0.00265430,0
7829,0.01622975,0
7830,0.01253786,0
7831,0.00211601,0
7832,0.00511309,0
7833,0.00914915,0
7834,0.00101496,0
7835,0.00272846,0
7836,0.00448665,0
7837,0.02153143,0
7838,0.00356797,0
7839,0.00276077,0
7840,0.00102521,0
7841,0.00635001,0
7842,0.00240560,0
7843,0.00771335,0
7844,0.01010092,0
7845,0.00211211,0
7846,0.00348252,0
7847,0.02497787,0
7848,0.00310300,0
7849,0.01444799,0
7850,0.01155705,0
7851,0.00231062,0
7852,0.00495716,0
7853,0.01787259,0
7854,0.00269585,0
7855,0.00471880,0
7856,0.00477019,0
7857,0.00212768,0
7858,0.00426119,0
7859,0.02067232,0
7860,0.00177345,0
7861,0.00738194,0
7862,0.01218023,0
7863,0.00194554,0
7864,0.00158619,0
7865,0.02537408,0
7866,0.00279542,0
7867,0.00270137,0
7868,0.02953327,0
7869,0.01131658,0
7870,0.00223499,0
7871,0.01250438,0
7872,0.01625345,0
7873,0.00234978,0
7874,0.02450083,0
7875,0.00578478,0
7876,0.00188309,0
7877,0.00581831,0
7878,0.01269224,0
7879,0.00284771,0
7880,0.03768748,0
7881,0.00611480,0
7882,0.02019746,0
7883,0.00237782,0
7884,0.00589364,0
7885,0.00539414,0
7886,0.01540824,0
7887,0.00281567,0
7888,0.01534041,0
7889,0.01228772,0
7890,0.00223229,0
7891,0.00474720,0
7892,0.00934204,0
7893,0.00091825,0
7894,0.00281671,0
7895,0.00502271,0
7896,0.02220949,0
7897,0.00402192,0
7898,0.00293060,0
7899,0.00104860,0
7900,0.00660011,0
7901,0.00260669,0
7902,0.00731158,0
7903,0.01018859,0
7904,0.00254435,0
7905,0.00344695,0
7906,0.02624840,0
7907,0.00341487,0
7908,0.01371802,0
7909,0.01158638,0
7910,0.00243497,0
7911,0.00532683,0
7912,0.01893751,0
7913,0.00275034,0
7914,0.00463367,0
7915,0.00515193,0
7916,0.00245408,0
7917,0.00438647,0
7918,0.02300174,0
7919,0.00195332,0
7920,0.00744337,0
7921,0.01210545,0
7922,0.00195623,0
7923,0.00158419,0
7924,0.02326049,0
7925,0.00320596,0
7926,0.00266157,0
7927,0.02681388,0
7928,0.01135157,0
7929,0.00222951,0
7930,0.01256526,0
7931,0.01827100,0
7932,0.00249305,0
7933,0.02390613,0
7934,0.00541812,0
7935,0.00204321,0
7936,0.00581654,0
7937,0.01446565,0
7938,0.00290299,0
7939,0.03814190,0
7940,0.00562672,0
7941,0.01964755,0
7942,0.00254692,0
7943,0.00601375,0
7944,0.00500075,0
7945,0.01471008,0
7946,0.00281953,0
7947,0.01428963,0
7948,0.01266505,0
7949,0.00229415,0
7950,0.00486234,0
7951,0.00867637,0
7952,0.00079761,0
7953,0.00278113,0
7954,0.00458297,0
7955,0.02178893,0
7956,0.00369479,0
7957,0.00299359,0
7958,0.00091354,0
7959,0.00619930,0
7960,0.00262292,0
7961,0.00759457,0
7962,0.01006667,0
7963,0.00259445,0
7964,0.00347521,0
7965,0.02772056,0
7966,0.00308380,0
7967,0.01350438,0
7968,0.01041154,0
7969,0.00243460,0
7970,0.00506910,0
7971,0.01813782,0
7972,0.00291966,0
7973,0.00480380,0
7974,0.00491200,0
7975,0.00259735,0
7976,0.00439335,0
7977,0.02090026,0
7978,0.00193233,0
7979,0.00743727,0
7980,0.01210262,0
7981,0.00194923,0
7982,0.00172883,0
7983,0.02364089,0
7984,0.00316595,0
7985,0.00286330,0
7986,0.02828537,0
7987,0.01149725,0
7988,0.00243972,0
7989,0.01248373,0
7990,0.01791314,0
7991,0.00241896,0
7992,0.02188569,0
7993,0.00583840,0
7994,0.00191861,0
7995,0.00541811,0
7996,0.01332801,0
7997,0.00259510,0
7998,0.03988364,0
7999,0.00574133,0
8000,0.02081189,0
8001,0.00259830,0
8002,0.00617418,0
8003,0.00539873,0
8004,0.01494562,0
8005,0.00299299,0
8006,0.01382377,0
8007,0.01095982,0
8008,0.00232024,0
8009,0.00507476,0
8010,0.00862440,0
8011,0.00122014,0
8012,0.00287048,0
8013,0.00488277,0
8014,0.02129725,0
8015,0.00377690,0
8016,0.00309265,0
8017,0.00097705,0
8018,0.00576296,0
8019,0.00270627,0
8020,0.00677028,0
8021,0.01063466,0
8022,0.00264533,0
8023,0.00340060,0
8024,0.02682201,0
8025,0.00323530,0
8026,0.01415795,0
8027,0.01188839,0
8028,0.00244523,0
8029,0.00515260,0
8030,0.01723324,0
8031,0.00298844,0
8032,0.00477713,0
8033,0.00455308,0
8034,0.00240707,0
8035,0.00438580,0
8036,0.02194580,0
8037,0.00214145,0
8038,0.00770215,0
8039,0.01119317,0
8040,0.00198705,0
8041,0.00159950,0
8042,0.02424577,0
8043,0.00272632,0
8044,0.00256485,0
8045,0.02883397,0
8046,0.01119014,0
8047,0.00231933,0
8048,0.01239758,0
8049,0.01649999,0
8050,0.00236421,0
8051,0.02314567,0
8052,0.00568625,0
8053,0.00204102,0
8054,0.00520056,0
8055,0.01446032,0
8056,0.00274267,0
8057,0.03858041,0
8058,0.00591463,0
8059,0.01915429,0
8060,0.00248308,0
8061,0.00658160,0
8062,0.00545660,0
8063,0.01495165,0
8064,0.00283400,0
8065,0.01439539,0
8066,0.01246061,0
8067,0.00244293,0
8068,0.00455591,0
8069,0.00908787,0
8070,0.00092695,0
8071,0.00295837,0
8072,0.00508343,0
8073,0.02125614,0
8074,0.00372935,0
8075,0.00284378,0
8076,0.00096974,0
8077,0.00670760,0
8078,0.00262797,0
8079,0.00651822,0
8080,0.01070644,0
8081,0.00266076,0
8082,0.00375427,0
8083,0.02761461,0
8084,0.00341956,0
8085,0.01446786,0
8086,0.01318294,0
8087,0.00268242,0
8088,0.00524509,0
8089,0.01872600,0
8090,0.00295112,0
8091,0.00490348,0
8092,0.00532094,0
8093,0.00245394,0
8094,0.00431900,0
8095,0.02178506,0
8096,0.00198378,0
8097,0.00822228,0
8098,0.01159031,0
8099,0.00218058,0
8100,0.00168827,0
8101,0.02359233,0
8102,0.00273571,0
8103,0.00286257,0
8104,0.02972047,0
8105,0.01163343,0
8106,0.00272211,0
8107,0.01248871,0
8108,0.01791383,0
8109,0.00246527,0
8110,0.02374244,0
8111,0.00569990,0
8112,0.00200174,0
8113,0.00615088,0
8114,0.01462997,0
8115,0.00296783,0
8116,0.03761029,0
8117,0.00624016,0
8118,0.02250616,0
8119,0.00254907,0
8120,0.00643439,0
8121,0.00523081,0
8122,0.01530026,0
8123,0.00293054,0
8124,0.01339381,0
8125,0.01268172,0
8126,0.00244218,0
8127,0.00459670,0
8128,0.00874585,0
8129,0.00098797,0
8130,0.00293741,0
8131,0.00485159,0
8132,0.02182483,0
8133,0.00385834,0
8134,0.00287272,0
8135,0.00100698,0
8136,0.00711206,0
8137,0.00262828,0
8138,0.00675669,0
8139,0.01180848,0
8140,0.00228522,0
8141,0.00369306,0
8142,0.02954631,0
8143,0.00330823,0
8144,0.01467107,0
8145,0.01143010,0
8146,0.00248132,0
8147,0.00559557,0
8148,0.01916014,0
8149,0.00308150,0
8150,0.00492311,0
8151,0.00516345,0
8152,0.00243117,0
8153,0.00431426,0
8154,0.02440785,0
8155,0.00196025,0
8156,0.00790794,0
8157,0.01128795,0
8158,0.00191493,0
8159,0.00178446,0
8160,0.02642127,0
8161,0.00276755,0
8162,0.00278682,0
8163,0.02708398,0
8164,0.01083632,0
8165,0.00237517,0
8166,0.01192092,0
8167,0.01707986,0
8168,0.00243637,0
8169,0.02382225,0
8170,0.00585719,0
8171,0.00197677,0
8172,0.00601360,0
8173,0.01431285,0
8174,0.00280276,0
8175,0.04150121,0
8176,0.00639364,0
8177,0.02172145,0
8178,0.00244376,0
8179,0.00653925,0
8180,0.00552055,0
8181,0.01432170,0
8182,0.00268595,0
8183,0.01640404,0
8184,0.01314794,0
8185,0.00232058,0
8186,0.00471359,0
8187,0.00934236,0
8188,0.00085602,0
8189,0.00267892,0
8190,0.00469350,0
8191,0.02103859,0
8192,0.00387827,0
8193,0.00281909,0
8194,0.00103888,0
8195,0.00708981,0
8196,0.00250873,0
8197,0.00688476,0
8198,0.01138401,0
8199,0.00235210,0
8200,0.00373442,0
8201,0.02932359,0
8202,0.00327666,0
8203,0.01404032,0
8204,0.01237354,0
8205,0.00251836,0
8206,0.00525424,0
8207,0.01954191,0
8208,0.00284811,0
8209,0.00512483,0
8210,0.00496200,0
8211,0.00228677,0
8212,0.00446638,0
8213,0.02282798,0
8214,0.00188703,0
8215,0.00819999,0
8216,0.01014000,0
8217,0.00190272,0
8218,0.00173361,0
8219,0.02589313,0
8220,0.00271600,0
8221,0.00261275,0
8222,0.02733793,0
8223,0.01075634,0
8224,0.00247399,0
8225,0.01212461,0
8226,0.01761028,0
8227,0.00246812,0
8228,0.02418780,0
8229,0.00545695,0
8230,0.00192007,0
8231,0.00577965,0
8232,0.01420765,0
8233,0.00277776,0
8234,0.04281335,0
8235,0.00609308,0
8236,0.02299648,0
8237,0.00249834,0
8238,0.00627652,0
8239,0.00542481,0
8240,0.01412635,0
8241,0.00273003,0
8242,0.01427964,0
8243,0.01291012,0
8244,0.00243535,0
8245,0.00490605,0
8246,0.01018543,0
8247,0.00084578,0
8248,0.00283337,0
8249,0.00509607,0
8250,0.02063010,0
8251,0.00400265,0
8252,0.00280422,0
8253,0.00104726,0
8254,0.00740915,0
8255,0.00258599,0
8256,0.00699661,0
8257,0.01129814,0
8258,0.00224982,0
8259,0.00381132,0
8260,0.02987427,0
8261,0.00342030,0
8262,0.01532943,0
8263,0.01256631,0
8264,0.00243460,0
8265,0.00545939,0
8266,0.01878871,0
8267,0.00290453,0
8268,0.00500867,0
8269,0.00486193,0
8270,0.00220110,0
8271,0.00450416,0
8272,0.02461167,0
8273,0.00188170,0
8274,0.00801945,0
8275,0.01178989,0
8276,0.00190667,0
8277,0.00164131,0
8278,0.02646375,0
8279,0.00279578,0
8280,0.00265116,0
8281,0.02663134,0
8282,0.01127730,0
8283,0.00237056,0
8284,0.01296600,0
8285,0.01740353,0
8286,0.00241708,0
8287,0.02466814,0
8288,0.00594368,0
8289,0.00191334,0
8290,0.00607488,0
8291,0.01360866,0
8292,0.00294093,0
8293,0.04304563,0
8294,0.00682800,0
8295,0.02535455,0
8296,0.00240918,0
8297,0.00628192,0
8298,0.00581522,0
8299,0.01532703,0
8300,0.00285813,0
8301,0.01607720,0
8302,0.01317573,0
8303,0.00240088,0
8304,0.00489791,0
8305,0.00957365,0
8306,0.00093584,0
8307,0.00285981,0
8308,0.00485305,0
8309,0.02024495,0
8310,0.00417149,0
8311,0.00279893,0
8312,0.00115442,0
8313,0.00663715,0
8314,0.00239889,0
8315,0.00703474,0
8316,0.01065241,0
8317,0.00212343,0
8318,0.00382031,0
8319,0.02903758,0
8320,0.00339294,0
8321,0.01471423,0
8322,0.01227906,0
8323,0.00237943,0
8324,0.00556367,0
8325,0.01900642,0
8326,0.00267556,0
8327,0.00493241,0
8328,0.00492061,0
8329,0.00214479,0
8330,0.00474594,0
8331,0.02352632,0
8332,0.00192950,0
8333,0.00819215,0
8334,0.01092457,0
8335,0.00181866,0
8336,0.00183025,0
8337,0.02603242,0
8338,0.00299117,0
8339,0.00260167,0
8340,0.02583171,0
8341,0.01108035,0
8342,0.00231544,0
8343,0.01268405,0
8344,0.01726610,0
8345,0.00240600,0
8346,0.02426537,0
8347,0.00578527,0
8348,0.00187217,0
8349,0.00610761,0
8350,0.01382516,0
8351,0.00293783,0
8352,0.04610203,0
8353,0.00701820,0
8354,0.02118481,0
8355,0.00232799,0
8356,0.00660347,0
8357,0.00585787,0
8358,0.01622407,0
8359,0.00282573,0
8360,0.01568164,0
8361,0.01266024,0
8362,0.00220668,0
8363,0.00500750,0
8364,0.00956840,0
8365,0.00113527,0
8366,0.00265952,0
8367,0.00481555,0
8368,0.02316779,0
8369,0.00402536,0
8370,0.00296971,0
8371,0.00111282,0
8372,0.00696634,0
8373,0.00245717,0
8374,0.00745209,0
8375,0.01049979,0
8376,0.00218845,0
8377,0.00391117,0
8378,0.02841669,0
8379,0.00336371,0
8380,0.01429032,0
8381,0.01198181,0
8382,0.00242231,0
8383,0.00546640,0
8384,0.01788899,0
8385,0.00280143,0
8386,0.00507155,0
8387,0.00464795,0
8388,0.00226481,0
8389,0.00445995,0
8390,0.02626673,0
8391,0.00188971,0
8392,0.00856960,0
8393,0.01129502,0
8394,0.00190110,0
8395,0.00178914,0
8396,0.02544511,0
8397,0.00281428,0
8398,0.00254298,0
8399,0.02727660,0
8400,0.01129526,0
8401,0.00236017,0
8402,0.01218720,0
8403,0.01758405,0
8404,0.00227258,0
8405,0.02366879,0
8406,0.00583864,0
8407,0.00186043,0
8408,0.00590946,0
8409,0.01390849,0
8410,0.00279758,0
8411,0.04456082,0
8412,0.00678514,0
8413,0.02628571,0
8414,0.00223477,0
8415,0.00644704,0
8416,0.00582990,0
8417,0.01508032,0
8418,0.00272242,0
8419,0.01543029,0
8420,0.01338803,0
8421,0.00219189,0
8422,0.00506675,0
8423,0.00998788,0
8424,0.00086677,0
8425,0.00274663,0
8426,0.00497789,0
8427,0.02048179,0
8428,0.00408008,0
8429,0.00279323,0
8430,0.00106770,0
8431,0.00717773,0
8432,0.00235428,0
8433,0.00736609,0
8434,0.01170389,0
8435,0.00201102,0
8436,0.00369552,0
8437,0.02797941,0
8438,0.00342928,0
8439,0.01481640,0
8440,0.01204286,0
8441,0.00242202,0
8442,0.00553942,0
8443,0.01860345,0
8444,0.00278739,0
8445,0.00487441,0
8446,0.00510657,0
8447,0.00215663,0
8448,0.00449316,0
8449,0.02365429,0
8450,0.00192229,0
8451,0.00804379,0
8452,0.01161571,0
8453,0.00188220,0
8454,0.00188565,0
8455,0.02538886,0
8456,0.00284457,0
8457,0.00250537,0
8458,0.02858623,0
8459,0.01161996,0
8460,0.00234970,0
8461,0.01284863,0
8462,0.01683996,0
8463,0.00224993,0
8464,0.02449467,0
8465,0.00612412,0
8466,0.00178964,0
8467,0.00611148,0
8468,0.01419295,0
8469,0.00274605,0
8470,0.04436644,0
8471,0.00725040,0
8472,0.02458338,0
8473,0.00236667,0
8474,0.00666815,0
8475,0.00536315,0
8476,0.01467266,0
8477,0.00280937,0
8478,0.01708801,0
8479,0.01286751,0
8480,0.00214477,0
8481,0.00483327,0
8482,0.00984726,0
8483,0.00113020,0
8484,0.00261694,0
8485,0.00521513,0
8486,0.01941177,0
8487,0.00420976,0
8488,0.00289881,0
8489,0.00111344,0
8490,0.00660140,0
8491,0.00242652,0
8492,0.00730984,0
8493,0.01013675,0
8494,0.00214009,0
8495,0.00385049,0
8496,0.03004089,0
8497,0.00345072,0
8498,0.01518085,0
8499,0.01258752,0
8500,0.00241190,0
8501,0.00558251,0
8502,0.01893619,0
8503,0.00269223,0
8504,0.00501377,0
8505,0.00531515,0
8506,0.00221196,0
8507,0.00458148,0
8508,0.02393309,0
8509,0.00197067,0
8510,0.00805971,0
8511,0.01182280,0
8512,0.00196281,0
8513,0.00187821,0
8514,0.02744852,0
8515,0.00294108,0
8516,0.00248487,0
8517,0.02859214,0
8518,0.01142821,0
8519,0.00249455,0
8520,0.01253347,0
8521,0.01755275,0
8522,0.00234525,0
8523,0.02335260,0
8524,0.00631367,0
8525,0.00191185,0
8526,0.00607668,0
8527,0.01495872,0
8528,0.00271227,0
8529,0.04315330,0
8530,0.00680635,0
8531,0.02146449,0
8532,0.00237101,0
8533,0.00655125,0
8534,0.00513014,0
8535,0.01427230,0
8536,0.00274545,0
8537,0.01454608,0
8538,0.01299038,0
8539,0.00207510,0
8540,0.00481767,0
8541,0.00981753,0
8542,0.00105523,0
8543,0.00268696,0
8544,0.00477976,0
8545,0.01984563,0
8546,0.00401870,0
8547,0.00274145,0
8548,0.00108741,0
8549,0.00659943,0
8550,0.00234556,0
8551,0.00715489,0
8552,0.01226689,0
8553,0.00203642,0
8554,0.00394549,0
8555,0.02990178,0
8556,0.00324737,0
8557,0.01460295,0
8558,0.01148225,0
8559,0.00237680,0
8560,0.00580673,0
8561,0.01865179,0
8562,0.00276062,0
8563,0.00502405,0
8564,0.00485846,0
8565,0.00217710,0
8566,0.00448999,0
8567,0.02284224,0
8568,0.00186701,0
8569,0.00849171,0
8570,0.01123526,0
8571,0.00184114,0
8572,0.00194576,0
8573,0.02666426,0
8574,0.00302045,0
8575,0.00258814,0
8576,0.02827759,0
8577,0.01113488,0
8578,0.00229738,0
8579,0.01277838,0
8580,0.01709661,0
8581,0.00224014,0
8582,0.02345366,0
8583,0.00603344,0
8584,0.00193400,0
8585,0.00584927,0
8586,0.01459872,0
8587,0.00266014,0
8588,0.04412378,0
8589,0.00645107,0
8590,0.02955526,0
8591,0.00230642,0
8592,0.00670246,0
8593,0.00549662,0
8594,0.01470512,0
8595,0.00265757,0
8596,0.01822643,0
8597,0.01210187,0
8598,0.00208575,0
8599,0.00514032,0
8600,0.00983529,0
8601,0.00090850,0
8602,0.00244718,0
8603,0.00471517,0
8604,0.01803718,0
8605,0.00406881,0
8606,0.00287037,0
8607,0.00113674,0
8608,0.00694723,0
8609,0.00234276,0
8610,0.00746702,0
8611,0.01086369,0
8612,0.00212001,0
8613,0.00380261,0
8614,0.03080490,0
8615,0.00327685,0
8616,0.01520263,0
8617,0.01169218,0
8618,0.00219540,0
8619,0.00541731,0
8620,0.01788319,0
8621,0.00253866,0
8622,0.00498883,0
8623,0.00493691,0
8624,0.00228745,0
8625,0.00467799,0
8626,0.02345095,0
8627,0.00186436,0
8628,0.00890505,0
8629,0.01184883,0
8630,0.00181578,0
8631,0.00184976,0
8632,0.02650499,0
8633,0.00281387,0
8634,0.00260041,0
8635,0.02928613,0
8636,0.01108399,0
8637,0.00214959,0
8638,0.01226602,0
8639,0.01766045,0
8640,0.00229919,0
8641,0.02507389,0
8642,0.00634332,0
8643,0.00181434,0
8644,0.00626030,0
8645,0.01428875,0
8646,0.00266937,0
8647,0.04352308,0
8648,0.00708886,0
8649,0.02658697,0
8650,0.00218264,0
8651,0.00638359,0
8652,0.00543897,0
8653,0.01531257,0
8654,0.00270723,0
8655,0.01536626,0
8656,0.01344729,0
8657,0.00201807,0
8658,0.00525733,0
8659,0.01065371,0
8660,0.00094814,0
8661,0.00259105,0
8662,0.00471649,0
8663,0.02058758,0
8664,0.00412630,0
8665,0.00286283,0
8666,0.00105489,0
8667,0.00750266,0
8668,0.00232104,0
8669,0.00773832,0
8670,0.01178791,0
8671,0.00223584,0
8672,0.00417577,0
8673,0.03112770,0
8674,0.00318459,0
8675,0.01444910,0
8676,0.01312976,0
8677,0.00236789,0
8678,0.00547733,0
8679,0.01798763,0
8680,0.00281801,0
8681,0.00510473,0
8682,0.00467511,0
8683,0.00218587,0
8684,0.00482142,0
8685,0.02262916,0
8686,0.00186768,0
8687,0.00878536,0
8688,0.01103851,0
8689,0.00191035,0
8690,0.00195245,0
8691,0.02814072,0
8692,0.00305338,0
8693,0.00251276,0
8694,0.02802546,0
8695,0.01143235,0
8696,0.00230860,0
8697,0.01259663,0
8698,0.01749290,0
8699,0.00239708,0
8700,0.02542527,0
8701,0.00568840,0
8702,0.00180372,0
8703,0.00619515,0
8704,0.01409118,0
8705,0.00275417,0
8706,0.04131369,0
8707,0.00691528,0
8708,0.02670170,0
8709,0.00224659,0
8710,0.00624714,0
8711,0.00547952,0
8712,0.01468598,0
8713,0.00269797,0
8714,0.01571642,0
8715,0.01297351,0
8716,0.00219375,0
8717,0.00530458,0
8718,0.00961023,0
8719,0.00107187,0
8720,0.00265289,0
8721,0.00485389,0
8722,0.02023012,0
8723,0.00378772,0
8724,0.00282253,0
8725,0.00118173,0
8726,0.00692757,0
8727,0.00238486,0
8728,0.00704838,0
8729,0.01150043,0
8730,0.00231460,0
8731,0.00407698,0
8732,0.03222172,0
8733,0.00341429,0
8734,0.01442253,0
8735,0.01177260,0
8736,0.00237426,0
8737,0.00552741,0
8738,0.01798459,0
8739,0.00275140,0
8740,0.00505258,0
8741,0.00477216,0
8742,0.00213471,0
8743,0.00478080,0
8744,0.02296714,0
8745,0.00185285,0
8746,0.00836340,0
8747,0.01093277,0
8748,0.00194016,0
8749,0.00186470,0
8750,0.02290548,0
8751,0.00299780,0
8752,0.00252605,0
8753,0.02984426,0
8754,0.01104478,0
8755,0.00229163,0
8756,0.01278111,0
8757,0.01729170,0
8758,0.00237446,0
8759,0.02401101,0
8760,0.00587866,0
8761,0.00185369,0
8762,0.00614209,0
8763,0.01367037,0
8764,0.00260547,0
8765,0.04408988,0
8766,0.00665720,0
8767,0.02602429,0
8768,0.00229518,0
8769,0.00622814,0
8770,0.00527045,0
8771,0.01408040,0
8772,0.00274238,0
8773,0.01431814,0
8774,0.01284945,0
8775,0.00222308,0
8776,0.00532589,0
8777,0.01037718,0
8778,0.00099210,0
8779,0.00256688,0
8780,0.00504262,0
8781,0.02055749,0
8782,0.00400183,0
8783,0.00283020,0
8784,0.00110524,0
8785,0.00658295,0
8786,0.00235667,0
8787,0.00706804,0
8788,0.01173230,0
8789,0.00225774,0
8790,0.00405844,0
8791,0.03329971,0
8792,0.00320122,0
8793,0.01531151,0
8794,0.01214536,0
8795,0.00234668,0
8796,0.00558856,0
8797,0.01732546,0
8798,0.00257288,0
8799,0.00497138,0
8800,0.00476317,0
8801,0.00225736,0
8802,0.00471601,0
8803,0.02290702,0
8804,0.00177173,0
8805,0.00860885,0
8806,0.01067529,0
8807,0.00184284,0
8808,0.00175614,0
8809,0.02441227,0
8810,0.00262742,0
8811,0.00269121,0
8812,0.02873817,0
8813,0.01096607,0
8814,0.00231777,0
8815,0.01300459,0
8816,0.01631340,0
8817,0.00235336,0
8818,0.02360820,0
8819,0.00576495,0
8820,0.00179947,0
8821,0.00656566,0
8822,0.01484413,0
8823,0.00263369,0
8824,0.04275245,0
8825,0.00636969,0
8826,0.02832309,0
8827,0.00230727,0
8828,0.00586739,0
8829,0.00514703,0
8830,0.01435958,0
8831,0.00283969,0
8832,0.01632820,0
8833,0.01363236,0
8834,0.00219393,0
8835,0.00515429,0
8836,0.00919149,0
8837,0.00072320,0
8838,0.00270608,0
8839,0.00483367,0
8840,0.02084191,0
8841,0.00403041,0
8842,0.00286607,0
8843,0.00104566,0
8844,0.00683274,0
8845,0.00238566,0
8846,0.00716280,0
8847,0.01008530,0
8848,0.00218468,0
8849,0.00387357,0
8850,0.03064194,0
8851,0.00330344,0
8852,0.01458557,0
8853,0.01276492,0
8854,0.00242633,0
8855,0.00559816,0
8856,0.01808897,0
8857,0.00261882,0
8858,0.00485803,0
8859,0.00477575,0
8860,0.00221523,0
8861,0.00497922,0
8862,0.02173839,0
8863,0.00186455,0
8864,0.00909303,0
8865,0.01105045,0
8866,0.00197290,0
8867,0.00188692,0
8868,0.02506474,0
8869,0.00280284,0
8870,0.00265738,0
8871,0.02931504,0
8872,0.01136274,0
8873,0.00231967,0
8874,0.01256904,0
8875,0.02098297,0
8876,0.00248822,0
8877,0.02403617,0
8878,0.00606816,0
8879,0.00175740,0
8880,0.00613727,0
8881,0.01375870,0
8882,0.00267951,0
8883,0.03909301,0
8884,0.00697804,0
8885,0.02435410,0
8886,0.00231008,0
8887,0.00599713,0
8888,0.00554056,0
8889,0.01446139,0
8890,0.00279401,0
8891,0.01647302,0
8892,0.01254987,0
8893,0.00215166,0
8894,0.00546537,0
8895,0.00981650,0
8896,0.00082277,0
8897,0.00282796,0
8898,0.00470574,0
8899,0.02108425,0
8900,0.00379781,0
8901,0.00289040,0
8902,0.00118784,0
8903,0.00687086,0
8904,0.00244640,0
8905,0.00734014,0
8906,0.01142660,0
8907,0.00227401,0
8908,0.00377806,0
8909,0.03108888,0
8910,0.00349829,0
8911,0.01359301,0
8912,0.01230326,0
8913,0.00232565,0
8914,0.00525090,0
8915,0.01737680,0
8916,0.00262886,0
8917,0.00509160,0
8918,0.00521282,0
8919,0.00220017,0
8920,0.00469369,0
8921,0.02423209,0
8922,0.00186276,0
8923,0.00892747,0
8924,0.01037350,0
8925,0.00203473,0
8926,0.00191189,0
8927,0.02427643,0
8928,0.00304364,0
8929,0.00272389,0
8930,0.02732060,0
8931,0.01132035,0
8932,0.00238838,0
8933,0.01286432,0
8934,0.01990800,0
8935,0.00237983,0
8936,0.02550364,0
8937,0.00630080,0
8938,0.00194996,0
8939,0.00621992,0
8940,0.01520017,0
8941,0.00278712,0
8942,0.03956953,0
8943,0.00714859,0
8944,0.02191306,0
8945,0.00223058,0
8946,0.00593596,0
8947,0.00537917,0
8948,0.01530178,0
8949,0.00273936,0
8950,0.01413530,0
8951,0.01272047,0
8952,0.00211471,0
8953,0.00534845,0
8954,0.01006196,0
8955,0.00095233,0
8956,0.00265026,0
8957,0.00499378,0
8958,0.02038922,0
8959,0.00398059,0
8960,0.00297566,0
8961,0.00113431,0
8962,0.00641945,0
8963,0.00231004,0
8964,0.00735077,0
8965,0.01038120,0
8966,0.00215581,0
8967,0.00388161,0
8968,0.02918435,0
8969,0.00337136,0
8970,0.01447255,0
8971,0.01286091,0
8972,0.00227779,0
8973,0.00539524,0
8974,0.01798629,0
8975,0.00257525,0
8976,0.00510294,0
8977,0.00485726,0
8978,0.00212233,0
8979,0.00492554,0
8980,0.02389951,0
8981,0.00185474,0
8982,0.00870762,0
8983,0.01096771,0
8984,0.00190680,0
8985,0.00180129,0
8986,0.02672395,0
8987,0.00320402,0
8988,0.00250278,0
8989,0.02712744,0
8990,0.01116797,0
8991,0.00231832,0
8992,0.01327058,0
8993,0.01710231,0
8994,0.00229630,0
8995,0.02458150,0
8996,0.00554227,0
8997,0.00183229,0
8998,0.00609471,0
8999,0.01392252,0
9000,0.00268136,0
9001,0.04103790,0
9002,0.00735148,0
9003,0.02523494,0
9004,0.00215349,0
9005,0.00643455,0
9006,0.00535546,0
9007,0.01488417,0
9008,0.00268151,0
9009,0.01494667,0
9010,0.01313284,0
9011,0.00208170,0
9012,0.00505267,0
9013,0.01026929,0
9014,0.00084351,0
9015,0.00253116,0
9016,0.00496070,0
9017,0.01962670,0
9018,0.00391967,0
9019,0.00278977,0
9020,0.00118060,0
9021,0.00613640,0
9022,0.00234067,0
9023,0.00703404,0
9024,0.01103623,0
9025,0.00218945,0
9026,0.00413559,0
9027,0.02855944,0
9028,0.00337834,0
9029,0.01625107,0
9030,0.01351295,0
9031,0.00221630,0
9032,0.00533853,0
9033,0.01792401,0
9034,0.00268531,0
9035,0.00545151,0
9036,0.00528639,0
9037,0.00213796,0
9038,0.00458974,0
9039,0.02432610,0
9040,0.00189859,0
9041,0.00825324,0
9042,0.01151138,0
9043,0.00194021,0
9044,0.00189398,0
9045,0.02407335,0
9046,0.00297464,0
9047,0.00256060,0
9048,0.02801455,0
9049,0.01103940,0
9050,0.00232065,0
9051,0.01349857,0
9052,0.01674474,0
9053,0.00233472,0
9054,0.02354474,0
9055,0.00558329,0
9056,0.00183771,0
9057,0.00607694,0
9058,0.01490153,0
9059,0.00254335,0
9060,0.04839461,0
9061,0.00719329,0
9062,0.02166354,0
9063,0.00213591,0
9064,0.00551246,0
9065,0.00533113,0
9066,0.01533083,0
9067,0.00271915,0
9068,0.01421949,0
9069,0.01240507,0
9070,0.00215652,0
9071,0.00538575,0
9072,0.01099760,0
9073,0.00094596,0
9074,0.00259947,0
9075,0.00504906,0
9076,0.01874746,0
9077,0.00408657,0
9078,0.00269181,0
9079,0.00112068,0
9080,0.00683361,0
9081,0.00227322,0
9082,0.00726350,0
9083,0.01031500,0
9084,0.00214963,0
9085,0.00396792,0
9086,0.03036551,0
9087,0.00321860,0
9088,0.01502299,0
9089,0.01154603,0
9090,0.00219502,0
9091,0.00553568,0
9092,0.01754128,0
9093,0.00258933,0
9094,0.00510729,0
9095,0.00490081,0
9096,0.00211824,0
9097,0.00446338,0
9098,0.02439550,0
9099,0.00187033,0
9100,0.00934464,0
9101,0.01074240,0
9102,0.00184918,0
9103,0.00175573,0
9104,0.02533728,0
9105,0.00319710,0
9106,0.00261512,0
9107,0.02819351,0
9108,0.01102792,0
9109,0.00231451,0
9110,0.01292889,0
9111,0.01604119,0
9112,0.00230502,0
9113,0.02501212,0
9114,0.00630222,0
9115,0.00186359,0
9116,0.00655136,0
9117,0.01517159,0
9118,0.00260171,0
9119,0.04757383,0
9120,0.00697328,0
9121,0.02478507,0
9122,0.00205752,0
9123,0.00581845,0
9124,0.00556184,0
9125,0.01537872,0
9126,0.00263697,0
9127,0.01598489,0
9128,0.01290889,0
9129,0.00213822,0
9130,0.00495088,0
9131,0.01093171,0
9132,0.00151082,0
9133,0.00268143,0
9134,0.00518743,0
9135,0.02074877,0
9136,0.00400522,0
9137,0.00279094,0
9138,0.00111112,0
9139,0.00708334,0
9140,0.00224714,0
9141,0.00739450,0
9142,0.01001224,0
9143,0.00212067,0
9144,0.00403422,0
9145,0.02918342,0
9146,0.00309589,0
9147,0.01458758,0
9148,0.01221730,0
9149,0.00226459,0
9150,0.00535792,0
9151,0.01715226,0
9152,0.00274851,0
9153,0.00517882,0
9154,0.00505223,0
9155,0.00213934,0
9156,0.00458150,0
9157,0.02426949,0
9158,0.00180567,0
9159,0.00865443,0
9160,0.01088230,0
9161,0.00183602,0
9162,0.00182413,0
9163,0.02657917,0
9164,0.00319013,0
9165,0.00250425,0
9166,0.02703512,0
9167,0.01102692,0
9168,0.00222535,0
9169,0.01276808,0
9170,0.01792495,0
9171,0.00237798,0
9172,0.02538078,0
9173,0.00560177,0
9174,0.00194946,0
9175,0.00612879,0
9176,0.01663366,0
9177,0.00241319,0
9178,0.04355885,0
9179,0.00680659,0
9180,0.02384718,0
9181,0.00211885,0
9182,0.00568480,0
9183,0.00542641,0
9184,0.01473352,0
9185,0.00254059,0
9186,0.01386999,0
9187,0.01328426,0
9188,0.00198877,0
9189,0.00491542,0
9190,0.01070608,0
9191,0.00087933,0
9192,0.00248133,0
9193,0.00504166,0
9194,0.01924274,0
9195,0.00427996,0
9196,0.00263304,0
9197,0.00107234,0
9198,0.00668700,0
9199,0.00229849,0
9200,0.00749250,0
9201,0.01010508,0
9202,0.00203837,0
9203,0.00387336,0
9204,0.02753265,0
9205,0.00309347,0
9206,0.01517055,0
9207,0.01192688,0
9208,0.00227581,0
9209,0.00535272,0
9210,0.01725326,0
9211,0.00262246,0
9212,0.00492428,0
9213,0.00458659,0
9214,0.00211488,0
9215,0.00473739,0
9216,0.02456517,0
9217,0.00180106,0
9218,0.00951657,0
9219,0.01056501,0
9220,0.00187307,0
9221,0.00177598,0
9222,0.02310908,0
9223,0.00288378,0
9224,0.00243409,0
9225,0.02908042,0
9226,0.01068931,0
9227,0.00224250,0
9228,0.01277592,0
9229,0.01698063,0
9230,0.00225342,0
9231,0.02337823,0
9232,0.00583515,0
9233,0.00177141,0
9234,0.00625247,0
9235,0.01519308,0
9236,0.00260704,0
9237,0.04719286,0
9238,0.00730456,0
9239,0.02251129,0
9240,0.00208418,0
9241,0.00577207,0
9242,0.00579825,0
9243,0.01543275,0
9244,0.00261664,0
9245,0.01626656,0
9246,0.01323607,0
9247,0.00224875,0
9248,0.00516563,0
9249,0.01028882,0
9250,0.00090661,0
9251,0.00262996,0
9252,0.00488882,0
9253,0.02100008,0
9254,0.00406558,0
9255,0.00281001,0
9256,0.00111878,0
9257,0.00724225,0
9258,0.00215625,0
9259,0.00733875,0
9260,0.01042088,0
9261,0.00204557,0
9262,0.00395496,0
9263,0.02764233,0
9264,0.00325332,0
9265,0.01469339,0
9266,0.01204918,0
9267,0.00226754,0
9268,0.00532343,0
9269,0.01741715,0
9270,0.00245806,0
9271,0.00521116,0
9272,0.00477235,0
9273,0.00215245,0
9274,0.00465060,0
9275,0.02546457,0
9276,0.00183659,0
9277,0.00903626,0
9278,0.01165717,0
9279,0.00187884,0
9280,0.00185030,0
9281,0.02532910,0
9282,0.00292683,0
9283,0.00237765,0
9284,0.02856350,0
9285,0.01140284,0
9286,0.00215140,0
9287,0.01316332,0
9288,0.01630652,0
9289,0.00226999,0
9290,0.02383565,0
9291,0.00587494,0
9292,0.00177956,0
9293,0.00658053,0
9294,0.01606999,0
9295,0.00267518,0
9296,0.04705910,0
9297,0.00762706,0
9298,0.02646682,0
9299,0.00216368,0
9300,0.00619697,0
9301,0.00529070,0
9302,0.01421218,0
9303,0.00257154,0
9304,0.01344644,0
9305,0.01347565,0
9306,0.00208952,0
9307,0.00520338,0
9308,0.01098357,0
9309,0.00126474,0
9310,0.00247435,0
9311,0.00553392,0
9312,0.02130261,0
9313,0.00419683,0
9314,0.00270515,0
9315,0.00120767,0
9316,0.00664739,0
9317,0.00215388,0
9318,0.00709614,0
9319,0.01092801,0
9320,0.00212538,0
9321,0.00408632,0
9322,0.02749602,0
9323,0.00303313,0
9324,0.01470349,0
9325,0.01147779,0
9326,0.00228097,0
9327,0.00574012,0
9328,0.01652526,0
9329,0.00261281,0
9330,0.00521953,0
9331,0.00506190,0
9332,0.00216494,0
9333,0.00475661,0
9334,0.02364922,0
9335,0.00184084,0
9336,0.00838656,0
9337,0.01142277,0
9338,0.00183733,0
9339,0.00182016,0
9340,0.02493731,0
9341,0.00300894,0
9342,0.00236804,0
9343,0.02889977,0
9344,0.01072732,0
9345,0.00219380,0
9346,0.01273665,0
9347,0.01666315,0
9348,0.00228720,0
9349,0.02529716,0
9350,0.00569888,0
9351,0.00177282,0
9352,0.00602635,0
9353,0.01518954,0
9354,0.00255219,0
9355,0.04671008,0
9356,0.00693413,0
9357,0.02614820,0
9358,0.00222796,0
9359,0.00620378,0
9360,0.00530435,0
9361,0.01478334,0
9362,0.00270271,0
9363,0.01509473,0
9364,0.01228893,0
9365,0.00195765,0
9366,0.00468169,0
9367,0.01020734,0
9368,0.00107273,0
9369,0.00249287,0
9370,0.00503801,0
9371,0.02046899,0
9372,0.00395240,0
9373,0.00259170,0
9374,0.00119137,0
9375,0.00598166,0
9376,0.00235519,0
9377,0.00792237,0
9378,0.01103873,0
9379,0.00201684,0
9380,0.00415426,0
9381,0.03073619,0
9382,0.00326801,0
9383,0.01501546,0
9384,0.01272626,0
9385,0.00221023,0
9386,0.00563384,0
9387,0.01788175,0
9388,0.00266162,0
9389,0.00518032,0
9390,0.00453083,0
9391,0.00216346,0
9392,0.00458176,0
9393,0.02366502,0
9394,0.00187922,0
9395,0.00904441,0
9396,0.01115469,0
9397,0.00184383,0
9398,0.00185728,0
9399,0.02524670,0
9400,0.00285341,0
9401,0.00240355,0
9402,0.03136697,0
9403,0.01065288,0
9404,0.00212504,0
9405,0.01244544,0
9406,0.01817624,0
9407,0.00232350,0
9408,0.02343997,0
9409,0.00599261,0
9410,0.00168046,0
9411,0.00600964,0
9412,0.01501455,0
9413,0.00251338,0
9414,0.04911098,0
9415,0.00676249,0
9416,0.02540075,0
9417,0.00217088,0
9418,0.00616778,0
9419,0.00536564,0
9420,0.01480842,0
9421,0.00254799,0
9422,0.01599935,0
9423,0.01274470,0
9424,0.00208209,0
9425,0.00513804,0
9426,0.01092549,0
9427,0.00081673,0
9428,0.00255598,0
9429,0.00519316,0
9430,0.02012219,0
9431,0.00405745,0
9432,0.00274088,0
9433,0.00110539,0
9434,0.00653043,0
9435,0.00215780,0
9436,0.00755302,0
9437,0.01024626,0
9438,0.00217204,0
9439,0.00393281,0
9440,0.02862619,0
9441,0.00315800,0
9442,0.01548387,0
9443,0.01164368,0
9444,0.00232517,0
9445,0.00532370,0
9446,0.01672695,0
9447,0.00263060,0
9448,0.00516607,0
9449,0.00460919,0
9450,0.00222828,0
9451,0.00472182,0
9452,0.02230743,0
9453,0.00186309,0
9454,0.00943400,0
9455,0.01119294,0
9456,0.00186094,0
9457,0.00199060,0
9458,0.02447402,0
9459,0.00266913,0
9460,0.00246844,0
9461,0.02916769,0
9462,0.01127418,0
9463,0.00221180,0
9464,0.01316610,0
9465,0.01682543,0
9466,0.00223901,0
9467,0.02312067,0
9468,0.00640406,0
9469,0.00181407,0
9470,0.00627557,0
9471,0.01558885,0
9472,0.00251451,0
9473,0.04740667,0
9474,0.00685987,0
9475,0.03005847,0
9476,0.00219608,0
9477,0.00611791,0
9478,0.00524995,0
9479,0.01439598,0
9480,0.00245873,0
9481,0.01428353,0
9482,0.01259024,0
9483,0.00199721,0
9484,0.00526361,0
9485,0.01054125,0
9486,0.00070299,0
9487,0.00259160,0
9488,0.00514415,0
9489,0.02050475,0
9490,0.00404618,0
9491,0.00262783,0
9492,0.00107856,0
9493,0.00650131,0
9494,0.00231082,0
9495,0.00762374,0
9496,0.01055472,0
9497,0.00198581,0
9498,0.00410167,0
9499,0.02830644,0
9500,0.00305062,0
9501,0.01439413,0
9502,0.01098461,0
9503,0.00226847,0
9504,0.00552759,0
9505,0.01749892,0
9506,0.00254413,0
9507,0.00498945,0
9508,0.00464443,0
9509,0.00219034,0
9510,0.00439450,0
9511,0.02181133,0
9512,0.00180181,0
9513,0.00899755,0
9514,0.01104289,0
9515,0.00185217,0
9516,0.00188650,0
9517,0.02581618,0
9518,0.00307963,0
9519,0.00255251,0
9520,0.02776984,0
9521,0.01094605,0
9522,0.00232339,0
9523,0.01316500,0
9524,0.01635305,0
9525,0.00236001,0
9526,0.02396404,0
9527,0.00590476,0
9528,0.00180774,0
9529,0.00664947,0
9530,0.01345994,0
9531,0.00270155,0
9532,0.04699431,0
9533,0.00659906,0
9534,0.02436727,0
9535,0.00223101,0
9536,0.00597045,0
9537,0.00561712,0
9538,0.01516907,0
9539,0.00275213,0
9540,0.01457264,0
9541,0.01272262,0
9542,0.00206319,0
9543,0.00521959,0
9544,0.01132577,0
9545,0.00101702,0
9546,0.00257085,0
9547,0.00527934,0
9548,0.02181154,0
9549,0.00406035,0
9550,0.00273666,0
9551,0.00115676,0
9552,0.00633343,0
9553,0.00228843,0
9554,0.00797146,0
9555,0.00999082,0
9556,0.00223729,0
9557,0.00420328,0
9558,0.02846464,0
9559,0.00305886,0
9560,0.01606062,0
9561,0.01255617,0
9562,0.00244245,0
9563,0.00574698,0
9564,0.01758911,0
9565,0.00262566,0
9566,0.00529816,0
9567,0.00456772,0
9568,0.00223912,0
9569,0.00455422,0
9570,0.02368831,0
9571,0.00194342,0
9572,0.00928629,0
9573,0.01154147,0
9574,0.00195454,0
9575,0.00191007,0
9576,0.02461086,0
9577,0.00305379,0
9578,0.00251513,0
9579,0.02955546,0
9580,0.01078341,0
9581,0.00226361,0
9582,0.01333790,0
9583,0.01687300,0
9584,0.00227487,0
9585,0.02372567,0
9586,0.00609363,0
9587,0.00180773,0
9588,0.00635851,0
9589,0.01568920,0
9590,0.00265950,0
9591,0.04541646,0
9592,0.00675316,0
9593,0.03089099,0
9594,0.00217300,0
9595,0.00617054,0
9596,0.00533024,0
9597,0.01480835,0
9598,0.00272665,0
9599,0.01547176,0
9600,0.01245122,0
9601,0.00205209,0
9602,0.00559785,0
9603,0.01096168,0
9604,0.00086110,0
9605,0.00244517,0
9606,0.00534061,0
9607,0.01963075,0
9608,0.00410813,0
9609,0.00285029,0
9610,0.00109661,0
9611,0.00619756,0
9612,0.00213027,0
9613,0.00804926,0
9614,0.00987123,0
9615,0.00216235,0
9616,0.00394657,0
9617,0.02823282,0
9618,0.00328039,0
9619,0.01584057,0
9620,0.01096755,0
9621,0.00224958,0
9622,0.00563305,0
9623,0.01682109,0
9624,0.00251756,0
9625,0.00548098,0
9626,0.00445071,0
9627,0.00219209,0
9628,0.00476354,0
9629,0.02321371,0
9630,0.00179864,0
9631,0.00927447,0
9632,0.01157955,0
9633,0.00181904,0
9634,0.00188016,0
9635,0.02727619,0
9636,0.00266500,0
9637,0.00255777,0
9638,0.03072755,0
9639,0.01158999,0
9640,0.00236001,0
9641,0.01307012,0
9642,0.01735197,0
9643,0.00229774,0
9644,0.02337758,0
9645,0.00647124,0
9646,0.00183259,0
9647,0.00624475,0
9648,0.01481998,0
9649,0.00278733,0
9650,0.04255596,0
9651,0.00737227,0
9652,0.03410194,0
9653,0.00213591,0
9654,0.00593998,0
9655,0.00524528,0
9656,0.01421359,0
9657,0.00281738,0
9658,0.01566988,0
9659,0.01274569,0
9660,0.00209202,0
9661,0.00536534,0
9662,0.01152480,0
9663,0.00100906,0
9664,0.00271971,0
9665,0.00521124,0
9666,0.02098524,0
9667,0.00417478,0
9668,0.00274189,0
9669,0.00116280,0
9670,0.00710733,0
9671,0.00218638,0
9672,0.00797251,0
9673,0.01041519,0
9674,0.00223740,0
9675,0.00439237,0
9676,0.02969647,0
9677,0.00328521,0
9678,0.01567097,0
9679,0.01357185,0
9680,0.00244391,0
9681,0.00591323,0
9682,0.01686789,0
9683,0.00252884,0
9684,0.00528090,0
9685,0.00474677,0
9686,0.00214131,0
9687,0.00459001,0
9688,0.02348102,0
9689,0.00182459,0
9690,0.00928322,0
9691,0.01101973,0
9692,0.00190327,0
9693,0.00188776,0
9694,0.02796523,0
9695,0.00304484,0
9696,0.00250013,0
9697,0.02858246,0
9698,0.01100162,0
9699,0.00227744,0
9700,0.01292169,0
9701,0.01810068,0
9702,0.00247655,0
9703,0.02461590,0
9704,0.00578352,0
9705,0.00189529,0
9706,0.00598855,0
9707,0.01539095,0
9708,0.00273944,0
9709,0.04504071,0
9710,0.00701218,0
9711,0.02496050,0
9712,0.00217825,0
9713,0.00621701,0
9714,0.00584010,0
9715,0.01550728,0
9716,0.00272049,0
9717,0.01494115,0
9718,0.01224919,0
9719,0.00207919,0
9720,0.00552120,0
9721,0.01153318,0
9722,0.00107090,0
9723,0.00258207,0
9724,0.00515010,0
9725,0.02036561,0
9726,0.00420336,0
9727,0.00264249,0
9728,0.00120003,0
9729,0.00653960,0
9730,0.00222847,0
9731,0.00831411,0
9732,0.01102454,0
9733,0.00213883,0
9734,0.00396314,0
9735,0.03158382,0
9736,0.00324857,0
9737,0.01483556,0
9738,0.01196728,0
9739,0.00235310,0
9740,0.00577611,0
9741,0.01772976,0
9742,0.00269029,0
9743,0.00561625,0
9744,0.00484005,0
9745,0.00223531,0
9746,0.00481960,0
9747,0.02493406,0
9748,0.00197060,0
9749,0.01002729,0
9750,0.01108859,0
9751,0.00192378,0
9752,0.00191030,0
9753,0.02890298,0
9754,0.00294021,0
9755,0.00262840,0
9756,0.02836861,0
9757,0.01143595,0
9758,0.00227792,0
9759,0.01283876,0
9760,0.01646427,0
9761,0.00233226,0
9762,0.02514517,0
9763,0.00589921,0
9764,0.00192126,0
9765,0.00648205,0
9766,0.01439592,0
9767,0.00263915,0
9768,0.04884368,0
9769,0.00689696,0
9770,0.02967282,0
9771,0.00228548,0
9772,0.00594565,0
9773,0.00617223,0
9774,0.01458623,0
9775,0.00279734,0
9776,0.01459532,0
9777,0.01244288,0
9778,0.00218853,0
9779,0.00557934,0
9780,0.01008792,0
9781,0.00105544,0
9782,0.00283909,0
9783,0.00539425,0
9784,0.02135286,0
9785,0.00425133,0
9786,0.00282679,0
9787,0.00120641,0
9788,0.00627755,0
9789,0.00247804,0
9790,0.00852217,0
9791,0.00983483,0
9792,0.00225640,0
9793,0.00413305,0
9794,0.03090363,0
9795,0.00321568,0
9796,0.01591463,0
9797,0.01298043,0
9798,0.00229386,0
9799,0.00581712,0
9800,0.01848713,0
9801,0.00263481,0
9802,0.00545809,0
9803,0.00498762,0
9804,0.00235553,0
9805,0.00473193,0
9806,0.02324034,0
9807,0.00193634,0
9808,0.01050258,0
9809,0.01186060,0
9810,0.00204796,0
9811,0.00205733,0
9812,0.02817639,0
9813,0.00312127,0
9814,0.00266812,0
9815,0.03086439,0
9816,0.01199086,0
9817,0.00218984,0
9818,0.01288337,0
9819,0.01922881,0
9820,0.00231728,0
9821,0.02513383,0
9822,0.00655277,0
9823,0.00184714,0
9824,0.00652743,0
9825,0.01711836,0
9826,0.00285999,0
9827,0.04855626,0
9828,0.00733814,0
9829,0.03328397,0
9830,0.00219832,0
9831,0.00561945,0
9832,0.00522811,0
9833,0.01536211,0
9834,0.00270273,0
9835,0.01641841,0
9836,0.01338845,0
9837,0.00209953,0
9838,0.00562130,0
9839,0.01129046,0
9840,0.00089778,0
9841,0.00274663,0
9842,0.00560375,0
9843,0.02183152,0
9844,0.00420134,0
9845,0.00291638,0
9846,0.00107161,0
9847,0.00646426,0
9848,0.00247839,0
9849,0.00818850,0
9850,0.01131070,0
9851,0.00238531,0
9852,0.00424222,0
9853,0.03234190,0
9854,0.00343636,0
9855,0.01571053,0
9856,0.01191138,0
9857,0.00254115,0
9858,0.00579416,0
9859,0.01871683,0
9860,0.00277551,0
9861,0.00536206,0
9862,0.00478675,0
9863,0.00247772,0
9864,0.00474058,0
9865,0.02283556,0
9866,0.00206389,0
9867,0.01051607,0
9868,0.01160186,0
9869,0.00209926,0
9870,0.00206146,0
9871,0.02697161,0
9872,0.00318298,0
9873,0.00292568,0
9874,0.03218637,0
9875,0.01186593,0
9876,0.00242967,0
9877,0.01289242,0
9878,0.01785233,0
9879,0.00260071,0
9880,0.02376017,0
9881,0.00620109,0
9882,0.00186231,0
9883,0.00666812,0
9884,0.01698947,0
9885,0.00298576,0
9886,0.04499237,0
9887,0.00755503,0
9888,0.02613055,0
9889,0.00239207,0
9890,0.00565114,0
9891,0.00581052,0
9892,0.01362183,0
9893,0.00280295,0
9894,0.01530283,0
9895,0.01297680,0
9896,0.00222204,0
9897,0.00555921,0
9898,0.00945116,0
9899,0.00102523,0
9900,0.00298209,0
9901,0.00489263,0
9902,0.02080901,0
9903,0.00358174,0
9904,0.00303538,0
9905,0.00113470,0
9906,0.00620593,0
9907,0.00239994,0
9908,0.00822979,0
9909,0.01003023,0
9910,0.00241595,0
9911,0.00409341,0
9912,0.03194918,0
9913,0.00340543,0
9914,0.01513521,0
9915,0.01126283,0
9916,0.00257472,0
9917,0.00540269,0
9918,0.01784604,0
9919,0.00293802,0
9920,0.00542582,0
9921,0.00496201,0
9922,0.00250747,0
9923,0.00464989,0
9924,0.02318014,0
9925,0.00194022,0
9926,0.00992559,0
9927,0.01160494,0
9928,0.00205407,0
9929,0.00218092,0
9930,0.02589968,0
9931,0.00341295,0
9932,0.00285069,0
9933,0.03220259,0
9934,0.01186996,0
9935,0.00231993,0
9936,0.01307220,0
9937,0.01855911,0
9938,0.00237114,0
9939,0.02389027,0
9940,0.00647517,0
9941,0.00199882,0
9942,0.00678255,0
9943,0.01667492,0
9944,0.00284589,0
9945,0.04506275,0
9946,0.00727490,0
9947,0.02970965,0
9948,0.00226633,0
9949,0.00557961,0
9950,0.00570917,0
9951,0.01387642,0
9952,0.00292450,0
9953,0.01632448,0
9954,0.01343973,0
9955,0.00218133,0
9956,0.00564194,0
9957,0.01046425,0
9958,0.00084222,0
9959,0.00274659,0
9960,0.00514960,0
9961,0.02201072,0
9962,0.00388232,0
9963,0.00285958,0
9964,0.00115180,0
9965,0.00645647,0
9966,0.00229547,0
9967,0.00771099,0
9968,0.00982945,0
9969,0.00230442,0
9970,0.00400007,0
9971,0.02860910,0
9972,0.00350834,0
9973,0.01521955,0
9974,0.01229657,0
9975,0.00255053,0
9976,0.00540972,0
9977,0.01732161,0
9978,0.00286898,0
9979,0.00559855,0
9980,0.00471050,0
9981,0.00233241,0
9982,0.00491635,0
9983,0.02487792,0
9984,0.00194724,0
9985,0.01008890,0
9986,0.01010410,0
9987,0.00182429,0
9988,0.00194627,0
9989,0.02417431,0
9990,0.00317037,0
9991,0.00264961,0
9992,0.03018600,0
9993,0.01137107,0
9994,0.00230836,0
9995,0.01311841,0
9996,0.01759622,0
9997,0.00219697,0
9998,0.02521463,0
9999,0.00646285,0
