step,entropy,in_repeat_run
0,2.27282500,0
1,2.18141632,0
2,1.90004358,0
3,0.05525369,0
4,0.15831098,0
5,0.48626544,0
6,0.00679613,0
7,1.90476882,0
8,0.00552750,0
9,1.21513001,0
10,0.00282259,0
11,1.17799349,0
12,0.54377673,0
13,0.00045993,0
14,0.00079631,0
15,0.00091478,0
16,0.36538832,0
17,0.00129790,0
18,0.45638717,0
19,0.00011737,0
20,0.00206900,0
21,0.79520170,0
22,0.00560006,0
23,0.02183529,0
24,0.00765435,0
25,1.16214012,0
26,0.01455279,0
27,1.41894149,0
28,0.00205455,0
29,1.44650998,0
30,0.00225548,0
31,0.55719714,0
32,0.00400479,0
33,1.80105638,0
34,0.00229847,0
35,1.95094653,0
36,0.00327545,0
37,0.19773532,0
38,0.00093034,0
39,1.02327799,0
40,0.00508176,0
41,0.00101022,0
42,0.19038725,0
43,0.00110357,0
44,1.15480309,0
45,0.01108115,0
46,0.47942761,0
47,0.01627434,0
48,0.02388344,0
49,1.09796055,0
50,0.32098256,0
51,0.87156733,0
52,0.72444604,0
53,0.48131362,0
54,0.00005265,0
55,1.31202228,0
56,0.18098297,0
57,2.01743914,0
58,0.09465074,0
59,1.48230267,0
60,0.38591997,0
61,0.98065717,0
62,1.03682458,0
63,1.33302625,0
64,0.01076221,0
65,0.02677628,0
66,1.32926223,0
67,0.01840803,0
68,1.02053887,0
69,0.01158677,0
70,1.19256686,0
71,0.03503189,0
72,0.00073477,0
73,0.00819129,0
74,0.74176100,0
75,0.62773150,0
76,2.18920036,0
77,2.36078763,0
78,0.00857403,0
79,2.00997071,0
80,2.27015913,0
81,1.72196127,0
82,1.13504625,0
83,2.21232722,0
84,1.21757861,0
85,1.74349137,0
86,0.63613942,0
87,1.49982467,0
88,1.32267165,0
89,0.00279716,0
90,0.00116719,0
91,0.00000970,0
92,0.06343133,0
93,0.02684812,0
94,0.96254482,0
95,0.99481780,0
96,1.95957906,0
97,0.53989641,0
98,1.84658421,0
99,1.20229099,0
100,0.28774187,0
101,0.15266390,0
102,0.27249798,0
103,0.88071481,0
104,1.53801298,0
105,1.30334803,0
106,0.00038345,0
107,2.12995346,0
108,1.84613061,0
109,0.04976635,0
110,0.09478268,0
111,0.00485034,0
112,0.00923545,0
113,0.70333416,0
114,0.03871588,0
115,0.02285739,0
116,0.09477987,0
117,0.26950385,0
118,0.53862231,0
119,1.04410378,0
120,2.05543228,0
121,1.98234982,0
122,0.94029536,0
123,0.52093549,0
124,0.25724380,0
125,0.30218030,0
126,0.19754223,0
127,1.50835661,0
128,0.61535983,0
129,0.35211427,0
130,1.53373785,0
131,0.56940336,0
132,0.52606312,0
133,0.68398541,0
134,0.02546791,0
135,0.18985011,0
136,0.00216145,0
137,1.47311557,0
138,0.47232797,0
139,0.72564182,0
140,1.43704247,0
141,0.00032101,0
142,1.77536100,0
143,1.53993991,0
144,1.48518808,0
145,0.96866895,0
146,0.95834619,0
147,0.11810033,0
148,0.59135639,0
149,0.57247200,0
150,1.57293038,0
151,0.91051798,0
152,1.04024493,0
153,0.44228182,0
154,0.49491213,0
155,0.86196046,0
156,0.40534986,0
157,0.10283713,0
158,0.45208563,0
159,2.40723401,0
160,0.00110473,0
161,1.85615659,0
162,0.02992902,0
163,1.35598298,0
164,1.89083037,0
165,0.55812257,0
166,0.00570689,0
167,1.47744488,0
168,0.69750758,0
169,1.46389709,0
170,1.15417631,0
171,2.01586297,0
172,0.00018503,0
173,0.19718300,0
174,1.08636479,0
175,0.78275638,0
176,0.03180199,0
177,0.82359318,0
178,0.02175709,0
179,0.00003572,0
180,0.72026511,0
181,1.30563466,0
182,1.62849915,0
183,2.47975009,0
184,0.45501665,0
185,0.35333049,0
186,0.00745576,0
187,1.55698470,0
188,1.74628160,0
189,0.46311355,0
190,0.00025614,0
191,2.25754148,0
192,1.06857674,0
193,0.79677190,0
194,0.30624919,0
195,1.64247366,0
196,0.72369352,0
197,0.41352734,0
198,0.01173527,0
199,0.00080740,0
200,1.16696670,0
201,1.58242061,0
202,0.31377522,0
203,0.36902620,0
204,0.89506416,0
205,0.00006883,0
206,0.01217899,0
207,0.04217609,0
208,0.00210373,0
209,0.92467771,0
210,0.94134694,0
211,0.62501824,0
212,0.01159656,0
213,0.08069641,0
214,0.00222893,0
215,1.06785560,0
216,1.63535260,0
217,1.79780324,0
218,0.00007111,0
219,0.35378253,0
220,0.00153345,0
221,1.23267403,0
222,1.97054651,0
223,0.35287674,0
224,0.00370013,0
225,0.41482458,0
226,0.03543562,0
227,0.01287583,0
228,0.35646409,0
229,0.95652732,0
230,0.00005567,0
231,0.07388449,0
232,1.10163611,0
233,1.54773360,0
234,1.26109098,0
235,1.19166472,0
236,1.28437223,0
237,1.86425885,0
238,0.78362848,0
239,0.00716665,0
240,0.77797205,0
241,2.19166597,0
242,0.69557274,0
243,0.09636204,0
244,0.25966489,0
245,1.76699383,0
246,0.20288748,0
247,0.02240447,0
248,0.08372262,0
249,0.00012792,0
250,0.00019054,0
251,2.20349371,0
252,0.65803870,0
253,1.06326990,0
254,0.08133729,0
255,0.00041901,0
256,0.00073390,0
257,0.00006818,0
258,0.01859711,0
259,0.02299443,0
260,0.02332258,0
261,0.00998405,0
262,1.04990120,0
263,0.00002185,0
264,0.00012527,0
265,0.04187804,0
266,0.00049654,0
267,0.93749637,0
268,1.61078520,0
269,2.19260484,0
270,0.18406523,0
271,1.14194755,0
272,0.32866323,0
273,1.38001786,0
274,1.50373755,0
275,0.72816407,0
276,1.28489807,0
277,0.04797833,0
278,0.00430403,0
279,0.58769305,0
280,0.92027827,0
281,0.42886927,0
282,0.00016058,0
283,0.13087402,0
284,0.04481977,0
285,0.05218267,0
286,0.83739873,0
287,1.04132873,0
288,0.16765361,0
289,0.00088302,0
290,0.95414796,0
291,0.01840440,0
292,0.62216003,0
293,0.18136953,0
294,2.28299351,0
295,0.82997935,0
296,0.00002678,0
297,2.43475857,0
298,0.03939480,0
299,0.09148867,0
300,0.00019761,0
301,0.41800990,0
302,1.59758522,0
303,0.01453298,0
304,2.50978924,0
305,0.57500791,0
306,0.00130765,0
307,0.00118640,0
308,0.99046082,0
309,0.23768778,0
310,1.48240486,0
311,0.01396130,0
312,0.09467577,0
313,0.00027815,0
314,0.21164102,0
315,1.14259075,0
316,0.00239474,0
317,2.53577944,0
318,1.63109447,0
319,0.04875854,0
320,0.05270098,0
321,0.39445965,0
322,2.23929185,0
323,0.00003960,0
324,1.43904418,0
325,0.08774486,0
326,0.22587467,0
327,0.00020514,0
328,0.64049408,0
329,1.58210525,0
330,0.00264584,0
331,2.28782531,0
332,0.32441706,0
333,0.01131499,0
334,0.26582200,0
335,0.00023484,0
336,0.03987107,0
337,0.30973669,0
338,0.12805128,0
339,0.02744451,0
340,0.00113131,0
341,0.01125052,0
342,0.00004016,0
343,0.03963678,0
344,0.60653311,0
345,0.00027846,0
346,1.22839357,0
347,0.00181250,0
348,0.01988014,0
349,0.00071867,0
350,0.03318420,0
351,0.00011560,0
352,0.00155333,0
353,0.04150292,0
354,1.98263758,0
355,0.00007216,0
356,0.77436670,0
357,0.00215771,0
358,0.89937070,0
359,0.70396413,0
360,0.06694238,0
361,0.72892635,0
362,0.00679913,0
363,0.01473951,0
364,0.73049793,0
365,0.38499530,0
366,0.21499343,0
367,0.07060801,0
368,0.22156971,0
369,1.12769904,0
370,1.42902801,0
371,0.00560786,0
372,0.23752753,0
373,0.02556111,0
374,1.46147318,0
375,1.81644483,0
376,0.00553864,0
377,0.53312643,0
378,1.86106714,0
379,2.08556157,0
380,0.01166501,0
381,0.78499610,0
382,0.54033453,0
383,0.00052928,0
384,1.15552524,0
385,1.00269371,0
386,0.02219642,0
387,0.00019098,0
388,0.79091457,0
389,1.75123324,0
390,0.00001046,0
391,1.04746204,0
392,0.40221128,0
393,0.72061243,0
394,1.05739466,0
395,1.38437006,0
396,0.87113299,0
397,0.00650422,0
398,0.16494067,0
399,1.49344367,0
400,1.05259820,0
401,0.62309424,0
402,0.81315938,0
403,0.00321620,0
404,0.02274934,0
405,0.00005934,0
406,0.55151980,0
407,0.41420887,0
408,0.81658534,0
409,0.94875911,0
410,0.00320261,0
411,0.00001511,0
412,0.80140994,0
413,0.09514145,0
414,0.06600932,0
415,0.00079624,0
416,0.21798083,0
417,1.59757705,0
418,0.00203653,0
419,2.31313372,0
420,1.47020519,0
421,0.00524720,0
422,1.05828187,0
423,0.78484099,0
424,0.00011583,0
425,0.00382985,0
426,0.07896205,0
427,0.17673204,0
428,0.57634350,0
429,0.00895936,0
430,0.00000338,0
431,0.00004171,0
432,0.07001616,0
433,1.00736184,0
434,0.00068002,0
435,2.45833918,0
436,1.16185831,0
437,0.21864604,0
438,0.00898631,0
439,1.71789727,0
440,0.27852237,0
441,0.09558000,0
442,0.55874233,0
443,0.03420644,0
444,0.00006244,0
445,0.05734820,0
446,0.07353671,0
447,0.00000960,0
448,0.33913314,0
449,0.00010300,0
450,0.21577417,0
451,0.41116015,0
452,0.05919078,0
453,0.01557607,0
454,0.00034571,0
455,0.00024448,0
456,0.00292075,0
457,0.00131510,0
458,0.00673988,0
459,0.00925633,0
460,0.15194383,0
461,0.53889396,0
462,0.17641767,0
463,0.00021362,0
464,0.03285786,0
465,0.00220005,0
466,0.52642783,0
467,0.92158241,0
468,0.00149325,0
469,0.04901151,0
470,0.59989170,0
471,0.30686352,0
472,0.00052173,0
473,0.02724145,0
474,0.03856456,0
475,0.10058295,0
476,0.03695157,0
477,0.00188520,0
478,0.00266443,0
479,0.00017878,0
480,0.07043092,0
481,0.07130197,0
482,0.00002078,0
483,0.00305086,0
484,0.01086830,0
485,0.01026067,0
486,0.02977842,0
487,0.06089313,0
488,0.03010378,0
489,0.00353398,0
490,0.10086856,0
491,0.00657013,0
492,0.00696595,0
493,0.00255228,0
494,0.00240772,0
495,0.00034631,0
496,0.00022852,0
497,0.00006066,0
498,0.00008810,0
499,0.00163841,0
500,0.00338824,0
501,0.06467377,0
502,0.00200045,0
503,0.00030105,0
504,0.02214733,0
505,0.00533841,0
506,0.00038226,0
507,0.00164446,0
508,0.00678339,0
509,0.13992511,0
510,0.00078239,0
511,0.01223710,0
512,0.01820809,0
513,0.00072215,0
514,0.00190136,0
515,0.00041922,0
516,0.00020165,0
517,0.00052832,0
518,0.00837333,0
519,0.00053965,0
520,0.00214367,0
521,0.00120084,0
522,0.00002997,0
523,0.00022817,0
524,0.00007315,0
525,0.00208925,0
526,0.00019795,0
527,0.00181060,0
528,0.00052948,0
529,0.00015725,0
530,0.00041945,0
531,0.00068935,0
532,0.00040646,0
533,0.00052363,0
534,0.00038664,0
535,0.00058791,0
536,0.00036742,0
537,0.00236737,0
538,0.01867106,0
539,0.00014581,0
540,0.00244057,0
541,0.00051394,0
542,0.00119662,0
543,0.00220465,0
544,0.00084862,0
545,0.00167146,0
546,0.00122434,0
547,0.00032640,0
548,0.00177585,0
549,0.00032721,0
550,0.00436230,0
551,0.00059940,0
552,0.13954710,0
553,0.59369103,0
554,0.14445552,0
555,0.00059905,0
556,0.03840153,0
557,0.00746341,0
558,0.13276508,0
559,0.03437707,0
560,0.00243510,0
561,0.00236095,0
562,0.00245429,0
563,0.00242787,0
564,0.00128805,0
565,0.00256568,0
566,0.00185772,0
567,0.00048976,0
568,0.00094746,0
569,0.00140227,0
570,0.00060469,0
571,0.00075879,0
572,0.00197731,0
573,0.00907512,0
574,0.00016605,0
575,0.00186521,0
576,0.00189691,0
577,0.00201923,0
578,0.00431672,0
579,0.00461258,0
580,0.00160421,0
581,0.00085993,0
582,0.00065276,0
583,0.00125226,0
584,0.00144748,0
585,0.00160520,0
586,0.00077687,0
587,0.00142331,0
588,0.00067207,0
589,0.00041193,0
590,0.00092688,0
591,0.00037581,0
592,0.00160032,0
593,0.01228423,0
594,0.00385243,0
595,0.00060711,0
596,0.00407152,0
597,0.00301219,0
598,0.00004815,0
599,0.00031441,0
600,0.00034482,0
601,0.00597754,0
602,0.00115819,0
603,0.00384952,0
604,0.00126137,0
605,0.00110085,0
606,0.00120536,0
607,0.00053382,0
608,0.00120871,0
609,0.00322896,0
610,0.00263481,0
611,0.00235283,0
612,0.00269274,0
613,0.00344363,0
614,0.00003035,0
615,0.00042953,0
616,0.00013533,0
617,0.00135731,0
618,0.00057264,0
619,0.00263786,0
620,0.00135674,0
621,0.00066988,0
622,0.00121948,0
623,0.00127184,0
624,0.00119591,0
625,0.00082244,0
626,0.00121790,0
627,0.00126779,0
628,0.00078290,0
629,0.00226795,0
630,0.00528227,0
631,0.00029343,0
632,0.00218929,0
633,0.00106088,0
634,0.00183132,0
635,0.00430125,0
636,0.00217430,0
637,0.00272170,0
638,0.00285982,0
639,0.00096391,0
640,0.00261660,0
641,0.00089614,0
642,0.00809914,0
643,0.00112263,0
644,0.12024716,0
645,0.33945854,0
646,0.08814985,0
647,0.00085721,0
648,0.01934893,0
649,0.00532702,0
650,0.03502280,0
651,0.00789873,0
652,0.00338986,0
653,0.00201936,0
654,0.00186395,0
655,0.00326901,0
656,0.00236575,0
657,0.00379291,0
658,0.00341768,0
659,0.00080222,0
660,0.00136689,0
661,0.00222566,0
662,0.00092200,0
663,0.00135048,0
664,0.00282449,0
665,0.00499723,0
666,0.00029822,0
667,0.00252674,0
668,0.00221338,0
669,0.00293633,0
670,0.00646362,0
671,0.00844888,0
672,0.00303043,0
673,0.00198811,0
674,0.00162670,0
675,0.00187900,0
676,0.00253209,0
677,0.00290791,0
678,0.00145727,0
679,0.00211457,0
680,0.00131725,0
681,0.00069707,0
682,0.00165031,0
683,0.00084722,0
684,0.00253031,0
685,0.00928102,0
686,0.00626264,0
687,0.00127640,0
688,0.00432129,0
689,0.00431218,0
690,0.00003817,0
691,0.00081769,0
692,0.00021834,0
693,0.00175137,0
694,0.00146455,0
695,0.00457464,0
696,0.00139716,0
697,0.00116455,0
698,0.00155597,0
699,0.00089310,0
700,0.00166490,0
701,0.00471086,0
702,0.00195823,0
703,0.00240188,0
704,0.00342518,0
705,0.00349311,0
706,0.00002905,0
707,0.00085369,0
708,0.00015620,0
709,0.00128646,0
710,0.00093738,0
711,0.00320816,0
712,0.00215892,0
713,0.00090887,0
714,0.00178999,0
715,0.00200403,0
716,0.00140888,0
717,0.00097073,0
718,0.00153253,0
719,0.00162960,0
720,0.00231110,0
721,0.00197011,0
722,0.00427089,0
723,0.00038847,0
724,0.00331230,0
725,0.00115377,0
726,0.00204598,0
727,0.00535006,0
728,0.00269143,0
729,0.00330639,0
730,0.00311107,0
731,0.00106045,0
732,0.00258017,0
733,0.00125946,0
734,0.01184753,0
735,0.00196709,0
736,0.08446025,0
737,0.23033439,0
738,0.04987818,0
739,0.00117154,0
740,0.01520434,0
741,0.00485051,0
742,0.01474847,0
743,0.00701350,0
744,0.00465742,0
745,0.00316162,0
746,0.00227940,0
747,0.00397158,0
748,0.00301500,0
749,0.00437325,0
750,0.00483079,0
751,0.00122413,0
752,0.00162760,0
753,0.00283353,0
754,0.00123617,0
755,0.00167055,0
756,0.00424986,0
757,0.00465396,0
758,0.00040815,0
759,0.00300223,0
760,0.00276638,0
761,0.00404960,0
762,0.00735600,0
763,0.01351053,0
764,0.00397907,0
765,0.00339117,0
766,0.00233590,0
767,0.00236783,0
768,0.00312883,0
769,0.00339961,0
770,0.00167420,0
771,0.00260292,0
772,0.00188328,0
773,0.00124213,0
774,0.00201358,0
775,0.00122778,0
776,0.00269761,0
777,0.00743107,0
778,0.00718227,0
779,0.00146610,0
780,0.00499205,0
781,0.00482676,0
782,0.00002920,0
783,0.00083268,0
784,0.00022047,0
785,0.00120296,0
786,0.00183449,0
787,0.00523310,0
788,0.00165724,0
789,0.00124096,0
790,0.00168441,0
791,0.00124137,0
792,0.00185065,0
793,0.00651315,0
794,0.00171058,0
795,0.00242964,0
796,0.00350076,0
797,0.00406141,0
798,0.00002527,0
799,0.00034098,0
800,0.00023051,0
801,0.00079340,0
802,0.00100163,0
803,0.00331904,0
804,0.00297071,0
805,0.00107575,0
806,0.00214275,0
807,0.00211748,0
808,0.00145090,0
809,0.00102098,0
810,0.00166429,0
811,0.00157834,0
812,0.00237872,0
813,0.00211530,0
814,0.00402302,0
815,0.00045848,0
816,0.00313409,0
817,0.00187811,0
818,0.00252902,0
819,0.00543519,0
820,0.00239909,0
821,0.00387654,0
822,0.00348663,0
823,0.00129287,0
824,0.00264382,0
825,0.00147961,0
826,0.01159781,0
827,0.00169166,0
828,0.06398657,0
829,0.16792354,0
830,0.03591340,0
831,0.00158110,0
832,0.01243648,0
833,0.00429743,0
834,0.01174202,0
835,0.00664769,0
836,0.00446868,0
837,0.00363266,0
838,0.00207744,0
839,0.00395220,0
840,0.00305163,0
841,0.00472665,0
842,0.00605570,0
843,0.00151932,0
844,0.00181016,0
845,0.00308982,0
846,0.00122884,0
847,0.00177001,0
848,0.00471491,0
849,0.00449705,0
850,0.00047235,0
851,0.00314186,0
852,0.00328159,0
853,0.00467483,0
854,0.00800252,0
855,0.01128368,0
856,0.00431487,0
857,0.00287721,0
858,0.00233493,0
859,0.00226012,0
860,0.00329771,0
861,0.00406036,0
862,0.00179577,0
863,0.00283040,0
864,0.00175580,0
865,0.00141215,0
866,0.00236663,0
867,0.00139965,0
868,0.00271802,0
869,0.00651523,0
870,0.00707031,0
871,0.00157018,0
872,0.00443444,0
873,0.00450592,0
874,0.00002679,0
875,0.00075335,0
876,0.00024936,0
877,0.00115163,0
878,0.00210773,0
879,0.00576186,0
880,0.00196780,0
881,0.00171651,0
882,0.00209428,0
883,0.00157067,0
884,0.00234184,0
885,0.00976225,0
886,0.00201751,0
887,0.00230065,0
888,0.00353557,0
889,0.00406513,0
890,0.00001995,0
891,0.00116931,0
892,0.00021497,0
893,0.00089046,0
894,0.00117538,0
895,0.00372033,0
896,0.00304853,0
897,0.00131187,0
898,0.00248959,0
899,0.00271938,0
900,0.00170091,0
901,0.00119970,0
902,0.00196424,0
903,0.00180035,0
904,0.00147037,0
905,0.00234924,0
906,0.00475629,0
907,0.00052360,0
908,0.00377831,0
909,0.00154728,0
910,0.00278518,0
911,0.00592702,0
912,0.00297906,0
913,0.00388266,0
914,0.00342957,0
915,0.00178678,0
916,0.00265754,0
917,0.00162772,0
918,0.01254928,0
919,0.00211309,0
920,0.05172946,0
921,0.11985169,0
922,0.02711264,0
923,0.00158714,0
924,0.01046847,0
925,0.00342382,0
926,0.00815852,0
927,0.00767426,0
928,0.00458320,0
929,0.00397105,0
930,0.00253392,0
931,0.00440558,0
932,0.00335397,0
933,0.00447692,0
934,0.00689098,0
935,0.00167158,0
936,0.00212001,0
937,0.00365620,0
938,0.00141068,0
939,0.00207497,0
940,0.00451500,0
941,0.00467326,0
942,0.00053034,0
943,0.00308981,0
944,0.00305297,0
945,0.00507961,0
946,0.00779215,0
947,0.01254133,0
948,0.00533419,0
949,0.00302958,0
950,0.00291956,0
951,0.00303793,0
952,0.00315192,0
953,0.00435404,0
954,0.00206078,0
955,0.00294879,0
956,0.00199160,0
957,0.00157888,0
958,0.00260442,0
959,0.00161200,0
960,0.00303351,0
961,0.00674228,0
962,0.00775312,0
963,0.00179345,0
964,0.00466432,0
965,0.00510677,0
966,0.00002634,0
967,0.00083690,0
968,0.00029123,0
969,0.00142038,0
970,0.00213962,0
971,0.00568501,0
972,0.00251615,0
973,0.00188723,0
974,0.00269956,0
975,0.00191967,0
976,0.00276190,0
977,0.01268845,0
978,0.00227437,0
979,0.00241297,0
980,0.00390738,0
981,0.00436757,0
982,0.00001957,0
983,0.00123188,0
984,0.00023452,0
985,0.00105839,0
986,0.00149747,0
987,0.00385041,0
988,0.00448504,0
989,0.00157152,0
990,0.00293975,0
991,0.00326841,0
992,0.00198298,0
993,0.00132615,0
994,0.00225149,0
995,0.00185688,0
996,0.00245025,0
997,0.00281689,0
998,0.00503191,0
999,0.00058173,0
1000,0.00384304,0
1001,0.00188569,0
1002,0.00293954,0
1003,0.00571267,0
1004,0.00419606,0
1005,0.00471681,0
1006,0.00411224,0
1007,0.00161629,0
1008,0.00315166,0
1009,0.00204773,0
1010,0.01216599,0
1011,0.00277558,0
1012,0.04519492,0
1013,0.09884007,0
1014,0.02296703,0
1015,0.00192673,0
1016,0.01024703,0
1017,0.00336314,0
1018,0.00848098,0
1019,0.00807634,0
1020,0.00480460,0
1021,0.00436633,0
1022,0.00280112,0
1023,0.00457498,0
1024,0.00397119,0
1025,0.00473132,0
1026,0.00715067,0
1027,0.00209664,0
1028,0.00230671,0
1029,0.00380861,0
1030,0.00153193,0
1031,0.00233077,0
1032,0.00566968,0
1033,0.00488051,0
1034,0.00062467,0
1035,0.00329808,0
1036,0.00320707,0
1037,0.00573319,0
1038,0.00825801,0
1039,0.01122278,0
1040,0.00562219,0
1041,0.00370752,0
1042,0.00328885,0
1043,0.00362834,0
1044,0.00432645,0
1045,0.00548472,0
1046,0.00232035,0
1047,0.00354918,0
1048,0.00193311,0
1049,0.00172805,0
1050,0.00328607,0
1051,0.00194246,0
1052,0.00334937,0
1053,0.00679684,0
1054,0.00885043,0
1055,0.00194241,0
1056,0.00519151,0
1057,0.00547241,0
1058,0.00002216,0
1059,0.00071989,0
1060,0.00031297,0
1061,0.00108904,0
1062,0.00229309,0
1063,0.00603614,0
1064,0.00269565,0
1065,0.00189758,0
1066,0.00257223,0
1067,0.00215059,0
1068,0.00320406,0
1069,0.01225544,0
1070,0.00213279,0
1071,0.00273439,0
1072,0.00409055,0
1073,0.00443494,0
1074,0.00002287,0
1075,0.00029211,0
1076,0.00030511,0
1077,0.00106644,0
1078,0.00164632,0
1079,0.00426967,0
1080,0.00435054,0
1081,0.00162883,0
1082,0.00314938,0
1083,0.00322176,0
1084,0.00198487,0
1085,0.00141421,0
1086,0.00235041,0
1087,0.00181772,0
1088,0.00293738,0
1089,0.00281307,0
1090,0.00532242,0
1091,0.00060230,0
1092,0.00402188,0
1093,0.00121414,0
1094,0.00271913,0
1095,0.00588119,0
1096,0.00365661,0
1097,0.00557741,0
1098,0.00436969,0
1099,0.00198857,0
1100,0.00313342,0
1101,0.00184646,0
1102,0.01170243,0
1103,0.00233806,0
1104,0.03711114,0
1105,0.09064627,0
1106,0.01742193,0
1107,0.00200139,0
1108,0.00966332,0
1109,0.00342260,0
1110,0.00733979,0
1111,0.00778591,0
1112,0.00457260,0
1113,0.00438253,0
1114,0.00258049,0
1115,0.00468725,0
1116,0.00388078,0
1117,0.00521610,0
1118,0.00683834,0
1119,0.00195752,0
1120,0.00242168,0
1121,0.00372319,0
1122,0.00146095,0
1123,0.00221904,0
1124,0.00502726,0
1125,0.00493030,0
1126,0.00064288,0
1127,0.00324435,0
1128,0.00309904,0
1129,0.00595495,0
1130,0.00787033,0
1131,0.01178047,0
1132,0.00557354,0
1133,0.00352061,0
1134,0.00316907,0
1135,0.00350084,0
1136,0.00393619,0
1137,0.00535768,0
1138,0.00217658,0
1139,0.00337720,0
1140,0.00179592,0
1141,0.00156992,0
1142,0.00326397,0
1143,0.00189672,0
1144,0.00322027,0
1145,0.00708442,0
1146,0.00986055,0
1147,0.00204053,0
1148,0.00506341,0
1149,0.00595263,0
1150,0.00002099,0
1151,0.00106924,0
1152,0.00030242,0
1153,0.00103577,0
1154,0.00240467,0
1155,0.00658017,0
1156,0.00295233,0
1157,0.00193826,0
1158,0.00253930,0
1159,0.00217113,0
1160,0.00291287,0
1161,0.01249038,0
1162,0.00221377,0
1163,0.00278524,0
1164,0.00440067,0
1165,0.00429991,0
1166,0.00002331,0
1167,0.00192113,0
1168,0.00032211,0
1169,0.00218085,0
1170,0.00194325,0
1171,0.00423289,0
1172,0.00404013,0
1173,0.00173025,0
1174,0.00325579,0
1175,0.00349616,0
1176,0.00193160,0
1177,0.00161528,0
1178,0.00219403,0
1179,0.00217726,0
1180,0.00217880,0
1181,0.00292381,0
1182,0.00484024,0
1183,0.00065592,0
1184,0.00375542,0
1185,0.00139395,0
1186,0.00312591,0
1187,0.00542655,0
1188,0.00313774,0
1189,0.00535373,0
1190,0.00402645,0
1191,0.00240923,0
1192,0.00287421,0
1193,0.00216526,0
1194,0.01276633,0
1195,0.00120250,0
1196,0.02912865,0
1197,0.07920480,0
1198,0.01649631,0
1199,0.00185430,0
1200,0.00875235,0
1201,0.00364056,0
1202,0.00535297,0
1203,0.00809871,0
1204,0.00402304,0
1205,0.00422778,0
1206,0.00246668,0
1207,0.00444815,0
1208,0.00367275,0
1209,0.00436201,0
1210,0.00719545,0
1211,0.00222741,0
1212,0.00241429,0
1213,0.00370545,0
1214,0.00210464,0
1215,0.00247041,0
1216,0.00527382,0
1217,0.00486126,0
1218,0.00063754,0
1219,0.00301568,0
1220,0.00337991,0
1221,0.00546183,0
1222,0.00754593,0
1223,0.01226203,0
1224,0.00615217,0
1225,0.00346352,0
1226,0.00255566,0
1227,0.00333616,0
1228,0.00410186,0
1229,0.00636659,0
1230,0.00235670,0
1231,0.00340822,0
1232,0.00188494,0
1233,0.00170262,0
1234,0.00294828,0
1235,0.00179773,0
1236,0.00338023,0
1237,0.00683131,0
1238,0.00871590,0
1239,0.00186409,0
1240,0.00558761,0
1241,0.00546332,0
1242,0.00001923,0
1243,0.00050636,0
1244,0.00031255,0
1245,0.00094398,0
1246,0.00249330,0
1247,0.00620377,0
1248,0.00298253,0
1249,0.00209868,0
1250,0.00274092,0
1251,0.00245397,0
1252,0.00306021,0
1253,0.01444864,0
1254,0.00225190,0
1255,0.00240175,0
1256,0.00422374,0
1257,0.00444601,0
1258,0.00001958,0
1259,0.00171428,0
1260,0.00031768,0
1261,0.00094310,0
1262,0.00183618,0
1263,0.00382585,0
1264,0.00506641,0
1265,0.00190012,0
1266,0.00375145,0
1267,0.00363417,0
1268,0.00208535,0
1269,0.00168369,0
1270,0.00211538,0
1271,0.00225450,0
1272,0.00238962,0
1273,0.00239965,0
1274,0.00475696,0
1275,0.00058905,0
1276,0.00403933,0
1277,0.00188859,0
1278,0.00338082,0
1279,0.00509995,0
1280,0.00288354,0
1281,0.00487400,0
1282,0.00370725,0
1283,0.00255714,0
1284,0.00268490,0
1285,0.00258658,0
1286,0.01395282,0
1287,0.00248221,0
1288,0.02216204,0
1289,0.06859161,0
1290,0.01366081,0
1291,0.00189449,0
1292,0.00909330,0
1293,0.00343986,0
1294,0.00507292,0
1295,0.00783186,0
1296,0.00368979,0
1297,0.00389379,0
1298,0.00267509,0
1299,0.00453729,0
1300,0.00314192,0
1301,0.00396343,0
1302,0.00673531,0
1303,0.00220805,0
1304,0.00204396,0
1305,0.00383795,0
1306,0.00160581,0
1307,0.00226722,0
1308,0.00398500,0
1309,0.00475269,0
1310,0.00064345,0
1311,0.00319419,0
1312,0.00274005,0
1313,0.00537795,0
1314,0.00708012,0
1315,0.01036456,0
1316,0.00583991,0
1317,0.00343203,0
1318,0.00318317,0
1319,0.00333841,0
1320,0.00430604,0
1321,0.00608250,0
1322,0.00224227,0
1323,0.00359156,0
1324,0.00185880,0
1325,0.00187674,0
1326,0.00283091,0
1327,0.00194724,0
1328,0.00287107,0
1329,0.00659115,0
1330,0.00923788,0
1331,0.00179539,0
1332,0.00503188,0
1333,0.00552200,0
1334,0.00001786,0
1335,0.00054254,0
1336,0.00028623,0
1337,0.00093792,0
1338,0.00233969,0
1339,0.00496864,0
1340,0.00296917,0
1341,0.00218362,0
1342,0.00295328,0
1343,0.00250210,0
1344,0.00280943,0
1345,0.01254450,0
1346,0.00196832,0
1347,0.00229168,0
1348,0.00389384,0
1349,0.00391972,0
1350,0.00001571,0
1351,0.00096361,0
1352,0.00029607,0
1353,0.00137299,0
1354,0.00188797,0
1355,0.00416594,0
1356,0.00479375,0
1357,0.00182033,0
1358,0.00372298,0
1359,0.00358994,0
1360,0.00185755,0
1361,0.00149085,0
1362,0.00212813,0
1363,0.00197097,0
1364,0.00327161,0
1365,0.00216359,0
1366,0.00507832,0
1367,0.00062344,0
1368,0.00406409,0
1369,0.00226055,0
1370,0.00346555,0
1371,0.00488993,0
1372,0.00626767,0
1373,0.00488896,0
1374,0.00388238,0
1375,0.00167637,0
1376,0.00288339,0
1377,0.00241995,0
1378,0.01193416,0
1379,0.00239073,0
1380,0.01904992,0
1381,0.06841505,0
1382,0.01259206,0
1383,0.00209199,0
1384,0.00822597,0
1385,0.00342520,0
1386,0.00447231,0
1387,0.00853094,0
1388,0.00373404,0
1389,0.00387814,0
1390,0.00273773,0
1391,0.00469761,0
1392,0.00320096,0
1393,0.00423962,0
1394,0.00727607,0
1395,0.00193810,0
1396,0.00215788,0
1397,0.00344256,0
1398,0.00164491,0
1399,0.00242852,0
1400,0.00380609,0
1401,0.00480655,0
1402,0.00064866,0
1403,0.00309240,0
1404,0.00327018,0
1405,0.00525526,0
1406,0.00718122,0
1407,0.01398827,0
1408,0.00571355,0
1409,0.00337093,0
1410,0.00182821,0
1411,0.00349754,0
1412,0.00414903,0
1413,0.00696682,0
1414,0.00220506,0
1415,0.00325017,0
1416,0.00170834,0
1417,0.00186725,0
1418,0.00273197,0
1419,0.00200779,0
1420,0.00295660,0
1421,0.00697603,0
1422,0.00917396,0
1423,0.00187860,0
1424,0.00486972,0
1425,0.00525470,0
1426,0.00001592,0
1427,0.00052310,0
1428,0.00032440,0
1429,0.00093490,0
1430,0.00237690,0
1431,0.00464190,0
1432,0.00282896,0
1433,0.00210346,0
1434,0.00274444,0
1435,0.00233062,0
1436,0.00260414,0
1437,0.01162041,0
1438,0.00190102,0
1439,0.00209423,0
1440,0.00354381,0
1441,0.00378494,0
1442,0.00001641,0
1443,0.00124326,0
1444,0.00030503,0
1445,0.00106865,0
1446,0.00194039,0
1447,0.00364350,0
1448,0.00502134,0
1449,0.00196098,0
1450,0.00375796,0
1451,0.00370244,0
1452,0.00180978,0
1453,0.00153070,0
1454,0.00214826,0
1455,0.00188393,0
1456,0.00207172,0
1457,0.00197420,0
1458,0.00485520,0
1459,0.00061404,0
1460,0.00387156,0
1461,0.00183707,0
1462,0.00345178,0
1463,0.00485028,0
1464,0.00550160,0
1465,0.00372170,0
1466,0.00349491,0
1467,0.00171773,0
1468,0.00227371,0
1469,0.00251112,0
1470,0.01142686,0
1471,0.00231219,0
1472,0.01646849,0
1473,0.05973998,0
1474,0.01189236,0
1475,0.00199425,0
1476,0.00724206,0
1477,0.00278444,0
1478,0.00401264,0
1479,0.00769998,0
1480,0.00311162,0
1481,0.00341332,0
1482,0.00246841,0
1483,0.00395449,0
1484,0.00276342,0
1485,0.00357828,0
1486,0.00704255,0
1487,0.00189918,0
1488,0.00197283,0
1489,0.00352972,0
1490,0.00158517,0
1491,0.00237963,0
1492,0.00367087,0
1493,0.00399736,0
1494,0.00051858,0
1495,0.00253510,0
1496,0.00246704,0
1497,0.00449188,0
1498,0.00545565,0
1499,0.01269284,0
1500,0.00574683,0
1501,0.00316442,0
1502,0.00246972,0
1503,0.00272438,0
1504,0.00336623,0
1505,0.00593928,0
1506,0.00187754,0
1507,0.00329612,0
1508,0.00169235,0
1509,0.00161907,0
1510,0.00255091,0
1511,0.00160464,0
1512,0.00282644,0
1513,0.00627924,0
1514,0.00797404,0
1515,0.00158246,0
1516,0.00413343,0
1517,0.00420070,0
1518,0.00001342,0
1519,0.00066509,0
1520,0.00028213,0
1521,0.00087789,0
1522,0.00224453,0
1523,0.00447281,0
1524,0.00269742,0
1525,0.00160093,0
1526,0.00234008,0
1527,0.00227783,0
1528,0.00264223,0
1529,0.01367276,0
1530,0.00171056,0
1531,0.00186058,0
1532,0.00333067,0
1533,0.00347377,0
1534,0.00001249,0
1535,0.00063594,0
1536,0.00026825,0
1537,0.00107312,0
1538,0.00189600,0
1539,0.00330759,0
1540,0.00451627,0
1541,0.00184726,0
1542,0.00345644,0
1543,0.00332233,0
1544,0.00159880,0
1545,0.00148749,0
1546,0.00202175,0
1547,0.00194493,0
1548,0.00293387,0
1549,0.00193999,0
1550,0.00407683,0
1551,0.00053528,0
1552,0.00295997,0
1553,0.00152053,0
1554,0.00276737,0
1555,0.00437372,0
1556,0.00415338,0
1557,0.00358562,0
1558,0.00338668,0
1559,0.00183477,0
1560,0.00206530,0
1561,0.00252313,0
1562,0.01042587,0
1563,0.00214416,0
1564,0.01527667,0
1565,0.05243962,0
1566,0.01104426,0
1567,0.00193562,0
1568,0.00707007,0
1569,0.00272472,0
1570,0.00397453,0
1571,0.00728682,0
1572,0.00289317,0
1573,0.00321475,0
1574,0.00239764,0
1575,0.00376156,0
1576,0.00249009,0
1577,0.00347157,0
1578,0.00696092,0
1579,0.00175468,0
1580,0.00185274,0
1581,0.00333637,0
1582,0.00157055,0
1583,0.00210339,0
1584,0.00380941,0
1585,0.00397554,0
1586,0.00053383,0
1587,0.00251022,0
1588,0.00263098,0
1589,0.00428694,0
1590,0.00573296,0
1591,0.01026230,0
1592,0.00516979,0
1593,0.00299870,0
1594,0.00208737,0
1595,0.00275904,0
1596,0.00352575,0
1597,0.00603002,0
1598,0.00181566,0
1599,0.00314739,0
1600,0.00196259,0
1601,0.00155266,0
1602,0.00266875,0
1603,0.00164265,0
1604,0.00275046,0
1605,0.00572260,0
1606,0.00784722,0
1607,0.00147861,0
1608,0.00402404,0
1609,0.00406688,0
1610,0.00001270,0
1611,0.00056934,0
1612,0.00028798,0
1613,0.00084074,0
1614,0.00218003,0
1615,0.00398919,0
1616,0.00277096,0
1617,0.00170085,0
1618,0.00249256,0
1619,0.00236359,0
1620,0.00254029,0
1621,0.01251218,0
1622,0.00179442,0
1623,0.00175293,0
1624,0.00309842,0
1625,0.00353662,0
1626,0.00000994,0
1627,0.00056871,0
1628,0.00026817,0
1629,0.00107517,0
1630,0.00181020,0
1631,0.00332127,0
1632,0.00419535,0
1633,0.00206568,0
1634,0.00329885,0
1635,0.00327154,0
1636,0.00156786,0
1637,0.00152136,0
1638,0.00195547,0
1639,0.00184107,0
1640,0.00184200,0
1641,0.00188030,0
1642,0.00420842,0
1643,0.00053581,0
1644,0.00323618,0
1645,0.00159840,0
1646,0.00284903,0
1647,0.00439545,0
1648,0.00447325,0
1649,0.00418577,0
1650,0.00315247,0
1651,0.00185935,0
1652,0.00213712,0
1653,0.00227397,0
1654,0.01036757,0
1655,0.00232559,0
1656,0.01470507,0
1657,0.04798073,0
1658,0.01015955,0
1659,0.00183116,0
1660,0.00695468,0
1661,0.00272359,0
1662,0.00375315,0
1663,0.00687061,0
1664,0.00300061,0
1665,0.00319720,0
1666,0.00228323,0
1667,0.00396770,0
1668,0.00268687,0
1669,0.00332940,0
1670,0.00707084,0
1671,0.00191018,0
1672,0.00186080,0
1673,0.00338229,0
1674,0.00168861,0
1675,0.00199658,0
1676,0.00362913,0
1677,0.00388343,0
1678,0.00057210,0
1679,0.00225891,0
1680,0.00278834,0
1681,0.00424686,0
1682,0.00587542,0
1683,0.01300637,0
1684,0.00597306,0
1685,0.00305204,0
1686,0.00294791,0
1687,0.00283082,0
1688,0.00341655,0
1689,0.00583501,0
1690,0.00191880,0
1691,0.00311883,0
1692,0.00176977,0
1693,0.00168516,0
1694,0.00277092,0
1695,0.00185836,0
1696,0.00260975,0
1697,0.00574793,0
1698,0.00806799,0
1699,0.00153434,0
1700,0.00418535,0
1701,0.00431651,0
1702,0.00001248,0
1703,0.00049826,0
1704,0.00027107,0
1705,0.00075656,0
1706,0.00214600,0
1707,0.00413900,0
1708,0.00282039,0
1709,0.00170725,0
1710,0.00238305,0
1711,0.00227572,0
1712,0.00275840,0
1713,0.01289535,0
1714,0.00185182,0
1715,0.00199880,0
1716,0.00328056,0
1717,0.00319482,0
1718,0.00001163,0
1719,0.00063208,0
1720,0.00027089,0
1721,0.00098878,0
1722,0.00183821,0
1723,0.00322979,0
1724,0.00450972,0
1725,0.00202690,0
1726,0.00324558,0
1727,0.00344957,0
1728,0.00158604,0
1729,0.00160259,0
1730,0.00211942,0
1731,0.00195240,0
1732,0.00204224,0
1733,0.00161732,0
1734,0.00446000,0
1735,0.00050880,0
1736,0.00313379,0
1737,0.00178838,0
1738,0.00294149,0
1739,0.00444877,0
1740,0.00402899,0
1741,0.00394079,0
1742,0.00336460,0
1743,0.00201635,0
1744,0.00196612,0
1745,0.00228081,0
1746,0.01039838,0
1747,0.00240803,0
1748,0.01284211,0
1749,0.04266852,0
1750,0.01014907,0
1751,0.00190796,0
1752,0.00717897,0
1753,0.00283879,0
1754,0.00356331,0
1755,0.00697684,0
1756,0.00294208,0
1757,0.00332937,0
1758,0.00238875,0
1759,0.00404018,0
1760,0.00296985,0
1761,0.00327300,0
1762,0.00710684,0
1763,0.00212439,0
1764,0.00187251,0
1765,0.00334142,0
1766,0.00154328,0
1767,0.00214083,0
1768,0.00344238,0
1769,0.00426514,0
1770,0.00058721,0
1771,0.00251485,0
1772,0.00310690,0
1773,0.00433551,0
1774,0.00635619,0
1775,0.01180890,0
1776,0.00531761,0
1777,0.00324426,0
1778,0.00338706,0
1779,0.00295235,0
1780,0.00357742,0
1781,0.00641745,0
1782,0.00194573,0
1783,0.00333725,0
1784,0.00194307,0
1785,0.00182166,0
1786,0.00299907,0
1787,0.00186842,0
1788,0.00241479,0
1789,0.00585728,0
1790,0.00852649,0
1791,0.00162712,0
1792,0.00418002,0
1793,0.00445577,0
1794,0.00001226,0
1795,0.00093114,0
1796,0.00031018,0
1797,0.00079153,0
1798,0.00221728,0
1799,0.00400357,0
1800,0.00306433,0
1801,0.00150495,0
1802,0.00251730,0
1803,0.00235043,0
1804,0.00258851,0
1805,0.01371554,0
1806,0.00204746,0
1807,0.00195503,0
1808,0.00355265,0
1809,0.00338454,0
1810,0.00001271,0
1811,0.00032943,0
1812,0.00027116,0
1813,0.00133897,0
1814,0.00193694,0
1815,0.00315679,0
1816,0.00488230,0
1817,0.00212903,0
1818,0.00325805,0
1819,0.00338213,0
1820,0.00168742,0
1821,0.00167102,0
1822,0.00208007,0
1823,0.00165465,0
1824,0.00195169,0
1825,0.00169300,0
1826,0.00482259,0
1827,0.00050063,0
1828,0.00339118,0
1829,0.00165382,0
1830,0.00295886,0
1831,0.00432782,0
1832,0.00370007,0
1833,0.00420202,0
1834,0.00338724,0
1835,0.00260537,0
1836,0.00223165,0
1837,0.00269113,0
1838,0.00955922,0
1839,0.00173696,0
1840,0.01267342,0
1841,0.04221504,0
1842,0.01045204,0
1843,0.00185986,0
1844,0.00648936,0
1845,0.00268470,0
1846,0.00352935,0
1847,0.00637629,0
1848,0.00256634,0
1849,0.00295377,0
1850,0.00214328,0
1851,0.00389631,0
1852,0.00259646,0
1853,0.00336236,0
1854,0.00712406,0
1855,0.00203937,0
1856,0.00187115,0
1857,0.00338848,0
1858,0.00152254,0
1859,0.00227214,0
1860,0.00330457,0
1861,0.00436348,0
1862,0.00057181,0
1863,0.00240173,0
1864,0.00253997,0
1865,0.00422175,0
1866,0.00555688,0
1867,0.01256839,0
1868,0.00509649,0
1869,0.00288254,0
1870,0.00325635,0
1871,0.00308369,0
1872,0.00344685,0
1873,0.00632975,0
1874,0.00184710,0
1875,0.00338906,0
1876,0.00187671,0
1877,0.00171831,0
1878,0.00282865,0
1879,0.00187522,0
1880,0.00251191,0
1881,0.00548645,0
1882,0.00830623,0
1883,0.00146344,0
1884,0.00395984,0
1885,0.00440418,0
1886,0.00001109,0
1887,0.00102903,0
1888,0.00031918,0
1889,0.00088699,0
1890,0.00227640,0
1891,0.00403571,0
1892,0.00321634,0
1893,0.00187561,0
1894,0.00245848,0
1895,0.00245294,0
1896,0.00276502,0
1897,0.01548649,0
1898,0.00210024,0
1899,0.00175291,0
1900,0.00321973,0
1901,0.00346114,0
1902,0.00000845,0
1903,0.00095728,0
1904,0.00033956,0
1905,0.00110412,0
1906,0.00209649,0
1907,0.00335804,0
1908,0.00544288,0
1909,0.00234181,0
1910,0.00394723,0
1911,0.00370322,0
1912,0.00180715,0
1913,0.00165000,0
1914,0.00205926,0
1915,0.00195605,0
1916,0.00227731,0
1917,0.00196103,0
1918,0.00486634,0
1919,0.00056235,0
1920,0.00353304,0
1921,0.00152550,0
1922,0.00278072,0
1923,0.00483505,0
1924,0.00391388,0
1925,0.00418647,0
1926,0.00288160,0
1927,0.00215719,0
1928,0.00208733,0
1929,0.00251741,0
1930,0.00947716,0
1931,0.00276055,0
1932,0.01143847,0
1933,0.04008847,0
1934,0.00910350,0
1935,0.00210088,0
1936,0.00689563,0
1937,0.00262734,0
1938,0.00399360,0
1939,0.00683163,0
1940,0.00280337,0
1941,0.00305131,0
1942,0.00230770,0
1943,0.00419186,0
1944,0.00286216,0
1945,0.00334138,0
1946,0.00782487,0
1947,0.00213436,0
1948,0.00188674,0
1949,0.00372375,0
1950,0.00157463,0
1951,0.00220012,0
1952,0.00353264,0
1953,0.00426572,0
1954,0.00069943,0
1955,0.00267576,0
1956,0.00272557,0
1957,0.00456211,0
1958,0.00547305,0
1959,0.01175548,0
1960,0.00543661,0
1961,0.00321913,0
1962,0.00352301,0
1963,0.00311763,0
1964,0.00355484,0
1965,0.00729381,0
1966,0.00208094,0
1967,0.00347846,0
1968,0.00187903,0
1969,0.00166913,0
1970,0.00340530,0
1971,0.00197442,0
1972,0.00300751,0
1973,0.00595920,0
1974,0.00731475,0
1975,0.00169641,0
1976,0.00406659,0
1977,0.00458097,0
1978,0.00001054,0
1979,0.00089640,0
1980,0.00034613,0
1981,0.00082434,0
1982,0.00252979,0
1983,0.00429948,0
1984,0.00347635,0
1985,0.00190277,0
1986,0.00253650,0
1987,0.00236718,0
1988,0.00280365,0
1989,0.01681550,0
1990,0.00235321,0
1991,0.00185483,0
1992,0.00341685,0
1993,0.00347271,0
1994,0.00000808,0
1995,0.00099397,0
1996,0.00035511,0
1997,0.00103258,0
1998,0.00214911,0
1999,0.00341474,0
2000,0.00531856,0
2001,0.00234840,0
2002,0.00367755,0
2003,0.00365128,0
2004,0.00188798,0
2005,0.00164054,0
2006,0.00209829,0
2007,0.00198331,0
2008,0.00172757,0
2009,0.00205694,0
2010,0.00430142,0
2011,0.00063433,0
2012,0.00337626,0
2013,0.00137281,0
2014,0.00272427,0
2015,0.00456308,0
2016,0.00339127,0
2017,0.00432839,0
2018,0.00286471,0
2019,0.00188988,0
2020,0.00222985,0
2021,0.00244389,0
2022,0.00886221,0
2023,0.00256935,0
2024,0.01122546,0
2025,0.03814090,0
2026,0.00903990,0
2027,0.00214498,0
2028,0.00664589,0
2029,0.00237071,0
2030,0.00373358,0
2031,0.00704947,0
2032,0.00275253,0
2033,0.00333704,0
2034,0.00226983,0
2035,0.00424479,0
2036,0.00273053,0
2037,0.00335740,0
2038,0.00708801,0
2039,0.00200450,0
2040,0.00189462,0
2041,0.00367652,0
2042,0.00187154,0
2043,0.00222196,0
2044,0.00387456,0
2045,0.00413681,0
2046,0.00074180,0
2047,0.00244249,0
2048,0.00250853,0
2049,0.00441574,0
2050,0.00537452,0
2051,0.01085401,0
2052,0.00563881,0
2053,0.00309112,0
2054,0.00303569,0
2055,0.00309819,0
2056,0.00383529,0
2057,0.00746420,0
2058,0.00203646,0
2059,0.00366592,0
2060,0.00170475,0
2061,0.00163253,0
2062,0.00312543,0
2063,0.00204059,0
2064,0.00351961,0
2065,0.00608846,0
2066,0.00823305,0
2067,0.00179147,0
2068,0.00390428,0
2069,0.00470133,0
2070,0.00000939,0
2071,0.00037175,0
2072,0.00030050,0
2073,0.00072371,0
2074,0.00253488,0
2075,0.00401201,0
2076,0.00338195,0
2077,0.00186366,0
2078,0.00261125,0
2079,0.00230983,0
2080,0.00293570,0
2081,0.01534845,0
2082,0.00216033,0
2083,0.00170386,0
2084,0.00334192,0
2085,0.00343246,0
2086,0.00000716,0
2087,0.00102330,0
2088,0.00029642,0
2089,0.00103859,0
2090,0.00209283,0
2091,0.00328069,0
2092,0.00536175,0
2093,0.00213399,0
2094,0.00383438,0
2095,0.00361311,0
2096,0.00183641,0
2097,0.00157502,0
2098,0.00195640,0
2099,0.00182687,0
2100,0.00195225,0
2101,0.00210822,0
2102,0.00450906,0
2103,0.00062508,0
2104,0.00323297,0
2105,0.00189041,0
2106,0.00324445,0
2107,0.00504012,0
2108,0.00415893,0
2109,0.00424259,0
2110,0.00267655,0
2111,0.00174728,0
2112,0.00216082,0
2113,0.00245995,0
2114,0.00899765,0
2115,0.00239650,0
2116,0.01081971,0
2117,0.03745009,0
2118,0.00856527,0
2119,0.00230141,0
2120,0.00635904,0
2121,0.00237680,0
2122,0.00373155,0
2123,0.00667097,0
2124,0.00241014,0
2125,0.00311609,0
2126,0.00233675,0
2127,0.00424991,0
2128,0.00262672,0
2129,0.00331796,0
2130,0.00748663,0
2131,0.00213973,0
2132,0.00191206,0
2133,0.00373000,0
2134,0.00163489,0
2135,0.00204677,0
2136,0.00386323,0
2137,0.00420114,0
2138,0.00070556,0
2139,0.00260165,0
2140,0.00264528,0
2141,0.00435588,0
2142,0.00499832,0
2143,0.01163961,0
2144,0.00560692,0
2145,0.00324900,0
2146,0.00259897,0
2147,0.00285243,0
2148,0.00360289,0
2149,0.00689988,0
2150,0.00206491,0
2151,0.00378473,0
2152,0.00161791,0
2153,0.00161605,0
2154,0.00272349,0
2155,0.00209478,0
2156,0.00326225,0
2157,0.00588435,0
2158,0.00810052,0
2159,0.00169315,0
2160,0.00416298,0
2161,0.00438624,0
2162,0.00000866,0
2163,0.00045755,0
2164,0.00029915,0
2165,0.00083895,0
2166,0.00256083,0
2167,0.00387609,0
2168,0.00341973,0
2169,0.00186131,0
2170,0.00256671,0
2171,0.00236653,0
2172,0.00281919,0
2173,0.01348434,0
2174,0.00228588,0
2175,0.00181381,0
2176,0.00390367,0
2177,0.00332093,0
2178,0.00000681,0
2179,0.00023742,0
2180,0.00030189,0
2181,0.00068412,0
2182,0.00188538,0
2183,0.00335139,0
2184,0.00512490,0
2185,0.00209305,0
2186,0.00346610,0
2187,0.00352237,0
2188,0.00179594,0
2189,0.00159063,0
2190,0.00202587,0
2191,0.00185289,0
2192,0.00169633,0
2193,0.00193776,0
2194,0.00459269,0
2195,0.00059083,0
2196,0.00308647,0
2197,0.00138340,0
2198,0.00295910,0
2199,0.00499614,0
2200,0.00460960,0
2201,0.00465532,0
2202,0.00329773,0
2203,0.00168831,0
2204,0.00221914,0
2205,0.00237824,0
2206,0.00856228,0
2207,0.00218165,0
2208,0.00931416,0
2209,0.03322372,0
2210,0.00831360,0
2211,0.00224781,0
2212,0.00642589,0
2213,0.00238576,0
2214,0.00380907,0
2215,0.00635273,0
2216,0.00241736,0
2217,0.00310801,0
2218,0.00241610,0
2219,0.00413887,0
2220,0.00242323,0
2221,0.00311896,0
2222,0.00679101,0
2223,0.00208198,0
2224,0.00188161,0
2225,0.00374673,0
2226,0.00166634,0
2227,0.00209128,0
2228,0.00355176,0
2229,0.00376978,0
2230,0.00066459,0
2231,0.00249420,0
2232,0.00303759,0
2233,0.00432092,0
2234,0.00607612,0
2235,0.01230576,0
2236,0.00602898,0
2237,0.00330750,0
2238,0.00248098,0
2239,0.00301345,0
2240,0.00351634,0
2241,0.00762745,0
2242,0.00208400,0
2243,0.00376083,0
2244,0.00167341,0
2245,0.00164321,0
2246,0.00301651,0
2247,0.00206392,0
2248,0.00308252,0
2249,0.00605093,0
2250,0.00712289,0
2251,0.00174868,0
2252,0.00405616,0
2253,0.00437220,0
2254,0.00000742,0
2255,0.00039398,0
2256,0.00028072,0
2257,0.00079552,0
2258,0.00222448,0
2259,0.00383275,0
2260,0.00326226,0
2261,0.00178597,0
2262,0.00259111,0
2263,0.00230256,0
2264,0.00269321,0
2265,0.01550709,0
2266,0.00217091,0
2267,0.00175509,0
2268,0.00346782,0
2269,0.00356328,0
2270,0.00000782,0
2271,0.00071202,0
2272,0.00029283,0
2273,0.00076352,0
2274,0.00212748,0
2275,0.00350300,0
2276,0.00521918,0
2277,0.00207372,0
2278,0.00372208,0
2279,0.00379282,0
2280,0.00180826,0
2281,0.00167338,0
2282,0.00211773,0
2283,0.00204113,0
2284,0.00233825,0
2285,0.00181206,0
2286,0.00452811,0
2287,0.00056083,0
2288,0.00287406,0
2289,0.00120709,0
2290,0.00267734,0
2291,0.00470886,0
2292,0.00407970,0
2293,0.00435982,0
2294,0.00279562,0
2295,0.00188005,0
2296,0.00195657,0
2297,0.00248992,0
2298,0.00827712,0
2299,0.00199028,0
2300,0.00919219,0
2301,0.03362477,0
2302,0.00815047,0
2303,0.00210019,0
2304,0.00623124,0
2305,0.00237875,0
2306,0.00352886,0
2307,0.00595647,0
2308,0.00231233,0
2309,0.00309762,0
2310,0.00238170,0
2311,0.00403821,0
2312,0.00235881,0
2313,0.00311132,0
2314,0.00761557,0
2315,0.00220317,0
2316,0.00195717,0
2317,0.00347638,0
2318,0.00160413,0
2319,0.00217521,0
2320,0.00341987,0
2321,0.00405713,0
2322,0.00066263,0
2323,0.00256059,0
2324,0.00280638,0
2325,0.00465436,0
2326,0.00581178,0
2327,0.01227478,0
2328,0.00563331,0
2329,0.00382668,0
2330,0.00266636,0
2331,0.00291712,0
2332,0.00354686,0
2333,0.00746737,0
2334,0.00193695,0
2335,0.00404598,0
2336,0.00215250,0
2337,0.00170703,0
2338,0.00298413,0
2339,0.00200092,0
2340,0.00264779,0
2341,0.00542366,0
2342,0.00680674,0
2343,0.00162462,0
2344,0.00389515,0
2345,0.00444655,0
2346,0.00000771,0
2347,0.00079639,0
2348,0.00032426,0
2349,0.00079622,0
2350,0.00264770,0
2351,0.00397824,0
2352,0.00340323,0
2353,0.00196085,0
2354,0.00272687,0
2355,0.00261991,0
2356,0.00274145,0
2357,0.01430655,0
2358,0.00242016,0
2359,0.00174124,0
2360,0.00349108,0
2361,0.00359926,0
2362,0.00000733,0
2363,0.00040084,0
2364,0.00019224,0
2365,0.00143076,0
2366,0.00227295,0
2367,0.00320860,0
2368,0.00518816,0
2369,0.00267155,0
2370,0.00394229,0
2371,0.00381004,0
2372,0.00196953,0
2373,0.00172264,0
2374,0.00209138,0
2375,0.00210263,0
2376,0.00319723,0
2377,0.00189062,0
2378,0.00490772,0
2379,0.00058550,0
2380,0.00306668,0
2381,0.00124515,0
2382,0.00282243,0
2383,0.00489050,0
2384,0.00547118,0
2385,0.00415485,0
2386,0.00302203,0
2387,0.00249849,0
2388,0.00220598,0
2389,0.00256378,0
2390,0.00877283,0
2391,0.00258341,0
2392,0.00912291,0
2393,0.03671419,0
2394,0.00748018,0
2395,0.00228118,0
2396,0.00613379,0
2397,0.00262948,0
2398,0.00363802,0
2399,0.00650596,0
2400,0.00261342,0
2401,0.00326353,0
2402,0.00245506,0
2403,0.00492735,0
2404,0.00265245,0
2405,0.00334643,0
2406,0.00755392,0
2407,0.00234667,0
2408,0.00218073,0
2409,0.00393903,0
2410,0.00180295,0
2411,0.00236392,0
2412,0.00351960,0
2413,0.00435196,0
2414,0.00073640,0
2415,0.00277347,0
2416,0.00333781,0
2417,0.00467127,0
2418,0.00755259,0
2419,0.01234038,0
2420,0.00658547,0
2421,0.00411552,0
2422,0.00268885,0
2423,0.00337332,0
2424,0.00365243,0
2425,0.00802576,0
2426,0.00204326,0
2427,0.00403064,0
2428,0.00185761,0
2429,0.00202866,0
2430,0.00335443,0
2431,0.00228457,0
2432,0.00316068,0
2433,0.00529286,0
2434,0.00705081,0
2435,0.00178064,0
2436,0.00384647,0
2437,0.00409221,0
2438,0.00000713,0
2439,0.00073579,0
2440,0.00030639,0
2441,0.00090361,0
2442,0.00268310,0
2443,0.00403239,0
2444,0.00362940,0
2445,0.00213597,0
2446,0.00273030,0
2447,0.00285480,0
2448,0.00298461,0
2449,0.01547513,0
2450,0.00254394,0
2451,0.00176823,0
2452,0.00375059,0
2453,0.00373541,0
2454,0.00000800,0
2455,0.00078756,0
2456,0.00029670,0
2457,0.00123658,0
2458,0.00246114,0
2459,0.00354854,0
2460,0.00533810,0
2461,0.00298565,0
2462,0.00390759,0
2463,0.00396712,0
2464,0.00203801,0
2465,0.00185038,0
2466,0.00227732,0
2467,0.00224689,0
2468,0.00260156,0
2469,0.00209542,0
2470,0.00472729,0
2471,0.00064450,0
2472,0.00349764,0
2473,0.00216552,0
2474,0.00356112,0
2475,0.00539556,0
2476,0.00528239,0
2477,0.00439991,0
2478,0.00408664,0
2479,0.00276453,0
2480,0.00218150,0
2481,0.00290968,0
2482,0.00885401,0
2483,0.00253502,0
2484,0.00963602,0
2485,0.03688066,0
2486,0.00807532,0
2487,0.00239574,0
2488,0.00633469,0
2489,0.00297797,0
2490,0.00368769,0
2491,0.00640260,0
2492,0.00265244,0
2493,0.00336159,0
2494,0.00252925,0
2495,0.00507039,0
2496,0.00281126,0
2497,0.00361575,0
2498,0.00749244,0
2499,0.00261305,0
2500,0.00215558,0
2501,0.00435758,0
2502,0.00196684,0
2503,0.00243007,0
2504,0.00411409,0
2505,0.00454168,0
2506,0.00077828,0
2507,0.00314343,0
2508,0.00347035,0
2509,0.00456361,0
2510,0.00677173,0
2511,0.01250215,0
2512,0.00726535,0
2513,0.00385471,0
2514,0.00321414,0
2515,0.00373753,0
2516,0.00396498,0
2517,0.00862523,0
2518,0.00219798,0
2519,0.00463114,0
2520,0.00211314,0
2521,0.00200362,0
2522,0.00356299,0
2523,0.00249054,0
2524,0.00302827,0
2525,0.00541321,0
2526,0.00718985,0
2527,0.00171029,0
2528,0.00391073,0
2529,0.00488737,0
2530,0.00000706,0
2531,0.00175651,0
2532,0.00036000,0
2533,0.00079659,0
2534,0.00295744,0
2535,0.00422550,0
2536,0.00419051,0
2537,0.00223529,0
2538,0.00319264,0
2539,0.00303142,0
2540,0.00346566,0
2541,0.01775274,0
2542,0.00288303,0
2543,0.00174077,0
2544,0.00424624,0
2545,0.00399098,0
2546,0.00000713,0
2547,0.00077071,0
2548,0.00028360,0
2549,0.00180583,0
2550,0.00267730,0
2551,0.00350975,0
2552,0.00546457,0
2553,0.00303134,0
2554,0.00397368,0
2555,0.00443344,0
2556,0.00232588,0
2557,0.00202450,0
2558,0.00231913,0
2559,0.00221692,0
2560,0.00248641,0
2561,0.00227718,0
2562,0.00484821,0
2563,0.00073917,0
2564,0.00364344,0
2565,0.00248021,0
2566,0.00388562,0
2567,0.00542279,0
2568,0.00571511,0
2569,0.00485758,0
2570,0.00341974,0
2571,0.00264019,0
2572,0.00248048,0
2573,0.00314909,0
2574,0.00899233,0
2575,0.00252017,0
2576,0.01177078,0
2577,0.03696371,0
2578,0.00842734,0
2579,0.00263592,0
2580,0.00648324,0
2581,0.00306284,0
2582,0.00400320,0
2583,0.00670237,0
2584,0.00280462,0
2585,0.00393313,0
2586,0.00276968,0
2587,0.00466288,0
2588,0.00290995,0
2589,0.00402980,0
2590,0.00824204,0
2591,0.00291917,0
2592,0.00244943,0
2593,0.00448205,0
2594,0.00209366,0
2595,0.00234344,0
2596,0.00452150,0
2597,0.00460156,0
2598,0.00079929,0
2599,0.00299058,0
2600,0.00397379,0
2601,0.00527087,0
2602,0.00680517,0
2603,0.01012606,0
2604,0.00676943,0
2605,0.00427846,0
2606,0.00334959,0
2607,0.00400158,0
2608,0.00423774,0
2609,0.00996280,0
2610,0.00248782,0
2611,0.00463153,0
2612,0.00204512,0
2613,0.00200534,0
2614,0.00367958,0
2615,0.00247203,0
2616,0.00350117,0
2617,0.00516998,0
2618,0.00728647,0
2619,0.00180211,0
2620,0.00430161,0
2621,0.00494704,0
2622,0.00000744,0
2623,0.00130293,0
2624,0.00036765,0
2625,0.00074354,0
2626,0.00293828,0
2627,0.00405325,0
2628,0.00415453,0
2629,0.00206216,0
2630,0.00335805,0
2631,0.00297846,0
2632,0.00342057,0
2633,0.01635498,0
2634,0.00279137,0
2635,0.00173035,0
2636,0.00406850,0
2637,0.00379156,0
2638,0.00000713,0
2639,0.00082905,0
2640,0.00031252,0
2641,0.00087245,0
2642,0.00261492,0
2643,0.00350266,0
2644,0.00525564,0
2645,0.00318253,0
2646,0.00443495,0
2647,0.00420070,0
2648,0.00234533,0
2649,0.00201502,0
2650,0.00242176,0
2651,0.00234347,0
2652,0.00387195,0
2653,0.00211786,0
2654,0.00490590,0
2655,0.00070781,0
2656,0.00344156,0
2657,0.00251697,0
2658,0.00391923,0
2659,0.00553122,0
2660,0.00412908,0
2661,0.00480944,0
2662,0.00311765,0
2663,0.00257128,0
2664,0.00230484,0
2665,0.00310765,0
2666,0.00855642,0
2667,0.00257668,0
2668,0.01123867,0
2669,0.03987271,0
2670,0.00862070,0
2671,0.00279002,0
2672,0.00651683,0
2673,0.00294055,0
2674,0.00412008,0
2675,0.00662942,0
2676,0.00299420,0
2677,0.00402612,0
2678,0.00265821,0
2679,0.00496483,0
2680,0.00310392,0
2681,0.00425220,0
2682,0.00836917,0
2683,0.00286891,0
2684,0.00262921,0
2685,0.00475599,0
2686,0.00220625,0
2687,0.00224781,0
2688,0.00456821,0
2689,0.00469525,0
2690,0.00086893,0
2691,0.00273930,0
2692,0.00398759,0
2693,0.00503811,0
2694,0.00696423,0
2695,0.00969577,0
2696,0.00725493,0
2697,0.00419204,0
2698,0.00332985,0
2699,0.00404781,0
2700,0.00436381,0
2701,0.01026575,0
2702,0.00255561,0
2703,0.00481046,0
2704,0.00259642,0
2705,0.00221094,0
2706,0.00370416,0
2707,0.00262428,0
2708,0.00391496,0
2709,0.00565992,0
2710,0.00706385,0
2711,0.00192654,0
2712,0.00418349,0
2713,0.00482274,0
2714,0.00000685,0
2715,0.00076166,0
2716,0.00031695,0
2717,0.00068564,0
2718,0.00285292,0
2719,0.00417488,0
2720,0.00388453,0
2721,0.00216720,0
2722,0.00324310,0
2723,0.00289067,0
2724,0.00336750,0
2725,0.01579657,0
2726,0.00274292,0
2727,0.00176848,0
2728,0.00416723,0
2729,0.00444880,0
2730,0.00000883,0
2731,0.00067058,0
2732,0.00032348,0
2733,0.00074512,0
2734,0.00249952,0
2735,0.00339703,0
2736,0.00558558,0
2737,0.00299728,0
2738,0.00457529,0
2739,0.00433194,0
2740,0.00219344,0
2741,0.00194962,0
2742,0.00223309,0
2743,0.00224721,0
2744,0.00210961,0
2745,0.00218910,0
2746,0.00486235,0
2747,0.00070831,0
2748,0.00300360,0
2749,0.00188008,0
2750,0.00348684,0
2751,0.00490116,0
2752,0.00289463,0
2753,0.00451860,0
2754,0.00279350,0
2755,0.00269762,0
2756,0.00237936,0
2757,0.00327313,0
2758,0.00839254,0
2759,0.00257131,0
2760,0.00986980,0
2761,0.03432520,0
2762,0.00822552,0
2763,0.00249143,0
2764,0.00610019,0
2765,0.00284082,0
2766,0.00393383,0
2767,0.00638123,0
2768,0.00262441,0
2769,0.00344813,0
2770,0.00228636,0
2771,0.00438682,0
2772,0.00271329,0
2773,0.00355972,0
2774,0.00740765,0
2775,0.00266569,0
2776,0.00227988,0
2777,0.00418605,0
2778,0.00192072,0
2779,0.00211236,0
2780,0.00424789,0
2781,0.00450433,0
2782,0.00073033,0
2783,0.00249911,0
2784,0.00344332,0
2785,0.00493907,0
2786,0.00609733,0
2787,0.00966898,0
2788,0.00665365,0
2789,0.00363951,0
2790,0.00375414,0
2791,0.00333816,0
2792,0.00372240,0
2793,0.00859308,0
2794,0.00223864,0
2795,0.00422019,0
2796,0.00219688,0
2797,0.00183003,0
2798,0.00372094,0
2799,0.00240754,0
2800,0.00320727,0
2801,0.00549598,0
2802,0.00729493,0
2803,0.00165791,0
2804,0.00369785,0
2805,0.00456526,0
2806,0.00000684,0
2807,0.00098810,0
2808,0.00034814,0
2809,0.00068311,0
2810,0.00263007,0
2811,0.00340180,0
2812,0.00365000,0
2813,0.00209788,0
2814,0.00337447,0
2815,0.00292794,0
2816,0.00316940,0
2817,0.01537102,0
2818,0.00274803,0
2819,0.00159137,0
2820,0.00377622,0
2821,0.00383036,0
2822,0.00000638,0
2823,0.00035828,0
2824,0.00026452,0
2825,0.00100779,0
2826,0.00227356,0
2827,0.00328385,0
2828,0.00563860,0
2829,0.00311498,0
2830,0.00446764,0
2831,0.00416455,0
2832,0.00212952,0
2833,0.00185706,0
2834,0.00227861,0
2835,0.00236327,0
2836,0.00186428,0
2837,0.00205830,0
2838,0.00505358,0
2839,0.00063099,0
2840,0.00319626,0
2841,0.00202463,0
2842,0.00341889,0
2843,0.00511759,0
2844,0.00438301,0
2845,0.00468592,0
2846,0.00292310,0
2847,0.00255147,0
2848,0.00237762,0
2849,0.00283553,0
2850,0.00816430,0
2851,0.00267768,0
2852,0.00992882,0
2853,0.03501722,0
2854,0.00773480,0
2855,0.00225719,0
2856,0.00558823,0
2857,0.00259433,0
2858,0.00350678,0
2859,0.00599727,0
2860,0.00237379,0
2861,0.00307146,0
2862,0.00234293,0
2863,0.00454069,0
2864,0.00271395,0
2865,0.00359159,0
2866,0.00771334,0
2867,0.00264475,0
2868,0.00211253,0
2869,0.00433067,0
2870,0.00192600,0
2871,0.00221910,0
2872,0.00391493,0
2873,0.00445673,0
2874,0.00072471,0
2875,0.00251863,0
2876,0.00328684,0
2877,0.00442308,0
2878,0.00570689,0
2879,0.01387053,0
2880,0.00698641,0
2881,0.00374942,0
2882,0.00422014,0
2883,0.00357087,0
2884,0.00397137,0
2885,0.00951275,0
2886,0.00221354,0
2887,0.00408880,0
2888,0.00241247,0
2889,0.00200473,0
2890,0.00357936,0
2891,0.00251996,0
2892,0.00336917,0
2893,0.00568111,0
2894,0.00729599,0
2895,0.00171370,0
2896,0.00375941,0
2897,0.00410929,0
2898,0.00000654,0
2899,0.00134282,0
2900,0.00031888,0
2901,0.00066197,0
2902,0.00255601,0
2903,0.00366940,0
2904,0.00390028,0
2905,0.00208448,0
2906,0.00326344,0
2907,0.00287202,0
2908,0.00312277,0
2909,0.01514955,0
2910,0.00273116,0
2911,0.00149417,0
2912,0.00377309,0
2913,0.00373240,0
2914,0.00000588,0
2915,0.00021209,0
2916,0.00018046,0
2917,0.00079809,0
2918,0.00205712,0
2919,0.00305977,0
2920,0.00551544,0
2921,0.00298544,0
2922,0.00451863,0
2923,0.00402064,0
2924,0.00213826,0
2925,0.00179852,0
2926,0.00222189,0
2927,0.00214724,0
2928,0.00189446,0
2929,0.00193063,0
2930,0.00490915,0
2931,0.00068190,0
2932,0.00316457,0
2933,0.00201375,0
2934,0.00364883,0
2935,0.00494907,0
2936,0.00540862,0
2937,0.00501410,0
2938,0.00270514,0
2939,0.00232274,0
2940,0.00249003,0
2941,0.00322986,0
2942,0.00794696,0
2943,0.00216938,0
2944,0.01005081,0
2945,0.03200098,0
2946,0.00773550,0
2947,0.00226113,0
2948,0.00523157,0
2949,0.00262017,0
2950,0.00357407,0
2951,0.00604156,0
2952,0.00236007,0
2953,0.00313878,0
2954,0.00231940,0
2955,0.00474413,0
2956,0.00265729,0
2957,0.00330380,0
2958,0.00769322,0
2959,0.00257236,0
2960,0.00223889,0
2961,0.00433083,0
2962,0.00185869,0
2963,0.00201270,0
2964,0.00344328,0
2965,0.00428493,0
2966,0.00075137,0
2967,0.00238915,0
2968,0.00280308,0
2969,0.00453279,0
2970,0.00563137,0
2971,0.01100757,0
2972,0.00751643,0
2973,0.00369262,0
2974,0.00275374,0
2975,0.00351859,0
2976,0.00375364,0
2977,0.00975858,0
2978,0.00210999,0
2979,0.00415107,0
2980,0.00190542,0
2981,0.00176385,0
2982,0.00342336,0
2983,0.00252898,0
2984,0.00325723,0
2985,0.00511183,0
2986,0.00705570,0
2987,0.00169427,0
2988,0.00360135,0
2989,0.00429147,0
2990,0.00000601,0
2991,0.00031068,0
2992,0.00025889,0
2993,0.00062143,0
2994,0.00247459,0
2995,0.00321041,0
2996,0.00374618,0
2997,0.00204578,0
2998,0.00299624,0
2999,0.00270886,0
3000,0.00310257,0
3001,0.01605594,0
3002,0.00254310,0
3003,0.00158519,0
3004,0.00373869,0
3005,0.00335107,0
3006,0.00000644,0
3007,0.00020106,0
3008,0.00021874,0
3009,0.00041550,0
3010,0.00194944,0
3011,0.00316389,0
3012,0.00545580,0
3013,0.00273433,0
3014,0.00376438,0
3015,0.00410617,0
3016,0.00197970,0
3017,0.00176116,0
3018,0.00213131,0
3019,0.00221176,0
3020,0.00202463,0
3021,0.00181889,0
3022,0.00477872,0
3023,0.00064256,0
3024,0.00285881,0
3025,0.00142043,0
3026,0.00339426,0
3027,0.00505523,0
3028,0.00351151,0
3029,0.00493351,0
3030,0.00298080,0
3031,0.00214978,0
3032,0.00229395,0
3033,0.00317286,0
3034,0.00795386,0
3035,0.00269429,0
3036,0.00899060,0
3037,0.03151525,0
3038,0.00702278,0
3039,0.00225927,0
3040,0.00512237,0
3041,0.00273505,0
3042,0.00359661,0
3043,0.00547472,0
3044,0.00235458,0
3045,0.00305708,0
3046,0.00229662,0
3047,0.00458974,0
3048,0.00252161,0
3049,0.00336645,0
3050,0.00699405,0
3051,0.00239357,0
3052,0.00199580,0
3053,0.00407123,0
3054,0.00180192,0
3055,0.00199455,0
3056,0.00322915,0
3057,0.00400896,0
3058,0.00068838,0
3059,0.00240364,0
3060,0.00295474,0
3061,0.00448960,0
3062,0.00583534,0
3063,0.01171019,0
3064,0.00686745,0
3065,0.00383881,0
3066,0.00247777,0
3067,0.00383231,0
3068,0.00362349,0
3069,0.01034380,0
3070,0.00196811,0
3071,0.00444675,0
3072,0.00196900,0
3073,0.00166051,0
3074,0.00368917,0
3075,0.00227472,0
3076,0.00293044,0
3077,0.00535013,0
3078,0.00672915,0
3079,0.00161582,0
3080,0.00362362,0
3081,0.00396305,0
3082,0.00000575,0
3083,0.00089289,0
3084,0.00029480,0
3085,0.00063454,0
3086,0.00253371,0
3087,0.00353298,0
3088,0.00398750,0
3089,0.00211024,0
3090,0.00315916,0
3091,0.00294350,0
3092,0.00311656,0
3093,0.01446956,0
3094,0.00251242,0
3095,0.00153744,0
3096,0.00379344,0
3097,0.00375726,0
3098,0.00000522,0
3099,0.00042551,0
3100,0.00024257,0
3101,0.00082318,0
3102,0.00235295,0
3103,0.00295275,0
3104,0.00585987,0
3105,0.00314752,0
3106,0.00417220,0
3107,0.00410198,0
3108,0.00216926,0
3109,0.00180544,0
3110,0.00235821,0
3111,0.00215334,0
3112,0.00211912,0
3113,0.00184573,0
3114,0.00518993,0
3115,0.00064074,0
3116,0.00270941,0
3117,0.00102555,0
3118,0.00308925,0
3119,0.00512484,0
3120,0.00580181,0
3121,0.00641932,0
3122,0.00316310,0
3123,0.00261699,0
3124,0.00247050,0
3125,0.00322064,0
3126,0.00826685,0
3127,0.00258456,0
3128,0.00878451,0
3129,0.02778974,0
3130,0.00677204,0
3131,0.00227786,0
3132,0.00546201,0
3133,0.00271434,0
3134,0.00375342,0
3135,0.00568187,0
3136,0.00242097,0
3137,0.00323822,0
3138,0.00236665,0
3139,0.00463619,0
3140,0.00259357,0
3141,0.00322472,0
3142,0.00753870,0
3143,0.00267424,0
3144,0.00217544,0
3145,0.00429930,0
3146,0.00219032,0
3147,0.00198843,0
3148,0.00331448,0
3149,0.00403869,0
3150,0.00074016,0
3151,0.00262266,0
3152,0.00311737,0
3153,0.00478480,0
3154,0.00600498,0
3155,0.01045600,0
3156,0.00769626,0
3157,0.00405713,0
3158,0.00282757,0
3159,0.00391962,0
3160,0.00377719,0
3161,0.00917882,0
3162,0.00229878,0
3163,0.00448408,0
3164,0.00191728,0
3165,0.00178353,0
3166,0.00379238,0
3167,0.00258717,0
3168,0.00312324,0
3169,0.00522577,0
3170,0.00717562,0
3171,0.00172636,0
3172,0.00393087,0
3173,0.00405672,0
3174,0.00000606,0
3175,0.00110955,0
3176,0.00032116,0
3177,0.00065993,0
3178,0.00267738,0
3179,0.00328542,0
3180,0.00436709,0
3181,0.00213694,0
3182,0.00342709,0
3183,0.00320301,0
3184,0.00302925,0
3185,0.01632002,0
3186,0.00296485,0
3187,0.00159915,0
3188,0.00376390,0
3189,0.00354261,0
3190,0.00000512,0
3191,0.00044867,0
3192,0.00025033,0
3193,0.00102900,0
3194,0.00259284,0
3195,0.00289411,0
3196,0.00567757,0
3197,0.00296741,0
3198,0.00412058,0
3199,0.00416955,0
3200,0.00217903,0
3201,0.00192794,0
3202,0.00237767,0
3203,0.00238005,0
3204,0.00212342,0
3205,0.00199859,0
3206,0.00541062,0
3207,0.00070498,0
3208,0.00313978,0
3209,0.00116748,0
3210,0.00336983,0
3211,0.00546718,0
3212,0.00647908,0
3213,0.00596110,0
3214,0.00338480,0
3215,0.00244328,0
3216,0.00258763,0
3217,0.00358859,0
3218,0.00792362,0
3219,0.00271466,0
3220,0.00845891,0
3221,0.02586108,0
3222,0.00611910,0
3223,0.00234266,0
3224,0.00551958,0
3225,0.00289266,0
3226,0.00391815,0
3227,0.00579069,0
3228,0.00249825,0
3229,0.00330428,0
3230,0.00245662,0
3231,0.00497397,0
3232,0.00277758,0
3233,0.00334953,0
3234,0.00799189,0
3235,0.00264781,0
3236,0.00212229,0
3237,0.00444876,0
3238,0.00212414,0
3239,0.00210078,0
3240,0.00337931,0
3241,0.00427990,0
3242,0.00078035,0
3243,0.00250844,0
3244,0.00348997,0
3245,0.00456699,0
3246,0.00594218,0
3247,0.01072530,0
3248,0.00729977,0
3249,0.00381914,0
3250,0.00261723,0
3251,0.00391894,0
3252,0.00382915,0
3253,0.00930176,0
3254,0.00215711,0
3255,0.00477361,0
3256,0.00174387,0
3257,0.00178670,0
3258,0.00354638,0
3259,0.00244541,0
3260,0.00323230,0
3261,0.00520940,0
3262,0.00708550,0
3263,0.00181097,0
3264,0.00376672,0
3265,0.00405006,0
3266,0.00000585,0
3267,0.00065307,0
3268,0.00028420,0
3269,0.00064383,0
3270,0.00279206,0
3271,0.00313816,0
3272,0.00431657,0
3273,0.00222941,0
3274,0.00343608,0
3275,0.00308295,0
3276,0.00295096,0
3277,0.01365015,0
3278,0.00266897,0
3279,0.00147866,0
3280,0.00382419,0
3281,0.00339011,0
3282,0.00000540,0
3283,0.00083042,0
3284,0.00026257,0
3285,0.00155701,0
3286,0.00250197,0
3287,0.00288825,0
3288,0.00576628,0
3289,0.00280642,0
3290,0.00453904,0
3291,0.00420649,0
3292,0.00212928,0
3293,0.00182414,0
3294,0.00217406,0
3295,0.00223397,0
3296,0.00201281,0
3297,0.00196667,0
3298,0.00566411,0
3299,0.00070755,0
3300,0.00340280,0
3301,0.00223565,0
3302,0.00410545,0
3303,0.00550652,0
3304,0.00591355,0
3305,0.00611976,0
3306,0.00322330,0
3307,0.00266792,0
3308,0.00258792,0
3309,0.00363325,0
3310,0.00788895,0
3311,0.00265854,0
3312,0.00897737,0
3313,0.02566900,0
3314,0.00607499,0
3315,0.00228406,0
3316,0.00513651,0
3317,0.00272588,0
3318,0.00390913,0
3319,0.00581049,0
3320,0.00249005,0
3321,0.00328960,0
3322,0.00258844,0
3323,0.00499831,0
3324,0.00276507,0
3325,0.00344792,0
3326,0.00796194,0
3327,0.00255212,0
3328,0.00209203,0
3329,0.00471998,0
3330,0.00229457,0
3331,0.00220087,0
3332,0.00349153,0
3333,0.00448267,0
3334,0.00075520,0
3335,0.00256506,0
3336,0.00345953,0
3337,0.00443188,0
3338,0.00591657,0
3339,0.01213874,0
3340,0.00806665,0
3341,0.00406481,0
3342,0.00300629,0
3343,0.00368835,0
3344,0.00386529,0
3345,0.00959745,0
3346,0.00212584,0
3347,0.00492629,0
3348,0.00200579,0
3349,0.00184031,0
3350,0.00386246,0
3351,0.00239626,0
3352,0.00335884,0
3353,0.00565604,0
3354,0.00736516,0
3355,0.00185941,0
3356,0.00384390,0
3357,0.00422057,0
3358,0.00000555,0
3359,0.00033358,0
3360,0.00028364,0
3361,0.00068429,0
3362,0.00276492,0
3363,0.00351960,0
3364,0.00470626,0
3365,0.00220234,0
3366,0.00349298,0
3367,0.00325835,0
3368,0.00319833,0
3369,0.01464716,0
3370,0.00275836,0
3371,0.00155297,0
3372,0.00386631,0
3373,0.00354088,0
3374,0.00000680,0
3375,0.00035647,0
3376,0.00024647,0
3377,0.00073846,0
3378,0.00250012,0
3379,0.00295784,0
3380,0.00622135,0
3381,0.00349756,0
3382,0.00482304,0
3383,0.00450490,0
3384,0.00214602,0
3385,0.00189925,0
3386,0.00220537,0
3387,0.00227516,0
3388,0.00251957,0
3389,0.00212600,0
3390,0.00541699,0
3391,0.00071394,0
3392,0.00338839,0
3393,0.00193424,0
3394,0.00394294,0
3395,0.00556460,0
3396,0.00522141,0
3397,0.00579808,0
3398,0.00334593,0
3399,0.00247869,0
3400,0.00252450,0
3401,0.00353802,0
3402,0.00788501,0
3403,0.00237137,0
3404,0.00856481,0
3405,0.02733313,0
3406,0.00756812,0
3407,0.00259606,0
3408,0.00564675,0
3409,0.00290138,0
3410,0.00374164,0
3411,0.00542857,0
3412,0.00244840,0
3413,0.00315162,0
3414,0.00233346,0
3415,0.00484950,0
3416,0.00272857,0
3417,0.00340074,0
3418,0.00782744,0
3419,0.00266464,0
3420,0.00204455,0
3421,0.00468438,0
3422,0.00213958,0
3423,0.00200698,0
3424,0.00325534,0
3425,0.00436012,0
3426,0.00075470,0
3427,0.00254244,0
3428,0.00364484,0
3429,0.00466722,0
3430,0.00610321,0
3431,0.00982001,0
3432,0.00775373,0
3433,0.00385171,0
3434,0.00310093,0
3435,0.00379235,0
3436,0.00366815,0
3437,0.00881927,0
3438,0.00211963,0
3439,0.00467138,0
3440,0.00204193,0
3441,0.00162964,0
3442,0.00381469,0
3443,0.00245258,0
3444,0.00315643,0
3445,0.00541129,0
3446,0.00728326,0
3447,0.00166474,0
3448,0.00387358,0
3449,0.00404469,0
3450,0.00000611,0
3451,0.00075809,0
3452,0.00029314,0
3453,0.00063766,0
3454,0.00266138,0
3455,0.00325464,0
3456,0.00415608,0
3457,0.00215400,0
3458,0.00339777,0
3459,0.00294261,0
3460,0.00290747,0
3461,0.01385546,0
3462,0.00269972,0
3463,0.00146167,0
3464,0.00337377,0
3465,0.00325749,0
3466,0.00000582,0
3467,0.00067212,0
3468,0.00023764,0
3469,0.00076367,0
3470,0.00252846,0
3471,0.00306914,0
3472,0.00554382,0
3473,0.00323022,0
3474,0.00424796,0
3475,0.00424348,0
3476,0.00198414,0
3477,0.00173070,0
3478,0.00210226,0
3479,0.00214018,0
3480,0.00253677,0
3481,0.00185265,0
3482,0.00500259,0
3483,0.00067401,0
3484,0.00318612,0
3485,0.00223121,0
3486,0.00368668,0
3487,0.00501244,0
3488,0.00636729,0
3489,0.00510342,0
3490,0.00312259,0
3491,0.00195229,0
3492,0.00234652,0
3493,0.00337023,0
3494,0.00763324,0
3495,0.00230610,0
3496,0.00838502,0
3497,0.02565285,0
3498,0.00668640,0
3499,0.00248169,0
3500,0.00504858,0
3501,0.00270048,0
3502,0.00364048,0
3503,0.00549913,0
3504,0.00240206,0
3505,0.00291557,0
3506,0.00222465,0
3507,0.00480240,0
3508,0.00249323,0
3509,0.00324787,0
3510,0.00736240,0
3511,0.00257924,0
3512,0.00202037,0
3513,0.00466883,0
3514,0.00200867,0
3515,0.00189977,0
3516,0.00314424,0
3517,0.00421615,0
3518,0.00070975,0
3519,0.00241346,0
3520,0.00327511,0
3521,0.00428340,0
3522,0.00532106,0
3523,0.00991459,0
3524,0.00674946,0
3525,0.00359812,0
3526,0.00348607,0
3527,0.00357464,0
3528,0.00367574,0
3529,0.00877062,0
3530,0.00194780,0
3531,0.00469108,0
3532,0.00186840,0
3533,0.00179340,0
3534,0.00359419,0
3535,0.00237487,0
3536,0.00295149,0
3537,0.00535967,0
3538,0.00656726,0
3539,0.00150438,0
3540,0.00348742,0
3541,0.00384399,0
3542,0.00000533,0
3543,0.00057784,0
3544,0.00024039,0
3545,0.00053476,0
3546,0.00243154,0
3547,0.00317017,0
3548,0.00427081,0
3549,0.00215668,0
3550,0.00306879,0
3551,0.00282258,0
3552,0.00292245,0
3553,0.01348885,0
3554,0.00257209,0
3555,0.00132879,0
3556,0.00339002,0
3557,0.00320558,0
3558,0.00000544,0
3559,0.00051708,0
3560,0.00022141,0
3561,0.00082592,0
3562,0.00237334,0
3563,0.00260317,0
3564,0.00518496,0
3565,0.00305934,0
3566,0.00439395,0
3567,0.00409084,0
3568,0.00187279,0
3569,0.00168338,0
3570,0.00194648,0
3571,0.00228095,0
3572,0.00178967,0
3573,0.00178191,0
3574,0.00487263,0
3575,0.00060468,0
3576,0.00283341,0
3577,0.00209286,0
3578,0.00336946,0
3579,0.00470892,0
3580,0.00365140,0
3581,0.00444724,0
3582,0.00257457,0
3583,0.00211893,0
3584,0.00203844,0
3585,0.00339011,0
3586,0.00738934,0
3587,0.00241469,0
3588,0.00802702,0
3589,0.02530671,0
3590,0.00647315,0
3591,0.00230482,0
3592,0.00489173,0
3593,0.00269307,0
3594,0.00310457,0
3595,0.00481225,0
3596,0.00216048,0
3597,0.00287620,0
3598,0.00234612,0
3599,0.00463145,0
3600,0.00228294,0
3601,0.00309575,0
3602,0.00721840,0
3603,0.00249366,0
3604,0.00187398,0
3605,0.00413286,0
3606,0.00200155,0
3607,0.00193945,0
3608,0.00280212,0
3609,0.00435950,0
3610,0.00067607,0
3611,0.00231474,0
3612,0.00313346,0
3613,0.00410752,0
3614,0.00518743,0
3615,0.01181352,0
3616,0.00720569,0
3617,0.00341837,0
3618,0.00370584,0
3619,0.00332083,0
3620,0.00318067,0
3621,0.00946855,0
3622,0.00197279,0
3623,0.00428824,0
3624,0.00204293,0
3625,0.00183842,0
3626,0.00330378,0
3627,0.00229663,0
3628,0.00268350,0
3629,0.00494541,0
3630,0.00613174,0
3631,0.00145760,0
3632,0.00337086,0
3633,0.00336061,0
3634,0.00000512,0
3635,0.00094214,0
3636,0.00023502,0
3637,0.00057080,0
3638,0.00245502,0
3639,0.00304181,0
3640,0.00409193,0
3641,0.00209182,0
3642,0.00306763,0
3643,0.00289924,0
3644,0.00291911,0
3645,0.01387860,0
3646,0.00254598,0
3647,0.00128731,0
3648,0.00315478,0
3649,0.00305696,0
3650,0.00000457,0
3651,0.00041870,0
3652,0.00019372,0
3653,0.00073358,0
3654,0.00235976,0
3655,0.00247780,0
3656,0.00567543,0
3657,0.00299751,0
3658,0.00441290,0
3659,0.00398277,0
3660,0.00187489,0
3661,0.00172174,0
3662,0.00200353,0
3663,0.00217038,0
3664,0.00202052,0
3665,0.00177094,0
3666,0.00485851,0
3667,0.00064981,0
3668,0.00306685,0
3669,0.00189184,0
3670,0.00379083,0
3671,0.00479541,0
3672,0.00459561,0
3673,0.00455141,0
3674,0.00234265,0
3675,0.00260763,0
3676,0.00215410,0
3677,0.00309182,0
3678,0.00712691,0
3679,0.00254906,0
3680,0.00793745,0
3681,0.02458328,0
3682,0.00650312,0
3683,0.00242290,0
3684,0.00450705,0
3685,0.00274944,0
3686,0.00320890,0
3687,0.00474453,0
3688,0.00209955,0
3689,0.00275273,0
3690,0.00223354,0
3691,0.00458419,0
3692,0.00225114,0
3693,0.00302710,0
3694,0.00745063,0
3695,0.00270227,0
3696,0.00193643,0
3697,0.00424493,0
3698,0.00209575,0
3699,0.00203683,0
3700,0.00267206,0
3701,0.00420895,0
3702,0.00061538,0
3703,0.00235672,0
3704,0.00320434,0
3705,0.00367895,0
3706,0.00483868,0
3707,0.01573975,0
3708,0.00695243,0
3709,0.00321774,0
3710,0.00316409,0
3711,0.00324430,0
3712,0.00337137,0
3713,0.00857564,0
3714,0.00189266,0
3715,0.00437106,0
3716,0.00186010,0
3717,0.00142888,0
3718,0.00325414,0
3719,0.00235823,0
3720,0.00273587,0
3721,0.00535509,0
3722,0.00627942,0
3723,0.00155157,0
3724,0.00332122,0
3725,0.00330765,0
3726,0.00000501,0
3727,0.00083275,0
3728,0.00025376,0
3729,0.00053137,0
3730,0.00247162,0
3731,0.00284366,0
3732,0.00420489,0
3733,0.00222958,0
3734,0.00294630,0
3735,0.00269402,0
3736,0.00269778,0
3737,0.01194358,0
3738,0.00250981,0
3739,0.00126188,0
3740,0.00319905,0
3741,0.00316193,0
3742,0.00000431,0
3743,0.00069657,0
3744,0.00020724,0
3745,0.00064484,0
3746,0.00217993,0
3747,0.00258415,0
3748,0.00532043,0
3749,0.00270034,0
3750,0.00419977,0
3751,0.00393155,0
3752,0.00198086,0
3753,0.00162635,0
3754,0.00215148,0
3755,0.00214848,0
3756,0.00200158,0
3757,0.00169000,0
3758,0.00489280,0
3759,0.00060971,0
3760,0.00280174,0
3761,0.00171560,0
3762,0.00362086,0
3763,0.00488522,0
3764,0.00410722,0
3765,0.00469200,0
3766,0.00248901,0
3767,0.00180401,0
3768,0.00210261,0
3769,0.00322895,0
3770,0.00716713,0
3771,0.00272358,0
3772,0.00725434,0
3773,0.02343131,0
3774,0.00668041,0
3775,0.00231107,0
3776,0.00452117,0
3777,0.00229417,0
3778,0.00318684,0
3779,0.00479425,0
3780,0.00196448,0
3781,0.00266388,0
3782,0.00223083,0
3783,0.00419532,0
3784,0.00237234,0
3785,0.00289698,0
3786,0.00720876,0
3787,0.00235656,0
3788,0.00198088,0
3789,0.00424118,0
3790,0.00215166,0
3791,0.00183945,0
3792,0.00275701,0
3793,0.00443887,0
3794,0.00065794,0
3795,0.00205363,0
3796,0.00282563,0
3797,0.00384847,0
3798,0.00489370,0
3799,0.00881490,0
3800,0.00665375,0
3801,0.00325392,0
3802,0.00255956,0
3803,0.00299774,0
3804,0.00331869,0
3805,0.00857160,0
3806,0.00193744,0
3807,0.00448466,0
3808,0.00195219,0
3809,0.00151251,0
3810,0.00334416,0
3811,0.00238168,0
3812,0.00260521,0
3813,0.00495200,0
3814,0.00621749,0
3815,0.00146182,0
3816,0.00362579,0
3817,0.00347420,0
3818,0.00000515,0
3819,0.00066166,0
3820,0.00026894,0
3821,0.00051493,0
3822,0.00229123,0
3823,0.00295043,0
3824,0.00424382,0
3825,0.00221096,0
3826,0.00340162,0
3827,0.00274428,0
3828,0.00281415,0
3829,0.01056598,0
3830,0.00244249,0
3831,0.00132460,0
3832,0.00346404,0
3833,0.00315525,0
3834,0.00000431,0
3835,0.00042982,0
3836,0.00018183,0
3837,0.00052746,0
3838,0.00230113,0
3839,0.00258958,0
3840,0.00570179,0
3841,0.00260679,0
3842,0.00418619,0
3843,0.00382606,0
3844,0.00207659,0
3845,0.00165301,0
3846,0.00196255,0
3847,0.00210284,0
3848,0.00189752,0
3849,0.00174550,0
3850,0.00485235,0
3851,0.00057677,0
3852,0.00277828,0
3853,0.00169714,0
3854,0.00358925,0
3855,0.00513567,0
3856,0.00245189,0
3857,0.00474786,0
3858,0.00233622,0
3859,0.00187083,0
3860,0.00208025,0
3861,0.00304786,0
3862,0.00700047,0
3863,0.00204196,0
3864,0.00760200,0
3865,0.02145833,0
3866,0.00625551,0
3867,0.00244752,0
3868,0.00456235,0
3869,0.00223903,0
3870,0.00341434,0
3871,0.00471097,0
3872,0.00212323,0
3873,0.00280348,0
3874,0.00217552,0
3875,0.00444800,0
3876,0.00228755,0
3877,0.00319961,0
3878,0.00757794,0
3879,0.00275177,0
3880,0.00208801,0
3881,0.00422438,0
3882,0.00234004,0
3883,0.00195111,0
3884,0.00275076,0
3885,0.00440334,0
3886,0.00063573,0
3887,0.00230631,0
3888,0.00278087,0
3889,0.00398415,0
3890,0.00500478,0
3891,0.00840661,0
3892,0.00647147,0
3893,0.00337436,0
3894,0.00234534,0
3895,0.00307363,0
3896,0.00324359,0
3897,0.00900962,0
3898,0.00206565,0
3899,0.00430520,0
3900,0.00185378,0
3901,0.00155575,0
3902,0.00372657,0
3903,0.00240659,0
3904,0.00266426,0
3905,0.00495748,0
3906,0.00631162,0
3907,0.00145014,0
3908,0.00352628,0
3909,0.00329932,0
3910,0.00000562,0
3911,0.00036991,0
3912,0.00026493,0
3913,0.00054017,0
3914,0.00228041,0
3915,0.00276764,0
3916,0.00421790,0
3917,0.00229182,0
3918,0.00322362,0
3919,0.00314308,0
3920,0.00274697,0
3921,0.01170180,0
3922,0.00261349,0
3923,0.00134516,0
3924,0.00333191,0
3925,0.00309761,0
3926,0.00000479,0
3927,0.00014271,0
3928,0.00018006,0
3929,0.00065523,0
3930,0.00208106,0
3931,0.00257391,0
3932,0.00532224,0
3933,0.00275866,0
3934,0.00418817,0
3935,0.00398511,0
3936,0.00207703,0
3937,0.00160420,0
3938,0.00201266,0
3939,0.00217873,0
3940,0.00169671,0
3941,0.00175302,0
3942,0.00504537,0
3943,0.00056026,0
3944,0.00267083,0
3945,0.00197395,0
3946,0.00415711,0
3947,0.00502828,0
3948,0.00243883,0
3949,0.00481345,0
3950,0.00256692,0
3951,0.00209648,0
3952,0.00212213,0
3953,0.00319153,0
3954,0.00689615,0
3955,0.00249900,0
3956,0.00727831,0
3957,0.02163005,0
3958,0.00608625,0
3959,0.00242998,0
3960,0.00486639,0
3961,0.00223708,0
3962,0.00348444,0
3963,0.00474480,0
3964,0.00219729,0
3965,0.00265496,0
3966,0.00227118,0
3967,0.00451954,0
3968,0.00232387,0
3969,0.00302742,0
3970,0.00722777,0
3971,0.00279930,0
3972,0.00202642,0
3973,0.00417624,0
3974,0.00226721,0
3975,0.00204553,0
3976,0.00268707,0
3977,0.00464225,0
3978,0.00066717,0
3979,0.00225889,0
3980,0.00295852,0
3981,0.00403115,0
3982,0.00488837,0
3983,0.00858282,0
3984,0.00706001,0
3985,0.00323136,0
3986,0.00277666,0
3987,0.00327836,0
3988,0.00337224,0
3989,0.00934036,0
3990,0.00190432,0
3991,0.00431893,0
3992,0.00172586,0
3993,0.00144019,0
3994,0.00367572,0
3995,0.00250655,0
3996,0.00268655,0
3997,0.00512342,0
3998,0.00609280,0
3999,0.00142033,0
4000,0.00359027,0
4001,0.00333119,0
4002,0.00000533,0
4003,0.00031158,0
4004,0.00024515,0
4005,0.00056297,0
4006,0.00228666,0
4007,0.00312214,0
4008,0.00435629,0
4009,0.00222518,0
4010,0.00338732,0
4011,0.00285112,0
4012,0.00277796,0
4013,0.01126984,0
4014,0.00250975,0
4015,0.00139754,0
4016,0.00338211,0
4017,0.00309279,0
4018,0.00000522,0
4019,0.00022046,0
4020,0.00019845,0
4021,0.00064179,0
4022,0.00209208,0
4023,0.00281054,0
4024,0.00567845,0
4025,0.00288228,0
4026,0.00435127,0
4027,0.00401293,0
4028,0.00196770,0
4029,0.00161548,0
4030,0.00205990,0
4031,0.00230192,0
4032,0.00198216,0
4033,0.00168630,0
4034,0.00503873,0
4035,0.00058817,0
4036,0.00282094,0
4037,0.00186741,0
4038,0.00459154,0
4039,0.00484382,0
4040,0.00557179,0
4041,0.00627367,0
4042,0.00255512,0
4043,0.00277118,0
4044,0.00233284,0
4045,0.00339705,0
4046,0.00682765,0
4047,0.00257713,0
4048,0.00704486,0
4049,0.02051474,0
4050,0.00621860,0
4051,0.00235668,0
4052,0.00473996,0
4053,0.00252602,0
4054,0.00355268,0
4055,0.00477028,0
4056,0.00213651,0
4057,0.00269651,0
4058,0.00247269,0
4059,0.00424132,0
4060,0.00234197,0
4061,0.00297812,0
4062,0.00746950,0
4063,0.00289264,0
4064,0.00205182,0
4065,0.00440744,0
4066,0.00237382,0
4067,0.00197603,0
4068,0.00243964,0
4069,0.00441174,0
4070,0.00062290,0
4071,0.00214765,0
4072,0.00309302,0
4073,0.00398413,0
4074,0.00495711,0
4075,0.00792948,0
4076,0.00707135,0
4077,0.00347338,0
4078,0.00287071,0
4079,0.00324970,0
4080,0.00334118,0
4081,0.00910879,0
4082,0.00197801,0
4083,0.00437361,0
4084,0.00188349,0
4085,0.00167201,0
4086,0.00371813,0
4087,0.00249920,0
4088,0.00253472,0
4089,0.00529892,0
4090,0.00625354,0
4091,0.00149272,0
4092,0.00355855,0
4093,0.00367207,0
4094,0.00000589,0
4095,0.00040405,0
4096,0.00026274,0
4097,0.00057013,0
4098,0.00232067,0
4099,0.00288334,0
4100,0.00408795,0
4101,0.00232018,0
4102,0.00323431,0
4103,0.00287636,0
4104,0.00277535,0
4105,0.01067253,0
4106,0.00247048,0
4107,0.00137786,0
4108,0.00342161,0
4109,0.00307994,0
4110,0.00000499,0
4111,0.00019308,0
4112,0.00018124,0
4113,0.00083276,0
4114,0.00198474,0
4115,0.00264367,0
4116,0.00533579,0
4117,0.00271788,0
4118,0.00446210,0
4119,0.00411173,0
4120,0.00202155,0
4121,0.00166676,0
4122,0.00204442,0
4123,0.00223656,0
4124,0.00257832,0
4125,0.00156912,0
4126,0.00553302,0
4127,0.00056643,0
4128,0.00320657,0
4129,0.00203211,0
4130,0.00451324,0
4131,0.00521084,0
4132,0.00431789,0
4133,0.00586124,0
4134,0.00256183,0
4135,0.00188362,0
4136,0.00255180,0
4137,0.00325728,0
4138,0.00679603,0
4139,0.00235309,0
4140,0.00651189,0
4141,0.02158790,0
4142,0.00601810,0
4143,0.00235765,0
4144,0.00495748,0
4145,0.00292066,0
4146,0.00351579,0
4147,0.00475267,0
4148,0.00216215,0
4149,0.00267214,0
4150,0.00230564,0
4151,0.00434653,0
4152,0.00227195,0
4153,0.00335585,0
4154,0.00740383,0
4155,0.00275445,0
4156,0.00213027,0
4157,0.00440847,0
4158,0.00230343,0
4159,0.00193078,0
4160,0.00268478,0
4161,0.00443366,0
4162,0.00065551,0
4163,0.00242103,0
4164,0.00299413,0
4165,0.00392698,0
4166,0.00563151,0
4167,0.01083320,0
4168,0.00733019,0
4169,0.00346621,0
4170,0.00247355,0
4171,0.00326111,0
4172,0.00313025,0
4173,0.00946140,0
4174,0.00203081,0
4175,0.00432320,0
4176,0.00176174,0
4177,0.00195604,0
4178,0.00373901,0
4179,0.00238796,0
4180,0.00241182,0
4181,0.00534229,0
4182,0.00650807,0
4183,0.00141626,0
4184,0.00357064,0
4185,0.00332708,0
4186,0.00000560,0
4187,0.00034785,0
4188,0.00021959,0
4189,0.00059981,0
4190,0.00224546,0
4191,0.00256523,0
4192,0.00455520,0
4193,0.00232374,0
4194,0.00332321,0
4195,0.00305376,0
4196,0.00278032,0
4197,0.01154814,0
4198,0.00248033,0
4199,0.00134990,0
4200,0.00334418,0
4201,0.00290640,0
4202,0.00000539,0
4203,0.00019848,0
4204,0.00019782,0
4205,0.00050682,0
4206,0.00194263,0
4207,0.00268512,0
4208,0.00573712,0
4209,0.00314735,0
4210,0.00441360,0
4211,0.00414741,0
4212,0.00202700,0
4213,0.00168270,0
4214,0.00184058,0
4215,0.00229253,0
4216,0.00244056,0
4217,0.00155601,0
4218,0.00505683,0
4219,0.00053494,0
4220,0.00271175,0
4221,0.00109157,0
4222,0.00367991,0
4223,0.00480853,0
4224,0.00448230,0
4225,0.00563686,0
4226,0.00302479,0
4227,0.00264125,0
4228,0.00217982,0
4229,0.00441350,0
4230,0.00679594,0
4231,0.00242440,0
4232,0.00642273,0
4233,0.02081658,0
4234,0.00581821,0
4235,0.00217517,0
4236,0.00468856,0
4237,0.00298258,0
4238,0.00338026,0
4239,0.00463545,0
4240,0.00193268,0
4241,0.00249564,0
4242,0.00206546,0
4243,0.00444736,0
4244,0.00213891,0
4245,0.00296253,0
4246,0.00708800,0
4247,0.00274610,0
4248,0.00194610,0
4249,0.00420543,0
4250,0.00218552,0
4251,0.00176233,0
4252,0.00243947,0
4253,0.00453103,0
4254,0.00056090,0
4255,0.00227467,0
4256,0.00338966,0
4257,0.00394306,0
4258,0.00577646,0
4259,0.00823718,0
4260,0.00664227,0
4261,0.00331473,0
4262,0.00232935,0
4263,0.00318970,0
4264,0.00296597,0
4265,0.00957461,0
4266,0.00199797,0
4267,0.00455728,0
4268,0.00186392,0
4269,0.00181131,0
4270,0.00340445,0
4271,0.00227118,0
4272,0.00237044,0
4273,0.00554761,0
4274,0.00598739,0
4275,0.00133497,0
4276,0.00345352,0
4277,0.00324377,0
4278,0.00000579,0
4279,0.00030279,0
4280,0.00021518,0
4281,0.00064604,0
4282,0.00216349,0
4283,0.00279769,0
4284,0.00389727,0
4285,0.00228530,0
4286,0.00315294,0
4287,0.00289547,0
4288,0.00276827,0
4289,0.01257541,0
4290,0.00235505,0
4291,0.00126030,0
4292,0.00327154,0
4293,0.00277072,0
4294,0.00000553,0
4295,0.00059935,0
4296,0.00022115,0
4297,0.00073514,0
4298,0.00206296,0
4299,0.00254864,0
4300,0.00577074,0
4301,0.00313300,0
4302,0.00443437,0
4303,0.00437293,0
4304,0.00202925,0
4305,0.00158566,0
4306,0.00192183,0
4307,0.00254830,0
4308,0.00229393,0
4309,0.00167420,0
4310,0.00527397,0
4311,0.00052955,0
4312,0.00271206,0
4313,0.00192235,0
4314,0.00403764,0
4315,0.00483253,0
4316,0.00438683,0
4317,0.00566708,0
4318,0.00283387,0
4319,0.00240651,0
4320,0.00227575,0
4321,0.00451481,0
4322,0.00704491,0
4323,0.00246502,0
4324,0.00707031,0
4325,0.02150274,0
4326,0.00535646,0
4327,0.00203981,0
4328,0.00452666,0
4329,0.00234168,0
4330,0.00320131,0
4331,0.00436887,0
4332,0.00171838,0
4333,0.00238165,0
4334,0.00226797,0
4335,0.00426213,0
4336,0.00210780,0
4337,0.00286321,0
4338,0.00719547,0
4339,0.00267640,0
4340,0.00178994,0
4341,0.00395577,0
4342,0.00204917,0
4343,0.00186685,0
4344,0.00239310,0
4345,0.00458863,0
4346,0.00058619,0
4347,0.00219680,0
4348,0.00305017,0
4349,0.00377850,0
4350,0.00503193,0
4351,0.00851242,0
4352,0.00670011,0
4353,0.00329403,0
4354,0.00254663,0
4355,0.00337621,0
4356,0.00286833,0
4357,0.00986034,0
4358,0.00181927,0
4359,0.00416695,0
4360,0.00172846,0
4361,0.00184038,0
4362,0.00345676,0
4363,0.00228150,0
4364,0.00250189,0
4365,0.00506471,0
4366,0.00576861,0
4367,0.00129816,0
4368,0.00333198,0
4369,0.00312444,0
4370,0.00000545,0
4371,0.00059787,0
4372,0.00021905,0
4373,0.00057889,0
4374,0.00223493,0
4375,0.00260381,0
4376,0.00427019,0
4377,0.00238097,0
4378,0.00332594,0
4379,0.00324153,0
4380,0.00261169,0
4381,0.01252867,0
4382,0.00249764,0
4383,0.00128425,0
4384,0.00325536,0
4385,0.00270068,0
4386,0.00000538,0
4387,0.00050779,0
4388,0.00016949,0
4389,0.00091939,0
4390,0.00210137,0
4391,0.00254057,0
4392,0.00577572,0
4393,0.00304562,0
4394,0.00470377,0
4395,0.00409798,0
4396,0.00198679,0
4397,0.00166391,0
4398,0.00199553,0
4399,0.00239264,0
4400,0.00188065,0
4401,0.00182025,0
4402,0.00520864,0
4403,0.00054686,0
4404,0.00278024,0
4405,0.00174147,0
4406,0.00422921,0
4407,0.00480077,0
4408,0.00489909,0
4409,0.00569011,0
4410,0.00265720,0
4411,0.00219029,0
4412,0.00245192,0
4413,0.00415731,0
4414,0.00701349,0
4415,0.00268110,0
4416,0.00717234,0
4417,0.02200588,0
4418,0.00517228,0
4419,0.00205775,0
4420,0.00451758,0
4421,0.00225098,0
4422,0.00311535,0
4423,0.00472229,0
4424,0.00193200,0
4425,0.00257808,0
4426,0.00232386,0
4427,0.00440309,0
4428,0.00187443,0
4429,0.00279945,0
4430,0.00781045,0
4431,0.00275047,0
4432,0.00200320,0
4433,0.00420205,0
4434,0.00217153,0
4435,0.00199977,0
4436,0.00258348,0
4437,0.00463613,0
4438,0.00057757,0
4439,0.00237558,0
4440,0.00360537,0
4441,0.00377532,0
4442,0.00495069,0
4443,0.01088391,0
4444,0.00667476,0
4445,0.00308058,0
4446,0.00248343,0
4447,0.00322099,0
4448,0.00307990,0
4449,0.00992284,0
4450,0.00193969,0
4451,0.00459108,0
4452,0.00190252,0
4453,0.00200530,0
4454,0.00357705,0
4455,0.00259345,0
4456,0.00257265,0
4457,0.00505408,0
4458,0.00572317,0
4459,0.00129358,0
4460,0.00346739,0
4461,0.00321240,0
4462,0.00000511,0
4463,0.00041467,0
4464,0.00021125,0
4465,0.00055088,0
4466,0.00207324,0
4467,0.00256192,0
4468,0.00368316,0
4469,0.00242243,0
4470,0.00352781,0
4471,0.00325494,0
4472,0.00252129,0
4473,0.01127738,0
4474,0.00245734,0
4475,0.00115166,0
4476,0.00312577,0
4477,0.00282349,0
4478,0.00000532,0
4479,0.00032525,0
4480,0.00018326,0
4481,0.00056790,0
4482,0.00193910,0
4483,0.00239196,0
4484,0.00596643,0
4485,0.00315252,0
4486,0.00444673,0
4487,0.00424553,0
4488,0.00211844,0
4489,0.00148372,0
4490,0.00203971,0
4491,0.00239231,0
4492,0.00203340,0
4493,0.00165477,0
4494,0.00495373,0
4495,0.00056672,0
4496,0.00258898,0
4497,0.00169168,0
4498,0.00401171,0
4499,0.00486255,0
4500,0.00413112,0
4501,0.00530528,0
4502,0.00233964,0
4503,0.00214325,0
4504,0.00208657,0
4505,0.00368527,0
4506,0.00697221,0
4507,0.00245518,0
4508,0.00688834,0
4509,0.01982009,0
4510,0.00560740,0
4511,0.00205083,0
4512,0.00439259,0
4513,0.00211743,0
4514,0.00310144,0
4515,0.00414327,0
4516,0.00197446,0
4517,0.00253168,0
4518,0.00217561,0
4519,0.00408494,0
4520,0.00201929,0
4521,0.00280588,0
4522,0.00777886,0
4523,0.00268937,0
4524,0.00189168,0
4525,0.00440890,0
4526,0.00217582,0
4527,0.00182883,0
4528,0.00244807,0
4529,0.00457028,0
4530,0.00055290,0
4531,0.00212816,0
4532,0.00341603,0
4533,0.00356518,0
4534,0.00485251,0
4535,0.00798372,0
4536,0.00645348,0
4537,0.00299911,0
4538,0.00269761,0
4539,0.00298894,0
4540,0.00316560,0
4541,0.01004284,0
4542,0.00183952,0
4543,0.00450350,0
4544,0.00219782,0
4545,0.00232297,0
4546,0.00360748,0
4547,0.00255656,0
4548,0.00251787,0
4549,0.00469468,0
4550,0.00545829,0
4551,0.00124735,0
4552,0.00317474,0
4553,0.00322636,0
4554,0.00000516,0
4555,0.00034389,0
4556,0.00022179,0
4557,0.00050632,0
4558,0.00218786,0
4559,0.00269980,0
4560,0.00398078,0
4561,0.00243510,0
4562,0.00333264,0
4563,0.00296188,0
4564,0.00250801,0
4565,0.01093396,0
4566,0.00237591,0
4567,0.00113973,0
4568,0.00302566,0
4569,0.00277835,0
4570,0.00000483,0
4571,0.00034517,0
4572,0.00016123,0
4573,0.00086318,0
4574,0.00201672,0
4575,0.00225433,0
4576,0.00552016,0
4577,0.00264322,0
4578,0.00446864,0
4579,0.00412415,0
4580,0.00191481,0
4581,0.00144624,0
4582,0.00191238,0
4583,0.00256222,0
4584,0.00269016,0
4585,0.00165473,0
4586,0.00511377,0
4587,0.00053236,0
4588,0.00246650,0
4589,0.00137842,0
4590,0.00363739,0
4591,0.00467107,0
4592,0.00464577,0
4593,0.00503628,0
4594,0.00250446,0
4595,0.00183517,0
4596,0.00200236,0
4597,0.00338817,0
4598,0.00664697,0
4599,0.00248766,0
4600,0.00683257,0
4601,0.01910996,0
4602,0.00510992,0
4603,0.00211605,0
4604,0.00437785,0
4605,0.00218594,0
4606,0.00291238,0
4607,0.00417735,0
4608,0.00186844,0
4609,0.00242850,0
4610,0.00207661,0
4611,0.00367521,0
4612,0.00182412,0
4613,0.00255612,0
4614,0.00758601,0
4615,0.00256666,0
4616,0.00184510,0
4617,0.00410039,0
4618,0.00217478,0
4619,0.00174542,0
4620,0.00227571,0
4621,0.00463314,0
4622,0.00054590,0
4623,0.00200124,0
4624,0.00257444,0
4625,0.00347158,0
4626,0.00481329,0
4627,0.00723120,0
4628,0.00668609,0
4629,0.00299442,0
4630,0.00351584,0
4631,0.00287109,0
4632,0.00273110,0
4633,0.01005457,0
4634,0.00178926,0
4635,0.00436393,0
4636,0.00193994,0
4637,0.00211500,0
4638,0.00331390,0
4639,0.00229242,0
4640,0.00226794,0
4641,0.00507227,0
4642,0.00572862,0
4643,0.00124489,0
4644,0.00327551,0
4645,0.00329993,0
4646,0.00000523,0
4647,0.00050876,0
4648,0.00020690,0
4649,0.00050280,0
4650,0.00209051,0
4651,0.00263576,0
4652,0.00364668,0
4653,0.00263881,0
4654,0.00349277,0
4655,0.00282067,0
4656,0.00235643,0
4657,0.00973225,0
4658,0.00217964,0
4659,0.00114795,0
4660,0.00307361,0
4661,0.00293692,0
4662,0.00000491,0
4663,0.00013599,0
4664,0.00014635,0
4665,0.00050431,0
4666,0.00188169,0
4667,0.00222395,0
4668,0.00554531,0
4669,0.00281683,0
4670,0.00437216,0
4671,0.00413256,0
4672,0.00198433,0
4673,0.00154704,0
4674,0.00194068,0
4675,0.00236216,0
4676,0.00190358,0
4677,0.00154753,0
4678,0.00507407,0
4679,0.00049706,0
4680,0.00241207,0
4681,0.00154081,0
4682,0.00373905,0
4683,0.00423966,0
4684,0.00393177,0
4685,0.00464537,0
4686,0.00245453,0
4687,0.00190444,0
4688,0.00222083,0
4689,0.00397871,0
4690,0.00649163,0
4691,0.00238136,0
4692,0.00679791,0
4693,0.01928714,0
4694,0.00540984,0
4695,0.00194470,0
4696,0.00438377,0
4697,0.00211690,0
4698,0.00279206,0
4699,0.00410685,0
4700,0.00167715,0
4701,0.00228243,0
4702,0.00205163,0
4703,0.00367808,0
4704,0.00183274,0
4705,0.00235908,0
4706,0.00750957,0
4707,0.00242478,0
4708,0.00173403,0
4709,0.00393342,0
4710,0.00206357,0
4711,0.00178908,0
4712,0.00214452,0
4713,0.00486687,0
4714,0.00054766,0
4715,0.00216079,0
4716,0.00288939,0
4717,0.00345614,0
4718,0.00465364,0
4719,0.00831086,0
4720,0.00663244,0
4721,0.00288307,0
4722,0.00279929,0
4723,0.00303824,0
4724,0.00285883,0
4725,0.00938937,0
4726,0.00179503,0
4727,0.00447968,0
4728,0.00179646,0
4729,0.00235774,0
4730,0.00367120,0
4731,0.00242386,0
4732,0.00237210,0
4733,0.00496012,0
4734,0.00536858,0
4735,0.00122294,0
4736,0.00312950,0
4737,0.00299725,0
4738,0.00000491,0
4739,0.00028374,0
4740,0.00018209,0
4741,0.00050592,0
4742,0.00199373,0
4743,0.00255528,0
4744,0.00367963,0
4745,0.00221030,0
4746,0.00322696,0
4747,0.00274759,0
4748,0.00250565,0
4749,0.00989106,0
4750,0.00240184,0
4751,0.00113712,0
4752,0.00314691,0
4753,0.00272316,0
4754,0.00000483,0
4755,0.00031411,0
4756,0.00018178,0
4757,0.00075056,0
4758,0.00196615,0
4759,0.00227681,0
4760,0.00550172,0
4761,0.00274940,0
4762,0.00432095,0
4763,0.00383643,0
4764,0.00186404,0
4765,0.00159091,0
4766,0.00182718,0
4767,0.00237841,0
4768,0.00170877,0
4769,0.00157425,0
4770,0.00552296,0
4771,0.00050105,0
4772,0.00259994,0
4773,0.00149483,0
4774,0.00363073,0
4775,0.00418858,0
4776,0.00464626,0
4777,0.00444332,0
4778,0.00241795,0
4779,0.00228033,0
4780,0.00200371,0
4781,0.00361870,0
4782,0.00637354,0
4783,0.00266149,0
4784,0.00635064,0
4785,0.01953985,0
4786,0.00505121,0
4787,0.00202413,0
4788,0.00406355,0
4789,0.00206934,0
4790,0.00275372,0
4791,0.00397608,0
4792,0.00164065,0
4793,0.00221650,0
4794,0.00221787,0
4795,0.00353591,0
4796,0.00174095,0
4797,0.00236217,0
4798,0.00752297,0
4799,0.00262632,0
4800,0.00177552,0
4801,0.00376220,0
4802,0.00196417,0
4803,0.00181427,0
4804,0.00197736,0
4805,0.00458731,0
4806,0.00054497,0
4807,0.00200070,0
4808,0.00275434,0
4809,0.00356150,0
4810,0.00439326,0
4811,0.00960978,0
4812,0.00620237,0
4813,0.00274700,0
4814,0.00218236,0
4815,0.00288495,0
4816,0.00290042,0
4817,0.00957700,0
4818,0.00168368,0
4819,0.00423988,0
4820,0.00177907,0
4821,0.00163323,0
4822,0.00350234,0
4823,0.00232372,0
4824,0.00219226,0
4825,0.00555275,0
4826,0.00555246,0
4827,0.00119900,0
4828,0.00321509,0
4829,0.00303276,0
4830,0.00000503,0
4831,0.00034242,0
4832,0.00018788,0
4833,0.00052753,0
4834,0.00182107,0
4835,0.00251073,0
4836,0.00378432,0
4837,0.00234178,0
4838,0.00330293,0
4839,0.00273213,0
4840,0.00228063,0
4841,0.00942908,0
4842,0.00202331,0
4843,0.00108834,0
4844,0.00268213,0
4845,0.00250886,0
4846,0.00000450,0
4847,0.00031544,0
4848,0.00015942,0
4849,0.00055248,0
4850,0.00169274,0
4851,0.00226564,0
4852,0.00521024,0
4853,0.00253959,0
4854,0.00435259,0
4855,0.00370290,0
4856,0.00171077,0
4857,0.00159538,0
4858,0.00186338,0
4859,0.00218704,0
4860,0.00193159,0
4861,0.00141367,0
4862,0.00540842,0
4863,0.00045859,0
4864,0.00259957,0
4865,0.00157493,0
4866,0.00374259,0
4867,0.00401437,0
4868,0.00434703,0
4869,0.00440315,0
4870,0.00217444,0
4871,0.00204028,0
4872,0.00183110,0
4873,0.00358888,0
4874,0.00620708,0
4875,0.00242849,0
4876,0.00638311,0
4877,0.01941466,0
4878,0.00493934,0
4879,0.00176854,0
4880,0.00397816,0
4881,0.00207328,0
4882,0.00265489,0
4883,0.00388691,0
4884,0.00166021,0
4885,0.00210343,0
4886,0.00211226,0
4887,0.00341837,0
4888,0.00183465,0
4889,0.00234263,0
4890,0.00727374,0
4891,0.00235109,0
4892,0.00162794,0
4893,0.00377141,0
4894,0.00195267,0
4895,0.00171459,0
4896,0.00205259,0
4897,0.00466281,0
4898,0.00052570,0
4899,0.00200400,0
4900,0.00340244,0
4901,0.00355108,0
4902,0.00436385,0
4903,0.00880125,0
4904,0.00622721,0
4905,0.00285099,0
4906,0.00237177,0
4907,0.00286008,0
4908,0.00259519,0
4909,0.00925163,0
4910,0.00165684,0
4911,0.00410707,0
4912,0.00176278,0
4913,0.00181405,0
4914,0.00329688,0
4915,0.00229701,0
4916,0.00199471,0
4917,0.00501773,0
4918,0.00563756,0
4919,0.00101731,0
4920,0.00293597,0
4921,0.00275550,0
4922,0.00000523,0
4923,0.00031467,0
4924,0.00017798,0
4925,0.00047629,0
4926,0.00169496,0
4927,0.00236285,0
4928,0.00376106,0
4929,0.00224681,0
4930,0.00302928,0
4931,0.00275467,0
4932,0.00221009,0
4933,0.00892211,0
4934,0.00208401,0
4935,0.00113536,0
4936,0.00278475,0
4937,0.00241279,0
4938,0.00000486,0
4939,0.00016482,0
4940,0.00013912,0
4941,0.00051335,0
4942,0.00153705,0
4943,0.00226520,0
4944,0.00521235,0
4945,0.00256825,0
4946,0.00400979,0
4947,0.00382259,0
4948,0.00173506,0
4949,0.00141135,0
4950,0.00184232,0
4951,0.00224948,0
4952,0.00251490,0
4953,0.00131861,0
4954,0.00511963,0
4955,0.00044913,0
4956,0.00229978,0
4957,0.00155335,0
4958,0.00346452,0
4959,0.00407116,0
4960,0.00210201,0
4961,0.00395389,0
4962,0.00216401,0
4963,0.00140636,0
4964,0.00176347,0
4965,0.00372616,0
4966,0.00590908,0
4967,0.00212344,0
4968,0.00563385,0
4969,0.01658833,0
4970,0.00475034,0
4971,0.00180979,0
4972,0.00373569,0
4973,0.00195973,0
4974,0.00268025,0
4975,0.00374430,0
4976,0.00149088,0
4977,0.00198900,0
4978,0.00202937,0
4979,0.00329247,0
4980,0.00157807,0
4981,0.00220843,0
4982,0.00713997,0
4983,0.00220300,0
4984,0.00145369,0
4985,0.00374209,0
4986,0.00207304,0
4987,0.00168096,0
4988,0.00175832,0
4989,0.00467000,0
4990,0.00049894,0
4991,0.00185227,0
4992,0.00229473,0
4993,0.00338225,0
4994,0.00430008,0
4995,0.00735247,0
4996,0.00559365,0
4997,0.00277578,0
4998,0.00254357,0
4999,0.00251537,0
5000,0.00248736,0
5001,0.00864142,0
5002,0.00156842,0
5003,0.00407260,0
5004,0.00159271,0
5005,0.00149098,0
5006,0.00321654,0
5007,0.00212012,0
5008,0.00201999,0
5009,0.00460189,0
5010,0.00541736,0
5011,0.00110912,0
5012,0.00274076,0
5013,0.00273209,0
5014,0.00000476,0
5015,0.00021051,0
5016,0.00015934,0
5017,0.00049269,0
5018,0.00160781,0
5019,0.00246852,0
5020,0.00334493,0
5021,0.00225209,0
5022,0.00288190,0
5023,0.00261525,0
5024,0.00215355,0
5025,0.00938584,0
5026,0.00180954,0
5027,0.00107224,0
5028,0.00277198,0
5029,0.00235756,0
5030,0.00000517,0
5031,0.00036818,0
5032,0.00016352,0
5033,0.00056342,0
5034,0.00169311,0
5035,0.00224667,0
5036,0.00516163,0
5037,0.00238343,0
5038,0.00380576,0
5039,0.00389965,0
5040,0.00163648,0
5041,0.00144016,0
5042,0.00180114,0
5043,0.00206326,0
5044,0.00238959,0
5045,0.00126737,0
5046,0.00512903,0
5047,0.00043177,0
5048,0.00212870,0
5049,0.00152357,0
5050,0.00330278,0
5051,0.00388952,0
5052,0.00455899,0
5053,0.00411759,0
5054,0.00200083,0
5055,0.00205620,0
5056,0.00170637,0
5057,0.00330679,0
5058,0.00573196,0
5059,0.00221626,0
5060,0.00585167,0
5061,0.01725009,0
5062,0.00471393,0
5063,0.00175724,0
5064,0.00375797,0
5065,0.00189005,0
5066,0.00245327,0
5067,0.00356176,0
5068,0.00138012,0
5069,0.00179229,0
5070,0.00177524,0
5071,0.00321324,0
5072,0.00151361,0
5073,0.00229723,0
5074,0.00699348,0
5075,0.00211817,0
5076,0.00144576,0
5077,0.00369402,0
5078,0.00202360,0
5079,0.00169820,0
5080,0.00175036,0
5081,0.00428859,0
5082,0.00047970,0
5083,0.00184891,0
5084,0.00237262,0
5085,0.00318972,0
5086,0.00403223,0
5087,0.00702466,0
5088,0.00557072,0
5089,0.00262844,0
5090,0.00197239,0
5091,0.00240004,0
5092,0.00263817,0
5093,0.00968709,0
5094,0.00159977,0
5095,0.00391780,0
5096,0.00163416,0
5097,0.00150937,0
5098,0.00299443,0
5099,0.00224501,0
5100,0.00193551,0
5101,0.00472981,0
5102,0.00548839,0
5103,0.00102876,0
5104,0.00266729,0
5105,0.00280827,0
5106,0.00000455,0
5107,0.00026443,0
5108,0.00017305,0
5109,0.00045157,0
5110,0.00158864,0
5111,0.00240483,0
5112,0.00328943,0
5113,0.00213406,0
5114,0.00283156,0
5115,0.00270454,0
5116,0.00209953,0
5117,0.00923745,0
5118,0.00188086,0
5119,0.00100552,0
5120,0.00267461,0
5121,0.00264980,0
5122,0.00000458,0
5123,0.00021801,0
5124,0.00013304,0
5125,0.00060651,0
5126,0.00177452,0
5127,0.00220244,0
5128,0.00506382,0
5129,0.00220213,0
5130,0.00404190,0
5131,0.00394197,0
5132,0.00163981,0
5133,0.00145753,0
5134,0.00170168,0
5135,0.00206093,0
5136,0.00196186,0
5137,0.00131677,0
5138,0.00551696,0
5139,0.00042062,0
5140,0.00214107,0
5141,0.00146831,0
5142,0.00325061,0
5143,0.00391235,0
5144,0.00440959,0
5145,0.00415677,0
5146,0.00214364,0
5147,0.00199583,0
5148,0.00179737,0
5149,0.00381418,0
5150,0.00557743,0
5151,0.00231989,0
5152,0.00588911,0
5153,0.01772725,0
5154,0.00469419,0
5155,0.00167720,0
5156,0.00361256,0
5157,0.00196275,0
5158,0.00225589,0
5159,0.00356133,0
5160,0.00141190,0
5161,0.00172130,0
5162,0.00188886,0
5163,0.00328563,0
5164,0.00148652,0
5165,0.00208495,0
5166,0.00683552,0
5167,0.00222635,0
5168,0.00147584,0
5169,0.00376908,0
5170,0.00196599,0
5171,0.00164507,0
5172,0.00170739,0
5173,0.00427618,0
5174,0.00045513,0
5175,0.00173752,0
5176,0.00260055,0
5177,0.00307720,0
5178,0.00419883,0
5179,0.00790158,0
5180,0.00581885,0
5181,0.00273116,0
5182,0.00232001,0
5183,0.00243103,0
5184,0.00237663,0
5185,0.00874332,0
5186,0.00152727,0
5187,0.00418351,0
5188,0.00157379,0
5189,0.00177545,0
5190,0.00314177,0
5191,0.00206735,0
5192,0.00202208,0
5193,0.00451505,0
5194,0.00497675,0
5195,0.00103769,0
5196,0.00272434,0
5197,0.00269063,0
5198,0.00000463,0
5199,0.00018531,0
5200,0.00015280,0
5201,0.00054002,0
5202,0.00155153,0
5203,0.00224031,0
5204,0.00343457,0
5205,0.00217045,0
5206,0.00267198,0
5207,0.00245694,0
5208,0.00197322,0
5209,0.01042168,0
5210,0.00193854,0
5211,0.00105955,0
5212,0.00263693,0
5213,0.00252633,0
5214,0.00000449,0
5215,0.00021872,0
5216,0.00015352,0
5217,0.00059270,0
5218,0.00171161,0
5219,0.00218147,0
5220,0.00519220,0
5221,0.00228257,0
5222,0.00372969,0
5223,0.00380662,0
5224,0.00162024,0
5225,0.00133951,0
5226,0.00165205,0
5227,0.00210642,0
5228,0.00160913,0
5229,0.00122691,0
5230,0.00505940,0
5231,0.00040771,0
5232,0.00213654,0
5233,0.00127094,0
5234,0.00353288,0
5235,0.00387775,0
5236,0.00391464,0
5237,0.00435110,0
5238,0.00218229,0
5239,0.00163057,0
5240,0.00177906,0
5241,0.00390946,0
5242,0.00604417,0
5243,0.00202236,0
5244,0.00627617,0
5245,0.01859203,0
5246,0.00473312,0
5247,0.00169790,0
5248,0.00377274,0
5249,0.00202456,0
5250,0.00223304,0
5251,0.00336459,0
5252,0.00143735,0
5253,0.00177652,0
5254,0.00179203,0
5255,0.00317434,0
5256,0.00154005,0
5257,0.00199072,0
5258,0.00661872,0
5259,0.00220367,0
5260,0.00148967,0
5261,0.00361118,0
5262,0.00186900,0
5263,0.00153347,0
5264,0.00174448,0
5265,0.00443639,0
5266,0.00045954,0
5267,0.00178915,0
5268,0.00271607,0
5269,0.00325000,0
5270,0.00407290,0
5271,0.00731671,0
5272,0.00572463,0
5273,0.00259311,0
5274,0.00331959,0
5275,0.00242590,0
5276,0.00251001,0
5277,0.00889513,0
5278,0.00146137,0
5279,0.00419853,0
5280,0.00160310,0
5281,0.00148607,0
5282,0.00307026,0
5283,0.00207557,0
5284,0.00187151,0
5285,0.00428582,0
5286,0.00517695,0
5287,0.00098343,0
5288,0.00273263,0
5289,0.00264621,0
5290,0.00000419,0
5291,0.00040598,0
5292,0.00015825,0
5293,0.00050175,0
5294,0.00159989,0
5295,0.00238172,0
5296,0.00316841,0
5297,0.00214826,0
5298,0.00287198,0
5299,0.00248955,0
5300,0.00201645,0
5301,0.01017447,0
5302,0.00187777,0
5303,0.00108350,0
5304,0.00265037,0
5305,0.00252276,0
5306,0.00000443,0
5307,0.00051704,0
5308,0.00016170,0
5309,0.00049907,0
5310,0.00171587,0
5311,0.00210475,0
5312,0.00536427,0
5313,0.00248144,0
5314,0.00378892,0
5315,0.00387459,0
5316,0.00168511,0
5317,0.00132343,0
5318,0.00178042,0
5319,0.00204283,0
5320,0.00178927,0
5321,0.00137141,0
5322,0.00480334,0
5323,0.00043483,0
5324,0.00194885,0
5325,0.00127496,0
5326,0.00344638,0
5327,0.00375012,0
5328,0.00337385,0
5329,0.00431723,0
5330,0.00207216,0
5331,0.00160301,0
5332,0.00161204,0
5333,0.00342069,0
5334,0.00599456,0
5335,0.00197505,0
5336,0.00616233,0
5337,0.01776853,0
5338,0.00458208,0
5339,0.00177387,0
5340,0.00373921,0
5341,0.00205599,0
5342,0.00221689,0
5343,0.00346710,0
5344,0.00145390,0
5345,0.00184020,0
5346,0.00189591,0
5347,0.00294467,0
5348,0.00143473,0
5349,0.00209104,0
5350,0.00637660,0
5351,0.00229379,0
5352,0.00165697,0
5353,0.00362629,0
5354,0.00184769,0
5355,0.00164017,0
5356,0.00193206,0
5357,0.00449668,0
5358,0.00052126,0
5359,0.00187529,0
5360,0.00281999,0
5361,0.00327793,0
5362,0.00370147,0
5363,0.00752485,0
5364,0.00579833,0
5365,0.00266382,0
5366,0.00248311,0
5367,0.00266124,0
5368,0.00255549,0
5369,0.00891156,0
5370,0.00162198,0
5371,0.00419050,0
5372,0.00174786,0
5373,0.00146995,0
5374,0.00307779,0
5375,0.00206656,0
5376,0.00207848,0
5377,0.00491692,0
5378,0.00510150,0
5379,0.00106226,0
5380,0.00275484,0
5381,0.00274447,0
5382,0.00000445,0
5383,0.00031405,0
5384,0.00017596,0
5385,0.00045513,0
5386,0.00165794,0
5387,0.00220932,0
5388,0.00345024,0
5389,0.00209849,0
5390,0.00314904,0
5391,0.00267107,0
5392,0.00215672,0
5393,0.01162858,0
5394,0.00209740,0
5395,0.00105176,0
5396,0.00258899,0
5397,0.00255634,0
5398,0.00000420,0
5399,0.00030984,0
5400,0.00015715,0
5401,0.00059685,0
5402,0.00184132,0
5403,0.00224308,0
5404,0.00545054,0
5405,0.00266485,0
5406,0.00395008,0
5407,0.00398851,0
5408,0.00175811,0
5409,0.00151896,0
5410,0.00176948,0
5411,0.00214374,0
5412,0.00189104,0
5413,0.00140946,0
5414,0.00489485,0
5415,0.00041590,0
5416,0.00203374,0
5417,0.00143295,0
5418,0.00378575,0
5419,0.00395587,0
5420,0.00257168,0
5421,0.00378089,0
5422,0.00223842,0
5423,0.00146435,0
5424,0.00175806,0
5425,0.00352464,0
5426,0.00579229,0
5427,0.00241126,0
5428,0.00621862,0
5429,0.01857489,0
5430,0.00466421,0
5431,0.00180632,0
5432,0.00364222,0
5433,0.00204374,0
5434,0.00234669,0
5435,0.00361695,0
5436,0.00143000,0
5437,0.00184942,0
5438,0.00182196,0
5439,0.00322405,0
5440,0.00152983,0
5441,0.00213560,0
5442,0.00650904,0
5443,0.00237274,0
5444,0.00160019,0
5445,0.00382397,0
5446,0.00195312,0
5447,0.00163537,0
5448,0.00193989,0
5449,0.00447676,0
5450,0.00049476,0
5451,0.00184181,0
5452,0.00262807,0
5453,0.00338639,0
5454,0.00399354,0
5455,0.00785444,0
5456,0.00629126,0
5457,0.00266557,0
5458,0.00253080,0
5459,0.00256769,0
5460,0.00268315,0
5461,0.00958430,0
5462,0.00160379,0
5463,0.00413543,0
5464,0.00169901,0
5465,0.00161656,0
5466,0.00343468,0
5467,0.00221827,0
5468,0.00221675,0
5469,0.00465918,0
5470,0.00495748,0
5471,0.00098329,0
5472,0.00265922,0
5473,0.00262406,0
5474,0.00000467,0
5475,0.00037777,0
5476,0.00017732,0
5477,0.00045165,0
5478,0.00167617,0
5479,0.00227178,0
5480,0.00356982,0
5481,0.00206950,0
5482,0.00289841,0
5483,0.00272793,0
5484,0.00203259,0
5485,0.01007909,0
5486,0.00201966,0
5487,0.00093407,0
5488,0.00264806,0
5489,0.00266792,0
5490,0.00000414,0
5491,0.00041780,0
5492,0.00017077,0
5493,0.00054559,0
5494,0.00191032,0
5495,0.00211524,0
5496,0.00529329,0
5497,0.00252696,0
5498,0.00380504,0
5499,0.00404872,0
5500,0.00162804,0
5501,0.00140576,0
5502,0.00171722,0
5503,0.00210597,0
5504,0.00203486,0
5505,0.00143370,0
5506,0.00509577,0
5507,0.00046447,0
5508,0.00207161,0
5509,0.00131536,0
5510,0.00360625,0
5511,0.00376479,0
5512,0.00395290,0
5513,0.00432087,0
5514,0.00218807,0
5515,0.00162620,0
5516,0.00173911,0
5517,0.00375573,0
5518,0.00605047,0
5519,0.00220850,0
5520,0.00648213,0
5521,0.01887315,0
5522,0.00454184,0
5523,0.00183107,0
5524,0.00381186,0
5525,0.00184204,0
5526,0.00230910,0
5527,0.00354051,0
5528,0.00159873,0
5529,0.00197839,0
5530,0.00196845,0
5531,0.00314440,0
5532,0.00149168,0
5533,0.00214937,0
5534,0.00664312,0
5535,0.00228391,0
5536,0.00157511,0
5537,0.00382572,0
5538,0.00189301,0
5539,0.00170278,0
5540,0.00182355,0
5541,0.00469144,0
5542,0.00050333,0
5543,0.00172881,0
5544,0.00265795,0
5545,0.00326528,0
5546,0.00387302,0
5547,0.00770004,0
5548,0.00596905,0
5549,0.00268055,0
5550,0.00207802,0
5551,0.00258676,0
5552,0.00262577,0
5553,0.00915037,0
5554,0.00170651,0
5555,0.00415795,0
5556,0.00165001,0
5557,0.00144342,0
5558,0.00303579,0
5559,0.00225372,0
5560,0.00200450,0
5561,0.00486721,0
5562,0.00506247,0
5563,0.00103076,0
5564,0.00258956,0
5565,0.00262427,0
5566,0.00000444,0
5567,0.00026966,0
5568,0.00018641,0
5569,0.00046478,0
5570,0.00153912,0
5571,0.00222098,0
5572,0.00332538,0
5573,0.00218088,0
5574,0.00298433,0
5575,0.00254254,0
5576,0.00205169,0
5577,0.01012799,0
5578,0.00213693,0
5579,0.00102711,0
5580,0.00275501,0
5581,0.00263232,0
5582,0.00000463,0
5583,0.00056745,0
5584,0.00016599,0
5585,0.00053018,0
5586,0.00186325,0
5587,0.00203026,0
5588,0.00560854,0
5589,0.00275192,0
5590,0.00377741,0
5591,0.00406770,0
5592,0.00167098,0
5593,0.00143130,0
5594,0.00177122,0
5595,0.00214405,0
5596,0.00156027,0
5597,0.00140410,0
5598,0.00513710,0
5599,0.00043707,0
5600,0.00211175,0
5601,0.00128533,0
5602,0.00353374,0
5603,0.00391951,0
5604,0.00301853,0
5605,0.00406037,0
5606,0.00207946,0
5607,0.00172784,0
5608,0.00173092,0
5609,0.00326008,0
5610,0.00553666,0
5611,0.00200444,0
5612,0.00646964,0
5613,0.01866297,0
5614,0.00451662,0
5615,0.00182198,0
5616,0.00382342,0
5617,0.00178094,0
5618,0.00228905,0
5619,0.00356650,0
5620,0.00153197,0
5621,0.00194732,0
5622,0.00179875,0
5623,0.00328846,0
5624,0.00157713,0
5625,0.00214005,0
5626,0.00671946,0
5627,0.00222252,0
5628,0.00162946,0
5629,0.00374819,0
5630,0.00192755,0
5631,0.00163868,0
5632,0.00193166,0
5633,0.00465545,0
5634,0.00049847,0
5635,0.00170089,0
5636,0.00269615,0
5637,0.00339240,0
5638,0.00368368,0
5639,0.00819997,0
5640,0.00603153,0
5641,0.00262605,0
5642,0.00203709,0
5643,0.00283766,0
5644,0.00246302,0
5645,0.00917561,0
5646,0.00162652,0
5647,0.00414778,0
5648,0.00167721,0
5649,0.00149708,0
5650,0.00338132,0
5651,0.00218519,0
5652,0.00198831,0
5653,0.00520504,0
5654,0.00534373,0
5655,0.00105377,0
5656,0.00259257,0
5657,0.00265142,0
5658,0.00000450,0
5659,0.00024994,0
5660,0.00018484,0
5661,0.00044842,0
5662,0.00169409,0
5663,0.00215860,0
5664,0.00330087,0
5665,0.00207433,0
5666,0.00320514,0
5667,0.00273473,0
5668,0.00203199,0
5669,0.00945204,0
5670,0.00199177,0
5671,0.00097563,0
5672,0.00268030,0
5673,0.00251867,0
5674,0.00000439,0
5675,0.00032925,0
5676,0.00016166,0
5677,0.00057110,0
5678,0.00167474,0
5679,0.00196041,0
5680,0.00539242,0
5681,0.00236096,0
5682,0.00397305,0
5683,0.00386112,0
5684,0.00159712,0
5685,0.00136233,0
5686,0.00187249,0
5687,0.00188387,0
5688,0.00138740,0
5689,0.00131598,0
5690,0.00493472,0
5691,0.00045315,0
5692,0.00200940,0
5693,0.00132964,0
5694,0.00354018,0
5695,0.00355105,0
5696,0.00350523,0
5697,0.00416595,0
5698,0.00210288,0
5699,0.00180610,0
5700,0.00170873,0
5701,0.00338344,0
5702,0.00586604,0
5703,0.00197451,0
5704,0.00577456,0
5705,0.01896362,0
5706,0.00453058,0
5707,0.00181830,0
5708,0.00376685,0
5709,0.00161137,0
5710,0.00245601,0
5711,0.00349350,0
5712,0.00147940,0
5713,0.00192114,0
5714,0.00175128,0
5715,0.00300869,0
5716,0.00152051,0
5717,0.00223392,0
5718,0.00663733,0
5719,0.00233899,0
5720,0.00154628,0
5721,0.00368202,0
5722,0.00183847,0
5723,0.00158781,0
5724,0.00186798,0
5725,0.00429160,0
5726,0.00047350,0
5727,0.00173394,0
5728,0.00246400,0
5729,0.00330119,0
5730,0.00390279,0
5731,0.00665238,0
5732,0.00594044,0
5733,0.00246212,0
5734,0.00235801,0
5735,0.00257418,0
5736,0.00254317,0
5737,0.00851685,0
5738,0.00168718,0
5739,0.00428804,0
5740,0.00154953,0
5741,0.00142956,0
5742,0.00338784,0
5743,0.00215011,0
5744,0.00204983,0
5745,0.00468810,0
5746,0.00476895,0
5747,0.00103502,0
5748,0.00264674,0
5749,0.00261450,0
5750,0.00000464,0
5751,0.00019218,0
5752,0.00018475,0
5753,0.00044829,0
5754,0.00164570,0
5755,0.00227628,0
5756,0.00329234,0
5757,0.00218790,0
5758,0.00299380,0
5759,0.00266294,0
5760,0.00195342,0
5761,0.00955561,0
5762,0.00204570,0
5763,0.00098039,0
5764,0.00255750,0
5765,0.00237771,0
5766,0.00000463,0
5767,0.00011298,0
5768,0.00015546,0
5769,0.00054097,0
5770,0.00152493,0
5771,0.00207218,0
5772,0.00529400,0
5773,0.00231099,0
5774,0.00370608,0
5775,0.00395212,0
5776,0.00157061,0
5777,0.00133090,0
5778,0.00160271,0
5779,0.00205368,0
5780,0.00210074,0
5781,0.00118851,0
5782,0.00481318,0
5783,0.00040943,0
5784,0.00190087,0
5785,0.00123949,0
5786,0.00313648,0
5787,0.00360349,0
5788,0.00358436,0
5789,0.00404276,0
5790,0.00195495,0
5791,0.00136757,0
5792,0.00156349,0
5793,0.00369718,0
5794,0.00558385,0
5795,0.00196184,0
5796,0.00639381,0
5797,0.01828019,0
5798,0.00404244,0
5799,0.00180756,0
5800,0.00364962,0
5801,0.00192204,0
5802,0.00225833,0
5803,0.00330819,0
5804,0.00138568,0
5805,0.00175257,0
5806,0.00174068,0
5807,0.00290666,0
5808,0.00140818,0
5809,0.00191021,0
5810,0.00624970,0
5811,0.00213519,0
5812,0.00145458,0
5813,0.00350942,0
5814,0.00172694,0
5815,0.00152065,0
5816,0.00177480,0
5817,0.00410565,0
5818,0.00047642,0
5819,0.00161402,0
5820,0.00247251,0
5821,0.00310506,0
5822,0.00382303,0
5823,0.00661860,0
5824,0.00593556,0
5825,0.00251262,0
5826,0.00229740,0
5827,0.00244603,0
5828,0.00237183,0
5829,0.00840906,0
5830,0.00163638,0
5831,0.00420810,0
5832,0.00147050,0
5833,0.00139653,0
5834,0.00327976,0
5835,0.00211722,0
5836,0.00189219,0
5837,0.00518043,0
5838,0.00509867,0
5839,0.00094595,0
5840,0.00287728,0
5841,0.00253418,0
5842,0.00000449,0
5843,0.00021389,0
5844,0.00016315,0
5845,0.00046689,0
5846,0.00151211,0
5847,0.00233188,0
5848,0.00293628,0
5849,0.00214447,0
5850,0.00274991,0
5851,0.00248107,0
5852,0.00191474,0
5853,0.00961895,0
5854,0.00184510,0
5855,0.00100846,0
5856,0.00247823,0
5857,0.00232002,0
5858,0.00000442,0
5859,0.00051912,0
5860,0.00015064,0
5861,0.00067321,0
5862,0.00163097,0
5863,0.00198283,0
5864,0.00537366,0
5865,0.00232931,0
5866,0.00396930,0
5867,0.00395516,0
5868,0.00159291,0
5869,0.00133767,0
5870,0.00177765,0
5871,0.00206686,0
5872,0.00237565,0
5873,0.00123394,0
5874,0.00458077,0
5875,0.00039063,0
5876,0.00199671,0
5877,0.00124190,0
5878,0.00324974,0
5879,0.00359256,0
5880,0.00399562,0
5881,0.00446435,0
5882,0.00208878,0
5883,0.00182450,0
5884,0.00183370,0
5885,0.00371649,0
5886,0.00583515,0
5887,0.00228926,0
5888,0.00552725,0
5889,0.01837039,0
5890,0.00431169,0
5891,0.00164823,0
5892,0.00358374,0
5893,0.00177251,0
5894,0.00222105,0
5895,0.00332265,0
5896,0.00137258,0
5897,0.00172644,0
5898,0.00177842,0
5899,0.00317769,0
5900,0.00152476,0
5901,0.00208601,0
5902,0.00639868,0
5903,0.00233803,0
5904,0.00158131,0
5905,0.00394292,0
5906,0.00189888,0
5907,0.00166659,0
5908,0.00174034,0
5909,0.00441214,0
5910,0.00048211,0
5911,0.00190151,0
5912,0.00251056,0
5913,0.00310278,0
5914,0.00397281,0
5915,0.00697491,0
5916,0.00582959,0
5917,0.00276352,0
5918,0.00230739,0
5919,0.00250259,0
5920,0.00248997,0
5921,0.00871729,0
5922,0.00165295,0
5923,0.00427526,0
5924,0.00155548,0
5925,0.00150914,0
5926,0.00315639,0
5927,0.00205348,0
5928,0.00191821,0
5929,0.00531987,0
5930,0.00489374,0
5931,0.00094775,0
5932,0.00259751,0
5933,0.00249907,0
5934,0.00000459,0
5935,0.00021412,0
5936,0.00014800,0
5937,0.00045868,0
5938,0.00154632,0
5939,0.00230666,0
5940,0.00339741,0
5941,0.00233054,0
5942,0.00304523,0
5943,0.00262030,0
5944,0.00207904,0
5945,0.00956570,0
5946,0.00198926,0
5947,0.00102823,0
5948,0.00271404,0
5949,0.00249187,0
5950,0.00000417,0
5951,0.00025413,0
5952,0.00015153,0
5953,0.00042411,0
5954,0.00174472,0
5955,0.00212852,0
5956,0.00511235,0
5957,0.00239618,0
5958,0.00409011,0
5959,0.00424693,0
5960,0.00160984,0
5961,0.00132343,0
5962,0.00172869,0
5963,0.00194175,0
5964,0.00180416,0
5965,0.00138502,0
5966,0.00524245,0
5967,0.00040794,0
5968,0.00206098,0
5969,0.00126989,0
5970,0.00324687,0
5971,0.00378125,0
5972,0.00397603,0
5973,0.00467658,0
5974,0.00224767,0
5975,0.00150498,0
5976,0.00179762,0
5977,0.00433376,0
5978,0.00566101,0
5979,0.00217421,0
5980,0.00562876,0
5981,0.01811124,0
5982,0.00453071,0
5983,0.00172881,0
5984,0.00364284,0
5985,0.00183997,0
5986,0.00236165,0
5987,0.00326774,0
5988,0.00137009,0
5989,0.00179367,0
5990,0.00171235,0
5991,0.00320666,0
5992,0.00153556,0
5993,0.00209157,0
5994,0.00684463,0
5995,0.00238676,0
5996,0.00156486,0
5997,0.00391060,0
5998,0.00194381,0
5999,0.00176713,0
6000,0.00183796,0
6001,0.00427214,0
6002,0.00049665,0
6003,0.00172258,0
6004,0.00259392,0
6005,0.00301946,0
6006,0.00365604,0
6007,0.00678997,0
6008,0.00603947,0
6009,0.00263777,0
6010,0.00254152,0
6011,0.00252392,0
6012,0.00258304,0
6013,0.00862584,0
6014,0.00162543,0
6015,0.00454141,0
6016,0.00148747,0
6017,0.00131274,0
6018,0.00333164,0
6019,0.00217659,0
6020,0.00205019,0
6021,0.00530811,0
6022,0.00530284,0
6023,0.00101619,0
6024,0.00264438,0
6025,0.00263400,0
6026,0.00000463,0
6027,0.00016681,0
6028,0.00015844,0
6029,0.00043545,0
6030,0.00154295,0
6031,0.00247886,0
6032,0.00326942,0
6033,0.00213295,0
6034,0.00294635,0
6035,0.00258194,0
6036,0.00214967,0
6037,0.00933361,0
6038,0.00199840,0
6039,0.00103859,0
6040,0.00255551,0
6041,0.00254558,0
6042,0.00000445,0
6043,0.00020892,0
6044,0.00016020,0
6045,0.00070095,0
6046,0.00174609,0
6047,0.00221410,0
6048,0.00571810,0
6049,0.00246041,0
6050,0.00398488,0
6051,0.00412918,0
6052,0.00169567,0
6053,0.00133761,0
6054,0.00166536,0
6055,0.00209944,0
6056,0.00192523,0
6057,0.00129345,0
6058,0.00555023,0
6059,0.00039269,0
6060,0.00199634,0
6061,0.00128127,0
6062,0.00352902,0
6063,0.00388096,0
6064,0.00366333,0
6065,0.00436287,0
6066,0.00221087,0
6067,0.00222223,0
6068,0.00172250,0
6069,0.00446411,0
6070,0.00626559,0
6071,0.00186522,0
6072,0.00584382,0
6073,0.01759351,0
6074,0.00499378,0
6075,0.00193956,0
6076,0.00373865,0
6077,0.00194859,0
6078,0.00232597,0
6079,0.00311756,0
6080,0.00132876,0
6081,0.00176541,0
6082,0.00168239,0
6083,0.00307216,0
6084,0.00156780,0
6085,0.00208709,0
6086,0.00674444,0
6087,0.00244738,0
6088,0.00153333,0
6089,0.00384768,0
6090,0.00185752,0
6091,0.00170527,0
6092,0.00183455,0
6093,0.00440726,0
6094,0.00050910,0
6095,0.00181069,0
6096,0.00251738,0
6097,0.00332048,0
6098,0.00407075,0
6099,0.00790614,0
6100,0.00580750,0
6101,0.00276850,0
6102,0.00318233,0
6103,0.00250183,0
6104,0.00257331,0
6105,0.00881332,0
6106,0.00182778,0
6107,0.00447811,0
6108,0.00155688,0
6109,0.00142761,0
6110,0.00310278,0
6111,0.00198412,0
6112,0.00189228,0
6113,0.00484212,0
6114,0.00516688,0
6115,0.00101886,0
6116,0.00285151,0
6117,0.00271335,0
6118,0.00000506,0
6119,0.00039552,0
6120,0.00017568,0
6121,0.00058218,0
6122,0.00165015,0
6123,0.00238122,0
6124,0.00354244,0
6125,0.00226634,0
6126,0.00310072,0
6127,0.00285750,0
6128,0.00203653,0
6129,0.00910816,0
6130,0.00199447,0
6131,0.00101937,0
6132,0.00270876,0
6133,0.00253286,0
6134,0.00000443,0
6135,0.00058306,0
6136,0.00018294,0
6137,0.00051494,0
6138,0.00172513,0
6139,0.00216588,0
6140,0.00562378,0
6141,0.00259417,0
6142,0.00432967,0
6143,0.00418586,0
6144,0.00159837,0
6145,0.00135253,0
6146,0.00174682,0
6147,0.00205053,0
6148,0.00204756,0
6149,0.00135066,0
6150,0.00512231,0
6151,0.00041048,0
6152,0.00198676,0
6153,0.00131114,0
6154,0.00364341,0
6155,0.00386404,0
6156,0.00412372,0
6157,0.00434818,0
6158,0.00221731,0
6159,0.00192395,0
6160,0.00163876,0
6161,0.00397408,0
6162,0.00613272,0
6163,0.00210394,0
6164,0.00592446,0
6165,0.01750876,0
6166,0.00531498,0
6167,0.00189306,0
6168,0.00369454,0
6169,0.00202840,0
6170,0.00232835,0
6171,0.00330649,0
6172,0.00138781,0
6173,0.00173995,0
6174,0.00182236,0
6175,0.00321632,0
6176,0.00155532,0
6177,0.00203393,0
6178,0.00708110,0
6179,0.00237215,0
6180,0.00147284,0
6181,0.00407993,0
6182,0.00188395,0
6183,0.00176921,0
6184,0.00197276,0
6185,0.00471287,0
6186,0.00045567,0
6187,0.00172870,0
6188,0.00282165,0
6189,0.00326084,0
6190,0.00418366,0
6191,0.00848466,0
6192,0.00616630,0
6193,0.00271676,0
6194,0.00246518,0
6195,0.00259373,0
6196,0.00248271,0
6197,0.00897775,0
6198,0.00165820,0
6199,0.00449577,0
6200,0.00157861,0
6201,0.00145927,0
6202,0.00304177,0
6203,0.00205612,0
6204,0.00193383,0
6205,0.00519592,0
6206,0.00532120,0
6207,0.00096892,0
6208,0.00280462,0
6209,0.00254294,0
6210,0.00000492,0
6211,0.00036377,0
6212,0.00018162,0
6213,0.00040739,0
6214,0.00162031,0
6215,0.00235849,0
6216,0.00336465,0
6217,0.00224116,0
6218,0.00314008,0
6219,0.00272123,0
6220,0.00204946,0
6221,0.00961541,0
6222,0.00194607,0
6223,0.00114043,0
6224,0.00268356,0
6225,0.00234680,0
6226,0.00000432,0
6227,0.00048702,0
6228,0.00017579,0
6229,0.00045696,0
6230,0.00172061,0
6231,0.00201681,0
6232,0.00562802,0
6233,0.00258556,0
6234,0.00429157,0
6235,0.00406165,0
6236,0.00158496,0
6237,0.00128332,0
6238,0.00178578,0
6239,0.00187281,0
6240,0.00183516,0
6241,0.00136407,0
6242,0.00473950,0
6243,0.00041621,0
6244,0.00204405,0
6245,0.00126263,0
6246,0.00354004,0
6247,0.00381135,0
6248,0.00343975,0
6249,0.00420429,0
6250,0.00205647,0
6251,0.00200790,0
6252,0.00162155,0
6253,0.00364997,0
6254,0.00609077,0
6255,0.00238348,0
6256,0.00621880,0
6257,0.01898786,0
6258,0.00546160,0
6259,0.00193770,0
6260,0.00368807,0
6261,0.00178304,0
6262,0.00224160,0
6263,0.00334567,0
6264,0.00130154,0
6265,0.00180471,0
6266,0.00177012,0
6267,0.00313010,0
6268,0.00152823,0
6269,0.00218740,0
6270,0.00718034,0
6271,0.00232240,0
6272,0.00156399,0
6273,0.00399840,0
6274,0.00172756,0
6275,0.00167428,0
6276,0.00186499,0
6277,0.00440467,0
6278,0.00048435,0
6279,0.00169794,0
6280,0.00272333,0
6281,0.00334518,0
6282,0.00404847,0
6283,0.00877192,0
6284,0.00587811,0
6285,0.00269811,0
6286,0.00255432,0
6287,0.00270294,0
6288,0.00268606,0
6289,0.00940461,0
6290,0.00158592,0
6291,0.00449109,0
6292,0.00149904,0
6293,0.00136361,0
6294,0.00314255,0
6295,0.00207281,0
6296,0.00203591,0
6297,0.00538047,0
6298,0.00543850,0
6299,0.00098392,0
6300,0.00271159,0
6301,0.00249466,0
6302,0.00000489,0
6303,0.00038253,0
6304,0.00018095,0
6305,0.00041434,0
6306,0.00161879,0
6307,0.00249337,0
6308,0.00348268,0
6309,0.00232358,0
6310,0.00288798,0
6311,0.00293453,0
6312,0.00203544,0
6313,0.00945894,0
6314,0.00207533,0
6315,0.00109277,0
6316,0.00287686,0
6317,0.00250925,0
6318,0.00000439,0
6319,0.00040850,0
6320,0.00021138,0
6321,0.00065136,0
6322,0.00160374,0
6323,0.00208749,0
6324,0.00582356,0
6325,0.00242101,0
6326,0.00400783,0
6327,0.00427896,0
6328,0.00158219,0
6329,0.00125802,0
6330,0.00185395,0
6331,0.00187285,0
6332,0.00163119,0
6333,0.00135965,0
6334,0.00493565,0
6335,0.00042202,0
6336,0.00213158,0
6337,0.00127928,0
6338,0.00338996,0
6339,0.00382476,0
6340,0.00350594,0
6341,0.00399725,0
6342,0.00210786,0
6343,0.00192613,0
6344,0.00166489,0
6345,0.00352963,0
6346,0.00618938,0
6347,0.00223491,0
6348,0.00647325,0
6349,0.01828382,0
6350,0.00462252,0
6351,0.00186453,0
6352,0.00354222,0
6353,0.00185250,0
6354,0.00213003,0
6355,0.00341776,0
6356,0.00136071,0
6357,0.00185474,0
6358,0.00182792,0
6359,0.00313653,0
6360,0.00153789,0
6361,0.00216467,0
6362,0.00690636,0
6363,0.00224944,0
6364,0.00150629,0
6365,0.00401754,0
6366,0.00175459,0
6367,0.00155882,0
6368,0.00196529,0
6369,0.00429450,0
6370,0.00045542,0
6371,0.00172293,0
6372,0.00262472,0
6373,0.00316032,0
6374,0.00396172,0
6375,0.00790674,0
6376,0.00585365,0
6377,0.00260225,0
6378,0.00255676,0
6379,0.00261697,0
6380,0.00251877,0
6381,0.00938793,0
6382,0.00158921,0
6383,0.00425889,0
6384,0.00143290,0
6385,0.00132885,0
6386,0.00318562,0
6387,0.00185214,0
6388,0.00193520,0
6389,0.00485195,0
6390,0.00502209,0
6391,0.00096573,0
6392,0.00275594,0
6393,0.00262984,0
6394,0.00000495,0
6395,0.00030164,0
6396,0.00019045,0
6397,0.00043270,0
6398,0.00171388,0
6399,0.00238554,0
6400,0.00360589,0
6401,0.00245856,0
6402,0.00298750,0
6403,0.00277920,0
6404,0.00195466,0
6405,0.01060288,0
6406,0.00206027,0
6407,0.00107106,0
6408,0.00268024,0
6409,0.00255079,0
6410,0.00000432,0
6411,0.00031575,0
6412,0.00018513,0
6413,0.00065144,0
6414,0.00157771,0
6415,0.00207579,0
6416,0.00538256,0
6417,0.00231091,0
6418,0.00415402,0
6419,0.00439467,0
6420,0.00156260,0
6421,0.00130897,0
6422,0.00171786,0
6423,0.00183128,0
6424,0.00167466,0
6425,0.00133653,0
6426,0.00480802,0
6427,0.00039790,0
6428,0.00181390,0
6429,0.00161371,0
6430,0.00383339,0
6431,0.00401941,0
6432,0.00403926,0
6433,0.00412618,0
6434,0.00205265,0
6435,0.00170825,0
6436,0.00166815,0
6437,0.00345634,0
6438,0.00600753,0
6439,0.00215970,0
6440,0.00628290,0
6441,0.01731523,0
6442,0.00478962,0
6443,0.00173028,0
6444,0.00352974,0
6445,0.00198603,0
6446,0.00223146,0
6447,0.00333778,0
6448,0.00120708,0
6449,0.00165924,0
6450,0.00180023,0
6451,0.00276273,0
6452,0.00141664,0
6453,0.00204594,0
6454,0.00648738,0
6455,0.00231847,0
6456,0.00147057,0
6457,0.00378095,0
6458,0.00184092,0
6459,0.00149287,0
6460,0.00174134,0
6461,0.00415809,0
6462,0.00046673,0
6463,0.00171250,0
6464,0.00291336,0
6465,0.00330168,0
6466,0.00375647,0
6467,0.00884545,0
6468,0.00571999,0
6469,0.00245285,0
6470,0.00237760,0
6471,0.00274851,0
6472,0.00232058,0
6473,0.00816094,0
6474,0.00159486,0
6475,0.00433219,0
6476,0.00158809,0
6477,0.00128413,0
6478,0.00310376,0
6479,0.00191785,0
6480,0.00174428,0
6481,0.00495322,0
6482,0.00502294,0
6483,0.00094080,0
6484,0.00254589,0
6485,0.00235124,0
6486,0.00000455,0
6487,0.00019703,0
6488,0.00016471,0
6489,0.00041540,0
6490,0.00159933,0
6491,0.00228610,0
6492,0.00311910,0
6493,0.00219567,0
6494,0.00294105,0
6495,0.00257178,0
6496,0.00194885,0
6497,0.01015890,0
6498,0.00185002,0
6499,0.00096887,0
6500,0.00263431,0
6501,0.00215826,0
6502,0.00000483,0
6503,0.00032383,0
6504,0.00017142,0
6505,0.00054886,0
6506,0.00168791,0
6507,0.00199020,0
6508,0.00519717,0
6509,0.00226527,0
6510,0.00397049,0
6511,0.00402125,0
6512,0.00147921,0
6513,0.00127989,0
6514,0.00163895,0
6515,0.00187029,0
6516,0.00134929,0
6517,0.00131703,0
6518,0.00437487,0
6519,0.00041981,0
6520,0.00191487,0
6521,0.00134955,0
6522,0.00349239,0
6523,0.00374352,0
6524,0.00373685,0
6525,0.00403048,0
6526,0.00183015,0
6527,0.00166575,0
6528,0.00159109,0
6529,0.00334616,0
6530,0.00600462,0
6531,0.00223183,0
6532,0.00608967,0
6533,0.01713915,0
6534,0.00451798,0
6535,0.00170738,0
6536,0.00331018,0
6537,0.00187447,0
6538,0.00204944,0
6539,0.00319070,0
6540,0.00125639,0
6541,0.00170390,0
6542,0.00167850,0
6543,0.00289360,0
6544,0.00139137,0
6545,0.00199264,0
6546,0.00664269,0
6547,0.00228127,0
6548,0.00146002,0
6549,0.00386458,0
6550,0.00180870,0
6551,0.00155858,0
6552,0.00169558,0
6553,0.00400290,0
6554,0.00045123,0
6555,0.00161483,0
6556,0.00284076,0
6557,0.00312356,0
6558,0.00353351,0
6559,0.00692496,0
6560,0.00535768,0
6561,0.00238957,0
6562,0.00265148,0
6563,0.00266766,0
6564,0.00227579,0
6565,0.00859832,0
6566,0.00162453,0
6567,0.00411626,0
6568,0.00150401,0
6569,0.00133888,0
6570,0.00319209,0
6571,0.00192555,0
6572,0.00181863,0
6573,0.00471760,0
6574,0.00509182,0
6575,0.00094619,0
6576,0.00246637,0
6577,0.00230484,0
6578,0.00000484,0
6579,0.00020762,0
6580,0.00017125,0
6581,0.00041651,0
6582,0.00163545,0
6583,0.00219694,0
6584,0.00320453,0
6585,0.00225854,0
6586,0.00276374,0
6587,0.00265507,0
6588,0.00185419,0
6589,0.00933645,0
6590,0.00195754,0
6591,0.00091159,0
6592,0.00246660,0
6593,0.00231992,0
6594,0.00000404,0
6595,0.00041257,0
6596,0.00014734,0
6597,0.00055955,0
6598,0.00160486,0
6599,0.00206588,0
6600,0.00551709,0
6601,0.00250694,0
6602,0.00410473,0
6603,0.00425834,0
6604,0.00143778,0
6605,0.00121758,0
6606,0.00167533,0
6607,0.00190592,0
6608,0.00121286,0
6609,0.00124907,0
6610,0.00489948,0
6611,0.00039729,0
6612,0.00187527,0
6613,0.00130590,0
6614,0.00353254,0
6615,0.00373217,0
6616,0.00382890,0
6617,0.00412042,0
6618,0.00192320,0
6619,0.00164159,0
6620,0.00168552,0
6621,0.00329287,0
6622,0.00591490,0
6623,0.00221506,0
6624,0.00651915,0
6625,0.01661555,0
6626,0.00423037,0
6627,0.00156854,0
6628,0.00320167,0
6629,0.00176751,0
6630,0.00204153,0
6631,0.00330213,0
6632,0.00128906,0
6633,0.00168861,0
6634,0.00178606,0
6635,0.00295340,0
6636,0.00130977,0
6637,0.00199071,0
6638,0.00675116,0
6639,0.00225986,0
6640,0.00142955,0
6641,0.00350005,0
6642,0.00190120,0
6643,0.00161441,0
6644,0.00171744,0
6645,0.00418856,0
6646,0.00044632,0
6647,0.00162206,0
6648,0.00281892,0
6649,0.00321442,0
6650,0.00369290,0
6651,0.00711135,0
6652,0.00526973,0
6653,0.00251980,0
6654,0.00281525,0
6655,0.00252395,0
6656,0.00242512,0
6657,0.00789209,0
6658,0.00164546,0
6659,0.00410277,0
6660,0.00157855,0
6661,0.00132854,0
6662,0.00318918,0
6663,0.00198038,0
6664,0.00177362,0
6665,0.00475437,0
6666,0.00545782,0
6667,0.00096122,0
6668,0.00252345,0
6669,0.00230872,0
6670,0.00000464,0
6671,0.00020653,0
6672,0.00016451,0
6673,0.00041615,0
6674,0.00154791,0
6675,0.00217735,0
6676,0.00325023,0
6677,0.00238111,0
6678,0.00306152,0
6679,0.00278632,0
6680,0.00182493,0
6681,0.00923932,0
6682,0.00195263,0
6683,0.00091406,0
6684,0.00241489,0
6685,0.00227230,0
6686,0.00000419,0
6687,0.00027529,0
6688,0.00014943,0
6689,0.00058387,0
6690,0.00148890,0
6691,0.00187528,0
6692,0.00538715,0
6693,0.00227225,0
6694,0.00413507,0
6695,0.00426530,0
6696,0.00146094,0
6697,0.00122932,0
6698,0.00162084,0
6699,0.00201545,0
6700,0.00142290,0
6701,0.00119585,0
6702,0.00466728,0
6703,0.00039954,0
6704,0.00187091,0
6705,0.00127997,0
6706,0.00391607,0
6707,0.00343932,0
6708,0.00387519,0
6709,0.00406404,0
6710,0.00180008,0
6711,0.00189737,0
6712,0.00162556,0
6713,0.00379347,0
6714,0.00563901,0
6715,0.00249163,0
6716,0.00648222,0
6717,0.01777075,0
6718,0.00500585,0
6719,0.00165579,0
6720,0.00319716,0
6721,0.00167659,0
6722,0.00207703,0
6723,0.00297136,0
6724,0.00118874,0
6725,0.00170204,0
6726,0.00174928,0
6727,0.00302778,0
6728,0.00133853,0
6729,0.00197124,0
6730,0.00667726,0
6731,0.00230737,0
6732,0.00132872,0
6733,0.00357823,0
6734,0.00196934,0
6735,0.00160264,0
6736,0.00170519,0
6737,0.00425498,0
6738,0.00045437,0
6739,0.00154771,0
6740,0.00290829,0
6741,0.00315904,0
6742,0.00381665,0
6743,0.00667927,0
6744,0.00527207,0
6745,0.00252235,0
6746,0.00218076,0
6747,0.00248032,0
6748,0.00241730,0
6749,0.00910509,0
6750,0.00163932,0
6751,0.00437991,0
6752,0.00160538,0
6753,0.00134060,0
6754,0.00317276,0
6755,0.00212947,0
6756,0.00177527,0
6757,0.00483249,0
6758,0.00510550,0
6759,0.00091382,0
6760,0.00260893,0
6761,0.00235632,0
6762,0.00000474,0
6763,0.00020893,0
6764,0.00015604,0
6765,0.00043836,0
6766,0.00162327,0
6767,0.00209814,0
6768,0.00346848,0
6769,0.00235935,0
6770,0.00296744,0
6771,0.00287293,0
6772,0.00190051,0
6773,0.01056989,0
6774,0.00196640,0
6775,0.00092082,0
6776,0.00243648,0
6777,0.00219174,0
6778,0.00000447,0
6779,0.00058843,0
6780,0.00015809,0
6781,0.00050066,0
6782,0.00149504,0
6783,0.00197308,0
6784,0.00538128,0
6785,0.00249958,0
6786,0.00397503,0
6787,0.00427432,0
6788,0.00154827,0
6789,0.00125657,0
6790,0.00165025,0
6791,0.00196896,0
6792,0.00223518,0
6793,0.00122017,0
6794,0.00487135,0
6795,0.00038666,0
6796,0.00190404,0
6797,0.00126086,0
6798,0.00357252,0
6799,0.00346902,0
6800,0.00291785,0
6801,0.00379325,0
6802,0.00184938,0
6803,0.00178013,0
6804,0.00169853,0
6805,0.00345539,0
6806,0.00546095,0
6807,0.00192982,0
6808,0.00595424,0
6809,0.01757800,0
6810,0.00460174,0
6811,0.00169542,0
6812,0.00315233,0
6813,0.00165366,0
6814,0.00201773,0
6815,0.00295255,0
6816,0.00118335,0
6817,0.00170700,0
6818,0.00172644,0
6819,0.00292806,0
6820,0.00130407,0
6821,0.00191915,0
6822,0.00683908,0
6823,0.00230217,0
6824,0.00137272,0
6825,0.00360542,0
6826,0.00200996,0
6827,0.00154080,0
6828,0.00161756,0
6829,0.00410897,0
6830,0.00044942,0
6831,0.00166666,0
6832,0.00296642,0
6833,0.00304755,0
6834,0.00372871,0
6835,0.00685955,0
6836,0.00520418,0
6837,0.00233135,0
6838,0.00227065,0
6839,0.00250823,0
6840,0.00242298,0
6841,0.00872187,0
6842,0.00161337,0
6843,0.00419836,0
6844,0.00155956,0
6845,0.00137704,0
6846,0.00319768,0
6847,0.00208424,0
6848,0.00191528,0
6849,0.00502116,0
6850,0.00474468,0
6851,0.00095140,0
6852,0.00262922,0
6853,0.00227294,0
6854,0.00000488,0
6855,0.00019105,0
6856,0.00013829,0
6857,0.00038316,0
6858,0.00143679,0
6859,0.00212703,0
6860,0.00328760,0
6861,0.00260971,0
6862,0.00286088,0
6863,0.00292930,0
6864,0.00176083,0
6865,0.00990226,0
6866,0.00195188,0
6867,0.00093245,0
6868,0.00249236,0
6869,0.00231790,0
6870,0.00000462,0
6871,0.00030998,0
6872,0.00014342,0
6873,0.00050413,0
6874,0.00149655,0
6875,0.00192958,0
6876,0.00547682,0
6877,0.00240147,0
6878,0.00394451,0
6879,0.00401110,0
6880,0.00162344,0
6881,0.00128550,0
6882,0.00171968,0
6883,0.00204581,0
6884,0.00283777,0
6885,0.00124895,0
6886,0.00487458,0
6887,0.00038360,0
6888,0.00184238,0
6889,0.00147343,0
6890,0.00381970,0
6891,0.00355835,0
6892,0.00323779,0
6893,0.00394712,0
6894,0.00181427,0
6895,0.00166879,0
6896,0.00159701,0
6897,0.00368443,0
6898,0.00564521,0
6899,0.00190284,0
6900,0.00590382,0
6901,0.01790109,0
6902,0.00445714,0
6903,0.00171356,0
6904,0.00338365,0
6905,0.00167309,0
6906,0.00199432,0
6907,0.00287871,0
6908,0.00109724,0
6909,0.00163572,0
6910,0.00173361,0
6911,0.00303911,0
6912,0.00133915,0
6913,0.00207697,0
6914,0.00685192,0
6915,0.00220228,0
6916,0.00134891,0
6917,0.00348457,0
6918,0.00200923,0
6919,0.00156352,0
6920,0.00161153,0
6921,0.00418327,0
6922,0.00041573,0
6923,0.00155691,0
6924,0.00278265,0
6925,0.00322024,0
6926,0.00379046,0
6927,0.00816221,0
6928,0.00532681,0
6929,0.00249837,0
6930,0.00239405,0
6931,0.00236263,0
6932,0.00236308,0
6933,0.00884861,0
6934,0.00150440,0
6935,0.00429062,0
6936,0.00153477,0
6937,0.00158316,0
6938,0.00329001,0
6939,0.00199352,0
6940,0.00195463,0
6941,0.00500178,0
6942,0.00463600,0
6943,0.00086794,0
6944,0.00254723,0
6945,0.00232800,0
6946,0.00000473,0
6947,0.00021610,0
6948,0.00012707,0
6949,0.00041720,0
6950,0.00160821,0
6951,0.00207920,0
6952,0.00328946,0
6953,0.00250304,0
6954,0.00286607,0
6955,0.00289143,0
6956,0.00190465,0
6957,0.00944182,0
6958,0.00203413,0
6959,0.00087927,0
6960,0.00229972,0
6961,0.00226773,0
6962,0.00000473,0
6963,0.00011038,0
6964,0.00012974,0
6965,0.00052880,0
6966,0.00150765,0
6967,0.00192018,0
6968,0.00548433,0
6969,0.00241029,0
6970,0.00399144,0
6971,0.00419445,0
6972,0.00155391,0
6973,0.00122327,0
6974,0.00171212,0
6975,0.00197055,0
6976,0.00166485,0
6977,0.00127433,0
6978,0.00502633,0
6979,0.00038939,0
6980,0.00177427,0
6981,0.00122956,0
6982,0.00355307,0
6983,0.00332319,0
6984,0.00350475,0
6985,0.00371503,0
6986,0.00178186,0
6987,0.00180512,0
6988,0.00166271,0
6989,0.00356282,0
6990,0.00533968,0
6991,0.00249257,0
6992,0.00588704,0
6993,0.01763888,0
6994,0.00483671,0
6995,0.00163918,0
6996,0.00303940,0
6997,0.00170630,0
6998,0.00188540,0
6999,0.00290953,0
7000,0.00117617,0
7001,0.00159884,0
7002,0.00167411,0
7003,0.00278365,0
7004,0.00131541,0
7005,0.00198376,0
7006,0.00665314,0
7007,0.00227677,0
7008,0.00130354,0
7009,0.00347778,0
7010,0.00195295,0
7011,0.00162376,0
7012,0.00161782,0
7013,0.00412342,0
7014,0.00040093,0
7015,0.00151984,0
7016,0.00270333,0
7017,0.00300920,0
7018,0.00361001,0
7019,0.00817482,0
7020,0.00508168,0
7021,0.00233839,0
7022,0.00238944,0
7023,0.00238438,0
7024,0.00229108,0
7025,0.00941317,0
7026,0.00163559,0
7027,0.00406283,0
7028,0.00139164,0
7029,0.00132072,0
7030,0.00309891,0
7031,0.00200561,0
7032,0.00191923,0
7033,0.00474026,0
7034,0.00484314,0
7035,0.00085829,0
7036,0.00255938,0
7037,0.00229773,0
7038,0.00000466,0
7039,0.00030823,0
7040,0.00014816,0
7041,0.00047232,0
7042,0.00144261,0
7043,0.00184076,0
7044,0.00340663,0
7045,0.00243464,0
7046,0.00298111,0
7047,0.00267571,0
7048,0.00164995,0
7049,0.00938549,0
7050,0.00182977,0
7051,0.00086508,0
7052,0.00225158,0
7053,0.00228301,0
7054,0.00000454,0
7055,0.00047839,0
7056,0.00014650,0
7057,0.00055036,0
7058,0.00165821,0
7059,0.00190309,0
7060,0.00536311,0
7061,0.00278932,0
7062,0.00406073,0
7063,0.00431725,0
7064,0.00157066,0
7065,0.00122220,0
7066,0.00160036,0
7067,0.00202931,0
7068,0.00165655,0
7069,0.00130339,0
7070,0.00518030,0
7071,0.00039322,0
7072,0.00183509,0
7073,0.00120466,0
7074,0.00358666,0
7075,0.00344177,0
7076,0.00388081,0
7077,0.00385381,0
7078,0.00182771,0
7079,0.00165015,0
7080,0.00159654,0
7081,0.00353317,0
7082,0.00553280,0
7083,0.00212435,0
7084,0.00627663,0
7085,0.01865488,0
7086,0.00463874,0
7087,0.00164390,0
7088,0.00334940,0
7089,0.00177050,0
7090,0.00189917,0
7091,0.00285789,0
7092,0.00120481,0
7093,0.00157950,0
7094,0.00176252,0
7095,0.00298695,0
7096,0.00136000,0
7097,0.00188969,0
7098,0.00683294,0
7099,0.00234358,0
7100,0.00132382,0
7101,0.00355581,0
7102,0.00208609,0
7103,0.00155931,0
7104,0.00168400,0
7105,0.00448399,0
7106,0.00041043,0
7107,0.00155093,0
7108,0.00260153,0
7109,0.00308230,0
7110,0.00379757,0
7111,0.00735380,0
7112,0.00502016,0
7113,0.00241326,0
7114,0.00253197,0
7115,0.00222806,0
7116,0.00240242,0
7117,0.00913315,0
7118,0.00152864,0
7119,0.00422504,0
7120,0.00149892,0
7121,0.00146569,0
7122,0.00338756,0
7123,0.00208059,0
7124,0.00196516,0
7125,0.00491569,0
7126,0.00482056,0
7127,0.00084921,0
7128,0.00240810,0
7129,0.00234317,0
7130,0.00000493,0
7131,0.00039602,0
7132,0.00014790,0
7133,0.00039771,0
7134,0.00144871,0
7135,0.00199495,0
7136,0.00330730,0
7137,0.00257071,0
7138,0.00295624,0
7139,0.00296329,0
7140,0.00179455,0
7141,0.01042894,0
7142,0.00199319,0
7143,0.00081181,0
7144,0.00227668,0
7145,0.00230450,0
7146,0.00000425,0
7147,0.00061287,0
7148,0.00015062,0
7149,0.00063747,0
7150,0.00147712,0
7151,0.00180175,0
7152,0.00557128,0
7153,0.00250223,0
7154,0.00410350,0
7155,0.00417424,0
7156,0.00159565,0
7157,0.00128328,0
7158,0.00168120,0
7159,0.00200597,0
7160,0.00167414,0
7161,0.00134105,0
7162,0.00479036,0
7163,0.00040912,0
7164,0.00182953,0
7165,0.00130936,0
7166,0.00389570,0
7167,0.00374889,0
7168,0.00329741,0
7169,0.00377325,0
7170,0.00184073,0
7171,0.00187914,0
7172,0.00168445,0
7173,0.00322737,0
7174,0.00550821,0
7175,0.00221958,0
7176,0.00620828,0
7177,0.01930708,0
7178,0.00475349,0
7179,0.00165327,0
7180,0.00319568,0
7181,0.00183259,0
7182,0.00185570,0
7183,0.00291892,0
7184,0.00115575,0
7185,0.00162933,0
7186,0.00170410,0
7187,0.00271542,0
7188,0.00122705,0
7189,0.00199564,0
7190,0.00706379,0
7191,0.00246104,0
7192,0.00138445,0
7193,0.00357266,0
7194,0.00195402,0
7195,0.00157154,0
7196,0.00176682,0
7197,0.00429321,0
7198,0.00041596,0
7199,0.00155135,0
7200,0.00267902,0
7201,0.00306759,0
7202,0.00366934,0
7203,0.00891046,0
7204,0.00494948,0
7205,0.00238351,0
7206,0.00216719,0
7207,0.00244535,0
7208,0.00238530,0
7209,0.00874695,0
7210,0.00146505,0
7211,0.00429272,0
7212,0.00163545,0
7213,0.00147766,0
7214,0.00325859,0
7215,0.00211948,0
7216,0.00204970,0
7217,0.00501778,0
7218,0.00497994,0
7219,0.00084951,0
7220,0.00239079,0
7221,0.00229093,0
7222,0.00000491,0
7223,0.00030866,0
7224,0.00015060,0
7225,0.00045524,0
7226,0.00152521,0
7227,0.00192478,0
7228,0.00321385,0
7229,0.00239677,0
7230,0.00285941,0
7231,0.00288844,0
7232,0.00176639,0
7233,0.01003943,0
7234,0.00197312,0
7235,0.00084277,0
7236,0.00225093,0
7237,0.00221506,0
7238,0.00000421,0
7239,0.00072526,0
7240,0.00016054,0
7241,0.00046506,0
7242,0.00152747,0
7243,0.00181568,0
7244,0.00522148,0
7245,0.00251056,0
7246,0.00387786,0
7247,0.00400110,0
7248,0.00155821,0
7249,0.00125220,0
7250,0.00157218,0
7251,0.00186960,0
7252,0.00160147,0
7253,0.00130319,0
7254,0.00464783,0
7255,0.00039703,0
7256,0.00176943,0
7257,0.00120508,0
7258,0.00374836,0
7259,0.00362201,0
7260,0.00289063,0
7261,0.00330075,0
7262,0.00179031,0
7263,0.00166455,0
7264,0.00160794,0
7265,0.00326875,0
7266,0.00533797,0
7267,0.00211732,0
7268,0.00645137,0
7269,0.01856190,0
7270,0.00439744,0
7271,0.00158661,0
7272,0.00311082,0
7273,0.00167909,0
7274,0.00190026,0
7275,0.00295017,0
7276,0.00117799,0
7277,0.00166808,0
7278,0.00185214,0
7279,0.00287267,0
7280,0.00128109,0
7281,0.00200207,0
7282,0.00712184,0
7283,0.00237809,0
7284,0.00144053,0
7285,0.00350283,0
7286,0.00201650,0
7287,0.00156304,0
7288,0.00171307,0
7289,0.00437811,0
7290,0.00042200,0
7291,0.00140003,0
7292,0.00270988,0
7293,0.00306626,0
7294,0.00372225,0
7295,0.00879164,0
7296,0.00504511,0
7297,0.00243114,0
7298,0.00233439,0
7299,0.00249866,0
7300,0.00230153,0
7301,0.00829843,0
7302,0.00159510,0
7303,0.00431858,0
7304,0.00156543,0
7305,0.00159514,0
7306,0.00291496,0
7307,0.00216636,0
7308,0.00202492,0
7309,0.00508731,0
7310,0.00501209,0
7311,0.00085726,0
7312,0.00232971,0
7313,0.00216925,0
7314,0.00000515,0
7315,0.00022190,0
7316,0.00015206,0
7317,0.00043002,0
7318,0.00149163,0
7319,0.00204544,0
7320,0.00344385,0
7321,0.00235251,0
7322,0.00279829,0
7323,0.00279485,0
7324,0.00179993,0
7325,0.00982414,0
7326,0.00201406,0
7327,0.00083361,0
7328,0.00225191,0
7329,0.00228581,0
7330,0.00000452,0
7331,0.00061509,0
7332,0.00015778,0
7333,0.00036293,0
7334,0.00163194,0
7335,0.00184059,0
7336,0.00493711,0
7337,0.00282636,0
7338,0.00381106,0
7339,0.00410680,0
7340,0.00155082,0
7341,0.00120169,0
7342,0.00152572,0
7343,0.00192399,0
7344,0.00167010,0
7345,0.00132368,0
7346,0.00487800,0
7347,0.00040296,0
7348,0.00166259,0
7349,0.00122145,0
7350,0.00357226,0
7351,0.00368251,0
7352,0.00374673,0
7353,0.00374210,0
7354,0.00181277,0
7355,0.00165656,0
7356,0.00167145,0
7357,0.00322025,0
7358,0.00526644,0
7359,0.00203603,0
7360,0.00656728,0
7361,0.01661696,0
7362,0.00447164,0
7363,0.00154035,0
7364,0.00326251,0
7365,0.00163690,0
7366,0.00192765,0
7367,0.00280768,0
7368,0.00114586,0
7369,0.00162205,0
7370,0.00182748,0
7371,0.00277021,0
7372,0.00129641,0
7373,0.00193074,0
7374,0.00685311,0
7375,0.00251186,0
7376,0.00135635,0
7377,0.00355114,0
7378,0.00202673,0
7379,0.00150333,0
7380,0.00173088,0
7381,0.00425492,0
7382,0.00044014,0
7383,0.00145097,0
7384,0.00253495,0
7385,0.00302874,0
7386,0.00362814,0
7387,0.00724582,0
7388,0.00471735,0
7389,0.00229832,0
7390,0.00253358,0
7391,0.00238106,0
7392,0.00238154,0
7393,0.00894101,0
7394,0.00149853,0
7395,0.00427783,0
7396,0.00154479,0
7397,0.00136532,0
7398,0.00288006,0
7399,0.00214989,0
7400,0.00195910,0
7401,0.00493203,0
7402,0.00473066,0
7403,0.00086407,0
7404,0.00240086,0
7405,0.00223217,0
7406,0.00000490,0
7407,0.00019365,0
7408,0.00013159,0
7409,0.00036269,0
7410,0.00144909,0
7411,0.00187700,0
7412,0.00320388,0
7413,0.00234354,0
7414,0.00260282,0
7415,0.00275394,0
7416,0.00172289,0
7417,0.00901692,0
7418,0.00179313,0
7419,0.00089514,0
7420,0.00233236,0
7421,0.00232934,0
7422,0.00000426,0
7423,0.00031843,0
7424,0.00016557,0
7425,0.00038851,0
7426,0.00147072,0
7427,0.00179968,0
7428,0.00526686,0
7429,0.00251418,0
7430,0.00356469,0
7431,0.00382409,0
7432,0.00153398,0
7433,0.00116229,0
7434,0.00145381,0
7435,0.00195890,0
7436,0.00183697,0
7437,0.00115311,0
7438,0.00470923,0
7439,0.00039838,0
7440,0.00163644,0
7441,0.00134519,0
7442,0.00345997,0
7443,0.00338713,0
7444,0.00354083,0
7445,0.00373541,0
7446,0.00177104,0
7447,0.00163880,0
7448,0.00154030,0
7449,0.00308821,0
7450,0.00510795,0
7451,0.00248264,0
7452,0.00628967,0
7453,0.01664113,0
7454,0.00463670,0
7455,0.00159394,0
7456,0.00308848,0
7457,0.00161382,0
7458,0.00191317,0
7459,0.00276161,0
7460,0.00119282,0
7461,0.00162211,0
7462,0.00179397,0
7463,0.00286069,0
7464,0.00117761,0
7465,0.00183089,0
7466,0.00670105,0
7467,0.00235873,0
7468,0.00133548,0
7469,0.00353212,0
7470,0.00193302,0
7471,0.00153566,0
7472,0.00160302,0
7473,0.00428358,0
7474,0.00041242,0
7475,0.00144877,0
7476,0.00257479,0
7477,0.00308462,0
7478,0.00372541,0
7479,0.00725874,0
7480,0.00467626,0
7481,0.00239007,0
7482,0.00239841,0
7483,0.00272577,0
7484,0.00237326,0
7485,0.00841679,0
7486,0.00156023,0
7487,0.00402000,0
7488,0.00151194,0
7489,0.00117917,0
7490,0.00298463,0
7491,0.00217975,0
7492,0.00186264,0
7493,0.00514488,0
7494,0.00463346,0
7495,0.00082572,0
7496,0.00240455,0
7497,0.00233080,0
7498,0.00000492,0
7499,0.00016812,0
7500,0.00013254,0
7501,0.00036192,0
7502,0.00137097,0
7503,0.00182428,0
7504,0.00324773,0
7505,0.00219300,0
7506,0.00276096,0
7507,0.00293445,0
7508,0.00179739,0
7509,0.00843287,0
7510,0.00188823,0
7511,0.00087354,0
7512,0.00220394,0
7513,0.00215063,0
7514,0.00000423,0
7515,0.00025678,0
7516,0.00016844,0
7517,0.00044209,0
7518,0.00147820,0
7519,0.00179665,0
7520,0.00539214,0
7521,0.00216755,0
7522,0.00361035,0
7523,0.00387982,0
7524,0.00150934,0
7525,0.00116987,0
7526,0.00170751,0
7527,0.00203725,0
7528,0.00135379,0
7529,0.00111568,0
7530,0.00477127,0
7531,0.00037738,0
7532,0.00174987,0
7533,0.00121899,0
7534,0.00352447,0
7535,0.00382146,0
7536,0.00335052,0
7537,0.00379820,0
7538,0.00168964,0
7539,0.00176657,0
7540,0.00148980,0
7541,0.00303595,0
7542,0.00496568,0
7543,0.00238255,0
7544,0.00614073,0
7545,0.01670962,0
7546,0.00485440,0
7547,0.00158310,0
7548,0.00296869,0
7549,0.00176041,0
7550,0.00194924,0
7551,0.00271655,0
7552,0.00115743,0
7553,0.00146938,0
7554,0.00177610,0
7555,0.00272529,0
7556,0.00118977,0
7557,0.00188879,0
7558,0.00679298,0
7559,0.00215574,0
7560,0.00134092,0
7561,0.00361990,0
7562,0.00188357,0
7563,0.00148246,0
7564,0.00145506,0
7565,0.00401916,0
7566,0.00039485,0
7567,0.00147756,0
7568,0.00262587,0
7569,0.00298195,0
7570,0.00355492,0
7571,0.00929054,0
7572,0.00510811,0
7573,0.00231177,0
7574,0.00255057,0
7575,0.00234595,0
7576,0.00230976,0
7577,0.00865000,0
7578,0.00155194,0
7579,0.00397962,0
7580,0.00147854,0
7581,0.00147404,0
7582,0.00305444,0
7583,0.00219533,0
7584,0.00180350,0
7585,0.00509626,0
7586,0.00488702,0
7587,0.00082526,0
7588,0.00243859,0
7589,0.00219344,0
7590,0.00000498,0
7591,0.00018606,0
7592,0.00012448,0
7593,0.00038235,0
7594,0.00128125,0
7595,0.00185314,0
7596,0.00296977,0
7597,0.00234175,0
7598,0.00265775,0
7599,0.00269453,0
7600,0.00171885,0
7601,0.00950582,0
7602,0.00193584,0
7603,0.00090939,0
7604,0.00213460,0
7605,0.00205724,0
7606,0.00000418,0
7607,0.00032585,0
7608,0.00017038,0
7609,0.00049526,0
7610,0.00134055,0
7611,0.00189822,0
7612,0.00478812,0
7613,0.00228093,0
7614,0.00388385,0
7615,0.00406858,0
7616,0.00153831,0
7617,0.00117196,0
7618,0.00165414,0
7619,0.00199211,0
7620,0.00115734,0
7621,0.00104774,0
7622,0.00489370,0
7623,0.00038302,0
7624,0.00174930,0
7625,0.00129718,0
7626,0.00329238,0
7627,0.00360000,0
7628,0.00321367,0
7629,0.00380302,0
7630,0.00173619,0
7631,0.00161821,0
7632,0.00150706,0
7633,0.00339070,0
7634,0.00511770,0
7635,0.00222786,0
7636,0.00622273,0
7637,0.01624334,0
7638,0.00461317,0
7639,0.00151607,0
7640,0.00314283,0
7641,0.00185216,0
7642,0.00189028,0
7643,0.00262190,0
7644,0.00114053,0
7645,0.00151986,0
7646,0.00161902,0
7647,0.00273592,0
7648,0.00120448,0
7649,0.00183144,0
7650,0.00668397,0
7651,0.00224900,0
7652,0.00120865,0
7653,0.00352820,0
7654,0.00173697,0
7655,0.00128929,0
7656,0.00139851,0
7657,0.00404984,0
7658,0.00039139,0
7659,0.00148852,0
7660,0.00251163,0
7661,0.00292013,0
7662,0.00348961,0
7663,0.00936265,0
7664,0.00508528,0
7665,0.00223081,0
7666,0.00248414,0
7667,0.00227476,0
7668,0.00227430,0
7669,0.00848016,0
7670,0.00147226,0
7671,0.00381932,0
7672,0.00146047,0
7673,0.00147678,0
7674,0.00299862,0
7675,0.00209469,0
7676,0.00164877,0
7677,0.00501110,0
7678,0.00483703,0
7679,0.00081947,0
7680,0.00244039,0
7681,0.00219147,0
7682,0.00000490,0
7683,0.00019005,0
7684,0.00013740,0
7685,0.00034390,0
7686,0.00127263,0
7687,0.00189744,0
7688,0.00323234,0
7689,0.00224402,0
7690,0.00251818,0
7691,0.00261567,0
7692,0.00175007,0
7693,0.00874357,0
7694,0.00188431,0
7695,0.00089662,0
7696,0.00220391,0
7697,0.00196524,0
7698,0.00000432,0
7699,0.00041825,0
7700,0.00016556,0
7701,0.00038508,0
7702,0.00132784,0
7703,0.00171161,0
7704,0.00522762,0
7705,0.00221850,0
7706,0.00393729,0
7707,0.00388870,0
7708,0.00153315,0
7709,0.00113927,0
7710,0.00165465,0
7711,0.00205785,0
7712,0.00139588,0
7713,0.00118424,0
7714,0.00462324,0
7715,0.00039728,0
7716,0.00175557,0
7717,0.00136111,0
7718,0.00324449,0
7719,0.00357683,0
7720,0.00344541,0
7721,0.00396897,0
7722,0.00168057,0
7723,0.00151494,0
7724,0.00164543,0
7725,0.00357663,0
7726,0.00512355,0
7727,0.00239855,0
7728,0.00590354,0
7729,0.01600966,0
7730,0.00492849,0
7731,0.00158113,0
7732,0.00318209,0
7733,0.00179499,0
7734,0.00188633,0
7735,0.00271199,0
7736,0.00109772,0
7737,0.00148368,0
7738,0.00166704,0
7739,0.00274015,0
7740,0.00111898,0
7741,0.00180973,0
7742,0.00659852,0
7743,0.00210942,0
7744,0.00120323,0
7745,0.00348666,0
7746,0.00181373,0
7747,0.00142757,0
7748,0.00137481,0
7749,0.00399135,0
7750,0.00039830,0
7751,0.00139564,0
7752,0.00247479,0
7753,0.00297278,0
7754,0.00350083,0
7755,0.00679611,0
7756,0.00493103,0
7757,0.00224500,0
7758,0.00213745,0
7759,0.00232448,0
7760,0.00214645,0
7761,0.00860906,0
7762,0.00148564,0
7763,0.00399767,0
7764,0.00127739,0
7765,0.00128480,0
7766,0.00295832,0
7767,0.00215765,0
7768,0.00166228,0
7769,0.00481199,0
7770,0.00483397,0
7771,0.00083606,0
7772,0.00239386,0
7773,0.00225965,0
7774,0.00000470,0
7775,0.00021485,0
7776,0.00013486,0
7777,0.00039959,0
7778,0.00126082,0
7779,0.00191751,0
7780,0.00304357,0
7781,0.00208473,0
7782,0.00263139,0
7783,0.00265059,0
7784,0.00168482,0
7785,0.00880792,0
7786,0.00179753,0
7787,0.00088913,0
7788,0.00210729,0
7789,0.00200633,0
7790,0.00000406,0
7791,0.00061980,0
7792,0.00012943,0
7793,0.00037029,0
7794,0.00135888,0
7795,0.00185494,0
7796,0.00529417,0
7797,0.00226383,0
7798,0.00368118,0
7799,0.00413549,0
7800,0.00156560,0
7801,0.00117076,0
7802,0.00168546,0
7803,0.00203826,0
7804,0.00169773,0
7805,0.00122548,0
7806,0.00489322,0
7807,0.00038734,0
7808,0.00166945,0
7809,0.00125937,0
7810,0.00340939,0
7811,0.00360175,0
7812,0.00320101,0
7813,0.00389549,0
7814,0.00164853,0
7815,0.00184976,0
7816,0.00158259,0
7817,0.00334286,0
7818,0.00522050,0
7819,0.00249230,0
7820,0.00622386,0
7821,0.01770262,0
7822,0.00460160,0
7823,0.00157260,0
7824,0.00327023,0
7825,0.00182209,0
7826,0.00181133,0
7827,0.00269088,0
7828,0.00113935,0
7829,0.00160952,0
7830,0.00179286,0
7831,0.00273435,0
7832,0.00125680,0
7833,0.00188156,0
7834,0.00674697,0
7835,0.00207871,0
7836,0.00136233,0
7837,0.00347359,0
7838,0.00188081,0
7839,0.00148232,0
7840,0.00147196,0
7841,0.00442395,0
7842,0.00038949,0
7843,0.00143442,0
7844,0.00239892,0
7845,0.00298989,0
7846,0.00362681,0
7847,0.00737292,0
7848,0.00496601,0
7849,0.00228895,0
7850,0.00229764,0
7851,0.00223816,0
7852,0.00230512,0
7853,0.00778017,0
7854,0.00149718,0
7855,0.00413427,0
7856,0.00140261,0
7857,0.00135789,0
7858,0.00303482,0
7859,0.00218786,0
7860,0.00177450,0
7861,0.00528356,0
7862,0.00496390,0
7863,0.00077089,0
7864,0.00237623,0
7865,0.00212600,0
7866,0.00000475,0
7867,0.00024508,0
7868,0.00013774,0
7869,0.00036991,0
7870,0.00121584,0
7871,0.00190235,0
7872,0.00326517,0
7873,0.00229981,0
7874,0.00275548,0
7875,0.00277297,0
7876,0.00178683,0
7877,0.00887404,0
7878,0.00187787,0
7879,0.00083078,0
7880,0.00217778,0
7881,0.00214235,0
7882,0.00000400,0
7883,0.00027090,0
7884,0.00011983,0
7885,0.00039403,0
7886,0.00136877,0
7887,0.00196618,0
7888,0.00545946,0
7889,0.00218476,0
7890,0.00379177,0
7891,0.00411099,0
7892,0.00154379,0
7893,0.00121417,0
7894,0.00167147,0
7895,0.00207259,0
7896,0.00160404,0
7897,0.00120913,0
7898,0.00472358,0
7899,0.00036893,0
7900,0.00172603,0
7901,0.00115887,0
7902,0.00340015,0
7903,0.00358512,0
7904,0.00354389,0
7905,0.00366203,0
7906,0.00178760,0
7907,0.00174958,0
7908,0.00163803,0
7909,0.00337557,0
7910,0.00506499,0
7911,0.00246140,0
7912,0.00615361,0
7913,0.01691266,0
7914,0.00478293,0
7915,0.00158597,0
7916,0.00303355,0
7917,0.00193101,0
7918,0.00181574,0
7919,0.00278525,0
7920,0.00116677,0
7921,0.00152297,0
7922,0.00187523,0
7923,0.00273357,0
7924,0.00123865,0
7925,0.00192821,0
7926,0.00645580,0
7927,0.00204263,0
7928,0.00123822,0
7929,0.00357370,0
7930,0.00187432,0
7931,0.00147343,0
7932,0.00151881,0
7933,0.00432744,0
7934,0.00041271,0
7935,0.00142567,0
7936,0.00274481,0
7937,0.00290133,0
7938,0.00356937,0
7939,0.00779615,0
7940,0.00487401,0
7941,0.00224571,0
7942,0.00269205,0
7943,0.00228983,0
7944,0.00228833,0
7945,0.00949193,0
7946,0.00152193,0
7947,0.00412435,0
7948,0.00151325,0
7949,0.00132504,0
7950,0.00280124,0
7951,0.00207451,0
7952,0.00178960,0
7953,0.00488656,0
7954,0.00481888,0
7955,0.00083168,0
7956,0.00226542,0
7957,0.00203966,0
7958,0.00000469,0
7959,0.00019178,0
7960,0.00013320,0
7961,0.00039987,0
7962,0.00134529,0
7963,0.00191332,0
7964,0.00307424,0
7965,0.00227259,0
7966,0.00256136,0
7967,0.00254583,0
7968,0.00174620,0
7969,0.00879316,0
7970,0.00185279,0
7971,0.00083379,0
7972,0.00210598,0
7973,0.00201692,0
7974,0.00000442,0
7975,0.00029412,0
7976,0.00013392,0
7977,0.00040320,0
7978,0.00157135,0
7979,0.00189067,0
7980,0.00499958,0
7981,0.00239462,0
7982,0.00382031,0
7983,0.00399222,0
7984,0.00175143,0
7985,0.00113980,0
7986,0.00171201,0
7987,0.00223523,0
7988,0.00195068,0
7989,0.00112452,0
7990,0.00440745,0
7991,0.00037954,0
7992,0.00176097,0
7993,0.00144518,0
7994,0.00362384,0
7995,0.00360153,0
7996,0.00308055,0
7997,0.00361345,0
7998,0.00184548,0
7999,0.00160322,0
8000,0.00153632,0
8001,0.00329569,0
8002,0.00502222,0
8003,0.00203717,0
8004,0.00655347,0
8005,0.01840993,0
8006,0.00473899,0
8007,0.00147541,0
8008,0.00296616,0
8009,0.00225279,0
8010,0.00189245,0
8011,0.00264699,0
8012,0.00106978,0
8013,0.00146653,0
8014,0.00171476,0
8015,0.00266621,0
8016,0.00114776,0
8017,0.00176594,0
8018,0.00640771,0
8019,0.00200499,0
8020,0.00131475,0
8021,0.00355453,0
8022,0.00194733,0
8023,0.00130475,0
8024,0.00169115,0
8025,0.00422339,0
8026,0.00038593,0
8027,0.00148520,0
8028,0.00283396,0
8029,0.00310395,0
8030,0.00352980,0
8031,0.00751810,0
8032,0.00464949,0
8033,0.00217204,0
8034,0.00216632,0
8035,0.00257619,0
8036,0.00237181,0
8037,0.00892460,0
8038,0.00156447,0
8039,0.00393780,0
8040,0.00131804,0
8041,0.00126941,0
8042,0.00270617,0
8043,0.00192326,0
8044,0.00181107,0
8045,0.00470079,0
8046,0.00488475,0
8047,0.00080331,0
8048,0.00219071,0
8049,0.00216582,0
8050,0.00000465,0
8051,0.00018652,0
8052,0.00013003,0
8053,0.00037426,0
8054,0.00133825,0
8055,0.00183564,0
8056,0.00285531,0
8057,0.00213752,0
8058,0.00253161,0
8059,0.00240884,0
8060,0.00171367,0
8061,0.00799210,0
8062,0.00177733,0
8063,0.00083134,0
8064,0.00208863,0
8065,0.00207514,0
8066,0.00000396,0
8067,0.00043412,0
8068,0.00013100,0
8069,0.00038745,0
8070,0.00145486,0
8071,0.00190414,0
8072,0.00463092,0
8073,0.00255976,0
8074,0.00349824,0
8075,0.00381411,0
8076,0.00165340,0
8077,0.00111982,0
8078,0.00166046,0
8079,0.00206198,0
8080,0.00168719,0
8081,0.00116066,0
8082,0.00426755,0
8083,0.00035446,0
8084,0.00165350,0
8085,0.00135025,0
8086,0.00340933,0
8087,0.00360187,0
8088,0.00336345,0
8089,0.00373102,0
8090,0.00183970,0
8091,0.00168370,0
8092,0.00157056,0
8093,0.00323946,0
8094,0.00506638,0
8095,0.00212591,0
8096,0.00690986,0
8097,0.01706013,0
8098,0.00476305,0
8099,0.00151605,0
8100,0.00307648,0
8101,0.00203119,0
8102,0.00183023,0
8103,0.00273154,0
8104,0.00108877,0
8105,0.00149813,0
8106,0.00183649,0
8107,0.00285395,0
8108,0.00122519,0
8109,0.00191379,0
8110,0.00593537,0
8111,0.00218847,0
8112,0.00134823,0
8113,0.00350200,0
8114,0.00175149,0
8115,0.00134512,0
8116,0.00156565,0
8117,0.00429563,0
8118,0.00040261,0
8119,0.00164605,0
8120,0.00277554,0
8121,0.00301304,0
8122,0.00361294,0
8123,0.00833984,0
8124,0.00507191,0
8125,0.00235774,0
8126,0.00239397,0
8127,0.00245055,0
8128,0.00229406,0
8129,0.01007263,0
8130,0.00168659,0
8131,0.00411607,0
8132,0.00143711,0
8133,0.00122537,0
8134,0.00293580,0
8135,0.00215394,0
8136,0.00188680,0
8137,0.00506670,0
8138,0.00472097,0
8139,0.00082447,0
8140,0.00236917,0
8141,0.00214416,0
8142,0.00000455,0
8143,0.00018317,0
8144,0.00013213,0
8145,0.00035957,0
8146,0.00145304,0
8147,0.00201508,0
8148,0.00300796,0
8149,0.00207151,0
8150,0.00270109,0
8151,0.00261383,0
8152,0.00174843,0
8153,0.00913341,0
8154,0.00191670,0
8155,0.00088212,0
8156,0.00206389,0
8157,0.00212973,0
8158,0.00000423,0
8159,0.00022133,0
8160,0.00014914,0
8161,0.00057581,0
8162,0.00134834,0
8163,0.00197209,0
8164,0.00475725,0
8165,0.00231975,0
8166,0.00359630,0
8167,0.00383639,0
8168,0.00177382,0
8169,0.00118370,0
8170,0.00164071,0
8171,0.00215487,0
8172,0.00158854,0
8173,0.00121894,0
8174,0.00448078,0
8175,0.00037615,0
8176,0.00175283,0
8177,0.00117929,0
8178,0.00358642,0
8179,0.00357783,0
8180,0.00399509,0
8181,0.00399722,0
8182,0.00186625,0
8183,0.00195165,0
8184,0.00172680,0
8185,0.00332937,0
8186,0.00538064,0
8187,0.00264900,0
8188,0.00673585,0
8189,0.01740678,0
8190,0.00468406,0
8191,0.00151687,0
8192,0.00301977,0
8193,0.00214454,0
8194,0.00200369,0
8195,0.00295229,0
8196,0.00111743,0
8197,0.00148272,0
8198,0.00183268,0
8199,0.00258643,0
8200,0.00113059,0
8201,0.00187729,0
8202,0.00625811,0
8203,0.00219512,0
8204,0.00138444,0
8205,0.00334905,0
8206,0.00182731,0
8207,0.00135475,0
8208,0.00151633,0
8209,0.00442538,0
8210,0.00036515,0
8211,0.00158616,0
8212,0.00269628,0
8213,0.00310709,0
8214,0.00394227,0
8215,0.00833468,0
8216,0.00528977,0
8217,0.00243387,0
8218,0.00226417,0
8219,0.00261654,0
8220,0.00233932,0
8221,0.00839558,0
8222,0.00159011,0
8223,0.00410788,0
8224,0.00136956,0
8225,0.00164009,0
8226,0.00303819,0
8227,0.00218232,0
8228,0.00185310,0
8229,0.00475747,0
8230,0.00466459,0
8231,0.00085300,0
8232,0.00245843,0
8233,0.00227568,0
8234,0.00000485,0
8235,0.00019609,0
8236,0.00012829,0
8237,0.00038249,0
8238,0.00136079,0
8239,0.00190457,0
8240,0.00291790,0
8241,0.00210136,0
8242,0.00274767,0
8243,0.00257806,0
8244,0.00176126,0
8245,0.00897049,0
8246,0.00189391,0
8247,0.00085587,0
8248,0.00216610,0
8249,0.00210499,0
8250,0.00000436,0
8251,0.00039391,0
8252,0.00016234,0
8253,0.00053280,0
8254,0.00151612,0
8255,0.00198477,0
8256,0.00494145,0
8257,0.00231163,0
8258,0.00351931,0
8259,0.00395183,0
8260,0.00170674,0
8261,0.00115405,0
8262,0.00183673,0
8263,0.00215791,0
8264,0.00152574,0
8265,0.00121577,0
8266,0.00452725,0
8267,0.00038065,0
8268,0.00177335,0
8269,0.00122890,0
8270,0.00387685,0
8271,0.00345192,0
8272,0.00372815,0
8273,0.00392746,0
8274,0.00180200,0
8275,0.00161218,0
8276,0.00168110,0
8277,0.00331147,0
8278,0.00531901,0
8279,0.00209333,0
8280,0.00639187,0
8281,0.01746990,0
8282,0.00497296,0
8283,0.00156300,0
8284,0.00319052,0
8285,0.00204313,0
8286,0.00200569,0
8287,0.00284346,0
8288,0.00120243,0
8289,0.00158619,0
8290,0.00195304,0
8291,0.00282118,0
8292,0.00124098,0
8293,0.00186850,0
8294,0.00652519,0
8295,0.00224371,0
8296,0.00141353,0
8297,0.00373714,0
8298,0.00192319,0
8299,0.00144409,0
8300,0.00159998,0
8301,0.00494531,0
8302,0.00043769,0
8303,0.00174322,0
8304,0.00286961,0
8305,0.00319796,0
8306,0.00386120,0
8307,0.00850737,0
8308,0.00541789,0
8309,0.00256448,0
8310,0.00253953,0
8311,0.00250658,0
8312,0.00253729,0
8313,0.00889870,0
8314,0.00164360,0
8315,0.00410923,0
8316,0.00157078,0
8317,0.00138737,0
8318,0.00325544,0
8319,0.00226828,0
8320,0.00194191,0
8321,0.00486054,0
8322,0.00466371,0
8323,0.00083351,0
8324,0.00248948,0
8325,0.00216721,0
8326,0.00000490,0
8327,0.00018795,0
8328,0.00013328,0
8329,0.00037620,0
8330,0.00141904,0
8331,0.00196675,0
8332,0.00312253,0
8333,0.00218734,0
8334,0.00271654,0
8335,0.00254312,0
8336,0.00172874,0
8337,0.01049679,0
8338,0.00190993,0
8339,0.00089576,0
8340,0.00235153,0
8341,0.00207802,0
8342,0.00000416,0
8343,0.00040857,0
8344,0.00015470,0
8345,0.00042446,0
8346,0.00155028,0
8347,0.00184694,0
8348,0.00498208,0
8349,0.00225709,0
8350,0.00398895,0
8351,0.00397853,0
8352,0.00166368,0
8353,0.00114462,0
8354,0.00179126,0
8355,0.00201461,0
8356,0.00159391,0
8357,0.00116475,0
8358,0.00473145,0
8359,0.00037841,0
8360,0.00180051,0
8361,0.00133353,0
8362,0.00397483,0
8363,0.00361766,0
8364,0.00372748,0
8365,0.00441459,0
8366,0.00191179,0
8367,0.00170447,0
8368,0.00174422,0
8369,0.00367144,0
8370,0.00529371,0
8371,0.00229604,0
8372,0.00636214,0
8373,0.01649365,0
8374,0.00478157,0
8375,0.00157153,0
8376,0.00330066,0
8377,0.00214790,0
8378,0.00202620,0
8379,0.00284895,0
8380,0.00114204,0
8381,0.00157473,0
8382,0.00187790,0
8383,0.00281429,0
8384,0.00123855,0
8385,0.00189742,0
8386,0.00649160,0
8387,0.00227470,0
8388,0.00140598,0
8389,0.00366854,0
8390,0.00199149,0
8391,0.00137565,0
8392,0.00165499,0
8393,0.00469767,0
8394,0.00042018,0
8395,0.00163731,0
8396,0.00284011,0
8397,0.00309591,0
8398,0.00374772,0
8399,0.00823462,0
8400,0.00558516,0
8401,0.00259879,0
8402,0.00308521,0
8403,0.00252798,0
8404,0.00231394,0
8405,0.00910439,0
8406,0.00169881,0
8407,0.00405046,0
8408,0.00159540,0
8409,0.00165959,0
8410,0.00325622,0
8411,0.00231269,0
8412,0.00200524,0
8413,0.00506896,0
8414,0.00492361,0
8415,0.00085953,0
8416,0.00247883,0
8417,0.00221586,0
8418,0.00000499,0
8419,0.00022714,0
8420,0.00015738,0
8421,0.00037323,0
8422,0.00144279,0
8423,0.00207537,0
8424,0.00327207,0
8425,0.00227470,0
8426,0.00270340,0
8427,0.00279159,0
8428,0.00188261,0
8429,0.01117241,0
8430,0.00192567,0
8431,0.00087916,0
8432,0.00231572,0
8433,0.00220014,0
8434,0.00000444,0
8435,0.00028827,0
8436,0.00017482,0
8437,0.00056260,0
8438,0.00156355,0
8439,0.00191424,0
8440,0.00510852,0
8441,0.00233225,0
8442,0.00404351,0
8443,0.00403061,0
8444,0.00176568,0
8445,0.00114805,0
8446,0.00180078,0
8447,0.00210439,0
8448,0.00125419,0
8449,0.00117544,0
8450,0.00488616,0
8451,0.00037814,0
8452,0.00170779,0
8453,0.00125516,0
8454,0.00377229,0
8455,0.00363552,0
8456,0.00313873,0
8457,0.00408651,0
8458,0.00186513,0
8459,0.00181645,0
8460,0.00171587,0
8461,0.00360687,0
8462,0.00528937,0
8463,0.00203872,0
8464,0.00665617,0
8465,0.01714272,0
8466,0.00520481,0
8467,0.00153528,0
8468,0.00315314,0
8469,0.00185536,0
8470,0.00208656,0
8471,0.00275025,0
8472,0.00116897,0
8473,0.00156575,0
8474,0.00179035,0
8475,0.00268712,0
8476,0.00126453,0
8477,0.00187117,0
8478,0.00673350,0
8479,0.00226371,0
8480,0.00134230,0
8481,0.00357937,0
8482,0.00189159,0
8483,0.00142099,0
8484,0.00159128,0
8485,0.00455496,0
8486,0.00039948,0
8487,0.00158013,0
8488,0.00307524,0
8489,0.00316872,0
8490,0.00394321,0
8491,0.00740932,0
8492,0.00533269,0
8493,0.00242783,0
8494,0.00247505,0
8495,0.00256680,0
8496,0.00245997,0
8497,0.00904150,0
8498,0.00167764,0
8499,0.00416821,0
8500,0.00153933,0
8501,0.00130447,0
8502,0.00336726,0
8503,0.00223549,0
8504,0.00202143,0
8505,0.00498207,0
8506,0.00510438,0
8507,0.00085254,0
8508,0.00232494,0
8509,0.00232307,0
8510,0.00000498,0
8511,0.00019270,0
8512,0.00013778,0
8513,0.00036633,0
8514,0.00136361,0
8515,0.00187203,0
8516,0.00336804,0
8517,0.00213244,0
8518,0.00283338,0
8519,0.00286787,0
8520,0.00178147,0
8521,0.00873061,0
8522,0.00198788,0
8523,0.00088468,0
8524,0.00221858,0
8525,0.00205656,0
8526,0.00000464,0
8527,0.00046966,0
8528,0.00014842,0
8529,0.00040056,0
8530,0.00148698,0
8531,0.00186887,0
8532,0.00520813,0
8533,0.00229144,0
8534,0.00420525,0
8535,0.00410898,0
8536,0.00166886,0
8537,0.00114659,0
8538,0.00177396,0
8539,0.00211564,0
8540,0.00128078,0
8541,0.00115697,0
8542,0.00497493,0
8543,0.00038344,0
8544,0.00174195,0
8545,0.00123221,0
8546,0.00377654,0
8547,0.00353169,0
8548,0.00303447,0
8549,0.00402473,0
8550,0.00181747,0
8551,0.00166046,0
8552,0.00178177,0
8553,0.00353006,0
8554,0.00510381,0
8555,0.00266505,0
8556,0.00643506,0
8557,0.01800509,0
8558,0.00450793,0
8559,0.00152893,0
8560,0.00341713,0
8561,0.00182541,0
8562,0.00195447,0
8563,0.00275208,0
8564,0.00111983,0
8565,0.00151140,0
8566,0.00171851,0
8567,0.00269813,0
8568,0.00125509,0
8569,0.00194598,0
8570,0.00652576,0
8571,0.00228458,0
8572,0.00129799,0
8573,0.00375975,0
8574,0.00181676,0
8575,0.00151461,0
8576,0.00160555,0
8577,0.00463076,0
8578,0.00038941,0
8579,0.00154658,0
8580,0.00341122,0
8581,0.00300652,0
8582,0.00370419,0
8583,0.00855003,0
8584,0.00497223,0
8585,0.00245150,0
8586,0.00250935,0
8587,0.00257774,0
8588,0.00229533,0
8589,0.00916508,0
8590,0.00157072,0
8591,0.00424177,0
8592,0.00150213,0
8593,0.00129616,0
8594,0.00324100,0
8595,0.00223945,0
8596,0.00193174,0
8597,0.00518909,0
8598,0.00499756,0
8599,0.00086065,0
8600,0.00253140,0
8601,0.00226600,0
8602,0.00000475,0
8603,0.00021612,0
8604,0.00012997,0
8605,0.00038310,0
8606,0.00139434,0
8607,0.00196205,0
8608,0.00332400,0
8609,0.00240024,0
8610,0.00289984,0
8611,0.00268643,0
8612,0.00178262,0
8613,0.00892242,0
8614,0.00199573,0
8615,0.00085726,0
8616,0.00219657,0
8617,0.00204998,0
8618,0.00000451,0
8619,0.00033745,0
8620,0.00014752,0
8621,0.00047239,0
8622,0.00143424,0
8623,0.00186244,0
8624,0.00513370,0
8625,0.00221932,0
8626,0.00421872,0
8627,0.00426157,0
8628,0.00175313,0
8629,0.00109904,0
8630,0.00162426,0
8631,0.00215199,0
8632,0.00165562,0
8633,0.00126962,0
8634,0.00504249,0
8635,0.00038851,0
8636,0.00170653,0
8637,0.00121180,0
8638,0.00371392,0
8639,0.00357998,0
8640,0.00351485,0
8641,0.00419386,0
8642,0.00181373,0
8643,0.00197816,0
8644,0.00178161,0
8645,0.00355769,0
8646,0.00503260,0
8647,0.00238749,0
8648,0.00691402,0
8649,0.01764330,0
8650,0.00452797,0
8651,0.00156315,0
8652,0.00323279,0
8653,0.00176876,0
8654,0.00210148,0
8655,0.00271487,0
8656,0.00111869,0
8657,0.00151291,0
8658,0.00161179,0
8659,0.00285895,0
8660,0.00122875,0
8661,0.00189750,0
8662,0.00655759,0
8663,0.00230801,0
8664,0.00135453,0
8665,0.00362348,0
8666,0.00178744,0
8667,0.00143826,0
8668,0.00158013,0
8669,0.00444951,0
8670,0.00039119,0
8671,0.00155633,0
8672,0.00300004,0
8673,0.00303032,0
8674,0.00390042,0
8675,0.00799597,0
8676,0.00524754,0
8677,0.00233867,0
8678,0.00293739,0
8679,0.00263688,0
8680,0.00249671,0
8681,0.00936217,0
8682,0.00152344,0
8683,0.00412504,0
8684,0.00170633,0
8685,0.00143826,0
8686,0.00349298,0
8687,0.00226182,0
8688,0.00193958,0
8689,0.00475881,0
8690,0.00503166,0
8691,0.00087054,0
8692,0.00236459,0
8693,0.00218687,0
8694,0.00000469,0
8695,0.00020033,0
8696,0.00013475,0
8697,0.00041295,0
8698,0.00139017,0
8699,0.00196907,0
8700,0.00324879,0
8701,0.00232027,0
8702,0.00282191,0
8703,0.00285195,0
8704,0.00180220,0
8705,0.01112973,0
8706,0.00204394,0
8707,0.00090485,0
8708,0.00207945,0
8709,0.00209920,0
8710,0.00000453,0
8711,0.00029106,0
8712,0.00014535,0
8713,0.00056360,0
8714,0.00148101,0
8715,0.00186786,0
8716,0.00529139,0
8717,0.00222353,0
8718,0.00393328,0
8719,0.00416059,0
8720,0.00173931,0
8721,0.00118187,0
8722,0.00170148,0
8723,0.00217213,0
8724,0.00179756,0
8725,0.00115961,0
8726,0.00510178,0
8727,0.00038137,0
8728,0.00183036,0
8729,0.00120155,0
8730,0.00364089,0
8731,0.00357274,0
8732,0.00295112,0
8733,0.00422957,0
8734,0.00175592,0
8735,0.00189877,0
8736,0.00188876,0
8737,0.00381310,0
8738,0.00528267,0
8739,0.00237486,0
8740,0.00677504,0
8741,0.01709907,0
8742,0.00412118,0
8743,0.00150997,0
8744,0.00319555,0
8745,0.00173506,0
8746,0.00207138,0
8747,0.00270846,0
8748,0.00113515,0
8749,0.00153060,0
8750,0.00171459,0
8751,0.00284310,0
8752,0.00123990,0
8753,0.00188933,0
8754,0.00656742,0
8755,0.00227556,0
8756,0.00135501,0
8757,0.00400846,0
8758,0.00205606,0
8759,0.00143751,0
8760,0.00164376,0
8761,0.00449541,0
8762,0.00042075,0
8763,0.00163412,0
8764,0.00250878,0
8765,0.00308444,0
8766,0.00390954,0
8767,0.00773088,0
8768,0.00543832,0
8769,0.00227352,0
8770,0.00257697,0
8771,0.00243725,0
8772,0.00242139,0
8773,0.01008975,0
8774,0.00153529,0
8775,0.00426781,0
8776,0.00155022,0
8777,0.00144572,0
8778,0.00326675,0
8779,0.00244778,0
8780,0.00204570,0
8781,0.00505947,0
8782,0.00527133,0
8783,0.00083019,0
8784,0.00238428,0
8785,0.00210868,0
8786,0.00000452,0
8787,0.00016734,0
8788,0.00012206,0
8789,0.00033819,0
8790,0.00133990,0
8791,0.00201189,0
8792,0.00310137,0
8793,0.00257591,0
8794,0.00284943,0
8795,0.00267101,0
8796,0.00168899,0
8797,0.00898010,0
8798,0.00212305,0
8799,0.00089313,0
8800,0.00224067,0
8801,0.00210896,0
8802,0.00000486,0
8803,0.00028797,0
8804,0.00017862,0
8805,0.00039480,0
8806,0.00150620,0
8807,0.00192385,0
8808,0.00539936,0
8809,0.00288814,0
8810,0.00399717,0
8811,0.00417620,0
8812,0.00179732,0
8813,0.00118678,0
8814,0.00178031,0
8815,0.00229811,0
8816,0.00129465,0
8817,0.00127410,0
8818,0.00512000,0
8819,0.00038009,0
8820,0.00181566,0
8821,0.00145657,0
8822,0.00422841,0
8823,0.00362368,0
8824,0.00358978,0
8825,0.00439143,0
8826,0.00186293,0
8827,0.00203747,0
8828,0.00184022,0
8829,0.00401390,0
8830,0.00542372,0
8831,0.00201978,0
8832,0.00663766,0
8833,0.01920463,0
8834,0.00463784,0
8835,0.00165786,0
8836,0.00323234,0
8837,0.00187364,0
8838,0.00219664,0
8839,0.00281305,0
8840,0.00113981,0
8841,0.00153346,0
8842,0.00177606,0
8843,0.00281408,0
8844,0.00124273,0
8845,0.00193705,0
8846,0.00640286,0
8847,0.00240242,0
8848,0.00140587,0
8849,0.00379230,0
8850,0.00189915,0
8851,0.00146656,0
8852,0.00179716,0
8853,0.00439055,0
8854,0.00044405,0
8855,0.00164013,0
8856,0.00295990,0
8857,0.00312415,0
8858,0.00401109,0
8859,0.00718095,0
8860,0.00539814,0
8861,0.00241435,0
8862,0.00253060,0
8863,0.00261901,0
8864,0.00234853,0
8865,0.00967475,0
8866,0.00164993,0
8867,0.00431713,0
8868,0.00156623,0
8869,0.00147816,0
8870,0.00324441,0
8871,0.00248126,0
8872,0.00204332,0
8873,0.00483908,0
8874,0.00500339,0
8875,0.00083888,0
8876,0.00244499,0
8877,0.00225382,0
8878,0.00000494,0
8879,0.00019371,0
8880,0.00013200,0
8881,0.00046219,0
8882,0.00136807,0
8883,0.00196911,0
8884,0.00312562,0
8885,0.00241356,0
8886,0.00270266,0
8887,0.00264699,0
8888,0.00190281,0
8889,0.01252742,0
8890,0.00213493,0
8891,0.00090551,0
8892,0.00224691,0
8893,0.00215232,0
8894,0.00000514,0
8895,0.00043002,0
8896,0.00015532,0
8897,0.00057862,0
8898,0.00153087,0
8899,0.00186771,0
8900,0.00483625,0
8901,0.00252843,0
8902,0.00425880,0
8903,0.00435968,0
8904,0.00177946,0
8905,0.00124299,0
8906,0.00171693,0
8907,0.00225195,0
8908,0.00180828,0
8909,0.00137030,0
8910,0.00515234,0
8911,0.00043524,0
8912,0.00179838,0
8913,0.00127154,0
8914,0.00390091,0
8915,0.00384084,0
8916,0.00406079,0
8917,0.00401039,0
8918,0.00189809,0
8919,0.00214087,0
8920,0.00204538,0
8921,0.00458169,0
8922,0.00530967,0
8923,0.00270658,0
8924,0.00735409,0
8925,0.01933184,0
8926,0.00440890,0
8927,0.00150336,0
8928,0.00316245,0
8929,0.00203142,0
8930,0.00226807,0
8931,0.00294078,0
8932,0.00116491,0
8933,0.00153209,0
8934,0.00174642,0
8935,0.00281891,0
8936,0.00127289,0
8937,0.00191121,0
8938,0.00671659,0
8939,0.00235182,0
8940,0.00139060,0
8941,0.00388831,0
8942,0.00200240,0
8943,0.00148146,0
8944,0.00169540,0
8945,0.00470530,0
8946,0.00043124,0
8947,0.00170264,0
8948,0.00289852,0
8949,0.00320226,0
8950,0.00395785,0
8951,0.00708140,0
8952,0.00557873,0
8953,0.00240244,0
8954,0.00209766,0
8955,0.00257068,0
8956,0.00238075,0
8957,0.00942497,0
8958,0.00165705,0
8959,0.00454039,0
8960,0.00148735,0
8961,0.00150475,0
8962,0.00343841,0
8963,0.00240600,0
8964,0.00200727,0
8965,0.00506055,0
8966,0.00486967,0
8967,0.00088161,0
8968,0.00238821,0
8969,0.00223271,0
8970,0.00000502,0
8971,0.00030042,0
8972,0.00014154,0
8973,0.00043388,0
8974,0.00142961,0
8975,0.00194492,0
8976,0.00338878,0
8977,0.00245930,0
8978,0.00287609,0
8979,0.00292571,0
8980,0.00182934,0
8981,0.00946276,0
8982,0.00212096,0
8983,0.00087444,0
8984,0.00230335,0
8985,0.00207860,0
8986,0.00000461,0
8987,0.00063783,0
8988,0.00014340,0
8989,0.00055361,0
8990,0.00161918,0
8991,0.00189122,0
8992,0.00536529,0
8993,0.00251309,0
8994,0.00468923,0
8995,0.00439914,0
8996,0.00186972,0
8997,0.00124475,0
8998,0.00176204,0
8999,0.00235239,0
9000,0.00175171,0
9001,0.00140556,0
9002,0.00506521,0
9003,0.00041852,0
9004,0.00189624,0
9005,0.00117833,0
9006,0.00389765,0
9007,0.00376165,0
9008,0.00384919,0
9009,0.00417206,0
9010,0.00185974,0
9011,0.00182357,0
9012,0.00192278,0
9013,0.00394316,0
9014,0.00512343,0
9015,0.00254805,0
9016,0.00739828,0
9017,0.02071569,0
9018,0.00435396,0
9019,0.00162680,0
9020,0.00332452,0
9021,0.00194970,0
9022,0.00225109,0
9023,0.00293314,0
9024,0.00116775,0
9025,0.00165579,0
9026,0.00190924,0
9027,0.00295337,0
9028,0.00130144,0
9029,0.00209528,0
9030,0.00712652,0
9031,0.00247209,0
9032,0.00151109,0
9033,0.00400268,0
9034,0.00219640,0
9035,0.00164381,0
9036,0.00196155,0
9037,0.00472578,0
9038,0.00048368,0
9039,0.00163100,0
9040,0.00311774,0
9041,0.00349811,0
9042,0.00401229,0
9043,0.00706673,0
9044,0.00542623,0
9045,0.00245625,0
9046,0.00236783,0
9047,0.00274285,0
9048,0.00250452,0
9049,0.01111803,0
9050,0.00174941,0
9051,0.00454533,0
9052,0.00159216,0
9053,0.00151220,0
9054,0.00383493,0
9055,0.00261699,0
9056,0.00226307,0
9057,0.00544595,0
9058,0.00472583,0
9059,0.00094512,0
9060,0.00257955,0
9061,0.00233454,0
9062,0.00000504,0
9063,0.00031107,0
9064,0.00014954,0
9065,0.00039608,0
9066,0.00152591,0
9067,0.00195422,0
9068,0.00362115,0
9069,0.00261602,0
9070,0.00307813,0
9071,0.00307047,0
9072,0.00197449,0
9073,0.00969386,0
9074,0.00222995,0
9075,0.00093428,0
9076,0.00217625,0
9077,0.00214036,0
9078,0.00000506,0
9079,0.00046984,0
9080,0.00018437,0
9081,0.00054728,0
9082,0.00173409,0
9083,0.00181105,0
9084,0.00557828,0
9085,0.00268202,0
9086,0.00430368,0
9087,0.00440918,0
9088,0.00191713,0
9089,0.00120070,0
9090,0.00182659,0
9091,0.00221397,0
9092,0.00173677,0
9093,0.00155172,0
9094,0.00524824,0
9095,0.00043035,0
9096,0.00179174,0
9097,0.00128909,0
9098,0.00412096,0
9099,0.00408781,0
9100,0.00326194,0
9101,0.00380226,0
9102,0.00190994,0
9103,0.00192608,0
9104,0.00186755,0
9105,0.00342992,0
9106,0.00527344,0
9107,0.00237446,0
9108,0.00760302,0
9109,0.02075718,0
9110,0.00428073,0
9111,0.00169172,0
9112,0.00338849,0
9113,0.00179137,0
9114,0.00220858,0
9115,0.00292417,0
9116,0.00120894,0
9117,0.00168493,0
9118,0.00190318,0
9119,0.00317467,0
9120,0.00129811,0
9121,0.00208468,0
9122,0.00707640,0
9123,0.00264072,0
9124,0.00149551,0
9125,0.00386369,0
9126,0.00209043,0
9127,0.00156131,0
9128,0.00198819,0
9129,0.00444137,0
9130,0.00047358,0
9131,0.00163902,0
9132,0.00275509,0
9133,0.00336124,0
9134,0.00392299,0
9135,0.00939202,0
9136,0.00581709,0
9137,0.00246991,0
9138,0.00240570,0
9139,0.00281875,0
9140,0.00258015,0
9141,0.01129798,0
9142,0.00174497,0
9143,0.00484171,0
9144,0.00171427,0
9145,0.00148136,0
9146,0.00372065,0
9147,0.00269484,0
9148,0.00229948,0
9149,0.00511996,0
9150,0.00493574,0
9151,0.00088543,0
9152,0.00240554,0
9153,0.00236276,0
9154,0.00000524,0
9155,0.00020925,0
9156,0.00016577,0
9157,0.00038320,0
9158,0.00145951,0
9159,0.00203471,0
9160,0.00345268,0
9161,0.00259715,0
9162,0.00296724,0
9163,0.00300590,0
9164,0.00188584,0
9165,0.01012295,0
9166,0.00231482,0
9167,0.00088583,0
9168,0.00243900,0
9169,0.00222784,0
9170,0.00000493,0
9171,0.00034617,0
9172,0.00016753,0
9173,0.00042670,0
9174,0.00170563,0
9175,0.00182731,0
9176,0.00521705,0
9177,0.00270125,0
9178,0.00418470,0
9179,0.00447164,0
9180,0.00183700,0
9181,0.00124780,0
9182,0.00172818,0
9183,0.00205798,0
9184,0.00186956,0
9185,0.00149245,0
9186,0.00529812,0
9187,0.00040914,0
9188,0.00182518,0
9189,0.00133769,0
9190,0.00374335,0
9191,0.00374368,0
9192,0.00355518,0
9193,0.00381216,0
9194,0.00176238,0
9195,0.00183179,0
9196,0.00178669,0
9197,0.00361881,0
9198,0.00516267,0
9199,0.00242917,0
9200,0.00764433,0
9201,0.02039360,0
9202,0.00409683,0
9203,0.00165240,0
9204,0.00334430,0
9205,0.00183781,0
9206,0.00208262,0
9207,0.00294250,0
9208,0.00118730,0
9209,0.00166844,0
9210,0.00184219,0
9211,0.00302398,0
9212,0.00124262,0
9213,0.00209262,0
9214,0.00708021,0
9215,0.00251038,0
9216,0.00132683,0
9217,0.00410647,0
9218,0.00198289,0
9219,0.00159954,0
9220,0.00186329,0
9221,0.00472959,0
9222,0.00047690,0
9223,0.00162015,0
9224,0.00296759,0
9225,0.00328435,0
9226,0.00399887,0
9227,0.00797350,0
9228,0.00552832,0
9229,0.00254333,0
9230,0.00287859,0
9231,0.00260125,0
9232,0.00252194,0
9233,0.01044477,0
9234,0.00169940,0
9235,0.00416883,0
9236,0.00169564,0
9237,0.00175750,0
9238,0.00366839,0
9239,0.00253968,0
9240,0.00218270,0
9241,0.00530336,0
9242,0.00474352,0
9243,0.00089826,0
9244,0.00265834,0
9245,0.00223612,0
9246,0.00000588,0
9247,0.00019914,0
9248,0.00015012,0
9249,0.00036709,0
9250,0.00148649,0
9251,0.00195242,0
9252,0.00337624,0
9253,0.00258424,0
9254,0.00298128,0
9255,0.00317390,0
9256,0.00188948,0
9257,0.00941148,0
9258,0.00216244,0
9259,0.00091468,0
9260,0.00236131,0
9261,0.00214200,0
9262,0.00000481,0
9263,0.00027937,0
9264,0.00017138,0
9265,0.00042132,0
9266,0.00149927,0
9267,0.00180777,0
9268,0.00567574,0
9269,0.00254438,0
9270,0.00408032,0
9271,0.00415365,0
9272,0.00172719,0
9273,0.00122534,0
9274,0.00169350,0
9275,0.00207476,0
9276,0.00154867,0
9277,0.00133960,0
9278,0.00516630,0
9279,0.00042324,0
9280,0.00183313,0
9281,0.00122974,0
9282,0.00391036,0
9283,0.00343770,0
9284,0.00369317,0
9285,0.00406792,0
9286,0.00176395,0
9287,0.00157536,0
9288,0.00171279,0
9289,0.00353831,0
9290,0.00511775,0
9291,0.00242525,0
9292,0.00733677,0
9293,0.02136223,0
9294,0.00478479,0
9295,0.00166533,0
9296,0.00329719,0
9297,0.00179419,0
9298,0.00197719,0
9299,0.00285663,0
9300,0.00113917,0
9301,0.00163694,0
9302,0.00174254,0
9303,0.00285924,0
9304,0.00130465,0
9305,0.00196782,0
9306,0.00685609,0
9307,0.00249293,0
9308,0.00143603,0
9309,0.00390312,0
9310,0.00203090,0
9311,0.00151480,0
9312,0.00171155,0
9313,0.00475698,0
9314,0.00042262,0
9315,0.00150425,0
9316,0.00295529,0
9317,0.00298754,0
9318,0.00403620,0
9319,0.00822896,0
9320,0.00523928,0
9321,0.00232419,0
9322,0.00230482,0
9323,0.00267074,0
9324,0.00252387,0
9325,0.01001019,0
9326,0.00150167,0
9327,0.00449819,0
9328,0.00154908,0
9329,0.00175346,0
9330,0.00331953,0
9331,0.00238647,0
9332,0.00218754,0
9333,0.00536141,0
9334,0.00491344,0
9335,0.00085136,0
9336,0.00272492,0
9337,0.00231995,0
9338,0.00000520,0
9339,0.00018636,0
9340,0.00014411,0
9341,0.00035348,0
9342,0.00139700,0
9343,0.00193514,0
9344,0.00353733,0
9345,0.00258990,0
9346,0.00285481,0
9347,0.00315545,0
9348,0.00174455,0
9349,0.00900506,0
9350,0.00204971,0
9351,0.00090022,0
9352,0.00218714,0
9353,0.00223773,0
9354,0.00000488,0
9355,0.00038743,0
9356,0.00014362,0
9357,0.00042000,0
9358,0.00143334,0
9359,0.00179747,0
9360,0.00567624,0
9361,0.00226526,0
9362,0.00398707,0
9363,0.00419904,0
9364,0.00172799,0
9365,0.00119781,0
9366,0.00169067,0
9367,0.00208790,0
9368,0.00137961,0
9369,0.00130510,0
9370,0.00518027,0
9371,0.00039555,0
9372,0.00178878,0
9373,0.00123553,0
9374,0.00354865,0
9375,0.00331406,0
9376,0.00344266,0
9377,0.00364057,0
9378,0.00161642,0
9379,0.00211262,0
9380,0.00159280,0
9381,0.00384423,0
9382,0.00503416,0
9383,0.00209864,0
9384,0.00716655,0
9385,0.02059772,0
9386,0.00452414,0
9387,0.00154482,0
9388,0.00314427,0
9389,0.00184367,0
9390,0.00205395,0
9391,0.00263990,0
9392,0.00111200,0
9393,0.00158176,0
9394,0.00174298,0
9395,0.00264544,0
9396,0.00122687,0
9397,0.00193599,0
9398,0.00702984,0
9399,0.00229127,0
9400,0.00137269,0
9401,0.00391035,0
9402,0.00194917,0
9403,0.00146754,0
9404,0.00166762,0
9405,0.00474143,0
9406,0.00042069,0
9407,0.00158412,0
9408,0.00278252,0
9409,0.00312895,0
9410,0.00374341,0
9411,0.00687877,0
9412,0.00501193,0
9413,0.00232160,0
9414,0.00272796,0
9415,0.00247655,0
9416,0.00245466,0
9417,0.00950162,0
9418,0.00160302,0
9419,0.00447498,0
9420,0.00152375,0
9421,0.00129437,0
9422,0.00350713,0
9423,0.00248131,0
9424,0.00199891,0
9425,0.00520869,0
9426,0.00474781,0
9427,0.00084813,0
9428,0.00239189,0
9429,0.00214755,0
9430,0.00000516,0
9431,0.00020806,0
9432,0.00013255,0
9433,0.00037848,0
9434,0.00126079,0
9435,0.00180769,0
9436,0.00311252,0
9437,0.00248507,0
9438,0.00285345,0
9439,0.00294193,0
9440,0.00172512,0
9441,0.00937666,0
9442,0.00197079,0
9443,0.00087687,0
9444,0.00212962,0
9445,0.00222491,0
9446,0.00000478,0
9447,0.00038460,0
9448,0.00013170,0
9449,0.00041712,0
9450,0.00140248,0
9451,0.00177541,0
9452,0.00534933,0
9453,0.00217667,0
9454,0.00407951,0
9455,0.00430801,0
9456,0.00170777,0
9457,0.00122724,0
9458,0.00168251,0
9459,0.00209288,0
9460,0.00125447,0
9461,0.00126815,0
9462,0.00511478,0
9463,0.00040224,0
9464,0.00181744,0
9465,0.00127432,0
9466,0.00359608,0
9467,0.00357488,0
9468,0.00297055,0
9469,0.00389388,0
9470,0.00171367,0
9471,0.00188818,0
9472,0.00172244,0
9473,0.00366353,0
9474,0.00512463,0
9475,0.00198621,0
9476,0.00722358,0
9477,0.02135927,0
9478,0.00417861,0
9479,0.00155729,0
9480,0.00326115,0
9481,0.00196916,0
9482,0.00203228,0
9483,0.00267097,0
9484,0.00111851,0
9485,0.00154577,0
9486,0.00174112,0
9487,0.00265277,0
9488,0.00121604,0
9489,0.00189673,0
9490,0.00672952,0
9491,0.00222666,0
9492,0.00130644,0
9493,0.00391142,0
9494,0.00195152,0
9495,0.00139480,0
9496,0.00166474,0
9497,0.00456168,0
9498,0.00042445,0
9499,0.00151799,0
9500,0.00248210,0
9501,0.00304891,0
9502,0.00369701,0
9503,0.00804333,0
9504,0.00475921,0
9505,0.00230144,0
9506,0.00255938,0
9507,0.00252470,0
9508,0.00237412,0
9509,0.01043261,0
9510,0.00166069,0
9511,0.00429528,0
9512,0.00148063,0
9513,0.00192042,0
9514,0.00349281,0
9515,0.00240897,0
9516,0.00200805,0
9517,0.00484643,0
9518,0.00483287,0
9519,0.00086708,0
9520,0.00230630,0
9521,0.00210421,0
9522,0.00000515,0
9523,0.00019675,0
9524,0.00013298,0
9525,0.00035703,0
9526,0.00132490,0
9527,0.00189632,0
9528,0.00340325,0
9529,0.00265344,0
9530,0.00290970,0
9531,0.00313333,0
9532,0.00171930,0
9533,0.01143711,0
9534,0.00199214,0
9535,0.00089509,0
9536,0.00220765,0
9537,0.00211840,0
9538,0.00000463,0
9539,0.00038598,0
9540,0.00013157,0
9541,0.00050287,0
9542,0.00143329,0
9543,0.00174698,0
9544,0.00537101,0
9545,0.00218489,0
9546,0.00409399,0
9547,0.00419935,0
9548,0.00169776,0
9549,0.00122014,0
9550,0.00174862,0
9551,0.00236277,0
9552,0.00121218,0
9553,0.00128674,0
9554,0.00529737,0
9555,0.00038596,0
9556,0.00177129,0
9557,0.00136058,0
9558,0.00384441,0
9559,0.00356115,0
9560,0.00307953,0
9561,0.00405715,0
9562,0.00171433,0
9563,0.00242382,0
9564,0.00169284,0
9565,0.00415880,0
9566,0.00506979,0
9567,0.00254055,0
9568,0.00735514,0
9569,0.02259887,0
9570,0.00420247,0
9571,0.00148326,0
9572,0.00313818,0
9573,0.00190013,0
9574,0.00191885,0
9575,0.00277538,0
9576,0.00109632,0
9577,0.00148220,0
9578,0.00167472,0
9579,0.00270329,0
9580,0.00117292,0
9581,0.00190906,0
9582,0.00679212,0
9583,0.00229502,0
9584,0.00129217,0
9585,0.00389745,0
9586,0.00205394,0
9587,0.00152083,0
9588,0.00170700,0
9589,0.00439653,0
9590,0.00041607,0
9591,0.00158376,0
9592,0.00275545,0
9593,0.00308724,0
9594,0.00393166,0
9595,0.00834506,0
9596,0.00481534,0
9597,0.00246586,0
9598,0.00261662,0
9599,0.00248783,0
9600,0.00245872,0
9601,0.01044848,0
9602,0.00165829,0
9603,0.00442250,0
9604,0.00154927,0
9605,0.00175102,0
9606,0.00365836,0
9607,0.00257299,0
9608,0.00223377,0
9609,0.00487117,0
9610,0.00521210,0
9611,0.00086355,0
9612,0.00239597,0
9613,0.00207477,0
9614,0.00000504,0
9615,0.00017548,0
9616,0.00011742,0
9617,0.00036207,0
9618,0.00126317,0
9619,0.00182239,0
9620,0.00316297,0
9621,0.00277984,0
9622,0.00284654,0
9623,0.00300991,0
9624,0.00172302,0
9625,0.01014931,0
9626,0.00193561,0
9627,0.00091040,0
9628,0.00223452,0
9629,0.00216790,0
9630,0.00000481,0
9631,0.00038575,0
9632,0.00015122,0
9633,0.00050568,0
9634,0.00148006,0
9635,0.00171192,0
9636,0.00565839,0
9637,0.00275287,0
9638,0.00395268,0
9639,0.00431527,0
9640,0.00190719,0
9641,0.00124268,0
9642,0.00172638,0
9643,0.00231622,0
9644,0.00168722,0
9645,0.00134773,0
9646,0.00501040,0
9647,0.00039724,0
9648,0.00180989,0
9649,0.00127722,0
9650,0.00434212,0
9651,0.00347726,0
9652,0.00414580,0
9653,0.00380971,0
9654,0.00172785,0
9655,0.00169426,0
9656,0.00177336,0
9657,0.00400768,0
9658,0.00540847,0
9659,0.00229376,0
9660,0.00754957,0
9661,0.02004660,0
9662,0.00428771,0
9663,0.00154440,0
9664,0.00317389,0
9665,0.00193549,0
9666,0.00193507,0
9667,0.00287982,0
9668,0.00114982,0
9669,0.00147335,0
9670,0.00173335,0
9671,0.00278645,0
9672,0.00120319,0
9673,0.00202428,0
9674,0.00714356,0
9675,0.00249208,0
9676,0.00127983,0
9677,0.00368340,0
9678,0.00206392,0
9679,0.00159860,0
9680,0.00172633,0
9681,0.00461008,0
9682,0.00041200,0
9683,0.00157215,0
9684,0.00276336,0
9685,0.00327526,0
9686,0.00369273,0
9687,0.00693565,0
9688,0.00518865,0
9689,0.00236626,0
9690,0.00224874,0
9691,0.00243609,0
9692,0.00247081,0
9693,0.01042156,0
9694,0.00165158,0
9695,0.00450714,0
9696,0.00169413,0
9697,0.00139372,0
9698,0.00354283,0
9699,0.00265048,0
9700,0.00214717,0
9701,0.00544647,0
9702,0.00508822,0
9703,0.00088065,0
9704,0.00243459,0
9705,0.00223621,0
9706,0.00000501,0
9707,0.00019328,0
9708,0.00012540,0
9709,0.00038398,0
9710,0.00132560,0
9711,0.00190592,0
9712,0.00335422,0
9713,0.00234713,0
9714,0.00289707,0
9715,0.00303274,0
9716,0.00174984,0
9717,0.01027911,0
9718,0.00194734,0
9719,0.00088230,0
9720,0.00220343,0
9721,0.00227218,0
9722,0.00000512,0
9723,0.00049416,0
9724,0.00015630,0
9725,0.00041244,0
9726,0.00151254,0
9727,0.00173453,0
9728,0.00567278,0
9729,0.00246123,0
9730,0.00423243,0
9731,0.00433302,0
9732,0.00185911,0
9733,0.00127446,0
9734,0.00172805,0
9735,0.00226941,0
9736,0.00158736,0
9737,0.00135966,0
9738,0.00532612,0
9739,0.00040468,0
9740,0.00181910,0
9741,0.00136686,0
9742,0.00394465,0
9743,0.00356909,0
9744,0.00429446,0
9745,0.00371828,0
9746,0.00184645,0
9747,0.00173324,0
9748,0.00179171,0
9749,0.00394419,0
9750,0.00516470,0
9751,0.00240183,0
9752,0.00721672,0
9753,0.02099932,0
9754,0.00440386,0
9755,0.00152895,0
9756,0.00304989,0
9757,0.00193654,0
9758,0.00206852,0
9759,0.00282992,0
9760,0.00111247,0
9761,0.00157998,0
9762,0.00173021,0
9763,0.00283203,0
9764,0.00118671,0
9765,0.00198563,0
9766,0.00697464,0
9767,0.00249439,0
9768,0.00135447,0
9769,0.00403898,0
9770,0.00211798,0
9771,0.00158168,0
9772,0.00171649,0
9773,0.00448072,0
9774,0.00042415,0
9775,0.00159997,0
9776,0.00274878,0
9777,0.00325130,0
9778,0.00371467,0
9779,0.00811434,0
9780,0.00522307,0
9781,0.00232103,0
9782,0.00283393,0
9783,0.00245719,0
9784,0.00256640,0
9785,0.01232001,0
9786,0.00170858,0
9787,0.00491273,0
9788,0.00166138,0
9789,0.00145115,0
9790,0.00375064,0
9791,0.00259904,0
9792,0.00239297,0
9793,0.00549633,0
9794,0.00493410,0
9795,0.00090369,0
9796,0.00248318,0
9797,0.00222491,0
9798,0.00000523,0
9799,0.00015963,0
9800,0.00013127,0
9801,0.00036566,0
9802,0.00140952,0
9803,0.00208753,0
9804,0.00324523,0
9805,0.00272840,0
9806,0.00301363,0
9807,0.00312652,0
9808,0.00178987,0
9809,0.01034292,0
9810,0.00203368,0
9811,0.00099430,0
9812,0.00231567,0
9813,0.00210022,0
9814,0.00000516,0
9815,0.00033404,0
9816,0.00017629,0
9817,0.00047820,0
9818,0.00158010,0
9819,0.00193001,0
9820,0.00580439,0
9821,0.00254927,0
9822,0.00440568,0
9823,0.00444728,0
9824,0.00199073,0
9825,0.00127933,0
9826,0.00191746,0
9827,0.00248361,0
9828,0.00195035,0
9829,0.00151531,0
9830,0.00529283,0
9831,0.00042028,0
9832,0.00191974,0
9833,0.00181448,0
9834,0.00421612,0
9835,0.00351450,0
9836,0.00409176,0
9837,0.00446219,0
9838,0.00191149,0
9839,0.00176888,0
9840,0.00194277,0
9841,0.00421712,0
9842,0.00547584,0
9843,0.00204861,0
9844,0.00866238,0
9845,0.02352979,0
9846,0.00437324,0
9847,0.00159391,0
9848,0.00296766,0
9849,0.00225743,0
9850,0.00222495,0
9851,0.00297168,0
9852,0.00116959,0
9853,0.00167541,0
9854,0.00184395,0
9855,0.00305415,0
9856,0.00126744,0
9857,0.00211324,0
9858,0.00693122,0
9859,0.00239440,0
9860,0.00153857,0
9861,0.00403379,0
9862,0.00233935,0
9863,0.00154454,0
9864,0.00202880,0
9865,0.00490760,0
9866,0.00048480,0
9867,0.00160317,0
9868,0.00331484,0
9869,0.00359326,0
9870,0.00419275,0
9871,0.00791952,0
9872,0.00578570,0
9873,0.00266135,0
9874,0.00235352,0
9875,0.00277058,0
9876,0.00254447,0
9877,0.01217769,0
9878,0.00177020,0
9879,0.00477927,0
9880,0.00171123,0
9881,0.00144520,0
9882,0.00376703,0
9883,0.00268260,0
9884,0.00247839,0
9885,0.00512764,0
9886,0.00490590,0
9887,0.00091405,0
9888,0.00255392,0
9889,0.00220490,0
9890,0.00000513,0
9891,0.00017066,0
9892,0.00013372,0
9893,0.00042146,0
9894,0.00151955,0
9895,0.00200173,0
9896,0.00348299,0
9897,0.00291567,0
9898,0.00304783,0
9899,0.00330172,0
9900,0.00183253,0
9901,0.01096025,0
9902,0.00232117,0
9903,0.00098017,0
9904,0.00244863,0
9905,0.00243611,0
9906,0.00000545,0
9907,0.00030797,0
9908,0.00017263,0
9909,0.00052296,0
9910,0.00173885,0
9911,0.00201518,0
9912,0.00584746,0
9913,0.00256764,0
9914,0.00443832,0
9915,0.00430759,0
9916,0.00220798,0
9917,0.00140634,0
9918,0.00190298,0
9919,0.00247217,0
9920,0.00153111,0
9921,0.00161025,0
9922,0.00541648,0
9923,0.00048243,0
9924,0.00183415,0
9925,0.00163413,0
9926,0.00411605,0
9927,0.00354843,0
9928,0.00373950,0
9929,0.00412862,0
9930,0.00200228,0
9931,0.00196682,0
9932,0.00210261,0
9933,0.00435479,0
9934,0.00557130,0
9935,0.00234082,0
9936,0.00902930,0
9937,0.02368436,0
9938,0.00430172,0
9939,0.00150746,0
9940,0.00318660,0
9941,0.00215670,0
9942,0.00210307,0
9943,0.00308584,0
9944,0.00106434,0
9945,0.00150531,0
9946,0.00184262,0
9947,0.00257164,0
9948,0.00118750,0
9949,0.00195483,0
9950,0.00658993,0
9951,0.00215252,0
9952,0.00141928,0
9953,0.00370747,0
9954,0.00206353,0
9955,0.00140364,0
9956,0.00190928,0
9957,0.00487025,0
9958,0.00044564,0
9959,0.00159260,0
9960,0.00295593,0
9961,0.00344566,0
9962,0.00376360,0
9963,0.00714882,0
9964,0.00545867,0
9965,0.00253651,0
9966,0.00242127,0
9967,0.00283062,0
9968,0.00260618,0
9969,0.01240821,0
9970,0.00169756,0
9971,0.00488038,0
9972,0.00167410,0
9973,0.00145067,0
9974,0.00394172,0
9975,0.00265817,0
9976,0.00258288,0
9977,0.00538095,0
9978,0.00524671,0
9979,0.00088337,0
9980,0.00255340,0
9981,0.00219965,0
9982,0.00000514,0
9983,0.00029793,0
9984,0.00015449,0
9985,0.00042561,0
9986,0.00160998,0
9987,0.00207461,0
9988,0.00357733,0
9989,0.00280471,0
9990,0.00310115,0
9991,0.00315956,0
9992,0.00191569,0
9993,0.01099614,0
9994,0.00226440,0
9995,0.00093757,0
9996,0.00232498,0
9997,0.00231960,0
9998,0.00000508,0
9999,0.00052837,0
