step,entropy
0,0.78524563
1,0.43503641
2,2.19233319
3,2.44820308
4,1.15643869
5,0.82466666
6,0.11974213
7,0.09293456
8,0.99075499
9,2.34584358
10,1.84266969
11,0.88077490
12,2.44117692
13,1.08122513
14,0.69800671
15,1.07516117
16,0.53346363
17,2.23336526
18,0.91079356
19,1.65923853
20,0.98108459
21,2.27394693
22,1.61992892
23,1.23125419
24,0.33323589
25,2.27441407
26,1.37894053
27,0.71883696
28,2.21391782
29,0.13728936
30,0.79202815
31,1.35375210
32,0.85693153
33,1.20220958
34,0.66654410
35,0.32804139
36,0.09294111
37,0.39754963
38,2.40309869
39,1.45102800
40,1.23304019
41,0.96917345
42,1.78646388
43,0.35622545
44,0.69633511
45,1.65402646
46,1.20808553
47,1.94198635
48,2.26229247
49,2.07634542
50,0.46453025
51,0.23066935
52,0.42729126
53,1.97587404
54,2.30445930
55,2.33375645
56,0.75203032
57,2.11913649
58,1.35225703
59,2.07488093
60,1.38284414
61,0.36791061
62,0.19977616
63,2.41387321
64,1.07377247
65,0.88393018
66,0.89851206
67,0.95558265
68,2.38305155
69,0.15812952
70,0.30024713
71,1.99130923
72,1.38547848
73,0.32414192
74,0.08690403
75,0.56546749
76,0.65770406
77,0.03584585
78,0.54493082
79,1.86186121
80,2.15719555
81,2.26513192
82,0.98327053
83,0.80548625
84,2.52140499
85,1.94008977
86,1.35507269
87,0.64247443
88,0.81025672
89,1.29962508
90,1.36700269
91,0.03449827
92,2.41937299
93,1.45154020
94,1.48571497
95,0.53328183
96,1.92911190
97,1.85920224
98,0.23996891
99,1.50043224
100,1.65980537
101,2.10709965
102,0.51971492
103,2.21318123
104,1.16374483
105,0.24341273
106,0.26635462
107,0.49881785
108,0.71303122
109,1.25181634
110,1.88816879
111,0.47088050
112,2.50322555
113,0.40732234
114,1.51148658
115,2.34256132
116,2.09938119
117,1.63381987
118,1.80429986
119,0.33843740
120,0.02437194
121,1.09481959
122,0.22574863
123,0.90216728
124,0.56422791
125,2.31080310
126,2.21928690
127,2.06517471
128,1.80039442
129,0.38853528
130,0.12197476
131,1.64894699
132,1.61961972
133,0.93160047
134,1.19200256
135,1.23351746
136,0.60504332
137,0.79225433
138,1.05507872
139,1.52107191
140,2.41034290
141,1.35792864
142,1.84381801
143,2.03506059
144,0.28624343
145,1.64702241
146,1.21576769
147,1.44353287
148,0.09688210
149,2.28525527
150,2.40268924
151,0.00878467
152,0.53661170
153,0.45440910
154,1.97026018
155,1.50821357
156,0.44719560
157,2.05263682
158,0.89138001
159,1.16217077
160,0.97669524
161,1.31479558
162,1.21080425
163,0.69243682
164,1.07062906
165,2.29060494
166,1.26817830
167,2.31090318
168,1.38728798
169,1.93877050
170,0.74036853
171,1.99323074
172,0.66655762
173,0.04930430
174,0.40532262
175,0.05460730
176,2.38826102
177,2.52169795
178,1.92215964
179,0.27267651
180,2.26692143
181,1.87562303
182,0.83784232
183,1.26662434
184,1.66879692
185,0.06065345
186,1.26476581
187,1.84692361
188,0.47466179
189,1.11913379
190,1.34291292
191,1.85491741
192,2.43211698
193,2.13914449
194,1.56731930
195,1.47180103
196,1.52109124
197,1.37480933
198,0.14970257
199,1.76093430
200,1.80642772
201,1.29235239
202,2.19490561
203,1.69572282
204,0.91455437
205,0.04966839
206,0.14919511
207,0.88715201
208,1.16531905
209,0.42081166
210,0.47744311
211,0.58054002
212,1.96826502
213,1.94500061
214,0.96568119
215,0.43466431
216,0.27968754
217,0.21972262
218,0.98671327
219,0.11485083
220,0.84134887
221,2.42475229
222,1.27980479
223,2.07450975
224,0.32598075
225,0.67603227
226,2.38695930
227,0.96722680
228,1.63512343
229,2.46155356
230,1.38895412
231,0.77001081
232,1.34144609
233,0.13778557
234,0.28337305
235,0.01808787
236,2.22976237
237,1.69280674
238,0.75231774
239,0.55771832
240,1.72255375
241,2.31883574
242,0.75435866
243,0.81089638
244,2.15418719
245,2.25287617
246,2.30497746
247,0.73926627
248,0.30340255
249,1.10956878
250,0.74584969
251,2.22889646
252,0.09238835
253,1.59849332
254,2.28516859
255,2.46292436
256,1.63947212
257,2.39547403
258,0.19079850
259,0.90601493
260,0.02198042
261,2.47430604
262,2.27645622
263,0.07074570
264,0.04573016
265,0.92541009
266,0.65197270
267,2.13575710
268,0.40470595
269,1.99382581
270,1.39821385
271,0.95169249
272,0.36747319
273,2.51593395
274,1.55841172
275,1.10801705
276,0.93589570
277,2.28402590
278,2.07084602
279,2.04561333
280,1.55390372
281,2.23921021
282,0.75470989
283,1.77457632
284,1.01992093
285,1.51305218
286,2.51709823
287,2.48273124
288,1.29270204
289,1.44714530
290,2.26282689
291,2.48553273
292,1.96345973
293,0.16438314
294,0.81362144
295,2.26091180
296,1.93759842
297,1.87173169
298,1.68434071
299,1.04719647
300,1.01687864
301,2.03993106
302,0.74084509
303,1.72698011
304,1.83132176
305,2.12976469
306,0.80667618
307,1.87086470
308,0.26854521
309,0.34816153
310,1.05242202
311,0.13926982
312,2.38986405
313,2.27436148
314,0.12340275
315,2.11401820
316,1.28325847
317,1.77018028
318,2.23662437
319,1.45499056
320,0.29335219
321,0.00650674
322,1.25311688
323,2.39373194
324,1.44401434
325,0.94046406
326,0.07798177
327,2.30735509
328,0.82501201
329,1.77727779
330,1.75069802
331,0.64023443
332,0.16083516
333,0.97087951
334,0.79972982
335,1.76587694
336,2.06729209
337,0.56095625
338,1.33207176
339,0.10240829
340,0.54030412
341,1.92097780
342,2.00075775
343,1.95790346
344,0.35907112
345,1.38957692
346,1.06596982
347,2.50028645
348,1.64940598
349,2.35835166
350,0.36654151
351,1.13699460
352,1.94580696
353,0.92765000
354,1.59503355
355,1.29038998
356,2.50140387
357,0.43846751
358,2.35872136
359,1.01266639
360,1.18016622
361,1.33300686
362,0.66919269
363,2.43010899
364,2.29854860
365,2.45342929
366,2.51398782
367,1.68907370
368,1.13904282
369,2.14534385
370,0.06003411
371,2.10416400
372,1.25403604
373,1.69769792
374,0.94325544
375,0.92958021
376,0.07998691
377,1.06869587
378,1.02977204
379,0.56687148
380,0.62369203
381,1.47305915
382,0.80134482
383,2.09369335
384,0.28088971
385,1.45668129
386,0.40359720
387,1.33209586
388,1.39338769
389,1.61971945
390,1.07786374
391,1.28477281
392,0.45632170
393,1.16761390
394,0.94069417
395,1.67982142
396,1.09651657
397,1.96531031
398,1.07425045
399,0.59456049
400,0.69017913
401,0.11420222
402,1.36154534
403,2.09527947
404,1.93951294
405,1.10400049
406,0.49457097
407,2.17749755
408,0.14319179
409,1.00674474
410,2.16017488
411,0.99149813
412,0.29725680
413,0.67066275
414,1.51312943
415,0.38340094
416,1.65158845
417,1.10493975
418,0.84325144
419,0.60755838
420,2.07623798
421,1.00031735
422,1.86226552
423,1.11047061
424,0.23167036
425,1.11085085
426,1.28026668
427,1.15456849
428,2.05836311
429,2.29694513
430,1.98406464
431,1.46963542
432,1.36540652
433,1.62556574
434,0.72584068
435,2.04728035
436,2.16076254
437,0.67385948
438,2.27668754
439,2.14029738
440,1.07045438
441,2.29227700
442,0.30372137
443,0.07057928
444,0.87723791
445,1.42589260
446,0.88625516
447,2.37566510
448,0.64232009
449,0.70915450
450,1.60088178
451,0.00974787
452,1.83472241
453,0.95188846
454,2.46564154
455,1.74358767
456,0.13167728
457,0.23358846
458,0.22234220
459,2.40228100
460,1.72501231
461,1.07832033
462,0.50557170
463,2.20310670
464,0.50827814
465,1.78207369
466,1.92491869
467,0.74305364
468,1.27327376
469,0.56232774
470,0.95557066
471,2.43383351
472,1.74792619
473,2.13495500
474,1.36326205
475,0.60280302
476,1.79771017
477,1.26231227
478,0.44597307
479,1.04004993
480,1.60091357
481,1.85432854
482,0.61334659
483,2.20905197
484,0.95713780
485,0.68374362
486,0.49204847
487,2.02792461
488,0.89311927
489,1.21901648
490,0.56190041
491,1.73015550
492,1.96957651
493,0.85595035
494,2.38325974
495,0.07719648
496,0.33525363
497,1.48477886
498,1.76877812
499,0.63216439
500,1.39723389
501,0.80289520
502,1.39727966
503,1.66266486
504,2.45318456
505,1.14915849
506,1.63464407
507,1.45767562
508,0.80079874
509,0.63816904
510,2.49116887
511,0.52163443
512,1.99288218
513,0.36966113
514,2.02837836
515,0.46836515
516,2.43893311
517,1.72989471
518,0.22725996
519,1.74802475
520,1.52218585
521,0.85121197
522,0.65751559
523,1.81254040
524,1.86953348
525,0.82513605
526,2.20963140
527,0.67791964
528,0.17618486
529,1.51272192
530,0.27000953
531,0.69768222
532,1.27900231
533,0.72213201
534,0.54217153
535,1.77326319
536,1.37940068
537,2.11767354
538,1.46574610
539,1.21913799
540,0.65882779
541,1.99739765
542,0.49646394
543,0.61084405
544,2.12228166
545,1.86910769
546,1.54551893
547,0.09815204
548,0.32091625
549,1.26077273
550,1.88208563
551,1.17035130
552,0.04361284
553,0.46468732
554,1.48472759
555,1.75064723
556,0.08430203
557,0.10927605
558,0.65896337
559,0.21057467
560,1.36665800
561,0.31194981
562,1.63465238
563,1.95997345
564,2.44740624
565,2.39165106
566,0.68936317
567,0.07416784
568,0.83069996
569,1.78661512
570,0.15080793
571,0.90711015
572,0.75157327
573,0.55313937
574,1.78069061
575,1.66208317
576,1.35038730
577,2.29675169
578,0.26009471
579,0.37748319
580,0.96696903
581,1.65397585
582,1.47290711
583,0.18672140
584,2.41691357
585,0.76930186
586,0.90524395
587,1.57264368
588,2.38347695
589,1.67113937
590,2.40770546
591,0.47306236
592,1.56048916
593,2.09023094
594,1.28363748
595,0.91331623
596,2.48332070
597,0.35553920
598,1.03626639
599,2.20243593
600,2.27079304
601,2.47228443
602,2.23137011
603,0.12850509
604,2.34464444
605,1.07973550
606,1.64322597
607,0.99426999
608,2.05187304
609,1.45232958
610,2.13225783
611,0.48864767
612,0.46648557
613,1.11052510
614,0.01198634
615,1.74720729
616,0.74657813
617,1.40537474
618,0.17653572
619,0.43032684
620,1.57070034
621,0.77080939
622,0.54147956
623,0.57709819
624,0.54172524
625,1.57067961
626,0.42287974
627,0.91465953
628,1.73468405
629,1.29535502
630,1.50619822
631,0.63272924
632,2.35207951
633,1.04370485
634,0.72365594
635,2.28049028
636,1.65248187
637,1.54822319
638,2.23612881
639,0.14762819
640,2.11242392
641,1.70940979
642,0.90781659
643,0.64645857
644,0.26429858
645,2.37315958
646,0.35787122
647,0.65424371
648,1.74280488
649,1.79083229
650,0.40542289
651,2.05304082
652,1.28682195
653,2.13960126
654,0.22011621
655,0.10801075
656,1.60633575
657,0.37832690
658,1.32379531
659,0.03558291
660,1.96679212
661,2.26839593
662,2.11545822
663,2.41673203
664,2.27738745
665,1.11970735
666,1.00453942
667,2.25995688
668,2.33751368
669,2.45325490
670,1.93750947
671,0.50936981
672,2.38294389
673,2.38845980
674,1.67982207
675,2.16185216
676,1.41515176
677,2.38085792
678,0.23688840
679,2.17870611
680,0.13997050
681,0.85514793
682,0.34126180
683,1.20826389
684,0.58567128
685,2.40089434
686,1.41047369
687,2.26385820
688,0.70119856
689,0.06551308
690,1.95601351
691,1.77122623
692,1.37559865
693,2.05609610
694,2.11848838
695,1.48255033
696,2.43583425
697,1.81493900
698,1.70691580
699,0.91142017
700,0.00569969
701,0.60760174
702,1.92642202
703,1.79012322
704,0.83475980
705,1.57756910
706,0.49247067
707,0.66480779
708,2.38913217
709,1.04194296
710,0.61780202
711,1.22837021
712,0.97596210
713,1.83969527
714,2.42622212
715,1.49221902
716,1.49073059
717,0.92002455
718,1.42386318
719,0.80527226
720,0.00275806
721,2.18408368
722,1.08295551
723,1.24092913
724,0.21057270
725,2.11098905
726,0.42955193
727,1.03548876
728,2.11894526
729,1.15441906
730,2.34813918
731,0.52784284
732,1.80364378
733,2.46627364
734,1.38599329
735,1.74552010
736,0.99162415
737,1.89469039
738,2.29195889
739,1.77293575
740,2.36018401
741,1.48443999
742,1.45540149
743,0.76819878
744,1.78950851
745,2.22406946
746,1.62985321
747,0.58767119
748,1.37211225
749,1.90629065
750,2.36884523
751,0.39490049
752,0.32152014
753,1.04134520
754,0.31676431
755,2.47240247
756,1.06999441
757,1.34563740
758,0.57266314
759,1.13258872
760,2.48315780
761,1.23235181
762,0.02225587
763,0.61159835
764,2.46742433
765,2.49418688
766,0.53081544
767,1.55154743
768,0.19394784
769,1.45616861
770,0.31754487
771,2.06446527
772,2.36937902
773,0.43623391
774,1.16684935
775,0.25733123
776,0.85523104
777,0.16416450
778,0.66712480
779,2.49710241
780,0.11248249
781,2.16610903
782,0.19532030
783,1.33400307
784,1.14013801
785,2.34915374
786,0.50195846
787,0.45311756
788,1.88807520
789,1.83008849
790,1.76316699
791,0.06589022
792,0.65555792
793,2.11801128
794,1.51521916
795,1.51859023
796,0.74623235
797,0.65609607
798,2.38698059
799,1.83522229
800,0.31992898
801,2.36466827
802,1.46859709
803,0.84066126
804,1.00149123
805,1.82929423
806,0.94887035
807,1.45945485
808,1.79170749
809,0.49269137
810,2.38114677
811,0.89818344
812,1.05756316
813,1.76148397
814,1.53520900
815,1.10987710
816,1.63849227
817,2.27671301
818,2.01812075
819,2.07858074
820,0.65164598
821,1.05763526
822,1.39659853
823,0.11144240
824,1.94122892
825,0.81569859
826,0.71264128
827,0.65387421
828,0.71461629
829,0.85239362
830,1.52522153
831,1.47161101
832,0.64484569
833,0.52055491
834,2.08387436
835,0.23382936
836,1.29321603
837,1.31272943
838,1.44783463
839,2.23339388
840,1.57336021
841,2.45526680
842,2.19734031
843,0.54152575
844,0.60820856
845,0.86943891
846,0.98730629
847,1.39452055
848,0.58634327
849,0.56070348
850,0.96177492
851,1.69467960
852,1.73528611
853,2.46152825
854,0.51044560
855,0.99069739
856,2.43268132
857,1.74003489
858,1.49358354
859,1.36085751
860,0.19042256
861,2.25287111
862,1.57737301
863,1.44160742
864,1.36049007
865,0.98831447
866,0.64220526
867,1.90473868
868,1.28500691
869,0.08559120
870,1.00642138
871,2.34171200
872,0.94287340
873,1.04207519
874,1.57347919
875,2.02162898
876,1.68569713
877,2.14363115
878,0.28740965
879,2.33159704
880,2.27947086
881,1.30916799
882,1.57544897
883,0.53666581
884,1.12961637
885,0.51117168
886,0.05542385
887,2.47359818
888,0.65350731
889,1.49567605
890,0.75716106
891,0.93461985
892,1.00306004
893,0.84490881
894,1.60736810
895,2.42324687
896,1.08091431
897,2.45449252
898,1.68402299
899,1.53105090
900,0.59792118
901,0.15867452
902,2.14837214
903,1.44744189
904,1.04505301
905,2.04758416
906,0.78321075
907,1.97609233
908,0.82704751
909,2.32223789
910,0.67575006
911,0.34688146
912,1.76043074
913,0.41066447
914,2.39406208
915,1.65315139
916,0.58217740
917,0.52659364
918,2.32978764
919,1.53287089
920,2.25378448
921,0.27796473
922,2.33361354
923,1.31143940
924,1.68559828
925,0.94030350
926,0.14914133
927,2.41577283
928,2.50813423
929,0.91930078
930,2.38020475
931,0.42296819
932,0.39007991
933,0.18437403
934,0.98668844
935,0.13189741
936,0.99523159
937,0.34899043
938,1.84221389
939,2.10153786
940,1.73450390
941,0.50560061
942,1.93380491
943,0.62918169
944,1.91524584
945,1.43083996
946,0.92476206
947,0.21055117
948,2.08677770
949,2.36957554
950,1.67928347
951,2.43233853
952,2.35560125
953,0.49075820
954,1.84394016
955,0.88086417
956,1.22940189
957,0.39583198
958,2.45815588
959,1.83114236
960,0.67308062
961,0.93676352
962,1.06540119
963,1.88509862
964,2.33438285
965,0.81059635
966,1.19153206
967,1.49592637
968,0.99192003
969,1.27142427
970,0.26657252
971,0.42283731
972,1.01148193
973,2.30725320
974,0.88099839
975,0.62991958
976,1.87331825
977,2.39347480
978,1.15779992
979,0.02170368
980,1.73534592
981,1.04668443
982,1.69877095
983,0.70033624
984,0.00607686
985,0.86873807
986,1.77731546
987,0.99133824
988,0.55270690
989,1.17011426
990,1.89724035
991,0.30118472
992,1.74443104
993,1.68288010
994,0.93491303
995,2.44695114
996,2.25622880
997,0.79728490
998,0.07840814
999,0.77747231
1000,0.51626204
1001,1.38003761
1002,2.31684950
1003,2.19477928
1004,0.77122934
1005,1.08082071
1006,0.09215448
1007,1.37224941
1008,0.15980244
1009,2.36693589
1010,2.18619606
1011,0.54013215
1012,1.76363833
1013,1.43241053
1014,2.02082936
1015,1.19948067
1016,0.48360543
1017,1.61353035
1018,0.20245118
1019,1.47418993
1020,0.53639284
1021,1.72724380
1022,2.08812344
1023,0.27619830
1024,1.00938205
1025,1.84976349
1026,0.41282261
1027,1.42863619
1028,1.69421527
1029,0.89470553
1030,2.09805690
1031,1.28775731
1032,1.58112947
1033,0.35525035
1034,0.05840833
1035,0.12797942
1036,2.27946636
1037,2.22580912
1038,2.03654927
1039,0.50337627
1040,1.32508041
1041,2.00761383
1042,1.70135233
1043,0.29131990
1044,2.25833673
1045,0.40520523
1046,0.43323022
1047,2.27212423
1048,1.22208775
1049,0.94034475
1050,1.39618899
1051,2.47484459
1052,0.30168243
1053,1.90884123
1054,0.84309096
1055,0.29517333
1056,1.06401531
1057,1.38382267
1058,0.51938825
1059,1.02199310
1060,1.60302127
1061,1.45366294
1062,1.82363563
1063,2.10920874
1064,1.03175448
1065,1.06662260
1066,1.25253839
1067,1.42820676
1068,0.27316702
1069,0.78839288
1070,0.43347256
1071,0.97302901
1072,2.45456148
1073,1.46950695
1074,1.08279773
1075,1.42715649
1076,1.68724911
1077,1.09684879
1078,1.12901712
1079,1.76876367
1080,0.15348445
1081,1.36195325
1082,1.38022900
1083,1.90834548
1084,2.47799027
1085,2.00670017
1086,1.27043395
1087,0.42732298
1088,1.48345227
1089,2.10389882
1090,2.35132094
1091,2.08123204
1092,0.47653604
1093,1.79694357
1094,2.21953642
1095,1.71735987
1096,1.72930055
1097,1.26128926
1098,1.60630004
1099,0.74235922
1100,0.22396111
1101,2.08729565
1102,2.37837996
1103,2.16069737
1104,0.84205122
1105,0.23586395
1106,0.70644360
1107,2.12542573
1108,1.65380552
1109,2.43776705
1110,0.86416059
1111,1.39067992
1112,1.99228441
1113,0.59007372
1114,2.43119973
1115,1.49388400
1116,0.01991981
1117,0.06343444
1118,2.22473393
1119,1.62724396
1120,1.92428360
1121,1.97709787
1122,1.06029931
1123,2.01390345
1124,2.36422823
1125,0.43417692
1126,1.92696645
1127,0.77617916
1128,0.81072967
1129,1.04086940
1130,2.17809036
1131,0.05562405
1132,1.09425830
1133,1.71491549
1134,0.27844450
1135,1.99787104
1136,2.37524867
1137,0.22931917
1138,0.38570136
1139,2.45643553
1140,0.49894693
1141,0.19907039
1142,2.40119734
1143,2.25097703
1144,1.65358100
1145,1.39057604
1146,2.31808081
1147,1.65306304
1148,1.66031707
1149,2.12756969
1150,1.64732757
1151,1.27015221
1152,0.98278500
1153,1.26878291
1154,1.31756558
1155,0.90993256
1156,1.13004752
1157,2.02212609
1158,1.05034745
1159,0.06445951
1160,0.71370860
1161,0.58439958
1162,2.00122097
1163,1.13300969
1164,0.70687773
1165,2.04440060
1166,0.04846413
1167,0.43942149
1168,2.08537891
1169,1.38861109
1170,1.95095682
1171,2.11367598
1172,2.37540222
1173,0.15994522
1174,2.01547576
1175,1.78733642
1176,0.52207130
1177,2.34952597
1178,1.01930093
1179,2.23833755
1180,1.52595068
1181,1.32833169
1182,0.40228388
1183,2.30571143
1184,1.40376728
1185,0.01536765
1186,0.04611319
1187,1.96100053
1188,0.40836741
1189,1.50987384
1190,1.71752377
1191,0.70449480
1192,1.43567223
1193,0.60587704
1194,2.38637673
1195,2.16913974
1196,0.72637654
1197,1.33354300
1198,1.26247592
1199,2.42094448
1200,0.99364690
1201,1.41780246
1202,2.34197163
1203,0.41057318
1204,1.38819217
1205,0.26648499
1206,1.55718315
1207,0.92216639
1208,2.44014211
1209,1.04756296
1210,0.34343554
1211,2.10314501
1212,2.07002616
1213,1.75226760
1214,1.88832161
1215,0.66755019
1216,1.61910368
1217,0.09588080
1218,0.49651219
1219,2.35098148
1220,1.86417205
1221,0.58170301
1222,0.28088462
1223,2.39294342
1224,0.28291357
1225,0.64827097
1226,0.46056172
1227,0.01882602
1228,0.79217405
1229,2.45664142
1230,0.86219939
1231,1.27173585
1232,1.88106901
1233,1.38969135
1234,1.87515733
1235,1.66848555
1236,1.53464901
1237,1.63825741
1238,2.01529827
1239,1.79093053
1240,1.99666393
1241,0.36716522
1242,1.70892906
1243,1.85859044
1244,0.75644500
1245,2.20547105
1246,0.76841115
1247,0.61488820
1248,2.18660706
1249,0.62292684
1250,1.04779819
1251,0.92781417
1252,2.26469312
1253,1.14799565
1254,1.75087891
1255,2.00237314
1256,1.58342109
1257,2.37976740
1258,2.02372891
1259,1.00922590
1260,2.39771558
1261,1.32285164
1262,0.05693852
1263,0.65569307
1264,1.56785181
1265,0.39545238
1266,1.47287875
1267,0.91186458
1268,1.34759166
1269,0.00473202
1270,2.13951218
1271,0.91269036
1272,0.35344890
1273,1.10431921
1274,1.22602257
1275,1.60737554
1276,1.32282039
1277,0.10975979
1278,2.19774187
1279,1.15120633
1280,0.19414817
1281,1.94888510
1282,1.66474970
1283,1.63772498
1284,1.07657526
1285,1.03517582
1286,1.35251703
1287,0.12759067
1288,0.75390139
1289,2.49122801
1290,1.66988921
1291,1.05645210
1292,0.56074867
1293,1.87923715
1294,0.65639167
1295,0.40946122
1296,0.38965234
1297,1.83902509
1298,1.62101202
1299,0.17603778
1300,0.29011354
1301,1.59840859
1302,1.44021717
1303,1.72992347
1304,0.44897405
1305,1.83227847
1306,2.36060705
1307,1.51570382
1308,0.49459535
1309,1.71364505
1310,0.86517097
1311,0.12429558
1312,0.76242726
1313,2.28366496
1314,1.03679543
1315,2.18047547
1316,1.28271672
1317,1.30369428
1318,0.01315839
1319,1.60662245
1320,0.27188388
1321,1.20728879
1322,0.65645861
1323,0.98949656
1324,1.35437990
1325,0.03647903
1326,0.71765328
1327,2.49555978
1328,0.14475047
1329,0.80543522
1330,0.81054930
1331,0.95672124
1332,1.72685162
1333,0.62475249
1334,1.16068916
1335,1.62618997
1336,0.81282034
1337,2.39257306
1338,2.47049533
1339,0.30179115
1340,0.86703253
1341,0.52445806
1342,0.47104111
1343,1.23813340
1344,1.42183613
1345,1.07339291
1346,0.68731986
1347,0.70261857
1348,2.50190506
1349,2.32928918
1350,0.19140216
1351,1.65566189
1352,1.15213604
1353,1.73702230
1354,1.50539084
1355,2.24247794
1356,0.16893202
1357,0.88160328
1358,2.48517569
1359,0.45968252
1360,0.32110745
1361,1.83829057
1362,1.96050262
1363,1.69531113
1364,1.95737733
1365,1.74939773
1366,0.34238408
1367,1.53378877
1368,1.95909428
1369,2.18262216
1370,0.62094828
1371,0.32135287
1372,1.96972034
1373,0.64695537
1374,0.08052234
1375,2.08098789
1376,1.27598816
1377,0.82369180
1378,0.02882549
1379,0.08909117
1380,1.99880326
1381,1.23492081
1382,0.37756596
1383,0.90406632
1384,0.41686267
1385,0.28466338
1386,0.69678386
1387,1.38572828
1388,0.52958866
1389,0.86665728
1390,1.20522718
1391,1.05921486
1392,0.32437150
1393,0.09801361
1394,0.08942223
1395,0.88306868
1396,1.81264454
1397,0.33099740
1398,1.98457263
1399,1.80475708
1400,0.00994863
1401,0.06745562
1402,0.49182948
1403,0.14152713
1404,1.33991954
1405,0.09993424
1406,2.02407769
1407,1.24313209
1408,1.83572434
1409,1.89308961
1410,1.27793699
1411,2.33353960
1412,2.49714555
1413,0.90585439
1414,0.31740224
1415,0.91600064
1416,0.56324721
1417,1.33906861
1418,0.95420373
1419,1.21157829
1420,1.92457375
1421,0.69101700
1422,1.35538196
1423,0.84519760
1424,1.97948058
1425,1.61275676
1426,0.02145094
1427,1.66448976
1428,0.42911047
1429,1.82694719
1430,1.43069141
1431,1.01244378
1432,1.75026737
1433,2.16011976
1434,1.96380247
1435,1.37531528
1436,1.82245981
1437,1.04379388
1438,1.98973215
1439,2.09066720
1440,0.34622510
1441,0.60026012
1442,0.68084870
1443,0.41882099
1444,0.98987997
1445,0.48678596
1446,1.50180644
1447,0.25625304
1448,0.68067322
1449,1.67828199
1450,1.00503599
1451,1.06282854
1452,2.01217355
1453,2.48269788
1454,1.42496481
1455,0.19939190
1456,0.25949988
1457,2.44232254
1458,1.71286597
1459,1.89754446
1460,1.70411258
1461,0.45295513
1462,1.13066220
1463,2.01256488
1464,2.18475646
1465,0.59850538
1466,1.50287183
1467,0.39617612
1468,2.41654053
1469,0.63600073
1470,1.83239755
1471,0.58281360
1472,1.55353925
1473,1.66250506
1474,0.82821827
1475,2.06489988
1476,2.23268976
1477,2.15627824
1478,0.83419512
1479,1.87704549
1480,1.41090093
1481,1.49446565
1482,1.20395168
1483,1.51371374
1484,0.34209023
1485,1.03101536
1486,0.44804820
1487,0.70636074
1488,0.32232065
1489,0.53586529
1490,1.97183561
1491,1.38655520
1492,0.05962620
1493,1.98846714
1494,2.29345767
1495,2.22022821
1496,2.07544841
1497,2.50212770
1498,1.47876429
1499,2.42741118
1500,2.39275375
1501,0.78991445
1502,2.17736973
1503,1.99842347
1504,1.95637607
1505,2.26020175
1506,0.96883596
1507,1.00884344
1508,1.61405717
1509,1.86056403
1510,2.21848272
1511,2.20866862
1512,1.81904360
1513,2.41305018
1514,0.45046116
1515,2.39652532
1516,0.16187910
1517,1.40114459
1518,0.22745846
1519,1.43236159
1520,0.98376398
1521,0.20580285
1522,1.63439383
1523,1.84390398
1524,0.43925650
1525,1.75120115
1526,0.45151760
1527,0.34648386
1528,0.37161770
1529,1.51073131
1530,1.96392123
1531,1.50522187
1532,2.04098759
1533,1.49156316
1534,2.01065039
1535,2.46255147
1536,0.98590771
1537,0.37812107
1538,0.34144127
1539,1.50669431
1540,1.37966225
1541,0.46460001
1542,2.22445388
1543,2.41268602
1544,0.63855112
1545,0.52171152
1546,0.53946193
1547,0.97698505
1548,2.15163127
1549,1.50286885
1550,0.17035711
1551,1.19273997
1552,0.22779820
1553,1.02437528
1554,1.01758176
1555,1.63498861
1556,1.38559064
1557,2.20591855
1558,0.04104609
1559,1.95183703
1560,0.05714283
1561,0.76734754
1562,2.21829620
1563,1.74105729
1564,0.43373705
1565,1.23764092
1566,1.82046727
1567,2.36375131
1568,1.59960473
1569,0.06222938
1570,1.26012817
1571,0.38573541
1572,0.12049229
1573,1.50929938
1574,1.95920831
1575,0.09093989
1576,1.97602176
1577,1.78133901
1578,1.89632839
1579,0.61714833
1580,0.99255416
1581,0.30198598
1582,0.60242780
1583,0.76356451
1584,0.80554403
1585,0.44141127
1586,0.47588843
1587,2.27328870
1588,1.97678924
1589,0.86869138
1590,2.38972590
1591,0.60250790
1592,1.02590432
1593,2.05151302
1594,1.11685361
1595,0.59167095
1596,0.92935909
1597,1.26269838
1598,1.56511520
1599,1.02284303
1600,1.08764658
1601,0.66560440
1602,1.35001712
1603,0.55341827
1604,2.18768990
1605,1.88467836
1606,1.03462589
1607,1.88432727
1608,0.01764615
1609,0.86872043
1610,1.11033432
1611,1.18471934
1612,1.88811906
1613,2.42796546
1614,0.95826256
1615,0.88412991
1616,1.53957198
1617,0.70925592
1618,0.35645458
1619,2.42477152
1620,2.04143773
1621,2.41710207
1622,0.54932457
1623,0.04491454
1624,1.10266928
1625,2.35433418
1626,0.34882629
1627,0.29551692
1628,0.17388593
1629,1.92918962
1630,1.98191575
1631,1.75356993
1632,0.13439293
1633,1.82395777
1634,1.13133462
1635,0.39817466
1636,0.74423866
1637,1.26377206
1638,0.83130331
1639,2.44547096
1640,1.19718495
1641,0.93847533
1642,1.69756024
1643,1.64051727
1644,0.00615538
1645,1.55964127
1646,0.61472897
1647,0.94625022
1648,1.78124069
1649,1.40559381
1650,0.92966089
1651,0.42217147
1652,1.27470473
1653,0.80536596
1654,2.30218145
1655,1.34749371
1656,2.18375036
1657,0.98394382
1658,2.08659526
1659,0.14257615
1660,0.75178630
1661,0.19714442
1662,0.07981802
1663,2.31714662
1664,1.80776915
1665,1.57637654
1666,1.34281881
1667,1.43627802
1668,1.61062273
1669,2.08443319
1670,1.50520890
1671,1.88773899
1672,0.70856102
1673,2.46315477
1674,0.08044096
1675,0.97485434
1676,2.22431415
1677,0.45523822
1678,0.35642371
1679,0.92152981
1680,1.07980487
1681,2.35379225
1682,2.10849004
1683,1.17032299
1684,2.45360581
1685,1.61967083
1686,2.20315458
1687,0.62049875
1688,1.23305014
1689,0.07494356
1690,0.02239776
1691,1.77898204
1692,0.29831127
1693,1.38144052
1694,1.75516223
1695,0.08129175
1696,1.13161854
1697,1.72526548
1698,2.24368482
1699,0.75458816
1700,2.45673639
1701,2.12972815
1702,1.64074427
1703,0.98834297
1704,1.79324798
1705,2.05824095
1706,0.76485112
1707,2.50367510
1708,2.29131663
1709,1.22431824
1710,1.82280175
1711,1.32142448
1712,1.91888209
1713,2.08544796
1714,0.05856564
1715,0.19955546
1716,0.84849142
1717,2.31399793
1718,1.00435124
1719,2.23808963
1720,1.16614766
1721,0.72841949
1722,2.27120771
1723,1.41387663
1724,0.90905603
1725,0.11198756
1726,0.27974994
1727,0.35131019
1728,0.92003068
1729,1.53154708
1730,0.77567004
1731,0.16524855
1732,0.66778602
1733,1.03059780
1734,2.50226258
1735,0.99101955
1736,0.22493283
1737,1.46543144
1738,2.31910811
1739,1.98385540
1740,2.10873913
1741,2.34077430
1742,1.60520883
1743,2.50895229
1744,0.08393198
1745,2.10526256
1746,2.16117230
1747,2.31169496
1748,1.20582880
1749,1.98652902
1750,0.49194846
1751,1.52094884
1752,0.90441817
1753,1.50340608
1754,1.70360003
1755,0.87522515
1756,0.54530344
1757,0.81122118
1758,1.67433948
1759,1.70691292
1760,1.86942142
1761,0.31909804
1762,2.06410181
1763,1.73534206
1764,0.07693035
1765,0.84629859
1766,1.17693406
1767,0.90939192
1768,0.29610037
1769,0.52287998
1770,0.06194186
1771,0.23472162
1772,0.67154692
1773,2.06776560
1774,1.32805320
1775,1.07048243
1776,1.66981470
1777,1.36555934
1778,0.33164960
1779,0.56140498
1780,0.56115028
1781,1.51293544
1782,1.16410619
1783,0.97739744
1784,1.40370994
1785,2.44639533
1786,0.79232203
1787,1.31180788
1788,1.21137806
1789,1.80719996
1790,1.84161490
1791,1.83853951
1792,0.50818648
1793,1.13250554
1794,2.04558534
1795,0.96212851
1796,2.48205121
1797,0.91990574
1798,1.25499633
1799,1.19663988
1800,1.09359659
1801,2.13247653
1802,0.39156973
1803,1.43151360
1804,1.55996375
1805,2.14657297
1806,1.53625571
1807,2.42093714
1808,2.19939460
1809,0.87943971
1810,2.16847473
1811,2.41704725
1812,0.64859157
1813,1.53879926
1814,0.71064364
1815,1.63805156
1816,0.23614803
1817,1.85144407
1818,1.05868552
1819,1.48104704
1820,0.06522268
1821,1.75373485
1822,1.25077120
1823,1.57673196
1824,0.79604039
1825,0.36772640
1826,1.09804783
1827,2.38048515
1828,0.57444411
1829,1.70430235
1830,0.12569717
1831,1.81087353
1832,0.60128352
1833,1.13861807
1834,0.92738616
1835,0.28455946
1836,0.87147602
1837,0.88293236
1838,1.31662494
1839,2.45203333
1840,1.18527164
1841,2.30595990
1842,1.16393797
1843,0.27120163
1844,0.58039259
1845,1.02766254
1846,0.82050340
1847,2.18341067
1848,1.71137987
1849,1.45835449
1850,1.23876311
1851,1.00182201
1852,1.54380149
1853,0.31423246
1854,0.40987248
1855,0.76438832
1856,0.43168923
1857,1.70747902
1858,0.06246368
1859,0.40393199
1860,2.27615773
1861,2.51556033
1862,1.22958627
1863,1.24920448
1864,1.95032382
1865,0.09126525
1866,1.07684630
1867,0.25174526
1868,1.01104094
1869,2.48095860
1870,1.90048019
1871,2.48404531
1872,1.88135357
1873,1.53350678
1874,1.90196185
1875,1.66206972
1876,1.17026346
1877,0.73773336
1878,1.31176407
1879,0.65186050
1880,1.22728106
1881,0.36852134
1882,1.42579022
1883,0.61854870
1884,0.74041088
1885,1.25842922
1886,0.40985499
1887,2.42688730
1888,1.12708674
1889,0.88836489
1890,0.07363071
1891,2.12648231
1892,1.57820191
1893,1.05007456
1894,0.61917689
1895,1.87905573
1896,2.38425631
1897,0.96031167
1898,0.34012809
1899,0.27536617
1900,0.01604744
1901,1.87607508
1902,2.47483968
1903,2.50364405
1904,1.97755494
1905,0.40899135
1906,2.46554468
1907,0.82666825
1908,0.84130996
1909,1.73329730
1910,0.12369399
1911,2.08239041
1912,2.51494030
1913,1.95453771
1914,1.97119820
1915,0.98427831
1916,0.16624150
1917,1.99891463
1918,1.50588859
1919,2.29313058
1920,0.29243377
1921,0.76944875
1922,0.90948942
1923,1.72306594
1924,1.98650189
1925,2.42345905
1926,0.74494765
1927,1.24483261
1928,0.07303640
1929,0.63797675
1930,0.94314813
1931,1.49743598
1932,1.18735958
1933,0.91911975
1934,1.57377384
1935,2.08956718
1936,0.60946395
1937,0.86465198
1938,1.77764659
1939,1.96177721
1940,2.08145015
1941,0.52788549
1942,1.35990154
1943,2.26960871
1944,0.98840588
1945,1.08406257
1946,2.48348313
1947,0.28509483
1948,1.77935719
1949,2.14395745
1950,0.38026794
1951,1.80167784
1952,1.18456732
1953,2.15078323
1954,2.28837361
1955,2.20019448
1956,0.16236746
1957,1.90860526
1958,2.32386792
1959,1.56689066
1960,1.51526439
1961,0.11349654
1962,2.15870692
1963,0.11702238
1964,0.79059753
1965,2.33480095
1966,2.39502562
1967,2.50133107
1968,1.20137243
1969,0.44743739
1970,1.23047900
1971,0.25801192
1972,2.20032361
1973,1.41353989
1974,1.02006759
1975,0.20056081
1976,1.02192052
1977,2.18432435
1978,1.77381928
1979,0.20793647
1980,0.40325039
1981,0.98930875
1982,0.25564692
1983,2.35542416
1984,1.64492274
1985,0.23912419
1986,1.98728943
1987,0.92903243
1988,0.61750710
1989,1.43736466
1990,0.03372532
1991,1.17362150
1992,2.12787086
1993,2.34033501
1994,0.86384206
1995,1.62006973
1996,0.57199653
1997,1.41272243
1998,0.64059899
1999,1.44082341
2000,0.43304467
2001,2.37355899
2002,2.23658984
2003,0.84962832
2004,1.95855514
2005,0.24084183
2006,1.86701056
2007,0.71229593
2008,0.34205899
2009,1.71023403
2010,1.18474030
2011,1.33688460
2012,1.31265103
2013,0.14991717
2014,0.12957235
2015,1.51599934
2016,1.57323589
2017,0.11896664
2018,0.95433418
2019,1.54546292
2020,1.65598973
2021,2.08870999
2022,1.06098650
2023,1.38257416
2024,1.45898978
2025,0.78690487
2026,0.13573842
2027,0.01066086
2028,2.10850488
2029,0.50493907
2030,1.58934994
2031,1.45517463
2032,1.00777954
2033,2.10186735
2034,1.76119959
2035,0.05735245
2036,1.95863378
2037,1.27852929
2038,0.87510063
2039,1.83302680
2040,1.73009134
2041,0.78323056
2042,2.47898414
2043,1.63588590
2044,1.52763019
2045,0.17622505
2046,0.70437675
2047,1.12716161
2048,1.59028561
2049,1.29306672
2050,1.92418378
2051,0.66213472
2052,1.77066977
2053,2.05925918
2054,1.92927026
2055,1.94388787
2056,2.24059837
2057,0.21228151
2058,1.75814821
2059,2.44277010
2060,1.44660867
2061,0.54802192
2062,2.51861331
2063,0.44049689
2064,0.84619734
2065,0.43390225
2066,1.17139027
2067,1.05630544
2068,1.23879172
2069,2.34014791
2070,1.20621949
2071,1.29776397
2072,2.23599630
2073,2.06218680
2074,0.60452358
2075,0.03260017
2076,1.58744584
2077,2.13050567
2078,1.39415488
2079,0.53253989
2080,1.86951764
2081,1.68841600
2082,1.42487593
2083,2.17712365
2084,1.97766867
2085,1.68441349
2086,1.67636048
2087,1.66991479
2088,1.32433925
2089,1.16989935
2090,1.78944034
2091,1.53951966
2092,1.23561347
2093,0.31941261
2094,1.77009429
2095,1.62905216
2096,0.86306970
2097,0.89856270
2098,0.62217673
2099,2.42571563
2100,2.16921844
2101,1.41483051
2102,1.01287366
2103,1.85809454
2104,1.33080359
2105,2.46085820
2106,0.13900967
2107,0.08646423
2108,1.43389997
2109,0.51262386
2110,1.52390922
2111,1.97055903
2112,0.34828266
2113,1.11110869
2114,1.73665156
2115,2.10280106
2116,1.25166071
2117,0.51987229
2118,1.47724444
2119,1.14618335
2120,1.94660844
2121,1.40102905
2122,0.70463918
2123,1.90239581
2124,1.30563357
2125,0.44773245
2126,1.41993275
2127,2.39143192
2128,1.77914101
2129,0.75351203
2130,1.79264981
2131,0.71266709
2132,1.36853066
2133,1.32794792
2134,0.62386251
2135,0.87727415
2136,2.37595188
2137,0.63195143
2138,2.01999549
2139,1.68294707
2140,1.34316258
2141,0.34678249
2142,0.51588078
2143,0.45134126
2144,1.47975359
2145,2.45463493
2146,2.21218379
2147,0.06368310
2148,0.69027472
2149,0.39656840
2150,2.46042145
2151,0.59415465
2152,0.50766600
2153,1.56569750
2154,1.40256863
2155,0.56954550
2156,1.69049791
2157,0.24463223
2158,0.04884810
2159,0.20783377
2160,0.92011122
2161,2.45875328
2162,1.38002521
2163,1.90323601
2164,0.81073661
2165,1.81399869
2166,2.43647328
2167,0.90218828
2168,2.51938403
2169,1.60991555
2170,1.88776585
2171,0.63590730
2172,1.62171941
2173,1.28863504
2174,2.41181419
2175,2.28137003
2176,1.00031395
2177,2.38777460
2178,2.23128175
2179,1.48880565
2180,0.20708510
2181,0.40547720
2182,0.19386188
2183,0.27233595
2184,2.46363551
2185,0.53503738
2186,1.74216789
2187,1.60517039
2188,1.59159481
2189,0.52126030
2190,1.46097243
2191,1.57745657
2192,1.43842474
2193,0.46945965
2194,1.82338347
2195,0.18470519
2196,1.49086380
2197,1.10014187
2198,0.63116478
2199,2.03603874
2200,0.44356151
2201,2.35275253
2202,2.23065755
2203,0.90931641
2204,0.76952407
2205,0.34671141
2206,2.31075542
2207,1.58248370
2208,0.08015442
2209,1.28861780
2210,0.21636777
2211,1.44686093
2212,1.28347924
2213,0.20892128
2214,2.05740202
2215,0.66150293
2216,1.36549328
2217,1.61150154
2218,2.42669729
2219,1.24527464
2220,2.31324680
2221,0.89486625
2222,2.16224791
2223,0.59469933
2224,1.78409247
2225,0.22346157
2226,2.48657836
2227,2.40559493
2228,1.11515715
2229,1.32123869
2230,1.50744394
2231,0.69358058
2232,1.70085366
2233,1.76160395
2234,1.32411670
2235,0.37256947
2236,2.31796291
2237,0.29011926
2238,1.58662016
2239,0.25996797
2240,0.36843384
2241,0.05179665
2242,0.91631814
2243,1.61287259
2244,1.31520918
2245,1.70102442
2246,1.70223413
2247,0.35348751
2248,0.14459482
2249,1.57700212
2250,1.64727367
2251,1.40387275
2252,0.61975606
2253,2.04455275
2254,0.19086546
2255,1.59453750
2256,0.30365212
2257,1.65035881
2258,1.05340487
2259,1.81088178
2260,0.13161990
2261,1.39978563
2262,0.36535022
2263,1.72080121
2264,0.30250245
2265,0.18556300
2266,1.79832281
2267,0.16021589
2268,0.56621511
2269,2.07978157
2270,2.04183705
2271,2.15389727
2272,0.82234710
2273,1.33161018
2274,1.95019418
2275,0.34544759
2276,1.82673811
2277,0.24584050
2278,2.30299547
2279,1.60714221
2280,1.24399767
2281,1.22237098
2282,0.45735419
2283,0.87232187
2284,1.83362952
2285,1.36412966
2286,1.33478298
2287,0.49236580
2288,1.74092651
2289,0.98861631
2290,0.46086268
2291,2.37999500
2292,1.27802476
2293,1.33158148
2294,2.47478048
2295,0.92398945
2296,2.37806821
2297,1.75243339
2298,1.59651416
2299,0.59114889
2300,0.13051908
2301,1.10398629
2302,0.02565276
2303,0.17905483
2304,1.50127043
2305,1.82694225
2306,0.42352812
2307,1.84718834
2308,2.39497691
2309,1.87410972
2310,1.97886112
2311,1.76702732
2312,0.56673616
2313,0.91007897
2314,2.39381977
2315,1.66741307
2316,1.98972865
2317,2.44281150
2318,0.58363059
2319,0.81121805
2320,1.62603384
2321,0.06142762
2322,1.44047684
2323,2.03931548
2324,1.53939078
2325,0.74491266
2326,1.82601488
2327,0.36825963
2328,2.25640071
2329,0.25448678
2330,2.17751442
2331,1.25535593
2332,1.08094546
2333,1.26254881
2334,0.50487472
2335,1.15417354
2336,2.14278658
2337,2.01981443
2338,0.41117205
2339,1.69820467
2340,2.16073502
2341,2.06725450
2342,1.07334349
2343,0.12128233
2344,2.34818227
2345,0.99832812
2346,0.91029760
2347,1.91531228
2348,0.66567652
2349,2.10503118
2350,0.19178728
2351,1.86789391
2352,2.43548549
2353,2.51108586
2354,2.32960941
2355,2.19585077
2356,0.70327082
2357,2.43765135
2358,2.33992901
2359,1.34755894
2360,1.01394416
2361,0.27554901
2362,1.48943666
2363,1.76660711
2364,1.01878322
2365,1.02390989
2366,1.44575314
2367,0.07006871
2368,2.41550415
2369,0.73107435
2370,0.35529590
2371,0.01384449
2372,2.16087189
2373,2.17679886
2374,0.24034372
2375,0.38391890
2376,1.12950237
2377,0.46830395
2378,1.85556238
2379,0.14636595
2380,1.38623461
2381,0.96530943
2382,1.17248374
2383,1.07113614
2384,0.38623356
2385,0.55549935
2386,0.16343305
2387,0.29072572
2388,2.46601213
2389,0.70555701
2390,0.77424632
2391,0.32053473
2392,1.90434080
2393,2.33046290
2394,1.99155894
2395,1.54486918
2396,2.05077567
2397,1.01937243
2398,2.16744310
2399,2.01367045
2400,0.00435324
2401,1.23009985
2402,0.66730144
2403,0.21746213
2404,2.13390050
2405,0.02005125
2406,1.84129523
2407,2.49197936
2408,1.21553832
2409,0.93618059
2410,1.52776445
2411,2.02925230
2412,0.60586001
2413,0.63221090
2414,1.53115636
2415,2.37014773
2416,0.75259566
2417,0.95008586
2418,2.50494414
2419,0.44439268
2420,0.19409874
2421,1.48722044
2422,0.06119944
2423,0.45501194
2424,1.56906123
2425,1.66313069
2426,1.28716990
2427,0.96772144
2428,1.45303140
2429,1.62246329
2430,2.02618640
2431,1.99912493
2432,1.67646663
2433,2.25503673
2434,2.11329579
2435,0.33601748
2436,2.41251220
2437,2.24875686
2438,0.80930281
2439,0.05090421
2440,1.52308154
2441,1.10558442
2442,1.89022518
2443,1.32291451
2444,0.19289401
2445,0.61704506
2446,2.22550997
2447,0.09504818
2448,1.85770217
2449,0.73621318
2450,1.14144935
2451,1.33906801
2452,0.63064723
2453,1.64408653
2454,1.74869327
2455,0.21450301
2456,0.94295539
2457,1.87713890
2458,1.81979492
2459,1.37335857
2460,1.96110688
2461,0.27145782
2462,0.29810360
2463,1.65802893
2464,1.74842003
2465,2.05403867
2466,0.45653419
2467,1.30317397
2468,1.66645662
2469,0.56411892
2470,1.30356788
2471,1.61000400
2472,0.54079256
2473,0.94708182
2474,0.54555690
2475,2.27700200
2476,0.59715212
2477,0.30471905
2478,0.08865709
2479,0.11336562
2480,0.48313705
2481,1.53375502
2482,0.04451272
2483,0.72310112
2484,0.14668658
2485,1.01793134
2486,0.12250260
2487,1.53207368
2488,1.73603924
2489,1.84425589
2490,0.56574248
2491,2.19014595
2492,1.74073953
2493,0.14286191
2494,1.11150835
2495,1.93609542
2496,0.78400143
2497,0.96220064
2498,1.58770869
2499,0.13991313
2500,2.43837428
2501,0.44000192
2502,0.06726428
2503,0.01342736
2504,1.00758108
2505,2.22987162
2506,2.06724060
2507,2.29995723
2508,1.34607063
2509,1.13163073
2510,0.97304972
2511,0.11705899
2512,2.29359097
2513,1.25123706
2514,1.14757122
2515,1.29912865
2516,2.00266469
2517,0.56606448
2518,1.79019742
2519,1.79238898
2520,2.14236536
2521,0.02190200
2522,0.42969938
2523,1.18786736
2524,2.14485586
2525,2.43378928
2526,1.50011511
2527,0.53495335
2528,0.46548091
2529,1.61252305
2530,0.52974637
2531,1.39475332
2532,2.10519259
2533,0.98303251
2534,0.95441704
2535,0.09114108
2536,0.64074236
2537,1.76066968
2538,0.90882138
2539,0.39919470
2540,0.26672409
2541,0.23970515
2542,1.66217503
2543,1.54488342
2544,1.30758539
2545,1.26170323
2546,0.38617725
2547,1.26240371
2548,0.15115231
2549,2.33478934
2550,0.14633521
2551,1.06804214
2552,0.00144418
2553,1.98248039
2554,0.41904409
2555,2.33241273
2556,0.11090508
2557,2.06982604
2558,1.65588169
2559,0.62977561
2560,0.51045613
2561,0.90197908
2562,2.08903056
2563,2.17364458
2564,0.44203034
2565,0.89131234
2566,0.59889844
2567,0.30927894
2568,1.63018901
2569,0.87220499
2570,0.56836674
2571,2.18383555
2572,1.88707619
2573,1.95123767
2574,0.09884643
2575,2.30773596
2576,1.44935165
2577,1.27046974
2578,0.02669774
2579,2.26368540
2580,1.37156088
2581,2.08083633
2582,1.65304005
2583,2.00906766
2584,1.74740599
2585,2.32244648
2586,0.56861927
2587,0.50965042
2588,1.79685707
2589,1.26439735
2590,1.51093987
2591,1.78677235
2592,1.38048215
2593,1.98637147
2594,0.80410844
2595,2.16616480
2596,0.27153715
2597,1.59880478
2598,2.24469735
2599,0.63723599
2600,0.82420004
2601,0.77025247
2602,1.42293714
2603,1.04116436
2604,0.27225064
2605,2.24760926
2606,0.51614777
2607,1.34682134
2608,1.49995442
2609,0.10277015
2610,0.24136685
2611,2.45036438
2612,1.67573930
2613,0.08464716
2614,2.00277742
2615,1.28242285
2616,0.18963877
2617,1.71669193
2618,1.25924542
2619,0.51676099
2620,2.21335139
2621,0.73479180
2622,0.71758532
2623,0.68787139
2624,1.93533709
2625,1.78066013
2626,2.27751336
2627,0.57834071
2628,1.98302044
2629,1.44508282
2630,0.77841747
2631,0.08941064
2632,2.06518656
2633,0.60792628
2634,1.59310325
2635,1.38411281
2636,0.01122475
2637,2.50749194
2638,2.05354062
2639,1.22676391
2640,1.71565618
2641,1.20185648
2642,1.87766587
2643,0.33874737
2644,1.12559054
2645,0.84614559
2646,1.15914055
2647,1.13598433
2648,0.36085154
2649,2.46246591
2650,0.03907146
2651,0.02540559
2652,0.94173043
2653,1.56443928
2654,0.45304496
2655,1.34458705
2656,1.82265562
2657,0.23720163
2658,2.48247308
2659,0.84907958
2660,1.62001633
2661,0.27921212
2662,1.78915268
2663,2.11942641
2664,0.26550712
2665,0.31739975
2666,0.70873594
2667,0.03010328
2668,2.48658073
2669,1.50898023
2670,1.53219390
2671,2.41826868
2672,2.09817537
2673,2.05332268
2674,0.85614483
2675,0.84444648
2676,0.73569484
2677,0.87428477
2678,0.93181350
2679,0.35305867
2680,0.89761628
2681,1.12658925
2682,0.78010132
2683,0.41696813
2684,0.94165246
2685,1.21273415
2686,1.81750221
2687,1.79356921
2688,0.51115068
2689,0.09243993
2690,0.76611110
2691,0.39626288
2692,0.99808442
2693,2.46967194
2694,0.45662117
2695,0.80412505
2696,1.82856244
2697,1.28403671
2698,0.11077999
2699,0.40774621
2700,2.35847135
2701,0.26016062
2702,1.60155049
2703,1.99805273
2704,0.66937555
2705,1.82847086
2706,0.42843759
2707,0.71807363
2708,0.78634188
2709,2.51276583
2710,0.54110219
2711,0.32583327
2712,2.33436815
2713,0.40835314
2714,2.21732982
2715,1.64029428
2716,1.45470563
2717,1.89469385
2718,1.83079328
2719,0.27872373
2720,2.52040956
2721,2.37521621
2722,2.26098650
2723,1.56926285
2724,1.31835409
2725,1.35236559
2726,0.03767139
2727,1.25954223
2728,1.57299614
2729,1.66109767
2730,0.83757741
2731,1.18846123
2732,1.60462152
2733,1.08008430
2734,2.42627027
2735,1.77895402
2736,0.00321619
2737,0.05870919
2738,1.74076989
2739,1.04059263
2740,2.11694148
2741,0.43630604
2742,0.03487217
2743,0.97865148
2744,1.85617508
2745,2.45046026
2746,2.22835986
2747,1.22072013
2748,2.04972755
2749,0.17736008
2750,1.44313293
2751,2.33085529
2752,0.99958907
2753,2.42113959
2754,0.55651716
2755,0.26638637
2756,1.32332447
2757,2.28785553
2758,0.78497304
2759,2.01780983
2760,0.42667763
2761,1.88014759
2762,1.40468780
2763,0.44135349
2764,1.81084192
2765,1.79991987
2766,1.29980383
2767,0.56857754
2768,0.33361648
2769,2.41396374
2770,1.65380056
2771,2.04071027
2772,1.75759079
2773,2.09173081
2774,0.40976563
2775,1.25318923
2776,1.68232720
2777,0.26072778
2778,0.37815832
2779,1.59875086
2780,2.19066453
2781,1.66540979
2782,0.09130367
2783,2.44719506
2784,0.35180590
2785,0.58646835
2786,2.45862960
2787,1.94435795
2788,2.36181803
2789,2.03409877
2790,1.64351669
2791,0.71757615
2792,0.82431798
2793,2.38878663
2794,2.17028830
2795,0.90654980
2796,0.94129189
2797,0.75071548
2798,0.82242339
2799,2.17039383
2800,0.02649980
2801,1.09962059
2802,2.37761176
2803,1.36839831
2804,1.13591659
2805,0.78772323
2806,0.18639343
2807,0.56610330
2808,0.22811778
2809,0.31950863
2810,0.41235226
2811,0.76164738
2812,0.02778545
2813,2.39603115
2814,0.31224514
2815,0.96621047
2816,2.21795431
2817,0.26874209
2818,1.21953400
2819,2.13033866
2820,1.40452561
2821,0.53043846
2822,1.85477659
2823,1.71817716
2824,0.91334707
2825,0.11674903
2826,0.01983692
2827,2.08144009
2828,0.81089197
2829,0.34742561
2830,1.30766160
2831,2.32211712
2832,0.02139076
2833,0.14158419
2834,1.05168792
2835,1.70462235
2836,1.20061130
2837,2.26339849
2838,0.11117443
2839,0.85775496
2840,0.88601629
2841,0.85772056
2842,1.22982694
2843,1.99364319
2844,0.80162517
2845,1.87740597
2846,0.36935368
2847,1.41401302
2848,0.94588302
2849,1.35975992
2850,0.27172224
2851,2.40440075
2852,2.28525118
2853,2.08397047
2854,2.25138079
2855,0.36991452
2856,1.27026540
2857,0.80169211
2858,2.23777120
2859,0.47771893
2860,0.55465171
2861,1.73172752
2862,0.22418699
2863,1.84685235
2864,0.67615459
2865,1.66671905
2866,2.20158871
2867,1.53729269
2868,0.53633970
2869,0.12398737
2870,0.11250948
2871,0.22396564
2872,1.46216097
2873,0.87812311
2874,0.61305957
2875,0.55304082
2876,2.39209129
2877,0.29963003
2878,0.76867040
2879,1.18895274
2880,0.00113771
2881,2.32241946
2882,0.24990617
2883,1.72102557
2884,1.58584676
2885,2.04026234
2886,1.64264229
2887,1.94020821
2888,1.06228855
2889,1.23239555
2890,1.76942177
2891,1.43343522
2892,1.28997737
2893,0.51837140
2894,0.65088909
2895,0.90404518
2896,0.02341704
2897,1.05249114
2898,0.00698553
2899,1.42483280
2900,1.77538992
2901,1.41760343
2902,1.74888935
2903,0.00003733
2904,0.14990202
2905,1.76135302
2906,2.02471900
2907,1.80986933
2908,1.67195642
2909,1.78384761
2910,1.86506633
2911,1.82670437
2912,1.86107831
2913,0.18666345
2914,0.15955927
2915,0.91065898
2916,1.33047207
2917,1.92314008
2918,0.84405416
2919,0.69378110
2920,1.97062278
2921,0.62876977
2922,2.06996232
2923,0.44669096
2924,0.90650712
2925,1.01141725
2926,0.75529512
2927,0.00846942
2928,0.59390001
2929,0.85148258
2930,0.79088826
2931,1.98098009
2932,0.11945386
2933,0.98083620
2934,0.09460879
2935,2.34686628
2936,1.99271617
2937,2.47677188
2938,2.29520306
2939,0.79640554
2940,1.74400582
2941,0.77305744
2942,2.23985226
2943,1.03582090
2944,0.94789920
2945,2.30505860
2946,2.11005543
2947,2.43705922
2948,0.16767057
2949,0.61364437
2950,0.75869268
2951,1.07011468
2952,1.19312066
2953,0.73502523
2954,1.99332388
2955,0.56297044
2956,1.75644789
2957,2.14795239
2958,1.52238123
2959,0.89310502
2960,0.47381919
2961,0.33879187
2962,1.87662809
2963,1.18303857
2964,0.11681053
2965,2.48100315
2966,1.69286412
2967,2.12882297
2968,1.10500718
2969,2.40938316
2970,0.50315670
2971,0.46687147
2972,2.24520732
2973,2.24869321
2974,1.25840740
2975,0.31720609
2976,0.76968427
2977,1.90178912
2978,2.13338572
2979,0.87670310
2980,0.15442027
2981,1.67880156
2982,1.86483210
2983,1.06926388
2984,1.47043156
2985,2.48990995
2986,0.61782977
2987,1.44491164
2988,1.54069463
2989,1.38471617
2990,2.19173313
2991,1.52568294
2992,1.28077669
2993,0.31021748
2994,1.77332317
2995,0.33314609
2996,0.06700680
2997,1.23195845
2998,1.44356900
2999,2.51937048
3000,1.79631548
3001,2.13993827
3002,0.87350877
3003,1.28336063
3004,2.45686868
3005,1.05255444
3006,2.03579019
3007,1.32641811
3008,0.56478032
3009,1.46367585
3010,0.54990243
3011,0.00763744
3012,0.59487532
3013,0.48706492
3014,0.93537526
3015,2.24082494
3016,0.97807330
3017,2.13135752
3018,1.40112224
3019,0.01920651
3020,0.47595126
3021,2.34845619
3022,1.52357958
3023,2.34409056
3024,0.78204983
3025,1.80699657
3026,1.94685994
3027,2.46047633
3028,0.04584070
3029,2.40131001
3030,0.98749745
3031,2.11321296
3032,1.37363489
3033,1.42391011
3034,0.90626595
3035,2.08920635
3036,0.66578081
3037,1.24131471
3038,1.41262516
3039,1.87245801
3040,1.18935137
3041,1.71550873
3042,1.22379537
3043,1.66264711
3044,1.70002663
3045,1.78903964
3046,2.07616184
3047,1.36357220
3048,0.48740367
3049,1.71388962
3050,0.19447678
3051,0.55215434
3052,1.99762878
3053,1.09714303
3054,1.25594789
3055,2.48997406
3056,0.59305075
3057,0.04931130
3058,0.28085820
3059,0.61657712
3060,1.83059423
3061,1.95643471
3062,1.42602690
3063,0.64316783
3064,1.31570767
3065,0.03772336
3066,1.71933686
3067,1.54911007
3068,0.05496958
3069,2.06030466
3070,1.92517634
3071,0.77726790
3072,1.60226632
3073,1.51682007
3074,0.36106924
3075,0.48735611
3076,1.72288041
3077,2.35418964
3078,1.45325013
3079,1.43188793
3080,1.63077483
3081,1.11103323
3082,0.13661257
3083,0.99988840
3084,2.27021673
3085,2.02988015
3086,2.33873615
3087,0.38540744
3088,1.27590399
3089,1.47454338
3090,0.52938415
3091,0.50680118
3092,1.97209706
3093,1.69424789
3094,1.63205044
3095,0.67328022
3096,1.27795082
3097,0.05818082
3098,0.32769581
3099,1.30690416
3100,0.78092073
3101,2.43518355
3102,1.18897156
3103,0.21073218
3104,0.04499809
3105,1.82892445
3106,0.43250154
3107,0.47362030
3108,1.06874074
3109,0.66589938
3110,1.55485847
3111,1.22480006
3112,0.28105487
3113,1.97892575
3114,1.07391444
3115,1.54037665
3116,0.00994570
3117,1.57962952
3118,0.71328125
3119,1.24668442
3120,0.75078158
3121,2.51232643
3122,0.58213114
3123,2.30200944
3124,2.31488811
3125,1.06166327
3126,0.76662452
3127,0.96088119
3128,2.49487172
3129,1.56045461
3130,1.37380465
3131,0.09058010
3132,2.13805379
3133,0.21134068
3134,0.11845677
3135,0.69312799
3136,1.19982488
3137,2.25770065
3138,1.99238674
3139,0.49838333
3140,0.93829633
3141,1.96757640
3142,1.32920044
3143,0.44002949
3144,0.99875703
3145,1.57845885
3146,2.45423770
3147,1.66892985
3148,0.04084430
3149,1.77786000
3150,0.63262289
3151,2.17415490
3152,0.96807918
3153,0.50338370
3154,1.18005077
3155,0.64355007
3156,0.59468738
3157,1.44562809
3158,1.93506094
3159,2.10555180
3160,1.00282882
3161,0.16846663
3162,1.22046893
3163,1.09389333
3164,0.49673613
3165,2.25985912
3166,2.45656421
3167,0.13049768
3168,2.00667897
3169,1.62834100
3170,0.65928147
3171,1.60171019
3172,0.32441032
3173,0.17503011
3174,2.50533696
3175,1.60477094
3176,0.63856872
3177,1.13487805
3178,2.39589068
3179,1.10635984
3180,2.27070172
3181,2.19092526
3182,0.86788092
3183,1.75516606
3184,1.66561740
3185,1.94480903
3186,0.92278664
3187,0.13173160
3188,0.43132263
3189,1.55479948
3190,1.95461440
3191,1.90657111
3192,1.47190420
3193,0.21374312
3194,0.04360175
3195,1.97237149
3196,1.38539512
3197,1.97380976
3198,0.41051621
3199,1.02742423
3200,2.31792091
3201,0.43273166
3202,0.15515970
3203,1.64788666
3204,1.49927719
3205,2.40078874
3206,2.28589247
3207,1.88988154
3208,0.04831392
3209,1.21142081
3210,2.25975077
3211,1.09356452
3212,2.42629680
3213,1.64541685
3214,0.27602783
3215,1.28426188
3216,1.75417787
3217,0.16484844
3218,0.86912469
3219,1.80830457
3220,0.39609911
3221,0.87843088
3222,1.73978670
3223,1.95572577
3224,1.30756216
3225,2.41296129
3226,2.33345886
3227,1.19389485
3228,0.40417640
3229,1.94914567
3230,0.61314178
3231,2.12539026
3232,1.48063641
3233,0.99380886
3234,1.40306484
3235,1.34361558
3236,2.33195082
3237,0.54057452
3238,2.34058935
3239,0.07903845
3240,1.93974386
3241,2.31917886
3242,0.99370593
3243,0.18426143
3244,2.02917590
3245,2.12550007
3246,0.84796179
3247,1.30776766
3248,2.04128418
3249,0.48428884
3250,1.58612485
3251,1.08594775
3252,0.43983735
3253,2.09668994
3254,0.81876859
3255,2.35639484
3256,1.43471412
3257,1.29747058
3258,1.06747664
3259,1.01039665
3260,2.06271203
3261,1.70849309
3262,1.95105858
3263,1.06187385
3264,0.65928391
3265,0.21905664
3266,1.95853774
3267,1.04722820
3268,1.28413962
3269,1.18357126
3270,1.08722678
3271,1.72462910
3272,1.53508046
3273,2.45128252
3274,0.35028530
3275,1.44627747
3276,0.15948011
3277,2.03737383
3278,1.55418832
3279,1.08026916
3280,2.02304331
3281,1.14740776
3282,0.57442411
3283,1.19153376
3284,0.17862433
3285,2.26418697
3286,1.84329970
3287,1.91733181
3288,2.20525917
3289,1.99615370
3290,1.08902916
3291,0.29917568
3292,0.94153742
3293,2.35553391
3294,2.39337475
3295,1.93638384
3296,0.51552731
3297,0.49035840
3298,2.21856949
3299,0.35788085
3300,1.47305384
3301,0.95386097
3302,0.76160092
3303,1.70819345
3304,2.41979915
3305,1.96100338
3306,1.22598550
3307,1.11136915
3308,2.28890790
3309,1.45784672
3310,1.25240446
3311,1.72194669
3312,0.59804718
3313,0.16072920
3314,2.15638292
3315,1.53136739
3316,0.41578324
3317,0.75160701
3318,2.49637072
3319,1.59986304
3320,1.60412104
3321,0.18198297
3322,2.44356075
3323,2.25138096
3324,1.38137547
3325,0.78020617
3326,1.76032613
3327,2.10156748
3328,1.98240718
3329,2.46387507
3330,1.60599535
3331,0.81005492
3332,1.25565396
3333,2.05855339
3334,0.66913226
3335,0.58355830
3336,1.82785701
3337,1.12073977
3338,2.05919197
3339,0.36233846
3340,0.84654727
3341,0.67608554
3342,1.75985436
3343,1.91484391
3344,1.14992973
3345,1.20547555
3346,0.33295576
3347,1.76984036
3348,2.50238288
3349,1.96172991
3350,0.56263802
3351,1.57136500
3352,0.74381198
3353,0.07610190
3354,0.45347273
3355,0.25871964
3356,0.49409739
3357,2.00632099
3358,0.73845408
3359,1.90907096
3360,2.39279996
3361,1.44817837
3362,1.22408498
3363,1.89163866
3364,0.24484135
3365,1.07984871
3366,1.25791593
3367,2.09570924
3368,2.05325895
3369,2.13911880
3370,1.75986642
3371,1.33793417
3372,2.08771027
3373,2.20220560
3374,1.21166700
3375,2.48559879
3376,2.20607828
3377,1.28728191
3378,0.17473024
3379,0.56611735
3380,1.95788862
3381,0.28030757
3382,1.18472327
3383,1.52529121
3384,2.21497680
3385,2.13621501
3386,1.92732333
3387,1.02810780
3388,0.35872143
3389,1.68869346
3390,0.45716903
3391,1.41549992
3392,2.47303107
3393,1.38774878
3394,1.62793830
3395,1.70868127
3396,2.09403744
3397,1.09691742
3398,1.25460060
3399,0.44376186
3400,1.55007422
3401,0.74583240
3402,1.28010773
3403,1.93307109
3404,0.04431106
3405,1.42205910
3406,0.43738940
3407,0.70453955
3408,0.08754240
3409,0.42734714
3410,2.48803855
3411,2.51803067
3412,1.81528189
3413,1.54295523
3414,1.95942279
3415,2.26089145
3416,1.30956258
3417,0.08898161
3418,1.78892429
3419,2.48292723
3420,0.65074962
3421,1.16874923
3422,0.91104848
3423,0.98466622
3424,1.81919584
3425,0.95424606
3426,2.37318469
3427,1.99132673
3428,0.06972305
3429,2.06418122
3430,1.94895870
3431,1.30247310
3432,1.25285427
3433,2.10699558
3434,1.07120718
3435,0.40212857
3436,0.78905731
3437,0.66877875
3438,1.71746594
3439,0.45107831
3440,1.62596016
3441,1.17505710
3442,2.11742056
3443,1.22305056
3444,2.34473885
3445,2.27076375
3446,0.46725340
3447,1.73034534
3448,0.54123446
3449,2.07617322
3450,1.60314012
3451,0.74169594
3452,0.62823207
3453,1.08329234
3454,2.01922870
3455,2.00772607
3456,0.08417068
3457,0.76229744
3458,1.06632929
3459,1.47669660
3460,0.37707412
3461,0.84550467
3462,2.23325998
3463,1.20173866
3464,1.87654862
3465,1.22249518
3466,1.17257476
3467,1.56834592
3468,0.65405704
3469,0.62994301
3470,2.49490896
3471,2.19138627
3472,1.86043884
3473,0.34584861
3474,0.07622334
3475,0.44235091
3476,2.36472885
3477,2.05848430
3478,1.31907199
3479,2.44302830
3480,0.36964780
3481,1.41004274
3482,0.46204484
3483,0.77274100
3484,2.37079128
3485,2.18958701
3486,0.25671539
3487,0.62929166
3488,1.49920439
3489,0.15472062
3490,1.38718106
3491,1.47394644
3492,0.73375113
3493,0.73918752
3494,0.57768517
3495,2.35954767
3496,0.98064061
3497,1.47590742
3498,0.76050034
3499,1.77194832
3500,0.25581383
3501,0.18066631
3502,1.87690302
3503,1.83248034
3504,0.66827171
3505,0.89534380
3506,2.41397749
3507,0.26309923
3508,0.46185556
3509,1.08445413
3510,0.71138754
3511,1.63664258
3512,1.74153024
3513,1.32742421
3514,1.54129200
3515,1.09298387
3516,1.91751203
3517,0.10616608
3518,0.78903840
3519,1.72596679
3520,0.83128726
3521,0.19805060
3522,0.87004235
3523,1.79421733
3524,0.30761967
3525,1.82734455
3526,1.95551095
3527,1.60207490
3528,0.61590177
3529,2.03075912
3530,0.54077488
3531,2.28425972
3532,1.78198917
3533,0.13799419
3534,2.01560783
3535,1.27710380
3536,1.14147228
3537,1.06042897
3538,1.52977457
3539,1.82721124
3540,2.25943474
3541,0.68830319
3542,1.59066531
3543,1.73078982
3544,1.70167501
3545,1.24322938
3546,0.98606593
3547,1.92253426
3548,0.75655438
3549,0.52466255
3550,1.37644986
3551,0.67485228
3552,0.08380991
3553,0.13006534
3554,1.75264815
3555,2.45403639
3556,1.14661536
3557,0.37085578
3558,2.06300691
3559,0.65928056
3560,2.51072692
3561,1.42041653
3562,0.58664566
3563,1.25080503
3564,0.84575244
3565,1.96563898
3566,0.26684552
3567,2.16115225
3568,1.93503730
3569,2.17214982
3570,2.25695619
3571,0.57944675
3572,1.31385144
3573,2.14329699
3574,0.95168291
3575,0.15233703
3576,0.73543358
3577,0.61006710
3578,2.19408608
3579,1.16970948
3580,1.72373302
3581,2.42622980
3582,0.75448162
3583,1.91956046
3584,0.05740958
3585,0.26255927
3586,0.40818770
3587,0.78784562
3588,1.01623785
3589,1.20291979
3590,0.61866888
3591,0.16698272
3592,1.70854918
3593,0.05967218
3594,2.04128813
3595,2.34310195
3596,1.79137819
3597,1.50286861
3598,1.65684177
3599,1.64474623
3600,2.34953320
3601,2.43174417
3602,1.07606496
3603,1.55612463
3604,2.02448424
3605,0.00262209
3606,1.32900745
3607,1.64639619
3608,1.80861824
3609,0.92999947
3610,0.74554596
3611,0.45932246
3612,1.40667647
3613,2.31825919
3614,2.25943862
3615,0.90774884
3616,0.65025078
3617,1.98914635
3618,1.82822377
3619,1.27434574
3620,0.98104187
3621,0.31219170
3622,1.97992875
3623,1.55709618
3624,0.95040617
3625,2.31695933
3626,1.66353494
3627,2.34331389
3628,1.19635459
3629,1.14643743
3630,2.36348897
3631,2.42035986
3632,2.42282082
3633,2.06506008
3634,1.16607764
3635,0.53032674
3636,0.96694684
3637,2.36615749
3638,0.91679781
3639,1.90825764
3640,2.32759198
3641,2.44709228
3642,2.38980309
3643,1.39972160
3644,1.24040357
3645,2.49058833
3646,0.55019792
3647,0.47290889
3648,2.42891079
3649,1.73798239
3650,1.35242971
3651,0.33300092
3652,1.29426863
3653,2.38109549
3654,1.52034639
3655,1.02037707
3656,1.38974909
3657,2.23464207
3658,2.30198186
3659,1.00892716
3660,1.53338303
3661,0.70408381
3662,1.13752927
3663,0.55449355
3664,1.34024524
3665,1.45818221
3666,0.85194451
3667,0.68621893
3668,0.38085321
3669,0.35189861
3670,1.79413245
3671,0.55892015
3672,0.29751288
3673,2.51891058
3674,0.65544902
3675,2.25961555
3676,1.53621988
3677,1.80323359
3678,1.41450238
3679,0.45596507
3680,2.13605793
3681,2.08794592
3682,0.88182406
3683,1.92624597
3684,1.36941686
3685,2.29240041
3686,2.02452791
3687,0.10338528
3688,2.21731987
3689,2.44248821
3690,1.87153784
3691,0.30239628
3692,2.03600571
3693,1.63281077
3694,0.85443999
3695,2.22930974
3696,1.42622292
3697,2.15087665
3698,1.68986466
3699,0.72757012
3700,2.45875925
3701,1.43993838
3702,1.30313257
3703,1.01755524
3704,0.34383036
3705,1.73046267
3706,1.08637276
3707,2.35686488
3708,2.43373962
3709,1.93580381
3710,0.61151572
3711,1.80552715
3712,0.05150271
3713,2.08398106
3714,1.24478762
3715,2.36222900
3716,0.95262118
3717,0.66366263
3718,2.50928921
3719,1.33824199
3720,2.17673623
3721,2.29746414
3722,1.30745352
3723,1.14920152
3724,1.39424526
3725,2.13779272
3726,2.43263778
3727,0.82795098
3728,1.86264660
3729,0.71964772
3730,1.54067604
3731,2.02948370
3732,2.23550259
3733,1.13155496
3734,0.93243617
3735,0.63914617
3736,0.33644911
3737,0.92023565
3738,2.19891570
3739,1.05613776
3740,0.80013873
3741,1.86391217
3742,0.54365464
3743,0.64629582
3744,2.36013342
3745,0.20575307
3746,1.04560104
3747,1.45442747
3748,0.58066449
3749,0.70864785
3750,0.55944306
3751,0.87047645
3752,2.26581261
3753,1.08836028
3754,1.05366519
3755,0.97486514
3756,2.43126467
3757,0.29580418
3758,2.19865751
3759,0.82502312
3760,2.41208893
3761,0.79492899
3762,0.20899269
3763,1.31142067
3764,0.57462455
3765,1.89885753
3766,1.65756573
3767,1.73110894
3768,0.48793658
3769,1.78699375
3770,0.78510369
3771,2.51841213
3772,1.84534053
3773,1.48887539
3774,2.18665992
3775,1.48610195
3776,1.39390208
3777,0.59845516
3778,1.71003425
3779,0.94476437
3780,0.10864781
3781,2.05790941
3782,0.13081537
3783,1.69537815
3784,0.39521531
3785,1.09083707
3786,2.16642004
3787,0.23810679
3788,1.68239253
3789,1.54487652
3790,2.18769880
3791,0.43559859
3792,2.01686968
3793,1.13509805
3794,1.08093767
3795,0.91233445
3796,0.97232641
3797,1.31121323
3798,0.26932676
3799,1.07191473
3800,1.64413891
3801,1.25632157
3802,0.41818488
3803,0.91553039
3804,1.11704351
3805,1.68674037
3806,2.27151320
3807,1.38791455
3808,1.70563665
3809,0.19465720
3810,2.40693305
3811,0.79488220
3812,0.89343997
3813,0.56195830
3814,0.21352102
3815,1.99230602
3816,0.60646041
3817,0.71287242
3818,0.45844920
3819,2.45842281
3820,1.96958001
3821,2.34498022
3822,2.17305655
3823,2.28545969
3824,1.20800909
3825,0.43006729
3826,0.82431518
3827,0.73749425
3828,1.80843765
3829,0.06474426
3830,0.35819933
3831,1.72207089
3832,0.31129510
3833,0.12178418
3834,0.27541766
3835,1.74171289
3836,0.35134784
3837,0.36894740
3838,0.58076405
3839,1.89361452
3840,0.50524443
3841,0.08921209
3842,2.28436665
3843,2.20986167
3844,0.46607176
3845,0.66913227
3846,0.47549951
3847,1.81449162
3848,0.63046447
3849,2.34888920
3850,2.08710935
3851,1.48380571
3852,0.02254410
3853,2.22839902
3854,1.83523835
3855,1.98691100
3856,0.18112946
3857,1.78681699
3858,2.02897906
3859,2.41240103
3860,1.46380657
3861,1.28115956
3862,1.07274923
3863,1.76847758
3864,2.32208688
3865,1.51243748
3866,0.57315705
3867,0.04432126
3868,1.56125373
3869,2.18030538
3870,0.16637739
3871,1.00258002
3872,2.37056913
3873,1.26510898
3874,0.55644940
3875,0.89183781
3876,1.02923080
3877,0.29577916
3878,1.66635814
3879,1.49329557
3880,1.63340044
3881,1.54026885
3882,0.04204694
3883,0.43995612
3884,0.41753561
3885,0.24701345
3886,1.85469146
3887,0.30296035
3888,1.68502371
3889,0.44986020
3890,0.29835302
3891,0.40986456
3892,1.28207144
3893,1.62775079
3894,2.04747708
3895,0.32420609
3896,1.55387415
3897,1.95143551
3898,0.78781242
3899,0.20102702
3900,0.39326113
3901,0.23089230
3902,2.23733239
3903,0.94995222
3904,1.31975940
3905,1.93844483
3906,0.93683093
3907,1.63687989
3908,0.19337168
3909,1.21272879
3910,0.24340099
3911,0.62611509
3912,0.73973687
3913,1.80957235
3914,1.69992755
3915,1.88395466
3916,0.15573502
3917,2.50640905
3918,0.13723792
3919,2.08233508
3920,1.86677862
3921,1.49228047
3922,1.10669296
3923,1.90930398
3924,1.86574185
3925,0.34593383
3926,1.99882647
3927,0.19810537
3928,1.26225724
3929,1.62674036
3930,2.07209946
3931,1.16785314
3932,0.59730140
3933,1.23732588
3934,0.63096687
3935,1.33331829
3936,1.16633495
3937,1.96824269
3938,0.60545179
3939,0.50431711
3940,1.19578184
3941,0.12736359
3942,0.57834426
3943,0.89196012
3944,1.22968522
3945,0.67945663
3946,1.41379020
3947,2.21514787
3948,1.37114981
3949,0.72334219
3950,0.15630475
3951,0.34464262
3952,1.41525502
3953,1.72414810
3954,0.12525435
3955,0.46791473
3956,0.80464788
3957,0.80639253
3958,2.41686871
3959,0.51386299
3960,0.15766492
3961,0.89021989
3962,0.33903340
3963,0.31921242
3964,1.02749355
3965,0.77264652
3966,0.23131628
3967,1.52390737
3968,1.26516640
3969,0.19443035
3970,2.17563153
3971,0.71797978
3972,2.42436782
3973,2.34911332
3974,1.09468806
3975,0.57639321
3976,2.10529543
3977,0.91107733
3978,0.41243838
3979,1.39102186
3980,1.23415560
3981,2.14353822
3982,1.83907074
3983,2.20941043
3984,1.85274250
3985,1.61940997
3986,1.26132674
3987,2.49036838
3988,2.41877972
3989,2.14060064
3990,1.95516673
3991,1.45646594
3992,0.65503762
3993,2.20764404
3994,0.02727973
3995,0.57355126
3996,1.01811713
3997,1.47814697
3998,1.41440254
3999,0.44336799
4000,0.26427917
4001,0.56066249
4002,0.87936113
4003,0.03544403
4004,1.74620582
4005,0.62471122
4006,0.88615888
4007,0.84454305
4008,1.29071183
4009,2.16820560
4010,0.37672850
4011,0.85923332
4012,1.74512900
4013,0.11154477
4014,2.09300422
4015,2.42548838
4016,1.53231432
4017,2.41208081
4018,1.04164352
4019,1.04661113
4020,0.26793750
4021,0.08939249
4022,0.61658332
4023,1.20572591
4024,1.28025309
4025,0.54867523
4026,1.54534792
4027,0.45696036
4028,0.82262764
4029,0.49353494
4030,1.75681679
4031,1.30267176
4032,1.85626838
4033,0.14436979
4034,1.07266170
4035,2.43843364
4036,0.13521923
4037,1.05505133
4038,0.10187840
4039,0.36982739
4040,1.16638102
4041,0.39721381
4042,1.30817654
4043,2.32690438
4044,0.50538224
4045,0.27030189
4046,2.08114676
4047,1.16069043
4048,2.22573023
4049,0.77197108
4050,1.58248407
4051,2.32837172
4052,0.43297831
4053,2.01924279
4054,1.59253261
4055,2.05005402
4056,0.43045037
4057,1.09466245
4058,0.32489963
4059,2.42109288
4060,0.15809708
4061,0.16513700
4062,2.26493110
4063,0.75845160
4064,1.50554045
4065,0.72494605
4066,1.63601171
4067,0.48536409
4068,1.15715899
4069,1.34533896
4070,0.84136867
4071,0.63473058
4072,0.35357053
4073,1.78072486
4074,0.42437136
4075,0.73667437
4076,0.84960440
4077,1.14580440
4078,1.77170799
4079,1.07917552
4080,2.19668601
4081,1.71425478
4082,2.11445949
4083,1.80647100
4084,0.37481663
4085,2.46609403
4086,1.98357944
4087,1.44426626
4088,0.41667554
4089,0.43546185
4090,1.54919485
4091,1.04954998
4092,1.70435402
4093,0.93917440
4094,1.29327234
4095,0.47398764
4096,0.39138288
4097,0.19076144
4098,2.06693100
4099,1.40055039
4100,2.38845872
4101,1.89002248
4102,1.93863399
4103,1.28372313
4104,2.05637654
4105,2.37565429
4106,1.82005389
4107,0.26627322
4108,1.64171461
4109,0.30370679
4110,0.19473990
4111,1.74732695
4112,2.10512577
4113,0.40056293
4114,0.18698850
4115,2.23559481
4116,0.33340325
4117,0.08848254
4118,1.81832426
4119,2.13773233
4120,1.29737818
4121,1.36156156
4122,0.84948272
4123,0.60134912
4124,1.90451194
4125,2.14168859
4126,0.81010366
4127,0.69050814
4128,0.67530837
4129,0.12759321
4130,0.70880556
4131,0.06468937
4132,1.98817244
4133,0.64538806
4134,1.74040420
4135,1.36979040
4136,2.11187952
4137,2.42184088
4138,0.92622240
4139,0.22277774
4140,1.89042466
4141,0.05372330
4142,0.56226231
4143,0.13428909
4144,2.26491137
4145,0.01336205
4146,1.24257755
4147,1.06922467
4148,1.64606414
4149,0.73066679
4150,2.20324705
4151,1.85184180
4152,1.09014336
4153,0.90285745
4154,2.05747176
4155,1.90912227
4156,1.00618323
4157,0.86085922
4158,0.09806998
4159,0.20604951
4160,0.13597308
4161,0.06157392
4162,0.38551032
4163,2.16150302
4164,2.01276378
4165,2.13233148
4166,1.57307379
4167,1.57373636
4168,0.31252922
4169,1.76262124
4170,0.70616122
4171,1.30943213
4172,2.40757754
4173,2.19548004
4174,0.58806026
4175,1.85765412
4176,0.26249515
4177,0.06744203
4178,0.07105265
4179,0.42932349
4180,1.75249149
4181,0.91617140
4182,0.04020699
4183,2.49155195
4184,1.34505206
4185,0.99327225
4186,1.30841477
4187,1.31124169
4188,1.18582404
4189,1.54570911
4190,2.23333462
4191,0.76085116
4192,1.22801811
4193,0.00919337
4194,2.16824231
4195,0.77141780
4196,0.68414756
4197,2.51554525
4198,1.47369805
4199,0.31028864
4200,0.66959219
4201,0.89075390
4202,2.48660280
4203,1.08592510
4204,0.58034491
4205,1.43672420
4206,1.02070751
4207,0.13860058
4208,2.17102968
4209,0.03956417
4210,2.26575683
4211,1.99687521
4212,0.19121144
4213,1.82477164
4214,1.94412768
4215,1.51887305
4216,1.45674649
4217,0.12530247
4218,0.15003920
4219,1.83404557
4220,0.26621330
4221,0.60987491
4222,1.25794619
4223,0.41398416
4224,1.99178344
4225,2.03601109
4226,2.12368026
4227,0.12500262
4228,1.07899403
4229,2.13572027
4230,0.91595326
4231,1.75469040
4232,1.48593603
4233,0.87557807
4234,0.69702849
4235,1.64606017
4236,0.33697103
4237,2.16901961
4238,1.45365139
4239,0.28118828
4240,1.77412621
4241,1.08716296
4242,0.51464679
4243,2.42358232
4244,1.81477720
4245,1.49538684
4246,2.14063644
4247,1.37150873
4248,1.11328342
4249,0.47774208
4250,0.38681670
4251,1.08932351
4252,1.14985883
4253,1.84923623
4254,1.11483278
4255,1.49580439
4256,2.09940919
4257,2.50494766
4258,0.81333291
4259,2.27450939
4260,2.03266434
4261,0.17150011
4262,0.84267000
4263,0.55237609
4264,1.67541634
4265,1.40033070
4266,1.24789564
4267,1.92552240
4268,0.84052592
4269,0.96521040
4270,2.18291807
4271,2.45167266
4272,1.95778463
4273,0.54740324
4274,0.28408357
4275,0.52756757
4276,1.06610334
4277,0.59689527
4278,2.27220624
4279,1.69140079
4280,1.05089183
4281,0.69048934
4282,0.95993669
4283,1.20048556
4284,1.80008691
4285,0.22530135
4286,2.14055010
4287,0.32167886
4288,0.66183808
4289,2.50559121
4290,0.47966308
4291,0.25505961
4292,1.60990383
4293,0.99137808
4294,0.23159029
4295,0.00944160
4296,0.19962997
4297,1.31821350
4298,0.58225882
4299,1.96079760
4300,2.16242804
4301,0.36523704
4302,0.84988458
4303,0.36962768
4304,0.72297196
4305,0.60321829
4306,1.98428208
4307,0.87121811
4308,1.24969553
4309,1.69940030
4310,2.07353129
4311,0.75957868
4312,0.52760671
4313,2.46742066
4314,0.80733676
4315,1.69227129
4316,1.70935097
4317,1.29625879
4318,0.57609187
4319,0.35672462
4320,1.22813795
4321,1.28844159
4322,1.95024311
4323,1.79002787
4324,2.29994584
4325,2.44827347
4326,1.83546450
4327,0.19294650
4328,1.02161194
4329,1.53525258
4330,1.48832959
4331,0.45756031
4332,1.47004603
4333,0.88181156
4334,0.85469349
4335,2.10316277
4336,1.06401481
4337,1.32996581
4338,1.41942976
4339,1.41974225
4340,0.53744368
4341,1.51167671
4342,0.84384180
4343,1.65180271
4344,0.36741730
4345,2.50691689
4346,1.94690566
4347,1.05220866
4348,0.75993869
4349,0.97794459
4350,1.81871237
4351,1.65277990
4352,1.77050716
4353,2.24183942
4354,1.15066742
4355,1.68837027
4356,1.11337759
4357,1.60912908
4358,1.19739147
4359,1.95855700
4360,0.01326885
4361,0.54397361
4362,0.74754623
4363,2.38405440
4364,1.27864881
4365,0.91880912
4366,1.01957892
4367,1.13938777
4368,2.18845695
4369,2.42677630
4370,2.12877780
4371,2.12245356
4372,0.50187083
4373,0.67754353
4374,1.50309220
4375,1.65461981
4376,0.51117676
4377,1.88194176
4378,0.50426257
4379,0.66325169
4380,0.77366631
4381,2.13338448
4382,1.84613799
4383,1.33826106
4384,2.06720837
4385,2.05000737
4386,0.98306642
4387,1.97059499
4388,0.52009720
4389,1.26902237
4390,0.29818041
4391,1.07627387
4392,1.31223743
4393,0.20153838
4394,1.16659867
4395,1.64335547
4396,1.54858222
4397,0.13707113
4398,0.24042714
4399,0.88603736
4400,2.12504834
4401,2.19331299
4402,0.78077093
4403,1.81287151
4404,1.45603987
4405,2.47995095
4406,0.23867257
4407,1.38162336
4408,1.49423699
4409,0.77586789
4410,0.11840856
4411,0.13139883
4412,1.14391626
4413,1.74625113
4414,1.76567365
4415,0.45636516
4416,2.16359689
4417,0.95111414
4418,2.43190059
4419,0.29797339
4420,2.10933524
4421,2.29060747
4422,2.07458759
4423,2.03970071
4424,0.91113829
4425,1.79887837
4426,1.46097235
4427,1.07043512
4428,2.50438531
4429,0.73245882
4430,1.04185079
4431,2.27679555
4432,0.72881126
4433,0.38502806
4434,0.78174654
4435,1.91479969
4436,2.16834250
4437,0.28860597
4438,1.56780918
4439,1.43056088
4440,1.68654613
4441,1.69224172
4442,2.41954292
4443,0.87386477
4444,0.75594189
4445,1.46571002
4446,1.08289088
4447,1.19469480
4448,0.17470350
4449,0.37383409
4450,2.35878753
4451,0.17221821
4452,1.48820482
4453,1.90285504
4454,0.02992099
4455,0.56171966
4456,0.95088618
4457,1.27807192
4458,0.86142266
4459,1.63661915
4460,0.57092246
4461,0.06426576
4462,0.00396592
4463,0.87129965
4464,0.91202793
4465,2.39214824
4466,0.11292996
4467,1.33669663
4468,1.45710587
4469,1.76340213
4470,1.61073423
4471,0.02052990
4472,1.59339233
4473,0.81298648
4474,1.94898780
4475,0.47501487
4476,1.80609700
4477,1.57734809
4478,1.64491982
4479,0.44370051
4480,1.68749485
4481,1.85848073
4482,1.23417532
4483,0.85832189
4484,0.42001411
4485,0.73121259
4486,1.92618965
4487,1.03241113
4488,1.77207249
4489,1.86633074
4490,1.70009408
4491,1.69850084
4492,1.54031080
4493,1.30733567
4494,0.49884870
4495,2.12534506
4496,2.43163901
4497,1.17636114
4498,2.35340061
4499,2.51669862
4500,1.22606953
4501,1.82664857
4502,1.62348355
4503,0.59832709
4504,0.11875201
4505,1.14325368
4506,1.98513972
4507,0.81991303
4508,1.97816386
4509,1.65125143
4510,1.75398676
4511,0.72057171
4512,1.18534694
4513,0.45821600
4514,0.62181901
4515,0.22658363
4516,0.31969518
4517,0.53086686
4518,1.46321077
4519,1.11262905
4520,0.67315931
4521,2.17151597
4522,1.32429624
4523,2.32785708
4524,1.60122814
4525,0.03981652
4526,2.30356307
4527,2.16231381
4528,1.60200046
4529,1.34857029
4530,1.14217125
4531,1.21592940
4532,1.93978764
4533,1.29401987
4534,0.44389472
4535,0.14671350
4536,0.31821459
4537,0.63407618
4538,0.92733830
4539,2.25045579
4540,0.60292277
4541,0.80595235
4542,0.56239143
4543,1.37622952
4544,1.55614359
4545,1.34189767
4546,2.40035032
4547,2.51010041
4548,2.11170895
4549,2.03076111
4550,0.92309836
4551,1.46207421
4552,0.88633032
4553,1.97795487
4554,0.43331960
4555,0.54639640
4556,0.09758096
4557,1.53559882
4558,1.73632670
4559,0.00848297
4560,1.28807903
4561,0.95038816
4562,1.99819177
4563,0.09807693
4564,0.12247473
4565,1.56401752
4566,1.49197045
4567,2.09580686
4568,1.49355420
4569,2.39408170
4570,0.79280415
4571,1.00346313
4572,2.46545695
4573,0.27115357
4574,2.00707860
4575,0.02917755
4576,1.22686977
4577,0.38684674
4578,1.51018469
4579,2.01279066
4580,0.08332860
4581,0.41299828
4582,0.86398246
4583,0.64506562
4584,0.96638956
4585,2.40037970
4586,0.25522085
4587,1.06741653
4588,1.15267510
4589,0.70695719
4590,0.70232853
4591,1.80243166
4592,1.55805293
4593,2.04976471
4594,1.02149824
4595,1.52997873
4596,2.25341160
4597,2.14684321
4598,2.32007475
4599,0.67829236
4600,2.48499175
4601,2.05873684
4602,2.00431212
4603,1.68347164
4604,2.47956188
4605,1.11351698
4606,1.86998218
4607,1.76223273
4608,1.84615062
4609,1.89501185
4610,0.48104313
4611,0.88022528
4612,0.98917133
4613,1.88627398
4614,1.80620373
4615,2.10154683
4616,1.98845371
4617,1.50305362
4618,0.35291946
4619,1.60246455
4620,2.23694745
4621,1.62193022
4622,2.25855166
4623,2.51936785
4624,0.90582299
4625,1.82396119
4626,1.36164576
4627,1.14733007
4628,0.60488935
4629,0.62013969
4630,0.46645831
4631,1.59244878
4632,0.35822677
4633,1.08785372
4634,1.31972065
4635,1.10512269
4636,2.15592414
4637,1.11756724
4638,0.20888610
4639,2.50208508
4640,2.13084299
4641,1.66446995
4642,1.90726456
4643,0.32326925
4644,1.93145111
4645,0.52389538
4646,1.23308054
4647,0.44883254
4648,1.90086269
4649,0.62018832
4650,0.63853290
4651,0.27543577
4652,1.81719473
4653,0.74605084
4654,1.30697767
4655,0.83783990
4656,1.95360840
4657,0.57113968
4658,2.37255519
4659,0.81034377
4660,0.26189213
4661,0.60599427
4662,0.18646479
4663,1.18204685
4664,0.63107558
4665,2.23439231
4666,1.30407414
4667,0.58850142
4668,1.13799588
4669,0.49425302
4670,0.45071524
4671,0.75818511
4672,0.27311353
4673,0.47572638
4674,2.36552549
4675,1.68151485
4676,2.32279640
4677,0.64770835
4678,2.16117902
4679,0.91356622
4680,0.36362807
4681,2.02927568
4682,0.15042695
4683,1.02094249
4684,2.06611234
4685,1.55639130
4686,1.30643721
4687,0.89178109
4688,0.18927629
4689,2.49898949
4690,0.44074008
4691,0.64382872
4692,0.59492511
4693,2.28960698
4694,1.92583668
4695,1.15327636
4696,2.40934386
4697,0.13311070
4698,2.25361899
4699,0.15238686
4700,0.98633865
4701,0.13619102
4702,2.51915595
4703,2.30586747
4704,1.47472193
4705,0.54935406
4706,0.69796884
4707,1.13364090
4708,0.81397562
4709,0.05375250
4710,1.65491888
4711,1.54691703
4712,2.28045124
4713,1.20251164
4714,0.86927456
4715,1.28992349
4716,0.49097656
4717,1.57746162
4718,1.94183591
4719,0.38699647
4720,0.80288757
4721,2.18838278
4722,1.27482971
4723,1.34116413
4724,1.82173828
4725,1.45730635
4726,0.17546702
4727,2.02739600
4728,2.32716754
4729,0.13435608
4730,0.30576591
4731,1.77021134
4732,1.52433733
4733,0.96461704
4734,1.35985536
4735,1.77364941
4736,1.27216854
4737,0.35352428
4738,0.22553959
4739,1.10669692
4740,2.32729040
4741,1.40658475
4742,0.90334622
4743,2.29153552
4744,0.98003795
4745,1.28394516
4746,0.29378651
4747,1.85954627
4748,1.76599435
4749,2.00289032
4750,0.82005589
4751,1.09962210
4752,0.42452013
4753,2.43224601
4754,0.21706982
4755,1.63665457
4756,1.77848821
4757,0.39777635
4758,0.92125856
4759,0.10875862
4760,1.40363198
4761,2.50899115
4762,1.08406727
4763,2.49655911
4764,0.31831331
4765,0.98967656
4766,2.27453589
4767,2.21081251
4768,0.81602176
4769,1.71129157
4770,2.23468011
4771,1.93387873
4772,1.58486509
4773,0.38476195
4774,0.18409879
4775,1.54992870
4776,1.26157517
4777,0.60027349
4778,0.73829687
4779,0.98875066
4780,1.24958471
4781,0.98414037
4782,0.97665758
4783,0.29185354
4784,2.18280830
4785,1.53613951
4786,0.36843756
4787,1.06891015
4788,1.05085821
4789,1.51462089
4790,1.53542216
4791,1.62709419
4792,1.75994240
4793,0.26063737
4794,0.76894222
4795,0.04375101
4796,1.14649716
4797,1.08292018
4798,1.85179436
4799,0.42143158
4800,1.59247639
4801,0.77341076
4802,0.96310267
4803,1.81386704
4804,0.18043054
4805,0.86441748
4806,0.98682417
4807,1.80494622
4808,0.50239864
4809,2.38914452
4810,2.51611210
4811,2.06509222
4812,0.75580465
4813,1.67411104
4814,0.20968282
4815,2.19715428
4816,1.30121006
4817,0.44493990
4818,0.82566741
4819,2.01927856
4820,2.19450002
4821,1.31059228
4822,1.21123050
4823,1.89317080
4824,2.08344927
4825,1.92875793
4826,0.96943624
4827,1.61878155
4828,2.16205299
4829,0.38270677
4830,0.97878850
4831,0.14278289
4832,1.03109114
4833,1.94750784
4834,0.49686095
4835,1.36650901
4836,0.09226426
4837,2.26365458
4838,2.06785242
4839,1.32243393
4840,1.77982373
4841,0.26205489
4842,2.13141267
4843,1.80371616
4844,0.30253212
4845,2.47305907
4846,0.05682031
4847,1.58495251
4848,0.43312759
4849,1.81379338
4850,0.17755122
4851,0.20452042
4852,1.17587615
4853,2.50664926
4854,0.69730944
4855,1.54464810
4856,1.30778226
4857,2.12362074
4858,0.72775548
4859,1.39943610
4860,2.39724066
4861,0.83870297
4862,1.10807593
4863,2.24137068
4864,0.83848370
4865,0.95996886
4866,0.76691627
4867,2.04144131
4868,2.34620912
4869,1.59147885
4870,1.57264451
4871,0.98349644
4872,0.03148504
4873,0.43863157
4874,0.37180705
4875,0.29222977
4876,1.64934910
4877,0.34384233
4878,0.21595169
4879,0.96477971
4880,0.62797746
4881,0.36782821
4882,0.36850235
4883,0.64609132
4884,1.35380597
4885,1.91173305
4886,2.15049514
4887,1.89489342
4888,1.58420203
4889,2.28880801
4890,1.31065133
4891,1.59717286
4892,1.03800898
4893,0.82558581
4894,0.83649889
4895,0.37402349
4896,2.00882566
4897,0.13962869
4898,1.70139283
4899,2.17995815
4900,1.25439494
4901,0.17703307
4902,1.08036662
4903,0.86553642
4904,2.48528965
4905,1.74320337
4906,1.81909449
4907,1.30079157
4908,1.78897078
4909,1.82214877
4910,0.16734475
4911,0.56136252
4912,0.03270508
4913,1.28561185
4914,2.20855396
4915,1.53714935
4916,1.26140334
4917,2.33506014
4918,0.43429646
4919,0.18813767
4920,2.31322149
4921,2.27659562
4922,1.72229120
4923,0.62030251
4924,2.44550827
4925,1.93001764
4926,1.69939899
4927,0.56213115
4928,1.29388765
4929,2.07433722
4930,2.16936687
4931,1.41579151
4932,1.31836043
4933,1.75938956
4934,1.33211658
4935,1.05329202
4936,0.21540966
4937,0.31787011
4938,1.91723013
4939,0.06220077
4940,0.13190441
4941,2.28129067
4942,1.77531009
4943,0.01062756
4944,0.78690005
4945,1.92490381
4946,1.05308968
4947,1.18219586
4948,1.15698147
4949,0.50973691
4950,1.81917426
4951,0.25976052
4952,1.27916550
4953,0.42859053
4954,0.11734832
4955,0.36122964
4956,2.19225104
4957,0.44420481
4958,0.70198217
4959,0.34824490
4960,1.85486629
4961,1.12331635
4962,2.37961746
4963,1.67526582
4964,1.34003583
4965,1.65586434
4966,0.10194690
4967,2.39733332
4968,2.41188219
4969,0.69636032
4970,1.58440937
4971,0.50918425
4972,1.38059209
4973,1.94374326
4974,2.37000123
4975,0.85542500
4976,1.74885225
4977,1.80665547
4978,0.55768650
4979,1.58626702
4980,1.65281392
4981,1.92681440
4982,2.52162290
4983,0.10146017
4984,0.51016722
4985,0.36585591
4986,0.38944847
4987,1.14550649
4988,2.21545524
4989,1.13157282
4990,1.68574575
4991,0.94944150
4992,0.80611565
4993,2.10373818
4994,1.65313222
4995,0.88487494
4996,2.30528939
4997,1.25712655
4998,0.47478630
4999,1.21856971
5000,1.70142863
5001,0.92577095
5002,2.12781978
5003,1.34446090
5004,1.17959079
5005,2.16546118
5006,1.16736792
5007,1.04504363
5008,0.26155112
5009,0.91411866
5010,1.00126138
5011,0.45548877
5012,1.48234832
5013,0.36273812
5014,0.56409424
5015,1.41493883
5016,0.67831390
5017,1.61308882
5018,1.74130684
5019,0.75978375
5020,0.22037416
5021,1.23428015
5022,0.23427088
5023,1.29930062
5024,1.83134526
5025,1.56432188
5026,1.13042384
5027,2.38522460
5028,0.25658539
5029,2.21914949
5030,2.01773053
5031,1.05848063
5032,0.38549718
5033,0.39306146
5034,2.32456944
5035,0.58934927
5036,2.20430696
5037,1.26918974
5038,1.16438426
5039,1.56225776
5040,0.54227931
5041,1.08024863
5042,2.36662892
5043,0.60082895
5044,2.32400910
5045,2.50715419
5046,0.13090116
5047,1.34001037
5048,0.43328974
5049,1.56781315
5050,2.49538504
5051,2.26171511
5052,2.33224237
5053,0.53801939
5054,1.36759953
5055,0.59218965
5056,2.26812998
5057,0.48204704
5058,0.38825028
5059,0.03067526
5060,0.45883146
5061,0.47853892
5062,0.19541514
5063,2.18823179
5064,1.96696498
5065,0.64174329
5066,1.97518563
5067,1.06459832
5068,1.95567384
5069,0.81454924
5070,1.42392192
5071,0.96233118
5072,0.47327595
5073,1.47682489
5074,1.89341303
5075,1.89915335
5076,0.89847759
5077,1.30806644
5078,1.92606416
5079,0.13743353
5080,0.18128865
5081,0.94874448
5082,0.56354403
5083,0.94476839
5084,0.23642612
5085,1.49290142
5086,1.69396694
5087,1.99682933
5088,1.64046150
5089,0.99957961
5090,2.35766103
5091,1.83163317
5092,1.33068524
5093,0.52162951
5094,1.63655795
5095,1.49217641
5096,1.72319276
5097,1.96980689
5098,2.30753212
5099,2.39328927
5100,1.58917553
5101,2.43590547
5102,2.29838518
5103,0.00659688
5104,1.60791710
5105,0.45005967
5106,0.74440672
5107,0.75022578
5108,1.21833715
5109,0.02740592
5110,0.59462413
5111,0.07343995
5112,1.64055134
5113,2.24256665
5114,2.51617945
5115,1.13115326
5116,0.65601543
5117,2.15131963
5118,0.28536181
5119,2.45679300
5120,1.80264674
5121,1.27080226
5122,0.24373278
5123,0.04588975
5124,1.37317916
5125,1.04363237
5126,2.12499481
5127,1.61973911
5128,1.08913950
5129,0.56993783
5130,1.21150968
5131,0.41103523
5132,1.68204449
5133,1.52750249
5134,2.04280303
5135,1.13360536
5136,0.70268655
5137,2.10918561
5138,1.74252724
5139,1.78214921
5140,1.33170233
5141,2.20900475
5142,0.57441759
5143,1.01297170
5144,2.00790502
5145,0.33529851
5146,2.03785567
5147,0.88916175
5148,0.31649330
5149,0.19959948
5150,2.12591329
5151,1.96347926
5152,0.72637290
5153,0.29344068
5154,0.62346797
5155,0.53710607
5156,1.84858851
5157,0.54360071
5158,0.54495095
5159,0.08137634
5160,1.50513610
5161,1.73743952
5162,1.64794487
5163,1.43387005
5164,2.43620534
5165,1.19213330
5166,2.16905489
5167,1.62908076
5168,0.21223964
5169,2.04284614
5170,1.47368696
5171,1.64803361
5172,0.45449298
5173,1.10324554
5174,2.22061454
5175,0.54326811
5176,0.00031910
5177,0.64937717
5178,1.22946516
5179,2.07106349
5180,1.62222409
5181,2.31765406
5182,1.14882454
5183,0.98554310
5184,0.58358342
5185,0.54990358
5186,1.85629056
5187,0.20264988
5188,0.61206753
5189,2.23401207
5190,1.45485522
5191,0.11748651
5192,1.77596054
5193,1.27773128
5194,2.15489581
5195,1.72093295
5196,0.01121731
5197,0.51882703
5198,0.65052454
5199,1.77085964
5200,1.28436805
5201,1.88488118
5202,1.29332789
5203,0.82558684
5204,0.26141054
5205,0.51096676
5206,1.01067200
5207,1.39063500
5208,2.36701466
5209,0.60451890
5210,1.67970500
5211,0.38468704
5212,1.79991233
5213,0.02860300
5214,1.65407142
5215,0.41159854
5216,0.45473761
5217,1.40943044
5218,0.94669885
5219,1.18851872
5220,0.77894521
5221,2.40441135
5222,0.73296666
5223,1.36691318
5224,2.15447676
5225,1.67490327
5226,0.81396746
5227,1.39311231
5228,0.20928714
5229,1.37608978
5230,1.08786032
5231,1.91132479
5232,2.13820462
5233,0.50338744
5234,0.20561743
5235,0.98489188
5236,1.34699886
5237,0.95020510
5238,1.58507937
5239,1.27513113
5240,2.36194249
5241,1.03238691
5242,0.20803395
5243,0.76140930
5244,1.52791805
5245,0.64563587
5246,0.67832623
5247,0.85632164
5248,1.88158848
5249,2.37078678
5250,0.88356702
5251,0.49297643
5252,1.06074610
5253,0.88725649
5254,2.49660121
5255,1.16976473
5256,1.71298812
5257,2.30435080
5258,1.58634127
5259,0.62887473
5260,1.53174161
5261,1.01343649
5262,1.06506565
5263,2.46961763
5264,0.70254150
5265,1.18254216
5266,0.40314913
5267,0.45024827
5268,1.52184204
5269,1.89387932
5270,1.60499794
5271,0.83037663
5272,0.15034635
5273,1.18589285
5274,1.27164701
5275,1.94339618
5276,1.61465546
5277,2.19710211
5278,1.97449259
5279,0.92265707
5280,1.59430962
5281,1.88447526
5282,2.41301889
5283,1.06507144
5284,1.63481039
5285,0.99020485
5286,1.86062364
5287,2.29982452
5288,2.31806396
5289,0.39613985
5290,0.51468508
5291,1.90374881
5292,1.59125442
5293,2.28246003
5294,0.79133124
5295,2.13850211
5296,1.72431710
5297,0.49289642
5298,0.31899152
5299,1.77209861
5300,0.39960472
5301,2.00310479
5302,1.40485953
5303,1.20254448
5304,0.69481996
5305,2.48101850
5306,1.82113032
5307,1.96208751
5308,1.93850227
5309,1.47274644
5310,2.36969135
5311,1.47225703
5312,1.31143000
5313,0.69023392
5314,0.71047218
5315,1.85824242
5316,0.84420446
5317,1.83763174
5318,2.40249408
5319,1.10782843
5320,0.24543523
5321,1.68086890
5322,0.02401884
5323,1.98463165
5324,1.32557080
5325,1.23498718
5326,1.43599590
5327,1.30225828
5328,0.81649003
5329,0.70989971
5330,1.04728123
5331,2.25674319
5332,0.34137482
5333,0.81897982
5334,0.48493807
5335,1.07713755
5336,0.33665400
5337,1.91854181
5338,0.26092320
5339,1.67762999
5340,0.67510311
5341,1.19075008
5342,0.50432412
5343,1.84144698
5344,2.39132078
5345,0.55919069
5346,2.40361992
5347,0.82026391
5348,1.40675621
5349,1.76923983
5350,0.50251011
5351,1.12158837
5352,0.17104819
5353,1.75780072
5354,1.05060656
5355,2.24851031
5356,0.69094365
5357,2.32909740
5358,0.35567160
5359,1.53062289
5360,0.77621995
5361,0.45841222
5362,0.23689035
5363,1.65337191
5364,0.58799577
5365,1.44449988
5366,2.46985503
5367,0.79678140
5368,0.08812491
5369,0.36016730
5370,0.30090461
5371,1.16829018
5372,1.87782802
5373,0.74756328
5374,0.36778339
5375,1.61585885
5376,0.75950585
5377,1.45044097
5378,2.35478204
5379,0.73470882
5380,1.29238076
5381,2.03458350
5382,1.74434550
5383,1.89504554
5384,1.94823232
5385,1.36153830
5386,1.35181969
5387,1.81286520
5388,1.75929989
5389,1.68972323
5390,0.96365296
5391,2.08938301
5392,0.59564918
5393,0.39272148
5394,0.87041756
5395,0.64010350
5396,1.67238580
5397,0.58257380
5398,1.65550854
5399,1.29422462
5400,0.38444535
5401,0.65161536
5402,1.31566957
5403,1.84871372
5404,1.00429591
5405,0.58715025
5406,0.74411812
5407,0.23986606
5408,0.06342492
5409,2.45399469
5410,0.24312604
5411,0.31493900
5412,2.19635935
5413,1.67319963
5414,1.09967080
5415,1.63668005
5416,2.35780376
5417,0.25060903
5418,0.61458284
5419,2.16946819
5420,1.96858278
5421,2.50727278
5422,0.79160423
5423,2.38277307
5424,0.86670204
5425,1.80329165
5426,2.22606272
5427,0.43067417
5428,0.51857376
5429,1.46503762
5430,2.12792074
5431,0.19909525
5432,2.14571432
5433,0.86526893
5434,1.02440681
5435,0.85704944
5436,2.29853019
5437,0.32983495
5438,1.44818181
5439,0.37349594
5440,2.34168928
5441,2.01218883
5442,0.58963829
5443,0.75092700
5444,0.96209108
5445,1.02236686
5446,2.06113993
5447,1.42361711
5448,1.07918607
5449,1.81426496
5450,1.15462569
5451,0.32339361
5452,0.27106516
5453,0.82198596
5454,1.52029321
5455,0.34004048
5456,1.38730594
5457,0.67989272
5458,1.75366414
5459,0.07127564
5460,1.18276479
5461,0.13180133
5462,0.83346269
5463,0.03928077
5464,1.18295475
5465,1.93422775
5466,0.25273418
5467,1.85405325
5468,1.47319957
5469,1.27249337
5470,1.51175210
5471,0.84705331
5472,1.79130415
5473,1.96612784
5474,1.96249154
5475,0.67951482
5476,1.64899529
5477,0.37346478
5478,1.24932941
5479,0.00663446
5480,0.48818187
5481,1.59308075
5482,2.20492680
5483,0.12364132
5484,1.40853562
5485,1.60579266
5486,2.35126274
5487,1.65211415
5488,0.25982702
5489,0.37005667
5490,1.60324344
5491,0.54374342
5492,2.34096010
5493,2.32174871
5494,2.39227872
5495,0.73875788
5496,1.80797383
5497,1.67196062
5498,0.08978802
5499,0.66969332
5500,0.52141849
5501,0.93509137
5502,2.40336903
5503,2.13240156
5504,0.73994811
5505,1.33661208
5506,0.48485155
5507,0.69962378
5508,0.16392618
5509,1.62049821
5510,1.65659525
5511,2.11449707
5512,2.19784146
5513,0.40363419
5514,1.87376895
5515,0.33970333
5516,0.94242062
5517,1.30005939
5518,0.12475496
5519,0.39532329
5520,0.68369163
5521,0.32163422
5522,2.35556306
5523,0.72707355
5524,1.26383466
5525,2.51301611
5526,1.42893630
5527,1.03769432
5528,2.34470977
5529,0.56108823
5530,0.45266043
5531,1.35006017
5532,1.07755304
5533,2.00980518
5534,0.10594302
5535,1.55775532
5536,1.79216051
5537,2.45093694
5538,0.36758273
5539,0.62096839
5540,2.35139450
5541,1.59029353
5542,0.09595434
5543,0.19504650
5544,1.98069025
5545,1.43103395
5546,1.42584162
5547,2.21880687
5548,0.60799323
5549,0.40457123
5550,1.54787036
5551,2.22525614
5552,0.66890041
5553,1.71805940
5554,0.38426621
5555,0.43351518
5556,2.27338871
5557,0.29748256
5558,0.06139752
5559,1.95421157
5560,0.91416322
5561,1.00027853
5562,2.01704631
5563,0.45375752
5564,1.63996724
5565,0.79064474
5566,0.26294330
5567,1.73369850
5568,0.80359597
5569,2.18536456
5570,2.31758391
5571,2.14110191
5572,0.81289521
5573,0.59660677
5574,2.25142573
5575,1.14222398
5576,1.78474803
5577,2.08590692
5578,0.70026094
5579,0.30033827
5580,1.57566414
5581,1.48832249
5582,0.68138163
5583,1.47448933
5584,1.99308893
5585,0.88264494
5586,0.61106926
5587,1.82827722
5588,1.98177828
5589,2.40648521
5590,0.37217893
5591,2.24250745
5592,1.92939341
5593,1.77002146
5594,0.78944767
5595,0.05596923
5596,1.27992048
5597,0.72064355
5598,0.73086079
5599,2.33801748
5600,0.38575370
5601,2.35590629
5602,1.27047959
5603,2.11393638
5604,0.71514158
5605,1.59859468
5606,1.40358190
5607,2.33052160
5608,0.45215025
5609,0.51587860
5610,2.39305678
5611,0.24704658
5612,1.60051577
5613,0.15273178
5614,0.19415583
5615,1.50586502
5616,1.39041726
5617,1.44503396
5618,1.19443714
5619,1.87205011
5620,2.50205733
5621,0.69545597
5622,0.81563868
5623,0.81465488
5624,1.92477894
5625,0.87761283
5626,1.70656702
5627,1.12442186
5628,1.53273662
5629,2.09057511
5630,1.29633253
5631,1.19827298
5632,0.67324775
5633,1.30098742
5634,0.66174274
5635,2.12727879
5636,0.98062267
5637,0.32558152
5638,0.60514266
5639,1.34808589
5640,2.31065379
5641,0.75794561
5642,0.66672050
5643,1.02524711
5644,2.44044070
5645,2.13143834
5646,0.37742954
5647,1.54773756
5648,1.99688908
5649,1.93673556
5650,1.23275111
5651,1.84550122
5652,1.47166469
5653,0.50799836
5654,0.14135749
5655,0.93179060
5656,0.15619891
5657,0.99612987
5658,2.09023122
5659,2.12910439
5660,0.08593009
5661,0.17535531
5662,1.68924264
5663,1.26087672
5664,0.37664891
5665,2.03134987
5666,0.54595370
5667,0.19707714
5668,1.89007508
5669,1.53354688
5670,0.99469080
5671,1.74688766
5672,2.29827999
5673,0.08620376
5674,1.58285586
5675,0.55016789
5676,1.19566186
5677,1.06917929
5678,0.98343604
5679,0.48003495
5680,2.02408803
5681,0.95706083
5682,2.23729287
5683,0.89438947
5684,2.11755274
5685,1.37301306
5686,0.97245524
5687,1.77539861
5688,1.98375182
5689,1.21723048
5690,1.07280884
5691,1.45611144
5692,1.47564091
5693,1.07295709
5694,1.91064183
5695,1.00800239
5696,1.14235350
5697,1.52646643
5698,2.48859209
5699,0.65738978
5700,0.58493151
5701,0.44606990
5702,1.73861129
5703,1.13250932
5704,0.97997285
5705,0.51466938
5706,2.24723391
5707,1.11757651
5708,1.53245581
5709,0.28377578
5710,0.27228325
5711,0.16985556
5712,0.92635975
5713,1.19250675
5714,0.61676950
5715,0.88180399
5716,0.01579037
5717,0.88536208
5718,0.30052465
5719,0.32375791
5720,0.01136738
5721,1.75610305
5722,2.34847063
5723,1.56738774
5724,0.24260182
5725,2.49565438
5726,2.46018776
5727,1.18077539
5728,0.27202351
5729,1.81752976
5730,2.42458828
5731,1.96369123
5732,1.57408878
5733,1.54037056
5734,2.46607086
5735,0.18439294
5736,0.37714728
5737,2.09510436
5738,0.36594329
5739,0.96658272
5740,0.70987537
5741,0.61391127
5742,0.06486850
5743,1.42794925
5744,1.01183060
5745,1.39097772
5746,0.76789823
5747,2.37413471
5748,1.49123495
5749,2.42392970
5750,0.88263226
5751,0.00577776
5752,1.97016195
5753,2.08644822
5754,0.14803952
5755,1.57703008
5756,1.66692710
5757,0.36750876
5758,1.39333389
5759,0.61329133
5760,0.04149123
5761,2.18613870
5762,1.23993729
5763,1.97125522
5764,1.82296091
5765,2.50588213
5766,1.10441390
5767,1.07818062
5768,0.71052172
5769,1.57647022
5770,1.22585918
5771,1.83775878
5772,0.89903813
5773,0.32996208
5774,2.17485226
5775,2.08813297
5776,0.88513947
5777,1.74089979
5778,1.24172202
5779,1.91898686
5780,0.98382111
5781,1.35075331
5782,0.14580198
5783,0.44108368
5784,1.97142293
5785,0.96221755
5786,0.08853129
5787,0.42274122
5788,1.03795219
5789,1.81040277
5790,0.91662317
5791,1.87917762
5792,2.16381993
5793,0.86026598
5794,2.01835264
5795,0.31996567
5796,1.04724609
5797,0.24603227
5798,0.13246667
5799,0.16272615
5800,0.26416273
5801,2.10749745
5802,1.37102287
5803,2.38908197
5804,1.35670734
5805,1.58545804
5806,0.46522688
5807,1.36321527
5808,0.97164151
5809,2.34885285
5810,2.35512161
5811,0.50056835
5812,1.56382023
5813,1.60932509
5814,1.41857796
5815,0.31353278
5816,1.64926841
5817,2.01509886
5818,0.87057849
5819,1.29757579
5820,0.29335433
5821,2.34697003
5822,0.27623140
5823,0.52547946
5824,0.75269275
5825,2.08244212
5826,1.76688443
5827,0.01769279
5828,0.46290078
5829,1.89169919
5830,1.01837447
5831,0.06610814
5832,2.43076322
5833,0.38137599
5834,1.28727428
5835,0.62619568
5836,1.85971869
5837,1.95871454
5838,1.00169538
5839,1.66045062
5840,2.29246205
5841,2.05475046
5842,1.04627318
5843,1.11329714
5844,2.23649099
5845,0.08668379
5846,0.05752924
5847,0.51896889
5848,2.08706047
5849,0.38636975
5850,0.71940766
5851,1.58635921
5852,0.46461875
5853,0.76438829
5854,1.17744212
5855,0.57523911
5856,2.50262509
5857,0.41217441
5858,2.14333453
5859,1.18547921
5860,0.32562199
5861,0.29879680
5862,1.26162659
5863,0.89149424
5864,0.59161289
5865,2.41821060
5866,1.16853281
5867,2.34223486
5868,0.41357072
5869,0.46266000
5870,1.50303801
5871,0.68056350
5872,0.46637149
5873,0.23877716
5874,0.19233982
5875,1.89930784
5876,0.71154954
5877,2.46733436
5878,0.46179015
5879,0.89383059
5880,0.94543060
5881,1.26126531
5882,2.19553167
5883,2.10508738
5884,0.02511152
5885,1.03204381
5886,2.08785504
5887,0.00050294
5888,1.34571066
5889,0.65433723
5890,1.04090394
5891,1.05990824
5892,0.98791158
5893,2.24928093
5894,1.35283218
5895,2.27902903
5896,1.83266808
5897,0.88544178
5898,1.24464921
5899,0.98313058
5900,2.08946278
5901,0.47307924
5902,2.36140346
5903,1.46369062
5904,1.54270583
5905,1.30324897
5906,1.39830660
5907,1.68371579
5908,1.65184044
5909,0.54002992
5910,1.46877363
5911,0.89428398
5912,1.60643643
5913,1.38150695
5914,0.45311231
5915,1.85282068
5916,1.15247859
5917,1.39060284
5918,1.69624246
5919,1.64638468
5920,1.88861670
5921,0.52138066
5922,0.27838341
5923,1.68750890
5924,0.59509958
5925,0.28900915
5926,0.33095250
5927,0.78880839
5928,2.50104487
5929,0.39657563
5930,0.75283923
5931,2.32186711
5932,2.42922794
5933,0.57709027
5934,2.22028728
5935,0.35032069
5936,1.92040992
5937,0.03280747
5938,1.02539789
5939,0.62372212
5940,1.77533758
5941,0.04049370
5942,1.17237082
5943,1.75698178
5944,0.11778222
5945,2.26302463
5946,0.91085432
5947,0.41676353
5948,0.56856961
5949,0.85464075
5950,0.50025689
5951,1.28755700
5952,1.59610085
5953,1.09300727
5954,1.07687320
5955,1.97125627
5956,0.75909355
5957,1.57047253
5958,2.25173072
5959,0.55860836
5960,1.56323989
5961,2.39055364
5962,1.33601625
5963,2.46349769
5964,0.78186328
5965,1.42301325
5966,0.78435908
5967,0.00938359
5968,2.51496760
5969,0.60537602
5970,2.45392578
5971,1.64679081
5972,2.27950031
5973,2.43904937
5974,1.43192843
5975,2.52097755
5976,1.93501968
5977,1.32093441
5978,1.65160851
5979,0.48990826
5980,0.02782565
5981,0.64756311
5982,1.09689266
5983,0.57509614
5984,1.29627506
5985,1.65917593
5986,1.65375343
5987,2.25385616
5988,2.43682102
5989,2.24611585
5990,1.56393143
5991,0.51889024
5992,2.37915376
5993,0.44095863
5994,0.38186639
5995,0.80083514
5996,1.44649496
5997,1.71850894
5998,0.03352495
5999,1.96198317
6000,0.44135998
6001,0.74766532
6002,0.81222689
6003,0.83835041
6004,1.91746247
6005,0.10325564
6006,0.49557328
6007,0.05628768
6008,1.96268216
6009,2.48070768
6010,1.66321834
6011,1.48818865
6012,2.28992171
6013,0.64293479
6014,0.16760556
6015,1.28602164
6016,0.65653893
6017,1.13751998
6018,1.15067908
6019,0.80401884
6020,1.22639400
6021,0.95865280
6022,0.28511170
6023,2.18567121
6024,1.76844236
6025,0.10417482
6026,0.29198874
6027,0.24338966
6028,0.15570602
6029,0.14893065
6030,0.39620243
6031,2.13812031
6032,2.08860291
6033,1.97490514
6034,1.55014135
6035,1.82447528
6036,1.86227043
6037,2.24263043
6038,1.84679146
6039,1.85717169
6040,2.02769725
6041,1.40299297
6042,0.53720985
6043,0.21319926
6044,1.05672796
6045,0.23121263
6046,0.42694686
6047,0.06012271
6048,0.75704987
6049,2.44609785
6050,0.95557473
6051,0.60747548
6052,1.01740356
6053,0.75990507
6054,1.69935420
6055,1.59997180
6056,0.06895615
6057,1.28943420
6058,0.09129075
6059,1.70814614
6060,2.35988044
6061,2.28846329
6062,0.51875900
6063,1.87277084
6064,1.99991964
6065,2.17972448
6066,0.65464753
6067,1.13689769
6068,0.55858331
6069,0.06130654
6070,1.66187039
6071,1.08804827
6072,0.62569331
6073,2.13619001
6074,1.24998766
6075,2.50828389
6076,2.00065563
6077,2.19193901
6078,1.95015609
6079,0.26712042
6080,0.16399112
6081,2.30760564
6082,0.34850312
6083,0.98657936
6084,1.53804830
6085,0.53435916
6086,0.56811708
6087,1.17574905
6088,0.91009196
6089,1.70616001
6090,0.18932765
6091,1.23253216
6092,0.43944438
6093,1.53001399
6094,0.29306520
6095,0.49838263
6096,2.02721259
6097,0.59303690
6098,1.85869995
6099,0.68860047
6100,0.59268515
6101,0.75439823
6102,2.22149592
6103,1.00155733
6104,0.61470767
6105,1.35327567
6106,0.97249604
6107,1.99268612
6108,2.49766212
6109,1.32789416
6110,1.13920271
6111,0.86505425
6112,2.45452280
6113,1.21872458
6114,0.44886802
6115,2.44412605
6116,2.42311033
6117,1.09879455
6118,0.87804282
6119,1.71589846
6120,2.09034502
6121,1.25717841
6122,0.83423237
6123,0.76004500
6124,0.82360504
6125,0.29765390
6126,1.96349159
6127,0.26468684
6128,1.00445441
6129,2.10552397
6130,1.01905888
6131,0.74332021
6132,2.39126464
6133,0.31911606
6134,2.23138602
6135,0.15654640
6136,1.04282265
6137,1.59304782
6138,0.93314907
6139,1.34814881
6140,0.51444569
6141,1.43496793
6142,0.33932780
6143,2.00756142
6144,1.47217737
6145,1.21531729
6146,0.13786021
6147,1.26031094
6148,1.42118633
6149,0.66995164
6150,1.70871877
6151,0.19358677
6152,0.52626618
6153,1.85991841
6154,0.37126201
6155,0.61921729
6156,1.64129975
6157,1.83796198
6158,0.12984724
6159,0.31923120
6160,1.12500299
6161,1.49488583
6162,1.14432776
6163,1.63175403
6164,1.90643058
6165,2.39451801
6166,0.88231643
6167,0.41131386
6168,0.66595843
6169,0.37363807
6170,0.99419377
6171,2.20040218
6172,0.87520303
6173,0.37529803
6174,1.31795452
6175,2.50144020
6176,0.47455044
6177,1.96161166
6178,2.07631100
6179,1.01207980
6180,1.56235906
6181,1.09034264
6182,0.66152754
6183,1.07456996
6184,0.24030219
6185,1.78277196
6186,2.09102312
6187,0.77519045
6188,1.42851806
6189,0.58542509
6190,0.32142774
6191,1.67348542
6192,0.33819019
6193,1.97196123
6194,0.68530164
6195,2.06409173
6196,0.92928119
6197,0.93013358
6198,1.89276231
6199,1.28676775
6200,0.50681930
6201,2.14452339
6202,0.85778608
6203,0.25918160
6204,1.04905550
6205,1.44739322
6206,1.53798355
6207,2.10719969
6208,1.36529774
6209,0.56414643
6210,0.65986166
6211,0.25429905
6212,1.85582251
6213,0.26716240
6214,1.52771320
6215,1.50535727
6216,1.98084911
6217,0.18820170
6218,0.51169616
6219,2.29369466
6220,1.44304336
6221,1.15418523
6222,1.88545807
6223,2.27596189
6224,0.66324914
6225,2.27330189
6226,0.27410499
6227,2.46547809
6228,0.41571950
6229,0.67138616
6230,0.24359006
6231,2.02667678
6232,2.48199307
6233,0.74890516
6234,0.82111666
6235,0.70352219
6236,0.39044216
6237,1.98574297
6238,0.15312448
6239,2.44049026
6240,2.33846369
6241,0.29867809
6242,1.33533183
6243,2.50372880
6244,2.15009823
6245,1.80339387
6246,0.05664505
6247,0.17243506
6248,2.00231815
6249,0.94930460
6250,1.68562340
6251,1.86403670
6252,1.06464782
6253,0.36157730
6254,0.97515167
6255,2.19657208
6256,0.83492027
6257,0.15799046
6258,2.41869548
6259,1.71650233
6260,1.36391060
6261,2.09080705
6262,1.03684929
6263,2.48422163
6264,2.16259053
6265,0.70746832
6266,0.93569504
6267,0.69535943
6268,1.66269806
6269,1.61224055
6270,1.31763424
6271,2.43561380
6272,1.19096517
6273,1.97635746
6274,1.65955665
6275,1.30673791
6276,0.10615753
6277,1.65804337
6278,1.62046942
6279,0.31490534
6280,2.00710413
6281,1.17764728
6282,0.81741991
6283,2.07782517
6284,0.86590045
6285,1.56815746
6286,1.55823187
6287,0.13316770
6288,1.06628558
6289,0.56179683
6290,0.50327179
6291,1.65165543
6292,0.02877730
6293,2.44378076
6294,0.99708209
6295,0.75351245
6296,2.31995120
6297,1.22727046
6298,1.54917992
6299,1.75476698
6300,2.19748705
6301,0.32718121
6302,0.20591317
6303,2.50589606
6304,0.02240686
6305,1.78589550
6306,1.54095928
6307,1.39340064
6308,1.98166717
6309,2.50277454
6310,0.11823852
6311,1.54969748
6312,1.80753948
6313,0.77150711
6314,2.25157891
6315,1.15242663
6316,0.41477797
6317,2.15460855
6318,2.37782848
6319,0.25095604
6320,1.89555668
6321,0.54221661
6322,0.01695588
6323,0.65720749
6324,2.15587452
6325,0.35603481
6326,0.32951861
6327,1.86369899
6328,1.02474226
6329,0.37444914
6330,0.58000798
6331,2.00379294
6332,1.57173330
6333,1.91887761
6334,0.24656396
6335,1.15522941
6336,2.01010823
6337,0.67026746
6338,0.42665670
6339,0.96276833
6340,0.84070566
6341,0.46772043
6342,2.40561643
6343,1.21825838
6344,1.53342175
6345,0.30540568
6346,1.53836119
6347,1.40039011
6348,2.35009856
6349,1.03976475
6350,1.97217061
6351,0.76707304
6352,1.45994799
6353,2.33759337
6354,1.57627881
6355,1.79336980
6356,2.20901965
6357,2.33369465
6358,0.52522166
6359,0.49385902
6360,1.38816827
6361,2.51044931
6362,1.23604661
6363,0.83446430
6364,1.35484370
6365,0.16239428
6366,0.44687561
6367,0.37554445
6368,0.07040020
6369,1.82124428
6370,0.82077014
6371,0.42501086
6372,1.29175576
6373,0.81565063
6374,0.99109738
6375,0.79569704
6376,0.01004955
6377,1.73579866
6378,0.27913803
6379,0.55262685
6380,0.47993646
6381,0.83563019
6382,0.40398290
6383,0.87493126
6384,0.61345642
6385,0.15437344
6386,2.19534786
6387,0.77060382
6388,0.24028204
6389,1.31516419
6390,0.31087438
6391,1.94955328
6392,0.15528841
6393,1.17170065
6394,2.38009985
6395,0.40088461
6396,0.50780594
6397,1.51422758
6398,2.47095287
6399,0.97298610
6400,1.63572604
6401,0.38410994
6402,1.61744848
6403,0.63715513
6404,1.54656324
6405,0.22358568
6406,1.32384568
6407,0.59868059
6408,1.71910426
6409,1.88544174
6410,2.13880906
6411,2.50257891
6412,1.15838285
6413,1.69107678
6414,0.04646416
6415,2.28240896
6416,1.55275549
6417,1.06253157
6418,1.09523305
6419,1.91148099
6420,2.10180858
6421,2.03733665
6422,1.28757188
6423,0.93594381
6424,2.38441969
6425,1.59929790
6426,1.37096307
6427,1.50881595
6428,1.58837111
6429,1.79819693
6430,1.39499861
6431,2.20743304
6432,2.16798997
6433,1.11526837
6434,0.42501036
6435,1.45418669
6436,1.56535511
6437,1.31983749
6438,2.24582031
6439,0.23457812
6440,0.72480225
6441,2.18331121
6442,2.36897131
6443,1.07408143
6444,0.48580442
6445,1.05997078
6446,1.15034267
6447,1.31022912
6448,0.69185449
6449,0.78837284
6450,1.65323340
6451,1.56801463
6452,1.66966232
6453,0.95142320
6454,0.84846475
6455,0.88649739
6456,2.39863511
6457,0.99671416
6458,1.52851957
6459,1.31848486
6460,2.20961804
6461,0.93082507
6462,1.09480865
6463,2.12532212
6464,0.40589927
6465,1.49866745
6466,1.00847335
6467,2.48592574
6468,1.81915580
6469,0.02662439
6470,2.11694892
6471,1.77324867
6472,1.41460831
6473,0.59546152
6474,0.37654365
6475,1.58467184
6476,1.10942429
6477,2.17279668
6478,0.66164514
6479,1.60767127
6480,0.62752449
6481,1.60463785
6482,0.12191731
6483,0.98779302
6484,0.43547438
6485,1.52801925
6486,0.79871365
6487,1.94561787
6488,0.28898265
6489,1.40263541
6490,1.49711233
6491,0.05574517
6492,0.09075115
6493,0.77730932
6494,1.53594119
6495,2.42751802
6496,0.22893760
6497,1.77320609
6498,1.74686223
6499,1.68825198
6500,1.30159960
6501,2.43809918
6502,1.26535647
6503,2.11398127
6504,0.66201592
6505,2.03331401
6506,2.51304510
6507,2.29501508
6508,0.76679752
6509,2.13380324
6510,0.24021894
6511,1.70901436
6512,0.86281199
6513,1.66100659
6514,1.03959379
6515,0.02278348
6516,0.58322618
6517,0.10689168
6518,1.07747281
6519,2.11845538
6520,1.86104876
6521,1.98944483
6522,2.03556127
6523,0.93794394
6524,1.27607540
6525,1.28219176
6526,0.28548790
6527,1.50837008
6528,1.81611876
6529,1.54071330
6530,1.88114504
6531,0.29981839
6532,1.92008849
6533,0.52488180
6534,2.21114372
6535,0.61766009
6536,1.24068679
6537,1.22876877
6538,0.67797789
6539,0.91214591
6540,0.46803305
6541,1.43765657
6542,2.30243417
6543,0.79840983
6544,1.28121191
6545,2.17345309
6546,1.14109440
6547,2.09623633
6548,1.12569057
6549,1.11018634
6550,0.39652427
6551,0.31516969
6552,1.54204712
6553,2.08633391
6554,0.34146567
6555,2.29503515
6556,0.90500990
6557,1.07239724
6558,2.25559358
6559,2.26024129
6560,1.32356793
6561,0.69793661
6562,0.43359279
6563,0.68486159
6564,1.96855265
6565,0.81854155
6566,1.75151572
6567,0.49225214
6568,1.20667151
6569,0.88792860
6570,1.26998939
6571,1.43726467
6572,2.49889613
6573,2.26931606
6574,1.75480665
6575,0.38770699
6576,2.31756602
6577,2.25088463
6578,2.23605007
6579,1.20796575
6580,0.43048407
6581,1.90242177
6582,0.97974261
6583,0.86891982
6584,0.98545936
6585,1.40984129
6586,0.84105582
6587,1.73981265
6588,1.63340275
6589,1.28322932
6590,0.13611121
6591,2.36173230
6592,1.03819995
6593,1.13341351
6594,1.15000492
6595,0.92051402
6596,1.70114738
6597,0.03510109
6598,2.20277530
6599,0.25832991
6600,2.52103386
6601,1.58387261
6602,0.16706128
6603,1.41833078
6604,0.83548014
6605,2.40334256
6606,1.90511447
6607,1.27856926
6608,1.08379604
6609,2.51133820
6610,1.68298112
6611,1.29600736
6612,1.00352041
6613,0.81852152
6614,1.77889681
6615,1.48250546
6616,2.13891574
6617,1.39594686
6618,1.46849934
6619,1.20377871
6620,1.92314485
6621,1.04651138
6622,2.14838433
6623,0.82472983
6624,1.74663256
6625,2.25185507
6626,1.93941750
6627,0.86397681
6628,1.78121576
6629,0.52196844
6630,0.14668201
6631,1.99567243
6632,2.03760254
6633,0.05783026
6634,2.39010788
6635,1.12445280
6636,2.28287577
6637,1.98758463
6638,2.27122876
6639,2.10157061
6640,2.45617868
6641,1.58644069
6642,0.57309452
6643,0.98238564
6644,1.89605695
6645,0.39584168
6646,2.34483569
6647,0.51766659
6648,2.20899497
6649,1.21983584
6650,2.11983947
6651,2.41658800
6652,1.06455521
6653,1.75666786
6654,0.57172964
6655,2.01938693
6656,2.06765308
6657,0.74454050
6658,0.06088113
6659,1.08739673
6660,0.42870327
6661,2.06418676
6662,0.65842665
6663,2.37976310
6664,2.45066510
6665,2.29186273
6666,1.51208300
6667,0.67439116
6668,2.03570946
6669,1.76925352
6670,2.46418014
6671,0.95134004
6672,0.14820243
6673,2.51768662
6674,2.11389694
6675,0.55854614
6676,1.82985748
6677,0.00174457
6678,1.40666010
6679,0.91499210
6680,0.96163140
6681,0.61662238
6682,0.69309553
6683,1.14656563
6684,0.62576430
6685,1.17624989
6686,1.45593176
6687,1.79325062
6688,1.70759737
6689,0.61024100
6690,0.09883054
6691,2.09982110
6692,2.19976058
6693,2.46852051
6694,2.42015845
6695,1.59832577
6696,2.25513538
6697,1.12977015
6698,1.98546917
6699,2.40912070
6700,2.00802099
6701,1.04846117
6702,0.95261917
6703,0.73520258
6704,0.92564722
6705,2.06929478
6706,1.76901380
6707,0.63013739
6708,1.79431910
6709,0.95674531
6710,1.40656793
6711,0.93398349
6712,1.31542387
6713,1.84038839
6714,1.84373414
6715,1.89934363
6716,0.98610690
6717,1.74126223
6718,0.60197560
6719,1.20396009
6720,1.47045502
6721,1.73114180
6722,2.29983163
6723,0.76855497
6724,2.13160538
6725,0.78458226
6726,1.39178268
6727,2.08826638
6728,1.82360792
6729,2.17594724
6730,2.05493222
6731,0.69688332
6732,2.50394394
6733,2.36288158
6734,1.08479774
6735,0.11905470
6736,0.76534740
6737,2.10857325
6738,2.39786329
6739,2.09727435
6740,1.00049208
6741,0.14257514
6742,1.30521958
6743,0.94914738
6744,0.31010996
6745,0.26693998
6746,0.38592515
6747,0.51904033
6748,1.90086634
6749,0.96256553
6750,1.10185363
6751,1.50897332
6752,2.42122242
6753,1.90763129
6754,1.62833105
6755,1.87576413
6756,1.81388131
6757,1.74064142
6758,1.25181966
6759,1.42945175
6760,1.16377105
6761,0.99599141
6762,0.68281399
6763,0.89576364
6764,1.08064944
6765,1.46105517
6766,1.26056504
6767,0.27222459
6768,0.85733329
6769,0.94867067
6770,1.78269593
6771,0.83947533
6772,0.02006671
6773,0.21268015
6774,1.25331076
6775,0.47534299
6776,1.24731907
6777,1.44800754
6778,2.35390281
6779,1.65321396
6780,0.07828112
6781,0.96011198
6782,2.00090565
6783,0.65707796
6784,2.33255661
6785,1.33403782
6786,0.23313425
6787,0.60943723
6788,2.28546574
6789,2.50021951
6790,2.17631598
6791,0.80867112
6792,1.93877483
6793,0.56040708
6794,0.96967388
6795,1.75808909
6796,2.44333280
6797,1.10755316
6798,1.25038050
6799,0.55521450
6800,1.01683179
6801,0.15892141
6802,2.16514463
6803,0.05884816
6804,1.72368346
6805,0.68900143
6806,1.20063393
6807,0.71002462
6808,1.00888304
6809,1.37884223
6810,1.61617822
6811,2.37117237
6812,0.83773234
6813,1.47486959
6814,2.27392355
6815,0.73189670
6816,2.18144545
6817,2.41472039
6818,2.13717288
6819,1.43705085
6820,1.82100027
6821,1.21313283
6822,1.50613501
6823,2.45738583
6824,0.63326783
6825,1.99861124
6826,1.27659847
6827,0.44603456
6828,1.62284061
6829,1.99830808
6830,1.43426512
6831,2.11180178
6832,0.92263395
6833,2.30430095
6834,1.63490649
6835,2.02537258
6836,0.68840484
6837,1.12502898
6838,2.29383345
6839,0.12835007
6840,1.01874572
6841,1.96777408
6842,1.87572014
6843,2.14758551
6844,1.86456301
6845,2.38833543
6846,1.25649104
6847,1.57430813
6848,2.13770762
6849,1.76949452
6850,0.25736583
6851,0.92547808
6852,1.39350095
6853,1.90321443
6854,1.37074660
6855,1.96079030
6856,2.11224731
6857,0.66859181
6858,1.55365078
6859,1.40489821
6860,0.57324181
6861,1.23535506
6862,1.38335717
6863,2.06113240
6864,1.16250490
6865,0.20405414
6866,1.22884357
6867,2.11310840
6868,1.44056857
6869,0.80410308
6870,2.32246425
6871,0.39251828
6872,0.82430842
6873,1.10234930
6874,1.86100117
6875,2.10755008
6876,0.14767911
6877,1.99732186
6878,1.81699793
6879,2.25609516
6880,2.27069783
6881,1.96073058
6882,0.47964808
6883,0.79151015
6884,2.36116999
6885,1.50844870
6886,1.35862496
6887,2.30919603
6888,2.20451593
6889,1.83456884
6890,2.22482544
6891,0.28706768
6892,1.91034197
6893,2.43510902
6894,0.12351143
6895,0.56246989
6896,2.00219532
6897,1.31143398
6898,0.21843411
6899,0.67572776
6900,0.81720199
6901,0.80964461
6902,2.21327694
6903,1.66949573
6904,1.85328307
6905,0.03422452
6906,1.07808327
6907,0.80146885
6908,2.14834852
6909,2.40542662
6910,1.06756466
6911,2.45382146
6912,0.03621447
6913,0.82138761
6914,1.95418820
6915,0.90808600
6916,2.32244252
6917,0.55091835
6918,2.00647811
6919,0.50864713
6920,0.49705380
6921,1.12407336
6922,2.38290973
6923,1.47637621
6924,1.60139945
6925,0.02454750
6926,0.14277361
6927,0.16879512
6928,2.06693823
6929,0.59728638
6930,0.82925240
6931,1.53815362
6932,1.47259196
6933,1.03525761
6934,0.01084817
6935,1.13379021
6936,1.86328267
6937,0.59321928
6938,1.78630719
6939,0.03821577
6940,2.28977442
6941,2.39576718
6942,0.00621137
6943,1.15450852
6944,1.04356033
6945,2.12302497
6946,1.36356975
6947,1.54171608
6948,0.51067399
6949,0.19434208
6950,1.74589130
6951,1.56519491
6952,2.09893059
6953,2.13008611
6954,1.59131844
6955,1.35761790
6956,2.30490610
6957,2.02059338
6958,2.22526092
6959,2.51126768
6960,1.01754556
6961,1.80793538
6962,1.73514036
6963,0.43914882
6964,1.60522168
6965,1.07953901
6966,1.13639522
6967,0.45426742
6968,1.87805189
6969,1.76003805
6970,1.34230773
6971,0.39521102
6972,1.40427888
6973,0.25251576
6974,0.85581613
6975,0.93899817
6976,2.22778368
6977,1.04794852
6978,1.50919658
6979,2.20597959
6980,1.07366374
6981,2.22848504
6982,0.34412568
6983,0.92004800
6984,0.23888273
6985,1.41452941
6986,2.41403186
6987,1.65667358
6988,1.57881142
6989,0.70145115
6990,2.34802425
6991,1.18909780
6992,0.67331702
6993,2.49073830
6994,1.06701765
6995,0.93683234
6996,0.08816776
6997,0.44961979
6998,2.04058386
6999,1.21724136
7000,2.40796116
7001,0.21154329
7002,1.55326059
7003,1.81562543
7004,1.56647377
7005,1.33622380
7006,1.45832894
7007,1.73887703
7008,2.17694050
7009,0.84818183
7010,1.15913762
7011,1.60361025
7012,0.79237876
7013,0.45085013
7014,2.43644190
7015,0.49106204
7016,0.58689922
7017,1.56017689
7018,0.19510779
7019,0.08586385
7020,0.16143054
7021,0.31084444
7022,1.08233207
7023,2.09119362
7024,0.86237235
7025,1.07813223
7026,1.51368838
7027,0.76193736
7028,1.09075729
7029,0.97418630
7030,0.86214955
7031,0.97943529
7032,0.02804023
7033,2.23493354
7034,2.46463015
7035,2.17500543
7036,0.01448471
7037,1.89355108
7038,1.44522050
7039,0.23748987
7040,2.35244330
7041,1.95743105
7042,0.36640529
7043,2.43107731
7044,0.31824605
7045,1.14659391
7046,0.40090146
7047,0.37874802
7048,2.44056996
7049,1.44275576
7050,0.65357893
7051,1.95789061
7052,2.20715324
7053,2.31397348
7054,2.35276063
7055,2.28365671
7056,1.61123303
7057,0.86362000
7058,2.33405606
7059,0.30890996
7060,0.42567535
7061,1.09400949
7062,0.71533669
7063,1.55272944
7064,2.28295085
7065,1.23826324
7066,1.39672827
7067,1.06704235
7068,1.78431791
7069,0.25391623
7070,0.12253575
7071,1.61730056
7072,1.34883504
7073,1.02725995
7074,0.84225066
7075,0.13064963
7076,1.71619783
7077,1.06284063
7078,1.12285959
7079,2.25305026
7080,1.85991680
7081,0.55338527
7082,1.65721490
7083,0.33351920
7084,0.48938502
7085,1.80091124
7086,0.31746851
7087,0.70658372
7088,2.26468920
7089,1.86185249
7090,2.34387031
7091,2.22376892
7092,0.78825183
7093,1.59470304
7094,0.95498062
7095,1.75792821
7096,0.87872623
7097,0.00332620
7098,0.23689298
7099,1.94430583
7100,0.21184450
7101,1.51159934
7102,2.16310861
7103,1.86887748
7104,1.04259414
7105,0.52605217
7106,2.32641467
7107,1.42832353
7108,1.02237288
7109,2.37563980
7110,0.54222550
7111,1.11532922
7112,0.27398163
7113,0.31492114
7114,1.00516494
7115,1.76437387
7116,0.85461053
7117,1.73899903
7118,2.03049462
7119,2.21303779
7120,0.11277561
7121,1.95116330
7122,0.37106003
7123,1.76084830
7124,0.93724460
7125,1.78488313
7126,0.53921579
7127,1.62651061
7128,0.31651949
7129,0.42806026
7130,1.54952457
7131,0.84925823
7132,1.77475773
7133,1.72780615
7134,1.56761074
7135,1.84224603
7136,2.00211173
7137,2.29838740
7138,0.20304506
7139,1.44130886
7140,1.88823343
7141,0.54707662
7142,0.66479121
7143,0.67322193
7144,1.44328581
7145,0.92339540
7146,1.67972972
7147,1.53887712
7148,1.65707705
7149,0.63628652
7150,1.93512425
7151,1.67453695
7152,0.32947001
7153,0.50479037
7154,0.75896351
7155,2.36046846
7156,0.82297747
7157,0.05013423
7158,0.35714908
7159,0.08113347
7160,1.01586470
7161,2.01022713
7162,1.13589135
7163,2.11573907
7164,0.11986127
7165,1.18452859
7166,1.98481284
7167,1.70148607
7168,2.15061844
7169,0.69054732
7170,1.26302551
7171,1.70692388
7172,0.42489397
7173,2.05726615
7174,0.78545427
7175,0.23530198
7176,1.93091271
7177,1.77788446
7178,2.22842511
7179,2.24959520
7180,0.70237701
7181,1.61736184
7182,2.51954431
7183,0.61482372
7184,1.19248170
7185,2.29521777
7186,0.25994539
7187,2.34081995
7188,1.23101136
7189,2.25203132
7190,1.56694858
7191,1.69319791
7192,1.94928231
7193,0.16930468
7194,1.58308005
7195,2.32994451
7196,2.41111082
7197,2.44187044
7198,1.62863433
7199,1.59699636
7200,1.39318389
7201,1.53210288
7202,1.54361360
7203,0.10694725
7204,0.22411544
7205,1.56201896
7206,0.79237996
7207,0.76012437
7208,0.48781340
7209,2.02010374
7210,2.43180124
7211,1.58305398
7212,2.38411842
7213,2.22894056
7214,0.54956187
7215,0.38715833
7216,0.53357347
7217,0.24262030
7218,1.46988070
7219,0.71277737
7220,2.30215342
7221,1.54686626
7222,0.90685268
7223,2.48302339
7224,2.40372404
7225,1.96347847
7226,1.99643384
7227,2.46443681
7228,1.51420567
7229,2.21919574
7230,0.16348354
7231,1.39721226
7232,1.26722559
7233,0.09513434
7234,0.21927544
7235,0.05507647
7236,0.74143698
7237,0.13494616
7238,1.06710781
7239,2.04954883
7240,1.54793053
7241,1.69913503
7242,0.07945616
7243,2.11708121
7244,0.36865997
7245,0.76321451
7246,1.30323004
7247,2.34521671
7248,2.51708856
7249,1.97368009
7250,1.83915356
7251,1.33068798
7252,1.67855104
7253,0.36420604
7254,0.67884992
7255,2.48302901
7256,2.47035005
7257,0.81446033
7258,0.60786879
7259,0.57879173
7260,1.22271174
7261,0.56428789
7262,1.63535166
7263,0.18868111
7264,0.26145234
7265,0.69836362
7266,1.96052298
7267,0.81526009
7268,1.18728718
7269,1.65584193
7270,1.98850607
7271,0.77445684
7272,1.84332753
7273,0.72139511
7274,1.62518793
7275,1.13701192
7276,2.33672947
7277,2.47659986
7278,1.95215044
7279,2.30857794
7280,0.34423394
7281,1.65039977
7282,0.50023883
7283,0.69844994
7284,1.31843456
7285,1.87111184
7286,1.81943309
7287,2.19256476
7288,1.41035647
7289,2.33601035
7290,2.23903877
7291,2.14111635
7292,0.57879686
7293,1.34018404
7294,1.85661007
7295,2.46149236
7296,0.02937565
7297,0.82490578
7298,0.86332648
7299,0.72761668
7300,2.06134530
7301,0.11366310
7302,0.90640934
7303,1.79469605
7304,1.02570073
7305,0.36329672
7306,1.54042243
7307,1.31789741
7308,2.47595795
7309,1.88760144
7310,2.48689517
7311,0.46993922
7312,1.92055769
7313,1.39109878
7314,1.79677622
7315,1.17905285
7316,0.53560105
7317,0.11534063
7318,2.11395902
7319,2.05474852
7320,0.40988898
7321,1.62699020
7322,1.86038539
7323,1.40619594
7324,0.79997667
7325,2.22153102
7326,1.62007994
7327,1.81621391
7328,1.64447510
7329,1.81891511
7330,0.36582745
7331,2.32655819
7332,0.72074801
7333,2.10957866
7334,2.25289733
7335,1.64222841
7336,1.50877013
7337,0.27499664
7338,1.10004577
7339,1.54241944
7340,0.20645810
7341,0.28108365
7342,2.50531724
7343,0.83781618
7344,0.88194264
7345,0.63429820
7346,1.62910562
7347,1.19298408
7348,1.99327479
7349,1.29238887
7350,0.03887940
7351,1.21722191
7352,0.13917277
7353,2.08495415
7354,0.28662160
7355,0.54710829
7356,1.15992229
7357,0.49220986
7358,1.35978301
7359,1.16177119
7360,2.40202971
7361,0.22286031
7362,1.45437919
7363,1.81667312
7364,0.32184776
7365,1.60500362
7366,2.17940049
7367,1.98602397
7368,2.35827247
7369,1.81714238
7370,0.99354111
7371,2.32115404
7372,0.56829795
7373,1.47195638
7374,1.93080341
7375,2.19968070
7376,2.31129587
7377,0.21429162
7378,1.83094512
7379,0.51470449
7380,1.96474996
7381,1.76696970
7382,0.45732975
7383,2.10019509
7384,1.16452086
7385,1.37147434
7386,2.44964326
7387,1.65585086
7388,1.48421428
7389,0.04227567
7390,0.50237448
7391,0.06699552
7392,0.84053532
7393,0.86876867
7394,1.33736492
7395,1.73942893
7396,0.45226813
7397,1.51722723
7398,2.31239067
7399,0.46654801
7400,1.66206053
7401,0.11496862
7402,1.33942661
7403,1.86998206
7404,0.08584904
7405,0.84142541
7406,2.21399371
7407,0.56860820
7408,1.82291431
7409,1.54391708
7410,0.41278378
7411,1.87040636
7412,1.34178031
7413,0.28250538
7414,2.39408315
7415,1.24061024
7416,1.87891304
7417,0.54899015
7418,0.34594612
7419,1.86939580
7420,1.69922144
7421,0.69123567
7422,1.88194570
7423,1.27346925
7424,0.87907987
7425,1.98434996
7426,1.55537711
7427,1.27920902
7428,1.94958832
7429,1.37392601
7430,2.36675500
7431,2.06293752
7432,0.90326427
7433,1.17241507
7434,2.41416049
7435,2.25748740
7436,0.48212659
7437,0.69173030
7438,0.91898221
7439,2.21876499
7440,2.33872038
7441,2.02330705
7442,0.69527238
7443,2.23696137
7444,0.08292216
7445,1.06620955
7446,0.95228980
7447,1.34974555
7448,1.41380044
7449,0.56841829
7450,0.51584283
7451,2.02639960
7452,0.19215353
7453,1.24394908
7454,0.48328879
7455,0.80587334
7456,0.69927181
7457,1.78672130
7458,1.14997489
7459,0.75512210
7460,2.09646750
7461,0.21635817
7462,1.93257544
7463,0.62618726
7464,2.31502073
7465,0.01402275
7466,1.40377088
7467,1.56920195
7468,1.45581226
7469,2.05527038
7470,0.28285391
7471,1.04793321
7472,2.17813386
7473,2.24117392
7474,1.25670501
7475,1.40705813
7476,1.92639159
7477,1.96598802
7478,2.23952472
7479,2.12800302
7480,1.04507685
7481,1.63852073
7482,1.21860349
7483,0.29747366
7484,2.07207944
7485,1.51750237
7486,0.14627885
7487,1.70689791
7488,0.71391466
7489,0.17467378
7490,1.52967079
7491,1.84645260
7492,1.30446671
7493,0.01424766
7494,1.45475919
7495,0.01667057
7496,2.33617590
7497,0.67408138
7498,2.19646657
7499,0.03054074
7500,0.24516003
7501,1.13834382
7502,1.91302363
7503,2.37691077
7504,1.31407590
7505,0.89638781
7506,0.11235961
7507,1.47197452
7508,0.95838016
7509,2.29261310
7510,1.21059432
7511,1.93027141
7512,2.13898053
7513,0.24783586
7514,1.11170908
7515,2.25373764
7516,1.07037502
7517,1.42518292
7518,2.20175555
7519,0.58654741
7520,2.25591702
7521,1.00121125
7522,1.49548697
7523,0.82723827
7524,1.32926753
7525,0.12429068
7526,0.16457358
7527,1.04583198
7528,0.84466973
7529,1.55287821
7530,0.09560415
7531,0.42282289
7532,0.52854285
7533,1.11081502
7534,0.62246012
7535,0.34715524
7536,1.50693660
7537,1.87586460
7538,1.72808009
7539,0.69646177
7540,2.15470191
7541,1.54286779
7542,1.55004097
7543,0.53675508
7544,0.61080490
7545,1.19720633
7546,0.59972973
7547,1.73516538
7548,0.77810201
7549,0.38309895
7550,0.38233663
7551,0.32084100
7552,1.10894466
7553,0.00767034
7554,1.36773240
7555,0.75225005
7556,1.39321859
7557,2.35891482
7558,2.19152648
7559,1.45361709
7560,1.05427367
7561,1.76110143
7562,2.32793237
7563,1.23452031
7564,0.25043355
7565,1.93188840
7566,0.02642995
7567,1.92823257
7568,0.21414272
7569,0.26886466
7570,1.97127481
7571,1.73880671
7572,1.41698434
7573,2.06931629
7574,2.14694418
7575,1.15373646
7576,2.51242211
7577,0.90173197
7578,0.43250414
7579,2.13334672
7580,1.04796921
7581,2.20527517
7582,0.15425046
7583,0.28004998
7584,0.10156178
7585,1.51812633
7586,2.09775910
7587,1.01541467
7588,0.22871553
7589,0.94179980
7590,0.87769007
7591,1.62268059
7592,1.64456865
7593,0.25980436
7594,1.05958566
7595,1.62026627
7596,0.65278783
7597,1.02655956
7598,1.54759041
7599,1.01594403
7600,0.07782783
7601,0.56138640
7602,1.95708755
7603,0.62666972
7604,2.06206941
7605,1.17742976
7606,1.19259384
7607,1.94305476
7608,0.96657522
7609,0.60139298
7610,0.26486970
7611,1.69439405
7612,1.18508256
7613,2.04112736
7614,1.15414613
7615,1.04605368
7616,0.75363489
7617,0.50291171
7618,2.09415996
7619,0.24010356
7620,2.27494631
7621,0.06786232
7622,1.31699488
7623,0.14709428
7624,1.96597977
7625,0.53334586
7626,1.42712038
7627,2.31105371
7628,1.63727400
7629,0.44968281
7630,2.00902770
7631,1.11330610
7632,0.03323258
7633,1.22750455
7634,2.04888880
7635,1.08425054
7636,1.91257141
7637,1.77916527
7638,1.15222357
7639,0.81524255
7640,1.83215766
7641,0.93032480
7642,0.42892158
7643,0.80914112
7644,2.21117491
7645,0.71464112
7646,0.59251627
7647,0.33645642
7648,0.13914895
7649,2.46297980
7650,1.35362204
7651,1.83998634
7652,1.94925128
7653,0.88846013
7654,2.01464652
7655,2.42462872
7656,1.87054339
7657,1.79481840
7658,1.08999044
7659,2.12160464
7660,0.22402993
7661,1.89052036
7662,0.91286198
7663,1.42724985
7664,2.25183710
7665,1.52571327
7666,0.06451439
7667,1.82223417
7668,2.34277332
7669,1.61899889
7670,2.17229173
7671,2.08119516
7672,2.17196947
7673,0.86773992
7674,1.19572684
7675,2.13853412
7676,2.29580335
7677,0.37030193
7678,0.45778372
7679,0.87462228
7680,1.94250404
7681,2.20648941
7682,1.46322573
7683,0.28563834
7684,0.76598176
7685,2.16120341
7686,0.87645150
7687,0.25925847
7688,0.76174581
7689,2.03431730
7690,1.24443701
7691,0.43266807
7692,0.78838536
7693,2.40469941
7694,1.08929368
7695,1.11360783
7696,0.38600766
7697,0.76801448
7698,2.05444033
7699,1.98260278
7700,1.09822399
7701,2.25357330
7702,0.95892272
7703,2.17962878
7704,0.07960460
7705,0.87563272
7706,2.15627458
7707,2.27288311
7708,1.90751779
7709,1.68923944
7710,2.05650508
7711,1.78429024
7712,0.64108626
7713,1.17573785
7714,1.66613812
7715,1.48229677
7716,2.23200059
7717,1.19492268
7718,0.44884411
7719,0.54112675
7720,2.13354875
7721,0.02199620
7722,2.19173516
7723,0.14018347
7724,0.98766956
7725,2.01784995
7726,1.02790892
7727,2.07376212
7728,0.25293288
7729,1.28998664
7730,1.46885901
7731,2.24655359
7732,0.23609407
7733,0.85387100
7734,1.66271635
7735,2.47114455
7736,2.13914141
7737,2.13465455
7738,1.30421008
7739,1.42302644
7740,2.16513000
7741,2.19298399
7742,2.02314143
7743,2.06423769
7744,2.21821228
7745,0.28693391
7746,0.73796799
7747,2.46152016
7748,1.37379437
7749,0.44500217
7750,1.26858556
7751,1.62851151
7752,2.08857438
7753,2.04811222
7754,0.12417894
7755,1.14368156
7756,0.05187417
7757,2.23971341
7758,0.43855208
7759,1.57578299
7760,1.43896201
7761,1.57743408
7762,1.42080099
7763,1.80454114
7764,1.57889804
7765,0.22771893
7766,0.92490185
7767,1.37837709
7768,0.82007131
7769,1.91736988
7770,0.80166325
7771,2.08973991
7772,0.37003014
7773,1.94022119
7774,0.46265842
7775,1.33152759
7776,0.80828703
7777,1.60720337
7778,0.53648263
7779,2.00583003
7780,1.44644026
7781,2.41400940
7782,1.79491221
7783,1.53170490
7784,2.09093652
7785,0.55398903
7786,1.59562355
7787,0.98450572
7788,1.87566034
7789,0.06170990
7790,1.07858786
7791,1.64343455
7792,1.16162219
7793,0.60010941
7794,1.17097767
7795,2.14284889
7796,0.52160078
7797,0.92592118
7798,2.49738448
7799,2.30190244
7800,0.08566385
7801,1.33736970
7802,0.16495954
7803,2.32986301
7804,1.11347079
7805,1.05519838
7806,0.68830626
7807,1.43442440
7808,0.36565491
7809,2.01477031
7810,1.23871468
7811,1.42848292
7812,2.12030499
7813,0.46690337
7814,0.44177235
7815,1.06116149
7816,1.98242441
7817,0.14764147
7818,2.00522600
7819,1.26278795
7820,1.41663210
7821,1.42324536
7822,0.14164433
7823,0.62986407
7824,1.90467681
7825,1.03964198
7826,1.41348882
7827,2.38272825
7828,0.11669003
7829,1.13398638
7830,0.91104781
7831,0.26844315
7832,2.39767146
7833,2.42456655
7834,0.78549993
7835,2.38738842
7836,0.08870323
7837,2.47358033
7838,2.10801717
7839,0.54049174
7840,1.51191322
7841,2.01311696
7842,0.80519685
7843,0.89207833
7844,1.58611734
7845,0.37093880
7846,0.29810194
7847,0.62995102
7848,1.86927720
7849,0.92447637
7850,1.27943562
7851,0.49288191
7852,0.48949043
7853,1.64028074
7854,0.27329960
7855,1.68413266
7856,1.01047473
7857,1.69278274
7858,0.96263111
7859,2.13353772
7860,0.14010299
7861,2.25267821
7862,0.67750092
7863,0.10728501
7864,1.41824847
7865,0.56576980
7866,1.15800041
7867,2.02324140
7868,1.99608857
7869,1.51402762
7870,2.46595435
7871,1.16946927
7872,0.09933186
7873,2.06639095
7874,0.55805233
7875,0.44443465
7876,0.17655177
7877,0.82688639
7878,0.82249608
7879,0.76351877
7880,1.49588947
7881,1.89520692
7882,2.36481901
7883,0.23717507
7884,0.37922977
7885,1.48744052
7886,0.24747773
7887,0.93497961
7888,1.57496982
7889,1.96834494
7890,0.54873551
7891,1.68449790
7892,1.62872710
7893,2.16774262
7894,0.79119743
7895,1.89154961
7896,1.89636112
7897,0.60319338
7898,1.56641000
7899,1.70259532
7900,0.69204446
7901,1.13933156
7902,1.09892738
7903,1.95060325
7904,0.00174730
7905,1.26346887
7906,0.46486589
7907,1.63117900
7908,1.71572551
7909,1.26372078
7910,1.36686808
7911,0.79450267
7912,0.79012614
7913,1.87900439
7914,0.33219793
7915,1.94554398
7916,1.65178478
7917,2.23042973
7918,0.65602446
7919,1.27646204
7920,0.09832599
7921,2.30111920
7922,1.70317374
7923,1.57074089
7924,1.84766442
7925,0.71701092
7926,1.52278983
7927,2.01973037
7928,0.22770430
7929,2.41790232
7930,2.24912125
7931,2.42849858
7932,2.03845841
7933,0.74218364
7934,1.46654266
7935,0.30302392
7936,1.90182542
7937,0.38744522
7938,2.18591892
7939,0.60662904
7940,0.40452313
7941,0.17880733
7942,1.79389040
7943,0.46956383
7944,0.49847328
7945,0.42793683
7946,0.77114351
7947,2.37350573
7948,1.22714320
7949,0.65787353
7950,0.42968732
7951,0.04766881
7952,0.92042498
7953,0.27755184
7954,0.06812167
7955,0.25969338
7956,0.80323632
7957,1.89349600
7958,0.16892682
7959,1.71145129
7960,1.56485835
7961,2.22416449
7962,0.46397369
7963,2.00295012
7964,2.18097952
7965,2.46245472
7966,2.03896490
7967,0.31211680
7968,2.38842839
7969,2.05521178
7970,0.53543553
7971,0.41659096
7972,2.36140817
7973,0.39263741
7974,1.95966596
7975,1.02196737
7976,1.82526134
7977,0.23163050
7978,1.82842115
7979,1.29091755
7980,2.27053492
7981,0.47509816
7982,0.27577300
7983,0.49482301
7984,0.19815169
7985,2.47170049
7986,0.30981804
7987,0.50650035
7988,2.04183059
7989,0.62225746
7990,0.56057275
7991,1.69540250
7992,1.00559105
7993,2.10687516
7994,1.60956098
7995,0.72681010
7996,1.50781820
7997,2.18500526
7998,0.91913967
7999,1.85720047
8000,1.04863168
8001,1.36950043
8002,1.85021347
8003,0.15263913
8004,1.14727389
8005,0.24010897
8006,1.82828814
8007,1.53274065
8008,0.82443957
8009,0.19236716
8010,2.33464813
8011,0.79436531
8012,0.69443600
8013,0.25471359
8014,1.45594560
8015,0.66991619
8016,2.12547038
8017,1.72177247
8018,0.00987654
8019,1.42649508
8020,0.58463363
8021,0.03875618
8022,1.56189437
8023,0.51674727
8024,2.26866232
8025,1.44592802
8026,0.52751704
8027,2.46912048
8028,1.37799411
8029,0.41728386
8030,1.30436048
8031,2.41924431
8032,1.06975702
8033,1.07261992
8034,1.16285125
8035,0.70635575
8036,0.40798223
8037,1.45991609
8038,2.25495506
8039,1.85533191
8040,0.24256489
8041,1.01084574
8042,0.01335901
8043,0.77655334
8044,1.68800573
8045,0.73190294
8046,2.11968356
8047,1.20384861
8048,1.68748013
8049,2.22889282
8050,1.72188223
8051,2.26283807
8052,2.03774437
8053,1.42999939
8054,0.74955222
8055,0.75184526
8056,2.20737185
8057,0.13588677
8058,2.37407417
8059,0.82476775
8060,1.86325353
8061,0.83225724
8062,2.40399359
8063,0.09198257
8064,0.89098663
8065,2.18752556
8066,0.69110669
8067,0.69504803
8068,2.26643311
8069,2.09452639
8070,0.26673282
8071,1.46307384
8072,0.56335133
8073,0.54252944
8074,1.55190022
8075,0.31236384
8076,1.18467015
8077,0.64512303
8078,2.15338463
8079,1.39830094
8080,0.54245520
8081,2.33632053
8082,2.07514491
8083,0.66900527
8084,2.42353596
8085,0.67517521
8086,0.73797743
8087,0.97330790
8088,0.41560198
8089,1.73248829
8090,1.40547051
8091,2.25561647
8092,0.60743165
8093,0.42928416
8094,0.90436330
8095,0.36845395
8096,2.38596216
8097,1.80922660
8098,2.00780184
8099,1.88638446
8100,0.61233381
8101,0.35470525
8102,1.08292902
8103,2.09058457
8104,0.83348174
8105,0.02411949
8106,1.66451337
8107,0.50451352
8108,1.36889966
8109,0.03752791
8110,1.28319715
8111,0.99258702
8112,2.22018461
8113,1.82023935
8114,0.09085818
8115,1.99098363
8116,1.99528336
8117,1.67295833
8118,2.34345982
8119,2.02561013
8120,0.55201222
8121,0.96216813
8122,0.88242363
8123,1.27325630
8124,2.40503314
8125,1.55239040
8126,0.78915875
8127,2.37427815
8128,1.76591495
8129,0.67099315
8130,2.28600431
8131,0.86802361
8132,1.30176082
8133,1.20848518
8134,2.32917192
8135,0.66994117
8136,0.84052100
8137,1.66476424
8138,2.23582885
8139,0.28971328
8140,0.52927826
8141,2.39071176
8142,1.96015448
8143,0.87270617
8144,0.90187033
8145,1.18405199
8146,1.69915921
8147,1.41481052
8148,1.95718599
8149,0.13659932
8150,2.06542157
8151,0.14639522
8152,2.22160168
8153,0.10908107
8154,0.32236578
8155,0.45438438
8156,0.56248283
8157,1.01314834
8158,1.65296704
8159,2.25092829
8160,1.32267001
8161,1.34281107
8162,0.80521232
8163,2.01912140
8164,0.27862296
8165,0.75931160
8166,0.24456717
8167,0.54011498
8168,1.47925845
8169,0.31764495
8170,0.25373722
8171,2.08274618
8172,0.29832516
8173,1.53336374
8174,0.88768895
8175,2.26041950
8176,1.78426968
8177,0.14987241
8178,2.25815242
8179,1.04375439
8180,0.75205972
8181,1.69659338
8182,1.81055613
8183,0.76472731
8184,0.88679464
8185,0.39423086
8186,1.49652149
8187,2.41309123
8188,1.05062760
8189,2.51218883
8190,0.44487796
8191,2.00756935
8192,2.34046276
8193,1.73510641
8194,0.27569788
8195,0.82346036
8196,0.21603204
8197,1.51746351
8198,2.51708766
8199,0.94504223
8200,0.41091107
8201,0.67744801
8202,1.43942500
8203,1.43478452
8204,0.57955521
8205,1.89309514
8206,0.22194927
8207,1.57115706
8208,1.07351120
8209,0.32070795
8210,1.59976500
8211,1.69726769
8212,1.10962608
8213,2.01234393
8214,1.28437412
8215,0.72060592
8216,2.40474984
8217,2.38064885
8218,0.24113754
8219,2.38578628
8220,1.95557819
8221,0.26893423
8222,1.30961355
8223,0.08814265
8224,1.48495549
8225,2.35327172
8226,0.92853768
8227,1.28263056
8228,0.57385478
8229,1.36413626
8230,2.02389822
8231,0.54283206
8232,1.39576035
8233,0.89432644
8234,1.88595186
8235,1.77037136
8236,1.76217818
8237,0.95272984
8238,1.51123777
8239,1.64187934
8240,1.71684797
8241,1.45065785
8242,2.18587053
8243,0.62741238
8244,0.14073499
8245,2.42719892
8246,0.15315950
8247,2.27703415
8248,1.54403475
8249,2.31683932
8250,1.42467770
8251,2.07038433
8252,1.81891912
8253,1.32420658
8254,0.91621603
8255,0.00721386
8256,0.63272494
8257,2.40012376
8258,0.69465052
8259,1.89598935
8260,1.28230888
8261,0.77800082
8262,2.49929579
8263,0.11846184
8264,1.46785810
8265,1.16383850
8266,0.19298473
8267,0.53990161
8268,1.75071005
8269,0.27318203
8270,2.01999062
8271,1.57625279
8272,0.25434194
8273,0.72327942
8274,0.34593264
8275,2.01135661
8276,1.34399600
8277,0.00714052
8278,1.36907236
8279,1.21751517
8280,1.62168318
8281,0.08787218
8282,0.08933917
8283,0.88102376
8284,1.73632629
8285,1.68089818
8286,0.70171580
8287,0.54487283
8288,1.72267731
8289,0.06837571
8290,1.40407348
8291,1.06947563
8292,0.60292173
8293,1.31206675
8294,0.54764704
8295,1.42308313
8296,0.37567916
8297,1.02306094
8298,1.28717264
8299,0.07994624
8300,1.54008141
8301,1.89211305
8302,2.41098433
8303,0.51223836
8304,0.52628203
8305,0.76871179
8306,2.24628992
8307,1.02599690
8308,0.76105321
8309,1.86907808
8310,0.09580592
8311,1.38397809
8312,1.13527153
8313,1.57574142
8314,1.84365602
8315,0.81954416
8316,1.60489029
8317,1.32223096
8318,0.33783768
8319,2.22349875
8320,1.90289322
8321,2.32418707
8322,1.81668568
8323,0.61734550
8324,1.08568439
8325,0.97559026
8326,0.09033814
8327,1.03530466
8328,0.87144451
8329,0.00989893
8330,2.13623871
8331,0.36281971
8332,1.26328114
8333,1.97876682
8334,1.52435609
8335,0.42706587
8336,1.55897913
8337,1.91047544
8338,2.15550806
8339,0.80356981
8340,0.08554547
8341,1.53309859
8342,0.56933626
8343,1.96922766
8344,1.71449703
8345,1.94978945
8346,2.43987765
8347,1.47408755
8348,2.28045842
8349,1.61869990
8350,0.45831825
8351,2.01566094
8352,1.74933986
8353,2.46612549
8354,0.61387917
8355,0.84006398
8356,2.07160058
8357,0.15859608
8358,1.59677675
8359,1.35034181
8360,0.42573098
8361,0.41640008
8362,2.04312141
8363,0.03895297
8364,1.88335285
8365,1.84760900
8366,1.63833576
8367,1.03270602
8368,0.07142185
8369,2.02188586
8370,0.31700648
8371,0.70808046
8372,2.38755565
8373,0.76122270
8374,0.64340173
8375,2.45460305
8376,0.21670380
8377,0.40522539
8378,1.10533209
8379,1.98632023
8380,2.23013785
8381,1.90552985
8382,2.46167524
8383,0.04248591
8384,1.56224588
8385,0.29340036
8386,2.29571298
8387,2.35861673
8388,0.76416607
8389,2.08727959
8390,1.58940267
8391,0.25341189
8392,1.52003580
8393,2.46137770
8394,0.77694084
8395,0.00288087
8396,2.46323027
8397,1.04396754
8398,1.08670959
8399,1.79703499
8400,1.52411405
8401,0.76153940
8402,0.25212351
8403,2.08640703
8404,1.21896137
8405,1.69581737
8406,2.16998338
8407,0.04469556
8408,2.16716047
8409,1.89584515
8410,2.38765355
8411,0.58906215
8412,0.81307322
8413,1.66808932
8414,2.33462424
8415,2.50326985
8416,1.05091303
8417,1.35980751
8418,0.43009143
8419,1.75003774
8420,2.11164447
8421,2.01399944
8422,0.87213443
8423,2.42911687
8424,0.30348834
8425,1.24567388
8426,1.39856042
8427,1.35295889
8428,1.91121654
8429,1.53728224
8430,0.19450541
8431,0.45354535
8432,1.34217882
8433,1.75148077
8434,1.29662466
8435,0.89650651
8436,0.12895279
8437,1.98180068
8438,1.25380458
8439,1.35869657
8440,1.18260014
8441,0.66913939
8442,0.69694940
8443,0.16013734
8444,1.78439320
8445,0.68560002
8446,0.75290173
8447,2.50536482
8448,0.97292762
8449,1.28785571
8450,0.97459335
8451,0.73179408
8452,0.01475823
8453,2.15581529
8454,1.19318024
8455,1.81538877
8456,2.41749834
8457,0.00714406
8458,1.70228645
8459,0.29918653
8460,1.15487832
8461,2.13537834
8462,0.18029890
8463,2.49556369
8464,1.46472790
8465,0.99607958
8466,0.04920417
8467,1.47982626
8468,1.24799503
8469,0.54298015
8470,1.23679106
8471,0.03225547
8472,2.52043857
8473,0.83751430
8474,1.21100518
8475,1.97901986
8476,1.79745418
8477,2.24072946
8478,2.37379397
8479,0.47706365
8480,0.98449563
8481,1.73198609
8482,0.11354417
8483,1.80796121
8484,0.01231894
8485,2.30510836
8486,1.81104921
8487,1.42605266
8488,1.08158591
8489,2.49155734
8490,1.85730389
8491,2.03579657
8492,2.08142019
8493,0.05516727
8494,0.13790457
8495,0.50023138
8496,1.65230026
8497,1.57344912
8498,0.81998589
8499,2.45366548
8500,0.23479596
8501,1.95869947
8502,1.21265685
8503,1.05620001
8504,0.06447269
8505,1.83533416
8506,1.94572604
8507,0.80433576
8508,1.30365616
8509,1.52930062
8510,0.92711417
8511,1.55234914
8512,1.09476480
8513,2.21427834
8514,1.81191613
8515,0.27865765
8516,2.01640487
8517,0.85110955
8518,2.35927545
8519,1.52155672
8520,0.06954889
8521,1.85188458
8522,0.32968375
8523,2.21225496
8524,2.39145776
8525,1.75326680
8526,1.34377699
8527,1.51825758
8528,1.08147041
8529,0.21077915
8530,2.34231687
8531,0.83013085
8532,0.78892855
8533,0.48247771
8534,2.50261139
8535,2.37691767
8536,0.88118582
8537,0.65567315
8538,2.03094616
8539,1.06572177
8540,2.44052536
8541,2.27264901
8542,1.91515189
8543,0.22677086
8544,1.77059599
8545,2.48961463
8546,0.94135523
8547,2.22310232
8548,1.02923653
8549,2.44944215
8550,1.64819932
8551,0.24335438
8552,1.20803856
8553,0.12540769
8554,0.99628703
8555,2.30836833
8556,0.58556042
8557,2.39710011
8558,0.25198524
8559,1.67649382
8560,2.43522339
8561,1.64961706
8562,2.26706894
8563,2.49913698
8564,1.61857395
8565,1.97267937
8566,0.08066284
8567,1.07757483
8568,0.72693779
8569,2.07839495
8570,1.70868768
8571,1.54940428
8572,2.34916390
8573,0.22410667
8574,2.40535505
8575,0.25410770
8576,0.87509624
8577,1.58939786
8578,0.86112234
8579,1.72119119
8580,1.95541740
8581,2.08929017
8582,0.45226442
8583,0.45915635
8584,0.13192711
8585,1.23781062
8586,0.34682977
8587,0.80342665
8588,2.11937086
8589,2.39228650
8590,2.07307560
8591,0.00163918
8592,1.43242026
8593,0.42027960
8594,0.94754456
8595,1.07910948
8596,2.37786665
8597,1.59813589
8598,0.67496372
8599,1.62097315
8600,2.40037258
8601,0.14918875
8602,2.05772247
8603,0.54696592
8604,0.38610437
8605,2.26672337
8606,0.00466799
8607,1.86883840
8608,0.21997252
8609,1.55843485
8610,1.56575199
8611,2.17571116
8612,2.07441352
8613,1.72781852
8614,0.95965068
8615,0.41963811
8616,1.60303867
8617,1.25323859
8618,0.19655516
8619,2.40969402
8620,0.79289210
8621,0.00540260
8622,2.27384325
8623,1.45518320
8624,1.84860118
8625,0.38499048
8626,1.02031920
8627,1.62668842
8628,0.63287482
8629,1.76901033
8630,0.58912297
8631,0.52737259
8632,0.02931860
8633,0.71090296
8634,0.62221306
8635,1.92752163
8636,1.43667109
8637,0.44843333
8638,1.43268058
8639,0.56851690
8640,1.07301525
8641,2.23984438
8642,1.81378977
8643,1.64191675
8644,0.70983551
8645,0.31416816
8646,1.89875456
8647,1.43208271
8648,1.57045069
8649,2.45899787
8650,0.87838302
8651,2.01929063
8652,1.40955453
8653,0.59327131
8654,0.13337537
8655,1.55343068
8656,0.75051814
8657,1.75382788
8658,1.76706409
8659,1.14856237
8660,1.35266450
8661,1.57999977
8662,1.18170947
8663,2.21251501
8664,0.19149227
8665,2.47086231
8666,0.08435902
8667,0.52477148
8668,1.78618071
8669,0.21425281
8670,0.66113873
8671,0.38829508
8672,1.82467200
8673,1.45993043
8674,0.16260317
8675,1.16034845
8676,0.52579675
8677,2.44029978
8678,0.27214640
8679,1.50815082
8680,1.21510324
8681,1.45778973
8682,2.41204167
8683,0.86063230
8684,1.88820705
8685,1.12840350
8686,1.66628090
8687,0.92210169
8688,0.57274995
8689,0.21086382
8690,0.25659552
8691,2.41944923
8692,1.98829600
8693,0.61773054
8694,1.33438211
8695,1.80112176
8696,0.88901720
8697,1.10954479
8698,1.81158500
8699,0.57358744
8700,1.32731394
8701,0.52979434
8702,0.00776507
8703,1.74067792
8704,1.78355054
8705,2.51096961
8706,0.45648014
8707,1.86504212
8708,2.39054266
8709,1.62547573
8710,2.42880554
8711,2.50773744
8712,2.02150188
8713,2.51995514
8714,1.57817806
8715,1.25345520
8716,2.31405498
8717,2.09546849
8718,0.27767944
8719,0.76339549
8720,0.65728642
8721,2.15676173
8722,0.58819101
8723,0.76672957
8724,1.30826033
8725,0.19195857
8726,2.42398668
8727,1.23834255
8728,0.48023070
8729,0.68294680
8730,2.01257323
8731,1.59881109
8732,1.17167562
8733,0.83622046
8734,2.27130651
8735,1.94822012
8736,1.81090443
8737,1.12470669
8738,2.47424648
8739,1.79062515
8740,1.06828052
8741,2.42227795
8742,2.25880022
8743,1.86601266
8744,1.93417795
8745,1.06828752
8746,1.27941616
8747,0.48303896
8748,1.50144566
8749,0.93284183
8750,0.87615734
8751,2.39120027
8752,0.41554704
8753,2.09299148
8754,0.70979799
8755,0.07226650
8756,0.10204196
8757,1.08228323
8758,1.14604172
8759,0.80759797
8760,1.68650028
8761,1.22391814
8762,0.18689888
8763,0.87775328
8764,0.25712883
8765,0.15866188
8766,0.52530172
8767,1.76668154
8768,1.75514751
8769,2.17221368
8770,1.90750582
8771,1.35039132
8772,0.78833421
8773,0.01465927
8774,1.63192421
8775,0.73058887
8776,0.63069450
8777,2.45827216
8778,0.43939464
8779,0.08179648
8780,2.39413104
8781,0.77167712
8782,0.99211183
8783,0.20410186
8784,1.01895629
8785,2.45170489
8786,1.75014958
8787,1.19487277
8788,0.77537129
8789,0.92307613
8790,1.54136979
8791,0.64166402
8792,0.38317806
8793,1.75572002
8794,2.19259108
8795,2.27346147
8796,2.12185280
8797,1.33804481
8798,1.98924002
8799,2.33604333
8800,0.05891877
8801,1.03921353
8802,0.51475791
8803,2.51360758
8804,2.34413886
8805,2.02291797
8806,0.74613955
8807,2.40096970
8808,0.07376647
8809,0.47419358
8810,1.55560661
8811,1.99977021
8812,2.22830180
8813,0.75781224
8814,0.98551632
8815,1.14696593
8816,0.06802539
8817,2.17872012
8818,0.85222614
8819,0.50253492
8820,1.03189754
8821,1.79186857
8822,2.19623703
8823,0.54313011
8824,0.43529118
8825,2.37999050
8826,1.38921957
8827,0.92239036
8828,0.50263831
8829,2.50977209
8830,1.81360838
8831,0.54945678
8832,0.23013779
8833,0.50254473
8834,0.62474947
8835,0.28013455
8836,0.57912787
8837,0.29449355
8838,0.95254971
8839,1.22606788
8840,1.14811981
8841,2.09106609
8842,0.64051744
8843,2.23703455
8844,2.29006445
8845,2.42038075
8846,0.45639891
8847,0.61972751
8848,1.57315428
8849,0.35529785
8850,0.21591986
8851,0.18585020
8852,1.52856304
8853,2.02920266
8854,0.65284950
8855,2.35414486
8856,1.99706890
8857,0.19534004
8858,1.02712151
8859,0.17152073
8860,2.30789662
8861,1.87316675
8862,1.73130052
8863,1.72160872
8864,0.71916360
8865,2.35415815
8866,2.32701780
8867,1.86481134
8868,1.18252970
8869,0.11881830
8870,0.07139832
8871,0.34834462
8872,1.50237480
8873,2.01261265
8874,2.39179934
8875,0.44222376
8876,0.69481704
8877,0.13643162
8878,2.49413557
8879,1.96927811
8880,1.21224583
8881,1.45143708
8882,1.41766844
8883,0.64143880
8884,0.46751343
8885,0.74890316
8886,0.62326402
8887,1.40595157
8888,0.77721509
8889,1.83822195
8890,1.43220715
8891,1.34224122
8892,2.39893087
8893,0.81304094
8894,1.60199703
8895,0.00013179
8896,1.85834264
8897,1.26729517
8898,0.52549926
8899,0.00381337
8900,1.78274132
8901,1.67117080
8902,1.67799570
8903,1.10315660
8904,1.61215329
8905,1.44076864
8906,0.60243812
8907,1.30820835
8908,1.29767942
8909,2.07697660
8910,1.09315583
8911,1.09970334
8912,2.48242785
8913,2.25561998
8914,0.61098925
8915,2.29553735
8916,0.34792178
8917,2.15204454
8918,0.46230017
8919,1.07327012
8920,2.48121024
8921,0.24473745
8922,2.11774055
8923,1.24760034
8924,0.27989679
8925,2.40195095
8926,1.38502930
8927,2.22076218
8928,2.19167610
8929,0.03690891
8930,0.66786664
8931,0.84963671
8932,1.34879848
8933,0.18123236
8934,0.98088209
8935,2.05431926
8936,0.43674912
8937,1.76844932
8938,1.16084063
8939,0.17830488
8940,0.44729749
8941,0.35564862
8942,1.56277870
8943,0.22021458
8944,2.07552380
8945,2.03419822
8946,0.20190060
8947,2.23981698
8948,2.41876964
8949,0.10961987
8950,2.39649940
8951,0.70473834
8952,1.67636873
8953,0.44084604
8954,2.06142486
8955,2.12310059
8956,2.46713830
8957,2.50292714
8958,0.19129843
8959,1.65922500
8960,0.68855880
8961,0.31668012
8962,0.37522923
8963,2.36146639
8964,1.72399780
8965,0.12725411
8966,2.48198807
8967,2.03710606
8968,0.77967758
8969,1.18741304
8970,1.83224839
8971,1.70478924
8972,1.16777920
8973,1.29212426
8974,0.10896317
8975,1.26247690
8976,0.85802232
8977,0.71883249
8978,0.67992495
8979,1.63648711
8980,1.08248529
8981,1.07377210
8982,0.40143420
8983,2.42558528
8984,0.56469042
8985,1.02411073
8986,0.47965332
8987,1.77315586
8988,1.09981256
8989,1.04312659
8990,2.20677620
8991,1.91522378
8992,1.31099996
8993,1.18167281
8994,2.42063718
8995,2.41196429
8996,1.77726131
8997,1.91690851
8998,2.26729326
8999,2.43175144
9000,0.20748066
9001,2.51504510
9002,1.77285164
9003,1.49475951
9004,1.04190905
9005,0.84829593
9006,2.02802264
9007,1.65032689
9008,0.50613274
9009,1.53804836
9010,0.35598999
9011,1.25299910
9012,1.47133946
9013,1.60304156
9014,0.36631931
9015,0.24107988
9016,0.65240190
9017,1.53078268
9018,2.34947691
9019,1.96476027
9020,1.88050096
9021,0.83276812
9022,0.28170240
9023,2.24925390
9024,1.26303234
9025,0.25346753
9026,1.34906247
9027,1.70322110
9028,0.80671259
9029,0.02332763
9030,1.56754258
9031,0.10111506
9032,1.09140137
9033,2.07988252
9034,2.51884991
9035,0.93381615
9036,0.05075923
9037,1.24298339
9038,0.69670210
9039,2.25136110
9040,1.79423846
9041,1.01960704
9042,1.92165017
9043,0.86044063
9044,1.31576237
9045,2.32703954
9046,0.50475106
9047,0.78945869
9048,2.23325088
9049,1.16474670
9050,0.80164084
9051,0.09406211
9052,1.05649969
9053,1.26239586
9054,1.02467475
9055,0.69968744
9056,0.93085879
9057,1.62009043
9058,2.24759034
9059,1.63832528
9060,1.62946539
9061,2.05995976
9062,0.41645321
9063,0.75929760
9064,0.12758202
9065,0.88170386
9066,2.51878977
9067,0.83044824
9068,2.16813820
9069,0.21631422
9070,1.15928459
9071,0.88630623
9072,0.50834606
9073,0.93937244
9074,1.64236586
9075,1.23643938
9076,2.12920497
9077,2.28205484
9078,1.21521822
9079,2.47567420
9080,0.18162261
9081,0.69686304
9082,1.05084651
9083,1.46943269
9084,1.37670342
9085,1.43230053
9086,2.26012597
9087,0.69995464
9088,2.05990651
9089,1.40714301
9090,1.23689937
9091,0.75505046
9092,0.76679016
9093,0.97965393
9094,1.92538805
9095,1.20220613
9096,0.38793449
9097,1.91619044
9098,1.67288378
9099,2.39374867
9100,1.33505507
9101,1.65029432
9102,1.20875609
9103,1.71676282
9104,1.09978310
9105,0.34764394
9106,2.48817433
9107,1.81658257
9108,1.53480738
9109,1.21402775
9110,1.79405147
9111,0.31969901
9112,0.82238116
9113,0.31446493
9114,0.31780813
9115,0.05383733
9116,1.90617968
9117,0.57322005
9118,2.09812107
9119,2.28076347
9120,0.42508588
9121,1.78758328
9122,1.16078091
9123,2.31739605
9124,1.22158404
9125,0.95543002
9126,0.74282423
9127,2.27871309
9128,0.57037218
9129,2.08729537
9130,0.48969666
9131,1.62249128
9132,1.13747970
9133,0.26380123
9134,0.31757590
9135,0.70990032
9136,1.93330937
9137,1.83820987
9138,0.51726648
9139,1.20086785
9140,0.24458117
9141,1.80544294
9142,2.00051494
9143,2.25321960
9144,2.23363559
9145,0.85208465
9146,0.64187527
9147,2.26097997
9148,0.36819747
9149,0.14965514
9150,0.79244691
9151,1.91729211
9152,1.75060368
9153,2.48911253
9154,0.90665854
9155,0.69562258
9156,0.95374983
9157,1.97266024
9158,0.54041540
9159,2.38998929
9160,1.29252631
9161,1.97490141
9162,2.08615310
9163,1.20745699
9164,1.86955872
9165,0.91967268
9166,2.04496328
9167,2.07768300
9168,1.42783465
9169,0.55011876
9170,2.44666614
9171,2.38805229
9172,1.56303768
9173,2.48110778
9174,1.26793158
9175,0.94688251
9176,1.16127842
9177,0.11577022
9178,1.38475312
9179,1.68007696
9180,0.27618631
9181,0.64455775
9182,1.81865143
9183,2.00124156
9184,2.48611611
9185,0.63857140
9186,2.12190560
9187,0.43400508
9188,0.33004695
9189,1.83887455
9190,1.12438357
9191,2.00208211
9192,0.71256240
9193,0.53762616
9194,1.38393833
9195,0.29078851
9196,0.70294045
9197,0.41921260
9198,0.80708395
9199,1.93040184
9200,0.30448632
9201,1.54298566
9202,1.47463900
9203,1.35703599
9204,1.22115638
9205,1.67409578
9206,2.14805916
9207,0.40862030
9208,2.05304123
9209,0.15503044
9210,1.21580231
9211,1.28979321
9212,0.49826654
9213,0.22613743
9214,0.18891101
9215,0.09389899
9216,1.44646335
9217,0.39207250
9218,2.03935676
9219,2.26693974
9220,0.73738492
9221,0.41474763
9222,1.03294360
9223,2.22310534
9224,1.00824886
9225,0.27320137
9226,2.48309263
9227,1.26006163
9228,0.86337999
9229,2.25349394
9230,2.33868553
9231,1.25282167
9232,0.77346673
9233,1.21708681
9234,0.55297877
9235,1.20600189
9236,0.57857242
9237,1.56904504
9238,1.91625601
9239,2.44466037
9240,2.12475770
9241,0.21721482
9242,0.53341232
9243,1.34079901
9244,0.64958467
9245,0.03622961
9246,1.90339954
9247,0.90221632
9248,0.16669199
9249,1.28316326
9250,2.46428193
9251,1.71111011
9252,0.40037285
9253,1.29692993
9254,2.27392432
9255,0.13679318
9256,1.60861243
9257,1.81887557
9258,1.77534688
9259,0.37869664
9260,2.28793537
9261,0.81269243
9262,0.13048466
9263,0.20986666
9264,1.15390070
9265,0.10082880
9266,1.96584207
9267,2.18339609
9268,0.03372795
9269,2.04265711
9270,2.47436328
9271,0.07658508
9272,1.82819156
9273,2.51947139
9274,2.01013933
9275,1.27438904
9276,2.23130802
9277,1.78523397
9278,0.73749459
9279,0.56568293
9280,1.29251385
9281,0.94059364
9282,0.83084061
9283,0.44868634
9284,2.13160560
9285,1.77787569
9286,0.83551463
9287,0.59934151
9288,0.32313613
9289,0.28373386
9290,1.57730485
9291,0.27441403
9292,2.42142201
9293,0.70391356
9294,0.06507757
9295,2.15693337
9296,0.92696829
9297,0.86487895
9298,0.29913586
9299,1.66542462
9300,0.90479194
9301,2.07539204
9302,1.59026695
9303,2.21892466
9304,1.56994883
9305,1.96515038
9306,1.75650330
9307,1.16654739
9308,1.73666898
9309,1.67348151
9310,0.01690899
9311,1.76179558
9312,0.66110531
9313,1.36634679
9314,0.28075677
9315,0.05806115
9316,0.03813227
9317,0.39893141
9318,0.05016808
9319,0.33387755
9320,1.41010115
9321,1.00939285
9322,2.47320744
9323,2.03933056
9324,0.37013614
9325,1.05104351
9326,1.08680549
9327,0.91317275
9328,1.24975853
9329,1.68926145
9330,1.61616890
9331,0.90051957
9332,1.77795417
9333,0.73001444
9334,2.10684664
9335,2.43191104
9336,0.74325680
9337,1.97879387
9338,2.05126209
9339,1.23758753
9340,0.22128106
9341,1.98255970
9342,1.02756309
9343,0.52470823
9344,1.58026046
9345,1.10185357
9346,0.22084010
9347,2.48058737
9348,0.61698063
9349,1.28853116
9350,1.68273948
9351,0.29023093
9352,1.86461284
9353,1.63482763
9354,1.24512637
9355,1.33232122
9356,2.40776018
9357,2.29706236
9358,0.28239827
9359,0.92990527
9360,1.30317340
9361,2.31995485
9362,2.05917415
9363,0.97461756
9364,2.23480679
9365,0.95362421
9366,0.68388539
9367,1.53800194
9368,0.89750000
9369,1.56956149
9370,1.03312567
9371,2.00673636
9372,2.40653951
9373,0.68165677
9374,1.28612296
9375,1.82684290
9376,0.39974993
9377,2.00708186
9378,1.47011470
9379,0.37761255
9380,2.18946363
9381,1.07603878
9382,0.44539427
9383,0.49274525
9384,1.98085628
9385,2.35964801
9386,0.95385653
9387,0.19878896
9388,0.25425490
9389,1.65043647
9390,0.93494791
9391,1.07460198
9392,0.84995395
9393,1.17397683
9394,1.62287610
9395,1.36462277
9396,0.41418022
9397,1.23891215
9398,1.16155592
9399,1.37621800
9400,0.27908647
9401,0.38716142
9402,1.33714832
9403,0.69458293
9404,1.58626590
9405,0.93999058
9406,0.55664236
9407,1.65526885
9408,0.99334149
9409,0.39746365
9410,2.03961960
9411,1.08879242
9412,2.30758438
9413,0.48771326
9414,2.20994188
9415,2.05752654
9416,0.26205403
9417,1.34077242
9418,1.64843004
9419,1.24948723
9420,0.98415075
9421,2.38013968
9422,1.76730037
9423,2.43568820
9424,2.13398691
9425,2.06060668
9426,1.82986864
9427,1.62925560
9428,2.23645018
9429,1.54687131
9430,0.18986278
9431,1.46908471
9432,0.25932885
9433,2.39390578
9434,1.63074276
9435,1.40120612
9436,0.49885991
9437,1.30064060
9438,0.86378229
9439,1.70316039
9440,1.52417560
9441,1.25913266
9442,0.63735419
9443,1.32579779
9444,1.16428906
9445,2.14668536
9446,2.25530090
9447,1.91464203
9448,0.80605675
9449,0.09605641
9450,2.33347172
9451,2.50161278
9452,0.32031895
9453,1.72895755
9454,1.07211815
9455,0.37453572
9456,2.51696788
9457,2.35337564
9458,2.47789980
9459,0.36287476
9460,1.24051567
9461,2.25892421
9462,1.70258613
9463,1.09596199
9464,1.30297874
9465,0.09734779
9466,1.54209865
9467,2.16799325
9468,0.00704895
9469,0.40339533
9470,1.30624663
9471,1.41461691
9472,0.86585351
9473,0.07044794
9474,1.87517898
9475,0.61260097
9476,1.62546808
9477,1.41003341
9478,1.08647082
9479,1.48856773
9480,1.75271931
9481,1.44306225
9482,1.40594487
9483,1.09968395
9484,1.08444444
9485,1.23809847
9486,1.14003240
9487,1.10711515
9488,0.53050522
9489,1.82786544
9490,0.33527725
9491,2.29154625
9492,1.57571116
9493,0.12331949
9494,1.66183526
9495,0.91165335
9496,2.34464027
9497,2.36055414
9498,2.13322552
9499,1.43197810
9500,2.31794210
9501,1.63865908
9502,2.20686237
9503,0.40361856
9504,2.28012243
9505,1.66837163
9506,0.76478568
9507,2.51624216
9508,1.73215499
9509,2.29080393
9510,0.01408942
9511,1.39286449
9512,1.79683453
9513,0.03464514
9514,1.92298920
9515,1.64279476
9516,0.69287977
9517,1.73735226
9518,0.33010405
9519,2.07802139
9520,2.18440885
9521,1.22425643
9522,1.27964731
9523,1.01388542
9524,0.87085071
9525,2.20123691
9526,0.76881859
9527,1.01589185
9528,0.75631857
9529,1.65607069
9530,2.05326065
9531,0.41441828
9532,0.64240151
9533,0.26253792
9534,0.40394830
9535,1.02605858
9536,1.95657153
9537,1.36583011
9538,0.13435367
9539,1.57631774
9540,2.00556382
9541,0.99223225
9542,0.61786508
9543,1.92646545
9544,0.06028972
9545,2.05672224
9546,2.02814715
9547,2.23928422
9548,0.22565032
9549,0.27174426
9550,2.20087011
9551,1.19849885
9552,0.98938445
9553,1.44570819
9554,0.14773608
9555,1.62329652
9556,2.38326924
9557,1.70400197
9558,1.17144637
9559,2.42310746
9560,1.73627161
9561,0.14364420
9562,1.68969515
9563,0.15054227
9564,0.77476162
9565,1.55260503
9566,0.54373419
9567,0.09630776
9568,1.55832993
9569,0.72086523
9570,1.34400760
9571,0.65854845
9572,1.73100729
9573,2.25874070
9574,0.21829907
9575,1.98290466
9576,0.39363710
9577,0.83069384
9578,0.90119069
9579,0.52026670
9580,0.18972645
9581,1.93793627
9582,2.00133578
9583,2.51377024
9584,2.35684405
9585,1.09606442
9586,0.33637558
9587,0.02698688
9588,1.34035942
9589,2.17013900
9590,0.67559085
9591,0.50168487
9592,1.10693557
9593,2.25327205
9594,1.13901341
9595,1.82250668
9596,1.16638041
9597,0.94051384
9598,1.11187488
9599,1.93771953
9600,1.90242893
9601,1.08879108
9602,0.67486884
9603,0.35084798
9604,0.00345815
9605,0.28561163
9606,0.41522383
9607,1.73985597
9608,2.06258494
9609,1.85839816
9610,1.82381764
9611,2.50743390
9612,2.42743668
9613,0.67797001
9614,0.36591219
9615,0.38658422
9616,2.25850184
9617,0.25809747
9618,0.85776328
9619,1.33740642
9620,1.54697402
9621,1.50229396
9622,1.98312919
9623,1.44167262
9624,2.14613224
9625,0.21342054
9626,2.16610178
9627,1.48784564
9628,0.56218471
9629,2.46562975
9630,2.36978070
9631,2.13271472
9632,2.29882330
9633,0.96367068
9634,0.57447146
9635,0.46124226
9636,2.20340988
9637,2.08456319
9638,2.47368723
9639,2.13908537
9640,1.59467399
9641,0.35880338
9642,0.41570869
9643,1.19455674
9644,1.93619387
9645,0.43696164
9646,2.30871202
9647,1.72435461
9648,0.78757012
9649,2.23366995
9650,1.50960132
9651,1.84884783
9652,0.97199369
9653,0.99244089
9654,0.03182250
9655,1.35645950
9656,1.91854482
9657,2.44313906
9658,2.24997873
9659,0.21937406
9660,2.47263248
9661,0.37695731
9662,0.10368418
9663,1.88861927
9664,2.28442489
9665,2.39512085
9666,2.08038909
9667,0.51672673
9668,0.38836124
9669,0.14870798
9670,1.46758568
9671,1.22865499
9672,0.27559025
9673,1.17218273
9674,1.43065339
9675,1.82311628
9676,1.04450758
9677,0.80280997
9678,1.67868182
9679,1.72544631
9680,0.68195781
9681,0.04999301
9682,2.38480100
9683,1.90464896
9684,0.50713933
9685,1.42647248
9686,1.50031411
9687,0.31771618
9688,0.48331572
9689,2.41258048
9690,1.28108141
9691,0.48277388
9692,2.01128968
9693,1.18667318
9694,1.60992093
9695,0.75022914
9696,0.14602388
9697,0.41595251
9698,2.45376166
9699,1.57253937
9700,2.09579470
9701,0.05427110
9702,1.93031054
9703,1.22293286
9704,1.67774544
9705,0.90330832
9706,1.56568119
9707,0.08982833
9708,0.11496754
9709,2.01447126
9710,0.31387463
9711,0.03526813
9712,2.30099290
9713,0.66960932
9714,1.46862738
9715,2.11554448
9716,1.88099662
9717,0.11758791
9718,1.41457750
9719,1.36628386
9720,0.88281943
9721,1.90030291
9722,2.43098710
9723,0.37117233
9724,0.36622301
9725,1.85282598
9726,1.14592951
9727,2.00534887
9728,0.35576683
9729,0.10051495
9730,1.76002062
9731,2.50841849
9732,0.23906168
9733,2.17964973
9734,0.97160921
9735,0.04234319
9736,1.28615248
9737,0.70320521
9738,1.74859473
9739,0.72584150
9740,1.21473226
9741,0.50577990
9742,2.08827120
9743,2.33371256
9744,1.01711678
9745,1.13196814
9746,2.47808842
9747,0.35838408
9748,2.03914182
9749,1.43053995
9750,2.22099771
9751,0.73743632
9752,0.74684100
9753,0.82164115
9754,0.04194358
9755,0.42843184
9756,2.50810475
9757,0.62779063
9758,0.05023010
9759,0.70241365
9760,1.02986275
9761,1.38138767
9762,0.17291060
9763,1.99326965
9764,2.08171341
9765,0.53754219
9766,2.01341661
9767,0.91143307
9768,1.06698296
9769,2.36134287
9770,2.24916560
9771,0.94594023
9772,1.23089715
9773,0.72254599
9774,1.29980138
9775,1.71960659
9776,0.23368905
9777,2.31961512
9778,1.81282583
9779,0.24399037
9780,2.19137866
9781,1.87538771
9782,0.78963223
9783,1.31492894
9784,2.16904014
9785,2.44137663
9786,0.70881154
9787,1.64055037
9788,2.16933333
9789,2.49191563
9790,0.17833859
9791,1.27001371
9792,2.20317231
9793,0.00796813
9794,1.10260281
9795,1.47320829
9796,1.32768199
9797,1.84787495
9798,0.16523456
9799,1.98063014
9800,0.71408992
9801,2.07850604
9802,1.05784855
9803,0.10823416
9804,2.43075790
9805,1.96835568
9806,0.87710982
9807,0.68094612
9808,1.48522445
9809,2.48971604
9810,0.73173283
9811,2.39130850
9812,0.83315843
9813,1.77556391
9814,0.96264342
9815,0.21448472
9816,2.36084132
9817,0.41338983
9818,2.38228151
9819,0.26051829
9820,0.67317931
9821,2.32234459
9822,1.66068071
9823,0.47783431
9824,1.49311648
9825,0.45490597
9826,2.20512996
9827,0.12565950
9828,1.33597197
9829,0.16006734
9830,1.75267898
9831,2.35985246
9832,2.09574742
9833,0.93740942
9834,0.59741949
9835,0.30520541
9836,2.20306696
9837,0.20454121
9838,1.58575525
9839,0.92616151
9840,2.51110987
9841,1.28313022
9842,1.38391867
9843,2.31469180
9844,2.44518771
9845,1.47179040
9846,2.00777768
9847,1.60072830
9848,1.07780200
9849,0.14453922
9850,1.80997601
9851,1.76589301
9852,0.29429837
9853,0.58018071
9854,1.84624968
9855,0.37754057
9856,1.74237077
9857,1.81056438
9858,0.89104962
9859,0.65107466
9860,0.94071692
9861,0.90580884
9862,1.53075740
9863,1.87580489
9864,2.17313036
9865,0.07563722
9866,1.83218680
9867,0.79230327
9868,2.11485110
9869,0.19094350
9870,1.38992942
9871,1.38362272
9872,0.82338498
9873,2.44687651
9874,0.26963777
9875,0.34396409
9876,1.62466691
9877,1.29693910
9878,0.66692457
9879,0.76730206
9880,0.39597793
9881,2.18828988
9882,1.43618935
9883,0.61741615
9884,0.99211362
9885,2.28643877
9886,2.23639740
9887,0.17427404
9888,1.64948231
9889,0.38575944
9890,0.53179962
9891,2.17932115
9892,2.25745190
9893,0.20853261
9894,2.20382183
9895,1.83708403
9896,1.95615311
9897,1.99676583
9898,1.27912053
9899,2.38787015
9900,0.50526131
9901,1.27340078
9902,0.80331466
9903,2.07397157
9904,0.20855479
9905,1.09363362
9906,1.95052278
9907,0.78765037
9908,0.60642562
9909,0.66208792
9910,1.79950124
9911,0.72319884
9912,1.01547207
9913,1.37604359
9914,2.37236752
9915,2.00315149
9916,0.46723849
9917,2.22692335
9918,2.13029790
9919,1.87927538
9920,1.30351268
9921,0.17606011
9922,1.79424373
9923,1.30713441
9924,0.78117959
9925,0.02506529
9926,0.58265230
9927,1.52740440
9928,0.28321345
9929,1.65280741
9930,2.06701367
9931,0.80237092
9932,0.20675130
9933,0.35228979
9934,0.90256161
9935,2.05128339
9936,1.59949761
9937,2.18860134
9938,2.50770246
9939,0.51082580
9940,1.75217131
9941,1.17644344
9942,1.24443330
9943,0.82103960
9944,0.86373491
9945,1.70541933
9946,1.56551498
9947,0.80319107
9948,0.29903576
9949,1.45818512
9950,1.86457817
9951,1.40870961
9952,0.00921021
9953,0.71193377
9954,1.96338795
9955,1.87252638
9956,0.02625619
9957,1.18597448
9958,1.10281200
9959,1.64489584
9960,0.31517276
9961,1.56705909
9962,2.38789632
9963,0.93746417
9964,0.85073327
9965,0.07130291
9966,0.14474021
9967,2.34919860
9968,2.45997764
9969,0.01423109
9970,2.27129472
9971,0.43868814
9972,1.41561147
9973,1.71010720
9974,0.90546106
9975,1.33398078
9976,1.58250975
9977,0.48903811
9978,2.50727252
9979,0.51414350
9980,0.02607516
9981,2.38125547
9982,1.08215766
9983,1.00522411
9984,0.69517876
9985,0.06514583
9986,0.66717943
9987,0.99180996
9988,1.31214533
9989,1.15406925
9990,2.21671524
9991,2.29815182
9992,0.79979011
9993,2.41976262
9994,2.18115341
9995,2.33926887
9996,1.78119528
9997,0.49999649
9998,0.49232015
9999,2.29139782
