step,entropy
0,0.00255549
1,0.00041825
2,0.00240659
3,0.00181107
4,0.00181568
5,0.00000476
6,0.00214937
7,0.00271802
8,0.00116066
9,0.00158854
10,0.00189758
11,0.00249005
12,0.02136223
13,0.00484024
14,0.00172130
15,0.00147057
16,0.00255392
17,0.00529400
18,0.00325017
19,0.00202143
20,0.00200444
21,0.00149168
22,0.00234358
23,0.00021610
24,2.18920036
25,0.00452150
26,0.00187489
27,0.00161179
28,0.00587811
29,0.00018475
30,0.00210786
31,0.41116015
32,0.00240483
33,0.00404872
34,0.00269651
35,0.00223945
36,0.00973225
37,0.00583515
38,0.00322636
39,0.00025376
40,0.00162453
41,0.00176876
42,0.00144576
43,0.00428582
44,0.00342518
45,0.00594044
46,0.00214405
47,0.00148272
48,0.00267461
49,0.00510178
50,0.00453071
51,0.00187447
52,0.00260414
53,0.00399767
54,0.00488038
55,0.00451505
56,0.00000515
57,0.00182107
58,0.00283766
59,0.00621880
60,0.00279002
61,0.00216755
62,0.00307424
63,0.00222893
64,0.00322330
65,0.00563137
66,0.00333119
67,0.00410923
68,1.80105638
69,0.00205785
70,1.33302625
71,0.00241489
72,0.00208878
73,0.00424796
74,0.00143076
75,0.00246660
76,0.00259957
77,0.00189391
78,0.00341685
79,0.00043035
80,0.00372657
81,0.00050333
82,0.00000419
83,0.00188797
84,0.00897737
85,0.00058817
86,0.00683552
87,0.00285395
88,0.00183796
89,0.00288228
90,0.00050431
91,0.00050682
92,0.00244039
93,0.00277666
94,0.00035511
95,0.00265795
96,0.00000447
97,0.00374341
98,0.00330750
99,0.00704255
100,0.00186058
101,0.00910350
102,0.00395984
103,0.00152297
104,0.00473132
105,0.00202413
106,0.00275548
107,0.00280365
108,0.00147921
109,0.00301946
110,2.43475857
111,0.00054002
112,0.00002920
113,0.00470626
114,0.01867106
115,0.00000512
116,0.00206735
117,0.00330087
118,0.00263232
119,0.53889396
120,0.00094595
121,0.00344566
122,0.00507191
123,0.00266875
124,0.00207216
125,0.78499610
126,0.00721672
127,0.00042561
128,0.00001248
129,0.00127989
130,0.00696423
131,0.00259642
132,0.00132343
133,0.00143329
134,0.02175709
135,0.00502633
136,0.00325536
137,0.00283062
138,0.00282258
139,0.00000506
140,0.00144342
141,0.00029915
142,0.00186513
143,0.00533419
144,0.00176233
145,0.00207860
146,0.00046673
147,0.00310395
148,0.00147712
149,0.00235873
150,0.00002216
151,0.00235239
152,0.00460960
153,0.00307648
154,0.00232240
155,0.00415365
156,0.00217993
157,0.00451500
158,0.00328159
159,0.00322915
160,0.00036991
161,0.00177606
162,0.00318209
163,0.00337086
164,0.00187674
165,0.00227472
166,0.00491569
167,0.00128125
168,0.00298544
169,0.00429321
170,0.00027116
171,0.00340939
172,0.00427214
173,0.00213958
174,0.00162084
175,0.00017142
176,0.00019365
177,0.00002185
178,0.00387459
179,0.00125802
180,0.00188387
181,0.00533797
182,0.00160264
183,0.00232971
184,0.00426755
185,0.00159109
186,0.45501665
187,0.00679913
188,0.00489322
189,0.00156780
190,0.00116775
191,0.00338639
192,0.87156733
193,0.00123394
194,0.00300751
195,0.00187529
196,0.00039954
197,0.00169300
198,0.00182428
199,0.00201966
200,0.00337224
201,0.00376672
202,0.00026817
203,0.00899060
204,0.00120466
205,0.00113536
206,0.21864604
207,0.00146047
208,0.00266636
209,0.00761557
210,0.00095728
211,0.00128480
212,0.00328684
213,0.00130897
214,0.00169671
215,0.00295990
216,0.00110357
217,0.00250981
218,0.00034631
219,0.00027107
220,0.00050280
221,0.00288190
222,0.00263098
223,0.00153193
224,0.00262406
225,0.00196953
226,0.00298080
227,0.00171428
228,0.00180008
229,0.00256680
230,0.00885043
231,0.00196524
232,0.00295852
233,0.00077089
234,0.00125419
235,0.00090551
236,0.00133825
237,0.00990226
238,0.00316872
239,0.00399736
240,0.00293570
241,0.01547513
242,0.00015725
243,0.00379344
244,0.01254450
245,0.00086794
246,0.00353557
247,0.00119585
248,0.00000562
249,0.00418586
250,0.00210022
251,0.00252395
252,0.00313409
253,0.00000540
254,0.00257178
255,0.36538832
256,0.00424479
257,0.00173409
258,0.00285982
259,0.00705081
260,0.00220213
261,0.00254830
262,0.00159998
263,0.00252979
264,0.00415608
265,0.00206565
266,0.00277347
267,0.00043483
268,0.00312562
269,0.00184548
270,0.00482274
271,0.00029343
272,0.00305131
273,0.00209366
274,0.00001641
275,0.00176921
276,0.00436385
277,0.00264367
278,0.00307953
279,0.00312652
280,0.00185536
281,0.00178147
282,0.00075520
283,0.00187398
284,0.00269565
285,0.00270658
286,0.00699348
287,0.00094619
288,0.00079624
289,0.00586124
290,0.01811124
291,0.00649160
292,0.00125509
293,0.00287728
294,0.00424686
295,0.00287109
296,0.00164993
297,0.00338211
298,0.00017568
299,0.00167472
300,0.00426530
301,0.30973669
302,0.00394294
303,0.00206027
304,0.00735380
305,0.00371392
306,0.72369352
307,0.00171427
308,0.00410722
309,0.00260156
310,0.00037323
311,0.00000680
312,0.00007111
313,0.00125516
314,0.00204455
315,0.00024448
316,0.00210226
317,0.00522148
318,0.00393903
319,0.00610321
320,0.00161025
321,0.00000457
322,0.00480655
323,0.00226182
324,0.00186725
325,0.00138445
326,0.00020106
327,0.00410929
328,0.00603153
329,0.00255750
330,0.00018209
331,0.00153315
332,0.00170168
333,0.00368316
334,0.00306433
335,0.00357488
336,0.00151194
337,0.00419904
338,0.00250304
339,0.00194780
340,0.00245285
341,0.00308521
342,0.00234344
343,0.00181381
344,0.00283341
345,0.00123658
346,0.00364056
347,0.00519220
348,0.00751810
349,0.00193200
350,0.00639187
351,0.00239297
352,0.00230482
353,0.00227572
354,0.00171649
355,0.00232934
356,0.00194962
357,0.00229811
358,0.02240447
359,0.00401390
360,0.00420489
361,0.00443437
362,0.00158176
363,1.04410378
364,0.00187671
365,0.00651315
366,0.00043412
367,0.00206588
368,0.00166879
369,0.00266505
370,0.00282896
371,0.00256378
372,0.00169496
373,0.00532681
374,0.00238351
375,0.00002078
376,0.00448230
377,0.00262734
378,0.00259284
379,0.00223523
380,0.00479036
381,0.00227065
382,0.00027090
383,0.00192567
384,0.00160952
385,0.00142038
386,0.00000501
387,0.00188520
388,0.00285883
389,0.00198433
390,0.00313300
391,0.00316245
392,0.00215400
393,0.00211743
394,0.00194493
395,0.00187522
396,0.00262632
397,0.00272472
398,0.00300629
399,0.00986034
400,0.00292075
401,0.00802702
402,0.00208801
403,0.00031252
404,0.00243609
405,0.00535013
406,0.00022817
407,0.00127496
408,0.00118750
409,0.00204861
410,0.00054497
411,0.00251738
412,0.00407993
413,0.00175102
414,0.00379282
415,0.00061509
416,0.00234184
417,0.23033439
418,0.00290791
419,0.00537366
420,0.00403571
421,0.00365604
422,0.00041712
423,0.00158010
424,0.00276827
425,0.00124098
426,0.00202428
427,0.00231233
428,0.00107312
429,0.99046082
430,0.92027827
431,0.00307720
432,0.00066197
433,0.00127446
434,0.00261602
435,0.00211963
436,0.44228182
437,0.00502016
438,0.00259392
439,0.00276336
440,0.00342161
441,0.00179838
442,0.01605594
443,0.00155688
444,0.00237487
445,0.00168630
446,0.00227579
447,0.00079340
448,0.00356112
449,0.00541736
450,0.00370419
451,0.00228983
452,0.00302958
453,0.00322362
454,0.21798083
455,0.00242849
456,0.00410473
457,0.00247479
458,0.53312643
459,0.00297278
460,0.00188349
461,0.00212591
462,0.00000503
463,0.00673988
464,0.00636729
465,0.00028374
466,0.00073390
467,0.00460189
468,0.00422957
469,0.00185869
470,0.00229723
471,0.00469200
472,0.00364997
473,0.00252276
474,0.00038575
475,0.00203683
476,0.00248641
477,0.00249003
478,0.00354381
479,0.00161441
480,0.00360537
481,0.91051798
482,0.00422778
483,0.00021518
484,0.00326225
485,0.00000442
486,0.00468406
487,0.00208401
488,0.00303276
489,0.00245453
490,0.00177336
491,0.11810033
492,0.18136953
493,0.00135048
494,0.00181448
495,0.00036515
496,0.00223864
497,0.00584746
498,0.00089640
499,0.00116229
500,0.00229662
501,0.00117544
502,0.00305086
503,0.00233839
504,0.00158376
505,0.00163918
506,0.00716665
507,1.14259075
508,0.01658833
509,0.00151254
510,0.00156543
511,0.00051704
512,0.00716655
513,0.00262472
514,0.00213436
515,0.00139716
516,0.00224874
517,0.00778591
518,0.00355176
519,0.00173070
520,0.00419606
521,0.00677173
522,0.00038310
523,0.00136058
524,0.00466459
525,0.00210961
526,0.00021412
527,0.00186685
528,0.00204538
529,0.00262190
530,0.00143603
531,0.00149718
532,0.00409193
533,0.00335052
534,0.00153197
535,0.00500259
536,0.00238005
537,0.00195402
538,0.00271329
539,0.00275046
540,0.00236392
541,0.00370747
542,0.00018484
543,0.00682765
544,0.00449188
545,0.00124273
546,0.00045868
547,0.00418817
548,0.00533810
549,0.00229847
550,0.00249230
551,0.00657013
552,0.00132560
553,0.00536427
554,0.00146344
555,0.00368668
556,0.00141904
557,0.00288939
558,0.00040739
559,0.00384399
560,0.00240183
561,0.00324359
562,0.00227397
563,0.00237382
564,0.00027846
565,0.00041870
566,0.00173506
567,0.00000463
568,0.00545565
569,0.00124190
570,0.00191880
571,0.00354686
572,0.00269429
573,0.01276633
574,0.00157502
575,0.00179716
576,0.00141626
577,0.00159216
578,0.00564521
579,0.00266621
580,0.00115697
581,0.00193770
582,0.00330172
583,0.00189591
584,0.01194358
585,0.00188859
586,0.00166368
587,0.00341973
588,0.00262427
589,0.00361575
590,0.00293597
591,0.00315525
592,0.02285739
593,0.00054559
594,0.30686352
595,0.00399354
596,0.09636204
597,0.00958430
598,0.00075137
599,0.00256666
600,0.00048480
601,0.00065144
602,0.00161371
603,0.00632975
604,0.00240772
605,0.00322025
606,0.00239474
607,0.00272170
608,0.00325000
609,0.00210373
610,0.00385471
611,0.00203544
612,0.00183179
613,0.00358666
614,0.00062508
615,0.00225450
616,0.00211538
617,0.00023502
618,0.00049476
619,0.00012974
620,0.00142757
621,0.00770004
622,0.00264125
623,0.00410198
624,0.03987271
625,0.00237210
626,0.00799597
627,0.00490590
628,0.00274803
629,0.00000845
630,0.00363951
631,0.00708012
632,0.00399562
633,0.00330278
634,0.00376083
635,0.00409176
636,0.00277920
637,0.00618938
638,0.00142331
639,0.00172869
640,0.00516998
641,0.00000515
642,0.00189632
643,0.00296766
644,0.00318317
645,0.00451662
646,0.00169350
647,0.00103577
648,0.00056342
649,0.00448399
650,0.00193599
651,0.10283713
652,0.00193643
653,0.00247777
654,1.02053887
655,0.00316162
656,0.00224900
657,0.00019328
658,0.00463092
659,0.01042156
660,0.00330213
661,0.00234667
662,0.00231482
663,0.07130197
664,0.00013486
665,0.00516630
666,0.00160998
667,0.00039608
668,0.00243464
669,0.00383339
670,0.00370007
671,0.00014842
672,0.00437293
673,0.00191379
674,0.00357733
675,0.00004815
676,0.00310137
677,0.00034571
678,0.00000532
679,0.00254558
680,0.00052363
681,0.00011583
682,0.00297812
683,0.00195973
684,0.00217544
685,0.00220014
686,0.00041720
687,0.00252902
688,0.00335740
689,0.00346404
690,0.00168270
691,0.00178669
692,0.00239892
693,0.00079631
694,0.00148326
695,0.00262984
696,0.00045954
697,0.00177094
698,0.00418002
699,0.00487263
700,0.00311774
701,0.00172061
702,0.00167055
703,0.00165579
704,0.45638717
705,0.00503191
706,0.00202175
707,0.00394321
708,0.00430801
709,0.00145927
710,0.00287721
711,0.00862584
712,0.01162858
713,0.00555688
714,0.00051912
715,0.00124475
716,0.00528239
717,0.00477927
718,0.00249009
719,0.01005081
720,0.00255601
721,0.00572260
722,0.00172870
723,0.00310392
724,0.00091406
725,0.00255714
726,0.00719545
727,0.00374352
728,0.00183036
729,0.00689563
730,0.00806799
731,0.00063433
732,0.00430759
733,0.00194607
734,0.00182414
735,0.00000713
736,0.00671659
737,0.00403898
738,0.00429446
739,0.00499756
740,0.00353733
741,0.00174034
742,0.00074354
743,0.00432092
744,0.00343203
745,0.00769998
746,0.00383639
747,0.08069641
748,0.00214645
749,0.00584382
750,0.00169776
751,0.00258456
752,0.00191238
753,0.00334416
754,0.00833468
755,0.00028360
756,0.00136807
757,0.00390367
758,0.00211524
759,0.00231107
760,0.00185182
761,0.00179756
762,0.00171651
763,0.00485051
764,0.00332122
765,0.00201692
766,0.00740383
767,0.00266557
768,0.00207802
769,0.00298128
770,0.15194383
771,0.08446025
772,0.00228081
773,0.00221626
774,0.00173677
775,0.00103076
776,0.00411759
777,0.00197442
778,0.00207848
779,0.00168370
780,0.00117196
781,0.00249163
782,0.00536858
783,0.00707007
784,0.00708442
785,0.00261901
786,0.00052126
787,0.00083351
788,0.00400768
789,0.00293453
790,0.00137281
791,0.00341837
792,0.00365836
793,0.00166485
794,1.04132873
795,0.00192794
796,0.00029480
797,0.00261991
798,0.00405672
799,0.00011737
800,0.00200805
801,0.00193705
802,0.00115311
803,0.00320096
804,0.00568187
805,0.00389549
806,0.00553122
807,0.00229701
808,0.00374210
809,0.00151687
810,0.00212962
811,0.00156315
812,0.00304891
813,0.00656742
814,0.00226526
815,0.00235643
816,0.00501410
817,2.19260484
818,0.00308724
819,0.00484382
820,0.00084722
821,0.00042018
822,0.00384768
823,0.00215670
824,0.00282449
825,0.00195495
826,0.00668640
827,0.00934036
828,0.00131475
829,0.00188674
830,0.01474847
831,0.00442395
832,0.00186887
833,0.00060651
834,0.00431789
835,0.00174387
836,0.00418858
837,0.00432129
838,0.00331796
839,0.00034517
840,0.00150213
841,0.00281875
842,0.00207324
843,0.00157067
844,0.02733313
845,0.02059772
846,0.00223493
847,0.00338848
848,0.00975858
849,0.00484950
850,0.00879164
851,0.12805128
852,0.00227668
853,0.00308444
854,0.00347157
855,0.00079929
856,1.17799349
857,0.00229740
858,0.00547472
859,0.00133990
860,0.00292381
861,0.00172757
862,0.00158013
863,0.00325414
864,0.00274851
865,0.00470892
866,0.00616233
867,0.00289707
868,0.00258556
869,0.00359256
870,0.00183821
871,0.00230153
872,0.00267902
873,0.00368202
874,0.00381004
875,0.00117799
876,0.00186786
877,0.00174422
878,0.00271788
879,0.00089310
880,0.00306152
881,0.00321475
882,0.00518816
883,0.00381186
884,0.00193810
885,0.00295017
886,0.00613174
887,0.00188540
888,0.00070556
889,0.00209138
890,0.00174195
891,0.00395516
892,0.00084074
893,0.00362834
894,0.00380907
895,0.00181105
896,0.00265775
897,0.00253488
898,0.00251418
899,0.00262807
900,0.00144409
901,0.00165821
902,1.20229099
903,0.00493410
904,0.00166069
905,0.00116719
906,0.00235908
907,0.00577456
908,0.00016482
909,0.00271159
910,0.00210464
911,0.00326344
912,0.00407152
913,0.00323279
914,0.00418535
915,0.00231572
916,0.35646409
917,0.00227430
918,0.00404984
919,0.00074512
920,0.32441706
921,0.00799210
922,0.00439653
923,0.00171058
924,0.00000512
925,0.00186840
926,0.55874233
927,0.00220805
928,0.00326115
929,0.00140248
930,0.00047690
931,0.00026274
932,0.04217609
933,0.00326517
934,0.00334518
935,0.00242964
936,0.00324441
937,0.00199319
938,0.00175007
939,0.00252387
940,0.00000469
941,0.00254927
942,0.00126030
943,0.00034617
944,0.00193268
945,0.00353254
946,0.00263576
947,0.00205368
948,0.00172603
949,0.00332093
950,0.00155691
951,0.00266729
952,0.00222741
953,0.00075056
954,0.00246041
955,0.00270227
956,0.00235976
957,0.00188948
958,0.00258341
959,0.00045123
960,0.00334905
961,0.00152083
962,0.00067401
963,0.01287583
964,0.00310115
965,0.00377532
966,0.00025889
967,0.00305204
968,0.00248264
969,0.00182883
970,0.00208059
971,0.00022133
972,0.00213158
973,0.00285480
974,0.00391962
975,0.00070781
976,0.00502134
977,0.00155601
978,0.00181069
979,0.00398851
980,0.00538064
981,0.00169311
982,0.00000517
983,0.00403061
984,0.00390028
985,0.00123865
986,0.00383493
987,0.00231091
988,0.00433219
989,0.00168964
990,1.09796055
991,0.00096887
992,0.00201502
993,0.00183847
994,0.00407970
995,0.00185395
996,0.00236007
997,0.00139017
998,0.00370545
999,0.00549913
1000,0.00375059
1001,0.00136111
1002,0.00303579
1003,0.00211262
1004,0.00215558
1005,0.00150333
1006,0.00160794
1007,0.00202052
1008,0.00236276
1009,0.00415893
1010,0.00398277
1011,0.00230910
1012,0.00141068
1013,0.00271466
1014,0.00127739
1015,0.00640771
1016,0.00255956
1017,0.00171693
1018,0.00489370
1019,0.00193654
1020,0.00523310
1021,0.07060801
1022,0.00271175
1023,0.00180870
1024,0.00408880
1025,0.00647147
1026,0.00180512
1027,0.00176385
1028,0.00012206
1029,0.00189918
1030,0.01933184
1031,0.00413549
1032,0.00285292
1033,0.00210263
1034,0.00712406
1035,0.00294055
1036,0.00366333
1037,0.00165340
1038,0.00181747
1039,0.00874357
1040,0.00740765
1041,0.00232931
1042,0.00159884
1043,0.00177906
1044,0.03591340
1045,0.00093738
1046,0.00343986
1047,0.00202937
1048,0.00278365
1049,0.00197816
1050,0.00573319
1051,0.00019795
1052,0.00229144
1053,0.00332233
1054,0.00056083
1055,0.01174202
1056,0.00139434
1057,0.00179773
1058,0.00228243
1059,0.00308848
1060,0.00303142
1061,0.00164823
1062,0.00211605
1063,0.00306914
1064,0.00271487
1065,0.00066166
1066,0.00365620
1067,0.00567624
1068,0.00912291
1069,0.00187029
1070,0.00088212
1071,0.00028623
1072,0.00241469
1073,0.00563385
1074,0.00160374
1075,0.00781045
1076,0.00412504
1077,0.00409798
1078,0.00038941
1079,0.00195304
1080,0.00585987
1081,0.00171388
1082,0.00340323
1083,0.00196417
1084,0.00193561
1085,0.00449819
1086,0.00534933
1087,0.00211530
1088,0.00022179
1089,0.00158519
1090,0.00019178
1091,0.00239397
1092,0.00212305
1093,0.00708800
1094,0.00258676
1095,0.00143735
1096,0.00017066
1097,0.00183128
1098,0.00650904
1099,0.00176751
1100,0.00291567
1101,0.00019703
1102,0.00268350
1103,0.00306626
1104,0.00219300
1105,0.00348663
1106,1.04024493
1107,0.00373569
1108,0.00251537
1109,0.00013320
1110,0.00357828
1111,0.00045513
1112,0.00212439
1113,0.00314909
1114,0.00239841
1115,0.00184073
1116,0.00339703
1117,0.01537102
1118,0.00180583
1119,0.00296759
1120,0.00038302
1121,0.00200579
1122,0.00202155
1123,0.00247655
1124,0.00235656
1125,0.00372298
1126,0.00326528
1127,0.00137704
1128,0.00687877
1129,0.00117538
1130,0.00089576
1131,0.00381970
1132,0.00058550
1133,0.00213460
1134,0.00198487
1135,0.00013170
1136,0.00199658
1137,0.00474453
1138,0.00263592
1139,2.23929185
1140,0.00274285
1141,0.01043261
1142,0.00415809
1143,0.00184938
1144,0.00539936
1145,0.00387609
1146,0.00151896
1147,0.00566411
1148,0.00041590
1149,0.00170700
1150,0.00209649
1151,0.00545867
1152,0.00168791
1153,0.00246586
1154,0.00380861
1155,0.00291557
1156,0.00253510
1157,0.00206568
1158,0.01127738
1159,0.00168239
1160,0.00925633
1161,0.00376479
1162,0.00179968
1163,0.00034785
1164,0.00149551
1165,0.00375941
1166,0.00202866
1167,0.00046966
1168,0.00039403
1169,0.00245150
1170,0.00037841
1171,0.00398415
1172,0.00373869
1173,0.00164065
1174,0.00002679
1175,0.00379757
1176,0.00299751
1177,0.00281891
1178,0.00707135
1179,0.00065993
1180,0.00207557
1181,0.01731523
1182,0.00275076
1183,0.00307026
1184,0.00228666
1185,0.00201978
1186,0.00200450
1187,0.00157463
1188,0.00733979
1189,0.00276507
1190,0.00205259
1191,0.00535006
1192,0.00707640
1193,0.00214374
1194,0.00166228
1195,0.00529812
1196,0.00279829
1197,0.00144624
1198,0.00045157
1199,0.00241356
1200,0.00073846
1201,0.00401039
1202,0.00041048
1203,0.00185986
1204,0.00424553
1205,0.00223612
1206,0.00083895
1207,0.00372033
1208,0.00274005
1209,0.00224689
1210,0.00317434
1211,0.00130339
1212,0.00257209
1213,0.00245694
1214,0.00167145
1215,0.00275208
1216,0.00607612
1217,0.00500585
1218,0.00289063
1219,0.00133853
1220,0.00122890
1221,0.00486126
1222,1.59758522
1223,0.00195111
1224,0.00345268
1225,0.00162031
1226,0.00405046
1227,0.00181060
1228,0.00157493
1229,0.00140587
1230,0.00219071
1231,0.00160555
1232,0.00192555
1233,0.00214826
1234,0.00178999
1235,0.00220843
1236,0.00343608
1237,0.00332452
1238,0.00560692
1239,0.00189624
1240,0.00557130
1241,0.00332985
1242,0.00301500
1243,0.01464716
1244,0.00000481
1245,0.00230192
1246,0.00332083
1247,0.00197505
1248,0.00426572
1249,0.00168546
1250,0.00155821
1251,0.00403115
1252,0.00171587
1253,0.00232419
1254,0.00593537
1255,0.00064256
1256,0.01163961
1257,0.00228041
1258,0.00287107
1259,0.00143711
1260,0.00154440
1261,0.00199028
1262,0.00205656
1263,0.00459561
1264,0.00075656
1265,0.00394079
1266,0.00211748
1267,0.00205694
1268,0.00254357
1269,0.00188569
1270,0.00120894
1271,0.00026493
1272,0.00142567
1273,0.00375797
1274,0.00000523
1275,0.00453279
1276,0.00151531
1277,0.00336946
1278,0.00232067
1279,0.00331953
1280,0.00152747
1281,0.00320131
1282,0.00087354
1283,0.00790674
1284,0.00919219
1285,0.00494531
1286,0.00267424
1287,0.00156304
1288,0.00000454
1289,0.00169901
1290,0.00223392
1291,0.00039139
1292,0.00219567
1293,0.00175592
1294,0.00160302
1295,0.00249439
1296,0.00260165
1297,0.00345676
1298,0.00169000
1299,0.00469144
1300,0.00130644
1301,0.00200698
1302,0.00370290
1303,0.00027529
1304,0.00720569
1305,0.00169756
1306,0.00285789
1307,0.00274292
1308,0.00204594
1309,0.00329403
1310,0.00026452
1311,0.00271542
1312,0.00648936
1313,0.00424789
1314,0.00082244
1315,0.00301568
1316,0.00196667
1317,0.00582356
1318,0.00693122
1319,0.00100163
1320,0.00215250
1321,0.00276453
1322,0.00109632
1323,0.00207537
1324,0.00014581
1325,0.00308925
1326,0.00393087
1327,0.00267101
1328,0.00240242
1329,0.00501773
1330,0.00236459
1331,0.00471491
1332,0.00154628
1333,0.00260971
1334,0.00221850
1335,0.00153346
1336,0.00241126
1337,0.00186404
1338,0.00373901
1339,0.00185038
1340,0.00171773
1341,0.00150746
1342,0.00225986
1343,0.00278087
1344,0.00135731
1345,0.00130319
1346,0.00133353
1347,0.00275374
1348,0.00041271
1349,0.00000481
1350,0.00171192
1351,0.00356331
1352,0.00134512
1353,0.00039602
1354,0.00066459
1355,0.00336460
1356,0.00230976
1357,0.00096391
1358,0.00149504
1359,0.00308647
1360,0.00226794
1361,0.03871588
1362,0.00446435
1363,0.00019372
1364,0.00244840
1365,0.00000445
1366,0.00098878
1367,0.00015122
1368,0.00174112
1369,0.00903990
1370,0.00000522
1371,0.52642783
1372,0.00133767
1373,0.00204944
1374,0.00180416
1375,1.42902801
1376,0.00063573
1377,0.00160581
1378,0.00145458
1379,0.00426781
1380,0.00199177
1381,0.00248126
1382,0.00354051
1383,0.00000601
1384,0.00397483
1385,0.00378494
1386,0.00155701
1387,0.00177524
1388,0.00139137
1389,0.00340162
1390,0.00030797
1391,0.00573296
1392,0.00410898
1393,0.00313774
1394,0.00281689
1395,0.00312444
1396,0.00162804
1397,0.00268606
1398,0.00230256
1399,0.00292930
1400,0.00003817
1401,0.00334192
1402,0.00042075
1403,0.00365128
1404,0.00270034
1405,0.00297055
1406,0.00338784
1407,0.00487117
1408,0.00481225
1409,0.00254598
1410,0.57500791
1411,0.00512764
1412,0.00432839
1413,0.00242783
1414,0.00391951
1415,0.00181206
1416,0.00219965
1417,0.00406513
1418,0.00434212
1419,0.00276161
1420,0.00307047
1421,0.00166474
1422,0.00198216
1423,0.00147335
1424,0.00000654
1425,0.00137299
1426,0.00085369
1427,0.00164265
1428,0.00230610
1429,0.00716713
1430,0.00179499
1431,0.00072471
1432,0.00229242
1433,0.00043002
1434,0.00268470
1435,0.00031107
1436,0.00170386
1437,0.00068429
1438,0.00128646
1439,0.00152572
1440,0.00063754
1441,0.00355114
1442,0.19773532
1443,0.00294149
1444,0.00184510
1445,0.00277578
1446,0.00343975
1447,0.00313025
1448,0.00135635
1449,0.00231163
1450,0.00185250
1451,0.00324687
1452,0.00219657
1453,0.00180211
1454,0.00506055
1455,0.00455520
1456,0.00270266
1457,0.00453103
1458,0.00110912
1459,0.00375064
1460,0.02586108
1461,0.00113935
1462,0.01624334
1463,0.00022115
1464,0.00416455
1465,0.00923932
1466,0.00000611
1467,0.00332708
1468,0.00336159
1469,0.00151607
1470,0.00360187
1471,0.00198477
1472,0.00862523
1473,0.00029607
1474,0.35333049
1475,0.00113980
1476,0.00023764
1477,0.00251186
1478,0.00480802
1479,0.00042411
1480,0.00261349
1481,0.00367087
1482,0.00214498
1483,0.00479375
1484,0.00336459
1485,0.00481345
1486,0.00146095
1487,0.00112263
1488,0.00249143
1489,0.00096122
1490,0.00189028
1491,0.01941466
1492,0.00232001
1493,0.00148652
1494,0.00339070
1495,0.00665375
1496,0.00333841
1497,0.00353374
1498,0.00148063
1499,0.00176395
1500,0.00229379
1501,0.00319626
1502,0.00417488
1503,0.00262605
1504,0.00221787
1505,0.00436201
1506,0.00163731
1507,0.00296329
1508,0.00193695
1509,0.00355769
1510,0.00272427
1511,0.00039948
1512,0.00166046
1513,0.00154379
1514,0.00259417
1515,0.00255612
1516,0.00227352
1517,0.00204053
1518,0.00377622
1519,0.02368436
1520,0.00197449
1521,0.00126989
1522,0.00016058
1523,0.00712289
1524,0.00336645
1525,0.00040646
1526,0.00222958
1527,0.00205053
1528,0.00334493
1529,0.00498207
1530,0.00640286
1531,0.00493103
1532,0.00251191
1533,0.00359419
1534,0.00248766
1535,0.00193311
1536,0.00233806
1537,0.00134955
1538,0.00216582
1539,0.00129799
1540,0.00945204
1541,0.00183313
1542,0.00056360
1543,0.00019218
1544,0.00000414
1545,0.00167010
1546,0.01217899
1547,0.00391923
1548,0.00034482
1549,0.00236626
1550,0.00263881
1551,0.00881927
1552,0.00188328
1553,0.00193994
1554,0.00419051
1555,0.00332940
1556,0.02145833
1557,0.00220087
1558,0.00923545
1559,0.00329932
1560,0.00193424
1561,0.00236217
1562,0.00238821
1563,0.00029106
1564,0.00254723
1565,0.06343133
1566,0.00261492
1567,0.00318660
1568,0.00211722
1569,0.00155335
1570,0.00050880
1571,0.00338724
1572,0.00159538
1573,0.00472981
1574,0.00500478
1575,0.00355307
1576,0.00319720
1577,0.00047239
1578,0.00001995
1579,0.00957461
1580,0.00315679
1581,0.00285663
1582,0.00358562
1583,0.00559365
1584,0.00245848
1585,0.00721840
1586,0.00238647
1587,0.00381665
1588,0.00159514
1589,0.00186499
1590,0.00179137
1591,0.00177050
1592,1.23267403
1593,0.00184132
1594,0.87113299
1595,0.00203228
1596,0.00312883
1597,0.00424382
1598,0.00273116
1599,0.00211500
1600,0.00271676
1601,0.00234612
1602,0.00529892
1603,0.00349811
1604,0.00127289
1605,0.00321973
1606,0.00217091
1607,0.00229253
1608,0.00257223
1609,0.02274934
1610,0.00609077
1611,0.00401293
1612,0.00182450
1613,0.00386112
1614,0.00084277
1615,0.00177104
1616,0.00229457
1617,0.00217582
1618,0.00341776
1619,0.01234038
1620,0.00299443
1621,0.00365661
1622,0.00154081
1623,0.00554382
1624,0.00203374
1625,0.00503193
1626,0.00279716
1627,0.00167102
1628,0.00285099
1629,0.00511996
1630,0.09465074
1631,0.00752297
1632,0.00227178
1633,0.00161918
1634,0.00173752
1635,0.00550172
1636,0.00088699
1637,0.00143442
1638,0.00753870
1639,0.00224067
1640,0.00424132
1641,0.00211798
1642,0.00446219
1643,0.00000866
1644,0.00178760
1645,0.00223083
1646,0.00143778
1647,0.00075335
1648,0.00454168
1649,0.00419445
1650,0.00536175
1651,0.00163545
1652,0.00159701
1653,0.00328069
1654,0.00190928
1655,0.00019308
1656,0.00117929
1657,0.00145067
1658,0.00512903
1659,0.00249208
1660,0.00269307
1661,0.00216925
1662,0.00181772
1663,0.00357742
1664,0.00412342
1665,0.00668041
1666,0.00395785
1667,0.00053494
1668,0.00002099
1669,0.00404847
1670,0.00281429
1671,0.00000470
1672,0.00313379
1673,0.00222395
1674,0.00155391
1675,0.00731475
1676,0.00179665
1677,0.00244603
1678,0.00241182
1679,0.00531498
1680,0.00272123
1681,0.00023742
1682,0.00322979
1683,0.00375012
1684,0.00321913
1685,0.00627942
1686,0.00357464
1687,0.00299728
1688,0.00165015
1689,0.01045204
1690,0.00319419
1691,0.00219798
1692,0.00274944
1693,0.00238154
1694,0.00203413
1695,1.84613061
1696,0.00029642
1697,0.00178262
1698,0.00557828
1699,0.00180979
1700,0.00284366
1701,0.00848466
1702,0.00408664
1703,0.00625354
1704,0.07920480
1705,0.00207946
1706,0.00220850
1707,0.00227575
1708,0.00157713
1709,0.00162883
1710,0.00167428
1711,0.00197079
1712,0.00190465
1713,0.00256634
1714,0.00463600
1715,0.00496390
1716,0.00127997
1717,0.00790614
1718,0.00174472
1719,0.00309575
1720,0.00209182
1721,0.00249330
1722,0.00301304
1723,0.00015825
1724,0.00117076
1725,0.00530336
1726,0.00178161
1727,0.00237591
1728,0.00872187
1729,0.00054686
1730,0.00248271
1731,0.00222518
1732,0.00256692
1733,0.00289841
1734,0.00015546
1735,0.00015620
1736,0.00174941
1737,0.00236216
1738,0.00169558
1739,0.00201650
1740,0.00248948
1741,0.00229309
1742,0.00769626
1743,0.00293044
1744,0.00197451
1745,0.00381216
1746,0.00197395
1747,0.00212344
1748,0.00326251
1749,0.00205612
1750,0.00495069
1751,0.00148980
1752,0.01746990
1753,0.00217045
1754,0.00410617
1755,0.00040405
1756,0.00334959
1757,0.00328760
1758,0.00040912
1759,0.00031297
1760,0.00375647
1761,0.00300061
1762,0.00122294
1763,0.00257457
1764,0.00120709
1765,0.00877192
1766,0.00220537
1767,0.00563901
1768,0.00145304
1769,0.00285112
1770,0.00001923
1771,0.00349281
1772,0.00532612
1773,0.00272557
1774,0.00212584
1775,0.00548645
1776,0.00214107
1777,0.00158113
1778,0.00486972
1779,0.00226773
1780,0.00717897
1781,0.00505940
1782,0.00423962
1783,0.00000475
1784,0.00200940
1785,0.00577646
1786,0.00592702
1787,0.00000459
1788,0.00378432
1789,0.00088468
1790,0.00233188
1791,0.00195605
1792,0.00485235
1793,1.21513001
1794,0.00445673
1795,0.00220317
1796,0.00167474
1797,0.00175346
1798,0.00041540
1799,0.00168659
1800,0.00533968
1801,0.00225372
1802,0.00248318
1803,0.00189822
1804,0.00217552
1805,0.00249054
1806,0.06398657
1807,0.00114659
1808,0.00368979
1809,0.00208468
1810,0.00147678
1811,0.00147072
1812,0.00570179
1813,0.00015778
1814,0.00111247
1815,0.00316841
1816,0.00156623
1817,0.00091478
1818,0.00373921
1819,0.00120871
1820,0.00000404
1821,0.00208198
1822,0.00511478
1823,0.00427846
1824,0.00089614
1825,0.00147854
1826,0.00406404
1827,0.00140410
1828,0.00755259
1829,0.00197719
1830,0.00582959
1831,0.00482259
1832,0.00041922
1833,0.00172264
1834,0.00671946
1835,0.03745009
1836,0.00748018
1837,0.00212947
1838,0.00000463
1839,0.00204544
1840,0.00137961
1841,0.00040056
1842,0.00094080
1843,0.00131677
1844,0.00459108
1845,0.00499832
1846,0.00576186
1847,0.70333416
1848,0.00122687
1849,0.00148564
1850,0.00234354
1851,0.00465436
1852,1.05259820
1853,0.00361870
1854,0.00237936
1855,0.00195657
1856,0.00000504
1857,0.00191121
1858,0.00295529
1859,0.00186755
1860,0.00167338
1861,0.00196186
1862,0.00184510
1863,0.00230113
1864,0.00325622
1865,0.01632002
1866,0.00235458
1867,0.00356982
1868,0.00021959
1869,0.00345024
1870,0.00230484
1871,1.47744488
1872,0.00406079
1873,0.00237680
1874,0.00185880
1875,0.00158013
1876,0.00372616
1877,0.00030503
1878,0.00213003
1879,0.00221096
1880,0.00047970
1881,0.00018178
1882,0.00174728
1883,0.00227988
1884,0.00041780
1885,0.00190592
1886,0.01243648
1887,0.00298989
1888,0.00357407
1889,0.00356518
1890,0.00331484
1891,0.00098343
1892,0.00259345
1893,0.00278632
1894,0.00073579
1895,0.00360349
1896,0.00412096
1897,0.00344177
1898,0.00037029
1899,0.00684463
1900,0.00327511
1901,1.28437223
1902,0.00534373
1903,0.00247459
1904,0.00223081
1905,0.00697464
1906,0.00309891
1907,0.00105377
1908,0.00542372
1909,0.00264382
1910,0.00206852
1911,0.00196900
1912,0.00154827
1913,0.00272840
1914,0.00062290
1915,0.00193159
1916,0.00259519
1917,0.74176100
1918,0.00132368
1919,0.00113712
1920,0.00140556
1921,0.00613272
1922,0.00207433
1923,0.00545580
1924,0.00164390
1925,0.00245025
1926,0.00286088
1927,0.00195890
1928,0.00134055
1929,0.00285531
1930,0.00000442
1931,0.00384952
1932,0.00192755
1933,0.00227571
1934,0.00299774
1935,0.00153209
1936,0.00337991
1937,0.00488522
1938,0.00262587
1939,0.00355492
1940,0.00114462
1941,0.00094310
1942,0.00554761
1943,0.00191021
1944,0.00451798
1945,0.00393166
1946,0.00530967
1947,0.00658993
1948,0.00161821
1949,0.00250823
1950,0.00426967
1951,0.00114805
1952,0.00247050
1953,0.00145760
1954,0.00136233
1955,0.00355453
1956,0.00313648
1957,0.00146182
1958,0.00342260
1959,0.00360687
1960,0.00215487
1961,0.01898786
1962,0.00267768
1963,0.00419935
1964,0.00287421
1965,0.00207259
1966,0.00886221
1967,0.00349277
1968,0.00150336
1969,0.00451758
1970,0.02566900
1971,0.00237760
1972,0.00157260
1973,0.00240244
1974,0.00689615
1975,0.00620828
1976,0.00482676
1977,0.00461258
1978,0.00183449
1979,0.00166886
1980,0.00270294
1981,0.00507039
1982,0.00315192
1983,0.00043124
1984,0.00763324
1985,0.00236277
1986,0.00304989
1987,0.00325749
1988,0.00189600
1989,0.00266485
1990,0.00204394
1991,0.00026966
1992,0.00248736
1993,0.00382146
1994,0.00166913
1995,0.00159915
1996,0.00239196
1997,0.00196529
1998,0.00168110
1999,0.00152591
2000,0.00001957
2001,0.00221176
2002,0.00275484
2003,0.00068935
2004,0.00308295
2005,0.00428859
2006,0.00168511
2007,0.00362940
2008,0.00435479
2009,0.00266135
2010,0.00350594
2011,0.00405325
2012,0.00933361
2013,0.00186366
2014,0.00106924
2015,0.16765361
2016,0.01252867
2017,0.00209469
2018,0.00191424
2019,0.00480334
2020,0.01170243
2021,0.00277198
2022,0.00372969
2023,0.01036456
2024,0.00193383
2025,0.00522762
2026,0.00197420
2027,0.00122884
2028,0.00191746
2029,0.00285243
2030,0.00137565
2031,0.00286008
2032,0.00338225
2033,0.00773480
2034,0.00055248
2035,0.01514955
2036,0.00439991
2037,0.00368368
2038,0.00450793
2039,0.01067253
2040,0.00349764
2041,0.00290138
2042,0.00490116
2043,0.00475921
2044,0.00375542
2045,0.00249920
2046,0.00488656
2047,0.00192113
2048,0.00193956
2049,0.00034242
2050,0.00028798
2051,0.00000588
2052,0.00235672
2053,0.00257168
2054,0.00356469
2055,0.00161902
2056,0.00208753
2057,0.00199634
2058,0.00221397
2059,0.00329719
2060,0.19718300
2061,0.00204970
2062,0.00170777
2063,0.00466371
2064,0.00129437
2065,0.00054766
2066,0.00269088
2067,0.00519151
2068,0.00185474
2069,0.00087054
2070,0.00015280
2071,0.00253371
2072,0.00031695
2073,0.00070755
2074,0.00326111
2075,0.00257806
2076,0.00174095
2077,0.00135501
2078,0.00420070
2079,0.00271938
2080,0.00373950
2081,0.00021125
2082,0.00232160
2083,0.00472583
2084,0.00093407
2085,0.00066263
2086,0.00603614
2087,0.00122932
2088,0.00496483
2089,0.00439914
2090,0.00174550
2091,0.00251867
2092,0.00419977
2093,0.00168400
2094,0.00680674
2095,0.00300590
2096,0.00197970
2097,0.01840993
2098,0.00449541
2099,0.00059905
2100,0.00256183
2101,0.00120448
2102,0.00289698
2103,0.00708021
2104,0.01775274
2105,0.00446868
2106,0.00135253
2107,0.00163895
2108,0.00388385
2109,0.00191332
2110,0.28774187
2111,0.00504012
2112,0.00324523
2113,0.00171459
2114,0.00413887
2115,0.00203603
2116,0.00363417
2117,0.00128805
2118,0.00360748
2119,0.00066717
2120,0.00150997
2121,0.00071202
2122,0.00475629
2123,0.00014154
2124,0.00746737
2125,0.00356909
2126,0.00196184
2127,0.00015470
2128,0.00298894
2129,0.13087402
2130,0.00002905
2131,0.00197097
2132,0.00274428
2133,0.00243510
2134,0.00013157
2135,0.00322737
2136,0.00221692
2137,0.00501778
2138,0.00408651
2139,0.00243964
2140,0.00199072
2141,0.00210729
2142,0.00319264
2143,0.00946276
2144,0.00176943
2145,0.00018788
2146,0.00166666
2147,0.00162198
2148,0.00410186
2149,0.00696595
2150,0.00508822
2151,0.00196259
2152,0.00021051
2153,0.00299380
2154,0.00563881
2155,0.00374772
2156,0.00330819
2157,0.00206546
2158,0.00325635
2159,0.00333637
2160,0.00490760
2161,0.00265729
2162,0.00579229
2163,0.00043836
2164,0.00057181
2165,0.00158259
2166,0.00380576
2167,0.00132876
2168,0.00000436
2169,0.00527397
2170,0.02458328
2171,0.00779215
2172,0.00302203
2173,0.00324773
2174,0.00400479
2175,0.00164446
2176,0.00049847
2177,0.00386323
2178,0.00217478
2179,0.00000970
2180,0.00320434
2181,0.00148232
2182,0.00191915
2183,0.00518993
2184,0.01828382
2185,0.00309904
2186,0.01763888
2187,0.00429528
2188,0.00483079
2189,0.00122534
2190,0.00740932
2191,0.00175257
2192,0.00199859
2193,0.00183015
2194,0.00465532
2195,0.00016123
2196,0.00455141
2197,0.00187860
2198,0.00221650
2199,0.00000416
2200,0.00350523
2201,0.00651683
2202,0.00411552
2203,0.00189067
2204,0.00311756
2205,0.00929054
2206,0.00084921
2207,0.00154658
2208,0.00214978
2209,0.00329741
2210,0.00000742
2211,0.00229978
2212,1.30334803
2213,0.56940336
2214,0.00272359
2215,0.00239574
2216,0.00204332
2217,0.00192673
2218,0.00157425
2219,0.00205724
2220,0.00163119
2221,0.00238576
2222,0.00248032
2223,0.00239764
2224,0.00154295
2225,0.00000490
2226,0.00775312
2227,0.00064179
2228,0.00133548
2229,0.00102903
2230,0.00458169
2231,0.00393155
2232,0.00243114
2233,0.00265048
2234,0.00412372
2235,0.00170751
2236,0.00058843
2237,0.00518027
2238,0.00401264
2239,0.00015738
2240,0.00267734
2241,0.00348457
2242,0.00507227
2243,0.23752753
2244,0.00227476
2245,0.00683294
2246,0.00132504
2247,0.00000455
2248,0.00182198
2249,0.00248210
2250,0.00181020
2251,0.00399725
2252,0.00224371
2253,0.00387775
2254,0.02565285
2255,0.00407116
2256,0.00098017
2257,0.00291917
2258,0.00043002
2259,0.00164543
2260,0.00268110
2261,0.00038949
2262,0.00017077
2263,0.00329885
2264,0.00295784
2265,0.00242787
2266,0.00773550
2267,0.00982414
2268,0.01100757
2269,0.00156349
2270,0.00190444
2271,0.00376220
2272,0.00379230
2273,0.00683131
2274,0.00150401
2275,0.00214452
2276,0.00169172
2277,0.00177427
2278,0.00041193
2279,0.00370013
2280,0.00311609
2281,0.00318233
2282,0.00338454
2283,0.00495200
2284,0.00434703
2285,0.00268260
2286,0.00114795
2287,0.00191967
2288,0.00290829
2289,0.00507292
2290,0.00133915
2291,0.00103769
2292,0.00086355
2293,0.00188081
2294,0.00485758
2295,0.00191821
2296,0.00266569
2297,0.00110955
2298,0.00722358
2299,0.00170700
2300,0.00312543
2301,0.00066509
2302,0.00355855
2303,0.00440745
2304,0.00238097
2305,0.00122548
2306,0.00191149
2307,0.00169284
2308,0.00416821
2309,0.00153333
2310,0.00727374
2311,0.00411409
2312,0.00195152
2313,0.00480240
2314,0.00017878
2315,1.47311557
2316,0.04901151
2317,0.00102876
2318,0.00258958
2319,0.00232386
2320,0.00158168
2321,0.00127410
2322,0.00188584
2323,0.00100552
2324,0.00400846
2325,0.00220465
2326,0.00082592
2327,0.00426514
2328,0.00140636
2329,0.00179229
2330,0.00192204
2331,0.00425492
2332,0.00207703
2333,0.00720876
2334,0.00585167
2335,0.00214765
2336,0.00113515
2337,0.00251022
2338,0.00351584
2339,0.00364350
2340,0.00182196
2341,0.00188988
2342,0.00167341
2343,0.00198843
2344,0.00647908
2345,0.00251056
2346,0.00530528
2347,0.00452414
2348,0.00420810
2349,0.00211786
2350,0.00247162
2351,0.00373404
2352,0.00151251
2353,0.00204313
2354,0.00192765
2355,0.00290133
2356,0.00646362
2357,0.00075879
2358,0.00148967
2359,0.00000432
2360,0.00580750
2361,0.00225209
2362,0.00245662
2363,0.00707031
2364,0.00120319
2365,0.00030823
2366,0.00661872
2367,0.00180350
2368,0.00510150
2369,0.00853094
2370,0.00158597
2371,0.00435396
2372,0.00050568
2373,0.00221030
2374,0.00194307
2375,0.00177480
2376,0.00203646
2377,0.00330759
2378,0.00063208
2379,1.86425885
2380,0.00172638
2381,0.00327154
2382,0.00198676
2383,0.00229502
2384,0.00176848
2385,0.00257713
2386,0.00510677
2387,0.00218236
2388,0.00044829
2389,0.00171029
2390,0.00266464
2391,0.00042324
2392,0.00209648
2393,0.00153857
2394,0.00227568
2395,0.00195165
2396,0.00418327
2397,0.00328607
2398,0.00237274
2399,0.00412918
2400,0.00674444
2401,0.00020762
2402,0.00532702
2403,0.00031918
2404,0.00042551
2405,0.00189691
2406,0.86196046
2407,0.00000464
2408,0.00399717
2409,0.00255340
2410,0.00137842
2411,0.00172881
2412,0.00165240
2413,0.00168861
2414,0.00109157
2415,0.00386369
2416,0.00220625
2417,0.00021389
2418,0.00020892
2419,0.00338756
2420,1.15417631
2421,0.00248221
2422,0.00278265
2423,0.00289924
2424,0.00334953
2425,0.00000782
2426,0.00136233
2427,0.00346452
2428,0.00390946
2429,0.00643506
2430,0.00161200
2431,0.00273213
2432,0.00429160
2433,0.00203259
2434,0.00118640
2435,0.00190309
2436,0.00228457
2437,0.00299420
2438,0.00052880
2439,0.00091159
2440,0.00605047
2441,0.00387195
2442,0.00483671
2443,0.00000444
2444,0.00131536
2445,0.00028213
2446,0.00366940
2447,0.00493711
2448,0.00233825
2449,1.13504625
2450,0.00157153
2451,0.00197446
2452,0.00039838
2453,0.00251490
2454,0.00227295
2455,0.00280471
2456,0.00338132
2457,0.03501722
2458,0.00155882
2459,0.00904150
2460,0.00139060
2461,0.00018124
2462,0.00341837
2463,0.00223773
2464,0.00347158
2465,0.00361035
2466,0.00242323
2467,0.00213826
2468,0.00023051
2469,0.00194859
2470,0.00384647
2471,0.00275253
2472,0.00139965
2473,0.00000539
2474,0.00349754
2475,0.00017732
2476,0.00394292
2477,0.00171161
2478,0.00517695
2479,0.01159656
2480,0.00181277
2481,0.00401110
2482,0.00207218
2483,0.00235823
2484,0.00413256
2485,0.00340445
2486,0.00415731
2487,0.00154704
2488,0.00130354
2489,0.00016605
2490,0.00336236
2491,0.00126815
2492,0.00518030
2493,0.00153070
2494,0.00165705
2495,0.00217153
2496,0.00223656
2497,0.04008847
2498,0.00340663
2499,0.00133497
2500,0.00303595
2501,0.00288303
2502,0.00260225
2503,0.00018531
2504,0.00206392
2505,0.00195229
2506,0.00206900
2507,0.00016170
2508,0.00339127
2509,0.00239231
2510,0.00045165
2511,0.00395008
2512,0.00249911
2513,0.00294635
2514,0.00239189
2515,0.00438683
2516,0.00338480
2517,0.00319482
2518,0.00429563
2519,2.00997071
2520,0.00159712
2521,0.00220244
2522,0.00249907
2523,0.00532224
2524,0.00258049
2525,0.00257418
2526,0.00196041
2527,0.00931416
2528,0.02075718
2529,0.00254663
2530,0.00123221
2531,0.00448267
2532,0.00864142
2533,0.00493472
2534,0.00486967
2535,0.00352447
2536,0.00192072
2537,0.00157066
2538,0.00567278
2539,0.00416883
2540,0.00150914
2541,0.00361881
2542,0.01228423
2543,0.00051708
2544,1.00736184
2545,0.00268024
2546,0.00115743
2547,0.00570689
2548,0.00228926
2549,0.02051474
2550,0.00270329
2551,0.00273473
2552,0.00294208
2553,0.00435404
2554,0.00308230
2555,0.00472665
2556,0.00167414
2557,0.00379235
2558,0.00304853
2559,0.00000488
2560,0.00374430
2561,0.00195466
2562,0.00346555
2563,0.00092688
2564,0.00177387
2565,0.01395282
2566,0.00178042
2567,0.00410788
2568,0.00418856
2569,0.00230631
2570,0.00171155
2571,0.00398750
2572,0.00262844
2573,0.00210284
2574,0.00268490
2575,0.00856527
2576,0.00439326
2577,0.00092200
2578,0.00181927
2579,0.00251262
2580,0.00230564
2581,0.00167309
2582,0.00399360
2583,0.00285151
2584,0.00236359
2585,0.00513651
2586,0.00817482
2587,0.00156854
2588,0.00000498
2589,0.00281919
2590,0.00280462
2591,0.00000502
2592,0.00024994
2593,0.00458731
2594,0.00161756
2595,0.00224500
2596,0.00171433
2597,0.00333725
2598,0.00373217
2599,0.00174147
2600,0.00550160
2601,0.00483397
2602,0.00000520
2603,0.01896362
2604,0.00187281
2605,0.00223146
2606,0.00265148
2607,0.00287871
2608,0.00512343
2609,0.00021485
2610,0.00626767
2611,0.00207304
2612,0.00483249
2613,0.00425889
2614,0.00468592
2615,0.00158110
2616,0.08133729
2617,0.00278475
2618,0.00000585
2619,0.00102330
2620,0.00127432
2621,0.00015012
2622,0.00453904
2623,0.00222465
2624,0.00402899
2625,0.00357087
2626,0.00401754
2627,0.00000582
2628,0.00245601
2629,0.00214005
2630,0.00447968
2631,0.00232002
2632,0.00189168
2633,0.00191528
2634,0.00729493
2635,0.00273116
2636,0.00067207
2637,0.00207497
2638,0.00627924
2639,0.00542279
2640,0.00413681
2641,0.00349350
2642,0.00201375
2643,0.00305977
2644,0.00391388
2645,0.00544595
2646,0.00158616
2647,0.00389388
2648,0.00265245
2649,0.00227371
2650,0.00044867
2651,0.00946855
2652,0.00117833
2653,0.00121218
2654,0.04987818
2655,0.00179594
2656,0.00642273
2657,0.00482304
2658,0.00246140
2659,0.00376703
2660,0.00566708
2661,0.00145097
2662,0.00085829
2663,0.00114053
2664,0.00622721
2665,0.00370725
2666,0.00277758
2667,0.00198900
2668,0.00169641
2669,0.00622386
2670,0.00583991
2671,0.00409011
2672,0.00317467
2673,0.00226983
2674,0.00270617
2675,0.00488475
2676,0.00247505
2677,0.00195188
2678,0.00228833
2679,0.00271607
2680,0.00489909
2681,0.00056672
2682,0.00223121
2683,0.00014816
2684,0.00337332
2685,0.00067321
2686,0.00217726
2687,0.00285750
2688,0.00041257
2689,0.00233135
2690,0.00507832
2691,0.00072371
2692,0.00090361
2693,0.00188161
2694,0.19038725
2695,0.00143826
2696,1.43904418
2697,0.00316409
2698,0.00182355
2699,0.00068564
2700,0.00113973
2701,0.00267074
2702,0.00308821
2703,1.71789727
2704,0.00273587
2705,0.00188395
2706,0.00419836
2707,0.00711135
2708,0.00043769
2709,0.00258990
2710,0.01213874
2711,0.00183132
2712,0.03318420
2713,0.00520813
2714,0.00504537
2715,0.00364883
2716,1.98234982
2717,0.00166808
2718,0.00273433
2719,0.00126453
2720,0.00285481
2721,0.00293975
2722,0.00880125
2723,0.00014362
2724,0.00502726
2725,0.00161402
2726,0.00247048
2727,0.00313010
2728,0.00063783
2729,0.00134891
2730,0.00950162
2731,0.00212096
2732,0.00428073
2733,0.00163902
2734,0.00207871
2735,0.00001226
2736,0.00233346
2737,0.00202360
2738,0.00234840
2739,0.00437220
2740,0.00000338
2741,0.00050287
2742,0.00209423
2743,0.00149708
2744,0.00379238
2745,0.00443366
2746,2.01743914
2747,0.00142761
2748,0.00000506
2749,0.00187443
2750,0.00235881
2751,0.00950582
2752,0.00202463
2753,0.00184367
2754,0.00016599
2755,0.00222196
2756,0.00493907
2757,0.00485520
2758,0.01790109
2759,0.00242525
2760,0.00598739
2761,0.00860906
2762,0.00181016
2763,0.00039771
2764,0.00329238
2765,0.00083606
2766,0.00404018
2767,0.00115961
2768,0.00503873
2769,0.00019675
2770,0.00155157
2771,0.00243859
2772,0.00069707
2773,0.00132490
2774,1.06785560
2775,0.00159260
2776,0.00421612
2777,0.00319568
2778,0.00164570
2779,0.00115887
2780,0.00255938
2781,0.00173324
2782,0.00302874
2783,0.00289266
2784,0.00722777
2785,0.00227225
2786,0.00280827
2787,0.59369103
2788,0.00315904
2789,1.43704247
2790,0.01123867
2791,0.00227681
2792,0.00940461
2793,0.00531987
2794,0.00206353
2795,0.00313816
2796,0.00114043
2797,0.00175459
2798,0.00254583
2799,0.00581821
2800,0.00153060
2801,0.00101937
2802,0.00361990
2803,0.00024508
2804,0.00228581
2805,0.00103859
2806,0.00251697
2807,0.00228391
2808,0.00402612
2809,0.00289984
2810,0.00178013
2811,0.00128425
2812,0.00139754
2813,0.00473996
2814,0.00229376
2815,0.00078035
2816,0.00160821
2817,0.00357998
2818,0.00635619
2819,0.01024703
2820,0.00284346
2821,0.00283396
2822,0.00122327
2823,0.00672952
2824,0.00788501
2825,0.00199580
2826,0.00140946
2827,0.00000491
2828,0.00457464
2829,0.00250658
2830,0.00447676
2831,0.00338082
2832,0.00529737
2833,0.00485195
2834,0.00374335
2835,0.00160984
2836,0.00224116
2837,0.00265496
2838,0.00397368
2839,0.00925163
2840,0.00220391
2841,0.00093490
2842,0.00158592
2843,0.00098392
2844,0.00124096
2845,0.00268885
2846,0.00172694
2847,0.00596110
2848,0.00183268
2849,0.61535983
2850,0.00334430
2851,0.00166945
2852,0.00123617
2853,0.00278518
2854,0.00502828
2855,0.00131725
2856,0.00254864
2857,0.00176541
2858,0.00417620
2859,0.00433194
2860,0.00235283
2861,0.00539242
2862,0.01820809
2863,0.00018294
2864,0.00205620
2865,0.00002287
2866,0.00656726
2867,0.00502116
2868,0.00661860
2869,0.00941148
2870,0.00474413
2871,0.00354283
2872,0.00322099
2873,0.00213560
2874,0.01837039
2875,0.00016451
2876,0.00241247
2877,0.00354222
2878,0.00106644
2879,0.00000744
2880,0.00239007
2881,0.00455899
2882,0.00489374
2883,0.00397554
2884,0.00122956
2885,0.00047642
2886,0.00266149
2887,0.00219344
2888,0.00124780
2889,0.00577572
2890,0.00856228
2891,0.00424693
2892,0.00253418
2893,0.00135674
2894,0.00121948
2895,0.00106978
2896,0.00525564
2897,0.00168552
2898,0.00195604
2899,0.00374618
2900,0.00348742
2901,0.00207920
2902,0.00352902
2903,0.00286471
2904,0.00376908
2905,0.00050105
2906,0.00320727
2907,0.00193074
2908,0.00022046
2909,0.00470377
2910,0.00237663
2911,0.00413286
2912,0.00427081
2913,0.00831086
2914,0.00248361
2915,0.00258844
2916,0.00263481
2917,0.00679594
2918,0.00512490
2919,0.00204578
2920,0.00234181
2921,0.00147820
2922,0.00163253
2923,0.00200867
2924,0.00891046
2925,0.00180295
2926,0.00389965
2927,0.00155135
2928,0.00247269
2929,0.00133897
2930,0.00001511
2931,0.00196780
2932,0.00219688
2933,0.00443188
2934,0.00406770
2935,0.00103859
2936,0.02556111
2937,0.00275840
2938,0.00537795
2939,0.00020806
2940,0.00333781
2941,0.60653311
2942,0.00123822
2943,0.00468923
2944,0.00331473
2945,0.00091040
2946,0.00558823
2947,0.00389765
2948,0.00325061
2949,0.00412058
2950,0.00118424
2951,0.00014914
2952,0.00266138
2953,0.00000606
2954,0.00317769
2955,0.00148852
2956,0.00702278
2957,0.00014535
2958,0.00136686
2959,0.00282757
2960,0.00375364
2961,0.00111200
2962,0.00998405
2963,0.00210261
2964,0.00413427
2965,0.00352980
2966,0.00188357
2967,0.00189744
2968,0.00431858
2969,0.00410565
2970,0.00025678
2971,0.00257808
2972,0.00282118
2973,0.00221827
2974,0.00248144
2975,0.00247886
2976,0.00156486
2977,0.00248131
2978,0.00201406
2979,0.00200450
2980,0.00118874
2981,0.00438682
2982,0.00012540
2983,0.00137272
2984,0.00238428
2985,0.00190719
2986,0.00279562
2987,0.00191317
2988,0.00429743
2989,0.00374673
2990,0.00208473
2991,0.00103258
2992,0.00174930
2993,0.00178186
2994,0.00178987
2995,0.00312259
2996,0.00153434
2997,0.00118671
2998,0.00350975
2999,0.02183529
3000,0.00121604
3001,0.00199352
3002,0.00155082
3003,0.00039959
3004,0.00221377
3005,0.00550821
3006,0.00159280
3007,0.00213651
3008,0.01627434
3009,0.00054728
3010,0.00344957
3011,0.00254589
3012,0.00224691
3013,0.00015844
3014,0.00483868
3015,0.00237486
3016,0.02684812
3017,0.00957700
3018,0.00411224
3019,0.00272529
3020,0.00407683
3021,0.07353671
3022,0.00174298
3023,0.00338996
3024,0.00228610
3025,0.00354083
3026,0.00389384
3027,0.00540847
3028,0.00377229
3029,0.00237963
3030,0.00015963
3031,0.00412042
3032,0.00595263
3033,0.00346566
3034,0.00327018
3035,0.00513710
3036,0.00168369
3037,0.00219029
3038,0.00425880
3039,0.00045567
3040,0.00262577
3041,0.00713997
3042,0.00194246
3043,0.00256192
3044,0.00440386
3045,0.00013127
3046,0.00194885
3047,0.00231913
3048,0.00195068
3049,0.00326226
3050,0.00361345
3051,0.00257236
3052,0.00312577
3053,0.00346610
3054,0.00000490
3055,0.00325805
3056,0.00099397
3057,0.00413507
3058,0.94875911
3059,0.00489173
3060,1.28489807
3061,0.00233439
3062,0.00315478
3063,0.00197276
3064,0.00065136
3065,0.00215334
3066,0.04187804
3067,0.00645348
3068,0.00450714
3069,0.00359027
3070,0.00501110
3071,0.00170527
3072,0.00054017
3073,0.00215355
3074,0.00383231
3075,0.00775373
3076,0.00259257
3077,0.01371554
3078,0.00338878
3079,0.00384084
3080,0.00181373
3081,0.00000579
3082,0.00436012
3083,0.00190924
3084,0.00538095
3085,0.00162155
3086,0.00754957
3087,0.00295275
3088,0.00656728
3089,0.00244863
3090,0.00305934
3091,0.00210339
3092,0.00276850
3093,0.00183370
3094,0.00201645
3095,0.00182748
3096,0.00388343
3097,0.00182792
3098,0.00000458
3099,0.00240086
3100,0.00293828
3101,0.00386529
3102,0.00208601
3103,0.00162462
3104,0.00533841
3105,0.00663766
3106,0.00217406
3107,0.00000485
3108,0.14445552
3109,0.00179739
3110,0.00546095
3111,0.00086893
3112,0.01550709
3113,0.00308369
3114,0.00787033
3115,0.02992902
3116,0.00189673
3117,0.00635273
3118,0.00218150
3119,0.00004171
3120,0.00039063
3121,0.00244943
3122,0.00193206
3123,0.00691402
3124,0.00000444
3125,0.00346114
3126,0.00449668
3127,0.00298433
3128,0.00348607
3129,0.01398827
3130,0.00217880
3131,0.00915037
3132,0.00410685
3133,0.00277984
3134,0.00324787
3135,0.00613379
3136,0.00165724
3137,0.00229123
3138,0.47942761
3139,0.00183110
3140,0.00223271
3141,0.00187432
3142,0.00000514
3143,0.00056260
3144,0.00194263
3145,0.00496568
3146,0.00371828
3147,0.00024257
3148,0.00200400
3149,0.00255432
3150,0.00511770
3151,0.00217735
3152,0.00179732
3153,0.00366839
3154,0.00169166
3155,2.28299351
3156,0.00706385
3157,0.00197239
3158,0.00151325
3159,0.00290968
3160,0.01635498
3161,0.00130447
3162,0.00355108
3163,0.00516163
3164,0.00184181
3165,0.00443444
3166,0.00193854
3167,0.01828019
3168,0.00350283
3169,0.00466722
3170,0.00184976
3171,0.00785444
3172,0.00039269
3173,0.00444655
3174,0.00241297
3175,0.00174134
3176,0.00635904
3177,0.00842734
3178,0.01548649
3179,0.00255938
3180,0.00807532
3181,0.00664269
3182,0.00250197
3183,0.00440744
3184,0.00272577
3185,0.00171930
3186,0.00042982
3187,0.00127722
3188,0.16494067
3189,0.00216610
3190,0.00162652
3191,0.01026575
3192,0.00282563
3193,0.72444604
3194,0.00219512
3195,0.00132872
3196,0.00126779
3197,1.06857674
3198,0.00157998
3199,0.82359318
3200,0.00014271
3201,0.00219680
3202,0.00247823
3203,0.01396130
3204,0.00136000
3205,0.00345634
3206,0.00174698
3207,0.00183274
3208,0.00187903
3209,0.00160271
3210,0.00231177
3211,0.00172512
3212,0.00130936
3213,0.01930708
3214,0.00176252
3215,0.00014411
3216,0.00204374
3217,0.00193507
3218,0.00315247
3219,0.00519592
3220,0.00486721
3221,0.00194885
3222,0.00677504
3223,0.00191885
3224,0.00285941
3225,1.49344367
3226,0.00384441
3227,0.00083134
3228,0.00237412
3229,0.00140261
3230,0.01520434
3231,0.00000464
3232,0.00288006
3233,0.00433067
3234,0.00325464
3235,0.00444877
3236,0.00176568
3237,0.00237262
3238,0.00174254
3239,0.00235821
3240,0.00605570
3241,1.50835661
3242,0.01223710
3243,0.00206950
3244,0.00597306
3245,0.00234175
3246,0.81315938
3247,0.01770262
3248,0.00138740
3249,0.00275594
3250,0.00131804
3251,0.00226828
3252,0.00125946
3253,0.01126984
3254,0.00087916
3255,0.00272492
3256,0.00202620
3257,0.00104774
3258,0.00165025
3259,0.00090887
3260,0.00241346
3261,0.00838502
3262,0.00478157
3263,0.00056643
3264,0.00157855
3265,0.00136689
3266,0.00260381
3267,0.00217982
3268,0.00616630
3269,0.00296917
3270,0.00303447
3271,0.01661696
3272,0.00180828
3273,0.00178578
3274,0.00231847
3275,0.00377741
3276,0.00345178
3277,0.01014907
3278,0.00216244
3279,0.00361294
3280,0.00188723
3281,0.01366081
3282,0.00248311
3283,1.54773360
3284,0.00083276
3285,0.00349824
3286,0.01056989
3287,0.00190026
3288,0.00186392
3289,0.00183116
3290,0.00242382
3291,0.00035647
3292,0.00233454
3293,0.00161642
3294,0.82997935
3295,0.00673350
3296,0.00390738
3297,0.00116897
3298,0.01446956
3299,0.00554531
3300,0.00233054
3301,0.00368917
3302,0.00116677
3303,0.00137141
3304,0.00000681
3305,0.00298463
3306,0.00297846
3307,0.00328056
3308,0.00144053
3309,0.00185755
3310,0.00302742
3311,0.00248783
3312,0.00189041
3313,0.00366815
3314,0.00042953
3315,0.00467138
3316,0.00153477
3317,0.00013912
3318,0.00192654
3319,1.74349137
3320,0.00134105
3321,0.00320707
3322,0.00069943
3323,0.00273773
3324,0.00162344
3325,0.00218786
3326,0.00471287
3327,0.00011742
3328,0.00041596
3329,0.00169426
3330,0.00152983
3331,0.00047839
3332,0.00207151
3333,0.00177733
3334,0.00255180
3335,0.00200124
3336,0.00509995
3337,0.00083690
3338,0.00190102
3339,0.00336465
3340,0.00326194
3341,0.00303793
3342,0.00239677
3343,0.00199373
3344,0.00493574
3345,0.00227470
3346,0.00395577
3347,0.00344813
3348,0.00089313
3349,0.00000492
3350,0.00147940
3351,0.00372541
3352,0.00203966
3353,0.00063454
3354,0.00129790
3355,0.00621862
3356,0.00481199
3357,0.00078756
3358,0.00183707
3359,0.00242298
3360,0.00718034
3361,0.00226055
3362,0.00124326
3363,0.00185935
3364,0.00729381
3365,0.00394419
3366,0.00187115
3367,0.00210999
3368,0.02135927
3369,0.00360289
3370,0.00186010
3371,0.11985169
3372,0.00550652
3373,0.00723120
3374,0.00230983
3375,0.00635064
3376,0.00205265
3377,0.00201635
3378,0.00235309
3379,0.00085953
3380,0.00394465
3381,0.00015942
3382,0.00138737
3383,0.00162712
3384,0.00140364
3385,0.00408781
3386,0.00153831
3387,0.00036000
3388,0.00118851
3389,0.00668609
3390,0.00310376
3391,0.00822552
3392,0.00058173
3393,0.00456699
3394,0.00992882
3395,0.00251741
3396,0.00486255
3397,0.00078290
3398,0.00236096
3399,0.00275192
3400,0.00148220
3401,0.01800509
3402,0.00700047
3403,0.00469525
3404,0.00128674
3405,0.00215765
3406,0.00397603
3407,0.26950385
3408,0.00005934
3409,0.00294630
3410,0.00083275
3411,0.00553302
3412,0.00176174
3413,0.00153528
3414,0.00168368
3415,0.00000423
3416,0.00037175
3417,0.00325728
3418,0.00124735
3419,0.00260521
3420,0.00804333
3421,0.00236783
3422,0.00212012
3423,0.00275372
3424,0.00180023
3425,0.00021874
3426,0.00150438
3427,0.00135447
3428,0.00464190
3429,0.00347359
3430,0.00608625
3431,0.00381106
3432,0.00281525
3433,0.00295660
3434,0.00375975
3435,0.00342520
3436,0.00189104
3437,0.00154482
3438,0.00217659
3439,0.00367207
3440,0.00242386
3441,0.00403764
3442,0.00346710
3443,0.00398759
3444,0.00913341
3445,0.00251863
3446,0.00192235
3447,0.00001249
3448,0.00428824
3449,0.00288798
3450,0.01691266
3451,0.00938549
3452,0.00552725
3453,0.00011038
3454,0.00229182
3455,0.00399098
3456,1.81644483
3457,0.00427896
3458,0.00170725
3459,0.00204553
3460,0.00154908
3461,0.00289143
3462,0.00304181
3463,0.00015449
3464,0.00111568
3465,0.00307524
3466,0.00020514
3467,0.00364284
3468,0.00425220
3469,0.00234265
3470,0.00187528
3471,0.00134516
3472,0.00082434
3473,0.00201281
3474,0.00162760
3475,0.00257128
3476,0.00309279
3477,0.00165562
3478,0.00000493
3479,0.00512484
3480,0.00265059
3481,0.00420649
3482,0.00213712
3483,0.00019045
3484,0.00424118
3485,0.00304357
3486,0.00120070
3487,0.00273197
3488,0.00563151
3489,0.00498208
3490,0.00429157
3491,0.00247869
3492,0.00712652
3493,0.00579069
3494,0.00891156
3495,0.00171235
3496,0.00333616
3497,0.00799189
3498,0.00188798
3499,0.00353662
3500,0.00360175
3501,0.00369262
3502,0.00194944
3503,0.00599727
3504,0.00403379
3505,0.00431527
3506,2.19166597
3507,0.00204756
3508,0.00014752
3509,0.00155931
3510,0.00132879
3511,0.00033358
3512,0.00173361
3513,0.00185274
3514,0.00200534
3515,0.03939480
3516,0.01178047
3517,0.00238172
3518,0.00162960
3519,0.00547682
3520,0.00041550
3521,0.00207659
3522,0.00156565
3523,0.00314008
3524,0.08814985
3525,0.00265922
3526,0.00040320
3527,0.00992284
3528,0.01351053
3529,0.00623124
3530,0.00352464
3531,0.00242176
3532,0.00410350
3533,0.00218073
3534,0.00166489
3535,0.00400320
3536,0.00702466
3537,0.00278444
3538,0.00014943
3539,0.00361118
3540,0.00210078
3541,0.00188969
3542,0.00032116
3543,0.00178838
3544,0.00175291
3545,0.00237841
3546,0.00172302
3547,0.00183945
3548,0.00399887
3549,0.00650596
3550,0.00428358
3551,0.00165477
3552,0.00136361
3553,0.00227230
3554,0.00547305
3555,0.00251730
3556,0.00016234
3557,0.06089313
3558,0.00247041
3559,0.00337626
3560,0.00172756
3561,0.00371503
3562,0.00338026
3563,0.00107517
3564,0.00674228
3565,0.00220234
3566,0.00212213
3567,0.00311656
3568,0.00291790
3569,0.00475437
3570,0.00027089
3571,0.00304755
3572,0.06600932
3573,0.00122875
3574,0.00551696
3575,0.00578570
3576,0.00183564
3577,0.00144019
3578,0.40221128
3579,0.00532106
3580,0.00271206
3581,0.00431218
3582,0.00122705
3583,0.01046847
3584,0.00252392
3585,0.00119591
3586,0.00141367
3587,0.00154005
3588,0.00234008
3589,0.00000432
3590,0.00094214
3591,0.00291496
3592,0.00809871
3593,0.00037777
3594,0.00088583
3595,0.00350266
3596,0.00257832
3597,0.00106865
3598,0.00148146
3599,0.00431651
3600,0.00197736
3601,0.00338986
3602,0.00354389
3603,0.00191569
3604,0.00378089
3605,0.00167533
3606,0.69750758
3607,0.00393619
3608,0.00217113
3609,0.00279206
3610,0.00196832
3611,0.00450705
3612,0.00184059
3613,0.00160322
3614,0.00336314
3615,0.00294350
3616,0.00214416
3617,0.00310457
3618,0.00202587
3619,0.00134929
3620,0.00047350
3621,0.01086830
3622,0.00113917
3623,0.00198857
3624,0.00236718
3625,0.00448504
3626,0.00156560
3627,0.00177122
3628,0.00539556
3629,0.00366854
3630,0.00320666
3631,0.00116475
3632,0.00281999
3633,0.00000524
3634,0.00627617
3635,0.00213962
3636,0.00083379
3637,0.00208448
3638,0.00012707
3639,0.00387456
3640,0.00664769
3641,0.00266124
3642,0.00228127
3643,0.00446411
3644,0.00264019
3645,0.00225719
3646,0.00448205
3647,0.01681550
3648,0.00580181
3649,0.00463076
3650,0.00057757
3651,0.00435629
3652,0.00143826
3653,0.00218734
3654,0.00036566
3655,0.00188030
3656,0.00094775
3657,0.00233622
3658,0.00190151
3659,0.00207697
3660,0.00302925
3661,0.00442250
3662,0.00181863
3663,0.00237767
3664,0.00123188
3665,0.01557607
3666,0.01866297
3667,0.00001571
3668,0.00160379
3669,0.00018606
3670,0.00474468
3671,0.00147816
3672,0.00368835
3673,0.00127928
3674,0.00121180
3675,0.00006883
3676,0.00243725
3677,0.17673204
3678,0.00011298
3679,0.00143424
3680,0.00068311
3681,0.00140227
3682,0.00249337
3683,0.00557743
3684,0.00141190
3685,0.00159486
3686,0.00338229
3687,0.00132784
3688,0.00253080
3689,0.00000486
3690,0.00228093
3691,0.00270876
3692,0.00209208
3693,0.00013298
3694,0.00267738
3695,0.00249866
3696,0.00246212
3697,0.00412908
3698,0.00256568
3699,0.00956570
3700,0.00996280
3701,0.00231269
3702,0.00198788
3703,0.00204983
3704,0.00110412
3705,0.00039391
3706,0.00184238
3707,0.00311082
3708,0.00189228
3709,0.00277538
3710,0.00157771
3711,0.00040598
3712,0.00311765
3713,0.00224781
3714,0.00645137
3715,0.00033956
3716,0.00269628
3717,0.00168482
3718,0.00177020
3719,0.00058905
3720,0.00186080
3721,0.00336804
3722,0.00200155
3723,0.00422057
3724,0.00444800
3725,0.00186956
3726,0.00183023
3727,0.00238676
3728,0.00195910
3729,0.00318918
3730,0.00235765
3731,0.00108877
3732,0.00249466
3733,0.00406283
3734,0.00382031
3735,0.00189122
3736,0.00526644
3737,0.00000455
3738,0.00220012
3739,0.00128328
3740,0.00685609
3741,0.00000421
3742,0.00277835
3743,0.00364484
3744,0.00319905
3745,0.00701350
3746,0.00725434
3747,0.00120243
3748,0.00237137
3749,0.00494704
3750,0.00475269
3751,0.03502280
3752,0.00398919
3753,0.00044942
3754,0.46311355
3755,0.00157078
3756,0.00494145
3757,0.00341122
3758,0.00798372
3759,0.00216719
3760,0.00290995
3761,0.00180954
3762,0.00137258
3763,0.00797350
3764,0.00000491
3765,0.00243007
3766,0.00151986
3767,0.00213745
3768,0.00262017
3769,0.00139164
3770,0.00443887
3771,0.00235505
3772,0.00150495
3773,0.00166676
3774,0.00186850
3775,0.00160413
3776,0.00315162
3777,0.00244541
3778,0.00306763
3779,0.00160404
3780,0.00272438
3781,0.00161218
3782,0.00419386
3783,0.00346621
3784,0.00308584
3785,0.03420644
3786,0.00193958
3787,0.00315314
3788,0.03010378
3789,0.00558761
3790,0.00470923
3791,0.00377850
3792,0.00042146
3793,0.00269813
3794,0.00199564
3795,0.00491344
3796,0.00198038
3797,0.01365015
3798,0.00195447
3799,0.00339118
3800,0.00638311
3801,0.00274145
3802,0.00330428
3803,0.00038460
3804,0.00229393
3805,0.00207514
3806,0.00108904
3807,0.00256935
3808,0.00171370
3809,0.00583534
3810,0.00328435
3811,0.00239264
3812,0.00413543
3813,0.00164013
3814,0.02259887
3815,0.00917561
3816,0.00333816
3817,0.00624970
3818,0.00035828
3819,0.00202673
3820,0.00228095
3821,0.01128368
3822,0.00218232
3823,0.00149088
3824,0.00193999
3825,0.00157511
3826,0.00027937
3827,0.00247839
3828,0.00227731
3829,0.00406858
3830,0.00163559
3831,0.00241479
3832,0.00280348
3833,0.00397503
3834,0.00275047
3835,0.00403223
3836,0.00251056
3837,0.00231940
3838,0.00270068
3839,0.00016734
3840,0.00031575
3841,0.00196424
3842,0.00348961
3843,0.00163690
3844,0.00087245
3845,0.00308982
3846,0.00779615
3847,0.00183455
3848,0.00336345
3849,0.00470886
3850,0.00148607
3851,0.00209920
3852,0.00267509
3853,0.00406688
3854,0.21577417
3855,0.03503189
3856,0.00353304
3857,0.00708140
3858,0.00150475
3859,0.00119970
3860,0.00712184
3861,0.00324445
3862,0.00202931
3863,0.00000483
3864,0.00245192
3865,0.00196675
3866,0.00169790
3867,0.00160486
3868,0.00555275
3869,0.00200139
3870,0.00255976
3871,0.00162794
3872,0.00188393
3873,0.00243387
3874,0.00158517
3875,0.00090022
3876,0.00270125
3877,0.00220394
3878,0.00187285
3879,0.00222995
3880,0.00210394
3881,0.00038320
3882,0.00287198
3883,0.01348434
3884,0.00156575
3885,0.00199455
3886,0.00171786
3887,0.72816407
3888,0.00111851
3889,0.00022047
3890,0.00117761
3891,0.00674697
3892,0.00401171
3893,0.00130510
3894,0.00199671
3895,0.03814090
3896,0.00512000
3897,0.96866895
3898,0.00182934
3899,0.00214325
3900,0.00013475
3901,0.00091382
3902,0.00173453
3903,0.00266443
3904,0.00156023
3905,0.00372094
3906,0.00182493
3907,0.00169794
3908,0.00415485
3909,0.00877283
3910,0.00621749
3911,0.00535509
3912,0.00406792
3913,0.00233675
3914,0.00399135
3915,0.00453729
3916,0.00330639
3917,0.00417206
3918,0.00120865
3919,0.89937070
3920,0.00228301
3921,0.00174928
3922,0.00581178
3923,0.00051335
3924,0.00013778
3925,0.00309819
3926,0.00164054
3927,0.00280638
3928,0.00085587
3929,0.00050413
3930,0.00844888
3931,0.00080740
3932,0.00000684
3933,0.00207661
3934,0.00773088
3935,0.00717562
3936,0.00010300
3937,0.00082526
3938,0.00242850
3939,0.00209043
3940,1.74628160
3941,0.00162964
3942,0.00161732
3943,0.00283777
3944,0.00505358
3945,0.00227294
3946,0.00124268
3947,0.00303043
3948,0.00493030
3949,0.00204283
3950,0.00184200
3951,0.00687061
3952,0.01268845
3953,0.00474143
3954,0.00192326
3955,0.00156027
3956,0.00000461
3957,0.00174984
3958,0.00162376
3959,0.00586604
3960,0.00169235
3961,0.00192958
3962,0.00217561
3963,0.00015630
3964,0.00794696
3965,0.00031068
3966,0.00160464
3967,0.00164071
3968,0.00255561
3969,0.04976635
3970,0.00030164
3971,0.00196098
3972,0.00231790
3973,0.00253168
3974,0.00000522
3975,0.00145506
3976,0.00227118
3977,0.00179577
3978,0.00527207
3979,0.00344792
3980,0.00397305
3981,0.00595424
3982,0.00157218
3983,0.00200173
3984,0.00230482
3985,0.13954710
3986,0.00058791
3987,0.00196612
3988,0.00184076
3989,0.00198474
3990,0.03432520
3991,0.00146754
3992,0.00555023
3993,0.00000589
3994,0.00041434
3995,0.00506521
3996,0.00497223
3997,0.00329771
3998,0.00338824
3999,0.00357705
4000,0.00327300
4001,0.00430368
4002,0.00381932
4003,0.00255147
4004,0.00180715
4005,0.00285345
4006,0.00055361
4007,0.00350300
4008,0.00064866
4009,0.00252450
4010,0.00156352
4011,0.00268937
4012,0.00238959
4013,0.00000575
4014,2.47975009
4015,0.00228294
4016,0.00889870
4017,0.00369290
4018,0.00350084
4019,0.00203090
4020,0.00255634
4021,0.00229108
4022,0.00265277
4023,0.00018006
4024,0.00101731
4025,0.00148735
4026,0.00314255
4027,0.00051858
4028,0.00304786
4029,0.00245995
4030,0.00218476
4031,0.00527087
4032,0.00171587
4033,0.00209528
4034,0.00200996
4035,0.00302710
4036,0.00327207
4037,0.00269778
4038,0.00216790
4039,0.00085136
4040,0.00327545
4041,0.00220300
4042,0.00265817
4043,0.00132382
4044,0.00411605
4045,0.00000498
4046,0.00160019
4047,0.00322176
4048,0.00191923
4049,0.00126137
4050,0.00585365
4051,0.00264438
4052,0.00226564
4053,0.00381914
4054,0.00367808
4055,0.00314752
4056,0.01859711
4057,0.00226012
4058,0.00238343
4059,0.00216552
4060,0.00181830
4061,0.00523928
4062,0.00363073
4063,0.00215771
4064,0.00600462
4065,0.00316940
4066,0.00338713
4067,0.00256136
4068,0.00192042
4069,0.00297906
4070,0.00058619
4071,0.00016020
4072,0.00041242
4073,0.00710684
4074,0.00194732
4075,0.00169413
4076,0.00282636
4077,0.00254906
4078,0.00516267
4079,0.00375726
4080,0.00284011
4081,0.00647325
4082,0.00120913
4083,0.00328885
4084,0.09467577
4085,0.00377309
4086,0.35287674
4087,0.00036765
4088,0.72026511
4089,0.00370752
4090,0.00192613
4091,0.00187729
4092,0.00180610
4093,0.00216720
4094,0.00000484
4095,0.00885401
4096,0.00122017
4097,1.15480309
4098,0.00331390
4099,0.00282165
4100,0.00219032
4101,0.00235632
4102,0.00037848
4103,0.00237809
4104,0.00299862
4105,0.00295624
4106,0.00605093
4107,0.00154728
4108,0.00884545
4109,0.08372262
4110,0.00429062
4111,0.00141353
4112,0.00331959
4113,0.00291287
4114,0.00063594
4115,0.00295910
4116,0.57247200
4117,0.00602898
4118,0.00298565
4119,0.00218552
4120,1.10163611
4121,0.00310709
4122,0.00322696
4123,0.00391815
4124,0.00184942
4125,0.00328385
4126,0.00424177
4127,0.00059940
4128,0.79677190
4129,0.68398541
4130,0.00165697
4131,0.00423774
4132,0.00163572
4133,0.00352301
4134,0.00029670
4135,0.00260763
4136,0.03200098
4137,0.00518043
4138,0.00132683
4139,0.00320860
4140,0.00487400
4141,0.00382606
4142,0.00077828
4143,0.00170204
4144,0.00404190
4145,0.00172586
4146,0.00388266
4147,0.00000501
4148,0.00173995
4149,0.00216048
4150,0.00072526
4151,0.00438377
4152,0.00252898
4153,0.00396343
4154,0.00172846
4155,0.00668397
4156,0.00064288
4157,0.00164546
4158,0.00406037
4159,0.00126079
4160,0.00541648
4161,0.00521210
4162,0.00488896
4163,0.00170089
4164,0.00475698
4165,0.00176854
4166,0.00170873
4167,0.00609280
4168,0.00000449
4169,0.00215719
4170,0.00297797
4171,0.00039119
4172,0.00114776
4173,0.00264528
4174,0.00179340
4175,0.00018641
4176,0.39445965
4177,0.00565992
4178,0.00338839
4179,0.00211773
4180,0.00405715
4181,0.00029211
4182,0.00150706
4183,0.00273505
4184,0.00244056
4185,0.00352820
4186,0.00188633
4187,0.00222223
4188,0.00130293
4189,0.00248959
4190,0.00140818
4191,0.00382342
4192,0.00340530
4193,0.00041295
4194,0.00334567
4195,0.00219147
4196,0.00796194
4197,0.00219226
4198,0.00018795
4199,0.00319052
4200,0.00102900
4201,0.00236737
4202,0.70396413
4203,0.00014342
4204,0.00673585
4205,1.03682458
4206,0.00002678
4207,0.00337436
4208,1.76699383
4209,0.00185002
4210,0.00221354
4211,0.00142290
4212,0.00494907
4213,0.00038666
4214,0.00088543
4215,0.00245856
4216,0.00396770
4217,0.00902930
4218,0.00202236
4219,0.00685311
4220,0.00512355
4221,0.00123949
4222,0.00177907
4223,0.00325859
4224,0.00196811
4225,0.00463784
4226,0.00040771
4227,0.00109724
4228,0.00264322
4229,0.00898010
4230,0.00125657
4231,0.00187251
4232,0.00053280
4233,0.00155022
4234,0.00149417
4235,0.00153398
4236,0.00113131
4237,0.00134990
4238,0.00028797
4239,0.00309591
4240,0.00258763
4241,0.00049269
4242,0.00387814
4243,0.00212703
4244,0.00364048
4245,0.00232274
4246,0.00380226
4247,0.00485851
4248,0.00292066
4249,0.00314427
4250,0.00252602
4251,0.00328946
4252,0.00185430
4253,0.00229948
4254,0.00331147
4255,0.00166391
4256,0.00199073
4257,0.00132615
4258,0.00151494
4259,0.00174448
4260,0.00154030
4261,0.00192478
4262,0.05243962
4263,0.00179737
4264,0.00202463
4265,0.00264475
4266,0.00140003
4267,0.00272349
4268,0.00520864
4269,0.00163537
4270,0.00456821
4271,0.00464577
4272,0.00475881
4273,0.00257444
4274,0.00159989
4275,0.00231995
4276,0.00177012
4277,0.00277058
4278,0.00416723
4279,0.00031405
4280,0.00073033
4281,0.00196916
4282,0.00093792
4283,0.00173028
4284,0.00294828
4285,0.00260153
4286,0.00418605
4287,0.00032348
4288,0.00014800
4289,0.00334937
4290,0.00241435
4291,0.00424986
4292,0.00427618
4293,0.00166815
4294,0.00223304
4295,0.00203142
4296,0.00258956
4297,0.04221504
4298,0.00086065
4299,0.00659115
4300,0.00840661
4301,0.00640260
4302,0.00199432
4303,0.00284895
4304,0.00486639
4305,0.00038226
4306,0.00200569
4307,0.00185941
4308,1.48240486
4309,0.00982001
4310,0.00161582
4311,0.00279206
4312,0.78484099
4313,0.00268707
4314,0.00213973
4315,0.00419204
4316,0.00547584
4317,0.00299907
4318,0.00253472
4319,0.00337447
4320,0.00169940
4321,0.00212435
4322,0.00422014
4323,0.00139564
4324,0.00190993
4325,0.00552296
4326,0.00444673
4327,0.00444880
4328,0.00396172
4329,0.00132964
4330,0.00330765
4331,0.00324310
4332,0.00231394
4333,0.00475267
4334,0.00389570
4335,0.00164009
4336,0.00165579
4337,0.00530811
4338,0.00087687
4339,0.00022190
4340,0.00161382
4341,0.00338706
4342,0.00419275
4343,0.00279137
4344,0.00333198
4345,0.00819129
4346,0.00270333
4347,0.00245466
4348,0.00511759
4349,0.00040914
4350,0.00214755
4351,0.00249837
4352,0.00192319
4353,0.00501040
4354,0.00343468
4355,0.00338906
4356,0.00439744
4357,0.00171744
4358,0.00416298
4359,0.00047235
4360,0.00013533
4361,0.00302778
4362,0.00188538
4363,0.00370244
4364,0.00195483
4365,0.00215791
4366,0.00306685
4367,0.00190796
4368,0.01012799
4369,0.00508731
4370,0.00300869
4371,0.00193063
4372,0.00337931
4373,0.00444951
4374,0.00038596
4375,0.00036192
4376,0.00238348
4377,0.00046219
4378,0.00305415
4379,0.00596643
4380,0.00579808
4381,0.00318612
4382,0.94134694
4383,0.00409055
4384,0.00171056
4385,0.00262266
4386,0.00362629
4387,0.00235668
4388,0.00874332
4389,0.00050175
4390,0.00209868
4391,0.00378892
4392,0.00237071
4393,0.00169115
4394,0.00528356
4395,0.01251218
4396,0.00215788
4397,0.00065276
4398,0.00368251
4399,0.00899765
4400,0.00317017
4401,0.00421790
4402,0.00282644
4403,0.78362848
4404,0.00259373
4405,0.00281415
4406,0.00165791
4407,0.00174428
4408,0.00119662
4409,0.00000486
4410,0.00506670
4411,0.00227214
4412,0.00340015
4413,0.00358925
4414,0.00168719
4415,0.00209864
4416,0.00232374
4417,0.00160538
4418,0.00084951
4419,0.00909330
4420,0.00600498
4421,0.00180078
4422,0.12024716
4423,0.00729977
4424,0.00380302
4425,0.00518743
4426,0.00203709
4427,0.00836917
4428,0.00236783
4429,0.02039360
4430,0.00258415
4431,0.01007263
4432,0.00082905
4433,0.00454533
4434,0.00344685
4435,0.00292571
4436,0.00250655
4437,0.00006244
4438,0.00221087
4439,0.00474026
4440,0.00524824
4441,0.00007315
4442,0.00084813
4443,0.00420247
4444,0.00261169
4445,0.00035957
4446,1.41894149
4447,0.00152357
4448,0.00177545
4449,0.00187117
4450,0.00278072
4451,0.01143711
4452,0.00153789
4453,0.00109904
4454,0.00152136
4455,0.00246400
4456,0.00272434
4457,0.00873061
4458,0.00444728
4459,0.00182953
4460,0.00163981
4461,0.00188169
4462,0.00323779
4463,0.00129287
4464,0.00275025
4465,0.00185310
4466,0.00263400
4467,0.00193910
4468,0.00163694
4469,0.00026257
4470,0.00031768
4471,0.00325494
4472,0.00169067
4473,0.00470079
4474,0.01122278
4475,0.00235043
4476,0.00357936
4477,0.00176713
4478,0.00196448
4479,0.05973998
4480,0.00201751
4481,0.00211175
4482,0.00037738
4483,0.00152574
4484,0.00274878
4485,0.00679212
4486,0.00464783
4487,0.00809914
4488,0.00566101
4489,0.00489485
4490,0.00708110
4491,0.00067212
4492,0.00269742
4493,0.00364341
4494,0.00200207
4495,0.00504511
4496,0.00067058
4497,0.00207281
4498,0.00019848
4499,0.00168516
4500,0.00274481
4501,0.00029283
4502,0.00210475
4503,0.00211564
4504,0.00132885
4505,0.00157018
4506,0.00324558
4507,0.00155633
4508,0.00000483
4509,0.03322372
4510,0.00139653
4511,0.00303134
4512,0.00030189
4513,0.00217517
4514,0.00280462
4515,0.00961895
4516,0.00136532
4517,0.00102098
4518,0.00199447
4519,0.00026825
4520,0.00588911
4521,0.00357823
4522,0.00000713
4523,0.00467658
4524,0.00016471
4525,0.00259879
4526,0.00105955
4527,0.00187754
4528,0.00000417
4529,0.00156399
4530,0.00269113
4531,0.00395587
4532,0.00178094
4533,0.00707031
4534,0.00230671
4535,0.00482056
4536,0.00816430
4537,1.58242061
4538,0.00230512
4539,0.00233077
4540,0.00061404
4541,0.00180114
4542,1.84658421
4543,0.00527344
4544,0.00000516
4545,0.00244389
4546,0.00655347
4547,0.00254805
4548,0.00219344
4549,0.00206296
4550,0.00177452
4551,0.00326353
4552,0.00230739
4553,0.00168251
4554,0.00000494
4555,2.50978924
4556,0.00150531
4557,0.00124262
4558,0.00326841
4559,0.00420205
4560,0.00391235
4561,0.01230576
4562,0.00354865
4563,0.00012997
4564,0.00262441
4565,0.00367895
4566,0.00065551
4567,0.00463153
4568,0.00329287
4569,0.00321620
4570,0.00242290
4571,0.00170834
4572,0.00413900
4573,0.00195754
4574,0.00052296
4575,0.00293739
4576,0.64049408
4577,0.00341768
4578,0.00226307
4579,0.00210136
4580,0.00871590
4581,0.00467483
4582,0.00393313
4583,0.00235774
4584,0.00382409
4585,0.00257071
4586,0.00209542
4587,0.00638123
4588,0.00302566
4589,0.00489948
4590,0.00407951
4591,0.00737292
4592,0.00436757
4593,0.00512342
4594,0.00287982
4595,0.00385243
4596,0.00129811
4597,0.00266792
4598,0.00305444
4599,0.00030242
4600,0.00344328
4601,0.00558558
4602,0.00910816
4603,0.00188362
4604,0.00433083
4605,0.00136407
4606,0.00177382
4607,0.00198603
4608,0.00367958
4609,0.00217204
4610,0.00253495
4611,0.00177335
4612,0.00064383
4613,0.00038344
4614,0.00258792
4615,0.00566968
4616,0.00154771
4617,0.73049793
4618,0.00449705
4619,0.00319555
4620,0.00367963
4621,0.00203981
4622,0.00506896
4623,0.00205647
4624,0.00704486
4625,0.00364962
4626,0.00000420
4627,0.00567543
4628,0.00283393
4629,0.00158566
4630,0.00388453
4631,0.00946140
4632,0.00563860
4633,0.00195295
4634,0.00124907
4635,0.00193969
4636,0.00325534
4637,0.02744451
4638,0.00243459
4639,0.00246650
4640,0.00160259
4641,0.00327526
4642,0.00551958
4643,0.00636214
4644,0.10058295
4645,0.00458863
4646,0.00208657
4647,0.00178915
4648,0.00040943
4649,0.00484821
4650,0.00202492
4651,0.00257131
4652,0.00142033
4653,0.00253650
4654,0.00938937
4655,0.00174068
4656,1.53801298
4657,0.00002527
4658,0.00121577
4659,0.00179286
4660,0.00358888
4661,0.00311252
4662,0.00264781
4663,0.00331018
4664,0.00187914
4665,0.00369273
4666,0.00364089
4667,0.00195312
4668,0.00288334
4669,0.00042445
4670,0.00309762
4671,0.00366203
4672,0.00223165
4673,0.00679791
4674,0.00068002
4675,0.01003943
4676,0.00232117
4677,0.00189917
4678,0.00323431
4679,0.00537101
4680,0.00321367
4681,0.00407075
4682,0.00227467
4683,0.00158604
4684,0.00444137
4685,0.00222189
4686,0.00037954
4687,0.00322895
4688,0.00496012
4689,0.00213027
4690,0.00218594
4691,0.00356299
4692,0.01227478
4693,0.00253677
4694,0.00595647
4695,0.00811434
4696,0.00373541
4697,0.00205798
4698,0.00268687
4699,0.00259897
4700,0.00068838
4701,0.00169315
4702,0.00129816
4703,0.00355105
4704,0.00059981
4705,0.00042132
4706,0.00043707
4707,0.00250878
4708,0.00127094
4709,0.00146167
4710,0.00065794
4711,0.00164877
4712,0.00377719
4713,0.00152493
4714,0.00237215
4715,0.00162680
4716,0.00567574
4717,0.00552016
4718,0.00173506
4719,0.00226527
4720,0.00344266
4721,0.00290970
4722,0.00341974
4723,0.00181574
4724,0.00182239
4725,0.00013740
4726,0.00161629
4727,0.00201518
4728,0.54377673
4729,0.01249038
4730,0.00218754
4731,0.00170633
4732,0.00283203
4733,0.00421872
4734,0.00126263
4735,0.00227861
4736,0.00016949
4737,0.00042200
4738,0.00063747
4739,0.00137786
4740,0.00432645
4741,0.00000939
4742,0.00381411
4743,0.00153912
4744,0.59135639
4745,0.00213891
4746,0.00131274
4747,0.00147404
4748,0.05919078
4749,0.01193416
4750,0.00204570
4751,0.00306879
4752,0.00162327
4753,0.00252633
4754,0.00200499
4755,0.00415338
4756,0.00420895
4757,0.00217038
4758,0.00058721
4759,0.00036709
4760,0.00204946
4761,0.00483287
4762,0.00229773
4763,0.00323234
4764,0.00536529
4765,0.00194610
4766,0.00036742
4767,0.00944182
4768,0.00185227
4769,0.00391972
4770,0.00317286
4771,0.00175509
4772,0.01081971
4773,0.00357370
4774,0.00146938
4775,0.00257479
4776,0.00251996
4777,0.00001109
4778,0.00339011
4779,0.00336750
4780,0.00201773
4781,0.00347271
4782,0.01267342
4783,0.00185494
4784,0.00215410
4785,0.00162211
4786,0.00529139
4787,0.00131598
4788,0.00177765
4789,0.00202690
4790,0.00441459
4791,0.01725009
4792,0.02200588
4793,0.00039729
4794,0.00253031
4795,0.00955922
4796,0.00112452
4797,0.00400357
4798,0.00449577
4799,0.00253392
4800,0.00193584
4801,2.21232722
4802,0.00394227
4803,0.00150167
4804,0.00019782
4805,0.00000514
4806,0.00374836
4807,0.00214790
4808,0.00509182
4809,0.00243103
4810,0.00437372
4811,0.00237044
4812,0.01096025
4813,0.00284903
4814,0.00028827
4815,0.00350942
4816,0.00697684
4817,0.00236575
4818,0.00305163
4819,0.00210288
4820,0.00420543
4821,1.19166472
4822,0.00217658
4823,1.16214012
4824,0.00192385
4825,0.00420114
4826,0.00452811
4827,0.00330378
4828,0.00463874
4829,0.00001163
4830,0.00077687
4831,0.00385171
4832,0.00157861
4833,0.00041244
4834,0.00506641
4835,0.00348444
4836,0.00183477
4837,0.00852649
4838,0.00241795
4839,0.00269274
4840,0.00373541
4841,0.00502209
4842,0.00357783
4843,0.00431657
4844,0.00546332
4845,0.00169542
4846,0.00323618
4847,0.00170651
4848,0.00000443
4849,0.00303274
4850,0.00082318
4851,0.00180035
4852,0.00188065
4853,0.00353802
4854,0.00288354
4855,0.00222491
4856,0.00165158
4857,0.00531901
4858,0.00186842
4859,0.00189888
4860,0.00254394
4861,0.00000538
4862,0.00020724
4863,0.01387053
4864,0.00173697
4865,0.00182033
4866,0.00044564
4867,0.00300223
4868,0.00178994
4869,0.00040093
4870,0.00236095
4871,0.01254133
4872,0.00166259
4873,0.00378575
4874,0.00042028
4875,0.00203591
4876,0.00949193
4877,0.00695243
4878,0.00298253
4879,0.00204405
4880,0.00370416
4881,0.92158241
4882,0.00148006
4883,2.25754148
4884,0.00336917
4885,0.00148136
4886,0.00733677
4887,0.00402980
4888,0.00225709
4889,0.00457028
4890,0.00267576
4891,0.00176347
4892,0.00910879
4893,1.14194755
4894,0.00090939
4895,0.00021497
4896,0.00193694
4897,0.00491692
4898,0.00520418
4899,0.00499723
4900,0.00008810
4901,0.00321442
4902,0.00337385
4903,0.00048976
4904,0.00235774
4905,0.00272316
4906,0.00429450
4907,0.00825801
4908,0.00203937
4909,0.00184232
4910,0.00210499
4911,0.00143334
4912,0.00509649
4913,0.00224546
4914,0.00188680
4915,0.00342336
4916,0.00021801
4917,0.00621860
4918,0.00277096
4919,1.90476882
4920,0.00510381
4921,0.00179345
4922,0.00121758
4923,0.00178908
4924,0.00651915
4925,0.00049654
4926,0.00718122
4927,0.00218147
4928,0.00878451
4929,0.00355835
4930,0.00545782
4931,0.00383275
4932,0.00585728
4933,0.00306668
4934,0.01928714
4935,0.00261699
4936,0.00191179
4937,0.00511963
4938,0.00200371
4939,0.00334142
4940,0.00397049
4941,0.00678339
4942,0.00017125
4943,0.00248992
4944,0.00253161
4945,0.00248414
4946,0.00186900
4947,0.00093034
4948,0.00679298
4949,0.00354018
4950,0.00714356
4951,0.00247217
4952,0.00650807
4953,0.00322027
4954,0.00522307
4955,0.00170148
4956,0.00679613
4957,0.00016315
4958,0.00822597
4959,0.00738934
4960,0.00261697
4961,0.00185761
4962,0.00030866
4963,0.00155153
4964,0.00205083
4965,0.01111803
4966,0.00181910
4967,0.00153744
4968,0.00457260
4969,0.00538128
4970,0.00383881
4971,0.00165684
4972,0.00874695
4973,0.00282191
4974,0.00088913
4975,0.00493934
4976,0.00308981
4977,0.00166138
4978,0.00447231
4979,0.00771334
4980,0.00579833
4981,0.00001270
4982,0.00231989
4983,0.00205830
4984,0.00220367
4985,0.00159091
4986,0.00260618
4987,0.00264072
4988,0.00260893
4989,0.00159271
4990,0.00347846
4991,0.00237326
4992,0.00170519
4993,0.00232935
4994,0.00218790
4995,0.00379083
4996,0.00055955
4997,0.00202925
4998,0.01056598
4999,0.00124299
5000,0.01014931
5001,0.00222784
5002,0.00157379
5003,0.00544647
5004,0.00178960
5005,0.00371813
5006,0.00194917
5007,0.00242168
5008,0.00942908
5009,0.00177450
5010,0.00131187
5011,0.00715067
5012,0.00013392
5013,0.00157807
5014,0.00186521
5015,0.04875854
5016,0.00366592
5017,0.00440568
5018,0.00359156
5019,0.00154479
5020,0.41482458
5021,0.00037814
5022,0.00240884
5023,0.01856190
5024,0.00059083
5025,0.00065307
5026,0.00166762
5027,0.00178926
5028,0.00535768
5029,0.00620237
5030,0.00316068
5031,0.00240175
5032,0.00367521
5033,0.00850737
5034,0.00215826
5035,0.00000499
5036,0.00212600
5037,0.00249564
5038,0.00476305
5039,0.00133761
5040,0.00260975
5041,0.00278834
5042,0.35378253
5043,0.00135965
5044,0.00695468
5045,0.00030639
5046,0.03362477
5047,0.00268310
5048,0.00238957
5049,0.00354918
5050,0.00296253
5051,0.00198283
5052,0.00184262
5053,0.00305017
5054,0.00227732
5055,0.00049706
5056,0.00517228
5057,0.00196275
5058,0.00464225
5059,0.00648222
5060,0.00485251
5061,0.00593556
5062,0.00410647
5063,0.00221858
5064,0.00166704
5065,0.00038398
5066,0.00134230
5067,0.00213406
5068,0.00199160
5069,0.00207161
5070,0.00200083
5071,0.00367652
5072,0.00529371
5073,0.06859161
5074,0.00460160
5075,0.00318253
5076,0.00337624
5077,0.00057581
5078,0.00221689
5079,0.00249420
5080,0.01180890
5081,0.00238165
5082,0.00346902
5083,0.00196640
5084,0.00174542
5085,0.00173021
5086,0.00244249
5087,0.00137030
5088,0.00649163
5089,0.00489370
5090,0.00456235
5091,0.00354004
5092,0.00234347
5093,0.00050632
5094,0.00258288
5095,0.00234082
5096,0.00223816
5097,0.00057889
5098,0.00207579
5099,0.00384304
5100,0.01256839
5101,0.55812257
5102,0.00053236
5103,0.00663244
5104,0.00155028
5105,0.00268712
5106,0.00012792
5107,0.00013159
5108,0.00175171
5109,0.00195219
5110,0.00169881
5111,0.00310765
5112,0.02711264
5113,0.00379291
5114,0.00725874
5115,0.00230630
5116,0.00020893
5117,0.00266294
5118,0.00245997
5119,0.00382915
5120,0.00328563
5121,0.00485440
5122,0.00503628
5123,0.00662942
5124,0.00298754
5125,0.00286321
5126,0.00120084
5127,0.00039728
5128,0.00199891
5129,0.00100779
5130,0.00334138
5131,0.00345997
5132,0.00443344
5133,0.00488993
5134,0.00264223
5135,0.00159137
5136,0.00014954
5137,0.01259206
5138,0.00234595
5139,0.00247883
5140,0.00173092
5141,0.00280212
5142,0.00221731
5143,0.00320388
5144,0.00342957
5145,0.00299442
5146,0.00212813
5147,0.00222566
5148,0.00165414
5149,0.00177652
5150,0.00062344
5151,0.00414741
5152,0.00329773
5153,0.00233236
5154,0.00438253
5155,0.00249257
5156,0.00326942
5157,0.00226542
5158,0.00181427
5159,0.00301345
5160,0.00359661
5161,0.00782744
5162,0.00218076
5163,0.78275638
5164,0.00246302
5165,0.00348684
5166,0.00177362
5167,0.00161483
5168,0.00403048
5169,0.00336726
5170,0.00116748
5171,0.03963678
5172,0.00397871
5173,0.00151984
5174,0.00375796
5175,0.00478962
5176,0.00128533
5177,0.00322024
5178,0.00124213
5179,0.00116987
5180,0.00331406
5181,0.00190994
5182,0.00200092
5183,0.00165465
5184,0.00028420
5185,0.00544288
5186,0.00440467
5187,0.00164381
5188,0.00235041
5189,0.00160032
5190,0.00162933
5191,0.00332319
5192,0.00191474
5193,0.00240242
5194,0.00209478
5195,0.41800990
5196,0.00628967
5197,0.00178606
5198,0.00376390
5199,0.00087789
5200,0.00327023
5201,0.00314192
5202,0.00348268
5203,0.00454039
5204,0.00152895
5205,0.00834506
5206,0.00503811
5207,0.00148368
5208,0.00384390
5209,0.00044842
5210,0.00032101
5211,0.00120169
5212,0.00256083
5213,0.00194492
5214,0.00232358
5215,0.00255512
5216,0.00232035
5217,0.00067607
5218,0.00487800
5219,0.00282039
5220,0.00098329
5221,0.00079639
5222,0.00492735
5223,0.00562876
5224,0.00223708
5225,0.00277796
5226,0.00250259
5227,0.00146656
5228,0.00393328
5229,0.00249900
5230,0.00016557
5231,0.09558000
5232,0.00290666
5233,0.00851685
5234,0.00265720
5235,0.00216033
5236,0.00210598
5237,0.03543562
5238,0.00198819
5239,0.00451863
5240,0.00220932
5241,0.00184107
5242,0.00185911
5243,0.20288748
5244,0.00159873
5245,0.00159840
5246,0.00245429
5247,0.00192523
5248,0.00179313
5249,0.00014734
5250,0.00146137
5251,0.00268213
5252,0.00728647
5253,0.00155093
5254,0.00286069
5255,0.00241014
5256,0.00383643
5257,0.00057784
5258,0.00120508
5259,0.00441290
5260,0.01045600
5261,0.00319716
5262,0.00189737
5263,0.00048368
5264,1.61078520
5265,0.00377274
5266,0.00391607
5267,0.00239357
5268,0.00251242
5269,0.00221506
5270,0.00431169
5271,0.00552832
5272,0.00210642
5273,0.00464949
5274,0.00311162
5275,0.00397816
5276,0.00727831
5277,0.00031018
5278,0.00042670
5279,0.00420429
5280,0.00319796
5281,0.00225149
5282,0.00272687
5283,0.00289852
5284,0.00082572
5285,0.00138012
5286,0.00351485
5287,0.00168441
5288,0.00535373
5289,0.00211309
5290,0.00240803
5291,0.00172784
5292,0.00299624
5293,0.00209283
5294,0.00200561
5295,0.00513370
5296,0.00013372
5297,0.00254317
5298,0.00505121
5299,0.00273592
5300,0.03285786
5301,0.00360589
5302,0.00147284
5303,0.00190414
5304,0.00295043
5305,0.00145951
5306,0.00524245
5307,0.00223518
5308,0.00495748
5309,0.00069657
5310,0.00000516
5311,0.00396498
5312,0.00039322
5313,0.00291911
5314,0.00298111
5315,0.00355484
5316,0.00509867
5317,0.00215711
5318,0.00094398
5319,0.00679684
5320,0.00427783
5321,0.00275501
5322,0.00442538
5323,0.00179539
5324,0.00168742
5325,0.00147226
5326,0.00206093
5327,0.00179875
5328,0.00191713
5329,0.00718985
5330,0.00210343
5331,0.00484212
5332,0.00308252
5333,0.00036991
5334,0.00178967
5335,0.00161337
5336,0.00184038
5337,0.01143847
5338,0.00197731
5339,0.00335804
5340,0.00353298
5341,0.00388562
5342,0.00238170
5343,0.00410707
5344,0.00168120
5345,0.00013255
5346,0.00468725
5347,0.00273209
5348,0.00250801
5349,0.00352974
5350,0.00488051
5351,0.00169820
5352,0.10086856
5353,0.00499614
5354,0.00208737
5355,0.00495373
5356,0.00428694
5357,0.00348299
5358,0.00379177
5359,0.00472358
5360,0.00200727
5361,0.00252313
5362,0.00540862
5363,0.00265489
5364,0.00765435
5365,0.00229533
5366,0.00222941
5367,0.00324879
5368,0.01740678
5369,0.00129465
5370,0.00214235
5371,0.00356150
5372,0.00128731
5373,0.00431487
5374,0.00171476
5375,0.00156786
5376,0.00350117
5377,0.00151461
5378,0.00201266
5379,0.00234266
5380,0.00665314
5381,0.93749637
5382,0.00503260
5383,0.00326875
5384,0.00688834
5385,0.00210019
5386,0.00373865
5387,0.00216082
5388,0.00217521
5389,0.00359608
5390,0.00374259
5391,0.00158316
5392,0.00268055
5393,0.00376165
5394,0.00558516
5395,0.00986980
5396,0.00692496
5397,0.00263139
5398,0.00020165
5399,0.00120536
5400,0.00378125
5401,0.01387860
5402,0.00289317
5403,0.00198331
5404,0.00260679
5405,0.00351960
5406,0.00245843
5407,0.00258717
5408,0.00016166
5409,0.00685955
5410,0.00280337
5411,0.00144871
5412,0.00319209
5413,0.00227516
5414,0.00072215
5415,0.00316442
5416,0.00402645
5417,0.00172293
5418,0.00255566
5419,0.00173619
5420,0.00360135
5421,0.00171968
5422,0.00191481
5423,0.00013829
5424,0.00200240
5425,0.00286833
5426,0.00143370
5427,0.00315252
5428,0.00363739
5429,0.00533269
5430,0.00229981
5431,0.00430125
5432,0.00187091
5433,0.00183842
5434,0.00130977
5435,0.08774486
5436,0.00277554
5437,0.00316193
5438,0.00468856
5439,0.00450906
5440,0.00172719
5441,0.00240184
5442,0.00433376
5443,0.00540842
5444,0.00164632
5445,0.00435982
5446,0.00207328
5447,0.00038743
5448,0.00000716
5449,0.00244249
5450,0.00200779
5451,0.00132072
5452,0.00215892
5453,0.00052746
5454,0.00139372
5455,0.00222353
5456,0.00361001
5457,0.00238749
5458,0.00465545
5459,0.00013200
5460,0.00707084
5461,0.00192183
5462,0.00091939
5463,0.00960978
5464,0.00215252
5465,0.01240821
5466,0.00175811
5467,0.00184710
5468,0.00263431
5469,0.00058306
5470,0.00343457
5471,0.00320816
5472,0.00396897
5473,0.00190906
5474,0.00002331
5475,0.00001786
5476,0.00226520
5477,0.00298750
5478,0.00225854
5479,0.00465396
5480,0.00202450
5481,0.00416594
5482,0.00374819
5483,0.00283338
5484,0.00255057
5485,0.00330457
5486,0.00139851
5487,0.00232027
5488,0.00382259
5489,0.00467000
5490,0.00232372
5491,0.00016577
5492,0.00402304
5493,0.00357663
5494,0.00274076
5495,0.00463145
5496,0.00191206
5497,0.00337720
5498,0.00210822
5499,0.00232559
5500,0.00391073
5501,0.00018095
5502,0.00172289
5503,0.00380504
5504,0.00066988
5505,0.00341655
5506,0.00462324
5507,0.00234533
5508,0.00352237
5509,0.00221910
5510,0.00382572
5511,0.00226600
5512,0.00227718
5513,0.00085726
5514,0.00315916
5515,0.00816094
5516,0.00204598
5517,0.00155266
5518,0.00076166
5519,0.00195463
5520,0.00529417
5521,0.00053528
5522,0.00225965
5523,0.00144520
5524,0.01085401
5525,0.00189184
5526,0.00253997
5527,0.00374209
5528,0.00042062
5529,0.00501209
5530,0.00394306
5531,0.00154791
5532,0.03695157
5533,0.00355265
5534,0.00510811
5535,0.79520170
5536,0.00460156
5537,0.13276508
5538,0.00045696
5539,0.00499378
5540,0.00415795
5541,0.00379347
5542,0.00254057
5543,0.30624919
5544,0.00122537
5545,0.01117241
5546,0.05218267
5547,0.00188886
5548,0.00374942
5549,0.00529283
5550,0.00354088
5551,0.00161907
5552,0.00177842
5553,0.00174843
5554,0.00469468
5555,0.00180192
5556,1.48230267
5557,0.00170703
5558,0.00212870
5559,0.00468438
5560,0.00295255
5561,0.00209157
5562,0.00336623
5563,0.00336061
5564,0.00218085
5565,0.00240897
5566,0.00542366
5567,0.00287686
5568,0.00293692
5569,0.00041615
5570,0.00415677
5571,0.00636659
5572,0.00056745
5573,0.00499205
5574,0.00463670
5575,0.00239618
5576,0.00206389
5577,0.00030050
5578,0.94029536
5579,0.63613942
5580,0.00017629
5581,0.00184092
5582,0.00205990
5583,0.00665617
5584,0.00201936
5585,0.00227786
5586,0.00319961
5587,0.00150937
5588,0.00025033
5589,0.00563331
5590,0.00228588
5591,0.00152727
5592,0.09478268
5593,0.00225743
5594,0.00236263
5595,0.00195823
5596,0.00161791
5597,0.00212600
5598,0.01649365
5599,0.00162206
5600,0.00333704
5601,0.00189462
5602,0.00263688
5603,0.00197322
5604,0.00292794
5605,0.00223217
5606,0.00216588
5607,0.00373358
5608,0.00154035
5609,0.00126082
5610,0.00189245
5611,0.00000418
5612,0.00344638
5613,0.00192821
5614,0.00603947
5615,0.00041607
5616,0.00392299
5617,0.00664697
5618,0.00313333
5619,0.00128332
5620,0.00751643
5621,0.00151633
5622,0.00124515
5623,0.02388344
5624,0.00569011
5625,0.00503416
5626,0.00214200
5627,0.00150620
5628,0.00164321
5629,0.00390428
5630,0.00353317
5631,0.00576628
5632,0.00197011
5633,0.00190013
5634,0.00424624
5635,0.00350234
5636,0.00158219
5637,0.00258017
5638,0.00229663
5639,0.00214454
5640,0.00704491
5641,0.00465364
5642,0.00444675
5643,0.00052955
5644,0.00211912
5645,0.00246637
5646,0.00305297
5647,0.88071481
5648,0.03696371
5649,0.00370584
5650,0.00266426
5651,0.00225093
5652,0.00366353
5653,0.00444736
5654,0.00281408
5655,0.00425498
5656,0.00043524
5657,0.00225889
5658,0.00199880
5659,0.00274092
5660,0.00265821
5661,0.00278252
5662,0.00447281
5663,0.00102711
5664,0.00196103
5665,0.00495748
5666,0.00276492
5667,0.00145014
5668,0.00483505
5669,0.00543832
5670,0.00322064
5671,0.00176116
5672,0.00316310
5673,1.97054651
5674,0.00159565
5675,0.00034389
5676,0.00056235
5677,0.00381135
5678,0.00036893
5679,0.00111869
5680,0.00183003
5681,0.00432320
5682,0.00185570
5683,0.00767426
5684,0.00040468
5685,0.00580439
5686,0.00018513
5687,0.00391493
5688,0.00294193
5689,0.00271434
5690,0.00166575
5691,0.00245397
5692,0.00228063
5693,0.00257619
5694,0.00229832
5695,0.00164853
5696,0.32098256
5697,0.00272358
5698,0.00174682
5699,0.00242103
5700,0.00705570
5701,0.00304562
5702,0.00154577
5703,0.00215668
5704,0.00214083
5705,0.00040850
5706,0.00545054
5707,0.00238255
5708,0.00041573
5709,0.00436633
5710,0.00463619
5711,0.00060469
5712,0.00615361
5713,0.00236663
5714,0.00293738
5715,0.00193945
5716,0.00830623
5717,0.00239909
5718,0.00230737
5719,0.00201358
5720,0.00036293
5721,0.00179753
5722,0.01001019
5723,0.00049665
5724,0.00208709
5725,0.00179171
5726,1.05739466
5727,0.01093396
5728,0.00281892
5729,0.00234263
5730,0.00017579
5731,0.00246704
5732,0.00186771
5733,0.00207461
5734,0.00316389
5735,0.00242478
5736,0.00293628
5737,0.00145486
5738,0.00209849
5739,0.00151220
5740,0.00165820
5741,0.00487458
5742,0.00359812
5743,0.00324100
5744,0.01300637
5745,0.09064627
5746,0.00145369
5747,0.00161153
5748,0.00220343
5749,0.21499343
5750,0.00038065
5751,0.00685192
5752,0.00823305
5753,0.00269453
5754,0.00165295
5755,0.00458320
5756,0.00020033
5757,0.00303032
5758,0.00270109
5759,0.00213694
5760,0.00233225
5761,0.00501193
5762,0.00186798
5763,0.00073358
5764,0.00155532
5765,0.00466421
5766,0.00275273
5767,0.00000475
5768,0.00259994
5769,0.00243900
5770,0.00171885
5771,0.00215011
5772,0.00118335
5773,0.00143751
5774,0.00401109
5775,0.00226440
5776,0.00469419
5777,0.00637354
5778,0.00124895
5779,0.00182718
5780,0.00311763
5781,0.00444724
5782,0.00053034
5783,0.00329569
5784,0.00353831
5785,0.00230450
5786,0.00163412
5787,1.64247366
5788,0.00205455
5789,0.00350005
5790,0.00278024
5791,0.00219782
5792,0.00109772
5793,0.00273439
5794,0.00392698
5795,0.00466432
5796,0.00251038
5797,0.00193744
5798,0.00501244
5799,0.00364222
5800,0.00388096
5801,0.00448408
5802,0.00214717
5803,0.00030984
5804,0.00961541
5805,0.00181373
5806,0.00464626
5807,0.00248997
5808,0.00217873
5809,0.00405713
5810,0.00175302
5811,0.00557354
5812,0.00324900
5813,0.00259111
5814,0.00398895
5815,0.00039830
5816,0.00699405
5817,0.00454141
5818,0.00038253
5819,0.00292013
5820,0.00226795
5821,0.00273357
5822,1.31202228
5823,0.00757794
5824,0.00179397
5825,0.00022141
5826,0.00169567
5827,0.83739873
5828,0.00000638
5829,0.00263786
5830,0.00204917
5831,0.00333264
5832,0.00258194
5833,0.00176204
5834,0.00004016
5835,0.02099932
5836,0.00204263
5837,0.02912865
5838,0.00214989
5839,0.62309424
5840,0.00271404
5841,0.00245327
5842,0.00229093
5843,0.00207904
5844,0.00200353
5845,0.00400268
5846,0.00413343
5847,0.00098039
5848,0.00511183
5849,0.03987107
5850,0.00224721
5851,0.00443832
5852,0.00021362
5853,0.00571355
5854,0.22587467
5855,0.01759351
5856,0.00402188
5857,0.00128078
5858,0.00545829
5859,0.00106434
5860,0.00142043
5861,0.00590908
5862,0.00397907
5863,0.00185419
5864,0.00218519
5865,0.01042894
5866,0.00015060
5867,0.00173088
5868,0.00572317
5869,0.00218929
5870,0.00130407
5871,0.00273154
5872,0.00225382
5873,0.00038345
5874,0.00000431
5875,0.00347338
5876,0.00470530
5877,0.00683257
5878,0.00334418
5879,0.00178670
5880,0.09148867
5881,0.00078239
5882,0.00200403
5883,0.00038235
5884,0.00557072
5885,0.00155597
5886,0.00121894
5887,0.00114586
5888,0.00418577
5889,0.00201508
5890,0.00224308
5891,0.00096573
5892,0.00746420
5893,0.00667097
5894,0.00222635
5895,0.00155729
5896,0.00116455
5897,0.00562219
5898,0.00129345
5899,0.00349311
5900,0.00180632
5901,0.00395290
5902,0.00213519
5903,0.00033404
5904,0.00509626
5905,0.00236165
5906,0.00170390
5907,0.00187811
5908,0.00702984
5909,0.00309240
5910,0.00276096
5911,0.00172636
5912,0.00736240
5913,0.00177251
5914,0.00133090
5915,0.00195240
5916,0.00045542
5917,0.48626544
5918,0.00327793
5919,0.00335422
5920,0.00481888
5921,0.00394172
5922,0.00403239
5923,0.00292310
5924,0.00447325
5925,0.00115575
5926,0.00159654
5927,0.00238530
5928,0.00228257
5929,0.00333067
5930,0.00164507
5931,0.00604417
5932,0.00218229
5933,0.00412862
5934,0.36902620
5935,0.00735600
5936,0.00267730
5937,0.00376438
5938,0.00000483
5939,0.00321632
5940,0.00147196
5941,0.00249671
5942,0.00170264
5943,0.00217625
5944,0.00279485
5945,0.00021209
5946,0.00188933
5947,0.00153566
5948,0.00552750
5949,0.00408494
5950,0.00337023
5951,0.00149325
5952,0.00553666
5953,0.00393177
5954,0.00244535
5955,0.01112973
5956,0.00237565
5957,0.00788895
5958,0.00211253
5959,0.00038360
5960,0.00167158
5961,0.00049907
5962,0.00234293
5963,0.00226113
5964,0.00802576
5965,0.00261723
5966,0.00539214
5967,0.00089289
5968,0.00202642
5969,0.01713915
5970,0.00471393
5971,0.01027911
5972,0.00203081
5973,0.00265507
5974,0.00024647
5975,0.00175724
5976,0.00639381
5977,0.00350083
5978,0.00248901
5979,0.00284654
5980,0.00042262
5981,0.00170674
5982,0.00202840
5983,0.00230065
5984,0.00458097
5985,0.00557873
5986,0.00269402
5987,0.00338365
5988,0.00900506
5989,0.01840803
5990,0.00005567
5991,0.00135888
5992,0.00271199
5993,0.00341889
5994,0.02150274
5995,0.00253968
5996,0.00286961
5997,0.00152344
5998,0.00162772
5999,0.00323822
6000,0.00169274
6001,0.00181566
6002,0.00073514
6003,0.00287202
6004,0.00184891
6005,0.00183970
6006,0.00402404
6007,0.00173911
6008,0.00467326
6009,0.00234680
6010,0.00350076
6011,0.00203725
6012,0.00428340
6013,0.00243611
6014,0.00260055
6015,0.00394197
6016,0.00214447
6017,0.00171250
6018,0.00240147
6019,0.00214328
6020,0.00311737
6021,0.00211732
6022,0.00155575
6023,0.00287267
6024,0.00064604
6025,0.00271654
6026,0.26582200
6027,0.00357266
6028,0.01088391
6029,0.00358994
6030,0.00164360
6031,0.00404469
6032,0.00030998
6033,0.00377325
6034,0.00199840
6035,0.19754223
6036,0.00117292
6037,0.00311883
6038,0.00410277
6039,0.00251877
6040,0.31377522
6041,0.58769305
6042,0.55719714
6043,0.00306021
6044,0.00335397
6045,0.00165473
6046,0.00322472
6047,0.00314308
6048,0.00369402
6049,0.00165366
6050,0.00275866
6051,0.00214967
6052,0.00708550
6053,0.02219642
6054,0.00521235
6055,0.02724145
6056,0.00242101
6057,0.00428493
6058,0.00192278
6059,0.00040794
6060,0.00023452
6061,0.00183697
6062,0.00474352
6063,0.00330119
6064,0.00445714
6065,0.00258851
6066,0.00215166
6067,0.00249825
6068,0.00197055
6069,0.00429147
6070,0.00167909
6071,0.00000533
6072,0.00488230
6073,0.00330293
6074,0.00016352
6075,0.00497296
6076,0.00750957
6077,0.02214733
6078,0.00260125
6079,0.00283082
6080,0.00207533
6081,0.00303759
6082,0.00264621
6083,0.00228636
6084,0.00406481
6085,0.00146094
6086,0.00319723
6087,0.00122974
6088,0.00533579
6089,0.00395183
6090,0.00508176
6091,0.00610019
6092,0.00190120
6093,0.00557128
6094,0.00194191
6095,0.00195342
6096,0.00064981
6097,0.00141928
6098,0.00227118
6099,0.00031888
6100,0.00231960
6101,0.00057110
6102,0.00557741
6103,0.00372065
6104,0.00238106
6105,0.00181405
6106,0.00021834
6107,0.00187523
6108,0.00163416
6109,0.00352963
6110,0.00228406
6111,0.00195640
6112,0.00435758
6113,0.00291238
6114,0.00000545
6115,0.00130475
6116,0.00389631
6117,0.00252846
6118,0.00256640
6119,0.00132343
6120,0.00029822
6121,0.00387982
6122,0.00255212
6123,0.00216632
6124,0.00276764
6125,0.00218910
6126,0.00287609
6127,0.00194470
6128,0.00307361
6129,0.00241730
6130,0.00191032
6131,0.00196682
6132,0.00810052
6133,0.00303911
6134,0.00132854
6135,0.00288495
6136,0.00499831
6137,0.00221932
6138,0.00198414
6139,0.00447164
6140,0.00361256
6141,0.00380971
6142,0.00158864
6143,0.00266766
6144,0.00493351
6145,0.00268202
6146,0.00076367
6147,1.86106714
6148,0.00323297
6149,0.00356328
6150,0.00437106
6151,0.01026230
6152,0.00338213
6153,0.00225109
6154,0.00574793
6155,0.00323234
6156,0.00163323
6157,0.00211948
6158,0.00310506
6159,0.00053382
6160,0.00094746
6161,0.00328960
6162,0.00390759
6163,0.01444864
6164,0.00429272
6165,0.00118187
6166,0.00298695
6167,0.00673531
6168,0.00177129
6169,0.00976225
6170,0.01177078
6171,0.00035348
6172,0.00111983
6173,0.00157135
6174,0.00063766
6175,0.00148649
6176,0.00353288
6177,0.00235153
6178,0.00193989
6179,0.95652732
6180,0.00369785
6181,0.00433551
6182,0.42886927
6183,0.00050063
6184,0.00290640
6185,0.00390042
6186,0.00049826
6187,0.00178878
6188,0.00383036
6189,0.00706673
6190,0.00399509
6191,0.00362913
6192,0.00118977
6193,0.00195547
6194,0.00312950
6195,0.00274700
6196,0.00351151
6197,0.00451324
6198,0.00659852
6199,0.00417424
6200,0.00024515
6201,0.00258898
6202,0.00233935
6203,0.00212852
6204,0.00439467
6205,0.00746341
6206,0.00181676
6207,0.00044209
6208,0.00205182
6209,0.00151799
6210,0.02343131
6211,0.95414796
6212,0.00355581
6213,0.00269063
6214,0.00881490
6215,0.00299058
6216,0.00181097
6217,0.00159510
6218,0.00209051
6219,0.00213399
6220,0.00253209
6221,0.00427432
6222,0.00928102
6223,0.00218847
6224,0.00823462
6225,0.00469108
6226,0.00180826
6227,0.00248507
6228,0.00175143
6229,0.00390913
6230,0.00080331
6231,0.00679611
6232,0.00311498
6233,0.00126744
6234,0.00320657
6235,0.00198376
6236,0.00358642
6237,0.00018503
6238,0.00110085
6239,0.00167420
6240,0.00581049
6241,0.00242139
6242,0.00841679
6243,0.00422504
6244,0.00288339
6245,0.00223529
6246,0.00294791
6247,0.00795386
6248,0.00440918
6249,0.00314691
6250,0.00196709
6251,0.00182236
6252,0.00571810
6253,0.00388831
6254,0.00195035
6255,0.00368118
6256,0.00414778
6257,0.00396712
6258,0.00171367
6259,0.00156992
6260,0.00220765
6261,0.00434818
6262,0.00486235
6263,0.00474781
6264,0.00268655
6265,0.00000516
6266,0.00217430
6267,0.00196155
6268,0.00466728
6269,0.00215970
6270,0.00088065
6271,0.00745576
6272,0.00168057
6273,0.00237558
6274,0.00212928
6275,0.00183952
6276,0.00167146
6277,0.00505683
6278,0.00504858
6279,0.00036269
6280,0.00073477
6281,0.00184058
6282,0.00240923
6283,0.00333778
6284,0.00210074
6285,0.00892242
6286,0.00229473
6287,0.00221914
6288,0.00760200
6289,0.00439055
6290,0.00057013
6291,0.00318562
6292,0.00122014
6293,0.00388691
6294,0.00441350
6295,0.00572862
6296,0.00278932
6297,0.00158661
6298,0.01159781
6299,0.00686745
6300,0.00414327
6301,0.00243510
6302,0.00000491
6303,0.00431723
6304,0.00197603
6305,0.00179031
6306,0.00437324
6307,0.00206686
6308,0.00261699
6309,0.41420887
6310,0.00342992
6311,0.00560006
6312,0.00239462
6313,0.00079659
6314,0.00417861
6315,1.79780324
6316,0.00440309
6317,0.00136757
6318,0.00018046
6319,0.00395220
6320,0.00162024
6321,0.01664113
6322,0.00330066
6323,0.00427526
6324,0.00310801
6325,0.00186428
6326,0.00185836
6327,0.00406036
6328,0.00168899
6329,1.32267165
6330,0.00213493
6331,0.00225433
6332,0.00176948
6333,0.00393383
6334,0.00384847
6335,0.00335585
6336,0.00246972
6337,0.00428804
6338,0.00145657
6339,0.00334940
6340,0.00488616
6341,0.00045513
6342,0.00137269
6343,0.00219403
6344,0.00368769
6345,0.00321385
6346,0.00179174
6347,0.00506247
6348,0.00314735
6349,0.00652519
6350,0.00264806
6351,0.00718095
6352,0.01217769
6353,0.00079153
6354,0.00000406
6355,0.00128929
6356,0.00265142
6357,0.00382419
6358,0.00355268
6359,0.00221410
6360,0.00174077
6361,0.00494541
6362,0.00295229
6363,0.00241326
6364,0.00706379
6365,0.00122145
6366,0.00215394
6367,0.00341332
6368,0.00159011
6369,0.00269205
6370,0.00183517
6371,0.00216721
6372,0.00162205
6373,0.00185378
6374,0.00203826
6375,0.00257697
6376,0.00061287
6377,0.00518909
6378,0.00170563
6379,0.00258348
6380,0.00344238
6381,0.00330075
6382,0.00139395
6383,0.00229406
6384,0.00000490
6385,0.00171831
6386,0.00344156
6387,0.00299870
6388,0.00228905
6389,0.22156971
6390,0.00572463
6391,0.00208495
6392,0.00315956
6393,0.00147037
6394,0.00236285
6395,0.00207802
6396,0.00416059
6397,0.00871729
6398,0.00235295
6399,0.00111743
6400,0.00696092
6401,0.00735409
6402,0.00058387
6403,0.00535297
6404,0.00227556
6405,0.00424348
6406,0.00186453
6407,0.00430604
6408,0.05734820
6409,0.00017305
6410,0.00185688
6411,0.00714882
6412,0.00327154
6413,0.00144572
6414,0.00039790
6415,0.00728326
6416,0.00452725
6417,0.00543661
6418,0.00325130
6419,0.00216467
6420,0.00358374
6421,0.00337377
6422,0.00125220
6423,0.00135379
6424,0.00521084
6425,0.00371649
6426,0.00014635
6427,0.00261654
6428,0.00171851
6429,0.00435588
6430,0.00171279
6431,0.00122413
6432,0.01920463
6433,0.00219174
6434,0.00251818
6435,0.00209128
6436,0.00053018
6437,0.00045859
6438,0.00238122
6439,0.00227195
6440,0.00374889
6441,0.00145115
6442,0.00105176
6443,0.00862070
6444,0.00086318
6445,0.00271655
6446,0.00568111
6447,0.00019054
6448,0.00372240
6449,0.00359926
6450,0.00859832
6451,0.00435950
6452,0.00020690
6453,0.00411607
6454,0.00060468
6455,0.00166659
6456,0.00269321
6457,0.00041043
6458,0.00380941
6459,0.00158619
6460,1.46147318
6461,0.00000445
6462,0.00372815
6463,0.00167764
6464,0.00368807
6465,0.00130590
6466,1.35598298
6467,0.00186741
6468,0.01026067
6469,0.00174609
6470,0.00012943
6471,0.00000800
6472,0.00211457
6473,0.00239386
6474,0.00466288
6475,0.00430008
6476,0.00492361
6477,0.00163876
6478,0.00393342
6479,0.00275445
6480,0.00475599
6481,0.00428771
6482,0.00680517
6483,0.00528267
6484,0.00207372
6485,0.16792354
6486,0.00081769
6487,0.00422019
6488,0.00431713
6489,0.00436287
6490,0.00073917
6491,0.00310278
6492,0.00183465
6493,0.00013254
6494,0.00298258
6495,0.00512231
6496,0.00857564
6497,0.00314739
6498,0.00291956
6499,1.49982467
6500,0.00000462
6501,0.00422921
6502,0.01060288
6503,0.00159540
6504,0.00041621
6505,0.00249256
6506,0.00146995
6507,0.00398511
6508,0.00441174
6509,0.00362814
6510,0.00219729
6511,0.00151291
6512,0.00376685
6513,0.21164102
6514,0.00000455
6515,0.00334593
6516,0.00238554
6517,0.00465918
6518,0.00326397
6519,0.00248782
6520,0.00211942
6521,0.00419853
6522,0.00497397
6523,0.00165829
6524,0.09884007
6525,0.00223309
6526,0.00199495
6527,0.00474480
6528,0.00204326
6529,0.00194734
6530,0.00291336
6531,0.00311910
6532,0.00400110
6533,0.00001046
6534,0.00222083
6535,0.00000419
6536,0.00211817
6537,0.00434653
6538,0.00672915
6539,0.00055088
6540,0.00248033
6541,0.00240364
6542,0.00296188
6543,0.00158496
6544,0.01289535
6545,0.00238075
6546,0.00458974
6547,0.00170738
6548,0.00379820
6549,0.00191670
6550,0.00268478
6551,0.00101619
6552,0.00127154
6553,0.04266852
6554,0.00516979
6555,0.00316457
6556,0.00180989
6557,0.00505947
6558,0.00303819
6559,0.00159394
6560,0.00233867
6561,1.32926223
6562,0.00471097
6563,0.00548472
6564,0.00321634
6565,0.00025413
6566,0.00404960
6567,0.00275177
6568,0.00486634
6569,0.00251980
6570,0.00437361
6571,0.00179419
6572,0.00261383
6573,0.00317389
6574,0.00717234
6575,0.00454184
6576,0.00128550
6577,0.00441574
6578,0.00648324
6579,0.00367572
6580,0.00015064
6581,0.00135066
6582,0.00436381
6583,0.00128109
6584,0.00179762
6585,0.00440890
6586,0.00230141
6587,0.00203026
6588,0.00163868
6589,0.00407290
6590,0.00296977
6591,0.00305696
6592,0.00278645
6593,0.00038734
6594,0.00238962
6595,0.00129718
6596,0.00250565
6597,0.00233803
6598,0.00226634
6599,0.00118370
6600,0.00490590
6601,0.00265344
6602,0.00006818
6603,0.00186244
6604,0.00220228
6605,0.00201270
6606,0.00210780
6607,0.00253140
6608,0.00331230
6609,0.00789873
6610,0.00200236
6611,0.00189266
6612,0.00432744
6613,0.00270846
6614,0.00173931
6615,0.00031441
6616,0.00252798
6617,0.00036207
6618,0.00029123
6619,0.30218030
6620,0.00540984
6621,0.00314904
6622,0.00620708
6623,0.00281307
6624,0.00255528
6625,0.01254928
6626,0.00060230
6627,0.00037620
6628,0.00156842
6629,0.00222985
6630,0.00085254
6631,0.00079809
6632,0.00549633
6633,0.00223377
6634,0.00314343
6635,0.00213654
6636,0.00548433
6637,0.00887404
6638,0.00380609
6639,0.00088161
6640,0.00042446
6641,0.00197209
6642,0.00333191
6643,0.00203486
6644,0.00256769
6645,0.00431725
6646,0.00440959
6647,0.00285895
6648,0.00081181
6649,0.00256059
6650,0.72564182
6651,0.00172174
6652,0.00159128
6653,0.00145381
6654,0.00442308
6655,0.00165924
6656,0.00341474
6657,0.00295832
6658,0.00045524
6659,0.00031467
6660,0.00198088
6661,0.00245930
6662,0.00149098
6663,0.00152053
6664,0.00400896
6665,0.00525526
6666,0.00195225
6667,0.00439259
6668,0.00307990
6669,0.00275509
6670,0.00030279
6671,0.00064484
6672,0.00212903
6673,0.00174322
6674,0.00273263
6675,0.00342057
6676,0.00140598
6677,0.00429991
6678,0.00553864
6679,0.00019105
6680,0.00038316
6681,0.00238111
6682,0.00224681
6683,0.00180978
6684,0.00148749
6685,0.00014650
6686,0.00463314
6687,0.00157061
6688,0.00670237
6689,0.00197308
6690,0.00248098
6691,0.00224781
6692,0.00204512
6693,0.00447692
6694,0.00628290
6695,0.00179126
6696,0.00182731
6697,0.00735514
6698,0.00521705
6699,0.00417735
6700,0.00209199
6701,0.00520481
6702,0.00438301
6703,0.00522577
6704,0.00303824
6705,0.00382476
6706,0.00206656
6707,0.00250210
6708,0.00150629
6709,0.00230484
6710,0.00436969
6711,0.00215059
6712,0.00375573
6713,0.00296869
6714,0.00200633
6715,0.00034613
6716,0.00159954
6717,0.00251787
6718,0.00301651
6719,0.01175548
6720,0.01004284
6721,0.00627663
6722,0.00229764
6723,0.00187900
6724,0.00379325
6725,0.00963602
6726,0.00487025
6727,0.00188261
6728,0.00235756
6729,0.00189446
6730,0.00219664
6731,0.00397853
6732,0.00275836
6733,0.01777075
6734,0.00173035
6735,0.00076352
6736,0.00331904
6737,0.00160093
6738,0.00184769
6739,0.00183781
6740,0.00471086
6741,0.00169633
6742,0.04798073
6743,0.00115166
6744,0.00403869
6745,0.00260292
6746,0.00178031
6747,0.00483703
6748,0.00223903
6749,2.01586297
6750,0.00159997
6751,0.00511775
6752,0.00228033
6753,0.01184753
6754,0.00364668
6755,0.00415711
6756,0.00179455
6757,0.00541699
6758,0.00701349
6759,0.00249952
6760,0.00194924
6761,0.00157536
6762,0.00211840
6763,0.00318970
6764,0.00161204
6765,0.00340933
6766,0.00262030
6767,0.00180220
6768,0.00959745
6769,0.00165382
6770,0.00398488
6771,0.00415402
6772,0.00839254
6773,0.00055036
6774,0.00330168
6775,0.00480853
6776,0.00149163
6777,0.00057210
6778,0.00510852
6779,0.00154753
6780,0.00116491
6781,0.00396305
6782,0.00516688
6783,0.00362368
6784,0.00397119
6785,0.00239073
6786,0.00405006
6787,0.00335139
6788,0.00174620
6789,0.00394451
6790,0.00209664
6791,0.00504249
6792,0.00177610
6793,0.48131362
6794,0.00165001
6795,0.00455728
6796,0.00000555
6797,0.00200228
6798,0.00202700
6799,0.00276352
6800,0.00198831
6801,0.00038137
6802,0.00493565
6803,0.00512237
6804,0.00571511
6805,0.00363552
6806,0.00320406
6807,0.00149483
6808,0.00511377
6809,0.00000523
6810,0.00180051
6811,1.53993991
6812,0.00454069
6813,2.05543228
6814,0.00207703
6815,0.00189449
6816,0.01269284
6817,0.00000478
6818,0.00824204
6819,0.00357226
6820,0.00204773
6821,0.00422841
6822,0.00351634
6823,0.00000713
6824,0.00512463
6825,0.00307216
6826,0.00352575
6827,0.00481046
6828,0.00180544
6829,0.00140952
6830,0.00323946
6831,0.00252161
6832,0.00230343
6833,0.00251163
6834,0.00216349
6835,0.00328542
6836,0.00489280
6837,0.00283091
6838,0.00339002
6839,0.00590354
6840,0.00197279
6841,0.00253959
6842,0.00168861
6843,0.00319070
6844,0.00210346
6845,0.00424259
6846,0.00665365
6847,0.00209428
6848,0.00222448
6849,0.00231099
6850,0.00000439
6851,0.00369454
6852,0.00312356
6853,0.00169168
6854,0.00163097
6855,0.00057264
6856,0.00658547
6857,0.00287859
6858,0.00287071
6859,0.01104426
6860,0.00892460
6861,0.00144279
6862,0.18098297
6863,0.00167721
6864,0.00300360
6865,0.00263007
6866,0.00039480
6867,0.00335443
6868,0.00401941
6869,0.00387156
6870,0.00038593
6871,0.00000479
6872,0.00233969
6873,0.00347638
6874,0.00250844
6875,0.01083320
6876,0.00221506
6877,0.00118678
6878,0.27249798
6879,0.00436348
6880,0.00752485
6881,0.00278032
6882,0.00265754
6883,0.00205169
6884,0.00532120
6885,0.00172644
6886,0.00288254
6887,0.00247251
6888,0.00106045
6889,0.00228458
6890,0.00019609
6891,0.00110473
6892,0.00563686
6893,0.00173025
6894,0.00303351
6895,0.00223491
6896,0.00335107
6897,0.00189809
6898,0.00177541
6899,0.00012527
6900,0.00166474
6901,0.00210868
6902,0.00712691
6903,0.00378473
6904,0.00170877
6905,0.00394712
6906,0.00150498
6907,0.00183997
6908,0.00157215
6909,0.00240570
6910,0.00024039
6911,0.00319833
6912,0.00052310
6913,0.00989106
6914,0.00003572
6915,0.00226417
6916,0.00183253
6917,0.02352979
6918,0.00255228
6919,0.00368443
6920,0.00508528
6921,0.00138444
6922,0.00356176
6923,0.00183144
6924,0.00211226
6925,0.00756812
6926,0.00295233
6927,0.00169853
6928,0.00237762
6929,0.00026443
6930,0.00342709
6931,0.00456361
6932,0.00349153
6933,0.00641745
6934,0.00170858
6935,0.00215672
6936,0.00312591
6937,0.00317390
6938,0.00440067
6939,0.00639868
6940,0.00279769
6941,0.00327313
6942,0.00265854
6943,0.00352935
6944,0.00183673
6945,0.00848098
6946,0.00189159
6947,0.00203199
6948,0.00304523
6949,0.01527667
6950,0.00214018
6951,0.00223565
6952,0.00315233
6953,0.00174987
6954,0.00351450
6955,0.00183516
6956,0.00208025
6957,0.00238915
6958,0.00527133
6959,0.00223452
6960,0.33945854
6961,2.27282500
6962,0.00376360
6963,0.00186325
6964,0.00177396
6965,0.00289067
6966,0.00338849
6967,0.02163005
6968,0.00286891
6969,0.00320261
6970,0.00295340
6971,0.00149813
6972,0.00111982
6973,0.00113981
6974,0.00652576
6975,0.00277072
6976,0.00506638
6977,0.00487135
6978,0.00607499
6979,0.00188823
6980,0.00209955
6981,0.00373685
6982,0.00184573
6983,0.00210307
6984,0.00469767
6985,0.00718227
6986,0.00123855
6987,1.75123324
6988,0.00784722
6989,0.00047629
6990,0.00039485
6991,0.00475034
6992,0.00319153
6993,0.00151605
6994,0.00161528
6995,0.00324430
6996,0.00246991
6997,0.00237771
6998,0.00157072
6999,0.35211427
7000,0.00119781
7001,0.00500339
7002,0.00159880
7003,0.00246668
7004,0.00450433
7005,0.00274444
7006,0.00015604
7007,0.00158714
7008,0.00399222
7009,0.00507961
7010,0.00228150
7011,0.00238944
7012,0.00238136
7013,0.00306759
7014,0.00218165
7015,0.00224501
7016,0.00503188
7017,0.00214036
7018,0.00256764
7019,0.00163841
7020,0.00269143
7021,0.00007216
7022,0.00111898
7023,0.05525369
7024,0.00327161
7025,0.00420842
7026,0.00227640
7027,0.00136079
7028,0.00481534
7029,0.00056297
7030,0.00197312
7031,0.00168722
7032,0.00246123
7033,0.00115405
7034,0.00334616
7035,0.00211690
7036,0.00062467
7037,0.00633469
7038,0.01750876
7039,0.00397824
7040,0.00122434
7041,0.00175750
7042,0.00221009
7043,0.00213597
7044,0.00214367
7045,0.00160302
7046,0.00483908
7047,0.01534845
7048,0.00208749
7049,0.00340822
7050,0.00238875
7051,0.00239650
7052,0.00178304
7053,0.15266390
7054,0.00697603
7055,0.00827712
7056,1.63535260
7057,0.77797205
7058,0.00218704
7059,0.00138568
7060,0.00295096
7061,0.00249236
7062,0.00019224
7063,0.00024936
7064,0.00134282
7065,0.00045437
7066,0.00242097
7067,0.00440334
7068,0.00121584
7069,0.00329808
7070,0.00176278
7071,0.00162620
7072,0.00140576
7073,0.00133653
7074,0.00338344
7075,0.96254482
7076,0.01173527
7077,0.00733019
7078,0.01012295
7079,0.00310072
7080,0.00276502
7081,0.00195242
7082,0.00000452
7083,0.00642589
7084,0.00396930
7085,0.00056090
7086,0.00203471
7087,0.00421615
7088,0.00177527
7089,0.00020925
7090,0.00231567
7091,0.00433302
7092,0.00167466
7093,0.00330649
7094,0.00823718
7095,0.00313342
7096,0.00762745
7097,0.00223889
7098,0.00127933
7099,0.00206198
7100,0.00587542
7101,0.00268030
7102,0.00125639
7103,0.00232448
7104,0.00208007
7105,0.01250215
7106,0.00591355
7107,0.01042168
7108,0.00789209
7109,0.00148698
7110,0.00192982
7111,0.00138340
7112,0.00381310
7113,0.00310093
7114,0.00196615
7115,0.00295886
7116,0.00272793
7117,0.00328846
7118,0.00215199
7119,0.00147861
7120,0.00793745
7121,0.00194241
7122,0.00412415
7123,0.00335805
7124,0.00620377
7125,0.00567757
7126,0.00179367
7127,0.00000473
7128,0.00282349
7129,0.00295328
7130,0.00478812
7131,0.00419535
7132,0.00536311
7133,0.00455496
7134,0.00178064
7135,0.00040224
7136,0.00233899
7137,0.00117917
7138,0.00321654
7139,0.00488702
7140,0.00562802
7141,0.00262921
7142,0.00208790
7143,0.00314938
7144,0.00463346
7145,0.00343932
7146,0.00052837
7147,0.00269761
7148,0.00227783
7149,0.00601810
7150,0.00144518
7151,0.00327976
7152,0.00157834
7153,0.00218807
7154,0.00840906
7155,0.00303940
7156,0.00229972
7157,0.00402000
7158,0.00002634
7159,0.00135025
7160,0.00139700
7161,0.00398413
7162,0.00134060
7163,0.00196845
7164,0.00267107
7165,0.00340325
7166,0.00208535
7167,0.23768778
7168,0.00038508
7169,0.00147343
7170,0.00200597
7171,0.00146002
7172,0.00457498
7173,1.22839357
7174,0.00286216
7175,0.05172946
7176,0.00300991
7177,0.00446864
7178,0.00227677
7179,0.00546183
7180,0.00590382
7181,0.00189915
7182,0.00149904
7183,0.00086407
7184,0.00279929
7185,0.00056026
7186,0.00209288
7187,0.00145753
7188,0.00199977
7189,0.00831360
7190,0.00075809
7191,0.00126086
7192,0.00017138
7193,0.00043388
7194,0.00165000
7195,0.00185214
7196,0.00217964
7197,0.00306284
7198,0.00375414
7199,0.00176977
7200,0.00254310
7201,0.00199211
7202,0.00185314
7203,0.00021905
7204,0.00044014
7205,0.00179993
7206,0.00472097
7207,0.00268315
7208,0.00235124
7209,0.00115819
7210,0.00195752
7211,0.00415107
7212,0.00176888
7213,0.00013774
7214,0.00347035
7215,0.00460174
7216,0.00477361
7217,2.27015913
7218,0.09514145
7219,0.00060711
7220,0.00266792
7221,0.00301977
7222,0.00107224
7223,0.00670105
7224,0.00196205
7225,0.00837333
7226,0.00216359
7227,0.00588435
7228,0.00101022
7229,0.01166501
7230,0.00451954
7231,0.00312214
7232,0.00100846
7233,0.00152375
7234,0.00166046
7235,0.00093757
7236,0.00382303
7237,0.00235670
7238,0.00418366
7239,0.00320101
7240,0.00047358
7241,0.00450972
7242,0.00273930
7243,0.00296744
7244,0.00019005
7245,0.00188494
7246,0.00187203
7247,0.00930176
7248,0.00581885
7249,0.00244807
7250,0.00266897
7251,0.00356650
7252,0.00014340
7253,0.00049894
7254,0.00991459
7255,0.00419883
7256,2.36078763
7257,0.00215860
7258,0.00739828
7259,0.00239855
7260,0.00203340
7261,0.00254029
7262,0.00183259
7263,0.00151211
7264,0.00120155
7265,0.00285924
7266,0.00224160
7267,0.00290042
7268,0.00335884
7269,0.00232307
7270,0.00289463
7271,0.00011983
7272,0.00506382
7273,0.07896205
7274,0.00260317
7275,0.00205775
7276,0.00068190
7277,0.00368340
7278,0.00243648
7279,0.00344256
7280,0.00187279
7281,0.00061980
7282,0.01008975
7283,0.00288825
7284,0.00357937
7285,0.00416595
7286,0.00232800
7287,0.00261525
7288,0.00608846
7289,0.00091468
7290,0.00186409
7291,0.00899233
7292,0.00822896
7293,0.00329247
7294,0.00000808
7295,0.00362362
7296,0.00233080
7297,0.00163932
7298,0.00142961
7299,0.00311896
7300,0.00724206
7301,0.01099614
7302,0.00208424
7303,0.00148747
7304,1.38437006
7305,0.01044477
7306,0.00309182
7307,0.00221958
7308,0.00157056
7309,0.00397962
7310,0.00778017
7311,0.00245055
7312,0.00070975
7313,0.00163545
7314,0.00032585
7315,0.00276055
7316,0.00170447
7317,0.00254438
7318,0.00206392
7319,0.00000451
7320,0.01125052
7321,0.00194068
7322,0.02546791
7323,0.00215574
7324,0.00159860
7325,0.00031544
7326,0.00152476
7327,0.00023484
7328,0.00311535
7329,0.00302827
7330,0.00032640
7331,0.00156300
7332,0.00304783
7333,0.00019845
7334,0.00227356
7335,0.00184645
7336,0.00281683
7337,0.00362201
7338,0.00942497
7339,0.00301853
7340,0.00131541
7341,0.00377654
7342,0.00169427
7343,0.00187249
7344,0.00288307
7345,0.00000431
7346,0.00075470
7347,0.00184022
7348,0.00276342
7349,0.00391035
7350,0.00225589
7351,0.00131510
7352,0.00719547
7353,0.00242917
7354,0.00475747
7355,0.00038847
7356,0.00337137
7357,0.00167617
7358,0.00440726
7359,0.00205348
7360,0.00216926
7361,0.00278524
7362,0.00182412
7363,0.00127263
7364,0.00374368
7365,0.00241610
7366,0.00444876
7367,0.00065592
7368,0.00133960
7369,0.00185772
7370,0.33913314
7371,0.02071569
7372,0.49491213
7373,0.00117154
7374,0.00311107
7375,0.00234004
7376,0.00429948
7377,0.00214364
7378,0.00217667
7379,0.00018317
7380,0.00248955
7381,0.00031411
7382,0.00782487
7383,0.00307146
7384,0.00015934
7385,0.00040857
7386,0.00165499
7387,0.01252742
7388,0.00045755
7389,0.00769322
7390,0.01455279
7391,0.57634350
7392,0.00226797
7393,0.00381469
7394,0.00200045
7395,0.00159391
7396,0.00375342
7397,0.00254447
7398,0.00204442
7399,0.00193174
7400,0.00313978
7401,0.00510438
7402,0.00435127
7403,0.00182357
7404,0.00094512
7405,0.00403064
7406,0.00180401
7407,0.00218270
7408,0.00222491
7409,0.00437811
7410,0.00156912
7411,0.00263693
7412,0.00259606
7413,0.00164159
7414,0.00391780
7415,0.00321774
7416,0.00477872
7417,0.00213279
7418,0.00593928
7419,0.00388870
7420,0.00266388
7421,0.00226383
7422,0.00239079
7423,0.00207138
7424,0.00020653
7425,0.00167420
7426,0.00039552
7427,0.00611910
7428,0.00258424
7429,0.00226807
7430,0.01670962
7431,0.00154632
7432,0.00461008
7433,0.00164491
7434,0.00197283
7435,0.00351579
7436,0.00243883
7437,0.00166021
7438,0.00395449
7439,0.00339705
7440,0.95834619
7441,0.00404244
7442,0.00234178
7443,0.00165465
7444,0.00203653
7445,0.00294879
7446,0.00000473
7447,0.00051394
7448,0.00403926
7449,0.00365140
7450,0.00172258
7451,0.00461317
7452,0.01934893
7453,0.01573975
7454,0.00342382
7455,0.00170637
7456,0.00210088
7457,0.00127640
7458,0.00303355
7459,2.20349371
7460,0.00153632
7461,0.00683908
7462,0.00667476
7463,0.00261125
7464,0.00003960
7465,0.00054590
7466,0.00472959
7467,0.00175149
7468,0.00300796
7469,0.00313818
7470,0.00158310
7471,0.01385546
7472,0.00150934
7473,0.00136071
7474,0.00295997
7475,0.00340074
7476,0.00182541
7477,0.00209262
7478,0.00152065
7479,0.00247203
7480,0.01005457
7481,0.00037615
7482,0.00390312
7483,0.00386631
7484,0.00228530
7485,0.00329612
7486,0.00857160
7487,0.00017596
7488,0.00267571
7489,0.00269980
7490,0.00143290
7491,0.00542857
7492,0.00320890
7493,0.00282243
7494,0.00193549
7495,0.00162670
7496,0.00038249
7497,0.00532043
7498,0.00939202
7499,0.00538256
7500,0.00359326
7501,1.06326990
7502,0.00204153
7503,0.05270098
7504,0.00216938
7505,0.00218362
7506,0.00021872
7507,0.00214826
7508,0.00203844
7509,0.00241995
7510,0.00193101
7511,0.00032943
7512,1.53373785
7513,0.00168831
7514,0.00149245
7515,0.00486054
7516,0.00234534
7517,0.00041901
7518,0.00422339
7519,0.00372319
7520,0.00529286
7521,0.00360000
7522,0.00174862
7523,0.00251112
7524,0.03180199
7525,0.00611976
7526,0.00400979
7527,0.00458077
7528,0.00325544
7529,0.32866323
7530,0.00021612
7531,0.00402473
7532,0.00792362
7533,0.00270886
7534,0.00296597
7535,0.00165794
7536,0.00242852
7537,0.00375145
7538,0.00245506
7539,0.00338817
7540,0.00345352
7541,0.00159391
7542,0.00216215
7543,0.00171212
7544,0.00209766
7545,0.00546457
7546,0.00386246
7547,0.00205926
7548,0.00190252
7549,0.00187777
7550,0.00490915
7551,0.00178597
7552,0.01017447
7553,0.00157473
7554,0.00507407
7555,0.00000706
7556,0.00170278
7557,0.00172513
7558,0.00315294
7559,0.00419186
7560,0.00193078
7561,0.00186522
7562,0.00373240
7563,0.00261662
7564,0.00188005
7565,0.00357252
7566,0.00040084
7567,0.00936265
7568,0.00196516
7569,0.00938793
7570,0.00150765
7571,0.01661555
7572,0.00447811
7573,0.00568501
7574,0.00402064
7575,0.00651523
7576,0.00039555
7577,0.00234853
7578,0.00128906
7579,0.00266382
7580,0.00241429
7581,0.00310278
7582,0.00205712
7583,0.00000644
7584,0.00815047
7585,0.00162543
7586,0.03671419
7587,0.00313878
7588,0.00663733
7589,0.00339240
7590,0.00408032
7591,0.00225190
7592,0.00193166
7593,0.00185065
7594,0.00280642
7595,0.00389727
7596,0.00179646
7597,0.00440847
7598,0.00404013
7599,0.01646849
7600,0.00083042
7601,0.00199573
7602,0.00967475
7603,0.00406850
7604,0.00284082
7605,0.00176639
7606,0.00000469
7607,0.00048435
7608,0.00310690
7609,0.02530671
7610,0.00363802
7611,0.00252235
7612,0.00410897
7613,0.00258015
7614,0.00188156
7615,0.00191751
7616,0.00194970
7617,0.00252345
7618,0.01579657
7619,0.00483253
7620,0.00193001
7621,0.00136877
7622,0.00373000
7623,0.00179035
7624,0.00436709
7625,0.00159977
7626,1.12769904
7627,0.00599456
7628,0.00000994
7629,1.04990120
7630,0.38499530
7631,0.00409399
7632,0.00210024
7633,0.00038851
7634,0.00257068
7635,0.00224031
7636,0.00217975
7637,0.00337557
7638,0.00419532
7639,0.00505523
7640,0.00367120
7641,0.00217778
7642,0.00215063
7643,0.00258899
7644,0.00198926
7645,0.00395389
7646,0.00373155
7647,0.00149927
7648,0.00211314
7649,0.00044632
7650,0.00035703
7651,0.00175128
7652,0.00015532
7653,0.00165655
7654,0.00351859
7655,0.07388449
7656,0.00260537
7657,0.00148520
7658,0.00363266
7659,0.00204193
7660,0.00212816
7661,0.00136361
7662,0.00291785
7663,0.00123553
7664,0.00268356
7665,0.00174455
7666,0.00216401
7667,0.00208262
7668,0.00154328
7669,0.00518496
7670,0.01453298
7671,0.00127184
7672,0.00051494
7673,0.00000426
7674,0.00196599
7675,0.00186625
7676,0.00086708
7677,0.00270514
7678,0.00276638
7679,0.00209575
7680,0.07001616
7681,0.00000883
7682,0.00201545
7683,0.00452666
7684,0.00525470
7685,0.00268025
7686,0.00028072
7687,0.00245518
7688,0.00432095
7689,0.00000449
7690,0.00259904
7691,0.00250935
7692,0.00201681
7693,0.00535768
7694,0.00203393
7695,0.00156260
7696,1.95957906
7697,0.00969577
7698,0.00189750
7699,0.00521610
7700,0.00478479
7701,0.00269615
7702,0.00177585
7703,0.00326008
7704,0.00050779
7705,0.00240554
7706,0.00190012
7707,0.00848016
7708,0.00379046
7709,0.00057677
7710,0.00183700
7711,0.00229604
7712,0.00499958
7713,0.00321240
7714,0.00053965
7715,0.00243154
7716,0.00234924
7717,0.00160421
7718,0.00451481
7719,0.00362349
7720,0.00403620
7721,0.00140888
7722,0.00214087
7723,0.00211844
7724,2.53577944
7725,0.00073640
7726,0.00625811
7727,0.00595920
7728,0.00440315
7729,0.00664312
7730,0.00209944
7731,0.00222105
7732,0.00646964
7733,0.72061243
7734,0.00217903
7735,0.00879316
7736,0.00049416
7737,0.00209829
7738,0.00163194
7739,0.00251073
7740,0.00180769
7741,0.00155858
7742,0.00146569
7743,0.00107575
7744,0.01649631
7745,0.00236131
7746,0.00204998
7747,0.00052948
7748,0.00334643
7749,0.00018162
7750,0.09477987
7751,0.00124489
7752,0.00431893
7753,0.00000466
7754,0.00178353
7755,0.00270941
7756,0.00205163
7757,0.01757800
7758,0.00254294
7759,0.00731671
7760,0.00175293
7761,0.00474786
7762,0.00895936
7763,0.00188818
7764,0.00207945
7765,0.00437325
7766,0.00356282
7767,0.00184020
7768,0.00147050
7769,0.00188876
7770,0.00451627
7771,0.00121899
7772,0.00032721
7773,0.00128909
7774,0.00459269
7775,1.26109098
7776,0.00232494
7777,0.00456211
7778,0.00013328
7779,0.00271913
7780,0.00205599
7781,0.00597754
7782,0.00135475
7783,0.00194724
7784,0.00595495
7785,0.00129217
7786,0.00257299
7787,0.00276374
7788,0.00349756
7789,0.00510795
7790,0.00256523
7791,0.00310257
7792,0.00182821
7793,0.00178683
7794,0.00233932
7795,1.47020519
7796,0.00866238
7797,0.00125680
7798,0.00171722
7799,0.01859203
7800,0.00160317
7801,0.00194648
7802,0.00050636
7803,0.00213752
7804,0.00448466
7805,0.03711114
7806,0.00176083
7807,0.00314440
7808,0.00450350
7809,0.00239440
7810,0.00367755
7811,0.00189977
7812,0.00162635
7813,0.00162556
7814,0.00252674
7815,0.00276273
7816,0.00011560
7817,0.00329993
7818,0.00255079
7819,0.00198086
7820,0.00074180
7821,0.00241279
7822,0.00192600
7823,0.00155172
7824,0.00321509
7825,0.00397105
7826,0.00041467
7827,0.01910996
7828,0.00244499
7829,0.00367275
7830,0.00015352
7831,0.00192399
7832,0.00220798
7833,0.00231622
7834,0.01108115
7835,0.01600966
7836,0.00249323
7837,0.03437707
7838,0.00237824
7839,0.00354854
7840,0.00127983
7841,2.18141632
7842,0.00348666
7843,0.00133951
7844,0.00084862
7845,0.00248107
7846,0.00038745
7847,0.00190358
7848,0.00411099
7849,0.00299725
7850,0.00288160
7851,0.00000523
7852,0.00480460
7853,0.00273030
7854,0.00386404
7855,0.00420070
7856,0.00170475
7857,0.00520504
7858,0.00153529
7859,0.00386458
7860,0.00057862
7861,0.00444601
7862,0.00443495
7863,0.00397608
7864,0.00463613
7865,2.40723401
7866,0.00371467
7867,0.00261567
7868,0.00013599
7869,0.00267655
7870,0.00505408
7871,0.00000489
7872,0.00391496
7873,0.00181390
7874,0.00167541
7875,0.00235251
7876,0.00237177
7877,0.00148101
7878,0.00077071
7879,0.00277535
7880,0.00002997
7881,0.00143679
7882,0.00190457
7883,0.00085300
7884,0.00446210
7885,0.00476895
7886,0.00200790
7887,0.00121417
7888,0.00256506
7889,0.00900962
7890,0.00600753
7891,0.00603002
7892,0.00240188
7893,0.00125226
7894,0.00560854
7895,0.00134834
7896,0.00161605
7897,0.00146505
7898,0.00116931
7899,0.00313873
7900,0.00385381
7901,0.00409221
7902,0.00547118
7903,0.00064074
7904,0.00189306
7905,0.00231992
7906,0.01015955
7907,0.00339741
7908,0.00015715
7909,0.00372375
7910,0.00648738
7911,0.00130465
7912,0.00252696
7913,0.00227470
7914,0.00190592
7915,0.00541062
7916,0.00152893
7917,0.00541129
7918,0.00450490
7919,0.00213693
7920,0.00235182
7921,0.00043177
7922,0.00875235
7923,0.17641767
7924,0.00093428
7925,0.00547241
7926,0.00399840
7927,0.00238438
7928,0.00923788
7929,0.00355518
7930,0.00749244
7931,0.00183107
7932,0.00147961
7933,0.00347635
7934,0.00411626
7935,0.00198621
7936,0.00203368
7937,2.08556157
7938,0.00345539
7939,0.00532242
7940,0.00309112
7941,0.00293580
7942,0.00018326
7943,0.00057080
7944,0.00258304
7945,0.00261660
7946,0.00196896
7947,1.15552524
7948,0.00200070
7949,0.00216145
7950,0.00446764
7951,0.00041981
7952,0.00445577
7953,0.00294078
7954,0.00819997
7955,0.00091405
7956,0.00216636
7957,0.00083268
7958,0.00401916
7959,0.00287406
7960,0.00246518
7961,0.06841505
7962,0.00352781
7963,0.00369701
7964,0.00373753
7965,0.00296724
7966,0.00248048
7967,0.00000463
7968,0.00622135
7969,0.00293387
7970,0.00071867
7971,0.00224453
7972,0.00175580
7973,0.00157950
7974,0.00061538
7975,0.00353169
7976,0.00221586
7977,0.00314283
7978,0.00000553
7979,0.00140634
7980,0.00522050
7981,0.00403821
7982,0.00391894
7983,0.00187083
7984,0.00372748
7985,0.00196770
7986,0.00218003
7987,0.00245502
7988,0.00241736
7989,0.00182166
7990,0.00326675
7991,0.00224944
7992,0.00056871
7993,0.00427990
7994,0.01904992
7995,0.00521918
7996,0.99481780
7997,0.00245872
7998,0.00495711
7999,0.00370608
8000,0.00316560
8001,0.00277118
8002,0.00367144
8003,0.00332048
8004,0.00326774
8005,0.00194039
8006,0.00122220
8007,0.00564675
8008,0.00253953
8009,0.00079552
8010,0.00156447
8011,0.54033453
8012,0.00178191
8013,0.00280308
8014,0.00228895
8015,0.00913315
8016,0.00889513
8017,0.00175468
8018,0.00299413
8019,0.01131499
8020,0.00204581
8021,0.00437991
8022,0.00360153
8023,0.00341713
8024,0.00571267
8025,0.00330730
8026,0.04519492
8027,0.00437216
8028,0.00210597
8029,0.00404351
8030,0.00275287
8031,0.00122519
8032,0.00622273
8033,0.00237875
8034,0.00629126
8035,0.00039724
8036,0.00305376
8037,0.00317276
8038,0.00033819
8039,0.00214848
8040,0.00235109
8041,0.00297136
8042,0.00342069
8043,0.00231975
8044,0.00208656
8045,0.00260282
8046,0.00341987
8047,0.00210148
8048,0.00167715
8049,0.00126737
8050,0.00283156
8051,0.00358436
8052,0.00519717
8053,0.00508168
8054,0.00209305
8055,1.00269371
8056,0.00255656
8057,0.00190277
8058,0.00493203
8059,0.00000467
8060,0.00301219
8061,0.00169564
8062,0.00362348
8063,0.00188086
8064,0.00307779
8065,0.00431672
8066,0.00043270
8067,0.00287636
8068,0.00115377
8069,0.01170180
8070,0.00343841
8071,0.00858282
8072,0.00000439
8073,0.00179503
8074,0.00436230
8075,0.55151980
8076,0.00240467
8077,0.00207172
8078,0.00207451
8079,1.30563466
8080,0.00203119
8081,0.00377831
8082,0.00894101
8083,0.00223354
8084,0.00167147
8085,0.00524754
8086,0.01887315
8087,1.62849915
8088,0.00193562
8089,0.00054886
8090,0.00210201
8091,0.00206216
8092,0.00031158
8093,0.00343246
8094,0.00246114
8095,0.00327836
8096,0.00353264
8097,0.00167720
8098,0.00280588
8099,0.00448072
8100,0.01430655
8101,0.00202456
8102,0.00367574
8103,0.01042587
8104,0.00022852
8105,0.01142686
8106,0.00237234
8107,0.06467377
8108,0.00614073
8109,0.00472578
8110,1.77536100
8111,0.00204971
8112,0.00443494
8113,0.00274447
8114,0.00214602
8115,0.00218687
8116,0.00225114
8117,0.00369718
8118,0.69557274
8119,0.00473066
8120,0.00160147
8121,0.02332258
8122,0.01225544
8123,0.00193160
8124,0.01072530
8125,0.00059935
8126,0.00851242
8127,0.00122778
8128,0.00755392
8129,0.00109277
8130,0.00316907
8131,0.00367991
8132,0.00349298
8133,0.00357064
8134,1.05828187
8135,0.00471998
8136,0.00015206
8137,0.00179203
8138,0.00378095
8139,0.00594218
8140,0.00350200
8141,0.00254055
8142,0.00205363
8143,0.00145727
8144,0.00200524
8145,0.00257774
8146,0.00497493
8147,0.00182209
8148,0.00225927
8149,0.00161656
8150,0.00194573
8151,0.04150292
8152,0.00264980
8153,0.00969386
8154,0.00324426
8155,0.00083078
8156,0.00115734
8157,0.00211893
8158,0.00038939
8159,0.00542655
8160,0.00045993
8161,0.00210773
8162,0.00247355
8163,0.00302398
8164,0.00152051
8165,0.00178744
8166,0.00278525
8167,0.00436393
8168,0.00250694
8169,0.00489050
8170,1.63109447
8171,0.00198811
8172,0.00400783
8173,0.00430161
8174,0.00280174
8175,0.00393729
8176,0.00159291
8177,0.00237181
8178,0.00679101
8179,0.00120250
8180,0.01865488
8181,0.00178927
8182,0.00398078
8183,0.00471681
8184,0.00637660
8185,0.00465742
8186,0.00276190
8187,0.00053476
8188,0.00154454
8189,0.00000474
8190,0.00352886
8191,0.00549598
8192,0.00334118
8193,0.00095140
8194,0.00160520
8195,0.52606312
8196,0.00232387
8197,1.72196127
8198,0.00353351
8199,0.00238168
8200,1.38001786
8201,0.00539814
8202,0.00399722
8203,0.00412008
8204,0.00205019
8205,0.00487401
8206,0.00170085
8207,0.00237446
8208,0.00147541
8209,0.00051493
8210,0.00423988
8211,0.06694238
8212,0.00880792
8213,0.00089662
8214,0.00439143
8215,1.90004358
8216,0.00443639
8217,0.00027815
8218,0.00169540
8219,0.00477127
8220,0.00208094
8221,0.00317474
8222,0.02296703
8223,0.00001271
8224,0.00153345
8225,0.00855003
8226,0.00000515
8227,0.00418619
8228,0.00332937
8229,0.00129616
8230,0.00232103
8231,0.00986055
8232,0.00282865
8233,0.00346782
8234,0.00268512
8235,0.00383795
8236,0.00332321
8237,0.00551544
8238,0.00193520
8239,0.00114204
8240,0.00791952
8241,0.00053137
8242,0.00236665
8243,0.00173403
8244,0.00289547
8245,0.00675116
8246,0.00288844
8247,0.00166490
8248,0.00340280
8249,0.00005265
8250,0.00171123
8251,0.00394229
8252,0.00406659
8253,0.00032440
8254,0.00179747
8255,0.00458419
8256,0.00186844
8257,0.00131703
8258,0.00570689
8259,0.00664589
8260,0.00430520
8261,0.00276968
8262,0.00279930
8263,0.00332265
8264,0.00281305
8265,0.00548839
8266,0.00252129
8267,0.00297168
8268,0.00205606
8269,0.00736516
8270,0.00028364
8271,0.00167411
8272,0.00142099
8273,0.00320167
8274,0.00030042
8275,0.00450592
8276,0.00267198
8277,0.00464537
8278,0.00463545
8279,0.00228323
8280,0.00651189
8281,0.00047232
8282,0.00364344
8283,0.00520940
8284,1.55698470
8285,0.00232498
8286,0.00204677
8287,0.00049526
8288,0.40534986
8289,0.00410752
8290,0.00258658
8291,0.00452797
8292,0.00190136
8293,0.00194733
8294,0.00242512
8295,0.00295474
8296,0.00157055
8297,0.00490772
8298,0.00480077
8299,0.00276737
8300,0.00184219
8301,0.00183509
8302,0.00416955
8303,0.62501824
8304,0.00320453
8305,0.00360542
8306,0.00941317
8307,0.00192114
8308,0.00448960
8309,0.00325579
8310,0.00523157
8311,0.00348997
8312,0.00164605
8313,0.00141215
8314,0.00509577
8315,0.00031843
8316,0.00282094
8317,0.00330679
8318,0.00222495
8319,0.00189005
8320,0.00398500
8321,0.00177946
8322,0.00264770
8323,1.16185831
8324,0.00329234
8325,0.00626264
8326,0.00153933
8327,0.00312253
8328,0.00338966
8329,0.00166051
8330,0.00403933
8331,0.00338732
8332,0.00209333
8333,0.00226941
8334,0.00293445
8335,0.00034814
8336,0.00013003
8337,0.00155548
8338,0.00232297
8339,0.00253197
8340,0.00843287
8341,0.00017862
8342,0.98065717
8343,0.00193551
8344,0.00058218
8345,0.00212001
8346,0.00196934
8347,0.00030511
8348,0.00462252
8349,0.00275467
8350,0.00182025
8351,0.00829843
8352,0.00224402
8353,0.00211024
8354,0.00244738
8355,0.00423243
8356,0.00237623
8357,0.00180471
8358,0.00244778
8359,0.00384423
8360,0.00141135
8361,0.00088230
8362,0.00106226
8363,0.01226203
8364,0.00496601
8365,0.47232797
8366,0.01764330
8367,0.00302928
8368,0.00223621
8369,0.00338023
8370,0.00226722
8371,0.00239310
8372,0.00322896
8373,0.00017548
8374,0.00030105
8375,0.00826685
8376,0.00018183
8377,0.00182659
8378,0.00395268
8379,0.00439395
8380,0.00269972
8381,0.00531761
8382,0.00296741
8383,0.00220506
8384,0.00328943
8385,0.00242016
8386,0.00349108
8387,0.00070095
8388,0.00327551
8389,0.00344332
8390,0.00089826
8391,0.00229878
8392,1.44650998
8393,0.00560740
8394,0.00262672
8395,0.00411173
8396,0.00368527
8397,0.00783186
8398,0.00337621
8399,0.00553280
8400,0.00190404
8401,0.00358978
8402,0.00152254
8403,0.00264900
8404,0.00144748
8405,1.59757705
8406,0.00032211
8407,0.00486687
8408,0.00390091
8409,0.00208863
8410,0.00588704
8411,0.00160420
8412,0.00309842
8413,0.00325723
8414,0.00204293
8415,0.00333164
8416,0.00245294
8417,0.52093549
8418,0.00126962
8419,0.00293314
8420,0.00728682
8421,0.00951275
8422,0.00218714
8423,0.00604156
8424,0.00158412
8425,0.00277297
8426,0.00046447
8427,0.00152521
8428,0.00299911
8429,0.00354244
8430,0.00760302
8431,0.00325835
8432,0.00219640
8433,0.00158781
8434,0.00674946
8435,0.00410680
8436,0.00014790
8437,0.00175313
8438,0.00354638
8439,0.00247209
8440,0.00230217
8441,0.00274015
8442,0.00295593
8443,0.00259433
8444,0.00185752
8445,0.00000771
8446,0.00206934
8447,0.00209104
8448,0.00113059
8449,0.00144016
8450,0.00217444
8451,0.00596905
8452,0.00463114
8453,0.00277092
8454,0.01076221
8455,0.00126188
8456,0.00347778
8457,0.00221094
8458,0.00168718
8459,0.00190432
8460,0.00200369
8461,0.00167659
8462,0.00404276
8463,2.12995346
8464,0.00446000
8465,0.00238305
8466,0.00231110
8467,0.00099430
8468,0.00050876
8469,0.00297071
8470,0.00323022
8471,0.00372871
8472,0.00256825
8473,0.00387519
8474,0.00387786
8475,0.00166455
8476,0.00000488
8477,0.00200473
8478,0.00190281
8479,0.00098810
8480,0.00050910
8481,0.00240455
8482,0.00233590
8483,0.00281054
8484,0.00016681
8485,0.00395212
8486,0.00240600
8487,0.00361311
8488,0.00229417
8489,0.00546160
8490,0.00284076
8491,0.00000733
8492,0.00191974
8493,0.00218740
8494,0.00251309
8495,0.00250012
8496,0.00204746
8497,0.00172881
8498,0.00251485
8499,0.00212414
8500,0.00218489
8501,0.00036633
8502,0.00234669
8503,0.00295149
8504,0.00225191
8505,0.00667726
8506,0.25724380
8507,0.00267097
8508,0.00166533
8509,0.00311132
8510,0.00176823
8511,0.00350713
8512,0.00221904
8513,0.00265244
8514,0.00210421
8515,0.00192608
8516,0.00725493
8517,0.00045848
8518,1.19256686
8519,0.00372225
8520,0.00257924
8521,0.00165959
8522,0.00275701
8523,0.00047820
8524,0.00195263
8525,0.00177001
8526,0.00265834
8527,0.00064450
8528,0.00187364
8529,0.04797833
8530,0.00147343
8531,0.00196907
8532,0.00143473
8533,0.00156355
8534,0.00039703
8535,0.00256448
8536,0.00437785
8537,0.00163803
8538,0.00013100
8539,0.00923745
8540,0.00184204
8541,0.00259751
8542,0.00567845
8543,0.00228755
8544,0.00645580
8545,0.00041852
8546,0.01367276
8547,0.00141421
8548,0.00177552
8549,0.00496864
8550,0.00212323
8551,0.00418647
8552,0.00556460
8553,0.00451860
8554,0.00283353
8555,0.00000465
8556,0.00679603
8557,0.00253502
8558,0.00907512
8559,0.27852237
8560,0.00172785
8561,0.00199071
8562,0.00293633
8563,0.00422438
8564,0.00264584
8565,0.00345192
8566,0.00154080
8567,0.00017263
8568,1.95094653
8569,0.00423037
8570,0.00201672
8571,0.00857403
8572,0.00678997
8573,0.00273435
8574,0.00468810
8575,0.01036757
8576,0.00133769
8577,0.00232588
8578,0.00667927
8579,0.00444815
8580,0.00163489
8581,0.00238796
8582,0.00179147
8583,0.00181566
8584,0.00214275
8585,0.00135789
8586,0.00015153
8587,0.00204059
8588,0.00324970
8589,0.00149892
8590,0.00262428
8591,0.00154927
8592,0.00370322
8593,0.00048702
8594,0.00174958
8595,0.00357274
8596,0.00257265
8597,0.00052753
8598,0.00362086
8599,0.00690986
8600,0.00203717
8601,0.00180175
8602,0.00331869
8603,0.00528937
8604,0.00408795
8605,0.00137481
8606,0.00562378
8607,0.00282259
8608,0.00231474
8609,0.00219533
8610,0.00199471
8611,0.01714272
8612,0.81658534
8613,0.00945894
8614,0.00390279
8615,0.00161782
8616,0.00074016
8617,0.00245734
8618,0.00187700
8619,0.00186329
8620,0.00415453
8621,0.00542623
8622,0.00409084
8623,0.00608967
8624,0.00131114
8625,0.00340180
8626,0.00196684
8627,0.00154953
8628,0.00456168
8629,1.98263758
8630,0.00064345
8631,0.00417220
8632,0.00167850
8633,0.00200923
8634,0.00321414
8635,0.00197801
8636,0.00697221
8637,0.00208106
8638,0.00326901
8639,0.00492629
8640,0.00245719
8641,0.00440418
8642,0.00538715
8643,0.00286787
8644,0.00485028
8645,0.00332538
8646,0.00339961
8647,0.00294261
8648,0.00159933
8649,0.00209788
8650,0.00414903
8651,0.00436887
8652,0.00192395
8653,0.00341603
8654,0.00376156
8655,0.01012606
8656,0.00232018
8657,0.00543519
8658,0.00189301
8659,0.00615217
8660,0.00833984
8661,0.00269956
8662,0.00298461
8663,0.00249187
8664,0.00388078
8665,0.00204570
8666,0.00397281
8667,0.00416695
8668,0.00307363
8669,0.00884861
8670,0.00187787
8671,0.00689098
8672,0.00839558
8673,0.00052570
8674,0.00174786
8675,0.00200158
8676,0.00175137
8677,0.00174868
8678,0.00397453
8679,0.00183618
8680,0.00307994
8681,0.00401437
8682,0.00249293
8683,0.01772725
8684,0.00154867
8685,0.00273110
8686,0.00186972
8687,0.00191728
8688,0.00230770
8689,0.00147584
8690,0.00223183
8691,0.00137009
8692,0.00159837
8693,0.00494948
8694,0.00247780
8695,0.00528977
8696,0.00181133
8697,0.00389379
8698,0.00160310
8699,0.00502294
8700,0.00186131
8701,0.00232058
8702,0.00577074
8703,0.00250223
8704,0.00388081
8705,0.01034292
8706,0.00865000
8707,0.00063099
8708,0.00514488
8709,0.00274610
8710,0.00227628
8711,0.00576861
8712,0.00435196
8713,0.00515234
8714,0.00054097
8715,0.00165656
8716,0.00182687
8717,0.00313346
8718,0.00171560
8719,0.00183415
8720,0.00166271
8721,0.00000463
8722,0.00088302
8723,0.00253729
8724,0.00444332
8725,0.00516470
8726,0.00263990
8727,0.00478480
8728,0.00318684
8729,0.00207744
8730,0.00440558
8731,0.00222252
8732,0.00152550
8733,0.00195503
8734,0.00165327
8735,0.00308462
8736,0.00502222
8737,0.00216526
8738,0.00247081
8739,0.00349239
8740,0.00422550
8741,0.00329001
8742,0.00296642
8743,0.00015062
8744,0.00250925
8745,0.00641932
8746,0.00176041
8747,0.00235849
8748,0.00259646
8749,0.00346848
8750,0.00293954
8751,0.00426213
8752,0.00199264
8753,0.00402302
8754,0.00427019
8755,0.00132460
8756,0.00394723
8757,0.00320514
8758,0.00472229
8759,0.00152864
8760,1.46389709
8761,0.00167637
8762,0.00938584
8763,0.00000545
8764,0.01216599
8765,0.00267083
8766,0.00279350
8767,0.00281126
8768,0.00134529
8769,0.00085726
8770,0.00199214
8771,0.00308055
8772,0.00334286
8773,0.00198298
8774,0.00347420
8775,0.00059685
8776,0.00267640
8777,0.00016753
8778,0.00171307
8779,0.00018652
8780,0.00295744
8781,0.00000560
8782,0.00447164
8783,0.01232001
8784,0.00245258
8785,0.00254152
8786,0.00484171
8787,0.00704947
8788,0.00275545
8789,0.00149287
8790,0.00955561
8791,0.00209953
8792,0.00432967
8793,0.00120323
8794,0.00242998
8795,0.00224948
8796,0.00314186
8797,0.00187790
8798,0.00379156
8799,0.01257541
8800,0.00203872
8801,0.00420202
8802,0.00664227
8803,0.00182771
8804,0.00183089
8805,0.00412118
8806,0.00410039
8807,0.00356133
8808,0.00018636
8809,0.00322986
8810,0.00173335
8811,0.00170825
8812,0.00070498
8813,0.00372170
8814,0.00149272
8815,0.00085993
8816,0.00176238
8817,0.00042000
8818,0.00364057
8819,0.00192018
8820,0.00225279
8821,0.62773150
8822,0.00735247
8823,0.00321324
8824,0.00170262
8825,0.00242590
8826,0.00510550
8827,0.00352061
8828,0.00362579
8829,0.00415880
8830,0.00198563
8831,0.00303482
8832,0.00309761
8833,0.00158246
8834,0.00315639
8835,0.00108834
8836,0.00215148
8837,0.00209740
8838,0.00917882
8839,0.00313653
8840,0.00013213
8841,0.00324974
8842,0.01840440
8843,0.00165350
8844,0.00170739
8845,0.00088337
8846,0.00122691
8847,0.00338195
8848,0.00149747
8849,0.00312415
8850,0.00194325
8851,0.00097563
8852,0.02299443
8853,0.00165205
8854,0.00106088
8855,0.00134519
8856,0.00186264
8857,0.00227437
8858,0.00181645
8859,0.00017798
8860,0.00130144
8861,0.00309302
8862,0.00418470
8863,0.15831098
8864,0.00346739
8865,0.00201923
8866,0.00356115
8867,0.00441360
8868,0.00038851
8869,0.00139588
8870,0.00374673
8871,0.00565604
8872,0.00272796
8873,0.00189219
8874,0.00181744
8875,0.53989641
8876,0.00279945
8877,0.00295235
8878,0.00189742
8879,0.00351961
8880,0.00158809
8881,0.00438624
8882,0.00314177
8883,0.00089514
8884,0.00390954
8885,0.00151612
8886,0.00349616
8887,0.00456308
8888,0.00254333
8889,0.00015809
8890,0.00039398
8891,0.00065523
8892,0.00167410
8893,0.00071989
8894,0.00190318
8895,0.00609733
8896,0.00300652
8897,0.00288814
8898,0.00815852
8899,0.00248343
8900,0.00234168
8901,0.00221728
8902,0.00524720
8903,0.00048243
8904,0.00219694
8905,0.00185706
8906,0.00400290
8907,0.00222806
8908,0.00399144
8909,0.01044848
8910,0.00114982
8911,0.00204196
8912,0.00404598
8913,0.00424991
8914,0.00185483
8915,0.00325023
8916,0.77436670
8917,0.00244328
8918,0.00174124
8919,0.00248021
8920,0.00513567
8921,0.00197124
8922,0.00693565
8923,0.00901692
8924,0.00220598
8925,0.00148246
8926,0.00237183
8927,0.00264699
8928,0.00254312
8929,0.00412618
8930,0.00449109
8931,0.00151932
8932,0.01049679
8933,0.00000588
8934,0.00142956
8935,0.00001054
8936,0.00093245
8937,0.00303569
8938,0.00182518
8939,0.00503166
8940,0.00036377
8941,0.00085721
8942,0.00459154
8943,0.00316032
8944,0.00145090
8945,0.00325392
8946,0.00223842
8947,0.00046984
8948,0.00026894
8949,0.00165301
8950,0.00134823
8951,0.00453058
8952,0.00407123
8953,0.00231219
8954,0.00270454
8955,0.03856456
8956,0.00200362
8957,0.00205395
8958,1.02327799
8959,0.00429930
8960,0.00382668
8961,0.00209814
8962,0.00055290
8963,0.00698641
8964,0.00170091
8965,0.02977842
8966,0.00212748
8967,0.00897049
8968,0.00054254
8969,0.00916508
8970,0.00273053
8971,0.00275550
8972,0.00392746
8973,0.00296485
8974,0.00363325
8975,0.00181250
8976,0.00729599
8977,0.00170653
8978,0.00330380
8979,0.00171356
8980,0.00083361
8981,0.00262948
8982,0.00497675
8983,0.00422175
8984,0.00897775
8985,0.02778974
8986,0.00272588
8987,0.00116959
8988,0.00189752
8989,0.00382890
8990,0.00252925
8991,0.00197839
8992,0.00263817
8993,0.01988014
8994,0.00190284
8995,0.00016812
8996,0.00032383
8997,0.00149853
8998,0.00295377
8999,0.00280124
9000,0.00608250
9001,0.00204396
9002,0.00859308
9003,0.00087927
9004,0.00676943
9005,0.00191018
9006,0.00121414
9007,0.00233964
9008,0.00166844
9009,0.00274991
9010,0.00083019
9011,0.00158736
9012,0.00000425
9013,0.00196255
9014,0.00196085
9015,0.00332594
9016,0.00650422
9017,0.00122724
9018,0.00387654
9019,0.00032525
9020,0.00019098
9021,0.00172805
9022,0.00263777
9023,0.00240754
9024,0.00172680
9025,0.00209286
9026,0.00412435
9027,0.00188431
9028,0.00418349
9029,0.00308058
9030,0.00277828
9031,0.00380662
9032,0.00285881
9033,0.00201999
9034,0.00212342
9035,0.00223549
9036,0.00211236
9037,0.00194381
9038,0.00362384
9039,0.00214600
9040,0.00637629
9041,0.00253651
9042,0.00210439
9043,0.00473145
9044,0.00161137
9045,0.00041200
9046,0.00019914
9047,0.00357683
9048,0.00457529
9049,0.00090485
9050,0.00332127
9051,0.00856481
9052,0.00203747
9053,0.00185216
9054,0.00217213
9055,0.00175557
9056,0.00045315
9057,0.00466883
9058,0.00222098
9059,0.00090369
9060,0.00353212
9061,0.00227940
9062,0.00545946
9063,0.00291712
9064,0.00151955
9065,0.00199553
9066,0.00264779
9067,0.00260442
9068,0.02677628
9069,0.00690636
9070,0.00170410
9071,0.00246841
9072,0.00200530
9073,0.00196911
9074,0.00000544
9075,0.00320226
9076,0.00257955
9077,0.00163413
9078,0.00724582
9079,0.00001958
9080,0.00167201
9081,0.00239626
9082,0.00881332
9083,0.00339426
9084,0.00242243
9085,0.00406409
9086,0.00405713
9087,0.00041945
9088,0.00243947
9089,0.00282067
9090,0.00588119
9091,0.00323136
9092,0.00138781
9093,0.00289360
9094,0.00161548
9095,0.00386120
9096,0.01171019
9097,0.00120481
9098,0.00000512
9099,0.00246852
9100,0.00250853
9101,0.00555246
9102,0.00452117
9103,0.00665238
9104,0.00261305
9105,0.00292245
9106,0.00295337
9107,0.00203653
9108,0.00059787
9109,0.01706013
9110,0.00133888
9111,0.00190542
9112,0.00187527
9113,0.00206326
9114,0.00179442
9115,0.01742193
9116,0.00204224
9117,0.00236308
9118,0.00196618
9119,0.00518865
9120,0.00353398
9121,0.00968709
9122,0.00366934
9123,0.00510992
9124,0.00287293
9125,1.08636479
9126,0.00419050
9127,0.00910439
9128,0.00484314
9129,0.18406523
9130,0.01470507
9131,0.00031255
9132,0.02004660
9133,0.00225548
9134,0.00229395
9135,0.00189925
9136,0.00283387
9137,0.00345614
9138,0.00070831
9139,0.00300920
9140,0.00126941
9141,0.00168096
9142,0.00135966
9143,0.01158677
9144,0.00296616
9145,0.00229168
9146,0.00546201
9147,0.00488737
9148,0.00310144
9149,0.00387685
9150,0.00284310
9151,0.00146653
9152,0.00021138
9153,0.00164995
9154,0.00323230
9155,0.00206098
9156,0.00336983
9157,0.00647315
9158,0.00362115
9159,0.00470133
9160,0.03151525
9161,0.00816221
9162,0.00016844
9163,0.00102555
9164,0.00214416
9165,0.01034380
9166,0.00250183
9167,0.00155956
9168,0.00257164
9169,0.00032925
9170,0.00182977
9171,0.00344541
9172,0.00683163
9173,0.00000492
9174,0.00144261
9175,0.00473950
9176,0.00369317
9177,0.00201189
9178,0.00038598
9179,0.00373714
9180,0.00271395
9181,0.00225195
9182,0.00648213
9183,0.00195169
9184,0.00432782
9185,0.00241207
9186,0.00506341
9187,0.02158790
9188,0.00001342
9189,0.00480944
9190,0.00193302
9191,0.00148372
9192,0.00892211
9193,0.00745063
9194,0.00947716
9195,0.00118730
9196,0.00573712
9197,0.00697491
9198,0.00126317
9199,0.00377141
9200,0.00166536
9201,0.00469761
9202,0.00193826
9203,0.00003035
9204,0.00244752
9205,0.00351931
9206,0.00289411
9207,0.00190051
9208,0.00312895
9209,0.00178177
9210,0.80140994
9211,0.00235801
9212,0.00365000
9213,0.00391142
9214,0.18985011
9215,0.00807634
9216,0.00092082
9217,0.00275434
9218,0.00128127
9219,0.00029314
9220,0.00706001
9221,0.89506416
9222,0.00267206
9223,0.00000685
9224,0.00172244
9225,0.04481977
9226,0.00168445
9227,0.00420525
9228,0.00485034
9229,0.00304177
9230,0.00257391
9231,0.00458208
9232,0.00264544
9233,0.00349491
9234,0.00324377
9235,0.00727607
9236,0.00120708
9237,0.00347726
9238,0.00541789
9239,0.00185279
9240,0.00384919
9241,0.00478293
9242,0.00253060
9243,0.00172250
9244,0.00175806
9245,0.00155333
9246,0.00551709
9247,0.00137097
9248,0.00255676
9249,0.00339117
9250,0.00388952
9251,0.00239965
9252,0.00000533
9253,0.00406355
9254,0.00000504
9255,0.00012829
9256,0.00294250
9257,0.00216079
9258,0.00210942
9259,0.00235935
9260,0.00174642
9261,0.00383529
9262,0.00006066
9263,0.00202208
9264,0.00557179
9265,0.00391060
9266,0.00441214
9267,0.00119900
9268,0.00283553
9269,0.00527382
9270,1.50373755
9271,0.00210261
9272,0.00898631
9273,0.00492849
9274,0.00176657
9275,0.00292417
9276,0.00043545
9277,0.00423966
9278,0.00166429
9279,0.00195717
9280,0.00777886
9281,0.00121790
9282,0.00670011
9283,0.00174497
9284,0.00274759
9285,0.00249849
9286,0.00215232
9287,0.00240206
9288,0.00261450
9289,0.00249366
9290,0.00059270
9291,0.00096892
9292,0.00199797
9293,0.00324153
9294,0.00163648
9295,0.00650312
9296,0.00537452
9297,0.00475349
9298,0.00212952
9299,0.00447498
9300,0.00108350
9301,0.00165031
9302,0.00208733
9303,0.00373905
9304,0.00394316
9305,0.00221675
9306,0.00391036
9307,0.00298413
9308,0.00048211
9309,0.00631162
9310,0.00473899
9311,0.00376106
9312,0.00296985
9313,2.28782531
9314,0.00038664
9315,0.00937666
9316,0.00790158
9317,0.00000508
9318,0.00089046
9319,0.00401201
9320,0.00209203
9321,0.00535967
9322,0.00510342
9323,0.00083168
9324,0.00467107
9325,0.00220490
9326,0.00375315
9327,0.00036818
9328,0.00251615
9329,0.00193776
9330,0.00250189
9331,0.00435054
9332,0.00320301
9333,0.00475725
9334,0.00341434
9335,0.00362681
9336,0.00526973
9337,0.00000453
9338,0.00019270
9339,0.00189062
9340,0.00180973
9341,0.00337093
9342,0.00302479
9343,0.00093114
9344,0.00040261
9345,0.00236917
9346,0.00571999
9347,0.00044913
9348,0.00143130
9349,0.00373102
9350,0.00479425
9351,0.00483625
9352,0.00435110
9353,0.00172799
9354,0.01007909
9355,0.00153347
9356,0.00353006
9357,0.00201461
9358,0.00171367
9359,0.00146435
9360,0.00289264
9361,0.00139480
9362,0.00294467
9363,0.00017038
9364,0.00249764
9365,0.00354261
9366,0.00190087
9367,0.00270340
9368,0.00382397
9369,0.00347377
9370,0.01162041
9371,0.00218786
9372,0.00298195
9373,0.00265037
9374,0.00203971
9375,0.00213244
9376,0.00424493
9377,0.00708801
9378,0.00190235
9379,0.00280768
9380,0.00321041
9381,0.00320558
9382,0.00440890
9383,0.00332400
9384,0.00339777
9385,0.00052360
9386,0.00280943
9387,0.00262922
9388,0.00528227
9389,0.00257331
9390,0.00413112
9391,0.00256222
9392,0.00198289
9393,0.00359630
9394,0.00233284
9395,0.00344385
9396,0.00481329
9397,0.00295112
9398,0.00331448
9399,0.00156131
9400,0.00187154
9401,0.00146610
9402,0.00581709
9403,0.00592446
9404,0.00269761
9405,0.02081658
9406,0.00212229
9407,0.00123990
9408,0.00220005
9409,0.00558385
9410,0.00365243
9411,0.00056790
9412,0.00129641
9413,0.00250452
9414,0.00318972
9415,0.00212973
9416,0.07043092
9417,0.00146831
9418,0.00013304
9419,0.00338668
9420,0.00115163
9421,0.00096361
9422,0.00222666
9423,0.00105839
9424,0.00149655
9425,0.00190298
9426,0.00206078
9427,0.00315643
9428,0.00169409
9429,0.00161879
9430,0.00435968
9431,0.00574683
9432,0.00018437
9433,0.00506499
9434,0.00322405
9435,0.00227218
9436,0.00286607
9437,0.00234713
9438,0.00479541
9439,0.00374164
9440,0.00119282
9441,0.00388238
9442,0.00160913
9443,0.00165786
9444,0.00339011
9445,0.00175036
9446,0.00356937
9447,0.00329688
9448,0.00184031
9449,0.01348885
9450,0.00235321
9451,0.00050066
9452,0.00252843
9453,0.00506979
9454,0.00427089
9455,0.00261342
9456,0.00246502
9457,0.00129358
9458,1.48518808
9459,0.00563756
9460,0.00224767
9461,0.00172805
9462,0.00167098
9463,0.00246104
9464,0.00199149
9465,0.00277021
9466,0.00199425
9467,0.00226721
9468,0.00121286
9469,0.00113927
9470,0.00340244
9471,0.00223397
9472,0.00285195
9473,0.00086508
9474,0.00000495
9475,0.00041651
9476,0.00155297
9477,0.00269762
9478,0.00353591
9479,0.00277558
9480,0.00471760
9481,0.00318067
9482,0.00726535
9483,0.00387302
9484,0.00169714
9485,0.00358859
9486,0.00359159
9487,0.00200320
9488,0.00232835
9489,0.00034390
9490,0.00130154
9491,0.00552200
9492,0.00300004
9493,0.00000464
9494,0.00324435
9495,0.00240651
9496,0.00016556
9497,0.00227259
9498,0.00269811
9499,0.00546718
9500,0.00397137
9501,0.00134773
9502,0.00046478
9503,0.00203211
9504,0.00128413
9505,0.00151881
9506,0.00269016
9507,0.45208563
9508,0.00152823
9509,0.00186338
9510,0.00748663
9511,2.31313372
9512,0.00025614
9513,0.00257668
9514,0.01982009
9515,0.01154814
9516,0.00012448
9517,0.00000960
9518,0.00543850
9519,0.00042415
9520,0.00381418
9521,0.00184726
9522,0.00242127
9523,0.00000443
9524,0.00402125
9525,0.00147866
9526,1.58210525
9527,0.00180200
9528,0.00175651
9529,0.38591997
9530,0.00471735
9531,0.00259357
9532,0.62216003
9533,0.00361766
9534,0.00142955
9535,0.00162015
9536,0.00184694
9537,0.00279159
9538,0.00291892
9539,0.00439545
9540,0.00206357
9541,0.00042202
9542,0.01953985
9543,0.00797404
9544,0.00125937
9545,0.00488837
9546,0.00743107
9547,0.00151361
9548,0.00269484
9549,0.01015890
9550,0.00241029
9551,0.00207477
9552,0.01181352
9553,0.00360625
9554,0.00284943
9555,0.00068412
9556,0.79091457
9557,0.00000423
9558,0.00187561
9559,0.00163880
9560,0.00217421
9561,0.00250886
9562,0.00042069
9563,0.00845891
9564,0.00677204
9565,0.00253358
9566,0.00917396
9567,0.00242440
9568,0.00157888
9569,0.00358512
9570,0.00583501
9571,0.00000511
9572,0.00481318
9573,0.00437487
9574,0.00101886
9575,0.00000452
9576,0.00237690
9577,0.01776853
9578,0.00565839
9579,0.00176682
9580,0.00147756
9581,0.00221338
9582,0.00179592
9583,0.41352734
9584,0.00319768
9585,0.00287620
9586,0.00910509
9587,0.00316297
9588,0.00125447
9589,0.53862231
9590,0.00495322
9591,0.00351960
9592,0.00233493
9593,0.00184395
9594,0.00204028
9595,0.00312324
9596,0.00181889
9597,0.00800252
9598,0.00240810
9599,0.00081947
9600,0.00689988
9601,0.00312277
9602,0.00389745
9603,0.00526686
9604,0.00389515
9605,1.57293038
9606,0.00186293
9607,0.00275394
9608,0.00000400
9609,0.00160036
9610,0.00225158
9611,0.00234317
9612,0.00191785
9613,0.00180777
9614,0.00185265
9615,0.00315166
9616,0.00171161
9617,0.00591657
9618,0.00194175
9619,0.00398707
9620,0.00627367
9621,0.00475696
9622,0.00107106
9623,0.00019371
9624,0.00252470
9625,0.00746950
9626,0.00169773
9627,0.00255091
9628,0.00143295
9629,0.65803870
9630,0.00538047
9631,0.00198679
9632,0.00146455
9633,0.00037426
9634,0.01189236
9635,0.00573196
9636,0.00536141
9637,0.00053581
9638,0.00382585
9639,0.00224571
9640,0.00326084
9641,0.00175283
9642,0.00400158
9643,0.00257591
9644,0.00531856
9645,0.00182731
9646,0.00160301
9647,0.00495748
9648,0.03688066
9649,0.00040815
9650,0.01129798
9651,0.00170779
9652,0.00520869
9653,0.00877062
9654,0.00150440
9655,0.00052832
9656,0.00199583
9657,0.00192320
9658,0.00473312
9659,0.92467771
9660,0.00117617
9661,1.21757861
9662,0.00352972
9663,0.00148890
9664,0.00251001
9665,0.00226371
9666,0.00193514
9667,0.00497994
9668,0.00224667
9669,0.00255551
9670,0.00172818
9671,0.00234652
9672,0.00097073
9673,0.00153087
9674,0.00933645
9675,0.00195267
9676,0.13992511
9677,0.01039838
9678,0.00168338
9679,0.00153556
9680,0.00172633
9681,0.00806665
9682,0.00655759
9683,0.00102823
9684,0.00187151
9685,0.00131861
9686,0.00522141
9687,1.16696670
9688,0.00248169
9689,0.00176097
9690,0.00230335
9691,0.00626559
9692,0.00222786
9693,0.00361695
9694,0.00245189
9695,0.00511235
9696,0.00792948
9697,0.00272333
9698,0.00214911
9699,0.00053383
9700,0.00506471
9701,0.00172874
9702,0.00080222
9703,0.00171201
9704,0.00017482
9705,0.00484643
9706,0.00397408
9707,0.00228118
9708,0.00062143
9709,0.00143000
9710,0.00244057
9711,0.00430142
9712,0.00204113
9713,0.00267155
9714,0.00253286
9715,0.00142888
9716,0.00425834
9717,0.00391464
9718,0.00324449
9719,0.00237334
9720,0.00046506
9721,0.00252194
9722,0.00162426
9723,0.00201929
9724,0.00150425
9725,0.00344363
9726,0.00535646
9727,0.00234197
9728,0.00410545
9729,0.00162946
9730,0.00230801
9731,0.00029793
9732,0.00352628
9733,0.00236653
9734,0.00198412
9735,0.00060971
9736,0.00180756
9737,0.00292806
9738,0.00370147
9739,0.00000499
9740,0.00168493
9741,0.00315545
9742,0.00208400
9743,0.00103502
9744,0.00541321
9745,0.00211324
9746,0.00233062
9747,0.00406165
9748,0.00038009
9749,0.00240173
9750,0.00343770
9751,0.00466281
9752,0.00240024
9753,0.00435259
9754,2.45833918
9755,0.00472729
9756,0.00250446
9757,0.00206491
9758,0.00754593
9759,0.00184646
9760,0.00000432
9761,0.00237872
9762,0.00037581
9763,0.00170630
9764,0.00491273
9765,0.00529329
9766,0.00290747
9767,0.00153253
9768,0.00591490
9769,0.00268643
9770,0.00417624
9771,0.00422374
9772,0.00082447
9773,0.00235352
9774,0.00153705
9775,0.00560786
9776,0.00258643
9777,0.00213131
9778,0.00033745
9779,0.00136956
9780,0.00079622
9781,0.00966898
9782,0.00267214
9783,0.00163638
9784,0.00199020
9785,0.00253930
9786,0.00039987
9787,0.00421712
9788,0.00034098
9789,0.00224227
9790,0.00393780
9791,0.00202037
9792,0.00151140
9793,0.00448078
9794,0.00218088
9795,0.00056934
9796,0.00000493
9797,0.00087444
9798,0.00407260
9799,0.00040296
9800,0.00625551
9801,0.00500178
9802,0.00145390
9803,0.00000396
9804,0.00423289
9805,0.00130765
9806,0.00275904
9807,0.00456526
9808,0.00000463
9809,0.00385041
9810,0.00151480
9811,0.00764433
9812,0.00208609
9813,0.00283040
9814,0.72892635
9815,0.00467626
9816,0.00229127
9817,0.00239597
9818,0.00237379
9819,0.00152193
9820,0.00274940
9821,0.00000450
9822,0.00355972
9823,0.00147766
9824,0.00185974
9825,0.00000450
9826,0.00205394
9827,0.03840153
9828,0.00270048
9829,0.00264699
9830,0.00151109
9831,0.00157152
9832,0.00383438
9833,0.00153111
9834,0.00336124
9835,0.01473951
9836,0.00658017
9837,0.00141664
9838,0.00220858
9839,0.00135453
9840,0.01284211
9841,0.00044405
9842,0.00083888
9843,0.00181131
9844,0.02216204
9845,0.00240004
9846,0.00144909
9847,0.00164376
9848,0.00426157
9849,0.00181427
9850,0.00189672
9851,0.00372208
9852,0.00202331
9853,1.89083037
9854,0.00406073
9855,0.00307813
9856,0.00524671
9857,0.00414580
9858,0.00230872
9859,0.00345644
9860,0.00274697
9861,0.00127433
9862,0.00164017
9863,0.00213295
9864,0.00259715
9865,0.00052173
9866,0.00283879
9867,0.00409683
9868,0.00290953
9869,0.00160781
9870,0.00467127
9871,0.00194277
9872,0.00376978
9873,0.00272857
9874,0.00163057
9875,0.00172644
9876,0.00214724
9877,0.00758601
9878,0.00029412
9879,0.00397379
9880,0.00176126
9881,0.00271335
9882,0.00176594
9883,0.00405616
9884,0.00196782
9885,0.00134092
9886,0.00301363
9887,0.00236327
9888,0.00194598
9889,0.00387358
9890,0.00178678
9891,0.00346352
9892,0.00124137
9893,0.01857489
9894,0.00203801
9895,0.00521024
9896,0.00163644
9897,0.00052928
9898,0.00144877
9899,0.00430172
9900,0.00230666
9901,0.00035446
9902,0.00186960
9903,0.00855642
9904,0.00171077
9905,0.00173885
9906,0.00120296
9907,0.00259311
9908,0.00251957
9909,0.00019761
9910,0.00183649
9911,0.00418351
9912,0.00249958
9913,0.00191487
9914,0.00022714
9915,0.00534229
9916,0.00158131
9917,0.01709907
9918,0.00477028
9919,0.00350678
9920,0.00252017
9921,0.00182778
9922,0.00188008
9923,0.00210896
9924,0.00250975
9925,0.00166634
9926,0.00032426
9927,0.00186395
9928,0.00274767
9929,0.00264674
9930,0.00206530
9931,0.00155194
9932,0.01122546
9933,0.00138502
9934,0.00183641
9935,0.00349298
9936,0.00046689
9937,0.00158921
9938,0.00239405
9939,0.00270988
9940,0.00354843
9941,0.00171838
9942,1.04746204
9943,0.00430403
9944,0.00225833
9945,0.00530284
9946,0.00202880
9947,0.00282992
9948,0.00245625
9949,0.00406141
9950,0.00397158
9951,0.00305708
9952,0.00208925
9953,0.00071394
9954,0.00683834
9955,0.00175832
9956,0.00966332
9957,0.00165015
9958,0.00163100
9959,0.00345953
9960,0.00185214
9961,0.00696682
9962,0.59989170
9963,0.00432087
9964,0.00173696
9965,0.00280112
9966,0.25966489
9967,0.00188879
9968,0.00232597
9969,0.00185289
9970,0.00157154
9971,0.00089509
9972,0.00179852
9973,0.00230144
9974,0.00936217
9975,0.00401229
9976,0.00207476
9977,0.00254244
9978,0.00350475
9979,0.00195422
9980,1.85615659
9981,0.00159063
9982,0.00171459
9983,0.00149085
9984,0.00001592
9985,0.00189877
9986,0.00000513
9987,0.00050592
9988,0.00256671
9989,0.00016054
9990,0.00254254
9991,0.00294105
9992,0.00225891
9993,0.00332937
9994,0.00210137
9995,0.00225098
9996,0.00173394
9997,0.00314424
9998,0.00382985
9999,0.00404781
