step,entropy
0,1.66733166
1,2.35440566
2,2.07287671
3,1.45454494
4,0.91658019
5,0.43260592
6,1.49896167
7,0.16205777
8,0.13574838
9,1.62859001
10,0.41656845
11,2.15165737
12,1.69834984
13,1.32991571
14,2.37405185
15,0.33427005
16,0.78606364
17,1.28763369
18,2.44787783
19,0.19966631
20,1.52636289
21,2.33168020
22,0.36724320
23,1.78539848
24,1.75139832
25,0.91371729
26,1.35816263
27,2.37170168
28,1.18668448
29,1.15723523
30,1.43076967
31,0.08110795
32,2.05280071
33,0.13002436
34,2.48194886
35,2.46127083
36,2.07554441
37,2.27056223
38,1.56089990
39,0.77519808
40,1.53107059
41,1.72135742
42,0.35917643
43,1.96461042
44,0.77036494
45,1.29970896
46,0.67595902
47,0.71560631
48,2.22268947
49,1.95304194
50,0.15877707
51,1.95535824
52,2.34554807
53,1.78498456
54,1.75551108
55,0.66964235
56,1.77249428
57,0.96120598
58,2.34014238
59,1.78639556
60,0.81833210
61,2.24071329
62,1.96293779
63,0.50985935
64,0.54461527
65,0.03289402
66,1.95251918
67,0.21799042
68,0.69835771
69,1.86727664
70,0.77519608
71,0.72484471
72,0.16809675
73,0.12771802
74,1.44996959
75,0.35132457
76,2.44395483
77,0.06568808
78,0.80094931
79,0.46631941
80,2.28008146
81,1.90372988
82,0.28258020
83,0.14103029
84,0.21069190
85,1.87539897
86,1.89492535
87,1.60447141
88,1.24028919
89,1.17410980
90,1.51017535
91,0.27514444
92,2.01471975
93,1.97171309
94,1.72637035
95,0.59736739
96,0.54443219
97,2.48562114
98,2.40542455
99,1.89690373
100,1.99122874
101,1.16165426
102,2.22401671
103,1.75088313
104,1.11009334
105,1.72795110
106,0.20196346
107,1.00055893
108,2.13967077
109,1.21673666
110,1.41060619
111,1.42176169
112,2.39128971
113,0.50931160
114,1.72801905
115,1.13897710
116,0.59703659
117,0.12284781
118,1.54772103
119,0.46560616
120,1.47704452
121,1.09020537
122,1.02841664
123,2.25173879
124,0.22811920
125,1.42312349
126,1.05104062
127,0.38389564
128,1.00229448
129,2.19799995
130,0.50225517
131,1.72346378
132,0.68065972
133,1.31679765
134,1.39721550
135,0.18134268
136,2.04906021
137,0.95989292
138,0.53193830
139,0.52681364
140,2.49819991
141,2.39143715
142,1.18974848
143,0.68652362
144,1.79563334
145,0.13400580
146,2.17818367
147,0.01441558
148,0.12529443
149,0.84743403
150,1.15667228
151,0.01330110
152,0.72427353
153,2.49462098
154,1.96223122
155,0.14849845
156,2.22317152
157,1.18105142
158,2.50871900
159,0.81407180
160,0.78489799
161,1.72212778
162,1.23765527
163,0.70093183
164,1.33028541
165,1.61561695
166,0.79236217
167,2.09018361
168,1.89872106
169,1.90975439
170,1.67417791
171,0.58357523
172,1.79010500
173,0.44292885
174,0.35989071
175,1.27745434
176,0.43713803
177,0.32317380
178,1.50164343
179,2.47363272
180,0.14085007
181,1.12651538
182,0.22905985
183,1.36615126
184,1.45715026
185,1.24393611
186,0.09912230
187,1.77709812
188,1.28788217
189,1.45373170
190,1.69429175
191,2.29749220
192,1.10195610
193,2.31509673
194,0.44575388
195,1.15063633
196,0.44856404
197,0.94421657
198,2.29101318
199,2.47266533
200,1.19800046
201,0.70133365
202,0.81832860
203,2.28640066
204,1.11200871
205,0.50328774
206,2.11736040
207,1.29324765
208,1.08329039
209,2.29064784
210,1.89205756
211,0.03608366
212,2.45088799
213,1.15282377
214,0.45623114
215,2.30809115
216,1.06390876
217,1.73604836
218,1.90386362
219,0.49349766
220,2.49399127
221,1.42728146
222,0.14449403
223,1.36102944
224,0.04665322
225,2.48316251
226,1.68894491
227,0.96198585
228,2.02651680
229,2.01357059
230,1.77624605
231,0.59639964
232,0.23626077
233,2.17097882
234,2.25271387
235,0.87615853
236,0.98016496
237,1.02238063
238,0.70172762
239,2.37940548
240,1.34796339
241,1.79894535
242,1.53476051
243,0.22719498
244,0.18306430
245,0.37429347
246,1.26001885
247,1.59205109
248,2.52509312
249,2.28394676
250,1.87400988
251,0.97230162
252,0.87392493
253,1.76790399
254,0.87667399
255,1.94132741
256,1.84738883
257,0.30415684
258,2.03850778
259,0.23680186
260,0.80564942
261,2.47256902
262,1.65144896
263,2.17178115
264,2.35005640
265,0.67113546
266,2.01768310
267,0.94409926
268,0.16438379
269,0.27084330
270,0.32012680
271,1.60112155
272,1.62708578
273,2.14906282
274,0.74826525
275,1.93369648
276,0.67646102
277,0.79534402
278,1.66301605
279,0.99534415
280,2.53077099
281,0.80270496
282,0.60207560
283,2.22943098
284,2.21399625
285,0.41313364
286,0.85599782
287,1.29356544
288,0.16805616
289,0.94028379
290,1.95311834
291,1.94846354
292,0.37725211
293,0.76958463
294,0.68060203
295,1.73606956
296,0.33443631
297,2.50017492
298,0.29417591
299,1.34075681
300,1.78350828
301,2.40457360
302,1.55733658
303,2.16929222
304,1.34637719
305,0.56020594
306,1.06748912
307,1.53915677
308,1.34644355
309,1.98439996
310,1.36813246
311,0.97216063
312,1.30640338
313,1.31757842
314,0.02530591
315,0.83231813
316,1.45284988
317,1.80665871
318,1.08413682
319,1.89223761
320,1.27638488
321,0.93704809
322,0.61470227
323,2.02258419
324,2.33803755
325,1.84944749
326,0.55914669
327,1.79008375
328,1.28074962
329,2.34498982
330,0.01527339
331,1.96012333
332,1.18259879
333,2.16983811
334,1.53624885
335,0.01928160
336,1.75409089
337,1.35216030
338,0.60670597
339,0.30912498
340,1.00993811
341,1.42232593
342,1.21292578
343,0.04321591
344,0.37504570
345,1.72635899
346,1.38387615
347,1.88364541
348,1.05119173
349,0.65145265
350,2.02396263
351,0.55319707
352,0.15360284
353,0.93464800
354,1.14433616
355,0.53027856
356,2.42318122
357,0.58688167
358,0.30928078
359,1.67752514
360,0.36295940
361,0.70979401
362,1.04921510
363,0.69465523
364,1.65785073
365,0.35512108
366,1.63347777
367,0.29371458
368,1.47098739
369,2.48194549
370,1.99547749
371,2.39969004
372,1.38462761
373,0.40199690
374,0.93880050
375,1.96863359
376,0.33462254
377,1.68406178
378,0.81768000
379,2.32677313
380,0.88873382
381,0.81782729
382,0.69030685
383,1.36901071
384,2.41567484
385,1.37029748
386,1.88003170
387,1.31991923
388,0.20993003
389,1.48758638
390,1.50709623
391,1.51191718
392,0.75692629
393,0.67665605
394,0.83487708
395,0.07831189
396,0.40862416
397,0.72776251
398,1.29899799
399,2.31149450
400,1.77729352
401,1.30848484
402,1.81737148
403,1.12703039
404,0.11993270
405,1.74071806
406,1.78863477
407,1.66170013
408,2.16165425
409,1.98220972
410,2.10206214
411,0.11666662
412,2.53541402
413,1.49179709
414,1.50334619
415,1.55495776
416,0.68484956
417,0.76828978
418,2.22357121
419,1.52228706
420,2.43551288
421,0.52843247
422,1.48459413
423,1.52147174
424,0.09385041
425,1.58753084
426,0.97460164
427,1.09033704
428,0.47057935
429,1.50763647
430,1.70753718
431,2.26195362
432,2.13463513
433,2.48555395
434,2.47445342
435,1.77649440
436,0.71188836
437,1.36971392
438,0.21174993
439,1.43586667
440,0.77493090
441,1.36035753
442,1.90203396
443,0.15375383
444,2.22148559
445,0.09611012
446,1.24232717
447,0.55390899
448,0.09896292
449,1.21645094
450,0.66433336
451,0.20288111
452,2.09056335
453,0.62263518
454,2.37910666
455,1.54342841
456,0.90066680
457,0.15361338
458,2.16926305
459,0.27588211
460,1.96842406
461,1.34032618
462,1.15524692
463,0.20435004
464,1.06571569
465,0.04177941
466,1.93520231
467,1.79323317
468,0.34480776
469,1.29216128
470,0.45148569
471,1.80559265
472,0.47929953
473,0.43812454
474,0.72106534
475,2.46370464
476,2.07545095
477,1.02253074
478,2.01456122
479,0.91655682
480,0.47572326
481,2.27480339
482,0.09292766
483,2.01121728
484,2.43381414
485,0.21347369
486,2.17890192
487,1.97814317
488,0.10744669
489,1.12630742
490,0.65964406
491,0.97436414
492,0.96817390
493,1.00043557
494,0.02475539
495,0.68785668
496,0.73546485
497,1.64666829
498,1.76474887
499,1.90295828
500,1.61528584
501,2.26728792
502,1.41035863
503,0.79465552
504,0.10188896
505,1.84312221
506,1.42596221
507,0.41426698
508,1.29693200
509,2.39459723
510,1.53542720
511,0.78377055
512,2.04562944
513,1.00105658
514,0.03800564
515,0.20220139
516,2.43822443
517,0.23752350
518,1.98648966
519,0.07783787
520,1.07461983
521,0.71517547
522,0.87243284
523,0.23047283
524,1.01938321
525,1.92537222
526,1.33073458
527,0.33512787
528,2.04258935
529,2.20945387
530,1.15685775
531,0.91081353
532,0.04510789
533,0.17891453
534,0.95173093
535,0.28736650
536,2.45830624
537,1.63338886
538,0.79330095
539,1.48336040
540,0.42654143
541,2.32611789
542,1.26987847
543,1.77405826
544,0.46161231
545,1.20134884
546,1.81012907
547,0.98248989
548,0.16498084
549,1.18970187
550,2.08949824
551,1.17178115
552,2.48438384
553,1.41902662
554,2.23836119
555,0.08255642
556,1.60098222
557,1.29414274
558,0.90742884
559,2.28753699
560,0.23327751
561,1.23252081
562,0.77717829
563,2.43441226
564,1.98213052
565,0.50898099
566,0.32391065
567,0.06026753
568,0.45535780
569,2.35571938
570,2.21333473
571,2.02845184
572,1.01511283
573,1.22182183
574,1.45863030
575,2.05452481
576,0.01079783
577,0.45970690
578,1.47429816
579,0.35841192
580,2.37890422
581,0.11316195
582,2.46893343
583,0.54405889
584,0.49155858
585,1.07630653
586,1.61745170
587,2.48398215
588,1.20777956
589,2.27738866
590,2.25807974
591,2.49639763
592,0.91260358
593,1.20330753
594,0.05482173
595,0.97325616
596,0.89669986
597,0.31546420
598,2.11091273
599,0.70794889
600,0.33158047
601,0.29279946
602,0.06201163
603,1.91504354
604,1.34898133
605,1.32778020
606,1.04917777
607,2.44400806
608,0.95856436
609,1.20416102
610,1.74970889
611,2.35594077
612,2.17705420
613,2.23544594
614,0.46471782
615,2.39522013
616,2.08911949
617,0.83625812
618,2.04232400
619,2.41621293
620,1.88490000
621,1.87313201
622,2.12632122
623,2.22836011
624,1.98090143
625,0.19709470
626,0.52908403
627,0.30632910
628,1.18160102
629,0.16645389
630,1.39623044
631,2.34380354
632,2.48895222
633,0.09505622
634,1.73081573
635,0.36265137
636,2.18615787
637,0.07903679
638,0.26172265
639,0.82062004
640,0.01339395
641,1.67906216
642,0.52152667
643,1.82554570
644,2.40775803
645,1.19280330
646,1.19217454
647,2.52676945
648,0.79552221
649,2.24634364
650,1.80837914
651,0.02298246
652,0.75472477
653,1.82827853
654,0.11441639
655,2.17437737
656,2.31333271
657,1.92584201
658,2.05674796
659,1.51494187
660,2.05009890
661,1.18558494
662,1.03545043
663,1.78255505
664,1.17992249
665,0.78769784
666,0.67129650
667,1.10861098
668,0.96872711
669,1.91231468
670,1.98829288
671,2.02429556
672,2.14225353
673,0.91859678
674,0.93679706
675,2.12517477
676,0.45674651
677,1.77997428
678,1.33065139
679,1.69004495
680,1.76722922
681,1.69616907
682,0.59599982
683,0.05957709
684,2.41558203
685,2.27605538
686,1.27991225
687,1.67677896
688,0.23097798
689,1.16237730
690,1.49092252
691,1.77467173
692,0.55549493
693,0.23483590
694,2.43733849
695,2.15171868
696,0.45284781
697,2.08595441
698,2.05988794
699,0.46033398
700,2.04027753
701,0.96901795
702,0.84745172
703,0.40702949
704,1.49975171
705,1.55449829
706,1.29682928
707,0.25319892
708,2.01786227
709,0.80330589
710,0.67072576
711,1.62574958
712,0.46854887
713,2.30845550
714,1.64354456
715,2.00132720
716,0.86381209
717,1.08633155
718,0.63750197
719,0.63665111
720,1.05242781
721,1.99595177
722,1.27569503
723,2.11302554
724,0.28333967
725,0.73333888
726,0.09296644
727,2.31592029
728,0.15980909
729,1.37443568
730,1.70745560
731,0.51763007
732,2.48508406
733,2.48681940
734,0.60417905
735,0.35387990
736,1.64761831
737,1.30500746
738,1.53230616
739,1.56727995
740,2.42453000
741,1.94862591
742,0.79269459
743,1.89525748
744,1.13909316
745,2.47354193
746,1.21056313
747,0.02775466
748,2.32521743
749,0.70192214
750,2.08327921
751,1.55074296
752,1.88733493
753,1.87342396
754,2.29617327
755,2.11298385
756,1.63641207
757,0.82832519
758,1.25220961
759,0.70696755
760,0.85385546
761,1.16788593
762,1.07303296
763,0.73402793
764,0.77224803
765,0.78991840
766,0.48558170
767,1.47798079
768,0.23464016
769,0.62965319
770,0.43269062
771,1.79200837
772,0.71001857
773,0.25275085
774,2.08259192
775,1.11012777
776,2.03954774
777,0.81341473
778,0.87868587
779,1.41756240
780,0.17665812
781,2.47723100
782,0.33820727
783,2.31557611
784,1.67208568
785,1.93780495
786,0.53245304
787,2.26202667
788,1.35884088
789,1.04814566
790,0.48872605
791,0.43450343
792,2.18760072
793,2.45873754
794,1.06064640
795,1.83468708
796,1.77142017
797,1.25225804
798,1.21798586
799,1.40267788
800,0.87898212
801,1.89068187
802,1.05984812
803,1.27953707
804,0.46096556
805,2.47418770
806,0.19716224
807,1.81796210
808,1.67533449
809,0.87361020
810,2.47644772
811,0.09258017
812,0.69173500
813,0.85625778
814,1.62797452
815,1.49647686
816,1.80431571
817,2.18193952
818,0.04904790
819,1.42163850
820,1.01702339
821,1.74792254
822,1.33610231
823,0.88308842
824,0.01745465
825,0.78789397
826,1.13100037
827,0.85470545
828,0.96165646
829,1.65099074
830,0.85070786
831,2.15776512
832,0.91628749
833,1.10189025
834,1.09894175
835,2.29037968
836,1.53365156
837,2.44613232
838,0.01131239
839,2.42305139
840,0.49446428
841,2.27545811
842,0.11149027
843,2.17132172
844,1.60404089
845,1.73797291
846,0.99193980
847,0.98418534
848,0.39731383
849,0.35630039
850,1.58286445
851,0.86726660
852,0.07301215
853,0.42977166
854,0.43110693
855,0.49001943
856,1.15167199
857,2.30879313
858,1.47546824
859,1.87722243
860,0.26753782
861,1.75602112
862,2.19363777
863,2.52242853
864,1.80615831
865,1.53963716
866,2.43963592
867,0.32733176
868,2.01073393
869,1.82427698
870,1.84145920
871,0.89946830
872,0.20193951
873,0.35875441
874,1.71665056
875,0.79131241
876,2.40652915
877,0.30901397
878,2.06489042
879,1.21027475
880,0.74610339
881,0.64602117
882,0.89621378
883,0.93302341
884,0.57339640
885,0.55529897
886,2.46259609
887,1.06847015
888,1.57990413
889,1.78171036
890,0.84166084
891,2.37089561
892,0.74509307
893,0.48671158
894,0.11283736
895,0.66683943
896,0.15579836
897,1.59129073
898,1.45919467
899,0.05714914
900,2.40895451
901,1.84758616
902,1.39523064
903,2.39602678
904,1.34349116
905,0.44668460
906,1.97721242
907,2.42214005
908,0.15198410
909,1.27771802
910,0.57411767
911,2.29225846
912,0.24290553
913,2.04558989
914,0.52275040
915,1.62614274
916,1.75474645
917,1.92860958
918,0.13450332
919,1.22521583
920,0.31855468
921,0.32091232
922,0.41049616
923,0.37516900
924,2.37086494
925,1.42108495
926,0.64337209
927,1.23114882
928,0.13939531
929,0.54777808
930,1.59005805
931,1.76121475
932,1.56138366
933,2.49677580
934,2.48401932
935,2.11482488
936,1.18100505
937,1.91992339
938,0.63183237
939,2.19305556
940,0.61804461
941,2.51241253
942,0.03461020
943,2.01902789
944,1.26956991
945,2.06999413
946,1.32145574
947,2.11349078
948,1.79632624
949,1.62079890
950,2.41244289
951,0.29899152
952,2.34867932
953,1.32312064
954,1.79397006
955,1.69448503
956,0.99350274
957,1.33569858
958,2.46667620
959,1.23810147
960,2.32433784
961,0.02139404
962,1.45613033
963,1.74729053
964,1.00228056
965,0.20600750
966,2.00853136
967,1.90939927
968,0.96677847
969,0.24744275
970,2.12870164
971,1.96785427
972,2.11546630
973,2.07638862
974,0.66721076
975,1.58392706
976,1.18111717
977,0.98987494
978,1.04063335
979,1.70719434
980,2.53101428
981,1.19856724
982,0.92956055
983,1.59221799
984,1.59556292
985,1.03250728
986,1.63804814
987,1.66516612
988,1.89324013
989,0.42354666
990,1.65474808
991,1.05958338
992,2.22998514
993,1.56808197
994,2.05644827
995,2.05479195
996,0.54000981
997,0.19675125
998,1.92596946
999,0.14060994
1000,2.40433985
1001,1.75045849
1002,1.07353223
1003,1.69955739
1004,0.33466806
1005,1.61816012
1006,2.33318899
1007,0.00030761
1008,2.37884212
1009,0.78792755
1010,1.00652452
1011,2.38248020
1012,2.01995673
1013,0.97601731
1014,2.48402075
1015,0.08265543
1016,1.67485680
1017,1.29178163
1018,2.25034766
1019,0.04742046
1020,0.81551101
1021,1.21292233
1022,0.18583873
1023,1.63699256
1024,2.14939267
1025,2.29814256
1026,0.36552458
1027,1.28409330
1028,2.49777521
1029,0.18141916
1030,1.78749634
1031,0.72529012
1032,2.30390802
1033,1.54229279
1034,2.27277604
1035,0.12795058
1036,1.53559386
1037,1.06527830
1038,0.27354248
1039,1.03740248
1040,1.88039669
1041,1.47607529
1042,1.50592455
1043,0.70878829
1044,1.29065906
1045,1.13189084
1046,2.30760309
1047,2.22620338
1048,1.10913323
1049,1.27622769
1050,0.74212665
1051,1.43761605
1052,0.33059306
1053,2.44874235
1054,1.05093344
1055,0.02310820
1056,0.75304604
1057,2.40614078
1058,0.78675580
1059,0.98009797
1060,2.47183931
1061,1.99018381
1062,0.91419506
1063,0.41827901
1064,0.99071394
1065,0.94621513
1066,2.26862137
1067,1.36768407
1068,2.34513146
1069,2.50063831
1070,2.20510518
1071,1.03090876
1072,0.99041440
1073,1.38830933
1074,1.72249997
1075,2.15231211
1076,2.07300775
1077,0.79356747
1078,1.86619507
1079,0.95376896
1080,1.96918067
1081,0.03380670
1082,2.15217732
1083,1.77005033
1084,0.37191598
1085,0.63479503
1086,0.78916774
1087,1.30220446
1088,2.29657610
1089,2.46116343
1090,1.52872078
1091,0.27699517
1092,2.48089100
1093,2.43560133
1094,0.22345193
1095,1.68827072
1096,1.69014643
1097,1.67575711
1098,1.83878001
1099,0.01303011
1100,0.78295580
1101,0.85595175
1102,1.64643991
1103,0.24111999
1104,0.70088768
1105,0.44451766
1106,0.12003066
1107,1.20027328
1108,0.51776859
1109,1.22271836
1110,0.52283879
1111,2.00831275
1112,0.28308215
1113,1.95551714
1114,1.66726312
1115,0.40132696
1116,0.95969478
1117,0.96922064
1118,1.15323281
1119,1.71096524
1120,0.03777955
1121,0.41997942
1122,1.77136892
1123,0.23565902
1124,2.14066805
1125,0.93944904
1126,0.09201736
1127,1.94834758
1128,0.62144416
1129,2.53202353
1130,2.33954216
1131,2.24501080
1132,2.24119470
1133,0.18662011
1134,0.06769728
1135,1.01684928
1136,1.06630633
1137,1.03662075
1138,1.51332569
1139,1.98786488
1140,1.99898436
1141,2.35874090
1142,1.71545947
1143,2.22470718
1144,0.23138460
1145,0.06586813
1146,1.14492617
1147,2.23861171
1148,0.97751323
1149,0.28107999
1150,0.32019012
1151,0.58030291
1152,2.19014987
1153,0.85252715
1154,2.17880866
1155,2.38929517
1156,1.96426279
1157,2.34162189
1158,0.64712360
1159,0.49341374
1160,0.61312145
1161,0.04537566
1162,2.36029553
1163,0.52254541
1164,1.59756175
1165,0.72142313
1166,1.36922437
1167,1.10506353
1168,1.82812684
1169,0.50949198
1170,0.73208731
1171,0.35118158
1172,0.82371098
1173,2.11410706
1174,2.44337020
1175,0.03839862
1176,2.14317240
1177,1.86127784
1178,0.20080427
1179,0.40684856
1180,2.19447162
1181,0.49241837
1182,2.30267075
1183,1.36924155
1184,2.49620529
1185,1.27980247
1186,0.33248001
1187,1.53684331
1188,1.12932892
1189,0.17964890
1190,2.07558261
1191,2.28006489
1192,2.44446572
1193,1.63363431
1194,1.47887895
1195,0.49434483
1196,2.44485006
1197,1.86341852
1198,1.69519289
1199,1.76103216
1200,2.13417215
1201,0.87008658
1202,0.28341595
1203,2.51356283
1204,0.07987995
1205,0.68870142
1206,1.24736209
1207,0.10187263
1208,0.78669157
1209,2.20699494
1210,1.58589275
1211,1.48034257
1212,0.04629138
1213,1.08332745
1214,0.30926263
1215,0.98181324
1216,0.98554174
1217,1.07673604
1218,0.80126879
1219,1.98092243
1220,1.17473299
1221,2.30249007
1222,0.87249493
1223,0.36411292
1224,0.90055511
1225,2.21017223
1226,0.91020258
1227,2.08078522
1228,1.75732939
1229,0.65534632
1230,0.48517779
1231,0.28596225
1232,1.13947066
1233,1.76134795
1234,0.74550670
1235,2.42030092
1236,0.03612317
1237,1.99181394
1238,0.43112439
1239,2.53067848
1240,0.24935937
1241,2.33558547
1242,1.01814314
1243,0.72661150
1244,0.10347803
1245,0.55615674
1246,0.97186370
1247,2.37286906
1248,2.45382439
1249,0.20191723
1250,1.42502566
1251,0.08253203
1252,0.26312877
1253,1.56178243
1254,1.33593827
1255,2.28280927
1256,2.29157557
1257,0.40487671
1258,1.60731641
1259,2.04466224
1260,1.95896346
1261,1.43851514
1262,1.29902829
1263,1.44816430
1264,1.04766280
1265,1.43300484
1266,2.26100521
1267,0.88240204
1268,1.11750773
1269,1.11082281
1270,2.19731142
1271,0.62059272
1272,1.11427406
1273,1.90508989
1274,0.99470785
1275,2.16936950
1276,1.36371989
1277,0.25084993
1278,0.93000611
1279,0.37120333
1280,1.11411986
1281,0.92360588
1282,0.86058150
1283,2.10311339
1284,2.27541139
1285,1.91634005
1286,1.94274808
1287,2.26394119
1288,2.32682809
1289,0.44220574
1290,2.27564111
1291,0.40843577
1292,0.68943666
1293,2.00547800
1294,0.36273947
1295,2.44578942
1296,2.36259007
1297,0.00022166
1298,1.61367373
1299,2.34681639
1300,1.37038578
1301,1.36254019
1302,1.48796589
1303,1.40267277
1304,1.47501459
1305,1.72556975
1306,2.42474451
1307,0.20881721
1308,0.59370708
1309,0.01456671
1310,0.16948376
1311,0.51139736
1312,2.28745462
1313,0.79925895
1314,1.52445224
1315,0.79339491
1316,2.50488979
1317,0.48834570
1318,1.00126751
1319,0.93773889
1320,0.54181857
1321,0.18737311
1322,0.99134587
1323,0.51140793
1324,0.05953607
1325,2.24594339
1326,0.87012713
1327,0.02932961
1328,1.56257417
1329,1.21251446
1330,1.74886664
1331,0.91315821
1332,0.35550919
1333,1.62183045
1334,1.01024732
1335,2.22293780
1336,0.82831570
1337,0.56417713
1338,0.47150395
1339,0.64975639
1340,0.60478218
1341,1.32334322
1342,0.94377642
1343,2.45834003
1344,0.51706688
1345,2.38440914
1346,0.85148102
1347,1.22557045
1348,2.43267084
1349,1.97936989
1350,2.40070989
1351,1.36628758
1352,0.80607623
1353,1.71194029
1354,1.73736997
1355,0.10536001
1356,0.27163294
1357,2.39963704
1358,1.82812694
1359,2.08672627
1360,0.47664469
1361,2.47105536
1362,0.76307018
1363,0.35520808
1364,0.91111286
1365,0.89135416
1366,0.14768108
1367,2.14654055
1368,2.20655758
1369,0.50062701
1370,1.39684507
1371,2.20772827
1372,0.95862054
1373,1.29078684
1374,0.61879552
1375,1.18667866
1376,0.79199131
1377,2.09014267
1378,0.40364490
1379,0.08360905
1380,2.28413676
1381,0.43664106
1382,1.39267483
1383,1.79796789
1384,0.82868483
1385,2.35581582
1386,0.85680294
1387,0.49952036
1388,0.16567807
1389,2.28161173
1390,0.54782418
1391,2.27579167
1392,1.15719854
1393,2.36561626
1394,0.22031469
1395,2.16873627
1396,2.48337729
1397,1.80259970
1398,0.33889585
1399,2.52950009
1400,2.03168457
1401,0.53259492
1402,2.46090338
1403,0.21869811
1404,0.32922124
1405,0.03793371
1406,1.50205620
1407,1.02410310
1408,0.21741782
1409,1.25030769
1410,2.23394699
1411,0.23356874
1412,1.62004572
1413,0.42765066
1414,1.29518110
1415,0.86902449
1416,0.69944061
1417,0.03104517
1418,1.46673020
1419,1.12448828
1420,1.75309945
1421,0.46844901
1422,2.49424231
1423,0.05011708
1424,0.49681723
1425,1.62682724
1426,0.33978838
1427,0.66071091
1428,1.27224436
1429,1.91794393
1430,2.19214756
1431,0.80326737
1432,1.66785297
1433,0.05867328
1434,2.25845779
1435,1.70336034
1436,2.28786021
1437,0.53349001
1438,1.25942365
1439,1.88590252
1440,0.06402958
1441,2.13285768
1442,1.79479888
1443,1.99838032
1444,0.41208382
1445,1.97042374
1446,1.43774312
1447,0.38014766
1448,0.33479807
1449,2.17499136
1450,1.01050643
1451,0.68985364
1452,0.93374711
1453,1.73615760
1454,0.34578215
1455,0.41065198
1456,1.64734796
1457,2.26776134
1458,1.70374180
1459,2.39646414
1460,0.71783332
1461,0.89785717
1462,0.94515688
1463,0.90959270
1464,0.68135425
1465,2.01021047
1466,0.71840412
1467,1.05580988
1468,1.19783090
1469,2.52630407
1470,0.83535296
1471,1.75222348
1472,0.83084177
1473,2.02976319
1474,0.98306980
1475,0.05445878
1476,1.32646843
1477,0.85599446
1478,0.67126249
1479,0.74201947
1480,0.00492732
1481,1.85284963
1482,1.38885655
1483,1.61359112
1484,1.44413411
1485,0.96627407
1486,1.16321694
1487,1.20782261
1488,2.32659105
1489,0.88343747
1490,0.38652354
1491,0.21248485
1492,0.85521341
1493,1.45133250
1494,1.47707870
1495,1.84578683
1496,1.67208050
1497,0.21140507
1498,0.98823556
1499,0.93921964
1500,0.28621326
1501,1.49224421
1502,1.96430898
1503,0.10877247
1504,1.34386699
1505,0.30308473
1506,1.96874176
1507,1.41624303
1508,0.16717203
1509,1.30793970
1510,0.61101455
1511,0.52559229
1512,1.69185821
1513,1.02579527
1514,2.35375682
1515,2.32402983
1516,2.16367618
1517,1.04045430
1518,2.29418218
1519,0.18275269
1520,1.96717258
1521,0.91029910
1522,2.19518009
1523,0.07530718
1524,1.45858493
1525,0.17648692
1526,0.74712099
1527,1.43196821
1528,0.35234566
1529,1.76047143
1530,1.30028385
1531,0.56718910
1532,1.36403377
1533,1.13057261
1534,0.08534566
1535,1.79914111
1536,1.81210229
1537,2.30790593
1538,2.38764767
1539,0.93914512
1540,1.63077349
1541,1.54114853
1542,0.13284590
1543,1.83553636
1544,0.69112476
1545,1.07736046
1546,1.57385496
1547,1.27915849
1548,0.70990073
1549,2.21409296
1550,0.23784978
1551,1.52847923
1552,0.46880499
1553,2.34515786
1554,2.37462434
1555,1.80967590
1556,2.24202119
1557,1.94335911
1558,1.65864612
1559,1.89556716
1560,2.30948566
1561,0.54993757
1562,1.84930914
1563,0.45482228
1564,1.16879546
1565,0.86176329
1566,1.60722823
1567,1.62029893
1568,2.28815272
1569,2.12939503
1570,0.16519692
1571,0.43915078
1572,0.11347301
1573,1.80144096
1574,0.87801366
1575,2.47247891
1576,0.54345886
1577,2.42542999
1578,1.91839432
1579,1.93278537
1580,1.54076395
1581,2.24342386
1582,0.59420745
1583,2.20342060
1584,2.23368638
1585,1.53778957
1586,1.67701762
1587,0.58020077
1588,1.24587909
1589,1.48821021
1590,0.80165360
1591,0.10716627
1592,2.40798650
1593,2.04371040
1594,0.92596514
1595,1.34927634
1596,1.49889014
1597,2.42917508
1598,1.41609400
1599,1.83471368
1600,2.03660956
1601,0.25484530
1602,1.47542816
1603,2.35815474
1604,2.08945648
1605,2.33784480
1606,0.41155344
1607,1.97196468
1608,0.70751855
1609,2.22091063
1610,1.98878042
1611,0.95097056
1612,1.46904403
1613,1.19042225
1614,2.38709792
1615,1.40447106
1616,0.19665053
1617,1.35777089
1618,0.04869401
1619,0.34497080
1620,1.24471348
1621,1.17018436
1622,0.17491668
1623,0.86349466
1624,0.72784587
1625,0.72697951
1626,1.12345460
1627,0.08762975
1628,0.08272700
1629,0.59595328
1630,1.81644060
1631,2.37525279
1632,1.91518605
1633,0.19474603
1634,2.09180945
1635,2.07858987
1636,2.14052388
1637,1.84420206
1638,0.66180924
1639,1.25519329
1640,1.11576167
1641,0.08825237
1642,1.37065735
1643,0.67153931
1644,2.41519900
1645,1.69001769
1646,2.05344070
1647,0.08212414
1648,1.80550927
1649,2.03627748
1650,1.17044326
1651,0.64005271
1652,1.23453683
1653,1.39478330
1654,1.10014530
1655,0.80688026
1656,1.69566897
1657,2.26107576
1658,0.68065146
1659,2.23772859
1660,0.13926652
1661,1.74450587
1662,0.87330771
1663,1.33073791
1664,0.89934050
1665,0.20407770
1666,0.42122866
1667,2.50263517
1668,1.05496172
1669,2.40959982
1670,1.31781203
1671,2.27943034
1672,1.12807874
1673,2.51374685
1674,1.21088070
1675,0.65586380
1676,0.44589946
1677,0.18229939
1678,0.27888388
1679,1.72965347
1680,0.91988949
1681,2.21557640
1682,0.50176144
1683,2.36828321
1684,0.48236191
1685,0.68471219
1686,0.86178827
1687,0.66630658
1688,1.05236013
1689,2.03572396
1690,0.18067476
1691,0.61886624
1692,0.13474453
1693,1.96588430
1694,0.30357358
1695,1.29223779
1696,2.20183150
1697,0.80113190
1698,0.29328912
1699,0.67566139
1700,2.38281398
1701,0.24103865
1702,2.19085090
1703,0.30573019
1704,0.41453086
1705,1.95796094
1706,1.62172233
1707,0.81333453
1708,1.78033794
1709,0.37519958
1710,2.23462258
1711,1.45990860
1712,2.39929195
1713,1.51131787
1714,1.45011155
1715,2.17558701
1716,1.47803537
1717,0.21993607
1718,1.55146157
1719,0.74445527
1720,1.61756239
1721,2.53090583
1722,1.54688806
1723,2.11425697
1724,0.89840999
1725,0.02969252
1726,0.11870254
1727,0.04643728
1728,0.55249535
1729,0.68644022
1730,0.81523233
1731,1.65929960
1732,1.89904926
1733,1.94942707
1734,1.90683405
1735,2.16795805
1736,1.82869755
1737,1.16402666
1738,1.04781161
1739,0.20664001
1740,0.03384463
1741,2.17331877
1742,0.37702493
1743,2.19168739
1744,1.01290452
1745,0.15194885
1746,2.10216747
1747,1.81166684
1748,2.52984508
1749,1.37397103
1750,2.35848634
1751,1.28388528
1752,0.66319623
1753,1.01704719
1754,1.67343028
1755,2.25638260
1756,2.06950964
1757,2.35980512
1758,1.36183699
1759,1.16863059
1760,1.33227799
1761,2.36640102
1762,0.92868167
1763,0.15299974
1764,0.99391045
1765,1.64760705
1766,2.11193606
1767,2.39114622
1768,1.74340444
1769,2.06237055
1770,2.06007626
1771,2.05096940
1772,1.51999311
1773,2.39602163
1774,2.26061535
1775,0.01962570
1776,0.30769800
1777,2.51618912
1778,1.68976795
1779,0.35521825
1780,2.30994197
1781,0.22629716
1782,1.36363580
1783,0.98284615
1784,0.73139816
1785,0.60647992
1786,0.21990067
1787,0.95641687
1788,0.25412665
1789,1.58281922
1790,0.81526267
1791,1.94473318
1792,2.37735804
1793,2.24915048
1794,1.87523955
1795,1.97912308
1796,0.23340196
1797,2.46546483
1798,1.46099432
1799,1.37725534
1800,1.70924731
1801,0.47522514
1802,1.19173975
1803,0.30913735
1804,2.32972473
1805,1.26742043
1806,0.33591904
1807,2.45922157
1808,1.47266786
1809,1.91496586
1810,2.03666852
1811,1.76479641
1812,1.12498871
1813,0.71107130
1814,0.13069661
1815,1.58223268
1816,0.27920336
1817,0.93636256
1818,2.25579083
1819,2.29252421
1820,2.08451891
1821,0.48995931
1822,2.38752205
1823,0.35519083
1824,2.32884334
1825,1.89872548
1826,2.46172936
1827,2.49566042
1828,1.33144967
1829,0.79161684
1830,2.32864421
1831,0.79498587
1832,0.84360160
1833,1.44280410
1834,0.35950172
1835,1.15651810
1836,0.34922472
1837,1.14894887
1838,2.30066656
1839,2.33354054
1840,2.43011784
1841,1.83872639
1842,1.89297693
1843,1.08310034
1844,2.26856335
1845,0.34008522
1846,0.42223795
1847,0.29990389
1848,1.03569006
1849,0.15171950
1850,1.78453747
1851,0.46340407
1852,1.74793686
1853,1.42916729
1854,1.75413344
1855,1.78124893
1856,1.99362533
1857,1.21443053
1858,1.44671140
1859,0.63576167
1860,1.27070275
1861,0.22702893
1862,2.42067509
1863,2.35597770
1864,0.18656239
1865,0.02748067
1866,1.00177194
1867,1.33579767
1868,1.21511020
1869,0.85574501
1870,1.57836424
1871,1.01572058
1872,1.02948663
1873,0.08201468
1874,1.50446571
1875,0.21052498
1876,2.17622460
1877,1.21061573
1878,0.89903049
1879,1.67646856
1880,2.24526180
1881,0.42785453
1882,1.01767646
1883,2.46883637
1884,2.19070892
1885,0.99163280
1886,0.91852624
1887,2.06898470
1888,0.21357410
1889,0.30102353
1890,1.44813841
1891,1.44120605
1892,1.44373515
1893,1.94023049
1894,2.23480120
1895,1.01410769
1896,0.82627114
1897,2.15449973
1898,0.62075790
1899,2.21907976
1900,1.79295432
1901,2.14694925
1902,1.61559713
1903,0.26922046
1904,1.81246325
1905,1.25823318
1906,0.46591219
1907,0.25888828
1908,0.66676981
1909,0.31799568
1910,0.34400653
1911,2.13906277
1912,2.41054587
1913,2.52257891
1914,1.41853070
1915,1.43530509
1916,0.15104507
1917,0.30060834
1918,1.95359571
1919,1.44767078
1920,1.43699351
1921,1.91020573
1922,2.06217185
1923,1.80095736
1924,0.02744021
1925,1.37921443
1926,2.11868143
1927,2.07836411
1928,2.40619835
1929,1.31707539
1930,1.32422883
1931,0.06267960
1932,1.30025343
1933,1.42992247
1934,2.32764903
1935,2.24390285
1936,0.15834210
1937,0.35976692
1938,0.96975733
1939,1.97774707
1940,0.42152072
1941,1.96278170
1942,1.50327417
1943,2.22519110
1944,0.86818125
1945,1.02035077
1946,0.15269748
1947,1.31361987
1948,1.96421623
1949,1.30151097
1950,1.32229538
1951,2.32093854
1952,1.94415842
1953,0.79698392
1954,2.39569521
1955,1.83793309
1956,0.76346334
1957,0.53593831
1958,1.71334747
1959,1.28549775
1960,1.51870887
1961,0.32781623
1962,1.94182075
1963,2.18328204
1964,1.06459601
1965,0.77254208
1966,2.47214285
1967,2.47207794
1968,0.31629092
1969,1.37081247
1970,1.10780690
1971,0.71053297
1972,1.31594636
1973,1.69421368
1974,0.92960216
1975,0.77978737
1976,2.18922079
1977,1.66821089
1978,0.77444392
1979,0.39605033
1980,0.97564080
1981,2.38144844
1982,2.10639473
1983,0.53262408
1984,1.53684649
1985,0.01321397
1986,2.30033955
1987,2.38894374
1988,0.54897544
1989,0.86880721
1990,0.76357864
1991,0.47188804
1992,1.73307024
1993,0.95550910
1994,0.01274580
1995,0.55686327
1996,1.67606369
1997,1.77932913
1998,0.04197631
1999,1.39461676
2000,1.61971041
2001,1.61507901
2002,1.65188450
2003,1.97855271
2004,0.85004949
2005,2.15792975
2006,1.11982860
2007,0.15338716
2008,1.65180521
2009,0.86894446
2010,1.61062387
2011,0.94647886
2012,1.26253629
2013,1.40828210
2014,1.79548458
2015,0.75138034
2016,1.69840488
2017,0.59080647
2018,2.00592511
2019,0.58658931
2020,0.18221864
2021,0.09733945
2022,1.51787783
2023,0.81925667
2024,1.45697782
2025,0.78793275
2026,1.11453162
2027,2.20655098
2028,2.34189518
2029,0.10929748
2030,2.40443827
2031,1.28021525
2032,1.87551523
2033,2.35707812
2034,0.47770222
2035,0.96888872
2036,2.24959957
2037,1.31699255
2038,2.27576883
2039,2.12496345
2040,2.53202548
2041,1.67561447
2042,0.16995798
2043,2.28891592
2044,0.46933356
2045,0.39746265
2046,0.93564099
2047,0.52476848
2048,0.35370943
2049,1.61823838
2050,2.30758139
2051,0.66852224
2052,0.94847012
2053,1.62605627
2054,0.76065382
2055,1.25076658
2056,2.31451247
2057,0.29673001
2058,1.35602001
2059,0.54035502
2060,1.96093948
2061,0.52790703
2062,2.05595813
2063,1.02165892
2064,2.36029133
2065,0.92026506
2066,1.25019473
2067,0.27056065
2068,0.70301936
2069,1.05370503
2070,2.26398324
2071,1.48711978
2072,2.05303417
2073,2.16404614
2074,0.22853716
2075,0.79847389
2076,2.11034662
2077,1.91632104
2078,1.43024456
2079,1.02405181
2080,1.26498130
2081,0.03772536
2082,0.32615638
2083,0.90244754
2084,0.35532478
2085,0.58406147
2086,2.04512803
2087,1.94789902
2088,1.85331691
2089,1.43619361
2090,2.33742910
2091,0.58252600
2092,1.57335731
2093,1.06704299
2094,2.38862058
2095,0.87099869
2096,0.60412254
2097,1.94750481
2098,2.05462752
2099,1.82271538
2100,1.98656133
2101,0.48683436
2102,1.53397564
2103,1.36204454
2104,2.30636563
2105,1.00771361
2106,0.62303563
2107,0.77953382
2108,1.29855516
2109,2.49329084
2110,1.76982771
2111,1.82591382
2112,1.18373549
2113,1.00585526
2114,2.36203835
2115,1.14236980
2116,0.31818912
2117,1.97797509
2118,0.51171191
2119,0.98927082
2120,1.55206094
2121,2.10964960
2122,0.01725715
2123,1.65351715
2124,0.34544779
2125,1.60065558
2126,1.53384649
2127,1.30958855
2128,1.08112405
2129,1.37156781
2130,2.42699781
2131,0.89310847
2132,1.19526094
2133,0.37365741
2134,0.98524163
2135,0.13119301
2136,2.30635820
2137,0.87562483
2138,2.37766328
2139,0.34261984
2140,1.67730136
2141,1.52796836
2142,1.67660359
2143,2.01620298
2144,0.18921172
2145,1.87470093
2146,0.06610076
2147,0.76434728
2148,2.14868576
2149,1.44630553
2150,2.36071848
2151,2.18587105
2152,1.07326740
2153,0.71391781
2154,0.51658103
2155,0.10724226
2156,1.81642702
2157,2.04395749
2158,0.12095866
2159,1.24678019
2160,2.10666026
2161,1.62153554
2162,1.05644624
2163,2.40747882
2164,1.07196587
2165,0.79198935
2166,1.26088664
2167,0.87946616
2168,0.99429111
2169,1.26024962
2170,0.19650759
2171,1.53036232
2172,1.47717791
2173,1.80435699
2174,0.61600081
2175,0.10386279
2176,1.79495314
2177,0.93553837
2178,1.51534645
2179,0.68664824
2180,0.88362120
2181,0.66682988
2182,1.24928121
2183,1.64262351
2184,0.59690919
2185,0.80151280
2186,1.17258525
2187,1.76597280
2188,0.93605727
2189,0.15782250
2190,1.31582886
2191,1.15177510
2192,2.52812326
2193,1.47112245
2194,0.11712328
2195,1.63266866
2196,0.21009776
2197,0.94449291
2198,0.08899051
2199,1.52356220
2200,0.43816181
2201,2.39447191
2202,0.49038347
2203,2.45490023
2204,2.31722167
2205,1.31352187
2206,1.17704278
2207,0.98658899
2208,1.89932903
2209,0.47656959
2210,0.89892891
2211,0.14883626
2212,1.08362000
2213,0.48522532
2214,2.33178250
2215,1.14248046
2216,0.56505132
2217,0.69389140
2218,0.45197129
2219,0.22569378
2220,0.13508950
2221,1.81686963
2222,0.26598879
2223,2.13419268
2224,2.45389569
2225,2.31858252
2226,0.44779090
2227,2.01079132
2228,1.51483893
2229,2.39822876
2230,0.74345269
2231,1.53485711
2232,1.56242926
2233,0.48095161
2234,1.52209058
2235,1.83894358
2236,2.04592965
2237,2.17014574
2238,0.06741435
2239,1.92349383
2240,0.82263968
2241,1.94099222
2242,0.38353910
2243,0.95382234
2244,1.03008425
2245,1.76356864
2246,1.56150586
2247,2.06346383
2248,0.01533436
2249,0.72123374
2250,1.86613436
2251,0.60733762
2252,2.13946219
2253,0.78731771
2254,1.69134030
2255,0.14005165
2256,2.32323952
2257,0.28512749
2258,1.04271221
2259,0.98712501
2260,0.76947278
2261,1.35934328
2262,1.33028649
2263,2.01392537
2264,2.46500518
2265,2.03047579
2266,1.83430543
2267,0.50163495
2268,0.53818404
2269,0.03154157
2270,0.23571181
2271,1.98511772
2272,0.14421613
2273,0.68333271
2274,0.97212700
2275,0.39860019
2276,0.86122344
2277,0.63959268
2278,1.03758706
2279,0.45270078
2280,0.06495605
2281,2.30420289
2282,1.88333365
2283,1.95293820
2284,0.64591971
2285,2.38266237
2286,2.11292195
2287,1.03560794
2288,0.73394233
2289,2.01094502
2290,0.05283202
2291,1.45149915
2292,2.20071408
2293,2.31370546
2294,2.34431189
2295,1.08725211
2296,0.03980409
2297,0.88673282
2298,0.68551262
2299,1.46674601
2300,1.83851561
2301,2.48490823
2302,0.80939977
2303,0.92015089
2304,0.21922099
2305,2.11229213
2306,1.26449434
2307,0.59127063
2308,1.27483770
2309,1.22924888
2310,2.07260892
2311,0.58210163
2312,1.28534298
2313,1.12820685
2314,0.25444920
2315,0.34999214
2316,0.61051081
2317,1.10234877
2318,1.40860474
2319,1.88981842
2320,2.30784481
2321,0.23210628
2322,2.46880927
2323,1.04632430
2324,1.97956084
2325,0.84230444
2326,1.85158388
2327,1.73842262
2328,0.04873729
2329,2.21023618
2330,0.11096453
2331,1.24888182
2332,0.55095376
2333,1.50039903
2334,0.46165292
2335,1.54464087
2336,1.95235192
2337,1.50535600
2338,2.12411107
2339,0.96733261
2340,1.69516927
2341,1.13470398
2342,2.32140295
2343,0.24083703
2344,2.20496513
2345,0.03404736
2346,2.16930584
2347,0.21635170
2348,1.76769530
2349,0.25761764
2350,1.97887238
2351,0.56439215
2352,0.17829272
2353,2.20627723
2354,1.46192203
2355,2.14873834
2356,2.00830967
2357,0.23908862
2358,0.24424326
2359,1.81272495
2360,2.14454368
2361,0.45728595
2362,2.24901352
2363,0.06682592
2364,1.94886187
2365,1.59133317
2366,0.97655354
2367,0.96933851
2368,0.77992892
2369,1.20599607
2370,1.26876517
2371,0.41864128
2372,0.03426380
2373,1.33609538
2374,0.48308021
2375,0.24934822
2376,0.63973948
2377,0.36633560
2378,2.19406652
2379,0.73676228
2380,1.64244494
2381,0.02474976
2382,1.67668658
2383,2.41992837
2384,1.91465264
2385,1.93687552
2386,1.05946340
2387,1.21044588
2388,2.28598443
2389,0.60024196
2390,1.28193069
2391,1.84902062
2392,0.85592596
2393,1.19683258
2394,0.08974480
2395,1.72999526
2396,0.42393119
2397,0.65628124
2398,0.57035631
2399,1.82108987
2400,1.01263311
2401,2.52027956
2402,2.02693568
2403,2.34205187
2404,1.74239833
2405,0.58322051
2406,0.82105657
2407,0.92207687
2408,0.51346228
2409,1.18347353
2410,2.00598179
2411,1.32330463
2412,0.42159574
2413,1.85816258
2414,2.44736004
2415,1.20330472
2416,0.35927243
2417,1.85222660
2418,1.36705411
2419,2.04935067
2420,1.53586275
2421,2.21104078
2422,0.03642419
2423,1.64944288
2424,1.52577431
2425,1.97486698
2426,0.55460591
2427,1.48449442
2428,0.67744870
2429,1.91384614
2430,0.20210380
2431,0.39966948
2432,2.39694149
2433,1.87060922
2434,0.63924558
2435,0.79180208
2436,1.10056497
2437,0.59197467
2438,0.35567359
2439,2.45941934
2440,0.53702854
2441,1.89675459
2442,1.82120685
2443,1.86547707
2444,0.76835388
2445,0.56390090
2446,1.56357914
2447,2.52415706
2448,0.98565924
2449,0.55403309
2450,1.28854144
2451,0.48141912
2452,0.87989282
2453,1.86445828
2454,0.61484570
2455,1.13674427
2456,1.63188640
2457,0.40372707
2458,0.36631082
2459,2.44666162
2460,2.20056875
2461,2.24361579
2462,1.45147206
2463,1.27904905
2464,0.27576515
2465,0.60881121
2466,0.28511526
2467,1.34973651
2468,1.10482118
2469,0.43771757
2470,0.25064708
2471,1.45641942
2472,0.35788765
2473,0.03264547
2474,0.57197219
2475,2.03610448
2476,1.66769648
2477,1.31143394
2478,0.57144989
2479,1.18559563
2480,0.02512999
2481,0.82484676
2482,1.21564810
2483,0.23243828
2484,1.47083829
2485,1.12215537
2486,0.13727142
2487,0.37319943
2488,1.23835303
2489,2.27471294
2490,0.14427473
2491,1.42559969
2492,0.72123696
2493,0.98482742
2494,2.33893943
2495,1.59692281
2496,0.72085384
2497,1.14559085
2498,2.48839280
2499,2.19938582
2500,1.07964505
2501,1.34327081
2502,1.16226136
2503,0.38178791
2504,2.45398783
2505,0.58107039
2506,0.55571503
2507,0.27996973
2508,2.38818936
2509,2.31974473
2510,1.61537316
2511,1.34051453
2512,1.47339544
2513,0.93924283
2514,2.25654057
2515,1.41332288
2516,2.17033853
2517,1.76117804
2518,1.72167360
2519,1.70179426
2520,1.96752818
2521,2.06256213
2522,1.73231130
2523,0.81338230
2524,0.66745421
2525,0.49685963
2526,2.17061876
2527,1.23185925
2528,0.00083339
2529,1.51910488
2530,2.18987816
2531,2.32951066
2532,2.37996987
2533,2.20274718
2534,0.44812413
2535,1.30760826
2536,1.79635529
2537,1.63116412
2538,0.90930608
2539,0.09434169
2540,2.26498226
2541,1.97305079
2542,2.19601765
2543,0.97761023
2544,0.62901133
2545,2.14072467
2546,1.65984578
2547,1.69195408
2548,0.08698682
2549,0.27183453
2550,1.95098016
2551,2.24051521
2552,0.89638690
2553,2.21165460
2554,0.45438446
2555,1.47040427
2556,0.88560337
2557,1.35381465
2558,0.49881383
2559,0.97120046
2560,1.17083899
2561,1.46922331
2562,0.51982780
2563,1.53538759
2564,0.53713566
2565,2.47536450
2566,0.61201419
2567,0.27799474
2568,0.68755114
2569,1.44051813
2570,1.13149540
2571,1.67209033
2572,0.27853559
2573,1.04613489
2574,1.41003722
2575,2.47153374
2576,2.24786376
2577,1.44957254
2578,0.76171145
2579,0.29118872
2580,1.60366477
2581,1.42837794
2582,1.20262685
2583,1.82633312
2584,1.17999381
2585,1.97585132
2586,0.73168758
2587,0.83028421
2588,2.31348590
2589,1.46832236
2590,2.42155024
2591,0.15587470
2592,2.34507166
2593,0.14549994
2594,1.89621602
2595,1.46851172
2596,0.30791244
2597,0.76811592
2598,1.21664272
2599,1.41522482
2600,1.23674977
2601,0.06901373
2602,2.52203558
2603,0.89296673
2604,1.83243852
2605,2.35533063
2606,2.47061023
2607,0.46572248
2608,2.26249035
2609,1.30022968
2610,1.66133927
2611,0.62375429
2612,0.36539840
2613,1.46875443
2614,2.29021112
2615,1.06157714
2616,2.41687953
2617,1.78960435
2618,0.04757517
2619,2.36816775
2620,0.28503365
2621,0.56283824
2622,1.42721814
2623,2.38251212
2624,0.34187956
2625,0.75469001
2626,0.11561228
2627,0.22287821
2628,1.09231186
2629,1.46007344
2630,1.29592699
2631,0.12029712
2632,1.08748602
2633,1.12578443
2634,2.37133614
2635,0.83029149
2636,1.60651033
2637,1.23716291
2638,1.97358643
2639,1.53198654
2640,2.51583706
2641,1.61542089
2642,0.86649678
2643,1.06589170
2644,2.17078449
2645,0.93349077
2646,2.34998013
2647,1.11714236
2648,2.39169949
2649,0.38120970
2650,1.98812015
2651,1.12744361
2652,0.57516186
2653,1.49706047
2654,0.15104137
2655,0.50682935
2656,2.14842717
2657,1.32821362
2658,0.85768268
2659,0.36597880
2660,0.40674074
2661,0.58299544
2662,1.16810032
2663,0.05086346
2664,0.52026619
2665,1.08561408
2666,2.23815022
2667,2.19499317
2668,2.37105446
2669,0.57074764
2670,0.31502099
2671,2.15330894
2672,1.77169347
2673,0.62511830
2674,1.09864207
2675,2.34461853
2676,2.07151891
2677,2.37424754
2678,1.25242625
2679,0.48838277
2680,1.36683696
2681,0.28754288
2682,0.29681271
2683,0.23069170
2684,0.63888539
2685,0.41562444
2686,0.65355647
2687,1.76265976
2688,1.70475799
2689,0.06532714
2690,2.17817038
2691,2.07928386
2692,2.39441054
2693,0.55265701
2694,1.85157512
2695,1.41238320
2696,1.79171237
2697,2.29073554
2698,0.20589221
2699,2.13326222
2700,2.17773040
2701,1.63561954
2702,1.01832784
2703,1.37233853
2704,0.35607503
2705,1.88887952
2706,1.39775365
2707,1.45840566
2708,1.79848808
2709,0.25650794
2710,0.12017790
2711,0.30182852
2712,0.20291248
2713,2.03271217
2714,0.33570457
2715,0.95583812
2716,1.66546254
2717,0.65394156
2718,2.31188241
2719,2.31745193
2720,0.99083272
2721,1.48754660
2722,1.99236549
2723,2.48937169
2724,1.75673082
2725,1.14042979
2726,0.10995600
2727,1.62747862
2728,1.67165762
2729,1.75826825
2730,0.88262830
2731,2.18483528
2732,1.50261637
2733,0.96414066
2734,0.61673395
2735,0.07752036
2736,1.80525360
2737,0.80105833
2738,2.16546061
2739,0.81631219
2740,0.77567682
2741,1.98734018
2742,0.96382338
2743,2.49992642
2744,1.43414868
2745,2.37706228
2746,0.30870242
2747,0.11802542
2748,0.03395180
2749,2.22146982
2750,1.20917724
2751,1.86013804
2752,1.33192522
2753,2.45317648
2754,2.05385550
2755,1.21575573
2756,0.45861370
2757,0.97430227
2758,0.99044074
2759,0.91262108
2760,1.81204120
2761,2.12191318
2762,2.10454970
2763,0.49912834
2764,0.42730790
2765,1.70025354
2766,1.85914368
2767,1.98737979
2768,2.29154166
2769,0.85224559
2770,0.17216835
2771,0.93820304
2772,0.82169344
2773,0.27944736
2774,1.72295634
2775,1.29648917
2776,1.58157733
2777,2.20428383
2778,1.46019612
2779,2.25015249
2780,2.06422324
2781,1.33830566
2782,1.57036658
2783,1.19262549
2784,0.98294179
2785,1.85449397
2786,1.52415163
2787,0.93764226
2788,1.65548185
2789,1.35837351
2790,0.28217971
2791,1.88902955
2792,1.25940156
2793,2.35403338
2794,2.27992333
2795,0.28839059
2796,0.67479553
2797,1.76632987
2798,0.50797606
2799,2.08998240
2800,1.70792512
2801,2.41039360
2802,0.89087119
2803,1.74492017
2804,1.52688287
2805,1.72865455
2806,2.40439901
2807,0.89363250
2808,0.58679307
2809,2.04048024
2810,0.38330186
2811,1.39804179
2812,2.34825345
2813,2.14738862
2814,1.75322645
2815,0.03568337
2816,2.48493141
2817,1.14756103
2818,0.73796357
2819,0.17035004
2820,0.36576416
2821,0.11559058
2822,1.41987783
2823,0.96555512
2824,0.74645621
2825,2.07495855
2826,0.20291193
2827,1.07005941
2828,2.03663288
2829,2.10445896
2830,1.79814689
2831,1.32887463
2832,0.40318721
2833,1.00243369
2834,1.84873312
2835,1.97993148
2836,1.54768427
2837,2.27893868
2838,1.43171241
2839,2.14933887
2840,2.29407820
2841,0.42612823
2842,0.36962873
2843,2.50509418
2844,0.75065794
2845,1.13712010
2846,1.07431700
2847,2.15110023
2848,0.03168323
2849,1.24437052
2850,1.17073615
2851,0.24967663
2852,1.13154329
2853,2.21696657
2854,0.13054256
2855,0.63472000
2856,1.54124105
2857,1.37763134
2858,1.92681831
2859,0.86775896
2860,0.31225087
2861,0.93842804
2862,2.10564291
2863,1.10476535
2864,1.00582129
2865,1.98259296
2866,1.48450749
2867,0.34687367
2868,0.96480035
2869,2.30546929
2870,0.07423429
2871,1.93283854
2872,0.78195051
2873,1.89799419
2874,0.41706427
2875,1.66383060
2876,2.18073880
2877,0.16763632
2878,2.42739841
2879,0.26975078
2880,0.03390796
2881,2.08600789
2882,1.30008206
2883,0.08887948
2884,1.66167285
2885,1.28941946
2886,2.52279273
2887,2.47525862
2888,2.22832459
2889,1.32652816
2890,2.07592340
2891,1.86756942
2892,0.69106456
2893,1.89598324
2894,0.74998132
2895,1.06554522
2896,0.20254515
2897,0.34681167
2898,1.27114880
2899,2.12460382
2900,2.01388449
2901,0.39771737
2902,1.37577486
2903,0.77756702
2904,0.51945119
2905,0.92801414
2906,1.72422723
2907,2.34628940
2908,0.24682091
2909,0.74319264
2910,1.89717478
2911,1.26233390
2912,0.98353297
2913,2.03270726
2914,0.04589765
2915,2.39974817
2916,0.69002357
2917,2.14741449
2918,2.11693485
2919,2.12449724
2920,1.56988611
2921,1.64546598
2922,0.12205793
2923,1.08302936
2924,1.58581695
2925,0.69232601
2926,1.72739883
2927,1.40087727
2928,1.69250017
2929,2.17121351
2930,0.84775924
2931,1.58391793
2932,0.12430589
2933,2.02219955
2934,2.06706878
2935,1.74498644
2936,1.75295925
2937,1.42151028
2938,0.82486595
2939,2.02100221
2940,0.33381953
2941,1.47495793
2942,0.27345255
2943,1.89022389
2944,1.27278939
2945,1.60628285
2946,0.43203875
2947,1.05535357
2948,1.67431945
2949,1.11842450
2950,1.83468346
2951,0.21507687
2952,0.90852310
2953,0.27377919
2954,1.87352787
2955,1.00080081
2956,1.89695561
2957,1.91769131
2958,0.09577657
2959,1.57516415
2960,2.03961278
2961,2.32157349
2962,0.22474148
2963,0.23367319
2964,1.12524978
2965,1.90278795
2966,0.28303813
2967,2.52788934
2968,1.80601721
2969,0.03653596
2970,1.88633280
2971,1.09029483
2972,0.44506480
2973,1.68094526
2974,1.81336098
2975,1.57527976
2976,0.64193405
2977,0.46140623
2978,0.15185832
2979,0.42494381
2980,0.91354270
2981,0.85593302
2982,0.17713133
2983,2.14159489
2984,0.47395275
2985,0.20361870
2986,0.52939395
2987,1.12064387
2988,1.58315047
2989,0.20640157
2990,0.38326596
2991,0.06709718
2992,1.00980008
2993,2.53404905
2994,1.98106735
2995,2.16245266
2996,2.31753369
2997,0.56050483
2998,1.64131532
2999,1.05683257
3000,0.92092164
3001,1.92308954
3002,1.42515381
3003,1.57828012
3004,0.68600242
3005,2.38360025
3006,1.66346430
3007,1.59663730
3008,1.92610572
3009,2.31660710
3010,0.44561175
3011,0.66949092
3012,2.46578640
3013,1.70896733
3014,2.25294438
3015,0.84049356
3016,2.50188557
3017,1.09391506
3018,2.04036146
3019,2.31093881
3020,1.31110115
3021,1.05672247
3022,1.26252946
3023,0.32700545
3024,0.18158804
3025,2.39691693
3026,1.65387868
3027,0.21343771
3028,1.49565499
3029,0.63078578
3030,2.12986262
3031,0.91039717
3032,0.04428257
3033,1.68754804
3034,2.52158543
3035,1.86898862
3036,2.43788093
3037,0.25898120
3038,0.73952502
3039,1.96716542
3040,1.17228264
3041,0.45198643
3042,0.86917182
3043,0.72365616
3044,1.78394024
3045,1.95942400
3046,1.86523271
3047,1.69372792
3048,1.89617495
3049,2.34069635
3050,0.66907805
3051,0.70599480
3052,2.48971526
3053,2.23283244
3054,1.68517528
3055,2.01219694
3056,1.63062066
3057,0.78186289
3058,1.43351149
3059,0.61913835
3060,0.24972952
3061,0.85948784
3062,2.05022091
3063,0.35237561
3064,0.11557024
3065,0.59721165
3066,1.98907630
3067,2.23824096
3068,0.69406574
3069,2.43560206
3070,1.21153899
3071,1.74143365
3072,1.69342190
3073,1.12732857
3074,2.13322148
3075,2.27533594
3076,1.19551680
3077,0.76275422
3078,2.37553726
3079,1.77436357
3080,0.92204689
3081,0.41553459
3082,1.00063271
3083,1.12569342
3084,2.06359237
3085,1.77968900
3086,1.29402574
3087,2.30247228
3088,1.48332077
3089,2.19012489
3090,0.16347533
3091,0.20227511
3092,2.17966563
3093,1.86436126
3094,0.65712985
3095,0.30550101
3096,0.18171359
3097,0.81125023
3098,2.24579479
3099,0.48641889
3100,0.63148340
3101,2.10853362
3102,0.46906398
3103,0.60655898
3104,1.89282410
3105,2.17168384
3106,2.38915537
3107,0.11369584
3108,0.83589219
3109,1.54864503
3110,0.84152123
3111,1.87952175
3112,0.57146502
3113,1.53303246
3114,0.41105482
3115,0.38161480
3116,2.02278027
3117,1.59144794
3118,1.43941991
3119,0.95331029
3120,1.70750618
3121,2.41527709
3122,0.95074081
3123,0.12025394
3124,0.65347969
3125,1.98013318
3126,0.75449418
3127,1.91307881
3128,0.51675485
3129,1.51246408
3130,0.92717564
3131,1.35120508
3132,0.94996288
3133,1.50480314
3134,1.87439019
3135,1.77709332
3136,1.09125166
3137,0.09378893
3138,2.09746382
3139,0.27050267
3140,0.96178026
3141,2.00015881
3142,2.48389800
3143,1.84232804
3144,0.28917240
3145,2.44644195
3146,0.12019565
3147,0.09304575
3148,1.86548122
3149,2.32956818
3150,1.62373241
3151,2.22013735
3152,1.64258127
3153,0.21459162
3154,1.57035879
3155,1.94284398
3156,1.25265858
3157,1.80197980
3158,1.18675593
3159,0.26053029
3160,2.18616750
3161,0.52397466
3162,0.51912228
3163,0.32826274
3164,0.87826708
3165,1.01959553
3166,0.50333353
3167,0.41325289
3168,1.14423893
3169,0.03089604
3170,1.24716226
3171,0.27134311
3172,0.33880425
3173,0.30404882
3174,2.14692620
3175,2.06812433
3176,2.49695913
3177,2.04307984
3178,1.28306311
3179,0.99796958
3180,1.48285966
3181,1.59751738
3182,2.50674414
3183,0.84996429
3184,2.29099621
3185,2.41124240
3186,2.42051050
3187,1.58679771
3188,1.55960479
3189,2.52655556
3190,1.04975628
3191,1.96763846
3192,0.20302418
3193,0.60460678
3194,1.27752782
3195,1.86690407
3196,0.45370859
3197,2.07733528
3198,1.45744037
3199,0.34431046
3200,0.09812893
3201,1.00959102
3202,2.08416302
3203,2.47664966
3204,1.92651036
3205,0.57062376
3206,2.27512645
3207,0.39595914
3208,1.00672513
3209,1.69555495
3210,0.85717303
3211,0.83412645
3212,1.09809750
3213,2.29301803
3214,1.18736206
3215,0.22164852
3216,0.90227926
3217,1.48606853
3218,1.37154277
3219,2.42412227
3220,1.28961473
3221,2.00425810
3222,1.90237870
3223,1.18235211
3224,1.06268700
3225,1.16655242
3226,0.30299729
3227,0.21924622
3228,0.28956258
3229,0.33110385
3230,0.20815006
3231,1.00460645
3232,0.37677241
3233,2.47963203
3234,1.03057402
3235,0.01160250
3236,1.67503297
3237,1.81384490
3238,2.40396859
3239,0.62025057
3240,0.80621065
3241,1.89755987
3242,1.58671380
3243,1.58428677
3244,2.36991409
3245,2.52671518
3246,0.02159549
3247,0.98326819
3248,2.39258151
3249,0.04559204
3250,0.85932662
3251,1.93816198
3252,0.19014251
3253,1.49031408
3254,2.33336950
3255,1.35469708
3256,0.01099606
3257,0.28778684
3258,1.03747873
3259,0.03125982
3260,1.67583211
3261,0.68277211
3262,0.86887220
3263,1.98709201
3264,1.86189236
3265,2.02922707
3266,0.48141210
3267,0.87106919
3268,1.61372906
3269,1.27294463
3270,2.04526125
3271,1.04778667
3272,2.30894023
3273,0.55873504
3274,1.65865230
3275,2.02849907
3276,2.50706453
3277,0.95919648
3278,2.24191747
3279,1.52731081
3280,1.62579845
3281,0.65123975
3282,2.22849749
3283,0.16980294
3284,2.51260703
3285,1.43732150
3286,1.47571821
3287,0.44353567
3288,1.71318631
3289,0.39398516
3290,2.11750652
3291,1.89512194
3292,0.42793555
3293,1.99956224
3294,1.60549656
3295,0.75183313
3296,1.68202332
3297,1.76340836
3298,1.26736309
3299,1.75870943
3300,2.00620266
3301,2.26105339
3302,2.10634243
3303,0.27307392
3304,2.18400107
3305,2.40847425
3306,1.22472930
3307,2.29657240
3308,0.56846214
3309,0.10218130
3310,1.13206130
3311,0.30380837
3312,0.33199557
3313,1.12567098
3314,2.46981714
3315,1.31874230
3316,2.50493121
3317,1.29044970
3318,1.17442237
3319,0.05299438
3320,0.21136858
3321,2.21658848
3322,1.74300212
3323,1.43002582
3324,2.25951470
3325,1.64912088
3326,0.71540059
3327,2.19577638
3328,1.84822530
3329,0.20369597
3330,2.10849226
3331,0.92487075
3332,2.14357058
3333,2.09425201
3334,2.30158732
3335,0.28797755
3336,1.86559416
3337,0.79371673
3338,2.17480028
3339,0.29145110
3340,2.22181515
3341,2.46684402
3342,1.31016145
3343,1.39153398
3344,1.54909445
3345,2.27569358
3346,0.22333701
3347,2.16092600
3348,0.88458451
3349,1.02977767
3350,2.21379481
3351,0.30906948
3352,0.36407349
3353,1.72669467
3354,1.85010098
3355,0.57171042
3356,1.75836655
3357,0.90504423
3358,0.06985933
3359,0.66500109
3360,0.40854144
3361,1.14452558
3362,1.14918582
3363,0.97585223
3364,2.30650077
3365,0.97641734
3366,0.48506763
3367,2.40247837
3368,1.62388671
3369,2.41364005
3370,1.14480845
3371,1.53447326
3372,0.83313740
3373,2.44199735
3374,0.69998459
3375,2.36134857
3376,0.86590934
3377,1.94662345
3378,1.64104522
3379,1.97267204
3380,0.51760058
3381,2.53334197
3382,1.25986395
3383,0.19009403
3384,1.73084958
3385,0.19738661
3386,1.64339213
3387,1.81825089
3388,0.51584466
3389,0.29359048
3390,0.34166894
3391,1.66591154
3392,1.89414350
3393,2.33186102
3394,0.82396856
3395,0.24823509
3396,1.59669923
3397,2.12112813
3398,1.84091905
3399,1.24315469
3400,0.68134038
3401,1.84905083
3402,2.17156075
3403,0.55603911
3404,1.80136907
3405,1.95561146
3406,2.52759968
3407,0.95190873
3408,0.99621808
3409,0.11251221
3410,0.40557566
3411,1.88785389
3412,0.69076384
3413,2.31146861
3414,0.80835430
3415,2.01925634
3416,0.91387673
3417,1.91772904
3418,1.11162114
3419,0.53535280
3420,0.52115913
3421,0.72630603
3422,0.30183224
3423,2.19881292
3424,2.33792606
3425,2.01917548
3426,0.01192157
3427,2.23782069
3428,2.01475755
3429,2.13549847
3430,1.60064336
3431,0.52689400
3432,0.75524329
3433,0.98663491
3434,0.46830570
3435,0.07059566
3436,2.41764675
3437,0.98732814
3438,1.54233024
3439,0.27221208
3440,2.17394051
3441,1.90567895
3442,0.10234599
3443,0.51003715
3444,1.88722466
3445,0.14425736
3446,0.05971572
3447,0.30059656
3448,0.36042117
3449,1.96214705
3450,1.98383772
3451,1.45007259
3452,0.77402519
3453,1.98751082
3454,1.60824028
3455,0.15517812
3456,0.47868196
3457,1.76365519
3458,1.43566126
3459,0.99973585
3460,1.34477534
3461,0.61608846
3462,1.48625514
3463,0.35050537
3464,2.50305306
3465,2.08842496
3466,1.26063196
3467,2.47986062
3468,1.71890354
3469,1.46692767
3470,1.63985482
3471,1.77991158
3472,2.51060658
3473,1.98805884
3474,0.60213928
3475,0.14964014
3476,2.33350377
3477,1.87116413
3478,1.47754216
3479,1.24100234
3480,2.40766138
3481,0.10691512
3482,0.39375699
3483,0.80421821
3484,2.52957692
3485,1.76235931
3486,1.52347862
3487,0.86913186
3488,0.40021526
3489,0.04219917
3490,0.35982810
3491,0.44088933
3492,1.29569277
3493,0.92826172
3494,2.48016288
3495,2.33591331
3496,1.40812085
3497,0.42121086
3498,0.80480042
3499,0.06776781
3500,1.67839542
3501,0.97641332
3502,2.34958800
3503,0.80243051
3504,2.15886430
3505,0.99912630
3506,1.65703585
3507,0.90080549
3508,2.05133845
3509,0.56857072
3510,0.40580445
3511,0.13104585
3512,0.96694589
3513,1.86096986
3514,1.17290744
3515,2.13792450
3516,1.48685325
3517,1.35356976
3518,1.26470913
3519,0.10162981
3520,1.49762938
3521,0.48459347
3522,0.20940618
3523,0.25884471
3524,0.41885668
3525,1.57318058
3526,0.72583280
3527,0.74787511
3528,1.04758882
3529,2.42571109
3530,0.65365114
3531,0.76293495
3532,0.63639386
3533,0.79815389
3534,0.75519554
3535,2.10643823
3536,2.48315765
3537,0.99764953
3538,2.20025777
3539,0.26880943
3540,1.22232754
3541,2.08533266
3542,0.22888147
3543,2.53228038
3544,1.01254466
3545,1.26603692
3546,2.39831365
3547,2.33247672
3548,0.52945050
3549,1.15609285
3550,1.86393467
3551,1.16662364
3552,2.38315516
3553,0.50763848
3554,2.47369816
3555,1.57581152
3556,1.55616389
3557,1.73281420
3558,0.67171944
3559,1.12573239
3560,0.55450949
3561,2.04370523
3562,0.83952134
3563,0.36332103
3564,2.25577273
3565,0.87242916
3566,2.40957705
3567,1.12936526
3568,1.65047582
3569,1.99272852
3570,1.30808313
3571,2.39405289
3572,2.05284004
3573,2.26121384
3574,1.34835358
3575,0.32834435
3576,0.43843187
3577,0.37072631
3578,1.35472678
3579,2.41068515
3580,1.40220037
3581,1.08988225
3582,0.28559901
3583,0.95102298
3584,0.46710131
3585,1.15750892
3586,1.16323168
3587,2.36916817
3588,1.00381200
3589,2.24000061
3590,0.10633326
3591,0.87744120
3592,1.83067708
3593,1.13302352
3594,0.20034709
3595,0.90486155
3596,1.40349550
3597,2.42360815
3598,0.60171588
3599,0.22717115
3600,1.92119218
3601,1.56058262
3602,0.88635880
3603,0.99205741
3604,0.83164833
3605,1.68168984
3606,2.19528897
3607,0.76014999
3608,2.30689139
3609,1.06150716
3610,1.24593609
3611,0.65024065
3612,0.22003899
3613,0.51029355
3614,0.63608430
3615,1.10982860
3616,1.25244481
3617,2.14203989
3618,0.91172599
3619,1.94134130
3620,0.64382487
3621,1.21228418
3622,0.19414203
3623,2.26207035
3624,0.89387559
3625,1.62446876
3626,1.42493461
3627,1.23778164
3628,0.60618875
3629,2.08986531
3630,1.19805393
3631,0.33383398
3632,0.25326842
3633,1.27731782
3634,1.43307903
3635,0.70021112
3636,0.59546878
3637,2.10521925
3638,1.73428310
3639,0.36426353
3640,2.04884149
3641,0.14558803
3642,2.13776048
3643,2.12148612
3644,0.31376127
3645,2.51295911
3646,2.28306063
3647,0.45344555
3648,1.65707497
3649,1.17838311
3650,0.36675289
3651,0.52363983
3652,0.52286431
3653,1.70385286
3654,1.45056365
3655,2.46149108
3656,0.77653357
3657,1.21902161
3658,0.94298227
3659,0.96885727
3660,1.47999062
3661,1.99262005
3662,1.73383137
3663,0.29233600
3664,0.69972617
3665,1.58886539
3666,1.93156523
3667,2.20030125
3668,0.91555288
3669,1.16348233
3670,0.12232949
3671,1.31602317
3672,0.77159465
3673,1.33408384
3674,1.52278216
3675,0.43426930
3676,0.19187816
3677,1.80844350
3678,1.83118265
3679,2.50441124
3680,1.27729109
3681,0.17098289
3682,0.19572855
3683,2.46118134
3684,1.86395325
3685,0.41933448
3686,1.07316683
3687,0.49606896
3688,1.96927874
3689,1.85533450
3690,2.35090831
3691,1.66699462
3692,1.02667404
3693,2.31164011
3694,0.97207329
3695,1.86602080
3696,0.55668726
3697,0.70180042
3698,1.53416083
3699,0.74535291
3700,2.18081465
3701,1.30965499
3702,2.35449631
3703,1.52530521
3704,1.46151429
3705,1.28491235
3706,0.49259197
3707,0.88880928
3708,2.27231520
3709,1.71810842
3710,1.95274591
3711,1.05404088
3712,0.51301051
3713,2.01625101
3714,1.05865162
3715,1.97387300
3716,0.17106409
3717,0.89289155
3718,1.64865817
3719,2.36034669
3720,0.50933215
3721,2.48998671
3722,1.71156447
3723,0.50676375
3724,0.03791173
3725,2.35470213
3726,1.71275383
3727,1.83224239
3728,1.04816553
3729,0.22263918
3730,1.21344147
3731,1.63193655
3732,0.70334301
3733,2.43297385
3734,1.96233762
3735,0.04698552
3736,0.74700954
3737,2.28360751
3738,1.89475871
3739,2.03456465
3740,0.47742776
3741,2.23320561
3742,1.66963135
3743,1.02536662
3744,1.73204735
3745,0.62003219
3746,2.27645619
3747,0.19972226
3748,0.67888044
3749,1.82121410
3750,1.06077533
3751,2.23966290
3752,2.09734203
3753,1.72515000
3754,0.91323349
3755,1.11382491
3756,0.83998588
3757,0.79135209
3758,0.03088092
3759,0.65602489
3760,1.76448335
3761,1.37474374
3762,0.83808786
3763,0.82663086
3764,0.45561426
3765,0.19455457
3766,0.39297028
3767,1.57740317
3768,2.35668341
3769,1.74170563
3770,0.87485575
3771,1.42726688
3772,0.33875531
3773,0.20895794
3774,0.15888733
3775,1.43668012
3776,1.48602318
3777,0.39307762
3778,2.38977271
3779,0.35646791
3780,1.29287300
3781,1.64578098
3782,0.07995494
3783,0.68729978
3784,1.35067229
3785,1.71766910
3786,1.72909360
3787,1.67714069
3788,0.18531185
3789,0.14570823
3790,2.18142561
3791,0.37408484
3792,0.92014131
3793,2.13190925
3794,0.11263423
3795,2.17506492
3796,1.65825021
3797,0.98178613
3798,0.60895509
3799,1.32194944
3800,2.09045515
3801,0.51260151
3802,0.62631721
3803,1.26733449
3804,2.05411028
3805,1.05714184
3806,1.04276657
3807,2.44148439
3808,1.35597403
3809,1.99413026
3810,1.70755477
3811,1.38999580
3812,1.10079811
3813,1.65947504
3814,2.11053822
3815,0.36492140
3816,0.68406647
3817,0.53471772
3818,2.05440318
3819,0.82126899
3820,1.13719276
3821,1.30246068
3822,2.42637407
3823,0.00933065
3824,0.46909938
3825,2.20218781
3826,1.15944705
3827,0.93181344
3828,2.39319103
3829,0.27149873
3830,0.03931017
3831,2.29902675
3832,2.07957102
3833,1.36310418
3834,0.67386189
3835,1.97237711
3836,0.39984902
3837,1.08179379
3838,0.43422345
3839,1.03193361
3840,0.01454448
3841,1.16460001
3842,1.14792882
3843,2.49069122
3844,0.96114717
3845,1.34866457
3846,0.38309696
3847,0.71537290
3848,0.58220346
3849,2.46840871
3850,0.32362986
3851,1.62866144
3852,2.10985535
3853,2.38955085
3854,1.78818918
3855,0.45843249
3856,2.33295106
3857,1.30890698
3858,1.33819286
3859,2.26276629
3860,0.04084106
3861,1.82457381
3862,1.92998265
3863,1.69956062
3864,0.49194379
3865,2.31642578
3866,0.60725888
3867,0.82192295
3868,2.11670634
3869,2.33453605
3870,0.66836293
3871,1.21479288
3872,2.15533395
3873,1.36462275
3874,0.57734477
3875,0.94160129
3876,1.60325760
3877,1.83597276
3878,0.78167288
3879,0.48081656
3880,1.97936376
3881,0.76978909
3882,0.62358993
3883,0.73111557
3884,0.58563254
3885,0.33907827
3886,0.97747146
3887,0.47737715
3888,1.64116909
3889,0.26223793
3890,0.90428892
3891,2.40494889
3892,1.16207533
3893,2.26184729
3894,0.57831198
3895,1.99255841
3896,0.21887782
3897,2.41211540
3898,2.43922249
3899,1.75457422
3900,0.51406029
3901,1.92104049
3902,2.03984822
3903,1.65909479
3904,1.96869883
3905,0.64316300
3906,1.97999385
3907,0.57130853
3908,1.28306543
3909,1.00276330
3910,0.54083136
3911,0.65338899
3912,2.24405209
3913,0.15621791
3914,1.24647811
3915,1.22342906
3916,0.28177586
3917,0.21213584
3918,1.10733809
3919,0.90840209
3920,0.65648604
3921,0.64727851
3922,0.58046895
3923,1.61812822
3924,2.47802059
3925,0.77736017
3926,1.01336088
3927,1.76856753
3928,0.77879596
3929,0.32111973
3930,1.64589128
3931,0.89947332
3932,0.00968082
3933,0.83269444
3934,2.23003282
3935,0.13469993
3936,2.26010439
3937,1.55813328
3938,2.11186882
3939,1.42283093
3940,1.80193819
3941,2.24757110
3942,0.43581151
3943,0.27915500
3944,1.44869917
3945,1.21471776
3946,1.31962931
3947,0.91272269
3948,2.48485511
3949,1.53166679
3950,1.54850525
3951,0.07230209
3952,0.70153377
3953,0.71625753
3954,2.51732534
3955,0.34916430
3956,1.28094477
3957,1.85441267
3958,1.57608433
3959,1.93142381
3960,0.91655085
3961,0.41327414
3962,0.57759926
3963,1.39337479
3964,1.31836664
3965,1.03059177
3966,2.33024920
3967,1.01622839
3968,0.53866075
3969,1.52425571
3970,1.47562916
3971,1.99036865
3972,1.41957616
3973,0.02003895
3974,1.22715966
3975,0.46730501
3976,0.59556124
3977,1.95277729
3978,2.44167658
3979,2.21205332
3980,0.59719770
3981,1.08057537
3982,2.18243744
3983,2.13356696
3984,0.14705748
3985,0.70629502
3986,1.50196421
3987,0.49605191
3988,0.05157511
3989,0.56026137
3990,1.37304425
3991,1.81198834
3992,1.87205887
3993,1.43505773
3994,1.51799174
3995,1.32082127
3996,2.01365042
3997,1.64911942
3998,1.73078169
3999,2.29014484
4000,0.29789336
4001,0.09704671
4002,1.34872791
4003,1.13174920
4004,2.30309813
4005,0.78239593
4006,1.71539651
4007,1.76294964
4008,0.60481594
4009,0.02127434
4010,1.06134403
4011,0.51182336
4012,0.48330568
4013,1.16752065
4014,0.45432090
4015,1.41999567
4016,1.56181186
4017,1.19258466
4018,1.43106279
4019,0.50094465
4020,1.45934486
4021,2.16508212
4022,2.15196909
4023,0.27907796
4024,0.82290792
4025,1.81939346
4026,1.49842572
4027,0.98044279
4028,2.11306662
4029,2.26982572
4030,1.42640346
4031,0.63323663
4032,2.44104415
4033,1.21822832
4034,0.87743427
4035,0.32162495
4036,2.39036649
4037,1.75090449
4038,0.18058232
4039,0.46050545
4040,2.34396847
4041,0.19163646
4042,1.71368320
4043,1.44334819
4044,1.26794058
4045,1.75348625
4046,0.85315376
4047,1.58738953
4048,2.22359950
4049,1.45193549
4050,1.33089597
4051,1.55090078
4052,0.47233350
4053,0.84574001
4054,1.81640972
4055,1.44021147
4056,0.29919747
4057,2.20108633
4058,1.04300725
4059,0.62606160
4060,0.37925204
4061,2.34542915
4062,1.85260639
4063,0.78503808
4064,0.48804424
4065,2.15927402
4066,0.37202546
4067,1.32320390
4068,1.69435005
4069,2.37873421
4070,1.74007890
4071,0.27298519
4072,1.31918793
4073,2.31053835
4074,0.68513347
4075,0.22322631
4076,0.14847866
4077,2.11561209
4078,2.36768972
4079,1.16958354
4080,0.77631203
4081,1.00800748
4082,0.45167386
4083,1.10634134
4084,1.19663602
4085,1.35294877
4086,0.26647857
4087,2.47095020
4088,1.58739003
4089,1.45215662
4090,2.09616774
4091,0.12384168
4092,1.48692121
4093,0.93679614
4094,1.62570625
4095,2.37913575
4096,0.17671983
4097,0.43927955
4098,0.89040329
4099,1.35365305
4100,2.10054801
4101,1.86067402
4102,1.39230558
4103,0.48902689
4104,1.27680685
4105,1.11597504
4106,0.28666127
4107,2.31990846
4108,2.13343013
4109,1.55538140
4110,0.62614484
4111,1.46254405
4112,0.81984897
4113,1.64386423
4114,0.09440880
4115,1.52942091
4116,1.41933119
4117,2.34642929
4118,1.44816546
4119,1.98458023
4120,0.56305801
4121,1.40113615
4122,0.82095827
4123,2.49878464
4124,2.42819516
4125,0.62179746
4126,1.58104135
4127,0.18061211
4128,1.39038978
4129,2.49777241
4130,0.35419505
4131,1.84979462
4132,1.30729708
4133,2.51903844
4134,1.03579114
4135,2.09767871
4136,1.51268338
4137,2.02843595
4138,2.16097212
4139,1.64281824
4140,0.88743194
4141,1.51163565
4142,2.00363255
4143,2.08046375
4144,1.60196882
4145,1.15579097
4146,0.21279764
4147,0.29336564
4148,1.63674993
4149,1.00324706
4150,1.71605643
4151,1.32061545
4152,1.01131567
4153,0.51880340
4154,2.14848958
4155,0.68889535
4156,1.60038438
4157,0.25802330
4158,2.44291912
4159,0.38697068
4160,1.27771224
4161,2.05890792
4162,0.59040403
4163,1.63616039
4164,1.03476554
4165,2.44028011
4166,0.33922440
4167,0.48538093
4168,1.38243553
4169,1.72780473
4170,1.46024082
4171,0.46284240
4172,1.24344294
4173,0.16455397
4174,1.70719232
4175,0.83409333
4176,2.43716247
4177,1.01436620
4178,0.13091399
4179,0.03062089
4180,0.83532339
4181,0.66353520
4182,2.41046511
4183,1.97872139
4184,0.93171067
4185,0.65938316
4186,0.17184575
4187,0.31339461
4188,1.88266282
4189,0.14392278
4190,1.99062531
4191,1.00090772
4192,1.73212240
4193,1.56309628
4194,0.27586558
4195,1.91630444
4196,2.22519112
4197,0.28007540
4198,2.46167930
4199,2.04447586
4200,1.53472716
4201,1.76506677
4202,0.11715956
4203,0.57620953
4204,2.29743190
4205,2.18836897
4206,0.55202865
4207,1.38715085
4208,0.87332008
4209,0.47434558
4210,1.98206477
4211,1.71367083
4212,0.17362897
4213,1.69523833
4214,0.03187616
4215,0.24298951
4216,1.05014978
4217,0.08922545
4218,1.31859055
4219,1.73212631
4220,0.65553955
4221,1.76791784
4222,0.18098214
4223,0.22414444
4224,1.26328872
4225,0.07223623
4226,1.92278293
4227,2.26053024
4228,0.01709405
4229,2.02648674
4230,1.44450004
4231,2.47142105
4232,2.02993797
4233,2.29055718
4234,2.16717480
4235,2.16300109
4236,1.92069271
4237,2.29804116
4238,0.21956405
4239,2.03940535
4240,1.71925826
4241,0.92037428
4242,1.10892690
4243,0.28545868
4244,0.78834937
4245,1.81185246
4246,1.39810112
4247,2.35076574
4248,0.64704260
4249,0.58084945
4250,1.86979176
4251,2.42597307
4252,0.93098491
4253,0.99796839
4254,0.13851168
4255,0.59454832
4256,2.30604001
4257,2.47719799
4258,1.24477294
4259,2.16572831
4260,0.54879585
4261,1.64314476
4262,2.31620964
4263,0.88714758
4264,1.61762085
4265,1.88680599
4266,0.35687964
4267,0.65711649
4268,1.50400437
4269,0.65687224
4270,0.40721124
4271,0.40846036
4272,1.98498525
4273,1.16655364
4274,1.40908824
4275,1.61182288
4276,0.82431213
4277,1.66702310
4278,1.14575628
4279,0.23451715
4280,1.32774454
4281,1.26543551
4282,1.74663193
4283,2.43377326
4284,0.12191692
4285,1.56332101
4286,1.78392377
4287,1.21651014
4288,1.09503664
4289,1.80414944
4290,1.37230705
4291,1.05587948
4292,1.66178248
4293,1.53872465
4294,0.22329975
4295,0.90982971
4296,2.26661352
4297,0.40331678
4298,1.32292350
4299,1.61540402
4300,0.30436948
4301,0.50754958
4302,0.81853069
4303,1.51999427
4304,0.32017848
4305,1.94468976
4306,1.72965691
4307,2.03671712
4308,0.61140322
4309,1.37326814
4310,2.17808366
4311,1.10705865
4312,1.44628448
4313,1.04011736
4314,1.87644809
4315,1.59210887
4316,1.90542345
4317,2.45825830
4318,1.97452026
4319,1.45181634
4320,0.64518832
4321,1.30121974
4322,2.39975105
4323,2.49774323
4324,0.31123076
4325,1.70538646
4326,0.05732066
4327,0.27333514
4328,0.94180045
4329,0.24480720
4330,1.65007477
4331,1.26434223
4332,0.97729983
4333,2.15835797
4334,0.90265343
4335,0.62659373
4336,0.72027560
4337,0.05678928
4338,1.83176057
4339,1.63609989
4340,1.05409850
4341,2.07243288
4342,0.83971612
4343,0.54319735
4344,0.08434714
4345,0.45055898
4346,1.13944737
4347,0.83800046
4348,1.12651585
4349,0.13658992
4350,0.06663202
4351,1.71437977
4352,1.05317950
4353,1.99236812
4354,2.14477186
4355,0.91655003
4356,1.16140706
4357,1.93986405
4358,0.33875394
4359,2.04331727
4360,0.93034781
4361,0.63143528
4362,1.18796687
4363,1.64184919
4364,2.12552121
4365,2.08524396
4366,0.08976078
4367,0.41569794
4368,0.85691560
4369,0.15191143
4370,1.13493691
4371,1.14730240
4372,1.32745443
4373,0.88699976
4374,0.60609975
4375,1.49327884
4376,0.14304354
4377,0.10128762
4378,1.88804603
4379,0.48397549
4380,0.40352931
4381,0.62511284
4382,1.45728811
4383,0.60630971
4384,1.68126407
4385,1.62285334
4386,1.02443945
4387,2.35080850
4388,1.91630431
4389,0.35167207
4390,0.58136039
4391,0.27726426
4392,1.80490970
4393,0.48611922
4394,1.14656997
4395,0.23495623
4396,2.22320949
4397,1.89178444
4398,1.68561646
4399,1.77151382
4400,0.91854454
4401,0.48086861
4402,0.04585278
4403,1.03933785
4404,2.30244775
4405,0.06976127
4406,0.49201316
4407,1.33513736
4408,0.18691195
4409,0.75308719
4410,1.90589962
4411,0.54401812
4412,0.77269815
4413,0.71511653
4414,0.52096677
4415,2.04471987
4416,2.40722241
4417,1.49714583
4418,0.64568426
4419,0.61664560
4420,1.74912041
4421,1.82398887
4422,2.07073574
4423,0.34560447
4424,0.50457484
4425,0.86446300
4426,1.08646200
4427,2.06348235
4428,0.22149397
4429,0.75746106
4430,0.29218342
4431,2.04093993
4432,1.80192444
4433,2.04826747
4434,0.80500631
4435,1.33150614
4436,2.24821242
4437,0.05152084
4438,2.02914160
4439,1.94654137
4440,1.10224569
4441,1.96386704
4442,1.92158066
4443,0.45555330
4444,2.45434650
4445,2.38396371
4446,0.64991566
4447,2.42053903
4448,1.38325228
4449,1.29365260
4450,1.96387981
4451,2.32081902
4452,0.64994400
4453,0.30908591
4454,2.12696609
4455,1.12122684
4456,1.39765053
4457,1.21498542
4458,2.22676033
4459,1.44055766
4460,1.78606749
4461,1.94756539
4462,0.00722672
4463,1.42142662
4464,1.53184213
4465,0.26329554
4466,0.42378200
4467,0.17141228
4468,1.05063790
4469,1.96695551
4470,0.62237710
4471,2.21121417
4472,0.17125658
4473,0.87426733
4474,0.58854596
4475,2.42793024
4476,0.42337811
4477,2.16068583
4478,1.31442815
4479,0.68500607
4480,1.05977183
4481,0.33234161
4482,1.54215065
4483,1.69098236
4484,1.12159998
4485,2.00843999
4486,1.94371716
4487,1.71095239
4488,1.90744970
4489,1.08719215
4490,0.39473895
4491,1.33981616
4492,1.17103643
4493,0.37665887
4494,1.76456943
4495,1.12605845
4496,1.71298108
4497,0.48479922
4498,0.59187546
4499,0.23902561
4500,2.30204249
4501,1.74998487
4502,0.78333351
4503,0.13187188
4504,0.85385944
4505,1.97804767
4506,2.27989341
4507,0.42240046
4508,2.34416645
4509,0.51205469
4510,0.08900045
4511,0.33591436
4512,0.04698445
4513,0.61118534
4514,1.95237480
4515,1.21386843
4516,2.00910020
4517,0.23525799
4518,1.89798433
4519,0.34587517
4520,0.81836564
4521,2.36940322
4522,1.85225257
4523,1.85214883
4524,1.63739008
4525,0.93280847
4526,1.59157804
4527,1.09092570
4528,2.00460825
4529,1.70978797
4530,2.25512181
4531,2.12209491
4532,2.12773113
4533,0.24032156
4534,0.05297844
4535,0.96908612
4536,2.39621726
4537,1.53725548
4538,1.46628158
4539,2.09286555
4540,1.60726629
4541,0.28511512
4542,1.20142059
4543,2.19914458
4544,2.04472628
4545,0.15627944
4546,2.53260334
4547,1.32127293
4548,0.73393189
4549,1.09185460
4550,2.39128676
4551,2.27258957
4552,0.90129498
4553,1.61658732
4554,0.18222955
4555,2.00902070
4556,0.19093384
4557,1.81667518
4558,0.80382713
4559,0.38567661
4560,0.36508562
4561,2.46595935
4562,0.56338383
4563,1.19127824
4564,0.39570600
4565,1.24332408
4566,2.07981641
4567,0.63172384
4568,1.81096473
4569,0.90156884
4570,0.31597608
4571,2.06002294
4572,0.87199916
4573,1.62012451
4574,2.41465631
4575,1.83275217
4576,0.83852891
4577,1.55991831
4578,1.89938941
4579,0.54698357
4580,2.42147470
4581,0.57545967
4582,0.09452110
4583,1.34982712
4584,1.20237451
4585,0.39313467
4586,1.22541617
4587,0.68953336
4588,2.06240310
4589,1.24634713
4590,1.33005887
4591,0.36516668
4592,2.40045431
4593,0.64240497
4594,1.48003721
4595,1.96904921
4596,1.31922493
4597,0.81147542
4598,1.63122441
4599,1.81921862
4600,0.35161736
4601,0.64755001
4602,0.46431938
4603,0.05764839
4604,1.57511408
4605,2.53310424
4606,0.69124310
4607,2.37786304
4608,0.97699073
4609,2.31567774
4610,0.23882264
4611,0.80519227
4612,2.14685531
4613,2.30409712
4614,2.03446420
4615,1.72984627
4616,0.78719081
4617,2.49753256
4618,1.45467499
4619,2.07723309
4620,1.01072467
4621,2.37766890
4622,1.57899155
4623,1.80401037
4624,0.36190251
4625,1.04986384
4626,0.24552032
4627,0.89823522
4628,1.43986379
4629,0.73658115
4630,0.01631706
4631,1.09253199
4632,1.92304122
4633,0.96198242
4634,1.97104680
4635,0.98423910
4636,1.39380791
4637,0.76717273
4638,0.21973054
4639,1.98178799
4640,1.30145498
4641,2.01395895
4642,1.98989769
4643,1.97455343
4644,0.96543102
4645,0.74436054
4646,0.57228910
4647,1.18736242
4648,1.52982315
4649,2.18527645
4650,2.53035998
4651,1.85012514
4652,1.43904509
4653,0.73153851
4654,1.47919555
4655,0.72003265
4656,2.20689818
4657,0.57697449
4658,1.03903397
4659,0.56920680
4660,0.55248583
4661,1.93827741
4662,0.51369211
4663,0.81517921
4664,0.11074309
4665,2.30965197
4666,2.27862557
4667,0.95300754
4668,2.33307102
4669,0.58002060
4670,0.64125839
4671,1.41014497
4672,0.55026507
4673,2.29872402
4674,2.46104168
4675,0.31059979
4676,1.13524789
4677,1.07580669
4678,2.50731024
4679,2.50048504
4680,0.15644233
4681,2.42178888
4682,1.63986758
4683,1.19582943
4684,1.10661064
4685,2.16940792
4686,0.32590164
4687,1.00944804
4688,0.25377882
4689,1.00718656
4690,2.02925595
4691,2.11074248
4692,0.35843255
4693,0.63097773
4694,1.77675318
4695,0.43737974
4696,0.12551448
4697,2.20020337
4698,0.06008770
4699,2.25928774
4700,1.51895342
4701,1.00275249
4702,0.76118473
4703,0.99537301
4704,2.27433032
4705,1.46920181
4706,0.36752527
4707,1.42583846
4708,0.79147406
4709,2.28757848
4710,0.40467892
4711,1.25577279
4712,0.05973362
4713,0.66876868
4714,1.79724618
4715,1.55686099
4716,2.33029556
4717,0.39433733
4718,1.17888662
4719,0.26011369
4720,1.76486986
4721,0.26554105
4722,2.34317163
4723,1.23502533
4724,1.36773428
4725,0.93406851
4726,1.01083256
4727,2.21521469
4728,1.92526598
4729,0.98321245
4730,2.07054448
4731,0.96017635
4732,0.20408009
4733,0.57981516
4734,1.07606504
4735,1.12181270
4736,0.44478684
4737,1.78481243
4738,0.60476388
4739,1.64828571
4740,1.33643963
4741,1.64260379
4742,2.26389990
4743,1.80380814
4744,1.55936428
4745,1.73102627
4746,1.31051757
4747,2.51813991
4748,2.07055069
4749,0.39928664
4750,0.39227246
4751,1.10561159
4752,2.33853582
4753,0.36258699
4754,0.60499816
4755,2.53470620
4756,1.89543278
4757,1.38011158
4758,0.42129290
4759,0.08088002
4760,0.83792400
4761,0.48213637
4762,2.24101916
4763,1.31117752
4764,1.28212465
4765,1.55243644
4766,1.25145396
4767,0.60298078
4768,1.86057434
4769,1.87106752
4770,2.30482753
4771,1.23893665
4772,0.33198642
4773,2.44150584
4774,0.03809595
4775,0.39757205
4776,1.79346655
4777,2.18799436
4778,2.39128434
4779,1.50968108
4780,0.70051854
4781,0.07795896
4782,1.86325633
4783,1.62741189
4784,0.29500519
4785,1.89327882
4786,2.40861181
4787,0.47248054
4788,1.52943761
4789,1.06023566
4790,1.55979979
4791,0.29831620
4792,2.27745177
4793,0.74491466
4794,1.62647044
4795,0.59386396
4796,0.45612042
4797,2.43096325
4798,0.65451321
4799,2.42058404
4800,2.18257257
4801,1.41308957
4802,1.42492530
4803,0.07678624
4804,1.95358160
4805,1.73166796
4806,1.48583827
4807,2.06279095
4808,1.19363785
4809,0.96992624
4810,1.87850834
4811,1.25475534
4812,1.53746067
4813,0.38678196
4814,0.50955599
4815,0.46275041
4816,2.03563776
4817,2.51984927
4818,2.46904873
4819,1.40031173
4820,1.98980301
4821,0.30542241
4822,0.83509592
4823,2.38200853
4824,0.75237635
4825,0.40186036
4826,1.10017701
4827,1.94787924
4828,2.50329576
4829,0.08141244
4830,1.61461444
4831,2.13048278
4832,2.06892898
4833,2.33115161
4834,1.63834414
4835,2.15260320
4836,1.02090879
4837,1.49834880
4838,1.39223485
4839,1.12121190
4840,1.13711393
4841,1.79328793
4842,0.38303378
4843,2.11380720
4844,1.79970844
4845,0.51183400
4846,0.88452524
4847,2.13351693
4848,1.07506608
4849,2.14932665
4850,1.01064556
4851,2.51828270
4852,0.99097812
4853,2.49439684
4854,0.97502170
4855,1.06616679
4856,0.44150820
4857,1.99358272
4858,0.19912423
4859,1.98227944
4860,1.26336473
4861,2.18368559
4862,1.57443286
4863,2.40149816
4864,1.30546320
4865,0.57380278
4866,2.34241622
4867,2.26698049
4868,2.13055035
4869,1.52075664
4870,0.66718645
4871,0.04411606
4872,2.05943405
4873,1.67256715
4874,1.11718156
4875,1.30305642
4876,1.99918592
4877,0.58635428
4878,0.05231660
4879,0.23925571
4880,2.50663201
4881,0.52975936
4882,2.47823783
4883,0.07124661
4884,1.70426858
4885,1.33627808
4886,1.25439667
4887,0.00048633
4888,1.43924610
4889,1.56320595
4890,2.11578309
4891,2.10635010
4892,2.05619500
4893,0.14989082
4894,2.22375990
4895,1.32753909
4896,2.20403174
4897,2.30370540
4898,0.20570618
4899,1.03991097
4900,1.28221682
4901,1.52700552
4902,2.37933553
4903,0.08887113
4904,1.52747687
4905,1.24671817
4906,0.34045147
4907,1.73616345
4908,1.84624925
4909,0.29078046
4910,0.26456391
4911,1.23719548
4912,2.42600463
4913,2.10737053
4914,1.68480356
4915,1.00496260
4916,2.41199077
4917,1.20252714
4918,0.35135383
4919,1.51710981
4920,0.23598874
4921,2.19403072
4922,1.27521215
4923,1.86991949
4924,2.15765573
4925,2.00013589
4926,2.00673492
4927,1.99214508
4928,0.97798295
4929,0.07276315
4930,0.64366093
4931,1.64952563
4932,0.80240362
4933,2.50090741
4934,0.79993695
4935,1.79642009
4936,0.31063227
4937,1.15448820
4938,2.03410215
4939,2.30823323
4940,0.18310219
4941,2.04073714
4942,2.44758311
4943,0.05886860
4944,2.06364093
4945,0.10870526
4946,1.71812946
4947,2.50516388
4948,0.21667157
4949,1.89226997
4950,0.28015797
4951,1.48059402
4952,0.87894304
4953,1.41539092
4954,1.92253501
4955,0.49048848
4956,0.75928196
4957,0.29302053
4958,1.03387370
4959,0.20531518
4960,0.07259620
4961,1.85862743
4962,1.78569235
4963,0.07352459
4964,1.65761204
4965,1.71134294
4966,0.87197037
4967,0.74659914
4968,0.58255562
4969,1.52833010
4970,0.33817400
4971,1.39052569
4972,1.02942467
4973,1.29934779
4974,1.92399532
4975,0.57138026
4976,0.79336902
4977,1.22121129
4978,0.82501388
4979,1.73082028
4980,0.36099690
4981,2.32341115
4982,2.39089462
4983,0.31985669
4984,1.23397499
4985,0.87660879
4986,0.87323419
4987,0.50751826
4988,1.36458900
4989,2.03490368
4990,0.60096575
4991,1.98777479
4992,1.89750087
4993,1.59899222
4994,2.25062869
4995,1.52709201
4996,2.02828457
4997,2.42275103
4998,2.16578200
4999,1.46044889
5000,0.73894031
5001,1.53185126
5002,1.82879975
5003,1.82467910
5004,1.00876417
5005,1.90080240
5006,0.84225033
5007,0.32471935
5008,2.42959395
5009,2.32896250
5010,1.07487416
5011,1.39507167
5012,0.03923002
5013,2.41500230
5014,0.89784586
5015,1.55031015
5016,0.34198640
5017,0.35107779
5018,1.48818254
5019,1.70764018
5020,2.48235546
5021,1.77436117
5022,1.54958001
5023,1.53307710
5024,0.69716102
5025,0.93771996
5026,1.58643271
5027,0.34530776
5028,0.76669621
5029,0.42587386
5030,0.09141795
5031,1.14460644
5032,0.94634809
5033,1.41912155
5034,1.01006541
5035,0.18501460
5036,2.18344522
5037,0.09946571
5038,0.05477417
5039,0.05676832
5040,2.00179540
5041,0.93424441
5042,2.39926325
5043,0.80355026
5044,1.03654032
5045,1.77227993
5046,2.40292076
5047,2.31499409
5048,0.95244934
5049,1.72582728
5050,0.15528983
5051,1.45049150
5052,1.63779408
5053,0.70287378
5054,1.66340316
5055,0.77568010
5056,1.94392138
5057,0.18219074
5058,1.32211989
5059,2.40922603
5060,1.59480517
5061,2.38418413
5062,2.40217956
5063,1.93482122
5064,2.03910675
5065,1.86290039
5066,1.29419693
5067,2.00224649
5068,1.99958698
5069,2.18620403
5070,0.01784256
5071,0.09303152
5072,1.17640074
5073,1.81977066
5074,1.06280769
5075,0.96802960
5076,0.05150213
5077,1.53853822
5078,2.42201574
5079,1.56153614
5080,0.62155276
5081,1.61213525
5082,0.93853894
5083,0.92821759
5084,0.14219509
5085,1.81046893
5086,0.00185252
5087,2.13088348
5088,0.01639734
5089,1.97400349
5090,0.88641315
5091,0.88542305
5092,1.24307618
5093,0.46786680
5094,0.52478429
5095,1.81043512
5096,2.30411323
5097,0.35655535
5098,0.69785268
5099,2.48829761
5100,1.74224330
5101,2.32517176
5102,0.97769096
5103,1.94812314
5104,1.80098377
5105,1.88740173
5106,1.20811271
5107,0.74358722
5108,0.92416022
5109,0.36358055
5110,0.19954413
5111,0.96396962
5112,2.17299749
5113,0.83912655
5114,1.42187962
5115,2.08888139
5116,0.26644288
5117,0.93934927
5118,0.93822470
5119,1.80512184
5120,2.29260455
5121,0.01928398
5122,1.38069069
5123,0.00769459
5124,0.76264164
5125,1.01438296
5126,0.71229710
5127,1.04657554
5128,0.91653915
5129,1.26510264
5130,0.63403814
5131,0.98934849
5132,0.55623472
5133,1.06567961
5134,1.79591118
5135,0.07748729
5136,2.53233255
5137,0.37748009
5138,2.00819916
5139,0.72900007
5140,0.18036435
5141,2.00114897
5142,1.43290126
5143,0.66681075
5144,0.96442450
5145,2.19169599
5146,1.79204138
5147,0.70595104
5148,0.60079824
5149,1.43455844
5150,0.30561969
5151,0.58049301
5152,2.04240796
5153,1.83945465
5154,0.06483322
5155,1.13423877
5156,1.01089337
5157,1.87335630
5158,1.07948037
5159,0.57625209
5160,2.13407794
5161,0.49072796
5162,1.64175677
5163,0.71610800
5164,1.56914876
5165,0.43785703
5166,2.22145220
5167,0.93711297
5168,1.72569119
5169,1.90149797
5170,1.18601711
5171,1.36658349
5172,0.30132936
5173,1.37186568
5174,1.34836197
5175,2.26980618
5176,0.89230202
5177,0.38811960
5178,1.02910496
5179,1.99164303
5180,0.02913741
5181,0.09179153
5182,2.53262596
5183,1.40862738
5184,1.82193409
5185,1.18170549
5186,0.49508606
5187,1.69215562
5188,0.61171994
5189,1.14570620
5190,0.53258966
5191,2.30254071
5192,0.99797519
5193,1.76092511
5194,0.46180051
5195,1.54426881
5196,0.74890024
5197,0.30144234
5198,0.80155676
5199,0.16196327
5200,1.52812515
5201,1.40848248
5202,2.16492801
5203,0.06876870
5204,1.03536500
5205,2.49657505
5206,0.87971062
5207,0.14845132
5208,2.02837376
5209,0.23626813
5210,1.81085734
5211,1.33391552
5212,2.22350942
5213,1.30171655
5214,1.72224085
5215,0.65217049
5216,2.49272528
5217,0.52995891
5218,2.12121577
5219,1.72969210
5220,1.22138971
5221,0.94697703
5222,0.21642449
5223,2.01137002
5224,0.57669581
5225,2.21236294
5226,2.25169892
5227,0.53318183
5228,0.73763528
5229,1.80294656
5230,1.93880702
5231,0.12347708
5232,2.09401555
5233,2.07016602
5234,1.57993574
5235,2.25973642
5236,2.47471640
5237,0.51979629
5238,2.39150450
5239,2.18533426
5240,1.49005833
5241,0.28011739
5242,2.43841526
5243,1.88476698
5244,0.93841569
5245,0.81824115
5246,2.41135874
5247,0.58518436
5248,2.08008286
5249,1.12486143
5250,1.76664362
5251,2.08333708
5252,0.25238406
5253,0.66025319
5254,0.28900687
5255,1.01972080
5256,0.35963813
5257,2.32149300
5258,1.99736302
5259,1.47405130
5260,0.48396782
5261,0.53393036
5262,1.50165360
5263,2.30144238
5264,2.36524089
5265,2.35612332
5266,0.81827615
5267,1.76930298
5268,1.31532781
5269,1.40857268
5270,1.71708182
5271,0.74689321
5272,0.67871382
5273,1.04546340
5274,0.59126618
5275,2.18194013
5276,0.92809462
5277,0.09766255
5278,1.60530437
5279,2.50048473
5280,1.39238674
5281,0.71769782
5282,2.28760855
5283,1.59696807
5284,1.57000481
5285,1.16780045
5286,1.95591470
5287,1.70009367
5288,1.38511349
5289,0.84790181
5290,1.98854936
5291,2.30936523
5292,0.23162590
5293,0.06636908
5294,0.25234260
5295,2.21397499
5296,1.56559770
5297,1.00764567
5298,2.47312342
5299,2.39482063
5300,1.07533853
5301,0.93723720
5302,1.35116112
5303,1.50283700
5304,2.13504781
5305,2.22741059
5306,0.72233394
5307,2.16617247
5308,0.19629082
5309,0.52814500
5310,1.06424067
5311,0.19234548
5312,0.87941936
5313,0.06902266
5314,2.04294453
5315,1.71476791
5316,0.65939253
5317,1.32678061
5318,0.98839958
5319,2.07831046
5320,0.74534001
5321,0.59925573
5322,1.96892783
5323,1.91776032
5324,1.78422771
5325,0.16203775
5326,0.10475729
5327,2.35834670
5328,2.46589660
5329,0.51917559
5330,1.24658544
5331,1.17495908
5332,0.71944867
5333,0.19939675
5334,0.64165300
5335,2.43663613
5336,1.12272959
5337,0.52250732
5338,0.19179137
5339,1.63782150
5340,2.13122276
5341,0.63889712
5342,1.91314153
5343,0.05474211
5344,0.32780747
5345,1.61967223
5346,0.23897772
5347,1.17911949
5348,1.22876164
5349,0.07101648
5350,2.08542813
5351,1.87253890
5352,2.00505980
5353,1.65440159
5354,0.71422278
5355,1.76194700
5356,1.44954848
5357,1.58118818
5358,1.90736853
5359,0.73375501
5360,2.31756731
5361,1.17183852
5362,0.80151260
5363,1.33848666
5364,2.46776821
5365,1.78707192
5366,0.24175200
5367,0.69979710
5368,1.70786123
5369,2.42844850
5370,1.36632505
5371,1.37105187
5372,0.00195302
5373,0.38828291
5374,2.04344793
5375,0.61363406
5376,1.36032860
5377,1.73151499
5378,1.51013482
5379,1.94295649
5380,1.63383753
5381,0.78534839
5382,1.48486433
5383,1.76529440
5384,0.17583746
5385,2.44906330
5386,1.57059079
5387,2.47360559
5388,2.18743315
5389,0.07941304
5390,0.20936212
5391,2.17016394
5392,0.62308017
5393,2.31199383
5394,2.48378069
5395,1.94987875
5396,1.58385970
5397,1.11335993
5398,2.30437062
5399,1.59462370
5400,0.23734484
5401,1.84154413
5402,0.84054595
5403,0.34431438
5404,0.92936938
5405,2.17742287
5406,1.88225735
5407,0.96378609
5408,2.08916063
5409,1.41873532
5410,0.85925545
5411,0.25886251
5412,1.72875115
5413,0.62829271
5414,1.28232152
5415,0.60739269
5416,1.60066165
5417,0.14890990
5418,0.70711497
5419,1.58602128
5420,2.13748312
5421,1.84917926
5422,0.73064910
5423,1.00775953
5424,1.27106129
5425,2.40017451
5426,0.44950470
5427,2.00024993
5428,0.28814345
5429,2.12847755
5430,0.28117351
5431,0.96988812
5432,0.93749288
5433,1.69176760
5434,0.80156913
5435,2.04378596
5436,2.49883936
5437,1.82163098
5438,0.05403908
5439,0.24343767
5440,2.03829002
5441,1.03573025
5442,1.29943747
5443,2.14344263
5444,1.80990713
5445,1.33644820
5446,0.76129209
5447,0.20375196
5448,0.28645395
5449,0.13438517
5450,1.01388236
5451,2.40291615
5452,0.28027222
5453,1.30597587
5454,1.56191110
5455,2.38704244
5456,2.52290327
5457,1.66279125
5458,1.47068817
5459,1.79379053
5460,1.10516078
5461,1.97896025
5462,2.12214087
5463,0.54517509
5464,1.34009990
5465,0.79445912
5466,0.31742447
5467,1.06715070
5468,1.53389144
5469,1.31265345
5470,0.97441460
5471,1.40939309
5472,1.28017965
5473,0.06907141
5474,1.74973851
5475,2.00033681
5476,1.17040635
5477,1.65189287
5478,0.61327893
5479,1.84961403
5480,1.15389570
5481,1.62504236
5482,1.70570757
5483,1.09525812
5484,0.47477323
5485,2.37850182
5486,2.10094924
5487,0.97177380
5488,0.95963959
5489,2.14903887
5490,1.90751273
5491,0.70328016
5492,2.08249836
5493,0.85891849
5494,2.13434646
5495,0.28021766
5496,2.40255915
5497,0.92801272
5498,2.33544059
5499,0.62537463
5500,0.94628302
5501,0.64284633
5502,1.48710210
5503,0.64300003
5504,1.71079989
5505,1.72358439
5506,1.94572287
5507,1.14943833
5508,1.08508267
5509,0.63506380
5510,1.23342474
5511,1.33929950
5512,0.70368365
5513,1.41467068
5514,0.43617588
5515,1.06116106
5516,0.82409551
5517,1.35331363
5518,1.96604781
5519,0.07827315
5520,1.11523039
5521,0.25498405
5522,0.89887752
5523,1.86660716
5524,1.61108367
5525,1.81725311
5526,2.06452298
5527,0.86296860
5528,0.94608011
5529,0.47752533
5530,0.83104373
5531,1.56753160
5532,1.69924933
5533,1.80047998
5534,1.36122727
5535,0.12849103
5536,1.63661482
5537,2.14789130
5538,2.21280676
5539,0.05772533
5540,0.95626596
5541,1.24586809
5542,1.58225910
5543,2.01824942
5544,0.06966605
5545,2.28276032
5546,1.10626832
5547,2.45037136
5548,2.00061167
5549,1.00542782
5550,2.41033957
5551,1.17866159
5552,0.27513955
5553,0.50896505
5554,1.35937486
5555,1.92301456
5556,0.78880068
5557,2.37824316
5558,0.65015324
5559,2.47851481
5560,1.64483690
5561,1.86272223
5562,0.98064784
5563,1.34868355
5564,0.89472609
5565,1.28093976
5566,2.13512558
5567,1.94577830
5568,2.09134609
5569,1.04670376
5570,0.75351619
5571,1.50116722
5572,2.41470492
5573,1.78991700
5574,0.58979988
5575,2.00960106
5576,2.24653287
5577,1.86869008
5578,1.84003270
5579,1.71728002
5580,1.43531132
5581,0.99967128
5582,1.82023224
5583,1.06829939
5584,0.44951961
5585,2.27144560
5586,2.32248209
5587,0.31878271
5588,2.03972954
5589,1.57372973
5590,0.83862333
5591,0.83610477
5592,0.37010017
5593,1.13136472
5594,0.53779178
5595,1.70551639
5596,2.39723846
5597,0.75412036
5598,0.65517638
5599,1.32247499
5600,0.29316269
5601,0.35973984
5602,0.44936159
5603,2.10172373
5604,1.27572915
5605,1.99599819
5606,2.11244713
5607,0.76481756
5608,0.44447485
5609,0.15342619
5610,1.86188914
5611,1.36524000
5612,2.15939914
5613,1.66267987
5614,0.43054958
5615,1.22890410
5616,1.02844561
5617,0.30418514
5618,0.35862362
5619,1.78885351
5620,1.67687595
5621,1.06562851
5622,0.31669553
5623,0.65236760
5624,1.11401430
5625,1.87391805
5626,1.05206455
5627,1.91361057
5628,0.92510020
5629,1.52732885
5630,1.89709928
5631,1.06283527
5632,1.19002285
5633,0.13724395
5634,0.28522723
5635,1.72657885
5636,0.24503189
5637,0.47727085
5638,1.23101865
5639,2.35254086
5640,2.52826169
5641,1.96497339
5642,0.91704832
5643,0.45092943
5644,1.03464413
5645,0.15988561
5646,0.72175638
5647,1.79519336
5648,1.56987787
5649,2.35821432
5650,0.79549321
5651,1.05808282
5652,1.86354271
5653,0.63869047
5654,0.60762865
5655,2.48091414
5656,0.88207385
5657,2.22140244
5658,1.02151900
5659,2.28048128
5660,2.10214282
5661,0.74327798
5662,0.12730636
5663,1.68510122
5664,0.86467571
5665,0.83718558
5666,1.81423094
5667,1.04346276
5668,0.70200500
5669,2.18328310
5670,2.01794768
5671,2.04651938
5672,0.82758801
5673,2.47866561
5674,1.29450290
5675,0.80009650
5676,0.35264997
5677,2.05356538
5678,1.78816776
5679,2.37564641
5680,0.23677303
5681,0.13861942
5682,2.25639916
5683,0.63871934
5684,0.84035419
5685,0.32193312
5686,1.27135888
5687,0.52446880
5688,0.15158854
5689,2.41980775
5690,0.35089130
5691,0.93066762
5692,0.50803313
5693,2.08911504
5694,1.98110053
5695,2.33077772
5696,1.20392921
5697,1.99507412
5698,2.05708813
5699,2.12813437
5700,0.39687096
5701,1.24368701
5702,1.66094409
5703,0.77596622
5704,1.98981898
5705,1.61213752
5706,2.03637772
5707,1.88830561
5708,1.10552573
5709,0.29543760
5710,0.61275806
5711,1.25622547
5712,2.41459938
5713,0.52559230
5714,2.07011041
5715,0.65000118
5716,1.49111760
5717,2.28443540
5718,1.13712846
5719,0.55805513
5720,0.78601563
5721,1.89222322
5722,1.69762788
5723,1.58968125
5724,0.54011141
5725,1.91342244
5726,2.12537866
5727,1.17129456
5728,0.69773132
5729,1.54117346
5730,1.99410973
5731,1.15309784
5732,1.42198476
5733,1.89684231
5734,2.32590025
5735,0.20181416
5736,1.74667072
5737,0.16153075
5738,0.68280200
5739,1.72737241
5740,0.44298346
5741,1.68708021
5742,1.98421659
5743,1.72777513
5744,2.08813943
5745,1.54749150
5746,1.27529877
5747,2.50107314
5748,0.86410484
5749,0.43634736
5750,1.25541080
5751,1.48691389
5752,0.91811696
5753,2.41667872
5754,0.84168353
5755,0.47280424
5756,1.35876596
5757,0.56407548
5758,1.59241464
5759,0.73943359
5760,0.92931585
5761,1.74082788
5762,1.72299462
5763,0.12107895
5764,1.43320010
5765,1.43617099
5766,0.91188186
5767,0.93872380
5768,1.53633087
5769,1.98306823
5770,1.97970596
5771,2.14397067
5772,1.34926157
5773,0.65314899
5774,1.85835777
5775,0.41649347
5776,0.04950521
5777,0.35282704
5778,0.13628053
5779,1.07111788
5780,1.00380864
5781,2.44563791
5782,2.16199355
5783,2.09732192
5784,1.86643581
5785,0.45961334
5786,0.39425439
5787,2.07924536
5788,1.93324676
5789,0.12230209
5790,1.05220286
5791,0.68569561
5792,1.40312752
5793,1.14605210
5794,1.18307817
5795,1.57545060
5796,1.96278997
5797,2.25605273
5798,1.23088926
5799,0.95821586
5800,2.16839612
5801,0.06172004
5802,1.95240998
5803,0.13783684
5804,0.74939840
5805,2.34053165
5806,0.78826657
5807,0.12482987
5808,0.32071871
5809,2.42555094
5810,1.03980757
5811,0.93392530
5812,2.29440413
5813,2.15164546
5814,0.62615324
5815,0.30427782
5816,2.26962336
5817,0.96670615
5818,1.16767061
5819,0.39907141
5820,1.04130247
5821,2.26592199
5822,2.30438091
5823,0.48163703
5824,1.62927780
5825,0.35896987
5826,1.28252516
5827,1.98911635
5828,0.65676012
5829,1.49280456
5830,0.49310342
5831,0.70869187
5832,1.62433148
5833,0.85430851
5834,0.55105408
5835,0.81454223
5836,1.93257549
5837,1.05800448
5838,1.52405491
5839,0.66012283
5840,1.58147579
5841,0.10726197
5842,0.14428430
5843,0.55062776
5844,2.00237511
5845,0.44408487
5846,1.06407832
5847,2.51912876
5848,0.59058351
5849,0.37082674
5850,0.70045880
5851,1.34899805
5852,2.27476746
5853,0.07968613
5854,1.34779019
5855,0.04496361
5856,2.51503674
5857,1.15810842
5858,1.71510755
5859,0.65419154
5860,1.20189374
5861,2.08842282
5862,0.29923293
5863,0.54490158
5864,0.76975771
5865,2.08406240
5866,2.28191262
5867,1.90154617
5868,0.62198305
5869,0.80071334
5870,1.86484297
5871,1.12763398
5872,0.88184517
5873,2.52669108
5874,0.65019980
5875,1.97644590
5876,0.44733907
5877,2.31302882
5878,0.72276369
5879,2.33629533
5880,1.80134919
5881,2.21665531
5882,1.61378558
5883,0.26152904
5884,1.00741130
5885,2.48330991
5886,0.31491886
5887,1.35000436
5888,1.32248308
5889,1.10704849
5890,0.71166784
5891,0.78225414
5892,0.51630801
5893,0.66534669
5894,0.09452044
5895,1.89989549
5896,2.26532120
5897,0.55886124
5898,0.14599469
5899,0.97431065
5900,0.27390055
5901,1.08028092
5902,0.64648050
5903,1.46216936
5904,1.88083177
5905,2.22196838
5906,1.81656104
5907,2.09961499
5908,2.52316373
5909,1.01720830
5910,0.39699012
5911,0.43133421
5912,1.17912477
5913,1.76070011
5914,2.10808118
5915,0.42156866
5916,1.32800269
5917,0.19403477
5918,1.45234468
5919,2.19365963
5920,0.87358167
5921,1.71897061
5922,1.60451968
5923,1.68374649
5924,0.46288518
5925,1.29225974
5926,0.13941474
5927,1.04571125
5928,0.13562756
5929,2.44778431
5930,0.87699234
5931,0.62842365
5932,2.28925440
5933,1.09596532
5934,1.29687342
5935,2.20064243
5936,1.32548206
5937,0.99512723
5938,1.87063786
5939,0.76395556
5940,0.38358113
5941,1.82037558
5942,1.26135473
5943,2.52918855
5944,1.38448970
5945,2.27299726
5946,0.10864606
5947,0.05876393
5948,0.88964971
5949,2.11621204
5950,1.20511018
5951,1.54569922
5952,0.92020498
5953,0.87599620
5954,0.83801130
5955,0.71956710
5956,0.09159426
5957,1.71546028
5958,0.78273662
5959,2.32964598
5960,1.49575457
5961,0.39463969
5962,0.74577119
5963,0.46101942
5964,1.91335106
5965,0.64165346
5966,1.41651411
5967,1.09920787
5968,0.93277600
5969,2.19696010
5970,1.29877770
5971,0.78654242
5972,0.43231640
5973,0.75646615
5974,0.48034764
5975,1.68392548
5976,1.88529013
5977,1.51324220
5978,1.80436897
5979,1.89755356
5980,1.45424276
5981,0.47845181
5982,1.62374478
5983,0.06097064
5984,1.20797016
5985,0.40775389
5986,1.76751544
5987,1.69355685
5988,0.84005221
5989,1.48237092
5990,1.80387496
5991,1.29624036
5992,0.64580378
5993,0.28641013
5994,2.20943161
5995,0.22324077
5996,0.50333070
5997,1.97792631
5998,0.12617754
5999,0.36345493
6000,0.94255093
6001,0.38318453
6002,0.10338392
6003,1.96582410
6004,0.43863395
6005,2.31702778
6006,0.12500768
6007,0.69379184
6008,1.44789079
6009,0.25290856
6010,1.21317046
6011,1.23462891
6012,1.52166074
6013,2.34840411
6014,1.03601055
6015,2.30464994
6016,0.55351941
6017,1.65742954
6018,1.08676363
6019,1.96756870
6020,1.32024578
6021,2.16479933
6022,0.39255778
6023,0.66986483
6024,1.38074662
6025,1.60957070
6026,0.96124158
6027,2.03700518
6028,0.95951618
6029,2.36743862
6030,2.36049533
6031,0.10825706
6032,1.62635313
6033,2.18174890
6034,0.12813820
6035,1.87226961
6036,1.47775989
6037,1.31157163
6038,0.69413075
6039,1.86325239
6040,0.55861411
6041,0.46278756
6042,0.88722550
6043,2.51355425
6044,1.02914967
6045,0.36284063
6046,1.01385510
6047,1.94128362
6048,1.58285939
6049,1.82073934
6050,2.09482062
6051,0.73781258
6052,0.88043201
6053,2.17422627
6054,0.96940110
6055,1.29936267
6056,2.11265720
6057,1.59580481
6058,2.31542429
6059,0.03715257
6060,1.57147259
6061,1.29367259
6062,1.04169367
6063,0.75092112
6064,0.95475398
6065,2.07360147
6066,1.20803194
6067,0.55780652
6068,1.75916504
6069,2.07819028
6070,1.03019678
6071,0.33064441
6072,1.88771669
6073,1.75200250
6074,1.75891514
6075,0.03614243
6076,0.30357871
6077,2.45172497
6078,1.40531585
6079,0.65931705
6080,0.12602173
6081,1.20614802
6082,0.82176413
6083,0.39448342
6084,1.61707319
6085,0.45595941
6086,2.40240230
6087,0.58865934
6088,2.25409777
6089,0.90012755
6090,0.74141558
6091,1.92321600
6092,1.28205887
6093,0.35585709
6094,2.13094199
6095,1.39590798
6096,1.44223117
6097,0.95806638
6098,2.09288492
6099,1.55849745
6100,0.18658870
6101,2.24393981
6102,1.43535002
6103,0.69124365
6104,0.10465178
6105,0.10591337
6106,0.31023233
6107,0.65168915
6108,1.33906629
6109,0.57224146
6110,1.99911216
6111,1.33517297
6112,1.08629684
6113,1.08845593
6114,0.61010439
6115,1.36416596
6116,0.59055481
6117,0.81928113
6118,1.29427682
6119,1.60995715
6120,0.83107828
6121,1.82881064
6122,0.90695662
6123,2.32074175
6124,0.37764109
6125,1.46523667
6126,0.89947099
6127,1.15330518
6128,0.29336188
6129,0.85727415
6130,0.47858538
6131,1.71480787
6132,1.96646699
6133,1.99271133
6134,2.31351334
6135,0.97062643
6136,1.62222423
6137,2.42463945
6138,1.26683097
6139,1.31860503
6140,1.66256151
6141,0.07686097
6142,2.15339886
6143,1.05516849
6144,1.91480089
6145,0.33610505
6146,1.24847177
6147,1.44263532
6148,1.95991166
6149,1.51348013
6150,1.57766676
6151,2.34417722
6152,0.68627095
6153,1.13781504
6154,2.23361744
6155,1.15736907
6156,1.50075741
6157,1.28184930
6158,2.46968674
6159,1.72185083
6160,1.96011088
6161,0.08113471
6162,1.00108624
6163,1.89510480
6164,0.42656426
6165,1.97688816
6166,2.33579866
6167,1.93036211
6168,1.83350356
6169,0.69773277
6170,0.30686837
6171,2.38002065
6172,1.06944729
6173,2.28599513
6174,1.69249098
6175,2.36183920
6176,0.06433723
6177,2.02786223
6178,1.87430785
6179,1.42792628
6180,0.41293970
6181,0.51603805
6182,2.35627344
6183,0.98834417
6184,1.90821040
6185,2.47481573
6186,0.57824428
6187,0.16945882
6188,0.08984148
6189,1.09388673
6190,2.09105290
6191,2.02739849
6192,1.49723557
6193,0.00722800
6194,0.62476013
6195,0.37678859
6196,0.39677584
6197,0.33652166
6198,0.08746800
6199,1.27783695
6200,0.86606034
6201,0.89398203
6202,0.69933432
6203,2.00599303
6204,0.73563140
6205,0.39840713
6206,0.71606439
6207,0.63146436
6208,0.87900620
6209,0.96241221
6210,0.57686499
6211,1.59317449
6212,0.39333319
6213,2.30538954
6214,2.23958976
6215,1.25139478
6216,1.85223978
6217,0.54277859
6218,0.73882702
6219,2.30352219
6220,1.20127286
6221,1.87821728
6222,2.05970137
6223,1.77946012
6224,1.14846179
6225,0.96222844
6226,0.15229126
6227,2.19250302
6228,1.75673045
6229,0.15923935
6230,2.11471013
6231,0.72212779
6232,2.15800608
6233,0.37939785
6234,0.05610172
6235,2.17732885
6236,2.25512444
6237,1.25065086
6238,2.31567531
6239,0.22679345
6240,0.38058149
6241,2.46217756
6242,2.38248932
6243,1.76168343
6244,0.84922615
6245,1.81040566
6246,0.00078852
6247,0.89896985
6248,2.16081980
6249,0.57962440
6250,0.32639877
6251,1.24564505
6252,1.70849503
6253,0.78817973
6254,2.07398115
6255,2.30008076
6256,0.54960401
6257,0.97602828
6258,2.11794590
6259,1.27440712
6260,1.89376074
6261,0.79419251
6262,2.07409422
6263,2.11710126
6264,1.96548562
6265,2.22907696
6266,0.99210646
6267,1.30938858
6268,2.04624829
6269,1.83279441
6270,1.36079039
6271,0.08960660
6272,0.55102651
6273,1.15075842
6274,1.90904971
6275,2.29390947
6276,2.50169930
6277,0.97556565
6278,2.44986245
6279,0.96815052
6280,0.46078597
6281,2.35498346
6282,0.26816142
6283,1.20829976
6284,1.96585305
6285,1.58914367
6286,2.15743988
6287,1.34580478
6288,1.12895893
6289,0.85689858
6290,1.58107151
6291,1.43161471
6292,1.28981086
6293,1.72370687
6294,1.28343872
6295,1.75923106
6296,1.26779067
6297,1.96634837
6298,0.51580874
6299,0.91317742
6300,0.77467058
6301,2.22825507
6302,1.47307903
6303,2.38687859
6304,1.41395119
6305,2.37339220
6306,1.87450550
6307,2.26708042
6308,0.75706993
6309,2.52432110
6310,0.76130868
6311,1.89891407
6312,1.57216365
6313,0.90071103
6314,0.26346695
6315,0.11464006
6316,0.02713777
6317,1.39768582
6318,1.42291014
6319,0.27542945
6320,0.09710564
6321,0.04930484
6322,1.46964963
6323,1.91216123
6324,2.27829671
6325,1.18907702
6326,1.88270089
6327,0.60286054
6328,0.12408469
6329,1.46021367
6330,0.82563627
6331,1.01746191
6332,0.29074218
6333,1.75340633
6334,2.23961997
6335,1.88303743
6336,0.34498247
6337,0.68926676
6338,0.49757988
6339,2.51206429
6340,0.98678969
6341,0.37300694
6342,2.06360983
6343,0.53882074
6344,0.19940430
6345,0.94217212
6346,0.09339754
6347,1.16258730
6348,1.10496301
6349,0.79210101
6350,1.41105409
6351,1.99848638
6352,0.86544598
6353,0.68874322
6354,1.61493398
6355,1.06566637
6356,0.65750485
6357,2.39812715
6358,0.53156263
6359,1.01208496
6360,0.73980718
6361,2.05131444
6362,1.68436355
6363,2.30567857
6364,0.68569285
6365,2.09180838
6366,1.69371838
6367,0.28547740
6368,0.63537184
6369,2.12786616
6370,1.10304820
6371,0.40956775
6372,0.32988893
6373,0.73955854
6374,1.64159588
6375,0.34156088
6376,0.39644176
6377,2.16635888
6378,0.66830015
6379,1.72785174
6380,2.11272836
6381,1.89631257
6382,1.59094491
6383,1.14053043
6384,1.78611962
6385,0.92742869
6386,1.93603004
6387,1.77015485
6388,0.28888710
6389,0.01772409
6390,1.68342031
6391,1.20862603
6392,1.54088578
6393,1.68670775
6394,1.18822324
6395,0.33424289
6396,1.47104720
6397,0.73451943
6398,1.26963567
6399,0.07234284
6400,2.43339804
6401,0.46288236
6402,2.51747826
6403,2.01071598
6404,0.97774329
6405,1.43407163
6406,0.55489650
6407,0.03271490
6408,1.25224756
6409,0.17775883
6410,0.45043763
6411,0.16557620
6412,1.40135001
6413,1.69147049
6414,2.43696775
6415,0.61796048
6416,2.12463446
6417,1.49120733
6418,0.03372315
6419,0.92611890
6420,2.48451673
6421,1.85489572
6422,1.69770175
6423,1.77519685
6424,2.42830888
6425,1.36525226
6426,0.34513616
6427,0.12818418
6428,1.44046055
6429,0.44974316
6430,2.37189035
6431,2.47618305
6432,1.43160504
6433,1.54939917
6434,0.32972193
6435,2.05710075
6436,1.07939361
6437,1.91269179
6438,1.08635784
6439,2.03423129
6440,0.30828970
6441,2.47048843
6442,1.73628785
6443,0.87472096
6444,1.04252327
6445,0.54497516
6446,1.29259597
6447,2.26929949
6448,1.20911474
6449,0.84258368
6450,1.17306421
6451,1.05602668
6452,1.07446389
6453,1.31050245
6454,1.82378527
6455,1.81840155
6456,0.07128969
6457,2.38454789
6458,0.89499772
6459,1.11600552
6460,1.30926297
6461,2.30147074
6462,0.10425360
6463,2.13940117
6464,1.71824353
6465,1.35883272
6466,1.02241190
6467,1.35916936
6468,1.77688653
6469,1.14437506
6470,2.34843326
6471,1.44085975
6472,1.16211317
6473,2.30278355
6474,0.07021365
6475,2.28577656
6476,1.23537341
6477,0.35222462
6478,1.76266835
6479,0.63889826
6480,1.21506679
6481,1.36325195
6482,2.45910869
6483,1.72849333
6484,1.14889995
6485,1.64993280
6486,1.66082438
6487,0.37826426
6488,0.97116063
6489,0.44568685
6490,0.29953963
6491,0.84490458
6492,0.09696341
6493,0.47259542
6494,0.46861451
6495,1.37625595
6496,1.08190507
6497,0.27766579
6498,2.52255724
6499,1.90631234
6500,1.73756454
6501,1.63755734
6502,1.84952515
6503,0.49713593
6504,1.85035048
6505,0.93382622
6506,0.51474591
6507,0.74294367
6508,2.10190285
6509,1.04612800
6510,2.22428897
6511,2.52398739
6512,2.38508158
6513,1.22087076
6514,1.43573895
6515,1.53328354
6516,0.23298515
6517,1.92381087
6518,2.03940428
6519,0.51258720
6520,0.86453780
6521,1.61171382
6522,2.42421862
6523,0.91304274
6524,2.23160208
6525,0.17743796
6526,1.39452796
6527,0.76278505
6528,2.18998407
6529,0.47839783
6530,0.24311038
6531,0.96927084
6532,1.92217515
6533,1.86638182
6534,0.87160196
6535,1.84944762
6536,0.38074208
6537,1.14202015
6538,2.22372286
6539,0.41649236
6540,0.61736363
6541,0.91615267
6542,0.54385113
6543,1.34997335
6544,1.06878395
6545,1.51215549
6546,0.05227307
6547,2.06688796
6548,1.00810239
6549,0.17456076
6550,1.57434220
6551,0.44631521
6552,0.54773741
6553,1.91978922
6554,0.18452433
6555,2.40292789
6556,0.62487162
6557,1.53901698
6558,0.30438276
6559,2.53518387
6560,2.41865375
6561,1.66436440
6562,0.67908224
6563,0.92055859
6564,1.47479771
6565,0.70712418
6566,1.48975837
6567,2.29993650
6568,0.37369117
6569,0.69203902
6570,2.44091182
6571,2.18315753
6572,0.08697894
6573,0.25274712
6574,1.63891247
6575,2.11861526
6576,2.48189211
6577,0.32995145
6578,1.20524195
6579,1.30182816
6580,2.16340048
6581,1.23397101
6582,0.09867751
6583,0.19142870
6584,1.26906134
6585,0.34213954
6586,1.29960429
6587,1.49216534
6588,1.28594400
6589,1.46723046
6590,0.03977971
6591,1.76369835
6592,0.09387801
6593,1.27283568
6594,0.38386348
6595,1.02341674
6596,2.04963825
6597,2.13183424
6598,2.24414167
6599,1.75935197
6600,1.35453304
6601,2.03454855
6602,0.17687421
6603,0.08029052
6604,2.23749583
6605,1.83168114
6606,1.08871477
6607,0.64700669
6608,2.46445517
6609,0.54372716
6610,0.64192212
6611,2.39333274
6612,1.92654214
6613,2.15617739
6614,2.38045436
6615,2.42839458
6616,0.99566924
6617,0.62481838
6618,1.42513117
6619,0.97063121
6620,0.85338741
6621,1.46697515
6622,2.26740148
6623,1.38742885
6624,0.85975257
6625,0.47973359
6626,2.11173588
6627,1.61599797
6628,0.55040475
6629,2.05862490
6630,0.20292286
6631,0.22357723
6632,0.74251141
6633,1.98845459
6634,1.33244560
6635,1.75382622
6636,2.29880483
6637,2.50186974
6638,2.12767379
6639,1.11114799
6640,1.38187299
6641,0.00403438
6642,0.19927029
6643,1.11100328
6644,0.82767113
6645,1.32637607
6646,0.01461593
6647,2.40620521
6648,1.22159602
6649,0.41330792
6650,1.62190890
6651,1.46303708
6652,1.79403208
6653,2.50842693
6654,1.11563993
6655,0.00028574
6656,0.50863591
6657,1.03438759
6658,0.63971789
6659,1.23527432
6660,1.60207652
6661,1.32840725
6662,0.13538974
6663,0.06381282
6664,0.07064956
6665,1.73660122
6666,1.03031697
6667,1.39770548
6668,1.01346352
6669,1.75146241
6670,2.51199866
6671,1.55481128
6672,0.52111600
6673,1.84090553
6674,0.54209005
6675,1.74572547
6676,1.45567957
6677,0.02924988
6678,0.47810733
6679,0.57524270
6680,0.95757951
6681,2.24207252
6682,1.80091249
6683,1.21657365
6684,1.02865617
6685,0.07594767
6686,0.55204953
6687,2.23083938
6688,0.95751167
6689,0.69511150
6690,2.38484552
6691,0.56307833
6692,2.03003994
6693,0.96725636
6694,0.92580366
6695,0.84693461
6696,0.68492237
6697,0.66804453
6698,0.71447219
6699,1.17875552
6700,1.12421335
6701,0.04866694
6702,0.99971031
6703,2.07797461
6704,1.90917099
6705,0.32104495
6706,0.52573948
6707,1.59547505
6708,1.59415839
6709,0.12729904
6710,0.78850279
6711,1.29548873
6712,1.72884570
6713,1.42646262
6714,1.63077599
6715,2.24806403
6716,2.22180476
6717,0.50880849
6718,2.20153732
6719,0.53578378
6720,0.00871512
6721,1.98056093
6722,2.29931291
6723,0.26279297
6724,1.90815926
6725,0.20485722
6726,2.32073246
6727,1.17606088
6728,1.23627841
6729,2.30858723
6730,0.77092428
6731,1.37106419
6732,0.25580975
6733,0.44889638
6734,1.35582141
6735,2.19708246
6736,0.94082935
6737,0.01425442
6738,0.58974240
6739,1.26139946
6740,0.16188792
6741,0.36413906
6742,0.57025310
6743,2.13694981
6744,1.08227909
6745,0.35218125
6746,1.36311231
6747,1.45821661
6748,1.56407465
6749,1.87334961
6750,1.43782460
6751,0.13205804
6752,1.50753987
6753,1.53591438
6754,1.27487169
6755,0.36644379
6756,0.52250300
6757,1.58979475
6758,1.95381018
6759,0.18532382
6760,1.92966961
6761,1.14361532
6762,1.59373476
6763,1.99252282
6764,0.21315690
6765,1.84931218
6766,1.88528906
6767,1.18678621
6768,0.65368184
6769,1.45688038
6770,1.48826759
6771,1.02250250
6772,1.33332515
6773,1.86832309
6774,2.00944168
6775,2.39567649
6776,2.46895515
6777,0.05967618
6778,2.29458338
6779,2.23631395
6780,2.52928677
6781,2.00868334
6782,2.40126827
6783,2.48823527
6784,0.34033923
6785,0.30531590
6786,1.42326901
6787,2.32227305
6788,1.34840683
6789,1.28565222
6790,2.17385302
6791,1.48282801
6792,2.09072774
6793,1.53085732
6794,1.31260969
6795,1.26259281
6796,2.01493848
6797,0.31222935
6798,0.85945997
6799,0.24673684
6800,1.67061054
6801,1.02691301
6802,2.26912360
6803,0.86489278
6804,2.32695967
6805,0.79036796
6806,2.39250412
6807,2.27806314
6808,0.73306015
6809,1.34863830
6810,0.18860555
6811,1.57495864
6812,1.72139499
6813,1.16771952
6814,1.09426916
6815,1.25268563
6816,1.99985318
6817,0.50670522
6818,2.11787022
6819,1.81820140
6820,1.00635456
6821,2.46975056
6822,1.47907735
6823,1.29361956
6824,1.34389485
6825,0.86841967
6826,1.33800519
6827,0.23716831
6828,1.53703584
6829,0.86246092
6830,1.67476369
6831,1.53120650
6832,2.51679510
6833,1.87195975
6834,0.02034417
6835,0.30436749
6836,1.25598553
6837,1.36960136
6838,1.20782114
6839,1.85740021
6840,2.36856133
6841,0.15729417
6842,1.58979696
6843,0.73216335
6844,0.99040812
6845,2.42103209
6846,0.17014839
6847,0.52025103
6848,1.27787667
6849,1.89643833
6850,2.41316516
6851,2.46703572
6852,2.35315777
6853,1.97225428
6854,1.14227609
6855,0.72191047
6856,2.18760802
6857,1.89615661
6858,1.80115327
6859,1.95604270
6860,2.32417113
6861,1.38530281
6862,0.64747303
6863,0.02986977
6864,0.60892969
6865,1.66428949
6866,0.93519629
6867,0.49875754
6868,0.33623239
6869,0.08765982
6870,1.44722975
6871,1.66773372
6872,2.41949817
6873,1.98290194
6874,0.39583702
6875,0.52152436
6876,2.45107835
6877,0.73662492
6878,1.37034264
6879,2.03894337
6880,1.62172815
6881,0.09953103
6882,1.19729401
6883,1.35050520
6884,1.36213731
6885,0.28317407
6886,2.44327818
6887,1.26796367
6888,1.70496479
6889,1.94335116
6890,0.64029719
6891,0.06653577
6892,1.56048824
6893,2.30790403
6894,2.25507409
6895,2.22526933
6896,0.51633737
6897,2.24057296
6898,0.19309256
6899,0.72244928
6900,2.09322186
6901,0.23634510
6902,1.97994061
6903,2.01739813
6904,2.30014955
6905,2.17173114
6906,1.81946479
6907,0.42424349
6908,0.29513285
6909,0.20286274
6910,0.78902242
6911,0.79101741
6912,2.51311933
6913,2.16575937
6914,0.23735312
6915,1.19378542
6916,2.03184873
6917,0.99385519
6918,1.32342688
6919,2.22261797
6920,2.32436893
6921,0.43450644
6922,2.08101140
6923,1.14016456
6924,0.05731087
6925,0.76856990
6926,2.25570605
6927,0.46619687
6928,0.41893604
6929,2.42612396
6930,1.09796574
6931,2.31488346
6932,0.71250651
6933,0.15547703
6934,2.32175817
6935,0.81023866
6936,2.38418589
6937,1.70556258
6938,2.11713243
6939,0.81229810
6940,1.80741029
6941,2.06874342
6942,1.72203816
6943,2.34354083
6944,2.29744755
6945,1.43814453
6946,2.39024284
6947,1.80976508
6948,2.30879312
6949,0.36249167
6950,0.75754456
6951,0.38213707
6952,0.06092793
6953,1.66123788
6954,2.46170112
6955,1.59541866
6956,2.47008019
6957,2.08361373
6958,1.56915208
6959,1.01262304
6960,0.50169526
6961,2.42748339
6962,2.38683822
6963,2.27947478
6964,0.84634938
6965,1.89997289
6966,1.35773818
6967,2.08779103
6968,1.43745637
6969,0.02949381
6970,0.70365764
6971,0.68466025
6972,0.83310372
6973,0.87406235
6974,0.04560443
6975,1.29646653
6976,2.38476223
6977,1.56401766
6978,0.54030556
6979,2.46309826
6980,2.22244193
6981,2.23887854
6982,0.29633879
6983,1.78570396
6984,0.83410623
6985,2.02111691
6986,0.95004003
6987,0.62336642
6988,2.45617369
6989,2.16667827
6990,1.64410076
6991,1.21954427
6992,1.43550399
6993,1.67119369
6994,1.08585856
6995,1.03582406
6996,0.67342474
6997,1.58534878
6998,0.72485891
6999,1.05856497
7000,0.73045957
7001,2.31755476
7002,1.31607999
7003,0.38056819
7004,0.30724543
7005,1.95667558
7006,2.37631811
7007,0.57070921
7008,1.44700286
7009,1.23458085
7010,1.11242585
7011,1.77074024
7012,2.03855875
7013,2.07740494
7014,0.56065265
7015,1.52827764
7016,0.39429928
7017,0.47328504
7018,0.87718424
7019,1.45117142
7020,1.24840741
7021,0.11958242
7022,1.24666852
7023,0.43007783
7024,0.43554917
7025,2.18894265
7026,1.64227072
7027,0.62611074
7028,1.95809862
7029,2.48966274
7030,2.16425690
7031,0.37609849
7032,1.67342200
7033,1.03964805
7034,1.11742271
7035,0.46710774
7036,0.31772248
7037,2.46993838
7038,1.15887546
7039,0.41819795
7040,1.17745905
7041,1.15741124
7042,0.39547539
7043,1.87715146
7044,1.58667318
7045,1.82797177
7046,2.12883293
7047,2.22780558
7048,2.53513683
7049,1.78608016
7050,2.48866335
7051,2.50454714
7052,0.49200160
7053,0.99077362
7054,1.21998208
7055,1.18749514
7056,0.24642967
7057,0.99572209
7058,2.00229780
7059,1.29210035
7060,1.68986232
7061,1.75833192
7062,1.58906444
7063,0.03290032
7064,0.96831023
7065,1.89489479
7066,0.92926640
7067,2.45682955
7068,2.43295240
7069,1.29955593
7070,2.48705816
7071,0.52794868
7072,1.21879866
7073,2.34789989
7074,0.22723908
7075,1.29731636
7076,1.05563415
7077,0.98696694
7078,1.09921687
7079,1.52648854
7080,2.34342791
7081,0.13041704
7082,0.36816833
7083,1.74167619
7084,1.36925992
7085,1.83112786
7086,2.14376391
7087,2.08285155
7088,0.81107230
7089,0.54837078
7090,1.57373471
7091,0.13871524
7092,1.50679673
7093,1.57200787
7094,1.22946813
7095,2.16473890
7096,0.17031460
7097,0.04913098
7098,2.36377026
7099,2.13572508
7100,0.09341605
7101,1.82615366
7102,1.48806755
7103,0.36117120
7104,1.04907647
7105,1.51384458
7106,1.53992857
7107,0.51108574
7108,0.02963151
7109,0.16081309
7110,0.61130518
7111,0.79342030
7112,0.52382246
7113,0.86656853
7114,0.25767625
7115,0.99757658
7116,0.84947942
7117,0.76001535
7118,0.96652942
7119,2.18813472
7120,2.00072059
7121,0.32531323
7122,0.25100853
7123,1.42615563
7124,0.22172617
7125,2.05885239
7126,0.94394565
7127,2.48803271
7128,0.93257133
7129,1.37066656
7130,0.16128288
7131,0.43645958
7132,0.45972356
7133,2.38424843
7134,2.52143960
7135,1.61745410
7136,1.59116525
7137,1.93378832
7138,1.11844186
7139,2.36859564
7140,0.59236154
7141,2.31238127
7142,0.05013154
7143,1.49216155
7144,1.56221176
7145,1.92359442
7146,0.46018409
7147,0.86755057
7148,2.33501676
7149,0.50015683
7150,0.75060646
7151,1.46307623
7152,2.50533458
7153,0.83846082
7154,0.43684419
7155,0.31276774
7156,2.50417871
7157,0.64625557
7158,1.88473747
7159,0.18163155
7160,1.08640670
7161,1.48126701
7162,1.86356800
7163,1.60833113
7164,1.07115239
7165,0.41969608
7166,1.05118675
7167,1.17702239
7168,0.80158699
7169,0.36630491
7170,2.24337762
7171,0.49087338
7172,0.95777628
7173,1.17097887
7174,0.41980668
7175,1.98266842
7176,0.40734077
7177,2.10987598
7178,0.06656328
7179,0.06017559
7180,1.31127727
7181,1.35739607
7182,1.16310964
7183,2.32606915
7184,1.90264146
7185,2.09086871
7186,1.97529093
7187,2.08047115
7188,2.04644509
7189,2.25507735
7190,1.91984580
7191,0.46193691
7192,1.30322097
7193,1.78235871
7194,1.29064611
7195,1.28767485
7196,0.81359563
7197,0.43456926
7198,2.28805782
7199,0.92531229
7200,0.06400413
7201,0.90867972
7202,2.53337719
7203,0.04803036
7204,2.50624027
7205,0.48056371
7206,0.08693268
7207,2.52009483
7208,0.65987180
7209,2.46776686
7210,0.65592741
7211,0.89737069
7212,2.48906774
7213,0.65373064
7214,2.07950912
7215,2.12467020
7216,1.00879170
7217,0.30689585
7218,2.04752509
7219,0.39847264
7220,0.93524100
7221,0.51100747
7222,2.27973232
7223,0.70995178
7224,1.39214574
7225,1.70528581
7226,0.66749011
7227,1.44319266
7228,1.82080971
7229,2.49562331
7230,1.09328504
7231,0.87175009
7232,0.88555724
7233,1.41728400
7234,0.80063479
7235,1.03660257
7236,1.62222066
7237,1.86849480
7238,1.83381545
7239,1.66594800
7240,0.35722563
7241,1.71028241
7242,0.54700000
7243,2.15054833
7244,2.27582146
7245,0.70001606
7246,2.41924500
7247,1.60373426
7248,1.85770913
7249,1.84351911
7250,1.68967086
7251,0.34814233
7252,1.49295547
7253,2.47489545
7254,2.09214437
7255,1.14401503
7256,2.49023032
7257,2.28360632
7258,1.12551706
7259,2.15393142
7260,0.67382669
7261,0.37012636
7262,1.26981395
7263,2.05475402
7264,1.77106455
7265,0.78537207
7266,1.25026852
7267,1.95241991
7268,1.85033546
7269,2.40880580
7270,0.37804299
7271,1.87149905
7272,1.68947014
7273,0.71701623
7274,2.42845722
7275,1.25410430
7276,1.62001670
7277,2.51831495
7278,1.36383476
7279,1.68627933
7280,1.47475504
7281,2.12898249
7282,1.70674893
7283,0.36971557
7284,0.14197853
7285,2.28616172
7286,1.91354355
7287,0.32052111
7288,2.20410480
7289,1.67815359
7290,1.53939883
7291,1.90824899
7292,2.35364259
7293,0.76621938
7294,0.14194189
7295,1.71852167
7296,0.79103759
7297,1.82456437
7298,1.73300281
7299,1.71261160
7300,2.06110276
7301,0.39977161
7302,0.45830857
7303,1.31905408
7304,0.42397828
7305,1.27759568
7306,0.67898852
7307,2.49958922
7308,2.12423897
7309,2.00029825
7310,2.20088388
7311,0.62066384
7312,1.34620372
7313,1.56079416
7314,0.12654512
7315,0.63138968
7316,2.08982816
7317,0.65222151
7318,2.29674019
7319,1.19341704
7320,1.26819427
7321,0.31219764
7322,2.16222110
7323,1.03639217
7324,0.56255454
7325,0.42905294
7326,0.41852680
7327,1.96786037
7328,0.92947939
7329,1.50220160
7330,0.87985199
7331,2.34834947
7332,1.30545064
7333,1.17765007
7334,2.39346084
7335,2.06534367
7336,2.48659684
7337,1.94461350
7338,0.58069944
7339,1.17092139
7340,2.00393955
7341,0.58532477
7342,1.13327967
7343,0.32553187
7344,1.12338677
7345,1.40942349
7346,0.44404615
7347,1.51618789
7348,0.37504661
7349,1.25482452
7350,1.75659762
7351,1.85120698
7352,1.09786016
7353,0.43666685
7354,2.47659258
7355,1.37837736
7356,1.23502989
7357,0.09724851
7358,1.92326427
7359,1.99534159
7360,1.82465386
7361,1.15911305
7362,1.17593356
7363,2.08641548
7364,2.36477930
7365,1.50527392
7366,1.62198530
7367,2.12670433
7368,0.85917475
7369,0.44615720
7370,1.90660258
7371,1.56197421
7372,0.86408391
7373,2.13381529
7374,1.91269034
7375,0.08359979
7376,1.28325853
7377,1.78427302
7378,2.29880067
7379,1.79818602
7380,0.59959338
7381,0.38253659
7382,2.44407171
7383,2.17941429
7384,1.07471247
7385,1.04395145
7386,1.94264077
7387,1.63330726
7388,0.66775572
7389,1.23176493
7390,2.48035716
7391,1.13986774
7392,0.05248496
7393,0.26688040
7394,0.38651545
7395,1.65553107
7396,0.93229047
7397,1.67253032
7398,0.72542290
7399,2.00824515
7400,1.26053007
7401,2.37280660
7402,1.94017152
7403,1.21366006
7404,2.46645377
7405,0.81883059
7406,1.19020784
7407,0.90267246
7408,0.08164071
7409,0.78732112
7410,0.18032579
7411,0.29161848
7412,0.30140810
7413,0.94231963
7414,1.41050048
7415,1.43625329
7416,1.61290803
7417,0.47534906
7418,0.73446229
7419,0.32090667
7420,2.29594811
7421,0.39828820
7422,1.60226992
7423,1.25553645
7424,0.18876804
7425,2.10577462
7426,1.28517922
7427,1.42101476
7428,1.90304547
7429,0.77533077
7430,0.98337879
7431,0.36375686
7432,2.22619981
7433,0.96885413
7434,2.15220475
7435,2.16081121
7436,1.02909141
7437,1.51285325
7438,0.60145457
7439,1.21992633
7440,0.79928786
7441,2.35787470
7442,1.69813024
7443,2.27689097
7444,0.63104584
7445,0.52450432
7446,0.00497093
7447,1.48786953
7448,0.74537209
7449,0.69645884
7450,1.14407017
7451,1.44031814
7452,1.90486445
7453,2.24582548
7454,0.49266155
7455,1.25097223
7456,2.33132067
7457,0.80660557
7458,1.40578325
7459,1.12988738
7460,1.89883110
7461,1.84691026
7462,1.01150445
7463,0.67328607
7464,1.59773781
7465,2.36921950
7466,1.01838184
7467,1.26697030
7468,0.62619508
7469,2.24967993
7470,0.13756511
7471,0.96644685
7472,0.22821532
7473,1.11918597
7474,1.52117346
7475,0.27820559
7476,1.69019976
7477,0.67424922
7478,0.53455728
7479,0.85692762
7480,2.35600699
7481,2.23678543
7482,0.76500523
7483,0.07918880
7484,0.24870775
7485,1.14814440
7486,0.06471420
7487,1.74434315
7488,1.51859114
7489,1.04701783
7490,0.38031423
7491,2.42318730
7492,0.93348769
7493,0.62528889
7494,2.49786515
7495,1.90346108
7496,1.37456128
7497,0.88918392
7498,2.04996092
7499,1.78024442
7500,2.24267190
7501,2.47815708
7502,1.47076563
7503,2.09734721
7504,2.31601833
7505,0.52042192
7506,1.59213425
7507,2.15196162
7508,2.02724283
7509,1.87664714
7510,1.16528116
7511,2.19348889
7512,1.24494107
7513,0.74595612
7514,1.12662972
7515,2.09082430
7516,0.20031822
7517,0.03098804
7518,0.16041258
7519,0.33738917
7520,0.58841429
7521,0.34763651
7522,0.04645363
7523,0.68378939
7524,1.53143735
7525,1.88508460
7526,1.19981534
7527,2.34982113
7528,0.10989821
7529,2.23121693
7530,0.12196640
7531,1.52129055
7532,0.51947806
7533,1.81924555
7534,1.89470149
7535,2.06484202
7536,0.74751810
7537,0.40061319
7538,1.92786336
7539,1.74214747
7540,1.15261605
7541,1.09579126
7542,1.27133909
7543,2.42187870
7544,0.32085621
7545,1.51006698
7546,2.17636584
7547,0.25815326
7548,1.88398893
7549,2.07656734
7550,0.63033946
7551,0.87113981
7552,1.08460115
7553,2.50872731
7554,2.30214833
7555,2.35437284
7556,0.92961572
7557,2.24318006
7558,1.25784465
7559,1.51526814
7560,1.67170993
7561,1.86951424
7562,0.84931198
7563,0.94387025
7564,0.31637498
7565,2.20592935
7566,1.14844292
7567,2.43438939
7568,0.67076648
7569,1.59287558
7570,2.52808701
7571,1.77206126
7572,2.27069861
7573,2.36541431
7574,1.35506101
7575,0.46186330
7576,1.59523546
7577,1.65429797
7578,0.81533836
7579,0.46518795
7580,0.88302832
7581,1.97824510
7582,0.80692779
7583,2.01643479
7584,0.91943692
7585,2.03566997
7586,1.54498948
7587,2.38395207
7588,0.57368179
7589,1.95376640
7590,1.13765097
7591,0.52209128
7592,0.42249018
7593,0.62598410
7594,1.72241932
7595,2.15476431
7596,0.77011801
7597,0.86116165
7598,0.31002026
7599,1.34243943
7600,0.27976164
7601,0.79610839
7602,2.29775932
7603,1.31371901
7604,0.78601464
7605,1.91164108
7606,0.00218242
7607,1.87339916
7608,2.04553802
7609,1.23440485
7610,0.53901928
7611,0.56728201
7612,2.28262245
7613,1.81591496
7614,2.46921758
7615,0.48524137
7616,1.06530564
7617,1.98305083
7618,1.48629499
7619,1.22626480
7620,0.33670377
7621,2.39009129
7622,0.53795596
7623,1.82562491
7624,1.53125134
7625,1.98375214
7626,1.95435813
7627,1.16826226
7628,1.36424604
7629,0.19816088
7630,1.90477892
7631,0.71477074
7632,0.30110454
7633,0.11122831
7634,0.74159103
7635,0.33167791
7636,0.42850127
7637,1.02391586
7638,0.87831735
7639,0.68138737
7640,0.45590266
7641,1.54759969
7642,1.36763840
7643,0.99153761
7644,0.49184545
7645,1.98953441
7646,0.25785764
7647,0.96964380
7648,0.52399250
7649,1.84020505
7650,1.35722199
7651,2.30796358
7652,1.69060666
7653,1.63452414
7654,0.20058296
7655,0.02929263
7656,1.62465954
7657,1.98935446
7658,2.18561847
7659,2.50790422
7660,2.22260306
7661,1.40121342
7662,1.74275166
7663,0.89697186
7664,2.47996816
7665,2.47120481
7666,1.79400874
7667,0.58762014
7668,1.42640287
7669,1.73527552
7670,2.06230451
7671,1.63404045
7672,2.02575850
7673,1.96740838
7674,1.65636730
7675,0.29379564
7676,1.86984466
7677,1.18939003
7678,2.02533336
7679,0.27561955
7680,1.24171481
7681,0.80486261
7682,1.22428629
7683,2.49016495
7684,1.95219414
7685,2.23327875
7686,2.12536441
7687,0.15702273
7688,1.82885795
7689,1.88640580
7690,1.92096568
7691,0.64063036
7692,0.94799867
7693,1.64252707
7694,0.68945110
7695,1.28255335
7696,1.04471311
7697,0.19194943
7698,0.18273311
7699,0.52142208
7700,1.15189264
7701,2.32096556
7702,1.93416787
7703,0.77963914
7704,1.99229890
7705,2.05020806
7706,2.35327306
7707,1.77977582
7708,1.56509873
7709,1.70023631
7710,0.19012166
7711,1.50955244
7712,0.10700077
7713,1.60744715
7714,1.69016100
7715,0.95761779
7716,0.44067738
7717,1.30705364
7718,0.39710715
7719,0.96727773
7720,1.79001655
7721,0.08137133
7722,2.37244795
7723,2.24855115
7724,0.92817425
7725,2.08642315
7726,2.07099155
7727,1.80032831
7728,1.06284393
7729,0.91855787
7730,0.51556900
7731,2.03493254
7732,1.70329747
7733,2.45393962
7734,1.56872713
7735,0.01047916
7736,0.50812895
7737,0.11349929
7738,0.73573856
7739,1.45574332
7740,1.39900295
7741,1.53594629
7742,0.93213710
7743,2.31759040
7744,1.10847602
7745,0.59923687
7746,1.04717132
7747,0.97681852
7748,0.45637873
7749,1.45392111
7750,1.33870718
7751,0.03784488
7752,0.75927081
7753,0.29673583
7754,0.85990948
7755,0.42569569
7756,0.17193951
7757,0.94299005
7758,0.10405553
7759,0.17028569
7760,1.83654670
7761,0.56774483
7762,1.94083806
7763,1.05340818
7764,1.44308662
7765,2.11723948
7766,0.26785311
7767,0.05964842
7768,0.89680069
7769,2.41753821
7770,0.91008640
7771,1.03774124
7772,1.54022920
7773,0.00339416
7774,1.50257721
7775,1.66566312
7776,2.30482720
7777,1.63592862
7778,1.69025791
7779,0.23805562
7780,1.12753357
7781,0.53384601
7782,0.77297599
7783,0.18938397
7784,0.98160908
7785,0.38029041
7786,0.76719235
7787,0.08472190
7788,2.47216319
7789,1.03923348
7790,0.84477000
7791,1.74342912
7792,1.90266960
7793,1.72145528
7794,0.80096357
7795,1.38086997
7796,1.09067352
7797,1.91444425
7798,0.99432762
7799,2.34148629
7800,1.04717765
7801,0.55714416
7802,2.20266127
7803,0.17141899
7804,2.51996583
7805,2.50980953
7806,1.24771984
7807,0.80644229
7808,0.28644134
7809,1.14047341
7810,1.82373547
7811,0.52244641
7812,1.74117530
7813,0.78574440
7814,1.37364753
7815,2.01211446
7816,1.22884772
7817,1.66934038
7818,0.88086612
7819,1.47636140
7820,2.06174067
7821,2.23512339
7822,2.40821236
7823,0.72680773
7824,0.25830494
7825,0.07155899
7826,0.39108640
7827,1.81911609
7828,0.47835838
7829,1.94276642
7830,0.13713984
7831,1.99000608
7832,1.03202306
7833,0.40209882
7834,1.50695883
7835,1.91262763
7836,0.14489850
7837,1.04657905
7838,0.24093771
7839,2.41739393
7840,1.08872080
7841,1.18873113
7842,1.51516608
7843,2.07714933
7844,2.37920603
7845,1.02103176
7846,1.06887620
7847,2.11962643
7848,1.87037154
7849,1.72736851
7850,2.03854999
7851,2.36063463
7852,0.13236564
7853,1.44393740
7854,0.66947458
7855,2.33075520
7856,0.05464613
7857,1.01399507
7858,1.19130352
7859,0.20285364
7860,0.84120421
7861,0.96906437
7862,0.25876307
7863,1.94841110
7864,0.89399915
7865,1.17268406
7866,2.03683579
7867,2.31497518
7868,0.65565532
7869,1.90969022
7870,0.75374096
7871,2.41232261
7872,2.34121093
7873,1.25724638
7874,0.23346349
7875,2.16259609
7876,1.73489165
7877,2.00864117
7878,1.30232808
7879,2.43995049
7880,0.90330228
7881,1.95208605
7882,0.25069075
7883,2.33388251
7884,0.85172070
7885,0.35318392
7886,1.06902319
7887,0.33198946
7888,1.45845338
7889,1.60884083
7890,0.60678495
7891,0.22952957
7892,2.14802314
7893,1.72369862
7894,1.57190634
7895,2.43633011
7896,0.27497984
7897,1.33739826
7898,0.13148816
7899,2.19969386
7900,2.13852894
7901,1.00225016
7902,1.49539955
7903,1.87870516
7904,1.64523125
7905,1.76677264
7906,0.67202707
7907,1.83929923
7908,1.88959636
7909,1.23354551
7910,1.37557471
7911,1.03242639
7912,1.54848044
7913,2.31026596
7914,0.08931986
7915,1.94687494
7916,1.84871676
7917,1.09927128
7918,0.53121733
7919,1.58831074
7920,1.93562714
7921,0.38853425
7922,1.42977117
7923,1.88804103
7924,0.67595901
7925,2.09293868
7926,1.38361471
7927,0.19361374
7928,2.11278512
7929,0.08500445
7930,2.09089639
7931,1.39926623
7932,0.01480229
7933,0.38119851
7934,0.32248577
7935,1.64106276
7936,1.94448852
7937,0.92206973
7938,1.63459433
7939,1.42234617
7940,2.17497336
7941,0.61039763
7942,0.32134863
7943,1.03808794
7944,2.11757022
7945,0.65125540
7946,2.07149622
7947,0.22587720
7948,2.17729152
7949,1.13288665
7950,2.10548077
7951,1.18072061
7952,1.33583455
7953,1.76419754
7954,0.42313214
7955,0.06409845
7956,0.98607381
7957,0.33895247
7958,0.57801225
7959,0.42702939
7960,0.29807826
7961,2.15130131
7962,1.57604740
7963,0.89638507
7964,2.25524539
7965,0.02466569
7966,2.31389104
7967,2.02565970
7968,1.18966691
7969,2.37468139
7970,0.88093979
7971,0.35418265
7972,0.25648382
7973,1.85313350
7974,0.75817725
7975,0.67555708
7976,2.04156410
7977,2.20888593
7978,0.97482849
7979,0.87336432
7980,1.30540575
7981,1.02150745
7982,2.23131053
7983,1.34746243
7984,0.67456079
7985,0.01445213
7986,2.39808301
7987,0.85563200
7988,2.38886516
7989,2.24889882
7990,1.08115958
7991,0.58156360
7992,1.83297030
7993,0.24047058
7994,0.15803531
7995,0.07309053
7996,1.43882262
7997,1.97940712
7998,1.64155822
7999,2.35092286
8000,0.20194782
8001,1.85874252
8002,1.78134361
8003,1.82795670
8004,1.30203344
8005,0.34357538
8006,0.87554771
8007,0.61590232
8008,2.42967314
8009,1.96598257
8010,2.31645556
8011,1.46165774
8012,0.14739326
8013,1.89234257
8014,0.91877204
8015,1.65374098
8016,1.11036701
8017,1.44113691
8018,0.40858990
8019,2.27968680
8020,0.79831361
8021,2.18415113
8022,2.30070819
8023,1.44795263
8024,0.40876371
8025,1.01885157
8026,1.28640954
8027,0.73667723
8028,0.19101387
8029,2.41299564
8030,1.53291315
8031,1.29831782
8032,0.25552932
8033,1.32168114
8034,2.04804012
8035,0.45933866
8036,2.32130248
8037,0.51424836
8038,0.33488203
8039,1.94709113
8040,0.47248028
8041,2.24401491
8042,0.66973395
8043,0.21909956
8044,1.57073098
8045,0.04790181
8046,0.27754220
8047,1.48483024
8048,1.88289052
8049,1.27845338
8050,2.10960023
8051,0.42894351
8052,2.03185946
8053,1.14003882
8054,2.17420391
8055,0.35211615
8056,1.36585707
8057,0.23698829
8058,0.42974815
8059,0.89475394
8060,1.40155698
8061,1.42633620
8062,0.61627992
8063,0.77211974
8064,2.45228830
8065,0.06905764
8066,1.01058173
8067,2.14764772
8068,1.73261407
8069,1.46410040
8070,0.39675619
8071,0.64280552
8072,2.52026137
8073,1.43850752
8074,0.73327406
8075,2.35716292
8076,2.07229776
8077,1.91784173
8078,0.58905458
8079,1.02522586
8080,2.13992746
8081,0.71723828
8082,2.44446134
8083,1.05807249
8084,1.28049918
8085,1.94202116
8086,0.24789414
8087,1.57650643
8088,1.52610722
8089,0.42524276
8090,0.43120841
8091,0.07334526
8092,0.93571328
8093,1.62823902
8094,0.18649443
8095,1.30827837
8096,0.44075183
8097,2.08127181
8098,0.17788904
8099,0.01381009
8100,1.68950284
8101,0.89627645
8102,2.30868421
8103,0.98446961
8104,2.00388721
8105,1.21498709
8106,1.24084596
8107,0.98644703
8108,1.77231480
8109,0.08271252
8110,2.05851159
8111,1.67564175
8112,1.85683232
8113,0.26235441
8114,1.81804705
8115,1.30715089
8116,1.81871537
8117,1.33150895
8118,2.25770178
8119,2.05501118
8120,1.44687804
8121,2.50329501
8122,1.31860196
8123,0.87743491
8124,2.18878550
8125,0.47284054
8126,1.94739987
8127,1.39060548
8128,2.49302561
8129,0.12335146
8130,0.75018578
8131,2.34276804
8132,1.47403513
8133,0.53595071
8134,1.78224818
8135,1.25179342
8136,1.44909079
8137,0.43982775
8138,0.07738143
8139,2.29738494
8140,1.68714138
8141,2.45818696
8142,1.26087263
8143,0.68658444
8144,0.12848960
8145,1.41244992
8146,1.97660416
8147,2.34956492
8148,0.95890819
8149,0.68553931
8150,0.60378522
8151,2.37494564
8152,1.72019536
8153,1.35117453
8154,2.33265712
8155,1.89182941
8156,1.35362165
8157,1.95955766
8158,1.68696272
8159,1.90462755
8160,0.84948327
8161,1.78516796
8162,0.41060578
8163,0.11348322
8164,1.26986702
8165,1.93526306
8166,0.56547980
8167,2.25297562
8168,1.18420636
8169,1.68575303
8170,2.20501603
8171,2.02470392
8172,1.65358081
8173,0.70534711
8174,0.44994862
8175,1.44862630
8176,1.49862615
8177,1.51836589
8178,1.00620405
8179,0.44843645
8180,2.34924255
8181,1.71749620
8182,1.75217405
8183,0.06141124
8184,1.34575192
8185,1.34984790
8186,0.19158516
8187,0.54998474
8188,0.39834444
8189,1.56806956
8190,2.20942344
8191,1.59960661
8192,0.82681100
8193,2.14724983
8194,1.39475484
8195,2.08291300
8196,1.47602358
8197,0.40486300
8198,1.08535484
8199,0.67640338
8200,0.79569082
8201,0.14143316
8202,1.95587203
8203,1.42920849
8204,0.81096353
8205,1.81089414
8206,1.19704762
8207,0.18555064
8208,2.03779410
8209,2.05042935
8210,1.40425266
8211,1.63858593
8212,1.42191214
8213,0.73334406
8214,0.14273376
8215,1.64422924
8216,0.71493943
8217,1.88282943
8218,0.78100215
8219,0.98004847
8220,2.29185536
8221,0.28231910
8222,0.67209620
8223,1.75564454
8224,1.08274104
8225,2.20064906
8226,0.31345180
8227,0.04374425
8228,2.02698109
8229,0.39693677
8230,0.72017583
8231,0.49818333
8232,1.10258718
8233,2.29886848
8234,1.23114596
8235,1.83621705
8236,0.39574653
8237,1.35819660
8238,0.56021138
8239,0.55621083
8240,0.78033642
8241,0.98007414
8242,1.81985602
8243,0.25807889
8244,0.66484623
8245,2.46112005
8246,0.91479568
8247,0.05285401
8248,2.20572321
8249,0.01593381
8250,0.95972168
8251,1.80696246
8252,2.38745271
8253,2.26156424
8254,2.37398742
8255,1.50366616
8256,2.45237445
8257,0.59099161
8258,0.81470507
8259,1.65646597
8260,1.59096115
8261,2.08075088
8262,0.31255535
8263,0.94465644
8264,1.58797884
8265,0.22061015
8266,1.27944931
8267,2.22521809
8268,0.06264096
8269,2.11768310
8270,1.82297220
8271,1.08899576
8272,0.55055986
8273,1.98476018
8274,0.90227105
8275,1.59299210
8276,0.32550497
8277,1.93090679
8278,2.32628431
8279,2.33402014
8280,2.48701163
8281,0.15860869
8282,2.05805167
8283,0.61603236
8284,0.27220218
8285,2.01495089
8286,2.26992634
8287,0.17198896
8288,0.52637488
8289,1.20307826
8290,2.19676033
8291,1.17315667
8292,0.11978854
8293,1.85451952
8294,2.41812038
8295,0.40393798
8296,2.08981805
8297,2.42585621
8298,1.05960023
8299,2.11374855
8300,1.60911650
8301,2.48283957
8302,1.70418996
8303,0.73677224
8304,1.79286278
8305,0.84570997
8306,0.89610865
8307,0.00980102
8308,0.20383812
8309,0.47008477
8310,1.69526696
8311,1.31440253
8312,1.00746177
8313,1.54808449
8314,0.80704348
8315,0.83328453
8316,1.54671759
8317,1.89764230
8318,1.87384157
8319,1.40236874
8320,2.48226673
8321,2.51160780
8322,2.35774264
8323,0.74999347
8324,1.88229512
8325,0.27418409
8326,2.51456414
8327,1.44710404
8328,0.17736057
8329,0.32264251
8330,1.63996526
8331,1.72783015
8332,0.93989548
8333,1.13144273
8334,2.05400462
8335,1.98502593
8336,1.91752689
8337,0.95864197
8338,0.88556343
8339,1.67002071
8340,0.24207622
8341,1.71478180
8342,1.74470813
8343,1.94516051
8344,0.62391590
8345,0.86826619
8346,0.61459449
8347,1.11647574
8348,1.61546301
8349,1.15463786
8350,2.23097199
8351,1.48433363
8352,2.01603201
8353,2.43873357
8354,2.01876509
8355,0.54856099
8356,0.86560294
8357,0.12062812
8358,1.02296660
8359,1.12625102
8360,0.82125270
8361,0.95557314
8362,0.51601940
8363,2.08315269
8364,0.99890507
8365,0.04969416
8366,1.12805042
8367,0.93015760
8368,0.45763799
8369,1.77717622
8370,1.05232242
8371,1.97989125
8372,1.55655541
8373,2.42388666
8374,0.85493332
8375,0.09752273
8376,0.46512997
8377,1.91873725
8378,0.49381177
8379,1.50415031
8380,0.28788354
8381,2.16903682
8382,0.97694193
8383,0.74005327
8384,2.25544358
8385,1.78422204
8386,1.52772417
8387,2.29586546
8388,2.04727152
8389,0.02089352
8390,2.30733422
8391,0.50269924
8392,1.84497987
8393,0.76283995
8394,0.75147096
8395,1.07294092
8396,0.01782202
8397,2.14118828
8398,0.67591956
8399,1.61289695
8400,0.36631506
8401,0.24682168
8402,0.04670779
8403,1.23345838
8404,1.05711531
8405,1.82577892
8406,1.09571283
8407,1.28651807
8408,1.44253074
8409,0.36855209
8410,0.95171080
8411,2.11383331
8412,2.50581122
8413,1.23540520
8414,0.79006553
8415,2.16435086
8416,1.38807118
8417,0.10495328
8418,0.40931281
8419,1.62438431
8420,0.31215517
8421,1.34080826
8422,2.45097957
8423,1.31437574
8424,1.15203532
8425,2.03180858
8426,1.32939042
8427,2.12387931
8428,0.03066828
8429,2.13832574
8430,0.42062486
8431,0.55425006
8432,1.43919770
8433,1.73311854
8434,0.41207132
8435,2.01468936
8436,1.21964306
8437,1.90411805
8438,0.90740327
8439,0.90679967
8440,1.35417678
8441,1.67275078
8442,1.95099503
8443,0.85281768
8444,1.56905514
8445,0.65072171
8446,1.78150051
8447,1.02314626
8448,2.34992913
8449,1.85090847
8450,0.19236142
8451,1.62023855
8452,0.96453819
8453,0.82226819
8454,0.53219625
8455,1.77878573
8456,2.16364787
8457,1.12784619
8458,1.26235433
8459,0.84522605
8460,2.05777805
8461,2.50057563
8462,1.14555689
8463,1.14033001
8464,0.48176795
8465,0.72389322
8466,0.99623939
8467,1.04960512
8468,0.42332192
8469,0.91098479
8470,0.15304318
8471,0.71440180
8472,1.66310894
8473,2.30126040
8474,0.55059155
8475,1.77457607
8476,0.58389667
8477,2.40748409
8478,0.63030146
8479,0.12595460
8480,2.40866122
8481,0.87780471
8482,0.52628746
8483,1.15345455
8484,2.14119472
8485,0.99839079
8486,1.16274712
8487,1.65222755
8488,0.05796673
8489,2.30059380
8490,1.80714098
8491,1.49910318
8492,0.90542551
8493,2.45980597
8494,0.18865976
8495,0.01344912
8496,1.50637519
8497,1.71572786
8498,0.38274256
8499,2.14204267
8500,1.10733653
8501,0.85121771
8502,1.81402009
8503,1.03387215
8504,0.41323222
8505,1.09028757
8506,0.09842254
8507,0.78418357
8508,1.48151019
8509,0.20393926
8510,1.10694364
8511,1.22049454
8512,0.09023534
8513,0.53430529
8514,0.11673723
8515,1.31934689
8516,1.62370453
8517,0.00694084
8518,1.43963418
8519,2.18767665
8520,0.11230681
8521,1.50435112
8522,0.81304093
8523,0.36355375
8524,2.20459832
8525,0.78963482
8526,2.14771341
8527,2.28713282
8528,0.63404548
8529,2.21320831
8530,2.30657511
8531,0.00552516
8532,2.24069226
8533,1.61186818
8534,0.01028663
8535,1.33825451
8536,2.16986465
8537,2.15644279
8538,2.25540693
8539,1.30770893
8540,0.26220161
8541,0.87114428
8542,0.75544876
8543,1.58182598
8544,0.67773208
8545,1.41342775
8546,0.78305545
8547,1.17963875
8548,1.62524640
8549,2.07054297
8550,0.10397118
8551,1.14607964
8552,0.82400180
8553,1.59653536
8554,1.82359796
8555,1.80741310
8556,0.39693249
8557,0.37547751
8558,2.19255385
8559,0.79110535
8560,1.76676615
8561,0.04328389
8562,1.51386472
8563,0.59017677
8564,1.69413674
8565,0.20886890
8566,2.23974213
8567,1.74282496
8568,1.58013439
8569,1.20019155
8570,2.01528179
8571,1.11169760
8572,1.62093892
8573,1.00064416
8574,0.03356313
8575,1.16852721
8576,2.03441928
8577,1.62637732
8578,0.22362900
8579,0.08341083
8580,0.44194631
8581,1.58813402
8582,0.77556785
8583,0.62359343
8584,2.21236057
8585,0.02841939
8586,2.08213220
8587,0.88349893
8588,2.05081085
8589,0.73507528
8590,1.31192018
8591,0.35960190
8592,0.70407691
8593,1.63821261
8594,1.72049526
8595,0.43037107
8596,1.62179585
8597,2.48055441
8598,1.53393231
8599,0.70968169
8600,1.72865095
8601,1.48449044
8602,1.67060405
8603,2.12199218
8604,2.37117221
8605,0.38819692
8606,0.62222404
8607,0.33535806
8608,2.52595758
8609,2.49332822
8610,1.91083673
8611,1.58226756
8612,0.40051989
8613,0.77181960
8614,0.33400078
8615,0.91473120
8616,0.24491841
8617,0.04979507
8618,0.14714754
8619,1.12195865
8620,0.41077789
8621,0.14714654
8622,1.91060464
8623,1.93616527
8624,2.39322836
8625,2.03634929
8626,2.40506450
8627,1.65563334
8628,1.34448814
8629,1.05064720
8630,0.84578427
8631,0.04078204
8632,1.80062525
8633,0.80895050
8634,1.85788505
8635,2.38903891
8636,2.00509174
8637,1.28645119
8638,1.41429927
8639,2.24811013
8640,0.60745591
8641,1.49115846
8642,1.51284739
8643,1.53024266
8644,0.73551891
8645,1.15935961
8646,1.28233842
8647,2.00913592
8648,2.44671850
8649,0.13374986
8650,2.02146935
8651,1.23253613
8652,1.63569934
8653,1.37309912
8654,2.04003932
8655,1.03345274
8656,1.00598815
8657,1.39563442
8658,2.45741649
8659,1.07071623
8660,1.07619585
8661,1.28497619
8662,2.52665199
8663,0.40774988
8664,1.52033104
8665,1.54619011
8666,2.25631141
8667,0.88266084
8668,1.56185147
8669,0.64133895
8670,0.98562954
8671,0.19132137
8672,0.70960370
8673,0.98650205
8674,0.75673571
8675,1.04940520
8676,0.73217016
8677,0.64641476
8678,0.86945237
8679,1.70177475
8680,1.57955014
8681,2.48419261
8682,0.34740851
8683,2.04535264
8684,0.20326787
8685,0.57582526
8686,0.04447885
8687,1.26683230
8688,0.03198711
8689,0.16634694
8690,1.63874069
8691,1.64617315
8692,0.24173937
8693,1.57452106
8694,1.08400497
8695,2.20223305
8696,1.46197187
8697,1.33270727
8698,2.51412813
8699,0.70062849
8700,1.15078525
8701,1.96100524
8702,1.83607745
8703,0.10505014
8704,0.03138515
8705,0.70790442
8706,2.46303595
8707,0.16671492
8708,0.05340750
8709,2.33534750
8710,0.35725157
8711,0.80280660
8712,2.18671153
8713,1.00973379
8714,0.11409055
8715,1.05554910
8716,1.84954820
8717,0.40378465
8718,0.67471770
8719,0.84856225
8720,0.02907749
8721,1.74407830
8722,0.23463884
8723,0.54814847
8724,1.13199738
8725,1.92397443
8726,0.21093964
8727,2.45274560
8728,1.28409223
8729,0.42439957
8730,0.45174999
8731,1.36410980
8732,0.22939416
8733,0.41384070
8734,2.42200725
8735,2.21803379
8736,1.56157496
8737,1.89692341
8738,0.28054147
8739,0.69876333
8740,0.04037909
8741,1.47396862
8742,0.01216216
8743,0.26745707
8744,2.52584194
8745,0.22761200
8746,2.49705031
8747,1.36811223
8748,1.23719958
8749,0.32467193
8750,0.99956825
8751,0.88729751
8752,1.76452284
8753,2.49046413
8754,0.82162839
8755,0.06504240
8756,2.44687801
8757,1.22716096
8758,1.04140459
8759,1.92547223
8760,1.62680070
8761,1.36714296
8762,0.35631563
8763,2.02522056
8764,0.62045469
8765,1.54055729
8766,0.47827344
8767,0.58810817
8768,1.58531345
8769,1.88963078
8770,2.46432101
8771,1.73200906
8772,1.61518497
8773,1.52143378
8774,0.73349357
8775,2.32007311
8776,1.47462107
8777,0.13664680
8778,1.20851416
8779,0.86329902
8780,0.39821323
8781,1.75193767
8782,2.04794879
8783,2.27532415
8784,2.21464676
8785,2.50069793
8786,0.48492384
8787,1.44631349
8788,1.03349041
8789,1.84254042
8790,1.74976097
8791,0.18881033
8792,0.69789168
8793,0.55606680
8794,0.18178140
8795,0.68975817
8796,1.21800207
8797,0.78801751
8798,0.38116880
8799,2.03335279
8800,0.16513859
8801,0.61861453
8802,1.73364539
8803,1.02750067
8804,1.63669971
8805,0.19898103
8806,2.37569983
8807,0.99652704
8808,2.09588588
8809,1.05815494
8810,2.10702118
8811,0.07923710
8812,0.70266449
8813,2.51647277
8814,0.18528961
8815,2.16287842
8816,0.95878601
8817,1.22293037
8818,0.72320208
8819,0.88373465
8820,2.49508598
8821,1.18467634
8822,0.35557726
8823,1.92915675
8824,0.53972304
8825,1.35566434
8826,1.98918362
8827,1.15518335
8828,0.24086197
8829,1.85255609
8830,2.34839321
8831,1.71613772
8832,2.36523085
8833,1.18416926
8834,0.51640208
8835,0.84528784
8836,2.01939844
8837,2.37252934
8838,0.67928918
8839,2.08632861
8840,1.92749673
8841,0.57160922
8842,2.08862311
8843,1.06790409
8844,0.36723135
8845,1.42494815
8846,0.64219908
8847,1.36603819
8848,2.42064674
8849,0.50601760
8850,1.39996951
8851,1.30102075
8852,0.42977090
8853,1.54472605
8854,0.62995107
8855,2.29972754
8856,2.17097727
8857,1.34321708
8858,0.62142868
8859,0.36345358
8860,0.58145703
8861,1.33608505
8862,1.48413472
8863,0.34554110
8864,1.89813056
8865,1.23334911
8866,2.47139628
8867,1.00325233
8868,1.17268579
8869,2.00624439
8870,1.04214562
8871,1.98330293
8872,1.36705802
8873,0.29808737
8874,2.29336794
8875,2.28037335
8876,0.32079298
8877,0.83777397
8878,1.43783619
8879,0.26728021
8880,1.02348910
8881,0.16768664
8882,1.34786708
8883,1.22404852
8884,2.35412726
8885,2.04008238
8886,0.68417149
8887,1.72679915
8888,2.42773445
8889,0.32534748
8890,1.34903090
8891,0.36610356
8892,0.64292084
8893,1.25273058
8894,0.02421555
8895,1.22017487
8896,0.75105508
8897,0.15965120
8898,1.34787318
8899,0.50853047
8900,0.50846559
8901,2.38687313
8902,1.10655646
8903,1.38637098
8904,0.26001080
8905,2.41319556
8906,1.48773258
8907,0.74716737
8908,1.68121626
8909,1.63318343
8910,1.23128477
8911,1.08121402
8912,0.23966684
8913,1.92739014
8914,0.09833769
8915,0.16217420
8916,1.58438695
8917,2.21499463
8918,2.28050259
8919,0.55947696
8920,2.06663936
8921,0.46313499
8922,0.48660811
8923,1.17183058
8924,1.45773996
8925,1.34642642
8926,2.31973720
8927,1.26186831
8928,0.91772126
8929,1.17358472
8930,0.46920613
8931,1.82850710
8932,0.44823149
8933,1.22373073
8934,0.23291944
8935,1.82937530
8936,0.92037174
8937,1.99178528
8938,0.42507861
8939,1.23746577
8940,2.21531851
8941,1.85025703
8942,0.52422629
8943,0.24820048
8944,1.51338990
8945,2.48347803
8946,1.02691409
8947,1.78209660
8948,1.72849381
8949,2.47924286
8950,1.03192084
8951,0.22775091
8952,0.25048429
8953,2.30672601
8954,0.54451802
8955,1.48101684
8956,1.61593985
8957,2.28389487
8958,1.07770891
8959,0.63621156
8960,2.30046699
8961,1.55591373
8962,2.51560772
8963,1.97381987
8964,1.68348768
8965,1.20012133
8966,0.00304255
8967,2.08433126
8968,0.90579704
8969,0.14527326
8970,1.87454551
8971,2.49921084
8972,1.86638554
8973,0.44154632
8974,0.87195889
8975,0.86593147
8976,0.77107777
8977,1.73154636
8978,1.83138011
8979,0.70669991
8980,0.99098919
8981,0.81432439
8982,0.65433021
8983,1.66430063
8984,2.03175989
8985,1.81400708
8986,2.43951146
8987,2.38739702
8988,2.44220599
8989,1.98478593
8990,0.93644369
8991,1.89179820
8992,2.45327843
8993,0.69702793
8994,0.89181159
8995,0.05988045
8996,2.29973707
8997,2.01905608
8998,0.31025661
8999,1.12766575
9000,0.73679143
9001,0.88172630
9002,1.11073126
9003,2.38896845
9004,0.79194011
9005,1.46228487
9006,1.88817059
9007,1.79439288
9008,0.09460538
9009,0.87882688
9010,2.09907277
9011,0.44305264
9012,1.14239093
9013,1.99842136
9014,0.52144845
9015,1.23985830
9016,2.41322076
9017,0.24589511
9018,0.72495178
9019,0.06559391
9020,0.14707144
9021,2.04044750
9022,1.34545095
9023,1.56124435
9024,0.66315386
9025,1.78821113
9026,0.36738016
9027,0.50834027
9028,0.15684651
9029,2.39920903
9030,0.83360661
9031,0.73475150
9032,1.07075702
9033,0.59001918
9034,2.30984152
9035,0.71142588
9036,0.11533912
9037,2.13351814
9038,1.84297519
9039,0.46351882
9040,0.95256872
9041,0.40347558
9042,2.28145854
9043,2.31489701
9044,0.13599549
9045,0.55180621
9046,1.04240584
9047,1.57108459
9048,2.10518384
9049,2.27734394
9050,2.36529758
9051,1.45779542
9052,1.88190627
9053,2.26652313
9054,1.88015047
9055,1.17691518
9056,2.09884834
9057,1.59274750
9058,0.72621455
9059,0.07525715
9060,1.93667512
9061,0.05134123
9062,2.00178551
9063,1.97832062
9064,0.48756600
9065,2.17083437
9066,1.41270685
9067,2.41609828
9068,2.36650815
9069,0.05920880
9070,0.59663342
9071,2.06506732
9072,1.33699730
9073,0.36989295
9074,1.29730312
9075,0.88233030
9076,0.97731713
9077,0.27964902
9078,1.53913401
9079,2.10142051
9080,0.97815104
9081,0.80162522
9082,2.29347519
9083,1.59999794
9084,2.47396508
9085,2.13819725
9086,0.53684842
9087,1.77608628
9088,0.39628217
9089,0.41705870
9090,1.61722520
9091,0.07515025
9092,0.58427245
9093,2.45769039
9094,0.74816310
9095,1.81958643
9096,1.79601774
9097,1.37132450
9098,2.13113839
9099,0.51375543
9100,0.35275102
9101,2.01193968
9102,0.87390220
9103,0.50858462
9104,1.31198813
9105,1.74648815
9106,1.33208008
9107,2.05134923
9108,0.88092712
9109,2.03194023
9110,2.32950790
9111,1.47826041
9112,1.70819097
9113,1.44757620
9114,0.75909278
9115,0.62964857
9116,1.82977304
9117,0.37056175
9118,1.02764817
9119,0.94470758
9120,2.25923996
9121,1.36019390
9122,0.67519498
9123,1.10894933
9124,0.15300611
9125,0.70567590
9126,1.73111313
9127,0.62222134
9128,0.76016622
9129,2.31498595
9130,0.68775845
9131,1.45876722
9132,2.51420226
9133,0.22632672
9134,1.03738272
9135,2.03118492
9136,1.94349815
9137,1.57571014
9138,1.80296487
9139,0.36572230
9140,0.15383906
9141,0.31527161
9142,2.28053798
9143,0.45236934
9144,1.75247956
9145,0.19751329
9146,2.25345004
9147,1.95291818
9148,2.14033001
9149,2.48013030
9150,1.64590992
9151,2.24208501
9152,2.52807159
9153,0.23285315
9154,0.11859075
9155,1.88437406
9156,1.48404606
9157,0.62057000
9158,1.71626272
9159,1.67195818
9160,0.86571863
9161,0.13013212
9162,2.50061219
9163,1.37511244
9164,0.24471675
9165,2.02347255
9166,2.22323051
9167,0.94698140
9168,2.01580464
9169,0.17166030
9170,1.77691026
9171,2.47426843
9172,1.89866883
9173,0.68124746
9174,1.00066046
9175,1.70046270
9176,1.10810411
9177,2.52041408
9178,1.98605654
9179,1.09745810
9180,1.78304445
9181,0.17707148
9182,0.84534620
9183,0.09910367
9184,0.86437013
9185,0.44825174
9186,1.23292889
9187,0.83725764
9188,0.15008506
9189,0.40476012
9190,1.04014959
9191,1.52472406
9192,0.67311331
9193,1.01708945
9194,2.39862726
9195,1.03842404
9196,1.22332082
9197,1.26084790
9198,2.34705159
9199,0.42390307
9200,1.18429865
9201,2.05435176
9202,1.34642218
9203,0.84722570
9204,0.95556128
9205,0.49669706
9206,1.69944891
9207,2.14075228
9208,1.84575481
9209,0.12604064
9210,1.99192053
9211,1.89480231
9212,0.95972145
9213,0.72104964
9214,2.43725102
9215,0.35206411
9216,2.00370242
9217,0.68451678
9218,1.37797495
9219,1.78126717
9220,2.32070581
9221,1.96025138
9222,0.20381356
9223,2.19728706
9224,2.46516420
9225,0.09322225
9226,0.75113148
9227,2.23899279
9228,1.34766283
9229,0.02260548
9230,1.94801468
9231,2.50249270
9232,0.37767545
9233,2.19819082
9234,1.57314054
9235,1.54666086
9236,0.11824855
9237,2.46638971
9238,2.53107271
9239,0.32830818
9240,2.07298450
9241,0.88776262
9242,0.07416210
9243,1.32247793
9244,2.13697459
9245,1.47626744
9246,0.14391661
9247,2.18930767
9248,1.08932851
9249,1.41877490
9250,1.03144330
9251,2.44881245
9252,1.37047363
9253,2.07269488
9254,2.40356236
9255,1.50591871
9256,2.15464660
9257,0.53356199
9258,0.48783053
9259,1.87737918
9260,1.71607752
9261,2.41918734
9262,0.90979323
9263,0.45748841
9264,1.06032222
9265,2.26032459
9266,1.38711202
9267,0.79547190
9268,1.26875304
9269,1.85461667
9270,0.26683752
9271,1.77894183
9272,1.10662241
9273,2.22433992
9274,2.03880472
9275,1.94710282
9276,0.12149393
9277,1.35669606
9278,0.13743056
9279,0.89872096
9280,0.43504343
9281,1.24407646
9282,0.54410221
9283,0.80179694
9284,1.90605612
9285,1.96314517
9286,1.91376094
9287,1.85506482
9288,0.90083652
9289,0.09848395
9290,0.15500959
9291,1.46989496
9292,2.44694918
9293,1.29735906
9294,1.17881775
9295,2.18324831
9296,0.94652002
9297,0.56783044
9298,2.41089296
9299,0.00524774
9300,1.35152724
9301,0.44692482
9302,0.62942141
9303,2.38400651
9304,1.70606681
9305,1.39171058
9306,0.27085631
9307,2.34857673
9308,1.10519829
9309,0.25502172
9310,1.38821435
9311,0.21312020
9312,2.16108871
9313,1.02992956
9314,0.73792449
9315,0.64079882
9316,0.52775489
9317,0.48959636
9318,1.52817390
9319,0.42751778
9320,1.38505677
9321,2.22176252
9322,1.87212049
9323,1.36911153
9324,1.08915915
9325,0.87751538
9326,0.63941003
9327,1.06035282
9328,2.50403590
9329,1.39438569
9330,0.73941583
9331,0.68885575
9332,1.12793557
9333,1.14643019
9334,0.87955583
9335,1.39372988
9336,1.87921865
9337,1.77725784
9338,1.84267894
9339,1.32748116
9340,2.10709388
9341,0.21040697
9342,1.46937590
9343,2.11105705
9344,1.86078394
9345,2.42696207
9346,0.35871102
9347,1.67170314
9348,1.99823590
9349,1.01813902
9350,0.63668576
9351,1.12481016
9352,2.08968659
9353,0.56946982
9354,1.99199624
9355,1.89375726
9356,1.39324992
9357,1.31007778
9358,2.39629320
9359,0.33533796
9360,0.16340123
9361,1.32089173
9362,0.21378745
9363,0.64947135
9364,0.33549517
9365,2.39961184
9366,1.28396532
9367,0.65657559
9368,0.82629424
9369,0.46844081
9370,0.93506962
9371,0.46105494
9372,2.13144423
9373,1.41918555
9374,0.27144824
9375,2.15743268
9376,1.14421840
9377,0.08368068
9378,1.92155432
9379,1.67730033
9380,1.27285605
9381,1.05241100
9382,1.85022900
9383,2.47173298
9384,1.26903768
9385,2.27337350
9386,1.39022347
9387,0.60770455
9388,1.81093860
9389,1.99434324
9390,0.31914700
9391,0.54490106
9392,0.29508416
9393,0.09443314
9394,0.85431044
9395,1.24795935
9396,1.46988365
9397,1.25647089
9398,2.09651897
9399,0.44788209
9400,2.42450691
9401,1.92028361
9402,0.12943934
9403,0.14505413
9404,0.27656824
9405,1.55714121
9406,1.43120026
9407,0.64865723
9408,1.71091037
9409,0.86090928
9410,1.99872868
9411,1.85573717
9412,0.59391715
9413,0.17710949
9414,1.55572455
9415,0.21473360
9416,1.44208469
9417,1.69536192
9418,0.37906700
9419,1.95125059
9420,1.01800208
9421,1.59668957
9422,1.31191934
9423,1.80954768
9424,1.24996655
9425,1.32343215
9426,1.19298251
9427,0.40091947
9428,1.59825008
9429,0.06075930
9430,1.05873470
9431,1.97296725
9432,2.17083991
9433,2.14089002
9434,1.88070389
9435,2.45736967
9436,2.50793021
9437,1.02126375
9438,1.71110891
9439,0.39750550
9440,1.59784968
9441,0.83516840
9442,2.21706306
9443,0.34149483
9444,0.41118905
9445,1.63588277
9446,1.41804639
9447,1.57564234
9448,1.50661429
9449,0.11769450
9450,1.51738439
9451,1.11274598
9452,0.49805980
9453,2.09448483
9454,1.86226442
9455,1.66007924
9456,1.04995811
9457,0.40318622
9458,0.00050559
9459,2.20687208
9460,1.19126789
9461,1.22788058
9462,0.74801467
9463,1.05886436
9464,1.58715705
9465,1.12051627
9466,2.07938976
9467,0.48771805
9468,0.31113573
9469,2.16306240
9470,0.50120646
9471,0.78110876
9472,1.87310527
9473,0.07295823
9474,1.31664576
9475,0.81744535
9476,2.37784190
9477,1.33571150
9478,1.30423703
9479,1.63424410
9480,2.02966049
9481,0.74039347
9482,0.06216842
9483,1.49426148
9484,1.13355311
9485,0.53665777
9486,1.82365795
9487,1.86221846
9488,2.48433646
9489,2.40032682
9490,0.59609680
9491,0.97583851
9492,1.89339980
9493,0.04655608
9494,2.08651089
9495,1.66299115
9496,0.78074032
9497,2.22753189
9498,1.18200323
9499,0.60247869
9500,2.05846887
9501,2.32258777
9502,0.36980069
9503,2.39836602
9504,0.42646423
9505,1.74089957
9506,1.24638038
9507,2.20942394
9508,2.51330665
9509,0.25732638
9510,1.15452867
9511,2.19294802
9512,1.02725062
9513,0.43589285
9514,1.22609076
9515,0.11137407
9516,0.44993655
9517,2.16295371
9518,2.11742517
9519,2.04299250
9520,0.15183585
9521,1.65403499
9522,1.15013148
9523,1.69182833
9524,0.86304895
9525,0.74987281
9526,2.35195879
9527,1.74994203
9528,1.60237237
9529,1.29589471
9530,0.75063262
9531,1.11546372
9532,2.25926449
9533,2.15550791
9534,0.25278112
9535,1.99477634
9536,1.69818810
9537,1.65862935
9538,0.81250257
9539,2.38315339
9540,1.43349740
9541,2.14005528
9542,0.21031611
9543,1.27984093
9544,0.60962308
9545,1.04374222
9546,0.84099726
9547,1.41334143
9548,0.33628780
9549,1.13185582
9550,0.81827034
9551,1.73276936
9552,0.62922832
9553,0.87180550
9554,0.65782375
9555,2.38200064
9556,0.24295736
9557,0.47617045
9558,2.22201608
9559,0.94980244
9560,1.90187739
9561,0.20102655
9562,0.35825224
9563,1.52936479
9564,0.41896032
9565,0.61342629
9566,0.92511948
9567,1.58090952
9568,0.41941565
9569,0.16523662
9570,0.99178869
9571,1.71021600
9572,2.04761484
9573,1.43815531
9574,0.81772055
9575,2.34721924
9576,0.79377663
9577,1.94654623
9578,1.93082984
9579,1.67559986
9580,1.34329141
9581,0.53012112
9582,1.43904938
9583,0.02320423
9584,2.40973890
9585,1.33087479
9586,1.21417959
9587,2.40777115
9588,2.16859158
9589,0.74823972
9590,2.36975356
9591,2.31433760
9592,0.42745223
9593,1.09096776
9594,0.97920335
9595,1.41434302
9596,1.65388309
9597,1.02626688
9598,1.68237212
9599,1.57698927
9600,1.26806345
9601,0.06917549
9602,0.66790856
9603,0.95874932
9604,1.81228908
9605,0.91752188
9606,0.64393065
9607,0.10496591
9608,1.79750237
9609,0.93762332
9610,1.33239378
9611,2.22769943
9612,1.66759101
9613,0.62157656
9614,0.70850953
9615,1.57967539
9616,2.10313100
9617,0.45888442
9618,1.05792071
9619,0.52375612
9620,0.30152127
9621,1.75771559
9622,1.02309221
9623,1.04271019
9624,2.13708163
9625,0.03561033
9626,0.57970656
9627,0.13695828
9628,0.05041373
9629,1.34541429
9630,0.81991884
9631,1.72290406
9632,0.48713361
9633,0.32844934
9634,1.86246337
9635,0.12957531
9636,1.39719295
9637,0.13259248
9638,2.36853123
9639,2.26130929
9640,0.14270749
9641,2.39079099
9642,1.40782551
9643,1.87523022
9644,2.13842512
9645,1.14850264
9646,1.16180361
9647,0.84720004
9648,1.55646449
9649,0.07955311
9650,1.73412683
9651,1.85740288
9652,1.75335775
9653,1.57097072
9654,0.81623077
9655,1.73006627
9656,0.97824093
9657,1.63083005
9658,0.63802376
9659,0.67184125
9660,1.65060313
9661,0.43611943
9662,2.11499410
9663,2.07993956
9664,1.40041845
9665,0.65806870
9666,0.87107632
9667,0.37670527
9668,1.89117746
9669,2.42467553
9670,0.29811759
9671,0.18260609
9672,1.10007422
9673,2.46397598
9674,0.52580917
9675,0.51953238
9676,1.01601121
9677,0.84990832
9678,0.67399541
9679,1.45749568
9680,0.27445517
9681,0.22793125
9682,1.24782213
9683,2.40325182
9684,0.49782454
9685,0.57962462
9686,0.57294629
9687,0.21386331
9688,0.24775197
9689,0.80838933
9690,0.72481545
9691,1.49012758
9692,0.41483539
9693,2.30736402
9694,1.44370843
9695,2.03794484
9696,0.32222563
9697,2.07071259
9698,1.03381706
9699,0.83910953
9700,2.22874621
9701,1.11599570
9702,0.74405787
9703,1.01539438
9704,1.49715760
9705,0.61431523
9706,1.27415191
9707,0.83186684
9708,0.32343663
9709,0.07285952
9710,2.08828489
9711,2.27667107
9712,0.72133982
9713,1.93667809
9714,1.03329999
9715,0.88914052
9716,0.72711312
9717,0.83650633
9718,0.89911078
9719,0.29979996
9720,2.08695546
9721,1.07545241
9722,0.48896564
9723,1.04502491
9724,1.20858909
9725,1.90133948
9726,0.41107890
9727,1.26675822
9728,1.93891987
9729,2.06433644
9730,0.38302216
9731,0.92496911
9732,1.78091661
9733,0.85843470
9734,1.67455879
9735,0.66546275
9736,0.82093396
9737,0.18947370
9738,1.63020415
9739,0.74435794
9740,0.22003783
9741,0.66517812
9742,0.45650455
9743,0.94822631
9744,2.42022992
9745,2.33013716
9746,2.12630203
9747,2.03001929
9748,2.29584412
9749,0.42869231
9750,1.26376783
9751,1.99182207
9752,2.38344397
9753,1.54884395
9754,0.34233521
9755,0.88157655
9756,0.47734890
9757,1.94236850
9758,2.03946558
9759,1.00418678
9760,0.00178866
9761,2.34107921
9762,2.23098976
9763,2.35711147
9764,1.89391977
9765,2.50904150
9766,0.69221914
9767,0.32019539
9768,2.11277080
9769,2.06474583
9770,0.67555173
9771,1.52125701
9772,0.23511034
9773,0.37414294
9774,2.46265722
9775,2.21189971
9776,0.43969752
9777,1.65563534
9778,1.80304228
9779,1.34439743
9780,1.27096127
9781,1.72643538
9782,0.06755992
9783,2.44547591
9784,1.54583626
9785,1.20980222
9786,0.71195798
9787,0.69296605
9788,1.56439039
9789,0.48868452
9790,1.77706502
9791,0.21723689
9792,0.97957556
9793,0.71712819
9794,0.00518216
9795,1.76515294
9796,2.25312508
9797,0.98416305
9798,0.61035505
9799,1.66502159
9800,0.28732891
9801,2.15903175
9802,1.28222171
9803,1.72687810
9804,0.77675441
9805,1.33589493
9806,1.43588193
9807,1.57500549
9808,2.00563471
9809,1.09320478
9810,1.09434496
9811,1.08574105
9812,0.10029089
9813,0.94010562
9814,2.35127513
9815,1.72451330
9816,0.94777386
9817,2.07780683
9818,0.69471464
9819,1.05525394
9820,0.73459816
9821,1.03409707
9822,0.35374434
9823,1.45341241
9824,0.35734623
9825,1.14825131
9826,1.93061160
9827,2.27301877
9828,1.67516241
9829,0.96727981
9830,0.51540490
9831,0.71013696
9832,0.68860512
9833,1.68592528
9834,1.94731641
9835,0.36205040
9836,1.15212727
9837,1.92210040
9838,1.76992262
9839,0.27493410
9840,1.45518294
9841,2.37024663
9842,2.17447211
9843,0.60071008
9844,2.13214456
9845,2.49543456
9846,2.36898811
9847,2.20233943
9848,0.30615407
9849,1.10259728
9850,1.66970394
9851,2.20226123
9852,2.10640933
9853,1.04778579
9854,0.90208909
9855,1.77496041
9856,0.70006794
9857,1.06625652
9858,2.16255090
9859,0.71145101
9860,2.15159667
9861,0.14568564
9862,0.21970941
9863,0.92265104
9864,1.72357537
9865,0.56537505
9866,2.43782155
9867,1.51659654
9868,0.19948192
9869,0.59597863
9870,2.17988614
9871,0.28471741
9872,0.06206086
9873,0.62725034
9874,0.07077117
9875,0.51130593
9876,1.24194202
9877,2.10451334
9878,1.16034383
9879,1.40806053
9880,0.29146151
9881,0.87573326
9882,1.64951596
9883,1.22143611
9884,2.38204794
9885,1.06055413
9886,2.34219807
9887,0.53276703
9888,1.71949443
9889,1.95075909
9890,2.44926582
9891,0.43564323
9892,1.56869151
9893,2.35835561
9894,1.26472012
9895,2.49300666
9896,2.29665512
9897,0.75012612
9898,1.23428668
9899,0.82283561
9900,2.04395022
9901,0.13920186
9902,1.74514496
9903,0.01125224
9904,0.14197967
9905,1.97339378
9906,0.54030107
9907,1.44597683
9908,2.31396699
9909,0.44884724
9910,0.99905370
9911,1.97183277
9912,1.56062302
9913,1.58594509
9914,0.48672289
9915,1.33120896
9916,2.12859923
9917,1.33407072
9918,1.62221219
9919,1.77117591
9920,0.92774136
9921,1.30877053
9922,0.90366249
9923,0.70009621
9924,0.19066820
9925,2.24931080
9926,0.87012725
9927,1.80522098
9928,0.52263262
9929,1.51174870
9930,1.88207072
9931,1.76859972
9932,1.20664152
9933,2.50426785
9934,0.38628264
9935,1.88445455
9936,0.30773342
9937,1.27242394
9938,0.01551776
9939,0.15752267
9940,2.28503747
9941,1.88041952
9942,0.09639500
9943,0.21267359
9944,0.26933058
9945,2.13606574
9946,1.21266535
9947,2.11472598
9948,1.52618221
9949,1.94732041
9950,0.33187289
9951,1.82770098
9952,0.75064297
9953,1.61455971
9954,0.38559858
9955,0.83375096
9956,2.03141057
9957,0.19124214
9958,0.39132044
9959,0.72451723
9960,0.53340730
9961,2.10530535
9962,2.22670940
9963,2.10309709
9964,1.10864300
9965,1.60300506
9966,1.44791841
9967,1.62719990
9968,1.55809391
9969,2.34013942
9970,1.64780171
9971,0.08081522
9972,1.90459289
9973,1.41189077
9974,1.99435800
9975,0.85420348
9976,0.52673996
9977,1.28432011
9978,0.57583897
9979,1.49450898
9980,1.37957516
9981,1.75109196
9982,0.06309494
9983,1.99692066
9984,0.30707837
9985,1.20464513
9986,1.05959366
9987,2.48590926
9988,2.02116212
9989,2.31511583
9990,0.67878693
9991,1.27108009
9992,2.21775329
9993,2.17247486
9994,1.50303826
9995,1.27517783
9996,0.63947027
9997,1.34124817
9998,2.19460993
9999,1.82404300
