step,entropy
0,1.01772018
1,1.13878695
2,0.84914943
3,0.53041234
4,2.42379855
5,2.03920542
6,2.21768778
7,2.30808984
8,0.88720820
9,1.59929998
10,2.15939524
11,0.18364004
12,2.28629197
13,1.30990172
14,0.78680096
15,0.62560122
16,0.25525318
17,0.66822225
18,1.30322849
19,0.45258743
20,1.53464446
21,0.78779591
22,1.77215532
23,1.56085617
24,0.52508974
25,2.49683295
26,1.00268331
27,0.88359861
28,1.34654782
29,0.58159340
30,1.68627103
31,2.38058512
32,0.96895522
33,1.80322411
34,2.11460873
35,1.75004145
36,0.67126672
37,0.38303918
38,0.82612023
39,1.63128241
40,1.36367627
41,0.82401561
42,0.52644653
43,0.81875402
44,2.01210854
45,0.42772875
46,0.94384628
47,0.20729315
48,1.19360856
49,1.00183442
50,1.41183119
51,2.15874684
52,1.98451317
53,1.76795314
54,0.22360712
55,0.38316607
56,1.37838613
57,0.56173892
58,0.69066422
59,0.66722626
60,2.49503024
61,0.24395624
62,2.30284019
63,1.11261550
64,0.93267596
65,1.61809023
66,0.61028628
67,2.20761059
68,0.59173324
69,0.96108884
70,1.43885887
71,2.24080113
72,0.26321643
73,0.55227349
74,0.42801227
75,0.51726514
76,2.01779934
77,1.60943770
78,0.85958321
79,0.38377965
80,1.64055516
81,1.44067631
82,1.00980189
83,0.07214965
84,1.15670339
85,2.25266954
86,1.27007753
87,2.05497534
88,0.93341185
89,0.79622661
90,1.17811372
91,0.29368618
92,0.81976104
93,0.87692992
94,2.28853922
95,0.70071813
96,0.02044993
97,1.90918268
98,0.21513499
99,2.03428056
100,1.40107674
101,0.59455088
102,0.31283572
103,1.96584206
104,1.49580653
105,1.12961150
106,1.61052257
107,0.95164346
108,0.88923680
109,1.59904662
110,0.09675656
111,0.54030161
112,0.70426256
113,1.40126843
114,2.00235625
115,2.11449798
116,2.49236233
117,0.07790744
118,1.52284230
119,1.16542305
120,2.46596660
121,0.37362303
122,1.81850598
123,0.02133015
124,1.78774185
125,0.14037834
126,1.52449704
127,0.26556490
128,1.48698474
129,2.44522186
130,1.18257212
131,2.36588943
132,0.23257366
133,0.85095995
134,1.07300349
135,1.62240103
136,1.91601920
137,0.89795362
138,1.69992839
139,2.41380241
140,1.05527358
141,0.60080086
142,0.23585471
143,0.95107411
144,0.51130979
145,1.50660070
146,2.08563972
147,0.87316272
148,1.65809350
149,1.14539462
150,2.46199734
151,0.81833749
152,1.25572193
153,2.09985297
154,0.40980375
155,1.14422603
156,1.34214231
157,0.01494811
158,2.04541223
159,2.06585647
160,1.10651188
161,0.63585500
162,1.37208253
163,2.38662236
164,1.93154192
165,0.35760675
166,1.18678337
167,1.71198755
168,1.87627318
169,0.21179884
170,0.94196742
171,2.28111325
172,1.43204851
173,0.95712948
174,0.27325017
175,1.18846167
176,0.10358427
177,0.65570426
178,1.50509700
179,1.22148939
180,0.01637298
181,2.42121286
182,0.41778468
183,1.83135759
184,0.76368329
185,0.24001972
186,2.46168187
187,0.73403790
188,1.65109859
189,1.62986459
190,0.08343929
191,2.44962153
192,2.13971047
193,0.99768291
194,0.05847678
195,1.26839118
196,0.48209379
197,1.47432582
198,0.23555970
199,0.77078552
200,2.27536507
201,0.02474244
202,2.28916852
203,2.11334892
204,0.42600835
205,0.86997827
206,0.97940031
207,0.83908252
208,1.33448909
209,0.56673180
210,2.43011639
211,1.14647197
212,2.30893180
213,2.31078022
214,0.19068005
215,2.43871031
216,0.28271412
217,2.08150928
218,1.05850921
219,1.75857238
220,0.09068672
221,1.80157298
222,0.45757764
223,2.41243047
224,1.03898828
225,1.08057832
226,2.17282307
227,1.36660349
228,0.94243495
229,0.74927186
230,1.58410119
231,0.14628081
232,1.23263550
233,2.48752969
234,1.49982879
235,1.10200975
236,1.02954958
237,1.12973320
238,1.73461320
239,2.40995644
240,2.37249083
241,1.65983042
242,1.04521342
243,0.98532735
244,2.31386382
245,0.03241709
246,2.08130541
247,0.73813467
248,0.98324686
249,1.42902567
250,1.54409350
251,0.78762312
252,0.41006049
253,0.68038723
254,0.64638757
255,1.54688462
256,2.28354004
257,1.56517320
258,1.90030642
259,2.03256003
260,0.79873762
261,0.67317278
262,2.42479832
263,1.95080461
264,2.32779918
265,0.97271940
266,1.80102556
267,1.79563015
268,1.12868964
269,0.16982321
270,0.11393453
271,1.73346203
272,2.20982084
273,1.33274820
274,2.24695770
275,1.36566456
276,1.01088694
277,1.16165906
278,0.93955821
279,0.24014228
280,0.36274161
281,0.53353249
282,1.17138353
283,2.39647561
284,1.98210614
285,2.27091785
286,0.41413257
287,0.20169123
288,1.58216058
289,1.30926758
290,1.12838070
291,1.40955660
292,2.04302549
293,0.41160494
294,1.81371652
295,2.33905803
296,1.31041790
297,0.65231731
298,2.33876095
299,0.07267242
300,0.28287006
301,1.60043339
302,2.18113943
303,1.04213271
304,2.36588316
305,0.09729319
306,1.14544962
307,1.67854483
308,0.56956321
309,1.87003336
310,2.22479744
311,1.51291448
312,0.59468748
313,0.40884767
314,0.15947474
315,0.73047744
316,0.37985763
317,2.23545775
318,0.82296420
319,0.14535307
320,2.29736938
321,0.51770301
322,2.46031760
323,1.27578473
324,1.15091287
325,0.95333208
326,1.37280919
327,2.01962553
328,1.43663106
329,0.12047039
330,2.19578108
331,2.44158881
332,0.07082643
333,1.70015247
334,1.23712289
335,1.54432463
336,0.98404850
337,1.79692954
338,0.24953469
339,1.50055909
340,0.18096734
341,2.26944924
342,0.93715600
343,1.57145038
344,0.37414810
345,0.03797289
346,2.38071233
347,1.17746437
348,1.41885612
349,1.87410559
350,1.69385446
351,1.37648549
352,0.00818219
353,1.25804409
354,0.76487610
355,1.76254428
356,1.79705435
357,2.12998172
358,1.08390139
359,1.85003530
360,1.72502721
361,2.31751827
362,0.94162934
363,0.54487209
364,2.00610229
365,0.15857240
366,0.91299347
367,1.79585796
368,1.11172223
369,0.33974062
370,0.09358694
371,1.65898727
372,1.17712728
373,2.41016748
374,0.20963118
375,0.85468095
376,1.16270727
377,2.40821590
378,0.28728065
379,2.02061391
380,0.43575670
381,2.22268408
382,1.37023956
383,0.47132012
384,1.78576131
385,0.59395235
386,1.68879641
387,0.14218683
388,2.32916541
389,2.25090493
390,0.30342254
391,1.08461897
392,2.04235862
393,0.71432819
394,2.29422961
395,1.19190938
396,0.62424961
397,0.99716389
398,2.36871021
399,0.51681136
400,0.05003690
401,0.95731841
402,1.78826259
403,2.37987487
404,2.37782092
405,0.54408019
406,0.44044480
407,2.34181091
408,1.26862722
409,0.67981330
410,1.96303984
411,1.39164015
412,2.01544103
413,1.24846567
414,1.86361210
415,0.16873124
416,0.89999717
417,0.52229741
418,0.34701945
419,1.94349281
420,0.46716102
421,1.82334704
422,1.22010767
423,0.82922931
424,0.39967245
425,2.38542544
426,1.89387166
427,0.47984123
428,0.61725005
429,0.77872024
430,0.97967808
431,1.94013109
432,1.52426663
433,1.39466011
434,1.52466476
435,0.23340370
436,1.56597675
437,0.05123708
438,0.00140259
439,0.50977266
440,2.14371241
441,0.63071761
442,1.34962333
443,0.69885548
444,1.00784445
445,0.09687943
446,1.61804004
447,0.98060455
448,2.08314222
449,0.32396502
450,1.31252337
451,2.23116917
452,0.15804834
453,0.29449138
454,1.11881998
455,0.86856394
456,1.42303809
457,1.88818809
458,2.10921289
459,1.54246925
460,0.95078687
461,1.91726126
462,0.93143843
463,1.44610678
464,1.26558900
465,1.07674433
466,0.97336427
467,1.38737079
468,1.05508195
469,0.80188518
470,0.27603624
471,0.55850367
472,1.46888319
473,0.38804390
474,0.24218606
475,2.33976126
476,1.90026297
477,1.02286498
478,1.10323830
479,1.15424580
480,1.42186756
481,1.76719783
482,1.48630193
483,1.60532763
484,0.23149023
485,0.51679989
486,0.53836630
487,2.18194728
488,2.26735982
489,2.25116856
490,2.20701328
491,1.19958501
492,0.78998901
493,0.64595406
494,1.67255612
495,0.03278558
496,1.34178360
497,0.04548593
498,1.14191434
499,1.91476808
500,0.74771435
501,1.51170548
502,1.82426324
503,0.99375757
504,1.52779975
505,0.98004498
506,2.46793434
507,1.00679255
508,1.01746778
509,1.88378653
510,1.79991336
511,0.12241768
512,1.20494970
513,0.53047891
514,0.53682899
515,0.77155504
516,1.35022740
517,1.53604361
518,0.61575422
519,0.13731226
520,1.30551557
521,0.04819990
522,0.63364012
523,1.61124552
524,0.25779370
525,1.68092081
526,2.19079790
527,1.33176782
528,1.49059143
529,0.51733985
530,0.14259813
531,2.38530482
532,0.35017274
533,1.29471907
534,1.27725384
535,0.86360953
536,2.21493590
537,1.07531768
538,1.51185520
539,1.95366131
540,1.24775307
541,1.71126410
542,0.16275051
543,1.96052898
544,0.83890962
545,0.64574675
546,2.27650171
547,1.83215303
548,0.80525578
549,1.70733414
550,1.47892949
551,0.79063747
552,0.43889828
553,1.08599334
554,1.26779390
555,2.03679154
556,0.76642755
557,2.03646948
558,0.12143437
559,2.28554869
560,1.83035176
561,0.49123666
562,0.33554442
563,1.35557991
564,0.18791944
565,0.10249923
566,1.29775502
567,0.48546988
568,0.06201596
569,1.11334706
570,2.06942668
571,2.41333482
572,2.05117867
573,2.24623720
574,0.89806954
575,0.26950996
576,2.30965090
577,0.13170314
578,1.44047899
579,2.40714832
580,0.85556368
581,1.36681506
582,0.82897662
583,2.12730225
584,1.14849213
585,2.22671718
586,0.38688737
587,0.33069338
588,0.31105020
589,1.21752286
590,0.05095553
591,2.21010225
592,1.43160904
593,1.03863649
594,0.76956413
595,0.11842950
596,2.37923795
597,1.78769854
598,1.51824428
599,1.63473275
600,1.78510889
601,0.26071448
602,0.05843028
603,2.34084206
604,0.00221037
605,1.61046298
606,1.64976415
607,0.97924247
608,1.31347969
609,0.25647843
610,1.28675501
611,1.19240978
612,1.39305730
613,0.45753058
614,0.62808518
615,1.34036776
616,1.58910548
617,0.32140982
618,2.25616912
619,0.00575831
620,2.27764452
621,0.62006801
622,1.71717204
623,0.86951874
624,1.16263818
625,2.38217817
626,1.26528749
627,0.60237970
628,1.56203458
629,1.21665898
630,1.99085838
631,0.39261072
632,1.17328718
633,1.63201492
634,1.50900005
635,1.95148708
636,0.39889818
637,0.49039695
638,0.73519295
639,0.83577751
640,0.57944475
641,2.15443207
642,1.12523256
643,1.06243737
644,0.23060445
645,1.92497979
646,1.68820362
647,2.29222119
648,1.25525624
649,2.33087876
650,2.34552078
651,2.30217939
652,2.22969556
653,2.44381972
654,0.77220830
655,2.44976841
656,2.47641438
657,2.28772884
658,1.52923118
659,0.22214637
660,1.35104238
661,2.14753552
662,0.66244220
663,1.86583105
664,0.92474559
665,2.36862924
666,0.73030351
667,0.59686291
668,2.25876161
669,1.16283532
670,0.78842799
671,0.55851844
672,0.48847669
673,0.89641410
674,1.56137156
675,2.01160839
676,0.42536993
677,1.62110914
678,0.12715051
679,0.17161805
680,2.48965272
681,0.63147280
682,0.72436685
683,0.51298958
684,2.11497218
685,1.95543419
686,1.53990941
687,1.23967324
688,2.16039670
689,0.60916719
690,2.43971836
691,0.95708712
692,1.55634006
693,2.45308391
694,0.56963018
695,0.68331743
696,2.11950943
697,0.90934612
698,2.37244709
699,0.56230721
700,1.09171873
701,0.01956786
702,1.67540996
703,1.55496979
704,2.24511561
705,1.03211039
706,2.14582679
707,1.60162316
708,1.71096213
709,2.05232439
710,0.60137299
711,1.88504118
712,1.30546588
713,0.26909188
714,0.68986605
715,1.93068734
716,0.05732914
717,1.26855620
718,1.19236537
719,1.71575147
720,0.09716982
721,2.16851094
722,1.44796690
723,2.11052970
724,1.74744705
725,1.61549132
726,1.01107440
727,1.43050976
728,2.20511498
729,0.65002336
730,0.23748682
731,0.39330169
732,0.48260710
733,0.67949791
734,1.08630912
735,0.84765452
736,0.91035704
737,1.96099039
738,0.09638478
739,2.18416774
740,0.66272642
741,0.31201711
742,2.24561547
743,0.80098682
744,0.24314091
745,1.40273449
746,0.73135355
747,1.10726671
748,0.25816429
749,0.32086449
750,2.26862136
751,1.97962136
752,2.08092377
753,2.23921728
754,1.50973776
755,0.24935849
756,0.91995455
757,1.08834876
758,0.71125435
759,0.70146834
760,2.49103115
761,0.91990419
762,0.50755636
763,2.34934566
764,1.34056166
765,1.04425455
766,1.02621197
767,0.68832990
768,1.57659790
769,1.60295763
770,1.69361490
771,2.47697640
772,0.29362661
773,0.15420124
774,0.55564708
775,1.43820323
776,1.37025726
777,2.46402527
778,0.06297618
779,1.69643042
780,0.95888205
781,1.03652037
782,0.30699161
783,1.50321217
784,0.84392939
785,2.15690119
786,2.45631673
787,1.07522116
788,0.45894180
789,1.86391726
790,0.24437840
791,1.66191344
792,1.58799729
793,0.70388958
794,1.12805957
795,1.70898734
796,1.85620221
797,0.09453062
798,1.82908716
799,1.36636457
800,1.07498428
801,0.92945310
802,0.16218099
803,2.16519436
804,2.35337513
805,0.17239074
806,1.92166062
807,2.12951915
808,0.93272632
809,2.05759954
810,2.28266919
811,2.44369985
812,1.84222903
813,0.53309216
814,0.40514644
815,0.16538565
816,2.48529831
817,1.80079534
818,2.22753407
819,1.58288546
820,2.27459807
821,2.02271145
822,2.29489996
823,1.46575367
824,1.28229846
825,0.45225688
826,0.65254438
827,0.28833215
828,1.56335406
829,2.49172688
830,0.52311964
831,0.29081214
832,0.51581128
833,1.65106165
834,0.36964201
835,2.05141732
836,2.47678318
837,2.34073106
838,0.97025127
839,1.19382474
840,2.27450570
841,0.83086654
842,0.32050822
843,0.62822294
844,1.94223267
845,1.22926031
846,2.02074055
847,0.03509274
848,2.35729328
849,0.22327580
850,0.90656612
851,0.82873515
852,0.21298683
853,1.23132907
854,0.74143189
855,2.22792336
856,1.76806754
857,2.22672279
858,1.76598492
859,1.10526911
860,1.85554169
861,2.29881561
862,0.85543306
863,0.19549478
864,1.71013458
865,1.29833340
866,1.08557200
867,1.33610015
868,1.12563886
869,1.37279488
870,1.44070615
871,1.36563771
872,0.76046369
873,1.37237185
874,0.45894960
875,1.41421097
876,0.23325872
877,1.70103446
878,0.92253348
879,2.31300365
880,0.35514005
881,0.66085546
882,2.21520571
883,1.42853725
884,2.44553026
885,2.27222699
886,0.57574373
887,1.53676119
888,2.25135241
889,1.78779906
890,1.51669302
891,1.60571137
892,0.75559057
893,0.62888840
894,1.95488459
895,2.26627484
896,1.37197753
897,0.33805114
898,0.43272218
899,1.68190585
900,1.12730246
901,0.64521532
902,0.43921382
903,1.40032970
904,2.35833751
905,2.23393908
906,0.53168361
907,2.33736621
908,0.80127154
909,2.14909752
910,1.35660979
911,0.59351772
912,1.76482132
913,0.62771181
914,0.23774839
915,0.02683697
916,0.25653628
917,0.22067800
918,1.29710479
919,1.87495847
920,1.12494597
921,1.49923396
922,2.02475491
923,2.47833633
924,2.40058716
925,0.43299128
926,0.36645360
927,1.09607882
928,0.13894764
929,1.10254574
930,2.39025621
931,0.29211090
932,0.93814338
933,1.83821020
934,0.17321109
935,1.63602313
936,1.75074934
937,0.10025894
938,0.88298638
939,2.30900728
940,1.45260146
941,1.28850103
942,1.99195110
943,1.06640439
944,1.79023636
945,0.17234632
946,0.64301238
947,0.91582913
948,0.86945918
949,1.31064028
950,1.34926059
951,1.66393238
952,2.02175115
953,0.55802901
954,0.75812518
955,0.49493416
956,1.24361237
957,0.89191161
958,0.97988509
959,2.11283417
960,1.14122409
961,2.35526517
962,2.02411299
963,1.50005460
964,0.45541108
965,1.56646245
966,2.02648772
967,1.84099866
968,0.62981817
969,2.48902716
970,1.20854969
971,1.10723597
972,1.75563489
973,2.04264603
974,0.21665207
975,0.57541549
976,1.78127832
977,2.27851195
978,2.13300731
979,0.80298914
980,0.77404142
981,1.44412652
982,2.40134932
983,1.05264951
984,1.59305010
985,2.14846675
986,0.42526764
987,0.74558678
988,1.25208341
989,2.21185485
990,2.32013216
991,2.02854550
992,1.26330418
993,1.96841290
994,0.94732053
995,2.25219052
996,0.06834527
997,0.68276012
998,0.34688026
999,2.46969212
1000,2.41982548
1001,0.74952761
1002,2.33268796
1003,2.25772875
1004,0.78269827
1005,0.23572543
1006,1.28213154
1007,2.00878527
1008,1.83999613
1009,1.03669827
1010,1.42284769
1011,0.51541595
1012,0.11339212
1013,1.26424434
1014,2.01551453
1015,1.92788416
1016,1.70154341
1017,2.39166367
1018,2.23109228
1019,0.32472674
1020,2.08380732
1021,1.54818906
1022,1.18654674
1023,1.50901335
1024,1.15679373
1025,1.60264785
1026,0.26165484
1027,2.47761513
1028,2.08616369
1029,2.43012023
1030,2.21482146
1031,1.26285347
1032,0.16381611
1033,0.85355388
1034,2.00680040
1035,1.34551458
1036,2.05526302
1037,1.26385868
1038,1.54953423
1039,2.17649044
1040,1.48225438
1041,2.26846118
1042,1.65211860
1043,0.73887018
1044,1.72862688
1045,0.56995803
1046,1.57248279
1047,1.78219712
1048,2.25859716
1049,1.51514752
1050,0.49801636
1051,1.81100630
1052,1.11055111
1053,0.33085506
1054,1.73649184
1055,0.33526059
1056,2.26404501
1057,2.11245844
1058,1.22614548
1059,1.70319849
1060,2.09451247
1061,1.73390459
1062,0.60550718
1063,0.11911505
1064,2.19367472
1065,0.30262242
1066,0.12044156
1067,0.23486920
1068,0.26855550
1069,0.35900555
1070,0.17291577
1071,2.32820538
1072,0.03418293
1073,1.54598247
1074,0.47322471
1075,0.03201345
1076,0.66075518
1077,1.32672073
1078,0.66409734
1079,1.49054644
1080,1.54966168
1081,1.22751912
1082,2.04300483
1083,2.42074073
1084,1.57689205
1085,0.31236038
1086,2.00984843
1087,0.09839947
1088,2.40413044
1089,0.69566920
1090,1.50556508
1091,1.95945911
1092,0.60660838
1093,1.46967614
1094,1.89598187
1095,0.59135720
1096,1.04074068
1097,0.19590102
1098,1.70686187
1099,0.08301546
1100,1.39281705
1101,1.04186392
1102,1.47768486
1103,2.10006933
1104,2.18939984
1105,0.69671654
1106,2.21781431
1107,1.52126444
1108,1.02157178
1109,2.09974203
1110,0.75646169
1111,2.34691443
1112,0.03314835
1113,1.14558113
1114,1.58039151
1115,1.19775977
1116,1.93435880
1117,0.62056527
1118,0.43571984
1119,0.20672946
1120,1.91836840
1121,1.96067962
1122,0.74269193
1123,2.36063514
1124,0.54885013
1125,1.15005093
1126,1.38686401
1127,0.59870747
1128,0.38923101
1129,2.27018575
1130,0.72143015
1131,2.06585840
1132,0.33705441
1133,2.45285213
1134,0.08527142
1135,1.20126329
1136,2.47844695
1137,2.36027462
1138,2.22476174
1139,2.03507973
1140,1.43672700
1141,1.48044454
1142,1.55809868
1143,1.55546610
1144,1.16941497
1145,0.90072356
1146,1.37340038
1147,0.92712097
1148,1.81701660
1149,2.29724213
1150,0.22108412
1151,0.11675845
1152,0.96360075
1153,0.15157505
1154,0.83385262
1155,0.07957026
1156,2.27216594
1157,0.14267563
1158,0.80577527
1159,1.81488841
1160,2.41410814
1161,0.36414577
1162,1.79992486
1163,0.42863832
1164,0.46744589
1165,1.01012829
1166,2.41466777
1167,0.72574409
1168,2.42994397
1169,0.57119288
1170,1.26005771
1171,1.98015922
1172,0.12959365
1173,2.47668918
1174,2.16214945
1175,0.64183563
1176,1.82944663
1177,2.08391951
1178,0.32523682
1179,1.54169946
1180,2.18362079
1181,0.84885282
1182,0.01703513
1183,1.98987154
1184,0.97974930
1185,1.26038130
1186,0.99505074
1187,1.96288070
1188,2.43543658
1189,0.68061568
1190,0.96603971
1191,1.81226186
1192,0.74394550
1193,0.31976536
1194,2.15239564
1195,0.90432633
1196,1.78695659
1197,0.25033219
1198,2.03568440
1199,1.75898637
1200,1.58046341
1201,0.30498030
1202,0.41689622
1203,0.16409800
1204,0.36861979
1205,2.33203754
1206,1.15093665
1207,1.54927803
1208,1.00026116
1209,0.73337160
1210,0.76290520
1211,0.21415300
1212,1.12893174
1213,0.72483820
1214,0.98368773
1215,0.72507311
1216,2.28836934
1217,0.80574472
1218,1.13893515
1219,0.56750695
1220,1.29661952
1221,0.48179277
1222,1.70914797
1223,0.99665657
1224,0.14017124
1225,2.30902885
1226,0.72214758
1227,0.52858747
1228,1.12853929
1229,1.38699310
1230,1.07908322
1231,0.66153453
1232,0.88179813
1233,2.19883313
1234,1.33230421
1235,1.06264689
1236,1.33881777
1237,1.18410540
1238,0.65190804
1239,1.45017003
1240,1.90725369
1241,0.68016846
1242,0.55983873
1243,2.29454012
1244,1.12432945
1245,0.85342621
1246,2.27130364
1247,1.23731917
1248,2.24834026
1249,2.11788455
1250,0.72713383
1251,2.23332149
1252,1.86294991
1253,0.51950315
1254,0.88371467
1255,1.89060349
1256,1.19809787
1257,2.11220694
1258,2.07749105
1259,0.78969282
1260,0.80834508
1261,0.03379458
1262,0.82787572
1263,1.76056471
1264,0.53498652
1265,0.55557583
1266,1.63955574
1267,0.39864470
1268,2.24638828
1269,2.29691584
1270,1.19863046
1271,2.30421045
1272,1.91558659
1273,1.54018286
1274,2.47073362
1275,0.91207093
1276,1.10113495
1277,1.54938521
1278,0.84858651
1279,0.42941033
1280,1.09567160
1281,1.22090617
1282,0.83545506
1283,0.58647603
1284,1.94214432
1285,1.68137517
1286,1.87430467
1287,0.84683267
1288,1.96853781
1289,0.54113340
1290,0.33208637
1291,1.78793881
1292,0.12558840
1293,1.85020231
1294,2.22654380
1295,0.59994346
1296,2.30253695
1297,1.55024532
1298,0.19239177
1299,2.42232729
1300,2.07494470
1301,0.12994974
1302,1.73904627
1303,1.40079820
1304,0.82806470
1305,1.72756983
1306,0.43997914
1307,0.24621114
1308,1.93870944
1309,2.44303555
1310,2.04919821
1311,0.09051100
1312,1.76585763
1313,1.42334773
1314,0.82486770
1315,1.40773079
1316,0.14736309
1317,1.22459459
1318,1.62190777
1319,1.18989589
1320,2.38657938
1321,1.68146031
1322,0.99815179
1323,2.36306416
1324,1.52685665
1325,1.78792300
1326,1.55597571
1327,0.30138760
1328,0.98411489
1329,1.33433972
1330,2.32718567
1331,0.00033917
1332,1.70454330
1333,2.13685857
1334,0.51539967
1335,1.22030185
1336,0.79436533
1337,2.00978706
1338,0.37345135
1339,1.86496218
1340,1.99353926
1341,0.95461894
1342,0.76030738
1343,2.26076605
1344,0.94823924
1345,1.75800609
1346,0.26594809
1347,0.13998755
1348,0.80484745
1349,1.30936931
1350,1.04898805
1351,2.18864571
1352,0.65351344
1353,2.11424786
1354,1.24823557
1355,0.59088484
1356,2.33705944
1357,0.70379163
1358,2.17726357
1359,0.97854396
1360,2.38321247
1361,0.81256514
1362,2.07461414
1363,2.45972780
1364,0.96458019
1365,0.92532411
1366,0.52057864
1367,2.09916732
1368,0.60152030
1369,0.33193006
1370,1.64439574
1371,1.50351943
1372,1.19976130
1373,2.25045453
1374,0.43450864
1375,1.44001286
1376,0.01357256
1377,1.75133431
1378,1.62028678
1379,2.41751483
1380,0.89721347
1381,1.74650192
1382,1.68503109
1383,2.11496517
1384,1.93263192
1385,1.23225413
1386,1.76198186
1387,0.21932670
1388,2.35167814
1389,0.07534628
1390,1.27541971
1391,1.47955767
1392,0.92386838
1393,0.19485426
1394,1.09482776
1395,0.80731023
1396,2.27570335
1397,1.38701786
1398,2.39423174
1399,2.38854728
1400,1.73072870
1401,1.04390403
1402,1.16729946
1403,0.13509897
1404,1.08196875
1405,1.20572382
1406,0.08234622
1407,0.21780403
1408,1.95936989
1409,0.47848129
1410,0.56999596
1411,1.42384681
1412,1.58684578
1413,1.16038261
1414,0.92025822
1415,0.32917411
1416,1.27195012
1417,1.76032851
1418,0.27512066
1419,1.38375866
1420,2.10484783
1421,0.92023072
1422,1.43234093
1423,2.26441740
1424,2.02475145
1425,0.01693991
1426,1.19518674
1427,1.04685249
1428,1.85378156
1429,0.40646380
1430,2.00567849
1431,1.95215174
1432,0.78128413
1433,2.43513352
1434,1.57367580
1435,1.04332983
1436,2.46519393
1437,0.44836651
1438,0.88744562
1439,2.48769189
1440,1.96114332
1441,1.59240952
1442,0.15993760
1443,0.70622635
1444,1.92093851
1445,1.50625829
1446,0.31747012
1447,1.25004621
1448,2.40336101
1449,0.25522281
1450,1.46952969
1451,0.89478528
1452,1.99417677
1453,0.97275198
1454,0.49276760
1455,1.74017646
1456,0.38790029
1457,1.84413775
1458,1.92523200
1459,2.04281429
1460,1.70614121
1461,1.02798346
1462,1.29143801
1463,0.73967637
1464,1.47773453
1465,0.50592605
1466,1.58899089
1467,1.61777490
1468,1.55521409
1469,0.77323076
1470,2.39356892
1471,1.70155914
1472,1.56836765
1473,0.28514320
1474,0.27808834
1475,2.44216968
1476,0.05557721
1477,0.92015568
1478,2.12235205
1479,2.08935598
1480,2.15797135
1481,0.79676758
1482,0.67243579
1483,2.38258942
1484,1.32552486
1485,0.10589979
1486,0.98676855
1487,0.72849981
1488,2.47825138
1489,0.29527409
1490,0.25608950
1491,1.75236378
1492,0.57038055
1493,0.07939232
1494,1.50529065
1495,0.11605091
1496,1.23555866
1497,0.99459670
1498,1.83017174
1499,0.18644563
1500,0.66433028
1501,1.32618883
1502,2.22997604
1503,1.08780691
1504,1.20843231
1505,2.41770617
1506,0.48111373
1507,1.03190941
1508,1.88352588
1509,1.84345973
1510,1.72775693
1511,1.21168984
1512,0.37958462
1513,2.09689637
1514,2.22301850
1515,1.92321538
1516,2.43217364
1517,2.01076866
1518,0.96583932
1519,0.90294477
1520,1.49658163
1521,1.88300615
1522,0.49323729
1523,0.26319856
1524,2.26409404
1525,0.87438103
1526,2.02422356
1527,0.06678259
1528,1.27213398
1529,2.08693472
1530,1.02715841
1531,1.46717223
1532,1.64594212
1533,0.25881724
1534,0.06385967
1535,0.12849565
1536,1.26968241
1537,0.16117318
1538,0.59646439
1539,0.69551110
1540,1.91378244
1541,2.49016973
1542,0.87993584
1543,2.33264115
1544,0.69264070
1545,0.80702522
1546,0.98463606
1547,0.51978329
1548,1.56124036
1549,0.71449328
1550,0.05452477
1551,1.25575806
1552,1.85620739
1553,0.30271969
1554,2.11290568
1555,1.11417474
1556,2.31767952
1557,0.28750889
1558,2.10713101
1559,2.37445746
1560,0.46470227
1561,1.63946400
1562,0.43401733
1563,1.79022664
1564,1.87062384
1565,0.11391280
1566,1.80932763
1567,0.82753626
1568,2.07322237
1569,0.72591226
1570,0.51509468
1571,0.65922543
1572,0.88705259
1573,1.86818703
1574,1.20941855
1575,0.18475767
1576,2.38008500
1577,0.25887248
1578,1.86678281
1579,0.90279521
1580,1.14124865
1581,2.45255218
1582,1.13221925
1583,1.14870159
1584,1.52250569
1585,0.12413431
1586,2.19011610
1587,1.60635679
1588,0.12407622
1589,2.33732004
1590,0.22741229
1591,1.35171124
1592,1.43231801
1593,0.78646539
1594,2.28727427
1595,0.10782533
1596,1.56019618
1597,0.34585482
1598,2.12892550
1599,2.32096630
1600,1.75275472
1601,1.00756915
1602,0.93451556
1603,1.74759945
1604,1.35174019
1605,1.16556341
1606,0.38573838
1607,2.46349461
1608,1.95397309
1609,1.45390691
1610,1.68309525
1611,1.36559022
1612,2.31626228
1613,1.53488940
1614,0.69331737
1615,1.30172313
1616,0.26097020
1617,1.59457750
1618,1.79680547
1619,0.17189902
1620,1.43378918
1621,2.05889940
1622,0.28111442
1623,0.31015761
1624,1.80146694
1625,1.54266649
1626,0.84927776
1627,0.81621791
1628,1.10672723
1629,2.48033530
1630,1.84719021
1631,0.81584270
1632,0.35047046
1633,1.58247483
1634,0.13690949
1635,0.47834371
1636,0.84167792
1637,2.43139761
1638,2.26020923
1639,0.33192327
1640,0.80196905
1641,1.30931525
1642,0.50047679
1643,0.16178289
1644,2.21387521
1645,1.05602877
1646,0.84899498
1647,1.84232147
1648,1.68105302
1649,2.34595709
1650,2.15314264
1651,1.74282086
1652,1.16182470
1653,1.04482223
1654,1.17941979
1655,0.66920927
1656,1.20771525
1657,2.35585896
1658,0.24204172
1659,2.30044967
1660,1.40425228
1661,2.14716000
1662,1.11472429
1663,1.53782444
1664,1.37599016
1665,2.40890249
1666,1.15029651
1667,0.64275996
1668,0.96794283
1669,1.35265316
1670,0.23602701
1671,0.10453928
1672,1.97011469
1673,2.33751556
1674,1.96663201
1675,0.42294353
1676,1.58573281
1677,2.45898444
1678,0.44438354
1679,1.65999340
1680,0.72888504
1681,0.96093755
1682,1.97026375
1683,1.63628458
1684,2.19920409
1685,1.77494617
1686,1.25802053
1687,0.07432463
1688,0.20486029
1689,0.72468872
1690,2.32543674
1691,1.35280329
1692,1.74504956
1693,1.18895373
1694,1.46503342
1695,1.67294519
1696,2.45156727
1697,0.06337959
1698,2.34247889
1699,0.74985725
1700,0.84240237
1701,0.20650682
1702,1.62131847
1703,2.29517961
1704,1.16292828
1705,1.67775985
1706,0.16816843
1707,0.14864288
1708,0.97690068
1709,0.33246772
1710,2.00275691
1711,0.95490042
1712,1.14860716
1713,1.05160578
1714,1.30723556
1715,1.57646846
1716,1.24964381
1717,2.24875749
1718,0.64716220
1719,0.59075662
1720,2.36531138
1721,0.57200063
1722,0.92258687
1723,0.67019691
1724,0.46440826
1725,2.35806117
1726,0.75842193
1727,0.64774256
1728,0.28866782
1729,0.61320638
1730,2.21768424
1731,0.93404227
1732,2.29241854
1733,0.44929884
1734,0.57116401
1735,1.24258223
1736,0.25173416
1737,1.50158517
1738,1.51733872
1739,2.49537493
1740,0.07964758
1741,1.19141975
1742,0.68970354
1743,1.43743779
1744,1.53753427
1745,1.46186232
1746,0.29801366
1747,0.09298196
1748,1.55767603
1749,0.27730006
1750,1.99659955
1751,1.14206992
1752,1.29944987
1753,0.87705875
1754,0.21683180
1755,1.94120203
1756,1.91599083
1757,1.00890048
1758,2.27458797
1759,2.45891536
1760,0.14701692
1761,2.19849547
1762,0.99774198
1763,2.41502956
1764,1.82511743
1765,1.18514433
1766,1.06804632
1767,0.81652522
1768,1.06560546
1769,2.35642524
1770,1.82970033
1771,0.41005460
1772,0.17985880
1773,0.92037895
1774,2.04778768
1775,1.97132847
1776,0.87760236
1777,0.74876449
1778,1.94313017
1779,0.72134949
1780,1.33421912
1781,0.53494897
1782,2.11039158
1783,1.47719251
1784,0.89208617
1785,0.23256863
1786,2.14256155
1787,1.78667005
1788,2.19853582
1789,0.01300652
1790,0.40100584
1791,2.32715997
1792,1.48994796
1793,0.98427954
1794,0.59554553
1795,1.50126452
1796,2.05519020
1797,0.31916223
1798,0.10700766
1799,0.40887335
1800,1.30508955
1801,1.67981785
1802,0.95354576
1803,1.61185867
1804,0.28382379
1805,0.18246577
1806,0.71594929
1807,1.80589045
1808,0.91262363
1809,1.66563754
1810,1.46146137
1811,0.41979491
1812,1.43214886
1813,0.16429717
1814,1.13633984
1815,1.49945670
1816,0.44239714
1817,2.06944050
1818,1.50314601
1819,0.09441614
1820,0.08951087
1821,0.47207968
1822,0.98576277
1823,0.89953495
1824,0.88535687
1825,0.02400260
1826,1.65100253
1827,1.59407198
1828,1.81927069
1829,0.38664904
1830,1.91972122
1831,0.98401681
1832,0.65718960
1833,2.01934586
1834,0.40540958
1835,1.08723353
1836,0.04247229
1837,1.55481243
1838,0.02917702
1839,0.49452519
1840,1.62022385
1841,2.04470605
1842,2.13588772
1843,0.56085682
1844,1.11779870
1845,0.25888424
1846,1.74692303
1847,0.36044682
1848,2.12978622
1849,2.31296376
1850,1.87662764
1851,0.54031772
1852,1.28238664
1853,0.32430181
1854,1.52499318
1855,0.64788718
1856,1.07361575
1857,1.07072342
1858,2.28958081
1859,1.39925197
1860,1.16699748
1861,0.83094846
1862,1.65080141
1863,0.19273263
1864,2.49147185
1865,1.68211570
1866,0.45635932
1867,0.21700169
1868,1.25958510
1869,2.09420617
1870,1.22003800
1871,2.16056919
1872,1.43195732
1873,1.55798695
1874,1.47984147
1875,0.78777441
1876,1.05593235
1877,0.61968860
1878,2.44295641
1879,0.09217129
1880,2.26589385
1881,0.67484726
1882,0.26617167
1883,1.76437036
1884,0.34600333
1885,0.28217374
1886,1.82713433
1887,0.28124078
1888,1.17976013
1889,1.89236435
1890,1.75195234
1891,0.09593224
1892,1.02001054
1893,0.16383036
1894,2.45129681
1895,0.54514107
1896,0.88397054
1897,1.22391177
1898,0.03082450
1899,2.15777413
1900,0.17359608
1901,2.43035128
1902,1.73102039
1903,0.14433769
1904,0.36606934
1905,0.22387274
1906,2.29595954
1907,1.60220568
1908,1.78252305
1909,1.33834276
1910,0.32851990
1911,2.38457307
1912,1.02774000
1913,0.07339417
1914,0.28719077
1915,0.09966597
1916,1.32629374
1917,1.59347810
1918,0.41385609
1919,0.76396067
1920,1.98537497
1921,1.49876442
1922,0.06192572
1923,2.39524212
1924,1.06268819
1925,0.75515313
1926,1.44703359
1927,2.36683133
1928,2.19125772
1929,2.07776494
1930,2.38886903
1931,1.95336337
1932,1.95468812
1933,0.39708676
1934,0.38929425
1935,1.65726363
1936,1.59906967
1937,0.26185265
1938,0.43744015
1939,0.85057228
1940,1.90596088
1941,0.83162422
1942,2.29000158
1943,1.13221425
1944,1.12550359
1945,0.70929478
1946,1.85096352
1947,2.17973128
1948,1.09655137
1949,1.35898070
1950,1.31040698
1951,0.32280542
1952,0.25218640
1953,0.91792405
1954,1.04336796
1955,0.72808962
1956,1.56596987
1957,0.74983209
1958,0.06589910
1959,1.58252667
1960,0.77410924
1961,0.66432613
1962,1.68446675
1963,0.66787828
1964,0.94195801
1965,2.18774744
1966,1.66358281
1967,2.36155088
1968,1.25233461
1969,2.04138283
1970,1.30017578
1971,0.69840557
1972,1.68588061
1973,0.58453018
1974,0.28582004
1975,1.80276352
1976,1.78628728
1977,2.11275363
1978,2.23644023
1979,0.86066210
1980,1.73498022
1981,0.19799224
1982,2.10596610
1983,0.33986619
1984,0.23535669
1985,1.46173730
1986,1.91960249
1987,1.50441051
1988,1.29731734
1989,2.41567501
1990,2.31387040
1991,0.01240354
1992,1.12233092
1993,0.98760696
1994,2.42849892
1995,0.39462625
1996,0.31038016
1997,1.03003018
1998,0.37910773
1999,1.22126265
2000,0.58676187
2001,2.01650211
2002,0.76169276
2003,0.19797363
2004,1.54900957
2005,0.24279624
2006,0.58146234
2007,0.06704170
2008,0.58600968
2009,2.16275086
2010,0.49181723
2011,0.35538839
2012,0.72152900
2013,1.13162653
2014,1.09120546
2015,0.33456463
2016,2.21625264
2017,1.38653663
2018,1.95063693
2019,0.63456655
2020,0.67538974
2021,1.83825871
2022,1.05292219
2023,0.54663763
2024,1.11889900
2025,1.65480622
2026,0.82246998
2027,1.07927323
2028,0.88889883
2029,0.18189756
2030,0.94361336
2031,2.24404447
2032,0.95629730
2033,1.82916458
2034,0.95124511
2035,2.13037432
2036,0.71813225
2037,0.63772947
2038,2.19819541
2039,1.70440590
2040,0.44959102
2041,0.45644382
2042,2.17146827
2043,1.89698256
2044,0.44516552
2045,1.28207203
2046,1.66242899
2047,1.45088302
2048,0.22739966
2049,2.23252588
2050,1.17238669
2051,0.48775220
2052,2.09354150
2053,1.61314725
2054,0.13127181
2055,0.28132306
2056,0.09978789
2057,0.59800078
2058,0.86793097
2059,0.28494657
2060,1.13752826
2061,2.09744874
2062,1.48422230
2063,0.69272748
2064,0.93368087
2065,0.12675053
2066,2.42852992
2067,1.30759865
2068,2.14726345
2069,1.36446285
2070,0.42361114
2071,2.26160333
2072,2.36569371
2073,1.62668280
2074,0.12610333
2075,1.51341851
2076,2.10059698
2077,1.63393074
2078,0.32816710
2079,1.81005211
2080,1.25543407
2081,2.25116938
2082,0.90050279
2083,1.91237050
2084,0.95932028
2085,2.23453945
2086,1.40496072
2087,2.36326116
2088,1.80923141
2089,0.75885942
2090,0.08924459
2091,0.57214150
2092,1.81915073
2093,1.20261559
2094,1.36607574
2095,0.85228144
2096,0.56825537
2097,2.43325439
2098,0.73186579
2099,0.31668702
2100,2.02562883
2101,2.25178630
2102,1.28667641
2103,1.57144606
2104,0.86649696
2105,0.81428940
2106,0.82577141
2107,0.96446800
2108,2.38434248
2109,1.21713512
2110,0.48716778
2111,1.92539604
2112,0.51765783
2113,2.02642220
2114,0.27948712
2115,1.44416798
2116,0.12475631
2117,2.22691717
2118,1.35789874
2119,0.97312488
2120,0.53041848
2121,0.80383031
2122,0.84678417
2123,1.03566421
2124,2.14901006
2125,0.00479304
2126,0.82152066
2127,1.58227661
2128,0.23513638
2129,1.09396538
2130,1.42011495
2131,0.40384532
2132,1.08125050
2133,0.21947130
2134,0.87416732
2135,1.20865268
2136,0.68702266
2137,1.14842540
2138,1.73002211
2139,1.18120052
2140,2.33064186
2141,1.46436155
2142,1.39120266
2143,1.99442792
2144,2.30449239
2145,1.03846188
2146,0.30077732
2147,0.37820598
2148,1.15418797
2149,0.21798585
2150,0.72173016
2151,0.05326484
2152,0.16680525
2153,0.34293089
2154,0.48665547
2155,0.76061502
2156,1.68853907
2157,2.44109689
2158,1.32052472
2159,1.90480724
2160,2.31730821
2161,0.79342229
2162,1.76878755
2163,0.10697704
2164,1.11101378
2165,0.31786575
2166,0.37530975
2167,0.51768072
2168,2.40978119
2169,0.37974638
2170,0.46642109
2171,2.13333816
2172,2.36656491
2173,1.26057797
2174,0.06781619
2175,2.45407979
2176,0.59523939
2177,1.12301726
2178,0.12608314
2179,2.36273232
2180,1.53696817
2181,2.30040687
2182,1.14180951
2183,1.91871847
2184,0.74030437
2185,2.28495693
2186,0.30991079
2187,2.20869197
2188,0.07989662
2189,0.93122451
2190,0.68820234
2191,1.17286988
2192,1.51469518
2193,1.73603768
2194,1.62569325
2195,0.09788579
2196,0.40732804
2197,1.65906453
2198,2.05605379
2199,0.51328972
2200,2.12259773
2201,0.35258861
2202,0.48245708
2203,1.51998149
2204,1.65129628
2205,0.30054611
2206,2.42163759
2207,2.24724077
2208,1.36273664
2209,0.37671634
2210,1.71313312
2211,1.10965625
2212,2.13995835
2213,1.02466283
2214,1.27760042
2215,0.13080115
2216,1.27675003
2217,0.14213046
2218,2.31594232
2219,1.53270156
2220,2.07196055
2221,1.91599741
2222,2.38027709
2223,2.15183047
2224,0.19079168
2225,2.08987696
2226,0.71612735
2227,2.04752617
2228,0.10488389
2229,1.01805327
2230,0.79913938
2231,0.15557092
2232,2.23541335
2233,1.76148968
2234,1.62030063
2235,0.60080100
2236,0.60144638
2237,0.21807445
2238,1.46730056
2239,0.69485125
2240,0.43426210
2241,0.48295480
2242,1.31891709
2243,1.02014430
2244,0.87127091
2245,0.70495524
2246,0.80100663
2247,0.83862974
2248,0.15052627
2249,0.38849092
2250,0.27450395
2251,1.67080492
2252,0.55162677
2253,1.85971981
2254,1.92459611
2255,0.02886680
2256,2.15673098
2257,0.73740046
2258,0.42209364
2259,1.69571821
2260,1.13942105
2261,1.97243727
2262,1.07035218
2263,0.76932963
2264,2.32521617
2265,1.62685352
2266,1.62973329
2267,2.04889709
2268,1.04952170
2269,2.07119828
2270,1.74146075
2271,2.00800984
2272,0.82612821
2273,1.10524987
2274,2.30475063
2275,1.69267626
2276,1.24807919
2277,1.69617402
2278,0.80822049
2279,1.25437085
2280,0.03309616
2281,2.44609529
2282,1.80451917
2283,0.34826018
2284,0.79868047
2285,1.15080441
2286,1.93913243
2287,2.01649476
2288,2.31318893
2289,1.26463204
2290,1.61116330
2291,1.59537819
2292,1.27957512
2293,2.26966058
2294,0.44314816
2295,1.02521715
2296,1.05689307
2297,0.99514162
2298,2.37024623
2299,0.56737571
2300,2.03186367
2301,1.21158594
2302,1.95163103
2303,2.19703545
2304,1.45277853
2305,2.27999091
2306,0.28752475
2307,0.45406875
2308,1.43535046
2309,2.20209021
2310,1.81294787
2311,2.18675111
2312,1.18293464
2313,1.60970784
2314,1.71574135
2315,2.28856580
2316,1.67494474
2317,1.01530887
2318,0.29381698
2319,1.67603494
2320,0.64411642
2321,0.99053358
2322,2.02968060
2323,1.73195474
2324,0.34819329
2325,1.18405261
2326,1.44766567
2327,1.13777333
2328,0.71003245
2329,0.56191369
2330,1.06781782
2331,2.12018404
2332,0.58704763
2333,2.48390628
2334,0.97649276
2335,1.60483044
2336,1.81404805
2337,0.31365333
2338,2.48985265
2339,1.24756738
2340,1.80787189
2341,0.60420963
2342,1.52279695
2343,0.31377599
2344,2.37286723
2345,0.70090822
2346,2.23280226
2347,0.17284313
2348,1.68353442
2349,1.39112474
2350,1.19547989
2351,1.57526528
2352,1.31587920
2353,0.60538392
2354,1.25264808
2355,1.36246385
2356,0.07337472
2357,1.90808351
2358,0.93759305
2359,1.24141902
2360,0.98141145
2361,2.12661413
2362,0.04483191
2363,2.17066885
2364,1.87770480
2365,2.09068615
2366,0.57604473
2367,0.00894363
2368,0.41194629
2369,0.24348503
2370,0.50710674
2371,0.60342154
2372,2.00741599
2373,0.65698002
2374,2.09067355
2375,0.25576162
2376,0.26038428
2377,2.21141919
2378,1.16447774
2379,2.34056761
2380,0.76455148
2381,1.13561757
2382,2.00316168
2383,2.48864985
2384,2.09086451
2385,1.61604967
2386,0.16966883
2387,0.69029127
2388,1.20235258
2389,1.02360733
2390,0.70186449
2391,1.92275608
2392,1.06308079
2393,1.99849822
2394,1.48613869
2395,1.68809720
2396,2.28207673
2397,2.33037203
2398,2.31532837
2399,0.95541377
2400,2.08521978
2401,0.51370388
2402,1.45871299
2403,2.16464286
2404,0.52784083
2405,0.23382137
2406,0.69424255
2407,2.13946074
2408,1.32696377
2409,1.11420931
2410,1.78192031
2411,0.64988368
2412,0.87473171
2413,0.77603156
2414,0.82844402
2415,1.92145812
2416,0.51724880
2417,2.01381459
2418,2.39189390
2419,2.08264575
2420,0.38144868
2421,2.31232668
2422,0.31782770
2423,2.35040742
2424,1.57375706
2425,0.80819717
2426,1.23108832
2427,1.18171238
2428,1.52026536
2429,0.18281234
2430,2.19175390
2431,0.36262046
2432,0.82123061
2433,1.56476317
2434,2.24675428
2435,1.28020702
2436,0.83713336
2437,1.70868388
2438,1.44265295
2439,0.99320212
2440,0.43081723
2441,2.12773565
2442,1.99780699
2443,2.28398390
2444,2.05573890
2445,0.83379243
2446,0.96699279
2447,1.26985573
2448,0.06022364
2449,1.65345663
2450,0.22814554
2451,1.10719398
2452,1.03278765
2453,0.13943431
2454,1.17567512
2455,0.57713290
2456,2.47078297
2457,1.93246651
2458,0.41876858
2459,1.28678638
2460,1.75676319
2461,1.77719755
2462,1.99457670
2463,0.09140501
2464,0.85462842
2465,2.42694747
2466,1.67547589
2467,1.32333716
2468,0.89811291
2469,1.40132285
2470,1.83147939
2471,1.09503242
2472,2.23179419
2473,1.94351089
2474,2.08396220
2475,0.38600050
2476,1.78470971
2477,0.57624011
2478,2.25947295
2479,0.26037118
2480,0.20444562
2481,1.80794501
2482,2.44956803
2483,0.16970470
2484,0.99001758
2485,1.52424900
2486,1.28563463
2487,1.47933218
2488,2.39843893
2489,2.37768042
2490,1.13662620
2491,0.47968571
2492,1.80532516
2493,1.52502094
2494,1.27273118
2495,1.74653294
2496,0.14066226
2497,2.47899964
2498,2.46179159
2499,0.57329515
2500,1.32175730
2501,0.30929056
2502,0.91459901
2503,1.52803442
2504,0.38874605
2505,0.18126922
2506,1.29112274
2507,0.84907239
2508,0.72995349
2509,2.09443599
2510,0.91167776
2511,0.87162076
2512,1.42775911
2513,2.00775975
2514,2.23330572
2515,1.96112398
2516,1.20147206
2517,0.00728095
2518,2.19987211
2519,0.98675190
2520,1.62502726
2521,0.12239602
2522,0.73736973
2523,2.41128652
2524,1.65126192
2525,1.01986443
2526,2.25410216
2527,2.48604526
2528,1.97259354
2529,2.11994939
2530,2.16103357
2531,0.99638297
2532,2.40078010
2533,1.89117705
2534,2.48361429
2535,2.41422267
2536,0.44750552
2537,1.66967792
2538,0.21852958
2539,1.54354726
2540,2.14155476
2541,1.43003058
2542,0.11619822
2543,0.97492685
2544,2.47025154
2545,0.51361536
2546,1.00809175
2547,1.20636583
2548,1.00834988
2549,0.02199766
2550,2.01024734
2551,1.93500276
2552,1.21957878
2553,0.58017627
2554,0.16262183
2555,0.70419077
2556,0.36145457
2557,1.76300534
2558,0.66632650
2559,2.29187860
2560,0.35907799
2561,1.25405149
2562,0.96082933
2563,1.15344127
2564,1.81013777
2565,1.52015455
2566,1.88188606
2567,2.03466626
2568,0.20535332
2569,1.01427475
2570,1.04820612
2571,2.23923495
2572,0.23250329
2573,0.22787178
2574,1.72896315
2575,0.04528379
2576,1.57371773
2577,2.06238818
2578,1.84255915
2579,1.91093295
2580,1.51264236
2581,1.40487017
2582,0.49979789
2583,1.53624572
2584,1.99165752
2585,2.17529930
2586,1.47475651
2587,1.73733459
2588,2.28101812
2589,0.33059627
2590,2.02257404
2591,1.84344551
2592,1.36906418
2593,0.17691895
2594,0.73213242
2595,2.13145151
2596,0.47052334
2597,1.42404976
2598,0.70071169
2599,2.39776159
2600,2.46719038
2601,1.41997702
2602,0.96089980
2603,1.11797112
2604,1.55521810
2605,0.40108498
2606,0.25544822
2607,0.78570477
2608,2.14064212
2609,0.53681502
2610,2.13281292
2611,1.77012132
2612,0.21912162
2613,0.69301062
2614,0.04702068
2615,0.60346702
2616,0.98389099
2617,2.25729258
2618,1.40854806
2619,2.05938682
2620,1.80450158
2621,0.45743888
2622,1.21450653
2623,1.24044405
2624,0.93963989
2625,0.13010356
2626,1.83804693
2627,1.97919044
2628,1.88931622
2629,2.17384511
2630,1.80705376
2631,0.47848099
2632,1.75904271
2633,1.20170477
2634,2.39568783
2635,1.58282802
2636,0.60891653
2637,1.08580235
2638,2.36070828
2639,1.76851109
2640,2.35137083
2641,2.49153350
2642,0.34535091
2643,2.35981750
2644,1.49342699
2645,0.12883976
2646,1.85318120
2647,2.33555047
2648,1.30950588
2649,2.07217657
2650,0.72518940
2651,2.22561174
2652,2.17623835
2653,0.84892237
2654,2.43740800
2655,1.07229442
2656,0.16999409
2657,1.52760169
2658,1.84228588
2659,0.28573217
2660,0.10087259
2661,0.61400946
2662,2.48887526
2663,0.82755895
2664,2.31311858
2665,0.56736859
2666,1.94480505
2667,2.07360062
2668,1.46228150
2669,2.40800508
2670,0.60403019
2671,0.43287511
2672,2.11411916
2673,0.69546930
2674,1.31930454
2675,2.10498057
2676,2.12387595
2677,1.84499072
2678,2.09362715
2679,1.55516800
2680,0.20660057
2681,0.21451486
2682,2.13774430
2683,2.22764413
2684,0.29160776
2685,1.97180562
2686,1.44700062
2687,2.34072650
2688,1.56956355
2689,1.71919169
2690,1.18555231
2691,1.94918621
2692,0.84601866
2693,2.18420711
2694,0.56367995
2695,1.42008245
2696,1.63219175
2697,1.08326328
2698,0.80078579
2699,0.51359627
2700,0.70014595
2701,1.96453183
2702,0.66795035
2703,2.39640151
2704,1.73362982
2705,2.17119217
2706,1.28337174
2707,0.52415008
2708,0.00912477
2709,0.37116767
2710,1.02890905
2711,0.16491583
2712,2.17608647
2713,0.66081517
2714,0.00731027
2715,0.05173505
2716,1.80744750
2717,0.07346644
2718,1.67870862
2719,1.57275223
2720,1.39006948
2721,1.38482516
2722,0.91403902
2723,0.47286988
2724,1.02453143
2725,1.41082571
2726,2.30341403
2727,1.11323114
2728,2.42690526
2729,0.10723106
2730,1.36169781
2731,2.08013117
2732,0.48189536
2733,2.08888718
2734,1.29185551
2735,0.48952782
2736,1.74002546
2737,1.39327176
2738,1.51418150
2739,0.64743364
2740,1.82002587
2741,0.79267613
2742,0.58714524
2743,1.83195160
2744,1.54724251
2745,2.04959852
2746,1.55936311
2747,0.77236397
2748,2.22456440
2749,2.32226452
2750,1.35472023
2751,1.88946612
2752,1.65538264
2753,1.15969907
2754,2.14307044
2755,1.32458144
2756,1.11360112
2757,2.27507740
2758,1.49336332
2759,0.40771625
2760,1.89305652
2761,1.23280831
2762,2.14524940
2763,0.68946722
2764,0.62306280
2765,1.49152346
2766,1.08312365
2767,1.48230531
2768,2.26410372
2769,2.31371228
2770,1.45647138
2771,0.48267688
2772,0.36349272
2773,0.17846866
2774,1.71671821
2775,2.25802736
2776,0.80635716
2777,1.26405654
2778,1.86744135
2779,0.50283752
2780,0.83166486
2781,0.52155934
2782,1.82644495
2783,2.34425595
2784,0.33534428
2785,1.32116553
2786,1.72225259
2787,0.78705517
2788,1.83743909
2789,1.97553340
2790,0.28470803
2791,1.16209189
2792,0.54782156
2793,0.47788399
2794,1.05627187
2795,0.39077821
2796,2.42614692
2797,1.15878711
2798,0.95814659
2799,0.42248087
2800,1.96213253
2801,1.35116845
2802,1.48029153
2803,0.14794523
2804,1.08667835
2805,1.38099881
2806,1.50079182
2807,0.50899327
2808,2.30826851
2809,2.47295352
2810,1.40371237
2811,1.96248731
2812,0.83082285
2813,0.87514928
2814,2.15632148
2815,0.84450640
2816,2.49496315
2817,0.45111956
2818,1.78012819
2819,0.82961785
2820,2.34683309
2821,2.14487019
2822,0.57262479
2823,1.92326615
2824,0.65003337
2825,1.06175328
2826,1.16180079
2827,0.91705181
2828,2.45404285
2829,1.87766564
2830,0.96543988
2831,0.02834897
2832,0.64558660
2833,0.50274821
2834,2.17550412
2835,0.49325737
2836,0.84529817
2837,1.04104503
2838,0.54317129
2839,2.01944077
2840,0.73816784
2841,1.51465152
2842,1.90069833
2843,0.32691835
2844,2.45786703
2845,0.19439092
2846,1.36383531
2847,1.43213625
2848,1.17083785
2849,0.27809716
2850,1.82327633
2851,0.28704115
2852,0.65864822
2853,0.42010044
2854,0.02640394
2855,1.09405394
2856,0.25147789
2857,1.58699271
2858,0.45791041
2859,2.31958058
2860,2.39511215
2861,0.04619444
2862,0.85493650
2863,2.47153969
2864,0.82012519
2865,2.14837021
2866,2.00790125
2867,0.78799866
2868,1.33209077
2869,1.64509418
2870,0.80838540
2871,2.10791621
2872,1.20832560
2873,1.81381865
2874,2.43783010
2875,0.07066444
2876,1.84440947
2877,2.33136702
2878,0.79680033
2879,1.39020626
2880,1.60454829
2881,2.34878435
2882,2.21416268
2883,0.05683689
2884,1.80252848
2885,0.85835862
2886,1.53236655
2887,0.72892879
2888,1.66525931
2889,0.89589540
2890,0.34503143
2891,2.15721661
2892,1.86679405
2893,0.10949463
2894,0.08982520
2895,0.15389301
2896,0.89967948
2897,0.86231030
2898,0.40027215
2899,1.67947377
2900,0.35408484
2901,0.20067551
2902,1.45693611
2903,1.44083923
2904,1.75095750
2905,2.02432462
2906,0.58957354
2907,0.38149670
2908,1.95225643
2909,2.31926556
2910,0.96961631
2911,1.07597967
2912,0.37602521
2913,2.11296569
2914,1.07321057
2915,0.87769095
2916,2.40351042
2917,0.30447078
2918,0.04386742
2919,0.62972487
2920,0.89652866
2921,1.25051486
2922,1.96615117
2923,0.63129426
2924,1.51559055
2925,1.30256534
2926,0.60026419
2927,1.17679234
2928,0.92747289
2929,1.29389235
2930,2.22412706
2931,0.07531507
2932,0.74497150
2933,1.00830787
2934,1.02576749
2935,0.66970308
2936,1.32589162
2937,1.85843421
2938,0.23147472
2939,0.47653695
2940,2.20395156
2941,2.28170907
2942,1.73793386
2943,1.05542611
2944,2.22931014
2945,1.74029006
2946,1.78351657
2947,1.85874651
2948,1.16505308
2949,1.32012344
2950,0.12927080
2951,1.15887873
2952,0.48157396
2953,0.89375434
2954,0.03395773
2955,0.09985704
2956,2.02198945
2957,0.65997590
2958,1.63732383
2959,2.24744692
2960,1.31405146
2961,2.44991961
2962,0.04649146
2963,1.70897935
2964,0.10576349
2965,2.30863706
2966,2.47098165
2967,0.09490320
2968,0.58744506
2969,1.19811422
2970,1.82945587
2971,1.82899078
2972,2.34288707
2973,1.85285436
2974,0.46744711
2975,0.48040438
2976,1.77339369
2977,2.33063690
2978,0.22358060
2979,1.97089348
2980,0.79153311
2981,1.69430799
2982,1.71652010
2983,1.25532551
2984,0.14380650
2985,1.67846754
2986,0.77539252
2987,1.20490458
2988,2.44147835
2989,1.00901918
2990,2.20423742
2991,0.05755968
2992,0.58940607
2993,0.00534940
2994,1.00342204
2995,0.41955603
2996,0.99477286
2997,2.11386101
2998,2.42625988
2999,0.45639648
3000,1.70219028
3001,0.58878045
3002,2.33074383
3003,0.69053047
3004,2.45067763
3005,0.80001909
3006,0.93179205
3007,1.24639100
3008,0.17815033
3009,0.33968405
3010,2.20475535
3011,1.04164432
3012,0.75384756
3013,2.24641916
3014,2.46647897
3015,1.73396132
3016,0.87811021
3017,0.12930132
3018,1.57043019
3019,2.16587740
3020,1.39766455
3021,2.06148472
3022,1.29753590
3023,0.16207576
3024,1.30283729
3025,1.51050295
3026,2.05398724
3027,2.06296363
3028,0.01086566
3029,0.81754174
3030,1.85856903
3031,0.48107170
3032,0.69592035
3033,1.48605989
3034,1.09328591
3035,0.46183302
3036,0.59869274
3037,0.61000541
3038,0.81111831
3039,1.16861113
3040,1.78080306
3041,0.88903431
3042,1.32663686
3043,2.25349375
3044,1.71998406
3045,2.35083152
3046,2.32618568
3047,0.25919410
3048,0.56183092
3049,1.79374212
3050,1.48777438
3051,1.20103458
3052,2.07420674
3053,1.03905022
3054,1.13287442
3055,0.76337933
3056,0.82877543
3057,2.02704093
3058,1.63022384
3059,2.24843445
3060,0.58498576
3061,0.00251534
3062,0.12940253
3063,1.59624704
3064,1.50078349
3065,1.83288287
3066,0.24161732
3067,1.70299829
3068,0.36485094
3069,1.92458044
3070,1.78604104
3071,0.67240267
3072,0.68468820
3073,0.63334191
3074,2.22772131
3075,1.76952270
3076,0.26046649
3077,2.24738961
3078,2.18332522
3079,0.81236077
3080,2.18656207
3081,2.40687918
3082,2.37519260
3083,0.80486893
3084,2.38135203
3085,1.83689431
3086,1.72241500
3087,1.41389101
3088,1.48326837
3089,0.99665581
3090,1.19044363
3091,0.19071769
3092,0.68836321
3093,2.46363463
3094,1.50638279
3095,0.11302406
3096,1.25818059
3097,1.08196902
3098,2.48623379
3099,1.83888678
3100,1.88969451
3101,1.79415467
3102,1.42876844
3103,1.82125315
3104,0.39809994
3105,0.09907208
3106,2.49765019
3107,1.58855760
3108,2.28186047
3109,1.59342577
3110,2.14191571
3111,0.22399491
3112,1.55787901
3113,0.31692163
3114,1.72501377
3115,2.40453891
3116,2.34884575
3117,0.33819162
3118,1.93394893
3119,0.17784914
3120,1.25690425
3121,0.86393067
3122,0.91287449
3123,1.93929250
3124,2.46452099
3125,0.91182589
3126,2.07135241
3127,1.76253616
3128,1.71562504
3129,0.62897793
3130,2.43865928
3131,2.24576202
3132,1.02151675
3133,0.21090804
3134,0.38656762
3135,1.04648563
3136,0.36581401
3137,0.41115569
3138,0.38457285
3139,2.49542229
3140,2.48076165
3141,1.22973623
3142,0.08616047
3143,1.17714656
3144,0.21980004
3145,1.97048780
3146,1.56153578
3147,0.69406708
3148,1.10499647
3149,0.35053137
3150,0.33336398
3151,0.82525825
3152,0.98443020
3153,0.86602041
3154,1.45251362
3155,1.72524699
3156,1.11275914
3157,2.03308500
3158,1.30804081
3159,0.78288303
3160,0.27292051
3161,1.03284369
3162,0.27918611
3163,0.35483083
3164,0.63282043
3165,0.68655086
3166,1.94816844
3167,0.19869109
3168,1.49424937
3169,0.77944114
3170,0.41818945
3171,1.24129877
3172,0.71218729
3173,0.75398604
3174,1.16522093
3175,2.12984672
3176,1.94185429
3177,0.84069115
3178,0.45298769
3179,0.79419985
3180,0.61347003
3181,0.21625575
3182,0.25635514
3183,1.95467255
3184,1.82587727
3185,0.56387882
3186,1.18208108
3187,0.32619047
3188,2.15956041
3189,2.04534040
3190,0.66661054
3191,0.05948042
3192,0.48015973
3193,1.54376743
3194,1.56576137
3195,0.85875603
3196,1.50391027
3197,0.80337056
3198,2.21335026
3199,0.41185513
3200,2.10860637
3201,0.78589943
3202,0.66543809
3203,0.21923635
3204,2.31534085
3205,1.30170015
3206,1.88025049
3207,0.17667596
3208,1.92574138
3209,2.03417464
3210,0.37848682
3211,1.82017910
3212,2.43955762
3213,0.03416847
3214,0.86023986
3215,2.36246566
3216,2.18899423
3217,2.37271061
3218,0.03824753
3219,1.78631184
3220,0.49977743
3221,0.66461461
3222,2.11557984
3223,0.65729208
3224,0.47395438
3225,0.40469131
3226,0.90211826
3227,1.29930767
3228,1.31408857
3229,1.58139148
3230,1.04567434
3231,2.43180783
3232,2.32067974
3233,0.88553769
3234,2.40482709
3235,0.61535944
3236,2.10752234
3237,1.02164352
3238,1.73559556
3239,2.13374355
3240,2.08984720
3241,2.34505770
3242,0.12730573
3243,2.07392343
3244,1.12499074
3245,1.43335286
3246,2.11186828
3247,1.64025761
3248,2.17730179
3249,0.99277197
3250,0.21257798
3251,0.00327296
3252,1.89649447
3253,0.04643038
3254,1.85061251
3255,1.49193625
3256,1.45447336
3257,1.32775263
3258,2.32244810
3259,0.36470724
3260,0.36338112
3261,0.88012918
3262,2.07252610
3263,2.37172252
3264,2.19522644
3265,1.52416715
3266,2.06858695
3267,0.08715879
3268,0.88261570
3269,0.40833322
3270,0.14076301
3271,0.97915735
3272,2.40255860
3273,0.78696448
3274,1.00181542
3275,0.55362981
3276,1.50727459
3277,2.04831508
3278,2.27794705
3279,1.55279410
3280,1.79435991
3281,1.39222206
3282,1.64302851
3283,0.79325036
3284,1.89910583
3285,0.58883421
3286,0.99261671
3287,1.40279569
3288,1.42119597
3289,0.96388602
3290,0.15704751
3291,0.40695796
3292,2.47307373
3293,0.43846711
3294,1.99371522
3295,0.13077799
3296,1.49015455
3297,0.92241690
3298,1.38892651
3299,1.60263981
3300,1.66288278
3301,0.47859772
3302,2.44780003
3303,1.80466741
3304,1.98023341
3305,0.24253594
3306,1.36605318
3307,0.62704809
3308,2.46355890
3309,1.65828115
3310,0.33718518
3311,1.66151058
3312,1.31670425
3313,2.01592987
3314,0.50079873
3315,1.97845325
3316,0.43914934
3317,1.12855817
3318,0.59543009
3319,1.29028190
3320,0.66212539
3321,0.72391025
3322,1.48616744
3323,1.41310562
3324,0.85212883
3325,1.58149390
3326,1.73298943
3327,2.21014407
3328,0.07096955
3329,1.98943053
3330,1.66126035
3331,1.89644315
3332,0.00818194
3333,1.81620978
3334,0.00312627
3335,1.50974263
3336,0.48157637
3337,0.24527615
3338,1.55215218
3339,0.97548165
3340,1.02201902
3341,1.62188167
3342,1.30001303
3343,1.85122058
3344,0.15236143
3345,0.41104808
3346,1.30109265
3347,1.08712895
3348,1.03528144
3349,0.14887913
3350,0.67544103
3351,0.60856952
3352,1.55842505
3353,2.45640808
3354,0.35405718
3355,0.97073521
3356,1.19404389
3357,0.84634467
3358,0.45875153
3359,0.27127673
3360,2.09517907
3361,0.87620200
3362,2.33107211
3363,2.37734986
3364,1.67428918
3365,1.82911534
3366,1.79990484
3367,1.00793909
3368,0.74057824
3369,2.08883350
3370,0.80025711
3371,0.56801381
3372,0.35009833
3373,1.99576253
3374,1.99641875
3375,0.90964197
3376,0.49340052
3377,1.51462666
3378,0.42738970
3379,2.06580931
3380,0.60099608
3381,0.28257185
3382,0.15970556
3383,1.67159451
3384,0.98680972
3385,1.70530469
3386,0.53461913
3387,1.41040515
3388,0.71086014
3389,1.25008756
3390,1.86823630
3391,1.89720811
3392,1.56379199
3393,1.86807930
3394,0.20524574
3395,0.73855001
3396,1.55498560
3397,0.44737655
3398,2.25034748
3399,1.73864326
3400,0.01097942
3401,0.21844224
3402,1.72273119
3403,1.80492281
3404,0.59682137
3405,0.11185767
3406,1.42448296
3407,0.10514464
3408,1.79308931
3409,1.31469965
3410,2.39817538
3411,0.35142388
3412,1.56119745
3413,1.53094896
3414,0.61046592
3415,1.32572813
3416,2.09864089
3417,0.83335126
3418,1.47611368
3419,1.27370612
3420,2.45901058
3421,1.98371183
3422,0.08806653
3423,0.93854746
3424,1.06972688
3425,1.94313575
3426,1.97572419
3427,0.59745582
3428,0.91622048
3429,1.03740902
3430,1.18475981
3431,1.55270835
3432,0.40430465
3433,2.05821085
3434,0.67071172
3435,2.49634854
3436,0.01388358
3437,2.35196974
3438,2.18227436
3439,2.12486436
3440,1.01257420
3441,1.65503402
3442,0.64779662
3443,1.26693847
3444,2.02268103
3445,0.09165178
3446,0.33530872
3447,1.81774367
3448,1.17287924
3449,0.09873738
3450,0.15251171
3451,0.39450553
3452,0.68012220
3453,1.72528539
3454,2.00705264
3455,1.41694765
3456,1.32672760
3457,1.65942443
3458,0.80513166
3459,1.97082446
3460,1.74243767
3461,1.87389216
3462,1.35018050
3463,2.17226737
3464,1.03905587
3465,1.59709379
3466,1.73335011
3467,1.84726426
3468,1.34123682
3469,2.12761093
3470,0.90720295
3471,0.92814634
3472,0.40686526
3473,0.61890858
3474,0.40413909
3475,2.27914337
3476,1.77475449
3477,0.86317115
3478,0.07325942
3479,0.73959891
3480,0.83874481
3481,1.46300472
3482,0.10847229
3483,0.40597075
3484,1.67244958
3485,0.67711441
3486,1.31207731
3487,2.03337194
3488,1.25814398
3489,0.24495437
3490,0.15017110
3491,2.25935788
3492,2.07231028
3493,2.26153810
3494,0.96295063
3495,1.52157702
3496,0.52098902
3497,1.32638273
3498,0.30063258
3499,1.97127621
3500,2.00980794
3501,0.72148382
3502,1.57156043
3503,1.88128775
3504,1.51274249
3505,1.99207818
3506,0.68227391
3507,0.75137385
3508,1.78416831
3509,1.97967852
3510,2.20066719
3511,0.43593428
3512,2.17430312
3513,2.21036056
3514,0.64959589
3515,2.32639874
3516,1.77183531
3517,1.04505367
3518,0.35331914
3519,1.53984981
3520,0.16331208
3521,0.76930052
3522,1.86312741
3523,1.55652083
3524,2.07497416
3525,0.18563151
3526,1.48730755
3527,1.78524855
3528,1.47294683
3529,1.78413498
3530,1.87907613
3531,0.64274471
3532,2.20500969
3533,1.01716012
3534,0.12965132
3535,0.37172995
3536,0.90738532
3537,0.38597765
3538,1.03291048
3539,1.63881411
3540,1.80532377
3541,1.20795067
3542,1.41376600
3543,0.55806411
3544,0.66062996
3545,2.15194650
3546,0.60075443
3547,0.83210140
3548,0.86526865
3549,0.73623472
3550,1.71074923
3551,1.01041476
3552,0.41849259
3553,1.27181824
3554,2.30333285
3555,2.05250548
3556,2.48520750
3557,1.21176109
3558,0.54690186
3559,1.47730449
3560,0.20949857
3561,2.04705387
3562,2.20664316
3563,0.29011285
3564,0.49531556
3565,0.32538057
3566,2.20555391
3567,1.63124557
3568,0.45160559
3569,2.33336709
3570,0.18727571
3571,2.27589057
3572,1.37764437
3573,0.90032656
3574,1.71567712
3575,0.09876543
3576,0.85499316
3577,1.53843109
3578,0.05114786
3579,1.07453343
3580,0.89685445
3581,0.39900138
3582,1.60911938
3583,2.35137655
3584,2.22771551
3585,0.66346645
3586,0.32423878
3587,2.33481739
3588,1.88376876
3589,1.21533556
3590,1.40453697
3591,2.03717918
3592,1.58104461
3593,0.85497055
3594,0.22427595
3595,1.36164190
3596,0.93486479
3597,1.76993452
3598,0.17973954
3599,2.22815280
3600,2.24022867
3601,2.43010735
3602,1.24218664
3603,1.71564196
3604,0.13118054
3605,1.35218971
3606,1.30097136
3607,0.68476940
3608,2.45101490
3609,2.22487429
3610,1.52556099
3611,0.85781729
3612,2.26165003
3613,2.38983750
3614,1.26388232
3615,1.52351357
3616,1.11161047
3617,1.41325249
3618,1.49336132
3619,0.54438896
3620,1.51401927
3621,0.78754935
3622,1.20967165
3623,1.36540149
3624,0.73212431
3625,1.01801826
3626,1.86585869
3627,1.18943221
3628,1.17804235
3629,1.50362931
3630,2.47420648
3631,0.69652216
3632,0.65317385
3633,1.25587086
3634,0.06692391
3635,1.88844722
3636,1.13545146
3637,2.15059636
3638,0.91350103
3639,1.12275559
3640,0.72813136
3641,0.05446375
3642,1.72701384
3643,0.72183697
3644,0.08853496
3645,0.94587521
3646,0.83579427
3647,1.95014886
3648,1.78224179
3649,2.22178429
3650,1.59424692
3651,0.49883071
3652,1.71122314
3653,0.92127014
3654,0.81818215
3655,2.29870239
3656,0.95762334
3657,1.38065353
3658,2.18097698
3659,1.54052996
3660,2.02280388
3661,0.59442143
3662,0.58114246
3663,1.90148501
3664,0.79259038
3665,0.78781719
3666,0.55747128
3667,1.95561765
3668,1.25951351
3669,2.08614963
3670,0.24808419
3671,2.36883540
3672,1.23734724
3673,1.11186691
3674,1.47431925
3675,1.26261086
3676,2.34342624
3677,1.35230805
3678,0.45897032
3679,1.94323276
3680,2.16661352
3681,1.77963043
3682,1.93009257
3683,1.31232307
3684,0.45558869
3685,1.15860828
3686,1.84613923
3687,0.15726909
3688,1.82956185
3689,1.59306427
3690,1.82159585
3691,0.91108909
3692,2.47354095
3693,2.15239959
3694,1.55241444
3695,0.85439753
3696,1.29836941
3697,0.37990335
3698,0.09695303
3699,0.19513212
3700,1.24997812
3701,2.09244782
3702,1.62596294
3703,0.09946849
3704,1.81220936
3705,1.96892532
3706,1.61288701
3707,2.26787268
3708,1.11361220
3709,2.28849574
3710,0.02825645
3711,1.10487328
3712,0.08979908
3713,0.69591472
3714,0.59778595
3715,0.49896578
3716,1.91740371
3717,1.27263958
3718,1.52728857
3719,2.18129234
3720,1.06725899
3721,1.79266170
3722,2.36857338
3723,0.29049891
3724,0.70282810
3725,2.09375574
3726,0.09227687
3727,1.58979002
3728,1.79540497
3729,0.38458833
3730,0.96450008
3731,2.08974991
3732,0.53240686
3733,1.02928296
3734,1.24203372
3735,1.61276833
3736,1.81716053
3737,0.79120791
3738,0.74883106
3739,0.84464256
3740,1.19691847
3741,2.30654460
3742,0.98661367
3743,1.96195115
3744,1.01452265
3745,2.35057670
3746,0.13156344
3747,0.41077849
3748,0.87684783
3749,0.17051538
3750,1.44316372
3751,1.98416212
3752,1.10226037
3753,0.20611784
3754,1.94847898
3755,1.66803799
3756,0.03906351
3757,1.39890674
3758,0.95054042
3759,0.29485506
3760,1.75405476
3761,0.62872084
3762,2.03829937
3763,2.10440002
3764,2.10806608
3765,1.74530830
3766,0.07948073
3767,0.15504526
3768,0.93310015
3769,0.21446121
3770,1.46967085
3771,0.20615270
3772,2.32756371
3773,1.17851574
3774,1.04660671
3775,2.08206153
3776,2.29179989
3777,0.82615176
3778,2.25979989
3779,0.98713406
3780,0.92222874
3781,1.70287108
3782,1.44059802
3783,1.48873913
3784,0.03569161
3785,1.73527337
3786,0.97441985
3787,0.60772916
3788,1.87059874
3789,1.56741966
3790,0.17707796
3791,0.17674334
3792,1.30785081
3793,1.58791264
3794,0.18083543
3795,1.46168296
3796,2.01552050
3797,2.35473795
3798,0.08891988
3799,2.29893637
3800,1.75955450
3801,1.30588608
3802,1.13046646
3803,1.12728565
3804,0.77857183
3805,1.36202582
3806,2.17448933
3807,1.23044497
3808,2.37570670
3809,1.02701783
3810,1.28029561
3811,1.06273784
3812,2.41480277
3813,2.07767124
3814,0.84500700
3815,1.99904280
3816,2.07389099
3817,1.43762262
3818,1.46044459
3819,0.06144067
3820,1.93949409
3821,0.36745474
3822,1.34399738
3823,2.22236300
3824,1.99052049
3825,0.02449785
3826,1.47888640
3827,1.24257997
3828,2.19678232
3829,0.60277857
3830,2.02630355
3831,0.34647166
3832,0.96377920
3833,0.48542195
3834,0.81319350
3835,2.02479004
3836,1.65698003
3837,1.54711160
3838,0.99698744
3839,2.41592223
3840,1.35456310
3841,1.46459121
3842,0.72664161
3843,1.64234872
3844,2.43013920
3845,0.59399589
3846,2.38309182
3847,2.47796765
3848,2.18943313
3849,1.46432294
3850,1.36491729
3851,1.63612389
3852,0.55078786
3853,0.18028190
3854,1.82220893
3855,1.84973378
3856,1.11597953
3857,1.94325199
3858,0.56301902
3859,1.19368980
3860,0.87744734
3861,2.44714391
3862,2.30882288
3863,0.19071446
3864,1.33331622
3865,0.71920017
3866,2.21588609
3867,1.71458541
3868,1.64501642
3869,1.43291656
3870,0.25163867
3871,0.57736584
3872,0.57686462
3873,0.15363154
3874,1.39787520
3875,0.79326942
3876,1.56141655
3877,0.97485609
3878,2.14353666
3879,2.48384643
3880,1.34236234
3881,2.12863127
3882,1.64440983
3883,1.90122753
3884,2.27142955
3885,0.23661410
3886,0.50654380
3887,2.19988616
3888,1.37218386
3889,0.68396946
3890,0.71770549
3891,2.24366444
3892,0.14028063
3893,2.49461909
3894,0.30024058
3895,0.43498045
3896,2.29075855
3897,2.06310109
3898,0.24350288
3899,2.41881800
3900,0.09453808
3901,0.33031651
3902,1.41783376
3903,2.20064480
3904,0.56435437
3905,2.12816474
3906,0.75929760
3907,0.77403997
3908,1.34448142
3909,1.45918150
3910,0.85882264
3911,1.33153214
3912,1.38155390
3913,1.71099033
3914,2.10894046
3915,0.66347725
3916,0.62609515
3917,0.60908304
3918,1.28705895
3919,1.65621304
3920,0.09499635
3921,0.32312472
3922,1.35876076
3923,0.37192621
3924,2.18280873
3925,1.96208722
3926,0.20196926
3927,0.05737420
3928,0.18746596
3929,1.78946580
3930,1.53956161
3931,2.33809707
3932,0.48248995
3933,2.03607121
3934,0.18893119
3935,0.84366331
3936,0.55722130
3937,1.12484667
3938,2.47927497
3939,1.28143695
3940,1.84985142
3941,1.54062024
3942,2.27183924
3943,0.45192576
3944,0.46877865
3945,2.03811254
3946,0.91216488
3947,1.47307546
3948,0.83770831
3949,1.56431616
3950,0.13593039
3951,1.42613007
3952,0.09063470
3953,1.29006219
3954,0.89287334
3955,1.92330666
3956,1.12437819
3957,2.11651885
3958,1.38384970
3959,0.27624297
3960,1.24582400
3961,0.64100921
3962,1.67626537
3963,0.14006341
3964,1.84107666
3965,0.98130654
3966,1.95160642
3967,0.13744398
3968,1.30098834
3969,2.19548515
3970,0.24526830
3971,0.76705147
3972,0.01558526
3973,0.54448486
3974,0.07274180
3975,2.47604678
3976,0.69720272
3977,2.23433616
3978,1.32512125
3979,1.23657528
3980,0.91087008
3981,0.14318571
3982,2.32871822
3983,1.21441507
3984,1.20090086
3985,0.41971254
3986,1.40391896
3987,2.18181502
3988,0.46580796
3989,1.29849498
3990,1.89222380
3991,0.76303008
3992,0.63582965
3993,2.34214540
3994,2.43589329
3995,0.24261389
3996,2.33543547
3997,2.30185641
3998,1.47007442
3999,0.43923696
4000,0.58652117
4001,1.22433208
4002,2.34121540
4003,0.63577386
4004,1.69167333
4005,0.36894988
4006,1.69815687
4007,2.45844895
4008,0.37823977
4009,0.41115939
4010,1.20250473
4011,1.92347635
4012,0.96137560
4013,1.19819044
4014,1.98881534
4015,1.75790189
4016,0.17503670
4017,0.08913283
4018,1.07401872
4019,1.53378624
4020,2.46449194
4021,0.24624125
4022,2.42560741
4023,1.18049349
4024,1.54584459
4025,1.33772236
4026,1.43876720
4027,0.42727796
4028,0.96610198
4029,0.54354500
4030,0.76933287
4031,1.58808345
4032,1.88353750
4033,0.90302971
4034,1.16512742
4035,1.28855727
4036,1.32880468
4037,1.30722352
4038,1.25209360
4039,0.40214983
4040,0.86216060
4041,2.22285285
4042,0.96474517
4043,0.74528996
4044,0.52546009
4045,2.09359550
4046,1.49830921
4047,0.44644248
4048,0.20276330
4049,0.14045984
4050,2.10787602
4051,2.30936267
4052,0.15728236
4053,1.18918517
4054,1.94815266
4055,0.98269594
4056,0.07150232
4057,1.48568683
4058,0.41390773
4059,0.07358223
4060,0.62667755
4061,0.73949273
4062,0.91995716
4063,0.97555441
4064,0.57397853
4065,1.13705432
4066,1.56560951
4067,1.28853172
4068,0.71763785
4069,1.49449538
4070,2.28942533
4071,1.16243383
4072,0.43155566
4073,1.24171193
4074,2.36896698
4075,0.40824436
4076,2.25528414
4077,0.38595182
4078,0.85325799
4079,1.51130769
4080,0.30292906
4081,1.72900026
4082,0.19308253
4083,1.30108913
4084,2.39571978
4085,0.30910674
4086,2.14836014
4087,1.55544225
4088,1.73685903
4089,0.41542987
4090,0.12199934
4091,2.23283456
4092,2.09031188
4093,0.86583988
4094,0.09650718
4095,1.93139571
4096,0.90042090
4097,1.08615722
4098,1.49443052
4099,0.31326063
4100,1.50251897
4101,1.79986441
4102,2.28807703
4103,1.50395410
4104,0.61692148
4105,1.20432593
4106,2.14625820
4107,2.28295835
4108,0.48179188
4109,2.28744709
4110,0.21896272
4111,1.84899833
4112,0.39788256
4113,0.98525004
4114,1.43875857
4115,0.74959646
4116,0.35616023
4117,0.00198347
4118,2.26464474
4119,1.78634672
4120,0.93789657
4121,0.58167037
4122,2.17660027
4123,1.84177898
4124,0.07593200
4125,0.70341960
4126,2.05320454
4127,1.25896350
4128,2.05633369
4129,1.02287015
4130,0.91050976
4131,0.01886023
4132,0.42539706
4133,0.38835019
4134,2.18554325
4135,2.30961837
4136,1.09451100
4137,1.62233314
4138,1.38806628
4139,0.32072790
4140,1.61833464
4141,1.88515703
4142,0.63486698
4143,1.70911621
4144,1.59728101
4145,2.19830523
4146,1.93730883
4147,0.21914977
4148,1.85787256
4149,1.50108030
4150,1.69507971
4151,0.35229139
4152,0.57052003
4153,2.48224039
4154,0.75183827
4155,2.32442060
4156,1.87699972
4157,2.13347097
4158,0.69112575
4159,2.43858211
4160,2.48922910
4161,2.34935189
4162,2.34438120
4163,1.07137947
4164,2.30075723
4165,1.04258110
4166,1.10403739
4167,0.41158797
4168,1.00460105
4169,1.54825113
4170,1.61873231
4171,0.99685221
4172,0.35734890
4173,1.44456566
4174,2.30696489
4175,1.96013873
4176,1.15319634
4177,0.54212199
4178,0.04146454
4179,1.18950308
4180,0.31090303
4181,1.34557610
4182,0.07097028
4183,2.22753229
4184,2.11237288
4185,0.51513420
4186,0.37728125
4187,0.97355490
4188,0.89756476
4189,1.47339572
4190,2.23932655
4191,0.77513265
4192,1.03296608
4193,2.43630541
4194,1.33222925
4195,1.24796634
4196,1.48466346
4197,0.99476627
4198,1.72435118
4199,0.44140398
4200,1.14771465
4201,1.81997833
4202,0.96445806
4203,2.44107798
4204,0.40055982
4205,2.02426254
4206,0.80933206
4207,1.58201696
4208,1.92240662
4209,0.70806045
4210,0.02636197
4211,1.90678387
4212,1.31342085
4213,1.48885146
4214,0.32729468
4215,2.11465644
4216,1.52030216
4217,1.88312082
4218,1.91858150
4219,0.30526243
4220,0.21713485
4221,1.92077406
4222,0.70546612
4223,0.04961779
4224,0.86289008
4225,1.92883950
4226,1.73316482
4227,1.66094521
4228,1.53449011
4229,0.50835108
4230,0.11453794
4231,0.42361403
4232,1.97156344
4233,0.96662123
4234,0.16789156
4235,1.94812564
4236,1.67504900
4237,0.45623403
4238,1.33131305
4239,0.28753521
4240,1.14693345
4241,0.36050245
4242,0.31718043
4243,1.28440716
4244,2.19725331
4245,0.67378140
4246,0.32921269
4247,1.60937115
4248,1.93706889
4249,0.11837775
4250,1.16707886
4251,0.85383378
4252,2.04002947
4253,1.85995362
4254,2.29622474
4255,1.39493285
4256,1.31245425
4257,2.07035305
4258,1.44440502
4259,2.24296476
4260,2.12804220
4261,1.08023866
4262,0.70993652
4263,2.30257131
4264,0.27640302
4265,2.06466382
4266,1.25589425
4267,2.39346883
4268,0.78766335
4269,0.57131173
4270,0.37214176
4271,0.88127228
4272,1.89434120
4273,0.30436403
4274,1.52166536
4275,0.85237484
4276,0.84760431
4277,2.35215131
4278,1.21826107
4279,0.90950173
4280,1.59553175
4281,1.10447676
4282,1.54226422
4283,2.40611399
4284,1.38108049
4285,0.73399943
4286,1.95857336
4287,0.25897924
4288,0.38335962
4289,2.00249978
4290,0.86826805
4291,1.13156275
4292,0.17487964
4293,1.61512643
4294,2.12508904
4295,0.94936984
4296,0.92489557
4297,1.96138847
4298,1.80818359
4299,1.80723208
4300,2.34839976
4301,0.73034030
4302,0.19292951
4303,0.99236586
4304,0.19868029
4305,0.58870156
4306,0.04268953
4307,2.19510339
4308,1.03435619
4309,2.38515638
4310,0.12337057
4311,0.68994889
4312,0.94458591
4313,1.64687256
4314,2.46141500
4315,1.31808828
4316,2.26315101
4317,2.36897060
4318,0.46048417
4319,2.13994445
4320,0.39074251
4321,1.66253148
4322,1.56868159
4323,0.54306703
4324,0.98211854
4325,0.48516079
4326,2.19061423
4327,2.43167762
4328,2.43400111
4329,0.04113787
4330,2.12119594
4331,1.30311402
4332,0.86694802
4333,0.04591937
4334,2.44322743
4335,2.15704289
4336,0.61085592
4337,1.47868562
4338,0.68233019
4339,0.91373607
4340,0.78701788
4341,2.40590350
4342,0.33807718
4343,2.07676127
4344,1.05937628
4345,0.49758866
4346,1.90164499
4347,1.90897761
4348,0.58481089
4349,0.24584452
4350,2.05302135
4351,0.43746744
4352,1.86540266
4353,0.02015876
4354,1.17474611
4355,0.35064500
4356,1.80031672
4357,1.59653123
4358,1.78973853
4359,2.31343635
4360,0.81734542
4361,2.23632631
4362,0.51491952
4363,2.06639601
4364,1.52138176
4365,1.74276755
4366,1.96626775
4367,1.34775836
4368,0.33843586
4369,2.38420418
4370,1.50279242
4371,0.62953210
4372,0.09589878
4373,2.34003826
4374,1.32947998
4375,2.44080774
4376,1.83827606
4377,1.09353192
4378,0.52149467
4379,0.03717374
4380,0.05917075
4381,0.43007029
4382,0.32158712
4383,1.83934626
4384,1.43098701
4385,0.01518353
4386,0.01459177
4387,1.12770697
4388,1.09176629
4389,2.24061128
4390,0.95563356
4391,1.80852039
4392,1.43050718
4393,2.11500396
4394,2.33065084
4395,1.81018276
4396,2.35760337
4397,0.29840824
4398,0.19161730
4399,1.23312204
4400,0.05386927
4401,0.89820247
4402,1.25102642
4403,2.10995760
4404,1.66919316
4405,1.62736122
4406,1.06041644
4407,1.29095562
4408,1.11067214
4409,0.08490724
4410,2.31784192
4411,2.11543580
4412,2.36513081
4413,2.35748942
4414,2.39370532
4415,0.72387623
4416,1.37481392
4417,0.32966799
4418,1.54296799
4419,1.63575894
4420,0.90403219
4421,2.45720257
4422,2.12746813
4423,2.02271263
4424,0.01811922
4425,1.74544010
4426,1.57889667
4427,2.42042362
4428,0.14433546
4429,1.39797516
4430,1.57628627
4431,2.35952224
4432,2.18474930
4433,2.46310232
4434,0.25391463
4435,0.07155328
4436,1.48374110
4437,1.34087954
4438,0.15655888
4439,0.51915747
4440,1.69644941
4441,1.22704705
4442,0.18010197
4443,0.94794389
4444,0.76276918
4445,1.81030672
4446,1.42277275
4447,1.82494259
4448,1.74768592
4449,0.57454778
4450,1.47048852
4451,1.29374800
4452,0.83787795
4453,0.83617705
4454,1.95461484
4455,0.23069845
4456,0.07286831
4457,0.43756411
4458,0.42484954
4459,1.62438337
4460,1.99357521
4461,1.29894691
4462,0.23845271
4463,0.15595608
4464,0.84462343
4465,1.79828662
4466,1.13014575
4467,1.91065742
4468,0.28395503
4469,0.01601131
4470,1.68229550
4471,2.08538734
4472,2.46018257
4473,1.39439505
4474,1.92699530
4475,1.56543048
4476,0.30623373
4477,0.40565945
4478,1.17736788
4479,0.09338910
4480,1.23099270
4481,0.73130066
4482,2.41293843
4483,0.38185324
4484,2.41565673
4485,2.30372218
4486,2.36700673
4487,0.32219982
4488,1.63157525
4489,1.15099207
4490,0.54359238
4491,1.72040926
4492,0.03606313
4493,0.81866396
4494,2.01232799
4495,0.39643754
4496,0.48912246
4497,0.96613564
4498,0.42889025
4499,1.94966170
4500,0.98785471
4501,1.77258724
4502,0.64301521
4503,2.24363962
4504,2.19208536
4505,0.68636615
4506,0.76423039
4507,0.12408737
4508,0.30929972
4509,2.18814782
4510,0.90646661
4511,0.00362354
4512,0.09223468
4513,0.46232092
4514,0.18573598
4515,1.44414669
4516,2.16846107
4517,1.11274459
4518,0.79815968
4519,1.39565914
4520,1.84349155
4521,0.71803926
4522,2.09188117
4523,0.71803759
4524,0.64870537
4525,0.57382093
4526,0.36011853
4527,1.89613227
4528,0.86649663
4529,0.53285213
4530,1.94482875
4531,2.34998116
4532,0.89647908
4533,1.13007013
4534,0.69349311
4535,1.51179975
4536,1.42543035
4537,2.13757825
4538,1.65549517
4539,1.37243494
4540,1.68649733
4541,0.51478387
4542,0.77507947
4543,0.03053859
4544,1.01850268
4545,1.56318038
4546,0.26998652
4547,0.60966489
4548,1.42852816
4549,1.43395543
4550,0.97986782
4551,0.29239247
4552,1.41818542
4553,1.01093245
4554,1.63022212
4555,0.76962094
4556,2.36882620
4557,2.43919036
4558,2.38359167
4559,2.16278478
4560,1.11912395
4561,0.78376065
4562,1.75865736
4563,1.56035893
4564,0.57676474
4565,0.84536457
4566,2.27945401
4567,1.26141604
4568,0.90055787
4569,1.42207338
4570,1.01966967
4571,0.16467038
4572,1.39345759
4573,1.27690983
4574,1.11106434
4575,0.46551083
4576,2.01047300
4577,1.20883933
4578,1.76734925
4579,1.50055955
4580,0.92970378
4581,0.11588882
4582,1.86712130
4583,1.92517302
4584,0.87831186
4585,0.88764058
4586,2.06790848
4587,0.00223755
4588,1.19529405
4589,1.91518898
4590,1.46297536
4591,0.85096051
4592,0.00602457
4593,0.42442683
4594,2.39656246
4595,2.26878273
4596,0.00940228
4597,0.59540285
4598,0.61567893
4599,0.19245841
4600,0.51042097
4601,1.37544209
4602,1.40563810
4603,1.11074876
4604,2.03815148
4605,1.90764598
4606,2.46949777
4607,0.34989928
4608,2.45937327
4609,1.82710959
4610,0.33439476
4611,2.18420145
4612,1.63803588
4613,1.96940272
4614,1.54088524
4615,1.94299188
4616,1.95980878
4617,0.26974656
4618,1.33458771
4619,0.96272829
4620,0.97651434
4621,0.28620840
4622,0.64815653
4623,0.03752976
4624,0.94143114
4625,1.96727996
4626,1.33300704
4627,2.06048197
4628,0.13973105
4629,1.33748300
4630,0.52907381
4631,0.36842251
4632,0.21304423
4633,2.20013967
4634,0.50684834
4635,0.61998219
4636,1.55504847
4637,1.09730796
4638,0.37508010
4639,1.34766265
4640,1.35733628
4641,1.08840180
4642,1.06569398
4643,1.77450210
4644,1.77151179
4645,2.35434399
4646,1.67428391
4647,0.14765370
4648,1.36687534
4649,0.77462677
4650,1.99390221
4651,0.10273479
4652,1.56558679
4653,1.80702680
4654,2.12340654
4655,1.18072957
4656,2.32299297
4657,0.04628209
4658,1.78755981
4659,0.66704319
4660,2.22574731
4661,0.31580199
4662,1.79025315
4663,0.60114924
4664,0.15154103
4665,0.32120947
4666,2.10186582
4667,0.82967826
4668,2.48615446
4669,0.94813026
4670,1.37370598
4671,1.94095363
4672,2.41250672
4673,1.52741731
4674,0.89613093
4675,1.76845339
4676,0.49066907
4677,0.79856293
4678,1.02450965
4679,0.56547628
4680,0.33191751
4681,0.49565344
4682,1.60251156
4683,2.40125624
4684,1.32261986
4685,1.05808971
4686,2.49587419
4687,0.09418242
4688,2.02465530
4689,2.27628849
4690,0.35237042
4691,2.15847923
4692,1.93434357
4693,0.44519478
4694,2.29484797
4695,0.18401073
4696,1.73241482
4697,1.48042085
4698,0.56785907
4699,0.28139263
4700,0.55899322
4701,0.15124025
4702,1.95597816
4703,0.58963834
4704,2.06970055
4705,0.73434601
4706,2.00530242
4707,1.68215385
4708,1.35348759
4709,0.03806351
4710,0.50115248
4711,0.38671009
4712,0.73768456
4713,1.51827337
4714,1.10782400
4715,1.49959389
4716,0.14501014
4717,0.99391377
4718,1.70245960
4719,0.26613172
4720,1.75870779
4721,0.54865581
4722,1.54966592
4723,0.61678706
4724,0.47690901
4725,1.88407969
4726,1.00858004
4727,0.36885691
4728,2.02669996
4729,2.31094193
4730,1.35983384
4731,0.35448267
4732,0.81133541
4733,0.70640256
4734,2.49196091
4735,2.27082061
4736,0.35862951
4737,2.10444363
4738,1.42295446
4739,1.62594310
4740,1.00252173
4741,0.52271151
4742,2.14802683
4743,1.23580339
4744,1.02088817
4745,0.48760661
4746,1.63318990
4747,1.90798034
4748,0.19492390
4749,1.86812535
4750,1.44296958
4751,2.05484131
4752,1.44982161
4753,1.11530599
4754,1.66492686
4755,0.34588692
4756,0.31458986
4757,2.24022890
4758,0.72127917
4759,0.91990673
4760,0.71676667
4761,0.02158919
4762,0.86921075
4763,0.56160420
4764,1.56492437
4765,1.00751238
4766,1.92923115
4767,1.18600583
4768,1.29993167
4769,2.20870253
4770,1.68106913
4771,1.74256895
4772,2.42469292
4773,0.90306059
4774,0.29476972
4775,0.07178765
4776,0.02975468
4777,1.85190305
4778,1.73135122
4779,1.44861544
4780,0.43047906
4781,0.01789853
4782,1.98404970
4783,0.35116844
4784,2.35385008
4785,1.80491736
4786,1.54499305
4787,0.26053126
4788,1.79929033
4789,2.08426655
4790,0.31655104
4791,1.61050410
4792,1.24644423
4793,1.94487763
4794,0.32291923
4795,1.08764890
4796,0.99834553
4797,1.41345369
4798,2.01575132
4799,1.34547554
4800,1.10507650
4801,1.08985498
4802,2.21823095
4803,1.27055710
4804,1.22226316
4805,0.76325275
4806,0.55227186
4807,1.85408424
4808,0.51348598
4809,1.46180881
4810,0.51905605
4811,2.38848558
4812,1.88230375
4813,2.21081391
4814,1.33660611
4815,2.39764595
4816,1.93590918
4817,1.47521936
4818,2.44236835
4819,2.44777060
4820,0.59441189
4821,1.81632255
4822,1.75882448
4823,1.44940244
4824,2.13698008
4825,0.09465194
4826,1.57698324
4827,2.13588188
4828,2.14409650
4829,1.35736464
4830,0.17597643
4831,0.02256316
4832,0.06737999
4833,0.31549636
4834,2.12046569
4835,1.26537547
4836,2.18921403
4837,1.04454009
4838,0.56605368
4839,1.36800659
4840,0.84407638
4841,2.43077190
4842,2.39593150
4843,0.02027784
4844,0.21842141
4845,2.42868894
4846,1.28022740
4847,1.71456212
4848,2.27792179
4849,0.87367469
4850,2.18674163
4851,1.28054882
4852,0.50215919
4853,1.75035759
4854,0.40599356
4855,0.42383903
4856,2.26026964
4857,2.39466268
4858,0.77992435
4859,1.74676521
4860,2.11862379
4861,1.12203958
4862,2.04252042
4863,0.23989484
4864,1.52268472
4865,0.17867106
4866,2.40815946
4867,0.14725756
4868,0.28032098
4869,1.36645791
4870,0.50208774
4871,0.59243315
4872,2.07866271
4873,0.79132532
4874,0.42079092
4875,0.65150472
4876,2.37765560
4877,1.66437372
4878,1.86019705
4879,0.82344323
4880,1.57323520
4881,1.89819977
4882,0.33532254
4883,0.60961009
4884,1.80411706
4885,1.66693033
4886,1.05385926
4887,1.34889640
4888,0.97287441
4889,0.26752064
4890,2.08898958
4891,1.54171101
4892,2.06400242
4893,0.19269062
4894,0.93422173
4895,0.75712607
4896,0.87307850
4897,2.35026524
4898,0.92255286
4899,2.22816824
4900,2.01277885
4901,2.16004237
4902,0.78026532
4903,1.48386649
4904,2.14306926
4905,0.22605850
4906,0.15161474
4907,0.43353584
4908,0.30563472
4909,0.89742719
4910,1.36591304
4911,2.06245304
4912,1.31263965
4913,1.12969646
4914,1.76226489
4915,1.14013756
4916,1.62877746
4917,1.05308052
4918,1.77185890
4919,0.81502236
4920,0.08201856
4921,1.77266534
4922,0.58629263
4923,1.02370743
4924,1.20942321
4925,0.04051711
4926,2.15724765
4927,1.74407810
4928,0.96384774
4929,1.63298528
4930,0.22993067
4931,2.10129548
4932,0.76397784
4933,2.01952464
4934,0.87474150
4935,0.07653303
4936,1.27190103
4937,0.18735985
4938,1.67604550
4939,0.36423888
4940,0.00123558
4941,1.62462846
4942,0.82665944
4943,2.27627126
4944,2.25608185
4945,1.17498768
4946,0.97821623
4947,2.11522891
4948,2.04906089
4949,1.52772784
4950,1.01499532
4951,0.29971686
4952,1.41844113
4953,1.59902594
4954,0.03450831
4955,1.61158203
4956,0.28159403
4957,1.92862119
4958,2.11014526
4959,0.23615522
4960,0.66553218
4961,1.12977506
4962,2.43895423
4963,0.92351540
4964,0.94348797
4965,0.79781148
4966,0.54270982
4967,1.78749598
4968,0.32000022
4969,1.71351218
4970,1.87161805
4971,2.22702462
4972,2.33825702
4973,2.38133022
4974,0.62611394
4975,0.27709284
4976,0.24851938
4977,1.19793078
4978,1.56225621
4979,2.48810620
4980,1.28855625
4981,1.07516040
4982,0.61807747
4983,1.34973154
4984,1.60070681
4985,2.45708730
4986,0.37989473
4987,2.40996435
4988,0.43388583
4989,2.26689474
4990,1.38368757
4991,1.04529674
4992,2.34966393
4993,0.85083957
4994,0.56090472
4995,2.11258000
4996,0.89306697
4997,1.05847757
4998,1.88354964
4999,0.53797652
5000,1.94166922
5001,0.94011056
5002,1.78198136
5003,2.27723557
5004,0.21787099
5005,1.27953844
5006,1.56261132
5007,0.84385936
5008,0.36837342
5009,1.02619984
5010,0.86385045
5011,1.91085351
5012,0.04340727
5013,0.44846201
5014,0.29664927
5015,2.42122211
5016,2.44327966
5017,1.16593838
5018,0.91983543
5019,2.25582487
5020,0.33842937
5021,0.49027957
5022,2.07019687
5023,0.59185125
5024,1.91541027
5025,1.61996743
5026,2.06738182
5027,1.56927669
5028,1.43899038
5029,1.45415252
5030,1.56629894
5031,1.84405983
5032,0.04109856
5033,0.54046158
5034,0.28733185
5035,2.36449604
5036,0.14557448
5037,0.82072484
5038,1.28981375
5039,2.36965774
5040,2.03104198
5041,0.69458734
5042,1.56437037
5043,1.96263363
5044,0.28416526
5045,1.98481273
5046,1.28177578
5047,1.09217907
5048,0.11789260
5049,0.01392741
5050,1.23291775
5051,1.11996891
5052,1.30013122
5053,0.60991780
5054,1.39947455
5055,0.55680790
5056,2.17922332
5057,0.80274466
5058,1.77718531
5059,0.44774708
5060,2.41895630
5061,1.10618724
5062,1.99137944
5063,0.75650422
5064,2.07221405
5065,0.69024148
5066,0.63129297
5067,2.49003218
5068,0.77329951
5069,2.09748976
5070,0.30681544
5071,0.43093971
5072,1.88715040
5073,2.20665709
5074,2.14923700
5075,0.75925911
5076,0.05965841
5077,0.55533094
5078,1.16022466
5079,2.30692742
5080,1.00740657
5081,2.28800399
5082,0.19743808
5083,2.27589584
5084,1.80318522
5085,0.52740825
5086,2.02091973
5087,2.44802812
5088,2.13944871
5089,0.95399270
5090,0.42058250
5091,1.49562763
5092,2.40526369
5093,0.25312271
5094,0.49221115
5095,1.30405038
5096,0.06839767
5097,2.31081091
5098,0.45340055
5099,1.80914206
5100,2.28711153
5101,1.26932838
5102,0.55333416
5103,2.29382056
5104,2.20726740
5105,0.54715520
5106,2.22248425
5107,2.08109144
5108,1.76338283
5109,1.70640859
5110,0.19723196
5111,1.98545443
5112,0.97064871
5113,0.27684850
5114,1.94870203
5115,2.40702964
5116,0.60482152
5117,1.63190902
5118,2.41989738
5119,1.32102258
5120,0.43456193
5121,1.34724223
5122,1.23658439
5123,2.26674289
5124,2.07356774
5125,0.49057985
5126,0.39533856
5127,1.08874981
5128,0.55211889
5129,0.02679705
5130,0.33813682
5131,1.54457536
5132,1.43506674
5133,2.48015823
5134,0.97394026
5135,0.56656886
5136,2.38303905
5137,1.36079769
5138,2.36713098
5139,1.04387848
5140,0.48591110
5141,0.99293321
5142,0.42989455
5143,1.38472482
5144,0.61177081
5145,1.88319104
5146,1.35935476
5147,0.97697280
5148,0.73184555
5149,2.38517900
5150,0.81482773
5151,0.64701744
5152,0.28298656
5153,1.91521602
5154,1.78855352
5155,2.30438706
5156,0.15227157
5157,1.83078067
5158,1.57860271
5159,1.43103312
5160,1.98796281
5161,0.35939241
5162,0.82276521
5163,1.87799308
5164,0.10514739
5165,0.42608873
5166,2.48420355
5167,0.29068573
5168,0.19549850
5169,1.89745516
5170,1.26627148
5171,1.44534108
5172,1.00873353
5173,0.40093473
5174,0.45102942
5175,1.28318692
5176,2.15891573
5177,0.58185587
5178,2.11235141
5179,2.47406250
5180,2.48775047
5181,0.14295248
5182,1.47989614
5183,1.33476964
5184,1.36192637
5185,0.01590074
5186,0.15365639
5187,1.54513781
5188,2.09319848
5189,0.55037783
5190,0.00973840
5191,1.64265833
5192,2.27033613
5193,0.03621083
5194,0.09778747
5195,1.92205484
5196,1.46167845
5197,1.88253941
5198,1.04382372
5199,0.58164052
5200,2.19734579
5201,1.06303081
5202,1.62400809
5203,0.67327401
5204,0.41277444
5205,2.02267248
5206,2.14898521
5207,1.77434044
5208,0.55931050
5209,0.21561371
5210,2.44720925
5211,0.29264979
5212,0.47702461
5213,2.45450323
5214,2.47302440
5215,2.08385111
5216,1.39427844
5217,0.61944923
5218,1.69743461
5219,1.72386561
5220,0.32766460
5221,0.20663402
5222,1.92697131
5223,1.75544836
5224,0.50558823
5225,0.31227561
5226,0.18785369
5227,0.17621391
5228,1.62388272
5229,0.73812248
5230,0.83829180
5231,0.95012330
5232,0.85183664
5233,0.37479735
5234,1.35489916
5235,1.46454457
5236,1.11358775
5237,1.41969814
5238,0.71439086
5239,1.24542574
5240,2.43100814
5241,1.74453530
5242,1.66672350
5243,1.15187067
5244,0.60334520
5245,2.32138714
5246,2.21609325
5247,1.71096220
5248,1.95419443
5249,1.50071109
5250,2.23362449
5251,0.95426439
5252,0.07494029
5253,1.83595748
5254,0.13095600
5255,2.17223173
5256,1.36643636
5257,0.76055154
5258,0.14399371
5259,2.31560233
5260,2.24097431
5261,1.25196128
5262,1.34472084
5263,0.69452402
5264,1.23652289
5265,2.03570580
5266,1.40140463
5267,1.49187351
5268,1.04319245
5269,0.59564699
5270,0.31575206
5271,1.28037511
5272,1.93439223
5273,0.39923407
5274,2.19543752
5275,1.91106520
5276,0.08293911
5277,1.02468872
5278,2.04827606
5279,1.01844964
5280,2.47811340
5281,2.16894647
5282,0.16622118
5283,0.76616006
5284,1.84471480
5285,1.85321054
5286,2.11714262
5287,2.16530083
5288,2.27102306
5289,2.11086024
5290,0.51229018
5291,1.46035775
5292,0.84781124
5293,0.29176011
5294,0.46602392
5295,1.16076482
5296,0.60956517
5297,2.05957314
5298,0.66524580
5299,0.40061138
5300,0.88834408
5301,1.57880428
5302,1.91899061
5303,1.60695787
5304,1.19628913
5305,0.01099310
5306,2.34981698
5307,0.12410320
5308,1.64034519
5309,2.23639724
5310,0.69922892
5311,1.52725479
5312,1.44357000
5313,1.33567466
5314,1.45932044
5315,2.30913653
5316,0.95731635
5317,2.36855127
5318,1.07903319
5319,2.03332761
5320,1.80683012
5321,0.57259099
5322,0.21970655
5323,2.44291859
5324,0.43959433
5325,1.51294454
5326,1.03395336
5327,1.10888034
5328,1.49114418
5329,0.76527359
5330,1.61548683
5331,0.50117724
5332,0.89853239
5333,0.68803512
5334,0.89956769
5335,0.23171168
5336,1.73511698
5337,1.21017811
5338,0.15918533
5339,1.30975321
5340,1.78091060
5341,1.03202293
5342,0.55516817
5343,1.12604500
5344,0.19843694
5345,2.21911527
5346,0.17116194
5347,0.86062885
5348,0.81234958
5349,2.08710791
5350,0.09644542
5351,1.75007290
5352,0.62757135
5353,0.32344310
5354,1.47849120
5355,1.74381982
5356,1.68801850
5357,0.62750668
5358,1.62528155
5359,1.24204104
5360,0.28322365
5361,1.72540060
5362,1.59623908
5363,0.19494570
5364,1.86648594
5365,1.39504496
5366,2.08595854
5367,2.49070750
5368,2.43592503
5369,2.24523489
5370,0.14248034
5371,1.62336062
5372,2.38464176
5373,1.77471601
5374,0.60993867
5375,2.49154429
5376,2.31324343
5377,2.22127915
5378,0.56658681
5379,0.68882877
5380,2.39128045
5381,0.53022144
5382,1.81706839
5383,0.46001967
5384,0.90682190
5385,1.70445498
5386,2.35663838
5387,1.12476842
5388,1.54966264
5389,1.32974520
5390,0.11558819
5391,1.79671874
5392,1.84552211
5393,0.63628042
5394,2.36618658
5395,2.21568059
5396,1.49429695
5397,1.22607878
5398,0.39956046
5399,1.05319822
5400,2.28291634
5401,1.84550303
5402,1.59792808
5403,1.32941079
5404,1.07238806
5405,0.32108243
5406,0.34922190
5407,0.70449968
5408,0.31967126
5409,1.61286099
5410,1.50566777
5411,0.21675661
5412,1.29599171
5413,2.13036772
5414,1.66041577
5415,0.62749541
5416,0.33297967
5417,1.21568162
5418,0.48314729
5419,0.60936687
5420,1.69030593
5421,1.11026323
5422,1.51391811
5423,1.02502222
5424,1.19970355
5425,0.68094536
5426,2.49197265
5427,1.05009636
5428,1.13988261
5429,2.06743928
5430,0.99907080
5431,0.21348945
5432,1.30675605
5433,1.73516045
5434,1.07897155
5435,0.11376832
5436,0.13827825
5437,2.29039786
5438,1.97997856
5439,0.98884939
5440,0.13483107
5441,1.11720364
5442,1.60392329
5443,1.73341601
5444,0.80940001
5445,1.07447251
5446,1.64010184
5447,1.58744665
5448,2.11755317
5449,0.99751576
5450,0.92437779
5451,1.55355717
5452,2.19009874
5453,0.96632087
5454,0.38175516
5455,0.96596426
5456,0.25628986
5457,1.50383829
5458,2.32876220
5459,2.04842511
5460,0.50141711
5461,1.30149768
5462,0.70228455
5463,2.19813141
5464,2.09179719
5465,2.02345276
5466,1.95467432
5467,1.51512034
5468,0.09459373
5469,0.91398547
5470,1.98381271
5471,0.18859205
5472,0.28830209
5473,2.12653269
5474,1.83590417
5475,1.94935655
5476,2.37223839
5477,1.36434386
5478,1.43283003
5479,2.38796779
5480,0.24086446
5481,0.05548044
5482,2.27708465
5483,0.37700378
5484,1.17926411
5485,1.09217686
5486,0.17791546
5487,0.51485217
5488,0.05534984
5489,1.40388994
5490,0.96892899
5491,1.85307319
5492,0.04038255
5493,1.49196017
5494,1.64548166
5495,1.99007773
5496,1.20063373
5497,0.08417373
5498,1.36924112
5499,2.47486417
5500,1.67822382
5501,1.68722131
5502,0.71031558
5503,0.37957219
5504,2.20335962
5505,0.01642121
5506,1.36718732
5507,2.17765410
5508,1.38115867
5509,2.26695720
5510,1.01770438
5511,0.80762456
5512,1.87795114
5513,0.11948285
5514,2.06557076
5515,1.47137736
5516,1.55883791
5517,0.69865404
5518,1.08689070
5519,2.20231051
5520,2.10657891
5521,1.29846583
5522,1.75120534
5523,1.00963252
5524,1.07975325
5525,0.78456695
5526,0.53948459
5527,2.08469080
5528,0.02045206
5529,1.95963443
5530,0.39277231
5531,0.91878550
5532,1.11277542
5533,0.39425662
5534,1.79837081
5535,1.84721827
5536,2.38162658
5537,1.42445863
5538,0.31951703
5539,1.95880415
5540,0.72989415
5541,2.19312992
5542,0.46250694
5543,2.47363687
5544,2.41460632
5545,1.53130814
5546,0.97907796
5547,0.64648466
5548,1.43489377
5549,0.41647550
5550,0.73278485
5551,0.62830772
5552,2.12833991
5553,1.81890561
5554,0.06575323
5555,2.01958910
5556,1.79875936
5557,0.93615526
5558,1.84842286
5559,0.55311534
5560,0.07286719
5561,2.04483967
5562,1.30279335
5563,1.45155418
5564,0.42740865
5565,0.31938822
5566,1.71386848
5567,1.19649847
5568,1.90322532
5569,1.02107039
5570,2.44216355
5571,0.14146386
5572,1.60822852
5573,1.21115817
5574,1.78703376
5575,0.16048505
5576,2.25950818
5577,2.27188823
5578,0.38737462
5579,1.65264545
5580,2.15890750
5581,1.89249047
5582,0.50523745
5583,0.12251552
5584,2.31745234
5585,1.79407111
5586,0.92994975
5587,0.49959615
5588,2.21979861
5589,1.08624118
5590,2.17744287
5591,0.69977251
5592,1.59113916
5593,1.16865245
5594,2.44751325
5595,0.02757217
5596,1.10977379
5597,0.11451890
5598,1.27234555
5599,2.45185313
5600,2.12524272
5601,0.55487484
5602,0.13597025
5603,1.63078122
5604,0.98711210
5605,0.30687845
5606,0.56532062
5607,0.17713890
5608,2.27667934
5609,0.53570530
5610,2.25110491
5611,1.95495388
5612,1.29403876
5613,1.14574379
5614,1.75765411
5615,1.43222390
5616,1.71612922
5617,1.85520302
5618,1.20110704
5619,1.58766715
5620,0.28939732
5621,2.21167226
5622,1.36043487
5623,1.46672255
5624,2.21580553
5625,1.19302641
5626,0.82210907
5627,2.10671071
5628,0.00926318
5629,1.70753941
5630,0.01269066
5631,2.03425773
5632,1.46494752
5633,1.44931772
5634,1.32898422
5635,2.42602395
5636,0.91621847
5637,1.25726687
5638,1.28739911
5639,2.30412291
5640,0.54633681
5641,0.71649671
5642,0.69297966
5643,1.71654640
5644,0.55537125
5645,1.26101761
5646,0.08584783
5647,2.00854710
5648,1.61353580
5649,2.03097421
5650,2.07326146
5651,1.01522745
5652,1.99579183
5653,0.39000981
5654,0.50697259
5655,2.46146348
5656,1.93095630
5657,2.26894327
5658,1.02614723
5659,1.15300512
5660,1.86559105
5661,2.30771279
5662,0.96470957
5663,2.25015718
5664,0.69355096
5665,0.48834751
5666,1.69358062
5667,1.83225795
5668,1.08331011
5669,2.37943553
5670,2.24381138
5671,1.38842393
5672,0.28998773
5673,0.85978573
5674,0.41537604
5675,2.10794083
5676,0.47009524
5677,1.70959327
5678,1.28304426
5679,1.12403293
5680,0.87625991
5681,0.18171364
5682,1.13624626
5683,2.08299487
5684,1.05821304
5685,2.17370697
5686,1.32937083
5687,0.90423116
5688,0.95281563
5689,0.57189422
5690,1.27695529
5691,1.39145052
5692,0.06129371
5693,2.11532406
5694,0.65921857
5695,0.10814760
5696,2.21168004
5697,1.53937932
5698,2.10676043
5699,1.33695182
5700,0.96636195
5701,1.46569692
5702,1.19662071
5703,0.54382868
5704,1.49784104
5705,1.78155065
5706,1.40086165
5707,1.03000633
5708,1.59855004
5709,1.21716902
5710,0.71819579
5711,1.95094739
5712,0.98663326
5713,1.42023598
5714,1.93599152
5715,1.58142720
5716,1.63681044
5717,0.86580182
5718,0.83232607
5719,0.04065042
5720,1.88648752
5721,0.81661467
5722,2.14188078
5723,0.60102823
5724,1.52512421
5725,0.43881734
5726,0.78669934
5727,1.38517717
5728,1.14280979
5729,0.98061932
5730,1.52663518
5731,1.52023580
5732,2.44965005
5733,0.38738196
5734,2.41403136
5735,1.94209526
5736,0.55576273
5737,1.18029622
5738,2.36290743
5739,0.73571976
5740,1.73242221
5741,1.64708315
5742,2.12141172
5743,1.60085412
5744,2.05124340
5745,1.13503142
5746,1.59355319
5747,0.60527230
5748,0.74865894
5749,0.34683624
5750,1.13619457
5751,1.85966781
5752,2.01383307
5753,2.32431273
5754,0.90122292
5755,2.14181251
5756,1.87031393
5757,0.28204596
5758,2.05541951
5759,1.20689617
5760,0.78973215
5761,0.47248708
5762,2.11720623
5763,0.85771556
5764,1.22270179
5765,2.46431011
5766,0.96195582
5767,2.44563758
5768,0.89892335
5769,2.14133922
5770,0.93304209
5771,0.31926849
5772,0.58124627
5773,0.19367554
5774,0.10497056
5775,0.42136032
5776,1.96978042
5777,0.53392089
5778,1.03506025
5779,2.47538289
5780,1.39227649
5781,1.85052291
5782,1.55807896
5783,1.90051616
5784,0.71382710
5785,2.20869386
5786,1.37495264
5787,0.79664333
5788,0.28972052
5789,0.95257164
5790,0.37582345
5791,0.37413706
5792,0.01401780
5793,0.56126022
5794,1.90057267
5795,0.97481151
5796,2.41304646
5797,0.36855219
5798,2.29765719
5799,0.73907152
5800,1.50226061
5801,0.79418308
5802,0.49949427
5803,1.20022981
5804,1.87465160
5805,1.12919233
5806,0.36927325
5807,0.93524622
5808,2.31746473
5809,0.00641309
5810,1.61171134
5811,1.45761186
5812,0.63660434
5813,1.85396292
5814,0.06112287
5815,2.35933119
5816,0.88750812
5817,1.90757137
5818,2.45648203
5819,1.21811871
5820,0.14131990
5821,0.61574654
5822,0.98530817
5823,0.69826661
5824,1.45506121
5825,1.36869983
5826,1.35289705
5827,2.49738804
5828,2.36595114
5829,0.08675779
5830,0.45549931
5831,2.10661406
5832,0.65693592
5833,0.55191374
5834,2.24521233
5835,0.13320864
5836,1.54816929
5837,1.63086613
5838,2.12774698
5839,0.49329335
5840,1.91195454
5841,0.59894216
5842,1.85326316
5843,2.44838837
5844,0.90860980
5845,0.18857173
5846,0.62734748
5847,0.08793206
5848,2.44071135
5849,0.70465063
5850,1.84216400
5851,1.38837519
5852,1.86812079
5853,2.08489540
5854,2.12277269
5855,0.82958749
5856,0.58057459
5857,0.77065392
5858,2.13558139
5859,1.49023799
5860,1.11256137
5861,2.21778832
5862,1.06828322
5863,0.08441865
5864,1.10130680
5865,1.51423443
5866,2.26422137
5867,1.53153690
5868,0.22686703
5869,0.79636891
5870,1.38839710
5871,1.09753400
5872,0.48134630
5873,2.03167761
5874,1.99053711
5875,0.68594982
5876,1.72741929
5877,1.12604476
5878,1.53959662
5879,1.79604166
5880,1.24841933
5881,0.47924446
5882,0.35980985
5883,0.36027496
5884,2.43110956
5885,0.61497120
5886,2.46704401
5887,0.80015097
5888,1.45022257
5889,1.63767124
5890,1.96767203
5891,1.86026991
5892,2.27257443
5893,2.33557416
5894,2.28472810
5895,0.99796928
5896,0.18820550
5897,1.66994163
5898,1.98183387
5899,1.71254549
5900,0.98835856
5901,1.21115524
5902,2.05600922
5903,1.13061763
5904,0.38826875
5905,0.00536605
5906,2.07258476
5907,0.18733377
5908,1.98253052
5909,2.22710720
5910,2.44343531
5911,0.64252449
5912,2.19462940
5913,0.83502088
5914,1.27165335
5915,1.89657689
5916,1.95864703
5917,1.32375160
5918,1.01792248
5919,0.52866764
5920,2.02200952
5921,2.26535894
5922,1.34432877
5923,0.95431036
5924,0.00501673
5925,2.30852359
5926,2.27075706
5927,2.40293566
5928,1.04283029
5929,1.74503603
5930,0.55347188
5931,1.98528649
5932,0.12171557
5933,1.38832762
5934,1.89306270
5935,0.60240501
5936,1.73789297
5937,1.03814107
5938,2.09032240
5939,2.45454105
5940,1.34976163
5941,1.36933913
5942,1.82958204
5943,1.46483460
5944,1.57646348
5945,0.13882370
5946,1.96921529
5947,0.51512378
5948,0.05563595
5949,2.19828493
5950,1.64235761
5951,1.87225608
5952,2.44390740
5953,0.46223740
5954,1.35008518
5955,2.01039915
5956,0.07454278
5957,1.84515259
5958,0.24317859
5959,0.63411736
5960,2.00659256
5961,1.45395140
5962,1.70063103
5963,0.61562113
5964,1.50438758
5965,0.38323336
5966,1.99590018
5967,0.44818074
5968,2.18160846
5969,1.08058113
5970,0.48034584
5971,0.55211092
5972,1.48130114
5973,1.03390074
5974,2.17403904
5975,1.65252661
5976,0.40157327
5977,2.20560329
5978,0.32480621
5979,1.35212995
5980,0.15671664
5981,0.48434170
5982,1.47325607
5983,0.41156424
5984,0.61167591
5985,0.89409976
5986,2.29159498
5987,2.27377815
5988,0.61976337
5989,1.03034394
5990,0.46504411
5991,1.09269639
5992,1.10585044
5993,1.33883851
5994,0.52833259
5995,2.34888862
5996,0.29209456
5997,1.90257286
5998,1.47722022
5999,1.92835486
6000,1.80851750
6001,0.19718546
6002,1.93591153
6003,2.30704621
6004,2.21830098
6005,1.07811219
6006,2.27751267
6007,2.12518311
6008,0.81068168
6009,1.61543233
6010,0.47827890
6011,1.63874107
6012,0.82606844
6013,2.48109733
6014,0.49153052
6015,2.46169883
6016,0.39895117
6017,0.79338558
6018,0.11100830
6019,0.83036265
6020,1.35574705
6021,0.41255523
6022,2.13990999
6023,2.33630203
6024,1.87830688
6025,0.76669950
6026,0.36672625
6027,1.42969088
6028,1.39795733
6029,1.85600985
6030,1.70618875
6031,0.46402724
6032,2.08101510
6033,0.62805412
6034,0.24176579
6035,2.43091899
6036,2.47936251
6037,0.38367663
6038,0.29935187
6039,2.13307052
6040,0.68673941
6041,2.27402885
6042,1.54201148
6043,1.46426925
6044,0.77132030
6045,0.55865969
6046,1.22173993
6047,1.55902336
6048,1.72440464
6049,1.26813835
6050,1.38818699
6051,0.59223502
6052,1.59834970
6053,1.13873655
6054,1.89497993
6055,1.12203137
6056,1.41439187
6057,1.31319361
6058,2.30372280
6059,1.73423375
6060,0.33205345
6061,0.41587253
6062,1.81431984
6063,0.97120774
6064,1.26400956
6065,0.99221504
6066,1.69625382
6067,1.25506219
6068,2.32384250
6069,2.47418579
6070,1.95324274
6071,2.05582316
6072,0.14794632
6073,1.66935736
6074,2.06274409
6075,0.46506786
6076,1.71510366
6077,0.04248176
6078,0.98848113
6079,1.81900025
6080,0.08272410
6081,0.29146691
6082,0.04691813
6083,1.51282042
6084,0.56756784
6085,0.25228483
6086,2.20421886
6087,2.12532872
6088,0.01131994
6089,0.33954630
6090,1.41016395
6091,0.64053588
6092,0.19590371
6093,1.59638082
6094,1.17853884
6095,1.37950288
6096,1.89592848
6097,1.51637194
6098,1.08447326
6099,1.10575063
6100,0.02571653
6101,2.44076678
6102,1.47575423
6103,1.69648646
6104,1.20080479
6105,1.77339922
6106,0.19308807
6107,0.33626951
6108,1.65152255
6109,0.89332628
6110,1.99290366
6111,0.52869811
6112,1.20181349
6113,0.57886267
6114,1.67075174
6115,0.56690826
6116,2.05974323
6117,0.74915045
6118,0.12433891
6119,1.61750942
6120,1.48754221
6121,0.79864979
6122,2.39898605
6123,0.91407795
6124,0.17494792
6125,1.63929025
6126,1.67248649
6127,1.08802761
6128,1.26941493
6129,1.98766840
6130,0.53726818
6131,1.17898574
6132,0.83849297
6133,1.63455260
6134,2.24815354
6135,0.12810596
6136,1.37090349
6137,1.05728409
6138,2.16244717
6139,0.01425202
6140,1.98054686
6141,0.34838649
6142,2.30863546
6143,1.94222940
6144,2.19126665
6145,1.18485868
6146,1.15467043
6147,2.31734409
6148,1.27383063
6149,1.34054039
6150,1.59036291
6151,1.08611174
6152,0.41667394
6153,0.43187467
6154,1.82273655
6155,0.54838973
6156,1.78579428
6157,1.07458245
6158,1.54090479
6159,2.27654373
6160,0.02757953
6161,2.29780713
6162,2.30985450
6163,0.46540967
6164,1.54465091
6165,1.64275599
6166,1.94089417
6167,0.85125324
6168,0.42445847
6169,1.08324348
6170,0.70285409
6171,1.73581644
6172,0.15483311
6173,2.24548792
6174,2.20121507
6175,0.52690036
6176,0.70492414
6177,1.63991966
6178,1.69614592
6179,1.22735369
6180,2.08499058
6181,1.22240660
6182,1.40779278
6183,1.53876427
6184,1.30086238
6185,0.49307661
6186,2.28196695
6187,0.06444496
6188,2.33951840
6189,1.76780707
6190,0.58996798
6191,1.41685594
6192,1.57994398
6193,1.14524066
6194,0.33434949
6195,0.55294713
6196,1.76509350
6197,1.20836992
6198,1.18487394
6199,1.92625964
6200,0.45174114
6201,1.33645809
6202,0.22465304
6203,2.04716818
6204,0.10167740
6205,0.19488266
6206,1.54685691
6207,2.37405865
6208,2.40116866
6209,0.66389823
6210,0.36140570
6211,0.73668708
6212,1.64340818
6213,1.35710691
6214,2.28383562
6215,1.91818730
6216,1.42701090
6217,0.31271921
6218,0.14515790
6219,2.36875559
6220,1.78536339
6221,0.25019359
6222,1.81126123
6223,0.46693794
6224,2.44731761
6225,1.88621163
6226,0.68430236
6227,1.26238214
6228,0.69800774
6229,1.69755152
6230,0.91318108
6231,1.36967390
6232,2.48846218
6233,2.45965669
6234,2.18378573
6235,2.40497029
6236,1.61411443
6237,1.38591601
6238,0.54108260
6239,1.10752401
6240,2.12429547
6241,1.65081263
6242,1.22833224
6243,1.08368760
6244,1.19538350
6245,1.71939783
6246,0.97175616
6247,0.80406244
6248,0.24754300
6249,1.63149905
6250,2.32206811
6251,0.40627661
6252,1.64592966
6253,0.40087336
6254,1.01094627
6255,0.43171741
6256,1.91032055
6257,0.54057092
6258,1.29159772
6259,0.64709702
6260,0.27574844
6261,2.49207256
6262,0.06302941
6263,0.37684047
6264,1.78773133
6265,0.13656819
6266,0.23563531
6267,1.09935388
6268,0.54379753
6269,0.65703466
6270,2.49106901
6271,0.00072515
6272,1.36919575
6273,0.22468329
6274,2.03091798
6275,0.99740612
6276,0.25893706
6277,2.12369700
6278,0.92548532
6279,1.18615071
6280,0.59985877
6281,1.38764248
6282,2.08089614
6283,0.07364044
6284,2.14945655
6285,1.28307519
6286,1.44387091
6287,1.32653149
6288,2.35949847
6289,0.49845430
6290,1.85012835
6291,2.28411455
6292,0.98863636
6293,0.94828374
6294,1.92315842
6295,1.21081600
6296,2.44181765
6297,1.70632486
6298,1.04753703
6299,1.63996263
6300,0.68239323
6301,0.38397933
6302,1.35594594
6303,1.33794405
6304,1.38529394
6305,0.77228838
6306,0.89380205
6307,2.05886817
6308,2.42119003
6309,1.13365390
6310,1.33864579
6311,1.81673945
6312,0.78628921
6313,1.82073085
6314,0.76145206
6315,1.11191069
6316,0.09193928
6317,1.43125597
6318,2.48791594
6319,1.35842212
6320,1.88044866
6321,1.93043625
6322,2.28314025
6323,1.51676966
6324,0.11314460
6325,1.22452172
6326,0.63710620
6327,1.05580134
6328,2.08180281
6329,2.31888080
6330,0.71909295
6331,2.00799098
6332,0.97527233
6333,0.70225744
6334,2.13931461
6335,1.76283748
6336,2.44833839
6337,2.35174896
6338,2.43028134
6339,2.15763817
6340,1.52276687
6341,1.18906519
6342,1.78342651
6343,0.35272434
6344,2.15370158
6345,1.61498135
6346,1.48879864
6347,0.14393343
6348,1.26432946
6349,0.40456988
6350,0.21920769
6351,1.72378941
6352,2.05248291
6353,0.55501024
6354,1.45372278
6355,0.01200967
6356,1.88346861
6357,0.18658371
6358,2.08820707
6359,1.13155686
6360,1.83697548
6361,1.59292636
6362,1.87282007
6363,1.88924364
6364,2.00520746
6365,2.10465352
6366,2.11162537
6367,0.71512944
6368,2.48091709
6369,1.25392461
6370,0.88500743
6371,0.73495519
6372,0.69842575
6373,1.83275215
6374,2.35111018
6375,0.54667613
6376,0.42254186
6377,1.61389569
6378,1.10632778
6379,1.38193684
6380,1.37612813
6381,2.47250407
6382,0.25343547
6383,2.28383135
6384,0.62408062
6385,0.52812353
6386,0.40008671
6387,1.95542668
6388,1.87481161
6389,0.98738601
6390,1.77882512
6391,0.61031580
6392,1.83826410
6393,0.76115350
6394,0.69549945
6395,0.84476711
6396,2.06041119
6397,1.35538174
6398,1.49579789
6399,1.97955658
6400,0.57636988
6401,1.98988682
6402,1.92524833
6403,0.04423673
6404,1.14867483
6405,2.16388560
6406,0.09197662
6407,1.83411359
6408,0.74327470
6409,1.62672745
6410,1.64351364
6411,1.49943664
6412,2.04781323
6413,1.67113607
6414,2.37186003
6415,2.07034716
6416,0.22706098
6417,0.32498094
6418,0.53832363
6419,1.40163024
6420,1.79381108
6421,1.04875030
6422,2.49434374
6423,2.34166189
6424,0.36857556
6425,2.41987049
6426,0.61396008
6427,1.79773756
6428,1.12804401
6429,0.93859255
6430,1.84023501
6431,1.20972689
6432,0.96849487
6433,1.75572053
6434,0.96615988
6435,0.95991914
6436,2.36475419
6437,0.34085582
6438,2.06194645
6439,2.42220268
6440,1.21757212
6441,0.90275790
6442,1.10179288
6443,0.61540908
6444,0.36345117
6445,0.14184247
6446,0.52417441
6447,2.30868831
6448,2.35227519
6449,0.64076924
6450,1.94931638
6451,0.72292507
6452,2.24950147
6453,2.36884993
6454,0.77704015
6455,0.55709722
6456,0.44994107
6457,0.76285431
6458,2.34829382
6459,1.79015042
6460,0.42442933
6461,0.17293935
6462,0.33973985
6463,1.40375861
6464,0.06966172
6465,1.81041348
6466,0.24827109
6467,0.26967534
6468,0.45579858
6469,2.12679546
6470,0.04270300
6471,0.21911674
6472,2.17874013
6473,2.18389546
6474,1.82639306
6475,1.60314134
6476,2.45872119
6477,0.84689314
6478,1.24833563
6479,0.81305980
6480,1.84544465
6481,1.16958870
6482,2.34793371
6483,0.34762960
6484,1.07415855
6485,0.15792603
6486,1.05389656
6487,0.22550376
6488,0.30096334
6489,1.42470736
6490,0.37610679
6491,1.90822756
6492,0.98435205
6493,2.33173393
6494,1.55180492
6495,2.17721706
6496,0.59806385
6497,1.54187395
6498,2.19174864
6499,1.81107166
6500,2.34289118
6501,0.53436647
6502,2.12717821
6503,0.40424192
6504,0.39261148
6505,1.28069114
6506,1.99619376
6507,0.09629123
6508,2.13000903
6509,2.03630849
6510,0.26849049
6511,1.64233253
6512,2.39761277
6513,0.33808269
6514,1.93884850
6515,0.09532167
6516,0.26119911
6517,1.20722464
6518,2.15463872
6519,2.45896970
6520,0.44776736
6521,0.65405392
6522,2.23321114
6523,0.64380084
6524,1.28628826
6525,1.95715074
6526,1.37099904
6527,0.85364643
6528,1.91777552
6529,0.36017969
6530,0.65162897
6531,1.15077047
6532,0.64828605
6533,2.21818531
6534,2.25356839
6535,1.32182598
6536,1.14963594
6537,0.61825040
6538,1.85101007
6539,0.83378336
6540,0.83008913
6541,2.33527165
6542,2.45394179
6543,1.26910257
6544,0.26759836
6545,1.58975490
6546,0.15071523
6547,2.35707724
6548,0.37544968
6549,1.61742424
6550,1.18199703
6551,0.96529777
6552,1.44519018
6553,0.07084863
6554,0.16809318
6555,1.22672654
6556,1.15513063
6557,0.30865796
6558,1.28315296
6559,2.23585317
6560,0.86904634
6561,0.11868936
6562,1.34275247
6563,1.65595469
6564,1.75996424
6565,1.63130576
6566,0.54941567
6567,0.88100562
6568,0.78728905
6569,0.65906923
6570,1.47764149
6571,1.72447661
6572,0.03858620
6573,1.25730454
6574,1.03150313
6575,0.88586077
6576,2.49079432
6577,1.50246532
6578,0.85204167
6579,0.68172922
6580,2.17229001
6581,1.08501808
6582,0.34839297
6583,1.76241119
6584,0.70829067
6585,0.29787784
6586,1.85815780
6587,2.47587561
6588,0.52926173
6589,2.46319338
6590,1.66681310
6591,0.40243788
6592,0.07299161
6593,0.70692031
6594,0.27768296
6595,2.02451592
6596,0.58577713
6597,2.37701335
6598,0.14708816
6599,2.35642300
6600,2.15604634
6601,1.31940623
6602,0.18471995
6603,0.53826362
6604,2.20095681
6605,1.27219982
6606,0.78593638
6607,2.40801571
6608,1.65867654
6609,1.10714504
6610,2.32829037
6611,2.22840719
6612,1.21738579
6613,1.14164143
6614,0.25773288
6615,2.45355848
6616,1.39319891
6617,0.02269350
6618,1.20148317
6619,1.49159955
6620,0.11021266
6621,1.92345415
6622,1.89796914
6623,1.50502144
6624,1.37720107
6625,1.09574647
6626,2.41719256
6627,1.99938298
6628,1.24770279
6629,0.44335093
6630,0.16318502
6631,0.94037731
6632,1.85021513
6633,1.82098608
6634,0.65667612
6635,2.04857046
6636,2.45338952
6637,1.49218760
6638,2.36371502
6639,2.34114342
6640,2.44721278
6641,1.88573280
6642,1.97957461
6643,0.93485277
6644,0.59886831
6645,1.87808991
6646,0.55792753
6647,1.45259207
6648,0.32360800
6649,0.71059081
6650,2.49235612
6651,2.35985653
6652,1.06627147
6653,1.87912537
6654,2.45196233
6655,1.27953765
6656,0.20433444
6657,1.29482575
6658,1.66897018
6659,2.31647575
6660,0.00894623
6661,0.67438101
6662,1.59024781
6663,0.03708935
6664,2.44557148
6665,1.29264209
6666,1.68391931
6667,1.51613345
6668,1.82670453
6669,1.14281042
6670,2.26730386
6671,0.74917647
6672,0.23452997
6673,1.39919032
6674,0.23595000
6675,1.18944843
6676,1.30031764
6677,2.32536581
6678,0.05602460
6679,0.14476663
6680,0.11641066
6681,1.94292228
6682,0.71448066
6683,1.57379893
6684,1.27832892
6685,1.83164708
6686,0.81947174
6687,1.19056661
6688,0.94082027
6689,1.04570035
6690,0.37161178
6691,0.21776320
6692,0.13823768
6693,0.36271004
6694,0.16272350
6695,1.24487766
6696,1.64911585
6697,1.32582271
6698,1.96706501
6699,1.93330299
6700,0.49347405
6701,1.96788542
6702,1.26808665
6703,1.30750741
6704,0.39396733
6705,2.27482536
6706,0.11600142
6707,0.25764504
6708,0.54018454
6709,1.38079280
6710,1.60879458
6711,1.04443402
6712,1.43317664
6713,2.43027135
6714,0.81462888
6715,1.97354069
6716,1.22502892
6717,1.63885477
6718,1.86888648
6719,0.10935844
6720,2.47417161
6721,1.12737579
6722,1.64964197
6723,0.49697794
6724,1.37683743
6725,2.48606896
6726,2.08738729
6727,2.05880986
6728,1.77272758
6729,1.49850588
6730,2.44365998
6731,2.24604697
6732,1.47277366
6733,1.24577599
6734,2.34719722
6735,0.72494110
6736,1.92602119
6737,1.37173144
6738,0.41805708
6739,1.44976629
6740,1.69138600
6741,0.44467868
6742,0.93590455
6743,2.30812007
6744,2.43082438
6745,0.66083083
6746,1.70963519
6747,0.47653642
6748,2.40141610
6749,0.36971053
6750,1.55676441
6751,2.07579685
6752,2.08278723
6753,2.48780101
6754,0.95987624
6755,0.13744757
6756,1.85915286
6757,2.12226719
6758,0.76696131
6759,0.88241140
6760,1.56062739
6761,0.80239999
6762,1.87764484
6763,0.20923477
6764,0.22200454
6765,2.26094526
6766,1.67023491
6767,2.34438688
6768,0.32203287
6769,1.22970858
6770,0.22303673
6771,0.75775082
6772,0.52561014
6773,1.60089724
6774,1.79627054
6775,1.27602662
6776,0.75696397
6777,0.42307179
6778,1.83086110
6779,0.81658694
6780,2.32136708
6781,0.50080569
6782,2.04788544
6783,0.87390968
6784,1.32466294
6785,1.62687221
6786,1.59539274
6787,1.30925672
6788,0.04780690
6789,2.46556635
6790,2.22178354
6791,0.94237223
6792,0.22308227
6793,0.57888475
6794,2.06963004
6795,1.17194745
6796,0.96859225
6797,1.11410593
6798,1.17790565
6799,1.64037049
6800,2.14046330
6801,1.01838679
6802,1.66349216
6803,1.69055863
6804,0.02491086
6805,0.60020127
6806,1.21163930
6807,1.54816914
6808,0.37149718
6809,1.54755624
6810,1.59618769
6811,1.80695941
6812,1.40224404
6813,2.38702757
6814,2.09772374
6815,1.46064146
6816,1.56107134
6817,0.06282873
6818,2.08859003
6819,0.40635548
6820,0.66995078
6821,2.44221356
6822,0.05996437
6823,1.90573816
6824,0.51830773
6825,2.29816867
6826,0.08792683
6827,0.09940109
6828,0.27636996
6829,1.68946104
6830,0.25308791
6831,1.98863709
6832,2.43800879
6833,0.16480063
6834,1.00095150
6835,0.20334669
6836,1.25888898
6837,0.22690072
6838,0.69887078
6839,0.90748847
6840,0.28581407
6841,0.34779922
6842,1.44893158
6843,1.49306878
6844,2.19733435
6845,0.09183558
6846,1.31937859
6847,2.16562537
6848,2.43058059
6849,1.14813588
6850,2.22836739
6851,1.20198182
6852,1.98491950
6853,1.96736740
6854,1.30723162
6855,0.25218845
6856,1.21755860
6857,1.91151743
6858,0.72230498
6859,1.36420634
6860,1.39880186
6861,1.14522370
6862,0.73100179
6863,0.70904285
6864,0.54669233
6865,0.36245666
6866,0.87134793
6867,0.75905428
6868,0.77757102
6869,2.48715417
6870,1.12321519
6871,1.36370165
6872,1.45336346
6873,2.48843766
6874,0.37496360
6875,1.75249073
6876,0.73868166
6877,0.29842927
6878,0.81878352
6879,0.59230685
6880,0.74489451
6881,0.85814900
6882,1.84005069
6883,2.10952992
6884,1.64916075
6885,0.71359149
6886,1.72437694
6887,1.58668458
6888,2.42487298
6889,1.54571334
6890,0.00430051
6891,0.86524264
6892,1.92827967
6893,0.35090451
6894,0.94859306
6895,0.92639443
6896,1.58922202
6897,2.44788490
6898,0.79622037
6899,1.62234826
6900,0.78047161
6901,2.26221655
6902,1.11921488
6903,1.44880008
6904,1.37485568
6905,0.88166461
6906,0.56350330
6907,2.45653461
6908,1.53331966
6909,2.11789573
6910,1.75919875
6911,0.34729890
6912,1.40554365
6913,0.85206532
6914,0.81847444
6915,2.38137807
6916,0.43659094
6917,1.88264326
6918,2.21321014
6919,1.26568775
6920,2.04268472
6921,0.53790139
6922,0.91244799
6923,0.28920623
6924,1.51840068
6925,0.35451786
6926,2.19055905
6927,0.32245982
6928,2.29285258
6929,2.25545836
6930,2.23910754
6931,1.92739891
6932,0.02959656
6933,1.09957721
6934,0.00726063
6935,1.23852435
6936,2.33493365
6937,2.11283561
6938,1.09523613
6939,2.19333160
6940,1.61993969
6941,1.74041247
6942,1.86953763
6943,1.96990586
6944,1.07316390
6945,2.15735673
6946,1.23941406
6947,1.70289539
6948,2.32326241
6949,2.31036522
6950,2.02713761
6951,0.33283265
6952,1.04875939
6953,0.60038163
6954,1.69346993
6955,1.29421370
6956,1.81932093
6957,2.06676434
6958,0.62697363
6959,0.90971315
6960,0.77877359
6961,1.62621191
6962,1.19880975
6963,0.30661527
6964,1.71548516
6965,2.44685975
6966,1.38770215
6967,1.80616887
6968,0.76124495
6969,1.31704540
6970,0.60050660
6971,0.73378921
6972,1.11026401
6973,1.18049230
6974,2.11153071
6975,1.51330490
6976,1.50859308
6977,1.38379906
6978,1.60060874
6979,2.10951291
6980,1.46010715
6981,1.00417865
6982,0.14256487
6983,1.96726506
6984,2.00889352
6985,1.80001657
6986,1.73832598
6987,0.85755487
6988,1.71795118
6989,0.92595669
6990,1.36840323
6991,2.07307063
6992,2.23407836
6993,2.39194481
6994,2.49683835
6995,2.35635463
6996,1.69414949
6997,0.12775612
6998,2.48457818
6999,2.48068016
7000,0.57105540
7001,1.60322995
7002,0.00885705
7003,1.41059317
7004,0.26192802
7005,0.78812441
7006,0.59080848
7007,0.41972508
7008,0.99088657
7009,1.10088834
7010,1.44414362
7011,1.37710961
7012,2.17516004
7013,2.41007500
7014,1.81723302
7015,0.34427776
7016,0.05541406
7017,1.18862903
7018,0.61340364
7019,0.45451265
7020,0.76421224
7021,0.13631125
7022,2.44313215
7023,2.47018213
7024,1.16327322
7025,2.04210296
7026,0.66840556
7027,0.61497107
7028,1.56306220
7029,1.15387585
7030,1.72216460
7031,0.80312040
7032,1.18449697
7033,1.52387055
7034,0.04979625
7035,1.77364106
7036,1.05228894
7037,0.28445207
7038,2.16745183
7039,2.27923421
7040,1.00627243
7041,0.12766360
7042,0.31750336
7043,2.00212796
7044,1.20282328
7045,2.16850258
7046,1.45126140
7047,0.72773690
7048,1.66351139
7049,0.47305802
7050,0.76303017
7051,2.21997866
7052,1.32100726
7053,0.33870076
7054,1.21525184
7055,0.62948951
7056,2.19280770
7057,1.28165384
7058,0.85001930
7059,2.35140633
7060,1.93217393
7061,0.29647857
7062,0.10671795
7063,0.14851424
7064,2.46898981
7065,1.96324825
7066,2.45237041
7067,2.32478817
7068,1.06948229
7069,0.94087605
7070,0.22345585
7071,0.69763902
7072,1.15741572
7073,0.61703795
7074,1.70791698
7075,0.69667212
7076,1.68343783
7077,1.46086099
7078,0.41108713
7079,1.05804930
7080,1.45814679
7081,0.63542166
7082,1.41751985
7083,1.60329156
7084,1.73658193
7085,0.54845042
7086,0.47895057
7087,0.86552220
7088,0.51293493
7089,1.75336320
7090,0.60918196
7091,2.18647646
7092,0.68739198
7093,1.48953616
7094,1.99398420
7095,1.40659938
7096,1.36803130
7097,2.48069244
7098,0.71726802
7099,1.88106830
7100,2.01828568
7101,1.51743116
7102,1.66864428
7103,1.52798319
7104,2.14279899
7105,1.70930587
7106,2.43999900
7107,2.43399571
7108,0.96348349
7109,1.35742348
7110,2.43005145
7111,2.48323077
7112,0.99753824
7113,0.30861782
7114,2.12778090
7115,0.67733420
7116,1.57887326
7117,0.17180384
7118,2.13580230
7119,1.74821096
7120,1.44820292
7121,2.22733200
7122,0.05824152
7123,1.94918818
7124,2.16034031
7125,2.43017246
7126,1.03451732
7127,1.26152800
7128,2.37565729
7129,0.35320003
7130,0.62773643
7131,0.04920403
7132,0.18338945
7133,0.87815903
7134,0.11585269
7135,1.88550917
7136,2.00490699
7137,1.03563787
7138,0.20038707
7139,1.06086680
7140,1.30762867
7141,2.07937434
7142,1.64215686
7143,1.21836514
7144,1.07721397
7145,0.94785684
7146,2.48178979
7147,1.61826108
7148,2.34795875
7149,1.99208697
7150,0.66753683
7151,0.11862642
7152,1.12460847
7153,0.73626174
7154,0.19177389
7155,0.45997681
7156,1.55728606
7157,1.51075201
7158,0.43104654
7159,1.36622791
7160,0.31056213
7161,1.69338469
7162,0.93588180
7163,1.11957782
7164,0.26692350
7165,2.15130414
7166,0.06488546
7167,0.86242451
7168,1.62046617
7169,0.26579549
7170,2.33954614
7171,0.18661119
7172,0.33737800
7173,1.54828775
7174,2.14988195
7175,1.59039257
7176,0.13994406
7177,1.39889156
7178,2.15422579
7179,2.42429453
7180,0.04519047
7181,1.15531645
7182,0.57098385
7183,1.76897229
7184,2.08500951
7185,0.04274013
7186,1.89157565
7187,0.55025912
7188,2.08161660
7189,0.09036218
7190,2.31740432
7191,0.81819652
7192,1.67498029
7193,0.49555667
7194,0.33599587
7195,0.42980448
7196,0.07203775
7197,0.48581011
7198,2.45398259
7199,2.49280049
7200,1.26224920
7201,1.89562201
7202,2.47870802
7203,1.62232789
7204,2.39303062
7205,0.34123111
7206,2.12579184
7207,1.95610294
7208,2.23115952
7209,2.23321988
7210,0.17511948
7211,1.88499666
7212,1.18593380
7213,1.79639442
7214,2.11319765
7215,0.90252534
7216,1.90396283
7217,0.44316642
7218,0.02054855
7219,0.19259701
7220,2.45722310
7221,0.27286857
7222,0.81618584
7223,0.46957516
7224,2.45711443
7225,0.42780949
7226,0.53430152
7227,1.25463943
7228,2.43551291
7229,2.06519404
7230,0.64169962
7231,0.05289692
7232,1.81043229
7233,1.97867766
7234,2.43916225
7235,1.39572230
7236,1.59937728
7237,0.16458212
7238,1.47355218
7239,0.11704479
7240,1.51437999
7241,1.01613579
7242,0.89734198
7243,1.13765957
7244,1.85218758
7245,1.41899278
7246,0.40981214
7247,0.37237588
7248,1.77026467
7249,1.45433284
7250,1.18373804
7251,1.12449246
7252,1.51661594
7253,1.16519772
7254,1.71278566
7255,1.31560572
7256,2.06402210
7257,2.36307858
7258,2.35136959
7259,1.12696320
7260,1.98874641
7261,1.28273438
7262,1.04983638
7263,2.49413709
7264,0.68824416
7265,1.53862129
7266,2.33625933
7267,0.80283940
7268,2.26050198
7269,1.30372689
7270,2.35622440
7271,2.36812787
7272,0.77563771
7273,1.00559685
7274,2.03869805
7275,2.38244222
7276,2.43492332
7277,1.42575145
7278,0.09696560
7279,0.33417442
7280,2.29207452
7281,1.61411134
7282,1.76915292
7283,1.42516660
7284,1.11551757
7285,0.13439901
7286,0.50141571
7287,1.41929174
7288,2.05916049
7289,0.27345566
7290,0.35492699
7291,1.48310092
7292,1.91590644
7293,2.30938732
7294,0.13478686
7295,1.28091824
7296,1.47536552
7297,0.71875805
7298,2.01340967
7299,2.45456556
7300,1.46557464
7301,0.67373215
7302,2.11092549
7303,1.74957130
7304,1.87199244
7305,1.83897935
7306,1.94860879
7307,2.16863142
7308,0.30436660
7309,1.34464847
7310,0.86359991
7311,2.36984869
7312,1.06252637
7313,1.65388437
7314,1.66503240
7315,0.05017250
7316,1.13307185
7317,1.30035363
7318,2.09855282
7319,1.77199009
7320,0.09836181
7321,2.20457155
7322,2.24093405
7323,1.96870073
7324,0.68511481
7325,1.67222158
7326,1.42072658
7327,2.46785976
7328,1.23066687
7329,1.22973121
7330,1.83960644
7331,2.36713242
7332,1.57272700
7333,0.55881002
7334,1.00948352
7335,0.79261906
7336,2.28859785
7337,1.12929779
7338,2.11723786
7339,0.91814680
7340,0.75552650
7341,1.75612021
7342,2.27174043
7343,0.14579732
7344,1.17827341
7345,0.62878567
7346,1.37350294
7347,1.66515069
7348,1.19788514
7349,0.32355666
7350,1.82679191
7351,0.16817079
7352,1.37736307
7353,1.41376517
7354,0.32124214
7355,2.26063250
7356,1.61829238
7357,1.73534508
7358,1.60574448
7359,1.24449485
7360,1.47465273
7361,0.29555469
7362,1.97946822
7363,0.59115874
7364,0.34549125
7365,2.32699751
7366,2.26631592
7367,1.77183346
7368,0.09700864
7369,0.14534406
7370,1.09178088
7371,1.41693684
7372,1.04974753
7373,1.06916731
7374,0.36232267
7375,0.60987378
7376,0.55279039
7377,0.18435020
7378,1.68552936
7379,1.55079304
7380,0.53863159
7381,0.79415587
7382,1.79310047
7383,1.19229599
7384,1.61283171
7385,0.26493894
7386,1.39603317
7387,1.27123373
7388,2.10263450
7389,0.07645741
7390,0.76628309
7391,2.04159739
7392,1.70007048
7393,0.66801055
7394,0.83695354
7395,0.26430009
7396,0.18030487
7397,1.23300864
7398,1.07394367
7399,1.00021723
7400,2.17303571
7401,2.21200494
7402,0.67656394
7403,1.83071606
7404,1.69350283
7405,0.25888286
7406,0.10852061
7407,2.30043821
7408,0.27944724
7409,0.29352274
7410,2.31530033
7411,2.33749101
7412,0.34731679
7413,0.72415804
7414,0.60885508
7415,0.15288724
7416,2.42184841
7417,0.98354486
7418,0.13509475
7419,1.41931819
7420,0.70676171
7421,1.04921962
7422,1.94829031
7423,0.28496212
7424,0.86002452
7425,2.20542569
7426,0.43229162
7427,2.33886487
7428,1.82768827
7429,1.39035756
7430,0.77131413
7431,0.02354138
7432,1.31414020
7433,0.66303158
7434,0.95819245
7435,0.46044886
7436,0.49982209
7437,2.26509470
7438,0.34710218
7439,0.66839740
7440,0.34709063
7441,1.06931363
7442,2.38100273
7443,0.29964223
7444,1.28798174
7445,0.16609554
7446,0.59915069
7447,1.46070048
7448,1.60664022
7449,2.16541306
7450,0.46465719
7451,2.33000652
7452,2.46874922
7453,1.06974606
7454,1.75609412
7455,0.01028620
7456,0.66639622
7457,2.12889878
7458,1.02983334
7459,0.27362179
7460,2.01149435
7461,0.81354243
7462,0.85047253
7463,2.29114290
7464,2.43251025
7465,1.10878293
7466,0.92947100
7467,0.19761274
7468,1.86829617
7469,2.10987569
7470,2.14624697
7471,1.56051085
7472,2.12633391
7473,1.24089677
7474,2.45397144
7475,2.25118998
7476,0.77395522
7477,0.94726524
7478,1.61914675
7479,1.17166633
7480,1.27103843
7481,1.93145550
7482,1.97603910
7483,0.37094806
7484,2.09217196
7485,2.05161449
7486,0.14297149
7487,1.97678168
7488,0.09930325
7489,1.86567765
7490,0.07859414
7491,1.85580277
7492,1.83781733
7493,0.97520651
7494,1.29246564
7495,0.27102517
7496,2.15575090
7497,0.59374839
7498,2.33520824
7499,0.83947500
7500,2.35337547
7501,1.09454534
7502,1.32597401
7503,1.88203333
7504,1.35652917
7505,2.39768614
7506,0.85531397
7507,1.09987596
7508,1.93746660
7509,1.53789432
7510,2.36675907
7511,0.15173589
7512,0.60952594
7513,1.85809254
7514,1.40825137
7515,1.97159617
7516,1.32810092
7517,1.18080175
7518,2.23671163
7519,1.89674819
7520,0.49545124
7521,0.53030267
7522,1.94623432
7523,2.13563870
7524,1.49546227
7525,1.16282660
7526,2.43390080
7527,1.00944719
7528,2.38544502
7529,0.85941269
7530,0.77914091
7531,0.52605695
7532,1.59550648
7533,2.41965379
7534,1.76628455
7535,1.38409815
7536,0.17205286
7537,0.40212444
7538,1.85607476
7539,1.01593245
7540,1.53370523
7541,0.05919534
7542,1.68370607
7543,2.25523204
7544,0.50225978
7545,2.21621528
7546,0.81799831
7547,0.97199849
7548,0.09054686
7549,0.86781833
7550,1.82015732
7551,1.37342233
7552,1.78623647
7553,0.44544772
7554,1.06945215
7555,1.15838886
7556,0.39699586
7557,0.17056933
7558,1.76253385
7559,2.35251744
7560,0.80914891
7561,1.73206855
7562,0.18458909
7563,1.47357555
7564,0.93542656
7565,0.81483509
7566,0.74343717
7567,2.49552937
7568,0.76868757
7569,1.92095524
7570,2.43447189
7571,1.65257757
7572,0.11696355
7573,2.16084826
7574,0.78953321
7575,2.13716809
7576,2.19022139
7577,0.28873169
7578,2.33922183
7579,0.46270060
7580,2.30587423
7581,0.97184893
7582,1.90708734
7583,1.71968877
7584,2.23108903
7585,0.30535087
7586,1.99243712
7587,0.89430787
7588,0.44884044
7589,0.00458581
7590,1.02936786
7591,0.76328804
7592,1.53837863
7593,0.86529719
7594,0.29412934
7595,0.48971623
7596,0.54146567
7597,0.66098674
7598,2.12387058
7599,0.01304681
7600,0.00544168
7601,0.39923739
7602,2.01654289
7603,1.49769976
7604,2.18409137
7605,2.25917437
7606,1.05608693
7607,0.04849230
7608,2.41097425
7609,0.24498470
7610,1.07416289
7611,2.16615579
7612,1.63520679
7613,1.67738245
7614,0.13207456
7615,1.56744631
7616,0.11137613
7617,1.88932405
7618,0.62338496
7619,1.97050504
7620,1.44238008
7621,2.29064955
7622,0.69057680
7623,0.50179798
7624,0.15262759
7625,1.75713109
7626,1.10311313
7627,2.37869341
7628,0.09153534
7629,0.02837433
7630,0.05130227
7631,1.75951141
7632,0.01119958
7633,0.67108459
7634,0.49288393
7635,1.26448190
7636,0.56227672
7637,0.55987480
7638,1.52586538
7639,0.86102467
7640,0.94621125
7641,2.32423921
7642,1.94665410
7643,1.42314469
7644,1.22121130
7645,1.79664482
7646,1.92484443
7647,0.83915042
7648,1.76004729
7649,1.68604667
7650,0.76054781
7651,1.76861449
7652,1.92152449
7653,1.71577223
7654,2.32505851
7655,0.66336110
7656,0.85884406
7657,1.59976701
7658,1.58299462
7659,0.28853516
7660,1.99598490
7661,1.02126585
7662,0.54380807
7663,1.28598207
7664,1.05446470
7665,1.88744076
7666,2.49247333
7667,0.07929769
7668,1.57770838
7669,0.70737246
7670,1.19475421
7671,2.18902026
7672,0.00118573
7673,0.55370516
7674,0.89883694
7675,0.00334595
7676,2.09290230
7677,1.63169150
7678,0.80330906
7679,2.01697347
7680,1.81219606
7681,0.84698719
7682,1.48025012
7683,1.33917357
7684,1.36524228
7685,1.62295564
7686,0.66450227
7687,0.65230342
7688,0.35123546
7689,2.44107879
7690,0.68249094
7691,1.37062010
7692,1.93490586
7693,1.78561637
7694,0.78379692
7695,0.65796665
7696,0.20568345
7697,0.73655553
7698,1.01237095
7699,2.44093454
7700,2.12528430
7701,2.07271502
7702,0.73393842
7703,1.70187707
7704,1.41394141
7705,1.12240700
7706,1.71869407
7707,2.23428853
7708,2.05762291
7709,0.61055518
7710,1.11103212
7711,1.78852582
7712,1.60159141
7713,0.89584745
7714,2.05119497
7715,1.33025308
7716,0.60143699
7717,2.15898067
7718,0.95366767
7719,0.47652854
7720,1.42933759
7721,1.95915014
7722,0.15882421
7723,1.07392415
7724,2.15195350
7725,0.86787883
7726,0.48522714
7727,0.09520558
7728,0.37936941
7729,1.62089291
7730,2.18151191
7731,0.96251296
7732,0.94051189
7733,2.24126191
7734,1.55926454
7735,0.35126129
7736,1.60361173
7737,1.44351837
7738,1.58189273
7739,0.01036163
7740,2.39353942
7741,0.67985782
7742,2.37864014
7743,0.82528060
7744,1.94993774
7745,0.23644240
7746,0.81290235
7747,0.93346221
7748,0.23133405
7749,1.20766585
7750,1.71519444
7751,2.48705593
7752,2.26352282
7753,1.12029767
7754,2.21670902
7755,1.57989283
7756,1.31872681
7757,2.36975676
7758,2.17961468
7759,2.11129853
7760,0.80081656
7761,2.27852981
7762,0.14279389
7763,2.10675855
7764,0.66609797
7765,0.69200300
7766,0.51242246
7767,1.49483008
7768,1.52580625
7769,0.29939837
7770,0.48873774
7771,2.40220320
7772,1.11102180
7773,0.48898264
7774,0.27551302
7775,2.05475592
7776,0.90827566
7777,0.57136056
7778,1.56584879
7779,0.46820866
7780,0.95301266
7781,0.89164104
7782,0.20538295
7783,2.39738134
7784,2.33774910
7785,0.68321152
7786,2.32175120
7787,1.28740374
7788,1.42734198
7789,0.27337277
7790,0.87389597
7791,1.20871518
7792,2.25300600
7793,0.44675510
7794,1.53005891
7795,1.48335846
7796,2.01269172
7797,1.96939093
7798,2.06820819
7799,2.33079829
7800,0.31785383
7801,0.54094024
7802,1.75030160
7803,1.30399114
7804,2.25888766
7805,2.41584600
7806,0.13668449
7807,1.81785244
7808,0.80608128
7809,0.82994388
7810,0.88182987
7811,1.11493350
7812,2.04964824
7813,1.67058231
7814,0.41038361
7815,0.85781267
7816,0.37401666
7817,0.09631094
7818,1.73565363
7819,1.83354109
7820,0.02453391
7821,0.50089760
7822,1.97232278
7823,1.50643816
7824,0.25867949
7825,2.40664051
7826,0.06796031
7827,2.11065707
7828,1.15372050
7829,1.65997353
7830,2.35778071
7831,1.58142308
7832,2.02152888
7833,2.41564442
7834,0.52702598
7835,0.48225656
7836,1.07022092
7837,0.28131633
7838,2.36468964
7839,0.74739973
7840,2.10944963
7841,0.95628281
7842,0.17780984
7843,2.48242116
7844,1.74230327
7845,1.93480344
7846,0.99400418
7847,1.77202256
7848,1.87920807
7849,1.23005958
7850,0.81569181
7851,0.21021183
7852,1.66268566
7853,1.93070032
7854,1.21614159
7855,0.19789202
7856,1.84376403
7857,1.58833838
7858,0.66835018
7859,1.63985842
7860,2.19812965
7861,2.27096890
7862,1.20921490
7863,2.06360650
7864,0.18744783
7865,0.97477152
7866,2.22744622
7867,1.16226074
7868,1.47854289
7869,0.83039752
7870,0.56304195
7871,0.51299837
7872,1.04209692
7873,1.10352055
7874,0.12323868
7875,0.27619871
7876,0.30102437
7877,2.31998530
7878,0.89499410
7879,1.91362231
7880,0.36787242
7881,0.58782370
7882,0.66891118
7883,0.34784646
7884,2.22227709
7885,1.72645971
7886,1.39576658
7887,2.44488916
7888,2.21590876
7889,2.07900461
7890,1.61404191
7891,0.18086477
7892,1.55998105
7893,2.38065133
7894,2.46782613
7895,0.76555512
7896,0.35424960
7897,0.38776635
7898,1.69617407
7899,1.52688067
7900,2.09982004
7901,1.26079521
7902,0.52988465
7903,1.03674946
7904,1.32959327
7905,0.08814643
7906,0.46317407
7907,1.89971667
7908,0.00418959
7909,2.20394030
7910,1.70314486
7911,1.69568076
7912,2.37380665
7913,1.26427554
7914,2.01339262
7915,2.00929363
7916,0.22242236
7917,0.74601045
7918,1.11367159
7919,0.29586706
7920,1.38893556
7921,1.43766936
7922,0.70046509
7923,0.13884248
7924,0.82013971
7925,1.03226168
7926,0.38643568
7927,2.42218776
7928,0.75973102
7929,0.32001854
7930,1.54694674
7931,1.57480983
7932,0.79274062
7933,2.40551152
7934,0.31147896
7935,0.20191107
7936,0.77016295
7937,1.36565925
7938,0.91211431
7939,0.18273731
7940,1.76222182
7941,0.91485056
7942,2.37870947
7943,0.69212743
7944,2.24486991
7945,1.20764471
7946,0.44283951
7947,1.41392389
7948,1.29268983
7949,0.33213932
7950,0.63024570
7951,0.21935394
7952,0.89100954
7953,0.19610118
7954,0.58928801
7955,0.10892332
7956,0.29726557
7957,0.81642055
7958,2.38800619
7959,1.82925565
7960,0.74038405
7961,1.67730914
7962,1.21898547
7963,1.43423475
7964,0.46222134
7965,2.24180459
7966,0.41436242
7967,2.06359119
7968,1.39861106
7969,1.89571378
7970,0.01169009
7971,1.62923735
7972,1.38579347
7973,1.54486142
7974,0.36577866
7975,1.46261180
7976,2.02746721
7977,1.93907954
7978,0.44823452
7979,2.15167225
7980,0.13184891
7981,0.77373457
7982,2.25924208
7983,0.84671080
7984,1.74222623
7985,1.66638108
7986,0.87478343
7987,1.26012765
7988,2.32848865
7989,0.45405698
7990,0.26835596
7991,2.08117491
7992,0.51882135
7993,1.14202667
7994,1.07349501
7995,0.07007073
7996,1.41591945
7997,2.31477563
7998,0.43476409
7999,2.00364612
8000,0.41240915
8001,0.69628206
8002,1.30158503
8003,1.76293121
8004,2.43872420
8005,0.40672475
8006,1.41006695
8007,0.47578582
8008,2.10595735
8009,0.29871966
8010,2.30016503
8011,2.29043991
8012,2.35862731
8013,0.61048008
8014,1.23369409
8015,0.67834442
8016,1.01216469
8017,0.67648660
8018,0.39971857
8019,1.35037297
8020,2.02474451
8021,1.68222298
8022,0.11198774
8023,1.98116014
8024,2.11222251
8025,2.25321885
8026,2.17356292
8027,2.12943815
8028,2.03090750
8029,1.21719954
8030,1.91810811
8031,1.22154467
8032,1.50179298
8033,0.02751048
8034,0.98166857
8035,2.14723705
8036,1.77859748
8037,0.58744583
8038,0.67101841
8039,1.37993557
8040,2.30109510
8041,0.42669638
8042,1.31866382
8043,1.75041782
8044,2.46411027
8045,1.42701904
8046,2.20847358
8047,0.66667096
8048,0.08209361
8049,0.00001121
8050,1.50310976
8051,0.77683517
8052,1.38930105
8053,0.56209036
8054,0.08975616
8055,1.75666412
8056,0.73546569
8057,1.75021489
8058,1.18235446
8059,1.04340276
8060,0.85150963
8061,0.90426735
8062,0.59150731
8063,0.50126315
8064,2.16235724
8065,2.08572548
8066,0.74022713
8067,0.61010554
8068,0.42968670
8069,2.43948718
8070,1.55461606
8071,1.42205639
8072,0.43502401
8073,0.38342830
8074,0.46570063
8075,1.14331299
8076,1.65360389
8077,0.80686744
8078,0.78040154
8079,0.78981754
8080,0.83933418
8081,0.28976686
8082,1.15274304
8083,2.00223635
8084,0.24571187
8085,1.91919543
8086,2.40540526
8087,2.21760112
8088,0.10384001
8089,0.17936563
8090,1.06739153
8091,2.17559012
8092,1.36601985
8093,2.18288804
8094,1.17775155
8095,1.57028571
8096,0.10553994
8097,1.30682722
8098,0.84595308
8099,0.20448479
8100,0.85459452
8101,2.24386902
8102,0.89376440
8103,2.05782413
8104,0.70662332
8105,2.07719093
8106,1.46291014
8107,0.75687975
8108,1.59338698
8109,1.58787819
8110,0.88003790
8111,1.26322944
8112,0.36601589
8113,2.34973399
8114,1.53652545
8115,1.09704315
8116,1.83834577
8117,1.00822051
8118,0.23920144
8119,1.66739544
8120,2.27744038
8121,0.42345039
8122,1.51374215
8123,1.57827935
8124,1.58256757
8125,0.15348040
8126,1.02841941
8127,1.00662272
8128,0.11223759
8129,0.55005523
8130,1.58723972
8131,2.13516571
8132,1.69054206
8133,0.69718829
8134,0.34853140
8135,0.95213732
8136,0.65377417
8137,0.87528379
8138,1.46025402
8139,2.35889811
8140,0.96573188
8141,1.08250852
8142,2.23569704
8143,1.54485040
8144,2.27868312
8145,1.37379378
8146,1.44368928
8147,1.00397683
8148,1.64892619
8149,0.06133918
8150,0.64589394
8151,1.49083095
8152,1.73233729
8153,1.37365821
8154,2.42555539
8155,1.05968249
8156,2.13284674
8157,0.79515772
8158,2.35121439
8159,0.00192418
8160,0.38209919
8161,1.27298745
8162,2.13674413
8163,0.13712004
8164,2.47078209
8165,1.87723669
8166,2.29475683
8167,1.87126895
8168,2.31667268
8169,2.19436453
8170,2.38949189
8171,2.43478851
8172,1.89826264
8173,0.65255177
8174,0.88723919
8175,2.33387267
8176,1.88926019
8177,1.51624916
8178,0.09124493
8179,2.11644818
8180,1.37468065
8181,2.22127448
8182,1.19167578
8183,1.06805980
8184,0.00457126
8185,2.03634433
8186,1.46384249
8187,0.77900212
8188,1.75470816
8189,0.30170629
8190,2.47343232
8191,0.55589253
8192,1.65460819
8193,2.41613204
8194,2.07411162
8195,2.20391743
8196,1.05232336
8197,1.85468335
8198,0.76732113
8199,0.07189150
8200,0.44502271
8201,1.57307144
8202,1.99868658
8203,2.42624134
8204,1.96467028
8205,2.27423008
8206,1.64609887
8207,2.25238150
8208,1.48031300
8209,1.05835011
8210,0.87339717
8211,1.06500477
8212,0.33541189
8213,2.49703454
8214,2.03535884
8215,1.16016317
8216,2.00455542
8217,1.41018181
8218,0.44444464
8219,1.98188566
8220,2.38372193
8221,0.32360798
8222,2.23670415
8223,0.26934608
8224,1.98401556
8225,1.76590780
8226,1.80911018
8227,0.27792638
8228,1.42357827
8229,1.29904071
8230,0.00938822
8231,1.47441121
8232,0.19050619
8233,0.33486446
8234,1.95580041
8235,0.81819172
8236,0.60512725
8237,0.71619716
8238,0.70174687
8239,0.21550656
8240,1.52027310
8241,0.05315413
8242,1.38471728
8243,1.65045913
8244,2.34041526
8245,1.46777828
8246,2.37037260
8247,2.38105168
8248,0.07234464
8249,0.80838727
8250,0.54304312
8251,0.70499909
8252,1.41921869
8253,1.02696269
8254,0.56656180
8255,1.64115351
8256,1.37959034
8257,1.22020613
8258,0.65159823
8259,0.39501496
8260,2.34989241
8261,1.13137631
8262,1.31837002
8263,1.03957389
8264,0.00936650
8265,1.21093403
8266,0.78915833
8267,1.01875208
8268,1.63199049
8269,1.18279755
8270,1.78744394
8271,1.44782124
8272,2.48860726
8273,2.08888729
8274,0.92111270
8275,1.84299737
8276,0.70359868
8277,0.28746729
8278,1.33784242
8279,1.48219054
8280,0.57733308
8281,2.10905797
8282,1.65230970
8283,2.16473620
8284,1.33979402
8285,0.18248493
8286,0.04706146
8287,1.21535419
8288,0.36230417
8289,0.66583858
8290,0.32407829
8291,2.36068407
8292,1.26048392
8293,0.00450023
8294,0.51017883
8295,0.67234448
8296,1.17909034
8297,2.33179921
8298,1.41253328
8299,1.56216733
8300,1.33282579
8301,1.18701783
8302,2.45485925
8303,2.29725476
8304,1.38658171
8305,0.33283491
8306,1.15216809
8307,2.36555514
8308,0.06639542
8309,2.02856138
8310,0.55504013
8311,2.05998367
8312,0.63165461
8313,0.33185658
8314,1.07552957
8315,1.49273943
8316,2.30835060
8317,1.67508816
8318,1.09964328
8319,1.08302201
8320,0.10135441
8321,0.29378823
8322,0.98700487
8323,1.62930926
8324,0.35695289
8325,1.14420867
8326,1.77089430
8327,1.73942523
8328,1.27102991
8329,2.12904040
8330,1.14616553
8331,1.87187874
8332,0.82615634
8333,2.31622707
8334,1.14650573
8335,0.60652144
8336,1.08926286
8337,1.79317182
8338,1.37581252
8339,0.30519073
8340,2.09918686
8341,1.72095534
8342,2.36331366
8343,1.54023840
8344,0.26045654
8345,0.01747846
8346,2.07577630
8347,1.69028144
8348,1.00882285
8349,1.25998640
8350,0.00683869
8351,2.29751319
8352,1.74590600
8353,1.86771158
8354,0.19209891
8355,1.28739017
8356,0.58136794
8357,1.32433117
8358,0.53559040
8359,0.59184069
8360,2.24666262
8361,2.15491813
8362,0.22907370
8363,0.64145008
8364,1.84310244
8365,0.81764408
8366,0.39438519
8367,0.08452874
8368,1.53970251
8369,0.09729997
8370,1.00712039
8371,0.66198045
8372,1.55302588
8373,2.22426539
8374,1.75513948
8375,1.69686812
8376,1.24548035
8377,1.02440999
8378,0.20575003
8379,1.30134785
8380,0.55455688
8381,0.14077633
8382,0.54688498
8383,0.42908062
8384,2.14208254
8385,2.05988085
8386,1.15222120
8387,1.14052293
8388,0.93832538
8389,1.88333123
8390,1.08632186
8391,1.53324817
8392,1.82317905
8393,1.65140789
8394,2.26636764
8395,0.99133628
8396,0.80103515
8397,2.02037713
8398,1.09105544
8399,0.40368655
8400,1.44760712
8401,1.10858944
8402,2.49317186
8403,0.31292551
8404,1.23044813
8405,1.38765930
8406,1.81679125
8407,0.70327683
8408,1.51632755
8409,1.84176261
8410,1.99741849
8411,0.60929855
8412,1.63670066
8413,2.03056066
8414,2.19834255
8415,1.57792127
8416,0.41819210
8417,0.77808303
8418,0.51148047
8419,0.07824539
8420,0.71316453
8421,0.33635768
8422,0.96134129
8423,0.34154841
8424,0.36015707
8425,0.15650156
8426,0.91727848
8427,0.44039567
8428,1.28022064
8429,0.94399802
8430,2.40779639
8431,1.75608014
8432,0.48406355
8433,2.21597965
8434,1.81774381
8435,0.79584939
8436,1.12762688
8437,1.65693484
8438,1.29966474
8439,0.67128124
8440,0.41603789
8441,1.85368421
8442,1.51745076
8443,1.65812226
8444,2.31268987
8445,1.81940693
8446,2.22928066
8447,0.18174479
8448,1.88911162
8449,0.10322382
8450,1.62451669
8451,2.29198842
8452,1.43359454
8453,0.04174236
8454,1.59616340
8455,0.61878914
8456,1.97354696
8457,1.80131426
8458,0.07891422
8459,0.58997131
8460,1.36562511
8461,0.75613196
8462,1.54514245
8463,1.16021120
8464,0.26135145
8465,1.77193743
8466,1.41997017
8467,1.94213408
8468,1.80714385
8469,0.03514743
8470,1.62802312
8471,0.35290164
8472,0.63003850
8473,0.89032912
8474,0.58990622
8475,0.19765671
8476,0.28839344
8477,1.79580440
8478,0.97876844
8479,2.45713467
8480,1.46697624
8481,1.10505137
8482,1.33825191
8483,1.68105419
8484,1.32282692
8485,1.76794084
8486,1.18460487
8487,1.40484621
8488,2.31959066
8489,0.55864272
8490,0.54189238
8491,1.39372861
8492,1.58337851
8493,2.28524407
8494,1.44715317
8495,0.61828176
8496,1.44176474
8497,0.85741521
8498,1.74999820
8499,1.88278128
8500,1.84846746
8501,1.68575903
8502,2.49502457
8503,0.44255462
8504,1.19185453
8505,1.07596577
8506,2.12560537
8507,1.58582591
8508,1.53157596
8509,1.96305389
8510,1.38391784
8511,1.35287473
8512,1.81121498
8513,0.78397300
8514,2.47178882
8515,1.59253836
8516,1.88430413
8517,1.66488179
8518,2.13686538
8519,2.45123229
8520,0.46022368
8521,1.74096270
8522,1.47902260
8523,1.47890578
8524,0.73527284
8525,2.01730136
8526,0.12708095
8527,2.14202446
8528,1.05959851
8529,2.45188622
8530,0.60214978
8531,2.49206744
8532,0.61725273
8533,0.60313357
8534,1.00036041
8535,0.46247049
8536,1.75689917
8537,0.75740218
8538,1.04537620
8539,1.59769108
8540,0.96717965
8541,2.16559976
8542,1.42035136
8543,1.97342463
8544,1.43577528
8545,1.50811546
8546,1.72728439
8547,0.51788191
8548,1.94912279
8549,2.18545937
8550,0.23732339
8551,0.94337412
8552,1.54239309
8553,1.50010980
8554,1.94632382
8555,0.11465914
8556,0.84306632
8557,1.92686846
8558,1.99302149
8559,0.13821726
8560,2.11590997
8561,1.73548975
8562,0.99848259
8563,0.10184781
8564,2.09041443
8565,2.18981406
8566,0.71259977
8567,1.28626753
8568,0.57393893
8569,0.69968257
8570,0.19543553
8571,1.07239572
8572,0.94564707
8573,0.67056738
8574,1.07176372
8575,2.15885344
8576,0.61703718
8577,1.52662909
8578,1.45789920
8579,1.35968331
8580,1.31090614
8581,0.05301691
8582,1.10520692
8583,1.74467887
8584,1.79688547
8585,0.08414784
8586,0.06188321
8587,2.41982769
8588,0.22529737
8589,1.02467706
8590,0.68337015
8591,2.22916589
8592,2.09041064
8593,0.13635989
8594,1.53700156
8595,1.43338361
8596,1.36159234
8597,1.39845325
8598,2.03985229
8599,0.19037371
8600,2.10543512
8601,1.62150973
8602,0.01665593
8603,0.10637245
8604,1.03250233
8605,1.48726842
8606,1.55334473
8607,2.24181433
8608,2.27339687
8609,1.66895598
8610,2.20084314
8611,0.31442427
8612,0.11580288
8613,1.50076857
8614,2.48594674
8615,0.16742914
8616,1.16337797
8617,1.39458359
8618,2.25469194
8619,0.59101201
8620,1.02915026
8621,2.01900189
8622,2.22585266
8623,1.29936599
8624,0.90907822
8625,0.00577767
8626,1.01936035
8627,2.07543284
8628,1.13150274
8629,1.34149542
8630,1.06531585
8631,0.00768691
8632,1.62718828
8633,1.54271233
8634,0.63078937
8635,0.25330227
8636,2.39098715
8637,2.06784225
8638,2.03488516
8639,1.96851403
8640,0.50447449
8641,1.10844534
8642,2.20684870
8643,1.36592241
8644,1.39835407
8645,0.37930912
8646,1.47840700
8647,1.03353808
8648,0.24251317
8649,2.44118611
8650,0.26982642
8651,1.72023435
8652,1.39090622
8653,0.95293011
8654,0.10276802
8655,0.04217907
8656,1.42193571
8657,0.24820815
8658,0.25903768
8659,0.98273194
8660,0.91766643
8661,2.03145715
8662,1.66211388
8663,0.57319590
8664,1.34887238
8665,1.74471255
8666,0.61816782
8667,0.55354307
8668,1.82864174
8669,2.29174601
8670,1.89208022
8671,1.33374888
8672,0.36219293
8673,1.11652087
8674,1.10350329
8675,1.53933475
8676,0.36998083
8677,0.46775142
8678,1.97725113
8679,0.02732413
8680,0.37722601
8681,1.44935787
8682,1.01080815
8683,0.16172794
8684,1.56480570
8685,1.70346602
8686,1.16339040
8687,0.17670005
8688,2.08587630
8689,1.64632421
8690,2.31627291
8691,2.09334753
8692,2.36435046
8693,1.29756950
8694,1.74214717
8695,2.01184589
8696,0.66594798
8697,1.52659442
8698,1.88819389
8699,0.07583295
8700,2.26434725
8701,0.34039974
8702,2.01482423
8703,0.24429270
8704,1.04995760
8705,1.63113446
8706,1.73787482
8707,0.44573969
8708,1.52804313
8709,1.42933906
8710,2.36431544
8711,2.07894093
8712,1.60072164
8713,0.70513463
8714,1.70260587
8715,1.67132818
8716,1.32325977
8717,2.31483600
8718,1.93072157
8719,2.02844286
8720,1.20948189
8721,1.47249752
8722,1.89944342
8723,0.97883611
8724,0.83942238
8725,0.93985324
8726,1.58002526
8727,0.70500027
8728,1.48638945
8729,1.44296003
8730,1.76355961
8731,0.20446291
8732,1.71403364
8733,1.20276274
8734,2.18637756
8735,2.10039713
8736,0.43148049
8737,1.18030619
8738,2.40506206
8739,1.82681681
8740,0.43498401
8741,1.82212755
8742,1.74965540
8743,1.30781734
8744,1.47911746
8745,0.44154411
8746,1.91414345
8747,2.46188892
8748,1.03653441
8749,2.05065973
8750,1.29855553
8751,0.28396059
8752,0.92694398
8753,0.56425214
8754,1.21884319
8755,1.56039040
8756,0.97829189
8757,1.00358516
8758,2.07832214
8759,1.18338103
8760,1.80380413
8761,1.11827025
8762,1.95604976
8763,2.18530737
8764,0.99874801
8765,1.83562751
8766,0.65183840
8767,1.80322831
8768,0.14809888
8769,1.98765532
8770,2.12188338
8771,0.27430418
8772,1.00903315
8773,0.26432262
8774,0.44590747
8775,1.81311002
8776,1.47351606
8777,2.20769710
8778,1.05321806
8779,2.22105726
8780,1.08759482
8781,0.48104975
8782,0.63798559
8783,0.86973744
8784,0.18824762
8785,2.23420172
8786,0.69649843
8787,1.75667348
8788,2.36881209
8789,2.18331600
8790,1.16766706
8791,1.98238065
8792,2.22579709
8793,0.87020595
8794,0.55343309
8795,1.70770546
8796,0.21592746
8797,1.05064179
8798,1.97155237
8799,2.10967153
8800,1.11368850
8801,2.40674616
8802,0.79272302
8803,1.07221283
8804,0.49394268
8805,1.93740829
8806,0.27533453
8807,1.77954943
8808,0.25132516
8809,2.00191176
8810,0.72161032
8811,1.36248367
8812,1.44145034
8813,0.85198934
8814,1.07272929
8815,1.07078617
8816,0.43917389
8817,0.85662666
8818,0.75634235
8819,0.51153558
8820,0.65135856
8821,1.14086267
8822,1.00903323
8823,0.34587870
8824,0.22310670
8825,0.33154247
8826,1.93702047
8827,0.59248912
8828,1.67814779
8829,1.11294924
8830,1.42175497
8831,1.93193816
8832,1.54276370
8833,1.24163758
8834,2.48567338
8835,0.36400423
8836,1.73945051
8837,0.82469814
8838,0.20494714
8839,0.47182242
8840,0.76158531
8841,0.06127864
8842,1.71567273
8843,0.02954985
8844,0.52294429
8845,0.70522169
8846,1.74962701
8847,2.01931920
8848,2.10307023
8849,1.50417213
8850,0.09772484
8851,0.64099162
8852,1.35537660
8853,0.59672396
8854,0.94270013
8855,2.41526281
8856,1.52021711
8857,0.13358454
8858,0.87423309
8859,0.99739641
8860,1.09512067
8861,1.29943449
8862,0.96655521
8863,0.57608279
8864,0.53999585
8865,2.49524214
8866,1.88688950
8867,0.70228203
8868,0.88571661
8869,1.56370924
8870,0.91931497
8871,0.47834382
8872,1.35637409
8873,0.85139693
8874,0.18066441
8875,1.55625394
8876,2.26692750
8877,2.15543858
8878,1.21626073
8879,2.14694952
8880,1.51810287
8881,0.85495967
8882,0.19130822
8883,0.56816501
8884,0.36092433
8885,0.31595220
8886,1.21426860
8887,1.29487819
8888,0.32625993
8889,0.63355651
8890,2.43784977
8891,1.89687595
8892,0.87988233
8893,1.43654885
8894,2.39691638
8895,0.37501756
8896,1.51659087
8897,1.18075758
8898,1.83856471
8899,0.72978989
8900,2.34141224
8901,0.35848089
8902,0.33136518
8903,1.54563029
8904,1.86231056
8905,2.39101191
8906,2.26305286
8907,1.65941222
8908,1.88702829
8909,0.54698788
8910,1.72160635
8911,0.05083334
8912,0.57124368
8913,0.15853462
8914,1.89815247
8915,0.45739185
8916,1.28009505
8917,2.08408098
8918,0.38498028
8919,1.60564241
8920,0.18767005
8921,0.89055019
8922,2.25273437
8923,1.98600182
8924,1.65053052
8925,2.06127397
8926,2.20389258
8927,0.32875759
8928,0.38123537
8929,1.36642714
8930,0.97244878
8931,1.37895648
8932,0.91362951
8933,1.75130645
8934,2.26342813
8935,2.25646062
8936,2.14966933
8937,1.15861667
8938,1.51755832
8939,0.87878213
8940,1.47304374
8941,0.36771755
8942,0.90654958
8943,0.28080431
8944,1.06292559
8945,0.96059393
8946,0.86867076
8947,1.25299069
8948,1.45043426
8949,2.48252072
8950,0.51128824
8951,0.82609881
8952,2.02411077
8953,1.69504234
8954,0.40425331
8955,2.06002194
8956,0.37800487
8957,2.29427892
8958,2.04991668
8959,0.09747519
8960,0.44063948
8961,1.89716337
8962,0.36292819
8963,1.37162203
8964,2.04161791
8965,0.85621098
8966,1.64149843
8967,0.32313937
8968,0.26789799
8969,1.70372378
8970,1.07289614
8971,0.97937036
8972,1.88713961
8973,0.38254068
8974,1.00415113
8975,1.17767635
8976,0.80406675
8977,0.50312447
8978,1.61609708
8979,1.58679367
8980,2.20411052
8981,0.11533336
8982,0.70094657
8983,0.55982565
8984,1.32124261
8985,1.33870854
8986,0.76255950
8987,2.14265791
8988,2.13500452
8989,1.80491490
8990,0.71071777
8991,0.23492023
8992,1.44702256
8993,2.44156845
8994,2.13645008
8995,1.75483637
8996,0.54747545
8997,0.92274971
8998,1.11530535
8999,1.67169770
9000,1.18930683
9001,1.18231954
9002,1.92724221
9003,0.15336375
9004,1.74966965
9005,0.66189911
9006,2.13500518
9007,1.61950839
9008,1.70903316
9009,1.02720228
9010,1.25153345
9011,1.23925125
9012,1.23663355
9013,1.14747471
9014,1.55470708
9015,1.84823843
9016,0.81821963
9017,0.52981633
9018,2.48343638
9019,2.47358705
9020,2.14533525
9021,1.92056385
9022,2.25978473
9023,0.82319093
9024,0.86977132
9025,0.90219435
9026,2.07775687
9027,1.96551137
9028,0.47045342
9029,0.57136923
9030,0.53647986
9031,1.33359417
9032,0.92676463
9033,2.42314541
9034,1.86179524
9035,0.33502008
9036,0.62701596
9037,1.93335571
9038,1.81772303
9039,0.15866770
9040,1.30499834
9041,0.84131781
9042,1.54337221
9043,0.32533110
9044,0.96804370
9045,1.44750415
9046,1.04497686
9047,1.64946617
9048,2.06258649
9049,0.38317881
9050,0.36942383
9051,2.34903001
9052,0.21015768
9053,1.54672971
9054,0.41382660
9055,0.83143655
9056,0.14874164
9057,2.43523939
9058,2.48707292
9059,1.70017782
9060,1.69478121
9061,0.03042855
9062,1.48773384
9063,0.99141867
9064,0.66834414
9065,1.64626639
9066,1.61230716
9067,2.14735483
9068,0.78226884
9069,0.91422054
9070,1.47362076
9071,1.84461737
9072,2.02110129
9073,2.31805491
9074,0.67325606
9075,2.25659704
9076,0.57386133
9077,0.12566753
9078,1.98066764
9079,2.20526233
9080,1.88128252
9081,1.63364939
9082,0.62570266
9083,0.21212915
9084,2.02898189
9085,0.36435347
9086,1.74943289
9087,0.77447701
9088,0.25339087
9089,1.51431098
9090,1.95439760
9091,1.72468652
9092,1.61612598
9093,1.56186494
9094,1.23679178
9095,1.71368503
9096,1.16827348
9097,2.11254964
9098,0.15907458
9099,1.47388369
9100,0.96645290
9101,1.32272280
9102,0.87304277
9103,0.12848864
9104,0.99457455
9105,1.13493346
9106,0.04529734
9107,2.16431610
9108,1.60081440
9109,2.24261998
9110,0.15439939
9111,1.72745668
9112,0.73808593
9113,0.04001003
9114,0.38873928
9115,0.23824951
9116,2.24968399
9117,1.60733577
9118,0.65198396
9119,0.08910411
9120,1.90688272
9121,0.67740858
9122,0.72168724
9123,0.06486420
9124,1.36623889
9125,1.19661021
9126,0.05803493
9127,1.27423184
9128,2.02747573
9129,1.06492678
9130,2.17353322
9131,0.28078387
9132,1.88878690
9133,0.20277312
9134,0.96469903
9135,1.77930341
9136,0.23207034
9137,0.13962552
9138,2.39606360
9139,1.66062268
9140,0.51543873
9141,0.06097944
9142,1.28969315
9143,0.07788839
9144,1.20490662
9145,0.04877584
9146,1.42448202
9147,0.04180601
9148,0.34142329
9149,1.96991232
9150,0.07094368
9151,0.00158772
9152,1.24632909
9153,1.53089183
9154,1.54495695
9155,1.31909983
9156,1.17750956
9157,0.22761172
9158,0.74706455
9159,0.17722918
9160,1.23233500
9161,1.30410112
9162,1.03295434
9163,0.61220138
9164,1.08774588
9165,2.39098646
9166,1.51703618
9167,1.02262678
9168,2.08574249
9169,1.66578050
9170,0.98592109
9171,0.14242431
9172,0.16591159
9173,0.86422682
9174,1.33501476
9175,0.89521523
9176,1.79119270
9177,1.95702573
9178,0.73779361
9179,2.30250210
9180,0.21518972
9181,0.40387280
9182,0.17262736
9183,2.28042103
9184,1.42750922
9185,1.97729691
9186,1.42623443
9187,1.32375051
9188,1.31096672
9189,1.99734194
9190,1.05538103
9191,2.40335700
9192,0.42333969
9193,1.58972026
9194,1.65671923
9195,1.79751106
9196,2.18383742
9197,2.34286671
9198,0.19579253
9199,2.26603179
9200,1.87546684
9201,2.49665379
9202,1.29316198
9203,1.68227132
9204,0.12199496
9205,0.90199665
9206,2.12809203
9207,0.92470721
9208,0.80179198
9209,0.79284293
9210,2.32064569
9211,2.24209552
9212,1.51464260
9213,2.17361922
9214,1.27374297
9215,1.77500624
9216,0.51418725
9217,1.93527464
9218,1.88232220
9219,1.57638805
9220,1.70407063
9221,2.17275761
9222,2.13416184
9223,1.32421133
9224,1.84271446
9225,0.44354275
9226,1.26496542
9227,0.16151376
9228,1.75522756
9229,1.53247327
9230,0.90538236
9231,1.31924032
9232,1.45691632
9233,1.69240566
9234,0.72391415
9235,1.42341793
9236,1.24402332
9237,2.32571037
9238,1.32904708
9239,2.11539094
9240,1.31522929
9241,2.39406721
9242,2.03627479
9243,1.24932666
9244,0.62286112
9245,1.82281530
9246,0.28953899
9247,1.04886046
9248,0.59466118
9249,2.02588163
9250,1.24679473
9251,2.21797869
9252,0.44735639
9253,2.13991410
9254,1.50246930
9255,1.23890219
9256,2.05109094
9257,2.16576509
9258,0.40158563
9259,0.67774276
9260,1.04753834
9261,0.48911216
9262,1.65394001
9263,0.80934490
9264,1.52064576
9265,2.18340532
9266,2.30900595
9267,2.04651844
9268,1.52232481
9269,1.49861207
9270,2.46361611
9271,1.77770220
9272,0.10962151
9273,0.58550544
9274,0.23437862
9275,0.10178324
9276,1.82296952
9277,0.32187255
9278,2.44277088
9279,1.27016320
9280,1.61546749
9281,1.74661041
9282,0.70655008
9283,1.10626405
9284,0.74815859
9285,1.11242374
9286,1.70187619
9287,1.07200418
9288,1.83479437
9289,1.71704139
9290,2.13864962
9291,0.07521575
9292,0.10806470
9293,2.22801075
9294,0.86063744
9295,2.11459462
9296,1.88258121
9297,0.63196769
9298,1.98097778
9299,1.56459627
9300,1.22764515
9301,1.34261353
9302,0.59509316
9303,1.65970830
9304,2.08052919
9305,2.15051849
9306,1.66320891
9307,0.40161632
9308,0.31917372
9309,0.66536878
9310,2.01899334
9311,0.03037253
9312,1.53526900
9313,1.18734250
9314,1.05269892
9315,0.00337682
9316,1.17245733
9317,1.51939747
9318,1.82041782
9319,2.19598898
9320,1.77114892
9321,0.52870480
9322,0.12096138
9323,1.23439263
9324,0.20690018
9325,1.57911436
9326,1.71043212
9327,0.48915644
9328,1.29523015
9329,1.77735164
9330,1.03097444
9331,1.35805220
9332,0.88438852
9333,1.72152492
9334,1.51323601
9335,1.16796492
9336,1.36984740
9337,0.52846395
9338,0.83576171
9339,1.19635052
9340,2.23787984
9341,0.24665519
9342,1.25138724
9343,1.26701178
9344,0.09209765
9345,1.18208400
9346,0.54639765
9347,1.22846485
9348,0.26455002
9349,1.96475841
9350,1.08761409
9351,1.82067084
9352,0.67825448
9353,0.17588507
9354,0.91288026
9355,0.09936219
9356,1.28606786
9357,1.92285674
9358,1.34576681
9359,1.76480485
9360,2.09892823
9361,2.44156499
9362,1.80289268
9363,1.41467134
9364,1.35031167
9365,2.35329304
9366,0.36030472
9367,1.64597958
9368,0.38967331
9369,2.42776232
9370,0.20297224
9371,1.54874855
9372,0.66130291
9373,0.42224193
9374,0.70275196
9375,2.09608079
9376,1.74697494
9377,1.36881708
9378,0.39042409
9379,2.29799850
9380,0.87302687
9381,2.48579848
9382,1.38993531
9383,2.41777859
9384,2.42181442
9385,0.45939289
9386,2.06428267
9387,1.80232653
9388,2.35778901
9389,2.45339990
9390,1.71477878
9391,0.48590314
9392,0.25572567
9393,2.31671627
9394,1.74724879
9395,2.47700663
9396,0.00653074
9397,0.96626551
9398,0.00443075
9399,2.45877111
9400,2.02971507
9401,2.46882605
9402,0.84622954
9403,0.58176642
9404,0.02706178
9405,1.13154060
9406,0.75119343
9407,1.41040377
9408,2.41305467
9409,1.11165143
9410,1.81670130
9411,0.52182722
9412,0.94727363
9413,2.37851331
9414,1.76867900
9415,2.06527607
9416,1.16189641
9417,1.05110605
9418,0.55686035
9419,0.15487673
9420,0.61104761
9421,1.61391870
9422,0.97217679
9423,0.38276048
9424,1.69508925
9425,0.82354810
9426,2.21677652
9427,1.68104897
9428,1.69037628
9429,2.40499963
9430,2.40277926
9431,1.98278631
9432,0.80896492
9433,2.42956104
9434,0.43613189
9435,1.73272542
9436,1.71246096
9437,2.30936431
9438,1.74565038
9439,2.04818763
9440,2.33316929
9441,1.54192626
9442,1.42120620
9443,0.19603826
9444,0.81407535
9445,0.94983849
9446,2.43869883
9447,0.94600924
9448,0.91668534
9449,0.96679324
9450,1.28608515
9451,0.69739731
9452,0.53728551
9453,1.96510500
9454,1.10947332
9455,0.28016572
9456,0.65944059
9457,1.49985432
9458,0.29805540
9459,1.82654007
9460,1.41017864
9461,0.57874081
9462,0.57635076
9463,1.11812525
9464,1.67200871
9465,0.11879089
9466,1.41890066
9467,2.04086974
9468,2.37310534
9469,0.77356691
9470,2.14290583
9471,0.78814681
9472,0.67491321
9473,0.70639291
9474,1.88120170
9475,1.85152831
9476,1.81826455
9477,0.82095009
9478,1.29707229
9479,1.11304114
9480,0.57031213
9481,0.96118193
9482,0.90423003
9483,1.37954519
9484,0.60934782
9485,1.38588138
9486,0.26320010
9487,0.30021248
9488,0.61352781
9489,1.97201937
9490,0.37995448
9491,2.07898126
9492,1.15210204
9493,1.70158970
9494,0.61960800
9495,0.23912570
9496,1.09181567
9497,0.85520124
9498,0.73834697
9499,0.73007828
9500,0.04152953
9501,0.10791257
9502,0.93227049
9503,1.35864724
9504,1.73773974
9505,0.29526213
9506,1.29763416
9507,1.95230397
9508,0.87340505
9509,0.90952055
9510,2.44459490
9511,1.46941256
9512,1.21425946
9513,0.08476354
9514,0.15034421
9515,1.44064500
9516,0.63012880
9517,0.05159637
9518,0.18786053
9519,2.42093546
9520,1.80988339
9521,2.05562045
9522,1.63855852
9523,1.15741497
9524,1.51261817
9525,2.25645187
9526,0.80023319
9527,1.49082798
9528,1.17954674
9529,1.51754324
9530,0.72738454
9531,1.70552301
9532,0.40378807
9533,2.35132482
9534,2.47862171
9535,2.27265222
9536,2.33158577
9537,0.04480801
9538,0.16469650
9539,0.13466769
9540,0.04392640
9541,0.99575250
9542,0.18796232
9543,2.28902494
9544,0.05572909
9545,0.10743585
9546,1.90657562
9547,0.22938779
9548,1.47785602
9549,0.74493202
9550,2.05898008
9551,1.64156418
9552,0.10378308
9553,0.13680784
9554,0.97096207
9555,1.42939857
9556,0.26938630
9557,1.53269343
9558,1.33432042
9559,0.92041700
9560,1.78237679
9561,0.77500750
9562,1.96955341
9563,1.57925233
9564,0.42487367
9565,2.38375018
9566,1.54907239
9567,2.10847006
9568,1.56596696
9569,2.30355793
9570,2.11149234
9571,1.87797703
9572,0.81905124
9573,2.35238810
9574,0.88235352
9575,2.19963403
9576,2.13373270
9577,2.04349787
9578,1.83505356
9579,0.59315026
9580,1.02556012
9581,0.90099892
9582,1.97590247
9583,0.37679960
9584,0.92482292
9585,0.58487242
9586,0.74052777
9587,1.37954610
9588,1.28696538
9589,0.00947017
9590,0.55819981
9591,1.41380710
9592,0.25502249
9593,1.28798669
9594,0.86701368
9595,1.41798804
9596,1.06879953
9597,0.87483860
9598,0.62487975
9599,0.36736657
9600,0.46718625
9601,1.23386298
9602,1.48028205
9603,0.81667468
9604,1.68152772
9605,0.48644016
9606,0.95726478
9607,1.38209826
9608,2.15018146
9609,2.28389068
9610,1.27127333
9611,2.37267797
9612,1.86170953
9613,2.13909342
9614,0.16096003
9615,1.37304296
9616,0.73635380
9617,1.31716228
9618,2.47575513
9619,0.30571708
9620,2.12880669
9621,2.18662194
9622,0.54220080
9623,1.44120211
9624,0.09906291
9625,0.82757666
9626,0.11421379
9627,0.43076043
9628,0.20463719
9629,1.12754927
9630,1.18373086
9631,2.46977935
9632,1.34243393
9633,0.10235142
9634,0.40220550
9635,0.57592989
9636,0.07209320
9637,2.06596470
9638,2.06230366
9639,1.79839078
9640,0.48539720
9641,2.08402964
9642,1.10841192
9643,0.18954049
9644,0.01983905
9645,1.35357852
9646,0.73384423
9647,1.31976822
9648,1.02268929
9649,1.45614290
9650,1.72208006
9651,1.31220059
9652,0.45539331
9653,2.48876829
9654,2.22352378
9655,0.35805477
9656,0.63394557
9657,1.05638278
9658,2.30965661
9659,1.29163884
9660,2.43821279
9661,0.04430210
9662,1.35603985
9663,0.21534124
9664,2.18706130
9665,2.28160502
9666,2.19446700
9667,1.08015769
9668,1.31938377
9669,0.33116675
9670,1.18664800
9671,2.29926677
9672,0.07420914
9673,1.22100032
9674,0.14340231
9675,1.68547772
9676,1.91513666
9677,1.48204474
9678,1.88525423
9679,2.40925803
9680,0.34486518
9681,0.30449951
9682,1.27746850
9683,1.41721385
9684,1.42854488
9685,0.20408592
9686,0.78261604
9687,1.62477753
9688,0.79317984
9689,2.48043909
9690,0.64212970
9691,2.33126361
9692,2.40829671
9693,1.51159977
9694,0.42198113
9695,1.74264331
9696,1.77175529
9697,0.06514471
9698,1.83142869
9699,0.15202953
9700,0.20005034
9701,0.40998308
9702,1.02920261
9703,0.94016217
9704,0.27410411
9705,0.80533493
9706,2.24575604
9707,2.40037205
9708,2.04321415
9709,0.35034990
9710,1.28197595
9711,0.79502416
9712,1.51356899
9713,1.94381071
9714,1.18731643
9715,1.51979056
9716,0.48260721
9717,2.26484202
9718,0.67463474
9719,2.05304547
9720,2.03193509
9721,0.75862182
9722,0.55888699
9723,0.55379846
9724,0.29994250
9725,0.20480310
9726,0.26160203
9727,1.16653605
9728,0.18613338
9729,0.23841142
9730,0.20086838
9731,0.67390469
9732,0.47186888
9733,0.32049584
9734,1.68340915
9735,2.10602133
9736,1.42704733
9737,2.47249505
9738,0.75135078
9739,2.14242763
9740,1.52306351
9741,1.48516371
9742,1.96437364
9743,0.14952894
9744,1.89402679
9745,2.11967272
9746,1.28130250
9747,0.16560733
9748,0.59547885
9749,0.47560178
9750,0.55019915
9751,1.18555850
9752,2.11005284
9753,2.28829553
9754,0.78000714
9755,0.84276983
9756,1.05018392
9757,2.46217690
9758,1.26065923
9759,2.01603468
9760,0.30303317
9761,2.48287652
9762,0.62865576
9763,2.05462634
9764,2.10868869
9765,2.42836888
9766,1.48694589
9767,1.63829441
9768,1.53945850
9769,2.29623675
9770,0.06141069
9771,0.71287757
9772,1.57491308
9773,2.13195527
9774,1.27621189
9775,1.77109568
9776,0.87771917
9777,0.12529547
9778,1.57874425
9779,2.07941666
9780,1.43268121
9781,1.58756746
9782,0.96831272
9783,1.28312749
9784,1.04399607
9785,1.56155436
9786,0.37784526
9787,0.38414066
9788,2.37983896
9789,2.18434045
9790,1.95713648
9791,1.54916192
9792,0.59863630
9793,1.55536586
9794,0.63584561
9795,0.71868890
9796,2.44354988
9797,1.53855412
9798,1.06559889
9799,2.17814633
9800,0.70816471
9801,1.54722097
9802,0.98114545
9803,0.33104247
9804,1.91313472
9805,0.96979038
9806,0.99718302
9807,2.46715161
9808,2.32728564
9809,0.70338304
9810,1.89457111
9811,1.81688558
9812,2.15454762
9813,0.53682949
9814,0.75813507
9815,0.70656888
9816,0.58481930
9817,0.04111161
9818,0.94903023
9819,0.46977246
9820,2.14435489
9821,1.15397705
9822,1.82861016
9823,0.59370786
9824,0.57557528
9825,1.15151723
9826,2.15090986
9827,0.42808387
9828,0.12681565
9829,0.21075826
9830,2.16105001
9831,0.86182243
9832,2.46876235
9833,1.56221193
9834,0.12983955
9835,0.42910442
9836,1.61645515
9837,1.83038120
9838,0.61695226
9839,1.21632946
9840,1.76339609
9841,0.73309731
9842,0.31534243
9843,0.13898598
9844,1.77623740
9845,1.59021317
9846,0.25588833
9847,1.24760076
9848,0.64454264
9849,0.73499030
9850,1.04931124
9851,1.88180862
9852,2.01040558
9853,0.59247338
9854,1.44131513
9855,1.53231932
9856,2.02601376
9857,0.27586008
9858,2.12744430
9859,1.87502290
9860,1.54858267
9861,1.50485194
9862,2.06117128
9863,1.98420577
9864,2.15572233
9865,1.39211148
9866,1.68190806
9867,0.85110062
9868,2.35706243
9869,1.00541894
9870,1.73990166
9871,0.76929221
9872,2.27464200
9873,1.61599607
9874,1.04162640
9875,1.10365594
9876,1.84658515
9877,0.09996922
9878,1.66741737
9879,2.33883086
9880,2.18201849
9881,2.23747179
9882,0.86986277
9883,0.73746831
9884,1.86004629
9885,2.47663986
9886,1.36022191
9887,0.19166596
9888,0.56478346
9889,0.77872931
9890,1.52502520
9891,2.11478875
9892,0.00733288
9893,0.08072189
9894,1.44458288
9895,0.76207118
9896,1.04539506
9897,1.20088452
9898,2.31613093
9899,2.15680770
9900,2.43388633
9901,1.40313095
9902,0.82912124
9903,1.15828513
9904,1.69006108
9905,1.99400236
9906,1.21368185
9907,2.41433198
9908,2.19135675
9909,2.29073923
9910,1.12754563
9911,0.94712280
9912,1.53588513
9913,0.27731904
9914,2.34414914
9915,1.24926704
9916,0.60915007
9917,2.05574195
9918,0.07348243
9919,1.60577705
9920,0.96763638
9921,1.91664625
9922,2.35252370
9923,2.12992692
9924,0.29700726
9925,1.20174025
9926,2.06597528
9927,0.19370687
9928,0.62604757
9929,1.94052243
9930,1.63361074
9931,0.84367233
9932,1.74707321
9933,2.05265187
9934,0.07130054
9935,1.36200919
9936,2.29172930
9937,0.56808037
9938,0.78806085
9939,0.03972567
9940,1.13816584
9941,2.31510584
9942,1.39002311
9943,2.38651046
9944,1.99758529
9945,1.35761419
9946,2.40372145
9947,0.89829666
9948,1.39447202
9949,1.39591448
9950,1.91591445
9951,1.90333533
9952,0.66919357
9953,0.28952475
9954,0.16443568
9955,0.76137641
9956,2.16235076
9957,1.22651443
9958,0.87419853
9959,0.49078574
9960,1.53035950
9961,0.37467807
9962,0.03197617
9963,2.13197817
9964,2.43715265
9965,0.43891694
9966,0.88162480
9967,0.08251240
9968,2.06946725
9969,0.16477035
9970,0.90342559
9971,1.13007848
9972,1.57710624
9973,0.81969451
9974,1.20854277
9975,1.03191318
9976,1.66064001
9977,1.64079636
9978,1.35607512
9979,0.73117839
9980,0.23817987
9981,2.04368360
9982,1.41048779
9983,1.11225636
9984,1.90865523
9985,1.90295670
9986,0.05202765
9987,1.14202832
9988,1.01409461
9989,2.37354018
9990,1.88657052
9991,1.86110306
9992,2.29222315
9993,0.27671334
9994,2.17804306
9995,2.42818447
9996,0.40421820
9997,0.88230072
9998,1.80151118
9999,1.67288052
