step,entropy
0,0.01197112
1,1.70645341
2,0.26188996
3,0.45763049
4,1.70356695
5,0.85680352
6,1.51507133
7,0.08952613
8,0.37948938
9,0.02758499
10,0.75412768
11,0.14935631
12,0.14815670
13,0.26492248
14,0.52692186
15,1.54693844
16,0.49051455
17,0.60007691
18,1.54840619
19,0.73587293
20,1.11533783
21,0.52913235
22,0.96218940
23,1.58604386
24,0.77977561
25,0.59626846
26,1.48955541
27,0.82641315
28,0.35950531
29,1.24231246
30,0.43275601
31,1.59503735
32,1.51501772
33,0.07761883
34,0.45366678
35,0.81070957
36,0.26316079
37,1.31748166
38,0.90864550
39,1.45370077
40,0.59542507
41,0.33682521
42,1.51109393
43,1.56801133
44,0.36234034
45,0.30170839
46,1.08209784
47,1.01279943
48,0.12650853
49,0.15045784
50,1.24662374
51,1.16532413
52,0.38471141
53,1.62919610
54,0.39440422
55,0.61811718
56,1.48085907
57,0.49556804
58,0.64797269
59,0.93824452
60,0.11330961
61,0.38231118
62,1.09514364
63,1.32585193
64,0.49224378
65,1.54217178
66,0.76114152
67,1.50259536
68,1.65069040
69,1.30819116
70,0.63551963
71,0.83728514
72,1.68880948
73,0.38815619
74,1.50788303
75,0.14595068
76,0.80468271
77,0.29817020
78,0.90776126
79,0.63964114
80,1.66701857
81,0.12905157
82,0.81979083
83,0.55707500
84,1.36845185
85,0.37129713
86,1.48946907
87,0.97567897
88,1.71156105
89,0.64240350
90,0.67402124
91,1.60704645
92,0.98784214
93,1.60827916
94,0.44292566
95,0.65804323
96,0.97434426
97,1.14874544
98,0.07304767
99,0.17754138
100,1.22251600
101,1.37124626
102,0.74738531
103,1.00288304
104,0.30389178
105,0.64651773
106,0.06678568
107,1.23080952
108,1.50445410
109,0.96188593
110,1.01374661
111,0.27825482
112,1.19420306
113,1.42163175
114,1.39394833
115,0.42380437
116,1.53126972
117,0.50816608
118,0.93720023
119,0.51348274
120,1.41330490
121,1.04425612
122,0.63850897
123,0.52542355
124,1.62894427
125,0.97497596
126,0.85682172
127,1.20540830
128,0.31902824
129,0.46416006
130,0.16719776
131,1.02079124
132,1.49221134
133,0.21019328
134,1.11673483
135,0.11548348
136,0.28465013
137,0.89710322
138,1.71231641
139,0.78225551
140,0.09107132
141,0.25145432
142,0.57081732
143,1.68362905
144,0.94454714
145,0.96478523
146,0.82158248
147,0.12558021
148,1.55284595
149,1.20305350
150,1.14612177
151,0.28441933
152,1.49504632
153,1.66886222
154,1.32776061
155,0.94377886
156,0.05865062
157,0.64435434
158,0.22815652
159,0.24425828
160,0.97229477
161,1.42176862
162,0.42138376
163,0.48503007
164,1.12379407
165,0.83027972
166,0.73884728
167,1.29418667
168,1.57342205
169,1.55033142
170,1.33534322
171,0.49925288
172,1.48410597
173,1.46931754
174,1.07340487
175,1.18806122
176,0.32717152
177,0.01131896
178,0.45709636
179,0.57334993
180,1.04624453
181,1.06544104
182,0.90340809
183,1.10176033
184,0.24956702
185,0.58602000
186,1.38462776
187,1.29879438
188,0.80665869
189,0.66807569
190,0.28561745
191,1.56473495
192,1.26904041
193,1.66004120
194,1.17504430
195,0.93588026
196,0.40256370
197,0.73811147
198,0.89134692
199,1.23275199
200,1.48620427
201,1.65870547
202,0.36247000
203,1.51089455
204,0.21183092
205,0.06223124
206,0.70644420
207,1.33179406
208,1.07330691
209,0.84384566
210,1.01906068
211,0.62334984
212,0.31006536
213,1.18910890
214,0.76200289
215,0.90060076
216,1.29853632
217,1.68293088
218,0.61285808
219,0.19273292
220,0.87139741
221,0.82902759
222,1.66988866
223,0.20665597
224,0.37340840
225,0.39699269
226,0.42257832
227,0.44203082
228,1.65472828
229,0.74864772
230,0.85831150
231,1.71035965
232,0.83781140
233,1.17907814
234,0.20399480
235,0.76793175
236,1.66052292
237,1.09874100
238,1.32238482
239,0.51872753
240,0.19332980
241,0.68990598
242,1.36928149
243,0.87476426
244,1.64860419
245,1.00681971
246,1.22156105
247,1.09677980
248,1.36026951
249,1.39398314
250,1.38812433
251,1.29600553
252,0.20872741
253,0.95103325
254,1.55590965
255,0.40391950
256,0.11291774
257,1.01230425
258,0.34533361
259,0.03799892
260,1.50799262
261,0.51335876
262,0.25078901
263,1.05091112
264,0.96224993
265,0.10089324
266,0.51119947
267,1.11849425
268,0.31048915
269,1.61024173
270,0.10047332
271,1.42554857
272,0.36577606
273,0.41182569
274,0.42354980
275,0.29862734
276,0.61968181
277,0.43864453
278,0.43505970
279,0.99810933
280,1.71164519
281,1.09680838
282,1.41815757
283,0.45212386
284,0.30936213
285,1.55949168
286,0.79416702
287,0.71267939
288,1.69257197
289,0.40828102
290,1.14544678
291,0.45485785
292,0.94306692
293,1.72330871
294,1.36634294
295,0.35143914
296,1.59896329
297,1.04812005
298,1.43109944
299,1.07204867
300,1.20032125
301,0.45274424
302,0.39707717
303,1.36466627
304,1.46616207
305,1.35419413
306,0.72677311
307,0.47393712
308,0.50184208
309,0.01648855
310,0.62595417
311,0.33711968
312,0.36957177
313,0.05591731
314,1.30386205
315,0.31230400
316,0.46722165
317,0.10933709
318,1.11322518
319,0.99468889
320,0.84663304
321,1.25234514
322,1.62093882
323,0.38205400
324,1.65550428
325,1.08071099
326,0.46922556
327,0.84542013
328,1.02543652
329,0.16475220
330,1.48110339
331,1.06455975
332,1.25318928
333,0.87213010
334,0.65805291
335,1.20953141
336,1.32300432
337,1.27903880
338,1.20108481
339,0.71763100
340,1.28864960
341,1.62141128
342,0.82212958
343,0.91669944
344,0.41502747
345,0.95209136
346,1.14200304
347,1.24806970
348,1.09896184
349,1.50433423
350,0.01236196
351,0.56040757
352,0.02484654
353,1.36621130
354,1.53153262
355,0.04605708
356,0.31150771
357,0.33116502
358,1.14826008
359,0.53210953
360,0.02219206
361,1.20676914
362,0.57419525
363,0.44760932
364,0.60960750
365,0.35565064
366,1.60203507
367,0.92162861
368,1.22692960
369,0.93338295
370,0.94754930
371,0.12165107
372,0.67197628
373,1.37241442
374,0.53198892
375,0.45084488
376,0.06693954
377,1.04146346
378,1.20988864
379,0.31217861
380,1.12299339
381,0.29491856
382,0.22597054
383,0.49272647
384,1.00456898
385,0.77125421
386,0.71994090
387,0.85298479
388,0.55765144
389,1.31067538
390,1.21111564
391,0.22509674
392,0.02716188
393,1.03120852
394,0.18752771
395,0.25249906
396,1.07199627
397,0.65137312
398,0.57213928
399,1.45412704
400,0.08419967
401,0.38415742
402,0.19515078
403,0.59503428
404,1.48389107
405,0.79094932
406,1.29582539
407,1.64805234
408,1.58724758
409,0.38940060
410,1.10819452
411,0.14569828
412,0.68721573
413,0.10503743
414,0.02018286
415,0.17740694
416,1.25879819
417,0.67408969
418,0.53886214
419,1.72695438
420,0.93400717
421,0.74786671
422,0.73108069
423,0.01658386
424,0.75939489
425,1.06005786
426,0.40261853
427,0.82435881
428,0.07457625
429,0.08715132
430,0.60258870
431,1.16722231
432,0.64890488
433,1.27766800
434,0.41612799
435,1.13619800
436,1.04203484
437,0.76874131
438,1.70291520
439,1.72507218
440,0.28408176
441,0.56172670
442,0.63866161
443,1.71586759
444,0.51134726
445,0.65743491
446,0.42978918
447,0.66619648
448,1.23259962
449,0.36511577
450,0.85301407
451,0.75756804
452,1.18249031
453,0.90163709
454,1.57116207
455,0.96321959
456,1.03450237
457,0.34913013
458,0.01431915
459,0.93281713
460,1.09407012
461,0.88203096
462,0.26138404
463,0.04236846
464,0.54555285
465,1.49971446
466,0.54390969
467,0.25825194
468,0.90508867
469,0.52767140
470,1.27409846
471,0.03399618
472,1.43727827
473,0.90379575
474,0.79313121
475,1.37914405
476,1.64367925
477,1.23387278
478,0.72869117
479,0.53539977
480,1.07743393
481,1.21080470
482,0.80484221
483,0.13241332
484,1.29266018
485,0.58841025
486,0.03627414
487,0.91980538
488,0.61601158
489,1.12602230
490,1.70517211
491,0.74104226
492,1.43136451
493,0.73233493
494,0.58753498
495,1.64584039
496,1.01379489
497,0.49594513
498,0.33756955
499,1.58616818
500,1.57808599
501,0.57182890
502,0.25643651
503,0.06302727
504,1.42591072
505,0.55681429
506,1.67187849
507,1.15298292
508,1.59349975
509,1.07674816
510,1.29066512
511,1.46840549
512,1.28012637
513,0.55192123
514,1.31034223
515,0.36448153
516,0.78819662
517,1.60397424
518,0.04175002
519,1.14228484
520,1.55697517
521,0.04486577
522,1.04450744
523,0.07283450
524,1.10873778
525,1.29798808
526,1.07189139
527,1.61630262
528,0.78999938
529,1.35070665
530,0.00725830
531,0.42798244
532,1.08433215
533,0.85240368
534,1.27407043
535,1.33054289
536,1.62692605
537,0.53313952
538,0.30302959
539,0.67034915
540,0.46183684
541,0.44937087
542,0.21318346
543,0.11554121
544,0.00131787
545,1.18397896
546,1.71605950
547,1.27929169
548,0.25281103
549,1.29575122
550,0.83786290
551,0.11246197
552,0.09695507
553,0.51505890
554,0.49776146
555,1.56727176
556,1.66276883
557,1.71524098
558,0.14594545
559,0.74067613
560,0.24788949
561,1.18056207
562,1.64992789
563,0.18229652
564,0.23130106
565,0.79165597
566,0.81404942
567,0.89035196
568,0.44158063
569,0.06650809
570,1.37225215
571,0.19248753
572,0.24446842
573,1.60483978
574,1.72701672
575,0.12934949
576,0.06469775
577,1.36505665
578,0.22665090
579,0.71246691
580,0.24161769
581,1.39291717
582,1.11273421
583,0.11237436
584,0.51204930
585,1.68082846
586,1.11161356
587,1.37186890
588,1.22752799
589,0.37406876
590,0.46297598
591,0.50789316
592,1.57857052
593,0.78050560
594,0.05079274
595,0.12172263
596,0.76867498
597,0.98999230
598,0.32923219
599,0.20872832
600,0.59120666
601,1.14783480
602,1.48963662
603,1.68221613
604,0.35032940
605,1.26732260
606,0.49683299
607,0.96910717
608,0.47694273
609,1.45756812
610,0.70954306
611,1.03297076
612,0.44367711
613,1.07704173
614,1.57025829
615,1.42097764
616,0.72244342
617,1.56255522
618,1.54402206
619,0.61041628
620,0.57670723
621,0.45808283
622,0.84297295
623,0.57341703
624,1.42319265
625,0.54102819
626,0.55404972
627,1.03271760
628,0.33962795
629,0.27690760
630,1.20272455
631,0.30095872
632,0.66675390
633,0.22204611
634,1.52382497
635,1.37500351
636,1.31020182
637,0.73706115
638,0.83242605
639,1.29700271
640,1.58813318
641,0.17262248
642,1.36794630
643,1.51848722
644,0.79451147
645,0.19351241
646,1.60765417
647,1.36228920
648,1.28423940
649,0.15733481
650,1.20169460
651,1.15387581
652,1.41116088
653,0.20502661
654,1.36278650
655,1.20989133
656,0.74438280
657,0.57244121
658,1.71779075
659,0.34866345
660,0.64517108
661,0.37673277
662,1.16067033
663,0.65211535
664,0.73246460
665,1.04742025
666,1.13686379
667,1.36154405
668,0.36684524
669,1.00578964
670,0.93842855
671,0.09836061
672,1.62201064
673,0.28979511
674,0.47731448
675,0.52657499
676,1.36042966
677,1.53991496
678,0.90563994
679,1.40705629
680,1.55881006
681,0.36720973
682,0.00497194
683,1.32898890
684,1.63882692
685,0.83466218
686,1.61216937
687,0.00418068
688,1.69461915
689,1.20112347
690,0.44526309
691,0.14265928
692,0.14766876
693,1.23094985
694,0.35495989
695,0.82911150
696,0.88690198
697,0.88553484
698,0.43765682
699,0.47587312
700,0.91151166
701,0.97000465
702,0.13751757
703,0.34098794
704,1.07047510
705,1.06952769
706,1.72342831
707,0.33392675
708,1.05576784
709,0.53577567
710,1.25022404
711,1.00917866
712,1.23172930
713,0.86296268
714,0.83711762
715,1.58210850
716,0.62089484
717,1.68756929
718,1.06260344
719,1.54610182
720,0.14089338
721,0.31836869
722,1.28804322
723,0.27877116
724,0.17929484
725,0.04269821
726,0.23637448
727,0.43750394
728,1.07970184
729,1.41187087
730,1.58173992
731,1.11699209
732,0.30657539
733,0.09848527
734,0.20237999
735,0.84393055
736,0.34192090
737,1.56647091
738,0.86590198
739,0.33128827
740,1.14796705
741,0.80521948
742,1.33387567
743,1.65579729
744,1.54433404
745,1.29457642
746,0.56397276
747,0.70804615
748,0.44518689
749,0.46020251
750,1.35128477
751,0.51316269
752,0.62499982
753,0.33305244
754,0.85317165
755,1.12491154
756,0.93831934
757,0.19053814
758,0.69032250
759,0.35814249
760,1.35116877
761,0.96033263
762,0.53308007
763,1.63799876
764,0.84251729
765,0.94184849
766,1.17851953
767,1.27160350
768,1.70328529
769,0.08337685
770,0.66928028
771,0.50181178
772,0.80378845
773,0.05531125
774,1.05541947
775,0.89442547
776,1.66132652
777,0.11104274
778,1.19597272
779,0.43820953
780,0.57646495
781,0.18105487
782,1.26821982
783,1.33377673
784,0.18700864
785,1.04976177
786,1.02868809
787,1.34931473
788,0.32253431
789,1.31068411
790,0.38134044
791,0.89083426
792,0.35179881
793,0.75521765
794,0.10557348
795,0.54202212
796,0.20064280
797,0.57170000
798,0.95055240
799,1.69389473
800,1.55787865
801,1.15796879
802,0.61562991
803,0.67687258
804,1.66575501
805,0.04686486
806,0.13063941
807,1.45883533
808,1.33930241
809,0.01736655
810,0.39956987
811,1.58657910
812,1.59495986
813,0.32148061
814,0.35103174
815,0.76060759
816,0.75222576
817,0.27087473
818,0.77935874
819,1.56696364
820,0.41898383
821,1.56731520
822,0.93092768
823,1.11237606
824,0.52052028
825,1.08793593
826,1.29362091
827,1.59343609
828,0.95042204
829,1.42791901
830,0.24924225
831,0.01411729
832,0.59588589
833,0.65487814
834,0.18006865
835,0.58402626
836,1.68854219
837,1.30402169
838,1.32323820
839,0.50869798
840,0.71437778
841,0.16934259
842,1.65781163
843,1.55725140
844,0.96675189
845,1.00553573
846,1.54976900
847,0.70890182
848,1.02344770
849,1.09014441
850,1.39346500
851,1.23878167
852,0.39842277
853,0.71639163
854,0.77004745
855,0.03924865
856,0.25583865
857,0.90695066
858,0.49224458
859,0.07087934
860,0.12996390
861,0.50326578
862,0.46668487
863,0.36461455
864,0.41376213
865,0.85879843
866,1.23711817
867,0.87655443
868,0.63829241
869,0.31300236
870,0.05875062
871,0.55526132
872,0.23988905
873,0.73055333
874,0.75487877
875,0.92377673
876,1.48112955
877,1.01345525
878,0.26159300
879,0.17383382
880,1.11265403
881,1.70755473
882,1.17933079
883,0.41809257
884,0.83150985
885,1.16483788
886,1.33996683
887,0.28097821
888,1.13485597
889,0.45431908
890,0.14513848
891,1.45377806
892,1.13469563
893,0.00284569
894,0.24650559
895,0.25308132
896,0.27967963
897,0.94771324
898,0.26704994
899,0.84196818
900,1.28537892
901,1.05102177
902,1.08716318
903,1.57694842
904,1.29336223
905,1.18298829
906,1.49927025
907,0.30781490
908,1.23788542
909,0.49650436
910,1.33630295
911,1.28991787
912,1.32095669
913,1.23903521
914,0.19865553
915,1.52027975
916,1.51648513
917,0.80901720
918,0.68346362
919,1.12548438
920,0.42864294
921,0.11148084
922,0.90636411
923,0.51382097
924,0.30714245
925,1.20497091
926,1.02255742
927,1.62289736
928,1.30109435
929,0.12703264
930,0.01658084
931,0.27747767
932,0.21304558
933,0.89409982
934,0.40651148
935,1.37052824
936,1.20947417
937,0.10958901
938,0.94953138
939,1.53387144
940,0.50863319
941,0.57837020
942,1.36756926
943,0.61894491
944,0.49105121
945,0.09005806
946,1.22178585
947,1.17253906
948,1.48733308
949,1.01801434
950,1.45621297
951,1.47158767
952,0.58371312
953,1.00081481
954,1.05449322
955,1.49693712
956,0.48040689
957,0.98416022
958,1.17801403
959,0.49404635
960,0.51351504
961,1.19921042
962,0.22469210
963,1.61596968
964,0.68939875
965,0.28246535
966,1.64801449
967,0.55686691
968,1.35357894
969,1.54067906
970,1.09889409
971,0.86978763
972,1.04599674
973,0.67804527
974,1.05766985
975,1.02807533
976,1.19431860
977,0.34089985
978,0.34693342
979,0.03507657
980,0.56667732
981,0.54380630
982,1.43509845
983,0.61686099
984,1.54341370
985,1.68796208
986,1.60200391
987,0.74530139
988,0.09697130
989,1.14935896
990,1.19349161
991,1.18159259
992,1.62338243
993,0.06855201
994,0.88397283
995,1.10673536
996,1.27697324
997,1.68959199
998,0.64733783
999,0.16376800
1000,0.95747564
1001,1.14069565
1002,1.44566882
1003,0.88445301
1004,0.44040203
1005,0.60235453
1006,1.20746395
1007,0.57243552
1008,0.81983012
1009,1.45268016
1010,0.95116814
1011,1.37580312
1012,0.11777588
1013,1.53857440
1014,1.07256958
1015,1.65363407
1016,1.67809129
1017,1.36604482
1018,0.91874663
1019,1.02280630
1020,1.60368390
1021,1.49468424
1022,1.51052416
1023,0.04537017
1024,1.51859199
1025,1.14691247
1026,0.26866028
1027,1.56086016
1028,0.50410003
1029,0.16104606
1030,0.89707152
1031,0.70905862
1032,0.91058067
1033,0.50594290
1034,1.13217064
1035,0.22874195
1036,0.42492936
1037,1.17896524
1038,0.39447403
1039,1.29578417
1040,0.75480701
1041,0.22177097
1042,1.43814514
1043,0.89717946
1044,0.67312745
1045,0.98293368
1046,0.82610684
1047,0.61708473
1048,0.06572686
1049,0.83496074
1050,1.12911913
1051,0.04458539
1052,1.51761694
1053,0.36947851
1054,0.49482155
1055,0.45743989
1056,0.38686550
1057,0.30432014
1058,0.13143823
1059,0.76915026
1060,0.08051231
1061,0.67988278
1062,1.27070685
1063,0.81614984
1064,0.66431628
1065,0.96865908
1066,0.02950421
1067,1.12124189
1068,0.52609852
1069,0.49884161
1070,0.99420160
1071,0.23607168
1072,1.33792452
1073,0.25703300
1074,1.61952111
1075,1.55899944
1076,1.65342065
1077,1.37958178
1078,0.91141424
1079,1.56202774
1080,1.50971061
1081,1.72571977
1082,0.96049086
1083,1.57365655
1084,0.48768003
1085,1.62286254
1086,0.88473745
1087,0.29564843
1088,1.10511738
1089,1.01215851
1090,0.09440080
1091,0.53436805
1092,0.04978416
1093,0.83975014
1094,1.45397779
1095,0.01712926
1096,0.27868000
1097,1.28845424
1098,1.49212908
1099,0.08305176
1100,1.47324095
1101,0.40323747
1102,1.52999621
1103,1.47788851
1104,0.12612008
1105,1.40406540
1106,1.28899798
1107,0.62839691
1108,1.29922514
1109,0.50644841
1110,1.22719283
1111,1.07818126
1112,0.34731349
1113,1.01489738
1114,0.92904041
1115,1.58396092
1116,1.26308537
1117,0.52387161
1118,0.81033777
1119,0.37004564
1120,1.55340580
1121,1.36947852
1122,1.13589766
1123,1.13859429
1124,0.20265716
1125,0.63788466
1126,0.72369326
1127,0.31098814
1128,0.97538051
1129,1.48522010
1130,0.92867685
1131,1.41619758
1132,0.24554618
1133,0.71022582
1134,0.48281531
1135,1.01967701
1136,0.48457483
1137,0.71965933
1138,1.17038337
1139,1.12070607
1140,1.13709355
1141,1.50834615
1142,1.55525979
1143,0.33541041
1144,1.66484293
1145,0.66911959
1146,0.53824159
1147,0.24737292
1148,0.37353190
1149,0.96068535
1150,1.57609404
1151,0.59668498
1152,1.47786917
1153,0.12349071
1154,1.13545848
1155,0.28871949
1156,0.30294399
1157,1.11690799
1158,1.26655001
1159,0.29380525
1160,0.66566423
1161,0.83712007
1162,1.02497269
1163,0.16751516
1164,1.40489839
1165,1.32691033
1166,1.27340236
1167,1.19437541
1168,0.27195901
1169,1.41528973
1170,1.16631570
1171,1.26620667
1172,0.45550525
1173,1.43221064
1174,0.32883393
1175,0.83558409
1176,1.50022981
1177,0.48342312
1178,0.91242304
1179,0.07122099
1180,0.70341587
1181,0.89823672
1182,0.97152564
1183,1.12849452
1184,0.53101678
1185,0.92681041
1186,0.49314907
1187,0.09551313
1188,0.00464084
1189,0.33794741
1190,0.58672554
1191,1.60975382
1192,0.51336914
1193,1.57752075
1194,0.68006199
1195,1.70183028
1196,1.36346387
1197,0.28254778
1198,0.52538934
1199,1.50252411
1200,1.62034026
1201,1.28177357
1202,0.78001490
1203,0.72736497
1204,1.28729817
1205,0.01804506
1206,0.98787689
1207,0.64053168
1208,1.67749845
1209,0.42153465
1210,0.38474442
1211,0.77452147
1212,0.02745854
1213,1.20570449
1214,0.58046315
1215,0.76467509
1216,0.34688207
1217,1.05741125
1218,0.43008975
1219,1.15950629
1220,1.42287065
1221,0.65546237
1222,0.82114503
1223,0.14207189
1224,1.00862735
1225,0.13560681
1226,0.20902738
1227,1.27894300
1228,0.43869295
1229,0.34049819
1230,0.94391974
1231,0.59185903
1232,0.53104347
1233,1.45207108
1234,0.48027797
1235,1.26431379
1236,0.18464739
1237,1.53508607
1238,0.50160462
1239,1.18187225
1240,0.14652106
1241,1.71294537
1242,1.28111578
1243,0.07433187
1244,0.46201284
1245,0.94068350
1246,1.23490557
1247,0.11209948
1248,0.17496561
1249,1.51127523
1250,0.91587847
1251,0.40800878
1252,0.83078299
1253,0.48437767
1254,1.38178815
1255,1.14598815
1256,1.40823748
1257,1.65665800
1258,1.41255705
1259,1.14774746
1260,1.71322994
1261,1.03343105
1262,1.06574403
1263,0.05080674
1264,0.93974674
1265,0.61459491
1266,0.95614338
1267,1.32758385
1268,1.38103781
1269,0.52646345
1270,0.32149721
1271,0.02238981
1272,1.18161106
1273,0.11663565
1274,1.21969029
1275,1.12915974
1276,0.32610445
1277,0.65149464
1278,0.03043015
1279,0.08014513
1280,1.54944730
1281,0.39578895
1282,0.98859690
1283,1.70441321
1284,0.74178183
1285,0.40637333
1286,1.71926352
1287,0.16614531
1288,1.64596019
1289,1.59824940
1290,0.81252818
1291,1.45827997
1292,0.90988034
1293,1.61159106
1294,0.07695440
1295,1.40079261
1296,0.58517613
1297,0.81228914
1298,0.80595385
1299,1.46583494
1300,1.30177357
1301,0.51655718
1302,1.50373210
1303,1.14731647
1304,0.83807886
1305,1.44466748
1306,0.67929603
1307,0.89992902
1308,0.41231911
1309,1.53930852
1310,0.60954976
1311,0.62399883
1312,0.81707439
1313,1.10473575
1314,1.57100166
1315,0.05800962
1316,1.71033389
1317,0.35753186
1318,0.35380283
1319,0.66865690
1320,0.38439097
1321,0.87469100
1322,0.56332236
1323,0.07577694
1324,0.78725245
1325,1.38001340
1326,1.28521833
1327,0.84543670
1328,0.88499347
1329,0.78395752
1330,1.52007365
1331,0.49951419
1332,0.11890323
1333,0.13796846
1334,0.48670496
1335,1.70026123
1336,0.91718181
1337,0.90766628
1338,1.66751993
1339,0.19352907
1340,0.71314772
1341,0.28493640
1342,1.13994483
1343,0.18633712
1344,0.52682046
1345,1.41834765
1346,1.65943005
1347,0.87206372
1348,1.05656249
1349,1.06730634
1350,1.41710239
1351,1.68636486
1352,1.68160056
1353,0.70888053
1354,0.69140095
1355,0.19070684
1356,1.06852893
1357,1.13544900
1358,0.59103504
1359,0.61002626
1360,0.27885116
1361,0.69957370
1362,1.37068294
1363,1.28284490
1364,1.71106823
1365,1.08901284
1366,1.70546332
1367,0.01436579
1368,1.55131397
1369,1.00709199
1370,0.07523984
1371,0.37125969
1372,0.51288177
1373,1.01140324
1374,0.47422762
1375,1.55469432
1376,0.91315464
1377,0.62664989
1378,0.62029213
1379,1.24400325
1380,0.63824046
1381,1.36198648
1382,1.04958289
1383,0.39174537
1384,1.46867488
1385,0.45679090
1386,0.28563473
1387,0.59802315
1388,0.97486918
1389,1.27883900
1390,0.68800797
1391,0.66823437
1392,1.69067543
1393,0.44850748
1394,1.68037082
1395,0.04833260
1396,0.37015390
1397,1.11847126
1398,1.13321676
1399,0.10540134
1400,0.03285532
1401,0.83507097
1402,0.81958432
1403,1.47161346
1404,1.20728852
1405,1.40197497
1406,1.16969616
1407,1.17734900
1408,1.31493656
1409,1.05849162
1410,1.37193692
1411,0.40207136
1412,0.28686226
1413,1.53902181
1414,0.68602313
1415,0.74941353
1416,1.09211035
1417,1.31888225
1418,0.10357930
1419,1.55919618
1420,1.51555678
1421,0.76245743
1422,1.64281737
1423,1.32853655
1424,1.23448266
1425,0.49587914
1426,0.16739065
1427,0.08167964
1428,0.53887932
1429,1.22111663
1430,0.94531327
1431,0.48582449
1432,1.45502029
1433,0.08219911
1434,1.69898476
1435,1.16562256
1436,0.75737169
1437,0.63176600
1438,0.39619667
1439,0.83100294
1440,0.14010924
1441,1.51468807
1442,0.45469481
1443,1.66964189
1444,0.80369848
1445,0.18838268
1446,1.60795824
1447,1.45224907
1448,0.84332465
1449,0.28093587
1450,1.09105293
1451,1.11239716
1452,0.64821811
1453,0.12899805
1454,1.06114300
1455,1.15990832
1456,0.83644420
1457,1.06637276
1458,0.11427827
1459,1.08372510
1460,1.37794576
1461,1.45337667
1462,0.05266961
1463,0.65733569
1464,1.50010132
1465,1.54388067
1466,1.69583563
1467,1.49195948
1468,0.99239616
1469,0.10029530
1470,1.51735250
1471,0.11974517
1472,1.66109079
1473,0.31150958
1474,1.32613580
1475,1.15617796
1476,0.36887424
1477,1.26120801
1478,1.26596427
1479,0.63028322
1480,1.15802943
1481,1.54902124
1482,1.57061348
1483,1.24185399
1484,0.26724889
1485,0.23683272
1486,0.11082470
1487,0.96050084
1488,0.73931038
1489,0.94386507
1490,1.67434289
1491,1.15320141
1492,0.08928242
1493,1.02444709
1494,1.18456694
1495,1.34254017
1496,0.34090519
1497,0.19487296
1498,1.05339556
1499,1.32331739
1500,0.59500585
1501,0.83074358
1502,0.04557807
1503,1.44661358
1504,0.25407010
1505,0.65889354
1506,0.24996578
1507,1.17415100
1508,1.52126557
1509,1.22500573
1510,0.73739743
1511,1.59810233
1512,0.64466056
1513,1.59482208
1514,0.95744515
1515,0.79619961
1516,1.41530867
1517,0.93611796
1518,0.39673853
1519,1.04369620
1520,1.60025041
1521,0.15157803
1522,0.74888281
1523,0.78278153
1524,0.93950393
1525,0.19718433
1526,1.43891623
1527,0.40887584
1528,0.48412315
1529,1.05054204
1530,0.76777559
1531,0.73133350
1532,1.68854084
1533,1.01401572
1534,0.38243039
1535,0.39381809
1536,1.55930517
1537,1.34364982
1538,0.50177702
1539,0.06777826
1540,0.71546241
1541,1.55175758
1542,0.87498834
1543,0.18306436
1544,0.57868564
1545,0.37847119
1546,1.57802969
1547,0.25499854
1548,0.99512607
1549,0.87934792
1550,1.34240442
1551,0.60420993
1552,0.84271508
1553,0.99878972
1554,0.50798820
1555,0.02744779
1556,0.12464325
1557,0.32019243
1558,1.18149994
1559,1.29435731
1560,0.05288942
1561,0.65667264
1562,0.74405639
1563,0.12392144
1564,0.57958178
1565,0.12150919
1566,1.15024433
1567,0.65314234
1568,1.37608932
1569,0.01260317
1570,1.56962036
1571,0.45077643
1572,0.82625941
1573,0.05055827
1574,1.57670353
1575,0.82763482
1576,1.43918877
1577,1.05323114
1578,0.19620889
1579,1.14939947
1580,0.20194263
1581,0.91993974
1582,1.63381467
1583,0.44622137
1584,1.36666725
1585,0.15307370
1586,1.51722935
1587,1.42861527
1588,0.28070971
1589,1.30046755
1590,1.71249934
1591,1.52423853
1592,0.92183814
1593,1.61911358
1594,1.36532224
1595,1.11644779
1596,1.14764066
1597,0.46799816
1598,1.55190785
1599,0.52341635
1600,0.28470759
1601,0.60772615
1602,0.91973221
1603,0.26487075
1604,1.14606781
1605,0.55835163
1606,0.13646665
1607,0.29164391
1608,0.46294754
1609,0.18671734
1610,1.27021991
1611,1.62597553
1612,0.67404501
1613,1.43978817
1614,0.17347463
1615,0.81180908
1616,1.63019623
1617,0.13492638
1618,1.23789010
1619,0.50273597
1620,1.31514828
1621,1.34216015
1622,0.72627757
1623,0.48987881
1624,0.58736394
1625,1.03585966
1626,1.12675904
1627,0.41795364
1628,1.13725379
1629,1.57089361
1630,0.63376352
1631,1.16464925
1632,0.47074199
1633,0.42587381
1634,1.36444278
1635,1.57126620
1636,1.33689415
1637,0.90963075
1638,0.84405227
1639,0.76062961
1640,1.21378403
1641,0.07020419
1642,1.18231107
1643,0.37327520
1644,0.62126987
1645,1.16792031
1646,1.44720831
1647,0.43488209
1648,1.01951397
1649,0.58999300
1650,0.54759933
1651,1.40693217
1652,0.24622930
1653,0.70528892
1654,1.70526699
1655,0.16358615
1656,0.80528142
1657,0.47163536
1658,0.38753900
1659,1.62871696
1660,1.17009905
1661,1.14887436
1662,0.58262839
1663,0.96265931
1664,1.48983216
1665,0.40071722
1666,1.67221463
1667,0.73807743
1668,1.15866696
1669,0.45756727
1670,1.23286224
1671,0.74105481
1672,1.01574148
1673,0.30511007
1674,1.13092171
1675,0.79532089
1676,0.24271441
1677,1.60510011
1678,1.41343629
1679,0.20886129
1680,0.87736465
1681,0.33977949
1682,0.53978351
1683,0.64868317
1684,0.78585645
1685,1.41534039
1686,0.71687861
1687,0.50597890
1688,1.50900617
1689,0.99858547
1690,0.71403797
1691,0.76652487
1692,1.45342343
1693,0.46267117
1694,0.25698353
1695,0.43294280
1696,0.89752427
1697,0.92130425
1698,1.25384384
1699,1.05352429
1700,0.28826786
1701,1.25346989
1702,1.02774385
1703,1.32467585
1704,0.78409967
1705,0.32201422
1706,0.88639726
1707,1.15432093
1708,0.97890743
1709,0.05061845
1710,0.02369336
1711,0.00117424
1712,1.67771031
1713,0.29226062
1714,1.38565529
1715,0.74167915
1716,1.69399062
1717,1.66362288
1718,0.45243635
1719,1.12804883
1720,0.25445224
1721,0.28817327
1722,1.63533826
1723,0.74829448
1724,1.60312956
1725,0.06542806
1726,0.89469838
1727,1.06708343
1728,0.43720533
1729,1.50351900
1730,0.88271813
1731,0.94627741
1732,0.17715622
1733,0.46788277
1734,1.21595680
1735,0.57530182
1736,0.96731654
1737,1.26784093
1738,0.61621454
1739,1.62665907
1740,0.76117327
1741,1.64479297
1742,1.20158321
1743,1.10285028
1744,0.44044025
1745,0.70057313
1746,1.17866246
1747,1.71253979
1748,0.04439271
1749,0.51292013
1750,0.85531776
1751,0.04709593
1752,1.31290532
1753,1.26431135
1754,0.13843271
1755,0.85572185
1756,1.69243564
1757,0.23821018
1758,1.03519786
1759,0.86701780
1760,1.57435508
1761,1.47527588
1762,1.12422947
1763,1.59031503
1764,1.51790785
1765,0.24856881
1766,1.42199562
1767,0.73513022
1768,0.56597576
1769,0.84492362
1770,1.23843200
1771,0.50367024
1772,0.21202994
1773,1.51485535
1774,0.85231765
1775,0.92203503
1776,0.83137837
1777,0.48553801
1778,1.02088234
1779,0.03154551
1780,1.45812738
1781,1.72764937
1782,0.47769427
1783,1.48987125
1784,0.86278793
1785,1.13775635
1786,0.09072000
1787,0.63888761
1788,1.09164695
1789,1.64264043
1790,1.17990224
1791,1.07351658
1792,0.03842507
1793,1.60352214
1794,0.78316299
1795,0.49430765
1796,1.66604926
1797,0.37760745
1798,0.43842703
1799,1.22135528
1800,0.27873172
1801,1.59918496
1802,0.60645339
1803,0.36370211
1804,1.44808264
1805,0.96779042
1806,1.20895893
1807,0.53825910
1808,1.26722965
1809,1.33113353
1810,1.49820644
1811,1.56108866
1812,0.70646896
1813,1.42427063
1814,0.58033266
1815,0.39194116
1816,0.55237526
1817,1.70856296
1818,1.67917218
1819,1.69739076
1820,1.53816277
1821,1.40879698
1822,1.22496704
1823,1.30742393
1824,0.79397251
1825,0.48250477
1826,0.90399490
1827,0.24822915
1828,1.16508522
1829,0.80137263
1830,1.08808688
1831,0.51634005
1832,0.94389312
1833,0.13796931
1834,0.82617884
1835,1.41948895
1836,0.81156816
1837,1.21332211
1838,0.43727065
1839,0.17399345
1840,1.04129507
1841,0.35587412
1842,1.40021598
1843,0.84824182
1844,0.29204690
1845,0.28314239
1846,0.10313228
1847,0.64031796
1848,1.18725048
1849,1.53778848
1850,0.79615575
1851,1.09763116
1852,0.26140160
1853,1.62512782
1854,1.64306351
1855,1.34062263
1856,0.51687329
1857,0.17048973
1858,0.39494767
1859,1.04155157
1860,1.06614930
1861,0.44238827
1862,0.02494232
1863,1.21651577
1864,0.20131944
1865,0.18226981
1866,0.05261644
1867,1.15995213
1868,0.10012036
1869,1.38428483
1870,0.86572344
1871,0.04986852
1872,0.50339076
1873,1.19897325
1874,0.59922128
1875,0.50506258
1876,0.82049159
1877,1.49665142
1878,1.43462643
1879,1.42043821
1880,1.21828356
1881,0.31730278
1882,0.42732126
1883,0.31280969
1884,0.63420130
1885,0.29272550
1886,0.79638322
1887,0.02631752
1888,0.63702058
1889,0.21276177
1890,0.73025980
1891,0.28870797
1892,0.66795304
1893,0.61807408
1894,0.95411807
1895,0.90170973
1896,0.42690421
1897,1.65034027
1898,0.01064525
1899,0.08018109
1900,1.17173716
1901,0.27135640
1902,1.31988570
1903,1.49925346
1904,1.67991588
1905,0.84426754
1906,0.98418114
1907,1.20082212
1908,1.41385795
1909,1.00737477
1910,1.20341347
1911,1.45137137
1912,0.85348646
1913,1.20245555
1914,1.64491667
1915,0.68061835
1916,1.26821906
1917,0.42740054
1918,1.12562314
1919,0.10045834
1920,0.78499014
1921,0.57427140
1922,0.39889696
1923,0.57244139
1924,0.89311590
1925,0.72626764
1926,0.44851298
1927,1.62057314
1928,1.28185590
1929,1.19757462
1930,1.06615160
1931,0.45537662
1932,1.10429199
1933,0.70315117
1934,0.76562178
1935,0.13049450
1936,0.57986369
1937,1.44974093
1938,1.18595752
1939,0.23958593
1940,1.48540100
1941,0.80048174
1942,0.97311180
1943,1.70361842
1944,1.45277004
1945,0.15271583
1946,0.20897910
1947,0.15909373
1948,1.13853474
1949,0.83113850
1950,1.16493283
1951,0.13538429
1952,0.95525382
1953,0.81800341
1954,1.34793121
1955,1.36413340
1956,1.62292860
1957,0.33618460
1958,0.69251832
1959,0.27342555
1960,1.65828650
1961,0.34558119
1962,0.54354831
1963,0.23329997
1964,0.09440461
1965,0.27773153
1966,1.38782228
1967,0.77250288
1968,1.22824280
1969,1.70400803
1970,1.63697610
1971,1.56485369
1972,0.43858597
1973,0.89185940
1974,0.21117384
1975,1.12093961
1976,0.99732338
1977,1.38891709
1978,1.16778195
1979,1.24020455
1980,1.00970966
1981,1.07912215
1982,0.48326225
1983,1.04376685
1984,0.81845765
1985,0.33158834
1986,0.43190098
1987,0.97795418
1988,0.21219136
1989,1.07934408
1990,1.31120729
1991,0.82361788
1992,1.13588121
1993,0.86678284
1994,0.62441720
1995,1.36594913
1996,0.69375242
1997,0.99365716
1998,1.72767769
1999,1.06738514
2000,1.49071243
2001,0.69853286
2002,0.02804398
2003,0.36631272
2004,0.11006582
2005,0.14884929
2006,0.19782599
2007,0.63892604
2008,1.02458549
2009,0.45879639
2010,0.37302259
2011,0.96456192
2012,0.51129849
2013,1.65746776
2014,0.34241901
2015,0.19618895
2016,0.27217798
2017,0.34144835
2018,1.63532018
2019,1.63506599
2020,1.41517450
2021,0.80419809
2022,1.46517751
2023,1.42795286
2024,0.73821522
2025,0.86619485
2026,1.67062996
2027,0.85708378
2028,0.82237470
2029,0.87118594
2030,1.16193361
2031,0.60103065
2032,0.72438833
2033,0.32245885
2034,1.30786445
2035,1.48632567
2036,1.66372282
2037,0.72201430
2038,1.62405223
2039,1.41125923
2040,0.90846761
2041,0.67782888
2042,0.67541532
2043,0.99561982
2044,1.67547383
2045,0.71470942
2046,0.24857270
2047,0.15811840
2048,0.38807543
2049,1.53781668
2050,1.71894719
2051,1.20083417
2052,0.85208971
2053,0.97245850
2054,0.14459146
2055,1.50121096
2056,0.13616837
2057,1.43556478
2058,0.87401550
2059,0.01413254
2060,0.37066739
2061,0.15778449
2062,0.11126662
2063,0.87018049
2064,1.04795613
2065,0.37324486
2066,1.38011340
2067,1.31958266
2068,0.67247835
2069,0.70945584
2070,0.57526741
2071,1.44837715
2072,0.65398584
2073,0.26393545
2074,0.99380574
2075,1.41074103
2076,0.96041721
2077,0.51623864
2078,1.53521611
2079,0.39610673
2080,0.68532162
2081,0.87581885
2082,1.50225506
2083,0.43075874
2084,0.09380874
2085,1.63288921
2086,0.64518110
2087,0.45013636
2088,1.07155287
2089,0.32738040
2090,1.61004461
2091,0.32540506
2092,0.65531393
2093,0.60717416
2094,0.34448728
2095,1.63984097
2096,1.12661902
2097,1.58919091
2098,1.42993282
2099,1.16070110
2100,1.40348481
2101,1.40895603
2102,0.79356683
2103,0.71500206
2104,0.98858504
2105,0.68544257
2106,0.06100746
2107,1.33889760
2108,0.67562646
2109,0.66700102
2110,0.74466213
2111,0.96479698
2112,1.44890214
2113,1.27895661
2114,0.22160359
2115,1.48888934
2116,1.66174091
2117,1.35443515
2118,1.68074679
2119,1.43982446
2120,0.24297631
2121,0.43315810
2122,0.60723366
2123,1.31320916
2124,0.69750366
2125,0.43021277
2126,0.84861000
2127,0.42905035
2128,0.99620903
2129,0.34878317
2130,1.19357236
2131,0.42727546
2132,0.40441165
2133,1.46999108
2134,0.91326152
2135,1.00516850
2136,0.49908969
2137,0.46851276
2138,0.22190429
2139,0.13587279
2140,0.77777031
2141,1.41250990
2142,1.63135285
2143,0.97572034
2144,0.59850763
2145,0.56734330
2146,1.38200714
2147,1.68243346
2148,1.55582445
2149,0.67054607
2150,0.17026335
2151,0.44985538
2152,0.40101110
2153,0.12222896
2154,1.55180223
2155,0.02353864
2156,1.55617277
2157,0.25466359
2158,0.12641311
2159,0.07490635
2160,0.84692583
2161,1.36413907
2162,0.75652537
2163,0.20960740
2164,0.82244940
2165,0.03674938
2166,0.50075630
2167,0.12571974
2168,1.51981508
2169,0.16712180
2170,0.34448921
2171,0.01985135
2172,1.31934412
2173,0.22473804
2174,0.09285383
2175,1.64848281
2176,0.36843397
2177,1.28667960
2178,1.00375674
2179,0.35275631
2180,1.57740598
2181,1.72219368
2182,1.20700107
2183,0.15822663
2184,1.05305627
2185,1.51273774
2186,0.99568595
2187,0.96951757
2188,0.61621987
2189,1.72092519
2190,0.49081673
2191,1.69523022
2192,1.29822784
2193,1.30752170
2194,0.54303116
2195,0.97370370
2196,0.51562018
2197,0.89156755
2198,1.29400115
2199,1.32731809
2200,0.49411138
2201,1.17142646
2202,1.37649191
2203,0.22894833
2204,1.21468471
2205,1.66284834
2206,0.76017152
2207,1.39726893
2208,1.70370725
2209,1.20259841
2210,1.05687017
2211,1.43903052
2212,0.32088261
2213,1.06650114
2214,1.04013465
2215,1.68257809
2216,1.43664796
2217,0.62810538
2218,1.36963406
2219,0.92782128
2220,1.09184871
2221,0.57400269
2222,1.25981488
2223,0.45326364
2224,0.77974901
2225,1.58418286
2226,1.35412538
2227,0.41558386
2228,0.49035871
2229,0.51593108
2230,0.35298363
2231,1.60214459
2232,1.25112735
2233,1.30122557
2234,1.48580840
2235,0.60304401
2236,0.69043957
2237,0.14577426
2238,0.17859568
2239,0.13239932
2240,0.62053650
2241,1.25231525
2242,0.25818169
2243,0.78958881
2244,0.76511844
2245,0.94763675
2246,1.55109074
2247,0.48289608
2248,1.71039712
2249,0.40957605
2250,0.34652155
2251,0.05440973
2252,0.69384909
2253,1.12732193
2254,1.37008422
2255,1.67106813
2256,0.68672447
2257,1.21536819
2258,1.53052050
2259,1.28737305
2260,0.17565286
2261,0.82684823
2262,1.12045109
2263,0.21250026
2264,1.12057262
2265,1.68968265
2266,0.91569814
2267,1.05749241
2268,0.95712814
2269,1.37806539
2270,1.13005451
2271,0.34532481
2272,0.95587961
2273,1.69140954
2274,0.35070375
2275,1.57085397
2276,0.33745536
2277,0.49558472
2278,0.76503694
2279,1.69935886
2280,1.70225873
2281,0.54850411
2282,1.20761538
2283,0.36604471
2284,0.87467349
2285,1.62618921
2286,0.83546330
2287,0.55733322
2288,1.09426817
2289,0.46990202
2290,0.29356054
2291,0.22815327
2292,0.93169473
2293,0.70497178
2294,1.20181105
2295,0.43538480
2296,0.44022150
2297,0.04366271
2298,0.87514539
2299,1.08110658
2300,1.23919522
2301,1.37373115
2302,1.28974555
2303,1.09078804
2304,1.15144176
2305,1.67437820
2306,1.33394127
2307,1.05865328
2308,0.14825333
2309,1.05246234
2310,0.20764477
2311,0.36113421
2312,1.28572680
2313,1.14260923
2314,1.42258871
2315,0.25777603
2316,1.64216836
2317,0.58322017
2318,0.73488745
2319,0.30808957
2320,1.36774913
2321,0.11103065
2322,1.49967957
2323,0.97730224
2324,1.72565604
2325,0.80861452
2326,1.52902637
2327,0.26454713
2328,1.42735869
2329,0.53227090
2330,0.89711004
2331,0.09010032
2332,0.00614898
2333,1.45237932
2334,0.89454447
2335,0.74086873
2336,0.87275234
2337,0.77507653
2338,1.15368039
2339,0.73512442
2340,0.40780963
2341,1.46645333
2342,0.62536096
2343,1.07745508
2344,0.60401028
2345,0.17519457
2346,0.96353926
2347,0.15481914
2348,1.24838248
2349,0.74381146
2350,1.61587664
2351,0.68949492
2352,0.86398821
2353,0.51918013
2354,1.68011733
2355,0.18393810
2356,0.91203744
2357,0.44775053
2358,0.73443634
2359,0.10793936
2360,0.96071224
2361,0.97478480
2362,1.02980074
2363,0.95401146
2364,0.78705707
2365,0.74902153
2366,0.22077660
2367,1.33681988
2368,0.96383564
2369,0.54244390
2370,1.45765718
2371,0.28584441
2372,0.12979408
2373,0.76273651
2374,1.68356072
2375,0.28226713
2376,0.79010073
2377,0.96035032
2378,0.07162091
2379,0.20722781
2380,1.18945797
2381,1.51361567
2382,0.35422749
2383,0.30942973
2384,0.05453211
2385,1.06873236
2386,0.65676080
2387,1.28133212
2388,0.43650259
2389,0.91741437
2390,1.44250559
2391,1.56023485
2392,1.71885339
2393,0.33034594
2394,1.56920937
2395,1.45878649
2396,0.17806533
2397,1.46854665
2398,0.65216665
2399,0.80001457
2400,0.49575974
2401,1.37063660
2402,1.00851843
2403,1.65858470
2404,0.40863552
2405,0.19399206
2406,1.67052711
2407,0.22137628
2408,0.37003137
2409,0.99860944
2410,0.56284573
2411,0.16248170
2412,0.49799861
2413,1.49553740
2414,1.01264757
2415,1.36710407
2416,0.75510742
2417,0.28545862
2418,0.53945198
2419,1.51024599
2420,1.31096706
2421,0.40671769
2422,0.86766061
2423,0.39372334
2424,0.12803651
2425,0.91312096
2426,0.02579173
2427,0.08452678
2428,0.67816129
2429,1.13929648
2430,0.47793644
2431,1.01934749
2432,1.00222244
2433,0.54560400
2434,1.53459631
2435,1.56700325
2436,0.04953411
2437,1.04946385
2438,0.74127086
2439,0.04902363
2440,0.63373688
2441,1.23785565
2442,0.10196386
2443,0.73398010
2444,0.79456952
2445,0.69350709
2446,0.31283846
2447,0.18585550
2448,1.55524533
2449,1.30902548
2450,1.10956704
2451,1.35519465
2452,0.12823285
2453,1.39633206
2454,1.57406702
2455,1.61051716
2456,0.95807686
2457,1.09176130
2458,1.65935710
2459,1.05740495
2460,0.14608784
2461,1.51136029
2462,0.87790999
2463,0.78192298
2464,1.46077220
2465,1.62863299
2466,0.91783985
2467,0.07108484
2468,1.70798621
2469,0.80538078
2470,0.46608053
2471,1.03447665
2472,1.43696069
2473,0.56672886
2474,1.71476549
2475,0.57167965
2476,0.22660468
2477,1.01429478
2478,0.40293067
2479,1.53686560
2480,1.38923437
2481,0.89993563
2482,0.24360434
2483,1.18055984
2484,0.24766163
2485,0.15015029
2486,0.85320224
2487,0.83098045
2488,1.51382544
2489,1.02945914
2490,1.59044265
2491,1.39430862
2492,0.49670798
2493,1.38695930
2494,1.68877420
2495,0.54180137
2496,0.55409230
2497,0.02665048
2498,1.54272319
2499,0.61866655
2500,1.32756383
2501,0.80733046
2502,0.74103262
2503,0.12703222
2504,0.14196170
2505,0.41644493
2506,0.13905324
2507,0.60913035
2508,0.96248976
2509,0.32084614
2510,1.35484358
2511,0.58257398
2512,1.13518470
2513,1.02297607
2514,1.57452569
2515,1.24235049
2516,0.04400423
2517,0.52326876
2518,0.35667159
2519,0.67580290
2520,0.07343113
2521,0.83325248
2522,0.42126713
2523,1.25970230
2524,0.26275855
2525,0.54458469
2526,1.06464821
2527,1.51091448
2528,1.16906948
2529,1.06228481
2530,0.04398147
2531,1.19498817
2532,1.24176012
2533,1.29219493
2534,0.40608803
2535,0.42170873
2536,0.95962427
2537,1.34314037
2538,0.90523898
2539,0.72512176
2540,1.22910569
2541,1.36573637
2542,0.28569639
2543,0.36143028
2544,1.26385515
2545,0.88372455
2546,0.32529239
2547,0.12415352
2548,1.55817766
2549,0.81576479
2550,0.48474528
2551,0.81751516
2552,1.41336698
2553,0.94326614
2554,1.28401979
2555,1.44183836
2556,1.22665344
2557,0.34137991
2558,1.47683656
2559,0.63023953
2560,0.09247817
2561,0.65330988
2562,0.04021417
2563,0.60826404
2564,1.68160430
2565,1.04974463
2566,1.27531227
2567,1.37037915
2568,0.08919814
2569,0.01605807
2570,0.19929088
2571,0.33879519
2572,0.39572354
2573,0.67277601
2574,0.76022618
2575,1.31924780
2576,0.88496710
2577,0.56769140
2578,1.11498191
2579,1.01720781
2580,1.38420845
2581,1.23031753
2582,1.21593183
2583,0.25024852
2584,0.88961758
2585,0.91365573
2586,1.21502453
2587,0.46847057
2588,1.61515496
2589,0.52183374
2590,1.02640171
2591,0.16707684
2592,0.67962009
2593,1.16902302
2594,1.01303088
2595,0.65251369
2596,1.23478232
2597,1.54194307
2598,0.92619143
2599,0.94594066
2600,0.48866050
2601,1.49907916
2602,0.51851005
2603,1.54001571
2604,0.35791302
2605,1.66935501
2606,0.61637919
2607,1.15441191
2608,1.18597113
2609,0.22119292
2610,1.43833231
2611,0.42622394
2612,1.24084496
2613,1.58504980
2614,1.06737815
2615,0.10517400
2616,0.71333556
2617,0.85937297
2618,1.32625430
2619,0.04003102
2620,0.86613560
2621,0.49540994
2622,1.30671041
2623,1.44791940
2624,0.46821003
2625,0.19676271
2626,0.76453232
2627,0.15813827
2628,1.28637783
2629,0.46246758
2630,1.37118477
2631,1.44354685
2632,0.60444569
2633,1.24757645
2634,0.80809182
2635,0.04712902
2636,1.20599860
2637,1.00632728
2638,0.64837133
2639,1.64176610
2640,1.71465897
2641,0.74690539
2642,0.85629624
2643,0.46786853
2644,0.06415101
2645,1.26970799
2646,1.13473918
2647,1.08183218
2648,1.34901463
2649,1.10305674
2650,0.79869948
2651,0.79931908
2652,0.07165813
2653,1.59183151
2654,0.59885196
2655,0.43400696
2656,0.65579123
2657,0.00204865
2658,1.27957238
2659,0.59589754
2660,1.21147330
2661,0.08058449
2662,1.43099199
2663,0.66583535
2664,0.46146592
2665,0.18766237
2666,1.60023273
2667,0.61053317
2668,0.72380380
2669,1.18159909
2670,1.24041337
2671,1.57112544
2672,0.01700186
2673,0.29048363
2674,0.74911089
2675,1.71065244
2676,0.80820900
2677,0.98372819
2678,0.35227667
2679,1.40227606
2680,1.29652218
2681,0.16747405
2682,1.61917874
2683,1.46263591
2684,1.50357930
2685,1.08636815
2686,0.20941241
2687,0.30530142
2688,1.70121987
2689,0.81391477
2690,0.62589744
2691,0.16506393
2692,0.29207933
2693,1.33181179
2694,0.52937991
2695,0.40644580
2696,1.00933470
2697,0.30470489
2698,1.49841049
2699,1.32976884
2700,1.10357368
2701,0.29488898
2702,0.10080472
2703,1.39122177
2704,0.94253727
2705,1.52695052
2706,0.65661905
2707,1.65357128
2708,0.88745174
2709,0.05625661
2710,0.10669955
2711,1.07182527
2712,0.60540622
2713,0.44715133
2714,1.11903670
2715,1.10271380
2716,0.97361053
2717,0.28301349
2718,0.60579020
2719,0.28685182
2720,1.45824842
2721,0.45326731
2722,0.99201736
2723,1.19218855
2724,1.05791951
2725,0.18810472
2726,1.53371857
2727,1.67050614
2728,0.54760034
2729,1.02001914
2730,0.82251751
2731,0.69630650
2732,0.98871150
2733,0.33288575
2734,0.14724048
2735,1.11252895
2736,1.15938051
2737,0.34372728
2738,1.20917906
2739,0.56337671
2740,1.50273295
2741,1.20176451
2742,0.27364099
2743,1.56987939
2744,0.59807350
2745,0.88493374
2746,1.31459469
2747,1.64986733
2748,0.45768034
2749,0.66179216
2750,1.08824751
2751,0.42729989
2752,0.56716690
2753,0.77623610
2754,0.50450407
2755,0.84140361
2756,1.08968378
2757,0.74152719
2758,1.57085795
2759,1.55116989
2760,0.49787659
2761,0.52854598
2762,0.76409646
2763,0.00683223
2764,1.00630946
2765,1.38728220
2766,1.60953831
2767,0.62744877
2768,1.13502068
2769,0.73863503
2770,0.46240186
2771,0.83783895
2772,1.57549021
2773,1.27953611
2774,0.57930541
2775,0.48497432
2776,0.96504880
2777,0.11277106
2778,0.65009872
2779,0.93013587
2780,0.18372301
2781,1.69350708
2782,0.34500506
2783,0.66447408
2784,1.30698409
2785,1.08240128
2786,0.75594460
2787,0.64395167
2788,1.35970923
2789,1.38321518
2790,1.18080914
2791,0.63495461
2792,0.83194977
2793,1.59273053
2794,0.17411363
2795,0.95189617
2796,1.18902424
2797,0.10306919
2798,0.74285114
2799,0.50665620
2800,1.45130452
2801,0.70079556
2802,0.42382751
2803,1.32815509
2804,0.73776008
2805,0.83986800
2806,0.10885996
2807,1.70623158
2808,0.70939891
2809,1.03561023
2810,0.79624466
2811,1.16252201
2812,1.62451521
2813,1.07198219
2814,0.72299703
2815,0.10176712
2816,0.52258675
2817,1.37296660
2818,0.49137265
2819,1.41274413
2820,1.63474915
2821,0.57995468
2822,0.87135971
2823,0.63086926
2824,0.11942635
2825,0.00925803
2826,0.69401836
2827,0.32866286
2828,0.61628372
2829,1.29038340
2830,0.77561528
2831,0.31029394
2832,0.19956040
2833,1.19281687
2834,0.81900764
2835,1.68450906
2836,1.37852097
2837,1.50676541
2838,0.92767326
2839,1.64667077
2840,1.04000310
2841,0.58115130
2842,0.54328970
2843,0.22536229
2844,0.58848628
2845,0.92903509
2846,1.02215055
2847,0.13119757
2848,0.60963932
2849,0.40459396
2850,1.31505936
2851,0.65371790
2852,0.33894292
2853,1.12436481
2854,0.99914163
2855,0.67150162
2856,0.41437068
2857,0.09172404
2858,1.16757835
2859,0.63184676
2860,0.35061880
2861,1.06740392
2862,0.52654010
2863,1.56670132
2864,1.22006716
2865,0.06491594
2866,0.54483465
2867,1.33983442
2868,0.28548600
2869,0.21354209
2870,1.72329564
2871,1.02197824
2872,0.99158702
2873,0.96576729
2874,1.53849345
2875,1.65240112
2876,0.53619878
2877,0.80682729
2878,0.89679718
2879,0.18939915
2880,0.63026336
2881,0.61409689
2882,0.20518169
2883,0.18251418
2884,1.32585854
2885,1.16380123
2886,1.17558530
2887,0.64626506
2888,0.54982601
2889,0.11705274
2890,1.70503850
2891,0.81161046
2892,1.20737881
2893,0.26047996
2894,0.04160360
2895,0.63349084
2896,1.36446333
2897,1.21056424
2898,1.25979875
2899,0.24736858
2900,0.51686500
2901,1.45361772
2902,0.96362390
2903,0.98155213
2904,0.73916011
2905,0.79838369
2906,1.48096671
2907,0.10242852
2908,0.81316101
2909,0.10929430
2910,1.10516943
2911,0.03285523
2912,0.81765274
2913,1.10570542
2914,0.03548112
2915,1.24731443
2916,0.29997057
2917,0.97958933
2918,0.07241918
2919,0.43801569
2920,1.16028006
2921,1.59906239
2922,1.08976744
2923,0.75135046
2924,0.68353537
2925,0.97172060
2926,0.38200745
2927,0.16694720
2928,0.34336840
2929,1.56639219
2930,1.20787177
2931,1.51252305
2932,1.48174742
2933,1.59578719
2934,1.18227180
2935,0.47205708
2936,0.90586213
2937,0.41041592
2938,1.25095942
2939,1.00176831
2940,0.84567561
2941,1.42397651
2942,0.06143955
2943,0.15881592
2944,0.19394541
2945,1.12874706
2946,1.15892099
2947,0.07628794
2948,0.63572631
2949,0.57615929
2950,0.75609217
2951,0.81580259
2952,1.37451370
2953,1.24991991
2954,1.31941050
2955,1.56044100
2956,1.62768149
2957,1.42862265
2958,1.30654904
2959,1.09009008
2960,1.34848837
2961,0.19581148
2962,0.85546893
2963,1.68915612
2964,0.30430536
2965,0.82137473
2966,1.31132296
2967,1.05452995
2968,1.46439969
2969,1.38523433
2970,1.58239571
2971,0.73310278
2972,1.24965808
2973,1.67798344
2974,1.53302407
2975,0.95291342
2976,0.18409124
2977,1.12368088
2978,1.07350942
2979,1.26934696
2980,1.30699291
2981,0.26494444
2982,1.33725544
2983,0.46506562
2984,0.22882550
2985,1.20610340
2986,0.63758659
2987,0.99180995
2988,0.31969460
2989,0.34112787
2990,0.37179699
2991,0.46507669
2992,0.75171062
2993,0.40559301
2994,0.86731415
2995,1.27255561
2996,0.45820216
2997,0.18990132
2998,0.88995199
2999,0.48900697
3000,1.71251374
3001,1.22365197
3002,0.84104587
3003,1.43887152
3004,1.49943319
3005,1.26816404
3006,0.63225292
3007,0.48362742
3008,1.04910597
3009,1.43684072
3010,1.23564842
3011,0.13076919
3012,0.30329418
3013,0.71957938
3014,0.80095477
3015,0.23590181
3016,0.46322464
3017,0.35082900
3018,1.53072230
3019,1.34506171
3020,1.15625238
3021,0.41440180
3022,0.95508711
3023,0.15777374
3024,0.25634893
3025,0.83484018
3026,0.96849922
3027,0.49292821
3028,0.87196830
3029,1.32813491
3030,0.44744652
3031,0.66181782
3032,0.91226858
3033,1.61860445
3034,0.09180598
3035,1.08323120
3036,1.15686285
3037,0.43777459
3038,0.53358206
3039,1.15724744
3040,1.11858360
3041,0.98418063
3042,0.66484729
3043,0.79708209
3044,1.47362235
3045,1.21399966
3046,0.95524944
3047,0.74987056
3048,0.16924745
3049,1.30015367
3050,0.33629993
3051,0.55086409
3052,1.56302874
3053,0.64024920
3054,1.39431800
3055,1.28467559
3056,0.93413944
3057,1.28533929
3058,1.49286091
3059,1.26471369
3060,0.20013077
3061,0.90756241
3062,0.22209158
3063,0.40499784
3064,1.47407751
3065,1.37497057
3066,1.58511066
3067,1.09269776
3068,0.72405381
3069,1.65330925
3070,1.45479587
3071,0.22552646
3072,1.52603224
3073,0.78887201
3074,1.58819154
3075,0.00551637
3076,1.52375290
3077,1.39581897
3078,1.49832950
3079,0.23808815
3080,0.32515012
3081,1.59690221
3082,0.03207793
3083,0.30929597
3084,1.19188759
3085,1.35910841
3086,1.24046297
3087,0.83597806
3088,0.75922393
3089,1.53156012
3090,1.11217038
3091,0.79830964
3092,1.20712925
3093,1.27113949
3094,0.89520938
3095,1.42117093
3096,1.04328244
3097,1.61693862
3098,1.60244000
3099,1.07679164
3100,0.67292102
3101,1.31546794
3102,0.31501543
3103,1.33937711
3104,0.32389937
3105,0.92145306
3106,0.44592559
3107,0.79051083
3108,1.08867849
3109,1.35735851
3110,0.09381068
3111,0.92899198
3112,1.31688615
3113,1.42205170
3114,1.35130652
3115,1.16911836
3116,1.17401347
3117,0.59913362
3118,0.66642671
3119,0.56956102
3120,1.02152727
3121,1.09064303
3122,0.28187163
3123,0.48621698
3124,1.50627575
3125,1.01012982
3126,0.25097394
3127,1.34192394
3128,0.21982189
3129,0.84539967
3130,0.38186900
3131,0.49063131
3132,1.19875927
3133,1.59729931
3134,0.40266772
3135,0.15664834
3136,0.02373042
3137,1.65369666
3138,0.59882657
3139,1.53915045
3140,1.08125888
3141,1.26506009
3142,1.21451048
3143,0.51464913
3144,0.31104551
3145,0.31813089
3146,0.72277211
3147,1.35077768
3148,0.63186463
3149,0.49030239
3150,0.45587256
3151,0.70470930
3152,0.06549158
3153,1.54390858
3154,0.45627209
3155,0.46506160
3156,0.02857675
3157,0.64006432
3158,0.06490670
3159,0.40980960
3160,0.50075649
3161,1.09957181
3162,1.48796731
3163,1.62858331
3164,0.85675478
3165,1.14061443
3166,1.54162786
3167,0.92112263
3168,0.13046998
3169,0.00944841
3170,0.54474259
3171,0.04024151
3172,1.46143652
3173,0.52161569
3174,0.68729054
3175,0.44106971
3176,1.67363006
3177,1.28940244
3178,1.00124032
3179,0.44332399
3180,0.04092991
3181,0.08345004
3182,0.51773485
3183,0.04903428
3184,0.77417610
3185,0.41587999
3186,0.88075506
3187,1.02682795
3188,0.01409375
3189,0.11244079
3190,1.36418039
3191,0.40585568
3192,0.60922111
3193,1.33830333
3194,0.91414997
3195,1.22462634
3196,1.11744356
3197,0.03042753
3198,0.18365851
3199,0.45025058
3200,1.70631144
3201,0.90573077
3202,1.58034864
3203,1.05429700
3204,0.34383418
3205,0.66319790
3206,1.01943069
3207,0.19241244
3208,1.69984560
3209,1.30849921
3210,0.98294442
3211,1.20746260
3212,1.34820495
3213,1.15616242
3214,1.45618508
3215,0.90470671
3216,0.36346810
3217,0.87892626
3218,0.25769069
3219,0.85301067
3220,0.52898923
3221,0.43828468
3222,1.06207837
3223,0.81733170
3224,0.39520553
3225,1.06250183
3226,1.00155495
3227,0.45235238
3228,0.25423986
3229,1.26659645
3230,0.35862942
3231,0.63367263
3232,1.65040205
3233,0.14435469
3234,0.12005054
3235,0.64685945
3236,0.56115342
3237,1.55453025
3238,0.18220811
3239,0.81911092
3240,1.03109269
3241,0.79537226
3242,1.35802823
3243,1.18096288
3244,0.01401103
3245,0.70112014
3246,0.98621516
3247,0.84086617
3248,0.66448268
3249,1.44283814
3250,1.31966527
3251,1.46174738
3252,0.87605780
3253,0.68067305
3254,0.09530199
3255,1.29941724
3256,1.42298662
3257,0.18187331
3258,1.64804265
3259,0.28211205
3260,1.47866223
3261,1.04661323
3262,1.34613668
3263,1.71765930
3264,1.23906548
3265,1.29848897
3266,0.63208890
3267,0.91181573
3268,0.00450365
3269,0.97604865
3270,1.59972190
3271,0.67924794
3272,0.44534323
3273,0.20055475
3274,1.68240115
3275,0.97909424
3276,0.11535838
3277,0.76702167
3278,0.23198550
3279,1.04863317
3280,0.89406402
3281,0.63536660
3282,1.27263037
3283,1.14422231
3284,1.26695015
3285,0.84124752
3286,1.50400916
3287,1.44322445
3288,1.00677176
3289,0.40356930
3290,1.08761392
3291,0.09240483
3292,1.71799671
3293,1.53694266
3294,1.65542994
3295,0.09083370
3296,0.10694996
3297,1.43713915
3298,1.60884279
3299,1.04999212
3300,0.80963329
3301,0.73655953
3302,0.68971140
3303,1.39577827
3304,1.24709275
3305,1.72100347
3306,0.11336985
3307,0.67832659
3308,1.58658883
3309,0.26041373
3310,0.34143698
3311,0.47229876
3312,0.34658173
3313,0.38084201
3314,0.13222288
3315,1.50265394
3316,0.10377797
3317,0.59618818
3318,0.78188622
3319,0.80728696
3320,0.53087250
3321,1.32705912
3322,1.15327833
3323,1.36890806
3324,0.98218820
3325,1.01389186
3326,1.12111287
3327,0.17950089
3328,1.13475650
3329,0.82319458
3330,1.21756217
3331,1.37255990
3332,0.11570454
3333,0.04634207
3334,1.50219329
3335,0.85989941
3336,1.34781053
3337,1.24126752
3338,0.23703827
3339,0.29572463
3340,1.20202752
3341,1.14044470
3342,1.03759449
3343,0.99296467
3344,0.72815552
3345,0.07122320
3346,1.65419546
3347,0.77219604
3348,1.21970946
3349,0.33017459
3350,1.08908486
3351,0.49526184
3352,0.98642691
3353,0.51456018
3354,1.17926568
3355,1.27545338
3356,0.09947410
3357,0.04278295
3358,1.28519082
3359,1.16910064
3360,0.40625843
3361,0.50310104
3362,0.28906687
3363,1.11422949
3364,0.79703437
3365,0.19535564
3366,0.32439633
3367,0.63367168
3368,1.59887074
3369,0.91110637
3370,0.64692643
3371,1.11716646
3372,1.64905848
3373,0.14553354
3374,0.40154337
3375,0.93817475
3376,0.51580651
3377,1.18650236
3378,0.26033472
3379,0.21822695
3380,0.43576713
3381,0.43924524
3382,0.69011227
3383,0.13184125
3384,1.64692864
3385,0.03227143
3386,1.39322918
3387,0.74452292
3388,0.85770267
3389,1.61684896
3390,0.60801315
3391,0.47411972
3392,0.89906976
3393,1.66354292
3394,0.17701932
3395,0.10254914
3396,0.95365254
3397,1.48199873
3398,1.60785705
3399,0.72388323
3400,0.75818359
3401,0.33811048
3402,0.79220056
3403,0.57356957
3404,1.49349099
3405,0.22247788
3406,0.75439008
3407,1.42309054
3408,0.64618899
3409,1.47337020
3410,0.96410895
3411,0.77745588
3412,1.03503289
3413,0.12639722
3414,0.27981842
3415,0.79017584
3416,0.37049493
3417,0.67539007
3418,0.50957930
3419,0.71429496
3420,0.21373669
3421,0.60439518
3422,0.95881406
3423,1.02817643
3424,0.05185165
3425,0.73166918
3426,0.63215848
3427,0.16368598
3428,0.34456436
3429,0.43316581
3430,0.89940382
3431,0.90857277
3432,0.92115804
3433,0.11557622
3434,0.36919137
3435,0.78809771
3436,0.11524160
3437,1.55101323
3438,0.27599066
3439,0.35956885
3440,1.13901322
3441,1.10007727
3442,0.29408934
3443,0.80191469
3444,0.64674227
3445,0.21315780
3446,1.19569192
3447,0.69061476
3448,1.56810896
3449,1.71308461
3450,0.55803543
3451,0.54385415
3452,0.71288556
3453,1.15554340
3454,0.32216905
3455,0.46163505
3456,0.45996939
3457,1.10409965
3458,0.12140527
3459,0.73668746
3460,0.25177857
3461,1.69942539
3462,0.18165553
3463,1.71876372
3464,1.52470896
3465,1.52327820
3466,1.60987496
3467,0.41613344
3468,0.78100761
3469,0.03147474
3470,0.17974877
3471,1.46743799
3472,1.32182534
3473,0.52846708
3474,0.43268117
3475,1.57717943
3476,0.16672564
3477,0.73481763
3478,1.63059421
3479,1.40346738
3480,0.74612502
3481,0.36275238
3482,0.38236923
3483,0.39340267
3484,0.59066480
3485,0.46135213
3486,1.08905384
3487,0.65238255
3488,0.80105676
3489,0.11972438
3490,0.45663992
3491,0.43590304
3492,0.94534045
3493,1.01780055
3494,1.26682482
3495,1.69113760
3496,1.10419449
3497,1.51931493
3498,1.08401933
3499,1.68264913
3500,0.80814791
3501,0.05751442
3502,1.21146117
3503,1.65087111
3504,0.30894417
3505,0.91857936
3506,0.17355018
3507,0.13535088
3508,0.47984219
3509,0.21144713
3510,0.33564033
3511,0.89484973
3512,0.78881296
3513,1.46102685
3514,0.86127204
3515,0.04028862
3516,0.90116648
3517,0.56415227
3518,0.61623659
3519,1.47122020
3520,0.55675859
3521,0.38692006
3522,0.00057055
3523,1.46238443
3524,0.60428608
3525,1.52246937
3526,0.82004443
3527,0.64730468
3528,0.75334002
3529,0.40524008
3530,0.20031136
3531,0.85801430
3532,1.22667848
3533,0.81040757
3534,1.36995228
3535,0.03572008
3536,1.27235754
3537,0.27621970
3538,1.21164343
3539,0.21059665
3540,0.58352053
3541,1.43475650
3542,0.89087779
3543,1.63139078
3544,1.52640107
3545,0.06316458
3546,0.48285655
3547,1.44547461
3548,1.43369188
3549,0.77028594
3550,1.48289432
3551,0.55086056
3552,0.49136179
3553,1.57322909
3554,0.88778382
3555,1.60314237
3556,0.00555039
3557,0.65334317
3558,1.39093109
3559,1.15642158
3560,0.22433759
3561,1.63524510
3562,1.01404554
3563,0.84483211
3564,0.23238476
3565,1.25529445
3566,1.40506658
3567,0.72447925
3568,0.04534641
3569,0.38379157
3570,0.06555912
3571,0.29894173
3572,1.09419470
3573,0.33973532
3574,1.09224355
3575,1.44473460
3576,0.42274110
3577,0.91341667
3578,1.12590964
3579,1.23314213
3580,0.10421364
3581,0.86249541
3582,0.16313303
3583,1.10982705
3584,0.28260767
3585,1.70681333
3586,1.58365049
3587,0.98588425
3588,0.97011553
3589,0.72209539
3590,0.01295570
3591,1.08283556
3592,0.14845642
3593,0.51604527
3594,1.46029158
3595,0.92788446
3596,1.46121790
3597,1.26729302
3598,0.74868058
3599,1.54101635
3600,1.29223239
3601,0.83505468
3602,1.28477647
3603,0.64220703
3604,0.64126097
3605,1.08634001
3606,1.66057481
3607,0.98000289
3608,0.30175676
3609,0.06548783
3610,0.86869329
3611,1.07267442
3612,1.55468374
3613,0.25430054
3614,0.56685372
3615,1.63815979
3616,1.13378612
3617,0.31742777
3618,0.16947020
3619,1.07456549
3620,0.20093575
3621,0.63700732
3622,1.36071539
3623,1.42515770
3624,1.67663345
3625,1.12134268
3626,0.09026800
3627,0.12150351
3628,1.26713617
3629,0.76616200
3630,0.69447620
3631,0.79937818
3632,1.43723531
3633,1.62947823
3634,0.02728973
3635,0.47946311
3636,0.34580155
3637,0.27192695
3638,1.50836070
3639,1.59296450
3640,1.69231994
3641,0.49681916
3642,1.23769556
3643,1.53711242
3644,1.34030398
3645,0.80418319
3646,1.08811160
3647,1.53383139
3648,0.91148816
3649,1.22037527
3650,0.49035795
3651,0.54966917
3652,0.67777700
3653,0.26197520
3654,0.33040729
3655,0.47751254
3656,0.11339465
3657,0.29786957
3658,1.27363057
3659,1.63068771
3660,0.87666172
3661,0.52167811
3662,1.52453757
3663,1.23978870
3664,1.18769776
3665,0.79417955
3666,1.21985265
3667,0.40366461
3668,0.12279084
3669,0.72505719
3670,1.06442542
3671,0.68968929
3672,0.80894779
3673,0.90109435
3674,1.35596339
3675,0.04748537
3676,0.40394666
3677,0.78978319
3678,0.08401427
3679,1.50385217
3680,1.43165718
3681,0.84171609
3682,1.09606752
3683,0.34621494
3684,0.97974485
3685,0.62610893
3686,1.42091302
3687,1.13537101
3688,1.59833350
3689,0.77852126
3690,1.44795706
3691,0.04499960
3692,0.36652260
3693,0.45216214
3694,1.39435085
3695,0.76979651
3696,0.26273095
3697,0.24569572
3698,0.50084697
3699,1.30667683
3700,0.30345163
3701,0.11424091
3702,1.49528196
3703,1.34025135
3704,0.57792911
3705,0.14343671
3706,0.09949955
3707,0.10362070
3708,0.41920638
3709,1.39981244
3710,0.29138858
3711,1.40142575
3712,0.46371587
3713,1.69282554
3714,0.86029582
3715,1.50674608
3716,0.09060217
3717,0.99107414
3718,1.25521600
3719,0.80905695
3720,0.84083186
3721,1.24155802
3722,0.25778171
3723,1.24092466
3724,0.49057725
3725,1.60762772
3726,0.73153356
3727,0.31333355
3728,1.04245936
3729,0.77234117
3730,1.06518080
3731,1.09954596
3732,0.57319489
3733,0.50496600
3734,0.25718677
3735,1.30594141
3736,0.10606857
3737,0.57608159
3738,0.79236490
3739,0.71075149
3740,1.66214123
3741,0.66587272
3742,1.66776752
3743,1.45204454
3744,0.93865869
3745,1.04176419
3746,1.34609151
3747,1.02578738
3748,0.03521948
3749,1.42443563
3750,1.02669225
3751,1.33103148
3752,0.68240059
3753,0.25262557
3754,0.46836775
3755,1.59959881
3756,1.12399839
3757,1.62124233
3758,1.35496826
3759,1.06657198
3760,0.55065582
3761,0.66845549
3762,0.58573206
3763,1.17003140
3764,1.36441256
3765,1.16827834
3766,1.04531041
3767,0.75800987
3768,0.10567845
3769,0.98512616
3770,0.68826276
3771,1.57712740
3772,1.13497203
3773,0.39816158
3774,0.84701425
3775,0.79537768
3776,1.29194469
3777,0.41085658
3778,0.44434092
3779,1.29520656
3780,0.22888281
3781,0.76027649
3782,1.13728493
3783,1.02976475
3784,0.34590067
3785,0.63133066
3786,0.78179550
3787,0.66873303
3788,0.73832171
3789,0.69129176
3790,1.44884907
3791,1.40441449
3792,0.87769641
3793,1.43839393
3794,0.47812065
3795,0.56955679
3796,0.00357358
3797,0.38228316
3798,1.26362400
3799,1.61346452
3800,0.60312451
3801,1.67646320
3802,1.48863932
3803,0.28995927
3804,0.32871475
3805,0.80863382
3806,0.87261389
3807,0.91772260
3808,0.61695427
3809,0.19348159
3810,0.95921831
3811,0.07924975
3812,0.33162329
3813,0.20715001
3814,0.76063704
3815,0.69417141
3816,0.69433149
3817,0.93928962
3818,1.39319664
3819,1.42227495
3820,1.54406298
3821,0.50280071
3822,0.48093341
3823,0.99626038
3824,1.06917917
3825,1.72857325
3826,1.01936281
3827,1.59547301
3828,0.10186093
3829,0.18318214
3830,1.17079869
3831,1.36012741
3832,1.43020617
3833,0.94364145
3834,0.67016745
3835,0.18299422
3836,0.09003724
3837,1.30316550
3838,0.53617826
3839,0.60761813
3840,0.90662381
3841,0.56630873
3842,0.88354310
3843,0.19966586
3844,0.13437912
3845,0.59375063
3846,0.72462382
3847,1.33458056
3848,0.95099632
3849,1.25076808
3850,0.26655613
3851,1.60877102
3852,0.31588585
3853,1.13362882
3854,0.81342936
3855,0.16960984
3856,1.06578393
3857,0.60806811
3858,1.37549469
3859,0.96167088
3860,1.25025870
3861,1.19201702
3862,1.51898080
3863,0.42108732
3864,0.90668332
3865,0.73521487
3866,1.06167170
3867,0.32028802
3868,1.21632495
3869,0.47236351
3870,0.95579051
3871,0.82547114
3872,0.83308123
3873,0.32213769
3874,1.00867865
3875,1.49046810
3876,0.17747286
3877,0.49018924
3878,0.04585805
3879,0.85951420
3880,1.24081648
3881,1.09446139
3882,0.45465483
3883,0.13317329
3884,0.82111627
3885,1.25315280
3886,0.69800148
3887,0.65168638
3888,1.62302101
3889,0.13695833
3890,0.91459029
3891,1.45380725
3892,1.20703366
3893,0.37248707
3894,1.02694835
3895,0.87860825
3896,0.43958302
3897,0.70356079
3898,1.46443693
3899,0.63462492
3900,0.31041668
3901,0.10504654
3902,0.55536588
3903,0.99638218
3904,0.33842795
3905,1.08461818
3906,1.27821868
3907,0.23616772
3908,1.44031426
3909,1.62191721
3910,0.72787460
3911,1.48541530
3912,0.83601134
3913,1.20834193
3914,0.27325296
3915,0.96487505
3916,0.80745608
3917,0.21469626
3918,1.55682183
3919,0.87882928
3920,1.56471230
3921,1.59269098
3922,0.33700484
3923,0.61227885
3924,1.56796852
3925,1.48955888
3926,1.36758460
3927,1.58448327
3928,0.84064390
3929,1.71530582
3930,0.08764135
3931,0.30028952
3932,0.44378644
3933,0.38121436
3934,0.38975744
3935,1.04216646
3936,1.34238610
3937,1.21219842
3938,0.75524188
3939,0.48150950
3940,1.60747672
3941,1.49417631
3942,0.89631396
3943,0.97412687
3944,1.15927787
3945,1.11586304
3946,0.25188284
3947,1.43561376
3948,0.28228553
3949,1.06344327
3950,0.50404981
3951,0.14379491
3952,1.45143555
3953,0.27951029
3954,0.46883705
3955,0.42710802
3956,1.39830020
3957,1.49842681
3958,0.16227070
3959,0.58665331
3960,1.62938792
3961,1.38400159
3962,0.35329694
3963,1.45559526
3964,1.64884332
3965,0.49934651
3966,0.46749820
3967,1.27001634
3968,0.97772929
3969,0.67064317
3970,1.22490792
3971,1.12787319
3972,0.41799186
3973,0.03239021
3974,0.60507992
3975,0.33127221
3976,0.56468884
3977,0.16561845
3978,1.62760704
3979,1.67521148
3980,1.01729284
3981,0.61695473
3982,1.47502317
3983,0.05816867
3984,0.70177993
3985,1.56038226
3986,0.20161243
3987,0.73516040
3988,1.18094546
3989,1.39967280
3990,1.67645642
3991,0.48743709
3992,1.14959036
3993,0.22362075
3994,0.47370630
3995,1.26676175
3996,1.19364265
3997,1.26577167
3998,1.36639523
3999,0.83784734
4000,1.47008565
4001,1.60876325
4002,0.43979824
4003,0.97780268
4004,0.87123375
4005,0.80474909
4006,1.27827541
4007,1.01138827
4008,0.80687310
4009,1.24927005
4010,0.55386206
4011,1.17080970
4012,1.24628021
4013,0.58410646
4014,1.68898853
4015,0.14983657
4016,0.78585766
4017,1.23198930
4018,1.23982788
4019,1.17880252
4020,1.54881024
4021,1.58718269
4022,1.61690374
4023,1.55778179
4024,0.63422918
4025,1.13409265
4026,0.69505523
4027,1.61056047
4028,1.15501919
4029,0.07340570
4030,1.35082354
4031,0.25274882
4032,0.64224404
4033,0.99108923
4034,0.54903485
4035,0.13243247
4036,0.62770487
4037,0.98043765
4038,1.70032928
4039,0.15027471
4040,1.08166528
4041,0.59606670
4042,1.70920787
4043,1.27443660
4044,1.47746423
4045,0.15586795
4046,0.44415459
4047,0.04238375
4048,1.14776008
4049,0.77618584
4050,1.31743558
4051,0.38737089
4052,1.03604172
4053,0.89184509
4054,0.38919155
4055,0.36165624
4056,0.28983737
4057,0.73302990
4058,1.57584704
4059,0.31086733
4060,0.95375270
4061,1.35089226
4062,0.73991936
4063,0.15383172
4064,1.72433564
4065,1.26943722
4066,0.94357170
4067,1.66779133
4068,0.71538418
4069,0.09455941
4070,0.43495586
4071,1.15354181
4072,1.57348241
4073,0.63527671
4074,0.14088905
4075,1.38013738
4076,1.46550692
4077,1.37977085
4078,1.62347912
4079,1.34325422
4080,0.09346188
4081,0.32490756
4082,0.79448716
4083,0.44663103
4084,0.80554316
4085,0.28328537
4086,1.27148182
4087,0.88950195
4088,0.90478803
4089,1.57524027
4090,0.50253705
4091,0.72339153
4092,0.89409819
4093,0.80246739
4094,0.81612348
4095,0.82041269
4096,1.65701718
4097,0.40868771
4098,0.71641887
4099,1.06551402
4100,0.82732763
4101,1.21683403
4102,1.72823974
4103,1.41686355
4104,1.06859061
4105,1.30777691
4106,1.44573182
4107,0.34108686
4108,0.70625270
4109,0.75134442
4110,0.37468057
4111,0.06099603
4112,0.10308196
4113,0.34890044
4114,0.80186916
4115,0.49968762
4116,0.06128862
4117,0.45779625
4118,0.84059790
4119,0.41474592
4120,0.01672624
4121,1.31115026
4122,1.69751942
4123,1.05579355
4124,1.08461675
4125,1.50978264
4126,1.55863748
4127,1.47581592
4128,0.94709628
4129,1.71793430
4130,0.34916732
4131,0.77601090
4132,1.68720524
4133,0.68114524
4134,1.01178195
4135,1.12621654
4136,0.96346156
4137,1.34163574
4138,1.43196585
4139,1.32136976
4140,1.44543548
4141,0.69496563
4142,1.18583902
4143,1.32701495
4144,0.51624099
4145,0.05646718
4146,0.99034084
4147,1.17918374
4148,0.05815384
4149,0.82439754
4150,0.93157485
4151,0.58293928
4152,1.43903615
4153,1.49746044
4154,0.35858566
4155,1.09091134
4156,1.37581545
4157,1.29365973
4158,0.74816664
4159,1.19688023
4160,0.45459945
4161,1.24080482
4162,1.17071541
4163,0.54414300
4164,0.31378995
4165,1.03750251
4166,0.59366383
4167,1.17967092
4168,0.11227360
4169,0.02133877
4170,0.34594074
4171,0.23292346
4172,1.12231205
4173,0.33844120
4174,1.24422799
4175,1.34910336
4176,0.09028371
4177,0.54941982
4178,0.16693083
4179,0.71378575
4180,0.53563055
4181,0.26703693
4182,1.17404018
4183,1.39107693
4184,0.76079199
4185,1.30231058
4186,1.10291318
4187,0.04280909
4188,0.41909626
4189,0.31083052
4190,0.79534325
4191,0.79786288
4192,0.66061562
4193,1.06530462
4194,1.50269300
4195,0.42648170
4196,1.23102709
4197,1.11771861
4198,1.34663569
4199,0.62297403
4200,0.82251097
4201,1.69956779
4202,0.39278897
4203,1.64080661
4204,0.00301052
4205,1.64350675
4206,0.46947424
4207,1.24663269
4208,0.05452926
4209,1.68183355
4210,0.85455422
4211,1.27306368
4212,0.20205365
4213,0.65271656
4214,1.42367019
4215,1.00040500
4216,0.58172792
4217,0.68616306
4218,0.53569243
4219,1.45846514
4220,0.16307418
4221,1.54993448
4222,0.68614146
4223,0.46594467
4224,0.22087291
4225,1.01674119
4226,0.18849968
4227,0.39521455
4228,0.63967002
4229,1.16000701
4230,0.72441295
4231,0.81858685
4232,0.80059922
4233,1.29638545
4234,0.44652683
4235,1.57299661
4236,0.00503524
4237,0.90180000
4238,0.73298986
4239,1.11901108
4240,0.03816426
4241,0.65358491
4242,0.30402032
4243,0.32268296
4244,0.49405614
4245,1.23675629
4246,0.26753426
4247,1.13688246
4248,0.58780630
4249,1.06788422
4250,1.15059564
4251,1.64827557
4252,1.59104668
4253,0.65653565
4254,1.29787588
4255,0.36781683
4256,0.46404274
4257,0.35761997
4258,1.36455119
4259,0.13248523
4260,1.20174525
4261,0.96571142
4262,1.37486037
4263,0.01038808
4264,0.14589801
4265,0.60943528
4266,1.03529098
4267,0.46735444
4268,1.45021174
4269,0.86318306
4270,0.87054669
4271,1.28439767
4272,0.55359658
4273,0.92799879
4274,0.86380673
4275,1.60818362
4276,1.33208427
4277,0.56777336
4278,0.46183834
4279,0.01907321
4280,0.34771086
4281,0.19150948
4282,0.31397284
4283,0.70820930
4284,1.52441541
4285,0.25125333
4286,0.78380025
4287,0.14501417
4288,0.03035412
4289,1.36728188
4290,0.00823215
4291,1.71165766
4292,0.78890561
4293,0.79888732
4294,0.75089842
4295,0.49258355
4296,0.46248448
4297,0.72428050
4298,1.19932626
4299,1.60911976
4300,1.07264137
4301,1.24231509
4302,0.54318375
4303,0.21991497
4304,1.36578823
4305,0.95580176
4306,0.17030256
4307,0.72904566
4308,1.68923976
4309,1.17174227
4310,0.44528662
4311,1.07189052
4312,1.49057715
4313,1.70464704
4314,0.12882729
4315,1.38041632
4316,0.36989250
4317,0.10966186
4318,0.43094199
4319,0.79010641
4320,0.27140859
4321,0.25652856
4322,0.82854421
4323,0.81510115
4324,0.63415988
4325,0.83988702
4326,0.20617586
4327,0.89857709
4328,1.64076532
4329,1.35753511
4330,0.83501407
4331,1.43486748
4332,0.90822411
4333,0.97357156
4334,1.45597203
4335,1.04333242
4336,1.09425100
4337,1.27090314
4338,0.49446569
4339,0.14546145
4340,1.40332156
4341,0.58846190
4342,0.00789356
4343,0.21035739
4344,0.97113944
4345,0.58887427
4346,1.62528526
4347,1.44048313
4348,0.35809734
4349,1.55305281
4350,0.44158202
4351,1.55640364
4352,0.74919568
4353,1.32110678
4354,1.29539515
4355,0.82957121
4356,0.18462186
4357,1.04434446
4358,1.16141078
4359,0.21239883
4360,1.16125728
4361,1.72502728
4362,0.10750227
4363,0.69210712
4364,1.50558891
4365,0.17782173
4366,0.23041082
4367,1.57976242
4368,1.06886611
4369,1.07196072
4370,1.51968523
4371,0.65087582
4372,0.37657984
4373,0.05690257
4374,1.26542244
4375,1.43618000
4376,0.92134173
4377,0.96641191
4378,0.93753056
4379,0.26202583
4380,1.48636198
4381,0.56734220
4382,1.57179833
4383,1.56197308
4384,1.52798794
4385,1.30455003
4386,1.55782584
4387,0.26838245
4388,1.64348958
4389,1.63122329
4390,1.22143700
4391,0.23741774
4392,0.95838432
4393,0.59655237
4394,1.34454742
4395,0.38199343
4396,1.52387306
4397,1.13645245
4398,0.84552275
4399,1.33231132
4400,1.25292406
4401,1.23320686
4402,1.61261228
4403,1.45709279
4404,0.18099545
4405,1.50925030
4406,1.45612962
4407,0.36667720
4408,0.67239736
4409,0.80700439
4410,0.65743195
4411,1.32398160
4412,0.43915542
4413,0.77075280
4414,0.51282608
4415,0.20174249
4416,0.69533945
4417,1.26672624
4418,0.94748171
4419,0.55916380
4420,0.97957155
4421,0.02919387
4422,0.65999193
4423,1.11193647
4424,0.50283029
4425,0.93464929
4426,0.58898619
4427,1.10246745
4428,1.51096462
4429,0.43442341
4430,1.15422698
4431,0.15480432
4432,0.80577499
4433,0.42039511
4434,0.28334393
4435,0.58857952
4436,0.06154882
4437,1.33687777
4438,0.06022934
4439,1.13762680
4440,1.64830144
4441,1.37308545
4442,0.63186416
4443,0.19628801
4444,0.90700928
4445,0.49306183
4446,1.56372942
4447,0.39305140
4448,1.56079359
4449,0.27258771
4450,0.64302909
4451,0.46791821
4452,0.16045032
4453,0.02812351
4454,0.88812666
4455,0.39217529
4456,0.32798698
4457,0.32557119
4458,0.89644178
4459,1.51110029
4460,0.11249379
4461,0.74021748
4462,0.22878970
4463,1.19222623
4464,0.88214037
4465,0.09766373
4466,0.71882873
4467,0.20755498
4468,1.52121989
4469,1.70653692
4470,1.60017438
4471,1.31196512
4472,0.01449874
4473,1.50299910
4474,0.28671140
4475,1.15763060
4476,1.08864997
4477,1.25711555
4478,0.21660193
4479,1.38181583
4480,0.84031138
4481,1.66062059
4482,0.33222780
4483,1.54692092
4484,1.45662051
4485,0.46798344
4486,0.75870416
4487,0.68172232
4488,1.21504208
4489,0.98433668
4490,0.40782338
4491,1.59235608
4492,1.54151307
4493,1.30535661
4494,0.63705010
4495,0.49571923
4496,1.05665527
4497,0.49463367
4498,0.81982167
4499,0.93575718
4500,1.53726449
4501,0.38519414
4502,1.59702779
4503,1.58537961
4504,1.44455337
4505,0.42712660
4506,1.03462004
4507,1.55485366
4508,0.65014628
4509,0.06162106
4510,0.28738849
4511,1.19386463
4512,1.03437728
4513,1.60190919
4514,0.51613220
4515,0.35389076
4516,1.34092194
4517,0.68105763
4518,1.19454393
4519,1.28277632
4520,1.12096377
4521,0.01438387
4522,0.86267597
4523,0.10250544
4524,0.73142235
4525,0.34619621
4526,1.11472186
4527,0.09094543
4528,1.69473588
4529,1.03447125
4530,0.87020265
4531,0.34665259
4532,0.74965789
4533,1.62694650
4534,0.00311589
4535,1.58208411
4536,0.07897403
4537,1.29091773
4538,0.73674964
4539,0.63495107
4540,0.83557437
4541,1.02324688
4542,1.29356304
4543,0.33867088
4544,0.50998953
4545,0.63801534
4546,0.10375798
4547,0.29312468
4548,1.02626362
4549,1.38483276
4550,0.92832947
4551,0.99730882
4552,0.63851053
4553,0.33884973
4554,0.19859949
4555,0.73181257
4556,0.94848798
4557,1.33096391
4558,0.63023000
4559,0.35608305
4560,0.94680639
4561,1.39889658
4562,0.46780016
4563,0.89940732
4564,1.21226672
4565,1.60103624
4566,1.63944562
4567,0.27307142
4568,1.33033482
4569,0.81581353
4570,0.73142450
4571,1.41299952
4572,0.49567514
4573,0.17627325
4574,0.80204913
4575,1.01840114
4576,1.36395176
4577,0.46027674
4578,0.17355623
4579,0.46469294
4580,1.00155836
4581,0.11410546
4582,1.02689780
4583,0.86902707
4584,1.04105755
4585,0.97231626
4586,1.50172531
4587,1.30781448
4588,0.51546827
4589,1.23483412
4590,1.49348843
4591,0.95413115
4592,0.32463241
4593,1.45211225
4594,1.63594855
4595,0.77567051
4596,0.21048137
4597,0.85330965
4598,1.59947357
4599,0.13607353
4600,0.28669639
4601,0.94373502
4602,0.30620914
4603,0.76500701
4604,0.38136114
4605,0.30066000
4606,1.52510759
4607,1.48972317
4608,0.34702262
4609,1.01419778
4610,0.92641968
4611,0.76626633
4612,1.21286755
4613,1.72326439
4614,0.46375552
4615,1.07197014
4616,0.74610379
4617,1.39820632
4618,1.00689863
4619,1.19322291
4620,0.59930679
4621,1.04555150
4622,1.59824682
4623,0.76287933
4624,0.10110123
4625,0.73970125
4626,1.07702189
4627,0.50478461
4628,0.44470068
4629,1.22242114
4630,1.09259108
4631,1.07089085
4632,1.67108690
4633,0.38574518
4634,0.91443299
4635,0.28951703
4636,1.17237760
4637,1.49530039
4638,1.35218647
4639,1.53679081
4640,0.63559988
4641,0.81272462
4642,1.19440955
4643,0.09123633
4644,1.64397926
4645,0.04327965
4646,0.69076027
4647,0.37421389
4648,0.33075686
4649,0.97709720
4650,1.56829636
4651,0.40795108
4652,0.66703065
4653,1.52861914
4654,0.47699739
4655,0.80061929
4656,0.43631121
4657,1.27316757
4658,0.97554493
4659,0.03104467
4660,1.70807228
4661,0.99005928
4662,0.03123522
4663,1.33644335
4664,0.34396206
4665,0.02224017
4666,0.45081260
4667,0.85107192
4668,1.52878103
4669,0.83701685
4670,1.17692327
4671,1.47131848
4672,0.20183710
4673,0.07135640
4674,1.09489960
4675,0.11930771
4676,0.76091212
4677,1.06331150
4678,0.49487687
4679,1.39998492
4680,0.08008457
4681,0.90221888
4682,0.78367850
4683,0.24729701
4684,0.49454989
4685,1.21415403
4686,0.88674581
4687,1.14383074
4688,0.32942915
4689,1.65668637
4690,1.37216120
4691,1.60960430
4692,0.57118073
4693,0.62465991
4694,1.42870514
4695,1.10835265
4696,1.23167086
4697,0.35565010
4698,1.49145974
4699,0.28864847
4700,1.67304105
4701,0.50241124
4702,0.25711059
4703,0.50754190
4704,0.79056954
4705,1.31690076
4706,1.56132411
4707,0.87552643
4708,1.03979965
4709,1.30876405
4710,1.56705135
4711,0.72681533
4712,0.35175531
4713,0.28134996
4714,1.17092555
4715,0.38071245
4716,1.04069886
4717,0.79553932
4718,0.98105508
4719,0.25105204
4720,1.28814518
4721,0.52917266
4722,1.53220813
4723,0.73906773
4724,1.11724984
4725,0.20427722
4726,1.48051337
4727,0.45041934
4728,1.42338631
4729,1.02215151
4730,0.15279536
4731,1.13348060
4732,1.67768449
4733,0.88549890
4734,0.55339818
4735,0.11222516
4736,0.71163314
4737,1.20597581
4738,0.27228951
4739,0.02949927
4740,1.58340789
4741,0.51896129
4742,0.00256772
4743,1.40350130
4744,1.12593335
4745,1.15549730
4746,1.05033941
4747,1.22818877
4748,0.54027732
4749,0.95325332
4750,1.42888618
4751,1.24717315
4752,0.31792632
4753,0.22654219
4754,0.36598848
4755,0.74927745
4756,0.13985394
4757,0.91435552
4758,0.56964272
4759,0.82819109
4760,0.24487412
4761,1.18123789
4762,0.65894504
4763,0.93402468
4764,1.58093393
4765,1.26223254
4766,0.43624465
4767,0.17550881
4768,1.40064667
4769,1.62629809
4770,0.23206707
4771,0.08091287
4772,1.23468487
4773,0.03835865
4774,0.62987565
4775,0.82061187
4776,0.86975342
4777,0.43021986
4778,0.71065693
4779,0.83283476
4780,1.39854407
4781,0.18347474
4782,0.00196701
4783,0.16635054
4784,1.66119139
4785,0.97098228
4786,0.54351638
4787,0.18626737
4788,1.12731908
4789,1.14029594
4790,0.08936873
4791,0.91902662
4792,0.92414485
4793,0.52720777
4794,1.28934150
4795,0.24602901
4796,0.71759329
4797,0.23810332
4798,1.63469381
4799,1.08680250
4800,0.62990804
4801,1.35580015
4802,0.19632689
4803,1.29070512
4804,1.08596967
4805,1.17112276
4806,0.09757572
4807,0.62075245
4808,1.27587887
4809,0.26045673
4810,1.22121025
4811,1.00589213
4812,1.48327838
4813,1.23482819
4814,1.69872589
4815,0.26262407
4816,0.40000089
4817,0.27927559
4818,0.76102241
4819,1.34732828
4820,0.43232598
4821,0.38012171
4822,0.08849832
4823,1.53580122
4824,0.75456391
4825,0.08641379
4826,1.19072063
4827,1.72282410
4828,0.09764940
4829,0.10252902
4830,0.32201027
4831,0.55657452
4832,0.24112964
4833,1.16538753
4834,0.75656208
4835,1.53531483
4836,0.05954327
4837,0.99089769
4838,1.32781836
4839,0.77843889
4840,1.70196557
4841,0.29102837
4842,0.74433065
4843,0.25051770
4844,0.98070028
4845,0.89189995
4846,1.12323356
4847,1.22749977
4848,0.58921217
4849,0.58636729
4850,0.09921249
4851,1.14880188
4852,1.63890616
4853,0.73352540
4854,1.46603417
4855,1.42393259
4856,1.32082674
4857,0.65164069
4858,0.39876162
4859,1.19959243
4860,0.33637696
4861,1.61797069
4862,1.72399003
4863,0.15345479
4864,0.47276618
4865,1.26377136
4866,1.54375547
4867,1.48980921
4868,1.20731519
4869,0.37375093
4870,0.88613760
4871,0.17719175
4872,0.89348778
4873,1.22402745
4874,0.64088694
4875,1.64880164
4876,1.26011034
4877,1.49210609
4878,0.60758055
4879,0.89150275
4880,0.67458244
4881,0.82720494
4882,1.58979129
4883,1.18792811
4884,1.40589997
4885,0.42110195
4886,0.09669684
4887,1.59362072
4888,1.56901052
4889,0.16518207
4890,0.79116604
4891,1.03563009
4892,0.54213775
4893,1.32634375
4894,1.27345260
4895,0.73248373
4896,0.68504558
4897,0.08352087
4898,1.37295125
4899,1.27146359
4900,0.92586620
4901,0.52803644
4902,0.01194726
4903,1.62784186
4904,0.55940894
4905,0.91651641
4906,0.27614369
4907,1.25438814
4908,0.70626485
4909,0.40993037
4910,0.13983623
4911,0.78060066
4912,0.47968623
4913,0.48028132
4914,0.51351247
4915,0.00860973
4916,0.76244081
4917,0.97322131
4918,0.64636932
4919,1.38830377
4920,1.39262221
4921,0.07691299
4922,0.05063280
4923,0.10814442
4924,0.91502885
4925,1.05873391
4926,0.81987062
4927,1.70043112
4928,1.02175172
4929,1.05815364
4930,1.10022308
4931,0.62604069
4932,0.68950198
4933,0.19698977
4934,0.03761159
4935,0.00170472
4936,1.38548622
4937,0.14165805
4938,0.47353241
4939,0.05473902
4940,0.43107680
4941,0.49667002
4942,0.63673977
4943,0.91749671
4944,0.66225635
4945,1.58345729
4946,1.13909682
4947,0.25590997
4948,0.97234515
4949,0.99937241
4950,0.12640693
4951,0.66841106
4952,0.27599544
4953,1.03278788
4954,1.49689096
4955,0.55407708
4956,0.81014362
4957,1.69204818
4958,1.52898629
4959,1.23722303
4960,1.42007611
4961,1.20248634
4962,0.88928056
4963,0.56782183
4964,0.66871262
4965,1.19722147
4966,1.53578999
4967,0.93724099
4968,0.90305471
4969,1.02893731
4970,0.83606871
4971,1.13181260
4972,0.58594187
4973,0.27463984
4974,0.60804893
4975,0.27469781
4976,1.30720509
4977,0.42519620
4978,0.37066397
4979,0.46151547
4980,1.35425183
4981,0.23356117
4982,0.83952083
4983,0.76439128
4984,0.76691467
4985,1.27478320
4986,1.40503807
4987,0.59952196
4988,0.26924926
4989,1.27747249
4990,1.29283257
4991,0.25918359
4992,0.82859689
4993,1.57704600
4994,1.57378317
4995,0.82335350
4996,0.22353857
4997,0.75330059
4998,0.61400033
4999,0.09188596
5000,0.99238636
5001,0.36382820
5002,0.95940662
5003,0.13799689
5004,0.68600742
5005,1.32669993
5006,0.84631957
5007,1.06776893
5008,1.71827989
5009,0.13556127
5010,0.69961381
5011,0.43032924
5012,0.48995343
5013,0.46525071
5014,1.38829740
5015,0.52110274
5016,0.18321641
5017,0.74368494
5018,1.24166869
5019,0.83380114
5020,1.55273639
5021,0.43920916
5022,1.38551777
5023,0.64579890
5024,0.88524483
5025,1.46487931
5026,0.98611329
5027,0.89289932
5028,1.54887276
5029,0.67515088
5030,1.38919483
5031,1.28701385
5032,1.36799471
5033,0.57676486
5034,0.99020905
5035,0.96374358
5036,0.13538647
5037,1.70129181
5038,1.50601081
5039,0.95863850
5040,1.00170118
5041,1.23005509
5042,0.54617156
5043,1.48432407
5044,0.77717017
5045,0.19096845
5046,0.72322567
5047,0.13304411
5048,0.38390030
5049,0.18452801
5050,1.16516037
5051,0.67044836
5052,0.76711668
5053,1.41470876
5054,1.07786871
5055,0.81213118
5056,0.13990452
5057,1.45131846
5058,1.61400556
5059,1.34086503
5060,0.47761243
5061,0.61627372
5062,1.68508317
5063,1.17517293
5064,0.14531485
5065,0.45071943
5066,1.52174122
5067,0.78269684
5068,0.19732388
5069,1.58998736
5070,1.67423993
5071,0.02110545
5072,1.60634431
5073,0.17081903
5074,1.11004688
5075,1.16391801
5076,0.31589888
5077,0.14219250
5078,1.69020007
5079,0.92763001
5080,0.87639884
5081,0.57360285
5082,0.77924104
5083,1.32458928
5084,0.57056865
5085,0.08226914
5086,1.67481031
5087,0.37465524
5088,0.27063846
5089,0.11675229
5090,0.39003811
5091,0.23909927
5092,0.21536935
5093,0.09206425
5094,0.96814831
5095,1.34894509
5096,1.20931236
5097,1.55691723
5098,0.04497727
5099,0.81855666
5100,0.28145158
5101,1.16506218
5102,1.09339870
5103,0.16786518
5104,0.80328283
5105,0.21385672
5106,0.25522536
5107,1.45825404
5108,0.29051924
5109,0.36641279
5110,1.61086239
5111,1.39939534
5112,0.19297488
5113,1.19851131
5114,0.85136713
5115,1.62348615
5116,1.40517634
5117,0.34099751
5118,1.45426860
5119,0.21197526
5120,1.11757596
5121,1.67277582
5122,1.20912775
5123,1.16944836
5124,0.85519633
5125,0.36678247
5126,0.00607726
5127,0.82129665
5128,0.72052855
5129,0.10867518
5130,0.83318244
5131,0.91845006
5132,0.74707381
5133,1.55663078
5134,1.42062325
5135,1.67379856
5136,0.83681167
5137,1.32191594
5138,0.73481138
5139,0.07970125
5140,0.73294025
5141,0.47475269
5142,1.52972799
5143,1.51992564
5144,1.35213203
5145,0.31321836
5146,0.58343566
5147,0.13648132
5148,0.41603535
5149,0.09312754
5150,0.50102710
5151,0.73533666
5152,1.44303705
5153,0.09825257
5154,0.59003415
5155,0.93684882
5156,1.55913475
5157,0.63483376
5158,0.29119999
5159,1.61074664
5160,1.56864793
5161,1.60196024
5162,0.16241181
5163,1.53996851
5164,0.63067000
5165,0.53579878
5166,1.61533956
5167,0.18915043
5168,0.45813076
5169,0.17712829
5170,1.36217889
5171,1.23045232
5172,1.09432139
5173,1.71488248
5174,1.42600799
5175,0.08222309
5176,0.07545960
5177,1.17106913
5178,1.01021941
5179,0.15661802
5180,1.64236884
5181,1.60163362
5182,1.34649949
5183,0.75551089
5184,0.20396801
5185,0.68720738
5186,0.24923010
5187,1.61521368
5188,1.63563606
5189,1.70351534
5190,0.49948162
5191,0.91648019
5192,1.19875894
5193,0.40242891
5194,0.55427358
5195,1.40743136
5196,0.60921607
5197,0.42886346
5198,0.41648446
5199,0.50510730
5200,0.37731689
5201,0.83649437
5202,1.20739344
5203,1.62846893
5204,0.93370082
5205,1.66151963
5206,0.32856042
5207,1.54778896
5208,0.19724800
5209,0.21782487
5210,0.29866101
5211,0.10110929
5212,0.90013308
5213,1.14014207
5214,0.82780612
5215,0.66973343
5216,1.64769678
5217,1.23037879
5218,0.16547256
5219,1.30350693
5220,0.12823188
5221,1.25845371
5222,1.42529595
5223,1.61101823
5224,1.12437891
5225,0.90602851
5226,0.71900569
5227,0.50238339
5228,1.09765715
5229,0.86616168
5230,1.59440986
5231,1.00669180
5232,0.37272760
5233,1.69607833
5234,1.29209898
5235,0.41768755
5236,1.44853749
5237,1.08924995
5238,1.68136185
5239,0.42545964
5240,0.62193025
5241,1.66088122
5242,0.96341705
5243,1.50433866
5244,1.15507840
5245,0.86096229
5246,1.17696190
5247,1.58462164
5248,0.72831814
5249,1.62566150
5250,0.42711921
5251,0.16742661
5252,0.72005093
5253,0.43680210
5254,0.05765886
5255,0.53850001
5256,0.96932101
5257,1.09229715
5258,1.41566599
5259,0.95352807
5260,0.26177571
5261,0.23248719
5262,0.78160647
5263,0.68002303
5264,1.64214421
5265,0.40267263
5266,1.12360503
5267,0.13138121
5268,1.02807542
5269,0.04031721
5270,0.22139333
5271,0.74398529
5272,0.40448433
5273,1.06192365
5274,0.07903721
5275,1.37128779
5276,0.20190606
5277,1.50263538
5278,1.37989748
5279,0.76465623
5280,0.60101496
5281,1.49250102
5282,0.20426862
5283,0.32600695
5284,0.68325195
5285,0.08693942
5286,0.19700326
5287,1.42195506
5288,0.03305808
5289,1.34828237
5290,0.68165869
5291,1.02695036
5292,0.26712808
5293,0.71561591
5294,1.34474007
5295,0.88102854
5296,0.06539410
5297,0.46822361
5298,0.35759670
5299,0.60560386
5300,0.66000932
5301,0.81327400
5302,0.98351910
5303,1.71300641
5304,0.40630294
5305,0.46994227
5306,1.68633472
5307,0.68079819
5308,1.45380345
5309,1.48631391
5310,0.08633170
5311,1.21586572
5312,0.49615366
5313,1.71112198
5314,0.84026510
5315,1.15367867
5316,0.83565302
5317,1.25159161
5318,0.74181723
5319,0.83693154
5320,1.26881007
5321,0.96316154
5322,1.38297140
5323,0.99113005
5324,0.32590512
5325,1.17308425
5326,1.40755446
5327,0.43845161
5328,1.44181454
5329,0.22184099
5330,0.94072929
5331,0.23408364
5332,0.16454547
5333,0.63701129
5334,0.16712463
5335,1.06406569
5336,1.46926932
5337,0.38725744
5338,1.23417035
5339,0.57113030
5340,0.12192283
5341,0.56846389
5342,0.18651975
5343,1.40725500
5344,1.58329397
5345,0.44427572
5346,0.73917678
5347,1.54283652
5348,0.23603860
5349,0.78366316
5350,0.29281273
5351,0.67003971
5352,0.82328948
5353,1.50875483
5354,0.77471798
5355,1.32038724
5356,1.68070548
5357,1.55446643
5358,0.94858046
5359,1.09620224
5360,1.42288307
5361,1.02587440
5362,0.63926346
5363,1.25823389
5364,0.03697837
5365,0.59719745
5366,0.91987959
5367,1.01457352
5368,1.67750636
5369,0.56113764
5370,1.40811202
5371,0.69034267
5372,0.67149306
5373,0.54936286
5374,0.39460201
5375,1.04224659
5376,0.75928284
5377,0.79702020
5378,1.16803107
5379,0.16448972
5380,0.65693630
5381,0.48160727
5382,0.83140620
5383,1.55153480
5384,1.28055065
5385,1.44220361
5386,0.12995319
5387,1.36364361
5388,1.25972456
5389,0.95248637
5390,0.81437640
5391,0.19889097
5392,1.67594046
5393,0.86811139
5394,0.54880923
5395,0.82193432
5396,1.19872309
5397,0.09223486
5398,0.91402222
5399,0.70465704
5400,1.54323842
5401,0.87945738
5402,1.43867543
5403,1.38400380
5404,0.01978612
5405,0.60139557
5406,0.67170104
5407,0.95640243
5408,0.15847272
5409,1.08390659
5410,0.39969386
5411,0.96124623
5412,0.90936404
5413,0.04584285
5414,0.52234678
5415,0.54434631
5416,0.64500845
5417,0.49623164
5418,0.11628944
5419,0.58497173
5420,0.97088637
5421,0.06501199
5422,0.65919745
5423,1.05866277
5424,1.19332931
5425,1.06993230
5426,0.76046619
5427,1.40607809
5428,1.34907809
5429,0.18473900
5430,0.95072599
5431,0.37034580
5432,0.81789109
5433,1.46959522
5434,0.02443324
5435,1.36547420
5436,0.10623299
5437,0.88317802
5438,1.52306768
5439,1.20966932
5440,0.79802940
5441,1.04185180
5442,0.13131177
5443,1.23209135
5444,1.42770948
5445,0.14793958
5446,1.06276846
5447,0.44523980
5448,1.38745746
5449,0.21210104
5450,1.69997599
5451,0.28966330
5452,0.20129810
5453,0.93877363
5454,0.87215402
5455,0.60264658
5456,1.08203721
5457,0.92076304
5458,1.60202074
5459,0.73798622
5460,0.75472928
5461,1.35365570
5462,0.49917135
5463,1.28948790
5464,0.60254607
5465,1.60639052
5466,0.80320795
5467,0.66430970
5468,0.88224722
5469,1.28991726
5470,1.65620160
5471,0.84010202
5472,0.18111429
5473,0.70849950
5474,0.62611986
5475,0.68897560
5476,1.42398780
5477,1.62451328
5478,0.32068867
5479,0.61611086
5480,0.29536182
5481,1.49002866
5482,1.29624338
5483,0.62470336
5484,1.11722437
5485,0.50352289
5486,1.31231807
5487,0.36455947
5488,1.05590441
5489,1.36400198
5490,0.55543355
5491,0.70613965
5492,0.69630502
5493,0.46757626
5494,1.02020313
5495,1.58963925
5496,0.01104770
5497,0.93062193
5498,0.92576534
5499,0.43464311
5500,1.62465259
5501,0.67475999
5502,0.57686195
5503,0.17794442
5504,1.23905339
5505,1.11539249
5506,1.28872915
5507,0.91809948
5508,0.58798064
5509,0.46663606
5510,1.50407536
5511,0.67855396
5512,1.57108670
5513,1.12475235
5514,1.62261938
5515,1.70401624
5516,1.38485260
5517,1.01328959
5518,1.63275167
5519,1.56563878
5520,0.77651030
5521,0.18160831
5522,0.96821919
5523,0.41755767
5524,1.20153907
5525,0.33837303
5526,1.02047109
5527,0.63773969
5528,0.82190708
5529,0.71917724
5530,1.51105244
5531,0.57844740
5532,1.40288609
5533,1.57109246
5534,0.05936061
5535,1.54375569
5536,0.68432704
5537,1.15094497
5538,0.32199644
5539,1.26405209
5540,0.29948319
5541,1.63920864
5542,1.01860425
5543,0.76474556
5544,1.33543044
5545,0.69048062
5546,1.15682966
5547,1.25471056
5548,1.49760160
5549,1.58349312
5550,1.33119305
5551,1.42426204
5552,1.30655808
5553,1.46960456
5554,1.65661109
5555,0.22435698
5556,1.25854159
5557,1.57022924
5558,1.02176936
5559,0.77340798
5560,1.46009118
5561,0.11784499
5562,1.31365673
5563,0.01197074
5564,0.89348213
5565,1.51435593
5566,0.23806946
5567,0.55540029
5568,1.24504931
5569,0.43819901
5570,0.21249772
5571,1.66551091
5572,1.25414264
5573,0.98588235
5574,1.39041645
5575,0.51229914
5576,0.01872243
5577,0.46590603
5578,0.72224248
5579,1.04294045
5580,0.60379685
5581,0.58552354
5582,0.61638233
5583,1.01894239
5584,0.50206440
5585,1.36032428
5586,1.12837192
5587,0.57811376
5588,0.63263797
5589,1.24304493
5590,1.46955622
5591,1.26582284
5592,0.39563800
5593,0.53850203
5594,0.21547241
5595,1.07953885
5596,0.31776985
5597,0.31477096
5598,0.23266049
5599,0.36445877
5600,0.52437959
5601,0.16627511
5602,1.70599964
5603,0.27143348
5604,0.12078414
5605,1.71723527
5606,1.50910726
5607,0.29925999
5608,1.31000024
5609,1.71034157
5610,0.44604650
5611,0.31245244
5612,0.95619218
5613,0.10074389
5614,0.34519154
5615,0.80111624
5616,1.55114868
5617,1.58688168
5618,0.15586244
5619,1.52905943
5620,1.65279242
5621,0.45274884
5622,1.20806328
5623,0.01766765
5624,0.48539630
5625,1.17289513
5626,1.17587561
5627,0.53202989
5628,0.77767227
5629,1.45284182
5630,0.78614329
5631,1.54696323
5632,0.73201138
5633,1.13514528
5634,0.98852883
5635,0.51610025
5636,0.46869714
5637,1.15377530
5638,0.64729615
5639,0.87898343
5640,1.50722652
5641,1.50446078
5642,0.07771697
5643,0.62508304
5644,0.69649135
5645,0.10086718
5646,1.07098978
5647,1.72705068
5648,0.55025358
5649,0.83216860
5650,1.14122792
5651,1.02574825
5652,0.62203931
5653,1.29459209
5654,0.09509624
5655,0.58199828
5656,1.45208371
5657,0.13681540
5658,1.39231762
5659,1.34317736
5660,1.27076743
5661,0.29804705
5662,0.09061270
5663,0.81603644
5664,1.12175418
5665,1.42210702
5666,1.11230202
5667,0.39650284
5668,0.68404586
5669,0.49763860
5670,1.70656712
5671,1.07712053
5672,0.84159150
5673,0.79120888
5674,0.83320884
5675,1.35148964
5676,1.60061023
5677,1.39817172
5678,0.92962997
5679,0.74423173
5680,1.18494410
5681,0.96737920
5682,0.00724805
5683,1.66281775
5684,0.76519114
5685,1.27062005
5686,0.98700192
5687,0.92085328
5688,0.60244387
5689,0.95779728
5690,1.26979089
5691,1.01415802
5692,0.10676085
5693,1.37133712
5694,0.20747999
5695,0.53551393
5696,0.13887711
5697,0.46609594
5698,0.44061588
5699,1.26340247
5700,0.09620101
5701,0.40564895
5702,0.16948922
5703,0.71916419
5704,0.96820635
5705,1.72618148
5706,1.44647747
5707,0.16086484
5708,1.24187415
5709,1.26302306
5710,1.54792041
5711,1.24144875
5712,0.01708308
5713,1.23791435
5714,0.46139079
5715,0.28629940
5716,1.00721315
5717,0.87296092
5718,0.34987204
5719,1.44543287
5720,0.98110949
5721,0.64078658
5722,0.93305691
5723,0.42832412
5724,0.54557687
5725,0.97072972
5726,1.43007468
5727,0.52128284
5728,0.94012850
5729,1.63426282
5730,0.73807425
5731,1.17392509
5732,1.10204238
5733,1.47256658
5734,0.07611533
5735,0.79503751
5736,0.81125788
5737,0.97111987
5738,0.57604459
5739,0.05013856
5740,0.44172354
5741,1.38677828
5742,0.74182635
5743,1.32972448
5744,1.12158602
5745,0.39296260
5746,1.64364500
5747,1.67411600
5748,0.99151197
5749,1.55104915
5750,1.15149108
5751,0.74733464
5752,0.40039227
5753,0.85246420
5754,0.26609023
5755,0.29036201
5756,0.76565891
5757,1.34790084
5758,1.37152403
5759,0.50977949
5760,0.69869743
5761,0.43100263
5762,1.69980391
5763,1.53775834
5764,0.26219588
5765,1.34195696
5766,0.02621379
5767,0.61372151
5768,0.98538227
5769,0.53685754
5770,1.44267864
5771,0.28439413
5772,0.20881016
5773,0.08651940
5774,0.50406178
5775,0.87823754
5776,0.78869894
5777,1.46677250
5778,1.29083888
5779,1.32604081
5780,0.83600820
5781,1.53661760
5782,0.55731200
5783,0.64554332
5784,0.03860757
5785,1.06082187
5786,0.72468513
5787,0.37177348
5788,0.27844913
5789,0.72008012
5790,1.22640746
5791,0.96559494
5792,1.62416475
5793,0.46994036
5794,0.27599184
5795,1.11866485
5796,0.38138458
5797,0.89544592
5798,0.69946194
5799,0.99716104
5800,1.28173516
5801,0.16649552
5802,0.83993696
5803,0.50952928
5804,1.33151750
5805,0.96913010
5806,0.66092458
5807,0.09321815
5808,1.22083841
5809,1.70927593
5810,0.28736641
5811,0.09035413
5812,0.79951318
5813,0.84711819
5814,1.41660343
5815,1.13371728
5816,0.54932086
5817,1.52570331
5818,0.64142917
5819,1.05134616
5820,0.25244243
5821,0.67445763
5822,0.38083194
5823,1.48700450
5824,0.82879090
5825,0.27831839
5826,0.02438745
5827,1.19384671
5828,0.78810230
5829,1.11850006
5830,1.24547913
5831,0.66743617
5832,0.02872027
5833,0.30215156
5834,1.59196654
5835,0.91154767
5836,0.11033088
5837,1.62071394
5838,1.69909130
5839,0.75777139
5840,1.24009559
5841,1.31423869
5842,0.12343492
5843,0.66419071
5844,1.14006580
5845,0.79532812
5846,1.21030349
5847,0.93971294
5848,1.26126259
5849,1.34409855
5850,0.77895523
5851,0.74938938
5852,0.00076830
5853,0.88657700
5854,0.98677637
5855,0.01849617
5856,1.64501078
5857,1.02395964
5858,1.42163901
5859,1.36134632
5860,0.32871210
5861,0.49996221
5862,0.78144148
5863,0.99597472
5864,0.12294556
5865,1.71826960
5866,0.50326115
5867,1.47583258
5868,1.56075412
5869,0.70236138
5870,0.80179995
5871,1.70241335
5872,1.42247094
5873,1.37567070
5874,0.01132223
5875,1.11618401
5876,0.30861773
5877,0.80643968
5878,0.02942436
5879,0.08686812
5880,0.93423235
5881,0.26164991
5882,0.19580763
5883,0.73779996
5884,1.23289697
5885,0.50406915
5886,1.38785659
5887,0.32152611
5888,1.65159658
5889,1.36329172
5890,0.95351811
5891,0.62739958
5892,0.13201198
5893,0.50544069
5894,1.51920444
5895,1.67745527
5896,1.18337661
5897,0.95716769
5898,0.20279262
5899,0.34757311
5900,1.04248032
5901,1.64180603
5902,0.70025149
5903,0.37260181
5904,0.43234081
5905,0.88980409
5906,1.03401125
5907,0.56873801
5908,1.25612188
5909,0.73696383
5910,0.61855111
5911,0.30416465
5912,1.02064668
5913,1.01456113
5914,1.68901406
5915,0.21026902
5916,0.52619262
5917,1.58769640
5918,1.25459324
5919,0.87506807
5920,1.70255810
5921,0.95907499
5922,0.37906799
5923,0.26950626
5924,0.27668244
5925,0.10507384
5926,1.28372023
5927,1.61056684
5928,0.56077965
5929,1.64506667
5930,0.40228167
5931,0.50250343
5932,0.93701264
5933,0.27135715
5934,1.09359282
5935,1.50222587
5936,0.43092795
5937,1.65633114
5938,0.55880521
5939,0.47141591
5940,0.99045787
5941,0.30367835
5942,1.16409111
5943,1.40581273
5944,1.36619206
5945,1.69448196
5946,0.67195231
5947,1.68654461
5948,0.59666596
5949,0.50409994
5950,0.80854314
5951,1.70456813
5952,1.56287120
5953,0.23508647
5954,1.28357799
5955,1.37448752
5956,1.71648004
5957,0.81663113
5958,1.25790218
5959,0.30433391
5960,1.42867764
5961,0.86718904
5962,1.26648014
5963,0.41166118
5964,1.18740656
5965,0.21760278
5966,0.59775747
5967,1.51259220
5968,1.01369444
5969,1.41505851
5970,0.49007824
5971,1.45905549
5972,0.75639658
5973,0.21956524
5974,1.16726082
5975,0.67523874
5976,0.53956223
5977,0.32079578
5978,0.45261120
5979,0.92721496
5980,0.33677107
5981,1.49949793
5982,1.12095716
5983,1.52569812
5984,0.33612553
5985,0.54801229
5986,0.80475877
5987,0.02324520
5988,0.52432612
5989,1.60973792
5990,0.83086250
5991,0.63005270
5992,0.19187528
5993,0.85121403
5994,1.46215779
5995,0.35254171
5996,0.23290740
5997,0.43949692
5998,0.26738929
5999,1.53707371
6000,1.55614977
6001,0.70552595
6002,0.90126390
6003,0.24663944
6004,1.25667280
6005,0.49410243
6006,0.66986074
6007,1.65066798
6008,0.74964403
6009,1.44884497
6010,0.80670133
6011,1.65485355
6012,0.77282922
6013,0.72635951
6014,0.63862693
6015,0.62330624
6016,1.11418957
6017,0.27490682
6018,0.06860243
6019,1.06025270
6020,1.31735996
6021,0.06296935
6022,0.88069919
6023,1.48567387
6024,0.49934168
6025,1.34819730
6026,1.48094123
6027,1.35299515
6028,1.69214201
6029,1.18943759
6030,1.16590397
6031,0.16175064
6032,0.96592147
6033,0.26997084
6034,0.24170539
6035,1.39707895
6036,0.02045297
6037,0.67636774
6038,1.21348618
6039,0.33781683
6040,0.08594831
6041,0.16416015
6042,0.69498599
6043,0.15784939
6044,0.44256908
6045,1.30816548
6046,1.45151983
6047,0.74057330
6048,0.05989841
6049,1.29736308
6050,0.85404168
6051,1.29417767
6052,0.11247899
6053,1.34343625
6054,1.30034204
6055,0.48956066
6056,1.15120437
6057,0.88784527
6058,1.19675586
6059,1.14082928
6060,1.33181578
6061,1.71351247
6062,1.32546611
6063,1.21590057
6064,1.26754624
6065,0.71911026
6066,1.48325037
6067,0.20660719
6068,0.97944554
6069,0.74213330
6070,0.17324977
6071,1.15460891
6072,1.37370165
6073,0.00025242
6074,1.04089114
6075,0.88565155
6076,1.45792871
6077,0.39321182
6078,0.05738842
6079,1.68646659
6080,1.56169989
6081,1.24799248
6082,0.78360181
6083,0.15186281
6084,0.23267048
6085,1.19173487
6086,0.28849861
6087,0.14942793
6088,0.70732528
6089,0.69421502
6090,0.62800251
6091,0.33164803
6092,0.07244739
6093,0.26194879
6094,1.58630138
6095,0.84169527
6096,0.50644085
6097,1.19049377
6098,1.29795983
6099,0.61013545
6100,0.76813238
6101,1.06092508
6102,0.75321601
6103,0.46820061
6104,1.17566098
6105,0.49447126
6106,1.13304128
6107,0.63950465
6108,0.80965185
6109,0.37179761
6110,1.18915137
6111,0.51345795
6112,1.53824524
6113,0.80628945
6114,0.93734151
6115,0.85149927
6116,0.96716813
6117,1.34619479
6118,0.32795994
6119,0.97054198
6120,1.57698263
6121,0.95375468
6122,1.55024169
6123,0.52295199
6124,0.63258749
6125,0.78553538
6126,0.37727241
6127,0.14611484
6128,0.87296635
6129,1.51558234
6130,0.69437666
6131,1.36325508
6132,1.16423694
6133,0.10161681
6134,0.23687117
6135,1.12757605
6136,0.16195498
6137,0.33963781
6138,0.45533917
6139,1.00679258
6140,0.80565763
6141,0.08716158
6142,1.70726267
6143,0.15618363
6144,1.57475182
6145,0.70147427
6146,1.27128361
6147,0.99394594
6148,1.61293057
6149,0.97687043
6150,0.92242321
6151,0.98166665
6152,0.93972631
6153,0.41497429
6154,0.70495712
6155,0.55255589
6156,0.09543855
6157,0.82676970
6158,1.32752085
6159,0.88292808
6160,0.27860994
6161,1.26592956
6162,1.52933406
6163,0.01803783
6164,0.97505774
6165,1.70215149
6166,1.63966203
6167,1.15984167
6168,0.45396338
6169,0.83785913
6170,0.80494815
6171,1.41436144
6172,0.17240552
6173,1.36228054
6174,1.28011665
6175,0.98109505
6176,1.66962867
6177,1.14767314
6178,1.06740863
6179,1.39037872
6180,1.00511580
6181,0.23301414
6182,0.34753183
6183,0.79404600
6184,1.10980761
6185,1.17410920
6186,0.24676825
6187,0.51465268
6188,0.18347106
6189,1.51273387
6190,0.40194675
6191,1.21444018
6192,1.34713623
6193,0.40398892
6194,0.64578234
6195,1.47548482
6196,1.49445741
6197,0.08810687
6198,0.34441676
6199,0.11679344
6200,1.04789910
6201,0.78371484
6202,1.56382915
6203,0.75012836
6204,1.02619501
6205,1.52787439
6206,0.47439098
6207,0.35555586
6208,0.05537699
6209,1.34164981
6210,0.64474343
6211,1.25141260
6212,1.13349560
6213,1.45939251
6214,0.69517232
6215,1.24544310
6216,0.60936973
6217,1.00095599
6218,1.63214660
6219,0.82845444
6220,0.58319898
6221,0.43387978
6222,1.30328705
6223,0.31802651
6224,0.89512917
6225,0.07427628
6226,0.69619974
6227,0.52968497
6228,1.27285356
6229,1.46485821
6230,0.93985059
6231,1.02656607
6232,0.63404257
6233,0.01705019
6234,1.02290239
6235,1.23094566
6236,0.61162335
6237,1.23438086
6238,1.15237896
6239,1.36763350
6240,1.15620645
6241,0.59464937
6242,0.93218297
6243,0.97183763
6244,1.40666296
6245,0.77000895
6246,0.00853055
6247,0.62573746
6248,0.12870706
6249,0.47655869
6250,1.20415037
6251,0.33733508
6252,0.25213975
6253,0.40736119
6254,1.61272537
6255,0.84430405
6256,0.29214413
6257,1.29284244
6258,0.81975807
6259,0.17517748
6260,0.54887585
6261,0.91319048
6262,0.09403206
6263,0.16841188
6264,1.11887203
6265,0.46916180
6266,1.55671544
6267,0.68909790
6268,0.08297354
6269,0.07441926
6270,1.56814130
6271,1.50188655
6272,1.16584060
6273,0.23655291
6274,0.61121766
6275,0.06243039
6276,0.58535189
6277,1.28589661
6278,0.88297540
6279,0.28681778
6280,0.84486622
6281,0.55906978
6282,1.61464105
6283,1.09902393
6284,0.37298238
6285,0.80998122
6286,1.13160390
6287,1.27049787
6288,0.40646413
6289,1.40216140
6290,1.07880873
6291,1.20542924
6292,0.52813088
6293,1.05076286
6294,1.72122768
6295,0.78093059
6296,1.59773797
6297,0.34404711
6298,0.08911815
6299,0.96109670
6300,0.60446963
6301,0.32789103
6302,1.18569636
6303,0.67380212
6304,1.00878331
6305,1.06675983
6306,0.44376449
6307,1.16267974
6308,0.33823572
6309,0.68097853
6310,1.13307804
6311,1.48387801
6312,1.49810930
6313,0.81100795
6314,1.03881842
6315,0.69837353
6316,0.43004729
6317,1.61878081
6318,0.87956252
6319,0.47619580
6320,0.51086446
6321,0.26247074
6322,0.23703189
6323,0.27241013
6324,0.02887568
6325,0.05101243
6326,1.36682436
6327,0.46659485
6328,1.45784840
6329,1.49572052
6330,1.68985171
6331,1.70569622
6332,1.08033320
6333,0.69440076
6334,1.44001197
6335,1.01164481
6336,1.47296359
6337,1.65352049
6338,1.53785883
6339,0.85561046
6340,0.37626121
6341,0.93576614
6342,0.19691338
6343,0.10184542
6344,0.57698206
6345,0.62963393
6346,0.73156994
6347,1.09834240
6348,0.01630840
6349,0.86264242
6350,1.55224148
6351,1.64791624
6352,0.29442952
6353,1.38836215
6354,0.07354712
6355,0.80887021
6356,0.16021602
6357,0.83055320
6358,0.51476431
6359,0.40003712
6360,0.12368808
6361,0.44616473
6362,0.07490154
6363,0.27194954
6364,0.36326641
6365,0.28054427
6366,0.74322617
6367,0.79213833
6368,1.52169620
6369,0.37595065
6370,1.63361630
6371,0.83419883
6372,0.45752668
6373,1.69269871
6374,1.59240770
6375,0.58244182
6376,0.86271805
6377,0.57858310
6378,1.52602835
6379,0.85279411
6380,0.16110055
6381,1.53235406
6382,1.67329151
6383,0.20484614
6384,1.14075240
6385,1.47694154
6386,1.59206602
6387,0.29106068
6388,0.24301373
6389,0.40738228
6390,1.06030334
6391,1.03204688
6392,0.26863547
6393,1.39125793
6394,0.92000490
6395,1.45976958
6396,0.34781525
6397,0.26627076
6398,1.72329694
6399,1.59608586
6400,0.20285246
6401,0.22033891
6402,0.94851978
6403,0.75218274
6404,0.20651968
6405,0.16978148
6406,1.21461240
6407,0.21249763
6408,0.51371443
6409,1.65932729
6410,1.29804140
6411,1.71725160
6412,0.05337324
6413,0.10605071
6414,1.44960774
6415,1.13782346
6416,0.73068041
6417,1.02946049
6418,1.39453208
6419,0.83324198
6420,0.76430301
6421,0.74963937
6422,0.57838118
6423,0.44773167
6424,1.44107758
6425,1.29568333
6426,0.92057560
6427,0.88350316
6428,1.61556175
6429,0.23712699
6430,0.27702893
6431,1.41237291
6432,0.34879192
6433,0.39886920
6434,1.58245240
6435,0.26808725
6436,0.46979879
6437,0.52653862
6438,0.49020079
6439,1.20377005
6440,1.61745843
6441,0.03196722
6442,0.27283425
6443,1.32968675
6444,1.58460397
6445,0.68516199
6446,0.94923536
6447,1.06494504
6448,0.20843288
6449,1.41749663
6450,0.62408445
6451,0.48934833
6452,1.18692352
6453,1.16313435
6454,1.60331426
6455,0.55692987
6456,1.58216521
6457,0.70177428
6458,1.44849945
6459,0.98334565
6460,1.44822814
6461,0.14244961
6462,0.71629001
6463,0.58468815
6464,0.86425663
6465,1.61616874
6466,1.11164108
6467,0.64161153
6468,0.34004437
6469,0.51457303
6470,0.14118901
6471,1.55203548
6472,1.16096003
6473,1.17291712
6474,0.99505271
6475,0.76642628
6476,0.80010891
6477,1.42878777
6478,1.69841906
6479,0.85402275
6480,0.41871062
6481,0.94825001
6482,0.30807647
6483,0.57726588
6484,0.77685776
6485,1.55672473
6486,1.14195987
6487,0.50572526
6488,1.25899622
6489,1.58060691
6490,0.77051535
6491,1.51911938
6492,0.93362979
6493,0.39551664
6494,1.19306652
6495,1.72064448
6496,0.79143926
6497,0.14852579
6498,0.00201355
6499,0.83053219
6500,1.45954755
6501,1.46941841
6502,1.68384286
6503,0.69703464
6504,0.13032995
6505,0.98381934
6506,0.35375361
6507,1.37425395
6508,0.28577175
6509,1.23596837
6510,0.63467952
6511,0.45194344
6512,1.35270799
6513,1.69069778
6514,0.40350232
6515,0.60450897
6516,0.26411535
6517,1.13303561
6518,1.26603410
6519,0.22766162
6520,0.17675662
6521,0.26809451
6522,0.72886796
6523,1.14963571
6524,0.81232419
6525,0.17180384
6526,1.68697680
6527,0.94198324
6528,0.05361969
6529,0.73576381
6530,1.29010964
6531,0.26393841
6532,0.67239675
6533,0.98594927
6534,0.86796045
6535,1.20195180
6536,1.58586114
6537,0.78787708
6538,0.20373258
6539,0.92952104
6540,0.35028223
6541,1.29269167
6542,0.96774227
6543,1.54822092
6544,1.54025881
6545,1.41505727
6546,1.08353381
6547,0.26165383
6548,0.60237418
6549,0.14274965
6550,0.84732969
6551,1.60760976
6552,1.71056167
6553,0.49141835
6554,1.00211374
6555,1.31337389
6556,0.43692988
6557,1.22966191
6558,1.43190425
6559,0.61321021
6560,1.39003472
6561,0.55623383
6562,0.21418086
6563,0.35417798
6564,0.77945335
6565,0.01743092
6566,1.01605140
6567,1.16292367
6568,1.36313586
6569,1.19734954
6570,0.92477694
6571,0.59861832
6572,0.04955145
6573,1.21597712
6574,0.51227405
6575,0.93170264
6576,0.20890148
6577,1.64450179
6578,0.15646003
6579,0.01159357
6580,0.79183333
6581,1.49108994
6582,0.02094899
6583,0.73622652
6584,0.62384088
6585,0.14525543
6586,0.92347721
6587,0.17014673
6588,0.84668381
6589,0.21576891
6590,1.63747276
6591,0.94885225
6592,1.08991738
6593,0.07509068
6594,0.06738860
6595,0.98189876
6596,0.39068779
6597,0.68801307
6598,0.28960214
6599,0.78497398
6600,0.84948169
6601,0.36127674
6602,1.42582583
6603,1.18013016
6604,1.18971631
6605,0.28498369
6606,1.56309352
6607,0.18302235
6608,0.76300208
6609,0.66570061
6610,0.14053230
6611,0.58483022
6612,0.28921966
6613,1.48874566
6614,1.00993704
6615,0.14265012
6616,0.30350746
6617,0.81558145
6618,1.52628809
6619,1.49904653
6620,0.77527404
6621,0.84886931
6622,0.35701985
6623,0.27568460
6624,1.30521557
6625,1.32219886
6626,1.15100086
6627,1.37815864
6628,1.60099932
6629,0.58916765
6630,0.69891342
6631,0.96285917
6632,1.37595135
6633,0.06750290
6634,0.15366002
6635,0.39581537
6636,0.40942642
6637,0.37850841
6638,1.56992289
6639,1.45362930
6640,1.28794167
6641,0.79751401
6642,1.51960921
6643,1.04947689
6644,0.80680968
6645,0.44001868
6646,1.43784653
6647,0.47578412
6648,0.48416270
6649,0.10541680
6650,0.08366383
6651,1.64120486
6652,0.26651576
6653,1.06995136
6654,1.19648631
6655,0.07165473
6656,0.95675193
6657,0.86440503
6658,1.38264659
6659,1.56776717
6660,1.26946853
6661,0.88184314
6662,0.74047223
6663,1.07780691
6664,1.41163847
6665,1.25147220
6666,1.59667905
6667,1.45282943
6668,0.73895893
6669,0.82724490
6670,0.68306984
6671,0.58644747
6672,0.26447446
6673,0.55765435
6674,1.20826644
6675,0.08568969
6676,1.07847508
6677,0.98598321
6678,1.22319212
6679,0.85792146
6680,0.72287420
6681,1.30181008
6682,1.34547855
6683,0.38209473
6684,1.17179663
6685,0.87088865
6686,0.42835530
6687,0.46124356
6688,1.09735897
6689,0.24591270
6690,0.01838748
6691,1.13385181
6692,0.28662932
6693,0.55251640
6694,1.47625199
6695,1.62502745
6696,0.24163637
6697,0.08411543
6698,0.65365704
6699,1.13876872
6700,0.42981403
6701,0.71006409
6702,0.47115626
6703,0.78181415
6704,1.24287181
6705,0.12629721
6706,1.51790032
6707,1.65146761
6708,0.25186704
6709,0.69582150
6710,0.44287444
6711,1.26005680
6712,0.40312629
6713,1.09093621
6714,1.28346232
6715,1.48351349
6716,0.52927704
6717,1.11282429
6718,0.96553481
6719,0.81918393
6720,0.46809741
6721,0.00578703
6722,0.71506176
6723,0.70436528
6724,0.98576491
6725,0.39066086
6726,0.62354140
6727,0.82370143
6728,1.47110531
6729,1.23131983
6730,0.49543992
6731,0.67915988
6732,1.40441914
6733,1.63173778
6734,1.24507929
6735,0.69888972
6736,0.80207753
6737,0.88217138
6738,1.05897742
6739,0.06986313
6740,1.52242232
6741,0.82055261
6742,0.60055742
6743,0.76409133
6744,0.03705384
6745,0.64355454
6746,1.21031111
6747,0.84194359
6748,1.06583462
6749,0.91598797
6750,0.31445358
6751,1.37471373
6752,0.77589141
6753,0.09325719
6754,0.30627250
6755,1.21327098
6756,0.67726365
6757,1.17412046
6758,0.65310631
6759,1.69204354
6760,1.41388472
6761,0.59278687
6762,0.39017727
6763,0.93757246
6764,0.59431337
6765,1.11644463
6766,1.64716800
6767,1.33365062
6768,1.03055785
6769,0.63873234
6770,1.29246514
6771,0.75144010
6772,0.34913716
6773,0.61883606
6774,0.95588759
6775,0.32236673
6776,0.47675644
6777,0.24070707
6778,0.55340514
6779,1.05740643
6780,0.75114736
6781,0.31483968
6782,0.16320813
6783,1.31469970
6784,0.94706534
6785,0.94272557
6786,0.07150361
6787,1.25537743
6788,0.27301097
6789,0.54837625
6790,1.47863901
6791,1.12712010
6792,0.60201814
6793,1.08633378
6794,0.61022640
6795,0.52546938
6796,0.85783051
6797,0.61113026
6798,1.25141129
6799,0.47907379
6800,1.24505524
6801,0.38542982
6802,1.38872748
6803,1.33116349
6804,0.22090593
6805,1.00210185
6806,1.55472915
6807,1.24056100
6808,0.76753775
6809,0.93334742
6810,0.73042732
6811,0.22443103
6812,0.48450493
6813,1.67174153
6814,0.10659716
6815,0.43221919
6816,1.26292378
6817,0.26134443
6818,1.08317840
6819,0.07264472
6820,1.31082624
6821,0.49143100
6822,1.66676719
6823,0.09751098
6824,1.40826886
6825,0.72134058
6826,0.57703298
6827,0.68972486
6828,0.84653645
6829,0.20174344
6830,0.59558607
6831,0.48832233
6832,1.37429530
6833,1.61596772
6834,1.66071461
6835,0.25209643
6836,0.71148059
6837,1.25621290
6838,1.20141436
6839,0.88624378
6840,0.53089556
6841,1.35864870
6842,0.24806610
6843,0.30364921
6844,1.09137500
6845,0.91306590
6846,0.60664985
6847,0.68437381
6848,1.57886124
6849,1.20966248
6850,0.67333229
6851,0.23073696
6852,0.44205667
6853,0.48809725
6854,0.59939081
6855,0.74013321
6856,0.14929042
6857,0.55324629
6858,0.37968737
6859,1.04667621
6860,1.24478243
6861,0.66992298
6862,1.34518853
6863,0.05217157
6864,0.74765450
6865,0.49259399
6866,0.58677715
6867,1.47374778
6868,0.94308339
6869,1.46992690
6870,1.38727222
6871,1.10526033
6872,1.70510895
6873,1.18592894
6874,0.70691329
6875,0.64732638
6876,0.91027581
6877,1.34064237
6878,1.08618033
6879,1.53255975
6880,0.68054338
6881,0.64981124
6882,1.03989546
6883,0.17222573
6884,1.22077993
6885,1.24814905
6886,0.53872096
6887,0.06893068
6888,1.41059020
6889,1.72438214
6890,0.08388684
6891,1.19836426
6892,0.56133823
6893,1.43774639
6894,1.52364848
6895,1.13506733
6896,1.46946647
6897,1.46574887
6898,1.04716496
6899,1.28430042
6900,1.13698611
6901,1.37556018
6902,1.07957799
6903,0.66665325
6904,0.88569996
6905,0.01825751
6906,0.08285375
6907,1.19199965
6908,1.37529224
6909,0.53581397
6910,0.84418046
6911,1.42294172
6912,0.81002583
6913,1.18124705
6914,1.38616122
6915,0.91636229
6916,1.46073299
6917,0.91446523
6918,1.18105490
6919,1.38203117
6920,0.39905083
6921,1.27690894
6922,1.58306913
6923,0.51924583
6924,0.40433968
6925,0.94600319
6926,0.47934531
6927,0.78064732
6928,0.12208859
6929,0.76658081
6930,1.68512064
6931,0.62759390
6932,1.44527895
6933,0.57988286
6934,0.81669044
6935,0.19766170
6936,0.90709989
6937,0.01023463
6938,1.29129222
6939,0.16656571
6940,0.99559983
6941,1.35022026
6942,1.70142918
6943,0.91681582
6944,0.01744261
6945,1.58774261
6946,0.88939579
6947,0.93568025
6948,0.27430268
6949,0.27702459
6950,0.16930881
6951,0.49767200
6952,1.12876980
6953,1.58110508
6954,1.24963575
6955,0.27396011
6956,1.18198986
6957,0.59453004
6958,1.03995313
6959,1.10491021
6960,1.00975182
6961,0.15697949
6962,1.32359455
6963,0.79790152
6964,1.08872343
6965,1.47926038
6966,1.23669035
6967,0.65000933
6968,1.37274794
6969,0.11337361
6970,0.46600584
6971,0.47576183
6972,1.09669300
6973,0.61984415
6974,0.36974303
6975,0.59225860
6976,1.25111112
6977,0.09998964
6978,0.93023538
6979,1.33517793
6980,1.51484318
6981,0.40547221
6982,1.19392520
6983,0.23036418
6984,1.48450273
6985,0.98793284
6986,0.15038350
6987,1.31214673
6988,0.66403593
6989,1.44660961
6990,0.81845191
6991,1.71629352
6992,1.29702332
6993,0.85456306
6994,0.32379198
6995,1.42473373
6996,1.23308303
6997,0.77679701
6998,0.25814210
6999,0.79987670
7000,0.65300082
7001,1.12267353
7002,0.66033159
7003,1.65779378
7004,1.15235949
7005,1.37246417
7006,1.60586129
7007,1.61266091
7008,0.79555183
7009,1.63005118
7010,0.87128204
7011,0.73814878
7012,0.87526795
7013,1.07632259
7014,0.78162699
7015,0.90078593
7016,1.18365722
7017,1.72534934
7018,0.36541919
7019,0.44064069
7020,1.31878216
7021,1.22739946
7022,0.16500152
7023,1.62093924
7024,1.38534117
7025,0.14762580
7026,1.38651240
7027,0.04107525
7028,1.63406936
7029,1.68445947
7030,0.28192060
7031,1.64688505
7032,0.03593177
7033,1.36791084
7034,1.58870353
7035,1.45733710
7036,0.37439641
7037,1.29180518
7038,1.04541244
7039,0.80617271
7040,0.97946680
7041,0.16354659
7042,0.57792585
7043,1.32969050
7044,1.16352890
7045,0.45156833
7046,1.16431502
7047,1.14321665
7048,1.47620445
7049,1.03357965
7050,1.15725120
7051,0.13437644
7052,0.50079968
7053,1.25780860
7054,1.13004730
7055,0.37814435
7056,1.22730560
7057,0.39687971
7058,0.97906096
7059,0.00860497
7060,0.80936348
7061,1.34273343
7062,0.32438216
7063,1.00887129
7064,0.83517738
7065,1.56878776
7066,1.43956919
7067,1.59525189
7068,0.20153697
7069,1.31709951
7070,0.39475091
7071,0.01936942
7072,0.34131069
7073,1.53014603
7074,0.85538084
7075,0.32740653
7076,1.54897221
7077,0.69683932
7078,0.36481775
7079,1.03105729
7080,0.50857555
7081,1.37808434
7082,0.73193023
7083,1.36217333
7084,0.40626177
7085,0.30716342
7086,0.21637720
7087,0.15590796
7088,0.86886260
7089,0.04913607
7090,1.45167621
7091,1.10249571
7092,0.62492933
7093,0.01073794
7094,0.87494369
7095,0.08232604
7096,1.13154476
7097,1.17654334
7098,0.35979960
7099,0.77138700
7100,1.14803080
7101,0.06271144
7102,0.27615643
7103,1.47848724
7104,1.55124612
7105,1.72525207
7106,0.06505615
7107,1.17453495
7108,1.17500969
7109,0.16866185
7110,0.79381291
7111,1.68087887
7112,1.22651345
7113,1.56902196
7114,0.92215631
7115,0.36313922
7116,0.07543980
7117,0.64338271
7118,0.75468291
7119,1.05470898
7120,1.42104962
7121,0.94466376
7122,1.67885523
7123,0.37829905
7124,0.98104375
7125,1.02683707
7126,0.58565936
7127,0.38301038
7128,0.76077491
7129,0.49521667
7130,0.69218510
7131,0.02208265
7132,0.39306830
7133,0.76910707
7134,1.44164247
7135,0.79140198
7136,0.94773118
7137,0.37125456
7138,0.05245327
7139,1.39586432
7140,0.20812741
7141,1.71986630
7142,0.74406985
7143,0.68621586
7144,0.99503738
7145,1.36437773
7146,0.61145554
7147,1.52897394
7148,0.67275555
7149,1.54613715
7150,0.31479678
7151,0.14087377
7152,0.96761045
7153,0.96395650
7154,1.17657203
7155,0.29745265
7156,0.52158377
7157,0.81439900
7158,0.42326597
7159,0.87324323
7160,0.44457048
7161,0.19095981
7162,0.20981490
7163,0.89794711
7164,1.52172942
7165,0.19470387
7166,1.61757380
7167,0.25460573
7168,0.97197566
7169,1.48634148
7170,0.32824309
7171,0.13468910
7172,1.52275288
7173,0.84150489
7174,0.64985119
7175,0.03025684
7176,0.58886666
7177,0.65236580
7178,0.60303081
7179,1.40429577
7180,0.24164728
7181,0.91914327
7182,1.21333140
7183,0.58897998
7184,0.06127221
7185,0.15557526
7186,0.60007537
7187,0.17522501
7188,1.12489047
7189,0.27915598
7190,1.63763281
7191,0.23088954
7192,1.34740584
7193,1.21348453
7194,1.64837634
7195,1.37592521
7196,0.06641076
7197,0.61129845
7198,0.42087242
7199,0.52533922
7200,1.24269511
7201,1.14651009
7202,0.04977158
7203,0.12592203
7204,0.80767552
7205,1.54441116
7206,0.35413236
7207,1.06259571
7208,1.15036264
7209,0.04988821
7210,0.34496871
7211,0.59343375
7212,0.80895507
7213,0.67169149
7214,1.55351102
7215,0.14474495
7216,1.72020982
7217,0.71363181
7218,0.28924999
7219,0.22315694
7220,1.53288488
7221,1.24958471
7222,0.91618107
7223,1.16569751
7224,0.81313578
7225,1.65813716
7226,1.54801468
7227,1.60128117
7228,0.84299906
7229,0.59750344
7230,0.07850396
7231,1.70319005
7232,1.16982179
7233,1.18225130
7234,0.44919644
7235,1.11328523
7236,0.36639944
7237,0.56059256
7238,0.37429772
7239,0.31152370
7240,1.08049305
7241,1.59775895
7242,0.11585363
7243,1.69021588
7244,1.67681894
7245,1.06284980
7246,0.16481677
7247,1.18485726
7248,1.43407694
7249,1.66069024
7250,0.57005394
7251,1.36570073
7252,1.16165442
7253,1.54704793
7254,0.39532788
7255,0.52233035
7256,1.56535257
7257,1.36444807
7258,1.19055899
7259,1.72743797
7260,0.81508539
7261,1.23378348
7262,0.62694302
7263,0.26513612
7264,0.07184569
7265,1.54738665
7266,1.42982941
7267,1.56083310
7268,1.66689127
7269,0.37467680
7270,1.57905118
7271,0.56593709
7272,0.88324025
7273,0.43678757
7274,0.28540089
7275,0.10745071
7276,1.22754522
7277,0.43389922
7278,0.34309706
7279,1.15192279
7280,0.76860034
7281,1.66636649
7282,1.58374343
7283,0.05676313
7284,1.64350861
7285,1.41952210
7286,1.27192691
7287,1.16894621
7288,0.01185819
7289,1.36684685
7290,0.36948272
7291,1.02637896
7292,1.63511065
7293,0.37613917
7294,1.14773186
7295,1.06495760
7296,0.79400249
7297,0.52272073
7298,0.67446334
7299,0.69763995
7300,1.57113023
7301,0.86423628
7302,0.44056537
7303,0.10556809
7304,0.22547590
7305,1.06493240
7306,0.08249427
7307,1.09994359
7308,0.74818046
7309,0.98458910
7310,0.43931776
7311,0.34994832
7312,1.63095200
7313,0.05215428
7314,0.53145711
7315,1.03077377
7316,1.66135757
7317,1.46020272
7318,1.11522050
7319,0.78380995
7320,0.63155257
7321,1.25753731
7322,1.24303034
7323,1.30223322
7324,1.64054890
7325,0.51187971
7326,1.51971173
7327,1.11877582
7328,0.87533213
7329,0.68289741
7330,0.19895460
7331,0.12883750
7332,1.22985292
7333,0.64184747
7334,0.28761615
7335,0.67924059
7336,1.00318030
7337,0.89388432
7338,0.12604458
7339,0.79370490
7340,1.63093965
7341,0.46332170
7342,0.56184499
7343,1.34988608
7344,1.28146107
7345,0.26609169
7346,0.51180902
7347,1.62111699
7348,0.39634389
7349,1.70459781
7350,1.48933449
7351,0.05953419
7352,0.42410288
7353,0.40080393
7354,1.70778377
7355,1.18629060
7356,0.49794092
7357,0.70453474
7358,0.12967297
7359,0.85497411
7360,0.13261294
7361,1.52515205
7362,0.14900969
7363,0.53668713
7364,0.56405135
7365,0.80299183
7366,0.44418449
7367,1.15960468
7368,1.40906410
7369,1.47415189
7370,0.75556293
7371,1.59818314
7372,1.26864028
7373,0.03769155
7374,0.09303477
7375,1.35980921
7376,1.01506661
7377,0.16721719
7378,0.10424491
7379,0.87285295
7380,0.03687086
7381,0.87807882
7382,1.27224039
7383,1.58754035
7384,1.15714817
7385,0.79007580
7386,1.03587749
7387,1.33150751
7388,1.10469687
7389,0.48387940
7390,0.30761678
7391,1.67190577
7392,0.08780438
7393,0.12245310
7394,1.47164065
7395,0.54334291
7396,0.10089462
7397,0.40187744
7398,0.61007875
7399,0.27074403
7400,1.35107050
7401,0.98966540
7402,1.56268524
7403,0.90395935
7404,1.65812244
7405,0.18059770
7406,1.42590413
7407,1.52982844
7408,1.19111071
7409,0.70119722
7410,0.17280261
7411,1.13347349
7412,0.63772041
7413,0.08613027
7414,0.14614175
7415,0.87974209
7416,0.33721387
7417,1.02794258
7418,1.54992225
7419,0.66353394
7420,1.48964583
7421,0.94763355
7422,1.51728914
7423,1.06037664
7424,1.54844563
7425,0.31290739
7426,0.87683139
7427,0.81388439
7428,0.14073675
7429,1.60468499
7430,0.61774918
7431,1.62808581
7432,0.18864639
7433,0.59201157
7434,1.33295596
7435,1.66449721
7436,1.06031766
7437,1.65772930
7438,0.43685322
7439,0.08733793
7440,0.24269370
7441,1.42171449
7442,0.45679323
7443,0.43634901
7444,0.52041366
7445,0.19824399
7446,0.14098202
7447,1.70351875
7448,1.63389679
7449,1.45097325
7450,1.65911912
7451,1.07650362
7452,0.78153242
7453,1.25673487
7454,0.86731003
7455,0.99370445
7456,1.07277081
7457,1.19723261
7458,1.35246359
7459,1.63284055
7460,0.19452015
7461,0.11308261
7462,0.51920259
7463,0.76126367
7464,0.02571162
7465,0.13053027
7466,0.55619364
7467,1.56284918
7468,0.38804142
7469,0.24525353
7470,0.91058164
7471,0.80354961
7472,0.57938249
7473,1.01246734
7474,0.35907849
7475,1.32495755
7476,0.47163437
7477,0.09127953
7478,0.72907529
7479,0.39995686
7480,0.12602178
7481,0.68262599
7482,0.44557281
7483,0.51772081
7484,0.06094808
7485,0.13208848
7486,0.19103665
7487,0.49417753
7488,0.00680993
7489,0.95851584
7490,1.05661802
7491,1.24354321
7492,1.68205894
7493,1.23713595
7494,1.68888861
7495,1.35643973
7496,1.49799640
7497,1.12444392
7498,0.88010490
7499,0.79321458
7500,0.62755500
7501,0.31510473
7502,1.00623766
7503,1.21725602
7504,0.11841190
7505,1.47748963
7506,1.48221640
7507,0.44137999
7508,1.15609130
7509,1.51207772
7510,0.35315417
7511,0.96710953
7512,0.53019085
7513,0.47761116
7514,1.37177568
7515,0.10989299
7516,0.35291848
7517,1.69309122
7518,1.51859717
7519,0.51527982
7520,0.52359257
7521,0.74089049
7522,0.73285558
7523,0.88864681
7524,1.11565688
7525,1.46715788
7526,1.54317272
7527,1.21019632
7528,1.43157668
7529,1.16618394
7530,0.32681359
7531,0.02932072
7532,0.55265646
7533,1.61045431
7534,0.54172116
7535,1.14329729
7536,0.45286549
7537,0.95794859
7538,1.12416653
7539,0.84556097
7540,1.48752626
7541,0.52355830
7542,0.87094926
7543,1.57026781
7544,0.65307538
7545,1.34288784
7546,1.13626008
7547,1.18146036
7548,1.41593133
7549,0.89794937
7550,0.91493052
7551,0.97237871
7552,0.76776581
7553,1.40488055
7554,0.38393765
7555,0.02436373
7556,1.56161320
7557,1.31869693
7558,1.53681887
7559,0.11479150
7560,1.34739551
7561,0.08647128
7562,0.69009723
7563,0.80185491
7564,0.79747139
7565,1.20809468
7566,0.33430162
7567,0.03273595
7568,1.39099495
7569,0.29700091
7570,0.59509238
7571,0.57281939
7572,0.33339062
7573,1.41719211
7574,1.07977495
7575,1.52244300
7576,1.57055131
7577,1.22153073
7578,1.62375299
7579,1.16216719
7580,0.19350597
7581,0.32294404
7582,0.58212915
7583,1.39617608
7584,1.05943822
7585,1.10029060
7586,0.00859478
7587,1.15440977
7588,1.49865761
7589,0.08078545
7590,0.49500092
7591,0.55297053
7592,1.43382502
7593,1.44778860
7594,0.98864505
7595,0.91682558
7596,0.91816727
7597,0.33282034
7598,0.46164704
7599,1.33248763
7600,0.88570752
7601,0.91289588
7602,1.22633979
7603,0.22268271
7604,0.98729389
7605,0.10021508
7606,0.91140052
7607,1.13452409
7608,0.08939881
7609,1.33209934
7610,1.14755718
7611,0.88994860
7612,1.44415460
7613,0.65236718
7614,0.90566784
7615,0.22006717
7616,0.10737667
7617,1.06130624
7618,1.52675701
7619,1.11788960
7620,0.75368678
7621,0.87693639
7622,1.49283639
7623,0.81368056
7624,1.46645161
7625,1.33150417
7626,0.51494997
7627,1.45446070
7628,0.54058732
7629,0.63585474
7630,1.07910087
7631,0.50827841
7632,1.39759047
7633,0.19965309
7634,1.50868598
7635,1.30980158
7636,1.50604016
7637,1.25434013
7638,0.29333695
7639,1.65142524
7640,0.40180838
7641,0.31376326
7642,0.64824083
7643,0.53949015
7644,0.17220632
7645,1.56312101
7646,0.74121856
7647,1.59506154
7648,0.95040752
7649,0.01987032
7650,0.51226532
7651,0.66132116
7652,0.02330448
7653,0.52259037
7654,0.34822457
7655,0.69877668
7656,1.31746845
7657,0.81047181
7658,0.43260054
7659,1.31830014
7660,0.04215777
7661,0.70970145
7662,1.28180200
7663,0.30777515
7664,1.20325445
7665,0.69227236
7666,1.59879198
7667,1.09317800
7668,0.19593367
7669,0.37712765
7670,1.06099045
7671,1.65221907
7672,0.70045278
7673,0.05817000
7674,0.71950820
7675,1.03476086
7676,0.16118730
7677,0.08158848
7678,0.62017702
7679,1.13682657
7680,1.41571345
7681,1.59853200
7682,0.94244736
7683,0.92654894
7684,0.69781646
7685,1.56145829
7686,0.34877899
7687,1.38446020
7688,0.09449370
7689,0.83977500
7690,0.04922809
7691,0.39058809
7692,1.18073282
7693,1.39105738
7694,0.71844237
7695,0.20637855
7696,0.79469867
7697,1.55488230
7698,1.48888936
7699,1.37524051
7700,0.98004615
7701,0.64878070
7702,1.49335510
7703,0.91939403
7704,0.76085413
7705,0.32304900
7706,1.71752154
7707,0.74277950
7708,0.90657180
7709,0.57515298
7710,0.58116715
7711,0.83394770
7712,1.17489159
7713,1.57400808
7714,0.90083112
7715,1.31165324
7716,0.67494362
7717,0.72847809
7718,1.23083931
7719,0.66964332
7720,1.02493617
7721,0.34967569
7722,1.22423548
7723,0.88226421
7724,0.74281371
7725,1.35246655
7726,0.24390693
7727,0.13440231
7728,0.18855388
7729,0.19977331
7730,1.12473566
7731,1.21436397
7732,0.89557652
7733,0.10762163
7734,0.49795171
7735,0.86890821
7736,0.51084969
7737,0.68299101
7738,0.58224361
7739,0.41917872
7740,0.56208148
7741,0.79943355
7742,0.72802246
7743,0.44252073
7744,0.68095870
7745,1.14426869
7746,0.53522023
7747,0.89134995
7748,0.94248267
7749,1.01953814
7750,1.13475497
7751,0.64797482
7752,0.95212724
7753,1.48922337
7754,0.32069878
7755,1.02871311
7756,0.14546849
7757,0.55584291
7758,0.36389854
7759,0.48796066
7760,1.18097896
7761,1.15748656
7762,0.50188555
7763,0.56891747
7764,1.35143416
7765,0.62589951
7766,0.95094692
7767,0.89581980
7768,0.05726667
7769,1.12067823
7770,1.25226682
7771,1.29945304
7772,1.37536404
7773,0.80481177
7774,1.51583523
7775,0.39914990
7776,0.42475077
7777,0.50345430
7778,0.18988997
7779,1.33136069
7780,0.36887305
7781,0.82311922
7782,1.10266630
7783,0.69621272
7784,1.31528647
7785,0.32718674
7786,1.11882429
7787,0.66392715
7788,1.61713368
7789,1.18514622
7790,0.37607439
7791,0.57302536
7792,0.80280964
7793,0.87077707
7794,0.33740798
7795,1.72317145
7796,0.43840605
7797,0.53678218
7798,1.04801598
7799,0.04691455
7800,0.80007703
7801,0.02295781
7802,0.99499672
7803,0.64712880
7804,1.15855302
7805,1.38274398
7806,1.69031425
7807,0.63539374
7808,0.99119140
7809,1.51185853
7810,0.82458923
7811,0.12762833
7812,0.02290788
7813,0.04255538
7814,0.88762661
7815,0.19554482
7816,0.65477753
7817,0.17501081
7818,0.68262285
7819,1.44400567
7820,0.48891957
7821,0.28264344
7822,0.00403475
7823,0.28157488
7824,0.09240807
7825,0.81607994
7826,0.49802224
7827,0.06173693
7828,1.09003986
7829,0.30929348
7830,0.23837267
7831,1.02295497
7832,0.68118559
7833,1.21493574
7834,0.24381688
7835,0.34105193
7836,0.09708646
7837,0.06910526
7838,0.31767296
7839,0.93339092
7840,1.37605206
7841,1.45165016
7842,0.59237411
7843,1.14747566
7844,0.77451330
7845,0.71648314
7846,0.64066856
7847,0.09595222
7848,1.36394131
7849,0.02578344
7850,0.06509344
7851,1.28235072
7852,1.43919129
7853,0.96215030
7854,1.49673704
7855,0.71987368
7856,0.49583829
7857,0.36965320
7858,1.11356746
7859,0.49827082
7860,0.01293726
7861,0.93380351
7862,1.57709239
7863,0.76488558
7864,0.05204818
7865,0.94152064
7866,0.65979536
7867,1.06253317
7868,0.03947374
7869,0.71181623
7870,0.91162542
7871,0.44193233
7872,0.10033523
7873,1.14595151
7874,0.45360726
7875,0.99903297
7876,1.57431217
7877,0.03681093
7878,1.14977630
7879,0.01271827
7880,0.11731798
7881,1.29790340
7882,1.50232764
7883,0.25472693
7884,1.39292756
7885,0.14455517
7886,1.54894624
7887,0.20958800
7888,0.42818512
7889,0.96395848
7890,1.46501906
7891,0.60590366
7892,0.74901638
7893,0.91950883
7894,1.15910637
7895,1.07167886
7896,0.67985558
7897,0.98584694
7898,1.49646910
7899,0.57594271
7900,0.79999933
7901,1.24413032
7902,0.89515625
7903,0.84631405
7904,0.11821506
7905,1.02499773
7906,0.18423319
7907,0.13915477
7908,0.78927808
7909,0.85286355
7910,0.42786825
7911,0.61424457
7912,1.02261812
7913,1.70916886
7914,0.50637357
7915,0.91124006
7916,0.76555877
7917,1.00342317
7918,1.47343625
7919,0.01405226
7920,0.81779715
7921,0.72907715
7922,0.51902798
7923,0.68497103
7924,1.55360256
7925,1.08852614
7926,1.12538301
7927,0.62683551
7928,1.42383020
7929,0.77306160
7930,0.30630288
7931,0.11830334
7932,1.55541659
7933,0.49551035
7934,1.29592034
7935,1.01443053
7936,1.25706915
7937,0.01647915
7938,1.37621219
7939,1.62079091
7940,0.38381290
7941,1.15076171
7942,0.06741951
7943,1.08504453
7944,0.48851729
7945,0.26633253
7946,0.39938456
7947,1.69021935
7948,1.34212845
7949,0.88789631
7950,0.49240223
7951,0.93049121
7952,1.38685341
7953,0.38153973
7954,0.66262261
7955,0.98134292
7956,1.18345146
7957,1.40487850
7958,1.05325181
7959,1.36362008
7960,0.95652167
7961,0.39953475
7962,1.71805115
7963,0.33345346
7964,0.27244618
7965,0.27052258
7966,0.94658139
7967,1.31350686
7968,1.57643057
7969,0.35786600
7970,1.09209257
7971,0.53886946
7972,0.34890393
7973,1.00310650
7974,1.24535556
7975,1.07897833
7976,0.67482607
7977,1.62600682
7978,1.04969549
7979,0.01744376
7980,1.27678854
7981,1.20290449
7982,0.01139828
7983,1.10220606
7984,0.13363445
7985,0.25658511
7986,0.17541649
7987,0.89201781
7988,0.01552369
7989,1.17300247
7990,1.61379505
7991,1.06761487
7992,0.15746294
7993,0.70370735
7994,0.14715593
7995,0.25197867
7996,0.51176190
7997,1.72109845
7998,1.14516813
7999,0.67486220
8000,0.05929723
8001,0.83789885
8002,1.18458435
8003,0.99725676
8004,1.19976988
8005,0.69364929
8006,0.08860514
8007,0.60473600
8008,1.52116972
8009,0.79878840
8010,1.48335781
8011,1.05594876
8012,1.22054208
8013,0.77250609
8014,0.64507577
8015,0.27327916
8016,0.06445728
8017,0.97462140
8018,1.40164707
8019,0.29379993
8020,0.58376357
8021,1.34809186
8022,1.03669219
8023,0.80307751
8024,1.05207786
8025,1.12007220
8026,1.09934361
8027,0.45827097
8028,0.29464584
8029,0.07426658
8030,0.64079937
8031,1.31170604
8032,1.01287700
8033,0.48146870
8034,0.56248013
8035,0.87435702
8036,0.18444459
8037,0.21860383
8038,0.19622684
8039,0.90820516
8040,1.23188187
8041,0.96910179
8042,1.26546309
8043,1.38785780
8044,0.82202955
8045,1.32250847
8046,0.08440279
8047,0.84978914
8048,0.07246821
8049,0.64288271
8050,0.51738657
8051,0.90206451
8052,0.87070080
8053,1.06811567
8054,0.65618087
8055,1.69322916
8056,0.20588500
8057,0.59240508
8058,0.30929570
8059,1.51584249
8060,0.64374495
8061,0.64049069
8062,1.42183188
8063,1.60269718
8064,0.59056748
8065,1.60653482
8066,0.95282329
8067,1.48406143
8068,0.90377270
8069,1.51741809
8070,1.43944737
8071,0.25055574
8072,0.47583698
8073,1.39672621
8074,1.39424683
8075,1.69826636
8076,0.86370013
8077,0.76728320
8078,1.18961584
8079,0.99170020
8080,0.72552765
8081,0.06688486
8082,0.15369415
8083,0.96324288
8084,0.18334095
8085,0.98424017
8086,0.15149068
8087,0.37587280
8088,0.64119377
8089,0.78531830
8090,1.36381097
8091,1.61990384
8092,1.43085048
8093,1.34784375
8094,1.19775653
8095,0.77480481
8096,1.14087035
8097,1.60785906
8098,1.55437990
8099,0.97262374
8100,1.57259948
8101,0.85905532
8102,0.41595969
8103,0.93845489
8104,1.14039365
8105,0.46999972
8106,0.97212951
8107,0.89854150
8108,1.52934332
8109,1.16056460
8110,1.60640803
8111,1.04523863
8112,0.69647438
8113,1.05971898
8114,0.78619755
8115,1.10328116
8116,0.88709576
8117,1.48781448
8118,1.70582285
8119,0.86981272
8120,1.35300229
8121,1.03875633
8122,1.20579460
8123,1.61342800
8124,0.89902626
8125,0.04429809
8126,0.95028687
8127,1.09164588
8128,1.29295486
8129,0.28272271
8130,1.04364208
8131,0.58782529
8132,0.80146585
8133,0.59340547
8134,0.11117202
8135,1.33697230
8136,0.51394334
8137,1.15390045
8138,0.57044319
8139,0.95023282
8140,0.36233008
8141,1.44301010
8142,0.21564728
8143,1.53149743
8144,0.99587532
8145,0.80150650
8146,0.06645452
8147,1.60521429
8148,1.62199847
8149,1.23196535
8150,0.81443087
8151,1.34558065
8152,1.39942539
8153,0.41419064
8154,1.46046866
8155,1.33792225
8156,0.17776296
8157,1.04913916
8158,1.35556405
8159,0.65750909
8160,0.45325859
8161,0.84602483
8162,1.46308309
8163,0.90218886
8164,0.94199498
8165,1.59665272
8166,1.27921448
8167,0.38062447
8168,0.84393792
8169,1.38729289
8170,0.98720958
8171,1.16817532
8172,1.00444938
8173,0.46126256
8174,0.86685096
8175,1.59569415
8176,0.75419916
8177,1.12731952
8178,0.40840487
8179,0.71161752
8180,1.48096530
8181,0.99479867
8182,0.35689199
8183,0.15096229
8184,0.60240961
8185,0.76303835
8186,1.09015488
8187,0.70646126
8188,0.46859078
8189,0.04949938
8190,0.92950382
8191,1.60556164
8192,0.16532586
8193,0.63349490
8194,1.19160690
8195,0.04857766
8196,0.00984499
8197,0.36154984
8198,1.64870858
8199,0.94001003
8200,0.78400156
8201,1.48257419
8202,0.88414175
8203,0.61377062
8204,0.85542832
8205,0.00389020
8206,0.24784617
8207,1.69158898
8208,1.37523292
8209,1.16623729
8210,0.36530918
8211,0.34569529
8212,1.51964930
8213,1.63537702
8214,1.40903345
8215,0.71969950
8216,0.01900957
8217,0.73495862
8218,0.11817163
8219,1.42219975
8220,0.15544989
8221,1.12752945
8222,0.03195409
8223,1.58179694
8224,0.74598089
8225,1.49726610
8226,1.26815957
8227,0.91978059
8228,0.57395853
8229,0.58439149
8230,0.59265962
8231,0.24360100
8232,0.51486057
8233,0.19091125
8234,0.31300864
8235,1.40783505
8236,0.55878849
8237,1.40804714
8238,1.35225570
8239,0.01590720
8240,1.18916729
8241,1.32027699
8242,0.39052064
8243,0.06476263
8244,0.44665154
8245,0.79196054
8246,1.47082569
8247,0.50093778
8248,0.06562339
8249,1.59595966
8250,0.28679196
8251,0.70068777
8252,1.14329287
8253,0.53724566
8254,0.55402744
8255,1.48400578
8256,1.04109348
8257,0.02976524
8258,0.95090640
8259,0.42431485
8260,0.27285541
8261,0.68179599
8262,0.60238910
8263,1.59176778
8264,0.40977176
8265,0.79768957
8266,0.42450425
8267,0.31665213
8268,0.96333335
8269,0.79275252
8270,1.02964700
8271,0.91265208
8272,1.57724670
8273,1.26652388
8274,0.63326339
8275,1.66895991
8276,0.82361559
8277,0.90340776
8278,0.38666026
8279,0.86421314
8280,0.02362102
8281,1.25602757
8282,1.41860065
8283,1.10272757
8284,0.73577403
8285,0.90015563
8286,0.13976164
8287,0.02687392
8288,0.45653568
8289,1.50557353
8290,0.35863136
8291,1.36967572
8292,0.77665699
8293,0.33555617
8294,1.51474104
8295,1.25415385
8296,1.33656410
8297,1.69587291
8298,0.87406796
8299,0.43062484
8300,0.25762142
8301,1.09012939
8302,0.89398320
8303,0.32260010
8304,0.36380535
8305,1.11682308
8306,1.41799893
8307,0.19160733
8308,0.66681023
8309,1.08651574
8310,1.57658154
8311,0.12775855
8312,1.33410880
8313,1.23634140
8314,1.45444185
8315,0.28298824
8316,0.23781654
8317,0.31135498
8318,0.70620087
8319,1.07560518
8320,0.53194525
8321,0.57879297
8322,0.30720202
8323,0.66201118
8324,1.29905733
8325,1.63195226
8326,0.04630443
8327,1.43238350
8328,1.17332736
8329,0.63240934
8330,1.66587590
8331,1.71109662
8332,0.70584011
8333,0.21883902
8334,1.04554086
8335,1.40904623
8336,1.58560347
8337,1.50881589
8338,1.10825369
8339,1.33637750
8340,0.24432667
8341,0.19602674
8342,0.45405460
8343,0.34427596
8344,0.47436509
8345,0.33926483
8346,1.20671706
8347,1.56931702
8348,0.49807827
8349,0.57429256
8350,0.77895317
8351,0.08562783
8352,1.44122949
8353,0.81109022
8354,0.35387821
8355,1.68583964
8356,1.47405497
8357,1.32715530
8358,1.17960914
8359,0.21463809
8360,1.38753048
8361,1.36360981
8362,1.20711795
8363,0.58750216
8364,0.32831257
8365,1.37364161
8366,1.26798094
8367,0.14710276
8368,0.90495637
8369,1.09556387
8370,0.46059250
8371,1.30786705
8372,0.53566532
8373,1.36892986
8374,0.86599563
8375,0.63946867
8376,1.04967602
8377,1.42527767
8378,0.05138014
8379,0.09846881
8380,0.48664390
8381,0.14840402
8382,0.71943692
8383,1.20159196
8384,0.29424801
8385,1.22262321
8386,0.42216533
8387,0.45634724
8388,0.50207317
8389,0.65079797
8390,0.72705193
8391,1.52111342
8392,0.59363008
8393,0.81372623
8394,1.60482677
8395,0.13871713
8396,1.12205620
8397,0.40145052
8398,0.23679334
8399,0.33820466
8400,1.36950086
8401,1.23603857
8402,1.56543834
8403,0.79858700
8404,1.71278596
8405,0.90002738
8406,1.37548358
8407,1.51029972
8408,0.40955655
8409,0.81307610
8410,0.83652822
8411,1.29525401
8412,1.49505210
8413,0.63387305
8414,0.09430971
8415,1.44312343
8416,1.00410207
8417,1.11497888
8418,0.00410491
8419,0.36821776
8420,0.60960535
8421,0.11224673
8422,0.46341005
8423,1.71160666
8424,0.18641845
8425,0.91149726
8426,0.90481914
8427,0.01280066
8428,0.83029118
8429,1.20541618
8430,0.43181100
8431,1.65503061
8432,0.67848482
8433,0.82730406
8434,0.21273384
8435,0.35387871
8436,0.72462437
8437,1.54754382
8438,0.69375193
8439,0.31325600
8440,0.17068195
8441,1.01639988
8442,1.13256259
8443,1.14294579
8444,1.29565640
8445,1.48286782
8446,0.92029323
8447,0.11457707
8448,0.82224021
8449,1.50410041
8450,1.17785102
8451,0.41129544
8452,0.77369944
8453,0.93653245
8454,0.94795457
8455,1.47368985
8456,0.78476778
8457,0.61991096
8458,1.57510382
8459,0.08520171
8460,1.39005330
8461,0.65263194
8462,1.48622325
8463,0.45586543
8464,0.50355787
8465,0.50499758
8466,1.63453803
8467,1.59797538
8468,0.97543848
8469,1.07414110
8470,0.48065197
8471,0.84333931
8472,0.41918643
8473,0.91806094
8474,0.33026288
8475,1.05121023
8476,1.63977960
8477,1.42733538
8478,0.65912682
8479,0.45171281
8480,1.22784782
8481,1.24014531
8482,1.54509090
8483,1.55700121
8484,1.70527430
8485,0.17359070
8486,1.34896631
8487,1.24663323
8488,1.50208150
8489,0.21104671
8490,1.46531110
8491,0.08642845
8492,0.04589400
8493,1.36102633
8494,0.31279207
8495,0.60189443
8496,0.19511554
8497,0.27389554
8498,0.94479920
8499,0.70907821
8500,0.36442388
8501,0.10088972
8502,0.87515455
8503,1.47150497
8504,0.15825972
8505,1.24833862
8506,1.51281354
8507,1.15365718
8508,1.09976476
8509,1.42336590
8510,0.25958207
8511,0.25185743
8512,0.73494192
8513,0.90394093
8514,0.02070023
8515,0.80471176
8516,0.21056258
8517,1.55093259
8518,0.10413081
8519,0.23091825
8520,1.13973160
8521,1.08133315
8522,0.22030046
8523,1.21906084
8524,0.79859090
8525,0.89140309
8526,1.19837451
8527,0.83745074
8528,1.25962235
8529,0.31114428
8530,0.52184142
8531,1.61602817
8532,1.42390855
8533,1.57776091
8534,1.36473896
8535,0.57882758
8536,0.60814032
8537,0.63341711
8538,0.49256803
8539,0.21187179
8540,0.66794104
8541,0.78438694
8542,0.36980701
8543,0.19929243
8544,0.46832830
8545,1.30902287
8546,0.73337307
8547,0.89368729
8548,1.21627297
8549,1.63580204
8550,1.64557533
8551,1.02522925
8552,1.14458763
8553,0.46705207
8554,0.42679173
8555,0.12049022
8556,1.62543133
8557,0.09602409
8558,0.49581283
8559,0.97093147
8560,0.88752350
8561,1.32403957
8562,0.91908757
8563,0.66136063
8564,0.15499039
8565,0.98730614
8566,0.62152381
8567,0.59345180
8568,1.27179222
8569,1.57871316
8570,1.35193982
8571,0.71509057
8572,1.07323582
8573,1.13582754
8574,1.39660154
8575,1.64423314
8576,0.53787014
8577,0.34427327
8578,0.74375025
8579,0.68284005
8580,1.68137614
8581,0.93216363
8582,1.00005635
8583,1.51359956
8584,0.94692973
8585,0.98888612
8586,0.04500556
8587,1.69441440
8588,1.57486631
8589,1.68664224
8590,0.87358044
8591,0.41261835
8592,1.66163832
8593,0.18391367
8594,1.65022525
8595,0.26941799
8596,0.76360325
8597,1.03414111
8598,0.29241446
8599,0.32085552
8600,1.05057619
8601,0.01460657
8602,1.26779084
8603,0.92613751
8604,1.67616157
8605,0.70490559
8606,0.07002953
8607,1.06655248
8608,0.43810940
8609,0.68732438
8610,0.39351907
8611,0.60552680
8612,0.46184238
8613,0.53082233
8614,0.68257172
8615,0.71449445
8616,0.58750290
8617,0.09986437
8618,0.62861671
8619,0.10336696
8620,1.71034550
8621,1.17734255
8622,0.44792487
8623,0.99328376
8624,0.84628258
8625,0.02816936
8626,1.60548028
8627,0.96568442
8628,0.69499382
8629,1.10306830
8630,0.14428167
8631,1.29992612
8632,0.52601124
8633,1.29450213
8634,1.30772260
8635,0.06351074
8636,0.70523926
8637,0.25493605
8638,1.50732116
8639,0.65651040
8640,1.06945067
8641,1.69058925
8642,0.64244449
8643,1.16829605
8644,0.37796276
8645,1.60578643
8646,0.19142291
8647,0.71391556
8648,0.79277170
8649,1.58162089
8650,0.32549827
8651,0.68486987
8652,1.60336550
8653,0.35562674
8654,1.59777790
8655,1.59483707
8656,0.52451768
8657,1.63585128
8658,0.69843768
8659,0.83717966
8660,0.13732365
8661,1.28671644
8662,1.13402976
8663,0.07242062
8664,0.63839379
8665,1.58307423
8666,1.42199327
8667,0.17276401
8668,0.86884844
8669,0.63237640
8670,1.53985564
8671,0.42397556
8672,0.10553870
8673,0.49963839
8674,1.15267862
8675,0.13720310
8676,1.28749725
8677,0.48548220
8678,0.68190421
8679,0.82803315
8680,1.54184675
8681,1.16012801
8682,1.14447583
8683,0.29683842
8684,0.02402192
8685,0.09653232
8686,1.01920935
8687,0.02738145
8688,1.35347099
8689,1.68808119
8690,1.09309203
8691,1.60925998
8692,0.19617280
8693,0.54726465
8694,0.22617153
8695,1.43525110
8696,0.63194971
8697,1.12314168
8698,1.19828426
8699,1.00049710
8700,1.05232981
8701,0.49546328
8702,1.49155114
8703,0.64025512
8704,0.38923570
8705,1.71236613
8706,1.09893503
8707,0.47642897
8708,0.83137063
8709,1.69568395
8710,0.70528869
8711,1.34428157
8712,1.49591261
8713,0.06015782
8714,1.66575239
8715,1.34657010
8716,0.29314342
8717,1.13041296
8718,0.44594193
8719,0.88968322
8720,1.25546290
8721,0.06840430
8722,0.39119452
8723,1.15469279
8724,1.51351020
8725,0.25454662
8726,1.00005080
8727,0.74619595
8728,1.26168570
8729,1.47675785
8730,0.97291990
8731,0.87101204
8732,0.14577949
8733,1.72053354
8734,1.07999208
8735,0.97355842
8736,0.06184845
8737,0.55224286
8738,0.57312851
8739,1.45261438
8740,1.70969403
8741,1.70165461
8742,1.10841419
8743,1.70345186
8744,0.55001848
8745,1.51363677
8746,0.71905412
8747,1.69061268
8748,0.18296734
8749,0.14235678
8750,1.50998413
8751,1.51591365
8752,0.23371440
8753,1.70423385
8754,1.55905865
8755,0.04949181
8756,0.57006836
8757,1.19049088
8758,0.04140883
8759,0.88253548
8760,1.45276072
8761,1.50461720
8762,0.74569932
8763,1.54597376
8764,0.74008962
8765,1.04659813
8766,1.21199762
8767,0.48698165
8768,0.09303140
8769,0.07017780
8770,1.16588594
8771,0.02130751
8772,1.02768595
8773,0.31030396
8774,0.08914799
8775,1.37400759
8776,1.67469876
8777,1.58233858
8778,0.60941853
8779,0.51375696
8780,1.47413099
8781,0.93795863
8782,1.08741543
8783,0.91911723
8784,1.02001473
8785,1.16498382
8786,1.15755401
8787,1.23368458
8788,0.34689610
8789,1.20125324
8790,1.40915748
8791,0.77297321
8792,1.03343138
8793,1.22661507
8794,1.35318165
8795,0.32178522
8796,0.39561787
8797,1.68476983
8798,0.19854990
8799,1.35177737
8800,1.70473805
8801,0.54386242
8802,0.50081692
8803,0.50755653
8804,0.92032824
8805,0.22513691
8806,1.24495269
8807,0.97329999
8808,1.47845490
8809,0.29346032
8810,1.61108013
8811,0.78801258
8812,1.13024514
8813,0.62484036
8814,1.15612576
8815,1.36386252
8816,1.43666058
8817,0.35071324
8818,0.29386421
8819,0.66020385
8820,1.61941912
8821,0.77847948
8822,0.21343006
8823,0.72129525
8824,0.12323419
8825,0.70853454
8826,0.44321597
8827,0.94008740
8828,0.59660187
8829,0.97714267
8830,0.88689270
8831,0.40646185
8832,1.50140560
8833,1.64243102
8834,0.96167327
8835,1.39705449
8836,0.05539910
8837,0.63369710
8838,0.55681173
8839,1.64239123
8840,0.01022580
8841,1.69897728
8842,0.02139517
8843,1.05702117
8844,1.50293759
8845,0.47173217
8846,0.26684362
8847,0.86143763
8848,0.03762273
8849,0.09926953
8850,0.59079849
8851,0.54645864
8852,0.56649411
8853,1.10213577
8854,0.87841891
8855,0.91909842
8856,0.40614352
8857,0.05475754
8858,1.29277529
8859,1.00745228
8860,1.59097876
8861,0.62745700
8862,1.13355899
8863,1.51398861
8864,1.46614542
8865,1.00370472
8866,1.19269781
8867,0.01340514
8868,1.06085139
8869,0.85304801
8870,1.70411593
8871,0.98495246
8872,0.35002578
8873,0.77423398
8874,0.22165919
8875,1.47343552
8876,0.39303770
8877,1.43769854
8878,0.73343741
8879,0.20728241
8880,1.62429579
8881,0.54624583
8882,0.48797248
8883,0.43055860
8884,1.64782541
8885,0.06024668
8886,0.89864884
8887,0.22188226
8888,0.43359240
8889,1.06689022
8890,0.39622714
8891,1.43321532
8892,0.69631611
8893,1.30529643
8894,1.26406312
8895,1.32807865
8896,0.04180038
8897,1.15586788
8898,0.62833480
8899,0.77340955
8900,0.67017844
8901,1.35896945
8902,1.68853918
8903,1.44527948
8904,1.33645912
8905,1.62707017
8906,0.87869921
8907,0.21355709
8908,0.51186647
8909,1.64253459
8910,1.56280218
8911,0.20760067
8912,0.76534667
8913,0.99089522
8914,0.33016780
8915,0.68978736
8916,0.99255902
8917,1.72099662
8918,0.77864234
8919,1.54666274
8920,0.45831275
8921,0.08636875
8922,0.38625222
8923,1.29205836
8924,0.54320326
8925,0.11740996
8926,0.95942444
8927,0.27922965
8928,0.63155473
8929,0.15017789
8930,0.93282220
8931,0.39094763
8932,1.27868168
8933,0.58385760
8934,1.29015458
8935,0.70979222
8936,1.35749517
8937,0.00624715
8938,0.71786206
8939,0.57145572
8940,0.54846400
8941,1.29134998
8942,1.15319501
8943,1.07640306
8944,1.42856344
8945,0.30593156
8946,1.25853670
8947,1.12332845
8948,1.34490411
8949,1.02252654
8950,1.63035182
8951,1.42443554
8952,0.10518396
8953,1.15971249
8954,1.57863501
8955,0.42672965
8956,0.08337129
8957,0.12813174
8958,0.42527297
8959,0.24115022
8960,1.37264559
8961,0.74925941
8962,1.02014540
8963,1.40828502
8964,0.67548645
8965,0.62816938
8966,0.62298549
8967,1.15642582
8968,0.87789556
8969,1.51327375
8970,0.75004132
8971,0.35855809
8972,0.33242219
8973,0.72367455
8974,0.71975388
8975,1.43497025
8976,1.57270779
8977,0.38732277
8978,0.20548486
8979,0.58044406
8980,1.37499920
8981,1.31104377
8982,1.34659573
8983,1.71700489
8984,0.75148389
8985,0.41799523
8986,0.97702377
8987,0.65134346
8988,1.10128970
8989,0.97145066
8990,0.75343730
8991,0.53214535
8992,0.67953593
8993,1.09298062
8994,0.78355547
8995,0.09287167
8996,1.40271346
8997,1.14374031
8998,1.36572955
8999,1.21838532
9000,0.16666580
9001,0.84475724
9002,0.85983690
9003,0.13007357
9004,0.89121885
9005,1.59184225
9006,1.72082312
9007,0.37462206
9008,1.49783036
9009,0.04765745
9010,1.45119627
9011,0.77616350
9012,0.71328762
9013,0.29310804
9014,1.64502160
9015,1.18254942
9016,1.60113720
9017,0.36251810
9018,0.50156325
9019,1.46748563
9020,0.80795527
9021,1.20645669
9022,1.71368373
9023,0.94659839
9024,0.72763598
9025,0.34617294
9026,1.57618978
9027,0.39494188
9028,1.69653907
9029,1.67006419
9030,0.58874290
9031,0.71422307
9032,1.17197918
9033,0.03969218
9034,1.30308018
9035,0.42281012
9036,0.18466975
9037,1.27586570
9038,1.35486199
9039,1.25890591
9040,1.09760655
9041,0.59844438
9042,1.57509943
9043,0.44750802
9044,0.27439559
9045,1.34621728
9046,1.27797689
9047,0.50312333
9048,0.95051075
9049,0.78816313
9050,0.98873722
9051,1.48016030
9052,0.41526062
9053,0.82990073
9054,1.17197394
9055,0.14299510
9056,0.65728033
9057,0.44674120
9058,0.97698355
9059,1.60116660
9060,0.98946107
9061,0.61412986
9062,0.99119863
9063,0.69409825
9064,0.83063732
9065,0.18790300
9066,0.92849961
9067,0.96284707
9068,0.58402024
9069,1.20980916
9070,1.17811963
9071,1.45336045
9072,0.73662472
9073,0.64094851
9074,1.12910547
9075,0.35111452
9076,0.62842433
9077,0.55459505
9078,1.02305447
9079,1.60397172
9080,0.33840319
9081,1.54413007
9082,0.74616707
9083,0.74424000
9084,0.68612966
9085,1.08337768
9086,1.25045024
9087,0.83950137
9088,1.26858923
9089,0.99509864
9090,0.32794473
9091,0.13816329
9092,1.23904300
9093,1.72492432
9094,0.95182510
9095,0.50800488
9096,0.67632361
9097,0.72390663
9098,1.36486252
9099,1.65242050
9100,0.56393470
9101,0.93552948
9102,1.39065809
9103,0.18264707
9104,1.15981125
9105,0.61220876
9106,0.64836880
9107,0.07163392
9108,1.14044827
9109,0.68064966
9110,0.77497496
9111,1.40836401
9112,0.02490507
9113,1.71902649
9114,0.50885211
9115,0.06741327
9116,1.62701658
9117,0.88246758
9118,0.01030713
9119,0.52063515
9120,1.24098456
9121,0.47728921
9122,0.52496355
9123,1.58550603
9124,0.85267621
9125,0.96978666
9126,1.27987560
9127,1.53209754
9128,1.68620375
9129,0.58694940
9130,0.91544995
9131,1.68862667
9132,1.70890008
9133,0.97284623
9134,0.45073570
9135,0.48043391
9136,0.77923360
9137,0.56664079
9138,1.63641963
9139,1.51859136
9140,1.35832982
9141,1.01188021
9142,1.08396340
9143,1.45770559
9144,0.07673169
9145,1.08079844
9146,0.29849647
9147,0.71776792
9148,1.41926660
9149,1.17911520
9150,0.32027488
9151,1.03817511
9152,0.51360274
9153,1.45885466
9154,0.14501431
9155,0.18167344
9156,0.39029492
9157,1.70602755
9158,0.14664822
9159,1.05456581
9160,0.56655842
9161,0.03048260
9162,0.57706407
9163,0.37884059
9164,1.61580363
9165,0.22513260
9166,1.67894691
9167,1.20853972
9168,1.55193020
9169,0.97104974
9170,1.39150976
9171,0.60005574
9172,0.51143355
9173,0.55337049
9174,1.04617419
9175,0.81030516
9176,1.37869844
9177,1.65222709
9178,1.43643190
9179,1.24458328
9180,0.12241873
9181,0.89016976
9182,1.29062984
9183,1.07312076
9184,1.10605109
9185,0.96532771
9186,0.23362296
9187,1.72303698
9188,1.54188933
9189,1.64612516
9190,0.29736270
9191,1.65985478
9192,1.62623310
9193,0.62990831
9194,1.58748824
9195,1.39081426
9196,0.17592988
9197,0.26111381
9198,0.02152397
9199,1.66466707
9200,0.48413200
9201,1.40790936
9202,0.07274272
9203,0.55589816
9204,0.66522069
9205,0.65384724
9206,0.46424604
9207,0.74378293
9208,0.56423466
9209,0.98993993
9210,0.45956435
9211,0.74007901
9212,0.06667984
9213,0.48423690
9214,1.43589404
9215,1.41104573
9216,1.06188007
9217,0.42150843
9218,0.89870810
9219,1.27832421
9220,1.62825550
9221,0.23492171
9222,1.37891003
9223,1.71368508
9224,0.60412230
9225,0.16882980
9226,0.55680888
9227,1.49791987
9228,0.02660171
9229,0.30082486
9230,1.33922748
9231,1.43336150
9232,0.07879717
9233,0.44041997
9234,0.33071166
9235,0.92774680
9236,1.52878209
9237,0.34822216
9238,0.83156649
9239,1.39202156
9240,0.32117054
9241,1.00456815
9242,0.34959501
9243,0.72074131
9244,0.26461543
9245,0.51152368
9246,0.78652752
9247,0.76585270
9248,0.90644550
9249,0.93220880
9250,0.44255193
9251,1.30391871
9252,0.35844181
9253,1.31916272
9254,1.66541111
9255,1.52535369
9256,0.05406003
9257,0.72471798
9258,1.24641553
9259,0.72924588
9260,1.20569027
9261,1.37051617
9262,0.43827319
9263,0.20474919
9264,0.16106878
9265,1.65742619
9266,0.22515410
9267,0.55715395
9268,1.50787945
9269,0.17388043
9270,0.64563436
9271,1.57817669
9272,0.26855883
9273,0.73420670
9274,0.46376090
9275,1.72339130
9276,1.09670175
9277,0.70432375
9278,0.96504217
9279,0.81886598
9280,0.63466122
9281,1.13438136
9282,0.75220876
9283,1.59318582
9284,0.62015475
9285,1.30451302
9286,0.66025420
9287,0.73130077
9288,0.42539695
9289,0.91539842
9290,1.10230360
9291,1.71358502
9292,1.24802939
9293,0.14617523
9294,0.86647172
9295,0.95654371
9296,1.22123238
9297,0.54655233
9298,0.85393566
9299,0.97387107
9300,1.71880493
9301,0.00613338
9302,1.21442460
9303,0.87561006
9304,0.23996722
9305,1.46754637
9306,0.31659220
9307,0.28236964
9308,1.11585468
9309,1.40624290
9310,1.29162589
9311,1.17244631
9312,1.35628330
9313,0.43030664
9314,0.51048011
9315,0.57491073
9316,0.25405832
9317,0.74060617
9318,0.29944420
9319,0.79427209
9320,1.66196348
9321,1.39440191
9322,1.33984249
9323,1.21612330
9324,1.04758806
9325,0.41724476
9326,0.48395755
9327,0.86732860
9328,0.71499499
9329,1.12893099
9330,1.61553553
9331,0.70916144
9332,0.04270034
9333,1.68892713
9334,1.36917056
9335,0.19877730
9336,1.49001987
9337,0.45165111
9338,0.88288538
9339,0.94961642
9340,0.35064391
9341,0.08083708
9342,1.65596054
9343,0.83868818
9344,0.72957051
9345,0.91436025
9346,0.49916135
9347,0.07322051
9348,1.51192879
9349,0.98126085
9350,0.18287514
9351,0.04515915
9352,1.32881960
9353,0.76650963
9354,1.55400606
9355,1.00864742
9356,0.20455194
9357,1.07564784
9358,0.04855246
9359,0.88460539
9360,0.62660518
9361,1.66178830
9362,0.31662523
9363,1.55727699
9364,0.40905503
9365,1.29872919
9366,0.34950579
9367,1.58846066
9368,1.35101462
9369,0.56223405
9370,1.37449539
9371,0.98180683
9372,0.13253390
9373,0.72813626
9374,1.43695932
9375,0.86350597
9376,1.68222460
9377,1.69037182
9378,0.39567980
9379,0.94688011
9380,0.74578573
9381,1.07583817
9382,0.58651202
9383,1.02221668
9384,1.61575529
9385,0.46369170
9386,0.76501529
9387,1.63437883
9388,0.48536448
9389,0.04898780
9390,0.97840443
9391,1.51400136
9392,0.74232193
9393,1.14949471
9394,0.61602909
9395,1.24433798
9396,0.27335078
9397,0.58343851
9398,0.88968714
9399,0.21279649
9400,0.27203722
9401,0.32882492
9402,0.62286281
9403,1.16257952
9404,1.54171824
9405,1.51092806
9406,0.17998897
9407,1.16847408
9408,0.59540085
9409,0.50666921
9410,1.34065908
9411,1.35093133
9412,1.20957058
9413,1.64683131
9414,0.86310750
9415,0.01902577
9416,1.12384757
9417,0.87717314
9418,0.81947627
9419,0.50578701
9420,0.27349541
9421,0.34174147
9422,0.83263579
9423,0.74851149
9424,1.65235362
9425,0.00481416
9426,0.66925175
9427,0.49353550
9428,1.07883587
9429,0.39410278
9430,0.40599133
9431,1.16703469
9432,1.13076597
9433,0.12874801
9434,1.14156354
9435,1.06442596
9436,1.26335776
9437,1.59943074
9438,1.19000573
9439,0.89593667
9440,0.37090642
9441,0.67873574
9442,0.00772843
9443,0.70769991
9444,0.69386524
9445,0.23105876
9446,0.44138071
9447,0.34726178
9448,0.68651702
9449,0.75014692
9450,1.07162382
9451,0.81573878
9452,0.33580672
9453,1.42870128
9454,0.81396739
9455,0.89260422
9456,1.67302009
9457,1.18207181
9458,0.32437817
9459,1.07246778
9460,0.01004113
9461,1.10242350
9462,0.89061121
9463,1.35473044
9464,0.30244745
9465,0.51099034
9466,1.20543673
9467,0.99759752
9468,1.34211670
9469,0.40319768
9470,1.57252735
9471,0.04544893
9472,0.90369173
9473,0.71973139
9474,1.38989615
9475,0.64857091
9476,0.96904359
9477,0.14363423
9478,0.65084003
9479,1.06154517
9480,1.38363153
9481,0.80239020
9482,1.59902641
9483,0.03888412
9484,0.56493444
9485,0.52156372
9486,0.80453073
9487,0.84802867
9488,0.60004967
9489,1.69785779
9490,1.66400362
9491,1.72024605
9492,0.37694449
9493,1.37062555
9494,0.01429115
9495,0.60507979
9496,1.63117751
9497,0.98908432
9498,0.22857833
9499,0.37000025
9500,0.59505715
9501,1.28082079
9502,0.75810202
9503,0.57211329
9504,0.47611159
9505,1.22209817
9506,0.10237789
9507,0.74141156
9508,1.37595724
9509,1.49560850
9510,0.77213551
9511,1.60412912
9512,1.49072712
9513,1.47246634
9514,0.38439818
9515,1.34688937
9516,0.11809650
9517,0.22132094
9518,1.25106577
9519,0.62582231
9520,1.57070754
9521,1.00860266
9522,1.00066389
9523,1.25824178
9524,1.49862009
9525,0.73668688
9526,0.37648894
9527,1.59518022
9528,0.78082185
9529,1.35445552
9530,1.44440041
9531,0.93360126
9532,0.96490102
9533,0.67578420
9534,0.57330349
9535,0.04035144
9536,0.10186196
9537,1.28558577
9538,1.04963937
9539,0.44561006
9540,0.55082583
9541,0.89257666
9542,1.70659033
9543,0.32333477
9544,0.21012737
9545,1.13634914
9546,1.70503549
9547,1.11738789
9548,1.65752627
9549,0.83153693
9550,0.31337612
9551,1.58907701
9552,0.55369344
9553,0.80834119
9554,0.94902131
9555,1.05389087
9556,1.39145960
9557,0.92291741
9558,1.72534215
9559,0.26217905
9560,1.68613042
9561,0.63056385
9562,0.33993959
9563,0.17595937
9564,1.13948354
9565,0.81663284
9566,0.09860541
9567,1.50206321
9568,1.40426746
9569,0.38116886
9570,0.65314320
9571,1.63740784
9572,0.42299040
9573,0.54688097
9574,0.92083420
9575,0.22132594
9576,1.42108415
9577,1.53211572
9578,0.49094297
9579,0.06222028
9580,1.58275506
9581,0.20042117
9582,0.21394135
9583,0.92121147
9584,0.13230861
9585,0.93741870
9586,1.47371349
9587,1.18477817
9588,0.78273022
9589,0.74702387
9590,1.59647364
9591,0.79229196
9592,0.66434168
9593,1.02528846
9594,1.13559588
9595,0.66071855
9596,0.24517311
9597,1.10014137
9598,0.10780468
9599,0.68816769
9600,0.44448148
9601,0.27708739
9602,0.55994785
9603,1.39618049
9604,0.64360190
9605,1.58795383
9606,0.69078969
9607,1.64872957
9608,0.71899702
9609,1.04370045
9610,1.05498294
9611,0.54999168
9612,0.16213938
9613,0.21985638
9614,1.23219001
9615,0.91498460
9616,1.35769242
9617,0.70229963
9618,1.16076819
9619,1.29417392
9620,0.10188931
9621,0.77853479
9622,0.18711829
9623,0.05816656
9624,1.05571183
9625,0.85150366
9626,0.01213287
9627,0.27230215
9628,0.50368121
9629,1.38165988
9630,0.59960569
9631,0.97576667
9632,1.48452439
9633,0.49199303
9634,0.11143458
9635,0.15985594
9636,0.14725307
9637,0.01167587
9638,1.34611256
9639,1.25128146
9640,1.46089880
9641,0.45084848
9642,1.42145355
9643,1.48240101
9644,1.43127534
9645,1.13665746
9646,0.54529847
9647,0.59354036
9648,0.81234120
9649,0.42107589
9650,0.10558290
9651,1.50080307
9652,1.21120403
9653,1.39573585
9654,0.37289056
9655,0.74286300
9656,1.35959954
9657,0.73005363
9658,1.43074750
9659,0.76642464
9660,0.18394728
9661,1.44005950
9662,0.76066034
9663,0.09888219
9664,1.45508172
9665,0.32269248
9666,1.23500810
9667,1.56451515
9668,0.03980288
9669,0.46216986
9670,1.05738258
9671,0.43764918
9672,0.40955519
9673,0.30026564
9674,0.14162123
9675,0.34467853
9676,1.29210710
9677,0.45479274
9678,1.06396046
9679,0.47072783
9680,0.38353010
9681,1.58216822
9682,1.13782668
9683,0.24750754
9684,0.31654957
9685,0.51988907
9686,0.03852873
9687,1.55953596
9688,0.36979622
9689,0.41446645
9690,1.69419673
9691,0.37713178
9692,1.46046118
9693,0.66017439
9694,0.02482024
9695,0.31580726
9696,1.25256403
9697,0.85627889
9698,1.64203502
9699,0.36376084
9700,0.69148912
9701,0.45593546
9702,0.92856014
9703,0.05672000
9704,0.96519596
9705,0.30221659
9706,0.95229850
9707,0.50795806
9708,0.99048625
9709,0.30800849
9710,0.46067905
9711,1.10138114
9712,1.05154052
9713,1.37082494
9714,0.08550643
9715,1.28268703
9716,0.10892474
9717,1.49807327
9718,1.23652389
9719,0.99194764
9720,0.22310583
9721,1.29170302
9722,0.28557467
9723,0.96177785
9724,0.67692329
9725,0.68846748
9726,1.38117520
9727,1.22318293
9728,0.65604081
9729,0.13570314
9730,1.50614310
9731,0.27077342
9732,1.36998518
9733,0.78102598
9734,1.40398206
9735,0.50371643
9736,1.20841576
9737,0.16329450
9738,0.43274663
9739,0.48451655
9740,0.53192033
9741,1.24123189
9742,0.47250127
9743,1.47836265
9744,0.45818409
9745,1.37428775
9746,0.28238104
9747,1.42928436
9748,0.48822141
9749,0.35668293
9750,1.19112607
9751,1.68044906
9752,1.31917022
9753,1.59275365
9754,0.26127583
9755,0.66080695
9756,1.00311338
9757,0.32374675
9758,1.24269881
9759,1.61090612
9760,0.92892909
9761,1.52378113
9762,0.72011775
9763,1.14692041
9764,0.08596109
9765,1.65323423
9766,0.44627692
9767,0.59579135
9768,0.51513822
9769,0.49383844
9770,0.51912920
9771,0.81055971
9772,1.58500130
9773,1.59831676
9774,0.29989356
9775,1.40937928
9776,0.21076393
9777,0.51263123
9778,1.70948940
9779,1.53962485
9780,1.13392668
9781,1.30251379
9782,0.49281842
9783,0.89413198
9784,0.84920290
9785,1.31153770
9786,1.65197688
9787,0.67769758
9788,1.42998227
9789,1.03336967
9790,1.49934626
9791,1.57169320
9792,1.67237272
9793,0.84909689
9794,0.92328547
9795,0.50049451
9796,0.46604707
9797,0.13849031
9798,0.23498923
9799,1.63697212
9800,1.00821941
9801,0.23360148
9802,0.70393549
9803,1.35605627
9804,0.07616890
9805,0.90501092
9806,0.15718910
9807,1.26867424
9808,0.98826877
9809,0.81983263
9810,0.33983435
9811,0.05510995
9812,0.99560350
9813,1.48610358
9814,1.64529355
9815,1.62113973
9816,0.22926690
9817,0.69343673
9818,0.87914265
9819,1.44531820
9820,0.01193670
9821,0.31534074
9822,0.44933893
9823,0.23655516
9824,0.59831654
9825,0.78703990
9826,0.74829366
9827,0.44105781
9828,0.44952036
9829,1.36677186
9830,1.24718679
9831,1.71536694
9832,0.92154390
9833,0.42827089
9834,0.09705671
9835,0.97412130
9836,0.60505271
9837,0.76779036
9838,0.71295499
9839,1.66199053
9840,0.26340983
9841,0.71319225
9842,0.32868636
9843,1.14510412
9844,0.41314993
9845,0.56819235
9846,1.49724132
9847,1.71139454
9848,0.60289127
9849,1.63543891
9850,0.08925304
9851,0.69049588
9852,1.25422783
9853,1.65622540
9854,0.73588968
9855,0.48489935
9856,0.65632675
9857,0.07809783
9858,1.33890705
9859,1.05990984
9860,1.02958765
9861,0.00342237
9862,1.30277648
9863,1.41895004
9864,1.09185752
9865,0.58952787
9866,0.34069976
9867,0.38812873
9868,0.21822378
9869,1.65305669
9870,1.16065715
9871,0.40063730
9872,1.47526963
9873,0.18348617
9874,0.58517624
9875,0.83183806
9876,1.47426505
9877,0.12338648
9878,1.39665392
9879,1.55847062
9880,0.10277458
9881,0.80868165
9882,0.48156314
9883,0.32034770
9884,0.83098535
9885,0.19632096
9886,0.16202729
9887,1.53132870
9888,0.72970046
9889,0.34977932
9890,1.26521158
9891,1.02401664
9892,1.01882465
9893,1.39972981
9894,1.12108870
9895,0.32543600
9896,0.59255470
9897,0.10538229
9898,0.65258723
9899,1.35939574
9900,0.93975717
9901,0.15278393
9902,0.00080756
9903,0.26830947
9904,0.77770543
9905,1.05897615
9906,0.33300378
9907,1.71713695
9908,0.54993203
9909,1.06418785
9910,1.05400811
9911,0.49926061
9912,1.15295231
9913,0.40594644
9914,1.60002504
9915,0.84181348
9916,0.65243454
9917,1.16145160
9918,1.18683184
9919,0.35164906
9920,1.06334408
9921,1.35593929
9922,0.03505228
9923,0.76849062
9924,1.54735905
9925,0.38165790
9926,1.28105502
9927,0.84707417
9928,0.52681635
9929,0.28522782
9930,0.18581486
9931,0.45357507
9932,1.25905947
9933,0.09253989
9934,0.97522503
9935,0.89675961
9936,0.50669783
9937,1.30316831
9938,0.61534424
9939,1.25717333
9940,1.09066749
9941,1.60211372
9942,1.36502242
9943,0.34262894
9944,0.28184598
9945,0.68719411
9946,0.16325877
9947,0.34476128
9948,1.38345489
9949,0.98859273
9950,1.53689387
9951,0.32984963
9952,0.75704478
9953,0.58800482
9954,0.66811076
9955,1.42502067
9956,0.87795894
9957,0.75711735
9958,1.39238729
9959,0.02082314
9960,1.13152525
9961,0.37853636
9962,0.64820179
9963,0.56739863
9964,0.36655639
9965,1.35918702
9966,1.47052059
9967,1.20928261
9968,0.58372118
9969,0.38716263
9970,1.69312095
9971,1.49621156
9972,0.15567743
9973,1.30911200
9974,0.63346932
9975,0.92394950
9976,1.26845411
9977,0.49508939
9978,1.21782573
9979,0.37615734
9980,0.69133756
9981,1.06496200
9982,0.56982206
9983,1.72304849
9984,0.64729470
9985,0.77760966
9986,0.22594629
9987,1.30062099
9988,0.31611197
9989,1.36935262
9990,0.21120308
9991,0.77828818
9992,1.29993505
9993,1.54845960
9994,1.12161305
9995,1.56536986
9996,0.48963358
9997,0.90713760
9998,0.86279666
9999,0.31621878
