step,entropy,in_repeat_run
0,1.06880351,0
1,0.18297503,0
2,0.05293327,0
3,0.56699896,0
4,0.01189328,0
5,0.00037598,0
6,0.00016206,0
7,0.04308896,0
8,0.00001901,0
9,0.30890533,0
10,0.01331459,0
11,0.02049721,0
12,0.14085053,0
13,1.06536332,0
14,0.45103824,0
15,0.43376414,0
16,0.57491294,0
17,0.02573705,0
18,0.00404897,0
19,0.22555620,0
20,1.51294648,0
21,0.99809718,0
22,0.26515076,0
23,0.57110578,0
24,0.06695750,0
25,0.37281971,0
26,0.06617513,0
27,0.06820621,0
28,0.02699229,0
29,0.00035589,0
30,0.12752800,0
31,0.00002322,0
32,0.00990644,0
33,0.48199642,0
34,0.69724998,0
35,0.00147807,0
36,0.01287388,0
37,0.05893298,0
38,0.01384815,0
39,0.00023965,0
40,0.00384794,0
41,0.20283585,0
42,0.22086746,0
43,1.61634206,0
44,0.22248970,0
45,0.64680304,0
46,0.00141988,0
47,0.00163967,0
48,0.28064244,0
49,0.01993622,0
50,0.74577006,0
51,0.35218885,0
52,0.18781586,0
53,0.00023799,0
54,0.02924845,0
55,0.71925553,0
56,0.00046320,0
57,0.00008853,0
58,0.00001150,0
59,0.00038980,0
60,0.00000199,0
61,0.07452522,0
62,0.01579363,0
63,0.02896863,0
64,1.01886524,0
65,0.04381479,0
66,0.12284183,0
67,0.40270644,0
68,0.03954696,0
69,0.00013438,0
70,0.01423090,0
71,0.00021014,0
72,0.10487393,0
73,0.00855795,0
74,0.26412893,0
75,0.15711579,0
76,1.13891387,0
77,0.00433576,0
78,0.00486458,0
79,1.25340376,0
80,1.29474264,0
81,1.33017794,0
82,0.00091627,0
83,0.00607243,0
84,0.00209669,0
85,0.00007839,0
86,0.00017928,0
87,0.00016251,0
88,0.01782388,0
89,0.41060027,0
90,0.01116438,0
91,0.65855071,0
92,0.00025336,0
93,0.03097021,0
94,0.00011065,0
95,0.00002022,0
96,0.00000606,0
97,0.00010020,0
98,0.89391170,0
99,0.00086558,0
100,0.68748344,0
101,0.53430431,0
102,0.00159285,0
103,0.00063968,0
104,0.00046777,0
105,0.00002604,0
106,0.00004095,0
107,0.00000550,0
108,0.00001983,0
109,0.18582499,0
110,0.00001915,0
111,0.00193069,0
112,0.10064866,0
113,0.07764756,0
114,0.00002086,0
115,0.00059851,0
116,0.00000140,0
117,0.69538191,0
118,0.20093866,0
119,0.00020235,0
120,0.00003918,0
121,0.85213034,0
122,0.00040412,0
123,0.42108042,0
124,0.00345380,0
125,0.00219237,0
126,0.49238825,0
127,0.51497195,0
128,0.00326514,0
129,0.15809486,0
130,0.43941247,0
131,0.00296697,0
132,0.00626644,0
133,0.32828136,0
134,0.00005735,0
135,0.00039670,0
136,0.00028474,0
137,0.00002851,0
138,0.00000087,0
139,0.00001987,0
140,0.00001056,0
141,0.00000397,0
142,0.00000575,0
143,0.00000499,0
144,0.00018512,0
145,0.00000566,0
146,0.00002479,0
147,0.00912558,0
148,0.00008672,0
149,0.67161715,0
150,0.01303073,0
151,0.00065038,0
152,0.00182813,0
153,0.00017304,0
154,0.00042653,0
155,0.00059359,0
156,0.00001066,0
157,0.00002460,0
158,0.00000271,0
159,0.00005901,0
160,0.00009399,0
161,0.46399469,0
162,0.00015317,0
163,0.00116063,0
164,0.08176592,0
165,0.58771497,0
166,0.00025041,0
167,0.00005541,0
168,0.00006280,0
169,0.00011969,0
170,0.00001959,0
171,0.09137671,0
172,0.00081690,0
173,0.00000618,0
174,0.35498433,0
175,0.44849989,0
176,0.01721514,0
177,0.00005370,0
178,0.00189801,0
179,0.00026187,0
180,0.00016885,0
181,0.57916034,0
182,0.02537572,0
183,0.00002552,0
184,0.00001199,0
185,0.00010416,0
186,0.00050602,0
187,0.00034307,0
188,0.00124591,0
189,0.00000392,0
190,0.00001790,0
191,0.91169115,0
192,0.00532211,0
193,0.69035777,0
194,0.01575512,0
195,0.00000225,0
196,0.00000085,0
197,0.00063478,0
198,0.00000509,0
199,0.00018507,0
200,0.00012262,0
201,0.00001208,0
202,0.00012016,0
203,0.00012747,0
204,0.00008078,0
205,0.00000228,0
206,0.00000063,0
207,0.00000676,0
208,0.00000136,0
209,0.00001562,0
210,0.00000292,0
211,0.00000366,0
212,0.00000068,0
213,0.00000371,0
214,0.00011644,0
215,0.00001391,0
216,0.14801526,0
217,0.51615772,0
218,0.00064050,0
219,0.00000836,0
220,0.00001589,0
221,0.00007220,0
222,0.00000445,0
223,0.00000847,0
224,0.00007577,0
225,0.00001080,0
226,0.00000606,0
227,0.00008835,0
228,0.00002237,0
229,0.00012141,0
230,0.00005571,0
231,0.00000024,0
232,0.00000414,0
233,0.00004512,0
234,0.00000094,0
235,0.00000049,0
236,0.00008406,0
237,0.00001114,0
238,0.09785232,0
239,0.00301265,0
240,0.00002563,0
241,0.00002067,0
242,0.00002057,0
243,0.00000437,0
244,1.04618213,0
245,0.00024411,0
246,0.03440510,0
247,0.02521539,0
248,0.87261055,0
249,0.31059034,0
250,0.00016480,0
251,0.00460033,0
252,0.00101676,0
253,0.69192817,0
254,0.00285479,0
255,0.00070225,0
256,0.00002872,0
257,0.56780196,0
258,0.00010889,0
259,0.00032694,0
260,0.00000628,0
261,0.00000083,0
262,0.00000678,0
263,0.00072759,0
264,0.00005731,0
265,0.00002417,0
266,0.00063362,0
267,0.03767099,0
268,0.00000061,0
269,0.00000072,0
270,0.00000089,0
271,0.00000420,0
272,0.00000041,0
273,0.00000109,0
274,0.00010254,0
275,0.00002187,0
276,0.02022599,0
277,0.00485885,0
278,0.00003164,0
279,0.00001752,0
280,0.00011927,0
281,0.00000698,0
282,0.30799239,0
283,0.00037469,0
284,0.02755720,0
285,0.78506302,0
286,0.05073667,0
287,0.77207619,0
288,0.08476371,0
289,0.00074021,0
290,0.00015258,0
291,0.10035642,0
292,0.00000212,0
293,0.00021629,0
294,0.00000028,0
295,0.00000057,0
296,0.00000357,0
297,0.00000065,0
298,0.00000031,0
299,0.00000223,0
300,0.00000063,0
301,0.00029328,0
302,0.00303296,0
303,0.50217429,0
304,0.18315915,0
305,0.00011333,0
306,0.00057893,0
307,0.00009420,0
308,0.00020340,0
309,0.00000074,0
310,0.00007508,0
311,0.00007223,0
312,0.02705671,0
313,0.66917243,0
314,0.01158071,0
315,0.00064117,0
316,0.24899672,0
317,0.00179214,0
318,0.00576782,0
319,0.61232213,0
320,0.00002920,0
321,0.49793874,0
322,0.00067100,0
323,0.00000353,0
324,0.69393745,0
325,0.70986148,0
326,0.12209445,0
327,0.54652867,0
328,0.07680712,0
329,0.73340584,0
330,0.00038750,0
331,0.00185163,0
332,0.00003140,0
333,0.00000149,0
334,0.00046868,0
335,0.49750277,0
336,1.59536771,0
337,0.04067767,0
338,0.00023803,0
339,0.00199694,0
340,0.00000290,0
341,0.00005227,0
342,0.00000852,0
343,0.00003958,0
344,0.00429835,0
345,0.00006485,0
346,0.00932611,0
347,0.00009949,0
348,0.00044385,0
349,0.00013792,0
350,0.08774610,0
351,0.01289836,0
352,0.00002107,0
353,0.00429058,0
354,0.34472773,0
355,0.77875859,0
356,0.08245368,0
357,0.01933581,0
358,0.00003137,0
359,0.00092267,0
360,0.00078588,0
361,0.00439364,0
362,0.00021887,0
363,0.54733484,0
364,0.37013794,0
365,0.72261319,0
366,0.28164468,0
367,0.00039134,0
368,0.59170699,0
369,0.00008881,0
370,0.00133960,0
371,0.72351754,0
372,0.00368143,0
373,0.54118700,0
374,0.00502585,0
375,0.82861414,0
376,0.00133960,0
377,0.69908855,0
378,0.04873230,0
379,0.00001255,0
380,0.00026699,0
381,0.00002307,0
382,0.02111940,0
383,0.58996975,0
384,0.00009284,0
385,0.00001686,0
386,0.00004896,0
387,0.00000699,0
388,0.00006016,0
389,0.00000121,0
390,0.04920684,0
391,0.00321982,0
392,0.00004785,0
393,0.00051292,0
394,0.62572457,0
395,0.00003124,0
396,0.00243285,0
397,0.00002654,0
398,0.00000420,0
399,0.00000984,0
400,0.02778272,0
401,0.00484553,0
402,0.00005977,0
403,0.00000265,0
404,0.00027935,0
405,0.00000885,0
406,0.00513109,0
407,0.50607435,0
408,0.00005107,0
409,0.63275436,0
410,0.00487820,0
411,0.29583482,0
412,0.01604344,0
413,0.00003213,0
414,0.00798904,0
415,0.00049272,0
416,0.08877492,0
417,0.07586781,0
418,0.00002061,0
419,0.00003958,0
420,0.00002152,0
421,0.00000218,0
422,0.00000087,0
423,0.00000520,0
424,0.00006473,0
425,0.00012155,0
426,0.57729441,0
427,0.02200100,0
428,0.00862918,0
429,0.00157217,0
430,0.10396091,0
431,0.00013296,0
432,0.00938652,0
433,0.00000065,0
434,0.00000217,0
435,0.00002649,0
436,0.00000877,0
437,0.00000212,0
438,0.00000272,0
439,0.00001282,0
440,0.00026000,0
441,0.00000164,0
442,0.00000287,0
443,0.00000855,0
444,0.00003316,0
445,0.00000034,0
446,0.00000034,0
447,0.00000310,0
448,0.00017974,0
449,0.00000110,0
450,0.00000064,0
451,0.00000605,0
452,0.00000131,0
453,0.00045353,0
454,0.00002004,0
455,0.00531316,0
456,0.46666724,0
457,0.00055886,0
458,0.00000352,0
459,0.00000347,0
460,0.00003744,0
461,0.00001210,0
462,0.00002441,0
463,0.00000484,0
464,0.00000756,0
465,0.00000044,0
466,0.00000053,0
467,0.00000038,0
468,0.00000489,0
469,0.00000653,0
470,0.00000392,0
471,0.00000011,0
472,0.00000024,0
473,0.00013761,0
474,0.00066507,0
475,0.49533609,0
476,0.00427910,0
477,0.00005495,0
478,0.00000085,0
479,0.00010502,0
480,0.00000899,0
481,0.55700148,0
482,0.00005524,0
483,0.65579769,0
484,0.00824801,0
485,0.01758621,0
486,0.19429223,0
487,0.00104700,0
488,0.00005468,0
489,0.00000362,0
490,0.34296418,0
491,0.00070607,0
492,0.00109524,0
493,0.14750594,0
494,0.00000229,0
495,0.00000344,0
496,0.00000583,0
497,0.00000031,0
498,0.00000035,0
499,0.00000056,0
500,0.00000118,0
501,0.00000783,0
502,0.00000220,0
503,0.00000036,0
504,0.00000150,0
505,0.00001353,0
506,0.00005416,0
507,0.06182056,0
508,0.11965105,0
509,0.00018813,0
510,0.00000304,0
511,0.00024439,0
512,0.00001071,0
513,0.19559901,0
514,0.00014982,0
515,0.25006748,0
516,0.18263991,0
517,0.00092836,0
518,0.00005444,0
519,0.05109561,0
520,0.00341680,0
521,0.01012989,0
522,0.00000649,0
523,0.00024362,0
524,0.00000023,0
525,0.00000145,0
526,0.00000987,0
527,0.00000054,0
528,0.00000293,0
529,0.00000733,0
530,0.00000088,0
531,0.00001060,0
532,0.00000209,0
533,0.00005031,0
534,0.00007736,0
535,0.20821764,0
536,0.00020869,0
537,0.00007690,0
538,0.00002539,0
539,0.00016440,0
540,0.00001775,0
541,0.00000431,0
542,0.00000242,0
543,0.00000553,0
544,0.00002504,0
545,0.37590151,0
546,0.07658850,0
547,0.00006365,0
548,0.00004648,0
549,0.09842064,0
550,0.00011364,0
551,0.00086556,0
552,0.00237272,0
553,0.00000323,0
554,0.00907750,0
555,0.00000521,0
556,0.00004004,0
557,0.00058836,0
558,0.00166930,0
559,0.00000663,0
560,0.00069697,0
561,0.00017353,0
562,0.00188998,0
563,0.00001207,0
564,0.00152939,0
565,0.00001626,0
566,0.00000387,0
567,0.00000404,0
568,0.00193395,0
569,0.06417386,0
570,0.00001598,0
571,0.00004678,0
572,0.00005028,0
573,0.00000816,0
574,0.00000074,0
575,0.00000512,0
576,0.00000808,0
577,0.00012263,0
578,0.00000614,0
579,0.00002105,0
580,0.00002965,0
581,0.00000405,0
582,0.00001907,0
583,0.00007264,0
584,0.00188614,0
585,0.00001241,0
586,0.00045016,0
587,0.32126795,0
588,0.26877117,0
589,0.00052556,0
590,0.00006313,0
591,0.00000265,0
592,0.00004109,0
593,0.00000730,0
594,0.00001014,0
595,0.00000975,0
596,0.00001887,0
597,0.00098805,0
598,0.03975364,0
599,0.01019243,0
600,0.00010229,0
601,0.00320238,0
602,0.00000459,0
603,0.81516749,0
604,0.00155234,0
605,0.00196634,0
606,0.00179632,0
607,0.07386419,0
608,0.22950876,0
609,0.86317499,0
610,0.18468303,0
611,0.00003987,0
612,0.13595042,0
613,0.00003010,0
614,0.00006178,0
615,0.00000496,0
616,0.00001231,0
617,0.00041087,0
618,0.00000642,0
619,0.00001204,0
620,0.00000763,0
621,0.00005260,0
622,0.10015287,0
623,0.00145194,0
624,0.70110458,0
625,0.29168505,0
626,0.00001813,0
627,0.52461537,0
628,0.05328770,0
629,0.00104357,0
630,0.00437492,0
631,0.28977970,0
632,0.00213455,0
633,0.00282783,0
634,0.00003851,0
635,0.00004924,0
636,0.00000425,0
637,0.00001042,0
638,0.00001895,0
639,0.00000709,0
640,0.00003814,0
641,0.00000256,0
642,0.00001422,0
643,0.69390486,0
644,0.00001229,0
645,0.00006784,0
646,0.00026087,0
647,0.00010442,0
648,0.00000360,0
649,0.00008859,0
650,0.00000014,0
651,0.22678728,0
652,0.52113380,0
653,0.00004712,0
654,0.00000450,0
655,0.00316174,0
656,0.00010560,0
657,0.00009177,0
658,0.00001415,0
659,0.00000780,0
660,0.33462283,0
661,0.11342003,0
662,0.18788371,0
663,0.00040196,0
664,0.02117036,0
665,0.03603518,0
666,0.05366038,0
667,0.04751759,0
668,0.88798884,0
669,0.00005794,0
670,0.00002792,0
671,0.00000143,0
672,0.00000220,0
673,0.00001432,0
674,0.00002016,0
675,0.00000648,0
676,0.00015987,0
677,0.00018089,0
678,0.03582822,0
679,0.00000611,0
680,0.00025360,0
681,0.00201867,0
682,0.00994014,0
683,0.03027365,0
684,0.30756896,0
685,0.00524263,0
686,0.00001200,0
687,0.32347638,0
688,0.00000938,0
689,0.00003865,0
690,0.00000185,0
691,0.00000151,0
692,0.00001015,0
693,0.00001604,0
694,0.00000897,0
695,0.00214047,0
696,0.07185559,0
697,0.22874127,0
698,1.01226466,0
699,0.07165050,0
700,0.00044086,0
701,0.00437596,0
702,0.00072565,0
703,0.05895818,0
704,0.00000275,0
705,0.00000083,0
706,0.00420400,0
707,0.00020556,0
708,0.00067159,0
709,0.00001261,0
710,0.00003292,0
711,0.00581301,0
712,0.01202323,0
713,0.00003821,0
714,0.01101193,0
715,0.14299841,0
716,0.93208492,0
717,0.62365949,0
718,1.32162696,0
719,1.60390778,0
720,1.03606398,0
721,0.15971087,0
722,0.03578838,0
723,1.55821245,0
724,0.00863426,0
725,0.01995396,0
726,0.18855820,0
727,0.00020139,0
728,0.00038614,0
729,0.01258774,0
730,0.00140215,0
731,0.00062958,0
732,0.00029543,0
733,0.00096390,0
734,0.00049674,0
735,0.00099648,0
736,0.25630594,0
737,0.50712358,0
738,0.39904446,0
739,0.26829651,0
740,1.13062703,0
741,1.24392271,0
742,0.14938308,0
743,0.00767754,0
744,0.00314732,0
745,0.26430712,0
746,0.00202042,0
747,0.00998035,0
748,0.05100032,0
749,0.00054765,0
750,0.00209861,0
751,0.01417391,0
752,0.00216142,0
753,0.00066801,0
754,0.00200830,0
755,0.00260330,0
756,0.00541550,0
757,0.00066773,0
758,0.10351332,0
759,0.89762681,0
760,0.34162524,0
761,0.06610242,0
762,0.30598453,0
763,0.09700481,0
764,0.00657275,0
765,0.00160433,0
766,0.00059608,0
767,0.10251928,0
768,0.00131882,0
769,0.00579130,0
770,0.00811753,0
771,0.00079969,0
772,0.00115116,0
773,0.00868856,0
774,0.00171918,0
775,0.00144840,0
776,0.00163313,0
777,0.00202003,0
778,0.00717747,0
779,0.00053519,0
780,0.06802554,0
781,0.38700616,0
782,0.11896203,0
783,0.03088090,0
784,0.06081119,0
785,0.01868072,0
786,0.00272833,0
787,0.00148171,0
788,0.00049084,0
789,0.04386048,0
790,0.00113118,0
791,0.00498740,0
792,0.00449902,0
793,0.00090053,0
794,0.00201585,0
795,0.00628286,0
796,0.00138114,0
797,0.00122172,0
798,0.00156789,0
799,0.00190291,0
800,0.00756139,0
801,0.00039011,0
802,0.05300862,0
803,0.24356409,0
804,0.07217472,0
805,0.02215066,0
806,0.03942625,0
807,0.01536523,0
808,0.00275455,0
809,0.00179829,0
810,0.00056583,0
811,0.03399682,0
812,0.00112681,0
813,0.00514326,0
814,0.00428183,0
815,0.00107055,0
816,0.00168713,0
817,0.00540736,0
818,0.00164628,0
819,0.00153551,0
820,0.00175908,0
821,0.00168981,0
822,0.00685994,0
823,0.00044628,0
824,0.03563230,0
825,0.17100388,0
826,0.06483556,0
827,0.02145280,0
828,0.02573316,0
829,0.01655645,0
830,0.00246065,0
831,0.00187502,0
832,0.00061335,0
833,0.03331831,0
834,0.00114460,0
835,0.00509781,0
836,0.00368443,0
837,0.00107476,0
838,0.00115600,0
839,0.00519236,0
840,0.00169908,0
841,0.00178203,0
842,0.00147130,0
843,0.00156942,0
844,0.00642427,0
845,0.00045181,0
846,0.03133826,0
847,0.15187021,0
848,0.05640382,0
849,0.01837465,0
850,0.02405265,0
851,0.01943033,0
852,0.00261297,0
853,0.00209327,0
854,0.00064723,0
855,0.02548705,0
856,0.00116316,0
857,0.00468676,0
858,0.00365428,0
859,0.00107953,0
860,0.00118129,0
861,0.00486930,0
862,0.00170588,0
863,0.00096798,0
864,0.00139877,0
865,0.00138212,0
866,0.00507361,0
867,0.00043897,0
868,0.02492636,0
869,0.08510976,0
870,0.04072023,0
871,0.01819280,0
872,0.01545061,0
873,0.01281997,0
874,0.00228460,0
875,0.00217099,0
876,0.00056282,0
877,0.02059316,0
878,0.00094332,0
879,0.00453689,0
880,0.00335417,0
881,0.00112065,0
882,0.00145224,0
883,0.00401824,0
884,0.00149357,0
885,0.00164027,0
886,0.00138665,0
887,0.00131425,0
888,0.00542389,0
889,0.00045361,0
890,0.01978532,0
891,0.06023761,0
892,0.03528831,0
893,0.01617467,0
894,0.01183475,0
895,0.00951488,0
896,0.00230636,0
897,0.00174122,0
898,0.00051884,0
899,0.01850222,0
900,0.00093264,0
901,0.00533415,0
902,0.00320351,0
903,0.00116738,0
904,0.00130622,0
905,0.00437537,0
906,0.00168683,0
907,0.00187565,0
908,0.00137296,0
909,0.00129211,0
910,0.00523391,0
911,0.00052242,0
912,0.01793909,0
913,0.05284964,0
914,0.02991758,0
915,0.01361498,0
916,0.01103877,0
917,0.00892378,0
918,0.00192698,0
919,0.00177171,0
920,0.00055958,0
921,0.02045070,0
922,0.00095894,0
923,0.00567791,0
924,0.00351986,0
925,0.00125993,0
926,0.00152257,0
927,0.00461744,0
928,0.00183632,0
929,0.00145615,0
930,0.00148850,0
931,0.00123697,0
932,0.00524959,0
933,0.00057775,0
934,0.01722658,0
935,0.04832439,0
936,0.03215129,0
937,0.01314765,0
938,0.01040693,0
939,0.00875190,0
940,0.00192425,0
941,0.00150211,0
942,0.00055740,0
943,0.02084685,0
944,0.00080965,0
945,0.00509642,0
946,0.00334800,0
947,0.00126039,0
948,0.00144549,0
949,0.00453968,0
950,0.00197875,0
951,0.00129788,0
952,0.00163494,0
953,0.00115656,0
954,0.00517161,0
955,0.00055489,0
956,0.01489316,0
957,0.03768813,0
958,0.03264771,0
959,0.01238995,0
960,0.00910628,0
961,0.00705499,0
962,0.00185293,0
963,0.00145524,0
964,0.00056303,0
965,0.01958812,0
966,0.00087896,0
967,0.00547106,0
968,0.00343778,0
969,0.00135605,0
970,0.00150252,0
971,0.00445229,0
972,0.00221444,0
973,0.00193421,0
974,0.00172457,0
975,0.00129513,0
976,0.00548606,0
977,0.00062144,0
978,0.01220182,0
979,0.03249192,0
980,0.03135030,0
981,0.01186259,0
982,0.00706631,0
983,0.00553208,0
984,0.00198491,0
985,0.00143499,0
986,0.00053727,0
987,0.01726318,0
988,0.00085701,0
989,0.00570694,0
990,0.00338700,0
991,0.00143424,0
992,0.00140378,0
993,0.00462022,0
994,0.00239991,0
995,0.00131695,0
996,0.00172522,0
997,0.00128835,0
998,0.00521442,0
999,0.00065842,0
1000,0.01034803,0
1001,0.02933863,0
1002,0.02742078,0
1003,0.01196266,0
1004,0.00586567,0
1005,0.00458785,0
1006,0.00154713,0
1007,0.00127518,0
1008,0.00051125,0
1009,0.01425847,0
1010,0.00072026,0
1011,0.00583406,0
1012,0.00345851,0
1013,0.00156243,0
1014,0.00119850,0
1015,0.00444803,0
1016,0.00196736,0
1017,0.00107070,0
1018,0.00153532,0
1019,0.00128826,0
1020,0.00563974,0
1021,0.00064198,0
1022,0.00885837,0
1023,0.02571807,0
1024,0.02598787,0
1025,0.01110998,0
1026,0.00509443,0
1027,0.00350716,0
1028,0.00158078,0
1029,0.00118057,0
1030,0.00048417,0
1031,0.01200667,0
1032,0.00069498,0
1033,0.00548415,0
1034,0.00349815,0
1035,0.00153680,0
1036,0.00162103,0
1037,0.00459729,0
1038,0.00212904,0
1039,0.00219495,0
1040,0.00156422,0
1041,0.00126106,0
1042,0.00552096,0
1043,0.00064106,0
1044,0.00846729,0
1045,0.02301412,0
1046,0.02369994,0
1047,0.01080286,0
1048,0.00452427,0
1049,0.00319472,0
1050,0.00137564,0
1051,0.00111017,0
1052,0.00046316,0
1053,0.01126201,0
1054,0.00065154,0
1055,0.00555166,0
1056,0.00337271,0
1057,0.00156315,0
1058,0.00166464,0
1059,0.00508392,0
1060,0.00237454,0
1061,0.00286390,0
1062,0.00167165,0
1063,0.00129452,0
1064,0.00524603,0
1065,0.00071920,0
1066,0.00746920,0
1067,0.02118761,0
1068,0.02114775,0
1069,0.00994988,0
1070,0.00448160,0
1071,0.00308817,0
1072,0.00139959,0
1073,0.00108466,0
1074,0.00044394,0
1075,0.01132074,0
1076,0.00069945,0
1077,0.00543981,0
1078,0.00339921,0
1079,0.00157177,0
1080,0.00123631,0
1081,0.00448133,0
1082,0.00209377,0
1083,0.00243105,0
1084,0.00156949,0
1085,0.00111721,0
1086,0.00482783,0
1087,0.00070984,0
1088,0.00681312,0
1089,0.01868708,0
1090,0.02324572,0
1091,0.00951740,0
1092,0.00406840,0
1093,0.00285321,0
1094,0.00120432,0
1095,0.00102204,0
1096,0.00044706,0
1097,0.01161504,0
1098,0.00071980,0
1099,0.00556639,0
1100,0.00309844,0
1101,0.00141482,0
1102,0.00099256,0
1103,0.00457357,0
1104,0.00178233,0
1105,0.00117923,0
1106,0.00148559,0
1107,0.00108142,0
1108,0.00430515,0
1109,0.00064055,0
1110,0.00616536,0
1111,0.01661598,0
1112,0.02144802,0
1113,0.00923267,0
1114,0.00455953,0
1115,0.00283032,0
1116,0.00125129,0
1117,0.00098035,0
1118,0.00042076,0
1119,0.01149842,0
1120,0.00067021,0
1121,0.00514029,0
1122,0.00301954,0
1123,0.00147015,0
1124,0.00154236,0
1125,0.00460003,0
1126,0.00190344,0
1127,0.00213106,0
1128,0.00153583,0
1129,0.00122032,0
1130,0.00435479,0
1131,0.00068624,0
1132,0.00602436,0
1133,0.01707827,0
1134,0.02004535,0
1135,0.00917354,0
1136,0.00473387,0
1137,0.00266375,0
1138,0.00125860,0
1139,0.00099088,0
1140,0.00041669,0
1141,0.01109794,0
1142,0.00062381,0
1143,0.00526181,0
1144,0.00296923,0
1145,0.00147683,0
1146,0.00168688,0
1147,0.00469483,0
1148,0.00199156,0
1149,0.00216474,0
1150,0.00160543,0
1151,0.00119759,0
1152,0.00440811,0
1153,0.00072144,0
1154,0.00508602,0
1155,0.01583398,0
1156,0.02034204,0
1157,0.00852798,0
1158,0.00416505,0
1159,0.00224886,0
1160,0.00117283,0
1161,0.00100075,0
1162,0.00041581,0
1163,0.00962129,0
1164,0.00057716,0
1165,0.00583836,0
1166,0.00290521,0
1167,0.00160402,0
1168,0.00107173,0
1169,0.00444164,0
1170,0.00192502,0
1171,0.00149020,0
1172,0.00140208,0
1173,0.00105004,0
1174,0.00456381,0
1175,0.00075180,0
1176,0.00475473,0
1177,0.01549282,0
1178,0.02138031,0
1179,0.00841890,0
1180,0.00386263,0
1181,0.00218191,0
1182,0.00119191,0
1183,0.00088880,0
1184,0.00041313,0
1185,0.00963038,0
1186,0.00063084,0
1187,0.00595143,0
1188,0.00307058,0
1189,0.00161208,0
1190,0.00094015,0
1191,0.00414807,0
1192,0.00169421,0
1193,0.00162135,0
1194,0.00143387,0
1195,0.00095780,0
1196,0.00452338,0
1197,0.00070053,0
1198,0.00467244,0
1199,0.01451127,0
1200,0.02141271,0
1201,0.00900414,0
1202,0.00410824,0
1203,0.00224320,0
1204,0.00112373,0
1205,0.00091307,0
1206,0.00041960,0
1207,0.00972687,0
1208,0.00059095,0
1209,0.00543054,0
1210,0.00289049,0
1211,0.00154587,0
1212,0.00094609,0
1213,0.00391721,0
1214,0.00186856,0
1215,0.00214695,0
1216,0.00147633,0
1217,0.00099111,0
1218,0.00437099,0
1219,0.00074264,0
1220,0.00441674,0
1221,0.01380467,0
1222,0.02151632,0
1223,0.00908067,0
1224,0.00393837,0
1225,0.00204787,0
1226,0.00108790,0
1227,0.00096003,0
1228,0.00042246,0
1229,0.00950344,0
1230,0.00058956,0
1231,0.00534282,0
1232,0.00306593,0
1233,0.00153634,0
1234,0.00103816,0
1235,0.00402373,0
1236,0.00173978,0
1237,0.00254517,0
1238,0.00140696,0
1239,0.00100146,0
1240,0.00466601,0
1241,0.00073824,0
1242,0.00406572,0
1243,0.01436525,0
1244,0.02102646,0
1245,0.00874192,0
1246,0.00373102,0
1247,0.00197260,0
1248,0.00104849,0
1249,0.00088219,0
1250,0.00040765,0
1251,0.00870854,0
1252,0.00055332,0
1253,0.00551963,0
1254,0.00275125,0
1255,0.00148226,0
1256,0.00107086,0
1257,0.00391160,0
1258,0.00170204,0
1259,0.00121153,0
1260,0.00138127,0
1261,0.00093024,0
1262,0.00452140,0
1263,0.00072686,0
1264,0.00431418,0
1265,0.01369951,0
1266,0.02022386,0
1267,0.00869575,0
1268,0.00372001,0
1269,0.00182963,0
1270,0.00101075,0
1271,0.00081890,0
1272,0.00039233,0
1273,0.00843131,0
1274,0.00056352,0
1275,0.00575819,0
1276,0.00301276,0
1277,0.00148098,0
1278,0.00075646,0
1279,0.00396463,0
1280,0.00162997,0
1281,0.00092505,0
1282,0.00140343,0
1283,0.00088608,0
1284,0.00472743,0
1285,0.00078178,0
1286,0.00396561,0
1287,0.01321791,0
1288,0.02045107,0
1289,0.00876618,0
1290,0.00372729,0
1291,0.00172996,0
1292,0.00093624,0
1293,0.00082974,0
1294,0.00036291,0
1295,0.00756959,0
1296,0.00060934,0
1297,0.00544641,0
1298,0.00309244,0
1299,0.00148168,0
1300,0.00084195,0
1301,0.00383972,0
1302,0.00168776,0
1303,0.00166635,0
1304,0.00133551,0
1305,0.00085302,0
1306,0.00447538,0
1307,0.00074777,0
1308,0.00362612,0
1309,0.01247195,0
1310,0.02143431,0
1311,0.00841494,0
1312,0.00332529,0
1313,0.00172209,0
1314,0.00095379,0
1315,0.00086084,0
1316,0.00037765,0
1317,0.00784789,0
1318,0.00061245,0
1319,0.00578982,0
1320,0.00289557,0
1321,0.00147218,0
1322,0.00092621,0
1323,0.00420123,0
1324,0.00176165,0
1325,0.00161513,0
1326,0.00139993,0
1327,0.00088740,0
1328,0.00475762,0
1329,0.00074210,0
1330,0.00351174,0
1331,0.01163347,0
1332,0.02171783,0
1333,0.00877808,0
1334,0.00299089,0
1335,0.00170048,0
1336,0.00087714,0
1337,0.00079081,0
1338,0.00037448,0
1339,0.00744077,0
1340,0.00063349,0
1341,0.00563103,0
1342,0.00299868,0
1343,0.00146868,0
1344,0.00083866,0
1345,0.00384176,0
1346,0.00163565,0
1347,0.00173856,0
1348,0.00128478,0
1349,0.00081239,0
1350,0.00417690,0
1351,0.00075173,0
1352,0.00358066,0
1353,0.01194555,0
1354,0.02059267,0
1355,0.00815104,0
1356,0.00309010,0
1357,0.00172127,0
1358,0.00090817,0
1359,0.00075009,0
1360,0.00034973,0
1361,0.00795556,0
1362,0.00064483,0
1363,0.00532378,0
1364,0.00317639,0
1365,0.00152947,0
1366,0.00068237,0
1367,0.00353866,0
1368,0.00159751,0
1369,0.00133436,0
1370,0.00126359,0
1371,0.00086064,0
1372,0.00426925,0
1373,0.00069700,0
1374,0.00328313,0
1375,0.01172387,0
1376,0.01799855,0
1377,0.00829036,0
1378,0.00345797,0
1379,0.00159059,0
1380,0.00091766,0
1381,0.00077287,0
1382,0.00032581,0
1383,0.00792798,0
1384,0.00061424,0
1385,0.00579599,0
1386,0.00303733,0
1387,0.00148408,0
1388,0.00071903,0
1389,0.00398056,0
1390,0.00169887,0
1391,0.00149072,0
1392,0.00120232,0
1393,0.00077254,0
1394,0.00451215,0
1395,0.00075552,0
1396,0.00340269,0
1397,0.01243065,0
1398,0.02174928,0
1399,0.00816241,0
1400,0.00312074,0
1401,0.00177324,0
1402,0.00096279,0
1403,0.00078596,0
1404,0.00033588,0
1405,0.00780094,0
1406,0.00068423,0
1407,0.00582874,0
1408,0.00315399,0
1409,0.00163371,0
1410,0.00068328,0
1411,0.00367252,0
1412,0.00159109,0
1413,0.00143354,0
1414,0.00134009,0
1415,0.00079792,0
1416,0.00388897,0
1417,0.00074775,0
1418,0.00327371,0
1419,0.01290721,0
1420,0.02203670,0
1421,0.00793797,0
1422,0.00318020,0
1423,0.00175746,0
1424,0.00097886,0
1425,0.00079618,0
1426,0.00033804,0
1427,0.00817991,0
1428,0.00062669,0
1429,0.00571881,0
1430,0.00333791,0
1431,0.00143779,0
1432,0.00072202,0
1433,0.00356291,0
1434,0.00153928,0
1435,0.00198537,0
1436,0.00130843,0
1437,0.00074152,0
1438,0.00434457,0
1439,0.00072326,0
1440,0.00325771,0
1441,0.01319729,0
1442,0.02344273,0
1443,0.00732480,0
1444,0.00303675,0
1445,0.00199523,0
1446,0.00099996,0
1447,0.00075974,0
1448,0.00034467,0
1449,0.00819520,0
1450,0.00062302,0
1451,0.00588529,0
1452,0.00349278,0
1453,0.00159449,0
1454,0.00078363,0
1455,0.00369749,0
1456,0.00161519,0
1457,0.00197739,0
1458,0.00134800,0
1459,0.00082273,0
1460,0.00431938,0
1461,0.00075674,0
1462,0.00317760,0
1463,0.01264441,0
1464,0.02205030,0
1465,0.00825849,0
1466,0.00314505,0
1467,0.00196998,0
1468,0.00102835,0
1469,0.00078869,0
1470,0.00034179,0
1471,0.00850223,0
1472,0.00068743,0
1473,0.00590423,0
1474,0.00323553,0
1475,0.00148821,0
1476,0.00080714,0
1477,0.00368014,0
1478,0.00180602,0
1479,0.00235297,0
1480,0.00125849,0
1481,0.00078812,0
1482,0.00458053,0
1483,0.00074183,0
1484,0.00309899,0
1485,0.01273800,0
1486,0.02177590,0
1487,0.00845756,0
1488,0.00281347,0
1489,0.00174681,0
1490,0.00094454,0
1491,0.00072704,0
1492,0.00033178,0
1493,0.00840960,0
1494,0.00071911,0
1495,0.00599034,0
1496,0.00315817,0
1497,0.00147797,0
1498,0.00083006,0
1499,0.00354771,0
1500,0.00172750,0
1501,0.00214427,0
1502,0.00127665,0
1503,0.00077485,0
1504,0.00463724,0
1505,0.00077641,0
1506,0.00308142,0
1507,0.01379121,0
1508,0.02229786,0
1509,0.00748092,0
1510,0.00280859,0
1511,0.00156239,0
1512,0.00089670,0
1513,0.00072711,0
1514,0.00031825,0
1515,0.00793203,0
1516,0.00079828,0
1517,0.00634643,0
1518,0.00311437,0
1519,0.00139727,0
1520,0.00072724,0
1521,0.00352797,0
1522,0.00166141,0
1523,0.00112923,0
1524,0.00123746,0
1525,0.00076768,0
1526,0.00452960,0
1527,0.00079997,0
1528,0.00300542,0
1529,0.01362862,0
1530,0.02211490,0
1531,0.00763107,0
1532,0.00269350,0
1533,0.00158854,0
1534,0.00089191,0
1535,0.00070894,0
1536,0.00031622,0
1537,0.00775195,0
1538,0.00077396,0
1539,0.00609629,0
1540,0.00301992,0
1541,0.00137223,0
1542,0.00054988,0
1543,0.00338331,0
1544,0.00161976,0
1545,0.00184469,0
1546,0.00119782,0
1547,0.00076708,0
1548,0.00492422,0
1549,0.00079589,0
1550,0.00292709,0
1551,0.01369748,0
1552,0.02264111,0
1553,0.00780579,0
1554,0.00287378,0
1555,0.00140684,0
1556,0.00088059,0
1557,0.00071424,0
1558,0.00031431,0
1559,0.00687236,0
1560,0.00072687,0
1561,0.00658288,0
1562,0.00302362,0
1563,0.00127751,0
1564,0.00048614,0
1565,0.00334291,0
1566,0.00159015,0
1567,0.00086674,0
1568,0.00119659,0
1569,0.00069339,0
1570,0.00472269,0
1571,0.00085632,0
1572,0.00288755,0
1573,0.01330093,0
1574,0.02296214,0
1575,0.00785045,0
1576,0.00264673,0
1577,0.00162218,0
1578,0.00089091,0
1579,0.00073474,0
1580,0.00030330,0
1581,0.00671066,0
1582,0.00075968,0
1583,0.00702166,0
1584,0.00329015,0
1585,0.00141791,0
1586,0.00054026,0
1587,0.00341656,0
1588,0.00156085,0
1589,0.00247874,0
1590,0.00127971,0
1591,0.00070730,0
1592,0.00486888,0
1593,0.00088915,0
1594,0.00290259,0
1595,0.01320709,0
1596,0.02204887,0
1597,0.00883527,0
1598,0.00270152,0
1599,0.00171563,0
1600,0.00093439,0
1601,0.00073119,0
1602,0.00031707,0
1603,0.00735019,0
1604,0.00078142,0
1605,0.00707637,0
1606,0.00333231,0
1607,0.00142789,0
1608,0.00056303,0
1609,0.00368216,0
1610,0.00161229,0
1611,0.00090410,0
1612,0.00126784,0
1613,0.00067868,0
1614,0.00473976,0
1615,0.00087833,0
1616,0.00296385,0
1617,0.01281957,0
1618,0.02343687,0
1619,0.00862673,0
1620,0.00271307,0
1621,0.00160131,0
1622,0.00095501,0
1623,0.00077050,0
1624,0.00033761,0
1625,0.00733768,0
1626,0.00087946,0
1627,0.00672958,0
1628,0.00343733,0
1629,0.00144821,0
1630,0.00060269,0
1631,0.00318914,0
1632,0.00156176,0
1633,0.00216684,0
1634,0.00124452,0
1635,0.00068807,0
1636,0.00479249,0
1637,0.00084351,0
1638,0.00279780,0
1639,0.01351907,0
1640,0.02438584,0
1641,0.00892329,0
1642,0.00296126,0
1643,0.00143626,0
1644,0.00096894,0
1645,0.00080807,0
1646,0.00036234,0
1647,0.00785986,0
1648,0.00080153,0
1649,0.00739313,0
1650,0.00345423,0
1651,0.00148657,0
1652,0.00062812,0
1653,0.00335906,0
1654,0.00173113,0
1655,0.00235179,0
1656,0.00127052,0
1657,0.00069409,0
1658,0.00479363,0
1659,0.00086235,0
1660,0.00268321,0
1661,0.01311495,0
1662,0.02342158,0
1663,0.00874780,0
1664,0.00286221,0
1665,0.00142596,0
1666,0.00093318,0
1667,0.00084576,0
1668,0.00034325,0
1669,0.00766203,0
1670,0.00080752,0
1671,0.00734032,0
1672,0.00341703,0
1673,0.00157544,0
1674,0.00049474,0
1675,0.00340444,0
1676,0.00162023,0
1677,0.00239314,0
1678,0.00130807,0
1679,0.00074239,0
1680,0.00502201,0
1681,0.00090088,0
1682,0.00279052,0
1683,0.01310710,0
1684,0.02333764,0
1685,0.00887492,0
1686,0.00302474,0
1687,0.00130829,0
1688,0.00088457,0
1689,0.00076252,0
1690,0.00030869,0
1691,0.00722565,0
1692,0.00090179,0
1693,0.00728727,0
1694,0.00325793,0
1695,0.00138781,0
1696,0.00040926,0
1697,0.00333361,0
1698,0.00156114,0
1699,0.00130034,0
1700,0.00124858,0
1701,0.00067164,0
1702,0.00477357,0
1703,0.00093850,0
1704,0.00261049,0
1705,0.01309840,0
1706,0.02431409,0
1707,0.00914551,0
1708,0.00279282,0
1709,0.00144152,0
1710,0.00086234,0
1711,0.00078519,0
1712,0.00034205,0
1713,0.00740495,0
1714,0.00076444,0
1715,0.00720237,0
1716,0.00356747,0
1717,0.00147450,0
1718,0.00043781,0
1719,0.00331976,0
1720,0.00162923,0
1721,0.00189364,0
1722,0.00131204,0
1723,0.00067435,0
1724,0.00500752,0
1725,0.00091817,0
1726,0.00269215,0
1727,0.01342091,0
1728,0.02550238,0
1729,0.00935521,0
1730,0.00298333,0
1731,0.00140698,0
1732,0.00093712,0
1733,0.00075754,0
1734,0.00034015,0
1735,0.00772666,0
1736,0.00082311,0
1737,0.00728227,0
1738,0.00340737,0
1739,0.00153515,0
1740,0.00054564,0
1741,0.00341810,0
1742,0.00163425,0
1743,0.00101635,0
1744,0.00133625,0
1745,0.00065596,0
1746,0.00477147,0
1747,0.00094584,0
1748,0.00278167,0
1749,0.01383755,0
1750,0.02518839,0
1751,0.00921583,0
1752,0.00314349,0
1753,0.00137717,0
1754,0.00096226,0
1755,0.00079091,0
1756,0.00036169,0
1757,0.00787407,0
1758,0.00084694,0
1759,0.00707781,0
1760,0.00316621,0
1761,0.00148624,0
1762,0.00053379,0
1763,0.00341288,0
1764,0.00164910,0
1765,0.00223952,0
1766,0.00130232,0
1767,0.00067469,0
1768,0.00476682,0
1769,0.00095257,0
1770,0.00266910,0
1771,0.01397006,0
1772,0.02456088,0
1773,0.00946995,0
1774,0.00333211,0
1775,0.00139665,0
1776,0.00095754,0
1777,0.00079174,0
1778,0.00032119,0
1779,0.00731675,0
1780,0.00076885,0
1781,0.00751661,0
1782,0.00319657,0
1783,0.00139042,0
1784,0.00040776,0
1785,0.00351632,0
1786,0.00158940,0
1787,0.00085228,0
1788,0.00135932,0
1789,0.00065277,0
1790,0.00481138,0
1791,0.00095694,0
1792,0.00280125,0
1793,0.01297733,0
1794,0.02289355,0
1795,0.00903261,0
1796,0.00316984,0
1797,0.00127716,0
1798,0.00093002,0
1799,0.00080723,0
1800,0.00033170,0
1801,0.00708693,0
1802,0.00081308,0
1803,0.00716190,0
1804,0.00325459,0
1805,0.00155390,0
1806,0.00044707,0
1807,0.00342112,0
1808,0.00162512,0
1809,0.00228826,0
1810,0.00131825,0
1811,0.00065795,0
1812,0.00517110,0
1813,0.00099013,0
1814,0.00257627,0
1815,0.01349234,0
1816,0.02299052,0
1817,0.00969619,0
1818,0.00310444,0
1819,0.00113753,0
1820,0.00093122,0
1821,0.00076337,0
1822,0.00033912,0
1823,0.00695776,0
1824,0.00079399,0
1825,0.00734342,0
1826,0.00305417,0
1827,0.00150065,0
1828,0.00048293,0
1829,0.00350066,0
1830,0.00150815,0
1831,0.00113828,0
1832,0.00130283,0
1833,0.00067610,0
1834,0.00477100,0
1835,0.00096533,0
1836,0.00272306,0
1837,0.01345603,0
1838,0.02252887,0
1839,0.00984992,0
1840,0.00317126,0
1841,0.00113003,0
1842,0.00085547,0
1843,0.00079311,0
1844,0.00033953,0
1845,0.00650643,0
1846,0.00090212,0
1847,0.00732680,0
1848,0.00348593,0
1849,0.00144741,0
1850,0.00050830,0
1851,0.00334680,0
1852,0.00156279,0
1853,0.00264046,0
1854,0.00133517,0
1855,0.00064608,0
1856,0.00519548,0
1857,0.00092993,0
1858,0.00260542,0
1859,0.01249544,0
1860,0.02334608,0
1861,0.00961497,0
1862,0.00324641,0
1863,0.00120701,0
1864,0.00089212,0
1865,0.00082589,0
1866,0.00035906,0
1867,0.00713687,0
1868,0.00086150,0
1869,0.00718202,0
1870,0.00331811,0
1871,0.00149207,0
1872,0.00044104,0
1873,0.00345103,0
1874,0.00170791,0
1875,0.00142191,0
1876,0.00138056,0
1877,0.00069277,0
1878,0.00520294,0
1879,0.00102660,0
1880,0.00280332,0
1881,0.01353247,0
1882,0.02577359,0
1883,0.00995944,0
1884,0.00327142,0
1885,0.00112044,0
1886,0.00092763,0
1887,0.00082100,0
1888,0.00034686,0
1889,0.00702795,0
1890,0.00091908,0
1891,0.00782950,0
1892,0.00345433,0
1893,0.00150341,0
1894,0.00037351,0
1895,0.00358598,0
1896,0.00161862,0
1897,0.00246659,0
1898,0.00138223,0
1899,0.00069830,0
1900,0.00551466,0
1901,0.00100584,0
1902,0.00262307,0
1903,0.01389408,0
1904,0.02466034,0
1905,0.00964177,0
1906,0.00291978,0
1907,0.00103831,0
1908,0.00088937,0
1909,0.00084047,0
1910,0.00032469,0
1911,0.00687268,0
1912,0.00096222,0
1913,0.00744985,0
1914,0.00336207,0
1915,0.00153872,0
1916,0.00045724,0
1917,0.00359934,0
1918,0.00152112,0
1919,0.00127858,0
1920,0.00134221,0
1921,0.00064668,0
1922,0.00579055,0
1923,0.00102411,0
1924,0.00279283,0
1925,0.01379124,0
1926,0.02470634,0
1927,0.00949337,0
1928,0.00333304,0
1929,0.00110793,0
1930,0.00087036,0
1931,0.00086428,0
1932,0.00035197,0
1933,0.00667021,0
1934,0.00104019,0
1935,0.00784309,0
1936,0.00339511,0
1937,0.00154152,0
1938,0.00042418,0
1939,0.00346361,0
1940,0.00152088,0
1941,0.00226225,0
1942,0.00133661,0
1943,0.00066068,0
1944,0.00566423,0
1945,0.00106095,0
1946,0.00265150,0
1947,0.01399964,0
1948,0.02648226,0
1949,0.00944934,0
1950,0.00322933,0
1951,0.00118716,0
1952,0.00089116,0
1953,0.00083044,0
1954,0.00032809,0
1955,0.00716648,0
1956,0.00098967,0
1957,0.00794600,0
1958,0.00342125,0
1959,0.00155422,0
1960,0.00043348,0
1961,0.00346323,0
1962,0.00163841,0
1963,0.00204703,0
1964,0.00127730,0
1965,0.00067357,0
1966,0.00532173,0
1967,0.00099412,0
1968,0.00251245,0
1969,0.01328083,0
1970,0.02453284,0
1971,0.00926893,0
1972,0.00303275,0
1973,0.00109565,0
1974,0.00090109,0
1975,0.00080921,0
1976,0.00031697,0
1977,0.00704219,0
1978,0.00096443,0
1979,0.00735605,0
1980,0.00341988,0
1981,0.00147427,0
1982,0.00042411,0
1983,0.00326077,0
1984,0.00157213,0
1985,0.00185926,0
1986,0.00123931,0
1987,0.00066251,0
1988,0.00529826,0
1989,0.00104720,0
1990,0.00241766,0
1991,0.01416000,0
1992,0.02722626,0
1993,0.01030664,0
1994,0.00302737,0
1995,0.00107742,0
1996,0.00091347,0
1997,0.00083852,0
1998,0.00036370,0
1999,0.00686657,0
2000,0.00093477,0
2001,0.00799313,0
2002,0.00330703,0
2003,0.00149598,0
2004,0.00046569,0
2005,0.00335676,0
2006,0.00149218,0
2007,0.00161529,0
2008,0.00130489,0
2009,0.00063338,0
2010,0.00536330,0
2011,0.00101262,0
2012,0.00267544,0
2013,0.01397505,0
2014,0.02423156,0
2015,0.00993897,0
2016,0.00322858,0
2017,0.00111653,0
2018,0.00091832,0
2019,0.00087647,0
2020,0.00033089,0
2021,0.00722414,0
2022,0.00086441,0
2023,0.00745936,0
2024,0.00333267,0
2025,0.00145976,0
2026,0.00036461,0
2027,0.00323542,0
2028,0.00139599,0
2029,0.00191638,0
2030,0.00125947,0
2031,0.00060910,0
2032,0.00527641,0
2033,0.00102192,0
2034,0.00249068,0
2035,0.01473889,0
2036,0.02430566,0
2037,0.00999112,0
2038,0.00316175,0
2039,0.00116461,0
2040,0.00089562,0
2041,0.00081656,0
2042,0.00031571,0
2043,0.00729337,0
2044,0.00092819,0
2045,0.00725430,0
2046,0.00354737,0
2047,0.00158053,0
2048,0.00033692,0
2049,0.00323391,0
2050,0.00144617,0
2051,0.00091168,0
2052,0.00127738,0
2053,0.00063731,0
2054,0.00559412,0
2055,0.00102608,0
2056,0.00247248,0
2057,0.01429875,0
2058,0.02610965,0
2059,0.01034542,0
2060,0.00282662,0
2061,0.00124324,0
2062,0.00089506,0
2063,0.00081913,0
2064,0.00035273,0
2065,0.00714228,0
2066,0.00093342,0
2067,0.00791991,0
2068,0.00366222,0
2069,0.00165366,0
2070,0.00036955,0
2071,0.00334037,0
2072,0.00150002,0
2073,0.00085507,0
2074,0.00142105,0
2075,0.00067265,0
2076,0.00518732,0
2077,0.00106171,0
2078,0.00250879,0
2079,0.01393610,0
2080,0.02551813,0
2081,0.01034358,0
2082,0.00274989,0
2083,0.00126870,0
2084,0.00085966,0
2085,0.00079937,0
2086,0.00033710,0
2087,0.00687460,0
2088,0.00090410,0
2089,0.00756391,0
2090,0.00335115,0
2091,0.00149886,0
2092,0.00037578,0
2093,0.00352949,0
2094,0.00145439,0
2095,0.00194659,0
2096,0.00132297,0
2097,0.00063219,0
2098,0.00552928,0
2099,0.00099787,0
2100,0.00237371,0
2101,0.01363196,0
2102,0.02603322,0
2103,0.01000333,0
2104,0.00292867,0
2105,0.00131297,0
2106,0.00092038,0
2107,0.00080209,0
2108,0.00033002,0
2109,0.00735489,0
2110,0.00089919,0
2111,0.00778846,0
2112,0.00365407,0
2113,0.00150110,0
2114,0.00031314,0
2115,0.00321548,0
2116,0.00144336,0
2117,0.00162797,0
2118,0.00127031,0
2119,0.00061622,0
2120,0.00518193,0
2121,0.00101629,0
2122,0.00235784,0
2123,0.01383775,0
2124,0.02679647,0
2125,0.01109799,0
2126,0.00271510,0
2127,0.00132807,0
2128,0.00087638,0
2129,0.00085013,0
2130,0.00035729,0
2131,0.00713840,0
2132,0.00097842,0
2133,0.00811786,0
2134,0.00374740,0
2135,0.00145175,0
2136,0.00047583,0
2137,0.00322485,0
2138,0.00155191,0
2139,0.00185753,0
2140,0.00130526,0
2141,0.00062325,0
2142,0.00542434,0
2143,0.00105102,0
2144,0.00235960,0
2145,0.01344128,0
2146,0.02563479,0
2147,0.00991202,0
2148,0.00261050,0
2149,0.00125424,0
2150,0.00095890,0
2151,0.00087575,0
2152,0.00031144,0
2153,0.00723771,0
2154,0.00107847,0
2155,0.00814320,0
2156,0.00352264,0
2157,0.00153372,0
2158,0.00056925,0
2159,0.00336961,0
2160,0.00155378,0
2161,0.00085017,0
2162,0.00136810,0
2163,0.00069275,0
2164,0.00512318,0
2165,0.00106865,0
2166,0.00239151,0
2167,0.01446939,0
2168,0.02497034,0
2169,0.01006231,0
2170,0.00297031,0
2171,0.00149363,0
2172,0.00089263,0
2173,0.00081874,0
2174,0.00030724,0
2175,0.00710949,0
2176,0.00108694,0
2177,0.00820937,0
2178,0.00372499,0
2179,0.00142953,0
2180,0.00053809,0
2181,0.00318660,0
2182,0.00159874,0
2183,0.00135792,0
2184,0.00132500,0
2185,0.00069932,0
2186,0.00550054,0
2187,0.00104690,0
2188,0.00243942,0
2189,0.01429468,0
2190,0.02655056,0
2191,0.01022221,0
2192,0.00302498,0
2193,0.00130189,0
2194,0.00091708,0
2195,0.00082069,0
2196,0.00033593,0
2197,0.00705382,0
2198,0.00106637,0
2199,0.00870531,0
2200,0.00363573,0
2201,0.00151940,0
2202,0.00043793,0
2203,0.00341462,0
2204,0.00161085,0
2205,0.00258463,0
2206,0.00134022,0
2207,0.00069991,0
2208,0.00533513,0
2209,0.00106541,0
2210,0.00248128,0
2211,0.01505101,0
2212,0.02569845,0
2213,0.01121965,0
2214,0.00300528,0
2215,0.00128648,0
2216,0.00089506,0
2217,0.00086732,0
2218,0.00031569,0
2219,0.00668777,0
2220,0.00105836,0
2221,0.00824330,0
2222,0.00363372,0
2223,0.00160546,0
2224,0.00046640,0
2225,0.00330757,0
2226,0.00159866,0
2227,0.00242743,0
2228,0.00140437,0
2229,0.00069975,0
2230,0.00580460,0
2231,0.00101889,0
2232,0.00236933,0
2233,0.01436761,0
2234,0.02620652,0
2235,0.01034740,0
2236,0.00294403,0
2237,0.00119666,0
2238,0.00094372,0
2239,0.00083987,0
2240,0.00032214,0
2241,0.00729831,0
2242,0.00118100,0
2243,0.00918371,0
2244,0.00367869,0
2245,0.00158030,0
2246,0.00046634,0
2247,0.00348805,0
2248,0.00166912,0
2249,0.00135342,0
2250,0.00131889,0
2251,0.00067483,0
2252,0.00530260,0
2253,0.00106981,0
2254,0.00243250,0
2255,0.01406170,0
2256,0.02701527,0
2257,0.01060838,0
2258,0.00291263,0
2259,0.00134365,0
2260,0.00096575,0
2261,0.00086859,0
2262,0.00033743,0
2263,0.00682302,0
2264,0.00110449,0
2265,0.00933074,0
2266,0.00359003,0
2267,0.00165783,0
2268,0.00057761,0
2269,0.00347896,0
2270,0.00167238,0
2271,0.00138218,0
2272,0.00130845,0
2273,0.00067196,0
2274,0.00540091,0
2275,0.00101706,0
2276,0.00242776,0
2277,0.01394218,0
2278,0.02606436,0
2279,0.01032272,0
2280,0.00286026,0
2281,0.00129950,0
2282,0.00085178,0
2283,0.00085476,0
2284,0.00033150,0
2285,0.00724900,0
2286,0.00111414,0
2287,0.00928058,0
2288,0.00375606,0
2289,0.00158010,0
2290,0.00041858,0
2291,0.00358469,0
2292,0.00174857,0
2293,0.00186393,0
2294,0.00136837,0
2295,0.00064550,0
2296,0.00535281,0
2297,0.00103540,0
2298,0.00245592,0
2299,0.01414867,0
2300,0.02431940,0
2301,0.01012296,0
2302,0.00275726,0
2303,0.00107702,0
2304,0.00087204,0
2305,0.00083246,0
2306,0.00031113,0
2307,0.00718467,0
2308,0.00098006,0
2309,0.00951193,0
2310,0.00377363,0
2311,0.00159035,0
2312,0.00043198,0
2313,0.00336292,0
2314,0.00165641,0
2315,0.00240853,0
2316,0.00128321,0
2317,0.00066250,0
2318,0.00571890,0
2319,0.00100821,0
2320,0.00248379,0
2321,0.01420392,0
2322,0.02379214,0
2323,0.01028647,0
2324,0.00258174,0
2325,0.00103009,0
2326,0.00090752,0
2327,0.00087576,0
2328,0.00033159,0
2329,0.00749825,0
2330,0.00101819,0
2331,0.00945283,0
2332,0.00366419,0
2333,0.00163518,0
2334,0.00044010,0
2335,0.00335980,0
2336,0.00164140,0
2337,0.00247514,0
2338,0.00135686,0
2339,0.00065518,0
2340,0.00576734,0
2341,0.00105520,0
2342,0.00268048,0
2343,0.01404612,0
2344,0.02676682,0
2345,0.01158701,0
2346,0.00257297,0
2347,0.00119141,0
2348,0.00086901,0
2349,0.00082093,0
2350,0.00032960,0
2351,0.00720616,0
2352,0.00111761,0
2353,0.00891885,0
2354,0.00331228,0
2355,0.00167014,0
2356,0.00038470,0
2357,0.00361247,0
2358,0.00166783,0
2359,0.00107139,0
2360,0.00140276,0
2361,0.00065545,0
2362,0.00542150,0
2363,0.00104641,0
2364,0.00257684,0
2365,0.01297863,0
2366,0.02465920,0
2367,0.01137332,0
2368,0.00273300,0
2369,0.00116063,0
2370,0.00091195,0
2371,0.00090982,0
2372,0.00034413,0
2373,0.00775388,0
2374,0.00103834,0
2375,0.00921780,0
2376,0.00350711,0
2377,0.00161361,0
2378,0.00035952,0
2379,0.00335103,0
2380,0.00168153,0
2381,0.00154412,0
2382,0.00143708,0
2383,0.00067608,0
2384,0.00552690,0
2385,0.00103229,0
2386,0.00263275,0
2387,0.01376618,0
2388,0.02544863,0
2389,0.01055286,0
2390,0.00270555,0
2391,0.00117678,0
2392,0.00089991,0
2393,0.00092020,0
2394,0.00036441,0
2395,0.00750173,0
2396,0.00105809,0
2397,0.00933158,0
2398,0.00361046,0
2399,0.00169754,0
2400,0.00052238,0
2401,0.00356136,0
2402,0.00180451,0
2403,0.00103943,0
2404,0.00147883,0
2405,0.00064668,0
2406,0.00544103,0
2407,0.00105030,0
2408,0.00259396,0
2409,0.01413770,0
2410,0.02584453,0
2411,0.01110074,0
2412,0.00269923,0
2413,0.00121397,0
2414,0.00096034,0
2415,0.00091399,0
2416,0.00036135,0
2417,0.00769427,0
2418,0.00104426,0
2419,0.00937434,0
2420,0.00354049,0
2421,0.00168860,0
2422,0.00057529,0
2423,0.00365460,0
2424,0.00180965,0
2425,0.00263073,0
2426,0.00140261,0
2427,0.00066788,0
2428,0.00592155,0
2429,0.00107290,0
2430,0.00245762,0
2431,0.01492240,0
2432,0.02528367,0
2433,0.01114065,0
2434,0.00275531,0
2435,0.00119851,0
2436,0.00099866,0
2437,0.00093106,0
2438,0.00037495,0
2439,0.00735413,0
2440,0.00128588,0
2441,0.00866328,0
2442,0.00360257,0
2443,0.00162868,0
2444,0.00048307,0
2445,0.00330616,0
2446,0.00168019,0
2447,0.00088337,0
2448,0.00145773,0
2449,0.00063494,0
2450,0.00592907,0
2451,0.00111823,0
2452,0.00259318,0
2453,0.01450973,0
2454,0.02436155,0
2455,0.01074058,0
2456,0.00267800,0
2457,0.00111977,0
2458,0.00098768,0
2459,0.00090561,0
2460,0.00033871,0
2461,0.00726453,0
2462,0.00118525,0
2463,0.01017227,0
2464,0.00388428,0
2465,0.00174878,0
2466,0.00034290,0
2467,0.00358048,0
2468,0.00183786,0
2469,0.00179909,0
2470,0.00135765,0
2471,0.00064580,0
2472,0.00593365,0
2473,0.00109047,0
2474,0.00240335,0
2475,0.01489053,0
2476,0.02648684,0
2477,0.01169762,0
2478,0.00257200,0
2479,0.00106889,0
2480,0.00091393,0
2481,0.00092212,0
2482,0.00035488,0
2483,0.00710365,0
2484,0.00121242,0
2485,0.00885008,0
2486,0.00359665,0
2487,0.00156202,0
2488,0.00032683,0
2489,0.00358334,0
2490,0.00186642,0
2491,0.00093689,0
2492,0.00137442,0
2493,0.00063572,0
2494,0.00578571,0
2495,0.00109398,0
2496,0.00241932,0
2497,0.01455680,0
2498,0.02576847,0
2499,0.01089144,0
2500,0.00257023,0
2501,0.00092449,0
2502,0.00089116,0
2503,0.00089138,0
2504,0.00034633,0
2505,0.00659824,0
2506,0.00113879,0
2507,0.00922650,0
2508,0.00367151,0
2509,0.00153418,0
2510,0.00032600,0
2511,0.00331098,0
2512,0.00174197,0
2513,0.00266948,0
2514,0.00131206,0
2515,0.00064842,0
2516,0.00598307,0
2517,0.00112258,0
2518,0.00254212,0
2519,0.01418672,0
2520,0.02571313,0
2521,0.01112613,0
2522,0.00259001,0
2523,0.00094238,0
2524,0.00095557,0
2525,0.00090618,0
2526,0.00036025,0
2527,0.00659980,0
2528,0.00118524,0
2529,0.00959124,0
2530,0.00390225,0
2531,0.00156374,0
2532,0.00032161,0
2533,0.00338327,0
2534,0.00177547,0
2535,0.00112733,0
2536,0.00145224,0
2537,0.00063055,0
2538,0.00620332,0
2539,0.00116912,0
2540,0.00267336,0
2541,0.01443661,0
2542,0.02695355,0
2543,0.01109314,0
2544,0.00263695,0
2545,0.00098169,0
2546,0.00096065,0
2547,0.00093345,0
2548,0.00035874,0
2549,0.00677433,0
2550,0.00127850,0
2551,0.00980068,0
2552,0.00363727,0
2553,0.00166946,0
2554,0.00032540,0
2555,0.00341012,0
2556,0.00183405,0
2557,0.00112450,0
2558,0.00135780,0
2559,0.00066546,0
2560,0.00580981,0
2561,0.00110270,0
2562,0.00276667,0
2563,0.01500071,0
2564,0.02688194,0
2565,0.01108297,0
2566,0.00272926,0
2567,0.00092866,0
2568,0.00092376,0
2569,0.00094836,0
2570,0.00034061,0
2571,0.00656849,0
2572,0.00123678,0
2573,0.00968085,0
2574,0.00372022,0
2575,0.00169054,0
2576,0.00049377,0
2577,0.00365813,0
2578,0.00180551,0
2579,0.00082945,0
2580,0.00144613,0
2581,0.00066934,0
2582,0.00612302,0
2583,0.00110878,0
2584,0.00265398,0
2585,0.01497183,0
2586,0.02599823,0
2587,0.01072204,0
2588,0.00261325,0
2589,0.00098874,0
2590,0.00097345,0
2591,0.00099473,0
2592,0.00036272,0
2593,0.00654226,0
2594,0.00130219,0
2595,0.00999190,0
2596,0.00424988,0
2597,0.00159077,0
2598,0.00057122,0
2599,0.00365127,0
2600,0.00177367,0
2601,0.00199497,0
2602,0.00143474,0
2603,0.00070834,0
2604,0.00604279,0
2605,0.00107861,0
2606,0.00269231,0
2607,0.01511594,0
2608,0.02588171,0
2609,0.01133458,0
2610,0.00277936,0
2611,0.00103203,0
2612,0.00105155,0
2613,0.00091067,0
2614,0.00037984,0
2615,0.00656287,0
2616,0.00126171,0
2617,0.00971871,0
2618,0.00410372,0
2619,0.00155316,0
2620,0.00044703,0
2621,0.00352734,0
2622,0.00174746,0
2623,0.00192262,0
2624,0.00146505,0
2625,0.00066235,0
2626,0.00620951,0
2627,0.00115093,0
2628,0.00261639,0
2629,0.01565169,0
2630,0.02586803,0
2631,0.01185243,0
2632,0.00282533,0
2633,0.00104632,0
2634,0.00095621,0
2635,0.00093558,0
2636,0.00036785,0
2637,0.00677999,0
2638,0.00135154,0
2639,0.00996582,0
2640,0.00423882,0
2641,0.00157709,0
2642,0.00043285,0
2643,0.00332906,0
2644,0.00191423,0
2645,0.00204168,0
2646,0.00140985,0
2647,0.00073434,0
2648,0.00614085,0
2649,0.00113868,0
2650,0.00259356,0
2651,0.01516845,0
2652,0.02761837,0
2653,0.01111613,0
2654,0.00294981,0
2655,0.00099744,0
2656,0.00102522,0
2657,0.00099144,0
2658,0.00037792,0
2659,0.00733872,0
2660,0.00135554,0
2661,0.01049173,0
2662,0.00403516,0
2663,0.00163104,0
2664,0.00057140,0
2665,0.00345188,0
2666,0.00184563,0
2667,0.00166398,0
2668,0.00153858,0
2669,0.00073379,0
2670,0.00631915,0
2671,0.00111449,0
2672,0.00258735,0
2673,0.01553539,0
2674,0.02676544,0
2675,0.01166191,0
2676,0.00276370,0
2677,0.00103497,0
2678,0.00105345,0
2679,0.00101902,0
2680,0.00038237,0
2681,0.00712709,0
2682,0.00130548,0
2683,0.01021312,0
2684,0.00414713,0
2685,0.00176378,0
2686,0.00042190,0
2687,0.00355918,0
2688,0.00192957,0
2689,0.00205534,0
2690,0.00163345,0
2691,0.00079003,0
2692,0.00637069,0
2693,0.00116477,0
2694,0.00280229,0
2695,0.01662298,0
2696,0.02925620,0
2697,0.01165256,0
2698,0.00300299,0
2699,0.00106135,0
2700,0.00107879,0
2701,0.00109591,0
2702,0.00038875,0
2703,0.00730738,0
2704,0.00134436,0
2705,0.01069945,0
2706,0.00394122,0
2707,0.00160431,0
2708,0.00041926,0
2709,0.00358249,0
2710,0.00190251,0
2711,0.00157003,0
2712,0.00158741,0
2713,0.00073660,0
2714,0.00665200,0
2715,0.00112826,0
2716,0.00293207,0
2717,0.01582117,0
2718,0.02738425,0
2719,0.01108695,0
2720,0.00300314,0
2721,0.00109943,0
2722,0.00098420,0
2723,0.00107347,0
2724,0.00038423,0
2725,0.00745265,0
2726,0.00132772,0
2727,0.01048674,0
2728,0.00416614,0
2729,0.00162141,0
2730,0.00044549,0
2731,0.00364106,0
2732,0.00199588,0
2733,0.00105729,0
2734,0.00157378,0
2735,0.00070537,0
2736,0.00639218,0
2737,0.00114377,0
2738,0.00278474,0
2739,0.01596076,0
2740,0.02784101,0
2741,0.01170440,0
2742,0.00295422,0
2743,0.00104305,0
2744,0.00112507,0
2745,0.00101279,0
2746,0.00037795,0
2747,0.00724566,0
2748,0.00137265,0
2749,0.01068962,0
2750,0.00402816,0
2751,0.00166751,0
2752,0.00050320,0
2753,0.00363088,0
2754,0.00200601,0
2755,0.00204597,0
2756,0.00160123,0
2757,0.00073454,0
2758,0.00631543,0
2759,0.00123987,0
2760,0.00273219,0
2761,0.01551707,0
2762,0.02826452,0
2763,0.01219968,0
2764,0.00296261,0
2765,0.00102906,0
2766,0.00106441,0
2767,0.00103540,0
2768,0.00039976,0
2769,0.00760601,0
2770,0.00145256,0
2771,0.01089403,0
2772,0.00379374,0
2773,0.00175998,0
2774,0.00042254,0
2775,0.00361119,0
2776,0.00195911,0
2777,0.00283195,0
2778,0.00158040,0
2779,0.00073786,0
2780,0.00644768,0
2781,0.00117632,0
2782,0.00288279,0
2783,0.01673244,0
2784,0.02870988,0
2785,0.01257190,0
2786,0.00296601,0
2787,0.00106205,0
2788,0.00113965,0
2789,0.00106699,0
2790,0.00040936,0
2791,0.00734222,0
2792,0.00133028,0
2793,0.01031244,0
2794,0.00403798,0
2795,0.00175774,0
2796,0.00036096,0
2797,0.00374110,0
2798,0.00198162,0
2799,0.00156977,0
2800,0.00158848,0
2801,0.00069066,0
2802,0.00662525,0
2803,0.00122578,0
2804,0.00283222,0
2805,0.01622561,0
2806,0.02760088,0
2807,0.01288282,0
2808,0.00286815,0
2809,0.00097647,0
2810,0.00108519,0
2811,0.00108823,0
2812,0.00040055,0
2813,0.00748987,0
2814,0.00150568,0
2815,0.01147158,0
2816,0.00413532,0
2817,0.00176382,0
2818,0.00038415,0
2819,0.00350358,0
2820,0.00204706,0
2821,0.00107779,0
2822,0.00158628,0
2823,0.00069482,0
2824,0.00673268,0
2825,0.00118374,0
2826,0.00297878,0
2827,0.01648075,0
2828,0.02552101,0
2829,0.01213341,0
2830,0.00303332,0
2831,0.00097848,0
2832,0.00105835,0
2833,0.00112947,0
2834,0.00040259,0
2835,0.00717060,0
2836,0.00141079,0
2837,0.01074251,0
2838,0.00427864,0
2839,0.00177255,0
2840,0.00041042,0
2841,0.00360837,0
2842,0.00203542,0
2843,0.00253178,0
2844,0.00162387,0
2845,0.00072700,0
2846,0.00679981,0
2847,0.00122498,0
2848,0.00316566,0
2849,0.01687546,0
2850,0.02817223,0
2851,0.01190735,0
2852,0.00288589,0
2853,0.00105029,0
2854,0.00112241,0
2855,0.00114697,0
2856,0.00038202,0
2857,0.00757742,0
2858,0.00137413,0
2859,0.01029621,0
2860,0.00411347,0
2861,0.00181149,0
2862,0.00037575,0
2863,0.00344968,0
2864,0.00199729,0
2865,0.00293849,0
2866,0.00155376,0
2867,0.00067675,0
2868,0.00685786,0
2869,0.00123193,0
2870,0.00288111,0
2871,0.01692487,0
2872,0.03046704,0
2873,0.01238475,0
2874,0.00289669,0
2875,0.00098775,0
2876,0.00112872,0
2877,0.00114136,0
2878,0.00039789,0
2879,0.00752546,0
2880,0.00146983,0
2881,0.01021798,0
2882,0.00426387,0
2883,0.00185559,0
2884,0.00040682,0
2885,0.00370780,0
2886,0.00226581,0
2887,0.00265502,0
2888,0.00164936,0
2889,0.00069698,0
2890,0.00684750,0
2891,0.00126451,0
2892,0.00295976,0
2893,0.01629619,0
2894,0.02560530,0
2895,0.01237225,0
2896,0.00310728,0
2897,0.00096118,0
2898,0.00115458,0
2899,0.00114281,0
2900,0.00038579,0
2901,0.00766797,0
2902,0.00159603,0
2903,0.01056286,0
2904,0.00402574,0
2905,0.00182121,0
2906,0.00040021,0
2907,0.00373687,0
2908,0.00222544,0
2909,0.00217607,0
2910,0.00158991,0
2911,0.00071781,0
2912,0.00662091,0
2913,0.00123645,0
2914,0.00276990,0
2915,0.01617641,0
2916,0.02820157,0
2917,0.01221651,0
2918,0.00324092,0
2919,0.00088435,0
2920,0.00112251,0
2921,0.00110020,0
2922,0.00041232,0
2923,0.00721763,0
2924,0.00161858,0
2925,0.01021573,0
2926,0.00389915,0
2927,0.00176923,0
2928,0.00059632,0
2929,0.00363590,0
2930,0.00215341,0
2931,0.00309811,0
2932,0.00156264,0
2933,0.00071694,0
2934,0.00619767,0
2935,0.00126826,0
2936,0.00278391,0
2937,0.01682884,0
2938,0.02707481,0
2939,0.01112771,0
2940,0.00315146,0
2941,0.00094075,0
2942,0.00108756,0
2943,0.00109175,0
2944,0.00038062,0
2945,0.00774889,0
2946,0.00145676,0
2947,0.01090437,0
2948,0.00406036,0
2949,0.00171663,0
2950,0.00030361,0
2951,0.00366410,0
2952,0.00221794,0
2953,0.00143409,0
2954,0.00157091,0
2955,0.00069410,0
2956,0.00683730,0
2957,0.00130759,0
2958,0.00283248,0
2959,0.01763655,0
2960,0.02827907,0
2961,0.01158777,0
2962,0.00320377,0
2963,0.00090727,0
2964,0.00109662,0
2965,0.00114875,0
2966,0.00037974,0
2967,0.00743766,0
2968,0.00149592,0
2969,0.00991974,0
2970,0.00399505,0
2971,0.00185993,0
2972,0.00036749,0
2973,0.00350711,0
2974,0.00215199,0
2975,0.00152602,0
2976,0.00156600,0
2977,0.00068101,0
2978,0.00671249,0
2979,0.00124787,0
2980,0.00277362,0
2981,0.01772549,0
2982,0.03024247,0
2983,0.01148765,0
2984,0.00327145,0
2985,0.00091156,0
2986,0.00112841,0
2987,0.00115818,0
2988,0.00040526,0
2989,0.00759304,0
2990,0.00143432,0
2991,0.01066763,0
2992,0.00396290,0
2993,0.00185129,0
2994,0.00038357,0
2995,0.00352273,0
2996,0.00216904,0
2997,0.00305625,0
2998,0.00161637,0
2999,0.00073867,0
3000,0.00666091,0
3001,0.00124968,0
3002,0.00269457,0
3003,0.01793739,0
3004,0.02801395,0
3005,0.01169828,0
3006,0.00315063,0
3007,0.00100279,0
3008,0.00113697,0
3009,0.00119439,0
3010,0.00040583,0
3011,0.00814460,0
3012,0.00146634,0
3013,0.01071377,0
3014,0.00398794,0
3015,0.00179392,0
3016,0.00050161,0
3017,0.00365694,0
3018,0.00236935,0
3019,0.00154504,0
3020,0.00169817,0
3021,0.00072810,0
3022,0.00664733,0
3023,0.00132358,0
3024,0.00279372,0
3025,0.01827313,0
3026,0.03021074,0
3027,0.01252194,0
3028,0.00349093,0
3029,0.00106350,0
3030,0.00109982,0
3031,0.00124637,0
3032,0.00042079,0
3033,0.00797658,0
3034,0.00156354,0
3035,0.01149351,0
3036,0.00436958,0
3037,0.00186951,0
3038,0.00032623,0
3039,0.00362972,0
3040,0.00214594,0
3041,0.00100580,0
3042,0.00163301,0
3043,0.00069826,0
3044,0.00632653,0
3045,0.00136484,0
3046,0.00295547,0
3047,0.01824086,0
3048,0.02969669,0
3049,0.01243629,0
3050,0.00314319,0
3051,0.00093200,0
3052,0.00110409,0
3053,0.00125164,0
3054,0.00043706,0
3055,0.00780941,0
3056,0.00146202,0
3057,0.01140169,0
3058,0.00435197,0
3059,0.00204917,0
3060,0.00036164,0
3061,0.00377886,0
3062,0.00226043,0
3063,0.00160102,0
3064,0.00174067,0
3065,0.00074464,0
3066,0.00729286,0
3067,0.00136835,0
3068,0.00308764,0
3069,0.01778820,0
3070,0.02904087,0
3071,0.01287559,0
3072,0.00337396,0
3073,0.00095149,0
3074,0.00122486,0
3075,0.00123342,0
3076,0.00043727,0
3077,0.00795672,0
3078,0.00160357,0
3079,0.01182199,0
3080,0.00430815,0
3081,0.00195542,0
3082,0.00036707,0
3083,0.00388892,0
3084,0.00228446,0
3085,0.00270459,0
3086,0.00170096,0
3087,0.00077537,0
3088,0.00755622,0
3089,0.00136256,0
3090,0.00299243,0
3091,0.01910130,0
3092,0.02769320,0
3093,0.01261348,0
3094,0.00314104,0
3095,0.00093638,0
3096,0.00115381,0
3097,0.00128520,0
3098,0.00043212,0
3099,0.00771344,0
3100,0.00175740,0
3101,0.01186180,0
3102,0.00457878,0
3103,0.00195036,0
3104,0.00040159,0
3105,0.00390744,0
3106,0.00235739,0
3107,0.00326289,0
3108,0.00172762,0
3109,0.00077948,0
3110,0.00730058,0
3111,0.00135723,0
3112,0.00303069,0
3113,0.01955835,0
3114,0.02901023,0
3115,0.01303237,0
3116,0.00327163,0
3117,0.00092807,0
3118,0.00133752,0
3119,0.00134230,0
3120,0.00044634,0
3121,0.00817063,0
3122,0.00177214,0
3123,0.01234356,0
3124,0.00450426,0
3125,0.00209293,0
3126,0.00033254,0
3127,0.00416407,0
3128,0.00245966,0
3129,0.00258897,0
3130,0.00173524,0
3131,0.00075973,0
3132,0.00787786,0
3133,0.00140188,0
3134,0.00319382,0
3135,0.01953331,0
3136,0.02933882,0
3137,0.01368455,0
3138,0.00348900,0
3139,0.00099171,0
3140,0.00121400,0
3141,0.00132588,0
3142,0.00047686,0
3143,0.00826309,0
3144,0.00175333,0
3145,0.01273579,0
3146,0.00456998,0
3147,0.00204685,0
3148,0.00036322,0
3149,0.00391740,0
3150,0.00251093,0
3151,0.00209781,0
3152,0.00180244,0
3153,0.00073878,0
3154,0.00813997,0
3155,0.00141753,0
3156,0.00310943,0
3157,0.01939743,0
3158,0.03004832,0
3159,0.01297261,0
3160,0.00339282,0
3161,0.00103555,0
3162,0.00128012,0
3163,0.00147136,0
3164,0.00047528,0
3165,0.00901459,0
3166,0.00170257,0
3167,0.01277624,0
3168,0.00473754,0
3169,0.00208460,0
3170,0.00031554,0
3171,0.00406760,0
3172,0.00245989,0
3173,0.00165172,0
3174,0.00191992,0
3175,0.00077236,0
3176,0.00748254,0
3177,0.00139657,0
3178,0.00296540,0
3179,0.02088163,0
3180,0.03153253,0
3181,0.01368523,0
3182,0.00338164,0
3183,0.00109484,0
3184,0.00124384,0
3185,0.00145257,0
3186,0.00048266,0
3187,0.00822453,0
3188,0.00177994,0
3189,0.01325203,0
3190,0.00506684,0
3191,0.00215063,0
3192,0.00033498,0
3193,0.00397458,0
3194,0.00240362,0
3195,0.00113702,0
3196,0.00177380,0
3197,0.00074292,0
3198,0.00755957,0
3199,0.00137861,0
3200,0.00308166,0
3201,0.02070008,0
3202,0.02955350,0
3203,0.01272259,0
3204,0.00345844,0
3205,0.00106425,0
3206,0.00125762,0
3207,0.00143900,0
3208,0.00046134,0
3209,0.00861727,0
3210,0.00171581,0
3211,0.01298869,0
3212,0.00488988,0
3213,0.00206278,0
3214,0.00031935,0
3215,0.00395176,0
3216,0.00252689,0
3217,0.00117697,0
3218,0.00188950,0
3219,0.00073598,0
3220,0.00776933,0
3221,0.00134371,0
3222,0.00321679,0
3223,0.02039379,0
3224,0.02943795,0
3225,0.01270868,0
3226,0.00339691,0
3227,0.00115652,0
3228,0.00125372,0
3229,0.00147265,0
3230,0.00049112,0
3231,0.00848389,0
3232,0.00186548,0
3233,0.01274627,0
3234,0.00490732,0
3235,0.00209278,0
3236,0.00034678,0
3237,0.00413952,0
3238,0.00239956,0
3239,0.00147246,0
3240,0.00196520,0
3241,0.00075651,0
3242,0.00788128,0
3243,0.00133871,0
3244,0.00307066,0
3245,0.02117936,0
3246,0.03177571,0
3247,0.01228587,0
3248,0.00310306,0
3249,0.00104817,0
3250,0.00125677,0
3251,0.00139742,0
3252,0.00046801,0
3253,0.00885549,0
3254,0.00167553,0
3255,0.01284969,0
3256,0.00500878,0
3257,0.00213656,0
3258,0.00033932,0
3259,0.00399347,0
3260,0.00231067,0
3261,0.00323336,0
3262,0.00177344,0
3263,0.00080633,0
3264,0.00774971,0
3265,0.00133909,0
3266,0.00327495,0
3267,0.02034770,0
3268,0.03121482,0
3269,0.01250739,0
3270,0.00311124,0
3271,0.00106550,0
3272,0.00123463,0
3273,0.00143582,0
3274,0.00047583,0
3275,0.00880916,0
3276,0.00177640,0
3277,0.01237886,0
3278,0.00495718,0
3279,0.00204939,0
3280,0.00032699,0
3281,0.00385083,0
3282,0.00234201,0
3283,0.00219327,0
3284,0.00180409,0
3285,0.00072831,0
3286,0.00766961,0
3287,0.00133896,0
3288,0.00324955,0
3289,0.01938207,0
3290,0.03017514,0
3291,0.01353763,0
3292,0.00322269,0
3293,0.00107252,0
3294,0.00118610,0
3295,0.00146235,0
3296,0.00046417,0
3297,0.00850062,0
3298,0.00186136,0
3299,0.01229536,0
3300,0.00512086,0
3301,0.00203660,0
3302,0.00029276,0
3303,0.00402662,0
3304,0.00231982,0
3305,0.00206725,0
3306,0.00180851,0
3307,0.00071929,0
3308,0.00789093,0
3309,0.00132499,0
3310,0.00322624,0
3311,0.01893650,0
3312,0.02949581,0
3313,0.01280780,0
3314,0.00318167,0
3315,0.00111856,0
3316,0.00119009,0
3317,0.00135107,0
3318,0.00046177,0
3319,0.00847045,0
3320,0.00180483,0
3321,0.01193377,0
3322,0.00485977,0
3323,0.00204111,0
3324,0.00032168,0
3325,0.00383899,0
3326,0.00244564,0
3327,0.00110652,0
3328,0.00183394,0
3329,0.00075613,0
3330,0.00779816,0
3331,0.00131399,0
3332,0.00328214,0
3333,0.02010994,0
3334,0.02866796,0
3335,0.01295940,0
3336,0.00329442,0
3337,0.00110047,0
3338,0.00118677,0
3339,0.00138384,0
3340,0.00044176,0
3341,0.00905975,0
3342,0.00197478,0
3343,0.01239881,0
3344,0.00472502,0
3345,0.00199004,0
3346,0.00032650,0
3347,0.00386815,0
3348,0.00236383,0
3349,0.00235840,0
3350,0.00194986,0
3351,0.00072690,0
3352,0.00737014,0
3353,0.00133299,0
3354,0.00321233,0
3355,0.02066601,0
3356,0.03082246,0
3357,0.01260069,0
3358,0.00321041,0
3359,0.00112849,0
3360,0.00119157,0
3361,0.00141679,0
3362,0.00045087,0
3363,0.00861451,0
3364,0.00194315,0
3365,0.01209110,0
3366,0.00491439,0
3367,0.00196421,0
3368,0.00034556,0
3369,0.00381949,0
3370,0.00234310,0
3371,0.00243466,0
3372,0.00183091,0
3373,0.00068784,0
3374,0.00750841,0
3375,0.00129390,0
3376,0.00320700,0
3377,0.01975053,0
3378,0.02969661,0
3379,0.01259116,0
3380,0.00324432,0
3381,0.00111471,0
3382,0.00122074,0
3383,0.00143193,0
3384,0.00041874,0
3385,0.00859129,0
3386,0.00214304,0
3387,0.01215117,0
3388,0.00499973,0
3389,0.00202836,0
3390,0.00033223,0
3391,0.00390159,0
3392,0.00253715,0
3393,0.00271335,0
3394,0.00184760,0
3395,0.00070241,0
3396,0.00760598,0
3397,0.00125241,0
3398,0.00314285,0
3399,0.02167866,0
3400,0.03107342,0
3401,0.01373632,0
3402,0.00329163,0
3403,0.00100535,0
3404,0.00123465,0
3405,0.00151474,0
3406,0.00046896,0
3407,0.00867846,0
3408,0.00208726,0
3409,0.01253967,0
3410,0.00481145,0
3411,0.00203675,0
3412,0.00042007,0
3413,0.00396320,0
3414,0.00262302,0
3415,0.00111489,0
3416,0.00186230,0
3417,0.00074162,0
3418,0.00770951,0
3419,0.00129977,0
3420,0.00306307,0
3421,0.02064720,0
3422,0.03160935,0
3423,0.01339538,0
3424,0.00333411,0
3425,0.00103091,0
3426,0.00124576,0
3427,0.00138076,0
3428,0.00040133,0
3429,0.00867855,0
3430,0.00192720,0
3431,0.01265620,0
3432,0.00468795,0
3433,0.00197381,0
3434,0.00042094,0
3435,0.00396642,0
3436,0.00264813,0
3437,0.00280515,0
3438,0.00191180,0
3439,0.00077551,0
3440,0.00815622,0
3441,0.00133198,0
3442,0.00300785,0
3443,0.02125197,0
3444,0.03144298,0
3445,0.01357774,0
3446,0.00313785,0
3447,0.00104605,0
3448,0.00125540,0
3449,0.00141046,0
3450,0.00039509,0
3451,0.00780266,0
3452,0.00201791,0
3453,0.01257629,0
3454,0.00462785,0
3455,0.00207049,0
3456,0.00040418,0
3457,0.00375353,0
3458,0.00275034,0
3459,0.00151165,0
3460,0.00196929,0
3461,0.00075585,0
3462,0.00796567,0
3463,0.00132007,0
3464,0.00305045,0
3465,0.02092201,0
3466,0.02986365,0
3467,0.01344508,0
3468,0.00315873,0
3469,0.00107652,0
3470,0.00126269,0
3471,0.00150157,0
3472,0.00041383,0
3473,0.00832998,0
3474,0.00202123,0
3475,0.01285378,0
3476,0.00470432,0
3477,0.00203805,0
3478,0.00037033,0
3479,0.00380276,0
3480,0.00272166,0
3481,0.00308646,0
3482,0.00186026,0
3483,0.00077596,0
3484,0.00791957,0
3485,0.00138689,0
3486,0.00305869,0
3487,0.02069468,0
3488,0.03153292,0
3489,0.01375720,0
3490,0.00332977,0
3491,0.00105181,0
3492,0.00125696,0
3493,0.00147244,0
3494,0.00042248,0
3495,0.00811044,0
3496,0.00201310,0
3497,0.01253413,0
3498,0.00481738,0
3499,0.00204869,0
3500,0.00042687,0
3501,0.00413173,0
3502,0.00269825,0
3503,0.00122389,0
3504,0.00181473,0
3505,0.00077933,0
3506,0.00773802,0
3507,0.00140989,0
3508,0.00317394,0
3509,0.02268233,0
3510,0.03019832,0
3511,0.01427229,0
3512,0.00336268,0
3513,0.00102692,0
3514,0.00121189,0
3515,0.00150128,0
3516,0.00041915,0
3517,0.00846270,0
3518,0.00214231,0
3519,0.01273453,0
3520,0.00483672,0
3521,0.00208858,0
3522,0.00038134,0
3523,0.00388961,0
3524,0.00265177,0
3525,0.00310654,0
3526,0.00188089,0
3527,0.00076809,0
3528,0.00800747,0
3529,0.00141908,0
3530,0.00316582,0
3531,0.02140919,0
3532,0.03036939,0
3533,0.01435528,0
3534,0.00331918,0
3535,0.00105680,0
3536,0.00125070,0
3537,0.00148322,0
3538,0.00041529,0
3539,0.00865642,0
3540,0.00217745,0
3541,0.01275939,0
3542,0.00476039,0
3543,0.00203199,0
3544,0.00036063,0
3545,0.00417626,0
3546,0.00273961,0
3547,0.00123255,0
3548,0.00182459,0
3549,0.00076843,0
3550,0.00769554,0
3551,0.00143769,0
3552,0.00297592,0
3553,0.02133618,0
3554,0.03207092,0
3555,0.01354709,0
3556,0.00340187,0
3557,0.00106038,0
3558,0.00132758,0
3559,0.00149207,0
3560,0.00042317,0
3561,0.00832801,0
3562,0.00204951,0
3563,0.01320508,0
3564,0.00486153,0
3565,0.00209201,0
3566,0.00036609,0
3567,0.00404148,0
3568,0.00282869,0
3569,0.00206820,0
3570,0.00180321,0
3571,0.00080934,0
3572,0.00782785,0
3573,0.00139545,0
3574,0.00312213,0
3575,0.02264605,0
3576,0.03150620,0
3577,0.01291408,0
3578,0.00344568,0
3579,0.00102904,0
3580,0.00128069,0
3581,0.00146649,0
3582,0.00043923,0
3583,0.00866535,0
3584,0.00201298,0
3585,0.01311888,0
3586,0.00490761,0
3587,0.00214948,0
3588,0.00036339,0
3589,0.00389479,0
3590,0.00263981,0
3591,0.00225152,0
3592,0.00191260,0
3593,0.00074740,0
3594,0.00789212,0
3595,0.00138826,0
3596,0.00301713,0
3597,0.02261164,0
3598,0.02995060,0
3599,0.01339657,0
3600,0.00316447,0
3601,0.00110147,0
3602,0.00129806,0
3603,0.00149840,0
3604,0.00044926,0
3605,0.00866960,0
3606,0.00200416,0
3607,0.01303064,0
3608,0.00474563,0
3609,0.00198104,0
3610,0.00035847,0
3611,0.00393880,0
3612,0.00275268,0
3613,0.00214657,0
3614,0.00191042,0
3615,0.00076613,0
3616,0.00800894,0
3617,0.00137484,0
3618,0.00328622,0
3619,0.02240495,0
3620,0.03233539,0
3621,0.01400358,0
3622,0.00319501,0
3623,0.00108742,0
3624,0.00123583,0
3625,0.00154545,0
3626,0.00045672,0
3627,0.00820993,0
3628,0.00218824,0
3629,0.01272728,0
3630,0.00448562,0
3631,0.00192748,0
3632,0.00033041,0
3633,0.00397253,0
3634,0.00277146,0
3635,0.00141018,0
3636,0.00189165,0
3637,0.00075961,0
3638,0.00764744,0
3639,0.00139716,0
3640,0.00294477,0
3641,0.02253325,0
3642,0.03100412,0
3643,0.01380260,0
3644,0.00347653,0
3645,0.00104759,0
3646,0.00119924,0
3647,0.00151248,0
3648,0.00042563,0
3649,0.00846480,0
3650,0.00206726,0
3651,0.01185049,0
3652,0.00506147,0
3653,0.00197895,0
3654,0.00034258,0
3655,0.00398266,0
3656,0.00286470,0
3657,0.00124462,0
3658,0.00180622,0
3659,0.00080132,0
3660,0.00778911,0
3661,0.00141947,0
3662,0.00306603,0
3663,0.02123214,0
3664,0.03307147,0
3665,0.01512673,0
3666,0.00333439,0
3667,0.00103525,0
3668,0.00132427,0
3669,0.00144155,0
3670,0.00042402,0
3671,0.00843684,0
3672,0.00198073,0
3673,0.01268480,0
3674,0.00492059,0
3675,0.00204649,0
3676,0.00039623,0
3677,0.00386814,0
3678,0.00276076,0
3679,0.00290223,0
3680,0.00192519,0
3681,0.00080983,0
3682,0.00803660,0
3683,0.00143152,0
3684,0.00312328,0
3685,0.02242021,0
3686,0.03075354,0
3687,0.01473458,0
3688,0.00318257,0
3689,0.00103892,0
3690,0.00126601,0
3691,0.00161148,0
3692,0.00043765,0
3693,0.00827358,0
3694,0.00209440,0
3695,0.01353607,0
3696,0.00484942,0
3697,0.00213169,0
3698,0.00035231,0
3699,0.00416460,0
3700,0.00293896,0
3701,0.00115580,0
3702,0.00199450,0
3703,0.00078366,0
3704,0.00796164,0
3705,0.00144115,0
3706,0.00319406,0
3707,0.02150109,0
3708,0.03180945,0
3709,0.01350190,0
3710,0.00314239,0
3711,0.00095424,0
3712,0.00120596,0
3713,0.00149793,0
3714,0.00043186,0
3715,0.00779310,0
3716,0.00228346,0
3717,0.01328612,0
3718,0.00475634,0
3719,0.00217965,0
3720,0.00035804,0
3721,0.00397752,0
3722,0.00281601,0
3723,0.00152618,0
3724,0.00195260,0
3725,0.00080391,0
3726,0.00822743,0
3727,0.00140296,0
3728,0.00314937,0
3729,0.02225867,0
3730,0.03188829,0
3731,0.01471226,0
3732,0.00303968,0
3733,0.00097239,0
3734,0.00126398,0
3735,0.00154618,0
3736,0.00045215,0
3737,0.00795227,0
3738,0.00227185,0
3739,0.01264625,0
3740,0.00493799,0
3741,0.00210879,0
3742,0.00033559,0
3743,0.00412910,0
3744,0.00264745,0
3745,0.00152032,0
3746,0.00190227,0
3747,0.00077522,0
3748,0.00734518,0
3749,0.00138689,0
3750,0.00311592,0
3751,0.02149202,0
3752,0.03225419,0
3753,0.01348667,0
3754,0.00310781,0
3755,0.00093864,0
3756,0.00118001,0
3757,0.00157926,0
3758,0.00044686,0
3759,0.00795243,0
3760,0.00214019,0
3761,0.01329527,0
3762,0.00493780,0
3763,0.00214585,0
3764,0.00032006,0
3765,0.00385520,0
3766,0.00282317,0
3767,0.00339215,0
3768,0.00186657,0
3769,0.00081710,0
3770,0.00812807,0
3771,0.00135178,0
3772,0.00308727,0
3773,0.02257903,0
3774,0.02936725,0
3775,0.01421669,0
3776,0.00300204,0
3777,0.00089608,0
3778,0.00134280,0
3779,0.00161640,0
3780,0.00048113,0
3781,0.00814175,0
3782,0.00203815,0
3783,0.01329770,0
3784,0.00493030,0
3785,0.00214011,0
3786,0.00031473,0
3787,0.00404025,0
3788,0.00262553,0
3789,0.00153184,0
3790,0.00188138,0
3791,0.00074727,0
3792,0.00827021,0
3793,0.00140903,0
3794,0.00330551,0
3795,0.02103253,0
3796,0.03420585,0
3797,0.01366270,0
3798,0.00297730,0
3799,0.00088638,0
3800,0.00132942,0
3801,0.00164902,0
3802,0.00048036,0
3803,0.00775708,0
3804,0.00211334,0
3805,0.01284612,0
3806,0.00480851,0
3807,0.00209636,0
3808,0.00032838,0
3809,0.00402960,0
3810,0.00289345,0
3811,0.00133750,0
3812,0.00181956,0
3813,0.00075114,0
3814,0.00799501,0
3815,0.00142044,0
3816,0.00353883,0
3817,0.02135819,0
3818,0.03082139,0
3819,0.01508520,0
3820,0.00284294,0
3821,0.00092110,0
3822,0.00137507,0
3823,0.00170162,0
3824,0.00049315,0
3825,0.00847395,0
3826,0.00211394,0
3827,0.01291565,0
3828,0.00493213,0
3829,0.00213224,0
3830,0.00032862,0
3831,0.00405225,0
3832,0.00288107,0
3833,0.00139822,0
3834,0.00195011,0
3835,0.00075497,0
3836,0.00770905,0
3837,0.00141322,0
3838,0.00355989,0
3839,0.02271364,0
3840,0.03152519,0
3841,0.01523125,0
3842,0.00306782,0
3843,0.00091187,0
3844,0.00138158,0
3845,0.00168945,0
3846,0.00045722,0
3847,0.00784947,0
3848,0.00214302,0
3849,0.01283252,0
3850,0.00465762,0
3851,0.00211171,0
3852,0.00035277,0
3853,0.00401247,0
3854,0.00260491,0
3855,0.00261655,0
3856,0.00183710,0
3857,0.00078174,0
3858,0.00809049,0
3859,0.00135070,0
3860,0.00312894,0
3861,0.02321179,0
3862,0.03193461,0
3863,0.01487045,0
3864,0.00299071,0
3865,0.00095282,0
3866,0.00135453,0
3867,0.00163450,0
3868,0.00049401,0
3869,0.00866426,0
3870,0.00222447,0
3871,0.01354388,0
3872,0.00501844,0
3873,0.00209561,0
3874,0.00032741,0
3875,0.00394684,0
3876,0.00275175,0
3877,0.00191136,0
3878,0.00189850,0
3879,0.00073885,0
3880,0.00803069,0
3881,0.00143424,0
3882,0.00332658,0
3883,0.02272559,0
3884,0.03172800,0
3885,0.01426251,0
3886,0.00298848,0
3887,0.00094380,0
3888,0.00138058,0
3889,0.00188947,0
3890,0.00047599,0
3891,0.00839609,0
3892,0.00220535,0
3893,0.01332878,0
3894,0.00501909,0
3895,0.00205656,0
3896,0.00032729,0
3897,0.00399443,0
3898,0.00268981,0
3899,0.00150737,0
3900,0.00193783,0
3901,0.00071794,0
3902,0.00795418,0
3903,0.00142188,0
3904,0.00343706,0
3905,0.02222327,0
3906,0.03040975,0
3907,0.01394419,0
3908,0.00299620,0
3909,0.00096121,0
3910,0.00137844,0
3911,0.00170436,0
3912,0.00046371,0
3913,0.00822057,0
3914,0.00216916,0
3915,0.01332592,0
3916,0.00467340,0
3917,0.00208877,0
3918,0.00033923,0
3919,0.00413141,0
3920,0.00286367,0
3921,0.00180754,0
3922,0.00188495,0
3923,0.00072116,0
3924,0.00810616,0
3925,0.00141458,0
3926,0.00336053,0
3927,0.02200407,0
3928,0.03048168,0
3929,0.01460564,0
3930,0.00284016,0
3931,0.00092784,0
3932,0.00132691,0
3933,0.00177242,0
3934,0.00048769,0
3935,0.00794260,0
3936,0.00209034,0
3937,0.01322001,0
3938,0.00461876,0
3939,0.00204384,0
3940,0.00038157,0
3941,0.00399841,0
3942,0.00282653,0
3943,0.00220836,0
3944,0.00190918,0
3945,0.00070109,0
3946,0.00834734,0
3947,0.00136666,0
3948,0.00314772,0
3949,0.02380877,0
3950,0.03278447,0
3951,0.01489532,0
3952,0.00296213,0
3953,0.00094807,0
3954,0.00140429,0
3955,0.00180674,0
3956,0.00049393,0
3957,0.00825881,0
3958,0.00214531,0
3959,0.01296823,0
3960,0.00460465,0
3961,0.00209012,0
3962,0.00032520,0
3963,0.00391651,0
3964,0.00282186,0
3965,0.00156708,0
3966,0.00186818,0
3967,0.00073946,0
3968,0.00768533,0
3969,0.00145581,0
3970,0.00323734,0
3971,0.02370639,0
3972,0.03290473,0
3973,0.01617259,0
3974,0.00321505,0
3975,0.00094720,0
3976,0.00140313,0
3977,0.00172311,0
3978,0.00052445,0
3979,0.00811548,0
3980,0.00211638,0
3981,0.01328025,0
3982,0.00483750,0
3983,0.00203019,0
3984,0.00033743,0
3985,0.00398578,0
3986,0.00290687,0
3987,0.00162295,0
3988,0.00190357,0
3989,0.00074208,0
3990,0.00837604,0
3991,0.00150307,0
3992,0.00346653,0
3993,0.02472295,0
3994,0.03316276,0
3995,0.01585185,0
3996,0.00323246,0
3997,0.00089054,0
3998,0.00138749,0
3999,0.00174861,0
4000,0.00047379,0
4001,0.00796696,0
4002,0.00221869,0
4003,0.01389603,0
4004,0.00490622,0
4005,0.00206051,0
4006,0.00032084,0
4007,0.00390719,0
4008,0.00285246,0
4009,0.00189150,0
4010,0.00188764,0
4011,0.00075208,0
4012,0.00809923,0
4013,0.00149577,0
4014,0.00311528,0
4015,0.02305405,0
4016,0.03108777,0
4017,0.01579603,0
4018,0.00280599,0
4019,0.00093318,0
4020,0.00132626,0
4021,0.00167802,0
4022,0.00045060,0
4023,0.00805957,0
4024,0.00223809,0
4025,0.01379951,0
4026,0.00484053,0
4027,0.00208906,0
4028,0.00033564,0
4029,0.00391919,0
4030,0.00290306,0
4031,0.00235112,0
4032,0.00188651,0
4033,0.00075784,0
4034,0.00808755,0
4035,0.00150054,0
4036,0.00316992,0
4037,0.02325242,0
4038,0.03119809,0
4039,0.01618224,0
4040,0.00310807,0
4041,0.00096517,0
4042,0.00126058,0
4043,0.00177397,0
4044,0.00048072,0
4045,0.00790412,0
4046,0.00223339,0
4047,0.01331029,0
4048,0.00474542,0
4049,0.00200480,0
4050,0.00032387,0
4051,0.00404147,0
4052,0.00276740,0
4053,0.00175310,0
4054,0.00174420,0
4055,0.00076606,0
4056,0.00809234,0
4057,0.00146640,0
4058,0.00306220,0
4059,0.02255405,0
4060,0.03309617,0
4061,0.01610065,0
4062,0.00306787,0
4063,0.00096138,0
4064,0.00128906,0
4065,0.00164257,0
4066,0.00046944,0
4067,0.00811678,0
4068,0.00226725,0
4069,0.01302172,0
4070,0.00486528,0
4071,0.00205072,0
4072,0.00035697,0
4073,0.00384599,0
4074,0.00291594,0
4075,0.00181928,0
4076,0.00166521,0
4077,0.00073479,0
4078,0.00848193,0
4079,0.00144502,0
4080,0.00309655,0
4081,0.02298800,0
4082,0.03193825,0
4083,0.01591250,0
4084,0.00307137,0
4085,0.00096608,0
4086,0.00128485,0
4087,0.00166220,0
4088,0.00046042,0
4089,0.00789538,0
4090,0.00217494,0
4091,0.01247702,0
4092,0.00452375,0
4093,0.00198988,0
4094,0.00033227,0
4095,0.00401411,0
4096,0.00282217,0
4097,0.00180245,0
4098,0.00175285,0
4099,0.00073244,0
4100,0.00781339,0
4101,0.00144002,0
4102,0.00298123,0
4103,0.02341260,0
4104,0.03281226,0
4105,0.01639184,0
4106,0.00321873,0
4107,0.00092190,0
4108,0.00127065,0
4109,0.00163316,0
4110,0.00044331,0
4111,0.00807207,0
4112,0.00226659,0
4113,0.01265597,0
4114,0.00439670,0
4115,0.00207328,0
4116,0.00031183,0
4117,0.00369150,0
4118,0.00267033,0
4119,0.00153981,0
4120,0.00185222,0
4121,0.00070911,0
4122,0.00822113,0
4123,0.00139640,0
4124,0.00302410,0
4125,0.02421904,0
4126,0.03369598,0
4127,0.01568703,0
4128,0.00349485,0
4129,0.00092605,0
4130,0.00131196,0
4131,0.00177883,0
4132,0.00045316,0
4133,0.00797141,0
4134,0.00220557,0
4135,0.01293364,0
4136,0.00462751,0
4137,0.00206746,0
4138,0.00028628,0
4139,0.00363840,0
4140,0.00267005,0
4141,0.00185340,0
4142,0.00176771,0
4143,0.00071624,0
4144,0.00785862,0
4145,0.00144104,0
4146,0.00307490,0
4147,0.02591997,0
4148,0.03320461,0
4149,0.01526222,0
4150,0.00319244,0
4151,0.00098639,0
4152,0.00130582,0
4153,0.00173426,0
4154,0.00043550,0
4155,0.00811787,0
4156,0.00230527,0
4157,0.01247320,0
4158,0.00469519,0
4159,0.00200509,0
4160,0.00032650,0
4161,0.00373668,0
4162,0.00295053,0
4163,0.00234875,0
4164,0.00182730,0
4165,0.00074097,0
4166,0.00801657,0
4167,0.00138842,0
4168,0.00325147,0
4169,0.02391992,0
4170,0.03506266,0
4171,0.01561997,0
4172,0.00347079,0
4173,0.00095289,0
4174,0.00134027,0
4175,0.00182262,0
4176,0.00043472,0
4177,0.00854946,0
4178,0.00220513,0
4179,0.01304357,0
4180,0.00466112,0
4181,0.00191310,0
4182,0.00037180,0
4183,0.00374008,0
4184,0.00297292,0
4185,0.00245570,0
4186,0.00190203,0
4187,0.00085699,0
4188,0.00799503,0
4189,0.00148599,0
4190,0.00297789,0
4191,0.02360265,0
4192,0.03390503,0
4193,0.01574066,0
4194,0.00331255,0
4195,0.00099040,0
4196,0.00136081,0
4197,0.00174993,0
4198,0.00042401,0
4199,0.00830839,0
4200,0.00222926,0
4201,0.01359043,0
4202,0.00463978,0
4203,0.00205636,0
4204,0.00029909,0
4205,0.00353418,0
4206,0.00296589,0
4207,0.00134871,0
4208,0.00177224,0
4209,0.00077265,0
4210,0.00844846,0
4211,0.00137607,0
4212,0.00283809,0
4213,0.02288204,0
4214,0.03068755,0
4215,0.01554410,0
4216,0.00330195,0
4217,0.00096998,0
4218,0.00132742,0
4219,0.00182643,0
4220,0.00045219,0
4221,0.00800597,0
4222,0.00217917,0
4223,0.01306461,0
4224,0.00459218,0
4225,0.00202273,0
4226,0.00030838,0
4227,0.00361025,0
4228,0.00277348,0
4229,0.00111619,0
4230,0.00172656,0
4231,0.00075712,0
4232,0.00820279,0
4233,0.00136467,0
4234,0.00308981,0
4235,0.02410221,0
4236,0.03307865,0
4237,0.01578453,0
4238,0.00313547,0
4239,0.00097451,0
4240,0.00130460,0
4241,0.00172306,0
4242,0.00041949,0
4243,0.00787342,0
4244,0.00212412,0
4245,0.01218720,0
4246,0.00457104,0
4247,0.00196333,0
4248,0.00031538,0
4249,0.00354426,0
4250,0.00288254,0
4251,0.00201109,0
4252,0.00179587,0
4253,0.00076076,0
4254,0.00838124,0
4255,0.00142192,0
4256,0.00311818,0
4257,0.02318709,0
4258,0.03151313,0
4259,0.01543025,0
4260,0.00344332,0
4261,0.00093799,0
4262,0.00143280,0
4263,0.00183082,0
4264,0.00042562,0
4265,0.00751752,0
4266,0.00228265,0
4267,0.01207700,0
4268,0.00474373,0
4269,0.00203138,0
4270,0.00028721,0
4271,0.00373042,0
4272,0.00296933,0
4273,0.00322709,0
4274,0.00176943,0
4275,0.00078066,0
4276,0.00886447,0
4277,0.00137340,0
4278,0.00296704,0
4279,0.02399557,0
4280,0.03408161,0
4281,0.01662384,0
4282,0.00316983,0
4283,0.00092850,0
4284,0.00121548,0
4285,0.00169575,0
4286,0.00043567,0
4287,0.00779578,0
4288,0.00236213,0
4289,0.01275000,0
4290,0.00488492,0
4291,0.00194712,0
4292,0.00028314,0
4293,0.00362702,0
4294,0.00304072,0
4295,0.00099669,0
4296,0.00175567,0
4297,0.00070417,0
4298,0.00854338,0
4299,0.00146255,0
4300,0.00317338,0
4301,0.02332900,0
4302,0.03254997,0
4303,0.01495711,0
4304,0.00309660,0
4305,0.00101307,0
4306,0.00130048,0
4307,0.00173843,0
4308,0.00041344,0
4309,0.00819447,0
4310,0.00208043,0
4311,0.01290371,0
4312,0.00491366,0
4313,0.00199160,0
4314,0.00027722,0
4315,0.00364970,0
4316,0.00295590,0
4317,0.00160869,0
4318,0.00177613,0
4319,0.00072686,0
4320,0.00880197,0
4321,0.00143807,0
4322,0.00327955,0
4323,0.02475428,0
4324,0.03376228,0
4325,0.01504845,0
4326,0.00326588,0
4327,0.00097608,0
4328,0.00138689,0
4329,0.00182573,0
4330,0.00042528,0
4331,0.00789688,0
4332,0.00241705,0
4333,0.01304148,0
4334,0.00506690,0
4335,0.00193533,0
4336,0.00028401,0
4337,0.00380694,0
4338,0.00304568,0
4339,0.00160812,0
4340,0.00183535,0
4341,0.00077313,0
4342,0.00826115,0
4343,0.00139886,0
4344,0.00316209,0
4345,0.02396756,0
4346,0.03355429,0
4347,0.01668470,0
4348,0.00321093,0
4349,0.00095427,0
4350,0.00127472,0
4351,0.00184547,0
4352,0.00042325,0
4353,0.00789864,0
4354,0.00230984,0
4355,0.01337738,0
4356,0.00490451,0
4357,0.00197871,0
4358,0.00029716,0
4359,0.00408365,0
4360,0.00297973,0
4361,0.00288167,0
4362,0.00185401,0
4363,0.00073280,0
4364,0.00861793,0
4365,0.00137560,0
4366,0.00301997,0
4367,0.02412038,0
4368,0.03227070,0
4369,0.01591521,0
4370,0.00325804,0
4371,0.00100143,0
4372,0.00132619,0
4373,0.00192036,0
4374,0.00043501,0
4375,0.00759796,0
4376,0.00263286,0
4377,0.01225689,0
4378,0.00517171,0
4379,0.00198726,0
4380,0.00028083,0
4381,0.00384978,0
4382,0.00291125,0
4383,0.00116802,0
4384,0.00170108,0
4385,0.00075269,0
4386,0.00837710,0
4387,0.00138016,0
4388,0.00309073,0
4389,0.02412134,0
4390,0.03152901,0
4391,0.01599298,0
4392,0.00342967,0
4393,0.00099145,0
4394,0.00131988,0
4395,0.00189510,0
4396,0.00042397,0
4397,0.00762816,0
4398,0.00256722,0
4399,0.01310205,0
4400,0.00499217,0
4401,0.00205758,0
4402,0.00031809,0
4403,0.00391733,0
4404,0.00312853,0
4405,0.00285058,0
4406,0.00174420,0
4407,0.00076845,0
4408,0.00845192,0
4409,0.00142340,0
4410,0.00330725,0
4411,0.02531587,0
4412,0.03335466,0
4413,0.01708308,0
4414,0.00343849,0
4415,0.00100184,0
4416,0.00132967,0
4417,0.00174153,0
4418,0.00042094,0
4419,0.00737478,0
4420,0.00232174,0
4421,0.01281949,0
4422,0.00499575,0
4423,0.00202417,0
4424,0.00033232,0
4425,0.00395516,0
4426,0.00301309,0
4427,0.00197512,0
4428,0.00182015,0
4429,0.00078816,0
4430,0.00857510,0
4431,0.00143887,0
4432,0.00304043,0
4433,0.02610386,0
4434,0.03343102,0
4435,0.01530815,0
4436,0.00318874,0
4437,0.00100879,0
4438,0.00127610,0
4439,0.00187056,0
4440,0.00043316,0
4441,0.00755963,0
4442,0.00239648,0
4443,0.01286713,0
4444,0.00464838,0
4445,0.00199486,0
4446,0.00030449,0
4447,0.00384464,0
4448,0.00298259,0
4449,0.00380787,0
4450,0.00187382,0
4451,0.00077259,0
4452,0.00856988,0
4453,0.00139185,0
4454,0.00314625,0
4455,0.02622525,0
4456,0.03564034,0
4457,0.01606747,0
4458,0.00324092,0
4459,0.00108166,0
4460,0.00125733,0
4461,0.00185485,0
4462,0.00041182,0
4463,0.00766103,0
4464,0.00242856,0
4465,0.01325341,0
4466,0.00475648,0
4467,0.00200261,0
4468,0.00029792,0
4469,0.00368760,0
4470,0.00317897,0
4471,0.00165351,0
4472,0.00183974,0
4473,0.00076966,0
4474,0.00825950,0
4475,0.00140756,0
4476,0.00334152,0
4477,0.02531808,0
4478,0.03557052,0
4479,0.01648998,0
4480,0.00309962,0
4481,0.00102005,0
4482,0.00130177,0
4483,0.00177415,0
4484,0.00042560,0
4485,0.00779858,0
4486,0.00259942,0
4487,0.01352984,0
4488,0.00500389,0
4489,0.00202807,0
4490,0.00029649,0
4491,0.00377783,0
4492,0.00307428,0
4493,0.00157263,0
4494,0.00184355,0
4495,0.00079729,0
4496,0.00851435,0
4497,0.00143297,0
4498,0.00333519,0
4499,0.02484387,0
4500,0.03388804,0
4501,0.01607904,0
4502,0.00328251,0
4503,0.00106693,0
4504,0.00130377,0
4505,0.00185849,0
4506,0.00044203,0
4507,0.00756511,0
4508,0.00252692,0
4509,0.01258902,0
4510,0.00458965,0
4511,0.00207067,0
4512,0.00029738,0
4513,0.00383305,0
4514,0.00299598,0
4515,0.00227032,0
4516,0.00197721,0
4517,0.00078085,0
4518,0.00846162,0
4519,0.00149675,0
4520,0.00348660,0
4521,0.02540893,0
4522,0.03570151,0
4523,0.01839272,0
4524,0.00326333,0
4525,0.00105833,0
4526,0.00141631,0
4527,0.00192759,0
4528,0.00044015,0
4529,0.00837760,0
4530,0.00250031,0
4531,0.01363595,0
4532,0.00502490,0
4533,0.00205719,0
4534,0.00032628,0
4535,0.00377846,0
4536,0.00297138,0
4537,0.00278966,0
4538,0.00183038,0
4539,0.00073438,0
4540,0.00919551,0
4541,0.00148419,0
4542,0.00343696,0
4543,0.02527171,0
4544,0.03517968,0
4545,0.01794345,0
4546,0.00318989,0
4547,0.00110834,0
4548,0.00140570,0
4549,0.00196580,0
4550,0.00044846,0
4551,0.00817435,0
4552,0.00248006,0
4553,0.01302345,0
4554,0.00507859,0
4555,0.00207075,0
4556,0.00031439,0
4557,0.00366950,0
4558,0.00311980,0
4559,0.00233330,0
4560,0.00192726,0
4561,0.00079078,0
4562,0.00871754,0
4563,0.00144485,0
4564,0.00345250,0
4565,0.02665312,0
4566,0.03442537,0
4567,0.01727230,0
4568,0.00341017,0
4569,0.00109964,0
4570,0.00133762,0
4571,0.00197988,0
4572,0.00044933,0
4573,0.00850756,0
4574,0.00268748,0
4575,0.01338401,0
4576,0.00504783,0
4577,0.00206243,0
4578,0.00030042,0
4579,0.00389876,0
4580,0.00323354,0
4581,0.00225300,0
4582,0.00182563,0
4583,0.00076597,0
4584,0.00853473,0
4585,0.00144302,0
4586,0.00358719,0
4587,0.02522984,0
4588,0.03492915,0
4589,0.01745587,0
4590,0.00331915,0
4591,0.00102247,0
4592,0.00140484,0
4593,0.00200457,0
4594,0.00042854,0
4595,0.00869874,0
4596,0.00235602,0
4597,0.01300947,0
4598,0.00488611,0
4599,0.00210144,0
4600,0.00030856,0
4601,0.00397605,0
4602,0.00316066,0
4603,0.00205123,0
4604,0.00197531,0
4605,0.00079475,0
4606,0.00920798,0
4607,0.00143230,0
4608,0.00373089,0
4609,0.02593986,0
4610,0.03748764,0
4611,0.01734120,0
4612,0.00335200,0
4613,0.00105020,0
4614,0.00144708,0
4615,0.00195585,0
4616,0.00047740,0
4617,0.00849163,0
4618,0.00261154,0
4619,0.01244387,0
4620,0.00501682,0
4621,0.00211441,0
4622,0.00031853,0
4623,0.00386026,0
4624,0.00306652,0
4625,0.00279920,0
4626,0.00194934,0
4627,0.00074761,0
4628,0.00908981,0
4629,0.00144489,0
4630,0.00352487,0
4631,0.02677204,0
4632,0.03434916,0
4633,0.01829787,0
4634,0.00359322,0
4635,0.00112872,0
4636,0.00147773,0
4637,0.00212955,0
4638,0.00048252,0
4639,0.00886392,0
4640,0.00250919,0
4641,0.01366276,0
4642,0.00516865,0
4643,0.00223228,0
4644,0.00032299,0
4645,0.00389666,0
4646,0.00316406,0
4647,0.00273895,0
4648,0.00203223,0
4649,0.00073528,0
4650,0.00925481,0
4651,0.00144534,0
4652,0.00362534,0
4653,0.02712439,0
4654,0.03418849,0
4655,0.01825998,0
4656,0.00325133,0
4657,0.00103946,0
4658,0.00152039,0
4659,0.00214818,0
4660,0.00048010,0
4661,0.00820249,0
4662,0.00276819,0
4663,0.01364808,0
4664,0.00501846,0
4665,0.00214358,0
4666,0.00030581,0
4667,0.00374116,0
4668,0.00327364,0
4669,0.00223460,0
4670,0.00195866,0
4671,0.00075571,0
4672,0.00842780,0
4673,0.00149198,0
4674,0.00361433,0
4675,0.02667726,0
4676,0.03586085,0
4677,0.01790069,0
4678,0.00336408,0
4679,0.00107526,0
4680,0.00145090,0
4681,0.00208528,0
4682,0.00051587,0
4683,0.00827304,0
4684,0.00288499,0
4685,0.01386295,0
4686,0.00516682,0
4687,0.00220093,0
4688,0.00030593,0
4689,0.00404710,0
4690,0.00337115,0
4691,0.00201557,0
4692,0.00197609,0
4693,0.00076760,0
4694,0.00900822,0
4695,0.00154677,0
4696,0.00353267,0
4697,0.02603831,0
4698,0.03518082,0
4699,0.01679382,0
4700,0.00311982,0
4701,0.00100299,0
4702,0.00133369,0
4703,0.00208831,0
4704,0.00050250,0
4705,0.00860605,0
4706,0.00276211,0
4707,0.01331526,0
4708,0.00538643,0
4709,0.00224699,0
4710,0.00030046,0
4711,0.00392952,0
4712,0.00346977,0
4713,0.00137211,0
4714,0.00192402,0
4715,0.00077335,0
4716,0.00887684,0
4717,0.00158338,0
4718,0.00347832,0
4719,0.02646847,0
4720,0.03497398,0
4721,0.01744339,0
4722,0.00326881,0
4723,0.00100008,0
4724,0.00140633,0
4725,0.00205946,0
4726,0.00046564,0
4727,0.00835907,0
4728,0.00253544,0
4729,0.01265993,0
4730,0.00502956,0
4731,0.00215752,0
4732,0.00029935,0
4733,0.00397531,0
4734,0.00323639,0
4735,0.00153260,0
4736,0.00183181,0
4737,0.00081579,0
4738,0.00905617,0
4739,0.00143256,0
4740,0.00356130,0
4741,0.02599123,0
4742,0.03427562,0
4743,0.01933509,0
4744,0.00343279,0
4745,0.00096600,0
4746,0.00151461,0
4747,0.00211095,0
4748,0.00047163,0
4749,0.00879916,0
4750,0.00259140,0
4751,0.01328807,0
4752,0.00515386,0
4753,0.00210806,0
4754,0.00030191,0
4755,0.00414984,0
4756,0.00330655,0
4757,0.00142201,0
4758,0.00187240,0
4759,0.00079323,0
4760,0.00857623,0
4761,0.00150084,0
4762,0.00364997,0
4763,0.02750153,0
4764,0.03481251,0
4765,0.01902072,0
4766,0.00332502,0
4767,0.00097558,0
4768,0.00148034,0
4769,0.00215003,0
4770,0.00048404,0
4771,0.00895703,0
4772,0.00264798,0
4773,0.01289342,0
4774,0.00518541,0
4775,0.00210336,0
4776,0.00031008,0
4777,0.00395035,0
4778,0.00297800,0
4779,0.00179379,0
4780,0.00197633,0
4781,0.00076988,0
4782,0.00897931,0
4783,0.00155688,0
4784,0.00366530,0
4785,0.02656810,0
4786,0.03627983,0
4787,0.01748753,0
4788,0.00357247,0
4789,0.00095368,0
4790,0.00158124,0
4791,0.00208434,0
4792,0.00046390,0
4793,0.00870907,0
4794,0.00253748,0
4795,0.01232261,0
4796,0.00490469,0
4797,0.00205624,0
4798,0.00029703,0
4799,0.00406028,0
4800,0.00299800,0
4801,0.00137666,0
4802,0.00184759,0
4803,0.00078002,0
4804,0.00859006,0
4805,0.00158572,0
4806,0.00344407,0
4807,0.02675704,0
4808,0.03729874,0
4809,0.01720234,0
4810,0.00337456,0
4811,0.00098151,0
4812,0.00149589,0
4813,0.00215013,0
4814,0.00047694,0
4815,0.00888933,0
4816,0.00270940,0
4817,0.01296419,0
4818,0.00574401,0
4819,0.00214506,0
4820,0.00030854,0
4821,0.00400188,0
4822,0.00316198,0
4823,0.00220326,0
4824,0.00180891,0
4825,0.00077093,0
4826,0.00866223,0
4827,0.00153076,0
4828,0.00326980,0
4829,0.02655617,0
4830,0.03543322,0
4831,0.01690241,0
4832,0.00342762,0
4833,0.00099203,0
4834,0.00144388,0
4835,0.00199662,0
4836,0.00048710,0
4837,0.00834690,0
4838,0.00242614,0
4839,0.01272459,0
4840,0.00529931,0
4841,0.00204935,0
4842,0.00030809,0
4843,0.00396188,0
4844,0.00312394,0
4845,0.00173381,0
4846,0.00185268,0
4847,0.00078085,0
4848,0.00860875,0
4849,0.00148356,0
4850,0.00335120,0
4851,0.02599036,0
4852,0.03679468,0
4853,0.01664280,0
4854,0.00353244,0
4855,0.00102827,0
4856,0.00154045,0
4857,0.00194637,0
4858,0.00045925,0
4859,0.00886955,0
4860,0.00267822,0
4861,0.01311664,0
4862,0.00504826,0
4863,0.00205765,0
4864,0.00034016,0
4865,0.00388960,0
4866,0.00316835,0
4867,0.00148654,0
4868,0.00178231,0
4869,0.00077502,0
4870,0.00823838,0
4871,0.00150445,0
4872,0.00334192,0
4873,0.02662022,0
4874,0.03354385,0
4875,0.01690434,0
4876,0.00353370,0
4877,0.00102306,0
4878,0.00141180,0
4879,0.00202525,0
4880,0.00046676,0
4881,0.00810876,0
4882,0.00261378,0
4883,0.01200608,0
4884,0.00469752,0
4885,0.00199500,0
4886,0.00030336,0
4887,0.00388406,0
4888,0.00299064,0
4889,0.00170832,0
4890,0.00179465,0
4891,0.00077176,0
4892,0.00854135,0
4893,0.00148281,0
4894,0.00316362,0
4895,0.02708247,0
4896,0.03401297,0
4897,0.01737636,0
4898,0.00354763,0
4899,0.00103712,0
4900,0.00136656,0
4901,0.00201419,0
4902,0.00041963,0
4903,0.00834619,0
4904,0.00275458,0
4905,0.01259739,0
4906,0.00509503,0
4907,0.00204573,0
4908,0.00034106,0
4909,0.00406221,0
4910,0.00296727,0
4911,0.00194991,0
4912,0.00178352,0
4913,0.00080009,0
4914,0.00856266,0
4915,0.00151168,0
4916,0.00322364,0
4917,0.02652491,0
4918,0.03357309,0
4919,0.01672751,0
4920,0.00350518,0
4921,0.00099870,0
4922,0.00133591,0
4923,0.00188951,0
4924,0.00043784,0
4925,0.00850338,0
4926,0.00286405,0
4927,0.01232666,0
4928,0.00499397,0
4929,0.00199008,0
4930,0.00031387,0
4931,0.00382145,0
4932,0.00301329,0
4933,0.00182934,0
4934,0.00174683,0
4935,0.00073165,0
4936,0.00876170,0
4937,0.00152943,0
4938,0.00307315,0
4939,0.02913822,0
4940,0.03898483,0
4941,0.01700398,0
4942,0.00341184,0
4943,0.00099338,0
4944,0.00144242,0
4945,0.00186971,0
4946,0.00042183,0
4947,0.00827197,0
4948,0.00260197,0
4949,0.01260438,0
4950,0.00510363,0
4951,0.00203123,0
4952,0.00035636,0
4953,0.00377341,0
4954,0.00298022,0
4955,0.00183090,0
4956,0.00178522,0
4957,0.00075621,0
4958,0.00889078,0
4959,0.00146466,0
4960,0.00328683,0
4961,0.02713024,0
4962,0.03694329,0
4963,0.01765133,0
4964,0.00356648,0
4965,0.00108402,0
4966,0.00152137,0
4967,0.00193019,0
4968,0.00044948,0
4969,0.00823534,0
4970,0.00257762,0
4971,0.01302605,0
4972,0.00523759,0
4973,0.00212073,0
4974,0.00033645,0
4975,0.00374594,0
4976,0.00304998,0
4977,0.00145175,0
4978,0.00170106,0
4979,0.00079127,0
4980,0.00825584,0
4981,0.00149544,0
4982,0.00329934,0
4983,0.02581810,0
4984,0.03838528,0
4985,0.01718455,0
4986,0.00338136,0
4987,0.00104905,0
4988,0.00149324,0
4989,0.00195891,0
4990,0.00042953,0
4991,0.00894853,0
4992,0.00258947,0
4993,0.01359450,0
4994,0.00520890,0
4995,0.00202153,0
4996,0.00033993,0
4997,0.00378525,0
4998,0.00294837,0
4999,0.00134920,0
5000,0.00178423,0
5001,0.00077625,0
5002,0.00847981,0
5003,0.00153227,0
5004,0.00294948,0
5005,0.02589617,0
5006,0.04018147,0
5007,0.01733776,0
5008,0.00327382,0
5009,0.00102834,0
5010,0.00149057,0
5011,0.00188813,0
5012,0.00041255,0
5013,0.00823677,0
5014,0.00259800,0
5015,0.01316959,0
5016,0.00509309,0
5017,0.00210884,0
5018,0.00033988,0
5019,0.00379321,0
5020,0.00302076,0
5021,0.00175809,0
5022,0.00168647,0
5023,0.00075241,0
5024,0.00845492,0
5025,0.00155707,0
5026,0.00310961,0
5027,0.02607282,0
5028,0.03807765,0
5029,0.01696151,0
5030,0.00344898,0
5031,0.00107166,0
5032,0.00150644,0
5033,0.00188427,0
5034,0.00043555,0
5035,0.00887208,0
5036,0.00256985,0
5037,0.01357367,0
5038,0.00528843,0
5039,0.00213509,0
5040,0.00033134,0
5041,0.00378269,0
5042,0.00287924,0
5043,0.00202890,0
5044,0.00184602,0
5045,0.00078740,0
5046,0.00855716,0
5047,0.00151271,0
5048,0.00320396,0
5049,0.02603944,0
5050,0.03702569,0
5051,0.01829262,0
5052,0.00317200,0
5053,0.00107363,0
5054,0.00151081,0
5055,0.00198225,0
5056,0.00044550,0
5057,0.00830604,0
5058,0.00257265,0
5059,0.01296266,0
5060,0.00520669,0
5061,0.00216467,0
5062,0.00032651,0
5063,0.00383129,0
5064,0.00295839,0
5065,0.00197330,0
5066,0.00169500,0
5067,0.00078707,0
5068,0.00832777,0
5069,0.00156248,0
5070,0.00301382,0
5071,0.02651635,0
5072,0.03565986,0
5073,0.01742994,0
5074,0.00297248,0
5075,0.00114033,0
5076,0.00148983,0
5077,0.00189132,0
5078,0.00042337,0
5079,0.00908861,0
5080,0.00266253,0
5081,0.01300443,0
5082,0.00516012,0
5083,0.00215315,0
5084,0.00036087,0
5085,0.00397052,0
5086,0.00318399,0
5087,0.00160781,0
5088,0.00170535,0
5089,0.00079596,0
5090,0.00817798,0
5091,0.00156338,0
5092,0.00322210,0
5093,0.02647248,0
5094,0.03835852,0
5095,0.01812897,0
5096,0.00344994,0
5097,0.00107247,0
5098,0.00148109,0
5099,0.00196837,0
5100,0.00046062,0
5101,0.00942403,0
5102,0.00237932,0
5103,0.01296882,0
5104,0.00498555,0
5105,0.00203195,0
5106,0.00034201,0
5107,0.00394585,0
5108,0.00309763,0
5109,0.00149640,0
5110,0.00178050,0
5111,0.00077986,0
5112,0.00782770,0
5113,0.00154349,0
5114,0.00328943,0
5115,0.02618255,0
5116,0.03688484,0
5117,0.01750914,0
5118,0.00316947,0
5119,0.00109265,0
5120,0.00146464,0
5121,0.00200121,0
5122,0.00044672,0
5123,0.00871424,0
5124,0.00266151,0
5125,0.01352721,0
5126,0.00528956,0
5127,0.00205804,0
5128,0.00030736,0
5129,0.00373843,0
5130,0.00298024,0
5131,0.00142427,0
5132,0.00178437,0
5133,0.00075067,0
5134,0.00826269,0
5135,0.00149078,0
5136,0.00313834,0
5137,0.02768582,0
5138,0.03840695,0
5139,0.01811382,0
5140,0.00352908,0
5141,0.00106146,0
5142,0.00149828,0
5143,0.00201914,0
5144,0.00041797,0
5145,0.00848505,0
5146,0.00265225,0
5147,0.01349289,0
5148,0.00525353,0
5149,0.00204543,0
5150,0.00030324,0
5151,0.00395991,0
5152,0.00307239,0
5153,0.00236128,0
5154,0.00182717,0
5155,0.00073074,0
5156,0.00817322,0
5157,0.00151157,0
5158,0.00319120,0
5159,0.02703898,0
5160,0.03468614,0
5161,0.01823617,0
5162,0.00337078,0
5163,0.00106398,0
5164,0.00149067,0
5165,0.00198298,0
5166,0.00044725,0
5167,0.00909027,0
5168,0.00266024,0
5169,0.01363474,0
5170,0.00533124,0
5171,0.00206993,0
5172,0.00034023,0
5173,0.00399052,0
5174,0.00324845,0
5175,0.00243772,0
5176,0.00180414,0
5177,0.00082297,0
5178,0.00801706,0
5179,0.00152116,0
5180,0.00328609,0
5181,0.02609273,0
5182,0.03605320,0
5183,0.01762136,0
5184,0.00313048,0
5185,0.00110398,0
5186,0.00144230,0
5187,0.00211850,0
5188,0.00044215,0
5189,0.00858632,0
5190,0.00254229,0
5191,0.01279842,0
5192,0.00508791,0
5193,0.00208583,0
5194,0.00031883,0
5195,0.00371580,0
5196,0.00322136,0
5197,0.00404964,0
5198,0.00170640,0
5199,0.00080427,0
5200,0.00791870,0
5201,0.00148174,0
5202,0.00320789,0
5203,0.02742152,0
5204,0.03859658,0
5205,0.01775689,0
5206,0.00341095,0
5207,0.00113124,0
5208,0.00148352,0
5209,0.00207899,0
5210,0.00041938,0
5211,0.00872034,0
5212,0.00263864,0
5213,0.01362750,0
5214,0.00529553,0
5215,0.00207470,0
5216,0.00034337,0
5217,0.00376654,0
5218,0.00332506,0
5219,0.00282003,0
5220,0.00183411,0
5221,0.00078862,0
5222,0.00842750,0
5223,0.00162078,0
5224,0.00320610,0
5225,0.02860953,0
5226,0.03639311,0
5227,0.01789159,0
5228,0.00344210,0
5229,0.00109344,0
5230,0.00139930,0
5231,0.00216229,0
5232,0.00042870,0
5233,0.00872326,0
5234,0.00251264,0
5235,0.01347923,0
5236,0.00541022,0
5237,0.00203313,0
5238,0.00033046,0
5239,0.00375886,0
5240,0.00303404,0
5241,0.00166700,0
5242,0.00184054,0
5243,0.00076972,0
5244,0.00840669,0
5245,0.00158344,0
5246,0.00330560,0
5247,0.02885290,0
5248,0.03814795,0
5249,0.01885993,0
5250,0.00336619,0
5251,0.00105065,0
5252,0.00151348,0
5253,0.00208259,0
5254,0.00043947,0
5255,0.00874828,0
5256,0.00268849,0
5257,0.01432626,0
5258,0.00533739,0
5259,0.00212739,0
5260,0.00030508,0
5261,0.00386931,0
5262,0.00329941,0
5263,0.00120154,0
5264,0.00181294,0
5265,0.00079008,0
5266,0.00817807,0
5267,0.00154221,0
5268,0.00334333,0
5269,0.02753437,0
5270,0.03779630,0
5271,0.01835356,0
5272,0.00348667,0
5273,0.00109136,0
5274,0.00151686,0
5275,0.00210798,0
5276,0.00043040,0
5277,0.00844809,0
5278,0.00267354,0
5279,0.01381166,0
5280,0.00518314,0
5281,0.00212137,0
5282,0.00033375,0
5283,0.00384907,0
5284,0.00304719,0
5285,0.00204142,0
5286,0.00193739,0
5287,0.00079673,0
5288,0.00846056,0
5289,0.00162413,0
5290,0.00339103,0
5291,0.02705093,0
5292,0.03871328,0
5293,0.01865479,0
5294,0.00335605,0
5295,0.00116834,0
5296,0.00150786,0
5297,0.00216179,0
5298,0.00042518,0
5299,0.00896489,0
5300,0.00285501,0
5301,0.01371516,0
5302,0.00534736,0
5303,0.00201603,0
5304,0.00035909,0
5305,0.00392976,0
5306,0.00318234,0
5307,0.00271194,0
5308,0.00192305,0
5309,0.00082036,0
5310,0.00850949,0
5311,0.00164960,0
5312,0.00330779,0
5313,0.02739978,0
5314,0.03969581,0
5315,0.01764168,0
5316,0.00351671,0
5317,0.00115130,0
5318,0.00148042,0
5319,0.00211353,0
5320,0.00043189,0
5321,0.00908729,0
5322,0.00283193,0
5323,0.01364412,0
5324,0.00542701,0
5325,0.00216128,0
5326,0.00038837,0
5327,0.00388639,0
5328,0.00343609,0
5329,0.00352666,0
5330,0.00186636,0
5331,0.00082281,0
5332,0.00817949,0
5333,0.00163795,0
5334,0.00348870,0
5335,0.02869685,0
5336,0.03779872,0
5337,0.01892036,0
5338,0.00368860,0
5339,0.00118279,0
5340,0.00153556,0
5341,0.00220944,0
5342,0.00044238,0
5343,0.00900764,0
5344,0.00281497,0
5345,0.01549761,0
5346,0.00538294,0
5347,0.00208947,0
5348,0.00037178,0
5349,0.00383867,0
5350,0.00348588,0
5351,0.00253427,0
5352,0.00181898,0
5353,0.00085771,0
5354,0.00816965,0
5355,0.00159732,0
5356,0.00350694,0
5357,0.03006918,0
5358,0.03954625,0
5359,0.01975097,0
5360,0.00341628,0
5361,0.00118310,0
5362,0.00147786,0
5363,0.00215715,0
5364,0.00043156,0
5365,0.00865695,0
5366,0.00279411,0
5367,0.01451309,0
5368,0.00530615,0
5369,0.00206572,0
5370,0.00036137,0
5371,0.00396346,0
5372,0.00334935,0
5373,0.00226911,0
5374,0.00200979,0
5375,0.00083555,0
5376,0.00853827,0
5377,0.00155745,0
5378,0.00347907,0
5379,0.02906658,0
5380,0.03900199,0
5381,0.01838705,0
5382,0.00358756,0
5383,0.00118264,0
5384,0.00148443,0
5385,0.00224229,0
5386,0.00047396,0
5387,0.00945649,0
5388,0.00277814,0
5389,0.01409760,0
5390,0.00550418,0
5391,0.00215828,0
5392,0.00033650,0
5393,0.00409249,0
5394,0.00345851,0
5395,0.00171391,0
5396,0.00187914,0
5397,0.00078736,0
5398,0.00894443,0
5399,0.00156916,0
5400,0.00341615,0
5401,0.03069107,0
5402,0.03952588,0
5403,0.01939454,0
5404,0.00363744,0
5405,0.00121012,0
5406,0.00155955,0
5407,0.00231487,0
5408,0.00047118,0
5409,0.00948677,0
5410,0.00285180,0
5411,0.01410142,0
5412,0.00539547,0
5413,0.00215918,0
5414,0.00034030,0
5415,0.00380565,0
5416,0.00358610,0
5417,0.00171176,0
5418,0.00178688,0
5419,0.00082361,0
5420,0.00894390,0
5421,0.00166989,0
5422,0.00356192,0
5423,0.02976488,0
5424,0.04016249,0
5425,0.01925759,0
5426,0.00356645,0
5427,0.00118147,0
5428,0.00146484,0
5429,0.00232011,0
5430,0.00048879,0
5431,0.01022460,0
5432,0.00284365,0
5433,0.01378090,0
5434,0.00555856,0
5435,0.00212200,0
5436,0.00032397,0
5437,0.00381500,0
5438,0.00341114,0
5439,0.00284522,0
5440,0.00195485,0
5441,0.00078688,0
5442,0.00882189,0
5443,0.00159671,0
5444,0.00360232,0
5445,0.03056660,0
5446,0.03813560,0
5447,0.01898258,0
5448,0.00358484,0
5449,0.00124752,0
5450,0.00146916,0
5451,0.00223632,0
5452,0.00047505,0
5453,0.01006865,0
5454,0.00289230,0
5455,0.01534935,0
5456,0.00538244,0
5457,0.00219778,0
5458,0.00032296,0
5459,0.00396116,0
5460,0.00346960,0
5461,0.00352611,0
5462,0.00203370,0
5463,0.00078743,0
5464,0.00882218,0
5465,0.00169366,0
5466,0.00372272,0
5467,0.02985226,0
5468,0.04034524,0
5469,0.01974299,0
5470,0.00369625,0
5471,0.00123524,0
5472,0.00157375,0
5473,0.00236422,0
5474,0.00044899,0
5475,0.00937838,0
5476,0.00283902,0
5477,0.01530079,0
5478,0.00556865,0
5479,0.00227909,0
5480,0.00031738,0
5481,0.00402239,0
5482,0.00338672,0
5483,0.00238588,0
5484,0.00196077,0
5485,0.00078115,0
5486,0.00968998,0
5487,0.00182458,0
5488,0.00364600,0
5489,0.02887102,0
5490,0.03651509,0
5491,0.01850964,0
5492,0.00352649,0
5493,0.00120610,0
5494,0.00143607,0
5495,0.00235474,0
5496,0.00048894,0
5497,0.00893127,0
5498,0.00295957,0
5499,0.01481317,0
5500,0.00590629,0
5501,0.00219578,0
5502,0.00033169,0
5503,0.00408416,0
5504,0.00359413,0
5505,0.00277023,0
5506,0.00194081,0
5507,0.00081600,0
5508,0.00889278,0
5509,0.00168322,0
5510,0.00349645,0
5511,0.02934683,0
5512,0.03862091,0
5513,0.01995138,0
5514,0.00330486,0
5515,0.00125675,0
5516,0.00149058,0
5517,0.00231379,0
5518,0.00048458,0
5519,0.00916561,0
5520,0.00314357,0
5521,0.01415290,0
5522,0.00562425,0
5523,0.00211826,0
5524,0.00030749,0
5525,0.00417781,0
5526,0.00361743,0
5527,0.00173158,0
5528,0.00187786,0
5529,0.00078406,0
5530,0.00970564,0
5531,0.00179310,0
5532,0.00352231,0
5533,0.02975746,0
5534,0.03860988,0
5535,0.01837949,0
5536,0.00348046,0
5537,0.00122451,0
5538,0.00152269,0
5539,0.00228944,0
5540,0.00046726,0
5541,0.00889351,0
5542,0.00298749,0
5543,0.01439733,0
5544,0.00551704,0
5545,0.00207839,0
5546,0.00029930,0
5547,0.00405059,0
5548,0.00351539,0
5549,0.00192224,0
5550,0.00183645,0
5551,0.00078340,0
5552,0.00927029,0
5553,0.00162482,0
5554,0.00341574,0
5555,0.03028499,0
5556,0.03895932,0
5557,0.01873622,0
5558,0.00330533,0
5559,0.00127483,0
5560,0.00149619,0
5561,0.00228696,0
5562,0.00045054,0
5563,0.00944551,0
5564,0.00286705,0
5565,0.01507056,0
5566,0.00577052,0
5567,0.00214243,0
5568,0.00031701,0
5569,0.00414733,0
5570,0.00359489,0
5571,0.00261798,0
5572,0.00184349,0
5573,0.00080227,0
5574,0.00862645,0
5575,0.00174425,0
5576,0.00359733,0
5577,0.03046411,0
5578,0.03879394,0
5579,0.01974987,0
5580,0.00338979,0
5581,0.00115380,0
5582,0.00149584,0
5583,0.00223093,0
5584,0.00045887,0
5585,0.00923335,0
5586,0.00288790,0
5587,0.01433230,0
5588,0.00548769,0
5589,0.00209949,0
5590,0.00029876,0
5591,0.00402159,0
5592,0.00344213,0
5593,0.00280744,0
5594,0.00194808,0
5595,0.00082034,0
5596,0.00863353,0
5597,0.00166818,0
5598,0.00363619,0
5599,0.02992747,0
5600,0.03848260,0
5601,0.01934017,0
5602,0.00341520,0
5603,0.00122492,0
5604,0.00160217,0
5605,0.00239942,0
5606,0.00045686,0
5607,0.00908316,0
5608,0.00274917,0
5609,0.01429239,0
5610,0.00541550,0
5611,0.00213704,0
5612,0.00030686,0
5613,0.00402885,0
5614,0.00346957,0
5615,0.00269268,0
5616,0.00184676,0
5617,0.00082813,0
5618,0.00885432,0
5619,0.00166064,0
5620,0.00349218,0
5621,0.02981637,0
5622,0.03919284,0
5623,0.01985118,0
5624,0.00343353,0
5625,0.00127602,0
5626,0.00155876,0
5627,0.00222697,0
5628,0.00047760,0
5629,0.00872106,0
5630,0.00300947,0
5631,0.01481610,0
5632,0.00551212,0
5633,0.00219522,0
5634,0.00033218,0
5635,0.00399022,0
5636,0.00338683,0
5637,0.00117273,0
5638,0.00188357,0
5639,0.00076265,0
5640,0.00888343,0
5641,0.00168371,0
5642,0.00342629,0
5643,0.02929704,0
5644,0.03710876,0
5645,0.01840894,0
5646,0.00324536,0
5647,0.00117955,0
5648,0.00154852,0
5649,0.00225410,0
5650,0.00043171,0
5651,0.00907786,0
5652,0.00306903,0
5653,0.01427507,0
5654,0.00532703,0
5655,0.00210522,0
5656,0.00032528,0
5657,0.00398114,0
5658,0.00382459,0
5659,0.00235072,0
5660,0.00187988,0
5661,0.00078389,0
5662,0.00855749,0
5663,0.00166612,0
5664,0.00340633,0
5665,0.02792295,0
5666,0.03738440,0
5667,0.01805089,0
5668,0.00344028,0
5669,0.00120035,0
5670,0.00153770,0
5671,0.00219684,0
5672,0.00042008,0
5673,0.00920610,0
5674,0.00291347,0
5675,0.01425970,0
5676,0.00520033,0
5677,0.00212034,0
5678,0.00032080,0
5679,0.00398350,0
5680,0.00338721,0
5681,0.00205741,0
5682,0.00187680,0
5683,0.00077908,0
5684,0.00817338,0
5685,0.00167170,0
5686,0.00341897,0
5687,0.02904290,0
5688,0.04130322,0
5689,0.02062267,0
5690,0.00333042,0
5691,0.00113889,0
5692,0.00157051,0
5693,0.00215712,0
5694,0.00041743,0
5695,0.00910137,0
5696,0.00304889,0
5697,0.01358910,0
5698,0.00509806,0
5699,0.00194266,0
5700,0.00033474,0
5701,0.00402139,0
5702,0.00352462,0
5703,0.00452017,0
5704,0.00192642,0
5705,0.00079358,0
5706,0.00871408,0
5707,0.00170057,0
5708,0.00330233,0
5709,0.02951004,0
5710,0.03929137,0
5711,0.02044943,0
5712,0.00320116,0
5713,0.00126907,0
5714,0.00151691,0
5715,0.00205289,0
5716,0.00043790,0
5717,0.00919819,0
5718,0.00271700,0
5719,0.01339533,0
5720,0.00512544,0
5721,0.00208709,0
5722,0.00030986,0
5723,0.00399319,0
5724,0.00324165,0
5725,0.00157076,0
5726,0.00191526,0
5727,0.00080187,0
5728,0.00851366,0
5729,0.00165259,0
5730,0.00321748,0
5731,0.02903530,0
5732,0.03697875,0
5733,0.01871379,0
5734,0.00351628,0
5735,0.00115522,0
5736,0.00145836,0
5737,0.00206778,0
5738,0.00042254,0
5739,0.00904564,0
5740,0.00287238,0
5741,0.01318849,0
5742,0.00534483,0
5743,0.00204221,0
5744,0.00033683,0
5745,0.00385057,0
5746,0.00359682,0
5747,0.00215798,0
5748,0.00189788,0
5749,0.00075787,0
5750,0.00844847,0
5751,0.00166403,0
5752,0.00346668,0
5753,0.02851663,0
5754,0.03843612,0
5755,0.01824776,0
5756,0.00343646,0
5757,0.00119677,0
5758,0.00141814,0
5759,0.00209808,0
5760,0.00042681,0
5761,0.00950278,0
5762,0.00271371,0
5763,0.01347655,0
5764,0.00520267,0
5765,0.00202366,0
5766,0.00033695,0
5767,0.00391261,0
5768,0.00347211,0
5769,0.00118712,0
5770,0.00181044,0
5771,0.00074956,0
5772,0.00878574,0
5773,0.00164345,0
5774,0.00322876,0
5775,0.02906913,0
5776,0.03734337,0
5777,0.01909666,0
5778,0.00352106,0
5779,0.00126055,0
5780,0.00145380,0
5781,0.00222588,0
5782,0.00045316,0
5783,0.00902470,0
5784,0.00288525,0
5785,0.01452575,0
5786,0.00543268,0
5787,0.00208769,0
5788,0.00032206,0
5789,0.00394209,0
5790,0.00349931,0
5791,0.00356492,0
5792,0.00186705,0
5793,0.00078955,0
5794,0.00887919,0
5795,0.00170863,0
5796,0.00348870,0
5797,0.03079313,0
5798,0.03727174,0
5799,0.01963167,0
5800,0.00334131,0
5801,0.00123822,0
5802,0.00151726,0
5803,0.00224348,0
5804,0.00046009,0
5805,0.00924510,0
5806,0.00286055,0
5807,0.01412456,0
5808,0.00513925,0
5809,0.00203569,0
5810,0.00033139,0
5811,0.00411571,0
5812,0.00356219,0
5813,0.00248148,0
5814,0.00192991,0
5815,0.00076003,0
5816,0.00910014,0
5817,0.00168490,0
5818,0.00332646,0
5819,0.02992521,0
5820,0.03778113,0
5821,0.01809560,0
5822,0.00349491,0
5823,0.00130741,0
5824,0.00148172,0
5825,0.00214487,0
5826,0.00043822,0
5827,0.00945008,0
5828,0.00325668,0
5829,0.01414496,0
5830,0.00532494,0
5831,0.00212447,0
5832,0.00033219,0
5833,0.00384774,0
5834,0.00398660,0
5835,0.00585881,0
5836,0.00184371,0
5837,0.00079564,0
5838,0.00900828,0
5839,0.00173779,0
5840,0.00321362,0
5841,0.03064812,0
5842,0.03985471,0
5843,0.02201543,0
5844,0.00361016,0
5845,0.00122902,0
5846,0.00151501,0
5847,0.00216607,0
5848,0.00043146,0
5849,0.00947972,0
5850,0.00293701,0
5851,0.01403070,0
5852,0.00531511,0
5853,0.00207756,0
5854,0.00031710,0
5855,0.00411569,0
5856,0.00377277,0
5857,0.00154733,0
5858,0.00186600,0
5859,0.00074929,0
5860,0.00899802,0
5861,0.00174969,0
5862,0.00341387,0
5863,0.03071109,0
5864,0.03933844,0
5865,0.02121873,0
5866,0.00363244,0
5867,0.00123073,0
5868,0.00140719,0
5869,0.00210587,0
5870,0.00040338,0
5871,0.00924620,0
5872,0.00321004,0
5873,0.01392310,0
5874,0.00527445,0
5875,0.00212400,0
5876,0.00031915,0
5877,0.00395724,0
5878,0.00396651,0
5879,0.00200374,0
5880,0.00176380,0
5881,0.00076985,0
5882,0.00836937,0
5883,0.00170991,0
5884,0.00336643,0
5885,0.03083244,0
5886,0.03792533,0
5887,0.01957745,0
5888,0.00357391,0
5889,0.00119891,0
5890,0.00147325,0
5891,0.00223781,0
5892,0.00042888,0
5893,0.00887438,0
5894,0.00300785,0
5895,0.01359669,0
5896,0.00547372,0
5897,0.00211795,0
5898,0.00034748,0
5899,0.00394545,0
5900,0.00354252,0
5901,0.00164751,0
5902,0.00174873,0
5903,0.00080488,0
5904,0.00908671,0
5905,0.00167518,0
5906,0.00335622,0
5907,0.03104055,0
5908,0.03869614,0
5909,0.01952237,0
5910,0.00363643,0
5911,0.00122022,0
5912,0.00147292,0
5913,0.00220366,0
5914,0.00043133,0
5915,0.01001615,0
5916,0.00308971,0
5917,0.01479379,0
5918,0.00556760,0
5919,0.00224477,0
5920,0.00038141,0
5921,0.00405928,0
5922,0.00380281,0
5923,0.00251221,0
5924,0.00179551,0
5925,0.00079649,0
5926,0.00853927,0
5927,0.00168934,0
5928,0.00336181,0
5929,0.03252820,0
5930,0.04104318,0
5931,0.01958120,0
5932,0.00410110,0
5933,0.00123029,0
5934,0.00148096,0
5935,0.00220272,0
5936,0.00041691,0
5937,0.00901119,0
5938,0.00312723,0
5939,0.01430191,0
5940,0.00551018,0
5941,0.00218600,0
5942,0.00031819,0
5943,0.00386299,0
5944,0.00397488,0
5945,0.00150978,0
5946,0.00185732,0
5947,0.00079967,0
5948,0.00877385,0
5949,0.00174648,0
5950,0.00342520,0
5951,0.03121925,0
5952,0.03906764,0
5953,0.01941346,0
5954,0.00402681,0
5955,0.00125530,0
5956,0.00148023,0
5957,0.00225898,0
5958,0.00038941,0
5959,0.00927480,0
5960,0.00314907,0
5961,0.01524768,0
5962,0.00549560,0
5963,0.00212461,0
5964,0.00035431,0
5965,0.00396670,0
5966,0.00397201,0
5967,0.00185010,0
5968,0.00189418,0
5969,0.00080243,0
5970,0.00911001,0
5971,0.00169390,0
5972,0.00338838,0
5973,0.03060061,0
5974,0.03966598,0
5975,0.01931653,0
5976,0.00419855,0
5977,0.00124120,0
5978,0.00142650,0
5979,0.00216000,0
5980,0.00040920,0
5981,0.00894487,0
5982,0.00336112,0
5983,0.01533908,0
5984,0.00551487,0
5985,0.00222479,0
5986,0.00033192,0
5987,0.00417771,0
5988,0.00382347,0
5989,0.00195718,0
5990,0.00180885,0
5991,0.00078755,0
5992,0.00867522,0
5993,0.00171956,0
5994,0.00344813,0
5995,0.03079206,0
5996,0.03929184,0
5997,0.01928544,0
5998,0.00408412,0
5999,0.00123926,0
6000,0.00140514,0
6001,0.00217210,0
6002,0.00040709,0
6003,0.00918362,0
6004,0.00322385,0
6005,0.01568417,0
6006,0.00578816,0
6007,0.00216835,0
6008,0.00037136,0
6009,0.00398334,0
6010,0.00390915,0
6011,0.00236192,0
6012,0.00187542,0
6013,0.00078542,0
6014,0.00902241,0
6015,0.00168792,0
6016,0.00348205,0
6017,0.03014979,0
6018,0.03879158,0
6019,0.01858684,0
6020,0.00400661,0
6021,0.00119067,0
6022,0.00143012,0
6023,0.00226480,0
6024,0.00040920,0
6025,0.00893157,0
6026,0.00341169,0
6027,0.01427184,0
6028,0.00546489,0
6029,0.00213829,0
6030,0.00032660,0
6031,0.00395460,0
6032,0.00385765,0
6033,0.00169469,0
6034,0.00192618,0
6035,0.00076787,0
6036,0.00933368,0
6037,0.00169663,0
6038,0.00353757,0
6039,0.03088406,0
6040,0.03850383,0
6041,0.01900649,0
6042,0.00393623,0
6043,0.00136091,0
6044,0.00143262,0
6045,0.00227158,0
6046,0.00043348,0
6047,0.00934823,0
6048,0.00330326,0
6049,0.01474147,0
6050,0.00536980,0
6051,0.00206397,0
6052,0.00032349,0
6053,0.00407273,0
6054,0.00401282,0
6055,0.00120956,0
6056,0.00185060,0
6057,0.00076871,0
6058,0.00929697,0
6059,0.00166821,0
6060,0.00335502,0
6061,0.03182876,0
6062,0.03905742,0
6063,0.01972023,0
6064,0.00398120,0
6065,0.00128992,0
6066,0.00150629,0
6067,0.00210984,0
6068,0.00041449,0
6069,0.00933976,0
6070,0.00306230,0
6071,0.01426464,0
6072,0.00546288,0
6073,0.00214311,0
6074,0.00031958,0
6075,0.00409788,0
6076,0.00363510,0
6077,0.00171660,0
6078,0.00188811,0
6079,0.00076422,0
6080,0.00889894,0
6081,0.00167908,0
6082,0.00365657,0
6083,0.03255135,0
6084,0.04049949,0
6085,0.01956827,0
6086,0.00376497,0
6087,0.00122634,0
6088,0.00146947,0
6089,0.00224619,0
6090,0.00039762,0
6091,0.00948996,0
6092,0.00324918,0
6093,0.01441154,0
6094,0.00546161,0
6095,0.00208821,0
6096,0.00035453,0
6097,0.00400476,0
6098,0.00368966,0
6099,0.00276557,0
6100,0.00204816,0
6101,0.00077270,0
6102,0.00887802,0
6103,0.00169864,0
6104,0.00360135,0
6105,0.03231590,0
6106,0.03810151,0
6107,0.01906869,0
6108,0.00387433,0
6109,0.00130220,0
6110,0.00143063,0
6111,0.00217590,0
6112,0.00042480,0
6113,0.00898105,0
6114,0.00304297,0
6115,0.01420900,0
6116,0.00557476,0
6117,0.00212073,0
6118,0.00037337,0
6119,0.00411281,0
6120,0.00368273,0
6121,0.00243082,0
6122,0.00198027,0
6123,0.00082117,0
6124,0.00934707,0
6125,0.00173866,0
6126,0.00347863,0
6127,0.03138712,0
6128,0.03813243,0
6129,0.01956085,0
6130,0.00371505,0
6131,0.00129194,0
6132,0.00152238,0
6133,0.00225755,0
6134,0.00042532,0
6135,0.00930710,0
6136,0.00340876,0
6137,0.01538742,0
6138,0.00544981,0
6139,0.00217394,0
6140,0.00034969,0
6141,0.00432459,0
6142,0.00390890,0
6143,0.00188469,0
6144,0.00197440,0
6145,0.00077535,0
6146,0.00888902,0
6147,0.00172452,0
6148,0.00361104,0
6149,0.03394527,0
6150,0.03909345,0
6151,0.01844848,0
6152,0.00394934,0
6153,0.00137799,0
6154,0.00146556,0
6155,0.00233968,0
6156,0.00041283,0
6157,0.00888956,0
6158,0.00317416,0
6159,0.01545900,0
6160,0.00570576,0
6161,0.00223352,0
6162,0.00033158,0
6163,0.00421765,0
6164,0.00400902,0
6165,0.00394009,0
6166,0.00199117,0
6167,0.00082693,0
6168,0.00956305,0
6169,0.00173911,0
6170,0.00379800,0
6171,0.03347440,0
6172,0.03870745,0
6173,0.02003076,0
6174,0.00384929,0
6175,0.00126221,0
6176,0.00158891,0
6177,0.00236273,0
6178,0.00041679,0
6179,0.00924595,0
6180,0.00315163,0
6181,0.01534975,0
6182,0.00558920,0
6183,0.00225164,0
6184,0.00033185,0
6185,0.00415232,0
6186,0.00408417,0
6187,0.00127903,0
6188,0.00198310,0
6189,0.00080940,0
6190,0.00935070,0
6191,0.00171055,0
6192,0.00370782,0
6193,0.03355202,0
6194,0.03893719,0
6195,0.01918617,0
6196,0.00391155,0
6197,0.00131597,0
6198,0.00157726,0
6199,0.00226092,0
6200,0.00041131,0
6201,0.00948787,0
6202,0.00329543,0
6203,0.01501250,0
6204,0.00573720,0
6205,0.00212343,0
6206,0.00031900,0
6207,0.00413618,0
6208,0.00395055,0
6209,0.00326682,0
6210,0.00201730,0
6211,0.00083524,0
6212,0.00961170,0
6213,0.00179660,0
6214,0.00388188,0
6215,0.03294445,0
6216,0.03974720,0
6217,0.02084880,0
6218,0.00395386,0
6219,0.00123666,0
6220,0.00154416,0
6221,0.00236704,0
6222,0.00039915,0
6223,0.00950216,0
6224,0.00323357,0
6225,0.01507050,0
6226,0.00582775,0
6227,0.00215134,0
6228,0.00033214,0
6229,0.00421968,0
6230,0.00386295,0
6231,0.00138700,0
6232,0.00195424,0
6233,0.00084741,0
6234,0.00904415,0
6235,0.00176870,0
6236,0.00378673,0
6237,0.03379338,0
6238,0.03974127,0
6239,0.01995579,0
6240,0.00392689,0
6241,0.00128757,0
6242,0.00152065,0
6243,0.00238588,0
6244,0.00039250,0
6245,0.00955800,0
6246,0.00318403,0
6247,0.01551782,0
6248,0.00578200,0
6249,0.00223021,0
6250,0.00034933,0
6251,0.00408166,0
6252,0.00381812,0
6253,0.00351074,0
6254,0.00200560,0
6255,0.00083381,0
6256,0.00931229,0
6257,0.00178757,0
6258,0.00407543,0
6259,0.03408279,0
6260,0.03894016,0
6261,0.02178329,0
6262,0.00372794,0
6263,0.00135391,0
6264,0.00163015,0
6265,0.00234945,0
6266,0.00044177,0
6267,0.00942350,0
6268,0.00345345,0
6269,0.01470526,0
6270,0.00594906,0
6271,0.00227297,0
6272,0.00036967,0
6273,0.00406122,0
6274,0.00370139,0
6275,0.00177011,0
6276,0.00199779,0
6277,0.00079813,0
6278,0.00908087,0
6279,0.00181040,0
6280,0.00403683,0
6281,0.03223586,0
6282,0.03869083,0
6283,0.02031616,0
6284,0.00387323,0
6285,0.00136740,0
6286,0.00153558,0
6287,0.00234244,0
6288,0.00041850,0
6289,0.00918143,0
6290,0.00335132,0
6291,0.01528059,0
6292,0.00562566,0
6293,0.00217232,0
6294,0.00034364,0
6295,0.00413237,0
6296,0.00382202,0
6297,0.00281222,0
6298,0.00189773,0
6299,0.00075434,0
6300,0.00902114,0
6301,0.00171099,0
6302,0.00389475,0
6303,0.03211190,0
6304,0.03970700,0
6305,0.02101732,0
6306,0.00399844,0
6307,0.00141801,0
6308,0.00157709,0
6309,0.00232115,0
6310,0.00041355,0
6311,0.00911345,0
6312,0.00311224,0
6313,0.01382308,0
6314,0.00573486,0
6315,0.00210750,0
6316,0.00037228,0
6317,0.00395776,0
6318,0.00365326,0
6319,0.00229123,0
6320,0.00186574,0
6321,0.00078010,0
6322,0.00853254,0
6323,0.00173212,0
6324,0.00381150,0
6325,0.03228617,0
6326,0.03634005,0
6327,0.01970928,0
6328,0.00391593,0
6329,0.00141561,0
6330,0.00150790,0
6331,0.00229974,0
6332,0.00039706,0
6333,0.00921426,0
6334,0.00320325,0
6335,0.01447945,0
6336,0.00554909,0
6337,0.00215163,0
6338,0.00033624,0
6339,0.00429533,0
6340,0.00381570,0
6341,0.00194836,0
6342,0.00195069,0
6343,0.00077005,0
6344,0.00851125,0
6345,0.00174553,0
6346,0.00393794,0
6347,0.03272582,0
6348,0.03735960,0
6349,0.02047552,0
6350,0.00421287,0
6351,0.00136758,0
6352,0.00150427,0
6353,0.00222033,0
6354,0.00040671,0
6355,0.00979642,0
6356,0.00335128,0
6357,0.01443618,0
6358,0.00536974,0
6359,0.00215216,0
6360,0.00035094,0
6361,0.00424167,0
6362,0.00405503,0
6363,0.00187323,0
6364,0.00198690,0
6365,0.00084204,0
6366,0.00935662,0
6367,0.00172106,0
6368,0.00369538,0
6369,0.03513781,0
6370,0.03981798,0
6371,0.01968821,0
6372,0.00428664,0
6373,0.00135247,0
6374,0.00151653,0
6375,0.00224806,0
6376,0.00041071,0
6377,0.00959334,0
6378,0.00305514,0
6379,0.01510064,0
6380,0.00566358,0
6381,0.00211798,0
6382,0.00033915,0
6383,0.00410522,0
6384,0.00395307,0
6385,0.00122801,0
6386,0.00194936,0
6387,0.00076847,0
6388,0.00867531,0
6389,0.00178919,0
6390,0.00372824,0
6391,0.03350872,0
6392,0.03771112,0
6393,0.02120835,0
6394,0.00442942,0
6395,0.00139129,0
6396,0.00147766,0
6397,0.00224659,0
6398,0.00041688,0
6399,0.00933499,0
6400,0.00311570,0
6401,0.01468797,0
6402,0.00563403,0
6403,0.00217902,0
6404,0.00032593,0
6405,0.00390286,0
6406,0.00381975,0
6407,0.00253841,0
6408,0.00197000,0
6409,0.00081317,0
6410,0.00945605,0
6411,0.00170713,0
6412,0.00379224,0
6413,0.03436394,0
6414,0.03663314,0
6415,0.02015021,0
6416,0.00405857,0
6417,0.00134219,0
6418,0.00146795,0
6419,0.00235966,0
6420,0.00041293,0
6421,0.00849230,0
6422,0.00312132,0
6423,0.01413517,0
6424,0.00526550,0
6425,0.00216542,0
6426,0.00033194,0
6427,0.00407653,0
6428,0.00397441,0
6429,0.00305705,0
6430,0.00203717,0
6431,0.00085746,0
6432,0.00862614,0
6433,0.00178525,0
6434,0.00352527,0
6435,0.03338150,0
6436,0.03840448,0
6437,0.01988329,0
6438,0.00430543,0
6439,0.00125250,0
6440,0.00147769,0
6441,0.00224681,0
6442,0.00040616,0
6443,0.00897390,0
6444,0.00334414,0
6445,0.01453843,0
6446,0.00542201,0
6447,0.00215081,0
6448,0.00031258,0
6449,0.00432851,0
6450,0.00384483,0
6451,0.00150426,0
6452,0.00193831,0
6453,0.00085195,0
6454,0.00903081,0
6455,0.00180851,0
6456,0.00367976,0
6457,0.03326372,0
6458,0.04108743,0
6459,0.02084068,0
6460,0.00430776,0
6461,0.00133583,0
6462,0.00157505,0
6463,0.00226945,0
6464,0.00041619,0
6465,0.00873168,0
6466,0.00341399,0
6467,0.01439019,0
6468,0.00558936,0
6469,0.00220325,0
6470,0.00030846,0
6471,0.00435049,0
6472,0.00407911,0
6473,0.00193580,0
6474,0.00199731,0
6475,0.00084631,0
6476,0.00898033,0
6477,0.00170389,0
6478,0.00360229,0
6479,0.03504444,0
6480,0.04101908,0
6481,0.02083595,0
6482,0.00438839,0
6483,0.00128905,0
6484,0.00150971,0
6485,0.00230650,0
6486,0.00041421,0
6487,0.00886710,0
6488,0.00329829,0
6489,0.01474264,0
6490,0.00568911,0
6491,0.00208911,0
6492,0.00035227,0
6493,0.00412163,0
6494,0.00401107,0
6495,0.00304815,0
6496,0.00186558,0
6497,0.00079029,0
6498,0.00897879,0
6499,0.00186089,0
6500,0.00390431,0
6501,0.03464868,0
6502,0.04083507,0
6503,0.02217219,0
6504,0.00432503,0
6505,0.00122579,0
6506,0.00149539,0
6507,0.00232707,0
6508,0.00041643,0
6509,0.00883964,0
6510,0.00330537,0
6511,0.01483952,0
6512,0.00573794,0
6513,0.00219575,0
6514,0.00036637,0
6515,0.00430603,0
6516,0.00388601,0
6517,0.00927732,0
6518,0.00192351,0
6519,0.00081168,0
6520,0.00912896,0
6521,0.00189423,0
6522,0.00393433,0
6523,0.03561931,0
6524,0.03898019,0
6525,0.02084665,0
6526,0.00378771,0
6527,0.00125358,0
6528,0.00154694,0
6529,0.00229917,0
6530,0.00043895,0
6531,0.00929988,0
6532,0.00330789,0
6533,0.01522676,0
6534,0.00577543,0
6535,0.00220912,0
6536,0.00034543,0
6537,0.00430510,0
6538,0.00394196,0
6539,0.00258012,0
6540,0.00206624,0
6541,0.00085595,0
6542,0.00912284,0
6543,0.00182774,0
6544,0.00399050,0
6545,0.03496607,0
6546,0.04064800,0
6547,0.02066061,0
6548,0.00405585,0
6549,0.00137077,0
6550,0.00155968,0
6551,0.00226639,0
6552,0.00041763,0
6553,0.00954006,0
6554,0.00312626,0
6555,0.01520842,0
6556,0.00586105,0
6557,0.00230540,0
6558,0.00036847,0
6559,0.00436126,0
6560,0.00429545,0
6561,0.00209503,0
6562,0.00200187,0
6563,0.00083484,0
6564,0.00926458,0
6565,0.00185996,0
6566,0.00413983,0
6567,0.03456165,0
6568,0.04303391,0
6569,0.02205179,0
6570,0.00426009,0
6571,0.00137897,0
6572,0.00172185,0
6573,0.00225140,0
6574,0.00043630,0
6575,0.00975145,0
6576,0.00321436,0
6577,0.01509098,0
6578,0.00596399,0
6579,0.00230747,0
6580,0.00035340,0
6581,0.00448390,0
6582,0.00398699,0
6583,0.00210883,0
6584,0.00190996,0
6585,0.00079788,0
6586,0.00926017,0
6587,0.00182088,0
6588,0.00411636,0
6589,0.03450582,0
6590,0.03999213,0
6591,0.02059531,0
6592,0.00395170,0
6593,0.00131565,0
6594,0.00161728,0
6595,0.00249442,0
6596,0.00044227,0
6597,0.00940028,0
6598,0.00318602,0
6599,0.01454438,0
6600,0.00592808,0
6601,0.00232243,0
6602,0.00034197,0
6603,0.00418697,0
6604,0.00410329,0
6605,0.00272686,0
6606,0.00189384,0
6607,0.00079255,0
6608,0.00925186,0
6609,0.00177254,0
6610,0.00400716,0
6611,0.03400502,0
6612,0.04016660,0
6613,0.02124318,0
6614,0.00416671,0
6615,0.00137203,0
6616,0.00159859,0
6617,0.00241943,0
6618,0.00044413,0
6619,0.00969834,0
6620,0.00331571,0
6621,0.01447384,0
6622,0.00590903,0
6623,0.00226282,0
6624,0.00033943,0
6625,0.00414510,0
6626,0.00402642,0
6627,0.00217366,0
6628,0.00194127,0
6629,0.00079574,0
6630,0.00924729,0
6631,0.00175362,0
6632,0.00389909,0
6633,0.03490805,0
6634,0.04321977,0
6635,0.02144608,0
6636,0.00407181,0
6637,0.00128130,0
6638,0.00150619,0
6639,0.00232967,0
6640,0.00042375,0
6641,0.00964520,0
6642,0.00320592,0
6643,0.01445101,0
6644,0.00546490,0
6645,0.00221457,0
6646,0.00035954,0
6647,0.00412679,0
6648,0.00404484,0
6649,0.00163496,0
6650,0.00186986,0
6651,0.00077837,0
6652,0.00949077,0
6653,0.00179174,0
6654,0.00402741,0
6655,0.03594299,0
6656,0.04260958,0
6657,0.02255812,0
6658,0.00406297,0
6659,0.00137133,0
6660,0.00154463,0
6661,0.00223178,0
6662,0.00043438,0
6663,0.00997139,0
6664,0.00328868,0
6665,0.01525540,0
6666,0.00586364,0
6667,0.00228402,0
6668,0.00034967,0
6669,0.00416378,0
6670,0.00414720,0
6671,0.00235540,0
6672,0.00188165,0
6673,0.00078855,0
6674,0.00895266,0
6675,0.00176726,0
6676,0.00390584,0
6677,0.03544778,0
6678,0.04200465,0
6679,0.02090478,0
6680,0.00407713,0
6681,0.00125450,0
6682,0.00154810,0
6683,0.00228630,0
6684,0.00042024,0
6685,0.00946810,0
6686,0.00287541,0
6687,0.01418094,0
6688,0.00588023,0
6689,0.00217334,0
6690,0.00032351,0
6691,0.00416575,0
6692,0.00388455,0
6693,0.00211341,0
6694,0.00187292,0
6695,0.00076516,0
6696,0.00903762,0
6697,0.00170282,0
6698,0.00382512,0
6699,0.03400219,0
6700,0.03762828,0
6701,0.02021138,0
6702,0.00390190,0
6703,0.00126427,0
6704,0.00153682,0
6705,0.00224737,0
6706,0.00039775,0
6707,0.00944996,0
6708,0.00326094,0
6709,0.01507549,0
6710,0.00552409,0
6711,0.00212492,0
6712,0.00031065,0
6713,0.00421633,0
6714,0.00392889,0
6715,0.00251524,0
6716,0.00179796,0
6717,0.00072374,0
6718,0.00903909,0
6719,0.00174387,0
6720,0.00383259,0
6721,0.03631215,0
6722,0.04061378,0
6723,0.02209997,0
6724,0.00364730,0
6725,0.00134102,0
6726,0.00149301,0
6727,0.00227743,0
6728,0.00042175,0
6729,0.00899518,0
6730,0.00319864,0
6731,0.01390498,0
6732,0.00552363,0
6733,0.00206624,0
6734,0.00033501,0
6735,0.00406395,0
6736,0.00380733,0
6737,0.00178875,0
6738,0.00191836,0
6739,0.00074847,0
6740,0.00908044,0
6741,0.00179369,0
6742,0.00388311,0
6743,0.03352217,0
6744,0.03949659,0
6745,0.02064325,0
6746,0.00378500,0
6747,0.00134779,0
6748,0.00155846,0
6749,0.00240087,0
6750,0.00041357,0
6751,0.00899136,0
6752,0.00316231,0
6753,0.01402354,0
6754,0.00573631,0
6755,0.00210641,0
6756,0.00033429,0
6757,0.00421066,0
6758,0.00382716,0
6759,0.00312999,0
6760,0.00188755,0
6761,0.00072940,0
6762,0.00874232,0
6763,0.00176272,0
6764,0.00382572,0
6765,0.03438437,0
6766,0.04051548,0
6767,0.01996559,0
6768,0.00382340,0
6769,0.00135345,0
6770,0.00146047,0
6771,0.00229159,0
6772,0.00040731,0
6773,0.00892952,0
6774,0.00353816,0
6775,0.01371718,0
6776,0.00571687,0
6777,0.00208829,0
6778,0.00033863,0
6779,0.00418419,0
6780,0.00386388,0
6781,0.00335920,0
6782,0.00186348,0
6783,0.00076422,0
6784,0.00898603,0
6785,0.00176809,0
6786,0.00374084,0
6787,0.03562691,0
6788,0.03848652,0
6789,0.01990250,0
6790,0.00350248,0
6791,0.00132189,0
6792,0.00153788,0
6793,0.00223203,0
6794,0.00042288,0
6795,0.00928635,0
6796,0.00351589,0
6797,0.01437697,0
6798,0.00562526,0
6799,0.00215237,0
6800,0.00032105,0
6801,0.00409850,0
6802,0.00370340,0
6803,0.00309426,0
6804,0.00191433,0
6805,0.00074297,0
6806,0.00921367,0
6807,0.00172760,0
6808,0.00370102,0
6809,0.03486000,0
6810,0.03755387,0
6811,0.02143325,0
6812,0.00353016,0
6813,0.00127206,0
6814,0.00147819,0
6815,0.00226289,0
6816,0.00041298,0
6817,0.00921737,0
6818,0.00322326,0
6819,0.01373594,0
6820,0.00567622,0
6821,0.00204841,0
6822,0.00033344,0
6823,0.00407345,0
6824,0.00398382,0
6825,0.00178317,0
6826,0.00174263,0
6827,0.00070957,0
6828,0.00898158,0
6829,0.00165048,0
6830,0.00379865,0
6831,0.03426169,0
6832,0.04145922,0
6833,0.02019160,0
6834,0.00367420,0
6835,0.00129935,0
6836,0.00154660,0
6837,0.00219208,0
6838,0.00039927,0
6839,0.00934844,0
6840,0.00369089,0
6841,0.01341858,0
6842,0.00566566,0
6843,0.00200406,0
6844,0.00038433,0
6845,0.00415228,0
6846,0.00382944,0
6847,0.00231002,0
6848,0.00175071,0
6849,0.00076393,0
6850,0.00888700,0
6851,0.00173539,0
6852,0.00387222,0
6853,0.03524107,0
6854,0.04104823,0
6855,0.02231928,0
6856,0.00345204,0
6857,0.00136823,0
6858,0.00164807,0
6859,0.00225281,0
6860,0.00041064,0
6861,0.00924539,0
6862,0.00353461,0
6863,0.01348479,0
6864,0.00542944,0
6865,0.00198412,0
6866,0.00034278,0
6867,0.00452315,0
6868,0.00371347,0
6869,0.00170916,0
6870,0.00196202,0
6871,0.00077012,0
6872,0.00883526,0
6873,0.00173283,0
6874,0.00368886,0
6875,0.03644811,0
6876,0.04220453,0
6877,0.01983236,0
6878,0.00385259,0
6879,0.00133423,0
6880,0.00154108,0
6881,0.00222872,0
6882,0.00041178,0
6883,0.00960664,0
6884,0.00363072,0
6885,0.01453111,0
6886,0.00572700,0
6887,0.00214510,0
6888,0.00033529,0
6889,0.00396314,0
6890,0.00376467,0
6891,0.00202469,0
6892,0.00183344,0
6893,0.00074018,0
6894,0.00929242,0
6895,0.00173435,0
6896,0.00389513,0
6897,0.03523715,0
6898,0.04118748,0
6899,0.02104022,0
6900,0.00368591,0
6901,0.00141850,0
6902,0.00156436,0
6903,0.00231322,0
6904,0.00042141,0
6905,0.00895104,0
6906,0.00332385,0
6907,0.01419490,0
6908,0.00564028,0
6909,0.00207677,0
6910,0.00034318,0
6911,0.00408275,0
6912,0.00373418,0
6913,0.00230583,0
6914,0.00182152,0
6915,0.00075883,0
6916,0.00893524,0
6917,0.00184141,0
6918,0.00374843,0
6919,0.03391432,0
6920,0.03949563,0
6921,0.02171050,0
6922,0.00368557,0
6923,0.00136039,0
6924,0.00154262,0
6925,0.00220566,0
6926,0.00041262,0
6927,0.00941806,0
6928,0.00347568,0
6929,0.01356931,0
6930,0.00567263,0
6931,0.00203906,0
6932,0.00036332,0
6933,0.00391501,0
6934,0.00392079,0
6935,0.00226076,0
6936,0.00178064,0
6937,0.00079431,0
6938,0.00865255,0
6939,0.00176227,0
6940,0.00372453,0
6941,0.03467554,0
6942,0.04159127,0
6943,0.02033396,0
6944,0.00379855,0
6945,0.00140958,0
6946,0.00154681,0
6947,0.00222448,0
6948,0.00038609,0
6949,0.00945135,0
6950,0.00329156,0
6951,0.01453394,0
6952,0.00560487,0
6953,0.00208627,0
6954,0.00030601,0
6955,0.00387887,0
6956,0.00383843,0
6957,0.00358209,0
6958,0.00180703,0
6959,0.00079816,0
6960,0.00858360,0
6961,0.00172820,0
6962,0.00364187,0
6963,0.03339446,0
6964,0.04269582,0
6965,0.02001365,0
6966,0.00419300,0
6967,0.00135293,0
6968,0.00157820,0
6969,0.00203634,0
6970,0.00040632,0
6971,0.00935888,0
6972,0.00321551,0
6973,0.01292328,0
6974,0.00585739,0
6975,0.00205963,0
6976,0.00034143,0
6977,0.00404380,0
6978,0.00385572,0
6979,0.00170358,0
6980,0.00180100,0
6981,0.00077609,0
6982,0.00868626,0
6983,0.00170500,0
6984,0.00370420,0
6985,0.03339076,0
6986,0.03840129,0
6987,0.02093082,0
6988,0.00416664,0
6989,0.00145042,0
6990,0.00143978,0
6991,0.00208727,0
6992,0.00038587,0
6993,0.00871581,0
6994,0.00335717,0
6995,0.01342418,0
6996,0.00542343,0
6997,0.00213645,0
6998,0.00036268,0
6999,0.00394272,0
7000,0.00389824,0
7001,0.00200442,0
7002,0.00178159,0
7003,0.00076239,0
7004,0.00870281,0
7005,0.00170468,0
7006,0.00380138,0
7007,0.03389992,0
7008,0.03837640,0
7009,0.01913346,0
7010,0.00383412,0
7011,0.00137254,0
7012,0.00149668,0
7013,0.00211569,0
7014,0.00041381,0
7015,0.00944460,0
7016,0.00345009,0
7017,0.01347337,0
7018,0.00515657,0
7019,0.00210812,0
7020,0.00035489,0
7021,0.00387899,0
7022,0.00403123,0
7023,0.00200469,0
7024,0.00177863,0
7025,0.00076229,0
7026,0.00908903,0
7027,0.00170872,0
7028,0.00387579,0
7029,0.03458225,0
7030,0.04017156,0
7031,0.02047777,0
7032,0.00385414,0
7033,0.00137539,0
7034,0.00146901,0
7035,0.00218329,0
7036,0.00040446,0
7037,0.00957223,0
7038,0.00320666,0
7039,0.01344394,0
7040,0.00535465,0
7041,0.00208019,0
7042,0.00033164,0
7043,0.00390421,0
7044,0.00372967,0
7045,0.00384141,0
7046,0.00174468,0
7047,0.00076732,0
7048,0.00830942,0
7049,0.00172913,0
7050,0.00370790,0
7051,0.03501791,0
7052,0.03934354,0
7053,0.02032205,0
7054,0.00385617,0
7055,0.00138879,0
7056,0.00148190,0
7057,0.00217209,0
7058,0.00039134,0
7059,0.00940643,0
7060,0.00319308,0
7061,0.01358737,0
7062,0.00546976,0
7063,0.00209320,0
7064,0.00033208,0
7065,0.00404431,0
7066,0.00382429,0
7067,0.00310762,0
7068,0.00175209,0
7069,0.00075051,0
7070,0.00885680,0
7071,0.00167771,0
7072,0.00371106,0
7073,0.03498954,0
7074,0.03782275,0
7075,0.01977748,0
7076,0.00408794,0
7077,0.00131908,0
7078,0.00155904,0
7079,0.00209876,0
7080,0.00039425,0
7081,0.00902164,0
7082,0.00328896,0
7083,0.01357663,0
7084,0.00544756,0
7085,0.00198909,0
7086,0.00033406,0
7087,0.00405993,0
7088,0.00389841,0
7089,0.00228586,0
7090,0.00159608,0
7091,0.00075920,0
7092,0.00861135,0
7093,0.00164903,0
7094,0.00372980,0
7095,0.03295105,0
7096,0.03845838,0
7097,0.01992974,0
7098,0.00419443,0
7099,0.00126845,0
7100,0.00152947,0
7101,0.00211955,0
7102,0.00038977,0
7103,0.00858668,0
7104,0.00365393,0
7105,0.01354727,0
7106,0.00550649,0
7107,0.00195075,0
7108,0.00032048,0
7109,0.00401549,0
7110,0.00391287,0
7111,0.00138693,0
7112,0.00161303,0
7113,0.00076020,0
7114,0.00821507,0
7115,0.00168245,0
7116,0.00351896,0
7117,0.03261102,0
7118,0.03639281,0
7119,0.01997888,0
7120,0.00396618,0
7121,0.00128551,0
7122,0.00154664,0
7123,0.00212113,0
7124,0.00038912,0
7125,0.00865674,0
7126,0.00349854,0
7127,0.01312863,0
7128,0.00555956,0
7129,0.00193914,0
7130,0.00031799,0
7131,0.00411461,0
7132,0.00361078,0
7133,0.00145968,0
7134,0.00166240,0
7135,0.00075440,0
7136,0.00841427,0
7137,0.00168755,0
7138,0.00344552,0
7139,0.03294478,0
7140,0.04044122,0
7141,0.01872711,0
7142,0.00375196,0
7143,0.00118289,0
7144,0.00149025,0
7145,0.00207540,0
7146,0.00039119,0
7147,0.00856371,0
7148,0.00369988,0
7149,0.01278274,0
7150,0.00544456,0
7151,0.00197535,0
7152,0.00035584,0
7153,0.00406420,0
7154,0.00375477,0
7155,0.00205560,0
7156,0.00170581,0
7157,0.00080322,0
7158,0.00849751,0
7159,0.00174991,0
7160,0.00340645,0
7161,0.03390350,0
7162,0.04027051,0
7163,0.01892827,0
7164,0.00412435,0
7165,0.00132609,0
7166,0.00146872,0
7167,0.00208493,0
7168,0.00035622,0
7169,0.00888845,0
7170,0.00354914,0
7171,0.01283870,0
7172,0.00585774,0
7173,0.00188479,0
7174,0.00035310,0
7175,0.00415091,0
7176,0.00383909,0
7177,0.00340076,0
7178,0.00165104,0
7179,0.00079238,0
7180,0.00795313,0
7181,0.00174032,0
7182,0.00346626,0
7183,0.03490378,0
7184,0.03868924,0
7185,0.02066535,0
7186,0.00394321,0
7187,0.00136167,0
7188,0.00149271,0
7189,0.00197934,0
7190,0.00035495,0
7191,0.00883471,0
7192,0.00335683,0
7193,0.01306140,0
7194,0.00539178,0
7195,0.00195068,0
7196,0.00034711,0
7197,0.00406470,0
7198,0.00384897,0
7199,0.00158338,0
7200,0.00181272,0
7201,0.00082014,0
7202,0.00857539,0
7203,0.00167560,0
7204,0.00355357,0
7205,0.03375340,0
7206,0.03946557,0
7207,0.01985557,0
7208,0.00395680,0
7209,0.00130924,0
7210,0.00158873,0
7211,0.00196931,0
7212,0.00037672,0
7213,0.00802793,0
7214,0.00320951,0
7215,0.01348776,0
7216,0.00546207,0
7217,0.00206715,0
7218,0.00032432,0
7219,0.00392211,0
7220,0.00383094,0
7221,0.00141215,0
7222,0.00161279,0
7223,0.00076078,0
7224,0.00837566,0
7225,0.00171215,0
7226,0.00346412,0
7227,0.03471694,0
7228,0.03699906,0
7229,0.01944934,0
7230,0.00416191,0
7231,0.00130429,0
7232,0.00146500,0
7233,0.00204197,0
7234,0.00035859,0
7235,0.00856518,0
7236,0.00326678,0
7237,0.01306053,0
7238,0.00550606,0
7239,0.00201927,0
7240,0.00032090,0
7241,0.00413982,0
7242,0.00386287,0
7243,0.00135813,0
7244,0.00165550,0
7245,0.00077504,0
7246,0.00841515,0
7247,0.00169964,0
7248,0.00346646,0
7249,0.03260629,0
7250,0.03624353,0
7251,0.01933429,0
7252,0.00430568,0
7253,0.00133841,0
7254,0.00151401,0
7255,0.00201643,0
7256,0.00035662,0
7257,0.00827367,0
7258,0.00326790,0
7259,0.01310040,0
7260,0.00589527,0
7261,0.00202849,0
7262,0.00039068,0
7263,0.00403215,0
7264,0.00381643,0
7265,0.00225329,0
7266,0.00164193,0
7267,0.00075906,0
7268,0.00838996,0
7269,0.00169164,0
7270,0.00344365,0
7271,0.03292496,0
7272,0.03894029,0
7273,0.01848472,0
7274,0.00386225,0
7275,0.00146262,0
7276,0.00152010,0
7277,0.00210409,0
7278,0.00036357,0
7279,0.00866608,0
7280,0.00324420,0
7281,0.01262474,0
7282,0.00526864,0
7283,0.00192657,0
7284,0.00035861,0
7285,0.00396753,0
7286,0.00364076,0
7287,0.00242159,0
7288,0.00168142,0
7289,0.00076677,0
7290,0.00868583,0
7291,0.00165808,0
7292,0.00334201,0
7293,0.03375405,0
7294,0.03859978,0
7295,0.02031519,0
7296,0.00371767,0
7297,0.00148561,0
7298,0.00150154,0
7299,0.00218834,0
7300,0.00037835,0
7301,0.00833844,0
7302,0.00336376,0
7303,0.01340508,0
7304,0.00513208,0
7305,0.00201414,0
7306,0.00036348,0
7307,0.00415010,0
7308,0.00378072,0
7309,0.00253420,0
7310,0.00161249,0
7311,0.00074889,0
7312,0.00845119,0
7313,0.00167355,0
7314,0.00347368,0
7315,0.03324736,0
7316,0.03659925,0
7317,0.02038375,0
7318,0.00402958,0
7319,0.00144473,0
7320,0.00154044,0
7321,0.00205931,0
7322,0.00037624,0
7323,0.00913396,0
7324,0.00332223,0
7325,0.01354026,0
7326,0.00548946,0
7327,0.00192518,0
7328,0.00033413,0
7329,0.00403769,0
7330,0.00363893,0
7331,0.00131324,0
7332,0.00165188,0
7333,0.00073247,0
7334,0.00840638,0
7335,0.00171357,0
7336,0.00342401,0
7337,0.03453392,0
7338,0.03866798,0
7339,0.01944481,0
7340,0.00406027,0
7341,0.00149399,0
7342,0.00155224,0
7343,0.00221157,0
7344,0.00036766,0
7345,0.00827682,0
7346,0.00350833,0
7347,0.01309931,0
7348,0.00553897,0
7349,0.00203462,0
7350,0.00034038,0
7351,0.00405014,0
7352,0.00373604,0
7353,0.00179330,0
7354,0.00164636,0
7355,0.00071827,0
7356,0.00809319,0
7357,0.00176841,0
7358,0.00358902,0
7359,0.03401252,0
7360,0.03757445,0
7361,0.01997853,0
7362,0.00416636,0
7363,0.00143923,0
7364,0.00147801,0
7365,0.00221818,0
7366,0.00038645,0
7367,0.00827144,0
7368,0.00349195,0
7369,0.01364400,0
7370,0.00560353,0
7371,0.00206756,0
7372,0.00032274,0
7373,0.00407546,0
7374,0.00395128,0
7375,0.00258809,0
7376,0.00163779,0
7377,0.00072149,0
7378,0.00858247,0
7379,0.00172398,0
7380,0.00338757,0
7381,0.03502578,0
7382,0.03866639,0
7383,0.02010932,0
7384,0.00422427,0
7385,0.00144595,0
7386,0.00157862,0
7387,0.00220109,0
7388,0.00040036,0
7389,0.00861734,0
7390,0.00348243,0
7391,0.01375210,0
7392,0.00557091,0
7393,0.00208354,0
7394,0.00034910,0
7395,0.00401525,0
7396,0.00370572,0
7397,0.00216624,0
7398,0.00170942,0
7399,0.00078274,0
7400,0.00885609,0
7401,0.00179442,0
7402,0.00342500,0
7403,0.03331493,0
7404,0.03886636,0
7405,0.01959718,0
7406,0.00394530,0
7407,0.00145501,0
7408,0.00154708,0
7409,0.00220668,0
7410,0.00039413,0
7411,0.00899747,0
7412,0.00330300,0
7413,0.01367320,0
7414,0.00560707,0
7415,0.00219131,0
7416,0.00033790,0
7417,0.00409086,0
7418,0.00387759,0
7419,0.00193298,0
7420,0.00168727,0
7421,0.00079957,0
7422,0.00867594,0
7423,0.00182031,0
7424,0.00352430,0
7425,0.03466001,0
7426,0.03759640,0
7427,0.02032191,0
7428,0.00391190,0
7429,0.00142974,0
7430,0.00147816,0
7431,0.00236423,0
7432,0.00038074,0
7433,0.00877334,0
7434,0.00315577,0
7435,0.01306770,0
7436,0.00608493,0
7437,0.00223103,0
7438,0.00034020,0
7439,0.00417946,0
7440,0.00392667,0
7441,0.00159033,0
7442,0.00170630,0
7443,0.00079837,0
7444,0.00857503,0
7445,0.00180028,0
7446,0.00343627,0
7447,0.03292814,0
7448,0.03992398,0
7449,0.02085046,0
7450,0.00411223,0
7451,0.00137382,0
7452,0.00146323,0
7453,0.00213649,0
7454,0.00039997,0
7455,0.00909381,0
7456,0.00316979,0
7457,0.01324621,0
7458,0.00558762,0
7459,0.00204421,0
7460,0.00032657,0
7461,0.00404594,0
7462,0.00396157,0
7463,0.00227426,0
7464,0.00167973,0
7465,0.00077426,0
7466,0.00823412,0
7467,0.00172462,0
7468,0.00360570,0
7469,0.03366124,0
7470,0.03708687,0
7471,0.02087435,0
7472,0.00392037,0
7473,0.00143200,0
7474,0.00145297,0
7475,0.00227821,0
7476,0.00038424,0
7477,0.00857316,0
7478,0.00311592,0
7479,0.01378662,0
7480,0.00566445,0
7481,0.00206023,0
7482,0.00031963,0
7483,0.00399068,0
7484,0.00360960,0
7485,0.00153926,0
7486,0.00174368,0
7487,0.00075255,0
7488,0.00838429,0
7489,0.00167234,0
7490,0.00356284,0
7491,0.03307678,0
7492,0.03782948,0
7493,0.02037091,0
7494,0.00399554,0
7495,0.00138789,0
7496,0.00147408,0
7497,0.00220739,0
7498,0.00038308,0
7499,0.00887483,0
7500,0.00321917,0
7501,0.01277000,0
7502,0.00560231,0
7503,0.00212431,0
7504,0.00033569,0
7505,0.00409848,0
7506,0.00367086,0
7507,0.00185695,0
7508,0.00168412,0
7509,0.00073083,0
7510,0.00829973,0
7511,0.00168327,0
7512,0.00353263,0
7513,0.03334222,0
7514,0.03627198,0
7515,0.01936317,0
7516,0.00392233,0
7517,0.00133633,0
7518,0.00148773,0
7519,0.00225498,0
7520,0.00037830,0
7521,0.00904657,0
7522,0.00320840,0
7523,0.01295084,0
7524,0.00553406,0
7525,0.00213874,0
7526,0.00034734,0
7527,0.00401304,0
7528,0.00348149,0
7529,0.00164312,0
7530,0.00165376,0
7531,0.00075794,0
7532,0.00834412,0
7533,0.00170176,0
7534,0.00362351,0
7535,0.03412741,0
7536,0.03838492,0
7537,0.02106714,0
7538,0.00400701,0
7539,0.00137807,0
7540,0.00144250,0
7541,0.00225100,0
7542,0.00039880,0
7543,0.00927171,0
7544,0.00337674,0
7545,0.01363802,0
7546,0.00570515,0
7547,0.00213581,0
7548,0.00032759,0
7549,0.00416603,0
7550,0.00375498,0
7551,0.00325781,0
7552,0.00161611,0
7553,0.00075028,0
7554,0.00891382,0
7555,0.00181127,0
7556,0.00349527,0
7557,0.03338450,0
7558,0.03455563,0
7559,0.01975020,0
7560,0.00395470,0
7561,0.00140714,0
7562,0.00143667,0
7563,0.00217671,0
7564,0.00041049,0
7565,0.00923476,0
7566,0.00329950,0
7567,0.01301135,0
7568,0.00535259,0
7569,0.00206851,0
7570,0.00035094,0
7571,0.00410551,0
7572,0.00377524,0
7573,0.00276162,0
7574,0.00171869,0
7575,0.00066348,0
7576,0.00830773,0
7577,0.00163342,0
7578,0.00366681,0
7579,0.03280153,0
7580,0.03958449,0
7581,0.01996636,0
7582,0.00408894,0
7583,0.00142931,0
7584,0.00154397,0
7585,0.00228666,0
7586,0.00039958,0
7587,0.00879129,0
7588,0.00328388,0
7589,0.01333392,0
7590,0.00580877,0
7591,0.00201638,0
7592,0.00033885,0
7593,0.00404058,0
7594,0.00368334,0
7595,0.00318312,0
7596,0.00169925,0
7597,0.00072041,0
7598,0.00777399,0
7599,0.00165613,0
7600,0.00376047,0
7601,0.03318080,0
7602,0.03603649,0
7603,0.02125005,0
7604,0.00405605,0
7605,0.00130424,0
7606,0.00142028,0
7607,0.00213301,0
7608,0.00038324,0
7609,0.00901315,0
7610,0.00329168,0
7611,0.01305269,0
7612,0.00569047,0
7613,0.00200148,0
7614,0.00031773,0
7615,0.00396075,0
7616,0.00379457,0
7617,0.00291079,0
7618,0.00171391,0
7619,0.00071667,0
7620,0.00844773,0
7621,0.00170468,0
7622,0.00342846,0
7623,0.03204164,0
7624,0.03792071,0
7625,0.01955269,0
7626,0.00400248,0
7627,0.00142814,0
7628,0.00143691,0
7629,0.00206346,0
7630,0.00041672,0
7631,0.00900700,0
7632,0.00333601,0
7633,0.01280585,0
7634,0.00567816,0
7635,0.00216972,0
7636,0.00032811,0
7637,0.00400355,0
7638,0.00350499,0
7639,0.00355649,0
7640,0.00163756,0
7641,0.00069988,0
7642,0.00849224,0
7643,0.00168938,0
7644,0.00357356,0
7645,0.03505519,0
7646,0.03683908,0
7647,0.02177208,0
7648,0.00457113,0
7649,0.00139903,0
7650,0.00147971,0
7651,0.00209315,0
7652,0.00039913,0
7653,0.00883736,0
7654,0.00365395,0
7655,0.01291612,0
7656,0.00554637,0
7657,0.00202172,0
7658,0.00032148,0
7659,0.00390113,0
7660,0.00367264,0
7661,0.00251834,0
7662,0.00168748,0
7663,0.00072091,0
7664,0.00831640,0
7665,0.00161741,0
7666,0.00359631,0
7667,0.03397297,0
7668,0.03708753,0
7669,0.02184519,0
7670,0.00403284,0
7671,0.00143084,0
7672,0.00138156,0
7673,0.00211452,0
7674,0.00040285,0
7675,0.00929213,0
7676,0.00339393,0
7677,0.01273019,0
7678,0.00533195,0
7679,0.00218339,0
7680,0.00032872,0
7681,0.00395886,0
7682,0.00361909,0
7683,0.00232861,0
7684,0.00172766,0
7685,0.00075892,0
7686,0.00824138,0
7687,0.00179001,0
7688,0.00358664,0
7689,0.03440214,0
7690,0.03674011,0
7691,0.02120607,0
7692,0.00397201,0
7693,0.00137534,0
7694,0.00142743,0
7695,0.00207264,0
7696,0.00037863,0
7697,0.00899511,0
7698,0.00370639,0
7699,0.01277950,0
7700,0.00541510,0
7701,0.00195623,0
7702,0.00032025,0
7703,0.00408769,0
7704,0.00374199,0
7705,0.00220676,0
7706,0.00165645,0
7707,0.00078323,0
7708,0.00853031,0
7709,0.00179645,0
7710,0.00354541,0
7711,0.03341614,0
7712,0.03601393,0
7713,0.02231037,0
7714,0.00426637,0
7715,0.00139879,0
7716,0.00144933,0
7717,0.00221894,0
7718,0.00037551,0
7719,0.00904559,0
7720,0.00356538,0
7721,0.01324222,0
7722,0.00549313,0
7723,0.00216007,0
7724,0.00031228,0
7725,0.00403163,0
7726,0.00381961,0
7727,0.00334423,0
7728,0.00176120,0
7729,0.00076280,0
7730,0.00924906,0
7731,0.00178544,0
7732,0.00360207,0
7733,0.03296266,0
7734,0.03773849,0
7735,0.02131444,0
7736,0.00421562,0
7737,0.00133913,0
7738,0.00151608,0
7739,0.00222030,0
7740,0.00039956,0
7741,0.00920592,0
7742,0.00362180,0
7743,0.01335213,0
7744,0.00580221,0
7745,0.00211645,0
7746,0.00033176,0
7747,0.00418939,0
7748,0.00396597,0
7749,0.00184387,0
7750,0.00168337,0
7751,0.00079386,0
7752,0.00896949,0
7753,0.00179998,0
7754,0.00344802,0
7755,0.03202216,0
7756,0.03887655,0
7757,0.02064220,0
7758,0.00423749,0
7759,0.00133691,0
7760,0.00141629,0
7761,0.00213915,0
7762,0.00038707,0
7763,0.00902496,0
7764,0.00327168,0
7765,0.01285495,0
7766,0.00541559,0
7767,0.00203168,0
7768,0.00031708,0
7769,0.00399820,0
7770,0.00395158,0
7771,0.00205077,0
7772,0.00159663,0
7773,0.00078774,0
7774,0.00922808,0
7775,0.00162455,0
7776,0.00351844,0
7777,0.03448852,0
7778,0.03677200,0
7779,0.02244058,0
7780,0.00406767,0
7781,0.00132296,0
7782,0.00150360,0
7783,0.00212696,0
7784,0.00040483,0
7785,0.00878351,0
7786,0.00332490,0
7787,0.01250255,0
7788,0.00534666,0
7789,0.00205297,0
7790,0.00032310,0
7791,0.00405709,0
7792,0.00369690,0
7793,0.00225560,0
7794,0.00171516,0
7795,0.00078392,0
7796,0.00870266,0
7797,0.00163798,0
7798,0.00367164,0
7799,0.03463221,0
7800,0.03546824,0
7801,0.02049308,0
7802,0.00398853,0
7803,0.00136517,0
7804,0.00147393,0
7805,0.00214442,0
7806,0.00039002,0
7807,0.00922769,0
7808,0.00324847,0
7809,0.01277390,0
7810,0.00578868,0
7811,0.00208468,0
7812,0.00034150,0
7813,0.00396595,0
7814,0.00362418,0
7815,0.00150464,0
7816,0.00166476,0
7817,0.00082848,0
7818,0.00869905,0
7819,0.00174230,0
7820,0.00363189,0
7821,0.03465416,0
7822,0.03806761,0
7823,0.02047481,0
7824,0.00399106,0
7825,0.00136851,0
7826,0.00147848,0
7827,0.00215260,0
7828,0.00038064,0
7829,0.00965443,0
7830,0.00322104,0
7831,0.01303934,0
7832,0.00572165,0
7833,0.00205847,0
7834,0.00030969,0
7835,0.00411100,0
7836,0.00375323,0
7837,0.00155243,0
7838,0.00163308,0
7839,0.00080906,0
7840,0.00850440,0
7841,0.00170997,0
7842,0.00338270,0
7843,0.03442646,0
7844,0.03651843,0
7845,0.01977237,0
7846,0.00396588,0
7847,0.00136877,0
7848,0.00138862,0
7849,0.00215550,0
7850,0.00036777,0
7851,0.00900328,0
7852,0.00321118,0
7853,0.01242390,0
7854,0.00551023,0
7855,0.00201656,0
7856,0.00032246,0
7857,0.00389715,0
7858,0.00370889,0
7859,0.00171678,0
7860,0.00170625,0
7861,0.00075251,0
7862,0.00860037,0
7863,0.00169409,0
7864,0.00354681,0
7865,0.03387394,0
7866,0.03620963,0
7867,0.02101128,0
7868,0.00382322,0
7869,0.00139302,0
7870,0.00145419,0
7871,0.00215547,0
7872,0.00037608,0
7873,0.00886520,0
7874,0.00330504,0
7875,0.01304636,0
7876,0.00564169,0
7877,0.00206151,0
7878,0.00031669,0
7879,0.00379207,0
7880,0.00370229,0
7881,0.00327661,0
7882,0.00170982,0
7883,0.00080016,0
7884,0.00826725,0
7885,0.00169929,0
7886,0.00355274,0
7887,0.03366889,0
7888,0.03636412,0
7889,0.02077087,0
7890,0.00398503,0
7891,0.00145661,0
7892,0.00149598,0
7893,0.00210156,0
7894,0.00036360,0
7895,0.00883852,0
7896,0.00319666,0
7897,0.01279757,0
7898,0.00558765,0
7899,0.00200031,0
7900,0.00035315,0
7901,0.00384299,0
7902,0.00368953,0
7903,0.00347431,0
7904,0.00172627,0
7905,0.00081145,0
7906,0.00866245,0
7907,0.00168680,0
7908,0.00352230,0
7909,0.03428026,0
7910,0.03902266,0
7911,0.02041645,0
7912,0.00408526,0
7913,0.00139198,0
7914,0.00152995,0
7915,0.00205162,0
7916,0.00035926,0
7917,0.00894705,0
7918,0.00332305,0
7919,0.01295608,0
7920,0.00568367,0
7921,0.00193639,0
7922,0.00037361,0
7923,0.00389815,0
7924,0.00360884,0
7925,0.00287828,0
7926,0.00173577,0
7927,0.00081497,0
7928,0.00836159,0
7929,0.00166600,0
7930,0.00346336,0
7931,0.03395150,0
7932,0.03842393,0
7933,0.02183018,0
7934,0.00399710,0
7935,0.00141596,0
7936,0.00144321,0
7937,0.00210346,0
7938,0.00037292,0
7939,0.00888102,0
7940,0.00338024,0
7941,0.01195281,0
7942,0.00550506,0
7943,0.00200789,0
7944,0.00036577,0
7945,0.00400845,0
7946,0.00359386,0
7947,0.00260778,0
7948,0.00175713,0
7949,0.00081858,0
7950,0.00863562,0
7951,0.00164243,0
7952,0.00362660,0
7953,0.03405770,0
7954,0.03745508,0
7955,0.02058385,0
7956,0.00411268,0
7957,0.00144589,0
7958,0.00145587,0
7959,0.00210359,0
7960,0.00037843,0
7961,0.00932219,0
7962,0.00316434,0
7963,0.01318621,0
7964,0.00567025,0
7965,0.00209686,0
7966,0.00030445,0
7967,0.00371313,0
7968,0.00381408,0
7969,0.00288703,0
7970,0.00177999,0
7971,0.00084830,0
7972,0.00846604,0
7973,0.00172345,0
7974,0.00363822,0
7975,0.03208377,0
7976,0.03737825,0
7977,0.02084157,0
7978,0.00406974,0
7979,0.00146694,0
7980,0.00154119,0
7981,0.00218376,0
7982,0.00039042,0
7983,0.00910902,0
7984,0.00301791,0
7985,0.01253628,0
7986,0.00586972,0
7987,0.00209924,0
7988,0.00034691,0
7989,0.00393286,0
7990,0.00378525,0
7991,0.00563369,0
7992,0.00182284,0
7993,0.00081560,0
7994,0.00860680,0
7995,0.00173523,0
7996,0.00373762,0
7997,0.03405985,0
7998,0.03740116,0
7999,0.02011607,0
8000,0.00419973,0
8001,0.00153625,0
8002,0.00148161,0
8003,0.00219327,0
8004,0.00036849,0
8005,0.00908336,0
8006,0.00331557,0
8007,0.01247074,0
8008,0.00609311,0
8009,0.00214985,0
8010,0.00035840,0
8011,0.00390844,0
8012,0.00407995,0
8013,0.00392112,0
8014,0.00185700,0
8015,0.00085287,0
8016,0.00860263,0
8017,0.00179035,0
8018,0.00375046,0
8019,0.03518743,0
8020,0.03886492,0
8021,0.02199285,0
8022,0.00449946,0
8023,0.00141481,0
8024,0.00155867,0
8025,0.00212172,0
8026,0.00038812,0
8027,0.00943342,0
8028,0.00332162,0
8029,0.01366827,0
8030,0.00604963,0
8031,0.00214461,0
8032,0.00034304,0
8033,0.00398392,0
8034,0.00394220,0
8035,0.00288856,0
8036,0.00188745,0
8037,0.00087426,0
8038,0.00854258,0
8039,0.00174250,0
8040,0.00369053,0
8041,0.03341789,0
8042,0.03940190,0
8043,0.02092707,0
8044,0.00404222,0
8045,0.00144661,0
8046,0.00159411,0
8047,0.00217881,0
8048,0.00041005,0
8049,0.00946455,0
8050,0.00367789,0
8051,0.01331686,0
8052,0.00612788,0
8053,0.00213327,0
8054,0.00035371,0
8055,0.00398512,0
8056,0.00399445,0
8057,0.00355016,0
8058,0.00186313,0
8059,0.00083845,0
8060,0.00877240,0
8061,0.00169045,0
8062,0.00364485,0
8063,0.03402269,0
8064,0.03815918,0
8065,0.02264135,0
8066,0.00432728,0
8067,0.00141434,0
8068,0.00155371,0
8069,0.00229137,0
8070,0.00039808,0
8071,0.01005177,0
8072,0.00349249,0
8073,0.01374576,0
8074,0.00624457,0
8075,0.00221584,0
8076,0.00035211,0
8077,0.00399713,0
8078,0.00400636,0
8079,0.00214589,0
8080,0.00185828,0
8081,0.00086295,0
8082,0.00906252,0
8083,0.00185495,0
8084,0.00396653,0
8085,0.03470580,0
8086,0.04102125,0
8087,0.02153072,0
8088,0.00419030,0
8089,0.00138832,0
8090,0.00150091,0
8091,0.00234499,0
8092,0.00038750,0
8093,0.00916969,0
8094,0.00333952,0
8095,0.01409328,0
8096,0.00623576,0
8097,0.00220536,0
8098,0.00038385,0
8099,0.00388556,0
8100,0.00411952,0
8101,0.00590028,0
8102,0.00185268,0
8103,0.00094666,0
8104,0.00874224,0
8105,0.00182204,0
8106,0.00424717,0
8107,0.03599471,0
8108,0.03870657,0
8109,0.02230804,0
8110,0.00434785,0
8111,0.00147542,0
8112,0.00155529,0
8113,0.00236333,0
8114,0.00043745,0
8115,0.01017744,0
8116,0.00344827,0
8117,0.01365216,0
8118,0.00607872,0
8119,0.00214698,0
8120,0.00031290,0
8121,0.00372923,0
8122,0.00410216,0
8123,0.00379151,0
8124,0.00182904,0
8125,0.00089124,0
8126,0.00912077,0
8127,0.00179345,0
8128,0.00407694,0
8129,0.03649584,0
8130,0.03872621,0
8131,0.02073044,0
8132,0.00471962,0
8133,0.00153445,0
8134,0.00155825,0
8135,0.00235695,0
8136,0.00044684,0
8137,0.01011214,0
8138,0.00340352,0
8139,0.01306592,0
8140,0.00595936,0
8141,0.00223359,0
8142,0.00036904,0
8143,0.00379632,0
8144,0.00427977,0
8145,0.00487189,0
8146,0.00185588,0
8147,0.00087182,0
8148,0.00934228,0
8149,0.00180943,0
8150,0.00424460,0
8151,0.03613813,0
8152,0.03819135,0
8153,0.02194447,0
8154,0.00444107,0
8155,0.00153951,0
8156,0.00149015,0
8157,0.00239905,0
8158,0.00041850,0
8159,0.01019816,0
8160,0.00343897,0
8161,0.01368464,0
8162,0.00573905,0
8163,0.00227308,0
8164,0.00035727,0
8165,0.00407864,0
8166,0.00418919,0
8167,0.00182707,0
8168,0.00189062,0
8169,0.00082858,0
8170,0.00885375,0
8171,0.00180452,0
8172,0.00399818,0
8173,0.03571861,0
8174,0.03975214,0
8175,0.02068553,0
8176,0.00429313,0
8177,0.00145334,0
8178,0.00153456,0
8179,0.00238337,0
8180,0.00040395,0
8181,0.00977696,0
8182,0.00335120,0
8183,0.01335004,0
8184,0.00577088,0
8185,0.00217998,0
8186,0.00035983,0
8187,0.00407830,0
8188,0.00426754,0
8189,0.00268131,0
8190,0.00183716,0
8191,0.00087767,0
8192,0.00884638,0
8193,0.00174846,0
8194,0.00408900,0
8195,0.03536862,0
8196,0.03785327,0
8197,0.02217268,0
8198,0.00434305,0
8199,0.00138458,0
8200,0.00164238,0
8201,0.00230128,0
8202,0.00042739,0
8203,0.00960756,0
8204,0.00341781,0
8205,0.01284647,0
8206,0.00578565,0
8207,0.00220424,0
8208,0.00037307,0
8209,0.00406066,0
8210,0.00407250,0
8211,0.00359986,0
8212,0.00188900,0
8213,0.00083884,0
8214,0.00856973,0
8215,0.00177121,0
8216,0.00394069,0
8217,0.03559107,0
8218,0.03806421,0
8219,0.02192500,0
8220,0.00447283,0
8221,0.00140095,0
8222,0.00158762,0
8223,0.00238066,0
8224,0.00043735,0
8225,0.00949254,0
8226,0.00369058,0
8227,0.01305244,0
8228,0.00581035,0
8229,0.00216944,0
8230,0.00035432,0
8231,0.00409093,0
8232,0.00396430,0
8233,0.00268315,0
8234,0.00176090,0
8235,0.00083159,0
8236,0.00928922,0
8237,0.00178940,0
8238,0.00403811,0
8239,0.03496158,0
8240,0.03708499,0
8241,0.02166356,0
8242,0.00447733,0
8243,0.00133197,0
8244,0.00153841,0
8245,0.00235788,0
8246,0.00041601,0
8247,0.00952354,0
8248,0.00333753,0
8249,0.01321544,0
8250,0.00594585,0
8251,0.00222305,0
8252,0.00035225,0
8253,0.00398334,0
8254,0.00406009,0
8255,0.00224350,0
8256,0.00179391,0
8257,0.00083616,0
8258,0.00937872,0
8259,0.00181308,0
8260,0.00407755,0
8261,0.03557534,0
8262,0.03888296,0
8263,0.02183683,0
8264,0.00437790,0
8265,0.00136083,0
8266,0.00161161,0
8267,0.00234316,0
8268,0.00043330,0
8269,0.00955633,0
8270,0.00333417,0
8271,0.01339108,0
8272,0.00556163,0
8273,0.00214831,0
8274,0.00034118,0
8275,0.00402976,0
8276,0.00412165,0
8277,0.00266548,0
8278,0.00177063,0
8279,0.00082190,0
8280,0.00933193,0
8281,0.00175635,0
8282,0.00414220,0
8283,0.03569448,0
8284,0.03604851,0
8285,0.02248700,0
8286,0.00442854,0
8287,0.00143393,0
8288,0.00162459,0
8289,0.00239805,0
8290,0.00041716,0
8291,0.00990954,0
8292,0.00339433,0
8293,0.01281992,0
8294,0.00572355,0
8295,0.00220710,0
8296,0.00035390,0
8297,0.00412594,0
8298,0.00408477,0
8299,0.00429192,0
8300,0.00186748,0
8301,0.00088355,0
8302,0.00959560,0
8303,0.00175678,0
8304,0.00407352,0
8305,0.03546150,0
8306,0.03875828,0
8307,0.02320543,0
8308,0.00430437,0
8309,0.00135111,0
8310,0.00158194,0
8311,0.00242120,0
8312,0.00044163,0
8313,0.01012569,0
8314,0.00366918,0
8315,0.01278603,0
8316,0.00588389,0
8317,0.00226818,0
8318,0.00034519,0
8319,0.00402605,0
8320,0.00406396,0
8321,0.00370145,0
8322,0.00185324,0
8323,0.00088998,0
8324,0.00960105,0
8325,0.00174584,0
8326,0.00415681,0
8327,0.03704781,0
8328,0.04170942,0
8329,0.02147306,0
8330,0.00463856,0
8331,0.00135710,0
8332,0.00167277,0
8333,0.00249251,0
8334,0.00042803,0
8335,0.00973075,0
8336,0.00360200,0
8337,0.01336150,0
8338,0.00615575,0
8339,0.00224974,0
8340,0.00032753,0
8341,0.00413208,0
8342,0.00422731,0
8343,0.00169285,0
8344,0.00175179,0
8345,0.00080377,0
8346,0.00899324,0
8347,0.00184076,0
8348,0.00402815,0
8349,0.03638787,0
8350,0.04129152,0
8351,0.02272564,0
8352,0.00441407,0
8353,0.00140222,0
8354,0.00161760,0
8355,0.00236125,0
8356,0.00042376,0
8357,0.00947012,0
8358,0.00361441,0
8359,0.01379508,0
8360,0.00572928,0
8361,0.00232870,0
8362,0.00030928,0
8363,0.00402729,0
8364,0.00424073,0
8365,0.00214362,0
8366,0.00190034,0
8367,0.00083989,0
8368,0.00976629,0
8369,0.00192832,0
8370,0.00405725,0
8371,0.03553620,0
8372,0.03988521,0
8373,0.02166013,0
8374,0.00450127,0
8375,0.00132232,0
8376,0.00157230,0
8377,0.00238486,0
8378,0.00045059,0
8379,0.00999778,0
8380,0.00355526,0
8381,0.01387442,0
8382,0.00581438,0
8383,0.00217409,0
8384,0.00031056,0
8385,0.00406769,0
8386,0.00413333,0
8387,0.00329914,0
8388,0.00193576,0
8389,0.00089778,0
8390,0.00948132,0
8391,0.00185842,0
8392,0.00390272,0
8393,0.03605495,0
8394,0.03760598,0
8395,0.02126383,0
8396,0.00427116,0
8397,0.00138976,0
8398,0.00156778,0
8399,0.00228666,0
8400,0.00042964,0
8401,0.00995168,0
8402,0.00351393,0
8403,0.01314300,0
8404,0.00596114,0
8405,0.00217744,0
8406,0.00034495,0
8407,0.00412615,0
8408,0.00419931,0
8409,0.00312048,0
8410,0.00194155,0
8411,0.00090236,0
8412,0.01012124,0
8413,0.00180555,0
8414,0.00383340,0
8415,0.03463971,0
8416,0.04037077,0
8417,0.02306233,0
8418,0.00460341,0
8419,0.00137014,0
8420,0.00163674,0
8421,0.00239361,0
8422,0.00044429,0
8423,0.00990570,0
8424,0.00355475,0
8425,0.01351271,0
8426,0.00619994,0
8427,0.00225095,0
8428,0.00035537,0
8429,0.00398355,0
8430,0.00435437,0
8431,0.00293514,0
8432,0.00179737,0
8433,0.00089555,0
8434,0.00954632,0
8435,0.00168462,0
8436,0.00386524,0
8437,0.03448076,0
8438,0.03944919,0
8439,0.02143438,0
8440,0.00432886,0
8441,0.00138698,0
8442,0.00159982,0
8443,0.00244888,0
8444,0.00041087,0
8445,0.01010885,0
8446,0.00345940,0
8447,0.01304786,0
8448,0.00593379,0
8449,0.00211128,0
8450,0.00031385,0
8451,0.00398119,0
8452,0.00438197,0
8453,0.00139133,0
8454,0.00185818,0
8455,0.00083950,0
8456,0.00951265,0
8457,0.00174787,0
8458,0.00370311,0
8459,0.03571089,0
8460,0.03923762,0
8461,0.02204600,0
8462,0.00447305,0
8463,0.00142265,0
8464,0.00154061,0
8465,0.00234490,0
8466,0.00044326,0
8467,0.00983220,0
8468,0.00363220,0
8469,0.01407945,0
8470,0.00598802,0
8471,0.00222820,0
8472,0.00031964,0
8473,0.00410177,0
8474,0.00407776,0
8475,0.00233384,0
8476,0.00184139,0
8477,0.00082984,0
8478,0.00925599,0
8479,0.00179436,0
8480,0.00388107,0
8481,0.03489293,0
8482,0.03769543,0
8483,0.02248065,0
8484,0.00447679,0
8485,0.00146407,0
8486,0.00161696,0
8487,0.00243098,0
8488,0.00045082,0
8489,0.00980968,0
8490,0.00326415,0
8491,0.01362311,0
8492,0.00592630,0
8493,0.00207825,0
8494,0.00033304,0
8495,0.00429376,0
8496,0.00415725,0
8497,0.00170031,0
8498,0.00179509,0
8499,0.00085716,0
8500,0.00923967,0
8501,0.00179955,0
8502,0.00384656,0
8503,0.03362054,0
8504,0.04004770,0
8505,0.02172396,0
8506,0.00418529,0
8507,0.00145101,0
8508,0.00164190,0
8509,0.00253250,0
8510,0.00041698,0
8511,0.00982662,0
8512,0.00347477,0
8513,0.01324487,0
8514,0.00609573,0
8515,0.00217057,0
8516,0.00033539,0
8517,0.00399532,0
8518,0.00424467,0
8519,0.00295820,0
8520,0.00183115,0
8521,0.00086716,0
8522,0.00916538,0
8523,0.00177461,0
8524,0.00382048,0
8525,0.03373214,0
8526,0.04212894,0
8527,0.02242793,0
8528,0.00463505,0
8529,0.00140921,0
8530,0.00158595,0
8531,0.00249808,0
8532,0.00041264,0
8533,0.00945547,0
8534,0.00335606,0
8535,0.01278976,0
8536,0.00583261,0
8537,0.00209149,0
8538,0.00033716,0
8539,0.00397079,0
8540,0.00412835,0
8541,0.00264462,0
8542,0.00183178,0
8543,0.00083039,0
8544,0.00893357,0
8545,0.00176670,0
8546,0.00390628,0
8547,0.03400382,0
8548,0.03864758,0
8549,0.02164047,0
8550,0.00472622,0
8551,0.00142714,0
8552,0.00152119,0
8553,0.00245651,0
8554,0.00041695,0
8555,0.00988842,0
8556,0.00351489,0
8557,0.01437503,0
8558,0.00604257,0
8559,0.00223816,0
8560,0.00033593,0
8561,0.00407118,0
8562,0.00428982,0
8563,0.00228388,0
8564,0.00180142,0
8565,0.00084522,0
8566,0.00902346,0
8567,0.00174937,0
8568,0.00377767,0
8569,0.03384895,0
8570,0.03855371,0
8571,0.02215669,0
8572,0.00452870,0
8573,0.00140201,0
8574,0.00155617,0
8575,0.00247884,0
8576,0.00038866,0
8577,0.00967767,0
8578,0.00357846,0
8579,0.01261786,0
8580,0.00629191,0
8581,0.00205814,0
8582,0.00035968,0
8583,0.00395378,0
8584,0.00417633,0
8585,0.00182228,0
8586,0.00176154,0
8587,0.00084322,0
8588,0.00896214,0
8589,0.00182010,0
8590,0.00376251,0
8591,0.03330221,0
8592,0.03661546,0
8593,0.02223649,0
8594,0.00459447,0
8595,0.00136903,0
8596,0.00151960,0
8597,0.00231572,0
8598,0.00041630,0
8599,0.00968819,0
8600,0.00345976,0
8601,0.01338339,0
8602,0.00591597,0
8603,0.00208207,0
8604,0.00040173,0
8605,0.00420172,0
8606,0.00417174,0
8607,0.00390985,0
8608,0.00176529,0
8609,0.00088177,0
8610,0.00909771,0
8611,0.00179038,0
8612,0.00354619,0
8613,0.03657180,0
8614,0.03889467,0
8615,0.02227951,0
8616,0.00433947,0
8617,0.00142827,0
8618,0.00154689,0
8619,0.00229769,0
8620,0.00038724,0
8621,0.00899277,0
8622,0.00338540,0
8623,0.01339635,0
8624,0.00584154,0
8625,0.00215231,0
8626,0.00035666,0
8627,0.00397253,0
8628,0.00373715,0
8629,0.00264861,0
8630,0.00179390,0
8631,0.00085455,0
8632,0.00855393,0
8633,0.00169989,0
8634,0.00365378,0
8635,0.03462313,0
8636,0.03846705,0
8637,0.02179512,0
8638,0.00467692,0
8639,0.00143311,0
8640,0.00147304,0
8641,0.00236038,0
8642,0.00039022,0
8643,0.00984355,0
8644,0.00332222,0
8645,0.01364519,0
8646,0.00613816,0
8647,0.00207661,0
8648,0.00036150,0
8649,0.00390597,0
8650,0.00424393,0
8651,0.00407506,0
8652,0.00184380,0
8653,0.00086851,0
8654,0.00898250,0
8655,0.00181841,0
8656,0.00327945,0
8657,0.03296351,0
8658,0.03990998,0
8659,0.02236572,0
8660,0.00463012,0
8661,0.00143554,0
8662,0.00146318,0
8663,0.00237234,0
8664,0.00037506,0
8665,0.00934453,0
8666,0.00367075,0
8667,0.01311986,0
8668,0.00594970,0
8669,0.00207640,0
8670,0.00038316,0
8671,0.00389679,0
8672,0.00403226,0
8673,0.00233453,0
8674,0.00178864,0
8675,0.00095022,0
8676,0.00937137,0
8677,0.00172092,0
8678,0.00356794,0
8679,0.03187713,0
8680,0.04074385,0
8681,0.02214094,0
8682,0.00465210,0
8683,0.00145485,0
8684,0.00141574,0
8685,0.00228083,0
8686,0.00037836,0
8687,0.00976590,0
8688,0.00377401,0
8689,0.01358097,0
8690,0.00609290,0
8691,0.00206288,0
8692,0.00039044,0
8693,0.00399273,0
8694,0.00397773,0
8695,0.00295040,0
8696,0.00178551,0
8697,0.00090922,0
8698,0.00881240,0
8699,0.00178339,0
8700,0.00358081,0
8701,0.03266307,0
8702,0.04025958,0
8703,0.02351792,0
8704,0.00451819,0
8705,0.00157094,0
8706,0.00150178,0
8707,0.00235368,0
8708,0.00039766,0
8709,0.00935415,0
8710,0.00394020,0
8711,0.01366843,0
8712,0.00588788,0
8713,0.00205616,0
8714,0.00043272,0
8715,0.00390650,0
8716,0.00416447,0
8717,0.00299902,0
8718,0.00188411,0
8719,0.00093124,0
8720,0.00870483,0
8721,0.00178342,0
8722,0.00355407,0
8723,0.03213089,0
8724,0.03854157,0
8725,0.02198967,0
8726,0.00443582,0
8727,0.00144161,0
8728,0.00142865,0
8729,0.00219851,0
8730,0.00038746,0
8731,0.00976304,0
8732,0.00382555,0
8733,0.01348944,0
8734,0.00598268,0
8735,0.00205327,0
8736,0.00042714,0
8737,0.00386202,0
8738,0.00433008,0
8739,0.00240950,0
8740,0.00175168,0
8741,0.00089063,0
8742,0.00900506,0
8743,0.00185804,0
8744,0.00357772,0
8745,0.03401004,0
8746,0.03892564,0
8747,0.02178281,0
8748,0.00434652,0
8749,0.00137637,0
8750,0.00151143,0
8751,0.00221859,0
8752,0.00038690,0
8753,0.00926258,0
8754,0.00402809,0
8755,0.01366915,0
8756,0.00583204,0
8757,0.00207474,0
8758,0.00037286,0
8759,0.00393081,0
8760,0.00422167,0
8761,0.00169392,0
8762,0.00186603,0
8763,0.00086617,0
8764,0.00815371,0
8765,0.00179962,0
8766,0.00360274,0
8767,0.03360355,0
8768,0.03735158,0
8769,0.02165471,0
8770,0.00484229,0
8771,0.00146163,0
8772,0.00147685,0
8773,0.00218165,0
8774,0.00037554,0
8775,0.00939698,0
8776,0.00356288,0
8777,0.01342161,0
8778,0.00599411,0
8779,0.00205382,0
8780,0.00040177,0
8781,0.00395996,0
8782,0.00427914,0
8783,0.00375150,0
8784,0.00184385,0
8785,0.00085378,0
8786,0.00909034,0
8787,0.00183236,0
8788,0.00349445,0
8789,0.03291130,0
8790,0.03786669,0
8791,0.02166510,0
8792,0.00499674,0
8793,0.00149575,0
8794,0.00160802,0
8795,0.00247992,0
8796,0.00038460,0
8797,0.01034457,0
8798,0.00375694,0
8799,0.01254230,0
8800,0.00621726,0
8801,0.00218622,0
8802,0.00039298,0
8803,0.00393275,0
8804,0.00424396,0
8805,0.00453896,0
8806,0.00196276,0
8807,0.00093791,0
8808,0.00952241,0
8809,0.00183765,0
8810,0.00360685,0
8811,0.03520696,0
8812,0.03970157,0
8813,0.02257866,0
8814,0.00503731,0
8815,0.00147940,0
8816,0.00156516,0
8817,0.00234307,0
8818,0.00041228,0
8819,0.01031354,0
8820,0.00375959,0
8821,0.01368692,0
8822,0.00645714,0
8823,0.00216316,0
8824,0.00036322,0
8825,0.00419621,0
8826,0.00433467,0
8827,0.00533684,0
8828,0.00194698,0
8829,0.00092405,0
8830,0.00890981,0
8831,0.00185151,0
8832,0.00362767,0
8833,0.03389835,0
8834,0.03920693,0
8835,0.02192459,0
8836,0.00484244,0
8837,0.00153875,0
8838,0.00147041,0
8839,0.00235006,0
8840,0.00043886,0
8841,0.01021895,0
8842,0.00386057,0
8843,0.01421967,0
8844,0.00602696,0
8845,0.00222559,0
8846,0.00035734,0
8847,0.00425597,0
8848,0.00441088,0
8849,0.00221662,0
8850,0.00189438,0
8851,0.00090359,0
8852,0.00961510,0
8853,0.00189549,0
8854,0.00359870,0
8855,0.03394342,0
8856,0.03771579,0
8857,0.02281934,0
8858,0.00519899,0
8859,0.00142557,0
8860,0.00152404,0
8861,0.00235526,0
8862,0.00040969,0
8863,0.00977469,0
8864,0.00385046,0
8865,0.01320443,0
8866,0.00594422,0
8867,0.00221601,0
8868,0.00035157,0
8869,0.00426463,0
8870,0.00444124,0
8871,0.00220073,0
8872,0.00200881,0
8873,0.00088908,0
8874,0.00956629,0
8875,0.00190664,0
8876,0.00370655,0
8877,0.03579093,0
8878,0.04049898,0
8879,0.02172672,0
8880,0.00480410,0
8881,0.00135247,0
8882,0.00147642,0
8883,0.00246042,0
8884,0.00041317,0
8885,0.01016288,0
8886,0.00394603,0
8887,0.01377095,0
8888,0.00594462,0
8889,0.00223967,0
8890,0.00039805,0
8891,0.00423391,0
8892,0.00450309,0
8893,0.00316825,0
8894,0.00192302,0
8895,0.00089186,0
8896,0.00983864,0
8897,0.00187141,0
8898,0.00386071,0
8899,0.03497290,0
8900,0.03947273,0
8901,0.02243360,0
8902,0.00506369,0
8903,0.00140154,0
8904,0.00158387,0
8905,0.00242973,0
8906,0.00041094,0
8907,0.01057344,0
8908,0.00379221,0
8909,0.01336506,0
8910,0.00628179,0
8911,0.00226800,0
8912,0.00033659,0
8913,0.00407394,0
8914,0.00452984,0
8915,0.00267635,0
8916,0.00186977,0
8917,0.00087333,0
8918,0.00941549,0
8919,0.00185185,0
8920,0.00364138,0
8921,0.03528821,0
8922,0.03910773,0
8923,0.02204500,0
8924,0.00469840,0
8925,0.00144672,0
8926,0.00149612,0
8927,0.00239958,0
8928,0.00040587,0
8929,0.00986849,0
8930,0.00379368,0
8931,0.01437582,0
8932,0.00611579,0
8933,0.00232098,0
8934,0.00034457,0
8935,0.00411376,0
8936,0.00438792,0
8937,0.00229590,0
8938,0.00188817,0
8939,0.00093429,0
8940,0.00977137,0
8941,0.00192002,0
8942,0.00394600,0
8943,0.03571719,0
8944,0.04174222,0
8945,0.02298650,0
8946,0.00460806,0
8947,0.00137263,0
8948,0.00160050,0
8949,0.00241977,0
8950,0.00042156,0
8951,0.01002705,0
8952,0.00364539,0
8953,0.01420233,0
8954,0.00602813,0
8955,0.00227887,0
8956,0.00033658,0
8957,0.00421768,0
8958,0.00456905,0
8959,0.00150981,0
8960,0.00197032,0
8961,0.00086232,0
8962,0.00975392,0
8963,0.00180146,0
8964,0.00381890,0
8965,0.03740565,0
8966,0.03762565,0
8967,0.02222667,0
8968,0.00440908,0
8969,0.00137089,0
8970,0.00151337,0
8971,0.00237139,0
8972,0.00041285,0
8973,0.00977240,0
8974,0.00365230,0
8975,0.01508106,0
8976,0.00633580,0
8977,0.00234410,0
8978,0.00034018,0
8979,0.00408867,0
8980,0.00470382,0
8981,0.00160346,0
8982,0.00185616,0
8983,0.00092402,0
8984,0.00965597,0
8985,0.00199459,0
8986,0.00389687,0
8987,0.03360078,0
8988,0.03671878,0
8989,0.02273148,0
8990,0.00452980,0
8991,0.00138202,0
8992,0.00155045,0
8993,0.00254340,0
8994,0.00043150,0
8995,0.01031450,0
8996,0.00364325,0
8997,0.01467831,0
8998,0.00604771,0
8999,0.00221961,0
9000,0.00032609,0
9001,0.00434923,0
9002,0.00438384,0
9003,0.00162402,0
9004,0.00192424,0
9005,0.00086300,0
9006,0.01037156,0
9007,0.00186980,0
9008,0.00387559,0
9009,0.03549440,0
9010,0.03914947,0
9011,0.02119602,0
9012,0.00459862,0
9013,0.00137452,0
9014,0.00153833,0
9015,0.00241362,0
9016,0.00043214,0
9017,0.01038067,0
9018,0.00365666,0
9019,0.01346747,0
9020,0.00609982,0
9021,0.00218782,0
9022,0.00035838,0
9023,0.00420203,0
9024,0.00426225,0
9025,0.00187934,0
9026,0.00184561,0
9027,0.00085881,0
9028,0.00933771,0
9029,0.00186080,0
9030,0.00389145,0
9031,0.03454907,0
9032,0.03922015,0
9033,0.02230278,0
9034,0.00423970,0
9035,0.00141559,0
9036,0.00159813,0
9037,0.00241772,0
9038,0.00041976,0
9039,0.00986401,0
9040,0.00381674,0
9041,0.01400862,0
9042,0.00592837,0
9043,0.00218277,0
9044,0.00032096,0
9045,0.00408001,0
9046,0.00425933,0
9047,0.00301860,0
9048,0.00189541,0
9049,0.00089144,0
9050,0.00979080,0
9051,0.00180673,0
9052,0.00384395,0
9053,0.03561061,0
9054,0.03887152,0
9055,0.02079775,0
9056,0.00430994,0
9057,0.00142333,0
9058,0.00152008,0
9059,0.00247234,0
9060,0.00040752,0
9061,0.00940819,0
9062,0.00354802,0
9063,0.01371587,0
9064,0.00533725,0
9065,0.00210015,0
9066,0.00033541,0
9067,0.00410003,0
9068,0.00398254,0
9069,0.00189068,0
9070,0.00183089,0
9071,0.00088958,0
9072,0.00954096,0
9073,0.00180250,0
9074,0.00357193,0
9075,0.03556483,0
9076,0.03713432,0
9077,0.02119009,0
9078,0.00421691,0
9079,0.00147788,0
9080,0.00147130,0
9081,0.00243290,0
9082,0.00041881,0
9083,0.00947850,0
9084,0.00351360,0
9085,0.01370936,0
9086,0.00593589,0
9087,0.00214383,0
9088,0.00032746,0
9089,0.00423015,0
9090,0.00434234,0
9091,0.00257613,0
9092,0.00184377,0
9093,0.00084925,0
9094,0.00943822,0
9095,0.00180333,0
9096,0.00360768,0
9097,0.03503505,0
9098,0.04218488,0
9099,0.02210935,0
9100,0.00440047,0
9101,0.00148147,0
9102,0.00149338,0
9103,0.00251698,0
9104,0.00044001,0
9105,0.00976057,0
9106,0.00371730,0
9107,0.01355186,0
9108,0.00591246,0
9109,0.00223787,0
9110,0.00037852,0
9111,0.00402939,0
9112,0.00416587,0
9113,0.00254804,0
9114,0.00191945,0
9115,0.00083164,0
9116,0.00971636,0
9117,0.00183872,0
9118,0.00377861,0
9119,0.03505527,0
9120,0.03999206,0
9121,0.02130297,0
9122,0.00448618,0
9123,0.00145973,0
9124,0.00164715,0
9125,0.00243563,0
9126,0.00041199,0
9127,0.00984594,0
9128,0.00352773,0
9129,0.01298664,0
9130,0.00626280,0
9131,0.00211517,0
9132,0.00037334,0
9133,0.00408200,0
9134,0.00442368,0
9135,0.00189161,0
9136,0.00187395,0
9137,0.00093085,0
9138,0.01014102,0
9139,0.00178046,0
9140,0.00397689,0
9141,0.03569745,0
9142,0.03835363,0
9143,0.02185238,0
9144,0.00424924,0
9145,0.00148296,0
9146,0.00142526,0
9147,0.00246249,0
9148,0.00042711,0
9149,0.00949072,0
9150,0.00353453,0
9151,0.01390218,0
9152,0.00580101,0
9153,0.00209358,0
9154,0.00037062,0
9155,0.00382607,0
9156,0.00447366,0
9157,0.00204421,0
9158,0.00179434,0
9159,0.00088844,0
9160,0.01012703,0
9161,0.00189903,0
9162,0.00372505,0
9163,0.03565942,0
9164,0.03885083,0
9165,0.02214405,0
9166,0.00448360,0
9167,0.00149739,0
9168,0.00156721,0
9169,0.00257523,0
9170,0.00042995,0
9171,0.00986145,0
9172,0.00336294,0
9173,0.01446253,0
9174,0.00584187,0
9175,0.00218200,0
9176,0.00033545,0
9177,0.00429299,0
9178,0.00456143,0
9179,0.00209245,0
9180,0.00190965,0
9181,0.00083732,0
9182,0.00974290,0
9183,0.00181020,0
9184,0.00375805,0
9185,0.03488912,0
9186,0.03939820,0
9187,0.02227420,0
9188,0.00440838,0
9189,0.00155682,0
9190,0.00150011,0
9191,0.00258409,0
9192,0.00041485,0
9193,0.01030989,0
9194,0.00354602,0
9195,0.01355077,0
9196,0.00617768,0
9197,0.00204344,0
9198,0.00038593,0
9199,0.00417650,0
9200,0.00435357,0
9201,0.00336805,0
9202,0.00188117,0
9203,0.00085864,0
9204,0.00952797,0
9205,0.00183065,0
9206,0.00369111,0
9207,0.03546818,0
9208,0.03808570,0
9209,0.02405402,0
9210,0.00475001,0
9211,0.00147781,0
9212,0.00160601,0
9213,0.00256678,0
9214,0.00041695,0
9215,0.01022884,0
9216,0.00362632,0
9217,0.01416958,0
9218,0.00589394,0
9219,0.00216744,0
9220,0.00038253,0
9221,0.00404086,0
9222,0.00401253,0
9223,0.00242572,0
9224,0.00191310,0
9225,0.00085954,0
9226,0.00976578,0
9227,0.00191088,0
9228,0.00387665,0
9229,0.03457882,0
9230,0.03931029,0
9231,0.02241920,0
9232,0.00449586,0
9233,0.00149215,0
9234,0.00155150,0
9235,0.00240774,0
9236,0.00041544,0
9237,0.00942614,0
9238,0.00362816,0
9239,0.01407421,0
9240,0.00604346,0
9241,0.00221401,0
9242,0.00038696,0
9243,0.00420701,0
9244,0.00438316,0
9245,0.00254160,0
9246,0.00185158,0
9247,0.00092230,0
9248,0.00950291,0
9249,0.00195570,0
9250,0.00382719,0
9251,0.03410295,0
9252,0.04039487,0
9253,0.02207364,0
9254,0.00454078,0
9255,0.00145077,0
9256,0.00155156,0
9257,0.00238738,0
9258,0.00041138,0
9259,0.01082544,0
9260,0.00345350,0
9261,0.01362956,0
9262,0.00597797,0
9263,0.00218724,0
9264,0.00037408,0
9265,0.00425974,0
9266,0.00443251,0
9267,0.00187083,0
9268,0.00187097,0
9269,0.00087642,0
9270,0.00906161,0
9271,0.00189583,0
9272,0.00390613,0
9273,0.03589375,0
9274,0.04221509,0
9275,0.02253579,0
9276,0.00465611,0
9277,0.00145178,0
9278,0.00154407,0
9279,0.00239380,0
9280,0.00044060,0
9281,0.00981561,0
9282,0.00362772,0
9283,0.01412461,0
9284,0.00630962,0
9285,0.00216548,0
9286,0.00039561,0
9287,0.00419052,0
9288,0.00446267,0
9289,0.00262508,0
9290,0.00186008,0
9291,0.00086774,0
9292,0.00938034,0
9293,0.00186358,0
9294,0.00357190,0
9295,0.03503598,0
9296,0.03940684,0
9297,0.02298863,0
9298,0.00462007,0
9299,0.00146638,0
9300,0.00151239,0
9301,0.00267622,0
9302,0.00043066,0
9303,0.01001271,0
9304,0.00346287,0
9305,0.01456808,0
9306,0.00605448,0
9307,0.00217484,0
9308,0.00036162,0
9309,0.00420469,0
9310,0.00437555,0
9311,0.00261738,0
9312,0.00186692,0
9313,0.00087343,0
9314,0.00918993,0
9315,0.00195783,0
9316,0.00364657,0
9317,0.03497910,0
9318,0.03946890,0
9319,0.02118577,0
9320,0.00478238,0
9321,0.00149849,0
9322,0.00161485,0
9323,0.00243028,0
9324,0.00040903,0
9325,0.00954663,0
9326,0.00349047,0
9327,0.01359421,0
9328,0.00623185,0
9329,0.00215185,0
9330,0.00039597,0
9331,0.00424324,0
9332,0.00434307,0
9333,0.00249125,0
9334,0.00184893,0
9335,0.00086049,0
9336,0.00931116,0
9337,0.00185082,0
9338,0.00340454,0
9339,0.03450160,0
9340,0.04116395,0
9341,0.02218924,0
9342,0.00438642,0
9343,0.00142952,0
9344,0.00154162,0
9345,0.00243711,0
9346,0.00041103,0
9347,0.01008773,0
9348,0.00337420,0
9349,0.01445448,0
9350,0.00634769,0
9351,0.00222487,0
9352,0.00039477,0
9353,0.00424729,0
9354,0.00443719,0
9355,0.00250442,0
9356,0.00186773,0
9357,0.00090001,0
9358,0.00894081,0
9359,0.00188595,0
9360,0.00362351,0
9361,0.03365645,0
9362,0.04076896,0
9363,0.02159944,0
9364,0.00460640,0
9365,0.00149952,0
9366,0.00150187,0
9367,0.00240261,0
9368,0.00039701,0
9369,0.01047544,0
9370,0.00363007,0
9371,0.01397268,0
9372,0.00575411,0
9373,0.00221991,0
9374,0.00041679,0
9375,0.00418323,0
9376,0.00441672,0
9377,0.00178035,0
9378,0.00176692,0
9379,0.00084351,0
9380,0.00838216,0
9381,0.00177685,0
9382,0.00366951,0
9383,0.03437424,0
9384,0.04045688,0
9385,0.02187269,0
9386,0.00451593,0
9387,0.00140751,0
9388,0.00155788,0
9389,0.00233209,0
9390,0.00041995,0
9391,0.00949513,0
9392,0.00345384,0
9393,0.01343043,0
9394,0.00583609,0
9395,0.00215884,0
9396,0.00038255,0
9397,0.00405232,0
9398,0.00436930,0
9399,0.00202390,0
9400,0.00180116,0
9401,0.00083727,0
9402,0.00863037,0
9403,0.00193556,0
9404,0.00374254,0
9405,0.03310424,0
9406,0.03702521,0
9407,0.02264092,0
9408,0.00487138,0
9409,0.00140410,0
9410,0.00155052,0
9411,0.00232709,0
9412,0.00040381,0
9413,0.00985586,0
9414,0.00327193,0
9415,0.01322283,0
9416,0.00604625,0
9417,0.00210232,0
9418,0.00038176,0
9419,0.00411551,0
9420,0.00411131,0
9421,0.00205372,0
9422,0.00172815,0
9423,0.00085711,0
9424,0.00835363,0
9425,0.00185626,0
9426,0.00348285,0
9427,0.03609478,0
9428,0.03706793,0
9429,0.02139372,0
9430,0.00432303,0
9431,0.00144014,0
9432,0.00144825,0
9433,0.00224399,0
9434,0.00038159,0
9435,0.00992645,0
9436,0.00331814,0
9437,0.01266065,0
9438,0.00619711,0
9439,0.00205415,0
9440,0.00039523,0
9441,0.00403138,0
9442,0.00419474,0
9443,0.00205439,0
9444,0.00189432,0
9445,0.00093042,0
9446,0.00858909,0
9447,0.00180298,0
9448,0.00356608,0
9449,0.03407930,0
9450,0.03707267,0
9451,0.02111531,0
9452,0.00455613,0
9453,0.00138017,0
9454,0.00142048,0
9455,0.00248054,0
9456,0.00041314,0
9457,0.00952340,0
9458,0.00327854,0
9459,0.01326698,0
9460,0.00593525,0
9461,0.00205306,0
9462,0.00045890,0
9463,0.00417179,0
9464,0.00451958,0
9465,0.00220805,0
9466,0.00184684,0
9467,0.00090974,0
9468,0.00834837,0
9469,0.00182267,0
9470,0.00359740,0
9471,0.03294645,0
9472,0.03839126,0
9473,0.02200642,0
9474,0.00472434,0
9475,0.00143184,0
9476,0.00151648,0
9477,0.00219400,0
9478,0.00041544,0
9479,0.01004200,0
9480,0.00353340,0
9481,0.01453132,0
9482,0.00611723,0
9483,0.00218737,0
9484,0.00038538,0
9485,0.00418920,0
9486,0.00447373,0
9487,0.00263403,0
9488,0.00181481,0
9489,0.00088214,0
9490,0.00843777,0
9491,0.00183394,0
9492,0.00342346,0
9493,0.03445053,0
9494,0.03914234,0
9495,0.02094539,0
9496,0.00480228,0
9497,0.00145183,0
9498,0.00149921,0
9499,0.00237257,0
9500,0.00040911,0
9501,0.01004491,0
9502,0.00366791,0
9503,0.01347829,0
9504,0.00576428,0
9505,0.00212554,0
9506,0.00037383,0
9507,0.00419579,0
9508,0.00423665,0
9509,0.00167781,0
9510,0.00179213,0
9511,0.00085848,0
9512,0.00845582,0
9513,0.00184687,0
9514,0.00383247,0
9515,0.03526065,0
9516,0.03876504,0
9517,0.02199281,0
9518,0.00474242,0
9519,0.00144793,0
9520,0.00150668,0
9521,0.00241748,0
9522,0.00042703,0
9523,0.00985609,0
9524,0.00352450,0
9525,0.01366713,0
9526,0.00583472,0
9527,0.00216396,0
9528,0.00038378,0
9529,0.00398040,0
9530,0.00437522,0
9531,0.00279535,0
9532,0.00191269,0
9533,0.00088731,0
9534,0.00877510,0
9535,0.00182363,0
9536,0.00368492,0
9537,0.03650110,0
9538,0.04060242,0
9539,0.02072670,0
9540,0.00432243,0
9541,0.00148530,0
9542,0.00144265,0
9543,0.00245552,0
9544,0.00041762,0
9545,0.01042932,0
9546,0.00351406,0
9547,0.01339274,0
9548,0.00631491,0
9549,0.00207501,0
9550,0.00032648,0
9551,0.00414458,0
9552,0.00416453,0
9553,0.00198337,0
9554,0.00189985,0
9555,0.00089631,0
9556,0.00871964,0
9557,0.00182258,0
9558,0.00387987,0
9559,0.03577194,0
9560,0.03933137,0
9561,0.02171525,0
9562,0.00446417,0
9563,0.00154390,0
9564,0.00147473,0
9565,0.00247541,0
9566,0.00042578,0
9567,0.00983047,0
9568,0.00367609,0
9569,0.01355389,0
9570,0.00609199,0
9571,0.00207947,0
9572,0.00036371,0
9573,0.00412210,0
9574,0.00428052,0
9575,0.00236411,0
9576,0.00180471,0
9577,0.00094414,0
9578,0.00907181,0
9579,0.00181515,0
9580,0.00383676,0
9581,0.03650014,0
9582,0.04121110,0
9583,0.02289764,0
9584,0.00476027,0
9585,0.00144433,0
9586,0.00153714,0
9587,0.00238518,0
9588,0.00038295,0
9589,0.01081520,0
9590,0.00355482,0
9591,0.01467596,0
9592,0.00613809,0
9593,0.00225613,0
9594,0.00037205,0
9595,0.00413232,0
9596,0.00448957,0
9597,0.00175501,0
9598,0.00179246,0
9599,0.00089103,0
9600,0.00876050,0
9601,0.00180106,0
9602,0.00383474,0
9603,0.03731484,0
9604,0.04098749,0
9605,0.02218316,0
9606,0.00480014,0
9607,0.00149281,0
9608,0.00149845,0
9609,0.00243353,0
9610,0.00041575,0
9611,0.01140672,0
9612,0.00352335,0
9613,0.01477375,0
9614,0.00628808,0
9615,0.00225341,0
9616,0.00038285,0
9617,0.00417022,0
9618,0.00438515,0
9619,0.00181585,0
9620,0.00186071,0
9621,0.00090464,0
9622,0.00883709,0
9623,0.00188908,0
9624,0.00383923,0
9625,0.03703949,0
9626,0.04138118,0
9627,0.02345455,0
9628,0.00488955,0
9629,0.00149571,0
9630,0.00151020,0
9631,0.00243564,0
9632,0.00041640,0
9633,0.01032773,0
9634,0.00351839,0
9635,0.01375075,0
9636,0.00614839,0
9637,0.00219659,0
9638,0.00037968,0
9639,0.00393030,0
9640,0.00429912,0
9641,0.00183862,0
9642,0.00180438,0
9643,0.00087759,0
9644,0.00875555,0
9645,0.00182372,0
9646,0.00391921,0
9647,0.03588134,0
9648,0.03946321,0
9649,0.02197738,0
9650,0.00437646,0
9651,0.00152850,0
9652,0.00150283,0
9653,0.00250284,0
9654,0.00040170,0
9655,0.01058899,0
9656,0.00340872,0
9657,0.01408789,0
9658,0.00608897,0
9659,0.00216871,0
9660,0.00036639,0
9661,0.00388223,0
9662,0.00433305,0
9663,0.00202432,0
9664,0.00187001,0
9665,0.00088591,0
9666,0.00840563,0
9667,0.00185981,0
9668,0.00358383,0
9669,0.03527605,0
9670,0.04026802,0
9671,0.02128684,0
9672,0.00427851,0
9673,0.00144017,0
9674,0.00152468,0
9675,0.00235017,0
9676,0.00041013,0
9677,0.01042679,0
9678,0.00335435,0
9679,0.01391977,0
9680,0.00595300,0
9681,0.00214426,0
9682,0.00035459,0
9683,0.00402745,0
9684,0.00423334,0
9685,0.00196306,0
9686,0.00181338,0
9687,0.00087736,0
9688,0.00871471,0
9689,0.00181438,0
9690,0.00381367,0
9691,0.03546958,0
9692,0.04038524,0
9693,0.02205686,0
9694,0.00469878,0
9695,0.00154369,0
9696,0.00147311,0
9697,0.00257204,0
9698,0.00041641,0
9699,0.01063666,0
9700,0.00346324,0
9701,0.01449471,0
9702,0.00582313,0
9703,0.00219234,0
9704,0.00035848,0
9705,0.00417258,0
9706,0.00430484,0
9707,0.00212356,0
9708,0.00178621,0
9709,0.00085916,0
9710,0.00879621,0
9711,0.00179883,0
9712,0.00376663,0
9713,0.03531185,0
9714,0.04129357,0
9715,0.02176551,0
9716,0.00455732,0
9717,0.00154842,0
9718,0.00158054,0
9719,0.00255603,0
9720,0.00038886,0
9721,0.01090691,0
9722,0.00345718,0
9723,0.01479449,0
9724,0.00597622,0
9725,0.00217926,0
9726,0.00036207,0
9727,0.00410225,0
9728,0.00408075,0
9729,0.00232042,0
9730,0.00180240,0
9731,0.00083502,0
9732,0.00894063,0
9733,0.00181160,0
9734,0.00365185,0
9735,0.03904380,0
9736,0.04082463,0
9737,0.02154117,0
9738,0.00466001,0
9739,0.00167003,0
9740,0.00147437,0
9741,0.00244008,0
9742,0.00041803,0
9743,0.01060324,0
9744,0.00335861,0
9745,0.01382345,0
9746,0.00584295,0
9747,0.00215447,0
9748,0.00038725,0
9749,0.00420438,0
9750,0.00403682,0
9751,0.00255360,0
9752,0.00181856,0
9753,0.00086508,0
9754,0.00855098,0
9755,0.00176939,0
9756,0.00399251,0
9757,0.03657777,0
9758,0.04159116,0
9759,0.02424971,0
9760,0.00433572,0
9761,0.00155788,0
9762,0.00148755,0
9763,0.00244664,0
9764,0.00043926,0
9765,0.01078753,0
9766,0.00340615,0
9767,0.01388638,0
9768,0.00610417,0
9769,0.00213965,0
9770,0.00038938,0
9771,0.00410097,0
9772,0.00421833,0
9773,0.00280196,0
9774,0.00194982,0
9775,0.00084667,0
9776,0.00857090,0
9777,0.00174683,0
9778,0.00393027,0
9779,0.03574050,0
9780,0.03945410,0
9781,0.02125357,0
9782,0.00452180,0
9783,0.00161849,0
9784,0.00152969,0
9785,0.00256433,0
9786,0.00042843,0
9787,0.01069787,0
9788,0.00341519,0
9789,0.01348007,0
9790,0.00588548,0
9791,0.00219630,0
9792,0.00035092,0
9793,0.00426452,0
9794,0.00415718,0
9795,0.00335010,0
9796,0.00186054,0
9797,0.00086328,0
9798,0.00834812,0
9799,0.00181247,0
9800,0.00417614,0
9801,0.03731762,0
9802,0.03875407,0
9803,0.02212547,0
9804,0.00436693,0
9805,0.00161771,0
9806,0.00165331,0
9807,0.00253052,0
9808,0.00043144,0
9809,0.01046908,0
9810,0.00349017,0
9811,0.01401295,0
9812,0.00607017,0
9813,0.00223188,0
9814,0.00036824,0
9815,0.00409856,0
9816,0.00423799,0
9817,0.00203070,0
9818,0.00187368,0
9819,0.00083683,0
9820,0.00908244,0
9821,0.00185962,0
9822,0.00379697,0
9823,0.03534213,0
9824,0.03990768,0
9825,0.02124794,0
9826,0.00469411,0
9827,0.00172024,0
9828,0.00149180,0
9829,0.00247071,0
9830,0.00043753,0
9831,0.01102025,0
9832,0.00367384,0
9833,0.01410558,0
9834,0.00598274,0
9835,0.00225167,0
9836,0.00037764,0
9837,0.00429198,0
9838,0.00426559,0
9839,0.00245910,0
9840,0.00192239,0
9841,0.00085819,0
9842,0.00879299,0
9843,0.00178650,0
9844,0.00406024,0
9845,0.03558874,0
9846,0.04224191,0
9847,0.02288588,0
9848,0.00444160,0
9849,0.00163263,0
9850,0.00152543,0
9851,0.00252197,0
9852,0.00043883,0
9853,0.01078023,0
9854,0.00349868,0
9855,0.01422627,0
9856,0.00609490,0
9857,0.00231310,0
9858,0.00036571,0
9859,0.00408416,0
9860,0.00434187,0
9861,0.00206100,0
9862,0.00196697,0
9863,0.00091855,0
9864,0.00825734,0
9865,0.00186207,0
9866,0.00400678,0
9867,0.03657172,0
9868,0.04295338,0
9869,0.02556511,0
9870,0.00501062,0
9871,0.00156408,0
9872,0.00166311,0
9873,0.00248642,0
9874,0.00043979,0
9875,0.01104956,0
9876,0.00378540,0
9877,0.01382072,0
9878,0.00576347,0
9879,0.00207215,0
9880,0.00032550,0
9881,0.00392544,0
9882,0.00407218,0
9883,0.00574614,0
9884,0.00190109,0
9885,0.00092157,0
9886,0.00848264,0
9887,0.00183626,0
9888,0.00392121,0
9889,0.03709799,0
9890,0.04215844,0
9891,0.02214383,0
9892,0.00468403,0
9893,0.00166822,0
9894,0.00154082,0
9895,0.00249066,0
9896,0.00043440,0
9897,0.01106657,0
9898,0.00345079,0
9899,0.01421619,0
9900,0.00570135,0
9901,0.00222212,0
9902,0.00032621,0
9903,0.00406345,0
9904,0.00416803,0
9905,0.00306305,0
9906,0.00212245,0
9907,0.00092500,0
9908,0.00846060,0
9909,0.00188709,0
9910,0.00420890,0
9911,0.03794403,0
9912,0.04221201,0
9913,0.02313728,0
9914,0.00490324,0
9915,0.00166391,0
9916,0.00159968,0
9917,0.00253619,0
9918,0.00043155,0
9919,0.01125700,0
9920,0.00370878,0
9921,0.01481341,0
9922,0.00566946,0
9923,0.00217124,0
9924,0.00035925,0
9925,0.00411724,0
9926,0.00414487,0
9927,0.00487249,0
9928,0.00199994,0
9929,0.00090238,0
9930,0.00866036,0
9931,0.00188624,0
9932,0.00410957,0
9933,0.03682970,0
9934,0.04131800,0
9935,0.02299492,0
9936,0.00505159,0
9937,0.00160233,0
9938,0.00161427,0
9939,0.00250625,0
9940,0.00044519,0
9941,0.01029543,0
9942,0.00349746,0
9943,0.01468232,0
9944,0.00576261,0
9945,0.00225596,0
9946,0.00035635,0
9947,0.00399160,0
9948,0.00435687,0
9949,0.00240619,0
9950,0.00198478,0
9951,0.00089731,0
9952,0.00903473,0
9953,0.00180657,0
9954,0.00401883,0
9955,0.03462152,0
9956,0.04097254,0
9957,0.02214820,0
9958,0.00495956,0
9959,0.00176895,0
9960,0.00173748,0
9961,0.00245138,0
9962,0.00044078,0
9963,0.01121006,0
9964,0.00340879,0
9965,0.01388184,0
9966,0.00576865,0
9967,0.00213326,0
9968,0.00035249,0
9969,0.00400111,0
9970,0.00434229,0
9971,0.00273771,0
9972,0.00191292,0
9973,0.00087612,0
9974,0.00861440,0
9975,0.00186589,0
9976,0.00399932,0
9977,0.03537391,0
9978,0.04077910,0
9979,0.02251274,0
9980,0.00484936,0
9981,0.00173133,0
9982,0.00152897,0
9983,0.00255854,0
9984,0.00044253,0
9985,0.01103246,0
9986,0.00370088,0
9987,0.01398679,0
9988,0.00608101,0
9989,0.00215556,0
9990,0.00034871,0
9991,0.00402869,0
9992,0.00461930,0
9993,0.00215878,0
9994,0.00190025,0
9995,0.00089935,0
9996,0.00879908,0
9997,0.00181984,0
9998,0.00411686,0
9999,0.03741721,0
