step,entropy
0,0.00062085
1,0.00880323
2,0.03671150
3,0.00231836
4,0.00792885
5,0.02995510
6,0.00146495
7,0.00210951
8,0.00250791
9,0.00405812
10,0.00191959
11,0.00403732
12,0.00567412
13,0.00189951
14,0.00397403
15,0.00777333
16,0.00085779
17,0.00082042
18,0.00431280
19,0.00136377
20,0.04884098
21,0.00176295
22,0.03387986
23,0.00145448
24,0.00151146
25,0.02303274
26,0.00163249
27,0.00218895
28,0.00038795
29,0.00045577
30,0.00044285
31,0.00215951
32,0.00000399
33,0.00075761
34,0.02135475
35,0.00311049
36,0.00138755
37,0.00026164
38,0.00344865
39,0.00127728
40,0.00069107
41,0.00083966
42,0.01314611
43,0.00430047
44,0.00149036
45,0.00204353
46,0.00445312
47,0.00244223
48,0.00014410
49,0.00092688
50,0.00264244
51,0.00118322
52,0.00183414
53,0.03956922
54,0.00042148
55,0.01756772
56,0.00201451
57,0.00113283
58,0.00079917
59,0.00124030
60,0.00104190
61,0.00151418
62,0.00174341
63,0.00143969
64,0.04027507
65,0.00208419
66,0.00204337
67,0.01846296
68,0.00182957
69,0.00145239
70,0.00267942
71,0.00750820
72,0.00141478
73,0.00220118
74,0.00098116
75,0.00108703
76,0.01910257
77,0.00221664
78,0.00364546
79,0.00376953
80,0.00757122
81,0.00120681
82,0.00409916
83,0.00397731
84,0.15413917
85,0.00174461
86,0.03545715
87,0.01371377
88,0.00180464
89,0.01056793
90,0.00145935
91,0.00110676
92,0.00154181
93,0.00370934
94,0.00086282
95,0.00796921
96,0.00077375
97,0.00134892
98,0.00186575
99,0.00342490
100,0.01324520
101,0.00077658
102,0.01465750
103,0.00033158
104,0.00124179
105,0.00371347
106,0.05092455
107,0.00180552
108,0.00276558
109,0.00092295
110,0.00138778
111,0.00234597
112,0.03374698
113,0.01086101
114,0.17255869
115,0.00229996
116,0.00238683
117,0.00861719
118,0.00910224
119,0.01536592
120,0.00924177
121,0.00230460
122,0.00896297
123,0.01596298
124,0.00001926
125,0.00182327
126,0.00564913
127,0.00331803
128,0.00337193
129,0.00242617
130,0.00076296
131,0.01562707
132,0.00042396
133,0.00199015
134,0.00134513
135,0.00417111
136,0.00943763
137,0.00208255
138,0.00132855
139,0.00047496
140,0.00000911
141,0.00155129
142,0.00513945
143,0.02034906
144,0.00350082
145,0.00103173
146,0.00163604
147,0.00252624
148,0.00216608
149,0.00034396
150,0.00273068
151,0.00083336
152,0.00181043
153,0.02240620
154,0.01103007
155,0.00253469
156,0.00120078
157,0.02107562
158,0.00000618
159,0.03894502
160,0.00149667
161,0.01405085
162,0.00168629
163,0.00152112
164,0.00123183
165,0.00079308
166,0.00034051
167,0.00599516
168,0.00032198
169,0.00072466
170,0.00042644
171,0.00145781
172,0.00073091
173,0.00099817
174,0.00540806
175,0.02255323
176,0.00095131
177,0.00148092
178,0.00000093
179,0.00135994
180,0.00040464
181,0.00537614
182,0.00371683
183,0.00139601
184,0.00633541
185,0.00144699
186,0.00080733
187,0.00396297
188,0.00882490
189,0.00877738
190,0.00061609
191,0.00170171
192,0.03613230
193,0.00199597
194,0.00449136
195,0.00739919
196,0.02577955
197,0.00241634
198,0.00214031
199,0.00086152
200,0.00125065
201,0.00208920
202,0.00149978
203,0.00161309
204,0.00201584
205,0.00136027
206,0.00217336
207,0.00237792
208,0.00418742
209,0.00039590
210,0.00335494
211,0.00076834
212,0.02065482
213,0.00931139
214,0.02667633
215,0.04909758
216,0.00081965
217,0.01006410
218,0.00823828
219,0.00301458
220,0.00685710
221,0.00420408
222,0.00075115
223,0.00121954
224,0.00781484
225,0.00215926
226,0.00140293
227,0.00008106
228,0.00376091
229,0.02268190
230,0.00000208
231,0.00142743
232,0.01399036
233,0.00264455
234,0.00317165
235,0.00791960
236,0.00356463
237,0.46196956
238,0.00542415
239,0.00307717
240,0.00031141
241,0.00135844
242,0.03281231
243,0.00117171
244,0.00204530
245,0.00090055
246,0.00058802
247,0.00393295
248,0.00000159
249,0.00507222
250,0.00003175
251,0.00200915
252,0.00041136
253,0.00343757
254,0.00183559
255,0.00935185
256,0.00341627
257,0.00032826
258,0.00222166
259,0.00204894
260,0.00113846
261,0.00177626
262,0.00317218
263,0.00920978
264,0.00245945
265,0.02379682
266,0.00275140
267,0.03800392
268,0.00333161
269,0.04148090
270,0.00040267
271,0.00420168
272,0.02451933
273,0.00123814
274,0.00255088
275,0.00400745
276,0.00999586
277,0.00894365
278,0.00075264
279,0.00421588
280,0.00161679
281,0.00159148
282,0.00101314
283,0.00078806
284,0.02089544
285,0.00787588
286,0.00365301
287,0.00373048
288,0.00036256
289,0.00924403
290,0.00374072
291,0.04216252
292,0.00036285
293,0.00040578
294,0.00100503
295,0.00424888
296,0.00314412
297,0.00046731
298,0.00306662
299,0.00125634
300,0.00285503
301,0.00093154
302,0.00061031
303,0.00133686
304,0.00384089
305,0.00525385
306,0.00238520
307,0.00354127
308,0.00136767
309,0.00104396
310,0.00114879
311,0.00971757
312,0.00270554
313,0.00036591
314,0.00204020
315,0.00377507
316,0.01792847
317,0.03778517
318,0.00302145
319,0.00242675
320,0.00043593
321,0.00955415
322,0.03861073
323,0.02103515
324,0.00106036
325,0.01155394
326,0.00055450
327,0.00198584
328,0.00600587
329,0.00411603
330,0.00388245
331,0.03562187
332,0.00400406
333,0.03794995
334,0.00421279
335,0.00110271
336,0.00415900
337,0.00217279
338,0.00843116
339,0.00884162
340,0.00148521
341,0.00387393
342,0.00374971
343,0.00177770
344,0.00410205
345,0.00912745
346,0.00196236
347,0.03389443
348,0.00044501
349,0.00218699
350,0.00083690
351,0.03533553
352,0.00192909
353,0.02171230
354,0.00187278
355,0.08059087
356,0.00091321
357,0.00133497
358,0.00179053
359,0.00482174
360,0.00070639
361,0.03746248
362,0.00217828
363,0.00589854
364,0.00146841
365,0.00469705
366,0.00004160
367,0.00093407
368,0.00429126
369,0.00637752
370,0.00327832
371,0.00320564
372,0.01336976
373,0.00218582
374,0.00129538
375,0.00240825
376,0.01193421
377,0.00833323
378,0.00183261
379,0.16713908
380,0.01354905
381,0.00196294
382,0.00310884
383,0.00353085
384,0.00159178
385,0.00003067
386,0.00899508
387,0.00099296
388,0.00435758
389,0.00234087
390,0.00123104
391,0.00212578
392,0.00307904
393,0.00145887
394,0.00244183
395,0.00512294
396,0.00193671
397,0.02139185
398,0.00081742
399,0.00149059
400,0.00745309
401,0.00274826
402,0.00179921
403,0.02728738
404,0.89486453
405,0.00175099
406,0.00102298
407,0.00556896
408,0.00937747
409,0.00705241
410,0.03655047
411,0.00409848
412,0.02014996
413,0.00483825
414,0.00206310
415,0.00315059
416,0.00297282
417,0.00191459
418,0.00402444
419,0.00349127
420,0.00297046
421,0.01976028
422,0.00169838
423,0.00303149
424,0.02240144
425,0.00183347
426,0.00092017
427,0.26091987
428,0.00296738
429,0.00102536
430,0.00004671
431,0.03672139
432,0.00830336
433,0.61284329
434,0.00032903
435,0.00281206
436,0.00576032
437,0.01345884
438,0.00893612
439,0.00234519
440,0.00517468
441,0.00362502
442,0.00044519
443,0.00088018
444,0.00375845
445,0.04208559
446,0.01023531
447,0.00000089
448,0.00079055
449,0.00095337
450,0.00211518
451,0.00790292
452,0.00037598
453,0.00168812
454,0.01245114
455,0.00437131
456,0.00325133
457,0.00403072
458,0.00401005
459,0.00033350
460,0.00390873
461,0.01030933
462,0.00160951
463,0.00035041
464,0.00126714
465,0.03633684
466,0.00085147
467,0.01007010
468,0.00364019
469,0.00201522
470,0.02549110
471,0.00032161
472,0.95567513
473,0.00319972
474,0.00137235
475,0.00174991
476,0.00342228
477,0.03310251
478,0.00223097
479,0.00027381
480,0.00323733
481,0.05123944
482,0.03125735
483,0.00382011
484,0.00083683
485,0.00057675
486,0.01528732
487,0.16283375
488,0.00497311
489,0.00216953
490,0.00101836
491,0.00595322
492,0.00479055
493,0.00082835
494,0.00100191
495,0.01505585
496,0.00130714
497,0.00080945
498,0.00000636
499,0.00197589
500,0.01800959
501,0.02096222
502,0.00040850
503,0.00587922
504,0.00198468
505,0.00571195
506,0.00381542
507,0.00144766
508,0.72328939
509,0.00181286
510,0.00036866
511,0.00124136
512,0.00203409
513,0.00602089
514,0.00195711
515,0.00000226
516,0.01402992
517,0.00139130
518,0.00482775
519,0.00170418
520,0.00201804
521,0.00266975
522,0.00152319
523,0.00133730
524,0.00071830
525,0.00903571
526,0.00425167
527,0.00317444
528,0.00099031
529,0.00040164
530,0.00142858
531,0.00452145
532,0.00032914
533,0.00420018
534,0.04048891
535,0.00102354
536,0.00630997
537,0.00186445
538,0.00358860
539,0.00036441
540,0.00179229
541,0.00153033
542,0.00951220
543,0.00168003
544,0.00149784
545,0.02229845
546,0.00486542
547,0.00914418
548,0.00088246
549,0.00546077
550,0.00124967
551,0.02353935
552,0.00361015
553,0.00723706
554,0.01304953
555,0.01547203
556,0.01311164
557,0.01913237
558,0.00203363
559,0.00035126
560,0.01303693
561,0.00206080
562,0.00070058
563,0.00281499
564,0.00600544
565,0.00938002
566,0.00150012
567,0.00416207
568,0.00399485
569,0.00090457
570,0.00042740
571,0.00167754
572,0.00037695
573,0.00533341
574,0.03330443
575,0.00585317
576,0.00329015
577,0.00030374
578,0.01969457
579,0.03868671
580,0.00021222
581,0.00918637
582,0.02200101
583,0.00139041
584,0.00342974
585,0.00015515
586,0.00211345
587,0.00317155
588,0.00118158
589,0.00144759
590,0.00189215
591,0.00148555
592,0.00790386
593,0.00354116
594,0.00096859
595,0.00334521
596,0.00352864
597,0.00140606
598,0.00096145
599,0.00191369
600,0.00207582
601,0.00893703
602,0.00296977
603,0.00021210
604,0.00413519
605,0.02827766
606,0.00456955
607,0.01085283
608,0.00905200
609,0.00379097
610,0.00584628
611,0.00187748
612,0.00759093
613,0.00219981
614,0.00414172
615,0.00178124
616,0.00197252
617,0.01317431
618,0.00212794
619,0.03136518
620,0.38096707
621,0.01909201
622,0.00412245
623,0.00181782
624,0.00885593
625,0.00243407
626,0.01671849
627,0.02831977
628,0.00156508
629,0.00457586
630,0.04012079
631,0.01194721
632,0.00565144
633,0.00179110
634,0.00505138
635,0.01377949
636,0.00225708
637,0.00401227
638,0.00329706
639,0.00087163
640,0.00053129
641,0.00085448
642,0.00002073
643,0.00034452
644,0.00340077
645,0.00000078
646,0.00088958
647,0.00095479
648,0.00116639
649,0.00403725
650,0.00230245
651,0.00425596
652,0.01100178
653,0.00056362
654,0.00111628
655,0.00167945
656,0.00413936
657,0.00144099
658,0.57891563
659,0.00000458
660,0.01953300
661,0.60958902
662,0.01082414
663,0.00079947
664,0.00070178
665,0.00171505
666,0.00174144
667,0.03671365
668,0.00364919
669,0.00040843
670,0.00047990
671,0.00108105
672,0.00781516
673,0.07861957
674,0.00306127
675,0.00125150
676,0.00111754
677,0.00193018
678,0.00432577
679,0.00216590
680,0.02226533
681,0.03219526
682,0.01247346
683,0.00297489
684,0.00823485
685,0.01387932
686,0.00329472
687,0.00033992
688,0.03447840
689,0.00369381
690,0.40237028
691,0.00031731
692,0.00319070
693,0.00117309
694,0.01032955
695,0.00349221
696,0.00594654
697,0.00098733
698,0.00180489
699,0.01321925
700,0.00040270
701,0.00549286
702,0.00045846
703,0.00073952
704,0.03751653
705,0.00155840
706,0.00396236
707,0.00138731
708,0.00329488
709,0.01854730
710,0.00242889
711,0.00388550
712,0.00432766
713,0.00140102
714,0.00104411
715,0.00388266
716,0.00859375
717,0.00507623
718,0.00102653
719,0.00179647
720,0.00288224
721,0.00471451
722,0.00035918
723,0.00077742
724,0.03518639
725,0.00335475
726,0.01230255
727,0.00839707
728,0.00156484
729,0.10981658
730,0.03778959
731,0.00854397
732,0.00098555
733,0.00155479
734,0.01692394
735,0.01408210
736,0.00747760
737,0.00064647
738,0.00176920
739,0.00217682
740,0.00212642
741,0.00242760
742,0.02159657
743,0.00309125
744,0.00871144
745,0.00160637
746,0.01186731
747,0.03855438
748,0.02097046
749,0.00383201
750,0.00051679
751,0.00300090
752,0.00406683
753,0.00179265
754,0.00076051
755,0.03610780
756,0.00161822
757,0.00161626
758,0.00342738
759,0.00323065
760,0.03549023
761,0.00212292
762,0.00989631
763,0.00181378
764,0.00218542
765,0.00363929
766,0.00406912
767,0.00036853
768,0.00873655
769,0.00039082
770,0.00099719
771,0.00000699
772,0.00160036
773,0.00162091
774,0.00085494
775,0.03285560
776,0.00179102
777,0.01887283
778,0.00084699
779,0.00036567
780,0.00302879
781,0.00086597
782,0.03857870
783,0.00221675
784,0.00102434
785,0.00266977
786,0.00485299
787,0.00162118
788,0.00208006
789,0.00320865
790,0.00254492
791,0.00036210
792,0.00199362
793,0.00091597
794,0.00106560
795,0.00036086
796,0.00585120
797,0.00857315
798,0.00574876
799,0.00000747
800,0.00159178
801,0.00000435
802,0.00040779
803,0.00222153
804,0.00189546
805,0.00382492
806,0.06190382
807,0.00130330
808,0.00164117
809,0.01769982
810,0.02009709
811,0.00861422
812,0.00209441
813,0.00876187
814,0.02062343
815,0.00883928
816,0.00453945
817,0.00103210
818,0.00234434
819,0.00186637
820,0.01524722
821,0.01471039
822,0.00411825
823,0.00074250
824,0.00143089
825,0.02662483
826,0.00091796
827,0.00296832
828,0.00379069
829,0.04161368
830,0.00321023
831,0.00198646
832,0.00149836
833,0.00037142
834,0.00004120
835,0.00169743
836,0.00490711
837,0.01625400
838,0.00037539
839,0.00524609
840,0.00209047
841,0.00181375
842,0.00895150
843,0.00001901
844,0.00316422
845,0.00531931
846,0.00069683
847,0.00037563
848,0.01315764
849,0.00145922
850,0.00046636
851,0.00077117
852,0.00188592
853,0.00496639
854,0.00082583
855,0.00224509
856,0.00076646
857,0.00161523
858,0.03346773
859,0.00156797
860,0.00475070
861,0.01226779
862,0.00381833
863,0.00074788
864,0.00309230
865,0.00391901
866,0.00040238
867,0.03636045
868,0.00576877
869,0.00130338
870,0.00178739
871,0.00092145
872,0.00304724
873,0.10073597
874,0.00100418
875,0.01312981
876,0.00118072
877,0.00162157
878,0.03757042
879,0.00181709
880,0.00067104
881,0.01404847
882,0.00365429
883,0.00163268
884,0.00270602
885,0.02034106
886,0.03766310
887,0.00108806
888,0.00384336
889,0.00193837
890,0.00139348
891,0.00233942
892,0.02101613
893,0.00203610
894,0.00077073
895,0.02107189
896,0.00096223
897,0.00004306
898,0.02008040
899,0.00854466
900,0.00061652
901,0.00244945
902,0.00486286
903,0.00137162
904,0.03912646
905,0.00171971
906,0.00138318
907,0.02057511
908,0.00308262
909,0.04135280
910,0.00032814
911,0.00186111
912,0.00352348
913,0.01006608
914,0.00429152
915,0.01512756
916,0.00853517
917,0.00719156
918,0.00294182
919,0.02051855
920,0.25532542
921,0.00815354
922,0.00326175
923,0.00001880
924,0.00139463
925,0.00189105
926,0.00168164
927,0.00190569
928,0.00159050
929,0.02031945
930,0.00085833
931,0.00402287
932,0.00862804
933,0.00179490
934,0.00506615
935,0.00216630
936,0.00147635
937,0.02148848
938,0.00435466
939,0.00041744
940,0.00173752
941,0.00325343
942,0.03837615
943,0.03919760
944,0.00227219
945,0.00310041
946,0.00173993
947,0.00085150
948,0.00506860
949,0.00429741
950,0.00063273
951,0.00072561
952,0.00212726
953,0.00447521
954,0.00612854
955,0.00093737
956,0.30890533
957,0.02276315
958,0.00422926
959,0.00315372
960,0.00161567
961,0.00334809
962,0.00077214
963,0.00461905
964,0.00576665
965,0.00040605
966,0.00001474
967,0.00152736
968,0.00324544
969,0.00087389
970,0.00413526
971,0.00143789
972,0.00436089
973,0.00386169
974,0.00087517
975,0.00123404
976,0.00385308
977,0.00302653
978,0.04011362
979,0.00878117
980,0.00234692
981,0.00225467
982,0.00100666
983,0.00225118
984,0.00151474
985,0.00347456
986,0.00307050
987,0.00031883
988,0.00142381
989,0.02054330
990,0.16750538
991,0.00020636
992,0.00431629
993,0.00206743
994,0.00135808
995,0.00198144
996,0.00557373
997,0.02091529
998,0.02188690
999,0.04308272
1000,0.00538942
1001,0.00466364
1002,0.02185356
1003,0.00863015
1004,0.00395678
1005,0.00038513
1006,0.00253438
1007,0.00387418
1008,0.01578558
1009,0.00005345
1010,0.01259550
1011,0.00013187
1012,0.00032987
1013,0.00416960
1014,0.01511638
1015,0.00035180
1016,0.03701713
1017,0.00002412
1018,0.00146382
1019,0.00872148
1020,0.00048670
1021,0.00870972
1022,0.00032107
1023,0.00097542
1024,0.00861559
1025,0.00355486
1026,0.00478723
1027,0.00128272
1028,0.03632596
1029,0.00178860
1030,0.00042699
1031,0.00036571
1032,0.00115759
1033,0.02190898
1034,0.00251000
1035,0.01159170
1036,0.00067227
1037,0.02177115
1038,0.00162999
1039,0.01356827
1040,0.00009986
1041,0.00072090
1042,0.03036097
1043,0.00032252
1044,0.01978097
1045,0.00084944
1046,0.00146249
1047,0.01016263
1048,0.01419636
1049,0.00233194
1050,0.00684514
1051,0.02007474
1052,0.00084671
1053,0.00279252
1054,0.00130664
1055,0.01950476
1056,0.00041320
1057,0.00285999
1058,0.00136980
1059,0.00161945
1060,0.00165822
1061,0.00415655
1062,0.00135990
1063,0.00186048
1064,0.00064731
1065,0.00038482
1066,0.01242528
1067,0.00210729
1068,0.00231102
1069,0.01212656
1070,0.00911523
1071,0.00419456
1072,0.00047901
1073,0.00081040
1074,0.00206160
1075,0.03646786
1076,0.00200064
1077,0.00787225
1078,0.00032359
1079,0.04278005
1080,0.00084028
1081,0.00346338
1082,0.00139743
1083,0.00244679
1084,0.00030385
1085,0.00047044
1086,0.00473373
1087,0.00090066
1088,0.00197954
1089,0.01155203
1090,0.00034233
1091,0.00033316
1092,0.00190683
1093,0.03418950
1094,0.01332138
1095,0.00000070
1096,0.00034852
1097,0.00368094
1098,0.00000150
1099,0.00421012
1100,0.00091578
1101,0.00276484
1102,0.03598449
1103,0.00291065
1104,0.00448437
1105,0.00147924
1106,0.00758013
1107,0.00378723
1108,0.00978709
1109,0.00291974
1110,0.00462297
1111,0.00000789
1112,0.00032138
1113,0.00412826
1114,0.00348348
1115,0.00404573
1116,0.00135657
1117,0.00055553
1118,0.00150265
1119,0.00064304
1120,0.00040269
1121,0.00172547
1122,0.00125749
1123,0.00165091
1124,0.00221045
1125,0.00159577
1126,0.00398955
1127,0.00113710
1128,0.03207448
1129,0.00466062
1130,0.00160405
1131,0.00520162
1132,0.01947034
1133,0.00147895
1134,0.00333503
1135,0.00033810
1136,0.00897438
1137,0.03464691
1138,0.00419580
1139,0.00502613
1140,0.06338162
1141,1.38814564
1142,0.00276026
1143,0.00247635
1144,0.00233290
1145,0.02096395
1146,0.00147747
1147,0.02221981
1148,0.01976226
1149,0.00544559
1150,0.00303694
1151,0.00159926
1152,0.00185021
1153,0.00271583
1154,0.00042772
1155,0.00001125
1156,0.00043973
1157,0.00028360
1158,0.00414710
1159,0.01435340
1160,0.00234497
1161,0.00035538
1162,0.01833870
1163,0.00003365
1164,0.01903040
1165,0.00081257
1166,0.01364309
1167,0.01480584
1168,0.00217364
1169,0.00913710
1170,0.00809909
1171,0.00001020
1172,0.01407804
1173,0.00010380
1174,1.72867955
1175,0.00127742
1176,0.00030774
1177,0.00056580
1178,0.00094302
1179,0.01250712
1180,0.14145286
1181,0.00118820
1182,0.00536828
1183,0.01332158
1184,0.00474655
1185,0.00205879
1186,0.00001613
1187,0.00170723
1188,0.00496386
1189,0.00330594
1190,0.02168344
1191,0.00201975
1192,0.00289558
1193,0.03823349
1194,0.01138488
1195,0.00152553
1196,0.00807218
1197,0.00219460
1198,0.00867589
1199,0.00150374
1200,0.04400149
1201,0.00335272
1202,0.00722944
1203,0.00075134
1204,0.03387108
1205,0.00318399
1206,0.00266305
1207,0.00265137
1208,0.00426549
1209,0.00169448
1210,0.02343088
1211,0.01399301
1212,0.00444543
1213,0.00834415
1214,0.01350050
1215,0.01504557
1216,0.00097665
1217,0.00213418
1218,0.00060949
1219,0.00533625
1220,0.00120505
1221,0.00208190
1222,0.02738762
1223,0.01953512
1224,0.00338200
1225,0.00039182
1226,0.00210465
1227,0.00394235
1228,0.00178065
1229,0.00303144
1230,0.00009247
1231,0.00246627
1232,0.00216806
1233,0.00587769
1234,0.02197190
1235,0.00401077
1236,0.00133353
1237,0.00183725
1238,0.00243783
1239,0.03429751
1240,0.89034904
1241,0.02459309
1242,0.00340647
1243,0.00112225
1244,0.00374269
1245,0.00987688
1246,0.00193681
1247,0.00765152
1248,0.00391560
1249,0.00121239
1250,0.00077812
1251,0.00105979
1252,0.01388930
1253,0.00154562
1254,0.00762446
1255,0.00569833
1256,0.00035768
1257,0.01316203
1258,0.00184006
1259,0.00345215
1260,0.01039771
1261,0.00365109
1262,0.00132031
1263,0.04356170
1264,0.00149775
1265,0.00148876
1266,0.00164986
1267,0.00164940
1268,0.00281580
1269,0.00184360
1270,0.00000201
1271,0.00147915
1272,0.02550108
1273,0.03302514
1274,0.02160225
1275,0.00912353
1276,0.00165071
1277,0.00825741
1278,0.00447517
1279,0.00143074
1280,0.00346439
1281,0.00152934
1282,0.00319074
1283,0.00251032
1284,0.00488285
1285,0.00349632
1286,0.00396649
1287,0.00328700
1288,0.00141064
1289,0.00359196
1290,0.00178515
1291,0.00211371
1292,0.00149205
1293,0.00348556
1294,0.00889187
1295,0.02716250
1296,0.00077591
1297,0.00151469
1298,0.00078263
1299,0.00106224
1300,0.00382367
1301,0.00117446
1302,0.00672834
1303,0.01243176
1304,0.00384107
1305,0.00358770
1306,0.00131120
1307,0.00419301
1308,0.00327978
1309,0.01516145
1310,0.00425795
1311,0.00181874
1312,0.00368279
1313,0.00166287
1314,0.00380614
1315,0.00366292
1316,0.00184567
1317,0.00034371
1318,0.02046257
1319,0.00160281
1320,0.03924656
1321,0.00137688
1322,0.00273291
1323,0.00148349
1324,0.01280407
1325,0.01314772
1326,0.00204400
1327,0.00188024
1328,0.02045915
1329,0.00397025
1330,0.00871126
1331,0.00042472
1332,0.00032500
1333,0.00432328
1334,0.01206205
1335,0.00175388
1336,0.03684721
1337,0.00088114
1338,0.00327927
1339,0.00031106
1340,0.00065959
1341,0.02068172
1342,0.00421477
1343,0.00820986
1344,0.00079166
1345,0.00042168
1346,0.00564722
1347,0.00133527
1348,0.00177048
1349,0.00326252
1350,0.00357023
1351,0.00032794
1352,0.00170050
1353,0.01324956
1354,0.00225619
1355,0.00382278
1356,0.00478283
1357,0.01437041
1358,0.00005989
1359,0.00213635
1360,0.00399575
1361,0.00043028
1362,0.00182501
1363,0.00148831
1364,0.00272754
1365,0.00155532
1366,0.00422050
1367,0.00033207
1368,0.00247709
1369,0.01464834
1370,0.00074152
1371,0.03212835
1372,0.00032298
1373,0.00004053
1374,0.00314237
1375,0.00383864
1376,0.03416752
1377,0.00403730
1378,0.00326813
1379,0.00332786
1380,0.00362570
1381,0.00309021
1382,0.00357661
1383,0.00124361
1384,0.00917795
1385,0.00035414
1386,0.00325778
1387,0.01451973
1388,0.00086518
1389,0.00215300
1390,0.00048993
1391,0.00408754
1392,0.00037023
1393,0.00349068
1394,0.00156819
1395,0.00167701
1396,0.00224362
1397,0.00044789
1398,0.00156274
1399,0.00115875
1400,0.00153278
1401,0.70281284
1402,0.00588399
1403,0.00386261
1404,0.01231518
1405,0.00044751
1406,0.00103065
1407,0.00937554
1408,0.00739329
1409,0.00797325
1410,0.00119529
1411,0.00000212
1412,0.00806168
1413,0.00355585
1414,0.03621985
1415,0.03509600
1416,0.00186256
1417,0.00217599
1418,0.00159924
1419,0.02019277
1420,0.01359084
1421,0.00263280
1422,0.00564253
1423,0.03496749
1424,0.00964156
1425,0.00884236
1426,0.00336566
1427,0.00816572
1428,0.03474117
1429,0.00398313
1430,0.00046984
1431,0.00550945
1432,0.00169034
1433,0.00102882
1434,0.00125053
1435,0.00041670
1436,0.02067988
1437,0.00044253
1438,0.00034599
1439,0.01330858
1440,0.03460797
1441,0.02085524
1442,0.00029467
1443,0.00069685
1444,0.00559154
1445,0.01382672
1446,0.00100150
1447,0.00359177
1448,0.00397164
1449,0.00292205
1450,0.00187304
1451,0.00407435
1452,0.11005780
1453,0.00169524
1454,0.00953038
1455,0.00585454
1456,0.00241235
1457,0.00218005
1458,0.00135112
1459,0.00021345
1460,0.00002823
1461,0.00570179
1462,0.03178481
1463,0.00083967
1464,0.02263897
1465,0.03898675
1466,0.00012707
1467,0.04216693
1468,0.00252194
1469,0.00065246
1470,0.00283539
1471,0.00173167
1472,0.00194098
1473,0.00319035
1474,0.00000445
1475,0.01777082
1476,0.00208908
1477,0.00005454
1478,0.03479407
1479,0.00145194
1480,0.01233019
1481,0.00592743
1482,0.00381451
1483,0.00333881
1484,0.00095498
1485,0.00858037
1486,0.00381557
1487,0.00462522
1488,0.00736967
1489,0.00509862
1490,0.00041654
1491,0.00001667
1492,0.00845714
1493,0.01981346
1494,0.00560927
1495,0.00402538
1496,0.00011632
1497,0.00417631
1498,0.00423321
1499,0.00134764
1500,0.00351723
1501,0.00030352
1502,0.01093006
1503,0.00878369
1504,0.00039871
1505,0.00305093
1506,0.00291812
1507,0.00072824
1508,0.00176099
1509,0.00144186
1510,0.00334276
1511,0.00763898
1512,0.00435349
1513,0.00152059
1514,0.00270609
1515,0.00082215
1516,0.00427668
1517,0.00189667
1518,0.02946372
1519,0.00155500
1520,0.00129539
1521,0.00091876
1522,0.00488525
1523,0.00428826
1524,0.00245952
1525,0.00116460
1526,0.01449158
1527,0.01007796
1528,0.02456258
1529,0.00040779
1530,0.00288615
1531,0.03707186
1532,0.00099410
1533,0.03627039
1534,0.00404508
1535,0.01371953
1536,0.00120286
1537,0.00078343
1538,0.00066290
1539,0.00034683
1540,0.00185848
1541,0.00449364
1542,0.00419572
1543,0.00378258
1544,0.00270596
1545,0.01447346
1546,0.00369000
1547,0.00004812
1548,0.00568472
1549,0.00595253
1550,0.00236941
1551,0.00187488
1552,0.00173888
1553,0.00060452
1554,0.00399929
1555,0.00315488
1556,0.00302453
1557,0.01269816
1558,0.29000097
1559,0.00139853
1560,0.00198395
1561,0.00378023
1562,0.01847203
1563,0.02429026
1564,0.00173698
1565,0.01662646
1566,0.00049967
1567,0.00345417
1568,0.08148260
1569,0.00166346
1570,0.00016304
1571,0.00345513
1572,0.00137657
1573,0.00210828
1574,0.00000154
1575,0.00193236
1576,0.00073365
1577,0.00090825
1578,0.00387324
1579,0.00251276
1580,0.00074323
1581,0.00330938
1582,0.00146429
1583,0.00027327
1584,0.00039544
1585,0.00000030
1586,0.00794824
1587,0.00256753
1588,0.00000186
1589,0.01203071
1590,0.02770720
1591,0.00401642
1592,0.00473226
1593,0.03873485
1594,0.00440206
1595,0.00009741
1596,0.00223077
1597,0.00323884
1598,0.00035864
1599,0.00072097
1600,0.00397537
1601,0.00757319
1602,0.00042787
1603,0.03592770
1604,0.00004306
1605,0.00307117
1606,0.43376414
1607,0.00684149
1608,0.00226145
1609,0.00145788
1610,0.00033881
1611,0.00382672
1612,0.00132030
1613,0.00314334
1614,0.00226613
1615,0.02378688
1616,0.00263353
1617,0.03690931
1618,0.00038200
1619,0.00340760
1620,0.00156056
1621,0.00050142
1622,0.00077672
1623,0.00144273
1624,0.00046075
1625,0.00102108
1626,0.01424413
1627,0.00132499
1628,0.42868336
1629,0.00313344
1630,0.00168516
1631,0.04140159
1632,0.00093641
1633,0.00042876
1634,0.02290025
1635,0.00129689
1636,0.00153312
1637,0.00183467
1638,0.00243202
1639,0.00408460
1640,0.00255848
1641,0.04104981
1642,0.00842911
1643,0.01398372
1644,0.00910305
1645,0.03547280
1646,0.87444501
1647,0.01493736
1648,0.00262586
1649,0.00241919
1650,0.00198786
1651,0.01152096
1652,0.00953017
1653,0.00836689
1654,0.00082890
1655,0.00033715
1656,0.00245008
1657,0.00429597
1658,0.00086986
1659,0.00823186
1660,0.00207917
1661,0.00226859
1662,0.00428480
1663,0.54768991
1664,0.00032918
1665,0.02080638
1666,0.00111374
1667,0.00043137
1668,0.00098324
1669,0.00568254
1670,0.00107848
1671,0.00349860
1672,0.01412361
1673,0.00205584
1674,0.00041464
1675,0.00251861
1676,0.00415435
1677,0.03928276
1678,0.10730715
1679,0.00219117
1680,0.01031167
1681,0.00142337
1682,0.00043060
1683,0.00035520
1684,0.00785635
1685,0.03494510
1686,0.00163694
1687,0.00091092
1688,0.01211347
1689,0.00130706
1690,0.00052765
1691,0.00002064
1692,0.00738221
1693,0.03585079
1694,0.01791470
1695,0.01380438
1696,0.00638267
1697,0.00392364
1698,0.00943574
1699,0.06683674
1700,0.00247198
1701,0.01020864
1702,0.00451039
1703,0.00221385
1704,0.00419657
1705,0.00104521
1706,0.00414591
1707,0.00234291
1708,0.00029955
1709,0.00038511
1710,0.00145297
1711,0.00183670
1712,0.04146280
1713,0.00155205
1714,0.01271027
1715,0.00227244
1716,0.03850967
1717,0.00138180
1718,0.00128277
1719,0.03836240
1720,0.00581442
1721,0.00411442
1722,0.00394331
1723,0.00367718
1724,0.00387636
1725,0.00041103
1726,0.00036421
1727,0.00428729
1728,0.00201216
1729,0.00031325
1730,0.00241377
1731,0.00140911
1732,0.02204733
1733,0.00185071
1734,0.00092846
1735,0.00319350
1736,0.00035731
1737,0.01882839
1738,0.01510025
1739,0.00179551
1740,0.00418463
1741,0.00033978
1742,0.00033655
1743,0.01354599
1744,0.00207154
1745,0.00032562
1746,0.01879779
1747,0.00688146
1748,0.00147031
1749,0.01483589
1750,0.00400481
1751,0.02786199
1752,0.00389390
1753,0.00155642
1754,0.00199064
1755,0.00459073
1756,0.00394780
1757,0.02046895
1758,0.00092740
1759,0.02007209
1760,0.00189632
1761,0.00031340
1762,0.00126734
1763,0.00000217
1764,0.00053715
1765,0.00045773
1766,0.00155729
1767,0.00824842
1768,0.00235724
1769,0.01395545
1770,0.00182323
1771,0.01261786
1772,0.29150261
1773,0.00080536
1774,0.00105973
1775,0.00787780
1776,0.00212911
1777,0.00171573
1778,0.04016702
1779,0.00125904
1780,0.00039331
1781,0.03440183
1782,0.00032385
1783,0.00330167
1784,0.02101435
1785,0.00127236
1786,0.00356772
1787,0.00177436
1788,0.00411387
1789,0.00031700
1790,0.00210157
1791,0.00888308
1792,0.00205090
1793,0.00270629
1794,0.00117521
1795,0.00108191
1796,0.00156378
1797,0.00438817
1798,0.00149860
1799,0.00538383
1800,0.01538931
1801,0.00412949
1802,0.01286154
1803,0.00292070
1804,0.00234650
1805,0.00083348
1806,0.00818816
1807,0.03885319
1808,0.00167813
1809,0.00908232
1810,0.02126896
1811,0.00175256
1812,0.00189440
1813,0.00140526
1814,0.00480168
1815,0.00175020
1816,0.00076919
1817,0.00183794
1818,0.00165856
1819,0.00361295
1820,0.00125342
1821,0.00388974
1822,0.00111726
1823,0.01766444
1824,0.00058268
1825,0.03319452
1826,0.00607686
1827,0.00354087
1828,0.00376185
1829,0.00315132
1830,0.03448687
1831,0.00330642
1832,0.00156068
1833,0.00399426
1834,0.00301239
1835,0.00041653
1836,0.00192133
1837,0.00206019
1838,0.00031936
1839,0.55050587
1840,0.00002498
1841,0.00469212
1842,0.00163399
1843,0.01065331
1844,0.00194688
1845,0.00563174
1846,0.00112560
1847,0.00390334
1848,0.00956594
1849,0.00313795
1850,0.00913047
1851,0.00273132
1852,0.00445938
1853,0.00002514
1854,0.00416661
1855,0.00122311
1856,0.00247706
1857,0.00145582
1858,0.00312609
1859,0.00139989
1860,0.00368146
1861,0.00032196
1862,0.00958223
1863,0.00354752
1864,0.00293280
1865,0.00073060
1866,0.00478833
1867,0.00345066
1868,0.00348142
1869,0.00944162
1870,0.00059976
1871,0.00342094
1872,0.00361391
1873,0.01155174
1874,0.00136950
1875,0.00209193
1876,0.00225836
1877,0.00461249
1878,0.01302697
1879,0.00735001
1880,0.00612377
1881,0.00221191
1882,0.00140719
1883,0.00136150
1884,0.00070240
1885,0.00080560
1886,0.00316681
1887,0.00466432
1888,0.00035212
1889,0.00301492
1890,0.00205964
1891,0.00443134
1892,0.00192260
1893,0.00987929
1894,0.00402321
1895,0.00126190
1896,0.00322472
1897,0.00497119
1898,0.00035306
1899,0.00421742
1900,0.00215299
1901,0.00295503
1902,0.02809630
1903,0.00054381
1904,0.00356093
1905,0.02109969
1906,0.00149024
1907,0.00076249
1908,0.00183514
1909,0.00030866
1910,0.00150866
1911,0.00111214
1912,0.00099142
1913,0.00376469
1914,0.00861894
1915,0.00068645
1916,0.00442159
1917,0.00134528
1918,0.00420675
1919,0.02176322
1920,0.02663955
1921,0.00902064
1922,0.00037238
1923,0.01919679
1924,0.00403189
1925,0.00843012
1926,0.00209352
1927,0.01368702
1928,0.00877294
1929,0.00268731
1930,0.00035705
1931,0.00212722
1932,0.00393115
1933,0.00155511
1934,0.00402111
1935,0.00154443
1936,0.00321318
1937,0.03509209
1938,0.00871624
1939,0.00039730
1940,0.00295980
1941,0.00153680
1942,0.00550952
1943,0.00108267
1944,0.00308869
1945,0.00143875
1946,0.00758488
1947,0.00915917
1948,0.00393340
1949,0.02421054
1950,0.01024667
1951,0.03431684
1952,0.00000690
1953,0.00176427
1954,0.00427143
1955,0.00460797
1956,0.00179852
1957,0.00843474
1958,0.01067887
1959,0.00263668
1960,0.00167242
1961,0.00369866
1962,0.00852510
1963,0.02802665
1964,0.00859662
1965,0.00149298
1966,0.00432277
1967,0.00845607
1968,0.00542453
1969,0.00354131
1970,0.00363831
1971,0.00191802
1972,0.01703104
1973,0.00176695
1974,0.00392941
1975,0.00137821
1976,0.00225388
1977,0.00062809
1978,0.00390874
1979,0.00158372
1980,0.00416555
1981,0.00410819
1982,0.00161751
1983,0.00259348
1984,0.00072377
1985,0.00222291
1986,0.00145845
1987,0.00153972
1988,0.00394626
1989,0.01466289
1990,0.00502523
1991,0.01442662
1992,0.00693419
1993,0.03507966
1994,0.00094965
1995,0.00121614
1996,0.00006588
1997,0.00142587
1998,0.00222078
1999,0.00401141
2000,0.00355567
2001,0.00843818
2002,0.00378341
2003,0.00213286
2004,0.00179696
2005,0.00081173
2006,0.00136513
2007,0.00995330
2008,0.00166708
2009,0.02993049
2010,0.00033491
2011,0.00420645
2012,0.00405715
2013,0.00165355
2014,0.00142128
2015,0.00893160
2016,0.00191409
2017,0.00333185
2018,0.00214496
2019,0.00098343
2020,0.00146202
2021,0.00992258
2022,0.00028139
2023,0.00070038
2024,0.00326302
2025,0.00103681
2026,0.00178287
2027,0.00191231
2028,0.00733991
2029,0.03680451
2030,0.00363851
2031,0.01433470
2032,0.00355817
2033,0.00730623
2034,0.00308943
2035,0.04065697
2036,0.00086072
2037,0.00041537
2038,0.00075123
2039,0.00031298
2040,0.01931827
2041,0.00443302
2042,0.00878394
2043,0.00211281
2044,0.00783335
2045,0.00714971
2046,0.00483086
2047,0.00082600
2048,0.00104217
2049,0.00869634
2050,0.00012897
2051,0.01440394
2052,0.00131074
2053,0.00351361
2054,0.00914252
2055,0.02429016
2056,0.00407234
2057,0.00229633
2058,0.00183097
2059,0.02080175
2060,0.00153351
2061,0.01602570
2062,0.00077564
2063,0.00057039
2064,0.00197597
2065,0.00202567
2066,0.00426459
2067,0.01044143
2068,0.01954555
2069,0.00305129
2070,0.00626937
2071,0.00192494
2072,0.00178425
2073,0.00269587
2074,0.00290877
2075,0.00437816
2076,0.00737296
2077,0.00043003
2078,0.00317531
2079,0.03851552
2080,0.00314162
2081,0.00141753
2082,0.00223765
2083,0.00132941
2084,0.03173335
2085,0.00416941
2086,0.03395075
2087,0.00414672
2088,0.00143907
2089,0.00975588
2090,0.00406783
2091,0.02025606
2092,0.00462948
2093,0.00342485
2094,0.00479206
2095,0.00036820
2096,0.00000461
2097,0.00078519
2098,0.02101451
2099,0.01377689
2100,0.00352860
2101,0.00164920
2102,0.00394068
2103,0.00280392
2104,0.00160121
2105,1.06880351
2106,0.00202536
2107,0.00069892
2108,0.02132685
2109,0.00043991
2110,0.00106791
2111,0.00365539
2112,0.00312323
2113,0.00173713
2114,0.00383676
2115,0.00348547
2116,0.00865685
2117,0.03408827
2118,0.00093308
2119,0.00316980
2120,0.00832913
2121,0.00256140
2122,0.00127979
2123,0.00223095
2124,0.00384957
2125,0.00129013
2126,0.01890475
2127,0.01499305
2128,0.00061350
2129,0.00033824
2130,0.00101572
2131,0.00094224
2132,0.03961337
2133,0.01326832
2134,0.00976715
2135,0.01446146
2136,0.00232602
2137,0.00045488
2138,0.01012313
2139,0.01337810
2140,0.00275808
2141,0.00053016
2142,0.00263784
2143,0.00398670
2144,0.00309280
2145,0.00878071
2146,0.00049179
2147,0.03993561
2148,0.00513881
2149,0.00000027
2150,0.00038822
2151,0.00069077
2152,0.00566555
2153,0.00118202
2154,0.00076269
2155,0.00119864
2156,0.00911376
2157,0.00186731
2158,0.01430397
2159,0.00142584
2160,0.00973593
2161,0.00415827
2162,0.04066995
2163,0.00086466
2164,0.00122880
2165,0.03451259
2166,0.00323949
2167,0.00369865
2168,0.00492108
2169,0.00188102
2170,0.00916705
2171,0.00238005
2172,0.00718230
2173,0.00144454
2174,0.00230879
2175,0.00152741
2176,0.00345683
2177,0.00387509
2178,0.14272428
2179,0.00814182
2180,0.03486860
2181,0.00072408
2182,0.00294390
2183,0.00138022
2184,0.01327088
2185,0.00135386
2186,0.00156707
2187,0.00000934
2188,0.00941994
2189,0.02238875
2190,0.00620290
2191,0.00232819
2192,0.00033246
2193,0.00155773
2194,0.00424836
2195,0.00061173
2196,0.00147654
2197,0.00115687
2198,0.01191080
2199,0.00029865
2200,0.01432040
2201,0.04326885
2202,0.00000376
2203,0.00324949
2204,0.00421689
2205,0.00214247
2206,0.00972555
2207,0.00371246
2208,0.01455752
2209,0.00077600
2210,0.00824987
2211,0.00049425
2212,0.00109842
2213,0.00147122
2214,0.00879972
2215,0.00380698
2216,0.01242479
2217,0.00068875
2218,0.00881536
2219,0.00881761
2220,0.00078651
2221,0.00252829
2222,0.00100909
2223,0.00571207
2224,0.01988780
2225,0.00198124
2226,0.00428502
2227,0.00182115
2228,0.00184108
2229,0.04255732
2230,0.02767398
2231,0.00307769
2232,0.01057022
2233,0.00216901
2234,0.00041109
2235,0.00847267
2236,0.00248660
2237,0.00350320
2238,0.00087771
2239,0.00033634
2240,0.00065842
2241,0.00908965
2242,0.00397856
2243,0.00820367
2244,0.00241974
2245,0.00562359
2246,0.00398562
2247,0.09115601
2248,0.01021821
2249,0.00960317
2250,0.00037187
2251,0.00123116
2252,0.00126304
2253,0.00171583
2254,0.02035565
2255,0.04117739
2256,0.00208645
2257,0.00858126
2258,0.00070970
2259,0.00228450
2260,0.00647009
2261,0.00205916
2262,0.00042857
2263,0.00035206
2264,0.00380159
2265,0.00166093
2266,0.00179177
2267,0.00153523
2268,0.00040810
2269,0.00041794
2270,0.00200681
2271,0.00034885
2272,0.00033935
2273,0.00174208
2274,0.03502814
2275,0.00218629
2276,0.00160815
2277,0.00236298
2278,0.00417714
2279,0.00206302
2280,0.01489827
2281,0.00094227
2282,0.00042970
2283,0.00138438
2284,0.00136975
2285,0.00191006
2286,0.01135264
2287,0.01378664
2288,0.00737354
2289,0.00072355
2290,0.00572321
2291,0.00076894
2292,0.00218117
2293,0.00313149
2294,0.02003028
2295,0.00040980
2296,0.00836147
2297,0.00303890
2298,0.00917684
2299,0.00227806
2300,0.00078353
2301,0.00934886
2302,0.01326079
2303,0.03551531
2304,0.00198949
2305,0.00216964
2306,0.00273175
2307,0.00138270
2308,0.49994641
2309,0.00498063
2310,0.00420175
2311,0.01975256
2312,0.00202446
2313,0.00065847
2314,0.00096576
2315,0.00828106
2316,0.00133782
2317,0.00497173
2318,0.00038170
2319,0.00194111
2320,0.00153141
2321,0.00188052
2322,0.00376209
2323,0.00200084
2324,0.00030017
2325,0.00145002
2326,0.00214865
2327,0.00083891
2328,0.00141818
2329,0.00833364
2330,0.00407370
2331,0.00041800
2332,0.00365106
2333,0.00031365
2334,0.00323442
2335,0.00309379
2336,0.00164674
2337,0.00218170
2338,0.00163491
2339,0.00033607
2340,0.01325568
2341,0.00938047
2342,0.00500300
2343,0.03765910
2344,0.00187460
2345,0.00135786
2346,0.00421107
2347,0.01368830
2348,0.00414312
2349,0.00036008
2350,0.00176341
2351,0.00118987
2352,0.00083312
2353,0.00060338
2354,0.00411662
2355,0.00048609
2356,0.00188633
2357,0.00045365
2358,0.00000040
2359,0.00149418
2360,0.00070945
2361,0.02238636
2362,0.00194384
2363,0.00076036
2364,0.00410389
2365,0.01961336
2366,0.00088988
2367,0.00503920
2368,0.00229860
2369,0.00151897
2370,0.00406966
2371,0.00151945
2372,0.00149331
2373,0.00095300
2374,0.00846297
2375,0.00249415
2376,0.00255837
2377,0.00135788
2378,0.00213733
2379,0.01094689
2380,0.00444942
2381,0.00492214
2382,0.00153885
2383,0.00155973
2384,0.00392262
2385,1.06536332
2386,0.26420028
2387,0.00099978
2388,0.00146071
2389,0.00421730
2390,0.00179371
2391,0.00400616
2392,0.00087705
2393,0.00241581
2394,0.00342442
2395,0.00154481
2396,0.00974608
2397,0.00377074
2398,0.00132811
2399,0.02199571
2400,0.00155718
2401,0.00284550
2402,0.00041419
2403,0.02610849
2404,0.00869826
2405,0.00092123
2406,0.00083285
2407,0.00208664
2408,0.00134634
2409,0.00864537
2410,0.00000422
2411,0.22038062
2412,0.00776171
2413,0.00193680
2414,0.00147527
2415,0.00162554
2416,0.00930690
2417,0.00047268
2418,0.00192359
2419,0.00237686
2420,0.00000649
2421,0.02112587
2422,0.00079118
2423,0.00698157
2424,0.01301043
2425,0.01806219
2426,0.00334612
2427,0.00399082
2428,0.00929380
2429,0.00207612
2430,0.00202904
2431,0.00104815
2432,0.01003947
2433,0.00183955
2434,0.00470906
2435,0.00191130
2436,0.00402848
2437,0.00314832
2438,0.00366170
2439,0.00403895
2440,0.00200073
2441,0.03857281
2442,0.00242492
2443,0.00793357
2444,0.00311923
2445,0.00135469
2446,0.00200441
2447,0.00076371
2448,0.03809151
2449,0.00378823
2450,0.00036737
2451,0.03469827
2452,0.01548159
2453,0.00078361
2454,0.00162529
2455,0.00077399
2456,0.00200039
2457,0.00193898
2458,0.00172392
2459,0.01119596
2460,0.00209094
2461,0.00059459
2462,0.00145452
2463,0.00597791
2464,0.00813033
2465,0.01333783
2466,0.01962829
2467,0.02411985
2468,0.00153163
2469,0.01031614
2470,0.00213847
2471,0.00179473
2472,0.01024086
2473,0.00184767
2474,0.00140561
2475,0.01453884
2476,0.00078895
2477,0.00374172
2478,0.00141781
2479,0.00403852
2480,0.31178288
2481,0.00149900
2482,0.00252179
2483,0.00010542
2484,0.00334759
2485,0.00842157
2486,0.00062805
2487,0.00527670
2488,0.00880207
2489,0.00128582
2490,0.00485232
2491,0.01447039
2492,0.00233101
2493,0.00094201
2494,0.00317428
2495,0.00535761
2496,0.00207128
2497,0.00106968
2498,0.01532056
2499,0.00483629
2500,0.00359799
2501,0.00001935
2502,0.00814510
2503,0.00506864
2504,0.02647611
2505,0.03536029
2506,0.00236174
2507,0.00184777
2508,0.00044577
2509,0.00171278
2510,0.00000277
2511,0.00308952
2512,0.99123361
2513,0.00114952
2514,0.00538198
2515,0.00334608
2516,0.00939664
2517,0.02411450
2518,0.00214414
2519,0.00073046
2520,0.00077491
2521,0.00278523
2522,0.03735013
2523,0.00100212
2524,0.00033789
2525,0.00218664
2526,0.00073700
2527,0.00296792
2528,0.00043170
2529,0.00415326
2530,0.00032097
2531,0.00153354
2532,0.00506260
2533,0.00067327
2534,0.00171760
2535,0.00077154
2536,0.00402860
2537,0.00152108
2538,0.00156584
2539,0.00036962
2540,0.00270270
2541,0.00391881
2542,0.00916199
2543,0.00290703
2544,0.00286988
2545,0.00125539
2546,0.01384209
2547,0.00040847
2548,0.00164674
2549,0.00268688
2550,0.00042306
2551,0.00835806
2552,0.00849417
2553,0.00141693
2554,0.01928646
2555,0.07206817
2556,0.00548235
2557,0.00397852
2558,0.04007125
2559,0.00090251
2560,0.00314422
2561,0.00159584
2562,0.00102680
2563,0.00083063
2564,0.00403471
2565,0.00850150
2566,0.00299988
2567,0.00000354
2568,0.02039078
2569,0.00027899
2570,0.00367306
2571,0.00127948
2572,0.00580542
2573,0.00097652
2574,0.00227544
2575,0.00214398
2576,0.01314010
2577,0.00566795
2578,0.00075519
2579,0.00142631
2580,0.00075934
2581,0.00166162
2582,0.00333073
2583,0.00355290
2584,0.00074904
2585,0.00118424
2586,0.00073506
2587,0.00132135
2588,0.00206128
2589,0.03784339
2590,0.00148423
2591,0.00129352
2592,0.02351564
2593,0.00391213
2594,0.01170669
2595,0.00236233
2596,0.00191893
2597,0.03357465
2598,0.01006253
2599,0.00207462
2600,0.00426363
2601,0.00217101
2602,0.00608029
2603,0.00135436
2604,0.00367545
2605,0.00428920
2606,0.00000362
2607,0.00167518
2608,0.01284824
2609,0.00133140
2610,0.00144336
2611,0.00329725
2612,0.01310136
2613,0.00180394
2614,0.00322562
2615,0.03530262
2616,0.00407161
2617,0.00236487
2618,0.00777688
2619,0.00415169
2620,0.00328670
2621,0.00078162
2622,0.00146491
2623,0.00079148
2624,0.00180736
2625,0.00119035
2626,0.01870460
2627,0.00076403
2628,0.00159866
2629,0.00878150
2630,0.00565337
2631,0.00590575
2632,0.00004882
2633,0.01280972
2634,0.00132198
2635,0.01414754
2636,0.00081922
2637,0.00072368
2638,0.00001363
2639,0.00030348
2640,0.00378037
2641,0.00845258
2642,0.00132684
2643,0.00036315
2644,0.00217232
2645,0.01969582
2646,0.00323088
2647,0.03689708
2648,0.00030642
2649,0.00143283
2650,0.00219567
2651,0.00125207
2652,0.00205363
2653,0.00075530
2654,0.00215566
2655,0.00162537
2656,0.00413060
2657,0.00406902
2658,0.00183282
2659,0.00191107
2660,0.00175362
2661,0.00000043
2662,0.00213289
2663,0.00222145
2664,0.00167091
2665,0.00145603
2666,0.00744959
2667,0.00352116
2668,0.00002262
2669,0.00721113
2670,0.00175443
2671,0.00000040
2672,0.03775056
2673,0.00148218
2674,0.00900194
2675,0.00188506
2676,0.00214981
2677,0.00326611
2678,0.00316852
2679,0.00139785
2680,0.00012230
2681,0.00212330
2682,0.00068564
2683,0.00186244
2684,0.00203397
2685,0.00384798
2686,0.00439750
2687,0.00370275
2688,0.00183950
2689,0.00286967
2690,0.00081541
2691,0.00956251
2692,0.00396017
2693,0.00129472
2694,0.00129765
2695,0.00212172
2696,0.00367906
2697,0.03887480
2698,0.00058897
2699,0.00082195
2700,0.00935871
2701,0.00109087
2702,0.00133663
2703,0.00041506
2704,0.00323526
2705,0.00037027
2706,0.00096729
2707,0.00184345
2708,0.00175824
2709,0.00120271
2710,0.00063336
2711,0.00147628
2712,0.02194117
2713,0.00449005
2714,0.03596468
2715,0.00175180
2716,0.00206681
2717,0.00423800
2718,0.00359052
2719,0.00167338
2720,0.46751301
2721,0.00042676
2722,0.00382597
2723,0.00073817
2724,0.00341150
2725,0.00349304
2726,0.00924097
2727,0.00093764
2728,0.00212680
2729,0.00410679
2730,0.00118507
2731,0.00226193
2732,0.01331603
2733,0.00406755
2734,0.00454241
2735,0.00401294
2736,0.00119631
2737,0.02423740
2738,0.00441560
2739,0.00247898
2740,0.05496237
2741,0.00096491
2742,0.00226893
2743,0.00368958
2744,0.00189540
2745,0.00036199
2746,0.01293867
2747,0.00083460
2748,0.00579217
2749,0.00236394
2750,0.00917656
2751,0.00086685
2752,0.00013503
2753,0.00601929
2754,0.00301970
2755,0.00056686
2756,0.00092871
2757,0.00301841
2758,0.03719963
2759,0.01680373
2760,0.03660102
2761,0.00573866
2762,0.00165206
2763,0.00343348
2764,0.00444212
2765,0.00027565
2766,0.04000126
2767,0.00199980
2768,0.00202932
2769,0.03166660
2770,0.01329051
2771,0.00884137
2772,0.01620399
2773,0.00128962
2774,0.00034260
2775,0.00218178
2776,0.00137481
2777,0.00692194
2778,0.03781928
2779,0.02313857
2780,0.00914644
2781,0.00933083
2782,0.00173869
2783,0.00089588
2784,0.00550539
2785,0.00114884
2786,0.00077775
2787,0.00034640
2788,0.00185948
2789,0.01320672
2790,0.00889438
2791,0.00040553
2792,0.01293416
2793,0.03620170
2794,0.02134339
2795,0.00692224
2796,0.00101976
2797,0.00175625
2798,0.00943211
2799,0.00266246
2800,0.00128807
2801,0.00076218
2802,0.00048304
2803,0.00074648
2804,0.00137886
2805,0.00191669
2806,0.00397582
2807,0.03430935
2808,0.00214793
2809,0.01203155
2810,0.00171746
2811,0.00041025
2812,0.00907755
2813,0.00130273
2814,0.00437893
2815,0.00159775
2816,0.00753615
2817,0.00187997
2818,0.00111525
2819,0.00852176
2820,0.00386960
2821,0.00222168
2822,0.00348373
2823,0.00000020
2824,0.00381866
2825,0.00730033
2826,0.00330430
2827,0.01142276
2828,0.00969091
2829,0.03096249
2830,0.00034062
2831,0.00245944
2832,0.00376043
2833,0.00036341
2834,0.00000217
2835,0.00256051
2836,0.00204972
2837,0.00988490
2838,0.00811339
2839,0.00416839
2840,0.00143538
2841,0.00132497
2842,0.00349283
2843,0.00053625
2844,0.00075686
2845,0.00075501
2846,0.00142434
2847,0.00359424
2848,0.00869802
2849,0.00922865
2850,0.00034097
2851,0.00403950
2852,0.00168695
2853,0.00547062
2854,0.00207436
2855,0.00481169
2856,0.00369252
2857,0.00241792
2858,0.00427586
2859,0.00124733
2860,0.00068473
2861,0.00322975
2862,0.00340506
2863,0.00374588
2864,0.00921924
2865,0.03990851
2866,0.01406643
2867,0.00823436
2868,0.00299434
2869,0.00120393
2870,0.00138182
2871,0.00380796
2872,0.00064131
2873,0.00002087
2874,0.00150447
2875,0.00069529
2876,0.00152083
2877,0.00587283
2878,0.00209898
2879,0.00179142
2880,0.03213827
2881,0.00799137
2882,0.00242470
2883,0.01413258
2884,0.00192935
2885,0.00077068
2886,0.00001537
2887,0.00186612
2888,0.00869171
2889,0.00738504
2890,0.00274035
2891,0.00568119
2892,0.00685901
2893,0.03753474
2894,0.01125216
2895,0.00787310
2896,0.00036730
2897,0.00333314
2898,0.00371901
2899,0.00501227
2900,0.02745625
2901,0.00183593
2902,0.00428072
2903,0.03940820
2904,0.00146914
2905,0.00374795
2906,0.00032114
2907,0.03210616
2908,0.00517829
2909,0.00074025
2910,0.00521031
2911,0.00403766
2912,0.00000063
2913,0.00243538
2914,0.00565703
2915,0.00110584
2916,0.03955440
2917,0.00076820
2918,0.00478110
2919,0.00083486
2920,0.00275373
2921,0.00332670
2922,0.00325282
2923,0.00114986
2924,0.00271690
2925,0.00205351
2926,0.00043607
2927,0.00012489
2928,0.00472508
2929,0.00184050
2930,0.00101402
2931,0.00184660
2932,0.00034377
2933,0.00117930
2934,0.00092069
2935,0.01812871
2936,0.00414047
2937,0.00087571
2938,0.00268230
2939,0.00219601
2940,0.00065766
2941,0.01025492
2942,0.00047755
2943,0.02397169
2944,0.00562400
2945,0.00150603
2946,0.67223678
2947,0.01344377
2948,0.00000032
2949,0.00139066
2950,0.00032694
2951,0.00166925
2952,0.00840959
2953,0.00031512
2954,0.01356014
2955,0.00273902
2956,0.00410103
2957,0.00150732
2958,0.02786587
2959,0.00151424
2960,0.02116853
2961,0.00544622
2962,0.00297430
2963,0.00092915
2964,0.00036049
2965,0.01144007
2966,0.00358252
2967,0.00907114
2968,0.03668820
2969,0.00304518
2970,0.00414933
2971,0.00358637
2972,0.00150699
2973,0.00224501
2974,0.00427947
2975,0.00129176
2976,0.00368987
2977,0.00219867
2978,0.02353977
2979,0.00263123
2980,0.00422989
2981,0.00455419
2982,0.00151316
2983,0.00313198
2984,0.00235746
2985,0.00072742
2986,0.00295020
2987,0.00134537
2988,0.00431548
2989,0.00040440
2990,0.00031901
2991,0.01688608
2992,0.00151817
2993,0.00178722
2994,0.00031842
2995,0.00487350
2996,0.00242887
2997,0.00558345
2998,0.00440954
2999,0.00389490
3000,0.00855911
3001,0.00423395
3002,0.00295646
3003,0.00415999
3004,0.00150704
3005,0.00279995
3006,0.00844844
3007,0.00139765
3008,0.00153860
3009,0.00401161
3010,0.01002991
3011,0.00150785
3012,0.00181403
3013,0.00039511
3014,0.00166121
3015,0.00038303
3016,0.00398755
3017,0.00150508
3018,0.00268962
3019,0.01299041
3020,0.00118640
3021,0.00283354
3022,0.00344867
3023,0.00133129
3024,0.00463448
3025,0.01362229
3026,0.00196959
3027,0.00584559
3028,0.01287000
3029,0.00087829
3030,0.01953041
3031,0.00421086
3032,0.03210465
3033,0.00330494
3034,0.02171569
3035,0.00229677
3036,0.00212522
3037,0.00042486
3038,0.00133479
3039,0.00085290
3040,0.27384014
3041,0.00115028
3042,0.00036124
3043,0.01846397
3044,0.04069345
3045,0.00141508
3046,0.03912215
3047,0.00477080
3048,0.00088427
3049,0.03032258
3050,0.00060115
3051,0.00874128
3052,0.00072333
3053,0.00217296
3054,0.01376969
3055,0.01255183
3056,0.00426824
3057,0.00039520
3058,0.00086801
3059,0.00153334
3060,0.00415680
3061,0.00445480
3062,0.00093298
3063,0.00228245
3064,0.00038673
3065,0.00843177
3066,0.00178371
3067,0.00194333
3068,0.00524364
3069,0.00264663
3070,0.00135928
3071,0.00147280
3072,0.00155713
3073,0.00039722
3074,0.00409274
3075,0.00489443
3076,0.00039967
3077,0.94131308
3078,0.02566362
3079,0.00876909
3080,0.00364864
3081,0.00565952
3082,0.00399612
3083,0.00608128
3084,0.00382873
3085,0.00214411
3086,0.00323869
3087,0.00275685
3088,0.00191769
3089,0.00681018
3090,0.01008362
3091,0.00442881
3092,0.01369909
3093,0.01376377
3094,0.00914842
3095,0.00305487
3096,0.00033129
3097,0.00001823
3098,0.00168313
3099,0.00141002
3100,0.00353886
3101,0.01600256
3102,0.00396843
3103,0.00241061
3104,0.02524596
3105,0.00087070
3106,0.00073425
3107,0.00409826
3108,0.01871003
3109,0.00087633
3110,0.00297455
3111,0.00092113
3112,0.01329108
3113,0.03484112
3114,0.00411305
3115,0.00306030
3116,0.00998338
3117,0.00056536
3118,0.00319086
3119,0.00107538
3120,0.00870529
3121,0.01027114
3122,0.00775981
3123,0.00357896
3124,0.00262304
3125,0.00325098
3126,0.00246993
3127,0.00088796
3128,0.00365044
3129,0.00594196
3130,0.00959226
3131,0.00417736
3132,0.00430783
3133,0.00076121
3134,0.00302360
3135,0.00092754
3136,0.00061229
3137,0.00998908
3138,0.00145483
3139,0.00157141
3140,0.00101716
3141,0.00042022
3142,0.00564718
3143,0.01368171
3144,0.00303214
3145,0.00352719
3146,0.02181525
3147,0.00220458
3148,0.11403005
3149,0.00557121
3150,0.00157341
3151,0.00080960
3152,0.00373196
3153,0.00043774
3154,0.00007276
3155,0.00131688
3156,0.01394633
3157,0.03116428
3158,0.00353679
3159,0.03198416
3160,0.00751626
3161,0.00330110
3162,0.00133654
3163,0.00181609
3164,0.00091169
3165,0.00908158
3166,0.00436035
3167,0.00036531
3168,0.00183737
3169,0.00345095
3170,0.01612083
3171,0.00148973
3172,0.00139986
3173,0.00176012
3174,0.00093920
3175,0.01456369
3176,0.00537570
3177,0.00639615
3178,0.00043459
3179,0.00404446
3180,0.00839082
3181,0.00340296
3182,0.01266071
3183,0.03585965
3184,0.00091957
3185,0.00139524
3186,0.00038393
3187,0.00333221
3188,0.00170391
3189,0.00208056
3190,0.00867284
3191,0.00007522
3192,0.00300709
3193,0.00151704
3194,0.00074169
3195,0.00185128
3196,0.01168441
3197,0.00074271
3198,0.00221637
3199,0.03667767
3200,0.00223637
3201,0.01531476
3202,0.00344128
3203,0.00512720
3204,0.00034725
3205,0.00135097
3206,0.00170132
3207,0.00038388
3208,0.01685543
3209,0.00003606
3210,0.00229204
3211,0.00129710
3212,0.00178317
3213,0.01795896
3214,0.00445363
3215,0.00144999
3216,0.00032680
3217,0.01255073
3218,0.00142933
3219,0.00083692
3220,0.00228682
3221,0.00397821
3222,0.00205651
3223,0.00258745
3224,0.01293330
3225,0.00599429
3226,0.00262615
3227,0.00034277
3228,0.00042867
3229,0.00935053
3230,0.02973526
3231,0.00045772
3232,0.00179627
3233,0.00398055
3234,0.01484270
3235,0.00117474
3236,0.03504435
3237,0.00382162
3238,0.00404106
3239,0.00179771
3240,0.03177001
3241,0.00341733
3242,0.00419612
3243,0.00321421
3244,0.03812195
3245,0.00314359
3246,0.00371638
3247,0.00463175
3248,0.00089607
3249,0.00029803
3250,0.01387085
3251,0.00098199
3252,0.00422640
3253,0.00556366
3254,0.03852060
3255,0.03429364
3256,0.00620864
3257,0.00086078
3258,0.00356043
3259,0.00094399
3260,0.03865198
3261,0.00406440
3262,0.00158971
3263,0.00199878
3264,0.00088927
3265,0.00107596
3266,0.00036430
3267,0.00400518
3268,0.00219078
3269,0.00042475
3270,0.00052652
3271,0.00189905
3272,0.00003421
3273,0.00343995
3274,0.00042341
3275,0.00173010
3276,0.00055119
3277,0.00236452
3278,0.00141208
3279,0.00258491
3280,0.00169368
3281,0.00203627
3282,0.01379269
3283,0.00073379
3284,0.00408686
3285,0.00000271
3286,0.02061762
3287,0.00231473
3288,0.01888727
3289,0.00142658
3290,0.00000120
3291,0.00143228
3292,0.00487017
3293,0.03425642
3294,0.02859726
3295,0.00294865
3296,0.01547751
3297,0.00144485
3298,0.03507575
3299,0.00043052
3300,1.09819824
3301,0.00132160
3302,0.00616805
3303,0.03684397
3304,0.00170363
3305,0.00364643
3306,0.00325148
3307,0.00172263
3308,0.00417194
3309,0.03949847
3310,0.00675337
3311,0.00402086
3312,0.00183310
3313,0.00128052
3314,0.03054126
3315,0.00320812
3316,0.00035079
3317,0.00374015
3318,0.00369983
3319,0.00146427
3320,0.00152072
3321,0.00187309
3322,0.02037258
3323,0.00033240
3324,0.00304769
3325,0.00197846
3326,0.00087450
3327,0.00359624
3328,0.00327108
3329,0.00133614
3330,0.01450445
3331,0.00036334
3332,0.00887007
3333,0.00838624
3334,0.00366989
3335,0.00038732
3336,0.00169772
3337,0.01308728
3338,0.00032238
3339,0.02069660
3340,0.00386516
3341,0.00476992
3342,0.00401190
3343,0.00778353
3344,0.00164400
3345,0.00365426
3346,0.00087295
3347,0.00876962
3348,0.00036497
3349,0.00059035
3350,0.00038360
3351,0.00172070
3352,0.00279547
3353,0.00125350
3354,0.00179217
3355,0.02775805
3356,0.00392733
3357,0.00010134
3358,0.03644201
3359,0.00144315
3360,0.00032256
3361,0.00738512
3362,0.00456115
3363,0.03286665
3364,0.00087624
3365,0.00395105
3366,0.00188282
3367,0.00172711
3368,0.00158109
3369,0.00183492
3370,0.00108994
3371,0.00333384
3372,0.00087080
3373,0.00291765
3374,0.03411877
3375,0.00068541
3376,0.00522044
3377,0.00363492
3378,0.01466000
3379,0.00187020
3380,0.00337632
3381,0.00118063
3382,0.03029734
3383,0.00176984
3384,0.00933202
3385,0.00140268
3386,0.00219484
3387,0.00092824
3388,0.00431506
3389,0.00137668
3390,0.00384358
3391,0.00842926
3392,0.00628104
3393,0.00116073
3394,0.02285538
3395,0.03153880
3396,0.00190116
3397,0.00043785
3398,0.00217663
3399,0.02468415
3400,0.00156886
3401,0.03678025
3402,0.00173499
3403,0.02420298
3404,0.00060281
3405,0.00000565
3406,0.00352912
3407,0.00903325
3408,0.00073865
3409,0.00241753
3410,1.18965150
3411,0.00183137
3412,0.00187415
3413,0.02198949
3414,0.03138525
3415,0.00363877
3416,0.00372086
3417,0.00727256
3418,0.00574730
3419,0.00043449
3420,0.00149898
3421,0.00521779
3422,0.03907825
3423,0.03818340
3424,0.00311469
3425,0.00130304
3426,0.00321784
3427,0.00136040
3428,0.00214799
3429,0.00202622
3430,0.00159283
3431,0.00403536
3432,0.00153089
3433,0.00407135
3434,0.02243064
3435,0.00179996
3436,0.00991044
3437,0.00145930
3438,0.00130625
3439,0.00927686
3440,0.00178476
3441,0.00032217
3442,0.04074965
3443,0.00265325
3444,0.00209520
3445,0.00159906
3446,0.00146477
3447,0.00201084
3448,0.00071081
3449,0.01099740
3450,0.02448574
3451,0.00343276
3452,0.00130168
3453,0.00043704
3454,0.02178348
3455,0.00208846
3456,0.00143746
3457,0.00139899
3458,0.00208258
3459,0.00881031
3460,0.00343799
3461,0.03559306
3462,0.01941255
3463,0.00420496
3464,0.00682645
3465,0.03548589
3466,0.00395936
3467,0.00041330
3468,0.00213075
3469,0.00143604
3470,0.00137456
3471,0.00088631
3472,0.02226481
3473,0.00160831
3474,0.00340372
3475,0.00140564
3476,0.00982543
3477,0.00477198
3478,0.00087131
3479,0.00186073
3480,0.00373711
3481,0.00721991
3482,0.02888073
3483,0.00115418
3484,0.00360301
3485,0.01331958
3486,0.34324102
3487,0.00103659
3488,0.03710251
3489,0.00093493
3490,0.00356314
3491,0.00294325
3492,0.00180352
3493,0.00074164
3494,0.00433276
3495,0.01469515
3496,0.02147952
3497,0.00760447
3498,0.00137698
3499,0.03487968
3500,0.00156974
3501,0.00192188
3502,0.00443866
3503,0.00120911
3504,0.00386326
3505,0.00366688
3506,0.00178901
3507,0.00407218
3508,0.03840339
3509,0.01488855
3510,0.00203474
3511,0.07049750
3512,0.00040457
3513,0.00042964
3514,0.00036156
3515,0.00189884
3516,0.02852077
3517,0.00858303
3518,0.00392485
3519,0.01289998
3520,0.00157316
3521,0.00117611
3522,0.00334432
3523,0.01503577
3524,0.00727681
3525,0.00157991
3526,0.00034077
3527,0.00346190
3528,0.00103541
3529,0.01138133
3530,0.01451482
3531,0.00272823
3532,0.71240630
3533,0.00262334
3534,0.00273124
3535,0.03874618
3536,0.00082516
3537,0.00500420
3538,0.00111283
3539,0.00135232
3540,0.00196535
3541,0.00186277
3542,0.00302013
3543,0.00151504
3544,0.00146277
3545,0.00412535
3546,0.00189077
3547,0.00208917
3548,0.00882253
3549,0.02133014
3550,0.03791735
3551,0.00038336
3552,0.00039063
3553,0.00430521
3554,0.04193885
3555,0.00144656
3556,0.00148820
3557,0.07202724
3558,0.00357164
3559,0.00184427
3560,0.00265637
3561,0.00410851
3562,0.00040732
3563,0.00157250
3564,0.00326001
3565,0.00427112
3566,0.00169329
3567,0.01520866
3568,0.00128602
3569,0.00088584
3570,0.00145859
3571,0.00136567
3572,0.00580746
3573,0.00330428
3574,0.00335573
3575,0.03859678
3576,0.00065112
3577,0.00034140
3578,0.14085053
3579,0.03697036
3580,0.00210199
3581,0.00033487
3582,0.00044858
3583,0.00502671
3584,0.00001205
3585,0.00388157
3586,0.00307954
3587,0.02241081
3588,0.00011664
3589,0.00144721
3590,0.00449786
3591,0.00346826
3592,0.00327883
3593,0.01478347
3594,0.01205695
3595,0.00078355
3596,0.00408286
3597,0.02189845
3598,0.00430814
3599,0.00165234
3600,0.00390115
3601,0.00074771
3602,0.00417366
3603,0.03944428
3604,0.00084952
3605,0.00320846
3606,0.00000130
3607,0.00135784
3608,0.00073824
3609,0.00372824
3610,0.00395943
3611,0.00250019
3612,0.01155770
3613,0.00120468
3614,0.29181170
3615,0.02192852
3616,0.00333738
3617,0.00421039
3618,0.00318708
3619,0.00199145
3620,0.00308883
3621,0.00134758
3622,0.00134251
3623,0.00001560
3624,0.00371607
3625,0.03519161
3626,0.00424536
3627,0.00212419
3628,0.00310496
3629,0.00347965
3630,0.00206468
3631,0.01004308
3632,0.00393123
3633,0.00031205
3634,0.00211510
3635,0.00376276
3636,0.00213390
3637,0.00102819
3638,0.00217767
3639,0.00519524
3640,0.00072300
3641,0.00607234
3642,0.00185626
3643,0.01319603
3644,0.03598811
3645,0.00015292
3646,0.00069784
3647,0.00933456
3648,0.00302434
3649,0.02789114
3650,0.00506496
3651,0.00379652
3652,0.00158848
3653,0.00382850
3654,0.00310036
3655,0.00757256
3656,0.00136683
3657,0.00524482
3658,0.00597077
3659,0.00177016
3660,0.00220824
3661,0.00000063
3662,0.00953139
3663,0.00274703
3664,0.00899633
3665,0.00266534
3666,0.00023891
3667,0.00040665
3668,0.00214155
3669,0.00513781
3670,0.00161157
3671,0.00179677
3672,0.00282778
3673,0.00196439
3674,0.00142569
3675,0.00076097
3676,0.00045809
3677,0.00391551
3678,0.00937442
3679,0.00591126
3680,0.00458716
3681,0.02187947
3682,0.00843567
3683,0.00197675
3684,0.01236942
3685,0.00074754
3686,0.00112226
3687,0.01244176
3688,0.03902323
3689,0.00299900
3690,0.00183280
3691,0.00348106
3692,0.00125895
3693,0.00067966
3694,0.00457436
3695,0.00036704
3696,0.01300406
3697,0.00214351
3698,0.00174116
3699,0.03649730
3700,0.00784101
3701,0.02322302
3702,0.00768953
3703,0.00002608
3704,0.00307547
3705,0.00040045
3706,0.03979533
3707,0.25631728
3708,0.00000215
3709,0.00049026
3710,0.00327151
3711,0.00033445
3712,0.03221757
3713,0.03584684
3714,0.00134866
3715,0.00106447
3716,0.00035515
3717,0.00335247
3718,0.01910716
3719,0.00553952
3720,0.00299770
3721,0.00191623
3722,0.00386118
3723,0.00085100
3724,0.00180201
3725,0.00402786
3726,0.00000070
3727,0.00243974
3728,0.00868849
3729,0.00042392
3730,0.00191346
3731,0.00838710
3732,0.00020335
3733,0.00306462
3734,0.01379332
3735,0.00224802
3736,0.00713916
3737,0.01471724
3738,0.00246156
3739,0.00186414
3740,0.02024775
3741,0.01335444
3742,0.00092162
3743,0.00059538
3744,0.00446917
3745,0.00300874
3746,0.01535941
3747,0.00372360
3748,0.00531559
3749,0.00061110
3750,0.00198218
3751,0.00387893
3752,0.00114209
3753,0.02382798
3754,0.00267622
3755,0.00096797
3756,0.00150751
3757,0.00332270
3758,0.03922275
3759,0.11785946
3760,0.00233584
3761,0.00079894
3762,0.00171800
3763,0.00192673
3764,0.00042033
3765,0.00063619
3766,0.00000360
3767,0.02076893
3768,0.00028212
3769,0.00220509
3770,0.00344367
3771,0.00032226
3772,0.00154365
3773,0.00817496
3774,0.00316893
3775,0.00409240
3776,0.00179092
3777,0.03657865
3778,0.00324603
3779,0.00262410
3780,0.00745215
3781,0.00138801
3782,0.00419220
3783,0.00321444
3784,0.00146024
3785,0.00409894
3786,0.00652094
3787,0.01902660
3788,0.00237045
3789,0.00076075
3790,0.00847477
3791,0.00487247
3792,0.00599307
3793,0.00077025
3794,0.00200949
3795,0.02017086
3796,0.00367614
3797,0.00416659
3798,0.00000042
3799,0.00075769
3800,0.00002398
3801,0.00198056
3802,0.00503986
3803,0.00061359
3804,0.00146300
3805,0.00474077
3806,0.03027046
3807,0.00351212
3808,0.04032766
3809,0.00149369
3810,0.00864776
3811,0.00227190
3812,0.01331261
3813,0.00462763
3814,0.01218941
3815,0.00032577
3816,0.00339028
3817,0.00174107
3818,0.00595110
3819,0.00350743
3820,0.00349077
3821,0.00322537
3822,0.00537973
3823,0.00820541
3824,0.00660940
3825,0.00209368
3826,0.00434149
3827,0.00962606
3828,0.01767264
3829,0.00203685
3830,0.01188659
3831,0.00003417
3832,0.00189150
3833,0.00983404
3834,0.00156815
3835,0.00348385
3836,0.00371941
3837,0.02059664
3838,0.00596391
3839,0.00145687
3840,0.00063017
3841,0.00894036
3842,0.00094431
3843,0.00430006
3844,0.00074584
3845,0.00238098
3846,0.00040340
3847,0.00430794
3848,0.00435281
3849,0.32006156
3850,0.00423744
3851,0.00341878
3852,0.00076147
3853,0.00438668
3854,0.00388593
3855,0.00925540
3856,0.00143233
3857,0.02893804
3858,0.00126762
3859,0.00032638
3860,0.00355931
3861,0.00034315
3862,0.02008076
3863,0.00172930
3864,0.00390804
3865,0.01918742
3866,0.00139174
3867,0.00066835
3868,0.01695991
3869,0.00587615
3870,0.00046952
3871,0.00359654
3872,0.00158359
3873,0.00414176
3874,0.00000562
3875,0.01364343
3876,0.00144468
3877,0.00449424
3878,0.00372235
3879,0.00036567
3880,0.00106781
3881,0.03650261
3882,0.00121429
3883,0.01515231
3884,0.00058294
3885,0.01409149
3886,0.00614343
3887,0.00084936
3888,0.00702996
3889,0.00003424
3890,0.00529666
3891,0.00441276
3892,0.00147144
3893,0.00204829
3894,0.00180068
3895,0.00312955
3896,0.00083620
3897,0.00001094
3898,0.03340066
3899,0.00036469
3900,0.00202597
3901,0.00031516
3902,0.00039642
3903,0.00418623
3904,0.00074604
3905,0.00155726
3906,0.00059660
3907,0.00143991
3908,0.02013273
3909,0.00212263
3910,0.00149680
3911,0.00000689
3912,0.57491294
3913,0.00345159
3914,1.59212030
3915,0.00213310
3916,0.00392980
3917,0.00073552
3918,0.00380729
3919,0.00196859
3920,0.00566855
3921,0.00000266
3922,0.00456502
3923,0.02220602
3924,0.00208522
3925,0.00150900
3926,0.03639780
3927,0.00036948
3928,0.03339771
3929,0.00379667
3930,0.00122537
3931,0.00339363
3932,0.00359357
3933,0.00333894
3934,0.00107177
3935,0.00008825
3936,0.00029739
3937,0.00123162
3938,0.00489952
3939,0.00208694
3940,0.00044598
3941,0.00183142
3942,0.04019716
3943,0.00128194
3944,0.76662188
3945,0.00073020
3946,0.00035816
3947,0.00148793
3948,0.00435815
3949,0.00208386
3950,0.00337096
3951,0.00037653
3952,0.00364204
3953,0.01566435
3954,0.02117213
3955,0.00202645
3956,0.00000377
3957,0.00432207
3958,0.00207651
3959,0.00277608
3960,0.00578794
3961,0.00181008
3962,0.00727466
3963,0.00401212
3964,0.00150788
3965,0.00219626
3966,0.00076424
3967,0.00909806
3968,0.00336078
3969,0.02585371
3970,0.01831763
3971,0.68651820
3972,0.00042782
3973,0.01347782
3974,0.00184951
3975,0.00128310
3976,0.00074344
3977,0.00268552
3978,0.00423913
3979,0.00714589
3980,0.00278457
3981,0.00541421
3982,0.00728480
3983,0.00227349
3984,0.00493418
3985,0.00410831
3986,0.00032718
3987,0.02849081
3988,0.01358483
3989,0.00253098
3990,0.00179701
3991,0.00183069
3992,0.00186435
3993,0.00137928
3994,0.00172623
3995,0.00413124
3996,0.00413942
3997,0.00330878
3998,0.00428844
3999,0.01779303
4000,0.00035335
4001,0.00146475
4002,0.00041305
4003,0.00119404
4004,0.00149336
4005,0.00038110
4006,0.01530290
4007,0.03190110
4008,0.02603685
4009,0.00389279
4010,0.00035651
4011,0.00233275
4012,0.00034775
4013,0.00321499
4014,0.00911102
4015,0.00359998
4016,0.00351647
4017,0.00146024
4018,0.00175346
4019,0.00317458
4020,0.00455477
4021,0.01225073
4022,0.00207324
4023,0.00043575
4024,0.00079503
4025,0.00006664
4026,0.00570887
4027,0.00306756
4028,0.00805239
4029,0.00041760
4030,0.00368695
4031,0.00000022
4032,0.00038563
4033,0.00196635
4034,0.00185125
4035,0.00354869
4036,0.00094054
4037,0.00235914
4038,0.02066834
4039,0.04143595
4040,0.00911389
4041,0.00072141
4042,0.00212115
4043,0.00176524
4044,0.00222124
4045,0.00208918
4046,0.00142333
4047,0.00279332
4048,0.00766785
4049,0.00890984
4050,0.00202260
4051,0.01933801
4052,0.00202810
4053,0.00190117
4054,0.00163483
4055,0.00150454
4056,0.00139346
4057,0.00379661
4058,0.00449357
4059,0.00188557
4060,0.00281575
4061,0.00029971
4062,0.00000518
4063,0.00225394
4064,0.01529780
4065,0.00173119
4066,0.00875154
4067,0.00529956
4068,0.03019272
4069,0.00130245
4070,0.00333120
4071,0.00130923
4072,0.00166908
4073,0.00192229
4074,0.00100313
4075,0.00175092
4076,0.00372225
4077,0.00034089
4078,0.00145713
4079,0.00368305
4080,0.00607781
4081,0.00181206
4082,0.00207793
4083,0.00085059
4084,0.00000585
4085,0.00115694
4086,0.00424810
4087,0.00113661
4088,0.00058394
4089,0.00075444
4090,0.00158814
4091,0.00041395
4092,0.00180776
4093,0.00831420
4094,0.03493393
4095,0.00096441
4096,0.00132423
4097,0.00170801
4098,0.00180075
4099,0.02020082
4100,0.00080929
4101,0.00041162
4102,0.03460974
4103,0.00439660
4104,0.00183575
4105,0.00159447
4106,0.01435398
4107,0.00328958
4108,0.00200303
4109,0.00394463
4110,0.00181957
4111,0.00422727
4112,0.00001520
4113,0.01824199
4114,0.00389282
4115,0.01353811
4116,0.00033641
4117,0.00123450
4118,0.00089347
4119,0.00384400
4120,0.00000747
4121,0.78950497
4122,0.00100024
4123,0.00081777
4124,0.00090455
4125,0.01300239
4126,0.00000009
4127,0.01155509
4128,0.00320430
4129,0.00135614
4130,0.00199168
4131,0.00039776
4132,0.00071029
4133,0.00418488
4134,0.00222456
4135,0.03590510
4136,0.00888815
4137,0.00082004
4138,0.00346608
4139,0.00031471
4140,0.00561573
4141,0.00144872
4142,0.00356350
4143,0.00220556
4144,0.00778218
4145,0.00067937
4146,0.00067902
4147,0.01543320
4148,0.00250060
4149,0.00407669
4150,0.00700837
4151,0.03838307
4152,0.00047702
4153,0.00153000
4154,0.00418262
4155,0.00414803
4156,0.00887808
4157,0.00227123
4158,0.00207915
4159,0.02878558
4160,0.00085628
4161,0.00039241
4162,0.00004989
4163,0.00039873
4164,0.00856931
4165,0.00763487
4166,0.00034030
4167,0.00064216
4168,0.00161722
4169,0.00195505
4170,0.00347814
4171,0.00571861
4172,0.00173809
4173,0.00033637
4174,0.00342590
4175,0.00481448
4176,0.00141676
4177,0.00321192
4178,0.00092200
4179,0.00171748
4180,0.03496667
4181,1.19153614
4182,0.00399178
4183,0.00205920
4184,0.00358154
4185,0.00224667
4186,0.00303459
4187,0.00039646
4188,0.01290550
4189,0.00740599
4190,0.00096380
4191,0.00376622
4192,0.02257619
4193,0.00952303
4194,0.00075033
4195,0.00227437
4196,0.01519606
4197,0.00119683
4198,0.03438455
4199,0.00922271
4200,0.00127793
4201,0.00239044
4202,0.00483266
4203,0.00262647
4204,0.00545314
4205,0.03414480
4206,0.00414865
4207,0.00075330
4208,0.00353751
4209,0.00192929
4210,0.00358903
4211,0.00849538
4212,0.00398743
4213,0.00779092
4214,0.00361887
4215,0.00273742
4216,0.00302904
4217,0.01402440
4218,0.00948777
4219,0.00134837
4220,0.47019649
4221,0.00094969
4222,0.00073390
4223,0.00140918
4224,0.00113257
4225,0.00283641
4226,0.00102863
4227,0.00360304
4228,0.00336632
4229,0.00924521
4230,0.01269852
4231,0.00565184
4232,0.00123587
4233,0.00432629
4234,0.00246942
4235,0.00087940
4236,0.00295803
4237,0.00001800
4238,0.00119098
4239,0.00077178
4240,0.00130548
4241,0.00549378
4242,0.00216944
4243,0.00169304
4244,0.00073162
4245,0.00418483
4246,0.00042341
4247,0.00084373
4248,0.00035710
4249,0.00207033
4250,0.00389677
4251,0.00320066
4252,0.00397856
4253,0.00592731
4254,0.00130926
4255,0.00311673
4256,0.03015772
4257,0.00577578
4258,0.00397690
4259,0.00174624
4260,0.00167928
4261,0.01162782
4262,0.00081391
4263,0.00123285
4264,0.00094359
4265,0.01005160
4266,0.00084328
4267,0.00213123
4268,0.01399533
4269,0.03242139
4270,0.00045563
4271,0.00184980
4272,0.00838309
4273,0.00547872
4274,0.00145404
4275,0.00038956
4276,0.00003494
4277,0.00094634
4278,0.00834589
4279,0.00135242
4280,0.00047961
4281,0.00563063
4282,0.01341696
4283,0.00039630
4284,0.00073924
4285,0.00092684
4286,0.00159967
4287,0.00074402
4288,0.03775094
4289,0.00136543
4290,0.00146178
4291,0.00813539
4292,0.00081732
4293,0.00191568
4294,0.02060221
4295,0.10872257
4296,0.04145266
4297,0.00189743
4298,0.01889455
4299,0.00039361
4300,0.00088857
4301,0.00520124
4302,0.01389051
4303,0.00034725
4304,0.00347381
4305,0.04070997
4306,0.00238483
4307,0.01892530
4308,0.00188988
4309,0.02071414
4310,0.00041192
4311,0.03645836
4312,0.00226405
4313,0.00030994
4314,0.00246662
4315,0.04082928
4316,0.00175139
4317,0.03811346
4318,0.00837579
4319,0.00376922
4320,0.00031426
4321,0.00426650
4322,0.01604589
4323,0.00065894
4324,0.00044011
4325,0.00700614
4326,0.01637234
4327,0.00409696
4328,0.00944916
4329,0.00137823
4330,0.03646786
4331,0.00000313
4332,0.00160583
4333,0.00388447
4334,0.00161111
4335,0.00111149
4336,0.01390267
4337,0.01334488
4338,0.00174197
4339,0.00585506
4340,0.01498082
4341,0.00265484
4342,0.00808136
4343,0.00210249
4344,0.00036346
4345,0.00537478
4346,0.00178932
4347,0.00319652
4348,0.02639650
4349,0.02687547
4350,0.02155401
4351,0.00199648
4352,0.03317656
4353,0.00909097
4354,0.00128176
4355,0.00435191
4356,0.00867909
4357,0.00270113
4358,0.00386375
4359,0.01954232
4360,0.02212617
4361,0.00416872
4362,0.00052064
4363,0.00099240
4364,0.00472784
4365,0.00039290
4366,0.00392712
4367,0.01412717
4368,0.00031837
4369,0.00174412
4370,0.00032968
4371,0.00188717
4372,0.00201498
4373,0.00173517
4374,0.00212185
4375,0.00702033
4376,0.00041035
4377,0.02411105
4378,0.00461087
4379,0.00130063
4380,0.00430434
4381,0.00437117
4382,0.03028057
4383,0.00494694
4384,0.00210336
4385,0.00145231
4386,0.00182087
4387,0.00279665
4388,0.01383067
4389,0.00837854
4390,0.00302411
4391,0.00959186
4392,0.00417691
4393,0.00787896
4394,0.00311480
4395,0.00070202
4396,0.00275102
4397,0.04078211
4398,0.00399344
4399,0.00152189
4400,0.01872139
4401,0.00115654
4402,0.00006005
4403,0.00036778
4404,0.00171328
4405,0.00303955
4406,0.00217378
4407,0.00859641
4408,0.00038727
4409,0.00206465
4410,0.00075273
4411,0.00142985
4412,0.00234686
4413,0.00158696
4414,0.01335365
4415,0.00136108
4416,0.00043665
4417,0.00164789
4418,0.00160660
4419,0.00046301
4420,0.37660476
4421,0.00033093
4422,0.00868740
4423,0.00139741
4424,0.00034281
4425,0.00468395
4426,0.00800796
4427,0.03164464
4428,0.00022095
4429,0.00416637
4430,0.00428083
4431,0.00090347
4432,0.00034829
4433,0.00804574
4434,0.00331132
4435,0.00326387
4436,0.00182161
4437,0.00808934
4438,0.00135783
4439,0.01411551
4440,0.00190907
4441,0.00379942
4442,0.00170997
4443,0.00210293
4444,0.00151728
4445,0.00201441
4446,0.03589063
4447,0.00324577
4448,0.00072679
4449,0.00775010
4450,0.00968055
4451,0.00073474
4452,0.00173941
4453,0.00186870
4454,0.00152969
4455,0.00878441
4456,0.00354893
4457,0.00284537
4458,0.00407457
4459,0.03820482
4460,0.00327663
4461,0.01352913
4462,0.00147904
4463,0.00342492
4464,0.00930833
4465,0.11443314
4466,0.00044267
4467,0.00144697
4468,0.00106494
4469,0.00154024
4470,0.00200913
4471,0.00335079
4472,0.00409260
4473,0.03533716
4474,0.00760855
4475,0.00075883
4476,0.00335294
4477,0.00105057
4478,0.00519563
4479,0.04067678
4480,0.00522818
4481,0.00318783
4482,0.00000834
4483,0.00354278
4484,0.00374782
4485,0.00308481
4486,0.00376282
4487,0.00110500
4488,0.00073054
4489,0.00272204
4490,0.00038740
4491,0.00311490
4492,0.00429423
4493,0.00092284
4494,0.00131619
4495,0.00252106
4496,0.00084211
4497,0.01929321
4498,0.00206214
4499,0.00201007
4500,0.00546131
4501,0.00926041
4502,0.00089500
4503,0.00368496
4504,0.00073564
4505,0.00086020
4506,0.00864836
4507,0.00144243
4508,0.01425240
4509,0.03932530
4510,0.00073996
4511,0.00000460
4512,0.00248706
4513,0.00353169
4514,0.00117495
4515,0.00042232
4516,0.02133523
4517,0.00349194
4518,0.00415031
4519,0.01371271
4520,0.00202704
4521,0.00486004
4522,0.00202582
4523,0.00853288
4524,0.00410964
4525,0.00182894
4526,0.00969181
4527,0.00323863
4528,0.03097757
4529,0.00146711
4530,0.01411919
4531,0.00995566
4532,0.00452730
4533,0.00149716
4534,0.00000406
4535,0.00864117
4536,0.01203064
4537,0.00408836
4538,0.00091800
4539,0.00214885
4540,0.01426672
4541,0.00180758
4542,0.00439615
4543,0.00153196
4544,0.00084212
4545,0.00428163
4546,0.00391774
4547,0.02707876
4548,0.00278970
4549,0.00556799
4550,0.04018846
4551,0.00516348
4552,0.00201307
4553,0.01790401
4554,0.00189480
4555,0.00315613
4556,0.00103546
4557,0.00111791
4558,0.00313023
4559,0.00188237
4560,0.01056853
4561,0.00355566
4562,0.00412259
4563,0.00002222
4564,0.00936965
4565,0.00350340
4566,0.00182036
4567,0.00750712
4568,0.00260870
4569,0.01470706
4570,0.03980375
4571,0.01371853
4572,0.00153660
4573,0.00947207
4574,0.00219179
4575,0.00185157
4576,0.00072764
4577,0.00171087
4578,0.00414857
4579,0.00037612
4580,0.00343429
4581,0.00352860
4582,0.00158740
4583,0.00348503
4584,0.01180102
4585,0.00329170
4586,0.00689765
4587,0.00025040
4588,0.00404461
4589,0.00335059
4590,0.00237326
4591,0.00181609
4592,0.01523993
4593,0.00238749
4594,0.00943149
4595,0.00045306
4596,0.00941302
4597,0.00438029
4598,0.00037952
4599,0.00781659
4600,0.00891849
4601,0.00288239
4602,0.00149346
4603,0.00404518
4604,0.00171219
4605,0.02028679
4606,0.00952757
4607,0.00041497
4608,0.00955871
4609,0.00406001
4610,0.00383709
4611,0.00472969
4612,0.01226265
4613,0.00060616
4614,0.00223338
4615,0.00201023
4616,0.01360411
4617,0.00277235
4618,0.00097142
4619,0.00379435
4620,0.00335500
4621,0.00292980
4622,0.00532668
4623,0.01312856
4624,0.00181834
4625,0.00383406
4626,0.00466721
4627,0.01154709
4628,0.00078675
4629,0.00498279
4630,0.00495787
4631,0.00183922
4632,0.00591072
4633,0.00035300
4634,0.00177941
4635,0.00176696
4636,0.00346273
4637,0.01055654
4638,0.01403550
4639,0.00001136
4640,0.18297503
4641,0.00212739
4642,0.00058029
4643,0.00255174
4644,0.00251533
4645,0.00131389
4646,0.00142338
4647,0.01438772
4648,0.00538059
4649,0.00186006
4650,0.02034229
4651,0.00001014
4652,0.00384073
4653,0.00197936
4654,0.00203970
4655,0.00198545
4656,0.00417727
4657,0.00146503
4658,0.00085149
4659,0.00090523
4660,0.00209622
4661,0.00037141
4662,0.00132323
4663,0.00042311
4664,0.00086706
4665,0.01320064
4666,0.00427319
4667,0.00594937
4668,0.00162381
4669,0.00860187
4670,0.00082698
4671,0.00381182
4672,0.00015271
4673,0.07708814
4674,0.00324155
4675,0.00157759
4676,0.00122605
4677,0.00103751
4678,0.00196948
4679,0.00093323
4680,0.00316066
4681,0.03867159
4682,0.00216167
4683,0.00206044
4684,0.00070409
4685,0.00043020
4686,0.03430038
4687,0.00920919
4688,0.00714008
4689,0.00351334
4690,0.00219248
4691,0.00240657
4692,0.00730834
4693,0.00207890
4694,0.00521095
4695,0.00068281
4696,0.00542639
4697,0.00263956
4698,0.00196396
4699,0.00328472
4700,0.45103824
4701,0.00405433
4702,0.01017644
4703,0.02030218
4704,0.01951368
4705,0.00752473
4706,0.00046198
4707,0.00222694
4708,0.00892910
4709,0.00388165
4710,0.00326328
4711,0.00127471
4712,0.00243242
4713,0.00124257
4714,0.00349557
4715,0.00852188
4716,0.00317978
4717,0.00337015
4718,0.00177399
4719,0.00626274
4720,0.00733817
4721,0.02123197
4722,0.00171272
4723,0.00145092
4724,0.00358303
4725,0.00376414
4726,0.00155174
4727,0.00247933
4728,0.01914080
4729,0.00032175
4730,0.00213087
4731,0.00130155
4732,0.00934720
4733,0.00254914
4734,0.00166607
4735,0.00592640
4736,0.00235522
4737,0.63123732
4738,0.00245821
4739,0.00250300
4740,0.00035602
4741,0.00405923
4742,0.03286300
4743,0.00003888
4744,0.00547252
4745,0.00183614
4746,0.00211979
4747,0.00110036
4748,0.00100122
4749,0.00320715
4750,0.00220201
4751,0.00337207
4752,0.01538011
4753,0.00840404
4754,0.00079745
4755,0.00040987
4756,0.00882421
4757,0.00076869
4758,0.00087467
4759,0.00079250
4760,0.01156588
4761,0.00288475
4762,0.00066063
4763,0.00088897
4764,0.00139099
4765,0.00099840
4766,0.01120273
4767,0.00087429
4768,0.00160133
4769,0.00000555
4770,0.00457014
4771,0.00894962
4772,0.00968331
4773,0.00182795
4774,0.00380400
4775,0.00855192
4776,0.00181940
4777,0.03724211
4778,0.00224858
4779,0.00189577
4780,0.00395789
4781,0.00424037
4782,0.00206073
4783,0.00293462
4784,0.00428091
4785,0.00163869
4786,0.00501755
4787,0.00157788
4788,0.00040643
4789,0.00306992
4790,0.01458314
4791,0.00209831
4792,0.01304113
4793,0.41813483
4794,0.00000213
4795,0.00206613
4796,0.00945721
4797,0.00127987
4798,0.00364453
4799,0.39099731
4800,0.00224124
4801,0.00393552
4802,0.00293094
4803,0.01427743
4804,0.13492694
4805,0.02421777
4806,0.00210087
4807,0.00693754
4808,0.00378128
4809,0.00037762
4810,0.01445035
4811,0.00038845
4812,0.00130914
4813,0.00149601
4814,0.00085947
4815,0.00117636
4816,0.00203591
4817,0.00075064
4818,0.00907165
4819,0.00207826
4820,0.00987220
4821,0.00151505
4822,0.01369577
4823,0.04103418
4824,0.00245150
4825,0.00019554
4826,0.03822474
4827,0.00309040
4828,0.00131339
4829,0.00384400
4830,0.00073072
4831,0.00993019
4832,0.00001646
4833,0.00383460
4834,0.00056369
4835,0.00219867
4836,0.00929095
4837,0.00207921
4838,0.00031478
4839,0.00034304
4840,0.00559832
4841,0.00146402
4842,0.00922988
4843,0.00272376
4844,0.00000052
4845,0.00143929
4846,0.03467068
4847,0.00182271
4848,0.00040945
4849,0.00201503
4850,0.00049827
4851,0.00333090
4852,0.00317646
4853,0.00370415
4854,0.00205982
4855,0.00849144
4856,0.00124779
4857,0.00605598
4858,0.00190814
4859,0.00040427
4860,0.00034488
4861,0.00145309
4862,0.00210735
4863,0.00328444
4864,0.00000068
4865,0.00096707
4866,0.01284323
4867,0.00094844
4868,0.00325474
4869,0.00033275
4870,0.00270099
4871,0.00144989
4872,0.00203362
4873,0.00123892
4874,0.01971312
4875,0.00309393
4876,0.00291740
4877,0.00223757
4878,0.00302454
4879,0.00076586
4880,0.00164395
4881,0.00001569
4882,0.00124122
4883,0.02167126
4884,0.00295176
4885,0.00367620
4886,0.00912337
4887,0.03094391
4888,0.00900482
4889,0.00154712
4890,0.00332913
4891,0.02031485
4892,0.03913082
4893,0.00187306
4894,0.00258244
4895,0.00137616
4896,0.00412320
4897,0.00168646
4898,0.00043492
4899,0.00183618
4900,0.00150343
4901,0.00347450
4902,0.00348488
4903,0.00881288
4904,0.00145320
4905,0.00034848
4906,0.00226732
4907,0.00303361
4908,0.00075717
4909,0.00255506
4910,0.00033667
4911,0.00921430
4912,0.00174990
4913,0.00256826
4914,0.03796448
4915,0.00086762
4916,0.03743061
4917,0.00135482
4918,0.01514167
4919,0.00082170
4920,0.00445890
4921,0.00149771
4922,0.03847789
4923,0.00036197
4924,0.00362391
4925,0.00177131
4926,0.00232701
4927,0.03719756
4928,0.00215516
4929,0.00844110
4930,0.00193030
4931,0.00397226
4932,0.00190664
4933,0.00032880
4934,0.03701504
4935,0.00141630
4936,0.00039106
4937,0.00202035
4938,0.00211891
4939,0.00169519
4940,0.00287577
4941,0.00149080
4942,0.00880686
4943,0.00039579
4944,0.00845822
4945,0.00201775
4946,0.00357184
4947,0.03819986
4948,0.00144687
4949,0.00964905
4950,0.00335358
4951,0.00030954
4952,0.00357193
4953,0.00100469
4954,0.00181642
4955,0.00364980
4956,0.03564684
4957,0.00090006
4958,0.00437243
4959,0.00183118
4960,0.00327340
4961,0.03762721
4962,0.00032720
4963,0.00180748
4964,0.00421284
4965,0.00089456
4966,0.03381761
4967,0.26482310
4968,0.00923411
4969,0.01365142
4970,0.00198809
4971,0.00862134
4972,0.00188407
4973,0.00397827
4974,0.01259032
4975,0.00141797
4976,0.00003767
4977,0.00424201
4978,0.00452938
4979,0.00149986
4980,0.00130950
4981,0.01382165
4982,0.00117375
4983,0.00187428
4984,0.00897471
4985,0.00337128
4986,0.00336217
4987,0.00039767
4988,0.00342114
4989,0.00094310
4990,0.00845555
4991,0.00064810
4992,0.00042838
4993,0.00108082
4994,0.00868266
4995,0.00096815
4996,0.00002966
4997,0.00396748
4998,0.01207134
4999,0.00039670
5000,0.00039753
5001,0.00206285
5002,0.00150641
5003,0.00099247
5004,0.00033120
5005,0.00083571
5006,0.00217831
5007,0.00134169
5008,0.00088338
5009,0.00575228
5010,0.00038929
5011,0.00302294
5012,0.00315636
5013,0.00469682
5014,0.00800086
5015,0.00345497
5016,0.00861799
5017,0.00149381
5018,0.00039277
5019,0.00076175
5020,0.00945676
5021,0.00521838
5022,0.00077644
5023,0.00176667
5024,0.00259965
5025,0.00329643
5026,0.00074768
5027,0.00002783
5028,0.02673089
5029,0.00400891
5030,0.00032348
5031,0.00033986
5032,0.00718908
5033,0.00855736
5034,0.00002392
5035,0.00304625
5036,0.00080812
5037,0.01384164
5038,0.02124621
5039,0.00420957
5040,0.00449767
5041,0.00141957
5042,0.00165383
5043,0.02707055
5044,0.00358240
5045,0.02789503
5046,0.00016435
5047,0.01331459
5048,0.00913516
5049,0.03923953
5050,0.00174067
5051,0.00071497
5052,0.00242111
5053,0.00032621
5054,0.00072527
5055,0.00925656
5056,0.00210952
5057,0.00296968
5058,0.00693636
5059,0.00827039
5060,0.03306480
5061,0.01283809
5062,0.03458781
5063,0.00182220
5064,0.00300312
5065,0.00082557
5066,0.00607911
5067,0.00451393
5068,0.03932726
5069,0.00104697
5070,0.00382545
5071,0.00329650
5072,0.00133213
5073,0.00033251
5074,0.02015183
5075,0.00296753
5076,0.00032450
5077,0.00224093
5078,0.00165379
5079,0.01268456
5080,0.00077246
5081,0.00042462
5082,0.13709905
5083,0.00140452
5084,0.01324532
5085,0.00822957
5086,0.03675235
5087,0.00401374
5088,0.00201640
5089,0.00032520
5090,0.02828792
5091,0.00349256
5092,0.00070364
5093,0.00925407
5094,0.00128912
5095,0.00548971
5096,0.00305802
5097,0.00228815
5098,0.00219485
5099,0.00422461
5100,0.00379412
5101,0.00380484
5102,0.00091973
5103,0.00165620
5104,0.00869436
5105,0.00273671
5106,0.00171074
5107,0.00036687
5108,0.00033787
5109,0.00400055
5110,0.01943217
5111,0.01896819
5112,0.02831607
5113,0.00600651
5114,0.00327627
5115,0.00042298
5116,0.00603647
5117,0.00152761
5118,0.01307076
5119,0.00032724
5120,0.00130980
5121,0.00098543
5122,0.00340443
5123,0.00033261
5124,0.02173195
5125,0.00506174
5126,0.00146714
5127,0.00105563
5128,0.00013437
5129,0.00206619
5130,0.00212720
5131,0.00004943
5132,0.00039499
5133,0.00391315
5134,0.00037613
5135,0.00413894
5136,0.00277377
5137,0.00957709
5138,0.00850072
5139,0.00396211
5140,0.01950016
5141,0.00043678
5142,0.01099267
5143,0.00133885
5144,0.00131236
5145,0.00156934
5146,0.00793524
5147,0.00208245
5148,0.01433698
5149,0.00091416
5150,0.00564497
5151,0.00251882
5152,0.00075348
5153,0.00378349
5154,0.00377734
5155,0.00354431
5156,0.00373404
5157,0.00102716
5158,0.03544450
5159,0.00035292
5160,0.00300846
5161,0.02396019
5162,0.00398452
5163,0.03594542
5164,0.01216702
5165,0.00187461
5166,0.00236923
5167,0.00001403
5168,0.00139319
5169,0.00376807
5170,0.00064655
5171,0.00000153
5172,0.00156519
5173,0.00239360
5174,0.00300790
5175,0.00347158
5176,0.00102740
5177,0.00388920
5178,0.00314434
5179,0.00063983
5180,0.00044488
5181,0.00633885
5182,0.00902401
5183,0.00349572
5184,0.00389808
5185,0.03743574
5186,0.00926361
5187,0.00133544
5188,0.00103669
5189,0.01833060
5190,0.00216198
5191,0.00173661
5192,0.00030178
5193,0.00072835
5194,0.00173967
5195,0.03406042
5196,0.01040273
5197,0.01996577
5198,0.00030342
5199,0.00597446
5200,0.00808349
5201,0.01268585
5202,0.03833916
5203,0.11801708
5204,0.00148296
5205,0.00286725
5206,0.00377139
5207,0.00180341
5208,0.00330036
5209,0.00263360
5210,0.00042240
5211,0.00143563
5212,0.00920662
5213,0.00041641
5214,0.00242771
5215,0.00409412
5216,0.00200037
5217,0.00197957
5218,0.04003246
5219,0.00020677
5220,0.00618013
5221,0.00337049
5222,0.00136653
5223,0.00318841
5224,0.00032247
5225,0.00439515
5226,0.00198331
5227,0.00167836
5228,0.00214431
5229,0.00178692
5230,0.00177892
5231,0.00242113
5232,0.00906599
5233,0.00924228
5234,0.03444692
5235,0.00208109
5236,0.00196572
5237,0.00095555
5238,0.01097537
5239,0.03807107
5240,0.00130275
5241,0.00107787
5242,0.00197029
5243,0.00041218
5244,0.00074930
5245,0.00084505
5246,0.00077423
5247,0.00738572
5248,0.00349847
5249,0.00036946
5250,0.87117468
5251,0.00175747
5252,0.00321941
5253,0.00164273
5254,0.00137759
5255,0.00359521
5256,0.01221221
5257,0.00044187
5258,0.00215859
5259,0.00085420
5260,0.00353554
5261,0.00328964
5262,0.02122743
5263,0.03723127
5264,0.01199153
5265,0.00220862
5266,0.01619501
5267,0.00170889
5268,0.00003709
5269,0.01537179
5270,0.00154208
5271,0.00641744
5272,0.00352851
5273,0.00111692
5274,0.35563624
5275,0.00128267
5276,0.00120519
5277,0.00103919
5278,0.00210824
5279,0.01011742
5280,0.01010925
5281,0.00212240
5282,0.00114190
5283,0.00179474
5284,0.02018109
5285,0.00200210
5286,0.00007899
5287,0.00366031
5288,0.01615498
5289,0.01550424
5290,0.00872498
5291,0.00995648
5292,0.00188361
5293,0.00184648
5294,0.00758158
5295,0.00040739
5296,0.03826084
5297,0.01449884
5298,0.00021431
5299,0.03971195
5300,0.00156158
5301,0.00442894
5302,0.00191709
5303,0.00346354
5304,0.00269421
5305,0.00144133
5306,0.00076394
5307,0.00153591
5308,0.00453048
5309,0.00040427
5310,0.01205908
5311,0.00171213
5312,0.00046441
5313,0.00181539
5314,0.00030929
5315,0.00070402
5316,0.02892304
5317,0.00000872
5318,0.00442635
5319,0.00060480
5320,0.00201612
5321,0.00292857
5322,0.00351038
5323,0.00935291
5324,0.00183663
5325,0.00737888
5326,0.01283419
5327,0.01014853
5328,0.03980296
5329,0.00084962
5330,0.03473249
5331,0.03085593
5332,0.00136992
5333,0.00067258
5334,0.00146202
5335,0.00378820
5336,0.00103448
5337,0.00713157
5338,0.00138213
5339,0.00383589
5340,0.00328967
5341,0.00365307
5342,0.00033790
5343,0.00139900
5344,0.00074832
5345,0.00246572
5346,0.00292611
5347,0.00073764
5348,0.00216829
5349,0.00374385
5350,0.00000065
5351,0.00148103
5352,0.00515973
5353,0.01959467
5354,0.00036755
5355,0.03618706
5356,0.01461176
5357,0.00253544
5358,0.00191447
5359,0.00202824
5360,0.00033879
5361,0.00034209
5362,0.00353608
5363,0.03787421
5364,0.00112932
5365,0.00291769
5366,0.00195881
5367,0.00131021
5368,0.00037821
5369,0.00571961
5370,0.00097971
5371,0.00156754
5372,0.00190454
5373,0.00132765
5374,0.00020333
5375,0.00130212
5376,0.00179030
5377,0.01785762
5378,0.00363111
5379,0.00355431
5380,0.00039566
5381,0.00109903
5382,0.00209171
5383,0.00125740
5384,0.00133064
5385,0.00202430
5386,0.00216164
5387,0.00994204
5388,0.00341937
5389,0.03569614
5390,0.00334144
5391,0.00145400
5392,0.00135563
5393,0.00209183
5394,0.00938996
5395,0.00294865
5396,0.00097253
5397,0.00038451
5398,0.54793607
5399,0.00349090
5400,0.00272234
5401,0.00224461
5402,0.00200786
5403,0.00239146
5404,0.00170882
5405,0.02258571
5406,0.00233692
5407,0.00081993
5408,0.00093338
5409,0.02453445
5410,0.00184431
5411,0.00486422
5412,0.00090369
5413,0.01420559
5414,0.00197006
5415,0.00041283
5416,0.00459433
5417,0.00043270
5418,0.00182005
5419,0.00182524
5420,0.00118611
5421,0.00494431
5422,0.01292263
5423,0.02438580
5424,0.03159366
5425,0.00244600
5426,0.00145846
5427,0.00031343
5428,0.00123839
5429,0.00082990
5430,0.00037789
5431,0.01325646
5432,0.00217737
5433,0.00032547
5434,0.00159048
5435,0.00355369
5436,0.00088273
5437,0.00362936
5438,0.00095559
5439,0.00328979
5440,0.00152906
5441,0.00896573
5442,0.00077216
5443,0.00186395
5444,0.00230580
5445,0.00072374
5446,0.38572278
5447,0.00541866
5448,0.00030684
5449,0.00338073
5450,0.00073932
5451,0.01998960
5452,0.00422541
5453,0.00164069
5454,0.00165251
5455,0.00381880
5456,0.00421203
5457,0.00082116
5458,0.00162467
5459,0.01350594
5460,0.00258221
5461,0.00226374
5462,0.00071180
5463,0.03219153
5464,0.01346659
5465,0.00096439
5466,0.00404132
5467,0.03799570
5468,0.00006780
5469,0.52980456
5470,0.00405850
5471,0.03401132
5472,0.00146885
5473,0.00168172
5474,0.00129423
5475,0.00303808
5476,0.00080136
5477,0.00339962
5478,0.00035427
5479,0.00206620
5480,0.00147689
5481,0.03942226
5482,0.00394478
5483,0.00321098
5484,0.00134870
5485,0.00316141
5486,0.00300449
5487,0.00000037
5488,0.00139130
5489,0.00876610
5490,0.03851619
5491,0.02005004
5492,0.00176229
5493,0.00132828
5494,0.00007736
5495,0.02874821
5496,0.04079757
5497,0.00066798
5498,0.00347294
5499,0.00303049
5500,0.00117520
5501,0.00081102
5502,0.01376110
5503,0.00552451
5504,0.00488115
5505,0.00033455
5506,0.00139024
5507,0.00081263
5508,0.00888424
5509,0.03747001
5510,0.01415733
5511,1.66374210
5512,0.00310147
5513,0.00127651
5514,0.00087807
5515,0.00561714
5516,0.00151258
5517,0.00238355
5518,0.00158658
5519,0.02304704
5520,0.00000666
5521,0.00390798
5522,0.00259167
5523,0.00174025
5524,0.00129589
5525,0.03062860
5526,0.02023087
5527,0.01068026
5528,0.00144407
5529,0.00165932
5530,0.01604079
5531,0.00912193
5532,0.00169419
5533,0.01258021
5534,0.00410808
5535,0.00377937
5536,0.00072894
5537,0.00038649
5538,0.00035574
5539,0.00029060
5540,0.00351809
5541,0.00137197
5542,0.00116216
5543,0.00662674
5544,0.00818935
5545,0.00035410
5546,0.00149038
5547,0.00919877
5548,0.00402772
5549,0.00456888
5550,0.00020061
5551,0.01190019
5552,0.00513647
5553,0.00359890
5554,0.01205937
5555,0.00739921
5556,0.00178447
5557,0.00411942
5558,0.00196595
5559,0.02200648
5560,0.00073593
5561,0.00194655
5562,0.00328936
5563,0.02219614
5564,0.00741861
5565,0.00196706
5566,0.00295113
5567,0.00952978
5568,0.00416435
5569,0.00396828
5570,0.04026431
5571,0.00208331
5572,0.00356787
5573,0.00881530
5574,0.00164280
5575,0.03849093
5576,0.00552405
5577,0.00288894
5578,0.00147702
5579,0.01503666
5580,0.04163660
5581,0.01605067
5582,0.00151025
5583,0.00205584
5584,0.00105938
5585,0.00154186
5586,0.00138839
5587,0.00091787
5588,0.03574752
5589,0.00156569
5590,0.00140745
5591,0.00091877
5592,0.00836126
5593,0.00871183
5594,0.02322583
5595,0.01976271
5596,0.00148958
5597,0.01223515
5598,0.00043715
5599,0.00085778
5600,0.00390741
5601,0.00180336
5602,0.02263995
5603,0.03748567
5604,0.00062653
5605,0.00000265
5606,0.03409247
5607,0.00403257
5608,0.00188664
5609,0.00317938
5610,0.00161388
5611,0.00031469
5612,0.00097644
5613,0.00114800
5614,0.00072353
5615,0.00031732
5616,0.00360287
5617,0.00587583
5618,0.00196425
5619,0.00371991
5620,0.33209360
5621,0.00032740
5622,0.00161909
5623,0.00111543
5624,0.00421851
5625,0.00033401
5626,0.00824034
5627,0.00182076
5628,0.01328806
5629,0.03484270
5630,0.00171670
5631,0.00187504
5632,0.00168468
5633,0.00097602
5634,0.00862920
5635,0.00862647
5636,0.00431102
5637,0.00136278
5638,0.00222603
5639,0.02579490
5640,0.01360430
5641,0.00177651
5642,0.00144431
5643,0.00353517
5644,0.00867415
5645,0.00332647
5646,0.00384047
5647,0.00040640
5648,0.00415108
5649,0.00415270
5650,0.00580079
5651,0.00002429
5652,0.00339388
5653,0.00342104
5654,0.00329722
5655,0.00027807
5656,0.00334393
5657,0.01313504
5658,0.00408372
5659,0.00062139
5660,0.00130674
5661,0.00127843
5662,0.00094710
5663,0.00178086
5664,0.00142832
5665,0.00403905
5666,0.00038813
5667,0.15866367
5668,0.00271827
5669,0.00210474
5670,0.01987278
5671,0.00041694
5672,0.03389040
5673,0.00037200
5674,0.00891960
5675,0.00331508
5676,0.21210369
5677,0.00883835
5678,0.00311296
5679,0.01376923
5680,0.00323398
5681,0.00330857
5682,0.00135871
5683,0.00188314
5684,0.00383984
5685,0.01385423
5686,0.00073773
5687,0.01457111
5688,0.00146553
5689,0.00080465
5690,0.02016417
5691,0.00491922
5692,0.00002821
5693,0.00969968
5694,0.00062755
5695,0.00582295
5696,0.00234890
5697,0.00296043
5698,0.00355253
5699,0.00417258
5700,0.00463296
5701,0.00133715
5702,0.00181192
5703,0.00282006
5704,0.00132590
5705,0.00099269
5706,0.00541892
5707,0.00386320
5708,0.01340061
5709,0.00002383
5710,0.00110853
5711,0.00359026
5712,0.31809164
5713,0.00000337
5714,0.00299088
5715,0.00095338
5716,0.13607118
5717,0.00107887
5718,0.00000028
5719,0.01020460
5720,1.16699925
5721,0.00945874
5722,0.00370133
5723,0.00302507
5724,0.01731172
5725,0.00065998
5726,0.00035128
5727,0.00073948
5728,0.00191225
5729,0.00403146
5730,0.00910284
5731,0.00765346
5732,0.02808596
5733,0.01442649
5734,0.00138641
5735,0.00403658
5736,0.00033965
5737,0.00435683
5738,0.03522418
5739,0.00582534
5740,0.00138040
5741,0.00030834
5742,0.00028125
5743,0.00397386
5744,0.02213187
5745,0.00528713
5746,0.00395526
5747,0.00209006
5748,0.00047489
5749,0.00107236
5750,0.00782000
5751,0.00598990
5752,0.03594997
5753,0.00152013
5754,0.00437267
5755,0.00204861
5756,0.00074701
5757,0.03450807
5758,0.00004259
5759,0.00042217
5760,0.00828179
5761,0.02613218
5762,0.00467576
5763,0.00997582
5764,0.00077882
5765,0.00035171
5766,0.00552506
5767,0.00045717
5768,0.00136632
5769,0.00172277
5770,0.00009130
5771,0.00422160
5772,0.01562911
5773,0.01019046
5774,0.00826491
5775,0.01437626
5776,0.00184688
5777,0.03171243
5778,0.04242688
5779,0.00028857
5780,0.00038594
5781,0.00185839
5782,0.00608211
5783,0.00118092
5784,0.00182911
5785,0.00312315
5786,0.00131330
5787,0.00331916
5788,0.00033376
5789,0.00038282
5790,0.00034427
5791,0.00358763
5792,0.01071299
5793,0.00134216
5794,0.00412426
5795,0.00358328
5796,0.00340327
5797,0.00037353
5798,0.00073202
5799,0.00171299
5800,0.02635405
5801,0.01280170
5802,0.01945194
5803,0.00412292
5804,0.00097268
5805,0.00154158
5806,0.02948358
5807,0.47410341
5808,0.00143500
5809,0.00148214
5810,0.00388010
5811,0.00038404
5812,0.04071456
5813,0.00095829
5814,0.00391124
5815,0.00002443
5816,0.00914335
5817,0.00313516
5818,0.00123039
5819,0.00317762
5820,0.00213092
5821,0.00012157
5822,0.15035122
5823,0.00349754
5824,0.00127838
5825,0.00617473
5826,0.00181951
5827,0.00913564
5828,0.00331942
5829,0.00147023
5830,0.00185655
5831,0.00079921
5832,0.00647326
5833,0.00128408
5834,0.00101720
5835,0.00195187
5836,0.00137542
5837,0.00457955
5838,0.00149370
5839,0.00140398
5840,0.00160180
5841,0.00920276
5842,0.00983621
5843,0.00072037
5844,0.00179354
5845,0.00567685
5846,0.03357534
5847,0.00106718
5848,0.00212211
5849,0.00036424
5850,0.00002204
5851,0.00398816
5852,0.00107180
5853,0.00212344
5854,0.00342074
5855,0.01034654
5856,0.00209938
5857,0.00172122
5858,0.00404340
5859,0.00951204
5860,0.02690102
5861,0.00180794
5862,0.00944041
5863,0.02088824
5864,0.00323922
5865,0.00016572
5866,0.00171354
5867,0.00843528
5868,0.00030857
5869,0.00435388
5870,0.00356750
5871,0.00184281
5872,0.00122052
5873,0.00208261
5874,0.00002657
5875,0.00417534
5876,0.00085149
5877,0.00040585
5878,0.00149808
5879,0.00443035
5880,0.00879352
5881,0.00404937
5882,0.00077157
5883,0.00795658
5884,0.00045573
5885,0.00320508
5886,0.00507213
5887,0.00333165
5888,0.00082470
5889,0.02237432
5890,0.00189491
5891,0.00398505
5892,0.00229414
5893,0.00239595
5894,0.00161795
5895,0.00463225
5896,0.01382068
5897,0.00405939
5898,0.00194053
5899,0.00207218
5900,0.00186441
5901,0.00146038
5902,0.00557836
5903,0.00381337
5904,0.00085871
5905,0.00374663
5906,0.01567862
5907,0.03937379
5908,0.03362443
5909,0.00906802
5910,0.32381030
5911,0.00150816
5912,0.00148183
5913,0.00108095
5914,0.00529505
5915,0.00005929
5916,0.00005463
5917,0.01126756
5918,0.00867492
5919,0.00035388
5920,0.00425390
5921,0.00338808
5922,0.00080193
5923,0.01388270
5924,0.02645621
5925,0.00297234
5926,0.00163549
5927,0.00197958
5928,0.00999223
5929,0.00355217
5930,0.00597868
5931,0.00610420
5932,0.01352751
5933,0.00294656
5934,0.02145901
5935,0.00064428
5936,0.02270219
5937,0.01070777
5938,0.01296882
5939,0.00272986
5940,0.00088646
5941,0.03477572
5942,0.00660617
5943,0.01101237
5944,0.00152282
5945,0.00049735
5946,0.01441355
5947,0.00181572
5948,0.00799363
5949,0.00146802
5950,0.00889254
5951,0.00227354
5952,0.00087111
5953,0.02496487
5954,0.00211275
5955,0.00405744
5956,0.00292301
5957,0.00207577
5958,0.00212856
5959,0.00135264
5960,0.00060469
5961,0.00474817
5962,0.00845346
5963,0.01429379
5964,0.02021650
5965,0.00178668
5966,0.00127665
5967,0.00409312
5968,0.00683850
5969,0.00155959
5970,0.01347739
5971,0.00205908
5972,0.00044932
5973,0.00214146
5974,0.01421644
5975,0.00189069
5976,0.00180374
5977,0.00186236
5978,0.04188162
5979,0.00368362
5980,0.00464106
5981,0.00375686
5982,0.00981137
5983,0.00151285
5984,0.00147756
5985,0.00705658
5986,0.00142917
5987,0.00093670
5988,0.00086119
5989,0.03695863
5990,0.00133139
5991,0.00756100
5992,0.04308896
5993,0.00199316
5994,0.00898354
5995,0.00198791
5996,0.00315636
5997,0.01293216
5998,0.00385641
5999,0.00342013
6000,0.00034682
6001,0.00329844
6002,0.00561468
6003,0.00861185
6004,0.00203061
6005,0.00150291
6006,0.00072380
6007,0.00079336
6008,0.00369288
6009,0.00414612
6010,0.03432471
6011,0.01970567
6012,0.00206579
6013,0.00348271
6014,0.00209284
6015,0.00175635
6016,0.00378249
6017,0.00111197
6018,0.02464218
6019,0.00000812
6020,0.00071296
6021,0.00105642
6022,0.00495377
6023,0.00008419
6024,0.00191120
6025,0.00388009
6026,0.01427052
6027,0.00442796
6028,0.02500948
6029,0.41075829
6030,0.01059410
6031,0.00176303
6032,0.00166564
6033,0.00217919
6034,0.00142192
6035,0.01245276
6036,0.00144744
6037,0.00283817
6038,0.02702426
6039,0.00074471
6040,0.03437447
6041,0.03353300
6042,0.00076310
6043,0.00186151
6044,0.00683906
6045,0.02737386
6046,0.02222117
6047,0.03422922
6048,0.00294576
6049,0.01942057
6050,0.00087621
6051,0.00205735
6052,0.00119368
6053,0.02174812
6054,0.00089448
6055,0.03624430
6056,0.00085017
6057,0.00569754
6058,0.00177403
6059,0.00205690
6060,0.01138457
6061,0.00744400
6062,0.00153296
6063,0.01344637
6064,0.00162047
6065,0.00076775
6066,0.00073139
6067,0.64783413
6068,0.00433223
6069,0.00141797
6070,0.05093431
6071,0.00524036
6072,0.00151423
6073,0.00226638
6074,0.01330611
6075,0.00933086
6076,0.02141493
6077,0.00174290
6078,0.02858344
6079,0.00304393
6080,0.00846985
6081,0.00537679
6082,0.00031627
6083,0.00383074
6084,0.00032931
6085,0.00423410
6086,0.00462859
6087,0.00157434
6088,0.00162444
6089,0.00036288
6090,0.00244005
6091,0.00164216
6092,0.00217575
6093,0.00432176
6094,1.12104538
6095,0.01786927
6096,0.00842486
6097,0.00194445
6098,0.01374559
6099,0.00138020
6100,0.00238040
6101,0.00003078
6102,0.01473137
6103,0.01230312
6104,0.00194087
6105,0.00324998
6106,0.00101316
6107,0.01440227
6108,0.00732957
6109,0.00220122
6110,0.00346948
6111,0.00184149
6112,0.03557430
6113,0.00382527
6114,0.00414829
6115,0.01296048
6116,0.00161521
6117,0.00071583
6118,0.00045455
6119,0.00856207
6120,0.00073845
6121,0.01220060
6122,0.00141508
6123,0.00351133
6124,0.00076595
6125,0.00033062
6126,0.00221863
6127,0.00145112
6128,0.00408519
6129,0.00290099
6130,0.01986373
6131,0.03993700
6132,0.00212197
6133,0.00151436
6134,0.01969772
6135,0.00191845
6136,0.00104132
6137,0.00176746
6138,0.00161673
6139,0.00568147
6140,0.00142300
6141,0.10334315
6142,0.00077607
6143,0.44827405
6144,0.00116568
6145,0.00596155
6146,0.03363072
6147,0.01189328
6148,0.00460631
6149,0.00193287
6150,0.00029231
6151,0.00040055
6152,0.00174481
6153,0.00141958
6154,0.03750041
6155,0.00394963
6156,0.00336285
6157,0.00436121
6158,0.03317401
6159,0.00048321
6160,0.00162948
6161,0.00326543
6162,0.78701267
6163,0.00315257
6164,0.00381607
6165,0.00305723
6166,0.03599397
6167,0.00154101
6168,0.00000111
6169,0.00082800
6170,0.00764783
6171,0.01389831
6172,0.02344951
6173,0.00087135
6174,0.00412822
6175,0.00179143
6176,0.00839137
6177,0.00330527
6178,0.01433197
6179,0.04016748
6180,0.01855232
6181,0.00187707
6182,0.03893067
6183,0.00172985
6184,0.00170668
6185,0.00037912
6186,0.00044678
6187,0.00241356
6188,0.00252189
6189,0.00437119
6190,0.01353636
6191,0.00891791
6192,0.00794067
6193,0.00099636
6194,0.00072721
6195,0.00204028
6196,0.03573400
6197,0.00567087
6198,0.00940531
6199,0.00122690
6200,0.00173199
6201,0.00397955
6202,0.00103784
6203,0.00802350
6204,0.00174621
6205,0.00422393
6206,0.00136420
6207,0.01614395
6208,0.00293343
6209,0.00112326
6210,0.00399546
6211,0.00000038
6212,0.00419235
6213,0.00073087
6214,0.00179430
6215,0.01310488
6216,0.00367581
6217,0.00535520
6218,0.00693967
6219,0.00000067
6220,0.00237402
6221,0.00401685
6222,0.00154004
6223,0.01126114
6224,0.00078063
6225,0.00134268
6226,0.00580117
6227,0.00082573
6228,0.03477569
6229,0.00399325
6230,0.00231777
6231,0.00355181
6232,0.00399280
6233,0.00379203
6234,0.00000060
6235,0.00349949
6236,0.00034452
6237,0.01478878
6238,0.03652059
6239,0.01012268
6240,0.00187627
6241,0.03448693
6242,0.00038824
6243,0.05293327
6244,0.00292300
6245,0.00149949
6246,0.00342402
6247,0.00059362
6248,0.00173439
6249,0.00221659
6250,0.00168053
6251,0.00114698
6252,0.00150852
6253,0.04073061
6254,0.00000149
6255,0.00873319
6256,0.00087815
6257,0.00304549
6258,0.00131621
6259,0.00379714
6260,0.00339229
6261,0.00168819
6262,0.00380555
6263,0.00032573
6264,0.00165249
6265,0.00859090
6266,0.00139699
6267,0.00133482
6268,0.00148928
6269,0.00221284
6270,0.00180101
6271,0.00035287
6272,0.00842184
6273,0.00257336
6274,0.00426670
6275,0.00249803
6276,0.00434253
6277,0.00289238
6278,0.00032560
6279,0.00701828
6280,0.00033696
6281,0.00147314
6282,0.00103791
6283,0.00032555
6284,0.00318224
6285,0.00857645
6286,0.00068004
6287,0.00380211
6288,0.00940807
6289,0.00105611
6290,0.00203784
6291,0.00862208
6292,0.00407621
6293,0.01403246
6294,0.00000082
6295,0.00873237
6296,0.00970846
6297,0.00210305
6298,0.02213692
6299,0.00187448
6300,0.00931447
6301,0.00068676
6302,0.00144779
6303,0.00322708
6304,0.56337163
6305,0.00268583
6306,0.03410104
6307,0.00188197
6308,0.00030202
6309,0.00178856
6310,0.00417876
6311,0.00111918
6312,0.00238452
6313,0.00101108
6314,0.00330446
6315,0.00156280
6316,0.01093736
6317,0.00173587
6318,0.00349445
6319,0.00133989
6320,0.00044400
6321,0.00084983
6322,0.00873077
6323,0.00399860
6324,0.00415375
6325,0.00176473
6326,0.00461735
6327,0.00100497
6328,0.00035108
6329,0.00031855
6330,0.00596408
6331,0.01340644
6332,0.00141019
6333,0.00820274
6334,0.03992068
6335,0.00312480
6336,0.00032123
6337,0.00133245
6338,0.00123999
6339,0.00030431
6340,0.03238242
6341,0.01422006
6342,0.00339923
6343,0.02635844
6344,0.00398242
6345,0.00205694
6346,0.00383579
6347,0.02503742
6348,0.00076587
6349,0.00153234
6350,0.00184721
6351,0.00149867
6352,0.00100293
6353,0.00193491
6354,0.03155992
6355,0.00180434
6356,0.00126501
6357,0.00096483
6358,0.00031564
6359,0.30850736
6360,0.00287912
6361,0.00428502
6362,0.00424002
6363,0.00470210
6364,0.00038991
6365,0.00129372
6366,0.00000106
6367,0.00829900
6368,0.00030501
6369,0.00156820
6370,0.01006827
6371,0.00759799
6372,0.00066697
6373,0.00003050
6374,0.01392644
6375,0.01278918
6376,0.00868191
6377,0.01288391
6378,0.00000091
6379,0.00088425
6380,0.00043374
6381,0.00128317
6382,0.00433569
6383,0.03073109
6384,0.00801441
6385,0.00103624
6386,0.00419542
6387,0.00044188
6388,0.00047489
6389,0.02225521
6390,0.02335480
6391,0.00587651
6392,0.01621480
6393,0.00188918
6394,0.04201773
6395,0.00293336
6396,0.00129100
6397,0.00462939
6398,0.00032156
6399,0.00093093
6400,0.00321686
6401,0.00036077
6402,0.00073379
6403,0.00402508
6404,0.00353383
6405,0.00215933
6406,0.00201622
6407,0.00357788
6408,0.00113533
6409,0.00392228
6410,0.03592871
6411,0.00151418
6412,0.16285467
6413,0.00036401
6414,0.03725681
6415,0.00488898
6416,0.00241906
6417,0.00340791
6418,0.00265438
6419,0.00342637
6420,0.03514047
6421,0.00746324
6422,0.00193462
6423,0.00390684
6424,0.00410340
6425,0.00798273
6426,0.02328568
6427,0.00369424
6428,0.00209070
6429,0.00334397
6430,0.00205582
6431,0.02885908
6432,0.00386924
6433,0.00155439
6434,0.00250074
6435,0.02414360
6436,0.00904917
6437,0.00207730
6438,0.00858409
6439,0.00371457
6440,0.00357671
6441,0.00306853
6442,0.00149800
6443,0.00178702
6444,0.00075245
6445,0.01005979
6446,0.00991728
6447,0.03584040
6448,0.02936957
6449,0.00121447
6450,0.00175049
6451,0.00457969
6452,0.00954400
6453,0.01393817
6454,0.00098189
6455,0.00040101
6456,0.00569490
6457,0.00377552
6458,0.00206153
6459,0.00038553
6460,0.00203558
6461,0.01231250
6462,0.00357207
6463,0.00369201
6464,0.00150133
6465,0.00345894
6466,0.03398246
6467,0.00413692
6468,0.00089572
6469,0.00188146
6470,0.00037936
6471,0.00189620
6472,0.00039000
6473,0.01357964
6474,0.03738570
6475,0.00039164
6476,0.00462362
6477,0.00313265
6478,0.00617167
6479,0.00098183
6480,0.01371764
6481,0.00134102
6482,0.00191385
6483,0.00044675
6484,0.01593490
6485,0.00373477
6486,0.03385905
6487,0.01329348
6488,0.03851881
6489,0.00189961
6490,0.00228549
6491,0.00541878
6492,0.00412914
6493,0.00039782
6494,0.00338619
6495,0.00091250
6496,0.00814783
6497,0.02326226
6498,0.00354409
6499,0.00201589
6500,0.00074364
6501,0.00348130
6502,0.03765257
6503,0.00124156
6504,0.00949512
6505,0.00419250
6506,0.00399384
6507,0.00132008
6508,0.00041282
6509,0.00897923
6510,0.00082094
6511,0.00395944
6512,0.00085250
6513,0.00098294
6514,0.00195443
6515,0.00313834
6516,0.00154258
6517,0.01403488
6518,0.00153628
6519,0.01488620
6520,0.00141815
6521,0.00188036
6522,0.01376906
6523,0.00200771
6524,0.00032918
6525,0.00534393
6526,0.00254810
6527,0.00106186
6528,0.00030117
6529,0.14802461
6530,0.00088859
6531,0.00312371
6532,0.00917675
6533,0.00415258
6534,0.00235021
6535,0.00142482
6536,0.00082059
6537,0.00214342
6538,0.00197386
6539,0.00144559
6540,0.00844367
6541,0.00073075
6542,0.00183634
6543,0.00141261
6544,0.17802695
6545,0.00088606
6546,0.00211136
6547,0.00199318
6548,0.00000279
6549,0.00039912
6550,0.00151638
6551,0.00206713
6552,0.00249927
6553,0.00553028
6554,0.00895448
6555,0.00039078
6556,0.00115730
6557,0.00658930
6558,0.00182669
6559,0.00097080
6560,0.00240444
6561,0.00031456
6562,0.01387687
6563,0.00364031
6564,0.00385338
6565,0.03724320
6566,0.00070644
6567,0.00259369
6568,0.00279297
6569,0.04395783
6570,0.00356013
6571,0.00905724
6572,0.00617542
6573,0.01687877
6574,0.00450424
6575,0.00114996
6576,0.00398981
6577,0.04013199
6578,0.00369934
6579,0.00148937
6580,0.00211335
6581,0.03996057
6582,0.00190764
6583,0.02591894
6584,0.28708506
6585,0.03364095
6586,0.00960085
6587,0.00095653
6588,0.01094928
6589,0.00032852
6590,0.00337138
6591,0.00171663
6592,0.00138488
6593,0.00078469
6594,0.00154417
6595,0.00343455
6596,0.00095999
6597,0.00371355
6598,0.00035467
6599,0.00372272
6600,0.00121989
6601,0.00741312
6602,0.00054149
6603,0.01290042
6604,0.00383071
6605,0.00033908
6606,0.03986764
6607,0.01488762
6608,0.00385845
6609,0.00718367
6610,0.00174822
6611,0.00193472
6612,0.00076583
6613,0.01791456
6614,0.03310798
6615,0.00046361
6616,0.00036061
6617,0.00571070
6618,0.00916494
6619,0.45928523
6620,0.00074180
6621,0.00072656
6622,0.00767519
6623,0.00358932
6624,0.00370313
6625,0.00042634
6626,0.00950020
6627,0.01366074
6628,0.00187464
6629,0.00404709
6630,0.00414217
6631,0.00038842
6632,0.00034034
6633,0.00288162
6634,0.00348908
6635,0.01330608
6636,0.73634928
6637,0.00395159
6638,0.00461719
6639,0.00410154
6640,0.00880309
6641,0.00104553
6642,0.00040761
6643,0.00560428
6644,0.00040513
6645,0.02446300
6646,0.00898725
6647,0.00044371
6648,0.00000240
6649,0.00454365
6650,0.00041071
6651,0.01963755
6652,0.00334327
6653,0.00028296
6654,0.00142964
6655,0.00086622
6656,0.00077204
6657,0.00329699
6658,0.00422686
6659,0.00495644
6660,0.00997547
6661,0.00081408
6662,0.03725315
6663,0.01538774
6664,0.01159527
6665,0.00191867
6666,0.00041526
6667,0.03848145
6668,0.01290635
6669,0.00000131
6670,0.00263412
6671,0.00232177
6672,0.02884507
6673,0.01317100
6674,0.00379708
6675,0.00769867
6676,0.00177071
6677,0.00123390
6678,0.00192830
6679,0.00142007
6680,0.02647550
6681,0.00082228
6682,0.00780106
6683,0.02121279
6684,0.00098234
6685,0.00219931
6686,0.01514712
6687,0.00146009
6688,0.00144664
6689,0.00189324
6690,0.00323763
6691,0.52113242
6692,0.00172869
6693,0.00192712
6694,0.00292596
6695,0.00377204
6696,0.00179381
6697,0.00178481
6698,0.01357877
6699,0.09721725
6700,0.00111685
6701,0.00413126
6702,0.03206213
6703,0.02018215
6704,0.00000406
6705,0.00042138
6706,0.00081910
6707,0.00942286
6708,0.00304151
6709,0.04024239
6710,0.00251202
6711,0.50568902
6712,0.00169723
6713,0.00663922
6714,0.01050121
6715,0.00195395
6716,0.00000708
6717,0.00652062
6718,0.00423633
6719,0.00774847
6720,0.04162949
6721,0.01421323
6722,0.00184681
6723,0.00263460
6724,0.03546580
6725,0.01238083
6726,0.00136302
6727,0.00180568
6728,0.01834476
6729,0.00086206
6730,0.00156567
6731,0.00076453
6732,0.01949181
6733,0.00452167
6734,0.01280394
6735,0.00077358
6736,0.00168777
6737,0.00310565
6738,0.00242377
6739,0.00142762
6740,0.00172253
6741,0.00102603
6742,0.00186281
6743,0.00295689
6744,0.00096381
6745,0.00644782
6746,0.04190350
6747,0.00143722
6748,0.00000354
6749,0.00148647
6750,0.00310445
6751,0.00218943
6752,0.00270363
6753,0.01687025
6754,0.00311409
6755,0.00043256
6756,0.00123679
6757,0.00565498
6758,0.00165688
6759,0.00159801
6760,0.00862169
6761,0.00046857
6762,0.00077114
6763,0.00108826
6764,0.00255204
6765,0.00329727
6766,0.00857443
6767,0.00412841
6768,0.01288524
6769,0.00139853
6770,0.00206003
6771,0.01650252
6772,0.02603553
6773,0.00565816
6774,0.02667578
6775,0.00150223
6776,0.02138260
6777,0.00137009
6778,0.00034325
6779,0.00087772
6780,0.00042042
6781,0.00212625
6782,0.00212524
6783,0.00140873
6784,0.03876813
6785,0.00054737
6786,0.00042709
6787,0.00953339
6788,0.00111354
6789,0.00083124
6790,0.00034552
6791,0.00032817
6792,0.00142793
6793,0.00122320
6794,0.02159962
6795,0.02049721
6796,0.01286868
6797,0.00206338
6798,0.00231675
6799,0.00872737
6800,0.00190170
6801,0.01012604
6802,0.03284188
6803,0.00035250
6804,0.03065409
6805,0.00992695
6806,0.00007912
6807,0.00890939
6808,0.00070483
6809,0.03566646
6810,0.00094368
6811,0.00359329
6812,0.00892632
6813,0.00321363
6814,0.00006628
6815,0.04347982
6816,0.00188002
6817,0.00073824
6818,0.01489496
6819,0.03436111
6820,0.00833181
6821,0.01590329
6822,0.00132396
6823,0.00229986
6824,0.01053798
6825,0.01116263
6826,0.00164129
6827,0.00842099
6828,0.00127280
6829,0.03384828
6830,0.00083137
6831,0.00400633
6832,0.01332920
6833,0.00144103
6834,0.00285689
6835,0.00455038
6836,0.00181220
6837,0.00033937
6838,0.04093935
6839,0.00088281
6840,0.00008500
6841,0.00076243
6842,0.00286158
6843,0.01558124
6844,0.00550334
6845,0.00002574
6846,0.03783018
6847,0.00364939
6848,0.04946507
6849,0.00068144
6850,0.01695276
6851,0.01275296
6852,0.00221825
6853,0.00033796
6854,0.00379429
6855,0.00137476
6856,0.00137681
6857,0.01363385
6858,0.00780668
6859,0.03382561
6860,0.00225296
6861,0.02599752
6862,0.00410232
6863,0.00046089
6864,0.00217596
6865,0.00144769
6866,0.00489859
6867,0.00338334
6868,0.00232646
6869,0.00139978
6870,0.00075771
6871,0.00197162
6872,0.00320477
6873,0.00280339
6874,0.00150331
6875,0.00082326
6876,0.00077580
6877,0.03362550
6878,0.00191262
6879,0.00191031
6880,0.00899885
6881,0.03543300
6882,0.00864576
6883,0.00133913
6884,0.00151962
6885,0.00141164
6886,0.00891849
6887,0.00082947
6888,0.00423240
6889,0.00850806
6890,0.00000064
6891,0.00106798
6892,0.00221005
6893,0.00828390
6894,0.00955824
6895,0.00413374
6896,0.00149307
6897,0.00220339
6898,0.00000194
6899,0.00207923
6900,0.01327150
6901,0.00330959
6902,0.00032512
6903,0.00296362
6904,0.00231703
6905,0.01347820
6906,0.00240410
6907,0.01090337
6908,0.00001217
6909,0.00900075
6910,0.00378564
6911,0.00937508
6912,0.00078092
6913,0.00253879
6914,0.00565983
6915,0.02241714
6916,0.00149555
6917,0.00190412
6918,0.00414272
6919,0.00213700
6920,0.03725048
6921,0.00076661
6922,0.00393059
6923,0.00330163
6924,0.00154860
6925,0.00156266
6926,0.02762475
6927,0.00780328
6928,0.00168943
6929,0.02926139
6930,0.00089150
6931,0.00565734
6932,0.00037884
6933,0.00394077
6934,0.01924852
6935,0.00035769
6936,0.00046820
6937,0.00317904
6938,0.01025453
6939,0.10294291
6940,0.01052008
6941,0.00061261
6942,0.00538457
6943,0.00598406
6944,0.00364083
6945,0.00450594
6946,0.00401245
6947,0.00896272
6948,0.00357519
6949,0.00305577
6950,0.00533282
6951,0.02387080
6952,0.00369894
6953,0.02008436
6954,0.02276257
6955,0.00202729
6956,0.00067385
6957,0.01382707
6958,0.00062860
6959,0.00128085
6960,0.00120577
6961,0.00137223
6962,0.02072287
6963,0.00779494
6964,0.00242666
6965,0.00470714
6966,0.00129888
6967,0.00220344
6968,0.00209703
6969,0.00930788
6970,0.00391901
6971,0.00000049
6972,0.00074716
6973,0.01370030
6974,0.00295697
6975,0.02598724
6976,0.00223495
6977,0.01503131
6978,0.00162638
6979,0.00367890
6980,0.00284876
6981,0.02681947
6982,0.00184389
6983,0.00037843
6984,0.00458162
6985,0.01330604
6986,0.00320699
6987,0.01427765
6988,0.00430411
6989,0.00366817
6990,0.00427382
6991,0.00379208
6992,0.00168366
6993,0.01325357
6994,0.00117427
6995,0.00150935
6996,0.00361850
6997,0.00408999
6998,0.00213253
6999,0.00313347
7000,0.00229013
7001,0.00140056
7002,0.01294282
7003,0.00003674
7004,0.00368342
7005,0.58150733
7006,0.00432210
7007,0.00153806
7008,0.00133016
7009,0.02009953
7010,0.00048004
7011,0.00187064
7012,0.00036522
7013,0.03723051
7014,0.00160875
7015,0.02122786
7016,0.01297503
7017,0.00200684
7018,0.00331281
7019,0.00027095
7020,0.00162339
7021,0.02197466
7022,0.00885666
7023,0.00237414
7024,0.00072741
7025,0.00084323
7026,0.00035648
7027,0.00000286
7028,0.00403408
7029,0.00150017
7030,0.00530885
7031,0.00363759
7032,0.00000869
7033,0.00175236
7034,0.00262787
7035,0.00167041
7036,0.03867822
7037,0.01487022
7038,0.00268563
7039,0.00043125
7040,0.00490813
7041,0.00939488
7042,0.00089684
7043,0.00078214
7044,0.00138665
7045,0.00115299
7046,0.00970636
7047,0.00076577
7048,0.00435517
7049,0.00924760
7050,0.00403611
7051,0.01339311
7052,0.00152718
7053,0.00039163
7054,0.00139865
7055,0.00852143
7056,0.00072577
7057,0.00215800
7058,0.10833786
7059,0.00041834
7060,0.00037122
7061,0.00774351
7062,0.00340791
7063,0.00161318
7064,0.00542893
7065,0.00339846
7066,0.02579867
7067,0.00308849
7068,0.00031856
7069,0.00068860
7070,0.00385033
7071,0.00036680
7072,0.00178833
7073,0.00935407
7074,0.00226190
7075,0.00415099
7076,0.00171970
7077,0.00218135
7078,0.00035508
7079,0.00462161
7080,0.00082533
7081,0.03363212
7082,0.00215062
7083,0.00127591
7084,0.00151799
7085,0.00446902
7086,0.00893316
7087,0.00033687
7088,0.00036210
7089,0.00040318
7090,0.00041167
7091,0.01269413
7092,0.04117216
7093,0.00488355
7094,0.30303151
7095,0.00178591
7096,0.00083849
7097,0.00342459
7098,0.00159472
7099,0.00001069
7100,0.00506437
7101,0.03810324
7102,0.06196620
7103,0.00069930
7104,0.00422202
7105,0.03399327
7106,0.00115352
7107,0.00196139
7108,0.00840439
7109,0.00555652
7110,0.00047908
7111,0.00000024
7112,0.00404433
7113,0.02850777
7114,0.00212070
7115,0.02004583
7116,0.00142177
7117,0.00036995
7118,0.01970419
7119,0.00181102
7120,0.00147138
7121,0.00138542
7122,0.00099683
7123,0.01308488
7124,0.37929032
7125,0.00189563
7126,0.00472947
7127,0.00037358
7128,0.00655984
7129,0.00007847
7130,0.00138444
7131,0.00000020
7132,0.00037569
7133,0.02218297
7134,0.00301555
7135,0.00084380
7136,0.00146083
7137,0.00168690
7138,0.00034302
7139,0.00317044
7140,0.01030463
7141,0.00943776
7142,0.00213132
7143,0.01885018
7144,0.00359460
7145,0.00262726
7146,0.00034599
7147,0.00063582
7148,0.00213495
7149,0.00134654
7150,0.00003287
7151,0.00413677
7152,0.00427156
7153,0.00068337
7154,0.00168022
7155,0.00182614
7156,0.00146320
7157,0.00821490
7158,0.00130111
7159,0.00333679
7160,0.00070236
7161,0.01259973
7162,0.00095364
7163,0.00218886
7164,0.00125244
7165,0.00514924
7166,0.03402679
7167,0.00213668
7168,0.00097797
7169,0.00045294
7170,0.00075317
7171,0.01260206
7172,0.01327553
7173,0.00030287
7174,0.01169132
7175,0.01612944
7176,0.00206674
7177,0.00474208
7178,0.00284535
7179,0.00394501
7180,0.00481589
7181,0.00483206
7182,0.01074597
7183,0.00076955
7184,0.00074872
7185,0.00311315
7186,0.00397074
7187,0.00215803
7188,0.00330083
7189,0.02067013
7190,0.00527021
7191,0.00205961
7192,0.00146010
7193,0.00151601
7194,0.00304453
7195,0.00131727
7196,0.00217510
7197,0.00178171
7198,0.00952004
7199,0.00614395
7200,0.01313250
7201,0.00413548
7202,0.00980998
7203,0.00189058
7204,0.00159346
7205,0.02692516
7206,0.00443214
7207,0.00029408
7208,0.00352086
7209,0.00383863
7210,0.00379101
7211,0.00182679
7212,0.00087152
7213,0.00081769
7214,0.00132801
7215,0.00221009
7216,0.00264023
7217,0.00146022
7218,0.00133255
7219,0.00401074
7220,0.00137819
7221,0.04302857
7222,0.00211775
7223,0.00173731
7224,0.00991574
7225,0.00554264
7226,0.02443160
7227,0.01373287
7228,0.00146584
7229,0.02056395
7230,0.00161498
7231,0.01339524
7232,0.00133857
7233,0.01367564
7234,0.00406914
7235,0.00038339
7236,0.00016206
7237,0.00337519
7238,0.00337904
7239,0.00002302
7240,0.00004079
7241,0.01183082
7242,0.00069763
7243,0.00259745
7244,0.00042191
7245,0.02625077
7246,0.00848946
7247,0.00141090
7248,0.00219140
7249,0.00319649
7250,0.01548861
7251,0.01291235
7252,0.00134000
7253,0.00600419
7254,0.00190048
7255,0.03860558
7256,0.01443284
7257,0.00426069
7258,0.01255779
7259,0.00221429
7260,0.00055433
7261,0.00142556
7262,0.00342133
7263,0.23349829
7264,0.00214703
7265,0.01111791
7266,0.00229002
7267,0.00152719
7268,0.00144681
7269,0.00072911
7270,0.03544477
7271,0.00383390
7272,0.03711647
7273,0.00041125
7274,0.00315945
7275,0.00452322
7276,0.03592937
7277,0.00426238
7278,0.00422407
7279,0.00102501
7280,0.00216745
7281,0.00204377
7282,0.00000201
7283,0.00044785
7284,0.00002477
7285,0.00414404
7286,0.17654842
7287,0.03294866
7288,0.00465090
7289,0.00915110
7290,0.00395595
7291,0.02750635
7292,0.00202221
7293,0.00040809
7294,0.00393044
7295,0.01503948
7296,0.00074402
7297,0.00128831
7298,0.00210024
7299,0.00198349
7300,0.00097486
7301,0.00171142
7302,0.00117396
7303,0.00047861
7304,0.00365047
7305,0.00043680
7306,0.00134440
7307,0.01061745
7308,0.00213839
7309,0.01322196
7310,0.00134025
7311,0.00414252
7312,0.00170744
7313,0.00174685
7314,0.00036364
7315,0.00204187
7316,0.00149469
7317,0.00093787
7318,0.03716595
7319,0.00184703
7320,0.00359976
7321,0.00076984
7322,0.00182458
7323,0.00600984
7324,0.00366108
7325,0.00318761
7326,0.00029184
7327,0.00332902
7328,0.03224897
7329,0.04118236
7330,0.00785004
7331,0.00839197
7332,0.01596718
7333,0.03026542
7334,0.00401709
7335,0.00322720
7336,0.00082130
7337,0.00446835
7338,0.00196052
7339,0.01878075
7340,0.00000748
7341,0.69559746
7342,0.00480422
7343,0.00051434
7344,0.00391437
7345,0.00201512
7346,0.01366969
7347,0.00225463
7348,0.00426594
7349,0.00036354
7350,0.01773809
7351,0.00083592
7352,0.02517322
7353,0.00176931
7354,0.00179751
7355,0.00840692
7356,0.00086255
7357,0.00000347
7358,0.00075812
7359,0.00591825
7360,0.00037595
7361,0.00043107
7362,0.00095436
7363,0.00041502
7364,0.00298004
7365,0.00866898
7366,0.00404618
7367,0.00151979
7368,0.33104319
7369,0.00402830
7370,0.00110536
7371,0.00110864
7372,0.00191898
7373,0.00377622
7374,0.00208943
7375,0.00539295
7376,0.00370939
7377,0.00355288
7378,0.01275946
7379,0.00079103
7380,0.00033707
7381,0.03561192
7382,0.00807391
7383,0.03623862
7384,0.00079180
7385,0.00888645
7386,0.00942237
7387,0.00151341
7388,0.00272467
7389,0.00047734
7390,0.00420898
7391,0.00369302
7392,0.00283549
7393,0.00096901
7394,0.01973132
7395,0.00385615
7396,0.00120057
7397,0.00320766
7398,0.00169498
7399,0.00129423
7400,0.00134914
7401,0.00044723
7402,0.00091266
7403,0.00096782
7404,0.00225452
7405,0.01335294
7406,0.03544671
7407,0.02310345
7408,0.00362830
7409,0.00545990
7410,0.00041020
7411,0.04025398
7412,0.00265543
7413,0.01739104
7414,0.00082884
7415,0.01878568
7416,0.00022460
7417,0.00308040
7418,0.02030073
7419,0.01276733
7420,0.00282760
7421,0.00301902
7422,0.01150176
7423,0.00812338
7424,0.01092979
7425,0.00238668
7426,0.03554699
7427,0.00123846
7428,0.00154713
7429,0.00129900
7430,0.00409144
7431,0.03432790
7432,0.00076163
7433,0.01349524
7434,0.00155981
7435,0.00210751
7436,0.00075006
7437,0.00155295
7438,0.01109932
7439,0.02819267
7440,0.00836861
7441,0.00274224
7442,0.00413728
7443,0.00326284
7444,0.01904060
7445,0.01349465
7446,0.00047869
7447,0.00042517
7448,0.00412852
7449,0.00068963
7450,0.01339189
7451,0.00087026
7452,0.02080555
7453,0.00525626
7454,0.00310152
7455,0.00120031
7456,0.00839825
7457,0.01876459
7458,0.00025471
7459,0.01327057
7460,0.00126990
7461,0.00395971
7462,0.00037054
7463,1.34461450
7464,0.43798587
7465,0.00961474
7466,0.00213450
7467,0.01566701
7468,0.00046063
7469,0.00002313
7470,0.01358161
7471,0.00151350
7472,0.00411829
7473,0.00081512
7474,0.00202260
7475,0.00077149
7476,0.00268125
7477,0.00047377
7478,0.00359766
7479,0.00207441
7480,0.00073755
7481,0.00004994
7482,0.00044053
7483,0.00174797
7484,0.00039526
7485,0.00220259
7486,0.00042560
7487,0.00041851
7488,0.00219799
7489,0.00317414
7490,0.00394494
7491,0.00044000
7492,0.42888491
7493,0.00069953
7494,0.00405762
7495,0.03095024
7496,0.00370750
7497,0.00377872
7498,0.00172401
7499,0.00639003
7500,0.00768510
7501,0.00316886
7502,0.00366298
7503,0.00225288
7504,0.00311766
7505,0.00130337
7506,0.04387587
7507,0.00179107
7508,0.00078526
7509,0.01197732
7510,0.00462715
7511,0.00096650
7512,0.01359527
7513,0.00001634
7514,0.00173078
7515,0.00366918
7516,0.00280076
7517,0.00404136
7518,0.00043562
7519,0.00033936
7520,0.00115677
7521,0.00919892
7522,0.00205089
7523,0.03749706
7524,0.00199393
7525,0.00419385
7526,0.01138357
7527,0.00140524
7528,0.00081910
7529,0.00216862
7530,0.00352695
7531,0.00184593
7532,0.00212197
7533,0.01005100
7534,0.00074371
7535,0.00525334
7536,0.00201153
7537,0.00149506
7538,0.00174409
7539,0.00269533
7540,0.00066323
7541,0.00155020
7542,0.00482063
7543,0.00409936
7544,0.01235595
7545,0.00399401
7546,0.00220209
7547,0.01848238
7548,0.00131744
7549,0.51797218
7550,0.00139413
7551,0.00144165
7552,0.00189568
7553,0.03427063
7554,0.00412648
7555,0.00140282
7556,0.13581586
7557,0.00079639
7558,0.00074755
7559,0.01428206
7560,0.00390219
7561,0.00479300
7562,0.00878303
7563,0.00318132
7564,0.01367780
7565,0.00404106
7566,0.00011574
7567,0.00243720
7568,0.00135965
7569,0.00360991
7570,0.00216271
7571,0.00523305
7572,0.00037766
7573,0.00472566
7574,0.00386008
7575,0.00346379
7576,0.00101907
7577,0.00170310
7578,0.00222566
7579,0.00123730
7580,0.00002299
7581,0.00042028
7582,0.00042024
7583,0.02989209
7584,0.00401012
7585,0.00175337
7586,0.67759339
7587,0.02219313
7588,0.03235759
7589,0.02036508
7590,0.00396402
7591,0.00138284
7592,0.00366935
7593,0.01372082
7594,0.00313698
7595,0.00185026
7596,0.00198453
7597,0.00147717
7598,0.00309097
7599,0.00194374
7600,0.00022264
7601,0.00031993
7602,0.00521036
7603,0.00046804
7604,0.55794176
7605,0.00916448
7606,0.00553362
7607,0.00150100
7608,0.01294936
7609,0.00034659
7610,0.00265194
7611,0.01855938
7612,0.00249710
7613,0.00261582
7614,0.00021356
7615,0.02173209
7616,0.00134565
7617,0.00150981
7618,0.00364563
7619,0.00145592
7620,0.00210273
7621,0.00117274
7622,0.01346121
7623,0.00134555
7624,0.00577804
7625,0.00561291
7626,0.00201304
7627,0.00281030
7628,0.03744384
7629,1.04692897
7630,0.00400291
7631,0.00139148
7632,0.00105164
7633,0.00101952
7634,0.00086502
7635,0.00159939
7636,0.00042094
7637,0.00195731
7638,0.00167218
7639,0.02811691
7640,0.00447809
7641,0.02627827
7642,0.00088398
7643,0.00119211
7644,0.00125270
7645,0.03479863
7646,0.00215655
7647,0.00227273
7648,0.00158737
7649,0.00112596
7650,0.00918204
7651,0.02155248
7652,0.02592152
7653,0.00221959
7654,0.00141034
7655,0.02355720
7656,0.00130713
7657,0.00145863
7658,0.00422593
7659,0.01358455
7660,0.00139629
7661,0.00400848
7662,0.00189526
7663,0.00216773
7664,0.00328929
7665,0.00275496
7666,0.02027277
7667,0.00949162
7668,0.00152453
7669,0.00197579
7670,0.01052334
7671,0.00199251
7672,0.00108826
7673,0.00041485
7674,0.00264999
7675,0.01306253
7676,0.00333424
7677,0.00875045
7678,0.01386073
7679,0.00490914
7680,0.00272772
7681,0.00425833
7682,0.00067498
7683,0.00248738
7684,0.00479753
7685,0.00345764
7686,0.00371086
7687,0.00030066
7688,0.00067592
7689,0.69270234
7690,0.00795750
7691,0.00780786
7692,0.00408641
7693,0.00455352
7694,0.00129970
7695,0.00117202
7696,0.00318051
7697,0.00137299
7698,0.00209091
7699,0.00278410
7700,0.00403867
7701,0.00144949
7702,0.03400842
7703,0.03749391
7704,0.00214055
7705,0.00004388
7706,0.00035546
7707,0.00300630
7708,0.00250786
7709,0.00172204
7710,0.01556011
7711,0.00042668
7712,0.00575339
7713,0.00005093
7714,0.02470955
7715,0.02528407
7716,0.00080158
7717,0.00035973
7718,0.00165391
7719,0.00036847
7720,0.00173057
7721,0.00032051
7722,0.84703889
7723,0.00136345
7724,0.01985333
7725,0.00958368
7726,0.28471652
7727,0.02724927
7728,0.00184795
7729,0.00186855
7730,0.00075358
7731,0.00180789
7732,0.00118526
7733,0.00075517
7734,0.00171633
7735,0.08773567
7736,0.02017426
7737,0.00132013
7738,0.00038302
7739,0.02563869
7740,0.00344700
7741,0.00306852
7742,0.00186813
7743,0.02738523
7744,0.01000929
7745,0.00204177
7746,0.00373612
7747,0.00211939
7748,0.00032811
7749,0.00352244
7750,0.00222103
7751,0.02548313
7752,0.00890882
7753,0.00466896
7754,0.03778619
7755,0.00927437
7756,0.00034775
7757,0.00188583
7758,0.00085818
7759,0.00296528
7760,0.00085757
7761,0.00213348
7762,0.01523473
7763,0.00143209
7764,0.00408824
7765,0.00060576
7766,0.00039918
7767,0.00883605
7768,0.00887021
7769,0.00126825
7770,0.00360823
7771,0.00498919
7772,0.00254592
7773,0.00158998
7774,0.00575041
7775,0.02056798
7776,0.00178940
7777,0.01362999
7778,0.00111581
7779,0.00085351
7780,0.03527713
7781,0.00135445
7782,0.00042625
7783,0.00587887
7784,0.01411588
7785,0.00130179
7786,0.00039614
7787,0.00037387
7788,0.00128533
7789,0.00890022
7790,0.03002091
7791,0.01448545
7792,0.00184789
7793,0.00027930
7794,0.00272021
7795,0.00408493
7796,0.00397949
7797,0.00296068
7798,0.00004190
7799,0.00060646
7800,0.00158482
7801,0.00177602
7802,0.00041744
7803,0.00311285
7804,0.01201025
7805,0.00305456
7806,0.01048931
7807,0.00851728
7808,0.02372251
7809,0.02050576
7810,0.03485245
7811,0.01074821
7812,0.00387035
7813,0.00138444
7814,0.00364837
7815,0.00202971
7816,0.00183118
7817,0.00779800
7818,0.00180116
7819,0.00074920
7820,0.00587299
7821,0.03206880
7822,0.00210007
7823,0.04039091
7824,0.00352826
7825,0.00063814
7826,0.00403551
7827,0.00201831
7828,0.00400389
7829,0.00726502
7830,0.00204507
7831,0.00043123
7832,0.02123564
7833,0.01106901
7834,0.00137471
7835,0.00182937
7836,0.00152233
7837,0.00498891
7838,0.00031329
7839,0.00854530
7840,0.00275296
7841,0.01602900
7842,0.00340501
7843,0.00389509
7844,0.00400635
7845,0.03559344
7846,0.00873394
7847,0.01405484
7848,0.00120556
7849,0.02232358
7850,0.00108081
7851,0.00132833
7852,0.00042105
7853,0.00242005
7854,0.00147306
7855,0.00393997
7856,0.00142475
7857,0.00134995
7858,0.00119767
7859,0.02743175
7860,0.00126142
7861,0.00341393
7862,0.00040154
7863,0.00075695
7864,0.08530540
7865,0.03909870
7866,0.00177519
7867,0.00064587
7868,0.00148273
7869,0.00137484
7870,0.01168931
7871,0.00848191
7872,0.00012552
7873,0.00152175
7874,0.00922276
7875,0.00393776
7876,0.00130513
7877,0.01384826
7878,0.00295901
7879,0.00041424
7880,0.00047032
7881,0.00113055
7882,0.00082177
7883,0.01456909
7884,0.01708431
7885,0.00816780
7886,0.00921973
7887,0.00040179
7888,0.00176276
7889,0.00819772
7890,0.00076875
7891,0.01257988
7892,0.00952481
7893,0.00033987
7894,0.00185996
7895,0.00233511
7896,0.00182724
7897,0.00139636
7898,0.00157594
7899,0.00109909
7900,0.00968380
7901,0.00040033
7902,0.00789538
7903,0.03943771
7904,0.00283843
7905,0.00063060
7906,0.00446098
7907,0.00190950
7908,0.01289634
7909,0.00141313
7910,0.00038895
7911,0.00220897
7912,0.03126839
7913,0.00043870
7914,0.00040076
7915,0.00061997
7916,0.00141369
7917,0.00173508
7918,0.00850336
7919,0.00212583
7920,0.00384613
7921,0.00333607
7922,0.00429230
7923,0.00000988
7924,0.07233993
7925,0.00288514
7926,0.00798056
7927,0.00213943
7928,0.00834582
7929,0.00295350
7930,0.00104420
7931,0.00117347
7932,0.00249148
7933,0.00473831
7934,0.00271508
7935,0.00040097
7936,0.00910190
7937,0.00187520
7938,0.00378726
7939,0.00198972
7940,0.00104576
7941,0.00046359
7942,0.00146814
7943,0.00286549
7944,0.00378554
7945,0.02146607
7946,0.00041650
7947,0.00131595
7948,0.00392909
7949,0.00211731
7950,0.00040980
7951,0.00042270
7952,0.00335431
7953,0.00090981
7954,0.00221008
7955,0.00603098
7956,0.00217124
7957,0.00000036
7958,0.04085782
7959,0.02171199
7960,0.04033868
7961,0.00148177
7962,0.00737130
7963,0.00508971
7964,0.00970110
7965,0.03929086
7966,0.00778129
7967,0.00033483
7968,0.00214310
7969,0.00573325
7970,0.00127397
7971,0.01955270
7972,0.02782269
7973,0.00346717
7974,0.00197826
7975,0.00151043
7976,0.00388870
7977,0.02571045
7978,0.01313943
7979,0.00043538
7980,0.00387901
7981,0.00074962
7982,0.00424488
7983,0.00199253
7984,0.00600652
7985,0.00269578
7986,0.00134165
7987,0.00040794
7988,0.00920255
7989,0.00109503
7990,0.00344584
7991,0.00137256
7992,0.00278906
7993,0.00257496
7994,0.00977885
7995,0.00148952
7996,0.00883564
7997,0.00359263
7998,0.00287754
7999,0.00356015
8000,0.19186390
8001,0.00201904
8002,0.03860305
8003,0.00037088
8004,0.00153293
8005,0.00895777
8006,0.00285028
8007,0.02031848
8008,0.01769337
8009,0.00032103
8010,0.00412652
8011,0.00077914
8012,0.00128743
8013,0.00159927
8014,0.00153321
8015,0.58615103
8016,0.00175214
8017,0.00160880
8018,0.00123940
8019,0.00085748
8020,0.00024230
8021,0.46448605
8022,0.00383275
8023,0.00928794
8024,0.00174805
8025,0.00566322
8026,0.00819715
8027,0.00688501
8028,0.04059368
8029,0.00182676
8030,0.00328768
8031,0.00177335
8032,0.00033591
8033,0.00184709
8034,0.04163245
8035,0.00196710
8036,0.03624315
8037,0.00414452
8038,0.00382543
8039,0.00067364
8040,0.00408040
8041,0.00310832
8042,0.00376674
8043,0.00918551
8044,0.00905870
8045,0.03399506
8046,0.02001621
8047,0.00099596
8048,0.00340038
8049,0.00092876
8050,0.00204840
8051,0.00034921
8052,0.02022124
8053,0.00089303
8054,0.00088070
8055,0.00839711
8056,0.00939155
8057,0.00149208
8058,0.00039295
8059,0.00403857
8060,0.00333492
8061,0.00855931
8062,0.00148577
8063,0.00042743
8064,0.00034770
8065,0.00299281
8066,0.00217761
8067,0.00107345
8068,0.00041205
8069,0.00956584
8070,0.00811469
8071,0.00348660
8072,0.01409064
8073,0.00113962
8074,0.00209679
8075,0.00325783
8076,0.03702142
8077,0.00125127
8078,0.00038099
8079,0.01100971
8080,0.00078653
8081,0.00359296
8082,0.03544375
8083,0.00200791
8084,0.00073024
8085,0.00142185
8086,0.06130975
8087,0.02060834
8088,0.00002568
8089,0.00337334
8090,0.00415914
8091,0.01352906
8092,0.00083685
8093,0.00207480
8094,0.00384939
8095,0.00000372
8096,0.00031554
8097,0.00139631
8098,0.00038026
8099,0.00963131
8100,0.00364764
8101,0.00070518
8102,0.00407374
8103,0.00555371
8104,0.00158289
8105,0.00420835
8106,0.03587933
8107,0.00406364
8108,0.03467903
8109,0.00850046
8110,0.00163358
8111,0.00209864
8112,0.00350996
8113,0.01317926
8114,0.04238220
8115,0.00171607
8116,0.00215831
8117,0.00141607
8118,0.00336496
8119,0.00110185
8120,0.01162332
8121,0.00075008
8122,0.00185966
8123,0.00405943
8124,0.00834292
8125,0.00037984
8126,0.01244862
8127,0.00955226
8128,0.02157719
8129,0.00223615
8130,0.04035756
8131,0.26208197
8132,0.00421010
8133,0.01090694
8134,0.00375117
8135,0.00209677
8136,0.00331584
8137,0.00036439
8138,0.00067096
8139,0.01743254
8140,0.00766250
8141,0.02217869
8142,0.00144705
8143,0.00141719
8144,0.00038497
8145,0.00222040
8146,0.00174062
8147,0.00090511
8148,0.00435759
8149,0.00532046
8150,0.00119832
8151,0.00574206
8152,0.02757662
8153,0.02952695
8154,0.00129772
8155,0.00380546
8156,0.01333615
8157,0.00842382
8158,0.00573010
8159,0.00168820
8160,0.01320098
8161,0.03096982
8162,0.00181029
8163,0.00552578
8164,0.00410427
8165,0.05606312
8166,0.00404038
8167,0.00085509
8168,0.02280088
8169,0.00328387
8170,0.00439496
8171,0.00491505
8172,0.00048687
8173,0.01102453
8174,0.03129306
8175,0.00212490
8176,0.03545301
8177,0.00450940
8178,0.00181932
8179,0.00597392
8180,0.03874164
8181,0.00700729
8182,0.00123328
8183,0.01464754
8184,0.00071541
8185,0.00103949
8186,0.00088207
8187,0.00224077
8188,0.00080675
8189,0.00103128
8190,0.00385472
8191,0.00393503
8192,0.00362630
8193,0.00405839
8194,0.03817848
8195,0.00000595
8196,0.00200281
8197,0.00397065
8198,0.00093041
8199,0.00220070
8200,0.01932860
8201,0.00323206
8202,0.03214384
8203,0.00365746
8204,0.00862485
8205,0.03579337
8206,0.00402499
8207,0.03549459
8208,0.03077214
8209,0.00274990
8210,0.00038023
8211,0.20788730
8212,0.00382910
8213,0.00000511
8214,0.00375211
8215,0.00785363
8216,0.00092770
8217,0.00085923
8218,0.00084455
8219,0.00030318
8220,0.00476234
8221,0.00118604
8222,0.00142983
8223,0.00262851
8224,0.00920308
8225,0.04116769
8226,0.00159310
8227,0.05001069
8228,0.00378725
8229,0.03401527
8230,0.00212030
8231,0.00036751
8232,0.00039191
8233,0.00334508
8234,0.00144473
8235,0.00092897
8236,0.00157365
8237,0.00218733
8238,0.00472766
8239,0.02487229
8240,0.00142759
8241,0.00150158
8242,0.01465986
8243,0.00044039
8244,0.00150804
8245,0.01340123
8246,0.00102838
8247,0.00092795
8248,0.01396153
8249,0.00103779
8250,0.00530449
8251,0.00525740
8252,0.00323712
8253,0.00864437
8254,0.00147435
8255,0.00931394
8256,0.00017996
8257,0.01366790
8258,0.00039143
8259,0.00004735
8260,0.00149418
8261,0.00037162
8262,0.01397487
8263,0.00417818
8264,0.03488436
8265,0.00032590
8266,0.00432704
8267,0.03897551
8268,0.00129258
8269,0.00204255
8270,0.00122110
8271,0.00130808
8272,0.00785466
8273,0.00042089
8274,0.00122011
8275,0.00120475
8276,0.00849586
8277,0.02155287
8278,0.00035151
8279,0.00041458
8280,0.00181331
8281,0.00092480
8282,0.00195881
8283,0.00206078
8284,0.03323962
8285,0.00073217
8286,0.00146312
8287,0.00404379
8288,0.00213931
8289,0.00040863
8290,0.00117175
8291,0.03810407
8292,0.03899839
8293,0.00403108
8294,0.00121100
8295,0.00089166
8296,0.00190689
8297,0.00069001
8298,0.00035788
8299,0.00311044
8300,0.00081876
8301,0.00347632
8302,0.00343617
8303,0.00229154
8304,0.00042754
8305,0.00069745
8306,0.00000254
8307,0.00215433
8308,0.00473272
8309,0.03695008
8310,0.00037914
8311,0.00621701
8312,0.00201274
8313,0.00040315
8314,0.03949172
8315,0.00036778
8316,0.00532157
8317,0.00174213
8318,0.00647414
8319,0.00195677
8320,0.00100095
8321,0.00169575
8322,0.03691143
8323,0.00177441
8324,0.00152584
8325,0.00177884
8326,0.00300679
8327,0.00394405
8328,0.00207724
8329,0.00034335
8330,0.00687711
8331,0.03718172
8332,0.00227969
8333,0.00031922
8334,0.00129632
8335,0.00497033
8336,0.00102728
8337,0.01345614
8338,0.00209772
8339,0.00914165
8340,0.04556943
8341,0.00833528
8342,0.00163317
8343,0.00180701
8344,0.00000660
8345,0.03629917
8346,0.00000146
8347,0.00463842
8348,0.01925080
8349,0.01033816
8350,0.00083604
8351,0.00206715
8352,0.00032095
8353,0.00132569
8354,0.00427738
8355,0.00000926
8356,0.00293494
8357,0.00143697
8358,0.00321762
8359,0.00033988
8360,0.03536118
8361,0.00337144
8362,0.00852149
8363,0.00395179
8364,0.03139308
8365,0.02205217
8366,0.00171430
8367,0.03447489
8368,0.00201248
8369,0.00151811
8370,0.00143205
8371,0.00182815
8372,0.00090375
8373,0.00213932
8374,0.00292778
8375,0.00037023
8376,0.00006658
8377,0.00948150
8378,0.00405978
8379,0.00133606
8380,0.00001060
8381,0.00244659
8382,0.00209888
8383,0.02661821
8384,0.00090279
8385,0.00168064
8386,0.00171435
8387,0.00179108
8388,0.03288043
8389,0.01316391
8390,0.00373134
8391,0.01592073
8392,0.00038214
8393,0.00794683
8394,0.00340254
8395,0.00244892
8396,0.00169782
8397,0.00141569
8398,0.00604350
8399,0.02265422
8400,0.00106070
8401,0.01002739
8402,0.00117748
8403,0.02825338
8404,0.03966073
8405,0.00913739
8406,0.01968342
8407,0.00034855
8408,0.64174176
8409,0.00945450
8410,0.00194426
8411,0.00030152
8412,0.00936527
8413,0.00069415
8414,0.00463053
8415,0.00423225
8416,0.00038348
8417,0.18741443
8418,0.00039615
8419,0.01362716
8420,0.00197518
8421,0.00652490
8422,0.00421746
8423,0.04009360
8424,0.03602674
8425,0.00033581
8426,0.00485264
8427,0.00416152
8428,0.00406910
8429,0.00409289
8430,0.00417468
8431,0.00465761
8432,0.00152391
8433,0.00215441
8434,0.00036081
8435,0.00371581
8436,0.00795379
8437,0.00293140
8438,0.00266002
8439,1.11801298
8440,0.00253398
8441,0.00134442
8442,0.02277396
8443,0.01003242
8444,0.00285176
8445,0.00139613
8446,0.00364845
8447,0.00205346
8448,0.00990553
8449,0.00267922
8450,0.00313325
8451,0.02017144
8452,0.00152321
8453,0.00032452
8454,0.00210127
8455,0.02259167
8456,0.00177549
8457,0.00909837
8458,0.00441154
8459,0.04191729
8460,0.00331323
8461,0.00504328
8462,0.00041552
8463,0.00508891
8464,0.00081319
8465,0.00261302
8466,0.00180975
8467,0.00176173
8468,0.00146382
8469,0.00179292
8470,0.00461278
8471,0.01068573
8472,0.00874890
8473,0.00192668
8474,0.00086470
8475,0.00161833
8476,0.00309739
8477,0.00405142
8478,0.00174400
8479,0.00397979
8480,0.00386411
8481,0.00142990
8482,0.00168474
8483,0.00944271
8484,0.01442802
8485,0.00098097
8486,0.00126306
8487,0.00146452
8488,0.01296600
8489,0.00212741
8490,0.00950124
8491,0.00142423
8492,0.00052507
8493,0.00161856
8494,0.09060138
8495,0.00521555
8496,0.01237278
8497,0.00134724
8498,0.02348901
8499,0.00419224
8500,0.00144532
8501,0.00176680
8502,0.00000402
8503,0.00184392
8504,0.00395505
8505,0.03364282
8506,0.00145370
8507,0.00221934
8508,0.00037259
8509,0.00435908
8510,0.00038353
8511,0.00098100
8512,0.00376634
8513,0.00182856
8514,0.00284223
8515,0.55702545
8516,0.02355472
8517,0.00142198
8518,0.00174454
8519,0.00179480
8520,0.04191400
8521,0.00214911
8522,0.01321587
8523,0.00683070
8524,0.00554721
8525,0.00332107
8526,0.00188024
8527,0.00117864
8528,0.00149549
8529,0.00163318
8530,0.03404489
8531,0.01666076
8532,0.00104392
8533,0.00986618
8534,0.00390047
8535,0.00408597
8536,0.00869053
8537,0.00085270
8538,0.00122973
8539,0.02204076
8540,0.00005963
8541,0.02139832
8542,0.00133251
8543,0.00317248
8544,0.00176723
8545,0.00350502
8546,0.00293996
8547,0.09893554
8548,0.00803165
8549,0.00033097
8550,0.00834782
8551,0.00043785
8552,0.01402866
8553,0.00535772
8554,0.00049546
8555,0.00703002
8556,0.00740663
8557,0.00039610
8558,0.00075600
8559,0.00067775
8560,0.04009250
8561,0.00222764
8562,0.00522722
8563,0.00141092
8564,1.34466412
8565,0.00036917
8566,0.00190557
8567,0.00038119
8568,0.00060842
8569,0.00152898
8570,0.00353135
8571,0.03448826
8572,0.00106699
8573,0.00099496
8574,0.00126458
8575,0.00414874
8576,0.00060744
8577,0.02927216
8578,0.03478143
8579,0.00067505
8580,0.02290853
8581,0.00044461
8582,0.00378292
8583,0.00386871
8584,0.00200738
8585,0.00043626
8586,0.01913593
8587,0.00466966
8588,0.00003779
8589,0.00396281
8590,0.00511258
8591,0.00887161
8592,0.00139426
8593,0.00910955
8594,0.03423287
8595,0.00755754
8596,0.00226111
8597,0.01777733
8598,0.00125879
8599,0.00302162
8600,0.00963904
8601,0.00177606
8602,0.00037701
8603,0.00149510
8604,0.00991631
8605,0.00931438
8606,0.06230695
8607,0.00216285
8608,0.00991401
8609,0.00176139
8610,0.00933758
8611,0.00072458
8612,0.03773906
8613,0.00074415
8614,0.00446739
8615,0.01451584
8616,0.00087227
8617,0.02156698
8618,0.00270717
8619,0.00164005
8620,0.00870868
8621,0.00963006
8622,0.02526860
8623,0.03854111
8624,0.00470663
8625,0.00032567
8626,0.00009294
8627,0.00326956
8628,0.00043338
8629,0.00162186
8630,0.00358261
8631,0.00037006
8632,0.03935250
8633,0.00188226
8634,0.00361645
8635,0.00028676
8636,0.00000376
8637,0.02152165
8638,0.00369211
8639,0.00202344
8640,0.00585131
8641,0.00037597
8642,0.03415837
8643,0.00180001
8644,0.00084573
8645,0.28917959
8646,0.00237803
8647,0.00039843
8648,0.00125521
8649,0.00189387
8650,0.00130010
8651,0.00568298
8652,0.02040802
8653,0.00457308
8654,0.00204217
8655,0.00326924
8656,0.01370590
8657,0.00458479
8658,0.00038600
8659,0.01003471
8660,0.00076529
8661,0.00981725
8662,0.00882504
8663,0.04063579
8664,0.00613059
8665,0.00359338
8666,0.00136064
8667,0.00330842
8668,0.04098974
8669,0.00952099
8670,0.00239404
8671,0.00179779
8672,0.00064404
8673,0.00170780
8674,0.02251636
8675,0.00370979
8676,0.00150261
8677,0.03564950
8678,0.00031475
8679,0.00795787
8680,0.00091477
8681,0.00099078
8682,0.02546869
8683,0.00426206
8684,0.00134164
8685,0.00823872
8686,0.01808094
8687,0.00920471
8688,0.00041281
8689,0.00386871
8690,0.00336513
8691,0.00147748
8692,0.00172661
8693,0.00343911
8694,0.00270501
8695,0.00862131
8696,0.00779202
8697,0.00212234
8698,0.00004991
8699,0.00898582
8700,0.00085818
8701,0.00061056
8702,0.00101841
8703,0.00109780
8704,0.00960801
8705,0.00043908
8706,0.00359478
8707,0.03828892
8708,0.00043492
8709,0.00100986
8710,0.00446736
8711,0.00032809
8712,0.00580211
8713,0.00103329
8714,0.00002075
8715,0.00480193
8716,0.01385483
8717,0.02452627
8718,0.00085432
8719,0.01503929
8720,0.00164322
8721,0.00282195
8722,0.01243920
8723,0.03856555
8724,0.00127257
8725,0.00355495
8726,0.00504342
8727,0.00036227
8728,0.00189675
8729,0.00117655
8730,0.01513234
8731,0.00932479
8732,0.00037099
8733,0.00383502
8734,0.00033041
8735,0.00183621
8736,0.00091078
8737,0.00249246
8738,0.01459967
8739,0.00215776
8740,0.00037268
8741,0.00311180
8742,0.00169917
8743,0.00405159
8744,0.00107638
8745,0.00203045
8746,0.00322422
8747,0.01685844
8748,0.00050015
8749,0.01525881
8750,0.00210369
8751,0.00173743
8752,0.00152004
8753,0.00133226
8754,0.00179255
8755,0.00104501
8756,0.00214749
8757,0.00184419
8758,0.00031730
8759,0.00215251
8760,0.00031278
8761,0.00038262
8762,0.00058814
8763,0.02249082
8764,0.00919126
8765,0.00474395
8766,0.00216764
8767,0.00127130
8768,0.00184915
8769,0.00124801
8770,0.01151234
8771,0.00137621
8772,0.00093153
8773,0.00217439
8774,0.02163914
8775,0.00042060
8776,0.00115764
8777,0.00450515
8778,0.02322786
8779,0.03049782
8780,0.00133006
8781,0.00411414
8782,0.00455454
8783,0.00478217
8784,0.00038100
8785,0.00001757
8786,0.00362267
8787,0.00039867
8788,0.00383320
8789,0.00178928
8790,0.00000026
8791,0.01758201
8792,0.00119796
8793,0.03777060
8794,0.00399495
8795,0.00402433
8796,0.00064749
8797,0.00381710
8798,0.00994451
8799,0.00381632
8800,0.00219407
8801,0.02078572
8802,0.00842898
8803,0.00197715
8804,0.00002596
8805,0.00089437
8806,0.00269450
8807,0.00054528
8808,0.02952187
8809,0.00361841
8810,0.00386938
8811,0.03064778
8812,0.00238140
8813,0.00156530
8814,0.00368423
8815,0.00681283
8816,0.00949586
8817,0.00196987
8818,0.02098712
8819,0.00313289
8820,0.00212558
8821,0.00935067
8822,0.00080386
8823,0.00183733
8824,0.00036766
8825,0.00167059
8826,0.00148720
8827,0.00001552
8828,0.01383031
8829,0.00320468
8830,0.00402195
8831,0.00276781
8832,0.02230646
8833,0.00419453
8834,0.00033190
8835,0.00147896
8836,0.00138362
8837,0.00035777
8838,0.00175407
8839,0.00205499
8840,0.00037597
8841,0.00173579
8842,0.00128786
8843,0.00906125
8844,0.00251761
8845,0.00207137
8846,0.00037139
8847,0.00081528
8848,0.00138886
8849,0.00347207
8850,0.00132343
8851,0.00438731
8852,0.00307591
8853,0.00210207
8854,0.00329914
8855,0.00638997
8856,0.00041621
8857,0.00188915
8858,0.00516010
8859,0.00207664
8860,0.01279869
8861,0.03814034
8862,0.00121455
8863,0.00164999
8864,0.00190287
8865,0.00313750
8866,0.00192119
8867,0.01295535
8868,0.03933214
8869,0.00070215
8870,0.00152110
8871,0.00385267
8872,0.00072789
8873,0.00413160
8874,0.00789466
8875,0.10677821
8876,0.00063285
8877,0.03484030
8878,0.00147842
8879,0.00887684
8880,0.00217696
8881,0.00187407
8882,0.00325248
8883,0.00572655
8884,0.00597347
8885,0.00056986
8886,0.00299771
8887,0.00142421
8888,0.00065915
8889,0.00002338
8890,0.00086666
8891,0.97057824
8892,0.00536458
8893,0.00896884
8894,0.02078484
8895,0.00843515
8896,0.00092518
8897,0.00168707
8898,0.00251153
8899,0.00197375
8900,0.00190587
8901,0.00207609
8902,0.00181314
8903,0.00413278
8904,0.03634747
8905,0.00229759
8906,0.00208169
8907,0.00797496
8908,0.00204430
8909,0.00580330
8910,0.02731585
8911,0.00052800
8912,0.00047097
8913,0.00357396
8914,0.00395417
8915,0.00900384
8916,0.00209918
8917,0.04136711
8918,0.00130858
8919,0.00222980
8920,0.01586952
8921,0.00083901
8922,0.00092731
8923,0.00329794
8924,0.00099841
8925,0.00749390
8926,0.00000285
8927,0.00895858
8928,0.00201105
8929,0.01113444
8930,0.00179906
8931,0.00195422
8932,0.00142713
8933,0.03952364
8934,0.02355967
8935,0.00145195
8936,0.01437350
8937,0.00001626
8938,0.00086618
8939,0.00046706
8940,0.00569677
8941,0.00465114
8942,0.00236613
8943,0.00425246
8944,0.00107195
8945,0.00107583
8946,0.00145004
8947,0.01386659
8948,0.00036292
8949,0.00153000
8950,0.03954146
8951,0.00165359
8952,0.00414233
8953,0.00566333
8954,0.00038271
8955,0.00958194
8956,0.02799307
8957,0.00002755
8958,0.00160812
8959,0.00042059
8960,0.00136143
8961,0.00139227
8962,0.00040484
8963,0.00873012
8964,0.00454805
8965,0.00286152
8966,0.00184322
8967,0.00360870
8968,0.00137327
8969,0.00000229
8970,0.00733200
8971,0.01518817
8972,0.00885827
8973,0.00034684
8974,0.00589523
8975,0.00366011
8976,0.01237140
8977,0.00041365
8978,0.00224279
8979,0.00140105
8980,0.03151362
8981,0.00206681
8982,0.00177319
8983,0.00294720
8984,0.01363231
8985,0.00033064
8986,0.00061976
8987,0.00735223
8988,0.00034419
8989,0.00310066
8990,0.00142673
8991,0.01037168
8992,0.00043179
8993,0.00842215
8994,0.00042456
8995,0.00387063
8996,0.00032241
8997,0.00506939
8998,0.00175350
8999,0.00097654
9000,0.00890027
9001,0.00088351
9002,0.00479794
9003,0.02089886
9004,0.00044347
9005,0.00080724
9006,0.00216636
9007,0.00379754
9008,0.00017362
9009,0.00115039
9010,0.01450254
9011,0.00235909
9012,0.00073353
9013,0.01431566
9014,0.00000650
9015,0.02376304
9016,0.00041956
9017,0.04445480
9018,0.00040183
9019,0.00955842
9020,0.00210561
9021,0.00459454
9022,0.00375122
9023,0.00314901
9024,0.02289338
9025,0.00266399
9026,0.00334629
9027,0.03115481
9028,0.01723097
9029,0.00074383
9030,0.00853701
9031,0.30160997
9032,0.00894257
9033,0.03123289
9034,0.03896641
9035,0.00748670
9036,0.00050169
9037,0.02483942
9038,0.00219549
9039,0.00292111
9040,0.00200964
9041,0.00943535
9042,0.02266498
9043,0.04231371
9044,0.00065397
9045,0.00956478
9046,0.01054659
9047,0.00031127
9048,0.00372648
9049,0.00809496
9050,0.03559183
9051,0.00105550
9052,0.00909650
9053,0.00194200
9054,0.00065753
9055,0.00178888
9056,0.01282358
9057,0.00624182
9058,0.00087975
9059,0.03381002
9060,0.00077858
9061,0.00039554
9062,0.00986413
9063,0.03463482
9064,0.00177327
9065,0.00182168
9066,0.00200044
9067,0.00166569
9068,0.00190608
9069,0.00609093
9070,0.02138029
9071,0.68447325
9072,0.00199153
9073,0.00188288
9074,0.00801534
9075,0.00128885
9076,0.00188704
9077,0.00819599
9078,0.00076145
9079,0.00346397
9080,0.01338222
9081,0.00113751
9082,0.03816470
9083,0.00131232
9084,0.00077901
9085,0.00035062
9086,0.00335226
9087,0.00090183
9088,0.00062047
9089,0.00000848
9090,0.00176130
9091,0.00037502
9092,0.00179670
9093,0.25199975
9094,0.00323982
9095,0.00139386
9096,0.00000094
9097,0.00435975
9098,0.00568727
9099,0.01651995
9100,0.00405951
9101,0.00220033
9102,0.00369765
9103,0.00434559
9104,0.00849413
9105,0.00861038
9106,0.02242072
9107,0.00074996
9108,0.00165679
9109,0.57153360
9110,0.00126422
9111,0.02733785
9112,0.00292336
9113,0.00866532
9114,0.00033201
9115,0.00033566
9116,0.00333124
9117,0.00550457
9118,0.00976798
9119,0.00688406
9120,0.00107334
9121,0.00405446
9122,0.02334374
9123,0.00217171
9124,0.00448702
9125,0.02175311
9126,0.00562773
9127,0.01369549
9128,0.00573076
9129,0.00116524
9130,0.00960614
9131,0.00302657
9132,0.00148012
9133,0.00183768
9134,0.00766221
9135,0.00377052
9136,0.00085032
9137,0.00396752
9138,0.58175272
9139,0.00392929
9140,0.00079813
9141,0.02705618
9142,0.03685874
9143,0.00095981
9144,0.00097980
9145,0.00612594
9146,0.00168113
9147,0.02376987
9148,0.00074464
9149,0.00361756
9150,0.00086974
9151,0.00031406
9152,0.00213993
9153,0.00968632
9154,0.00845851
9155,0.00006998
9156,0.00094964
9157,0.00411269
9158,0.03543087
9159,0.00760884
9160,0.00108681
9161,0.00146000
9162,0.00423675
9163,0.00804672
9164,0.00153280
9165,0.00325508
9166,0.00074463
9167,0.00969773
9168,0.01283080
9169,0.01869001
9170,0.00032194
9171,0.03265872
9172,0.01505119
9173,0.00423312
9174,0.02153705
9175,0.00925477
9176,0.00566576
9177,0.00160645
9178,0.00407938
9179,0.00868074
9180,0.01042822
9181,0.01310870
9182,0.00274276
9183,0.00414123
9184,0.00040949
9185,0.00838524
9186,0.17878886
9187,0.00039140
9188,0.00034896
9189,0.00882891
9190,0.00301839
9191,0.00399863
9192,0.03035205
9193,0.01393882
9194,0.00382609
9195,0.00124734
9196,0.00036765
9197,0.00422570
9198,0.01916789
9199,0.03000528
9200,0.00556031
9201,0.00736363
9202,0.00156867
9203,0.00181524
9204,0.00039930
9205,0.00047795
9206,0.00388247
9207,0.00028937
9208,0.00356938
9209,0.00168292
9210,0.00144771
9211,0.00402051
9212,0.01394578
9213,0.00938235
9214,0.00682432
9215,0.00015336
9216,0.00062988
9217,0.00140734
9218,0.00923024
9219,0.00198956
9220,0.02071859
9221,0.03102478
9222,0.00422169
9223,0.04005098
9224,0.00379955
9225,0.00091507
9226,0.00581208
9227,0.70793838
9228,0.00178232
9229,0.00282834
9230,0.00057205
9231,0.02010075
9232,0.01328562
9233,0.00063497
9234,0.00134005
9235,0.00184400
9236,0.00890818
9237,0.02953414
9238,0.00767353
9239,0.00041541
9240,0.00768430
9241,0.00033878
9242,0.00037734
9243,0.00068239
9244,0.00149384
9245,0.01389170
9246,0.04034572
9247,0.00947424
9248,0.04174946
9249,0.00100653
9250,0.00425473
9251,0.00252411
9252,0.00427469
9253,0.00215335
9254,0.04090570
9255,0.00152227
9256,0.00040012
9257,0.00916766
9258,0.00369467
9259,0.00331931
9260,0.00154034
9261,0.00824812
9262,0.00091394
9263,0.00180882
9264,0.00029994
9265,0.00341620
9266,0.00796030
9267,0.00097708
9268,0.00152620
9269,0.00038033
9270,0.00106094
9271,0.00150508
9272,0.00384240
9273,0.00186886
9274,0.02442880
9275,0.00130370
9276,0.00133139
9277,0.00396492
9278,0.00037307
9279,0.00079386
9280,0.00086924
9281,0.01447155
9282,0.00000415
9283,0.00227215
9284,0.00433896
9285,0.00924027
9286,0.00348446
9287,0.02725358
9288,0.00102989
9289,0.00169096
9290,0.00320828
9291,0.00128433
9292,0.00034948
9293,0.00174597
9294,0.01461192
9295,0.00104954
9296,0.00038682
9297,0.00214635
9298,0.00385325
9299,0.00212560
9300,0.00552418
9301,0.04091309
9302,0.00034262
9303,0.00033784
9304,0.00082287
9305,0.00277141
9306,0.00136097
9307,0.00000067
9308,0.03630150
9309,0.00217231
9310,0.00206043
9311,0.00330020
9312,0.00147280
9313,0.00073434
9314,0.00015086
9315,0.00356131
9316,0.00097475
9317,0.00134755
9318,0.00324017
9319,0.00317699
9320,0.00480133
9321,0.00240376
9322,0.00393152
9323,0.00203716
9324,0.01388563
9325,0.00189716
9326,0.00174720
9327,0.00365243
9328,0.00035806
9329,0.01559197
9330,0.00282041
9331,0.00137634
9332,0.00144272
9333,0.03260928
9334,0.00165615
9335,0.00340574
9336,0.00039681
9337,0.00131682
9338,0.00421629
9339,0.00527007
9340,0.00448610
9341,0.00222392
9342,0.00130357
9343,0.02015031
9344,0.00363318
9345,1.06473683
9346,0.01303858
9347,0.00080833
9348,0.00239618
9349,0.00365663
9350,0.00921711
9351,0.00201734
9352,0.00000019
9353,0.01442800
9354,0.00077574
9355,0.00183833
9356,0.00000024
9357,0.00211134
9358,0.02217760
9359,0.02104839
9360,0.00043468
9361,0.00275584
9362,0.03866981
9363,0.00409327
9364,0.00353744
9365,0.00443512
9366,0.00226094
9367,0.00130419
9368,0.02068287
9369,0.00508308
9370,0.00279224
9371,0.00138813
9372,0.00085084
9373,0.00331911
9374,0.00176355
9375,0.00190179
9376,0.00081163
9377,0.56699896
9378,0.00565977
9379,0.00251383
9380,0.00120948
9381,0.00089853
9382,0.04416799
9383,0.00036944
9384,0.00051386
9385,0.00750075
9386,0.03263221
9387,0.00328845
9388,0.00297492
9389,0.00098877
9390,0.02116339
9391,0.00860645
9392,0.00172896
9393,0.02302998
9394,0.01276876
9395,0.00087898
9396,1.07037615
9397,0.00077750
9398,0.01457819
9399,0.00150283
9400,0.00418148
9401,0.00177279
9402,0.00470642
9403,0.00736880
9404,0.00166738
9405,0.00115410
9406,0.00389119
9407,0.00374659
9408,0.02328381
9409,0.00221823
9410,0.00534339
9411,0.00000665
9412,0.00758117
9413,0.00201167
9414,0.00205821
9415,0.81277022
9416,0.00144051
9417,0.00285274
9418,0.00032816
9419,0.01904320
9420,0.00385405
9421,0.01642575
9422,0.00081280
9423,0.01300680
9424,0.00249775
9425,0.00171514
9426,0.00135440
9427,0.85505808
9428,0.00042125
9429,0.00120957
9430,0.01438944
9431,0.00178374
9432,0.00878104
9433,0.00041551
9434,0.01018007
9435,0.00874619
9436,0.00416774
9437,0.02288302
9438,0.00131403
9439,0.00504857
9440,0.02634846
9441,0.00182629
9442,0.00000134
9443,0.00585204
9444,0.00315653
9445,0.00134996
9446,0.00005328
9447,0.00228374
9448,0.00295850
9449,0.00190797
9450,0.00185325
9451,0.01440746
9452,0.00459726
9453,0.00044652
9454,0.00035912
9455,0.00156911
9456,0.00072484
9457,0.03649807
9458,0.00042561
9459,0.00136452
9460,0.00158344
9461,0.00347302
9462,0.00928789
9463,0.00174199
9464,0.00874154
9465,0.00031939
9466,0.00334193
9467,0.00514299
9468,0.00128276
9469,0.03520647
9470,0.00038957
9471,0.00032727
9472,0.00129463
9473,0.00401410
9474,0.00032179
9475,0.00117185
9476,0.00144071
9477,0.00368507
9478,0.00065828
9479,0.00204644
9480,0.00072207
9481,0.00511956
9482,0.00000047
9483,0.03453150
9484,0.00399878
9485,0.00255164
9486,0.00847055
9487,0.00505859
9488,0.00036055
9489,0.03713201
9490,0.00206911
9491,0.00910768
9492,0.00192532
9493,0.00135334
9494,0.04847847
9495,0.00450526
9496,0.00000317
9497,0.00119672
9498,0.00222801
9499,0.00072733
9500,0.00074942
9501,0.01283067
9502,0.00349436
9503,0.00900669
9504,0.00631551
9505,0.00036981
9506,0.13567130
9507,0.00072532
9508,0.00980907
9509,0.00198154
9510,0.00861968
9511,0.00010087
9512,0.02202181
9513,0.03755805
9514,0.00291760
9515,0.00864434
9516,0.00380161
9517,0.00441633
9518,0.00396556
9519,0.00127951
9520,0.00647483
9521,0.00267805
9522,0.02139691
9523,0.01997151
9524,0.00250397
9525,0.00040174
9526,0.00097171
9527,0.00367466
9528,0.00310285
9529,0.01153365
9530,0.00864345
9531,0.00197390
9532,0.03660243
9533,0.00155270
9534,0.00464704
9535,0.01361535
9536,0.00225869
9537,0.01307070
9538,0.00075726
9539,0.03447929
9540,0.00082587
9541,0.00000538
9542,0.00231210
9543,0.00119918
9544,0.00223141
9545,0.00141371
9546,0.00203862
9547,0.00072432
9548,0.02119446
9549,0.00207736
9550,0.00812487
9551,0.00197442
9552,0.00432257
9553,0.00449093
9554,0.00144283
9555,0.00890336
9556,0.01340756
9557,0.00186138
9558,0.00907236
9559,0.00688608
9560,0.00394517
9561,0.03611056
9562,0.01596169
9563,0.01120027
9564,0.00957610
9565,0.00588819
9566,0.00187587
9567,0.03812968
9568,0.00059657
9569,0.00168262
9570,0.00151128
9571,0.00138797
9572,0.00138847
9573,0.00396447
9574,0.00076685
9575,0.00461619
9576,0.03499478
9577,0.00461853
9578,0.00398480
9579,0.05039656
9580,0.00033056
9581,0.00381401
9582,0.00147926
9583,0.00346736
9584,0.00827222
9585,0.00514437
9586,0.00413108
9587,0.00370656
9588,0.00331041
9589,0.00198993
9590,0.00028608
9591,0.00042153
9592,0.01285462
9593,0.00128889
9594,0.00089855
9595,0.08213069
9596,0.00358410
9597,0.00028236
9598,0.00877915
9599,0.02071958
9600,0.00167822
9601,0.00348902
9602,0.16436105
9603,0.00116988
9604,0.00119488
9605,0.01118916
9606,0.01385927
9607,0.00484085
9608,0.00008156
9609,0.00168657
9610,0.00163127
9611,0.00201199
9612,0.00484501
9613,0.01430912
9614,0.00361177
9615,0.00535358
9616,0.00426607
9617,0.00982737
9618,0.00173994
9619,0.02417675
9620,0.00052527
9621,0.00098686
9622,0.02749442
9623,0.02114954
9624,0.00000205
9625,0.00565089
9626,0.00529991
9627,0.00187026
9628,0.00155512
9629,0.03282965
9630,0.03842344
9631,0.02092820
9632,0.00217394
9633,0.03476407
9634,0.00148437
9635,0.00119397
9636,0.00046837
9637,0.02011006
9638,0.00205412
9639,0.00210108
9640,0.00206233
9641,0.00038022
9642,0.01361628
9643,0.00591274
9644,0.00128241
9645,0.00097331
9646,0.00357529
9647,0.00407544
9648,0.02202302
9649,0.00001682
9650,0.00456460
9651,0.00079038
9652,0.01392086
9653,0.00357403
9654,0.00145759
9655,0.00195484
9656,0.00043572
9657,0.00156810
9658,0.00327400
9659,0.01280739
9660,0.00042692
9661,0.00028988
9662,0.00080123
9663,0.00406268
9664,0.02649616
9665,0.00036546
9666,0.00311123
9667,0.99365816
9668,0.00135042
9669,0.00124385
9670,0.00188414
9671,0.00063595
9672,0.00434492
9673,0.00448433
9674,0.02165056
9675,0.00264454
9676,0.00135966
9677,0.00044584
9678,0.00346591
9679,0.01367267
9680,0.00142268
9681,0.00425677
9682,0.00087607
9683,0.01412407
9684,0.00037534
9685,0.00908156
9686,0.00415627
9687,0.00042061
9688,0.00943223
9689,0.00810382
9690,0.00090366
9691,0.01247893
9692,0.00033886
9693,0.00068409
9694,0.01306187
9695,0.00218248
9696,0.00413111
9697,0.00165119
9698,0.00909830
9699,0.00000070
9700,0.00175591
9701,0.03887711
9702,0.00037714
9703,0.00042139
9704,0.00381468
9705,0.00383862
9706,0.00030700
9707,0.01382384
9708,0.00030124
9709,0.00069375
9710,0.00395229
9711,0.00312847
9712,0.00186680
9713,0.00085516
9714,0.00042850
9715,0.00037176
9716,0.00950781
9717,0.00194506
9718,0.00165195
9719,0.02073238
9720,0.03398492
9721,0.00412286
9722,0.00251623
9723,0.01924065
9724,0.00172494
9725,0.00036804
9726,0.00142496
9727,0.00224379
9728,0.00384437
9729,0.00303362
9730,0.00989306
9731,0.00147874
9732,0.00845854
9733,0.00299526
9734,0.00138486
9735,0.00197194
9736,0.01388319
9737,0.00684479
9738,0.03368602
9739,0.00956531
9740,0.00504467
9741,0.02971702
9742,0.02695592
9743,0.00160410
9744,0.02676555
9745,0.00133413
9746,0.00169583
9747,0.00180923
9748,0.00073913
9749,0.00246786
9750,0.00218563
9751,0.03649581
9752,0.00923067
9753,0.00339818
9754,0.00433475
9755,0.00147279
9756,0.00475257
9757,0.00943877
9758,0.00969128
9759,0.00059709
9760,0.00764344
9761,0.03622733
9762,0.00143759
9763,0.00041376
9764,0.00665388
9765,0.00352533
9766,0.00941662
9767,0.00373387
9768,0.00118067
9769,0.00030543
9770,0.00185274
9771,0.50172055
9772,0.00358496
9773,0.00151448
9774,0.00136858
9775,0.00402386
9776,0.00126927
9777,0.00380801
9778,0.00868580
9779,0.03996698
9780,0.01376682
9781,0.00139689
9782,0.00139469
9783,0.00117272
9784,0.00000590
9785,0.00940943
9786,0.00136457
9787,0.00250692
9788,0.00355310
9789,0.00070406
9790,0.00357125
9791,0.00294488
9792,0.00484763
9793,0.00101140
9794,0.00166646
9795,0.00190501
9796,0.00254941
9797,0.00250226
9798,0.00029315
9799,0.00096241
9800,0.00893389
9801,0.00910033
9802,0.00443462
9803,0.00443273
9804,0.02388223
9805,0.00292079
9806,0.00032324
9807,0.00180287
9808,0.00267502
9809,0.00033159
9810,0.00199100
9811,0.00086963
9812,0.00138172
9813,0.00314237
9814,0.01003267
9815,0.00174227
9816,0.00029488
9817,0.00752431
9818,0.00217677
9819,0.00037931
9820,0.00244206
9821,0.00380792
9822,0.03630878
9823,0.00339184
9824,0.00305504
9825,0.00190580
9826,0.00556316
9827,0.00102962
9828,0.00383417
9829,0.00207060
9830,0.00299407
9831,0.01979917
9832,0.00204417
9833,0.00937411
9834,0.00082878
9835,0.00237677
9836,0.00407900
9837,0.00417936
9838,0.00824921
9839,0.00209433
9840,0.00078257
9841,0.00093520
9842,0.00408235
9843,0.00069313
9844,0.00142324
9845,0.03740722
9846,0.00145639
9847,0.00345035
9848,0.00080256
9849,0.00201995
9850,0.01426355
9851,0.00413294
9852,0.00015163
9853,0.00359231
9854,0.01546334
9855,0.02327816
9856,0.00895992
9857,0.00208767
9858,0.00178915
9859,0.00186210
9860,0.00206069
9861,0.00031379
9862,0.00385939
9863,0.00143502
9864,0.01052496
9865,0.00202238
9866,0.00677342
9867,0.03807131
9868,0.00167315
9869,0.00297225
9870,0.02659086
9871,0.02704937
9872,0.00033322
9873,0.00186240
9874,0.00322662
9875,0.00061699
9876,0.00309539
9877,0.00423896
9878,0.00210525
9879,0.00145934
9880,0.00081675
9881,0.01980568
9882,0.00224481
9883,0.00073650
9884,0.00201824
9885,0.00085457
9886,0.00217165
9887,0.03388553
9888,0.00188216
9889,0.00326965
9890,0.00428143
9891,0.00548855
9892,0.00129754
9893,0.00073637
9894,0.01842464
9895,0.00129804
9896,0.00068795
9897,0.00595070
9898,0.00179879
9899,0.00094240
9900,0.01558710
9901,0.00178089
9902,0.00480410
9903,0.00300418
9904,0.00137376
9905,0.00078796
9906,0.00038576
9907,0.00277159
9908,0.00145818
9909,0.00150507
9910,0.78050785
9911,0.00158883
9912,0.00114608
9913,0.03320867
9914,0.00119955
9915,0.03086751
9916,0.00935611
9917,0.00390496
9918,0.00225280
9919,0.27134990
9920,0.01674570
9921,0.01319414
9922,0.00223209
9923,0.01020470
9924,0.00265565
9925,0.00078336
9926,0.00327818
9927,0.00379748
9928,0.00711494
9929,0.01798190
9930,0.00204613
9931,0.00881061
9932,0.00123276
9933,0.00034361
9934,0.00006028
9935,0.00380780
9936,0.00459466
9937,0.00181555
9938,0.00216378
9939,0.01964736
9940,0.00078276
9941,0.00824941
9942,0.00043668
9943,0.00435805
9944,0.00144049
9945,0.01298142
9946,0.01345926
9947,0.02910214
9948,0.00000016
9949,0.00293013
9950,0.00148439
9951,0.00094469
9952,0.00769624
9953,0.00031366
9954,0.01325816
9955,0.00497600
9956,0.01541615
9957,0.00129056
9958,0.03067520
9959,0.00150990
9960,0.00084885
9961,0.00174750
9962,0.00365526
9963,0.03376694
9964,0.00046771
9965,0.00085766
9966,0.00159050
9967,0.00598595
9968,0.00490822
9969,0.03098120
9970,0.00618991
9971,0.00922793
9972,0.00384659
9973,0.00219019
9974,0.07370911
9975,0.00120025
9976,0.00000618
9977,0.00427988
9978,0.01750698
9979,0.00080783
9980,0.00039598
9981,0.00389191
9982,0.01427546
9983,0.00936583
9984,0.00420933
9985,0.00211812
9986,0.00194673
9987,0.00036620
9988,0.01900898
9989,0.02167141
9990,0.01018238
9991,0.03964682
9992,0.00206849
9993,0.02604906
9994,0.00276340
9995,0.00254869
9996,0.00712192
9997,0.00160793
9998,0.01696991
9999,0.00231415
