step,entropy
0,0.00379990
1,0.00106807
2,0.00159682
3,0.00479861
4,0.00180924
5,0.00161060
6,0.00046839
7,0.00131758
8,0.00150020
9,0.01008987
10,0.00173489
11,0.00035046
12,0.00023871
13,0.01129580
14,0.00242281
15,0.00133354
16,0.02152442
17,0.00108625
18,0.00004778
19,0.00174962
20,0.00217320
21,0.00034125
22,0.00912205
23,0.00048411
24,0.00320782
25,0.02419864
26,0.00191354
27,0.00227141
28,0.01667870
29,0.00228019
30,0.00152324
31,0.00002848
32,0.00204507
33,0.00148583
34,0.00127665
35,0.02610154
36,0.02367472
37,0.00184370
38,0.00784648
39,0.00049761
40,0.00157565
41,0.00432877
42,0.00234941
43,0.03726079
44,0.00220124
45,0.01573251
46,0.01654556
47,0.00775704
48,0.00369190
49,0.00275267
50,0.00216341
51,0.42129663
52,0.00222610
53,0.02954682
54,0.03375912
55,0.00445213
56,0.00833079
57,0.00802707
58,0.00228834
59,0.01039016
60,0.00682523
61,0.00173555
62,0.01039002
63,0.01374739
64,0.00224549
65,0.00471465
66,0.00349271
67,0.00147340
68,0.01096265
69,0.00264008
70,0.02718163
71,0.00038843
72,0.00459169
73,0.01614175
74,0.00372047
75,0.00155235
76,0.00183309
77,0.02075430
78,0.00243699
79,0.00366420
80,0.00148848
81,0.00345446
82,0.00242703
83,0.00156241
84,0.01031166
85,0.00189776
86,0.00365354
87,0.00350602
88,0.00216874
89,0.00228913
90,0.00243936
91,0.01565400
92,0.00256799
93,0.00353718
94,0.03048849
95,0.00145687
96,0.00684338
97,0.00078722
98,0.01565621
99,0.00046915
100,0.01088966
101,0.00124644
102,0.00236204
103,0.00107352
104,0.00090270
105,0.00245239
106,0.02884043
107,0.00153726
108,0.00159958
109,0.24009439
110,0.02324033
111,0.00224063
112,0.00334732
113,0.00148120
114,0.00263109
115,0.00079093
116,0.00327909
117,0.00001787
118,0.00193076
119,0.01183807
120,0.00154907
121,0.02047351
122,0.01495562
123,0.07608866
124,0.00219627
125,0.00404384
126,0.00047451
127,0.00240000
128,0.02557115
129,0.00258302
130,0.00089378
131,0.00000019
132,0.00216041
133,0.00549415
134,0.00176578
135,0.01632285
136,0.00169953
137,0.00234141
138,0.00343863
139,0.00359635
140,0.01694017
141,0.01136322
142,0.00383160
143,0.00680275
144,0.01009326
145,0.02186677
146,0.00219148
147,0.01267911
148,0.03987390
149,0.00146153
150,0.01505814
151,0.00166570
152,0.00712854
153,0.01175305
154,0.01046737
155,0.00046338
156,0.00251192
157,0.02486268
158,0.00227416
159,0.00022310
160,0.00165092
161,0.00037817
162,0.00207541
163,0.00176166
164,0.00032198
165,0.00182872
166,0.00178589
167,0.00185786
168,0.00207712
169,0.00147612
170,0.00193085
171,0.01048174
172,0.02246683
173,0.01715310
174,0.01485761
175,0.02665255
176,0.00122159
177,0.00149504
178,0.00714267
179,0.00201997
180,0.00513891
181,0.00212558
182,0.00372220
183,0.00031963
184,0.02241376
185,0.03283014
186,0.00032053
187,0.01602916
188,0.00365048
189,0.00042633
190,0.00293566
191,0.00231466
192,0.00400765
193,0.00091799
194,0.00161978
195,0.00216342
196,0.00007873
197,0.02218514
198,0.00212750
199,0.00701804
200,0.00211373
201,0.00501309
202,0.00334096
203,0.00043199
204,0.00617406
205,0.00501476
206,0.00249360
207,0.00090636
208,0.01065871
209,0.00421378
210,0.01542302
211,0.03719734
212,0.00038518
213,0.00091339
214,0.00536572
215,1.23400602
216,0.02443878
217,0.00731724
218,0.00212902
219,0.00336267
220,0.01943929
221,0.00314756
222,0.00241287
223,0.01764720
224,0.00039766
225,0.00178704
226,0.00677335
227,0.00289103
228,0.00149054
229,0.00048258
230,0.02509681
231,0.00106034
232,0.00029489
233,0.02352817
234,0.00043992
235,0.00047095
236,0.00101798
237,0.02359909
238,0.00366850
239,0.01589591
240,0.00100586
241,0.00343605
242,0.00380462
243,0.00162669
244,0.00104075
245,0.01200708
246,0.00238077
247,0.02304460
248,0.00642791
249,0.01031365
250,0.67282799
251,0.00157679
252,0.00217009
253,0.00568737
254,0.00995092
255,0.00038245
256,0.00039803
257,0.00122897
258,0.01162961
259,0.00145480
260,0.00802961
261,0.00036406
262,0.00293229
263,0.00151772
264,0.00140141
265,0.00166000
266,0.00108074
267,0.00257520
268,0.00167487
269,0.01791726
270,0.00004500
271,0.01111918
272,0.00489222
273,0.00720691
274,0.00163131
275,0.01684228
276,0.00314564
277,0.00043790
278,0.00100554
279,1.14967098
280,0.04014863
281,0.00171686
282,0.03525633
283,0.00270699
284,0.00455956
285,0.00279677
286,0.00158308
287,0.00278621
288,0.00236849
289,0.00220553
290,0.00082758
291,0.00137434
292,0.00361206
293,0.00147323
294,0.01657137
295,0.00326801
296,0.02022358
297,0.00235362
298,0.00128041
299,0.00325354
300,0.00812615
301,0.00159498
302,0.00312757
303,0.00877811
304,0.02610776
305,0.01084903
306,0.01934202
307,0.00693846
308,0.00579963
309,0.00238705
310,0.00437294
311,0.00047452
312,0.00166446
313,0.00178493
314,0.69297509
315,0.00348195
316,0.00200094
317,0.00145832
318,0.00375131
319,0.00150251
320,0.00169236
321,0.00251791
322,0.00220349
323,0.01112498
324,0.00739599
325,0.00146581
326,0.00348929
327,0.00047138
328,0.00220961
329,0.00192813
330,0.00321036
331,0.00744093
332,0.00313679
333,0.00143266
334,0.01048413
335,0.00210150
336,0.01098632
337,0.00092999
338,0.01117063
339,0.01224194
340,0.00236769
341,0.00185823
342,0.00249285
343,0.00356463
344,0.26392896
345,0.01083789
346,0.00159913
347,0.00138418
348,0.00153121
349,0.00034046
350,0.00276017
351,0.01839155
352,0.00229913
353,0.00451036
354,0.00325420
355,0.00102595
356,0.00111453
357,0.00230306
358,0.00222246
359,0.00186603
360,0.00240726
361,0.00217396
362,0.00209875
363,0.00146820
364,0.01063239
365,0.02395634
366,0.00002322
367,0.00163293
368,0.00241118
369,0.00218481
370,0.00043309
371,0.01103471
372,0.00705951
373,0.00171538
374,0.03216735
375,0.00233235
376,0.01101123
377,0.00049604
378,0.00041212
379,0.00237627
380,0.00000034
381,0.00000318
382,0.00532233
383,0.00294457
384,0.00203429
385,0.00210082
386,0.00239196
387,0.00150373
388,0.00221753
389,0.00074789
390,0.00141391
391,0.00048984
392,0.00074152
393,0.00136851
394,0.00216145
395,0.00359554
396,0.00206885
397,0.00117279
398,0.01051906
399,0.00150585
400,0.68180293
401,0.00231438
402,0.00161901
403,0.02120553
404,0.00166303
405,0.00245228
406,0.00304339
407,0.00140724
408,0.00853032
409,0.00685818
410,0.02289799
411,0.00352398
412,0.00149275
413,0.00253425
414,0.00036052
415,0.01535921
416,0.00247364
417,0.02185599
418,0.00043611
419,0.00134376
420,0.01639828
421,0.01370727
422,0.00445240
423,0.00297482
424,0.00241677
425,0.00088052
426,0.00217907
427,0.00260065
428,0.00128748
429,0.01689499
430,0.00200972
431,0.00253361
432,0.00209799
433,0.00102715
434,0.01182656
435,0.03708703
436,0.00500589
437,0.00208054
438,0.00354805
439,0.00924853
440,0.00227154
441,0.00041118
442,0.00373883
443,0.00146666
444,0.00208278
445,0.00052253
446,0.01190851
447,0.00031030
448,0.02724598
449,0.00309687
450,0.00212262
451,0.00330041
452,0.00266114
453,0.00659571
454,0.01034599
455,0.00235031
456,0.00048527
457,0.00220765
458,0.00223608
459,0.00223088
460,0.00112231
461,0.00245805
462,0.00254570
463,0.01070517
464,0.00219658
465,0.00157239
466,0.00179290
467,0.00095744
468,0.00145081
469,0.00168576
470,0.00109195
471,0.00043417
472,0.00212520
473,0.00179642
474,0.00000087
475,0.00929187
476,0.00218006
477,0.00433160
478,0.00230645
479,0.00181167
480,0.00093743
481,0.00045527
482,0.00908556
483,0.01604512
484,0.00501561
485,0.00200650
486,0.00429370
487,0.01590623
488,0.00333535
489,0.00951304
490,0.00092209
491,0.03916697
492,0.00170328
493,0.03561080
494,0.01085982
495,0.00319821
496,0.00322102
497,0.00237469
498,0.00138553
499,0.01180243
500,0.00153633
501,0.00035017
502,0.00227187
503,0.00220951
504,0.00046626
505,0.00134320
506,0.00087910
507,0.00235380
508,0.00214947
509,0.00317101
510,0.00583893
511,0.00146953
512,0.00040737
513,0.01038297
514,0.00048864
515,0.00549131
516,0.00337001
517,0.01544253
518,0.00368255
519,0.00041076
520,0.00230562
521,0.00087335
522,0.01864202
523,0.03058845
524,0.01036769
525,0.00103860
526,0.01182389
527,0.00043959
528,0.00038663
529,0.00315361
530,0.00303316
531,0.00501768
532,0.00071414
533,0.00214916
534,0.00034029
535,0.00712271
536,0.00035855
537,0.00228951
538,0.02074033
539,0.00082500
540,0.00051240
541,0.00169428
542,0.00228554
543,0.01128157
544,0.00155788
545,0.03711416
546,0.00238136
547,0.00091094
548,0.00134058
549,0.02666110
550,0.00186651
551,0.02634321
552,0.00229866
553,0.00706800
554,0.00531871
555,0.00097344
556,0.00222915
557,0.00165018
558,0.00922741
559,0.00038505
560,0.00033857
561,0.00233776
562,0.00260096
563,0.01599473
564,0.00178600
565,0.42616574
566,0.00201850
567,0.01000268
568,0.00942017
569,0.01240608
570,0.00163989
571,0.02394106
572,0.00980481
573,0.00319331
574,0.00271031
575,0.00942275
576,0.00219535
577,0.00254523
578,0.00190596
579,0.00318982
580,0.00244233
581,0.01132248
582,0.00077779
583,0.00154577
584,0.00224691
585,0.00213635
586,0.00151824
587,0.00058124
588,0.01139222
589,0.00374641
590,0.00032376
591,0.01779050
592,0.00104525
593,0.00043931
594,0.00334339
595,0.01097763
596,0.00140057
597,0.00048863
598,0.03888749
599,0.00034139
600,0.00346167
601,0.00053297
602,0.00027223
603,0.02288422
604,0.00213954
605,0.00039304
606,0.00214761
607,0.01201133
608,0.01233729
609,0.00152462
610,0.00056104
611,0.00313821
612,0.00555760
613,0.00159063
614,0.00136563
615,0.00161914
616,0.02389810
617,0.00381023
618,0.00451066
619,0.00209905
620,0.02514264
621,0.00312659
622,0.00147317
623,0.00997442
624,0.00160635
625,0.00136728
626,0.01815922
627,0.00238711
628,0.00358482
629,0.00213168
630,0.00366453
631,0.02700906
632,0.02768989
633,0.00073293
634,0.01233238
635,0.00240842
636,0.00544652
637,0.00036777
638,0.00385114
639,0.02484405
640,0.00321592
641,0.00154832
642,0.00352296
643,0.00032240
644,0.01857137
645,0.03290892
646,0.00240460
647,0.00159191
648,0.00105737
649,0.00178635
650,0.00225323
651,0.00163603
652,0.00098281
653,0.02166541
654,0.00046347
655,0.00559125
656,0.01100913
657,0.00769462
658,0.03063630
659,0.00370858
660,0.00049922
661,0.02028205
662,0.00337830
663,0.00183412
664,0.00233391
665,0.00034952
666,0.00031644
667,0.00001415
668,0.01116629
669,0.00002302
670,0.00230031
671,0.00356623
672,0.03082527
673,0.00110855
674,0.00674583
675,0.00222648
676,0.00327953
677,0.00944376
678,0.00354232
679,0.00316462
680,0.00211524
681,0.00672194
682,0.00181739
683,0.00235444
684,0.00709512
685,0.02190929
686,0.01633583
687,0.01014337
688,0.00164486
689,0.00212389
690,0.00099046
691,0.00049517
692,0.00035823
693,0.01066160
694,0.00093317
695,0.00907977
696,0.00238662
697,0.71048783
698,0.01590043
699,0.00109957
700,0.00180847
701,0.00350929
702,0.00162829
703,0.00216910
704,0.00428396
705,0.03303164
706,0.01624016
707,0.00003051
708,0.00047799
709,0.00802406
710,0.02191726
711,0.00325075
712,0.00170422
713,0.00223440
714,0.02527434
715,0.00244165
716,0.00033149
717,0.00390422
718,0.00035857
719,0.00334410
720,0.00191514
721,0.10946067
722,0.00081248
723,0.00005306
724,0.00163829
725,0.01592901
726,0.00211314
727,0.00760901
728,0.00742489
729,0.01754961
730,0.00377106
731,0.01528571
732,0.01857971
733,0.00376079
734,0.00098439
735,0.00302505
736,0.00513468
737,0.01100964
738,0.00428126
739,0.02868448
740,0.00092664
741,0.00034679
742,0.00506461
743,0.01044766
744,0.00166341
745,0.00712335
746,0.00014857
747,0.00211337
748,0.00023068
749,0.02499976
750,0.00228656
751,0.00399773
752,0.03096277
753,0.00227625
754,0.00361566
755,0.00045661
756,0.00226054
757,0.00214441
758,0.92395716
759,0.00175205
760,0.00299079
761,0.00545753
762,0.00187824
763,0.00048024
764,0.01483189
765,0.00345873
766,0.00224407
767,0.01080185
768,0.00403704
769,0.01069131
770,0.00360226
771,0.00371320
772,0.00149411
773,0.00145775
774,0.00222860
775,0.00351814
776,0.00215526
777,0.00037651
778,0.00139933
779,0.01179433
780,0.00412642
781,0.00130227
782,0.00209241
783,0.00730516
784,0.00393405
785,0.00875665
786,0.21584637
787,0.00271990
788,0.00162088
789,0.00893004
790,0.00678456
791,0.00115490
792,0.01026165
793,0.00221270
794,0.01681340
795,0.00047277
796,0.00223738
797,0.00357548
798,0.00355534
799,0.00985619
800,0.00039839
801,0.01065107
802,0.00001272
803,0.00048641
804,0.00086562
805,0.00239921
806,0.01003563
807,0.02294407
808,0.00958737
809,0.00196783
810,0.01427840
811,0.00165393
812,0.03387289
813,0.00216052
814,0.01091755
815,0.00294612
816,0.00046036
817,0.00129266
818,0.00911223
819,0.02521955
820,0.00309423
821,0.00136656
822,0.00090366
823,0.03726317
824,0.00034209
825,0.00044991
826,0.01463324
827,0.00145683
828,0.00198135
829,0.02050028
830,0.00202343
831,0.02081162
832,0.00046240
833,0.01053374
834,0.00898440
835,0.00147697
836,0.00091394
837,0.00209044
838,0.00211616
839,0.00145639
840,0.00140988
841,0.00672098
842,0.00305220
843,0.00155261
844,0.01072009
845,0.00033958
846,0.00000019
847,0.00364049
848,0.02047178
849,0.00356766
850,0.00365662
851,0.00359646
852,0.00048795
853,0.00364280
854,0.01126844
855,0.00081798
856,0.00409363
857,0.00409249
858,0.00977898
859,0.00170515
860,0.00225500
861,0.00247056
862,0.00076365
863,0.00222531
864,0.00108442
865,0.00185652
866,0.01163216
867,0.00217572
868,0.00116630
869,0.01057169
870,0.03345664
871,0.01801762
872,0.00220667
873,0.00473447
874,0.00228980
875,0.00740692
876,0.00040575
877,0.00148520
878,0.04310005
879,0.35499245
880,0.00097245
881,0.00252846
882,0.00906400
883,0.00043164
884,0.00035311
885,0.00450761
886,0.00041616
887,0.00111114
888,0.00226342
889,0.01544053
890,0.00341509
891,0.00050181
892,0.01085453
893,0.01359346
894,0.00100925
895,0.00222568
896,0.00094860
897,0.00143201
898,0.00242070
899,0.02575457
900,0.00210609
901,0.00258540
902,0.00828933
903,0.03741867
904,0.00530255
905,0.00358369
906,0.00187533
907,0.00465045
908,0.02399856
909,0.00320255
910,0.00760732
911,0.01116735
912,0.00142256
913,0.00332859
914,0.02129229
915,0.01650474
916,0.00309649
917,0.00172558
918,0.00212830
919,0.00193036
920,0.00003373
921,0.00237410
922,0.01488276
923,0.01242616
924,0.00420789
925,0.00257479
926,0.03532964
927,0.00527918
928,0.00242746
929,0.00268488
930,0.00032886
931,0.00104664
932,0.00357657
933,0.00281481
934,0.02228097
935,0.00147002
936,0.01178313
937,0.01776031
938,0.00227904
939,0.00038234
940,0.01119162
941,0.00797960
942,0.00209420
943,0.01070254
944,0.00390686
945,0.01149643
946,0.01038400
947,0.00214478
948,0.01385347
949,0.00128473
950,0.00160581
951,0.00162836
952,0.00205109
953,0.00235996
954,0.00233312
955,0.00094257
956,0.00142881
957,0.01593354
958,0.00101965
959,0.00122133
960,0.01096956
961,0.02414939
962,0.00227746
963,0.00037307
964,0.02524165
965,0.00045066
966,0.00151139
967,0.03601810
968,0.00018715
969,0.00045644
970,0.00179584
971,0.00356540
972,0.00183113
973,0.00033299
974,0.01723250
975,0.01288185
976,0.00733523
977,0.00345309
978,0.00278589
979,0.00215259
980,0.00236338
981,0.01249161
982,0.00217319
983,0.00213475
984,0.01104930
985,0.00166528
986,0.01426944
987,0.01853698
988,0.00469536
989,0.00311262
990,0.00164816
991,0.00321086
992,0.00376159
993,0.00174020
994,0.01020135
995,0.00223506
996,0.01174102
997,0.00164877
998,0.01102882
999,0.00580374
1000,0.00343168
1001,0.00124103
1002,0.00225028
1003,0.00173500
1004,0.00954957
1005,0.01223804
1006,0.00256137
1007,0.00231584
1008,0.00041228
1009,0.00188227
1010,0.01723399
1011,0.02103558
1012,0.03557157
1013,0.00047939
1014,0.00002647
1015,0.03564486
1016,0.01013373
1017,0.01157995
1018,0.00353806
1019,0.00146668
1020,0.00048062
1021,0.00006244
1022,0.00714809
1023,0.01463223
1024,0.00217762
1025,0.00031362
1026,0.00380541
1027,0.18297503
1028,0.00150716
1029,0.00335176
1030,0.00220768
1031,0.00322775
1032,0.00169592
1033,0.00047608
1034,0.00368983
1035,0.00088769
1036,0.00153331
1037,0.00488972
1038,0.13209326
1039,0.00224899
1040,0.00000702
1041,0.02120360
1042,0.06871386
1043,0.00215735
1044,0.00167672
1045,0.00211462
1046,0.00980131
1047,0.03061624
1048,0.02981401
1049,0.00334574
1050,0.01140141
1051,0.00158749
1052,0.00039950
1053,0.00035100
1054,0.00050214
1055,0.00043085
1056,0.00206780
1057,0.00535632
1058,0.00972633
1059,0.00213797
1060,0.01029296
1061,0.00635012
1062,0.00327137
1063,0.00287741
1064,0.00426675
1065,0.01540941
1066,0.00132874
1067,0.00048769
1068,0.03569157
1069,0.00050317
1070,0.01288745
1071,0.01546804
1072,0.00151923
1073,0.00219143
1074,0.00173212
1075,0.00865774
1076,0.00417644
1077,0.00207575
1078,0.00962104
1079,0.01174705
1080,0.00206638
1081,0.00159035
1082,0.00332131
1083,0.03687657
1084,0.00152076
1085,0.01674558
1086,0.01567168
1087,0.00090335
1088,0.00041891
1089,0.00383815
1090,0.00226795
1091,0.00033459
1092,0.00045304
1093,0.00201409
1094,0.00223205
1095,0.00317799
1096,0.01095700
1097,0.00325324
1098,0.00207583
1099,0.00266750
1100,0.02261789
1101,0.00234753
1102,0.00098683
1103,0.00040862
1104,0.00002082
1105,0.00031440
1106,0.00154223
1107,0.00735437
1108,0.57110578
1109,0.00727028
1110,0.00372541
1111,0.00037876
1112,0.00046141
1113,0.02754258
1114,0.01210662
1115,0.22901699
1116,0.00154966
1117,0.00238894
1118,0.00311227
1119,0.00216040
1120,0.00200944
1121,0.00834284
1122,0.00108918
1123,0.00081497
1124,0.01998535
1125,0.00207107
1126,0.00358081
1127,0.00111254
1128,0.00164056
1129,0.00342705
1130,0.00469898
1131,0.00152269
1132,0.00093992
1133,0.00560817
1134,0.00103601
1135,0.12752800
1136,0.00132384
1137,0.00631483
1138,0.01174753
1139,0.00146616
1140,0.01756590
1141,0.00770758
1142,0.00045795
1143,0.00718876
1144,0.00035253
1145,0.00406197
1146,0.02459371
1147,0.00281745
1148,0.00190443
1149,0.07183392
1150,0.00317112
1151,0.01131376
1152,0.01522910
1153,0.00308411
1154,0.02246334
1155,0.06820621
1156,0.00111512
1157,0.00069722
1158,0.00522520
1159,0.00737850
1160,0.00004017
1161,0.01146821
1162,0.02049721
1163,0.00655910
1164,0.00546166
1165,0.01080101
1166,0.00503240
1167,0.00344154
1168,1.51294648
1169,0.00037343
1170,0.00145703
1171,0.00090093
1172,0.00345390
1173,0.00237057
1174,0.00000464
1175,0.00034757
1176,0.00163272
1177,0.00201855
1178,0.00171693
1179,0.00365223
1180,0.00178106
1181,0.01045870
1182,0.00166597
1183,0.00086894
1184,0.00186989
1185,0.00393641
1186,0.00202623
1187,0.03773460
1188,0.00727600
1189,0.00039057
1190,0.00147579
1191,0.00219328
1192,0.00231791
1193,0.00145627
1194,0.02316548
1195,0.00350947
1196,0.00357487
1197,0.01088067
1198,0.00365236
1199,0.00132881
1200,0.00957915
1201,0.00534988
1202,0.00395302
1203,0.00036670
1204,0.00151391
1205,0.14085053
1206,0.00230514
1207,0.00387773
1208,0.02234973
1209,0.00073685
1210,0.00220377
1211,0.01783497
1212,0.00180309
1213,0.00646222
1214,0.00209073
1215,0.01609753
1216,0.00079146
1217,0.02491577
1218,0.02573624
1219,0.00290901
1220,0.00335830
1221,0.00312712
1222,0.02560464
1223,0.00997486
1224,0.00375357
1225,0.00230223
1226,0.00206458
1227,0.00218586
1228,0.00719570
1229,0.00240126
1230,0.00202547
1231,0.00220905
1232,0.02307540
1233,0.00777762
1234,0.00167516
1235,0.00046035
1236,0.00291607
1237,0.00428714
1238,0.01576456
1239,0.00605903
1240,0.00210132
1241,0.01838199
1242,0.01668918
1243,0.00440285
1244,0.02249546
1245,0.01565746
1246,0.00313079
1247,0.00362487
1248,0.00981351
1249,0.00047062
1250,0.00146054
1251,0.00329029
1252,0.01272825
1253,0.00218619
1254,0.00328272
1255,0.00330753
1256,0.00112365
1257,0.00386198
1258,0.00310857
1259,0.02600803
1260,0.00183802
1261,0.00242784
1262,0.01157129
1263,0.02834329
1264,0.01072297
1265,0.00357388
1266,0.00753888
1267,0.00229786
1268,0.00262525
1269,0.00142109
1270,0.00052462
1271,0.00319188
1272,0.02556818
1273,0.00146690
1274,0.00142467
1275,0.00213741
1276,0.00131351
1277,0.00218992
1278,0.00248782
1279,0.00246721
1280,0.00146208
1281,0.01548560
1282,0.00043166
1283,0.01646086
1284,0.00417100
1285,0.33188776
1286,0.00445077
1287,0.00213624
1288,0.00911083
1289,0.01509536
1290,0.00750432
1291,0.00046976
1292,0.00931826
1293,0.00102503
1294,0.00144366
1295,0.00921109
1296,0.00925307
1297,1.43777376
1298,0.00214643
1299,0.00084276
1300,0.01839563
1301,0.00158356
1302,0.01116465
1303,0.00129652
1304,0.01093949
1305,0.00094437
1306,0.00099547
1307,0.00170674
1308,0.00157702
1309,0.01662264
1310,0.00233441
1311,0.00404432
1312,0.00320893
1313,0.00047524
1314,0.01231955
1315,0.00005078
1316,0.00213438
1317,0.00213124
1318,0.01112022
1319,0.00165814
1320,0.00541401
1321,0.00199549
1322,0.00029456
1323,0.00310951
1324,0.00161636
1325,0.01065803
1326,0.00104910
1327,0.00001729
1328,0.00367650
1329,0.00245563
1330,0.00147409
1331,0.00000622
1332,0.00159111
1333,0.00346267
1334,0.00508454
1335,0.00179087
1336,0.02657259
1337,0.00665999
1338,0.00206136
1339,0.00123830
1340,0.00806941
1341,0.00160319
1342,0.00214568
1343,0.01674050
1344,0.00108538
1345,0.00081374
1346,0.00338955
1347,0.01121199
1348,0.00161779
1349,0.00261055
1350,0.00215953
1351,0.02658126
1352,0.00143487
1353,0.00050986
1354,0.00150366
1355,0.00369720
1356,0.00049688
1357,0.00350640
1358,0.00842539
1359,0.00410236
1360,0.00216777
1361,0.00391601
1362,1.01501384
1363,0.00352127
1364,0.00241481
1365,0.00520161
1366,0.02504170
1367,0.02093385
1368,0.00362552
1369,0.00821094
1370,0.00208693
1371,0.00219169
1372,0.00329947
1373,0.00250160
1374,0.00355103
1375,0.01611562
1376,0.00149303
1377,0.00175387
1378,0.00420000
1379,0.00032614
1380,0.00213883
1381,0.00142927
1382,0.00156894
1383,0.00227748
1384,0.00163347
1385,0.00364777
1386,0.03346961
1387,0.00183022
1388,0.00354587
1389,0.00147189
1390,0.00317669
1391,0.00046024
1392,0.00309119
1393,0.00165961
1394,0.01092022
1395,0.00215209
1396,0.00043077
1397,0.00695956
1398,0.01585194
1399,0.00128054
1400,0.00167879
1401,0.00994479
1402,0.00742321
1403,0.00749617
1404,0.00338325
1405,0.00207789
1406,0.00242674
1407,0.00046893
1408,0.00155259
1409,0.00213832
1410,0.00987554
1411,0.02030170
1412,0.02138118
1413,0.00177807
1414,0.01082791
1415,0.00302717
1416,0.00844384
1417,0.01519396
1418,0.00288732
1419,0.00321717
1420,0.00040356
1421,0.00150990
1422,0.00818971
1423,0.01582922
1424,0.01677316
1425,0.03728530
1426,0.01135523
1427,0.01459675
1428,0.00185838
1429,0.00624995
1430,0.00900582
1431,0.00089520
1432,0.00150683
1433,0.00060718
1434,0.00146052
1435,0.00344299
1436,0.01474991
1437,0.01166446
1438,0.00184816
1439,0.03012525
1440,0.00215764
1441,0.00034326
1442,0.03014832
1443,0.00987131
1444,0.01106400
1445,0.00111697
1446,0.01122553
1447,0.00228721
1448,0.00048668
1449,0.00159636
1450,0.00390189
1451,0.00230693
1452,0.01190752
1453,0.00354080
1454,0.00470812
1455,0.00045256
1456,0.00350876
1457,0.00361634
1458,0.02164782
1459,0.00147795
1460,0.00532599
1461,0.00134547
1462,0.01141367
1463,0.00000245
1464,0.01662691
1465,0.00146827
1466,0.00225147
1467,0.01207313
1468,0.00230481
1469,0.02216916
1470,0.01137598
1471,0.00234551
1472,0.00035660
1473,0.00641647
1474,0.00612404
1475,0.01802686
1476,0.00178088
1477,0.00075256
1478,0.00283419
1479,0.00179185
1480,0.00229866
1481,0.00371938
1482,0.00056958
1483,0.00304132
1484,0.00044122
1485,0.01137538
1486,0.00210829
1487,0.00701739
1488,0.01057083
1489,0.00108891
1490,0.00554057
1491,0.00254494
1492,0.00222819
1493,0.00876537
1494,0.01007399
1495,0.02891768
1496,0.00396132
1497,0.00934034
1498,0.00107160
1499,0.00000031
1500,0.02101024
1501,0.00215018
1502,0.00180170
1503,0.00195545
1504,0.00089190
1505,0.00039548
1506,0.00000356
1507,0.01092581
1508,0.00208982
1509,0.00252875
1510,0.01576012
1511,0.00627712
1512,0.03206626
1513,0.00584974
1514,0.00232693
1515,0.00245121
1516,0.00162905
1517,0.00048222
1518,0.00803757
1519,0.01213593
1520,0.00048304
1521,0.00218237
1522,0.00223414
1523,0.00208744
1524,0.00040354
1525,0.00360332
1526,0.00033006
1527,0.00416537
1528,0.00369917
1529,0.00226116
1530,0.00521983
1531,0.00208711
1532,0.00169142
1533,0.00584196
1534,0.00184027
1535,0.00047636
1536,0.00184812
1537,0.00380583
1538,0.57897916
1539,0.00155475
1540,0.01189344
1541,0.00356959
1542,0.03512427
1543,0.00366161
1544,0.02661920
1545,0.00150020
1546,0.00132394
1547,0.01145849
1548,0.00174291
1549,0.00218946
1550,0.00168823
1551,0.00122265
1552,0.00695843
1553,0.56217829
1554,0.00750082
1555,0.00089737
1556,0.00041600
1557,0.03264367
1558,0.00210726
1559,0.03077731
1560,0.00152346
1561,0.00216898
1562,0.00450216
1563,0.00521637
1564,0.00228469
1565,0.00036987
1566,0.01564476
1567,0.00049877
1568,0.00190307
1569,0.00113970
1570,0.00408429
1571,0.00162046
1572,0.00190836
1573,0.00188179
1574,0.00378350
1575,0.00181364
1576,0.00099479
1577,0.00171424
1578,0.00230696
1579,0.00421786
1580,0.00033458
1581,0.00037357
1582,0.00687961
1583,0.00160450
1584,0.00162199
1585,0.03556147
1586,0.01317859
1587,0.00088946
1588,0.00211693
1589,0.00415195
1590,0.02065511
1591,0.30555429
1592,0.00215706
1593,0.00197316
1594,0.00178626
1595,0.00340568
1596,0.00732166
1597,0.00534435
1598,0.00277365
1599,0.00047064
1600,0.00035087
1601,0.00123220
1602,0.00078119
1603,0.00346036
1604,0.00324317
1605,0.00651387
1606,0.00044785
1607,0.00107565
1608,0.00321856
1609,0.00230363
1610,0.00167980
1611,0.00010614
1612,0.00245891
1613,0.00325902
1614,0.00345162
1615,0.00078028
1616,0.02458534
1617,0.00140745
1618,0.00217878
1619,0.02447951
1620,0.00231288
1621,0.99264185
1622,0.00361389
1623,0.00721944
1624,0.00194917
1625,0.00340744
1626,0.00162153
1627,0.02794950
1628,0.00194916
1629,0.00004375
1630,0.00084791
1631,0.00228629
1632,0.00031859
1633,0.00224324
1634,0.00162764
1635,0.00081225
1636,0.00352039
1637,0.00886384
1638,0.01135386
1639,0.00153228
1640,0.00303846
1641,0.00894864
1642,0.03796754
1643,0.02315602
1644,0.01059484
1645,0.03742725
1646,0.00158114
1647,1.14341790
1648,0.00211406
1649,0.00031417
1650,0.02599781
1651,0.01135629
1652,0.00262461
1653,0.00371602
1654,0.00247416
1655,0.00342740
1656,0.00366374
1657,0.00208010
1658,0.00284132
1659,0.00153720
1660,0.00043570
1661,0.00112812
1662,0.00342183
1663,0.00986732
1664,0.00316382
1665,0.00209563
1666,0.00142246
1667,0.00228933
1668,0.02156335
1669,0.02243003
1670,0.00218247
1671,0.00216759
1672,0.00276253
1673,0.00004111
1674,0.02503952
1675,0.00359282
1676,0.00150512
1677,0.01766104
1678,0.00202980
1679,0.00209139
1680,0.02684690
1681,0.00385595
1682,0.00215340
1683,0.00408425
1684,0.00048841
1685,0.00045907
1686,0.00944555
1687,0.00091398
1688,0.00131455
1689,0.00043578
1690,0.00291961
1691,0.01036304
1692,0.00101833
1693,0.00150867
1694,0.01125437
1695,0.00727570
1696,0.01961547
1697,0.00638645
1698,0.00346944
1699,0.02280756
1700,0.00517066
1701,0.00557182
1702,0.00045331
1703,0.00342754
1704,0.00878938
1705,0.00230286
1706,0.00209459
1707,0.00165871
1708,0.00033703
1709,0.00332588
1710,0.00635551
1711,0.00214074
1712,0.00203439
1713,0.00163782
1714,0.00185598
1715,0.00263754
1716,0.00218771
1717,0.00091976
1718,0.00601827
1719,0.00215638
1720,0.00416145
1721,0.02245238
1722,0.19870050
1723,0.00046375
1724,0.02067714
1725,0.00144883
1726,0.00330712
1727,0.00034905
1728,0.00233595
1729,0.02636514
1730,0.01612834
1731,0.01154845
1732,0.00044787
1733,0.00677593
1734,0.02905809
1735,0.00085971
1736,0.00120359
1737,0.00260006
1738,0.01817018
1739,0.00218512
1740,0.00005712
1741,0.01705478
1742,0.00101270
1743,0.00711752
1744,0.00329068
1745,0.00162210
1746,0.00326117
1747,0.00216514
1748,0.02894349
1749,0.01059929
1750,0.00035589
1751,0.00678944
1752,0.00620575
1753,0.00761801
1754,0.00133847
1755,0.00518921
1756,0.00208487
1757,0.00130535
1758,0.00326381
1759,0.00131064
1760,0.00346536
1761,0.00204083
1762,0.00385259
1763,0.00223463
1764,0.00090184
1765,0.00089524
1766,0.00370021
1767,0.00690321
1768,0.01382604
1769,0.00878303
1770,0.01132092
1771,0.00032364
1772,0.00033003
1773,0.00122029
1774,0.00209368
1775,0.00245255
1776,0.00218429
1777,0.00942366
1778,0.00745379
1779,0.00712086
1780,0.00184474
1781,0.00456947
1782,0.00150626
1783,0.00226958
1784,0.00154231
1785,0.00486734
1786,0.01091802
1787,0.01929507
1788,0.00082159
1789,0.00160028
1790,0.00161520
1791,0.01048392
1792,0.00080632
1793,0.02071286
1794,0.00413163
1795,0.00015392
1796,0.00157271
1797,0.00046388
1798,0.00219317
1799,0.00097409
1800,0.00269740
1801,0.00127891
1802,0.00230202
1803,0.00474428
1804,0.00150670
1805,0.00002045
1806,0.01943329
1807,0.13967236
1808,0.00164537
1809,0.00209147
1810,0.01451092
1811,0.00282106
1812,0.00226261
1813,0.00153325
1814,0.00786229
1815,0.00088080
1816,0.00230272
1817,0.00198238
1818,0.00247134
1819,0.00032667
1820,0.00201719
1821,0.03828865
1822,0.00371369
1823,0.01304539
1824,0.00155373
1825,0.00450783
1826,0.01048441
1827,0.00170719
1828,0.00041104
1829,0.00041239
1830,0.00231985
1831,0.00171049
1832,0.00354859
1833,0.00127439
1834,0.00049345
1835,0.03719707
1836,0.01584815
1837,0.00181296
1838,0.00098745
1839,0.01123691
1840,0.00532232
1841,0.00329343
1842,0.00002418
1843,0.00211378
1844,0.02139415
1845,0.00246653
1846,0.02385779
1847,0.00106461
1848,0.00229451
1849,0.00058923
1850,0.02532637
1851,0.00160275
1852,0.00149995
1853,0.00348746
1854,0.00229416
1855,0.02772940
1856,0.00195858
1857,0.00755956
1858,0.00154375
1859,0.00215836
1860,0.00010357
1861,0.00125845
1862,0.00240658
1863,0.00044727
1864,0.00231444
1865,0.00138634
1866,0.00219394
1867,0.00156409
1868,0.01126035
1869,0.01141850
1870,0.01511867
1871,0.00334366
1872,0.00692592
1873,0.00642691
1874,0.02258388
1875,0.00531257
1876,0.00157351
1877,0.00084262
1878,0.00026390
1879,0.00174638
1880,0.00036514
1881,0.00326512
1882,0.00544873
1883,0.00089941
1884,0.00140826
1885,0.01701124
1886,0.00213607
1887,0.00784123
1888,0.00228634
1889,0.01911183
1890,0.00103510
1891,0.00788407
1892,0.00048366
1893,0.01615334
1894,0.00390762
1895,0.02353891
1896,0.00285713
1897,0.02187430
1898,0.02166411
1899,0.01522239
1900,0.00412555
1901,0.00151027
1902,0.00169630
1903,0.02345735
1904,0.00330511
1905,0.00352916
1906,0.00215812
1907,0.00279877
1908,0.00048009
1909,0.00193378
1910,0.00202959
1911,0.00301627
1912,0.00070803
1913,0.00375120
1914,0.00254961
1915,0.03275774
1916,0.00164279
1917,0.01096267
1918,0.00351327
1919,0.00278345
1920,0.00146008
1921,0.00047643
1922,0.01085623
1923,0.02374750
1924,0.00037976
1925,0.00110850
1926,0.00230468
1927,0.03543852
1928,0.00085441
1929,0.02033807
1930,0.00145432
1931,0.00176694
1932,0.00036812
1933,0.02713671
1934,0.00211808
1935,0.00466013
1936,0.00239583
1937,0.01107950
1938,0.02752467
1939,0.00177500
1940,0.00230973
1941,0.00420134
1942,0.01275230
1943,0.00123680
1944,0.00033758
1945,0.01931081
1946,0.00333184
1947,0.00042785
1948,0.00465602
1949,0.00315183
1950,0.00690645
1951,0.00024338
1952,0.00039645
1953,0.00101972
1954,1.03975502
1955,0.00157256
1956,0.00245250
1957,0.00039402
1958,0.00325403
1959,0.00222524
1960,0.00343621
1961,0.00205844
1962,0.00304261
1963,0.00248093
1964,0.00000665
1965,0.00876458
1966,0.00166151
1967,0.00259482
1968,0.00138968
1969,0.00110966
1970,0.00334391
1971,0.01612956
1972,0.00095574
1973,0.00049862
1974,0.00227355
1975,0.00227762
1976,0.00242324
1977,0.01627240
1978,0.00152271
1979,0.00046776
1980,0.00185453
1981,0.01967091
1982,0.00085097
1983,0.00107166
1984,0.00173649
1985,0.00344376
1986,0.01073259
1987,0.00222162
1988,0.01080697
1989,0.00211118
1990,0.00239955
1991,0.00101541
1992,0.00048541
1993,0.02253415
1994,0.01377695
1995,0.00305779
1996,0.00441173
1997,0.01043738
1998,0.00358269
1999,0.00652074
2000,0.00721190
2001,0.00049103
2002,0.01753457
2003,0.00220584
2004,0.00364398
2005,0.00192557
2006,0.00219389
2007,0.01725530
2008,0.00234660
2009,0.36643558
2010,0.00233187
2011,0.02049552
2012,0.00122906
2013,0.01447806
2014,0.00233013
2015,0.00228258
2016,0.00338836
2017,0.01586269
2018,0.00030983
2019,0.00378894
2020,0.02237138
2021,0.00318832
2022,0.01941690
2023,0.00342207
2024,0.00127734
2025,0.00237393
2026,0.00389796
2027,0.01086600
2028,0.01537901
2029,0.01460882
2030,0.00323254
2031,0.00097556
2032,0.00207993
2033,0.00099668
2034,0.01950073
2035,0.00033807
2036,0.00347346
2037,0.01579192
2038,0.01072846
2039,0.00047202
2040,0.00570162
2041,0.00213778
2042,0.00342990
2043,0.00001398
2044,0.02462382
2045,0.00029627
2046,0.00571334
2047,0.01728280
2048,0.00158475
2049,0.00203056
2050,0.01086202
2051,0.00211808
2052,0.00792311
2053,0.00187060
2054,0.00644792
2055,0.01585685
2056,0.00271088
2057,0.01994111
2058,0.00360585
2059,0.00538249
2060,0.00085579
2061,0.00971178
2062,0.00220039
2063,0.00159210
2064,0.00154841
2065,0.00181729
2066,0.00213526
2067,0.00247063
2068,0.00215133
2069,0.00360339
2070,0.00350551
2071,0.00048154
2072,0.00210112
2073,0.00293753
2074,0.01333636
2075,0.00041654
2076,0.00482051
2077,0.00340497
2078,0.00113037
2079,0.00034188
2080,0.02247962
2081,0.00047472
2082,0.00090943
2083,0.00146668
2084,0.00685539
2085,0.02670403
2086,0.00245962
2087,0.00048497
2088,0.00242520
2089,0.01620886
2090,0.01079210
2091,0.00216957
2092,0.00229795
2093,0.00432991
2094,0.00388745
2095,0.00054843
2096,0.02660371
2097,0.00207297
2098,0.00045500
2099,0.00274823
2100,0.00097510
2101,0.00212061
2102,0.01429822
2103,0.01579912
2104,0.00346249
2105,0.00339424
2106,0.01672009
2107,0.00775373
2108,0.00148938
2109,0.00034165
2110,0.00211561
2111,0.01217595
2112,0.00330581
2113,0.00037104
2114,0.02691233
2115,0.00043112
2116,0.00183678
2117,0.02927526
2118,0.00205584
2119,0.00135264
2120,0.56699896
2121,0.00218256
2122,0.00317371
2123,0.00448811
2124,0.00045965
2125,0.00259840
2126,0.00154732
2127,0.00126611
2128,0.00140569
2129,0.08231597
2130,0.00170551
2131,0.01182844
2132,0.00002599
2133,0.00409876
2134,0.00090467
2135,0.00156773
2136,0.00223051
2137,0.00048128
2138,0.01859875
2139,0.01027700
2140,0.00344640
2141,0.00204156
2142,0.01129106
2143,0.00238038
2144,0.00087693
2145,0.00195688
2146,0.01345317
2147,0.45103824
2148,0.00160672
2149,0.00366318
2150,0.00378321
2151,0.00154967
2152,0.00034106
2153,0.01070700
2154,0.00258376
2155,0.01115478
2156,0.00236848
2157,0.02767265
2158,0.00220283
2159,0.00050635
2160,0.00078633
2161,0.00224166
2162,0.00202288
2163,0.00205857
2164,0.01133155
2165,0.00337295
2166,0.00685161
2167,0.00292733
2168,0.00144306
2169,0.00320156
2170,0.01045076
2171,0.00381422
2172,0.00140608
2173,0.00234103
2174,0.00161454
2175,0.00340057
2176,0.00314406
2177,0.00744186
2178,0.00242499
2179,0.00512536
2180,0.00383002
2181,0.00630341
2182,0.00155509
2183,0.01068468
2184,0.00349933
2185,0.00098135
2186,0.00041449
2187,0.00177702
2188,0.00221320
2189,0.00374797
2190,0.03347100
2191,0.00371860
2192,0.00072058
2193,0.01523812
2194,0.00723611
2195,0.00100808
2196,0.01467712
2197,0.00229261
2198,0.00157554
2199,0.00489398
2200,0.02827109
2201,0.08728029
2202,0.03041324
2203,0.01326270
2204,0.01560336
2205,0.00184510
2206,0.00310774
2207,0.00554640
2208,0.00352018
2209,0.02628767
2210,0.00185554
2211,0.00143816
2212,0.00168766
2213,0.08809684
2214,0.00143923
2215,0.01737449
2216,0.00375103
2217,0.00043169
2218,0.02435818
2219,0.00049857
2220,0.00322209
2221,0.05477754
2222,0.00214785
2223,0.02072026
2224,0.00252806
2225,0.00226101
2226,0.01363762
2227,0.00160843
2228,0.00213968
2229,0.01454632
2230,0.01091704
2231,0.01238545
2232,0.00038376
2233,0.00048921
2234,0.00194626
2235,0.00850940
2236,0.00035683
2237,0.00366896
2238,0.00033812
2239,0.00134322
2240,0.01477203
2241,0.01676853
2242,0.01192003
2243,0.00143793
2244,0.00140103
2245,0.00593166
2246,0.03222740
2247,0.00047349
2248,0.00244862
2249,0.01032598
2250,0.00122127
2251,0.01182072
2252,0.00189993
2253,0.00602254
2254,0.00035850
2255,0.00185002
2256,0.01153691
2257,0.00208381
2258,0.00129394
2259,0.00497897
2260,0.02654895
2261,0.00952756
2262,0.00417986
2263,0.01065359
2264,0.01532152
2265,0.00166829
2266,0.02456204
2267,0.00230958
2268,0.00311773
2269,0.00034430
2270,0.01038940
2271,0.00214220
2272,0.00391213
2273,0.01662495
2274,0.02115878
2275,0.00213143
2276,0.00205819
2277,0.00165372
2278,0.01461921
2279,0.00176087
2280,0.01085717
2281,0.00289770
2282,0.00979153
2283,0.21156248
2284,0.00138789
2285,0.01380080
2286,0.00358968
2287,0.00203909
2288,0.01017148
2289,1.06009122
2290,0.00169984
2291,0.00145395
2292,0.00211597
2293,0.00210352
2294,0.00154218
2295,0.00100887
2296,0.00049824
2297,0.00159737
2298,0.00542372
2299,0.00084328
2300,0.02623096
2301,0.00092988
2302,0.00230662
2303,0.00040252
2304,0.01802310
2305,0.01008392
2306,0.01661987
2307,0.00291516
2308,0.00226309
2309,0.00224542
2310,0.00246736
2311,0.00300353
2312,0.00144125
2313,0.00111347
2314,0.00157401
2315,0.00196415
2316,0.00100059
2317,0.00403871
2318,0.03829780
2319,0.01690498
2320,0.00223303
2321,0.00170164
2322,0.00354280
2323,0.03424808
2324,0.00190765
2325,0.02944738
2326,0.00238318
2327,0.00171302
2328,0.00226397
2329,0.00344029
2330,0.00941939
2331,0.00374558
2332,0.00217737
2333,0.00143486
2334,0.00157260
2335,0.00236409
2336,0.00544169
2337,0.00216958
2338,0.00035798
2339,0.00033452
2340,0.00038235
2341,0.00228806
2342,0.00219235
2343,0.01544536
2344,0.00016206
2345,0.00204626
2346,0.01163089
2347,0.00165241
2348,0.00193187
2349,0.01108110
2350,0.01450691
2351,0.00138617
2352,0.00259794
2353,0.01155829
2354,0.00164054
2355,0.02378513
2356,0.00047604
2357,0.00085922
2358,0.00363389
2359,0.00206322
2360,0.02029006
2361,0.00145916
2362,0.00141761
2363,0.00217311
2364,0.00106956
2365,0.00156850
2366,0.00236762
2367,0.00200390
2368,0.03914640
2369,0.01137017
2370,0.00034224
2371,0.00226804
2372,0.80919431
2373,0.00167106
2374,0.00755183
2375,0.00520609
2376,0.00329516
2377,0.00251018
2378,0.00495657
2379,0.00355568
2380,0.03884861
2381,0.01105494
2382,0.01613184
2383,0.00092798
2384,0.00152852
2385,0.00229963
2386,0.00537379
2387,0.00049796
2388,0.00333217
2389,0.00159263
2390,0.01694788
2391,0.01007322
2392,0.00159241
2393,0.00776478
2394,0.00154958
2395,0.00008041
2396,0.00146761
2397,0.00728169
2398,0.00111348
2399,0.00048626
2400,0.00158178
2401,0.00246213
2402,0.00736004
2403,0.00224162
2404,0.00081679
2405,0.00201337
2406,0.00099009
2407,0.00215940
2408,0.00792044
2409,0.00657043
2410,0.01027023
2411,0.00153164
2412,0.00081344
2413,0.00383667
2414,0.00952992
2415,0.00306363
2416,0.01313316
2417,0.00153335
2418,0.00315414
2419,0.00203102
2420,0.00211153
2421,0.01054759
2422,0.01514870
2423,0.01088767
2424,0.00193712
2425,0.00220667
2426,0.00188870
2427,0.01742348
2428,0.01665271
2429,0.01658136
2430,0.00201183
2431,0.00030179
2432,0.01441102
2433,0.01263761
2434,0.00222544
2435,0.00209186
2436,0.00227447
2437,0.01718212
2438,0.00240983
2439,0.00216610
2440,0.01045258
2441,0.00226706
2442,0.01094232
2443,0.00171018
2444,0.00364753
2445,0.00252549
2446,0.01448425
2447,0.00434174
2448,0.00220866
2449,0.00261583
2450,0.00687453
2451,0.01306133
2452,0.00237656
2453,0.00514506
2454,0.00161896
2455,0.03511975
2456,0.01403011
2457,0.17842439
2458,0.00000039
2459,0.00214069
2460,0.00344632
2461,0.00085030
2462,0.03704979
2463,0.01223431
2464,0.00352693
2465,0.00089558
2466,0.03570064
2467,0.00826320
2468,0.00335032
2469,0.01657444
2470,0.00240620
2471,0.00214649
2472,0.00197955
2473,0.02449932
2474,0.00174640
2475,0.00043249
2476,0.02281442
2477,0.00041903
2478,0.01064484
2479,0.01166493
2480,0.01018160
2481,0.01538932
2482,0.00874342
2483,0.03513285
2484,0.00285472
2485,0.00006341
2486,0.00095530
2487,0.00298528
2488,0.00113741
2489,0.01164208
2490,0.01956929
2491,0.02063344
2492,0.00045874
2493,0.00179429
2494,0.00148979
2495,0.00054056
2496,0.00236876
2497,0.01099133
2498,0.00392598
2499,0.00035599
2500,0.00031678
2501,0.02203975
2502,0.02716489
2503,0.00088986
2504,0.03284890
2505,0.00438588
2506,0.00594180
2507,0.03595996
2508,0.02165832
2509,0.00007517
2510,0.00146602
2511,0.00105379
2512,0.00032564
2513,0.00091552
2514,0.02367685
2515,0.00377845
2516,0.00150480
2517,0.00356234
2518,0.00758849
2519,0.00342760
2520,0.02298141
2521,0.01817751
2522,0.00174169
2523,0.00164438
2524,0.00369547
2525,0.00053702
2526,0.00739915
2527,0.00229836
2528,0.00321057
2529,0.00095903
2530,0.00347965
2531,0.00178210
2532,0.00312039
2533,0.00456098
2534,0.00211832
2535,0.00348433
2536,0.01162818
2537,0.02053901
2538,0.00372949
2539,0.00116155
2540,0.00050756
2541,0.00049330
2542,0.29168964
2543,0.00116447
2544,0.00512387
2545,0.00108296
2546,0.00223246
2547,0.00548863
2548,0.00228442
2549,0.03905488
2550,0.00319139
2551,0.00330299
2552,0.00152679
2553,0.01310752
2554,0.00306894
2555,0.03834914
2556,0.02049950
2557,0.00000391
2558,0.00127699
2559,0.00722687
2560,0.00051781
2561,0.00510073
2562,0.00227121
2563,0.00115437
2564,0.00214502
2565,0.00364087
2566,0.00416856
2567,0.00220192
2568,0.01051776
2569,0.00500832
2570,0.00468191
2571,0.01566831
2572,0.00230170
2573,0.00165588
2574,0.00816662
2575,0.00292170
2576,0.00146137
2577,0.00074201
2578,0.00390952
2579,0.00340882
2580,0.00208309
2581,0.00091343
2582,0.00157322
2583,0.00627915
2584,0.01527039
2585,0.00080103
2586,0.00221624
2587,0.00367187
2588,0.00159067
2589,0.00886603
2590,0.00222980
2591,0.01159708
2592,0.00045597
2593,0.01934867
2594,0.00045337
2595,0.00220252
2596,0.00160016
2597,0.00383127
2598,0.01414916
2599,0.00288189
2600,0.00374290
2601,0.02370672
2602,0.01585225
2603,0.00381937
2604,0.00248632
2605,0.01081411
2606,0.00047075
2607,0.03790119
2608,0.02413321
2609,0.61868968
2610,0.00790943
2611,0.00208982
2612,0.00237206
2613,0.00138111
2614,0.01690173
2615,0.01407588
2616,0.00042470
2617,0.01186365
2618,0.00315025
2619,0.00000048
2620,0.00214723
2621,0.00322628
2622,0.00000380
2623,0.00163322
2624,0.01159062
2625,0.00117361
2626,0.01625588
2627,0.04045411
2628,0.00317607
2629,0.01455534
2630,0.00084926
2631,0.00305087
2632,0.00035312
2633,0.00665949
2634,0.00201145
2635,0.00213160
2636,0.03060028
2637,0.00222564
2638,0.00047907
2639,0.00875187
2640,0.00218600
2641,0.00212858
2642,0.00354867
2643,0.43686775
2644,0.00127063
2645,0.01040104
2646,0.00379866
2647,0.00303266
2648,0.01572192
2649,0.00425037
2650,0.00187582
2651,0.00217003
2652,0.01123658
2653,0.00361420
2654,0.00249948
2655,0.03614719
2656,0.00104105
2657,0.00729562
2658,0.00220519
2659,0.00839531
2660,0.00169150
2661,0.00361530
2662,0.00963638
2663,0.00000352
2664,0.00222079
2665,0.01433589
2666,0.02517364
2667,0.00922149
2668,0.00086057
2669,0.02626027
2670,0.00588939
2671,0.00137159
2672,0.02333223
2673,0.00252593
2674,0.00206908
2675,0.00097261
2676,0.00094062
2677,0.00193685
2678,0.00315789
2679,0.01168101
2680,0.00176183
2681,0.00476388
2682,0.00000027
2683,0.00775793
2684,0.00213185
2685,0.00738456
2686,0.00201925
2687,0.01441668
2688,0.00370039
2689,0.00317706
2690,0.02149783
2691,0.00157972
2692,0.00205882
2693,0.00186630
2694,0.00695470
2695,0.02548231
2696,0.00227408
2697,0.00925459
2698,0.00170345
2699,0.00149962
2700,0.01108633
2701,0.00255622
2702,0.02720120
2703,0.02802645
2704,0.00294701
2705,0.00210125
2706,0.00227999
2707,0.00181450
2708,0.01077587
2709,0.01090896
2710,0.00682730
2711,0.01165133
2712,0.00200508
2713,0.00209826
2714,0.02533486
2715,0.01925896
2716,0.00092274
2717,0.02668369
2718,0.00261589
2719,0.00006834
2720,0.01972449
2721,0.00006309
2722,0.00157154
2723,0.00259374
2724,0.01495424
2725,0.00048192
2726,0.00118910
2727,0.00187638
2728,0.00200658
2729,0.00043120
2730,0.00030643
2731,0.00656006
2732,0.02705494
2733,0.00201442
2734,0.00124714
2735,0.01165338
2736,0.00465954
2737,0.02419413
2738,0.00158266
2739,0.00202958
2740,0.00237599
2741,0.00232908
2742,0.14808806
2743,0.00190458
2744,0.00305335
2745,0.00103308
2746,0.00159031
2747,0.01164771
2748,0.00219444
2749,0.00037365
2750,0.00003960
2751,0.00489689
2752,0.00355029
2753,0.00293052
2754,0.00142351
2755,0.00180766
2756,0.00093517
2757,0.00387213
2758,0.00251391
2759,0.00305484
2760,0.01934251
2761,0.00326581
2762,0.00154646
2763,0.00612159
2764,0.00229196
2765,0.00406425
2766,0.00233865
2767,0.00158667
2768,0.00222039
2769,0.00149912
2770,0.00243523
2771,0.00148789
2772,0.02849592
2773,0.02075366
2774,0.00135597
2775,0.00148348
2776,0.00357836
2777,0.00080756
2778,0.00178639
2779,0.00000048
2780,0.03733467
2781,0.01691177
2782,0.01547704
2783,0.00624415
2784,0.00222147
2785,0.01204257
2786,0.00000100
2787,0.00764424
2788,0.02604362
2789,0.02620526
2790,0.00258034
2791,0.00523902
2792,0.00740726
2793,0.01687786
2794,0.01181000
2795,0.00230229
2796,0.00083023
2797,0.00142051
2798,0.01637738
2799,0.00386956
2800,0.00216626
2801,0.03050569
2802,0.00762124
2803,0.00089324
2804,0.00038564
2805,0.00223661
2806,0.01312397
2807,0.00810671
2808,0.01726675
2809,0.00430280
2810,0.00135782
2811,0.00323368
2812,0.00211345
2813,0.00195298
2814,0.00311708
2815,0.01143122
2816,0.00311028
2817,0.00344421
2818,0.00262118
2819,0.01715089
2820,0.01125691
2821,0.00188943
2822,0.00184647
2823,0.00256410
2824,0.00037551
2825,0.00577289
2826,0.00251653
2827,0.00046407
2828,0.01020749
2829,0.00415983
2830,0.00227042
2831,0.02669618
2832,0.00338191
2833,0.00997406
2834,0.01623638
2835,0.00031355
2836,0.00317302
2837,0.00000888
2838,0.01527662
2839,0.00226040
2840,0.00152117
2841,0.00243760
2842,0.00164230
2843,0.00099969
2844,0.00027374
2845,0.00243134
2846,0.03665479
2847,0.01670288
2848,0.00214051
2849,0.01712276
2850,0.00564229
2851,0.00700727
2852,0.00093004
2853,0.02695977
2854,0.56173821
2855,0.00526270
2856,0.00458821
2857,0.00680278
2858,0.95649691
2859,0.00048258
2860,0.00363060
2861,0.00253159
2862,0.02526692
2863,0.00345265
2864,0.00168098
2865,0.00044104
2866,0.00106812
2867,0.00045816
2868,0.02572516
2869,0.00201746
2870,0.00340618
2871,0.00217739
2872,0.02171184
2873,0.00033033
2874,0.00493896
2875,0.00362463
2876,0.00170264
2877,0.00475292
2878,0.01098796
2879,0.01131778
2880,0.00084546
2881,0.00217315
2882,0.01602413
2883,0.00246884
2884,0.00347090
2885,0.00193630
2886,0.00230401
2887,0.00173663
2888,0.00046795
2889,0.01164825
2890,0.00204612
2891,0.00085750
2892,0.00176979
2893,0.00095545
2894,0.00208417
2895,0.03559024
2896,0.00698220
2897,0.00140228
2898,0.00560037
2899,0.00040165
2900,0.01453552
2901,0.00383273
2902,0.00154171
2903,0.00228038
2904,0.00126405
2905,0.00343240
2906,0.00439871
2907,0.00031409
2908,0.02761923
2909,0.00031763
2910,0.00217454
2911,0.02176171
2912,0.02024868
2913,0.02068645
2914,0.01693690
2915,0.00236996
2916,0.00222063
2917,0.00360139
2918,0.00237116
2919,0.00322308
2920,0.01172291
2921,0.00754629
2922,0.00251476
2923,0.00046825
2924,0.00140919
2925,0.00443722
2926,0.02286705
2927,0.00243526
2928,0.01104837
2929,0.00001820
2930,0.00189262
2931,0.01124538
2932,0.00089593
2933,0.00258078
2934,0.03583604
2935,0.00467071
2936,0.00075112
2937,0.01710104
2938,0.00181078
2939,0.00329557
2940,0.00021353
2941,0.00312783
2942,0.00229609
2943,0.00032606
2944,0.01101777
2945,0.00234028
2946,0.00368729
2947,0.00359429
2948,0.00404812
2949,0.00049833
2950,0.03936022
2951,0.00316597
2952,0.00700210
2953,0.00041033
2954,0.00209130
2955,0.00242654
2956,0.00143574
2957,0.00158538
2958,0.00046866
2959,0.01672893
2960,0.00087114
2961,0.00212979
2962,0.00179147
2963,0.00222985
2964,0.00087914
2965,0.00333160
2966,0.00679885
2967,0.02145853
2968,0.00110421
2969,0.02134816
2970,0.00000421
2971,0.00151304
2972,0.00230532
2973,0.00960718
2974,0.00213627
2975,0.00082879
2976,0.02713390
2977,0.00293203
2978,0.00331089
2979,0.00001354
2980,0.00178956
2981,0.00033331
2982,0.00146821
2983,0.01054683
2984,0.00123456
2985,0.00301820
2986,0.03487472
2987,0.00568006
2988,0.00095494
2989,0.00151773
2990,0.01150092
2991,0.00482056
2992,0.02056257
2993,0.00455406
2994,0.00163917
2995,0.00269945
2996,0.00203776
2997,0.01712216
2998,0.00366125
2999,0.00599661
3000,0.00092675
3001,0.00034926
3002,0.00343207
3003,0.00086050
3004,0.00126345
3005,0.00100634
3006,0.02313549
3007,0.00045139
3008,0.00040867
3009,0.00816906
3010,0.02826634
3011,0.00157097
3012,0.00233062
3013,0.00163038
3014,0.00212372
3015,0.01214881
3016,0.01374819
3017,0.00034467
3018,0.00661082
3019,0.00548986
3020,0.00048586
3021,0.00388967
3022,0.00151807
3023,0.01010784
3024,0.01032004
3025,0.02088933
3026,0.00394785
3027,0.00066096
3028,0.00156028
3029,0.00220592
3030,0.01073186
3031,0.03457781
3032,0.00178678
3033,0.00146282
3034,0.00220020
3035,0.00324426
3036,0.01508298
3037,0.00201945
3038,0.00043879
3039,0.02038077
3040,0.00099687
3041,0.00176991
3042,0.00142899
3043,0.00343472
3044,0.00161155
3045,0.01371195
3046,0.02281492
3047,0.00308976
3048,0.00048485
3049,0.00676992
3050,0.00208891
3051,0.00279781
3052,0.00161162
3053,0.01105092
3054,0.01113661
3055,0.01044425
3056,0.01557313
3057,0.00208871
3058,0.00163265
3059,0.01236883
3060,0.00104888
3061,0.00218142
3062,0.00304981
3063,0.00001242
3064,0.03667484
3065,0.00414155
3066,0.03615980
3067,0.00228898
3068,0.00162980
3069,0.00208883
3070,0.00225605
3071,0.02281301
3072,0.00743148
3073,0.00157287
3074,0.73219861
3075,0.00223226
3076,0.00111132
3077,0.00234612
3078,0.01544749
3079,0.00042836
3080,0.00177298
3081,0.01023948
3082,0.00166299
3083,0.00241561
3084,0.02769314
3085,0.00233629
3086,0.00258294
3087,0.00303462
3088,0.00264687
3089,0.00511776
3090,0.02058805
3091,0.00113548
3092,0.00520576
3093,0.02425528
3094,0.00035076
3095,1.01878108
3096,0.00187369
3097,0.00048057
3098,0.00697859
3099,0.00005522
3100,0.00539633
3101,0.00083064
3102,0.01075415
3103,0.00330329
3104,0.00341854
3105,0.00145468
3106,0.01134001
3107,0.00048180
3108,0.00224147
3109,0.00976351
3110,0.00086143
3111,0.00103435
3112,0.82488931
3113,0.01412316
3114,0.01046445
3115,0.00030435
3116,0.00149571
3117,0.00292664
3118,0.00243815
3119,0.00155556
3120,0.01310864
3121,0.00417562
3122,0.00283641
3123,0.00090897
3124,0.00226534
3125,0.00339968
3126,0.71812947
3127,0.00335025
3128,0.01618465
3129,0.00180466
3130,0.00874947
3131,0.00203631
3132,0.00004259
3133,0.01626541
3134,0.00153876
3135,0.00001235
3136,0.00364039
3137,0.00378301
3138,0.00032936
3139,0.00220111
3140,0.00126164
3141,0.00338409
3142,0.00001523
3143,0.00232424
3144,0.00183925
3145,0.01587716
3146,0.00333570
3147,0.01719558
3148,0.01608107
3149,0.00046159
3150,0.00343073
3151,0.00230556
3152,0.01730760
3153,0.00044849
3154,0.00083880
3155,0.00236018
3156,0.00699925
3157,0.00186966
3158,0.00316474
3159,0.00157329
3160,0.00128708
3161,0.00546081
3162,0.00754345
3163,0.00410509
3164,0.01144911
3165,0.00048549
3166,0.00215979
3167,0.00033577
3168,0.00224205
3169,0.00688333
3170,0.00330668
3171,0.00421375
3172,0.00043651
3173,0.00040073
3174,0.00215387
3175,0.00248241
3176,0.00153360
3177,0.00000464
3178,0.00395287
3179,0.00318409
3180,0.00147147
3181,0.02584992
3182,0.01159589
3183,0.01101391
3184,0.00226195
3185,0.00346535
3186,0.00114167
3187,0.00313486
3188,0.03193983
3189,0.00502153
3190,0.00175705
3191,0.00189021
3192,0.00043659
3193,0.00174498
3194,0.00320419
3195,0.00163603
3196,0.00049159
3197,0.01012489
3198,0.00604131
3199,0.00039200
3200,0.00791386
3201,0.00091226
3202,0.00315468
3203,0.01192198
3204,0.00155673
3205,0.00190775
3206,0.01675005
3207,0.01528124
3208,0.03760685
3209,0.00078846
3210,0.00213458
3211,0.00098475
3212,0.00035827
3213,0.00222348
3214,0.00219565
3215,0.01528346
3216,0.00222982
3217,0.00331285
3218,1.41446591
3219,0.00211833
3220,0.05378731
3221,0.00144613
3222,0.00702060
3223,0.00164688
3224,0.01161663
3225,0.00228235
3226,0.00358794
3227,0.00339247
3228,0.00046558
3229,0.00032308
3230,0.00114724
3231,0.02476693
3232,0.00220193
3233,0.00103296
3234,0.01114873
3235,0.16897989
3236,0.00284543
3237,0.01137884
3238,0.00356126
3239,0.01715754
3240,0.01572905
3241,0.00128901
3242,0.00015690
3243,0.00319904
3244,0.00089364
3245,0.00235399
3246,0.00353547
3247,0.01049378
3248,0.00178775
3249,0.00185392
3250,0.00047427
3251,0.00390429
3252,0.00218369
3253,0.00169795
3254,0.00152926
3255,0.00039244
3256,0.00216605
3257,0.00165386
3258,0.00142966
3259,0.01725954
3260,0.01037667
3261,0.01993788
3262,0.00242203
3263,0.42616479
3264,0.00206814
3265,0.00039893
3266,0.00373752
3267,0.01166237
3268,0.00403338
3269,0.00163781
3270,0.00224975
3271,0.00611724
3272,0.00164130
3273,0.00265948
3274,0.03051926
3275,0.00748170
3276,0.00203999
3277,0.00525273
3278,0.00206958
3279,0.00163391
3280,0.00430378
3281,0.00346236
3282,0.00705822
3283,0.00133159
3284,0.00626772
3285,0.00098554
3286,0.00401420
3287,0.00650106
3288,0.00108255
3289,0.02387629
3290,0.01719580
3291,0.00047729
3292,0.00180915
3293,0.00210209
3294,0.01740986
3295,0.00213913
3296,0.01553810
3297,0.02048130
3298,0.00084390
3299,0.01004716
3300,0.78170346
3301,0.00349838
3302,0.00223700
3303,0.00363019
3304,0.00366040
3305,0.00209843
3306,0.00309584
3307,0.00215563
3308,0.00687668
3309,0.00258239
3310,0.00192942
3311,0.00257123
3312,0.00072316
3313,0.00158163
3314,0.01055603
3315,0.00137213
3316,0.00128898
3317,0.00169359
3318,0.00135297
3319,0.00360452
3320,0.00503458
3321,0.00230233
3322,0.00089366
3323,0.00164271
3324,0.00037598
3325,0.00316815
3326,0.00251092
3327,0.02576937
3328,0.00416013
3329,0.02615155
3330,0.01956502
3331,0.00374180
3332,0.00198333
3333,0.01158170
3334,0.00365883
3335,0.00105908
3336,0.03780735
3337,0.01957424
3338,0.01176884
3339,0.00263245
3340,0.00216056
3341,0.47015176
3342,0.00164870
3343,0.01722013
3344,0.00234432
3345,0.00150861
3346,0.00030219
3347,0.00291372
3348,0.00154866
3349,0.00347853
3350,0.00043571
3351,0.00372136
3352,0.01115809
3353,0.00207005
3354,0.00262569
3355,0.01121911
3356,0.00329570
3357,0.00204111
3358,0.00399048
3359,0.00511281
3360,0.00914541
3361,0.00733010
3362,0.01053844
3363,0.00188415
3364,0.00581548
3365,0.00219090
3366,0.00034779
3367,0.00216192
3368,0.01162479
3369,0.01150143
3370,0.00221086
3371,0.00363142
3372,0.00241413
3373,0.02892095
3374,0.01100515
3375,0.00355941
3376,0.00214934
3377,0.01135404
3378,0.00636350
3379,0.00198316
3380,0.00310690
3381,0.00142912
3382,0.00277356
3383,0.00331090
3384,0.00086057
3385,0.01086081
3386,0.00172009
3387,0.00236178
3388,0.00358949
3389,0.00193217
3390,0.00313243
3391,0.00262387
3392,0.00304078
3393,0.00366543
3394,0.01109301
3395,0.01473038
3396,0.00529564
3397,0.02127763
3398,0.02376456
3399,0.00216194
3400,0.01189328
3401,0.00035408
3402,0.00205416
3403,0.00375135
3404,0.01147636
3405,0.00361603
3406,0.00288404
3407,0.00124424
3408,0.00356612
3409,0.00041978
3410,0.00184792
3411,0.00223125
3412,0.00051009
3413,0.00102530
3414,0.00541729
3415,0.01662990
3416,0.00049358
3417,0.00179047
3418,0.01591898
3419,0.01452861
3420,0.00376339
3421,0.00550659
3422,0.00141913
3423,0.00085742
3424,0.00250330
3425,0.01666000
3426,0.02411377
3427,0.00228713
3428,0.01072172
3429,0.00323842
3430,0.02259281
3431,0.00200657
3432,0.00164020
3433,0.00141276
3434,0.00228562
3435,0.00280978
3436,0.00039268
3437,0.00355259
3438,0.00350350
3439,0.03401398
3440,0.00543102
3441,0.00135995
3442,0.00281028
3443,0.01623182
3444,0.00098737
3445,0.00361948
3446,0.03382418
3447,0.00221642
3448,0.00304800
3449,0.02334432
3450,0.01100134
3451,0.00080132
3452,0.00977294
3453,0.00218567
3454,0.00175399
3455,0.00092724
3456,0.03332476
3457,0.00147971
3458,0.00219270
3459,0.01006830
3460,0.00228363
3461,0.00004881
3462,0.00219675
3463,0.00102970
3464,0.01124048
3465,0.03582242
3466,0.02180837
3467,0.00826114
3468,0.01599129
3469,1.07494223
3470,0.00119832
3471,0.00166004
3472,0.00210135
3473,0.01152191
3474,0.00143514
3475,0.00295756
3476,0.00096215
3477,0.00213567
3478,0.00259845
3479,0.00350870
3480,0.00034096
3481,0.00228711
3482,0.01539543
3483,0.00215955
3484,0.00349982
3485,0.00116490
3486,0.03163944
3487,0.00034314
3488,0.01395710
3489,0.00219879
3490,0.02694822
3491,0.02718487
3492,0.00001302
3493,0.00145828
3494,0.00022636
3495,0.02078657
3496,0.00193092
3497,0.02542780
3498,0.00106013
3499,0.36062590
3500,0.00045006
3501,0.00324403
3502,0.00048325
3503,0.00182027
3504,0.00172898
3505,0.00050700
3506,0.00718495
3507,0.01858783
3508,0.00045789
3509,0.01546795
3510,0.00391570
3511,0.00365726
3512,0.00047285
3513,0.00219430
3514,0.00334350
3515,0.62598822
3516,0.00336337
3517,0.00045045
3518,0.01176249
3519,0.01555323
3520,0.01580546
3521,0.00108173
3522,0.03400134
3523,0.01710579
3524,0.00277623
3525,0.00116863
3526,0.00319187
3527,0.00153214
3528,0.01064148
3529,0.02170934
3530,0.00149831
3531,0.00461149
3532,0.02433775
3533,0.00037956
3534,0.01142263
3535,0.00542677
3536,0.00087895
3537,0.01634842
3538,0.00045398
3539,0.01684142
3540,0.00853066
3541,0.00144363
3542,0.00093329
3543,0.00241794
3544,0.00106112
3545,0.00295435
3546,0.00145492
3547,0.00436651
3548,0.02715953
3549,0.00367541
3550,0.03567993
3551,0.00093576
3552,0.00134216
3553,0.00457396
3554,0.00420986
3555,0.00175541
3556,0.00532537
3557,0.01577117
3558,0.01142412
3559,0.00288722
3560,0.00362039
3561,0.00196175
3562,0.00389522
3563,0.01376633
3564,0.00000107
3565,0.00205886
3566,0.00372467
3567,0.00184614
3568,0.00002192
3569,0.00182870
3570,0.00176417
3571,0.00510711
3572,0.00604220
3573,0.01111171
3574,0.00121086
3575,0.00314793
3576,0.00000487
3577,0.00619778
3578,0.01841148
3579,0.00205206
3580,0.03296941
3581,0.01346927
3582,0.52762410
3583,0.02535085
3584,0.00215506
3585,0.00383425
3586,0.00152964
3587,0.00033901
3588,0.02490669
3589,0.00246991
3590,0.02131543
3591,0.00159516
3592,0.00050929
3593,0.01054926
3594,0.00084168
3595,0.00096289
3596,0.01071894
3597,0.00162115
3598,0.00087991
3599,0.01052710
3600,0.00002505
3601,0.00369671
3602,0.00966136
3603,0.00175586
3604,0.00005634
3605,0.00236300
3606,0.00301663
3607,0.01750794
3608,0.00866844
3609,0.00405589
3610,0.01973516
3611,0.00366306
3612,0.00466826
3613,0.02161856
3614,0.01053386
3615,0.02253701
3616,0.00192269
3617,0.00169257
3618,0.00095165
3619,0.02774609
3620,0.03423838
3621,0.00199550
3622,0.00185779
3623,0.00001192
3624,0.00589128
3625,0.01811282
3626,0.00594989
3627,0.00178139
3628,0.00716525
3629,0.00103499
3630,0.00045955
3631,0.00185020
3632,0.00084046
3633,0.00158093
3634,0.00144982
3635,0.00043119
3636,0.00718325
3637,0.00166400
3638,0.00311584
3639,0.01484276
3640,0.01081360
3641,0.01698554
3642,0.00326582
3643,0.00966344
3644,0.03677617
3645,0.00161215
3646,0.00876277
3647,0.00219509
3648,0.00149677
3649,0.00309460
3650,0.00546626
3651,0.00043736
3652,0.00163491
3653,0.00219021
3654,0.03442959
3655,0.00099441
3656,0.02405976
3657,0.00328895
3658,0.00338105
3659,0.00294119
3660,0.00083260
3661,0.00174596
3662,0.00235445
3663,0.01110105
3664,0.00617447
3665,0.02356154
3666,0.01156068
3667,0.00143930
3668,0.00705187
3669,0.00124533
3670,0.00319160
3671,0.00002751
3672,0.00092359
3673,0.00032885
3674,0.00153149
3675,0.00163569
3676,0.00221201
3677,0.00337597
3678,0.00336638
3679,0.00602642
3680,0.00254168
3681,0.01867839
3682,0.00070529
3683,0.00211008
3684,0.01062340
3685,0.00034766
3686,0.00050306
3687,0.00148458
3688,0.00181694
3689,0.01439740
3690,0.00123822
3691,0.00222265
3692,0.28247445
3693,0.01147517
3694,0.02877286
3695,0.01554089
3696,0.00220660
3697,0.00496176
3698,0.00047648
3699,0.00170500
3700,0.00264924
3701,0.00343262
3702,0.00732325
3703,0.00101296
3704,0.00436784
3705,0.01022544
3706,0.00868941
3707,0.00073837
3708,0.00363219
3709,0.00958461
3710,0.01828932
3711,0.00112776
3712,0.01067999
3713,0.00213886
3714,0.00208488
3715,0.00376692
3716,0.00219398
3717,0.00364952
3718,0.00273203
3719,0.02665804
3720,0.01210946
3721,0.01128154
3722,0.00161741
3723,0.01135698
3724,0.00575354
3725,0.00762658
3726,0.00088586
3727,0.00308406
3728,0.03812312
3729,0.02295525
3730,0.00284624
3731,0.00090121
3732,0.00000021
3733,0.00083569
3734,0.00772145
3735,0.00281431
3736,0.00530893
3737,0.00144840
3738,0.36748453
3739,0.00847885
3740,0.02139631
3741,0.00126227
3742,0.01176348
3743,0.00179121
3744,0.01025127
3745,0.01128613
3746,0.00224890
3747,0.02464924
3748,0.00230020
3749,0.00121577
3750,0.01535329
3751,0.02269629
3752,0.01120901
3753,0.00158528
3754,0.01475735
3755,0.00328462
3756,0.03427169
3757,0.02173459
3758,0.01051248
3759,0.00661150
3760,0.00904664
3761,0.00242124
3762,0.01432024
3763,0.00224598
3764,0.00212825
3765,0.00823337
3766,0.00217424
3767,0.02679334
3768,0.01263510
3769,0.00367740
3770,0.00220599
3771,0.02559294
3772,0.00197585
3773,0.00354836
3774,0.00045509
3775,0.00152834
3776,0.02208159
3777,0.00694851
3778,0.00219762
3779,0.00457647
3780,0.00584657
3781,0.00033719
3782,0.00205065
3783,0.00220343
3784,0.00158408
3785,0.00001474
3786,0.00044542
3787,0.00044893
3788,0.98575147
3789,0.00228794
3790,0.00166210
3791,0.00303672
3792,0.00147736
3793,0.00250554
3794,0.00264171
3795,0.00378568
3796,0.00136422
3797,0.00257740
3798,0.00048971
3799,0.00122314
3800,0.00973609
3801,0.01509654
3802,0.00158406
3803,0.00275151
3804,0.01286508
3805,0.00036790
3806,0.00372343
3807,0.01596512
3808,0.00241299
3809,0.01696914
3810,0.01510629
3811,0.00032079
3812,0.01134447
3813,0.02441019
3814,0.01046449
3815,0.00429859
3816,0.00307969
3817,0.00174608
3818,0.00227602
3819,0.01010845
3820,0.00333211
3821,0.00695809
3822,0.00338091
3823,0.01049199
3824,0.00037712
3825,0.00232509
3826,0.00308583
3827,0.00000133
3828,0.00418631
3829,0.00214703
3830,0.00235951
3831,0.00795402
3832,0.00414546
3833,0.02309388
3834,0.00153393
3835,0.00223882
3836,0.03090013
3837,0.00170345
3838,0.00291591
3839,0.00174971
3840,0.00139620
3841,0.00355164
3842,0.00036864
3843,0.00431821
3844,0.00025224
3845,0.00345932
3846,0.00146071
3847,0.01661144
3848,0.00357184
3849,0.03330165
3850,0.01505644
3851,0.01099948
3852,0.00134856
3853,0.00225653
3854,0.00943620
3855,0.00145955
3856,0.00485064
3857,0.14115265
3858,0.00159801
3859,0.00176389
3860,0.01127559
3861,0.00111099
3862,0.00161429
3863,0.00257471
3864,0.00188237
3865,0.00102355
3866,0.00163815
3867,0.00235343
3868,0.00316440
3869,0.02233430
3870,0.02389753
3871,0.00231535
3872,0.01204672
3873,0.00882270
3874,0.00219903
3875,0.00098870
3876,0.00448150
3877,0.00459714
3878,0.00037856
3879,0.52986710
3880,0.00182345
3881,0.00161339
3882,0.32667738
3883,0.00343830
3884,0.00725468
3885,0.00219526
3886,0.00014056
3887,0.01870627
3888,0.00223919
3889,0.00700230
3890,0.00422193
3891,0.03361569
3892,0.00124534
3893,0.00049180
3894,0.01190215
3895,0.00646715
3896,0.00219813
3897,0.01672166
3898,0.01518506
3899,0.00597355
3900,0.02336899
3901,0.00161799
3902,0.00494415
3903,0.01019614
3904,0.03173418
3905,0.00227141
3906,0.00152922
3907,0.00227698
3908,0.00221292
3909,0.00227132
3910,0.00051082
3911,0.02307427
3912,0.03664985
3913,0.00043890
3914,0.00110838
3915,0.02503246
3916,0.00170219
3917,0.00386506
3918,0.02470514
3919,0.01079477
3920,0.00356464
3921,0.00156766
3922,0.00365056
3923,0.00238673
3924,0.00047811
3925,0.00350077
3926,0.00492280
3927,0.00302254
3928,0.01112343
3929,0.00048077
3930,0.00080304
3931,0.00353431
3932,0.00209509
3933,0.00229010
3934,0.00917114
3935,0.00355636
3936,0.00133444
3937,0.00360095
3938,0.00477539
3939,0.00092463
3940,0.00533581
3941,0.00168678
3942,0.48199642
3943,0.00243186
3944,0.00145553
3945,0.00280882
3946,0.00370055
3947,0.03662386
3948,0.01128361
3949,0.00225497
3950,0.00334108
3951,0.00341384
3952,0.00182459
3953,0.00184393
3954,0.00153783
3955,0.00079993
3956,0.32580137
3957,0.00971509
3958,0.00178409
3959,0.00172008
3960,0.00000349
3961,0.03478114
3962,0.00104671
3963,0.00210103
3964,0.01567342
3965,0.00385102
3966,0.00130117
3967,0.00370072
3968,0.00223742
3969,0.00088120
3970,0.00149740
3971,0.00084159
3972,0.00140342
3973,0.00513698
3974,0.00184035
3975,0.00531522
3976,0.01149967
3977,0.00146017
3978,0.00215677
3979,0.03065765
3980,0.00362014
3981,0.00545286
3982,0.00035215
3983,0.01427103
3984,0.00040228
3985,0.00180494
3986,0.02293378
3987,0.00245907
3988,0.03078890
3989,0.01070652
3990,0.00146010
3991,0.00035973
3992,0.00254442
3993,0.00199538
3994,0.02429569
3995,0.01632447
3996,0.03369221
3997,0.00189162
3998,0.00163259
3999,0.00041311
4000,0.00200960
4001,0.00246077
4002,0.01383738
4003,0.00038064
4004,0.00486423
4005,0.00316281
4006,0.00218523
4007,0.00033720
4008,0.00084831
4009,0.00085130
4010,0.01855366
4011,0.01855525
4012,0.00309714
4013,0.00216811
4014,0.00157200
4015,0.03856412
4016,0.00246706
4017,0.00213120
4018,0.00186230
4019,0.01450867
4020,0.00037540
4021,0.01059155
4022,0.01084687
4023,0.00316230
4024,0.01550121
4025,0.00065663
4026,0.00517414
4027,0.00148423
4028,0.00486411
4029,0.02249215
4030,0.01750803
4031,0.00197708
4032,0.00203337
4033,0.01484221
4034,0.00214278
4035,0.00219759
4036,0.00755681
4037,0.00223172
4038,0.00200180
4039,0.00205268
4040,0.00150984
4041,0.00164352
4042,0.00289805
4043,0.00748036
4044,0.00341902
4045,0.00322971
4046,0.00164351
4047,0.00328281
4048,0.01130313
4049,0.00141799
4050,0.00078367
4051,0.00499658
4052,0.00211058
4053,0.00228967
4054,0.00909814
4055,0.00362307
4056,0.03235015
4057,0.00548551
4058,0.00262510
4059,0.00609560
4060,0.00179226
4061,0.00219536
4062,0.02252731
4063,0.00357449
4064,0.00848913
4065,0.00710446
4066,0.00479380
4067,0.00281036
4068,0.00745854
4069,0.01112030
4070,0.01405612
4071,0.00891242
4072,0.00150399
4073,0.02546392
4074,0.00342619
4075,0.00039651
4076,0.00154093
4077,0.00307919
4078,0.01186219
4079,0.00184508
4080,0.01028370
4081,0.00204237
4082,0.00220427
4083,0.00156457
4084,0.00159021
4085,0.01621809
4086,0.00188008
4087,0.00091815
4088,0.01632844
4089,0.00209431
4090,0.02960192
4091,0.00033674
4092,0.00087614
4093,0.00983548
4094,0.00215514
4095,0.01573826
4096,0.00137799
4097,0.00175321
4098,0.00221962
4099,0.00225355
4100,0.00581030
4101,0.00348691
4102,0.01100011
4103,0.00528538
4104,0.00158431
4105,0.00097409
4106,0.02699229
4107,0.02013092
4108,0.00223718
4109,0.02640047
4110,0.00307379
4111,0.00162274
4112,0.00235239
4113,0.78731582
4114,0.00696293
4115,0.01096449
4116,0.00496576
4117,0.02943198
4118,0.01050490
4119,0.00362295
4120,0.00193922
4121,0.00267987
4122,0.02070638
4123,0.00988553
4124,0.00559292
4125,0.01082860
4126,0.01547980
4127,0.00017686
4128,0.00156815
4129,0.00988097
4130,0.00030767
4131,0.02413948
4132,0.02333763
4133,0.00280179
4134,0.00240701
4135,0.01039520
4136,0.00077210
4137,0.00227010
4138,0.00046560
4139,0.03871197
4140,0.01141961
4141,0.00790618
4142,0.00200527
4143,0.00093798
4144,0.01178563
4145,0.00045597
4146,0.00560797
4147,0.00179695
4148,0.00157016
4149,0.00348523
4150,0.00135648
4151,0.00154393
4152,0.00351217
4153,0.00194449
4154,0.03114728
4155,0.00400884
4156,0.00322030
4157,0.00158292
4158,0.00449047
4159,0.00022611
4160,0.06258254
4161,0.00892778
4162,0.02544473
4163,0.00336204
4164,0.00244111
4165,0.03513519
4166,0.00227254
4167,0.02378348
4168,0.00993544
4169,0.00224547
4170,0.00347105
4171,0.00278165
4172,0.00231308
4173,0.00230296
4174,0.00196900
4175,0.00239519
4176,0.00153967
4177,0.00009918
4178,0.00221027
4179,0.00147622
4180,0.00211933
4181,0.00087417
4182,0.00789404
4183,0.00182603
4184,0.01514275
4185,0.00222426
4186,0.01026393
4187,0.00208737
4188,0.00073740
4189,0.02055134
4190,0.00110174
4191,0.00160801
4192,0.00034838
4193,0.00045848
4194,0.00231754
4195,0.00219393
4196,0.00189724
4197,0.01075945
4198,0.01114341
4199,0.00332038
4200,0.00237276
4201,0.00363140
4202,0.00546604
4203,0.00257921
4204,0.00004258
4205,0.01052675
4206,0.00236548
4207,0.00192768
4208,0.00009378
4209,0.00219488
4210,0.00048983
4211,0.00001935
4212,0.00168315
4213,0.01034800
4214,0.00103916
4215,0.00243694
4216,0.00219578
4217,0.00524007
4218,0.00207872
4219,0.00209672
4220,0.00332775
4221,0.00131769
4222,0.00050284
4223,0.01064730
4224,0.00217756
4225,0.00661884
4226,0.00432566
4227,0.01690665
4228,0.01094434
4229,0.00106917
4230,0.00210102
4231,0.00336552
4232,0.00202056
4233,0.01169025
4234,0.00217098
4235,0.00088082
4236,0.00225617
4237,0.01126165
4238,0.00293107
4239,0.01221823
4240,0.02172363
4241,0.00171794
4242,0.00074795
4243,0.00000690
4244,0.00809247
4245,0.00208697
4246,0.00099434
4247,0.00618000
4248,0.00210076
4249,0.00224258
4250,0.00216986
4251,0.01373891
4252,0.02197017
4253,0.00214113
4254,0.00210913
4255,0.00124253
4256,0.01454687
4257,0.00515974
4258,0.00418365
4259,0.00938790
4260,0.01038584
4261,0.00001591
4262,0.00283505
4263,0.00697066
4264,0.00723721
4265,0.00171883
4266,0.02176468
4267,0.00322331
4268,0.00033099
4269,0.00259809
4270,0.01460809
4271,0.01095470
4272,0.00444156
4273,0.00393727
4274,0.74386050
4275,0.00144773
4276,0.00039448
4277,0.03244394
4278,0.00214942
4279,0.00201950
4280,0.00118254
4281,0.00627507
4282,0.00056098
4283,0.01166940
4284,0.00307484
4285,0.00135163
4286,0.00229742
4287,0.03838070
4288,0.00032046
4289,0.01055435
4290,0.00049503
4291,0.00211949
4292,0.01820374
4293,0.00218404
4294,0.00212622
4295,0.00408696
4296,0.01041223
4297,0.01113062
4298,0.00373640
4299,0.00231182
4300,0.02241790
4301,0.00214377
4302,0.01696255
4303,0.00033407
4304,0.00049059
4305,0.00573126
4306,0.00202259
4307,0.00619564
4308,0.00158980
4309,0.01501740
4310,0.00313745
4311,0.01055190
4312,0.01575706
4313,0.00935179
4314,0.00188988
4315,0.58658836
4316,0.00038088
4317,0.00228208
4318,0.00137350
4319,0.00372240
4320,0.01918796
4321,0.00328344
4322,0.00032760
4323,0.00507854
4324,0.00187415
4325,0.00646460
4326,0.01124017
4327,0.00338778
4328,0.00090330
4329,0.00153845
4330,0.00049515
4331,0.00230304
4332,0.01391850
4333,0.00033612
4334,0.00179993
4335,0.01619553
4336,0.00083558
4337,0.00323564
4338,0.00498495
4339,0.00000251
4340,0.00335420
4341,0.02188974
4342,0.02263150
4343,0.01095832
4344,0.00628346
4345,0.01019139
4346,0.02647701
4347,0.00241252
4348,0.00037356
4349,0.00036927
4350,0.00033634
4351,0.00176978
4352,0.00043101
4353,0.00044271
4354,0.00100473
4355,0.01023261
4356,0.01721679
4357,0.01910642
4358,0.00232873
4359,0.02495626
4360,0.01560032
4361,0.00174291
4362,0.00208574
4363,0.00190923
4364,0.00857280
4365,0.00218808
4366,0.00226665
4367,0.00137543
4368,0.00038073
4369,0.00193541
4370,0.01103683
4371,0.00201553
4372,0.00095515
4373,0.00553943
4374,0.00220720
4375,0.00325588
4376,0.01074175
4377,0.01331459
4378,0.00237549
4379,0.00405609
4380,0.00270040
4381,0.01554942
4382,0.00147483
4383,0.01631910
4384,0.00176422
4385,0.00103245
4386,0.00330591
4387,0.03481223
4388,0.01407820
4389,0.00216381
4390,0.00084488
4391,0.00233421
4392,0.00307918
4393,0.00085450
4394,0.00077544
4395,0.03392902
4396,0.00143290
4397,0.00113850
4398,0.00104800
4399,0.00160992
4400,0.00194841
4401,0.01781451
4402,0.02381143
4403,0.00545146
4404,0.00228081
4405,0.00222617
4406,0.00217118
4407,0.00225686
4408,0.00213195
4409,0.02597292
4410,0.00271033
4411,0.00165811
4412,0.03042540
4413,0.01664247
4414,0.02119464
4415,0.00213891
4416,0.04482813
4417,0.00033409
4418,0.01113606
4419,0.00362348
4420,0.00143339
4421,0.00112589
4422,0.01608378
4423,0.00151581
4424,0.00225918
4425,0.00269093
4426,0.00188879
4427,0.00237827
4428,0.00119935
4429,0.00208538
4430,0.00037723
4431,0.00321004
4432,0.00052239
4433,0.02120962
4434,0.00547281
4435,0.00164545
4436,0.00353321
4437,0.00365023
4438,0.00851983
4439,0.00157828
4440,0.00326359
4441,0.00176505
4442,0.01590949
4443,0.00162587
4444,0.00168764
4445,0.01522377
4446,0.30890533
4447,0.01570549
4448,0.00367554
4449,0.00372396
4450,0.00349753
4451,0.01819179
4452,0.02400643
4453,0.00335844
4454,0.00367068
4455,0.00165930
4456,0.00037547
4457,0.00193794
4458,0.00035459
4459,0.00426669
4460,0.00046222
4461,0.00031980
4462,0.00170073
4463,0.00141917
4464,0.00049438
4465,0.00046922
4466,0.01094526
4467,0.00089148
4468,0.02723917
4469,0.00617748
4470,0.01775700
4471,0.01548026
4472,0.00048575
4473,0.02016703
4474,0.02450999
4475,0.00275041
4476,0.00007087
4477,0.01588955
4478,0.00215231
4479,0.01142680
4480,0.00212356
4481,0.00032954
4482,0.00144161
4483,0.00403874
4484,0.00338316
4485,0.00363734
4486,0.00362576
4487,0.00322449
4488,0.00160441
4489,0.00216106
4490,0.00110722
4491,0.01096232
4492,0.00163981
4493,0.01747094
4494,0.01584741
4495,0.00683530
4496,0.00131190
4497,0.00086738
4498,0.00145391
4499,0.00353867
4500,0.01451023
4501,0.00233122
4502,0.00420682
4503,0.02796064
4504,0.00210523
4505,0.00562097
4506,0.00145930
4507,0.00205025
4508,0.00274628
4509,0.00221238
4510,0.00126725
4511,0.00162522
4512,0.02070261
4513,0.00358212
4514,0.00193549
4515,0.00364187
4516,0.03365435
4517,0.00169487
4518,0.00183092
4519,0.02761140
4520,0.02224236
4521,0.02891278
4522,0.00347536
4523,0.00297279
4524,0.01521026
4525,0.00185974
4526,0.00037540
4527,0.00094646
4528,0.00168498
4529,0.00606365
4530,0.02312753
4531,0.66334557
4532,0.00225768
4533,0.00166553
4534,0.00002744
4535,0.00281306
4536,0.02389925
4537,0.00047080
4538,0.00240064
4539,0.01118620
4540,0.00748277
4541,0.00236515
4542,0.00347267
4543,0.00219497
4544,0.00306390
4545,0.01229561
4546,0.00522375
4547,0.00255498
4548,0.00127214
4549,0.02692032
4550,0.00083878
4551,0.00321967
4552,0.00396876
4553,0.01206178
4554,0.00135188
4555,0.00165072
4556,0.00332067
4557,0.00180738
4558,0.01508512
4559,0.00234453
4560,0.01903370
4561,0.00154252
4562,0.00148317
4563,0.01060374
4564,0.00224780
4565,0.00260088
4566,0.00388408
4567,0.02423947
4568,0.00363731
4569,0.00213514
4570,0.00148672
4571,0.00551743
4572,0.00157454
4573,0.00222012
4574,0.00223068
4575,0.00041909
4576,0.00213869
4577,0.03340938
4578,0.00033775
4579,0.00172131
4580,0.00212628
4581,0.00735553
4582,0.00089937
4583,0.01063080
4584,0.00119246
4585,0.00227827
4586,0.00163177
4587,0.00188674
4588,0.00670933
4589,0.00034963
4590,0.00222448
4591,0.02082312
4592,0.02112312
4593,0.00348867
4594,0.00213735
4595,0.02556757
4596,0.02017041
4597,0.00312850
4598,0.00134822
4599,0.01125464
4600,0.00212739
4601,0.00237311
4602,0.01036794
4603,0.00047907
4604,0.00213178
4605,0.00528597
4606,0.01073436
4607,0.01176164
4608,0.00337540
4609,0.01664362
4610,0.01072246
4611,0.00405229
4612,0.01563305
4613,0.00155583
4614,0.03690988
4615,0.00220521
4616,0.00121766
4617,0.00006262
4618,0.00544713
4619,0.00122195
4620,0.00957535
4621,0.01126742
4622,0.00145936
4623,0.00741633
4624,0.00383850
4625,0.00126406
4626,0.00164267
4627,0.00092818
4628,0.00094902
4629,0.00966512
4630,0.00033102
4631,0.00155620
4632,0.02735506
4633,0.03086107
4634,0.00150526
4635,0.02190679
4636,0.00961906
4637,0.00289421
4638,0.03239870
4639,0.00366987
4640,0.00185092
4641,0.02252605
4642,0.00217746
4643,0.00226514
4644,0.02159322
4645,0.01320622
4646,0.03204464
4647,0.00258520
4648,0.02223033
4649,0.01024078
4650,0.00185606
4651,0.00233710
4652,0.00332819
4653,0.00157437
4654,0.01154654
4655,0.00230265
4656,0.00224470
4657,0.00045365
4658,0.00049577
4659,0.00365159
4660,0.00219891
4661,0.00288505
4662,0.00171545
4663,0.01099956
4664,0.00429254
4665,0.02568294
4666,0.00817122
4667,0.00562601
4668,0.00146925
4669,0.00202994
4670,0.00290756
4671,0.01111993
4672,0.00382103
4673,0.00226673
4674,0.00182846
4675,0.00352077
4676,0.01117528
4677,0.00151015
4678,0.00111965
4679,0.00144113
4680,0.00152852
4681,0.00359753
4682,0.00221656
4683,0.00238455
4684,0.00045924
4685,0.00051132
4686,0.00837192
4687,0.00213433
4688,0.00749654
4689,0.00303812
4690,0.00149262
4691,0.00336973
4692,0.00156987
4693,0.01004164
4694,0.00000202
4695,0.00334733
4696,0.00154677
4697,0.00081344
4698,0.00164221
4699,0.00168582
4700,0.00395035
4701,0.00033712
4702,0.00157841
4703,0.03788906
4704,0.00227874
4705,0.00189009
4706,0.00169287
4707,0.00044822
4708,0.01492470
4709,0.00037193
4710,0.01118631
4711,0.00032342
4712,0.00321840
4713,0.02191039
4714,0.00679936
4715,0.00327060
4716,0.00042183
4717,0.00328054
4718,0.00376046
4719,0.00221629
4720,0.00291115
4721,0.01350201
4722,0.00255543
4723,0.00112664
4724,0.00221306
4725,0.00350151
4726,0.01784040
4727,0.00095138
4728,0.00593305
4729,0.00096045
4730,0.01556160
4731,0.00194525
4732,0.01703712
4733,0.00104492
4734,0.00525268
4735,0.01655374
4736,0.00558452
4737,0.02844083
4738,0.00703673
4739,0.00271154
4740,0.00367735
4741,0.00773678
4742,0.00266137
4743,0.00177400
4744,0.00167449
4745,0.00209461
4746,0.00158753
4747,0.02078400
4748,0.00373469
4749,0.00000020
4750,0.00106915
4751,0.00090105
4752,0.00110577
4753,0.00310504
4754,0.00185320
4755,0.00513894
4756,0.00564447
4757,0.00202529
4758,0.01039822
4759,0.00322971
4760,0.00775456
4761,0.00203387
4762,0.00030132
4763,0.01750921
4764,0.01058058
4765,0.00262085
4766,0.01651909
4767,0.00478778
4768,0.00363809
4769,0.00030307
4770,0.00288270
4771,0.00192688
4772,0.00538196
4773,0.00584398
4774,0.00752229
4775,0.00225605
4776,0.01032535
4777,0.00347098
4778,0.00171989
4779,0.01041326
4780,0.00280006
4781,0.00219313
4782,0.00337507
4783,0.00218848
4784,0.00227241
4785,0.01753857
4786,0.00035865
4787,0.00337585
4788,0.00106407
4789,0.01556106
4790,0.00152400
4791,0.01168221
4792,0.00395777
4793,0.00047442
4794,0.00234384
4795,0.01373038
4796,0.00089160
4797,0.00177328
4798,0.00215291
4799,0.02327828
4800,0.00109449
4801,0.00327097
4802,0.00146602
4803,0.00172888
4804,0.00742483
4805,0.00552666
4806,0.00097516
4807,0.02149545
4808,0.01032803
4809,0.00209798
4810,0.00394245
4811,0.00327823
4812,0.00003503
4813,0.00172235
4814,0.00414389
4815,0.00190742
4816,0.00213955
4817,0.00468094
4818,0.00110105
4819,0.00134608
4820,0.02518193
4821,0.00376149
4822,0.00093205
4823,0.00058627
4824,0.00329341
4825,0.00350465
4826,0.00712076
4827,0.00233716
4828,0.00383169
4829,0.00267218
4830,0.01193837
4831,0.03783329
4832,0.00248097
4833,0.00684590
4834,0.00214639
4835,0.00229609
4836,0.00152146
4837,0.00589002
4838,0.00187959
4839,0.00000168
4840,0.00157607
4841,0.00353998
4842,0.00657399
4843,0.01590146
4844,0.00207538
4845,0.01649832
4846,0.00354388
4847,0.02388818
4848,0.00477015
4849,0.00960515
4850,0.00041310
4851,0.00187007
4852,0.00419252
4853,0.01888769
4854,0.00946093
4855,0.00233821
4856,0.00032697
4857,0.01031378
4858,0.00294693
4859,0.01083441
4860,0.00211888
4861,0.01030791
4862,0.02418414
4863,0.02680145
4864,0.00198596
4865,0.00804447
4866,0.00642694
4867,0.00062971
4868,0.03047979
4869,0.00092455
4870,0.00230927
4871,0.00047110
4872,0.00202906
4873,0.03402473
4874,0.00046200
4875,0.00615625
4876,0.01544682
4877,0.00186068
4878,0.00350697
4879,0.00262135
4880,0.01590866
4881,0.00219629
4882,0.00577513
4883,0.00210225
4884,0.00131598
4885,0.02380250
4886,0.02105442
4887,0.02049637
4888,0.00231266
4889,0.00114097
4890,0.01148509
4891,0.00077437
4892,0.00951688
4893,0.00090833
4894,0.00049018
4895,0.00243579
4896,0.00890671
4897,0.00254276
4898,0.00087910
4899,0.00217220
4900,0.00690721
4901,0.00210977
4902,0.00203885
4903,0.00335405
4904,0.00211444
4905,0.02730417
4906,0.01125417
4907,0.00194325
4908,0.00220889
4909,0.00211739
4910,0.00035330
4911,0.00127331
4912,0.00202288
4913,0.00033736
4914,0.00288379
4915,0.00217098
4916,0.19908791
4917,0.01163783
4918,0.00169188
4919,0.01734999
4920,0.00322591
4921,0.01014561
4922,0.00962524
4923,0.01496951
4924,0.00560103
4925,0.00233146
4926,0.02063779
4927,0.00237793
4928,0.00076611
4929,0.60618148
4930,0.02308423
4931,0.00112775
4932,0.00268605
4933,0.01571218
4934,0.00166375
4935,0.00220022
4936,0.37281971
4937,0.00046554
4938,0.01164667
4939,0.00528211
4940,0.00083612
4941,0.00560397
4942,0.01405564
4943,0.00410723
4944,0.00216896
4945,0.00092244
4946,0.00689860
4947,0.00905986
4948,0.03646149
4949,0.00317310
4950,0.01656509
4951,0.00235955
4952,0.00209246
4953,0.00375956
4954,0.00183382
4955,0.00116816
4956,0.01741564
4957,0.00339046
4958,0.00041254
4959,0.00192119
4960,0.00332077
4961,0.00214171
4962,0.00220429
4963,0.01828283
4964,0.00834324
4965,0.00364950
4966,0.00169981
4967,0.01116328
4968,0.01126624
4969,0.00007626
4970,0.00192685
4971,0.01180817
4972,0.00087194
4973,0.00240918
4974,0.00216082
4975,0.00423953
4976,0.02588357
4977,0.00045791
4978,0.00007224
4979,0.00035849
4980,1.06536332
4981,0.00401020
4982,0.00208364
4983,0.00164352
4984,0.00349021
4985,0.00228439
4986,0.00769894
4987,0.02567884
4988,0.00040897
4989,0.00639321
4990,0.00098172
4991,0.00153746
4992,0.02227659
4993,0.01746169
4994,0.00037171
4995,0.01170087
4996,0.00224633
4997,0.00218395
4998,0.00040146
4999,0.03353204
5000,0.00257030
5001,0.00147898
5002,0.01437543
5003,0.00204700
5004,0.00238090
5005,0.00077646
5006,0.01105834
5007,0.00229311
5008,0.00036002
5009,0.00015733
5010,0.00220732
5011,0.00202972
5012,0.01090114
5013,0.00043659
5014,0.00115197
5015,0.00343301
5016,0.00265023
5017,0.00096671
5018,0.02676140
5019,0.00215101
5020,0.00332188
5021,0.03646873
5022,0.01515590
5023,0.00243181
5024,0.00176379
5025,0.01164162
5026,0.00360632
5027,0.00255661
5028,0.00414631
5029,0.00376641
5030,0.03843953
5031,0.01089272
5032,0.00186731
5033,0.00239174
5034,0.00692578
5035,0.00405443
5036,0.00047437
5037,0.91359647
5038,0.00033626
5039,0.01881625
5040,0.00309448
5041,0.00001057
5042,0.00263046
5043,0.00258796
5044,0.00832231
5045,0.00153565
5046,0.00213452
5047,0.03690504
5048,0.00113280
5049,0.00143019
5050,0.00204010
5051,0.00712585
5052,0.00310578
5053,0.00148347
5054,0.02102603
5055,0.02520176
5056,0.00161130
5057,0.00337094
5058,0.00186112
5059,0.00192235
5060,0.00001536
5061,0.00166183
5062,0.00547280
5063,0.00142423
5064,0.00196385
5065,0.00100584
5066,0.00049832
5067,0.00445852
5068,0.00032726
5069,0.00393043
5070,0.00251283
5071,0.00195260
5072,0.00000479
5073,0.00038008
5074,0.00990269
5075,0.00000058
5076,0.00188771
5077,0.00187564
5078,0.00072679
5079,0.00033659
5080,0.00544981
5081,0.00362410
5082,0.01340219
5083,0.01077788
5084,0.03407313
5085,0.00174246
5086,0.00034772
5087,0.00266429
5088,0.00995132
5089,0.00156544
5090,0.00223405
5091,0.01078702
5092,0.00051523
5093,0.00000039
5094,0.00292540
5095,0.00049974
5096,0.00253471
5097,0.01089146
5098,0.00182548
5099,0.00240790
5100,0.00155375
5101,0.00081893
5102,0.00088687
5103,0.00190174
5104,0.00126766
5105,0.00364904
5106,0.00034566
5107,0.03591664
5108,0.09505960
5109,0.01103594
5110,0.00379360
5111,0.00251319
5112,0.00141853
5113,0.00152788
5114,0.00217103
5115,0.01118730
5116,0.00089536
5117,0.00044247
5118,0.00073651
5119,0.00464725
5120,0.00319626
5121,0.02302991
5122,0.00332162
5123,0.00370158
5124,0.00254307
5125,0.00406147
5126,0.00034250
5127,0.00335275
5128,0.00040417
5129,0.00632407
5130,0.13698887
5131,0.01997598
5132,0.00340649
5133,0.00094140
5134,0.00036292
5135,0.00034353
5136,0.00514167
5137,0.01415155
5138,0.00389982
5139,0.00047999
5140,0.02855989
5141,0.00113998
5142,0.00215239
5143,0.00164940
5144,0.00334039
5145,0.00137761
5146,0.00193842
5147,0.00153876
5148,0.00682940
5149,0.00050839
5150,0.03479485
5151,0.00334486
5152,0.00162447
5153,0.00650261
5154,0.00762328
5155,0.02407959
5156,0.00035844
5157,0.00000785
5158,0.01217066
5159,0.00152906
5160,0.00161677
5161,0.00311032
5162,0.00146711
5163,0.00054930
5164,0.00686439
5165,0.00206043
5166,0.00070044
5167,0.00736198
5168,0.00090993
5169,0.00163035
5170,0.00033026
5171,0.00384668
5172,0.00351284
5173,0.01144964
5174,0.00136953
5175,0.01093954
5176,0.00163184
5177,0.00710815
5178,0.01682705
5179,0.00199665
5180,0.00225998
5181,0.01454867
5182,0.03525597
5183,0.00017842
5184,0.00229674
5185,0.01520223
5186,0.01918450
5187,0.01976076
5188,0.02772775
5189,0.00735413
5190,0.01348527
5191,0.00004423
5192,0.00244538
5193,0.00064850
5194,0.01021888
5195,0.00031658
5196,0.00569077
5197,0.00202806
5198,0.00068541
5199,0.00322422
5200,0.00376441
5201,0.01027396
5202,0.00041250
5203,0.01424294
5204,0.02527226
5205,0.00044700
5206,0.00178702
5207,0.00211996
5208,0.00107190
5209,0.02521688
5210,0.00047186
5211,0.00186261
5212,0.00208793
5213,0.00311662
5214,0.00204269
5215,0.00040592
5216,0.00033139
5217,0.00220593
5218,0.00499532
5219,0.00207395
5220,0.01051853
5221,0.00334326
5222,0.00239036
5223,0.00452407
5224,0.00213413
5225,0.01049331
5226,0.00045503
5227,0.32745569
5228,0.00534950
5229,0.00924002
5230,0.00317843
5231,0.00198697
5232,0.00222766
5233,0.03847736
5234,0.00339396
5235,0.01177223
5236,0.02549527
5237,0.00037313
5238,0.00258382
5239,0.00327127
5240,0.00040694
5241,0.00180899
5242,0.01124737
5243,0.00216399
5244,0.00196211
5245,0.00087434
5246,0.01170880
5247,0.00267681
5248,0.00229994
5249,0.02096736
5250,0.00164091
5251,0.00179532
5252,0.00343715
5253,0.00271140
5254,0.00171257
5255,0.01757504
5256,0.00149603
5257,0.00339849
5258,0.00103955
5259,0.02226829
5260,0.02748737
5261,0.00035821
5262,0.00089227
5263,0.00218233
5264,0.01089925
5265,0.00060153
5266,0.02039446
5267,0.00236227
5268,0.00174371
5269,0.00160620
5270,0.00108842
5271,0.00059525
5272,0.02381564
5273,0.00160284
5274,0.00146694
5275,0.00350585
5276,0.03456943
5277,0.03541273
5278,0.01303547
5279,0.02942533
5280,0.00109502
5281,0.00354449
5282,0.00522169
5283,0.00578370
5284,0.14708195
5285,0.00034759
5286,0.00456830
5287,0.01036564
5288,0.00214215
5289,0.02176601
5290,0.01557830
5291,0.00179283
5292,0.00235284
5293,0.02644098
5294,0.00463082
5295,0.00087783
5296,0.00366923
5297,0.00145990
5298,0.02127351
5299,0.01031495
5300,0.00651495
5301,0.01607159
5302,0.00733583
5303,0.00153335
5304,0.00323991
5305,0.00181796
5306,0.00202529
5307,0.00046864
5308,0.02451651
5309,0.00310903
5310,0.01570207
5311,0.00356897
5312,0.00137841
5313,0.01106324
5314,0.01645562
5315,0.01687406
5316,0.01023068
5317,0.00215771
5318,0.00346562
5319,0.00034114
5320,0.03451009
5321,0.00225855
5322,0.00339803
5323,0.00103751
5324,0.00047029
5325,0.00268725
5326,0.01171283
5327,0.72865848
5328,0.00363131
5329,0.00032256
5330,0.00341837
5331,0.02488766
5332,0.00669415
5333,0.00171503
5334,0.01627718
5335,0.00092335
5336,0.16002318
5337,0.00371959
5338,0.00366602
5339,0.01566981
5340,0.00162117
5341,0.00150137
5342,0.01004991
5343,0.00031382
5344,0.00172044
5345,0.00802027
5346,0.00193325
5347,0.02609274
5348,0.00232066
5349,0.00231852
5350,0.00389296
5351,0.02329713
5352,0.01928594
5353,0.01242311
5354,0.00048200
5355,0.01346964
5356,0.00166646
5357,0.00674196
5358,0.00252503
5359,0.01601922
5360,0.00367049
5361,0.00360447
5362,0.00184059
5363,0.00198136
5364,0.02428726
5365,0.00103434
5366,0.00088266
5367,0.00539203
5368,0.00334453
5369,0.00221377
5370,0.03598358
5371,0.00120444
5372,0.01058774
5373,0.00048856
5374,0.00787611
5375,0.00190302
5376,0.00941206
5377,0.00211702
5378,0.00220185
5379,0.02171182
5380,0.00074244
5381,0.01671813
5382,0.01362723
5383,0.00335076
5384,0.00050465
5385,0.00338051
5386,0.01213351
5387,0.00093877
5388,0.00049575
5389,0.00697930
5390,0.00105189
5391,0.00151586
5392,0.01040251
5393,0.00648714
5394,0.00168603
5395,0.00976815
5396,0.00036834
5397,0.00048127
5398,0.00001115
5399,0.02627332
5400,0.00159687
5401,0.00249938
5402,0.00725392
5403,0.01251261
5404,0.00216874
5405,0.00047920
5406,0.00326131
5407,0.00530672
5408,0.00383979
5409,0.00204935
5410,0.00168114
5411,0.00562344
5412,0.00226159
5413,0.00199781
5414,0.00216764
5415,0.01080436
5416,0.00124208
5417,0.02266481
5418,0.02434391
5419,0.01972665
5420,0.00162232
5421,0.02377946
5422,0.00988587
5423,0.00213537
5424,0.00181163
5425,0.00113403
5426,0.00438960
5427,0.01022707
5428,0.00981361
5429,0.00238760
5430,0.02562860
5431,0.00361297
5432,0.01075884
5433,0.00152620
5434,0.00048620
5435,0.00143038
5436,0.00639177
5437,0.01070897
5438,0.00093802
5439,0.00158120
5440,0.00282853
5441,0.00354316
5442,0.00174853
5443,0.00364800
5444,0.03601757
5445,0.00044104
5446,0.00236242
5447,0.00776414
5448,0.00003698
5449,0.00321902
5450,0.00175647
5451,0.00703158
5452,0.00219607
5453,0.00145153
5454,0.00105892
5455,0.00108319
5456,0.00047697
5457,0.00371200
5458,0.01172051
5459,0.01097408
5460,0.00208549
5461,0.00222122
5462,0.00191874
5463,0.00169257
5464,0.00194585
5465,0.00095114
5466,0.00188191
5467,0.00042884
5468,0.00170606
5469,0.00206937
5470,0.00001803
5471,0.01417149
5472,0.00265186
5473,0.00317813
5474,0.00224822
5475,0.01557711
5476,0.02408380
5477,0.00216516
5478,0.00475653
5479,0.00297350
5480,0.00893149
5481,0.00411710
5482,0.00159301
5483,0.05945110
5484,0.00191370
5485,0.00211537
5486,0.01394842
5487,0.00227636
5488,0.01599180
5489,0.00335526
5490,0.00249267
5491,0.00966834
5492,0.00506839
5493,0.00145838
5494,0.00051508
5495,0.01156935
5496,0.00097674
5497,0.00159494
5498,0.03775688
5499,0.00212082
5500,0.00042834
5501,0.00283873
5502,0.00033958
5503,0.00143259
5504,1.15104291
5505,0.00226626
5506,0.00166016
5507,0.01068984
5508,0.01875485
5509,0.00036524
5510,0.00102595
5511,0.00177611
5512,0.01077324
5513,0.00233000
5514,0.00031844
5515,0.01639468
5516,0.00078183
5517,0.00152551
5518,0.00165994
5519,0.00336013
5520,0.01101458
5521,0.00127384
5522,0.01716147
5523,0.00140891
5524,0.01109026
5525,0.00004301
5526,0.00234478
5527,0.00219721
5528,0.00161246
5529,0.00190489
5530,0.00189990
5531,0.00054648
5532,0.02445146
5533,0.00211182
5534,0.00168116
5535,0.02261454
5536,0.00208632
5537,0.00242686
5538,0.01270812
5539,0.00206048
5540,0.01560831
5541,0.00404897
5542,0.02525245
5543,0.00201656
5544,0.00174507
5545,0.01118472
5546,0.02732046
5547,0.00206841
5548,0.00318551
5549,0.00623235
5550,0.00166296
5551,0.00155139
5552,0.00045440
5553,0.01737320
5554,0.00217949
5555,0.00129309
5556,0.00180444
5557,0.01149962
5558,0.00062669
5559,0.02485738
5560,0.00985827
5561,0.00232976
5562,0.00189664
5563,0.01047593
5564,0.00215053
5565,0.00697853
5566,0.01231256
5567,0.00197120
5568,0.00227738
5569,0.01167436
5570,0.00037484
5571,0.01143251
5572,0.00217711
5573,0.00327116
5574,0.00605103
5575,0.00403561
5576,0.01544758
5577,0.00711457
5578,0.00009458
5579,0.00184273
5580,0.00695077
5581,0.00166360
5582,0.00981159
5583,0.00151961
5584,0.00576006
5585,0.00212729
5586,0.00208157
5587,0.00337190
5588,0.00770128
5589,0.00035719
5590,0.00171355
5591,0.02062876
5592,0.00316250
5593,0.00159319
5594,0.00136154
5595,0.01483599
5596,0.00223831
5597,0.00217360
5598,0.00158675
5599,0.00223804
5600,0.00396743
5601,0.00180968
5602,0.00211390
5603,0.01499422
5604,0.00359258
5605,0.00370406
5606,0.00186410
5607,0.01751682
5608,0.00674418
5609,0.00207207
5610,0.00165887
5611,0.00668870
5612,0.00113967
5613,0.00449914
5614,0.00157442
5615,0.00138091
5616,0.00232393
5617,0.01439101
5618,0.01096996
5619,0.00281768
5620,0.00259725
5621,0.00361949
5622,0.00035864
5623,0.00771649
5624,0.03290752
5625,0.00002038
5626,0.00417164
5627,0.01130088
5628,0.02109959
5629,0.00484395
5630,0.00388981
5631,0.00008251
5632,0.00361949
5633,0.00244832
5634,0.00202954
5635,0.00754616
5636,0.00107937
5637,0.00254668
5638,0.01131813
5639,0.01475302
5640,0.00236524
5641,0.01556161
5642,0.00466551
5643,0.00746997
5644,0.00478550
5645,0.02915533
5646,0.01007873
5647,0.00216028
5648,0.01067532
5649,0.00217620
5650,0.02566422
5651,0.00042822
5652,0.00222821
5653,0.01134603
5654,0.00119226
5655,0.00191266
5656,0.00291352
5657,0.00311503
5658,0.00509940
5659,0.00000895
5660,0.00198109
5661,0.00171581
5662,0.00162841
5663,0.00147440
5664,0.00136855
5665,0.00089718
5666,0.38468002
5667,0.00222234
5668,0.01913699
5669,0.00184062
5670,0.00086869
5671,0.00154400
5672,0.02427717
5673,0.00398608
5674,0.00034050
5675,0.00186374
5676,0.00559052
5677,0.00155227
5678,0.01107695
5679,0.00197554
5680,0.01166305
5681,0.00271619
5682,0.00156095
5683,0.00047085
5684,0.00165465
5685,0.00225494
5686,0.01136184
5687,0.03042800
5688,0.00165384
5689,0.00273220
5690,0.00356749
5691,0.00332678
5692,0.00165463
5693,0.00390185
5694,0.00040962
5695,0.00191457
5696,0.01040828
5697,0.00351507
5698,0.00020663
5699,0.00683359
5700,0.00734837
5701,0.00322525
5702,0.00216977
5703,0.01903168
5704,0.00408883
5705,0.00521338
5706,0.00304146
5707,0.00104761
5708,0.00319835
5709,0.01064529
5710,0.01618627
5711,0.00236891
5712,0.00602727
5713,0.00209294
5714,0.00200242
5715,2.08093777
5716,0.00229670
5717,0.00089416
5718,0.00077750
5719,0.02194628
5720,0.00000869
5721,0.02735516
5722,0.00368506
5723,0.00336563
5724,0.01626430
5725,0.00151150
5726,0.00219809
5727,0.00237296
5728,0.00169630
5729,0.23262467
5730,0.00103494
5731,0.00148017
5732,0.00258417
5733,0.00166135
5734,0.00165653
5735,0.03645432
5736,0.01135471
5737,0.00168080
5738,0.00103991
5739,0.00224393
5740,0.00778714
5741,0.00313235
5742,0.00527866
5743,0.00454933
5744,0.00326089
5745,0.00395072
5746,0.00122924
5747,0.00044912
5748,0.02398219
5749,0.00372641
5750,0.00130423
5751,0.06695750
5752,0.00358137
5753,0.00367076
5754,0.03455434
5755,0.00528640
5756,0.00094997
5757,0.01100662
5758,0.00102052
5759,0.01022374
5760,0.01032921
5761,0.00324971
5762,0.00165941
5763,0.02015631
5764,0.02183475
5765,0.00396041
5766,0.00230979
5767,0.00249926
5768,0.00164428
5769,0.00239865
5770,0.03373364
5771,0.00118137
5772,0.00289439
5773,0.00798287
5774,0.00231565
5775,0.00431428
5776,0.00218860
5777,0.00165730
5778,0.00235699
5779,0.00055962
5780,0.00196739
5781,0.01573908
5782,0.00047789
5783,0.00283491
5784,0.00299032
5785,0.00367622
5786,0.00168767
5787,0.01495908
5788,0.03274994
5789,0.03023839
5790,0.00362904
5791,0.00000717
5792,0.01066801
5793,0.00356701
5794,0.00184084
5795,0.00091012
5796,0.00741294
5797,0.00169681
5798,0.00240162
5799,0.00264391
5800,0.03061981
5801,0.01106886
5802,0.00217553
5803,0.00331347
5804,0.03400200
5805,0.00435783
5806,0.00229693
5807,0.02267257
5808,0.00229322
5809,0.01876665
5810,0.00392084
5811,0.00773805
5812,0.00277255
5813,0.00347383
5814,0.00099844
5815,0.00348337
5816,0.00235207
5817,0.01425897
5818,0.00279530
5819,0.00327101
5820,0.00118061
5821,0.00300674
5822,0.00278504
5823,0.00238587
5824,0.00244045
5825,0.00180218
5826,0.00352087
5827,0.00206737
5828,0.00230166
5829,0.00037339
5830,0.01046100
5831,0.00088683
5832,0.00324984
5833,0.00322426
5834,0.00253569
5835,0.00762580
5836,0.00374459
5837,0.00234553
5838,0.01458582
5839,0.00234459
5840,0.00153834
5841,0.00046105
5842,0.00315475
5843,0.00291619
5844,0.00120972
5845,0.00044800
5846,0.00185835
5847,0.00141542
5848,0.00876486
5849,0.01124984
5850,0.00254113
5851,0.00380761
5852,0.00211508
5853,0.01107081
5854,0.00190009
5855,0.01616577
5856,0.00201142
5857,0.00160887
5858,0.00332719
5859,0.00045825
5860,0.01007281
5861,0.02073454
5862,0.00229022
5863,0.00102241
5864,0.00010569
5865,0.01240634
5866,0.00250798
5867,0.00092912
5868,0.01108331
5869,0.00204465
5870,0.00872704
5871,0.03386424
5872,0.00351663
5873,0.00190472
5874,0.00282864
5875,0.00941264
5876,0.00320387
5877,0.02286517
5878,0.01059195
5879,0.00159251
5880,0.00117234
5881,0.03393630
5882,0.00705412
5883,0.00244620
5884,0.00094213
5885,0.00116627
5886,0.01986876
5887,0.00205600
5888,0.00167605
5889,1.17112704
5890,0.00386680
5891,0.00363717
5892,0.00168003
5893,0.00992371
5894,0.00046442
5895,0.00046582
5896,0.00367072
5897,0.00503723
5898,0.00146835
5899,0.00038902
5900,0.00032942
5901,0.00046654
5902,0.00047775
5903,0.00011734
5904,0.02633243
5905,0.01059904
5906,0.00208325
5907,0.02663678
5908,0.00632789
5909,0.00223460
5910,0.00300961
5911,0.00164111
5912,0.00212805
5913,0.00114811
5914,0.00218770
5915,0.00169916
5916,0.00379602
5917,0.00314940
5918,0.00164514
5919,0.01578191
5920,0.00330496
5921,0.00048656
5922,0.01225385
5923,0.00047943
5924,0.00353761
5925,0.00115106
5926,0.00064211
5927,0.00049121
5928,0.02318705
5929,0.00050893
5930,0.00000107
5931,0.01088133
5932,0.02254702
5933,0.00630470
5934,0.28497454
5935,0.01604347
5936,0.00840204
5937,0.03288326
5938,0.00224045
5939,0.00018037
5940,0.00039577
5941,0.00212760
5942,0.00535717
5943,0.00048070
5944,0.00131953
5945,0.00003230
5946,0.00157647
5947,0.00508088
5948,0.00143403
5949,0.00139663
5950,0.00183497
5951,0.00187966
5952,0.00099265
5953,0.01170808
5954,0.00528571
5955,0.01614414
5956,0.00184432
5957,0.00317967
5958,0.00217994
5959,0.01103909
5960,0.00122179
5961,0.01147392
5962,0.00292428
5963,0.00319522
5964,0.06377190
5965,0.00201896
5966,0.01513595
5967,0.00224709
5968,0.01036538
5969,0.01216044
5970,0.00219337
5971,0.00328217
5972,0.00361140
5973,0.00038489
5974,0.00426533
5975,0.55117908
5976,0.00117485
5977,0.03586795
5978,0.00181349
5979,0.00223157
5980,0.00159541
5981,0.00106678
5982,0.00367128
5983,0.00223232
5984,0.01030228
5985,0.00089348
5986,0.01040873
5987,0.00166696
5988,0.01068210
5989,0.00327732
5990,0.00156695
5991,0.00306834
5992,0.00233355
5993,0.01185849
5994,0.00209895
5995,0.00209556
5996,0.37291469
5997,0.01141156
5998,0.00411180
5999,0.01166660
6000,0.00163263
6001,0.00000021
6002,0.00099009
6003,0.00133827
6004,0.00276160
6005,0.00174611
6006,0.00143393
6007,0.00038980
6008,0.00369368
6009,0.00240423
6010,0.00207149
6011,0.00364158
6012,0.00375392
6013,0.00513032
6014,0.02712549
6015,0.00337083
6016,0.00292067
6017,0.00352712
6018,0.04308896
6019,0.00143469
6020,0.01558447
6021,0.01999062
6022,0.00207282
6023,0.00584283
6024,0.00342000
6025,0.00232380
6026,0.00105869
6027,0.00161184
6028,0.01525110
6029,0.00194353
6030,0.00088332
6031,0.00207653
6032,0.01346580
6033,0.00334935
6034,0.00263102
6035,0.00342508
6036,0.00047778
6037,0.00235700
6038,0.00035976
6039,0.00304335
6040,0.00034818
6041,0.00138013
6042,0.00026402
6043,0.00344893
6044,0.00202579
6045,0.00079990
6046,0.01663793
6047,0.00200511
6048,0.01142447
6049,0.02936637
6050,0.00229739
6051,0.00212526
6052,0.02113492
6053,0.00317746
6054,0.00049154
6055,0.01321384
6056,0.01025689
6057,0.00209801
6058,0.01427298
6059,0.00225304
6060,0.00968169
6061,0.01004561
6062,0.01054591
6063,0.00453442
6064,0.00145088
6065,0.00050634
6066,0.00345879
6067,0.00211205
6068,0.00043811
6069,0.00088464
6070,0.00174921
6071,0.00094279
6072,0.00091818
6073,0.00049290
6074,0.01152920
6075,0.00700992
6076,0.00161782
6077,0.01766952
6078,0.00320438
6079,0.00278443
6080,0.00104613
6081,0.00213580
6082,0.00887238
6083,0.00072809
6084,0.00327732
6085,0.02492992
6086,0.01647445
6087,0.00127178
6088,0.00158171
6089,0.02434175
6090,0.01045525
6091,0.01918502
6092,0.00352868
6093,0.00157566
6094,0.00149470
6095,0.00136405
6096,0.00002633
6097,0.00000050
6098,0.00503353
6099,0.00137784
6100,0.00347488
6101,0.00098205
6102,0.00197579
6103,0.00039742
6104,0.00056405
6105,0.02123070
6106,0.00227069
6107,0.00103218
6108,0.00139768
6109,0.00136524
6110,0.00525254
6111,0.00476047
6112,0.00354564
6113,0.01681207
6114,0.00103497
6115,0.01475329
6116,0.00199460
6117,0.00547715
6118,0.00658005
6119,0.01003013
6120,0.00149318
6121,0.00189024
6122,0.00163660
6123,0.00324755
6124,0.00329753
6125,0.01505838
6126,0.00419223
6127,0.00260396
6128,0.00354563
6129,0.01126577
6130,0.02062650
6131,0.00307414
6132,0.00112155
6133,0.00154776
6134,0.00466180
6135,0.00139620
6136,0.00248943
6137,0.03529325
6138,0.00694282
6139,0.00047556
6140,0.00445698
6141,0.00152894
6142,0.00098016
6143,0.00047731
6144,0.02504285
6145,0.00265942
6146,0.02032567
6147,0.00970825
6148,0.00210331
6149,0.00137993
6150,0.00887594
6151,0.01658592
6152,0.00261000
6153,0.00350274
6154,0.00148705
6155,0.00083847
6156,0.00381338
6157,0.69724998
6158,0.00200275
6159,0.00090711
6160,0.02521778
6161,0.00266678
6162,0.00636761
6163,0.01539658
6164,0.00474857
6165,0.00977707
6166,0.00217321
6167,0.00331366
6168,0.00030844
6169,0.00121268
6170,0.00158915
6171,0.00165557
6172,0.00230457
6173,0.00094068
6174,0.01078545
6175,0.02389890
6176,0.00172146
6177,0.00387911
6178,0.02125960
6179,0.00268795
6180,0.00047937
6181,0.00334306
6182,0.00296056
6183,0.01500056
6184,0.00999504
6185,0.01571033
6186,0.00153776
6187,0.00514684
6188,0.00539770
6189,0.01016882
6190,0.10867898
6191,0.00314692
6192,0.00049600
6193,0.00496568
6194,0.00316494
6195,0.00737457
6196,0.00213985
6197,0.00237825
6198,0.00213122
6199,0.00232503
6200,0.00046042
6201,0.01592810
6202,0.01947796
6203,0.00209718
6204,0.00005524
6205,0.00502252
6206,0.01114286
6207,0.00474141
6208,0.00413517
6209,0.01767561
6210,0.00178206
6211,0.00215209
6212,0.00599975
6213,0.01366607
6214,0.00196140
6215,0.00226601
6216,0.00245286
6217,0.00619735
6218,0.00314773
6219,0.00166330
6220,0.01684319
6221,0.10163344
6222,0.00132282
6223,0.01806236
6224,0.03732825
6225,0.00213239
6226,0.00032504
6227,0.00251778
6228,0.00140850
6229,0.00507694
6230,0.01797550
6231,0.00935104
6232,0.00255485
6233,0.00246249
6234,0.00183658
6235,0.00092159
6236,0.00207218
6237,0.00166556
6238,0.00217569
6239,0.00179258
6240,0.00223321
6241,0.00774442
6242,1.14348819
6243,0.02283019
6244,0.00229293
6245,0.02391338
6246,0.00363281
6247,0.00354101
6248,0.00349589
6249,0.00043355
6250,0.00215029
6251,0.00000147
6252,0.00101407
6253,0.00179356
6254,0.00227665
6255,0.00975868
6256,0.00150955
6257,0.00081846
6258,0.02656539
6259,0.00338707
6260,0.01135281
6261,0.02018058
6262,0.00013416
6263,0.00359784
6264,0.00075577
6265,0.00366278
6266,0.03334469
6267,0.01103234
6268,0.01139453
6269,0.01819678
6270,0.00621866
6271,0.00230098
6272,0.00040031
6273,0.00167717
6274,0.00244382
6275,0.00080579
6276,0.01511852
6277,0.00183133
6278,0.01037443
6279,0.00321625
6280,0.00369311
6281,0.00206173
6282,0.00151179
6283,0.01639691
6284,0.00045285
6285,0.00155608
6286,0.00210169
6287,0.00189957
6288,0.00356484
6289,0.00105641
6290,0.01451365
6291,0.00033060
6292,0.00213762
6293,0.02072595
6294,0.00180027
6295,0.01036563
6296,0.00356897
6297,0.00212798
6298,0.00098269
6299,0.00163002
6300,0.00170555
6301,0.00439220
6302,0.00108300
6303,0.00174381
6304,0.00404233
6305,0.00994592
6306,0.00361505
6307,0.00674502
6308,0.02568143
6309,0.00394067
6310,0.00096792
6311,0.00153722
6312,0.00166559
6313,0.00208403
6314,0.00204742
6315,0.00371410
6316,0.00087025
6317,0.00189295
6318,0.01949276
6319,0.00696969
6320,0.00207592
6321,0.00095291
6322,0.00438026
6323,0.00229825
6324,0.00222110
6325,0.00049790
6326,0.00204956
6327,0.00169041
6328,0.00202813
6329,0.00153732
6330,0.00532287
6331,0.03140075
6332,0.00000950
6333,0.00035038
6334,0.00037025
6335,0.00146266
6336,0.02924023
6337,0.00335668
6338,0.01608710
6339,0.00114023
6340,0.00111072
6341,0.00121782
6342,0.00220051
6343,0.01610845
6344,0.00523693
6345,0.00370509
6346,0.00134101
6347,0.00234239
6348,0.02247332
6349,0.00349240
6350,0.00937822
6351,0.00207616
6352,0.00974104
6353,0.02515454
6354,0.00236574
6355,0.00331743
6356,0.01139890
6357,0.01010215
6358,0.00344747
6359,0.00275269
6360,0.55899941
6361,0.08681448
6362,0.00168523
6363,0.00109837
6364,0.00316482
6365,0.00270856
6366,0.00222714
6367,0.00185922
6368,0.00176575
6369,0.00334789
6370,0.00564546
6371,0.00035600
6372,0.00356567
6373,0.01431055
6374,0.00209271
6375,0.00349618
6376,0.00532142
6377,0.00796213
6378,0.00076012
6379,0.00768815
6380,0.00239861
6381,0.00150011
6382,0.00036565
6383,0.00260524
6384,0.00775180
6385,0.00032500
6386,0.00173187
6387,0.94492302
6388,0.00107396
6389,0.00412426
6390,0.00217449
6391,0.00202395
6392,0.03630313
6393,0.02582243
6394,0.00579231
6395,0.00618959
6396,0.00200513
6397,0.00099368
6398,0.00128164
6399,0.00190166
6400,0.00396752
6401,0.00230895
6402,0.00146310
6403,0.00048889
6404,0.00088730
6405,0.00001255
6406,0.00252427
6407,0.00379808
6408,0.00265086
6409,0.00825022
6410,0.00227788
6411,0.00020810
6412,0.00044597
6413,0.00158477
6414,0.00217553
6415,0.00031853
6416,0.00042287
6417,0.01599388
6418,0.00375358
6419,0.00341209
6420,0.00118139
6421,0.00487698
6422,0.00167929
6423,0.03303863
6424,0.43464955
6425,0.00354344
6426,0.00091941
6427,0.00201151
6428,0.03844756
6429,0.01069975
6430,0.00848755
6431,0.01011424
6432,0.00204367
6433,0.00097755
6434,0.00324796
6435,0.00176648
6436,0.00037498
6437,0.00557570
6438,0.00724211
6439,0.00234845
6440,0.00163568
6441,0.00725527
6442,0.01078700
6443,0.00331510
6444,0.00307390
6445,0.00203260
6446,0.00312951
6447,0.01193651
6448,0.01171285
6449,0.00051665
6450,0.00670565
6451,0.00031850
6452,0.00363877
6453,0.00000031
6454,0.00185083
6455,0.00766901
6456,0.00149103
6457,0.01174836
6458,0.00036870
6459,0.00048598
6460,0.00047947
6461,0.00045366
6462,0.00688416
6463,0.00260887
6464,0.01076389
6465,0.00122235
6466,0.00172645
6467,0.00218359
6468,0.00166158
6469,0.00332942
6470,0.00156513
6471,0.00219815
6472,0.00353698
6473,0.00528541
6474,0.00207402
6475,0.07877652
6476,0.00381035
6477,0.00353934
6478,0.00228945
6479,0.00086454
6480,0.01140048
6481,0.01043193
6482,0.00166198
6483,0.00165054
6484,0.00208618
6485,0.00389275
6486,0.00515686
6487,0.00185051
6488,0.00231061
6489,0.00170102
6490,0.00176674
6491,0.00174360
6492,0.00324094
6493,0.02788394
6494,0.01598801
6495,0.00299827
6496,0.00376991
6497,0.00199040
6498,0.02736707
6499,0.00084099
6500,0.01601999
6501,0.00196302
6502,0.00862446
6503,0.00210610
6504,0.00464228
6505,0.90018939
6506,0.00227772
6507,0.00582161
6508,0.00367418
6509,0.02092275
6510,0.00268681
6511,0.00156573
6512,0.02674892
6513,0.00331208
6514,0.00150645
6515,0.00047620
6516,0.00324087
6517,0.00215194
6518,0.02746041
6519,0.00101578
6520,0.01093823
6521,0.01479686
6522,0.00050229
6523,0.03580038
6524,0.02666376
6525,0.00314298
6526,0.00922887
6527,0.00615405
6528,0.01217366
6529,0.00167765
6530,0.03744496
6531,0.00570983
6532,0.00228266
6533,0.00317989
6534,0.00213450
6535,0.00202535
6536,0.00167426
6537,0.00094595
6538,0.00214637
6539,0.01050956
6540,0.01480809
6541,0.00268926
6542,0.00031829
6543,0.00412795
6544,0.00213351
6545,0.00324453
6546,0.00639266
6547,0.00199023
6548,0.00552523
6549,0.00219958
6550,0.01095305
6551,0.00193670
6552,0.00179274
6553,0.00185179
6554,0.00214104
6555,0.00100096
6556,0.00041741
6557,0.01148883
6558,0.00189847
6559,0.00217684
6560,0.00289256
6561,0.00264446
6562,0.00150913
6563,0.01597580
6564,0.00609616
6565,0.00335960
6566,0.01005084
6567,0.00375570
6568,0.00350976
6569,0.00331665
6570,0.00707999
6571,0.00222675
6572,0.01991795
6573,0.00458861
6574,0.00309224
6575,0.00222167
6576,0.00186224
6577,0.00242074
6578,0.00203871
6579,0.00587682
6580,0.00040004
6581,0.01600296
6582,0.00395424
6583,0.00182836
6584,0.00204444
6585,0.00516210
6586,0.00240986
6587,0.00972015
6588,0.01638311
6589,0.00990127
6590,0.01471522
6591,0.00003277
6592,0.00259559
6593,0.00048429
6594,0.00172142
6595,0.00324232
6596,0.00196623
6597,0.00423043
6598,0.02242645
6599,0.01174782
6600,0.00423608
6601,0.00048990
6602,0.00236944
6603,0.00227550
6604,0.00196829
6605,0.00552030
6606,0.00175309
6607,0.00392308
6608,0.03110444
6609,0.00364791
6610,0.00410970
6611,0.00171559
6612,0.02061683
6613,0.02133139
6614,0.00003953
6615,0.00150091
6616,0.00124417
6617,0.01024475
6618,0.00150084
6619,0.00155036
6620,0.00217143
6621,0.00228461
6622,0.00104338
6623,0.00542436
6624,0.00991103
6625,0.00069325
6626,0.00216221
6627,0.02815938
6628,0.00105949
6629,0.00187321
6630,0.00047328
6631,0.00345654
6632,0.00714202
6633,0.01159109
6634,0.00148122
6635,0.00566163
6636,0.00107414
6637,0.00346718
6638,0.00532439
6639,0.00322456
6640,0.00758578
6641,0.00000043
6642,0.02442269
6643,0.01611483
6644,0.16472144
6645,0.00269355
6646,0.00336627
6647,0.00137245
6648,0.02377693
6649,0.00046396
6650,0.00034587
6651,0.00240337
6652,0.00161943
6653,0.02584015
6654,0.00163062
6655,0.00592107
6656,0.00256071
6657,0.00245415
6658,0.00162421
6659,0.00226536
6660,0.00100147
6661,0.00207574
6662,0.00122975
6663,0.00031538
6664,0.00133148
6665,0.01032263
6666,0.00536162
6667,0.01527172
6668,0.00236887
6669,0.01514176
6670,0.00366467
6671,0.00238648
6672,0.00279962
6673,0.00326769
6674,0.00221338
6675,0.00031922
6676,0.00749916
6677,0.01582514
6678,0.00235254
6679,0.00978827
6680,0.01145594
6681,0.00033685
6682,0.00180808
6683,0.03649180
6684,0.02035466
6685,0.00096010
6686,0.00124485
6687,0.00016344
6688,0.01138755
6689,0.00179840
6690,0.00230918
6691,0.00659726
6692,0.00668242
6693,0.02024302
6694,0.00209438
6695,0.00091130
6696,0.01118381
6697,0.00355693
6698,0.00316345
6699,0.00613398
6700,0.00093777
6701,0.00384125
6702,0.00203572
6703,0.00033379
6704,0.00378851
6705,0.00313120
6706,0.01761435
6707,0.00409295
6708,0.00923528
6709,0.01074883
6710,0.01091495
6711,0.00141987
6712,0.00815140
6713,0.00233106
6714,0.00233043
6715,0.00366033
6716,0.00334927
6717,0.00361224
6718,0.00335764
6719,0.00223584
6720,0.00001094
6721,0.00092014
6722,0.03642087
6723,0.00155982
6724,0.01395776
6725,0.00170283
6726,0.00038365
6727,0.02714769
6728,0.00202089
6729,0.00235125
6730,0.00678873
6731,0.00172252
6732,0.05293327
6733,0.22555620
6734,0.00172881
6735,0.00155449
6736,0.74571663
6737,0.01674105
6738,0.00090396
6739,0.00520466
6740,0.00210121
6741,0.00339640
6742,0.00234833
6743,0.00037648
6744,0.00216925
6745,0.00640683
6746,0.00214173
6747,0.00154642
6748,0.01819926
6749,0.10515579
6750,0.00539820
6751,0.00035534
6752,0.00047834
6753,0.00214010
6754,0.00213145
6755,0.00268211
6756,0.01064574
6757,0.00148647
6758,0.00162174
6759,0.01517608
6760,0.01150453
6761,0.00164625
6762,0.00149618
6763,0.00697436
6764,0.00221372
6765,0.01646984
6766,0.00214759
6767,0.00185570
6768,0.00252131
6769,0.00375546
6770,0.00407572
6771,0.02399467
6772,0.01508639
6773,0.00232535
6774,0.03981853
6775,0.00155451
6776,0.00042321
6777,0.00029859
6778,0.00186973
6779,0.00203401
6780,0.00433522
6781,0.00195914
6782,0.00213364
6783,0.02757842
6784,0.01020672
6785,0.01886870
6786,0.01000693
6787,0.00034041
6788,0.00224043
6789,0.00003029
6790,0.00781396
6791,0.00074175
6792,0.02143966
6793,0.00164908
6794,0.00213647
6795,0.00246887
6796,0.00113842
6797,0.01535499
6798,0.01957863
6799,0.00327740
6800,0.00219951
6801,0.01592396
6802,0.00035690
6803,0.00346694
6804,0.00230962
6805,0.00117279
6806,0.00367365
6807,0.00241721
6808,0.00215731
6809,0.00087224
6810,0.00747200
6811,0.00168702
6812,0.02447759
6813,0.00209349
6814,0.00049310
6815,0.00230584
6816,0.00234800
6817,0.00419140
6818,0.02081383
6819,0.00460616
6820,0.00174717
6821,0.00043496
6822,0.00207573
6823,0.01026788
6824,0.00142129
6825,0.00095027
6826,0.00221926
6827,0.11884570
6828,0.00165662
6829,0.00208203
6830,0.00079089
6831,0.00243654
6832,0.00242072
6833,0.00007837
6834,0.00167755
6835,0.00176115
6836,0.00051861
6837,0.00242183
6838,0.00238809
6839,0.01834774
6840,0.11496227
6841,0.01160806
6842,0.00649803
6843,0.03466580
6844,0.00336365
6845,0.00197796
6846,0.01847331
6847,0.00032230
6848,0.00039878
6849,0.00316638
6850,0.00225281
6851,0.00155231
6852,0.01029944
6853,0.00260488
6854,0.03019521
6855,0.00163420
6856,0.01031134
6857,0.00152170
6858,0.01424603
6859,0.00189182
6860,0.01055952
6861,0.00586019
6862,0.00038472
6863,0.00147925
6864,0.00232197
6865,0.01147770
6866,0.87333367
6867,0.00166726
6868,0.39808914
6869,0.03659410
6870,0.00223497
6871,0.00217166
6872,1.19723664
6873,0.00652338
6874,0.01330721
6875,0.00039065
6876,0.02277639
6877,0.00162157
6878,0.00046350
6879,0.00160439
6880,0.00671752
6881,0.01983001
6882,0.00147878
6883,0.00224130
6884,0.00217377
6885,0.00202818
6886,0.00857647
6887,0.00233050
6888,0.00129465
6889,0.02438160
6890,0.00237951
6891,0.00315209
6892,0.00363319
6893,0.02500644
6894,0.00158430
6895,0.00048493
6896,0.00202177
6897,0.00067699
6898,0.00218154
6899,0.00414339
6900,0.01079882
6901,0.00095445
6902,0.00161951
6903,0.00685086
6904,0.00240711
6905,0.00157507
6906,0.00556577
6907,0.00238826
6908,0.00037313
6909,0.03431998
6910,0.00375150
6911,0.01559805
6912,0.00095306
6913,0.00045263
6914,0.00312859
6915,0.00030274
6916,0.00362621
6917,0.00147237
6918,0.00250822
6919,0.00203547
6920,0.02385759
6921,0.00204513
6922,0.00230353
6923,0.01053874
6924,0.00041313
6925,0.00097778
6926,0.00366167
6927,0.00045375
6928,0.00192679
6929,0.00230043
6930,0.00032215
6931,0.00117691
6932,0.00669595
6933,0.01209984
6934,0.00360143
6935,0.00221774
6936,0.00222024
6937,0.00393099
6938,0.00720150
6939,0.00212677
6940,0.00084633
6941,0.03163243
6942,0.60520169
6943,0.00234554
6944,0.02635776
6945,0.00050344
6946,0.26515076
6947,0.00196612
6948,0.00236109
6949,0.01136008
6950,0.00231821
6951,0.00232979
6952,0.00040035
6953,0.00017195
6954,0.00204788
6955,0.00260537
6956,0.00176950
6957,0.00378100
6958,0.00204821
6959,0.00326984
6960,0.00498108
6961,0.00410075
6962,0.00208480
6963,0.00401511
6964,0.01138286
6965,0.00343057
6966,0.01487280
6967,0.00032689
6968,0.01101479
6969,0.00163474
6970,0.00224067
6971,0.01790333
6972,0.00410985
6973,0.00185778
6974,0.01611063
6975,0.00672034
6976,0.00665206
6977,0.00412255
6978,0.00084438
6979,0.00244791
6980,0.00172359
6981,0.00032865
6982,0.00191128
6983,0.00105049
6984,0.00037233
6985,0.00661398
6986,0.02622419
6987,0.00589533
6988,0.00254165
6989,0.00497707
6990,0.00383222
6991,0.01944063
6992,0.00207287
6993,0.00164898
6994,0.01983276
6995,0.00338120
6996,0.01053695
6997,0.00263282
6998,0.01651962
6999,0.00245579
7000,0.00185575
7001,0.00217590
7002,0.00001865
7003,0.00275342
7004,0.00217184
7005,0.00958440
7006,0.01114224
7007,0.00367739
7008,0.00212253
7009,0.03742807
7010,0.00059266
7011,0.00221917
7012,0.00107014
7013,0.00227690
7014,0.00438772
7015,0.00220309
7016,0.00370881
7017,0.00039819
7018,0.01941725
7019,0.00328222
7020,0.00205541
7021,0.00091379
7022,0.00226088
7023,0.02014174
7024,0.00202641
7025,0.00042783
7026,0.00000019
7027,0.00048734
7028,0.00484422
7029,0.00205606
7030,0.00044855
7031,0.00173433
7032,0.02351755
7033,0.00649516
7034,0.01134263
7035,0.00331518
7036,0.01543417
7037,0.00177795
7038,0.00035325
7039,0.00510119
7040,0.00583987
7041,0.00313328
7042,0.00374518
7043,0.00045131
7044,0.00030871
7045,0.00155043
7046,0.00210411
7047,0.02092228
7048,0.01596001
7049,0.00079507
7050,0.00362652
7051,0.00938636
7052,0.00047377
7053,0.00153588
7054,0.00704611
7055,0.00170631
7056,0.00711006
7057,0.00232191
7058,0.00000211
7059,0.00048091
7060,0.00095293
7061,0.00369479
7062,0.21077584
7063,0.02428232
7064,0.00316073
7065,0.01084272
7066,0.02590552
7067,0.00437793
7068,0.00382475
7069,0.01049313
7070,0.01631771
7071,0.03501042
7072,0.00215255
7073,0.02276495
7074,0.01384936
7075,0.00200142
7076,0.00164816
7077,0.00163264
7078,0.01965723
7079,0.00436530
7080,0.01973209
7081,0.00283812
7082,0.00126163
7083,0.01050851
7084,0.00204698
7085,0.00666009
7086,0.01053440
7087,0.01129807
7088,0.00219973
7089,0.01246774
7090,0.00094048
7091,0.00048169
7092,0.00802378
7093,0.53042355
7094,0.00103698
7095,0.00002306
7096,0.00032530
7097,0.00747698
7098,0.00173565
7099,0.00146122
7100,0.00354151
7101,0.00230277
7102,0.00236263
7103,0.00541336
7104,0.00250703
7105,0.00321713
7106,0.00164219
7107,0.00842504
7108,0.00774683
7109,0.00246584
7110,0.00497400
7111,0.00215174
7112,0.00203050
7113,0.00000222
7114,0.00861773
7115,0.00041264
7116,0.01093986
7117,0.00035648
7118,0.00132441
7119,0.00237592
7120,0.00136368
7121,0.00516277
7122,1.58083472
7123,0.00252059
7124,0.01101001
7125,0.00221579
7126,0.00183032
7127,0.03442755
7128,0.01736153
7129,0.00245581
7130,0.00294900
7131,0.00149916
7132,0.00697087
7133,0.00285624
7134,0.00196467
7135,0.00343147
7136,0.00349923
7137,0.02489568
7138,0.00361238
7139,0.00064831
7140,0.01014402
7141,0.00048974
7142,0.02480761
7143,0.00343416
7144,0.00036177
7145,0.00148742
7146,0.00166011
7147,0.00537707
7148,0.01111458
7149,0.00103110
7150,0.00238763
7151,0.01689568
7152,0.01159798
7153,0.01562978
7154,0.00048128
7155,0.02249522
7156,0.00742539
7157,0.01048921
7158,0.00489578
7159,0.00935959
7160,0.00328927
7161,0.00213239
7162,0.00223716
7163,0.01091341
7164,0.02039623
7165,0.02831662
7166,0.00219897
7167,0.00173126
7168,0.00231418
7169,0.00352655
7170,0.00212536
7171,0.00035614
7172,0.01185198
7173,0.00000443
7174,0.00341368
7175,0.00187432
7176,0.00774191
7177,0.00736418
7178,0.00211799
7179,0.00338654
7180,0.00149791
7181,0.00045582
7182,0.00512962
7183,0.02521436
7184,0.00370946
7185,0.00165398
7186,0.00000616
7187,0.65913778
7188,0.01511590
7189,0.01033749
7190,0.31874728
7191,0.00266677
7192,0.00546504
7193,0.00231466
7194,0.00349767
7195,0.00089536
7196,0.02274795
7197,0.40104170
7198,0.00162633
7199,0.02588979
7200,0.00101404
7201,0.01466882
7202,0.00355368
7203,0.00213023
7204,0.00949154
7205,0.00341176
7206,0.01609951
7207,0.00035468
7208,0.00166054
7209,0.00202724
7210,0.00214787
7211,0.00144141
7212,0.00207631
7213,0.02351684
7214,0.00462380
7215,0.00568834
7216,0.01598596
7217,0.00170742
7218,0.00211390
7219,0.00948427
7220,0.01042090
7221,0.01175084
7222,0.01614163
7223,0.02334987
7224,0.01186947
7225,0.01002735
7226,0.00201666
7227,0.00127216
7228,0.00196287
7229,0.00370582
7230,0.00144032
7231,0.00226053
7232,0.02619008
7233,0.00173715
7234,0.01087889
7235,0.00078493
7236,0.01368436
7237,0.00217347
7238,0.00214585
7239,0.00048945
7240,0.01164993
7241,0.00216414
7242,0.00048732
7243,0.00591371
7244,0.00250266
7245,0.00493929
7246,0.00346047
7247,0.00719211
7248,0.00127027
7249,0.01810368
7250,0.01055961
7251,0.00211222
7252,0.00129980
7253,0.00153147
7254,0.01080513
7255,0.05199303
7256,0.01158019
7257,0.00324751
7258,0.00216707
7259,0.00123107
7260,0.01506573
7261,0.01467266
7262,0.00147147
7263,0.01676836
7264,0.00216860
7265,0.00087427
7266,0.02177666
7267,0.01467300
7268,0.00078231
7269,0.00131755
7270,0.00034743
7271,0.00103035
7272,0.00563938
7273,0.00088390
7274,0.01115555
7275,0.00203936
7276,0.00190941
7277,0.00048226
7278,0.01863317
7279,0.01217505
7280,0.00198617
7281,0.00083811
7282,0.00038558
7283,0.01738546
7284,0.00216213
7285,0.00035390
7286,0.03588234
7287,0.00184590
7288,0.01428552
7289,0.01183515
7290,0.00257445
7291,0.01661504
7292,0.00351027
7293,0.00206519
7294,0.01073094
7295,0.00049793
7296,0.00296663
7297,0.00313945
7298,0.02625103
7299,0.00320782
7300,0.00219533
7301,0.00812884
7302,0.01000691
7303,0.00347791
7304,0.00168298
7305,0.00152812
7306,0.00107251
7307,0.00371927
7308,0.01186611
7309,0.02632648
7310,0.00549909
7311,0.00226111
7312,0.00349313
7313,0.00091094
7314,0.00176531
7315,0.00144663
7316,0.00091260
7317,0.00228873
7318,0.00049378
7319,0.00110019
7320,0.01249974
7321,0.00218797
7322,0.00345110
7323,0.00212987
7324,0.00229846
7325,0.00001901
7326,0.01194007
7327,0.01106414
7328,0.00333526
7329,0.00220793
7330,0.00749462
7331,0.00073439
7332,0.00242202
7333,0.00236888
7334,0.00164466
7335,0.00269048
7336,0.03323004
7337,0.02253739
7338,0.03688937
7339,0.00044388
7340,0.01421841
7341,0.00449859
7342,0.00158800
7343,0.00217378
7344,0.03975707
7345,0.03731026
7346,0.00171760
7347,0.01726658
7348,0.01075508
7349,0.01079731
7350,0.00641964
7351,0.00380699
7352,0.00221562
7353,0.00234696
7354,0.00129592
7355,0.00250513
7356,0.00101016
7357,0.00030376
7358,0.00585540
7359,0.01041587
7360,0.00148055
7361,0.01286415
7362,0.00917838
7363,0.00009351
7364,0.00101781
7365,0.00005906
7366,0.00239488
7367,0.00700973
7368,0.00255757
7369,0.00438765
7370,0.00174507
7371,0.00214466
7372,0.01095763
7373,0.00334859
7374,0.00114402
7375,0.00158680
7376,0.01050456
7377,0.00211473
7378,0.00200420
7379,0.00137573
7380,0.00355411
7381,0.00146787
7382,0.00204659
7383,0.01166395
7384,0.00389527
7385,0.00103847
7386,1.28404676
7387,0.00216365
7388,0.00108689
7389,0.00170665
7390,0.00242147
7391,0.00308673
7392,0.00634521
7393,0.02300557
7394,0.00043052
7395,0.00355692
7396,0.00047993
7397,0.00047017
7398,0.00276048
7399,0.00161384
7400,0.00267425
7401,0.00106852
7402,0.00087227
7403,0.02617873
7404,0.00218913
7405,0.00240420
7406,0.00361493
7407,0.00227026
7408,0.00333322
7409,0.02353644
7410,0.00158247
7411,0.00359535
7412,0.00155151
7413,0.00088707
7414,0.96957009
7415,0.01056167
7416,0.00484113
7417,0.01177963
7418,1.06880351
7419,0.01723696
7420,0.03848349
7421,0.00104418
7422,0.00679572
7423,0.00355040
7424,0.00142979
7425,0.00129716
7426,0.01098373
7427,0.00144428
7428,0.00568839
7429,0.00216104
7430,0.00196236
7431,0.00332593
7432,0.00270498
7433,0.02395801
7434,0.00214676
7435,0.00106876
7436,0.00048581
7437,0.00204016
7438,0.00144201
7439,0.36195710
7440,0.00033428
7441,0.00553174
7442,0.00221100
7443,0.00225579
7444,0.00977562
7445,0.00036979
7446,0.00006046
7447,0.00050638
7448,0.00147116
7449,0.01009264
7450,0.00852280
7451,0.00259212
7452,0.00048034
7453,0.00217353
7454,0.00083113
7455,0.00329259
7456,0.00653340
7457,0.00067874
7458,0.00252906
7459,0.00200914
7460,0.00336289
7461,0.00363300
7462,0.00551471
7463,0.01805756
7464,0.00202465
7465,0.00142333
7466,0.00219659
7467,0.00157477
7468,0.00228255
7469,0.00050087
7470,0.00770181
7471,0.01018158
7472,0.00034789
7473,0.00048022
7474,0.02149464
7475,0.00560224
7476,0.00229927
7477,0.00148556
7478,0.00230531
7479,0.00035015
7480,0.00104204
7481,0.00563326
7482,0.00037680
7483,0.00365922
7484,0.00588864
7485,0.01124357
7486,0.00631804
7487,0.00104886
7488,0.02100621
7489,0.00148932
7490,0.00331379
7491,0.00146689
7492,0.00096527
7493,0.00149906
7494,0.00217925
7495,0.00325586
7496,0.01204432
7497,0.00234587
7498,0.00150906
7499,0.00282504
7500,0.01057297
7501,0.00210933
7502,0.00199922
7503,0.00001519
7504,0.00156581
7505,0.01075727
7506,0.00144100
7507,0.00156147
7508,0.00244112
7509,0.00000235
7510,0.02220883
7511,0.01148980
7512,0.00228967
7513,0.00329784
7514,0.00375912
7515,0.00306796
7516,0.00212595
7517,0.00267187
7518,0.00033281
7519,0.00574174
7520,0.00048078
7521,0.00446674
7522,0.01516798
7523,0.00007060
7524,0.00047971
7525,0.01514773
7526,0.00038560
7527,0.01675435
7528,0.00679212
7529,0.00112394
7530,0.00765683
7531,0.00298299
7532,0.00170248
7533,0.00217662
7534,0.00376531
7535,0.00223022
7536,0.02043965
7537,0.01586900
7538,0.03416518
7539,0.00464301
7540,0.00239534
7541,0.00001663
7542,0.00153060
7543,0.01058032
7544,0.00737716
7545,0.00241466
7546,0.02278560
7547,0.00166951
7548,0.00153512
7549,0.00219856
7550,0.00032680
7551,0.00167379
7552,0.02499486
7553,0.03423929
7554,0.00211702
7555,0.01057311
7556,0.00321284
7557,0.00214814
7558,0.00228058
7559,0.00194707
7560,0.01101329
7561,0.00222136
7562,0.00456503
7563,0.00322181
7564,0.00370268
7565,0.00345003
7566,0.00207380
7567,0.00205352
7568,0.00183043
7569,0.00408646
7570,0.00207660
7571,0.01169296
7572,0.00165752
7573,0.00324780
7574,0.00210696
7575,0.00195053
7576,0.03717500
7577,0.00198501
7578,0.00110410
7579,0.00558235
7580,0.00239619
7581,0.03698428
7582,0.01166500
7583,0.00311270
7584,0.00094761
7585,0.00447113
7586,0.02348467
7587,0.00584208
7588,0.00154108
7589,0.00460371
7590,0.00359550
7591,0.02464919
7592,0.01404889
7593,0.00185511
7594,0.00209203
7595,0.00176101
7596,0.00631947
7597,0.00036764
7598,0.02267648
7599,0.00226393
7600,0.00262539
7601,0.01968030
7602,0.00526412
7603,0.00103590
7604,0.00243016
7605,0.00334358
7606,0.00237238
7607,0.00248907
7608,0.55209359
7609,0.00174702
7610,0.00437484
7611,0.00150280
7612,0.00226769
7613,0.00197083
7614,0.00035027
7615,0.00219931
7616,0.00035140
7617,0.00433057
7618,0.02511714
7619,0.02080739
7620,0.00206659
7621,0.00151755
7622,0.00436575
7623,0.59061923
7624,0.00367732
7625,0.01131027
7626,0.00171734
7627,0.02517811
7628,0.10683287
7629,0.00166257
7630,0.00206257
7631,0.00162091
7632,0.00542550
7633,0.00301917
7634,0.00047034
7635,0.00201358
7636,0.02709175
7637,0.00222371
7638,0.00391149
7639,0.00068822
7640,0.00217203
7641,0.00233066
7642,0.00182140
7643,0.00850818
7644,0.00321945
7645,0.00187929
7646,0.00295212
7647,0.00296861
7648,0.00354172
7649,0.00237548
7650,0.01642154
7651,0.00412706
7652,0.01440700
7653,0.00418295
7654,0.00158401
7655,0.02931883
7656,0.00091903
7657,0.00536994
7658,0.00246730
7659,0.01548365
7660,0.00168084
7661,0.01518082
7662,0.02037279
7663,0.01876046
7664,0.00628794
7665,0.01562626
7666,0.01004485
7667,0.00563463
7668,0.00220182
7669,0.00331587
7670,0.01063876
7671,0.01155244
7672,0.01047189
7673,0.00298297
7674,0.00362496
7675,0.00221774
7676,0.00126009
7677,0.00187132
7678,0.00308271
7679,0.00090931
7680,0.00362929
7681,0.00503830
7682,0.00165212
7683,0.00146725
7684,0.00209144
7685,0.28100769
7686,0.00416937
7687,0.01685896
7688,0.00130078
7689,0.00114359
7690,0.00212912
7691,0.00039918
7692,0.03712144
7693,0.00038058
7694,0.01536561
7695,0.00321811
7696,0.00729924
7697,0.03768505
7698,0.01704417
7699,0.00237877
7700,0.00185422
7701,0.01593050
7702,0.00247798
7703,0.01047086
7704,0.00596911
7705,0.00092444
7706,0.00241053
7707,0.00339649
7708,0.00655004
7709,0.00214601
7710,0.00796774
7711,0.00041479
7712,0.00052074
7713,0.00214958
7714,0.00926105
7715,0.01230429
7716,0.00708307
7717,0.00276472
7718,0.00120455
7719,0.00003764
7720,0.00350198
7721,0.02140519
7722,0.00790406
7723,0.00360875
7724,0.00223643
7725,0.00158195
7726,0.00038952
7727,0.00247247
7728,0.00211272
7729,0.00231969
7730,0.00178095
7731,0.00312025
7732,0.00196876
7733,0.00217301
7734,0.02200151
7735,0.01609860
7736,0.01109754
7737,0.00139655
7738,0.01060940
7739,0.01209515
7740,0.00169671
7741,0.00337866
7742,0.00670381
7743,0.00340440
7744,0.00521765
7745,0.00002099
7746,0.00214074
7747,0.00003713
7748,0.00146624
7749,0.00121779
7750,0.00163813
7751,0.01731186
7752,0.00000961
7753,0.01943292
7754,0.00094198
7755,0.00366455
7756,0.01041505
7757,0.00561835
7758,0.00926117
7759,0.00214234
7760,0.01422446
7761,0.00302073
7762,0.00434690
7763,0.00328262
7764,0.00183993
7765,0.00048441
7766,0.00205423
7767,0.00922351
7768,0.00549509
7769,0.01490563
7770,0.01555321
7771,0.02333560
7772,0.00079538
7773,0.00229041
7774,0.00036274
7775,0.00214491
7776,0.00154793
7777,0.00335622
7778,0.02492003
7779,1.49971898
7780,0.00439450
7781,0.00001007
7782,0.01181742
7783,0.00218622
7784,0.00207520
7785,0.00043369
7786,0.00033462
7787,0.00087841
7788,0.00153704
7789,0.00146080
7790,0.00108240
7791,0.00049345
7792,0.00209326
7793,0.00216000
7794,0.02513186
7795,0.00630439
7796,0.00121854
7797,0.00355026
7798,0.00232146
7799,0.00291170
7800,0.00219164
7801,0.00375031
7802,0.00318803
7803,0.02309521
7804,0.00220436
7805,0.00945028
7806,0.00046768
7807,0.00231596
7808,0.02206418
7809,0.00334469
7810,0.01174190
7811,0.00159250
7812,0.01001830
7813,1.39885179
7814,0.02304165
7815,0.00170476
7816,0.00678731
7817,0.01485676
7818,0.01555275
7819,0.00982483
7820,0.00049971
7821,0.00977370
7822,0.00204976
7823,0.00156726
7824,0.00992362
7825,0.00151767
7826,0.00365053
7827,0.00185413
7828,0.00693744
7829,0.02285182
7830,0.00046546
7831,0.03493329
7832,0.01102324
7833,0.00358688
7834,0.01697688
7835,0.00201684
7836,0.00173733
7837,0.00133796
7838,0.00150085
7839,1.01363328
7840,0.00117439
7841,0.00246316
7842,0.00034899
7843,0.03547663
7844,0.00214747
7845,0.00356827
7846,0.00127456
7847,0.00211574
7848,0.00419780
7849,0.00342718
7850,0.00122724
7851,0.00541626
7852,0.01965054
7853,0.00093164
7854,0.00090846
7855,0.00029298
7856,0.00034552
7857,0.00143805
7858,0.00379097
7859,0.00100570
7860,0.01101867
7861,0.00303801
7862,0.43376414
7863,0.00112235
7864,0.00218205
7865,0.00036562
7866,0.00298949
7867,0.00096355
7868,0.00182304
7869,0.01161186
7870,0.00480446
7871,0.00208600
7872,0.00146016
7873,0.00145549
7874,0.00212023
7875,0.00115446
7876,0.00374773
7877,0.00049152
7878,0.00143851
7879,0.00560246
7880,0.00001240
7881,0.00274458
7882,0.00269748
7883,0.00319799
7884,0.00358185
7885,0.01569088
7886,0.00161412
7887,0.01013857
7888,0.00103519
7889,0.02427135
7890,0.00180941
7891,0.00101106
7892,0.00203233
7893,0.00155201
7894,0.00032835
7895,0.01483956
7896,0.00233118
7897,0.00230041
7898,0.00224573
7899,0.00586851
7900,0.00048854
7901,0.00009754
7902,0.00183922
7903,0.00079231
7904,0.02688664
7905,0.00890219
7906,0.02678915
7907,0.00240031
7908,0.00046839
7909,0.03751080
7910,0.00100767
7911,0.00249420
7912,0.00246388
7913,0.00044397
7914,0.00146710
7915,0.00040054
7916,0.00077838
7917,0.00216624
7918,0.00207164
7919,0.00046144
7920,0.02385103
7921,0.00232549
7922,0.02117331
7923,0.01137829
7924,0.00038387
7925,0.07763890
7926,0.56423782
7927,0.00383581
7928,0.00809281
7929,0.00199687
7930,0.00175391
7931,0.00672194
7932,0.00688509
7933,0.00041294
7934,0.02365118
7935,0.02304841
7936,0.00190172
7937,0.01030333
7938,0.02527129
7939,0.01033122
7940,0.01504503
7941,0.00040591
7942,0.00098625
7943,0.00177210
7944,0.00153053
7945,0.00089177
7946,0.00088604
7947,0.00341645
7948,0.00043704
7949,0.03908505
7950,0.00531714
7951,0.00529191
7952,0.00045228
7953,0.00147174
7954,0.00347454
7955,0.00085664
7956,0.00354595
7957,0.02866344
7958,0.00234232
7959,0.00198723
7960,0.00400153
7961,0.00042815
7962,0.00231755
7963,0.00046746
7964,0.00816842
7965,0.00194049
7966,0.00226001
7967,0.01724085
7968,0.00198854
7969,0.01688106
7970,0.00713039
7971,0.00038799
7972,0.00195804
7973,0.00250320
7974,0.00178028
7975,0.01479124
7976,0.00784900
7977,0.00033778
7978,0.01626154
7979,0.00329652
7980,0.00191785
7981,0.00008788
7982,0.00478645
7983,0.01658790
7984,0.02752227
7985,0.00362851
7986,0.00159740
7987,0.00094663
7988,0.00047522
7989,0.00236395
7990,0.00171179
7991,0.00035039
7992,0.00042260
7993,0.00227774
7994,0.00235094
7995,0.00267687
7996,0.00216564
7997,0.00229286
7998,0.00001386
7999,0.02957414
8000,0.00520604
8001,0.00206803
8002,0.00718528
8003,0.00230854
8004,0.00166355
8005,0.00048145
8006,0.00729203
8007,0.00091664
8008,0.00242116
8009,0.00191042
8010,0.00866185
8011,0.00165567
8012,0.02895577
8013,0.00046549
8014,0.00143408
8015,0.00393839
8016,0.00616895
8017,0.00131674
8018,0.00044142
8019,0.00138396
8020,0.00034216
8021,0.01154598
8022,0.02159367
8023,0.00227843
8024,0.00168203
8025,0.00288956
8026,0.00726864
8027,0.00356142
8028,0.00329612
8029,0.01164734
8030,0.00335622
8031,0.00236005
8032,0.00797368
8033,0.00476346
8034,0.00220461
8035,0.03411016
8036,0.00952775
8037,0.00936937
8038,0.00371311
8039,0.00781270
8040,0.00145001
8041,0.01077659
8042,0.00268813
8043,0.00454923
8044,0.01074566
8045,0.00217750
8046,0.00563523
8047,0.00167927
8048,0.00031379
8049,0.00361269
8050,0.00090343
8051,0.00046238
8052,0.01688859
8053,0.01017605
8054,0.00223850
8055,0.01505214
8056,0.00141364
8057,0.00174202
8058,0.02385559
8059,0.00210338
8060,0.00107758
8061,0.00031232
8062,0.00032702
8063,0.00347832
8064,0.00240106
8065,0.00305092
8066,0.01120391
8067,0.00107459
8068,0.06617513
8069,0.00005420
8070,0.01058837
8071,0.00193757
8072,0.00754725
8073,0.02364960
8074,0.00042862
8075,0.02378468
8076,0.00699690
8077,0.00048841
8078,0.00215661
8079,0.00215268
8080,0.00175560
8081,0.00210199
8082,0.02682561
8083,0.01474185
8084,0.02547666
8085,0.00410405
8086,0.01032800
8087,0.00028944
8088,0.14241455
8089,0.00203077
8090,0.00333517
8091,0.00152090
8092,0.00033712
8093,0.00318337
8094,0.00311031
8095,0.01085331
8096,0.01022488
8097,0.00247506
8098,0.00226089
8099,0.00693071
8100,0.02697390
8101,0.00038398
8102,0.03075775
8103,0.00138797
8104,0.00298690
8105,0.01059783
8106,0.00999749
8107,0.00173180
8108,0.00972397
8109,0.01132907
8110,0.00566347
8111,0.00170132
8112,0.00160075
8113,0.00103685
8114,0.01019076
8115,0.01987416
8116,0.02586727
8117,0.00324571
8118,0.00219779
8119,0.00331582
8120,0.00985723
8121,0.00029864
8122,0.01675776
8123,0.01054817
8124,0.02008047
8125,0.00101256
8126,0.00224601
8127,0.00226364
8128,0.00181255
8129,0.00357413
8130,0.00502089
8131,0.00032043
8132,0.01817343
8133,0.00703526
8134,0.00230768
8135,0.01028304
8136,0.02496752
8137,0.01116549
8138,0.00048536
8139,0.00329607
8140,0.00749983
8141,0.00370079
8142,0.00222741
8143,0.01120774
8144,0.00991569
8145,0.00358859
8146,0.00205675
8147,0.00231890
8148,0.00171324
8149,0.02506313
8150,0.01127650
8151,0.01154195
8152,0.00204044
8153,0.00362609
8154,0.00000620
8155,0.01414249
8156,0.00460646
8157,0.01489257
8158,0.00205383
8159,0.01077096
8160,0.00220040
8161,0.00154923
8162,0.00289670
8163,0.00241910
8164,0.01615020
8165,0.00000189
8166,0.00172748
8167,0.01557312
8168,0.00223894
8169,0.00120443
8170,0.01993653
8171,0.02241248
8172,0.01156005
8173,0.00226808
8174,0.00215158
8175,0.00691877
8176,0.00182631
8177,0.00614145
8178,0.03063831
8179,0.00177475
8180,0.00353575
8181,0.01209180
8182,0.00181227
8183,0.00721014
8184,0.01620210
8185,0.01212152
8186,0.00212820
8187,0.01081139
8188,0.00222989
8189,0.00236165
8190,0.00190319
8191,0.03147313
8192,0.00657547
8193,0.54277808
8194,0.00229256
8195,0.00225254
8196,0.00258779
8197,0.00196278
8198,0.01594579
8199,0.00253234
8200,0.00049390
8201,0.00306113
8202,0.00345207
8203,0.06096154
8204,0.01760062
8205,0.02585152
8206,0.00199636
8207,0.00129429
8208,0.00206487
8209,0.00565676
8210,0.01071281
8211,0.00206262
8212,0.00302019
8213,0.00355594
8214,0.00310173
8215,0.00100819
8216,0.00034786
8217,1.22656975
8218,0.00175552
8219,0.00654238
8220,0.00243464
8221,0.00355402
8222,0.00224282
8223,0.00216853
8224,0.01562770
8225,0.00087167
8226,0.03476178
8227,0.00165982
8228,0.00355282
8229,0.00174546
8230,0.00182687
8231,0.00000543
8232,0.00983941
8233,0.00177655
8234,0.00219023
8235,0.00231508
8236,0.00199522
8237,0.00148481
8238,0.00117222
8239,0.02670351
8240,0.01086257
8241,0.06634393
8242,0.00219669
8243,0.05932431
8244,0.00216673
8245,0.01656479
8246,0.00250049
8247,0.01915931
8248,0.00233736
8249,0.00238687
8250,0.00353469
8251,0.00784139
8252,0.01175070
8253,0.00037000
8254,0.00199543
8255,0.02742141
8256,0.00306392
8257,0.01625032
8258,0.00048394
8259,0.03254881
8260,0.02230855
8261,0.00087417
8262,0.00205976
8263,0.02171444
8264,0.01868792
8265,0.00239983
8266,0.01064055
8267,0.00333097
8268,0.01122174
8269,0.00344172
8270,0.02628456
8271,0.02192529
8272,0.00030613
8273,0.00123319
8274,0.02664639
8275,0.00139521
8276,0.00463185
8277,0.01451052
8278,0.00328072
8279,0.00348059
8280,0.02835125
8281,0.00161803
8282,0.00162850
8283,0.00033251
8284,0.00163922
8285,0.02383464
8286,0.00222519
8287,0.00042805
8288,0.00366452
8289,0.00340144
8290,0.00000538
8291,0.00213730
8292,0.00014481
8293,0.00277346
8294,0.00000136
8295,0.00232630
8296,0.00149702
8297,0.00134041
8298,0.00148237
8299,0.01185309
8300,0.00096219
8301,0.00360178
8302,0.02146135
8303,0.00159245
8304,0.00046790
8305,0.00208145
8306,0.00034800
8307,0.01000313
8308,0.00149856
8309,0.01519687
8310,0.00238950
8311,0.00211011
8312,0.00258273
8313,0.00391339
8314,0.00236800
8315,0.00038460
8316,0.01051260
8317,0.00364144
8318,0.02133237
8319,0.00047736
8320,0.00731025
8321,0.02576717
8322,0.00571547
8323,0.00085782
8324,0.03853164
8325,0.00149580
8326,0.00167013
8327,0.00000362
8328,0.00094889
8329,0.00183013
8330,0.01888319
8331,0.00167921
8332,0.00201670
8333,0.00191964
8334,0.00311938
8335,0.00294542
8336,0.00595721
8337,0.00179222
8338,0.01117384
8339,0.02293216
8340,0.00043239
8341,0.00364803
8342,0.00046760
8343,0.00359364
8344,0.03317895
8345,0.00324520
8346,0.00384996
8347,0.00085636
8348,0.00250455
8349,0.00146978
8350,0.00052135
8351,0.00179240
8352,0.02053037
8353,0.00221016
8354,0.00929842
8355,0.00041558
8356,0.00282385
8357,0.00124836
8358,0.00358302
8359,0.00452154
8360,0.01123838
8361,0.00976727
8362,0.00164509
8363,0.01260183
8364,0.00162815
8365,0.00223054
8366,0.00169861
8367,0.02121197
8368,0.00320150
8369,0.01784692
8370,0.00093508
8371,0.00159779
8372,0.00331240
8373,0.00150953
8374,0.00747639
8375,0.00579660
8376,0.00434980
8377,0.97224088
8378,0.00845578
8379,0.00162206
8380,0.00147938
8381,0.00082003
8382,0.00214942
8383,0.00489549
8384,0.00046234
8385,0.00250818
8386,0.00078168
8387,0.00240446
8388,0.00184797
8389,0.00104831
8390,0.00212808
8391,0.01109954
8392,0.01949797
8393,0.00944544
8394,0.00174996
8395,0.00028960
8396,0.02175391
8397,0.00227018
8398,0.00203708
8399,0.00940474
8400,0.00464722
8401,0.00554099
8402,0.00281333
8403,0.00704136
8404,0.00466749
8405,0.00273631
8406,0.00378865
8407,0.00376983
8408,0.00223771
8409,0.00084221
8410,0.00151879
8411,0.00049655
8412,0.24498665
8413,0.00371745
8414,0.00364058
8415,0.00258939
8416,0.00339111
8417,0.00382365
8418,0.00372668
8419,0.00071218
8420,0.01115235
8421,0.00171994
8422,0.00116319
8423,0.00153569
8424,0.00001800
8425,0.01034838
8426,0.00832855
8427,0.00216046
8428,0.02700819
8429,0.00038261
8430,0.00096602
8431,0.01074175
8432,0.02339523
8433,0.00363723
8434,0.00035733
8435,0.00171683
8436,0.00822413
8437,0.00246474
8438,0.06205006
8439,0.00534626
8440,0.01493011
8441,0.00085516
8442,0.01727956
8443,0.00112156
8444,0.02901538
8445,0.01523858
8446,0.00039300
8447,0.00106162
8448,0.00351967
8449,0.01528873
8450,0.00156249
8451,0.01448769
8452,0.00348030
8453,0.00000170
8454,0.00232834
8455,0.00107015
8456,0.03802397
8457,0.00256970
8458,0.00568948
8459,0.00321764
8460,0.00178458
8461,0.00848056
8462,0.00150508
8463,0.00106460
8464,0.00194902
8465,0.00312191
8466,0.02589202
8467,0.01898993
8468,0.01217123
8469,0.01969161
8470,0.61136859
8471,0.00440447
8472,0.00163467
8473,0.01214198
8474,0.01016531
8475,0.00714808
8476,0.00219803
8477,0.00328133
8478,0.00084038
8479,0.00160619
8480,0.00329617
8481,0.02426037
8482,0.00212943
8483,0.00379577
8484,0.00472518
8485,0.00050581
8486,0.00256284
8487,0.01619222
8488,0.00730559
8489,0.00151107
8490,0.00329521
8491,0.00105244
8492,0.01407098
8493,0.01512162
8494,0.01233893
8495,0.00177272
8496,0.00223191
8497,0.00111213
8498,0.01606943
8499,0.00160522
8500,0.00678942
8501,0.01028814
8502,0.01591741
8503,0.00256905
8504,0.00202751
8505,0.00220817
8506,0.00370285
8507,0.00213242
8508,0.00319382
8509,0.00074688
8510,0.00357477
8511,0.00206506
8512,0.00275692
8513,0.00314453
8514,0.00038257
8515,0.00257187
8516,0.00034586
8517,0.00344380
8518,0.02782565
8519,0.01153657
8520,0.00377296
8521,0.00038632
8522,0.00194735
8523,0.00166632
8524,0.00165565
8525,0.00215846
8526,0.00215937
8527,0.00206553
8528,0.01196304
8529,0.00583524
8530,0.00048722
8531,0.00223608
8532,0.00238028
8533,0.00169211
8534,0.00094712
8535,0.00043184
8536,0.00224018
8537,0.00433053
8538,0.00200436
8539,0.00310634
8540,0.00182985
8541,0.00226060
8542,0.00196897
8543,0.00252534
8544,0.01594738
8545,0.00215740
8546,0.02104116
8547,0.00152831
8548,0.01162089
8549,0.00127031
8550,0.03191056
8551,0.00426951
8552,0.00235214
8553,0.00376129
8554,0.00056405
8555,0.01570759
8556,0.00032147
8557,0.01105514
8558,0.00293975
8559,0.00355339
8560,0.00043358
8561,0.00000074
8562,0.00033046
8563,0.00342155
8564,0.01063085
8565,0.00224113
8566,0.00091748
8567,0.00180548
8568,0.00435184
8569,0.00038257
8570,0.00166286
8571,0.02268668
8572,0.02075165
8573,0.00213490
8574,0.00630116
8575,0.01166083
8576,0.00181850
8577,0.01045691
8578,0.00091145
8579,0.01996532
8580,0.00047713
8581,0.01526708
8582,0.00773386
8583,0.00685183
8584,0.00117335
8585,0.01029570
8586,0.00216126
8587,0.00720083
8588,0.01034381
8589,0.02764809
8590,0.00146904
8591,0.06282954
8592,0.01730421
8593,0.00334822
8594,0.01125719
8595,0.00161605
8596,0.00355785
8597,0.00342501
8598,0.00171234
8599,0.00171005
8600,0.00211456
8601,0.01089334
8602,0.00000459
8603,0.00161766
8604,0.02129290
8605,0.00467782
8606,0.01125948
8607,0.00153734
8608,0.00202645
8609,0.00107005
8610,0.00346346
8611,0.00341116
8612,0.00124281
8613,0.01103611
8614,0.00037934
8615,0.00161816
8616,0.00749237
8617,0.00300334
8618,0.01939309
8619,0.00079142
8620,0.00610526
8621,0.00084792
8622,0.00284433
8623,0.03576429
8624,0.00419682
8625,0.00293022
8626,0.00351544
8627,0.00167427
8628,0.00147460
8629,1.53360407
8630,0.00202906
8631,0.01136686
8632,0.02596199
8633,0.01187862
8634,0.00321724
8635,0.00237963
8636,0.02477209
8637,0.00031984
8638,0.00422081
8639,0.00224903
8640,0.00679675
8641,0.00218876
8642,0.00177617
8643,0.01158075
8644,0.02573705
8645,0.03465758
8646,0.00221131
8647,0.00715379
8648,0.00210400
8649,0.00090390
8650,0.00449699
8651,0.00030239
8652,0.01049294
8653,0.00205234
8654,0.00242847
8655,0.00447890
8656,0.00353310
8657,0.00320756
8658,0.01004467
8659,0.03499401
8660,0.00307869
8661,0.01217312
8662,0.00049034
8663,0.00221733
8664,0.01670294
8665,0.00176908
8666,0.02187566
8667,0.00227508
8668,0.00094554
8669,0.01183455
8670,0.00094953
8671,0.01404339
8672,0.01096175
8673,0.00176453
8674,0.00583271
8675,0.00176909
8676,0.00374943
8677,0.01642031
8678,0.00167878
8679,0.00160338
8680,0.00093266
8681,0.00536437
8682,0.00150469
8683,0.00244295
8684,0.00230886
8685,0.02522387
8686,0.01119053
8687,0.00707348
8688,0.00038618
8689,0.00302366
8690,0.00207723
8691,0.03624599
8692,0.00210370
8693,0.00246896
8694,0.00222102
8695,0.00218226
8696,0.01430493
8697,0.00279280
8698,0.01189780
8699,0.01545367
8700,0.01496080
8701,0.00780433
8702,0.01049490
8703,0.00034227
8704,0.00169196
8705,0.01095942
8706,0.00226758
8707,0.00223782
8708,0.02183240
8709,0.00165171
8710,0.00230546
8711,0.00215195
8712,0.00370155
8713,0.00227499
8714,0.00229101
8715,0.00166148
8716,0.02448393
8717,0.02955538
8718,0.01046548
8719,0.01148086
8720,0.00226282
8721,0.01178482
8722,0.00010489
8723,0.00213459
8724,0.00072493
8725,0.00160270
8726,0.00152857
8727,0.02389191
8728,0.01732674
8729,0.00034044
8730,0.00363511
8731,0.00217579
8732,0.00044426
8733,0.00098111
8734,0.01988689
8735,0.02107295
8736,0.01994970
8737,0.01544790
8738,0.00186209
8739,0.00335109
8740,0.01055688
8741,0.00344391
8742,0.00588478
8743,0.03713684
8744,0.01074080
8745,0.00193963
8746,0.00036763
8747,0.01091581
8748,0.01797109
8749,0.00110593
8750,0.01423369
8751,0.00112801
8752,0.02257426
8753,0.02671451
8754,0.01563857
8755,0.00222522
8756,0.00629557
8757,0.00130014
8758,0.00064585
8759,0.03922320
8760,0.02305162
8761,0.00165596
8762,0.01499776
8763,0.03575314
8764,0.01583126
8765,0.00228562
8766,0.00184460
8767,0.00192832
8768,0.01021687
8769,0.00236622
8770,0.01477465
8771,0.00225007
8772,0.00266563
8773,0.00033057
8774,0.00234321
8775,0.00514532
8776,0.00625159
8777,0.00031547
8778,0.00518242
8779,0.00108448
8780,0.00203055
8781,0.01660590
8782,0.00047420
8783,0.00521628
8784,0.01123859
8785,0.00091497
8786,0.00157826
8787,0.00321017
8788,0.00097027
8789,0.00467647
8790,0.02470917
8791,0.01133102
8792,0.02664068
8793,0.00259159
8794,0.00217597
8795,0.01037010
8796,0.01138011
8797,0.01121416
8798,0.01056328
8799,0.00234263
8800,0.00455344
8801,0.00324149
8802,0.01692698
8803,0.00231448
8804,0.00236282
8805,0.00340163
8806,0.00395943
8807,0.02358087
8808,0.00588058
8809,0.02583389
8810,0.00086976
8811,0.00879741
8812,0.00157127
8813,0.00548527
8814,0.03172355
8815,0.02124033
8816,0.01010245
8817,0.00354699
8818,0.00213656
8819,0.00740085
8820,0.01231112
8821,0.00064720
8822,0.00185816
8823,0.00349552
8824,0.00214008
8825,0.00321327
8826,0.01795231
8827,0.00158748
8828,0.02179735
8829,0.00318305
8830,0.07020100
8831,0.64690067
8832,0.02365509
8833,0.00222438
8834,0.00206491
8835,0.01214455
8836,0.00225773
8837,0.01191463
8838,0.00127378
8839,0.00162834
8840,0.02644892
8841,0.00103674
8842,0.00345377
8843,0.00617957
8844,0.00881594
8845,0.00218961
8846,0.00326564
8847,0.00171644
8848,0.00063021
8849,0.00000831
8850,0.02408766
8851,0.00216799
8852,0.02443316
8853,0.00146739
8854,0.00270019
8855,0.02344218
8856,0.00565634
8857,0.02405354
8858,0.00230459
8859,0.00138191
8860,0.00188997
8861,0.00116615
8862,0.03830761
8863,0.01543436
8864,0.00279848
8865,0.01636156
8866,0.00221218
8867,0.01694218
8868,0.00305027
8869,0.00138265
8870,0.01143698
8871,0.03210118
8872,0.00087496
8873,0.00346692
8874,0.00105925
8875,0.00304446
8876,0.00319738
8877,0.03933386
8878,0.02364448
8879,0.00046447
8880,0.02223630
8881,0.00105517
8882,0.00001520
8883,0.02321661
8884,0.00362368
8885,0.00036903
8886,0.01180812
8887,0.00204285
8888,0.00320898
8889,0.00045148
8890,0.00076499
8891,0.00245290
8892,0.00147266
8893,0.00147757
8894,0.00688167
8895,0.00217047
8896,0.00344267
8897,0.00182116
8898,0.01198189
8899,0.00084608
8900,0.00037077
8901,0.00302746
8902,0.00372203
8903,0.00225125
8904,0.01502386
8905,0.00325719
8906,0.00056322
8907,0.00097883
8908,0.00124475
8909,0.01700001
8910,0.00157009
8911,0.00161868
8912,0.00036080
8913,0.03377971
8914,0.00236482
8915,0.00312539
8916,0.01556652
8917,0.00170759
8918,0.00521213
8919,0.01658334
8920,0.00162029
8921,0.00134935
8922,0.01636786
8923,0.00526401
8924,0.00408741
8925,0.00299367
8926,0.00239819
8927,0.00172255
8928,0.01385037
8929,0.00212274
8930,0.00118879
8931,0.01612717
8932,0.00242165
8933,0.00230294
8934,0.00142254
8935,0.00771478
8936,0.00328769
8937,0.00134744
8938,0.00372651
8939,0.00187145
8940,0.02187695
8941,0.00211100
8942,0.01850463
8943,0.00189470
8944,0.00221824
8945,0.00536490
8946,0.00334647
8947,0.02704942
8948,0.00372201
8949,0.00230610
8950,0.01606783
8951,0.00047702
8952,0.00240962
8953,0.00283439
8954,0.01575051
8955,0.00187987
8956,0.00501612
8957,0.00160368
8958,0.00826893
8959,0.00232682
8960,0.00260358
8961,0.00219365
8962,0.00167793
8963,0.00262875
8964,0.00373855
8965,0.03516809
8966,0.00990644
8967,0.00275206
8968,0.00360846
8969,0.00431830
8970,0.00382819
8971,0.00207027
8972,0.00033401
8973,0.01541123
8974,0.00631873
8975,0.00332571
8976,0.00094100
8977,0.00177496
8978,0.00561442
8979,0.00219959
8980,0.00296965
8981,0.00665355
8982,0.02041973
8983,0.00200934
8984,0.00094373
8985,0.00747023
8986,0.00155057
8987,0.00235718
8988,0.03386739
8989,0.00194210
8990,0.00000242
8991,0.03089629
8992,0.00038905
8993,0.00000013
8994,0.01095750
8995,0.02699210
8996,0.00044621
8997,0.01437725
8998,0.00150518
8999,0.00261483
9000,0.00170577
9001,0.00323313
9002,0.00037792
9003,0.00152690
9004,0.00142827
9005,0.01109199
9006,0.01049525
9007,0.00863160
9008,0.00145896
9009,0.00993634
9010,0.00144783
9011,0.00332510
9012,0.01526109
9013,0.00160495
9014,0.00775412
9015,0.00155964
9016,0.02795297
9017,0.00742737
9018,0.00363643
9019,0.00347225
9020,0.01114519
9021,0.00997603
9022,0.00248454
9023,0.00165953
9024,0.00678871
9025,0.02489496
9026,0.02644053
9027,0.00284071
9028,0.00338940
9029,0.00233720
9030,0.00348827
9031,0.00103681
9032,0.00040054
9033,0.03406656
9034,0.00090491
9035,0.03674630
9036,0.00168135
9037,0.02221427
9038,0.00344293
9039,0.00009091
9040,0.00154535
9041,0.00771608
9042,0.00085689
9043,0.00225124
9044,0.00170915
9045,0.00345633
9046,0.00146172
9047,0.00750278
9048,0.01060230
9049,0.00235567
9050,0.00153407
9051,0.00142210
9052,0.00711098
9053,0.00990277
9054,0.00173287
9055,0.00010871
9056,0.01181100
9057,0.00152431
9058,0.00125728
9059,0.00175785
9060,0.00198222
9061,0.00703964
9062,0.00395945
9063,0.00171102
9064,0.00014724
9065,0.00313408
9066,0.00091486
9067,0.00200152
9068,0.00223456
9069,0.00315039
9070,0.00047270
9071,0.02094196
9072,0.00034201
9073,0.00094018
9074,0.00236248
9075,0.01009706
9076,0.01160314
9077,0.00374144
9078,0.00214077
9079,0.00143111
9080,0.00132462
9081,0.00560297
9082,0.00229208
9083,0.02560163
9084,0.00250016
9085,0.00170304
9086,0.00212935
9087,0.02948978
9088,0.01126875
9089,0.00359692
9090,0.01083828
9091,0.00939972
9092,0.02311136
9093,0.01719315
9094,0.00159100
9095,0.00206805
9096,0.01021978
9097,0.00231454
9098,0.00178092
9099,0.00155577
9100,0.01061669
9101,0.00315932
9102,0.00723098
9103,0.00160125
9104,0.00577474
9105,0.00926842
9106,0.00604445
9107,0.01026774
9108,0.00258179
9109,0.02734473
9110,0.00671577
9111,0.02183897
9112,0.00750724
9113,0.00051268
9114,0.00169534
9115,0.00393718
9116,0.01095091
9117,0.00170853
9118,0.00077954
9119,0.01181070
9120,0.01495853
9121,0.00235128
9122,0.00171316
9123,0.00238932
9124,0.01509285
9125,0.00062483
9126,0.01370016
9127,0.00042830
9128,0.00094632
9129,0.00545117
9130,0.00249783
9131,0.00242333
9132,0.00316677
9133,0.00220532
9134,0.00147621
9135,0.00204526
9136,0.00921504
9137,0.00215101
9138,0.00047870
9139,0.00754379
9140,0.00226047
9141,0.00359693
9142,0.00206022
9143,0.01163847
9144,0.00751649
9145,0.01193884
9146,0.00158938
9147,0.00213682
9148,0.00201143
9149,0.00388586
9150,0.00386370
9151,0.00726294
9152,0.00217090
9153,0.00151486
9154,0.00801517
9155,0.00035306
9156,0.00414905
9157,0.01083354
9158,0.01231314
9159,0.00416126
9160,0.00000453
9161,0.00323236
9162,0.01802070
9163,0.00352750
9164,0.00070768
9165,0.00339779
9166,0.00000220
9167,0.00905116
9168,0.00176278
9169,0.01017467
9170,0.00231745
9171,0.00230949
9172,0.00002465
9173,0.00320949
9174,0.00137876
9175,0.01163174
9176,0.00145679
9177,0.03808123
9178,0.00092888
9179,0.02521175
9180,0.00393029
9181,0.00064473
9182,0.00180377
9183,0.00155886
9184,0.00007803
9185,0.45355127
9186,0.00877072
9187,0.01107463
9188,0.00192037
9189,0.00172431
9190,0.01595879
9191,0.00608518
9192,0.00225330
9193,0.00262290
9194,0.00374934
9195,0.00033605
9196,0.00917083
9197,0.00210120
9198,0.00245289
9199,0.00046177
9200,0.01199445
9201,0.00279259
9202,0.00047742
9203,0.00612759
9204,0.00226430
9205,0.00142410
9206,0.00136652
9207,0.00176737
9208,0.00897718
9209,0.00222775
9210,0.00002834
9211,0.00825827
9212,0.00258719
9213,0.00341684
9214,0.00198816
9215,0.00177609
9216,0.02485657
9217,0.00405983
9218,0.00343770
9219,0.00187005
9220,0.03424527
9221,0.00127437
9222,0.26519245
9223,0.01706090
9224,0.00120625
9225,0.00389077
9226,0.00225970
9227,0.00852619
9228,0.00223013
9229,0.00088776
9230,0.00452955
9231,0.00233516
9232,0.00107372
9233,0.00132843
9234,0.00097645
9235,0.00230733
9236,0.00355443
9237,0.01080064
9238,0.00034805
9239,0.00208303
9240,0.00123948
9241,0.01074753
9242,0.00328212
9243,0.00012193
9244,0.00351910
9245,0.00998803
9246,0.00399290
9247,0.00500333
9248,0.00153487
9249,0.00260735
9250,0.00171274
9251,0.00218095
9252,0.00137214
9253,0.00151652
9254,0.00342028
9255,0.00078230
9256,0.00000322
9257,0.03606358
9258,0.00079993
9259,0.00258909
9260,0.00203150
9261,0.00381728
9262,0.00744243
9263,0.00172988
9264,0.00689520
9265,0.01192739
9266,0.00224515
9267,0.02390965
9268,0.00678291
9269,0.00093422
9270,0.00266027
9271,0.02358401
9272,0.00212868
9273,0.00317011
9274,0.00223431
9275,0.01286880
9276,0.00728541
9277,0.01060308
9278,0.00197974
9279,0.00222166
9280,0.00492670
9281,0.00035123
9282,0.00032606
9283,0.00382711
9284,0.00054130
9285,0.01742450
9286,0.01139455
9287,0.00348747
9288,0.00280591
9289,0.00092818
9290,0.00345428
9291,0.01643385
9292,0.00265181
9293,0.02436897
9294,0.00417621
9295,0.00049143
9296,0.00217974
9297,0.00070595
9298,0.00000926
9299,0.00250878
9300,0.00038595
9301,0.00202795
9302,0.00089992
9303,0.00034254
9304,0.00306371
9305,0.00310545
9306,0.01195719
9307,0.00352907
9308,0.00177009
9309,0.00332936
9310,0.00358824
9311,0.02367456
9312,0.00237711
9313,0.00453680
9314,0.00656954
9315,0.00233770
9316,0.00222113
9317,0.00041413
9318,0.00340271
9319,0.00225638
9320,0.01138682
9321,0.00227446
9322,0.00000355
9323,0.00212437
9324,0.00317966
9325,0.00267735
9326,0.00090377
9327,0.00645514
9328,0.00146387
9329,0.00433109
9330,0.00038321
9331,0.00046728
9332,0.00202103
9333,0.00643531
9334,0.00238314
9335,0.00032002
9336,0.00085406
9337,0.00402410
9338,0.00147100
9339,0.00154065
9340,0.00938167
9341,0.01067189
9342,0.01388811
9343,0.03334966
9344,0.00388470
9345,0.03544917
9346,0.00323504
9347,0.00685609
9348,0.00379512
9349,0.01012878
9350,0.00197679
9351,0.00032208
9352,0.00323416
9353,0.00993712
9354,0.00127066
9355,0.00363252
9356,0.00376217
9357,0.00484345
9358,0.00109108
9359,0.00163779
9360,0.00361434
9361,0.00168234
9362,0.00182625
9363,0.00106077
9364,0.00220688
9365,0.02929510
9366,0.00974697
9367,0.00234232
9368,0.00167260
9369,0.00372371
9370,0.00263163
9371,0.00090377
9372,0.00229389
9373,0.01256494
9374,0.13174487
9375,0.00093149
9376,0.00228212
9377,0.01737759
9378,0.00375506
9379,0.00190953
9380,0.01822577
9381,0.00212973
9382,0.00000222
9383,0.02081285
9384,0.00210387
9385,0.70641189
9386,0.00537889
9387,0.00046330
9388,0.00145536
9389,0.55301442
9390,0.00139780
9391,0.00606519
9392,0.02517899
9393,0.00136431
9394,0.00165309
9395,0.01002676
9396,0.01664108
9397,0.00047033
9398,0.01259060
9399,0.00145505
9400,0.00160894
9401,0.00147390
9402,0.00048128
9403,0.00226678
9404,0.00877063
9405,0.00146768
9406,0.00193960
9407,0.02301437
9408,0.00155073
9409,0.00183012
9410,0.00121826
9411,0.00166792
9412,0.03317054
9413,0.00173017
9414,0.00068099
9415,0.00149835
9416,0.00375288
9417,0.64764954
9418,0.00049131
9419,0.00001529
9420,0.00039494
9421,0.01068097
9422,0.00110219
9423,0.00037261
9424,0.00192794
9425,0.01527111
9426,0.00214497
9427,0.00085243
9428,0.00141470
9429,0.00615812
9430,0.00079533
9431,0.00143375
9432,0.02505958
9433,0.00158508
9434,0.00319571
9435,0.00570099
9436,0.00019014
9437,0.01571030
9438,0.00142796
9439,0.00051379
9440,0.00349203
9441,0.00177714
9442,0.00233989
9443,0.01413010
9444,0.00092146
9445,0.00355447
9446,0.00234147
9447,0.00531222
9448,0.00258356
9449,0.00829861
9450,0.01540998
9451,0.00299005
9452,0.00217845
9453,0.00319568
9454,0.00474765
9455,0.00146031
9456,0.00297954
9457,0.00215181
9458,0.00209043
9459,0.00314979
9460,0.00187297
9461,0.00120595
9462,0.00039057
9463,0.00030625
9464,0.00046620
9465,0.00191351
9466,0.00186455
9467,0.00177525
9468,0.02030670
9469,0.00287801
9470,0.00958263
9471,0.03370142
9472,0.00202356
9473,0.00320234
9474,0.00222266
9475,0.00090008
9476,0.02715836
9477,0.08287953
9478,0.00210231
9479,0.00033600
9480,0.00011218
9481,0.00211340
9482,0.00591683
9483,0.00045331
9484,0.00101340
9485,0.04908678
9486,0.00177471
9487,0.00001055
9488,0.00232749
9489,0.00601965
9490,0.54229656
9491,0.03660715
9492,0.00147368
9493,0.00102901
9494,0.00040002
9495,0.00290583
9496,0.01169075
9497,0.01615654
9498,0.00310865
9499,0.00212712
9500,0.01027776
9501,0.00327191
9502,0.00268734
9503,0.00229592
9504,0.01133972
9505,0.00357800
9506,0.01104776
9507,0.00000066
9508,0.00108644
9509,0.02576484
9510,0.00182584
9511,0.00046501
9512,0.03167447
9513,0.02746407
9514,0.00045135
9515,0.00169612
9516,0.00161279
9517,0.00219755
9518,0.00040397
9519,0.03503634
9520,0.00048351
9521,0.00205287
9522,0.01517809
9523,0.00541244
9524,0.03153078
9525,0.00170281
9526,0.01615505
9527,0.00904138
9528,0.01872900
9529,0.01067633
9530,0.00343228
9531,0.00000016
9532,0.00179061
9533,0.00000084
9534,0.00781146
9535,0.00033239
9536,0.00376973
9537,0.00078310
9538,0.00034416
9539,0.00580887
9540,0.00215378
9541,0.01261079
9542,0.01610571
9543,0.00156550
9544,0.00223103
9545,0.01148524
9546,0.01025044
9547,0.00216086
9548,0.02444631
9549,0.00242679
9550,0.00046297
9551,0.01661680
9552,0.00048810
9553,0.00705782
9554,0.00201888
9555,0.00155100
9556,0.00048775
9557,0.02506284
9558,0.00492379
9559,0.00234656
9560,0.01019043
9561,0.00202800
9562,0.51248591
9563,0.00423377
9564,0.01498637
9565,0.00252833
9566,0.00139303
9567,0.00208917
9568,0.00039765
9569,0.00150024
9570,0.01312507
9571,0.00212071
9572,0.00214385
9573,0.00135500
9574,0.00143307
9575,0.00114858
9576,0.01136341
9577,0.01062077
9578,0.00303953
9579,0.00181063
9580,0.00101430
9581,0.00868615
9582,0.00241000
9583,0.00187682
9584,0.02637551
9585,0.00540783
9586,0.00034829
9587,0.00156344
9588,0.00175312
9589,0.00044546
9590,0.01582786
9591,0.00236391
9592,0.01161056
9593,0.00162105
9594,0.02587770
9595,0.00150302
9596,0.00215423
9597,0.01149890
9598,0.00469340
9599,0.00668453
9600,0.00328434
9601,0.00178513
9602,0.00372535
9603,0.00142134
9604,0.00285708
9605,0.00036202
9606,0.00355746
9607,0.00888885
9608,0.02547480
9609,0.00195811
9610,0.00149031
9611,0.00162852
9612,0.02762653
9613,0.00033119
9614,0.00156124
9615,0.00151918
9616,0.00519588
9617,0.01616986
9618,0.00315348
9619,0.00185682
9620,0.00196747
9621,0.00403441
9622,0.01671061
9623,0.00169556
9624,0.01151640
9625,0.00210713
9626,0.00320817
9627,0.00044447
9628,0.00102262
9629,0.00352032
9630,0.00106117
9631,0.01129342
9632,0.00349242
9633,0.00215075
9634,0.01570313
9635,0.00221606
9636,0.00222084
9637,0.02083393
9638,0.00581038
9639,0.00752933
9640,0.00194325
9641,0.01486836
9642,0.01220760
9643,0.00697704
9644,0.01216371
9645,0.00313952
9646,0.00646210
9647,0.00095335
9648,0.00150242
9649,0.00125047
9650,0.00060182
9651,0.02197359
9652,0.00046496
9653,0.00174069
9654,0.00570988
9655,0.00652055
9656,0.03485300
9657,0.00036358
9658,0.00141429
9659,0.00212323
9660,0.00957220
9661,0.00370448
9662,0.02609103
9663,0.02661291
9664,0.00368868
9665,0.00430971
9666,0.00226757
9667,0.00043762
9668,0.00334660
9669,0.00728997
9670,0.03416805
9671,0.00162611
9672,0.00235368
9673,0.00222640
9674,0.00336113
9675,0.01117843
9676,0.01517231
9677,0.02038471
9678,0.00180543
9679,0.02150918
9680,0.00093781
9681,0.00130062
9682,0.02242387
9683,0.00374086
9684,0.02604821
9685,0.00088602
9686,0.00417800
9687,0.00234360
9688,0.00195126
9689,0.00364604
9690,0.00352460
9691,0.00534700
9692,0.00298076
9693,0.00032885
9694,0.03721513
9695,0.00035737
9696,0.00095167
9697,0.00158769
9698,0.04828220
9699,0.00352473
9700,0.03435658
9701,0.00141529
9702,0.00966842
9703,0.00034107
9704,0.00231308
9705,0.00100757
9706,0.00617059
9707,0.00151195
9708,0.00221102
9709,0.00094642
9710,0.00229325
9711,0.01561960
9712,0.00037796
9713,0.00147020
9714,0.00213282
9715,0.02215698
9716,0.00949122
9717,0.01026285
9718,0.01489708
9719,0.00006930
9720,0.00192354
9721,0.01497923
9722,0.01115072
9723,0.00245347
9724,0.00222709
9725,0.02257746
9726,0.00248321
9727,0.00334106
9728,0.00327090
9729,0.00193103
9730,0.00714332
9731,0.01755290
9732,0.00320165
9733,0.02351352
9734,0.00224048
9735,0.00206528
9736,0.00903023
9737,0.00106545
9738,0.01644799
9739,0.00002151
9740,0.00037812
9741,0.00165382
9742,0.00147394
9743,0.00041982
9744,0.00199121
9745,0.00124030
9746,0.01212218
9747,0.00245005
9748,0.00334668
9749,0.01102467
9750,0.00036675
9751,0.00231058
9752,0.00003426
9753,0.01659281
9754,0.00294129
9755,0.02287884
9756,0.00157723
9757,0.00307299
9758,0.01187237
9759,0.00038250
9760,0.00133894
9761,0.00030344
9762,0.00470585
9763,0.00688635
9764,0.00989464
9765,0.00140926
9766,0.00098871
9767,0.00234050
9768,0.00189087
9769,0.00343839
9770,0.00145613
9771,0.00340537
9772,0.01384613
9773,0.00045743
9774,0.00271531
9775,0.01710147
9776,0.00360794
9777,0.00000779
9778,0.00329597
9779,0.01127605
9780,0.03019693
9781,0.00220611
9782,0.00953839
9783,0.00223577
9784,0.00384455
9785,0.01225645
9786,0.03690936
9787,0.00042348
9788,0.00043892
9789,0.01095365
9790,0.00226179
9791,0.00194315
9792,0.00044185
9793,0.02729422
9794,0.00221387
9795,0.01134879
9796,0.00104682
9797,0.00201993
9798,0.01668376
9799,0.02433396
9800,0.01207019
9801,0.02049280
9802,0.00390054
9803,0.00032315
9804,0.00372082
9805,0.00366399
9806,0.00048029
9807,0.00177100
9808,0.00401033
9809,0.00166062
9810,0.00279135
9811,0.00304920
9812,0.00029070
9813,0.00354394
9814,0.00048228
9815,0.01028636
9816,0.00036481
9817,0.00226267
9818,0.00321683
9819,0.01661825
9820,0.03228462
9821,0.00032690
9822,0.00360011
9823,0.00247508
9824,0.00525387
9825,0.00252976
9826,0.00336464
9827,0.00125054
9828,0.57491294
9829,0.01573005
9830,0.01599136
9831,0.00212856
9832,0.00029678
9833,0.00270369
9834,0.00424906
9835,0.00246865
9836,0.00604611
9837,0.00034040
9838,0.00120906
9839,0.00177617
9840,0.00229033
9841,0.01122937
9842,0.00284266
9843,0.00663679
9844,0.01579345
9845,0.00088222
9846,0.00220174
9847,0.02289084
9848,0.00075516
9849,0.00199220
9850,0.00217981
9851,0.01196395
9852,0.00235751
9853,0.00420933
9854,0.00176937
9855,0.02460673
9856,0.00207466
9857,0.03511935
9858,0.00188894
9859,0.00098883
9860,0.00505654
9861,0.00193741
9862,0.99809718
9863,0.01003317
9864,0.00811072
9865,0.03564957
9866,0.00412210
9867,0.00347740
9868,0.00956470
9869,0.00386945
9870,0.03698210
9871,0.00046168
9872,0.00213715
9873,0.03324068
9874,0.00035591
9875,0.00129916
9876,0.00178126
9877,0.00040460
9878,0.00155051
9879,0.00137141
9880,0.00089557
9881,0.00169480
9882,0.00105370
9883,0.00158272
9884,0.00334620
9885,0.01824173
9886,0.00465834
9887,0.00282138
9888,0.01872048
9889,0.00175943
9890,0.00789197
9891,0.00510866
9892,0.00043896
9893,0.00043580
9894,0.00962036
9895,0.00094173
9896,0.01636190
9897,0.00217985
9898,0.00219064
9899,0.00692874
9900,0.01130432
9901,0.00271689
9902,0.00053733
9903,0.02321574
9904,0.00097052
9905,0.00774790
9906,0.00329505
9907,0.03548866
9908,0.00032671
9909,0.01174320
9910,0.00335679
9911,0.00146104
9912,0.00352081
9913,0.01586960
9914,0.00157390
9915,0.00218049
9916,0.01122504
9917,0.00030762
9918,0.00004617
9919,0.00114900
9920,0.00210089
9921,0.00558651
9922,0.00220024
9923,0.00718508
9924,0.00039168
9925,0.00078968
9926,0.03735819
9927,0.01538467
9928,0.00122857
9929,0.00150757
9930,0.01471969
9931,0.00180824
9932,0.01633572
9933,0.07954349
9934,0.00050003
9935,0.00726428
9936,0.00047854
9937,0.00352707
9938,0.89336507
9939,0.00336241
9940,0.00315640
9941,0.00344594
9942,0.00062616
9943,0.00210398
9944,0.02253938
9945,0.00381887
9946,0.00261022
9947,0.00182229
9948,0.00032890
9949,0.00104454
9950,0.00001733
9951,0.30502874
9952,0.00350487
9953,0.02529891
9954,0.00036332
9955,0.02445365
9956,0.00155521
9957,0.00264728
9958,0.01104918
9959,0.00162547
9960,0.00223528
9961,0.00297627
9962,0.00202355
9963,0.00046377
9964,0.00111946
9965,0.00000031
9966,0.03681342
9967,0.00102800
9968,0.01615660
9969,0.00153199
9970,0.00177013
9971,0.00152907
9972,0.00089916
9973,0.00696985
9974,0.00123763
9975,0.00224393
9976,0.00304400
9977,0.01776739
9978,0.01576914
9979,0.01827236
9980,0.00035934
9981,0.03857621
9982,0.00136759
9983,0.00292513
9984,0.00048164
9985,0.00000208
9986,0.00428980
9987,0.00000408
9988,0.01148585
9989,0.00183798
9990,0.01240484
9991,0.00367594
9992,0.00035614
9993,0.00226376
9994,0.00222762
9995,0.01101330
9996,0.00035235
9997,0.00243091
9998,0.00223486
9999,0.00234120
