step,entropy
0,0.44806257
1,2.14865397
2,1.35432915
3,0.75445888
4,1.81380440
5,0.51222246
6,2.31768330
7,0.89914632
8,0.79088866
9,0.67264546
10,0.09988531
11,0.36105232
12,2.27769714
13,1.76182656
14,2.14327866
15,1.18570763
16,0.47537130
17,1.92427214
18,1.44691707
19,1.44605284
20,1.64343656
21,1.04505067
22,2.46000989
23,1.29654231
24,2.34089590
25,1.48849591
26,2.41214058
27,0.01616596
28,0.92125742
29,2.42422102
30,1.26344231
31,1.78569095
32,1.50751544
33,1.40539597
34,1.60410117
35,1.25105273
36,2.19858161
37,1.17982340
38,1.26568003
39,0.64121695
40,1.00361540
41,0.94246270
42,0.60572060
43,2.31279429
44,0.45832949
45,0.95950375
46,1.63715872
47,0.64165207
48,1.88059337
49,0.20653302
50,2.22871044
51,0.85631191
52,1.90629608
53,0.06696981
54,2.12196538
55,0.95993547
56,0.89246710
57,2.01250871
58,2.34102104
59,0.11343478
60,1.48217744
61,1.13324958
62,0.37013516
63,1.43722315
64,0.03929158
65,0.04588600
66,1.83549503
67,0.44562017
68,1.69239330
69,0.21583383
70,1.11512116
71,1.09819152
72,0.31627193
73,2.14795186
74,2.32400101
75,1.35470569
76,2.32469301
77,0.90562596
78,1.05094883
79,1.17535702
80,1.52002392
81,2.18886321
82,2.32431729
83,2.38800482
84,0.87950861
85,0.17296728
86,0.62840621
87,1.72572717
88,1.88313437
89,1.08160060
90,1.52296374
91,0.34256846
92,0.83738019
93,1.72223145
94,1.03309483
95,0.38120471
96,1.68006043
97,1.89337902
98,0.64553914
99,0.18018420
100,0.63267586
101,2.34665859
102,1.55347652
103,0.13115352
104,0.18309849
105,1.49525872
106,1.16386704
107,0.69673239
108,2.12017640
109,1.20972311
110,2.16575842
111,2.09217063
112,0.93374417
113,1.05496128
114,1.36976501
115,0.39280959
116,0.81131843
117,0.55863674
118,0.03777960
119,1.15239715
120,1.36921069
121,1.91285175
122,2.32457602
123,1.64243502
124,1.79850184
125,1.25622554
126,0.13152471
127,0.76783678
128,2.27487684
129,0.08275752
130,1.25222473
131,2.24999256
132,2.00033445
133,1.83818831
134,1.10529474
135,0.44349077
136,1.36638594
137,1.55754931
138,1.66388087
139,1.47634197
140,0.17866753
141,1.93281413
142,0.60926328
143,2.07617528
144,0.25049570
145,0.11706748
146,1.58397108
147,0.10323571
148,0.36575180
149,0.52473304
150,2.20754050
151,0.62986463
152,0.73198382
153,2.14844601
154,1.26865173
155,1.03562945
156,0.61518189
157,1.24636129
158,1.66405001
159,0.35719336
160,1.15002029
161,0.86966202
162,1.52078475
163,0.67344933
164,0.21017541
165,0.68354372
166,1.67303495
167,1.55036242
168,1.66254969
169,2.42948848
170,0.80269286
171,1.56240462
172,0.95620411
173,2.22091109
174,0.67005729
175,2.00664867
176,1.93806288
177,1.36094861
178,1.80311764
179,0.05694602
180,1.83874745
181,1.81670138
182,0.74454199
183,0.54187070
184,1.31574187
185,1.28400099
186,0.59067116
187,2.30736470
188,1.57132856
189,0.02536207
190,1.19191500
191,1.78209575
192,0.85659654
193,1.28316459
194,1.91280393
195,0.86368950
196,2.00020018
197,2.39492959
198,0.16563851
199,2.10993959
200,1.17565330
201,1.37628554
202,2.29891267
203,0.59065730
204,0.29765512
205,0.47333522
206,1.46101588
207,1.33136760
208,1.48378720
209,0.43611833
210,0.72219150
211,1.37462337
212,2.45541218
213,0.58167181
214,0.81452821
215,0.47005483
216,1.30496930
217,0.70402995
218,2.16103495
219,0.91159857
220,0.17661754
221,1.25777088
222,1.70421899
223,0.78509054
224,0.48559450
225,2.06957028
226,2.33788926
227,0.17792668
228,2.45114696
229,0.48462467
230,0.67671829
231,2.41914432
232,1.94632095
233,1.35282884
234,1.26163069
235,2.44283384
236,1.55214010
237,0.44760988
238,2.20378959
239,2.35546258
240,2.16303191
241,0.19250898
242,2.22744760
243,1.61468120
244,0.89923598
245,0.12929816
246,2.40936379
247,1.73289466
248,0.33162058
249,0.04273081
250,0.75934200
251,1.12017713
252,2.43770673
253,2.29817869
254,1.48984648
255,2.37506468
256,0.38891104
257,1.22816610
258,1.31348038
259,1.58162712
260,1.09800572
261,1.75713804
262,0.86011814
263,1.51683484
264,1.30943424
265,0.86974989
266,0.16395865
267,0.75238110
268,1.54435769
269,0.71146853
270,1.35818799
271,1.23705714
272,2.38446955
273,1.04632159
274,1.90530020
275,1.55778020
276,1.47689438
277,0.06908675
278,1.91063090
279,0.85081799
280,0.64491500
281,1.66257023
282,0.52791630
283,1.52511361
284,0.97294722
285,2.15592941
286,1.62413813
287,0.49072791
288,0.78396460
289,0.77112970
290,0.23440327
291,0.19611890
292,0.74301318
293,2.29288563
294,2.03067343
295,1.97032317
296,2.10519265
297,0.99108419
298,0.09909396
299,1.40217499
300,1.38369793
301,0.00736413
302,0.48404214
303,0.19779900
304,1.25808982
305,2.27110789
306,1.14043574
307,2.13137386
308,0.73803189
309,1.70151385
310,0.96464507
311,1.67883429
312,2.04327254
313,0.75761944
314,0.38254499
315,0.59623125
316,0.03840531
317,0.03267463
318,0.77958921
319,1.12948995
320,1.04630181
321,0.75162675
322,0.41935288
323,2.19140068
324,1.99368362
325,0.72204789
326,0.88887879
327,0.02712730
328,0.99109134
329,0.60598508
330,1.99130368
331,1.18972103
332,1.49549318
333,1.70323745
334,1.58640514
335,1.55218986
336,0.47642414
337,0.89081616
338,1.08959232
339,0.34438568
340,0.30832833
341,0.81698766
342,2.40969888
343,1.91474675
344,1.38391376
345,0.43558303
346,0.24757729
347,2.26722401
348,1.11298144
349,1.74442835
350,0.67017005
351,0.34085579
352,0.68282185
353,0.07839776
354,0.43276681
355,0.47831354
356,0.44629799
357,0.13424940
358,2.24738521
359,2.22311567
360,0.54188582
361,1.75586843
362,1.17394955
363,1.45083987
364,0.16827397
365,2.10851591
366,1.15312727
367,1.30135252
368,2.36080291
369,2.14889207
370,2.14641274
371,1.35210909
372,1.40107594
373,2.27605972
374,1.89694154
375,1.07277058
376,0.93938492
377,2.43168733
378,0.24437478
379,1.14977193
380,2.03852389
381,1.94585197
382,2.07945682
383,1.72631540
384,0.40860647
385,1.47946568
386,1.24022372
387,1.45742084
388,1.18035691
389,1.42623241
390,2.07615968
391,0.84930890
392,1.17810187
393,0.09236149
394,1.06697344
395,0.97021557
396,1.44327102
397,2.41836137
398,1.32728212
399,0.96674165
400,1.43422736
401,1.84239932
402,1.78387837
403,0.32915987
404,2.16327477
405,1.37463423
406,1.25447274
407,2.33072806
408,1.57290585
409,0.53067000
410,0.02577669
411,2.44503641
412,1.37073049
413,0.91442251
414,2.13014302
415,1.49449269
416,0.79740089
417,1.40828637
418,1.13488592
419,2.21032785
420,0.80759877
421,1.13207397
422,1.94964469
423,1.35650021
424,0.02260557
425,1.21578956
426,0.64110163
427,0.81252109
428,1.93811437
429,1.09757155
430,0.66091479
431,0.82410259
432,0.28696963
433,0.54898143
434,0.40664422
435,0.48574546
436,0.02501334
437,2.06016277
438,1.36758698
439,0.56981189
440,0.36304296
441,0.64015667
442,1.70224197
443,0.54494182
444,1.53509572
445,1.54641154
446,1.65642362
447,1.69049288
448,0.86668266
449,0.85494879
450,1.08449780
451,1.14384313
452,1.92806859
453,0.14433538
454,2.08838048
455,1.06766946
456,0.20203524
457,2.01798198
458,0.90916800
459,1.06748148
460,1.13231761
461,2.20353788
462,1.45646636
463,1.49117220
464,0.01490304
465,2.23295948
466,1.68667857
467,1.62964044
468,1.93265943
469,1.32061483
470,2.46321581
471,1.80428978
472,0.46077888
473,1.42517743
474,0.09153654
475,1.01891887
476,1.71727668
477,1.52242981
478,1.76077256
479,1.69384420
480,1.14885950
481,1.81025370
482,0.33559163
483,1.19661826
484,0.47536999
485,1.22169652
486,0.31893683
487,1.43429554
488,0.21961656
489,0.54304787
490,0.20633949
491,0.66004420
492,1.43303028
493,0.26577763
494,1.05302031
495,0.65502928
496,1.44541126
497,0.42667307
498,1.14493388
499,0.56239640
500,0.55244940
501,0.33134433
502,0.61368788
503,0.59855048
504,2.17042197
505,0.51583772
506,1.83491055
507,1.98020057
508,0.44670006
509,1.96632780
510,0.07162592
511,2.16264589
512,1.08853177
513,0.81705611
514,1.96970417
515,0.93575321
516,1.96626838
517,0.62821996
518,0.67293466
519,1.25416577
520,2.13047290
521,1.02628103
522,0.41994730
523,2.27770769
524,0.64788821
525,0.35912810
526,0.54482213
527,2.40496439
528,0.98116484
529,1.40778912
530,1.30629008
531,0.66960565
532,0.76299045
533,1.98511331
534,2.12316573
535,0.58903195
536,0.33830682
537,1.26334457
538,2.35715372
539,2.40326515
540,0.90188224
541,0.46901172
542,1.38532975
543,0.93307174
544,0.00716220
545,2.17895032
546,0.60992312
547,0.11723796
548,1.26878548
549,0.51123362
550,0.83992570
551,0.49320285
552,2.23782760
553,0.46057068
554,2.28144568
555,1.31518711
556,0.83761224
557,1.92018360
558,0.25937145
559,0.24643574
560,0.73691087
561,0.11792931
562,2.31370019
563,2.08416600
564,2.38990330
565,2.09976961
566,1.49567830
567,0.20371895
568,0.16860948
569,0.73391086
570,2.25064919
571,0.47644476
572,2.13784868
573,0.18947361
574,0.07663679
575,2.34824215
576,0.11056123
577,0.54381827
578,2.06279843
579,1.44438779
580,2.37498001
581,0.28567957
582,0.17345319
583,0.42286991
584,0.78577161
585,1.40199634
586,1.82882178
587,2.05483056
588,0.73858164
589,1.87866603
590,1.68535185
591,1.64806569
592,1.60410860
593,0.57385171
594,1.77010909
595,1.26702929
596,2.17752816
597,1.50639473
598,0.18919328
599,1.51022235
600,0.11017348
601,1.92462468
602,1.32045907
603,1.20297975
604,2.15223588
605,1.89153297
606,1.67734375
607,1.28178484
608,1.39165415
609,0.54505919
610,1.47041442
611,2.41860372
612,1.14051523
613,0.42091730
614,0.80558077
615,1.64462958
616,0.34205800
617,2.45361231
618,2.21938847
619,0.77494264
620,1.36865958
621,1.36427851
622,0.75332741
623,1.82069562
624,2.17571306
625,0.56906750
626,1.31561751
627,1.16967982
628,0.34959370
629,2.42369423
630,1.24151529
631,1.88724368
632,0.89337463
633,0.91819960
634,0.95685520
635,1.78556869
636,1.26215919
637,0.53943793
638,2.38602674
639,1.42290577
640,1.42068148
641,2.15480664
642,1.13936663
643,1.80949484
644,1.80606766
645,0.71635895
646,0.97547051
647,0.22526673
648,0.93116144
649,0.70373772
650,1.61376951
651,1.94586943
652,2.17681400
653,1.41564468
654,1.18443806
655,0.41546276
656,1.35817186
657,1.53800536
658,2.27537311
659,0.34736496
660,1.16593282
661,1.27906400
662,2.05192041
663,1.25788264
664,1.98537339
665,2.20034386
666,2.40894310
667,1.45056830
668,1.71718600
669,0.16360701
670,0.15165344
671,0.40159342
672,0.57410533
673,2.19531441
674,2.15192957
675,0.58946588
676,1.47910241
677,1.40010643
678,2.44498384
679,0.12081354
680,0.04867510
681,0.51952048
682,0.24854410
683,0.44717337
684,1.62703426
685,1.94459780
686,0.26878582
687,1.42468057
688,0.62406390
689,1.31446781
690,0.06591910
691,2.22277266
692,1.84832770
693,1.26829334
694,0.66394268
695,1.80581082
696,1.47611555
697,0.89414652
698,0.23989051
699,1.70864463
700,1.10600578
701,1.44013919
702,2.43006057
703,2.05495619
704,2.33109873
705,1.87022771
706,1.48994034
707,0.47362803
708,1.04980107
709,1.17086843
710,0.52440643
711,0.10341506
712,0.01339226
713,1.23209052
714,0.66138970
715,0.68006154
716,2.39416521
717,0.70251040
718,1.82711739
719,1.11281741
720,1.53025870
721,0.76440544
722,2.36936623
723,0.86661397
724,1.80370259
725,2.38951382
726,1.08497158
727,1.64933285
728,0.66640986
729,0.51518384
730,1.12425074
731,0.00601045
732,1.51775595
733,2.08627235
734,0.07402659
735,1.03910894
736,0.22695610
737,0.91392524
738,0.56869076
739,1.24730632
740,1.77240271
741,1.33717271
742,1.40438146
743,0.18472842
744,1.19105210
745,2.14373437
746,2.36074723
747,1.85650227
748,1.40923911
749,2.03123225
750,1.23771668
751,1.90948419
752,2.38084761
753,0.17496699
754,0.75605161
755,1.07860073
756,0.27052676
757,1.60809488
758,1.32047664
759,1.92135316
760,0.35684519
761,0.44960126
762,0.38234139
763,2.30025669
764,0.71053923
765,1.47655015
766,1.35210486
767,1.12554109
768,0.74147258
769,0.53889513
770,1.57036635
771,1.35736454
772,1.74697510
773,1.15534816
774,0.94543969
775,0.36684864
776,0.05052739
777,2.43927659
778,1.08377935
779,1.34908071
780,0.68613670
781,1.19620653
782,2.43260737
783,0.63591661
784,1.56888870
785,2.28505585
786,2.43769490
787,1.44745027
788,1.91831474
789,2.16187929
790,0.52512746
791,2.34308296
792,0.47254089
793,1.99767402
794,0.08928997
795,2.27273672
796,1.21721983
797,1.13899710
798,0.48699558
799,0.77097850
800,0.07094612
801,0.60197563
802,1.94435886
803,0.06589174
804,1.64176281
805,2.22268736
806,0.42896830
807,0.26229008
808,1.27212310
809,1.11051261
810,1.19805765
811,2.35919089
812,0.13379543
813,0.01188786
814,1.19223961
815,0.57819687
816,0.92721562
817,1.17992205
818,1.41939257
819,0.76724304
820,0.12396386
821,2.27119396
822,2.00142268
823,1.35739612
824,0.54854984
825,0.91930156
826,2.20908178
827,0.46439666
828,1.91352735
829,0.87323794
830,2.32339423
831,0.67973782
832,2.27603283
833,2.32492887
834,1.14620148
835,1.77514597
836,1.38835657
837,1.72557122
838,1.29540528
839,2.45867906
840,1.37677610
841,2.42392182
842,1.10556925
843,2.39000977
844,1.03430294
845,0.89233410
846,2.33823754
847,1.44789859
848,0.43833271
849,0.64329012
850,1.90980859
851,2.03574562
852,0.13770572
853,1.33499684
854,2.08288612
855,0.39161129
856,0.19906707
857,0.23960911
858,2.39751307
859,0.00482141
860,0.26451429
861,1.02257474
862,2.35158758
863,1.75697739
864,1.85827173
865,0.60645414
866,1.22799676
867,1.89553949
868,1.07877534
869,1.73679983
870,0.04312077
871,2.25792850
872,1.65670705
873,2.38870578
874,1.56717726
875,0.89852744
876,1.21791573
877,0.95459229
878,1.00697139
879,0.64801066
880,0.06630677
881,0.52779002
882,2.04163773
883,0.60344672
884,2.26112992
885,0.92444627
886,1.37288381
887,0.54961646
888,0.05422427
889,2.22693529
890,1.56755951
891,2.16106679
892,1.80114649
893,1.67097236
894,0.44283356
895,1.69117040
896,2.44835567
897,2.16497277
898,1.31365024
899,0.37280684
900,0.31228414
901,0.05696669
902,1.62691166
903,2.19787771
904,0.56170698
905,0.80185814
906,0.46336846
907,0.52309293
908,2.44641274
909,0.73902750
910,2.40158245
911,0.13939078
912,2.15603506
913,1.96821571
914,0.64576381
915,1.90259650
916,1.58743841
917,2.10245867
918,2.09279877
919,0.62849485
920,0.61109738
921,1.79370682
922,1.27850451
923,2.09725040
924,0.89886734
925,0.89754895
926,2.06790870
927,0.64764989
928,1.00072260
929,1.03258636
930,1.21126897
931,0.47658118
932,1.87413191
933,0.13447053
934,1.88805391
935,0.00835652
936,1.56355267
937,0.13900757
938,0.06097059
939,0.70798313
940,0.09743963
941,1.84722643
942,0.83470486
943,0.71382704
944,0.76096730
945,0.78367663
946,0.92748492
947,0.81718674
948,0.30913586
949,1.96589662
950,1.27774835
951,1.41494870
952,0.16721707
953,1.40805061
954,2.15415727
955,1.80974340
956,1.51403057
957,1.83695601
958,1.54061227
959,1.51101426
960,1.10546933
961,0.36613152
962,0.97019412
963,2.22563002
964,1.43040020
965,0.63685146
966,2.43073745
967,0.32095699
968,2.06575161
969,1.61111997
970,1.92026414
971,0.83655839
972,2.39791539
973,2.41717172
974,0.39640139
975,0.11096502
976,1.05481515
977,1.56841072
978,1.06966049
979,1.01316605
980,0.05375593
981,1.84861177
982,0.02934181
983,1.96010924
984,0.71851325
985,0.55465848
986,0.77780651
987,0.94406555
988,1.94662024
989,2.15963278
990,0.35013414
991,1.38645950
992,1.84019320
993,0.85592703
994,0.32780336
995,1.43520410
996,0.29007185
997,2.25601113
998,0.68889187
999,0.56270326
1000,0.36836028
1001,1.77437783
1002,0.06390128
1003,1.82606215
1004,0.63044406
1005,0.58988721
1006,1.63484928
1007,1.99231433
1008,1.62953024
1009,1.00534229
1010,0.89554290
1011,1.48970603
1012,0.70797698
1013,0.33615427
1014,0.70407443
1015,0.48150776
1016,0.84969292
1017,2.00812161
1018,0.11138928
1019,0.69760799
1020,0.10098590
1021,0.78787603
1022,0.36444342
1023,2.02446398
1024,1.07483279
1025,1.35655460
1026,1.92193294
1027,2.17797889
1028,0.91509196
1029,0.38810524
1030,2.07927026
1031,1.83015180
1032,1.92585671
1033,0.54320108
1034,0.86579044
1035,1.45390332
1036,2.23764786
1037,0.68168411
1038,0.14592597
1039,0.84012763
1040,0.33882602
1041,1.62622256
1042,2.33914746
1043,0.68559551
1044,1.91899099
1045,0.60693989
1046,0.26709679
1047,0.08180220
1048,1.99852372
1049,0.94809087
1050,2.34341902
1051,0.22892941
1052,1.55890812
1053,1.27488338
1054,1.42542603
1055,1.03911036
1056,0.78677058
1057,2.12400006
1058,1.48994939
1059,1.82825517
1060,2.11240444
1061,1.06562685
1062,2.28155989
1063,0.16872009
1064,2.32493151
1065,0.35906632
1066,0.27092325
1067,1.95948744
1068,1.39087230
1069,2.01905033
1070,1.50726146
1071,1.08132126
1072,1.13053861
1073,0.96547816
1074,0.05344651
1075,1.92597181
1076,0.21133803
1077,2.04393962
1078,1.15617413
1079,0.83330622
1080,0.06380240
1081,1.11939155
1082,1.79025024
1083,0.64250160
1084,1.64297650
1085,1.87710730
1086,0.74936535
1087,1.38035882
1088,2.15495013
1089,0.68003272
1090,1.48982399
1091,1.38139988
1092,0.94293292
1093,1.27938612
1094,2.12990571
1095,0.16498690
1096,0.26307844
1097,1.55181893
1098,1.53370670
1099,0.04032349
1100,0.21421370
1101,0.69695638
1102,1.07527874
1103,1.95648544
1104,0.49292898
1105,2.06083029
1106,0.33635181
1107,1.16874122
1108,0.88071367
1109,0.32707637
1110,2.14208488
1111,0.38251644
1112,0.55701703
1113,1.06436980
1114,1.82795398
1115,0.31795780
1116,2.33739842
1117,0.46691484
1118,1.60628183
1119,0.70611254
1120,1.37962575
1121,1.33787090
1122,0.42719341
1123,1.85187979
1124,2.07484654
1125,0.88961528
1126,1.55851269
1127,1.96503029
1128,1.97267953
1129,1.94390576
1130,2.05170475
1131,1.00917814
1132,0.48302162
1133,0.94727418
1134,1.31827241
1135,1.53911434
1136,1.81626109
1137,1.25514335
1138,1.59264040
1139,2.36339078
1140,1.00431497
1141,0.87123731
1142,2.27319048
1143,2.12911141
1144,0.13370928
1145,2.40144001
1146,0.95426406
1147,1.71539701
1148,0.76910321
1149,1.98876256
1150,0.30973496
1151,0.32380667
1152,1.08285922
1153,2.15982283
1154,0.99861297
1155,1.16221213
1156,0.04370521
1157,2.24166974
1158,0.09714920
1159,1.94503650
1160,2.25281295
1161,1.74471553
1162,1.95650932
1163,0.78760377
1164,1.74337851
1165,1.66525572
1166,2.33934428
1167,0.51731508
1168,0.45345609
1169,0.07538156
1170,1.78808939
1171,2.09577442
1172,2.26877435
1173,0.59482311
1174,0.69434554
1175,0.16874201
1176,1.61321162
1177,1.76628453
1178,1.18960087
1179,1.13494391
1180,0.38817506
1181,0.91396129
1182,0.57226566
1183,1.48166644
1184,2.04967885
1185,0.52107920
1186,2.21037701
1187,2.40580107
1188,2.37345905
1189,1.95046386
1190,0.53282576
1191,2.23206186
1192,0.42462322
1193,2.33449465
1194,1.21976649
1195,2.23783856
1196,2.18025614
1197,1.73007356
1198,1.30202517
1199,0.03745955
1200,1.41760532
1201,0.97992995
1202,0.26753819
1203,1.72986478
1204,0.24810491
1205,2.22455303
1206,0.33711181
1207,1.91251486
1208,1.24163920
1209,0.49684173
1210,1.23733783
1211,0.89409011
1212,2.24910479
1213,2.14473881
1214,0.15803695
1215,0.95791291
1216,0.83512791
1217,0.09258171
1218,1.55898436
1219,2.07579667
1220,1.06244408
1221,1.50325465
1222,1.73496555
1223,1.63361640
1224,0.78896149
1225,0.69881759
1226,2.24176926
1227,1.74602371
1228,0.39460162
1229,1.43742781
1230,1.16862766
1231,0.18843299
1232,1.13641292
1233,2.06216036
1234,1.11584232
1235,1.12834153
1236,0.75517357
1237,1.59677424
1238,0.00098538
1239,1.74196718
1240,1.52328339
1241,1.42147015
1242,0.40058203
1243,0.15818266
1244,0.43941675
1245,1.63484857
1246,1.39880506
1247,0.02811824
1248,1.30304473
1249,2.13000351
1250,0.05094111
1251,2.13593177
1252,0.45604274
1253,1.95787182
1254,0.13662927
1255,0.50688202
1256,0.70498279
1257,1.96685231
1258,1.80393107
1259,1.73909917
1260,1.86727271
1261,1.13889516
1262,0.14464636
1263,2.42405059
1264,2.04125939
1265,0.25421738
1266,1.44952503
1267,1.29713889
1268,2.20723228
1269,2.14516082
1270,1.71181313
1271,1.16275452
1272,1.33157432
1273,0.11046124
1274,2.40233283
1275,2.14352504
1276,0.46459584
1277,0.96584916
1278,0.04855854
1279,2.39133304
1280,0.79454872
1281,1.89876506
1282,0.86014419
1283,0.67182591
1284,0.26132488
1285,1.95965543
1286,0.04657380
1287,0.83289835
1288,2.05839624
1289,2.33600866
1290,0.48921526
1291,0.04596565
1292,1.69236284
1293,0.74667010
1294,1.98393603
1295,1.52396729
1296,0.46202027
1297,2.23183490
1298,2.34909967
1299,0.64819545
1300,2.17823038
1301,1.84803706
1302,2.04132944
1303,1.69727586
1304,0.25902611
1305,2.12772527
1306,0.46650454
1307,0.24415497
1308,0.31746546
1309,2.32962175
1310,1.43224988
1311,2.35524259
1312,2.31115864
1313,0.57477987
1314,0.61532625
1315,1.70517164
1316,0.11768313
1317,1.04883794
1318,0.69999077
1319,2.18272078
1320,0.06489522
1321,0.65639735
1322,1.77293662
1323,1.75508139
1324,2.16691638
1325,0.43851129
1326,1.22845774
1327,1.79701621
1328,1.18396661
1329,1.41225653
1330,0.72168162
1331,0.10771783
1332,1.54981978
1333,1.52201336
1334,2.32629034
1335,0.78861325
1336,2.06487314
1337,1.29887315
1338,1.07611623
1339,0.11733522
1340,2.03828323
1341,1.97361350
1342,1.34177300
1343,1.83239375
1344,1.83642442
1345,1.44572159
1346,0.86257780
1347,1.72766908
1348,1.77030446
1349,1.12586709
1350,0.86704280
1351,1.89945300
1352,0.94897613
1353,0.98287219
1354,0.74081944
1355,1.75624855
1356,2.31778985
1357,0.71081405
1358,1.87142295
1359,1.18840120
1360,1.69066346
1361,1.83067974
1362,0.76748183
1363,0.13913422
1364,1.79251473
1365,1.94230102
1366,1.87730946
1367,1.55845963
1368,0.01992925
1369,1.18866081
1370,0.56360249
1371,0.11769959
1372,1.73402111
1373,0.42734937
1374,1.16141827
1375,1.06830303
1376,1.38371589
1377,1.35047846
1378,1.32826703
1379,1.67808476
1380,0.32597478
1381,2.30589487
1382,1.73547184
1383,0.88960629
1384,0.44256149
1385,1.61784393
1386,1.18935313
1387,1.48892478
1388,1.57527039
1389,0.29619735
1390,0.38702941
1391,1.92990412
1392,1.71467404
1393,1.89150998
1394,1.84045103
1395,1.39653872
1396,0.03528040
1397,1.20065292
1398,2.30250810
1399,0.89001936
1400,2.16458952
1401,1.77077352
1402,1.06643151
1403,1.02650751
1404,1.22512954
1405,0.76461779
1406,0.52664469
1407,1.34847117
1408,0.36954913
1409,0.18157498
1410,1.11195157
1411,2.16020348
1412,1.52536050
1413,2.44412543
1414,2.11932838
1415,0.72365260
1416,1.66840818
1417,0.69186163
1418,2.30309564
1419,1.63259372
1420,2.03865003
1421,0.10356370
1422,1.05962941
1423,1.29725605
1424,0.64472942
1425,0.26066209
1426,0.61236891
1427,1.37835931
1428,0.65781954
1429,2.33923535
1430,2.05441319
1431,2.26910393
1432,1.32377880
1433,2.39989070
1434,1.72830914
1435,2.18011687
1436,1.91592710
1437,1.98220274
1438,0.30861539
1439,1.65072182
1440,0.48481134
1441,1.58382887
1442,1.97367187
1443,1.60008369
1444,0.85431986
1445,2.17941411
1446,1.69858000
1447,0.58971937
1448,1.57689684
1449,1.30315027
1450,0.00911669
1451,0.13968309
1452,1.08311206
1453,1.01249237
1454,1.32567775
1455,2.04718271
1456,1.77580934
1457,0.31751615
1458,1.06975628
1459,1.24524481
1460,1.60768930
1461,0.88630511
1462,1.71724273
1463,0.90842984
1464,0.93721437
1465,1.20326263
1466,0.93877332
1467,0.46124910
1468,0.21267758
1469,0.64411743
1470,1.15327766
1471,1.01708004
1472,1.94373690
1473,1.04573933
1474,1.52300451
1475,1.13417371
1476,2.24357485
1477,0.81561514
1478,2.33387892
1479,2.16576182
1480,1.37313866
1481,1.62660852
1482,0.48845388
1483,1.16470624
1484,1.58771919
1485,1.63961181
1486,0.53759275
1487,1.57912395
1488,1.57919082
1489,0.73779430
1490,0.15702787
1491,1.55340209
1492,1.09789928
1493,2.02266440
1494,0.91305155
1495,1.34014708
1496,1.14674021
1497,0.37808479
1498,1.74521873
1499,1.57714985
1500,1.21140373
1501,1.07091333
1502,0.40524379
1503,1.62769369
1504,1.53412990
1505,2.15292059
1506,1.39412892
1507,1.47331817
1508,1.33564991
1509,1.59788095
1510,1.86605926
1511,2.33352307
1512,0.92426175
1513,1.90526738
1514,1.21867691
1515,1.41540225
1516,1.72687675
1517,0.29717726
1518,1.85743270
1519,1.38777189
1520,1.02472220
1521,1.82303162
1522,1.51303813
1523,0.38992137
1524,0.32125661
1525,2.28296101
1526,0.88750069
1527,2.21513020
1528,0.53881704
1529,0.02489371
1530,0.54794534
1531,2.06351240
1532,1.38517249
1533,0.75992070
1534,0.59992710
1535,2.29966365
1536,2.18192993
1537,0.26864618
1538,1.51376702
1539,0.08656608
1540,0.36515410
1541,2.02058323
1542,0.32660864
1543,0.57380586
1544,2.07911156
1545,1.25770647
1546,2.30961901
1547,0.73811147
1548,0.84000078
1549,1.67600939
1550,2.15824685
1551,1.45757299
1552,2.11532289
1553,1.11085843
1554,0.74643670
1555,0.76726731
1556,1.09593403
1557,1.39374064
1558,0.60262052
1559,0.80445598
1560,1.46049424
1561,1.84265220
1562,0.89557813
1563,1.11469514
1564,1.68086446
1565,0.90032568
1566,1.15550556
1567,0.71215315
1568,2.33144226
1569,1.98553565
1570,1.92569013
1571,1.68230456
1572,0.53475571
1573,0.78028104
1574,0.65127561
1575,0.79146097
1576,1.18635699
1577,2.31758659
1578,1.21933342
1579,2.24461932
1580,1.28056488
1581,1.60590712
1582,0.53856150
1583,0.57478100
1584,2.22927462
1585,1.17963083
1586,0.97871545
1587,0.95644995
1588,0.01622386
1589,0.64654318
1590,0.90246055
1591,1.27744788
1592,0.53068328
1593,2.36506330
1594,1.20959593
1595,0.71411293
1596,1.30585631
1597,1.16698046
1598,1.19615597
1599,1.10490861
1600,1.96856913
1601,0.92309130
1602,0.73804009
1603,2.36431809
1604,0.72093751
1605,2.13343900
1606,0.22430497
1607,1.10017441
1608,1.97271172
1609,0.55109959
1610,1.35853165
1611,1.31164622
1612,1.14797780
1613,1.84698606
1614,1.34560604
1615,1.13293104
1616,1.01520922
1617,0.39596095
1618,1.11284605
1619,1.09644399
1620,0.95011640
1621,0.50892309
1622,1.50151146
1623,1.03194810
1624,2.28093072
1625,0.15058969
1626,1.12153153
1627,2.45789793
1628,0.37563605
1629,0.94628947
1630,1.32892387
1631,2.40029807
1632,1.39984233
1633,1.07164101
1634,0.92830369
1635,0.48034392
1636,2.06424719
1637,1.28539646
1638,0.13174827
1639,1.63551971
1640,1.87502063
1641,0.43528359
1642,0.11725072
1643,0.15915014
1644,1.43524061
1645,0.13974752
1646,1.12507993
1647,1.06683406
1648,0.75192993
1649,1.10539905
1650,0.82349144
1651,0.44430357
1652,2.21537187
1653,0.63439862
1654,0.31351121
1655,1.11121892
1656,0.68594023
1657,1.82360171
1658,0.94898080
1659,0.27549829
1660,0.53128611
1661,1.60946396
1662,2.27250905
1663,0.84220537
1664,0.67606735
1665,0.44186726
1666,1.04650400
1667,1.64127987
1668,0.67934623
1669,0.95433847
1670,1.81058684
1671,0.60099891
1672,2.06103598
1673,2.11132038
1674,1.68177743
1675,1.42552282
1676,1.69566712
1677,1.38387116
1678,1.41519543
1679,0.39419833
1680,2.27536289
1681,1.04018792
1682,1.11292402
1683,0.85349302
1684,0.53378561
1685,1.64062618
1686,2.46329104
1687,0.75885637
1688,2.18097196
1689,2.46152943
1690,0.27050084
1691,2.16329464
1692,2.10035929
1693,1.52366777
1694,0.41160968
1695,1.01025667
1696,1.15899659
1697,0.40400971
1698,1.56415527
1699,0.95454967
1700,0.05404547
1701,1.87243622
1702,1.12348663
1703,1.97360801
1704,1.39089181
1705,1.43334076
1706,2.37836951
1707,0.35806023
1708,1.64336219
1709,2.02915232
1710,1.24609235
1711,1.96265754
1712,0.46795378
1713,0.80741502
1714,2.04194441
1715,2.18403578
1716,0.91265237
1717,0.80316531
1718,1.51083748
1719,0.89556637
1720,1.39586066
1721,0.71203348
1722,1.76793071
1723,1.25257047
1724,1.09406278
1725,1.24789013
1726,1.54782790
1727,1.11350570
1728,1.12712933
1729,0.55468309
1730,1.86004563
1731,0.57661923
1732,0.98057522
1733,1.80787483
1734,1.80098616
1735,0.20811865
1736,1.48474595
1737,0.66556666
1738,0.35873862
1739,0.97422755
1740,1.72782988
1741,0.39404040
1742,0.25767982
1743,2.33121423
1744,0.07860067
1745,0.05602152
1746,0.28279385
1747,0.55151270
1748,1.51700603
1749,0.56240889
1750,0.31151180
1751,1.87350006
1752,1.37640401
1753,1.28042199
1754,1.53683472
1755,1.22599967
1756,1.02826230
1757,1.59578514
1758,0.39614696
1759,0.11239478
1760,0.12705986
1761,0.71687926
1762,0.95711943
1763,0.84329489
1764,1.17894346
1765,1.47022295
1766,0.31244814
1767,0.90902686
1768,0.65701380
1769,1.33634487
1770,1.42932708
1771,1.69014711
1772,1.54095579
1773,1.10060670
1774,0.22601444
1775,0.49644086
1776,0.56418389
1777,1.71540942
1778,0.45894059
1779,1.91891798
1780,1.56721472
1781,1.49392393
1782,2.46192867
1783,2.36085172
1784,2.12978652
1785,2.33198981
1786,1.98141296
1787,1.26714456
1788,0.01550200
1789,0.09221414
1790,0.41453750
1791,0.44084737
1792,0.25440815
1793,2.43512455
1794,2.24027920
1795,2.45262111
1796,1.76803693
1797,2.11401807
1798,0.04238608
1799,0.44610660
1800,0.15199364
1801,1.59287023
1802,1.17827988
1803,2.40246372
1804,1.58552478
1805,0.78414470
1806,1.26531882
1807,1.48887368
1808,1.69407088
1809,1.30746270
1810,2.33346003
1811,2.22331736
1812,1.64873325
1813,0.62947073
1814,1.64655292
1815,0.37220135
1816,0.28837560
1817,0.63591635
1818,1.30264248
1819,0.93293094
1820,1.85179306
1821,0.92280419
1822,0.80912856
1823,1.36795277
1824,2.28332302
1825,2.40020989
1826,0.19736775
1827,2.08275249
1828,1.08969277
1829,0.03153099
1830,0.33412352
1831,1.60476763
1832,1.96919708
1833,1.56142120
1834,1.68364121
1835,1.24311521
1836,1.30160841
1837,0.78227228
1838,2.39070060
1839,2.42635699
1840,1.60918238
1841,1.03047255
1842,1.05140882
1843,2.01783780
1844,0.18255468
1845,2.14687863
1846,1.23923642
1847,1.24031150
1848,0.90221206
1849,0.68259549
1850,1.52640564
1851,2.16290854
1852,1.19438686
1853,2.14509698
1854,0.49024283
1855,1.36185649
1856,1.61899963
1857,1.22471659
1858,2.14751770
1859,1.27550335
1860,0.81972556
1861,0.44332682
1862,0.71385093
1863,1.66783053
1864,2.30318030
1865,0.64149932
1866,0.33221019
1867,2.28587683
1868,1.22965593
1869,1.74267599
1870,1.52041271
1871,0.38474658
1872,0.68042618
1873,0.75748681
1874,1.54856076
1875,1.68502470
1876,1.89044420
1877,1.22577432
1878,1.92603914
1879,2.31113749
1880,0.71810917
1881,1.08464770
1882,0.61838857
1883,0.64394384
1884,1.18425901
1885,0.89050452
1886,1.94389400
1887,0.44882588
1888,1.38864558
1889,1.89282594
1890,1.00814390
1891,0.00368719
1892,2.05789022
1893,0.63567866
1894,0.17444996
1895,0.02031885
1896,1.85265956
1897,0.97541296
1898,2.07900535
1899,1.11630944
1900,0.06587885
1901,0.91110329
1902,1.59140970
1903,1.04935054
1904,0.03212147
1905,1.00249706
1906,1.76157325
1907,0.19125524
1908,0.50664937
1909,1.77965416
1910,2.34199363
1911,0.40894657
1912,1.16704704
1913,1.79722231
1914,0.68063556
1915,0.32598281
1916,0.85283813
1917,1.02952842
1918,0.13448440
1919,2.33529894
1920,2.21644131
1921,0.73067832
1922,1.71577205
1923,1.09447716
1924,2.06152101
1925,0.01170144
1926,0.67586895
1927,1.04435645
1928,2.40804943
1929,1.02260385
1930,0.98803918
1931,0.89244725
1932,2.08410829
1933,1.61697963
1934,1.61955752
1935,1.90707099
1936,0.28893843
1937,0.45954251
1938,1.15787250
1939,2.06690246
1940,0.73305696
1941,0.04209044
1942,0.36755547
1943,0.57158106
1944,0.89366847
1945,0.76698351
1946,1.12756762
1947,0.24131807
1948,0.49071052
1949,0.98982551
1950,1.71776402
1951,0.87175207
1952,0.49298184
1953,0.56509977
1954,1.96189703
1955,0.08128876
1956,0.47420237
1957,1.43656583
1958,0.96579554
1959,1.53790937
1960,0.55749938
1961,1.70829909
1962,0.90067696
1963,2.18798694
1964,0.00228462
1965,0.81795175
1966,0.32131413
1967,1.42842966
1968,0.64686499
1969,0.44509381
1970,1.96165734
1971,2.27397652
1972,1.74854913
1973,1.33030526
1974,2.34575047
1975,0.94874841
1976,2.31398010
1977,1.43856460
1978,1.59808128
1979,1.50036966
1980,0.18849115
1981,0.15351871
1982,0.23150063
1983,1.74335271
1984,2.10576860
1985,2.33838828
1986,0.35339095
1987,1.53058531
1988,1.23520482
1989,1.08166667
1990,0.33877285
1991,0.47678384
1992,1.87077935
1993,0.32129388
1994,0.57146581
1995,2.28707666
1996,2.36405360
1997,2.42567958
1998,1.93703398
1999,1.14143063
2000,1.95826376
2001,2.46197647
2002,0.65357231
2003,0.32938778
2004,1.44965098
2005,0.43404639
2006,1.48684042
2007,2.16462968
2008,0.70251666
2009,0.37808402
2010,0.46695908
2011,0.85739209
2012,2.11680445
2013,0.65452361
2014,2.23390132
2015,1.62564241
2016,1.35310424
2017,1.64803434
2018,0.96097097
2019,0.92464533
2020,1.03020620
2021,1.82888328
2022,1.26830474
2023,0.74868065
2024,1.96592726
2025,0.60658572
2026,1.75752589
2027,0.54553681
2028,1.18901652
2029,0.59072942
2030,2.15485083
2031,2.09770011
2032,1.43620720
2033,0.96254958
2034,0.75621488
2035,1.89782138
2036,0.30779660
2037,2.17340857
2038,1.27399829
2039,0.58663812
2040,1.72306520
2041,1.33681427
2042,0.15780495
2043,0.53356163
2044,1.71316225
2045,0.74267792
2046,2.17032453
2047,2.02294653
2048,0.95372205
2049,0.93998761
2050,2.17728972
2051,0.49691460
2052,1.66909614
2053,0.55676395
2054,0.95919265
2055,1.01552391
2056,1.26825345
2057,1.99824973
2058,0.12961270
2059,0.99613415
2060,2.12819319
2061,2.02108856
2062,1.90117180
2063,0.57244454
2064,1.77258011
2065,1.22448574
2066,0.09884381
2067,1.91660191
2068,0.56473912
2069,1.65644807
2070,0.15608633
2071,2.09358871
2072,0.97534274
2073,1.12557270
2074,1.11058361
2075,1.81279758
2076,0.82202388
2077,0.83967134
2078,1.37680353
2079,0.21405080
2080,1.67689131
2081,0.73066563
2082,0.44762352
2083,2.14067059
2084,0.68189695
2085,0.33235382
2086,1.11959426
2087,1.81157010
2088,1.29384930
2089,1.28668999
2090,1.40150809
2091,2.12876811
2092,0.85289200
2093,0.66107662
2094,0.69658294
2095,2.41912571
2096,1.27231980
2097,0.35521943
2098,2.36042274
2099,1.04807319
2100,0.40940779
2101,0.66840732
2102,2.07886810
2103,1.33994950
2104,2.34326926
2105,0.19299315
2106,1.97995243
2107,0.18793268
2108,0.60114713
2109,2.05569219
2110,2.32471950
2111,1.39641106
2112,0.35072216
2113,0.62968543
2114,1.31274627
2115,0.20258456
2116,0.64173980
2117,1.54822437
2118,1.97316230
2119,0.66550751
2120,1.93965399
2121,1.84059339
2122,0.63374890
2123,0.78254750
2124,0.11554955
2125,1.99082480
2126,0.03088176
2127,0.88221465
2128,2.19924020
2129,0.12134515
2130,1.65270550
2131,0.29462929
2132,0.82487821
2133,1.51634893
2134,1.51046514
2135,0.58576614
2136,0.46952118
2137,1.77566489
2138,0.11384103
2139,0.16986356
2140,1.00843936
2141,1.53200375
2142,1.05422240
2143,0.85966819
2144,1.76064433
2145,2.28892030
2146,1.60547145
2147,1.60835308
2148,1.08105428
2149,0.26343510
2150,1.56533037
2151,0.93774034
2152,1.30447118
2153,0.19652753
2154,0.69596927
2155,0.68002810
2156,1.50270089
2157,0.08550585
2158,1.59134869
2159,0.48739678
2160,0.01816619
2161,1.91563857
2162,0.84159395
2163,0.86269833
2164,0.78801729
2165,0.67121080
2166,0.92651203
2167,0.03423854
2168,0.00931122
2169,1.81698002
2170,2.31520790
2171,1.95785437
2172,2.13625717
2173,1.34508727
2174,1.42624233
2175,1.28646852
2176,0.54431888
2177,0.85847738
2178,0.50123300
2179,1.33055527
2180,1.48093013
2181,0.17182749
2182,0.27016160
2183,1.95497143
2184,1.52862585
2185,1.43785068
2186,0.51829524
2187,1.73630531
2188,1.37598407
2189,1.31639427
2190,2.46357861
2191,1.00627137
2192,1.04440585
2193,1.48458078
2194,2.29035396
2195,0.86515849
2196,2.33186354
2197,0.73250312
2198,1.63782949
2199,0.79836054
2200,0.92607492
2201,0.25007497
2202,0.41907273
2203,0.13525437
2204,2.35304430
2205,0.24283877
2206,0.87491208
2207,1.96009392
2208,0.88286117
2209,1.11391664
2210,2.22646508
2211,1.38913435
2212,1.26192960
2213,2.28179889
2214,0.37482400
2215,1.01814698
2216,1.36314326
2217,1.94971378
2218,0.21431853
2219,1.91150228
2220,0.94947977
2221,1.31385082
2222,0.26062374
2223,1.36567791
2224,1.47553347
2225,0.64424944
2226,0.48375221
2227,0.96836761
2228,0.21662374
2229,2.40113999
2230,0.72009331
2231,2.45808568
2232,2.27274458
2233,0.76098107
2234,2.12381671
2235,1.12174202
2236,1.19302707
2237,0.75582932
2238,0.44459034
2239,0.34233252
2240,1.65419924
2241,1.07650828
2242,2.11441835
2243,0.24171486
2244,1.20163343
2245,0.21115576
2246,0.56077087
2247,2.28249751
2248,1.82717668
2249,0.04447921
2250,1.15627886
2251,0.38654433
2252,0.39670957
2253,0.74515767
2254,0.38845223
2255,2.02130092
2256,1.06521341
2257,0.50936489
2258,1.16111892
2259,1.92670540
2260,1.90727694
2261,0.06589380
2262,1.48519293
2263,2.13001310
2264,1.25175538
2265,1.81076137
2266,0.38445128
2267,0.25840290
2268,1.31248846
2269,0.03629254
2270,0.99185317
2271,0.02167285
2272,2.09275213
2273,0.96141586
2274,2.18100640
2275,1.81931969
2276,1.77222167
2277,1.58238751
2278,0.06836505
2279,1.64636766
2280,0.01440576
2281,0.11793472
2282,1.72642365
2283,0.84749179
2284,0.54708015
2285,2.26717724
2286,0.18011268
2287,1.92822081
2288,0.73102420
2289,1.42982541
2290,1.32169514
2291,1.45111311
2292,2.06028304
2293,1.27803990
2294,0.31555697
2295,0.63062430
2296,1.45218668
2297,1.01670179
2298,2.16694124
2299,0.47490817
2300,1.40673127
2301,1.53971320
2302,2.39683528
2303,0.28618830
2304,0.76162799
2305,1.64869321
2306,2.07947307
2307,0.68845820
2308,0.77667609
2309,0.01239843
2310,2.45512909
2311,0.47517433
2312,0.34311659
2313,1.69331514
2314,2.29998736
2315,0.81645025
2316,1.69999799
2317,0.63199046
2318,2.14781145
2319,0.84204051
2320,1.73440802
2321,0.26639690
2322,0.27502479
2323,0.62652094
2324,0.49169006
2325,0.54510076
2326,0.73498640
2327,0.44962056
2328,2.38665491
2329,0.82025599
2330,1.88236912
2331,0.02393010
2332,0.55995344
2333,0.59876405
2334,1.90228874
2335,0.43501265
2336,2.37817768
2337,0.30883472
2338,0.30780144
2339,1.58119726
2340,2.12164939
2341,0.03075606
2342,2.38296322
2343,1.85372182
2344,1.89728952
2345,0.86357127
2346,0.97199219
2347,0.22914518
2348,1.55506820
2349,1.98957831
2350,1.06117888
2351,1.33024841
2352,0.00968399
2353,2.16822875
2354,0.49026761
2355,0.16929710
2356,2.20311024
2357,0.10178928
2358,2.41782194
2359,1.65133565
2360,1.48367152
2361,2.33271612
2362,1.68978400
2363,1.77613093
2364,1.09362394
2365,1.42948456
2366,0.32501100
2367,1.61931874
2368,0.12630867
2369,0.88948525
2370,0.29659840
2371,1.24551571
2372,0.17369342
2373,1.33284481
2374,0.14829670
2375,1.50903000
2376,0.92919762
2377,2.31316418
2378,1.52053426
2379,0.43062450
2380,1.36969651
2381,0.67940330
2382,2.08130596
2383,2.44162602
2384,1.01334664
2385,1.39181010
2386,0.47074336
2387,0.85774035
2388,2.15087527
2389,1.33835791
2390,1.90137231
2391,1.60954224
2392,0.93188057
2393,2.36705948
2394,1.95336723
2395,1.88420964
2396,2.25007578
2397,1.85849968
2398,0.24053773
2399,0.09715490
2400,1.10436974
2401,2.16934243
2402,0.75508525
2403,2.19847285
2404,0.27805660
2405,1.18890294
2406,2.01625796
2407,2.28322731
2408,1.45203181
2409,0.43327533
2410,1.19759982
2411,2.26770813
2412,2.13413432
2413,0.97508006
2414,2.17618870
2415,0.52626549
2416,2.20428433
2417,1.24363699
2418,0.87740402
2419,1.64481263
2420,1.12414642
2421,1.55198386
2422,0.91084331
2423,0.79994371
2424,0.20038914
2425,0.04956572
2426,0.36422297
2427,0.41127964
2428,1.05504422
2429,0.15414791
2430,1.04638029
2431,0.39643968
2432,0.59121689
2433,1.28640794
2434,1.43898374
2435,0.44722452
2436,0.03752539
2437,2.09263608
2438,1.41803994
2439,0.56899100
2440,0.26379845
2441,0.77595436
2442,0.50811551
2443,1.82186184
2444,2.15670219
2445,1.60401458
2446,1.39545367
2447,0.99684164
2448,2.45359213
2449,1.54606603
2450,1.43509673
2451,1.99359497
2452,0.41557892
2453,1.76761773
2454,1.92207484
2455,0.03591308
2456,1.11369107
2457,1.40436998
2458,0.59259536
2459,1.29869040
2460,2.34512117
2461,1.79279159
2462,0.10684270
2463,0.74617325
2464,0.34205938
2465,0.22546645
2466,2.15773856
2467,0.17841038
2468,1.43671937
2469,2.36601729
2470,0.80552237
2471,2.08397660
2472,1.69151032
2473,2.32585409
2474,0.59279669
2475,0.81663165
2476,0.89256230
2477,2.33472095
2478,2.43727427
2479,1.03641865
2480,1.03046571
2481,2.21120374
2482,1.77719908
2483,1.36102364
2484,0.02426867
2485,1.43198170
2486,0.92863702
2487,1.97950646
2488,1.92840385
2489,0.16408937
2490,1.02134280
2491,2.38281835
2492,1.91249369
2493,1.42414693
2494,2.00898179
2495,1.11100385
2496,1.02490244
2497,0.24469232
2498,0.37752458
2499,1.57617249
2500,0.06371084
2501,0.03317362
2502,1.69510920
2503,2.13109122
2504,1.03293364
2505,1.18154545
2506,2.13798809
2507,2.22859275
2508,2.38398301
2509,2.13461991
2510,1.86729542
2511,1.05656106
2512,0.78231184
2513,1.87953317
2514,1.28439289
2515,1.00829903
2516,0.53332253
2517,0.84290527
2518,1.87101896
2519,1.60794697
2520,0.31149391
2521,2.40409894
2522,2.33439785
2523,0.70117740
2524,0.05996012
2525,0.09961739
2526,1.20048153
2527,1.08424106
2528,0.21602319
2529,1.74655219
2530,2.13219039
2531,0.55945600
2532,0.62234539
2533,0.37579530
2534,2.03796093
2535,2.17807127
2536,1.63788695
2537,0.20393413
2538,1.29827236
2539,1.27813303
2540,2.25408894
2541,0.53387204
2542,0.29444705
2543,0.84374643
2544,1.30578578
2545,1.37000261
2546,1.57523383
2547,1.71981795
2548,0.91112332
2549,1.37515374
2550,1.21699275
2551,1.73631261
2552,0.22938409
2553,0.97332904
2554,1.65898477
2555,2.42871941
2556,1.28726114
2557,0.52491401
2558,1.57226936
2559,0.70726710
2560,1.66998159
2561,1.51046058
2562,1.95879649
2563,2.13016156
2564,0.98206021
2565,1.03379064
2566,0.91180726
2567,1.75321470
2568,1.85460653
2569,0.13494033
2570,2.29204957
2571,0.38735859
2572,0.58072564
2573,1.95584379
2574,1.54537735
2575,0.96759381
2576,2.11957829
2577,2.26425455
2578,1.36396015
2579,0.74823887
2580,0.50598968
2581,1.03575532
2582,1.99007322
2583,1.54580588
2584,0.14225932
2585,0.38631100
2586,2.24662240
2587,1.60684099
2588,1.89841172
2589,2.08573504
2590,2.40107065
2591,0.82732421
2592,0.16298856
2593,1.26697892
2594,2.30628698
2595,1.90390871
2596,0.85600920
2597,0.61394594
2598,1.14176607
2599,2.33655605
2600,0.22784352
2601,0.01134221
2602,1.78956561
2603,1.33862258
2604,1.96919039
2605,1.50752856
2606,2.23146921
2607,0.59868934
2608,0.36440789
2609,1.77132358
2610,2.18706492
2611,0.84658612
2612,2.25562446
2613,0.75649721
2614,1.58207952
2615,0.46148994
2616,0.83001745
2617,1.94316669
2618,2.10033153
2619,2.21651055
2620,1.04712386
2621,2.37535175
2622,2.20028046
2623,0.73263381
2624,2.07236924
2625,2.24477607
2626,1.58780656
2627,1.15868813
2628,2.40177354
2629,1.69135326
2630,1.26495628
2631,0.04515873
2632,2.25818495
2633,2.17147053
2634,2.37224571
2635,2.11249563
2636,2.12818231
2637,1.29517016
2638,1.25108173
2639,0.32155476
2640,1.98701635
2641,2.00213756
2642,0.19681801
2643,2.08547822
2644,1.62134543
2645,1.99709959
2646,0.87991523
2647,2.40341220
2648,1.47209980
2649,0.98274970
2650,1.58462871
2651,1.70654968
2652,2.39294646
2653,0.71296577
2654,2.05412971
2655,1.00585244
2656,0.84552048
2657,2.45746767
2658,2.43323778
2659,2.41510914
2660,2.15583959
2661,0.49186705
2662,2.15605692
2663,0.81095728
2664,1.61120667
2665,1.79113028
2666,0.06976053
2667,0.03837912
2668,1.71746863
2669,1.10918458
2670,0.94502288
2671,0.43188502
2672,1.08443268
2673,1.92838641
2674,0.27755034
2675,1.95330691
2676,2.40676611
2677,2.19109186
2678,1.13612849
2679,0.50793982
2680,1.71245909
2681,0.26244505
2682,0.78423659
2683,1.61650828
2684,1.59412047
2685,1.62180760
2686,2.00847754
2687,1.70347536
2688,1.14426192
2689,1.58016457
2690,1.76382330
2691,1.50387125
2692,2.17545542
2693,0.84509862
2694,1.63916366
2695,1.94058741
2696,2.00445017
2697,2.02525043
2698,2.38729851
2699,2.34540518
2700,2.02165311
2701,2.36032912
2702,1.57150206
2703,1.33861529
2704,0.15320728
2705,2.03326092
2706,2.29448828
2707,1.39882886
2708,0.78173515
2709,0.79719737
2710,0.79075594
2711,1.53226183
2712,0.58540949
2713,2.19046404
2714,1.07646817
2715,1.51735168
2716,1.72904611
2717,0.03253115
2718,0.13147753
2719,1.84603527
2720,1.08192457
2721,0.11344933
2722,0.25723379
2723,0.87352769
2724,1.65137283
2725,1.92132012
2726,0.56773873
2727,1.66989107
2728,0.22265657
2729,2.04061825
2730,0.04430485
2731,2.42803655
2732,1.80606209
2733,1.76354536
2734,0.70596803
2735,0.82480840
2736,1.98744207
2737,0.43342072
2738,2.23815606
2739,0.34044703
2740,1.52960380
2741,2.28554308
2742,2.36620307
2743,0.56221248
2744,1.87399144
2745,2.35567439
2746,1.76478646
2747,1.90293922
2748,2.41361680
2749,0.44746259
2750,0.29010468
2751,2.24194256
2752,1.05265196
2753,2.37701134
2754,0.66019645
2755,1.75914938
2756,0.31202545
2757,0.15141624
2758,1.07880270
2759,1.75318826
2760,0.26701344
2761,1.28537264
2762,1.62085618
2763,2.42868481
2764,1.92010934
2765,0.08649171
2766,1.43669739
2767,0.81659154
2768,0.66734384
2769,2.22600985
2770,1.68894155
2771,1.88546723
2772,2.18046699
2773,0.51014973
2774,0.57859050
2775,1.02628467
2776,0.42607754
2777,1.93045473
2778,2.40061567
2779,0.94104362
2780,1.25932068
2781,1.19674161
2782,1.64896879
2783,1.49914791
2784,1.98732951
2785,0.62603077
2786,0.04309157
2787,2.02408532
2788,0.05976193
2789,0.70587478
2790,2.20978263
2791,0.48059930
2792,1.68999436
2793,2.38245179
2794,0.80421465
2795,2.01054188
2796,0.95092415
2797,1.60471424
2798,0.24731150
2799,0.58743369
2800,0.98265233
2801,0.12930546
2802,0.23655421
2803,2.10892484
2804,2.04441859
2805,2.46014410
2806,0.51365502
2807,1.53557158
2808,0.67455402
2809,0.60710856
2810,0.99061289
2811,0.22844122
2812,0.22231595
2813,2.40557211
2814,0.89662950
2815,2.19714855
2816,1.15953893
2817,1.74936485
2818,1.25550186
2819,1.18436607
2820,0.23368620
2821,1.78091629
2822,0.59281841
2823,1.41549150
2824,0.27764487
2825,1.78487187
2826,1.35481382
2827,0.29056913
2828,0.21697319
2829,0.89471061
2830,1.62860040
2831,2.34975571
2832,0.62203562
2833,2.17082267
2834,1.54079339
2835,1.33940101
2836,0.55227865
2837,1.56069179
2838,1.00009301
2839,0.57652295
2840,1.94077085
2841,2.12157635
2842,1.06136208
2843,0.17143724
2844,1.78287232
2845,1.28394555
2846,2.12812798
2847,0.07088090
2848,1.71806920
2849,1.60727525
2850,0.28341660
2851,2.08135210
2852,1.43811038
2853,0.87818015
2854,0.39119245
2855,1.96330386
2856,0.11843558
2857,0.69740098
2858,1.77618239
2859,1.40235954
2860,0.51051046
2861,2.31006049
2862,1.46709100
2863,1.37039913
2864,1.77388201
2865,1.10666140
2866,0.73110055
2867,0.45916597
2868,1.05715065
2869,1.05471736
2870,2.04281683
2871,0.02071912
2872,1.65628279
2873,1.76524103
2874,0.56977667
2875,0.98200454
2876,0.60846802
2877,1.70519572
2878,1.02635147
2879,1.10703686
2880,1.10741156
2881,1.74090668
2882,1.93656073
2883,1.88168078
2884,0.44156519
2885,1.89435932
2886,1.42293049
2887,1.67346226
2888,1.28487523
2889,1.09084913
2890,2.44833071
2891,2.16401718
2892,0.10430446
2893,0.58856089
2894,0.50060855
2895,1.86762787
2896,1.25890853
2897,1.62653240
2898,2.32312055
2899,2.30862886
2900,2.13159310
2901,1.62927837
2902,1.36346739
2903,1.02707878
2904,0.17595748
2905,2.43979842
2906,2.27626471
2907,0.14305175
2908,0.28263319
2909,0.57954017
2910,1.37848669
2911,1.34109014
2912,1.22604908
2913,1.60710946
2914,0.48047295
2915,0.99914216
2916,0.58910208
2917,1.93868684
2918,0.71069240
2919,2.14865180
2920,1.71347219
2921,1.53406234
2922,0.40853554
2923,2.09802227
2924,0.58626718
2925,2.12752946
2926,0.34711330
2927,2.36855721
2928,1.25157453
2929,0.73517993
2930,0.34101160
2931,1.41626616
2932,2.04910358
2933,0.42884564
2934,2.30702134
2935,0.20856886
2936,0.21630373
2937,0.06474482
2938,0.24118675
2939,0.98119007
2940,0.68259830
2941,1.44825703
2942,1.26241123
2943,2.04403939
2944,0.57267844
2945,0.47267683
2946,0.99608394
2947,1.61953193
2948,0.33618026
2949,0.06686260
2950,1.97166967
2951,1.96454490
2952,2.28555686
2953,2.35467636
2954,0.61094224
2955,0.80309107
2956,1.94585182
2957,0.02929264
2958,1.43354941
2959,1.50308451
2960,0.26138182
2961,2.34184670
2962,1.33516628
2963,0.43055797
2964,0.59167217
2965,0.32993571
2966,2.40678183
2967,2.30307209
2968,0.05073905
2969,0.68566736
2970,0.38542081
2971,1.29770119
2972,0.86008094
2973,0.11779112
2974,0.61915160
2975,1.35279828
2976,1.28728754
2977,0.54130361
2978,0.62228138
2979,0.95335716
2980,1.94832318
2981,2.35977686
2982,2.19116079
2983,2.10227710
2984,0.70474370
2985,0.15968211
2986,0.25734541
2987,2.37556469
2988,0.64682584
2989,0.37577984
2990,1.04936552
2991,0.76447576
2992,2.38272937
2993,1.36798717
2994,2.19531514
2995,0.05842844
2996,1.44892501
2997,0.87520245
2998,1.66105463
2999,1.41996636
3000,0.13180871
3001,0.64793849
3002,2.23158931
3003,1.02907806
3004,1.65057960
3005,1.24554083
3006,0.38807140
3007,0.35440137
3008,1.53522061
3009,0.33295504
3010,0.64869790
3011,2.20739340
3012,1.51451024
3013,1.83012814
3014,0.91162424
3015,0.22313543
3016,1.11198954
3017,2.07389211
3018,1.01299136
3019,1.15403539
3020,1.57184887
3021,1.16353735
3022,1.53107984
3023,0.85867708
3024,1.61410853
3025,2.39753481
3026,1.69163545
3027,0.98343886
3028,2.04920206
3029,2.08252656
3030,2.20801319
3031,2.33178580
3032,1.04173919
3033,2.15327163
3034,0.31376600
3035,0.62683310
3036,1.48189691
3037,1.80077282
3038,0.52528518
3039,1.53203144
3040,1.64000675
3041,0.32048250
3042,2.09538981
3043,1.48480266
3044,0.98472665
3045,2.20098143
3046,0.14883043
3047,1.16992477
3048,0.64849001
3049,2.00152183
3050,0.77315586
3051,0.10838357
3052,2.46067731
3053,0.79214242
3054,1.55646800
3055,1.63219049
3056,2.01927852
3057,1.42987686
3058,1.07516253
3059,2.33063791
3060,0.67081710
3061,1.31508222
3062,1.47692104
3063,0.97316583
3064,2.35380155
3065,1.09455817
3066,0.20017093
3067,0.89516874
3068,2.42818910
3069,0.74332528
3070,1.26265891
3071,0.89219582
3072,0.93848339
3073,0.42650371
3074,1.30065990
3075,0.41168816
3076,1.76178446
3077,0.32871007
3078,0.58370392
3079,0.62621230
3080,0.97783236
3081,0.36146644
3082,0.13596091
3083,1.26996674
3084,0.96080263
3085,1.59206990
3086,1.72873226
3087,0.71102810
3088,0.36439648
3089,1.45993665
3090,0.91885535
3091,1.80818933
3092,0.37718671
3093,1.48211695
3094,1.93242375
3095,2.00394458
3096,1.50188223
3097,1.82952883
3098,1.14360232
3099,1.98959834
3100,1.45706584
3101,2.29346879
3102,1.05614622
3103,1.34828420
3104,2.02478848
3105,0.12885670
3106,0.31050340
3107,1.60827083
3108,0.48064458
3109,0.31313533
3110,0.68129470
3111,2.18156825
3112,1.51904679
3113,1.22154565
3114,2.34507691
3115,1.27222250
3116,1.93393032
3117,0.22316470
3118,0.40043497
3119,0.08373358
3120,0.94721590
3121,2.06050552
3122,2.31180147
3123,1.68082979
3124,1.84363854
3125,0.66947340
3126,0.07734920
3127,1.00694598
3128,0.64345680
3129,0.44946938
3130,0.81734679
3131,2.31197378
3132,0.11553799
3133,1.10894301
3134,1.26122678
3135,0.75078429
3136,2.26155482
3137,0.39044190
3138,1.25087660
3139,1.41406106
3140,2.02246071
3141,1.18790492
3142,0.64650173
3143,2.24462563
3144,2.11724294
3145,0.12583170
3146,0.84580158
3147,0.81496103
3148,1.59890129
3149,2.02799166
3150,0.98376978
3151,2.35437016
3152,0.43967859
3153,1.07540512
3154,0.15540201
3155,2.32759717
3156,1.89663112
3157,0.81176329
3158,1.73114797
3159,0.33579446
3160,2.36672429
3161,0.31354239
3162,1.43797611
3163,2.32133332
3164,0.24684290
3165,1.37522144
3166,1.38212881
3167,0.72839052
3168,2.06912516
3169,2.05697273
3170,0.30725977
3171,0.35062234
3172,0.86719438
3173,1.75295237
3174,0.66894379
3175,0.86958701
3176,0.59798915
3177,0.96773389
3178,0.67875564
3179,1.75757076
3180,0.41167681
3181,1.83869898
3182,1.99588349
3183,0.00320177
3184,1.66365869
3185,2.36082958
3186,1.83838797
3187,2.05993958
3188,1.49364693
3189,1.40954110
3190,1.79099414
3191,0.22294161
3192,0.66453777
3193,0.31423055
3194,1.91311009
3195,2.38568198
3196,1.05173694
3197,0.84997593
3198,1.58611327
3199,1.81629347
3200,2.14452236
3201,1.29496950
3202,1.18126851
3203,0.22752163
3204,2.22103880
3205,0.53291313
3206,0.62883764
3207,0.16801898
3208,0.73375062
3209,1.88117381
3210,0.18820539
3211,0.45466489
3212,1.34766337
3213,0.92131765
3214,0.45130149
3215,1.56159382
3216,1.98799355
3217,2.26076159
3218,2.43038280
3219,2.24695022
3220,0.20640952
3221,1.31620450
3222,2.15753595
3223,0.63467865
3224,1.46686930
3225,0.39983810
3226,0.62959159
3227,0.26986508
3228,1.48456732
3229,0.45014437
3230,1.46420904
3231,0.91708767
3232,1.05862407
3233,0.24032353
3234,2.10569073
3235,0.11063210
3236,1.64540206
3237,0.12339106
3238,2.15973203
3239,1.62449184
3240,1.11961378
3241,1.77990866
3242,1.21495490
3243,1.11053145
3244,1.57293940
3245,2.28639961
3246,1.91170958
3247,1.82868656
3248,0.53392627
3249,1.30123599
3250,0.85764228
3251,2.40372669
3252,2.14233701
3253,1.99793574
3254,1.00077448
3255,1.86380826
3256,1.92219780
3257,2.07670322
3258,1.27271435
3259,1.76331306
3260,1.95711625
3261,0.62111443
3262,1.02620726
3263,0.24834118
3264,1.12166067
3265,0.54519366
3266,2.26321417
3267,0.19806285
3268,1.77422962
3269,2.28418338
3270,1.53134218
3271,0.16375918
3272,0.70237654
3273,0.78054600
3274,0.08633875
3275,0.73825917
3276,1.51583538
3277,1.71970841
3278,1.61238975
3279,1.50734619
3280,1.52268243
3281,2.33563762
3282,2.33247532
3283,0.24865407
3284,2.16875447
3285,2.15990107
3286,1.58494724
3287,1.17146541
3288,1.11468787
3289,0.07223942
3290,2.20277224
3291,1.09803457
3292,1.77627419
3293,1.56297493
3294,0.91750132
3295,0.33601801
3296,0.77026053
3297,1.33775643
3298,0.68547970
3299,0.67542898
3300,1.95656386
3301,0.84491555
3302,0.15379187
3303,0.30883077
3304,0.47049031
3305,0.52391555
3306,2.35742060
3307,1.14735492
3308,2.14924785
3309,0.01156466
3310,0.94921913
3311,1.41282568
3312,1.35696013
3313,1.09014225
3314,1.09994820
3315,1.97859814
3316,2.24109324
3317,0.86962816
3318,0.40996269
3319,1.70992241
3320,0.18200017
3321,0.58443067
3322,0.97995673
3323,2.34051128
3324,1.10375994
3325,0.85195549
3326,1.82788424
3327,0.14560348
3328,0.62625161
3329,0.26981231
3330,2.26279087
3331,2.01205989
3332,1.12544053
3333,0.91858546
3334,1.35002514
3335,1.20448960
3336,2.13493742
3337,1.81751219
3338,1.52665501
3339,0.36035690
3340,1.43512139
3341,1.98456172
3342,1.40359673
3343,0.48839519
3344,0.64949056
3345,1.22719337
3346,0.50478334
3347,0.22849882
3348,1.57897052
3349,0.66646345
3350,2.38449743
3351,1.24815592
3352,0.90633234
3353,0.01718168
3354,0.82394016
3355,1.73435586
3356,1.27619830
3357,2.09777781
3358,0.65131024
3359,0.58720226
3360,2.09630881
3361,1.54483157
3362,0.81922463
3363,1.45502010
3364,2.01287283
3365,0.79237973
3366,0.34776998
3367,0.60113650
3368,1.84830191
3369,0.26873140
3370,2.28838213
3371,1.56143135
3372,1.15726122
3373,0.69841799
3374,1.86884052
3375,1.67272881
3376,1.65813062
3377,2.30918296
3378,0.23801445
3379,2.10862549
3380,1.79379383
3381,0.72465300
3382,1.60062831
3383,0.64483513
3384,0.02285805
3385,1.01035164
3386,0.44500590
3387,2.17032143
3388,1.82785520
3389,1.49067795
3390,2.32362501
3391,1.58225191
3392,2.17036313
3393,0.13850282
3394,0.97758642
3395,0.05464291
3396,0.22024505
3397,1.91109531
3398,0.64590219
3399,0.28062280
3400,1.97103484
3401,0.97278740
3402,0.05152676
3403,1.30484994
3404,2.26287840
3405,0.59748837
3406,0.32125420
3407,0.26240729
3408,1.47398106
3409,0.64789517
3410,1.41824543
3411,1.56082001
3412,0.47186912
3413,1.56346672
3414,1.04235931
3415,1.97006704
3416,1.84895770
3417,1.74132302
3418,1.53199143
3419,1.83864008
3420,0.17677761
3421,1.85788840
3422,1.14552956
3423,2.14277212
3424,1.81052116
3425,1.73807291
3426,0.89767893
3427,2.02352408
3428,0.08380814
3429,0.69738981
3430,1.68068713
3431,0.28711606
3432,2.10228502
3433,1.60192769
3434,0.30567123
3435,1.79892153
3436,2.16271225
3437,2.23284669
3438,1.04940797
3439,1.40979526
3440,0.78678365
3441,2.15842670
3442,1.87096657
3443,2.11155202
3444,0.30831738
3445,1.62995391
3446,1.24280703
3447,0.73424821
3448,1.81194482
3449,0.73716232
3450,0.92488585
3451,1.76834768
3452,0.58271376
3453,2.14617099
3454,1.43630237
3455,1.05008669
3456,0.27307421
3457,0.45080799
3458,1.68181781
3459,1.01092092
3460,0.57519655
3461,0.44570806
3462,0.41895236
3463,0.75893934
3464,0.89343320
3465,1.16369838
3466,0.41241333
3467,2.05184040
3468,0.07733782
3469,0.55748150
3470,1.53567783
3471,1.44025702
3472,0.18483613
3473,2.40909433
3474,1.02978244
3475,1.98391832
3476,2.33822964
3477,0.93110492
3478,0.79683439
3479,0.30253217
3480,0.28017467
3481,2.06557761
3482,1.34975829
3483,0.91174012
3484,1.80244620
3485,0.04333805
3486,0.88998355
3487,1.98630085
3488,0.58124026
3489,1.44200626
3490,1.93296887
3491,0.54261332
3492,1.00077416
3493,0.41218047
3494,2.17962650
3495,2.00563781
3496,1.92123444
3497,0.40511097
3498,0.00313370
3499,0.55763196
3500,1.10427968
3501,2.36692706
3502,0.46474727
3503,0.31554625
3504,1.65413427
3505,0.69247313
3506,2.15031309
3507,2.16732036
3508,0.60325846
3509,1.02316694
3510,0.55032032
3511,2.06729125
3512,1.56800080
3513,2.26693955
3514,0.08607806
3515,2.01082649
3516,0.59164359
3517,2.28302430
3518,0.27500049
3519,1.77186721
3520,1.93427002
3521,1.09410373
3522,1.32713782
3523,1.69609407
3524,0.19552621
3525,1.96667396
3526,1.80408314
3527,0.69644316
3528,2.01026378
3529,2.10078144
3530,0.99785354
3531,1.30422925
3532,0.27336662
3533,0.70013233
3534,1.58725156
3535,1.29814351
3536,0.96728892
3537,0.35577004
3538,2.39403860
3539,0.94222493
3540,0.97615548
3541,0.73458991
3542,0.46362463
3543,0.56727208
3544,0.23180181
3545,0.92194187
3546,1.22582781
3547,1.57115824
3548,0.71292751
3549,2.03473748
3550,1.17273355
3551,2.24803930
3552,1.21243027
3553,1.13627316
3554,2.15036693
3555,1.38973170
3556,1.62449743
3557,1.24469538
3558,1.36460360
3559,1.42072358
3560,1.11908045
3561,2.18475657
3562,1.22325383
3563,0.83069801
3564,0.71275681
3565,0.91638386
3566,1.90242914
3567,1.40747563
3568,0.06876932
3569,2.29853448
3570,1.01238106
3571,1.86776950
3572,0.25590660
3573,2.43774809
3574,0.40353923
3575,2.26856617
3576,2.27750102
3577,0.67683502
3578,0.42702002
3579,1.07082598
3580,0.10540938
3581,0.58698032
3582,0.86066214
3583,1.28952443
3584,0.32430552
3585,2.02001420
3586,0.29187331
3587,0.81222351
3588,1.71369396
3589,0.39061747
3590,1.53415014
3591,1.63309653
3592,2.08753641
3593,1.36754188
3594,0.66169561
3595,1.97264508
3596,1.72522121
3597,1.56573189
3598,0.53560488
3599,0.11918417
3600,0.23602714
3601,2.35123215
3602,2.43914920
3603,2.39084659
3604,0.91006456
3605,0.98691135
3606,2.35845099
3607,0.17357344
3608,1.59910996
3609,1.13740242
3610,0.89775753
3611,1.20949268
3612,2.20509411
3613,2.05290780
3614,1.47163746
3615,0.91169246
3616,0.48872403
3617,0.72777328
3618,2.18716706
3619,1.87898175
3620,2.04085660
3621,2.13748623
3622,0.34266699
3623,2.06305555
3624,2.34443163
3625,1.36960222
3626,1.06053897
3627,0.56566668
3628,0.51530763
3629,0.04136125
3630,0.42593056
3631,1.04764842
3632,1.64035544
3633,1.69601565
3634,2.41502370
3635,2.45733067
3636,0.33668308
3637,1.12702948
3638,1.35370705
3639,0.06262758
3640,1.16209774
3641,1.88174308
3642,0.26976157
3643,1.87066213
3644,2.29389919
3645,0.44893561
3646,1.76015988
3647,2.11427310
3648,1.47668835
3649,2.26470462
3650,0.97518692
3651,0.59266988
3652,1.87301186
3653,0.58651932
3654,2.33298581
3655,0.46188416
3656,1.44042092
3657,2.12437938
3658,0.88737401
3659,0.50624570
3660,1.43716226
3661,0.54151516
3662,1.49824145
3663,1.85950089
3664,0.67109841
3665,0.18160393
3666,2.21128552
3667,0.33340314
3668,1.74135387
3669,1.29847433
3670,0.79259203
3671,0.30814441
3672,1.41750280
3673,0.84287762
3674,1.37996702
3675,2.18489912
3676,1.67928276
3677,1.85359405
3678,0.94768136
3679,1.05408016
3680,1.76294007
3681,0.97041984
3682,2.39689299
3683,1.91870671
3684,1.76940617
3685,2.41236358
3686,0.60134289
3687,2.16944172
3688,2.24002314
3689,0.60530240
3690,2.03093237
3691,0.57981561
3692,1.51996138
3693,1.95312258
3694,0.32867462
3695,1.14170639
3696,0.26026278
3697,1.32663496
3698,0.96976616
3699,0.48959815
3700,0.33161746
3701,0.88187474
3702,0.33078569
3703,1.56488842
3704,0.44691210
3705,0.43662618
3706,1.35526629
3707,0.23782839
3708,0.84117092
3709,0.90682639
3710,2.13846917
3711,0.78637853
3712,0.64096443
3713,0.50519092
3714,0.04371699
3715,2.38417533
3716,1.59333375
3717,0.15532689
3718,2.32432912
3719,1.51861327
3720,0.18245540
3721,0.36465683
3722,0.05165990
3723,1.35754939
3724,1.38461936
3725,2.02850603
3726,0.80642465
3727,2.20438311
3728,0.63616461
3729,0.77160580
3730,0.64696845
3731,1.80055162
3732,0.60999624
3733,1.63500065
3734,1.50777439
3735,2.03547071
3736,0.03485719
3737,2.26373546
3738,1.43289107
3739,0.93617770
3740,0.40441084
3741,1.16552693
3742,0.34379512
3743,1.22814298
3744,0.08665901
3745,0.09605645
3746,0.00906779
3747,1.40671256
3748,0.20993497
3749,0.15500674
3750,1.79360096
3751,0.28013918
3752,1.60730058
3753,0.62731349
3754,0.30347862
3755,1.48481174
3756,1.28226939
3757,0.40965621
3758,1.81965722
3759,0.64638540
3760,1.57322611
3761,2.37057667
3762,0.17100296
3763,1.95341149
3764,1.28185761
3765,0.59035386
3766,1.38448597
3767,1.55247553
3768,1.51471443
3769,2.38699715
3770,1.55575666
3771,2.03450934
3772,1.69670860
3773,1.47717940
3774,0.11445405
3775,0.56287783
3776,1.69091054
3777,0.29171712
3778,2.32572667
3779,0.55204930
3780,2.42756649
3781,1.51087848
3782,1.92944692
3783,1.86657028
3784,0.05863217
3785,0.55178774
3786,1.92514523
3787,1.59448031
3788,2.10714526
3789,0.34600387
3790,0.92193909
3791,2.31866203
3792,0.94723794
3793,0.60103649
3794,1.23567416
3795,0.71125678
3796,2.22933182
3797,1.95865489
3798,1.34900863
3799,0.66442800
3800,1.58551411
3801,1.62681152
3802,0.10834214
3803,1.77906718
3804,1.99657211
3805,0.29285955
3806,1.30994979
3807,1.55268262
3808,1.99069503
3809,1.00711085
3810,0.05660709
3811,2.16383198
3812,0.82687599
3813,1.94780614
3814,0.23145421
3815,1.97075354
3816,0.27197201
3817,1.73027688
3818,0.18636547
3819,1.70757895
3820,1.28552469
3821,1.93287644
3822,1.66251914
3823,1.51847229
3824,1.08455582
3825,1.61691608
3826,0.90649764
3827,2.30062563
3828,2.04052216
3829,0.56437564
3830,0.44036163
3831,0.20631334
3832,2.14501627
3833,0.20781426
3834,1.40678359
3835,1.80564591
3836,0.80171753
3837,0.13093590
3838,1.14609002
3839,0.15118041
3840,0.25764827
3841,1.90636338
3842,1.32638056
3843,0.21510784
3844,0.08603508
3845,0.97295565
3846,0.38740585
3847,2.21482527
3848,1.69843518
3849,0.93028646
3850,2.10132922
3851,1.77198293
3852,0.49988715
3853,0.71992904
3854,2.16242864
3855,1.94627858
3856,0.68045267
3857,0.93922400
3858,0.22083504
3859,1.73210167
3860,0.42374321
3861,1.30974041
3862,0.43370098
3863,0.26072717
3864,0.23718413
3865,0.24149091
3866,2.36988975
3867,1.39831591
3868,0.29044466
3869,1.31994802
3870,2.19156248
3871,1.90092829
3872,0.06624102
3873,1.12377099
3874,0.72097787
3875,1.93414697
3876,1.25835465
3877,2.07859074
3878,1.55054577
3879,1.98554228
3880,2.12468888
3881,2.09606582
3882,2.40169488
3883,0.96865429
3884,1.37127451
3885,1.97365997
3886,1.52846984
3887,1.08899817
3888,2.17472808
3889,1.84356671
3890,1.06200701
3891,2.00263390
3892,0.24614696
3893,0.26811363
3894,0.38957802
3895,2.04646774
3896,0.96118791
3897,0.23131309
3898,0.94737505
3899,2.01969426
3900,2.03693934
3901,0.61054391
3902,2.07558357
3903,1.26747564
3904,0.95188242
3905,1.73379767
3906,1.34514002
3907,0.97116400
3908,0.06841369
3909,0.57382665
3910,2.25571779
3911,1.90779187
3912,2.37277932
3913,1.32436508
3914,0.20350818
3915,2.23216332
3916,1.69861770
3917,0.47814872
3918,0.76041151
3919,1.77401306
3920,1.65972940
3921,1.44235592
3922,2.39021933
3923,0.17331154
3924,0.59935968
3925,0.56203553
3926,0.77643739
3927,1.40960036
3928,1.06748154
3929,0.80023954
3930,0.87323611
3931,1.38688979
3932,1.07924148
3933,1.16580961
3934,1.34917428
3935,1.88610159
3936,0.48304356
3937,0.08723198
3938,0.50950397
3939,0.18070906
3940,1.90554993
3941,2.31322952
3942,2.11800355
3943,1.56501079
3944,0.58606431
3945,0.74012931
3946,1.82005141
3947,1.69580406
3948,0.24113026
3949,1.93279606
3950,0.56839091
3951,1.55581497
3952,2.40467075
3953,2.00022937
3954,2.04914148
3955,0.84191532
3956,2.43342524
3957,0.80183208
3958,2.23875568
3959,2.43436925
3960,0.41167675
3961,1.95658703
3962,1.26197909
3963,1.98969799
3964,2.12046409
3965,1.50391137
3966,1.22718780
3967,1.22429486
3968,1.57919037
3969,0.84185837
3970,2.28360607
3971,0.88143372
3972,0.98814554
3973,0.14678291
3974,1.37835869
3975,1.47860038
3976,2.04106943
3977,1.15517255
3978,1.46802454
3979,2.35143778
3980,1.29030653
3981,1.76165463
3982,1.36055175
3983,1.36385740
3984,0.39403642
3985,1.85461215
3986,1.73082172
3987,1.37925856
3988,0.28189842
3989,0.51868073
3990,0.56144759
3991,2.01650273
3992,0.24863456
3993,0.74648791
3994,0.99450692
3995,0.86341672
3996,1.55305989
3997,0.44708150
3998,0.51907951
3999,1.87291237
4000,0.55006497
4001,1.99167459
4002,1.83339195
4003,1.65429825
4004,1.60069140
4005,1.08553043
4006,1.15766859
4007,1.01265976
4008,2.32310648
4009,1.68069653
4010,0.32686566
4011,0.07396073
4012,1.30661476
4013,0.57787665
4014,0.37781998
4015,1.69600307
4016,1.84464408
4017,0.46445725
4018,1.56706144
4019,1.85505707
4020,1.81386502
4021,0.72584993
4022,0.56629843
4023,1.08692181
4024,1.11222365
4025,2.14895567
4026,0.88530136
4027,2.37491041
4028,1.28005721
4029,1.46686051
4030,1.43947007
4031,1.21979344
4032,0.64751580
4033,2.06758482
4034,1.53574803
4035,0.83431688
4036,0.20288321
4037,1.66227192
4038,1.53649182
4039,2.17676996
4040,0.71465713
4041,0.32150645
4042,1.43414762
4043,2.12528128
4044,2.38453332
4045,2.17469203
4046,1.99503517
4047,1.98594341
4048,1.08805821
4049,0.41169679
4050,0.16959950
4051,0.76280920
4052,0.70713744
4053,1.53945519
4054,0.67806592
4055,0.81490231
4056,0.64576068
4057,0.96847361
4058,1.61254343
4059,2.31418609
4060,0.41584847
4061,1.30943727
4062,0.99475249
4063,0.76714641
4064,1.25949223
4065,0.98799042
4066,2.24840797
4067,0.05935990
4068,1.35909781
4069,2.42392921
4070,0.69716271
4071,0.25650657
4072,0.24528614
4073,0.39029294
4074,2.25944979
4075,2.41475906
4076,1.58629385
4077,2.16705064
4078,0.57425832
4079,0.88918819
4080,1.84142204
4081,2.19918209
4082,1.39941247
4083,1.55988350
4084,1.64597510
4085,0.99374906
4086,0.63210123
4087,1.54080522
4088,1.58170538
4089,0.57863502
4090,1.06131345
4091,1.94814069
4092,0.45461872
4093,1.38597514
4094,2.42482041
4095,0.25353679
4096,0.08669129
4097,1.62119977
4098,0.45563848
4099,2.41818776
4100,1.52482749
4101,0.89791504
4102,2.20322681
4103,1.03261470
4104,0.47643519
4105,2.45859968
4106,0.90006776
4107,0.31936851
4108,2.41709949
4109,1.71087348
4110,1.41758031
4111,2.22712381
4112,0.53770584
4113,0.88104005
4114,1.95694326
4115,0.40960510
4116,0.61546774
4117,1.02258029
4118,1.59124348
4119,2.12954326
4120,0.07414414
4121,1.28707625
4122,0.45008154
4123,1.99473986
4124,1.40732016
4125,1.54086181
4126,1.42070544
4127,1.88081667
4128,1.30720324
4129,0.92148642
4130,2.39797757
4131,0.88257744
4132,2.27316347
4133,0.81460655
4134,0.19311866
4135,1.97779424
4136,0.82387108
4137,1.52334264
4138,2.23894023
4139,0.21279001
4140,0.04790629
4141,1.31190453
4142,0.83884455
4143,1.60886887
4144,2.33666256
4145,0.67827940
4146,0.52764296
4147,2.30057152
4148,1.39927516
4149,0.89745059
4150,0.07696931
4151,0.99852163
4152,2.07540535
4153,0.73744587
4154,0.08005507
4155,0.07324785
4156,0.10307146
4157,0.53930251
4158,0.53421646
4159,1.61835456
4160,1.04691688
4161,0.30857898
4162,0.39061552
4163,2.07129036
4164,1.85956313
4165,0.42042773
4166,0.55160313
4167,0.98016414
4168,1.54239291
4169,0.80914478
4170,1.91667574
4171,2.00407792
4172,0.81541558
4173,2.37909040
4174,1.56474380
4175,1.50504724
4176,0.88142190
4177,1.47778357
4178,0.62443824
4179,2.02864937
4180,1.20180957
4181,0.90223802
4182,1.44784563
4183,0.18619622
4184,1.75311170
4185,1.18514470
4186,0.53046855
4187,1.85677613
4188,0.33560850
4189,0.56378875
4190,1.35983474
4191,2.23036559
4192,0.30273698
4193,0.73027136
4194,0.89485985
4195,1.44139559
4196,2.33568709
4197,2.35981544
4198,0.82487293
4199,1.60140267
4200,1.46767617
4201,1.91128712
4202,0.58497008
4203,1.43534146
4204,0.46178020
4205,2.29957182
4206,0.25334196
4207,2.28985795
4208,0.14932853
4209,1.46042898
4210,1.32077829
4211,1.29189078
4212,0.45288367
4213,0.37006325
4214,1.06185849
4215,0.86847229
4216,0.86960001
4217,0.90468443
4218,0.46314049
4219,1.51878099
4220,1.31018194
4221,2.10883406
4222,2.17450419
4223,1.65227090
4224,0.82343491
4225,0.80289468
4226,1.97333094
4227,0.73188001
4228,2.19107992
4229,2.35439008
4230,2.17310729
4231,1.20997245
4232,1.07289328
4233,0.91383028
4234,0.74469234
4235,0.39191906
4236,1.63507367
4237,2.13574206
4238,1.92576231
4239,1.52827678
4240,1.99477929
4241,1.24648715
4242,0.75098482
4243,1.67436671
4244,0.10405503
4245,1.38373153
4246,1.95796682
4247,1.48715501
4248,0.32728193
4249,1.22388513
4250,1.49194807
4251,0.27534268
4252,1.81526132
4253,0.61605682
4254,2.12267264
4255,1.72491248
4256,1.52894041
4257,0.54418983
4258,1.68903181
4259,1.44152416
4260,2.36626228
4261,0.41088467
4262,1.31814607
4263,0.02791667
4264,1.75296965
4265,1.81431141
4266,0.83615852
4267,1.16518971
4268,1.65814501
4269,1.86052878
4270,1.39504607
4271,1.42425659
4272,1.94148151
4273,0.45023866
4274,1.94392626
4275,1.03573189
4276,1.36382107
4277,1.39244343
4278,1.56467292
4279,2.18658567
4280,2.23478241
4281,0.51859700
4282,1.66298085
4283,0.59061818
4284,1.55220110
4285,0.33926707
4286,1.13745088
4287,0.22163582
4288,0.59851539
4289,0.84220974
4290,0.69814320
4291,0.29886900
4292,1.11157737
4293,0.83096717
4294,0.05565836
4295,2.09190436
4296,0.24656305
4297,1.60768435
4298,1.79786531
4299,1.92407935
4300,2.33583006
4301,2.45349249
4302,1.76799834
4303,0.28971826
4304,2.16483942
4305,2.07644255
4306,1.74433873
4307,2.01984436
4308,2.41799783
4309,0.86628590
4310,1.07822354
4311,0.44076528
4312,0.69264465
4313,1.18408093
4314,0.26315264
4315,1.94494353
4316,2.45521592
4317,0.35693250
4318,0.48582494
4319,0.11105663
4320,0.64217214
4321,0.37571605
4322,0.13462783
4323,1.74119395
4324,0.72391360
4325,1.44705846
4326,0.23232925
4327,1.14949778
4328,1.53269344
4329,1.29758648
4330,1.75050646
4331,0.72613060
4332,1.84807202
4333,2.39916147
4334,0.56610671
4335,1.44639568
4336,1.52373439
4337,1.21421460
4338,2.14878857
4339,1.11900171
4340,0.34592624
4341,1.86226260
4342,1.14963745
4343,2.34840728
4344,0.39782272
4345,0.26551059
4346,0.00891735
4347,1.35168039
4348,0.16066107
4349,1.14408594
4350,0.78965906
4351,1.45677257
4352,1.50631806
4353,0.83130132
4354,1.08440835
4355,1.71865467
4356,1.48809646
4357,2.07181072
4358,1.77879630
4359,1.15746602
4360,0.15869386
4361,1.14632312
4362,1.17726628
4363,0.02148119
4364,0.75287049
4365,1.39385616
4366,1.04758542
4367,1.36263623
4368,0.72723986
4369,0.99483269
4370,0.27135697
4371,0.41940010
4372,1.48482205
4373,0.50123850
4374,2.01147373
4375,1.82294359
4376,1.90476603
4377,1.54762201
4378,0.50016134
4379,0.54826656
4380,1.97128253
4381,1.86596326
4382,0.15274935
4383,2.27823008
4384,1.37463784
4385,2.28681800
4386,1.23940929
4387,1.82253449
4388,0.58421460
4389,1.31307712
4390,1.54024034
4391,2.27099390
4392,0.08535203
4393,1.38330056
4394,1.66612167
4395,2.42385377
4396,2.16670155
4397,0.86614341
4398,0.07514930
4399,1.38579671
4400,2.15731230
4401,0.78541400
4402,2.32882094
4403,0.86264842
4404,1.36096740
4405,1.48206977
4406,1.60540735
4407,1.78716425
4408,0.44906624
4409,0.65953606
4410,2.35864131
4411,0.23269569
4412,1.97881081
4413,0.50391608
4414,0.58590044
4415,0.62330601
4416,1.77283372
4417,2.07737401
4418,2.30409499
4419,1.54693782
4420,0.21192662
4421,1.31513056
4422,0.72941484
4423,0.27353538
4424,0.41113421
4425,1.94474578
4426,2.28173614
4427,1.18127831
4428,0.25225488
4429,0.21592339
4430,1.81746801
4431,0.72864026
4432,0.99799371
4433,1.37410845
4434,1.36114303
4435,1.22903474
4436,0.39778766
4437,0.25285769
4438,0.65955920
4439,0.97522204
4440,2.42300291
4441,2.38370543
4442,1.24607167
4443,0.94839333
4444,2.40463069
4445,1.92223899
4446,1.43431876
4447,0.78508880
4448,2.36840984
4449,0.95632613
4450,1.14803917
4451,1.41789028
4452,1.98007377
4453,2.15751891
4454,0.16075879
4455,0.73475036
4456,0.10040845
4457,1.40527025
4458,1.08956013
4459,2.24750418
4460,1.27951041
4461,0.67930527
4462,0.41547243
4463,1.06424647
4464,1.79430297
4465,0.92109418
4466,1.04753138
4467,1.77938200
4468,1.04097585
4469,0.89166338
4470,1.95220690
4471,0.59373831
4472,0.94248065
4473,0.52952109
4474,0.57461288
4475,1.18461474
4476,1.45439216
4477,2.17218465
4478,0.08377968
4479,2.32536725
4480,1.93585014
4481,1.76761788
4482,1.22255429
4483,2.39475612
4484,1.38510544
4485,0.83510552
4486,1.34811655
4487,2.19608328
4488,2.09751544
4489,0.51555141
4490,1.01456816
4491,1.96153987
4492,2.29212349
4493,0.46549611
4494,1.44200744
4495,1.12605313
4496,1.23255349
4497,1.76474450
4498,0.20234834
4499,0.95441108
4500,2.03539153
4501,0.02570979
4502,0.66142120
4503,1.72095812
4504,1.85002121
4505,2.31513950
4506,0.50671895
4507,0.44098025
4508,1.30450964
4509,2.22063114
4510,0.35621378
4511,0.31070474
4512,2.42975776
4513,1.17366672
4514,0.26293166
4515,0.65390784
4516,2.01394406
4517,0.66283499
4518,0.49057211
4519,0.36334482
4520,0.66078698
4521,0.99862942
4522,1.34948688
4523,2.41669363
4524,2.07285691
4525,0.26184132
4526,0.47138731
4527,0.72591863
4528,1.58286973
4529,0.77415435
4530,1.02969217
4531,1.35198445
4532,1.02021938
4533,0.08566945
4534,0.52823551
4535,1.36682721
4536,0.75573025
4537,1.44147446
4538,0.17819968
4539,1.92872870
4540,0.78626844
4541,0.32686881
4542,0.14622319
4543,1.77844701
4544,2.19131129
4545,0.49313254
4546,0.95430973
4547,0.25703210
4548,0.43605668
4549,1.60907783
4550,1.34925515
4551,1.29861229
4552,0.90945793
4553,0.62117733
4554,0.56886594
4555,0.51928388
4556,0.13891224
4557,1.24890336
4558,0.15548358
4559,1.60863313
4560,0.57485493
4561,1.81614496
4562,0.57224553
4563,2.34841910
4564,1.47987295
4565,0.59924262
4566,2.04336319
4567,1.28048579
4568,1.07055133
4569,2.18985447
4570,0.79398185
4571,0.45709995
4572,0.68616798
4573,2.40907573
4574,0.15285815
4575,0.49766301
4576,0.08092566
4577,2.07993489
4578,2.23828520
4579,1.86719888
4580,2.26654562
4581,1.26139194
4582,0.34623755
4583,0.67039477
4584,0.45042219
4585,0.62184104
4586,1.11183185
4587,1.47820858
4588,2.17805569
4589,0.81616504
4590,2.05662783
4591,1.65962255
4592,2.20023571
4593,1.53417129
4594,1.20616946
4595,1.77964458
4596,0.26294346
4597,0.86599530
4598,1.55120606
4599,0.95723299
4600,0.50029157
4601,0.11100271
4602,1.03067457
4603,0.85441320
4604,0.52441231
4605,0.20712815
4606,0.56276505
4607,1.61072619
4608,1.95924000
4609,2.14693618
4610,2.45700965
4611,0.98284130
4612,1.33976677
4613,0.62275069
4614,1.33591961
4615,1.13549600
4616,1.47579883
4617,1.15647605
4618,1.73323415
4619,1.95765600
4620,0.80959927
4621,0.22577446
4622,0.63386679
4623,0.86768581
4624,2.41336780
4625,0.62575657
4626,1.56156114
4627,1.97211703
4628,2.40467314
4629,2.40523237
4630,0.10544204
4631,0.00142526
4632,1.10537670
4633,2.03771134
4634,0.93855271
4635,2.00094977
4636,0.11245201
4637,0.12446518
4638,0.86733061
4639,1.06800670
4640,2.27058164
4641,0.02293570
4642,1.90414446
4643,0.74486343
4644,0.53175239
4645,1.51654398
4646,1.84230798
4647,2.00226573
4648,0.58736462
4649,1.00367708
4650,2.08271892
4651,0.61073489
4652,1.59797939
4653,2.00093207
4654,0.14354710
4655,1.17487056
4656,0.12847290
4657,2.23781980
4658,2.19562244
4659,1.49931192
4660,0.19286879
4661,1.35865468
4662,0.83540053
4663,2.30773099
4664,0.03030211
4665,0.49585320
4666,0.61447817
4667,0.41220724
4668,0.50773534
4669,0.51088228
4670,0.93024856
4671,0.78814459
4672,1.79405515
4673,0.22906536
4674,1.01346946
4675,1.61580784
4676,1.27751357
4677,0.65224534
4678,0.45875963
4679,2.21005671
4680,1.22219988
4681,0.95800027
4682,2.19042713
4683,0.71229947
4684,1.16178343
4685,1.32539972
4686,1.13120102
4687,0.57296010
4688,2.19727193
4689,0.09397408
4690,1.34357716
4691,0.25894841
4692,2.27016877
4693,0.69521940
4694,0.77107889
4695,0.22840768
4696,1.14741128
4697,1.57636562
4698,1.82719804
4699,1.61807418
4700,1.12444739
4701,1.88119313
4702,2.20928712
4703,0.04722136
4704,0.82442280
4705,1.16574025
4706,0.71116593
4707,0.96689645
4708,1.01745505
4709,0.47263647
4710,1.90774831
4711,1.82598658
4712,1.85715365
4713,1.11547993
4714,1.03851808
4715,1.27783400
4716,1.77599772
4717,0.00192496
4718,1.27603855
4719,0.88114015
4720,0.09094864
4721,1.51857242
4722,1.36013934
4723,1.33532959
4724,2.40214915
4725,2.19628660
4726,1.63631764
4727,0.85770284
4728,1.16677003
4729,2.40735141
4730,0.85513445
4731,0.84905248
4732,0.36533324
4733,0.80911841
4734,1.17417768
4735,1.66326980
4736,0.62680213
4737,1.90626186
4738,0.62430547
4739,0.73126836
4740,2.33633907
4741,1.67588138
4742,2.04195874
4743,1.84196411
4744,0.98706855
4745,1.63133167
4746,1.60149525
4747,1.27078241
4748,0.15547493
4749,0.48243965
4750,1.87316163
4751,0.42515874
4752,1.97614783
4753,1.59214018
4754,1.05246956
4755,1.29564532
4756,0.85006712
4757,0.76755677
4758,1.51277630
4759,0.04674346
4760,2.15179157
4761,2.29689461
4762,0.56722428
4763,2.43142617
4764,0.34312145
4765,1.22523870
4766,1.07482939
4767,1.53913896
4768,1.49918832
4769,1.90953045
4770,0.60742972
4771,1.02186113
4772,0.02530031
4773,0.78213578
4774,1.64346012
4775,1.33108829
4776,2.18189600
4777,1.21763071
4778,2.35158087
4779,1.11124671
4780,0.32894268
4781,2.00945167
4782,0.22667734
4783,2.06728369
4784,0.74452889
4785,0.46167879
4786,1.79490813
4787,0.30619625
4788,0.05270689
4789,0.63720092
4790,1.75275172
4791,0.28865505
4792,2.28690818
4793,0.35491663
4794,2.17356769
4795,0.49100817
4796,0.01218687
4797,1.49117922
4798,2.09279201
4799,1.37127135
4800,2.05258438
4801,0.55318431
4802,1.70511276
4803,0.18075106
4804,1.68244226
4805,0.86424945
4806,1.15261550
4807,1.08617180
4808,0.39097847
4809,1.61841712
4810,0.26045118
4811,1.13962324
4812,0.23866202
4813,1.36839851
4814,1.69541785
4815,1.06079249
4816,0.48520606
4817,0.27705640
4818,0.41778313
4819,0.58793282
4820,0.01698679
4821,0.53409184
4822,2.41763772
4823,2.04694795
4824,1.11281983
4825,1.19481729
4826,1.74015921
4827,1.07665086
4828,0.54990336
4829,1.27787008
4830,1.25201886
4831,1.47015312
4832,0.41244960
4833,0.51702956
4834,1.17322166
4835,0.30912374
4836,0.55535349
4837,2.03381668
4838,0.28880621
4839,1.04911628
4840,0.87464102
4841,1.41822322
4842,1.07464711
4843,1.45642414
4844,1.19910177
4845,1.24563421
4846,2.08801628
4847,2.05643478
4848,0.65804586
4849,2.28011726
4850,0.82112030
4851,2.24171556
4852,1.86736311
4853,2.43859335
4854,1.03793554
4855,0.87505182
4856,0.60594798
4857,0.06541485
4858,0.40395620
4859,1.22652870
4860,0.03263375
4861,1.22534439
4862,2.01742416
4863,0.76013839
4864,0.68913027
4865,0.60381940
4866,2.22021098
4867,1.55567333
4868,0.78569036
4869,2.30538951
4870,1.23116598
4871,2.35355270
4872,0.64777362
4873,2.11463265
4874,1.20517677
4875,1.83403617
4876,1.52855038
4877,1.80308821
4878,2.30733874
4879,1.83622202
4880,1.36383554
4881,1.96384237
4882,0.09977778
4883,0.78046264
4884,2.36293364
4885,0.63506927
4886,1.53105377
4887,2.27013441
4888,2.13571796
4889,2.01189900
4890,0.45674879
4891,1.11709533
4892,0.70038345
4893,0.74565929
4894,2.22570487
4895,0.30771988
4896,2.43946359
4897,0.81609693
4898,1.63878367
4899,0.83094094
4900,0.09001373
4901,1.83998705
4902,0.08764712
4903,1.97131411
4904,0.41256742
4905,1.87263142
4906,1.22634388
4907,0.51545357
4908,1.80779381
4909,2.08134194
4910,1.52776383
4911,0.67951216
4912,1.17834148
4913,1.22184516
4914,2.04416740
4915,0.22190102
4916,1.92110633
4917,0.24170438
4918,0.56174934
4919,1.78270620
4920,2.39185143
4921,1.04494975
4922,2.20856501
4923,0.70885048
4924,0.18576388
4925,0.30993828
4926,1.62557961
4927,1.16978459
4928,0.06502204
4929,1.40705477
4930,1.66089996
4931,2.43852782
4932,1.76274493
4933,0.64491710
4934,1.63597575
4935,1.83257400
4936,0.19422695
4937,2.22487621
4938,0.47242441
4939,0.24463298
4940,0.57257381
4941,0.21527840
4942,1.64977367
4943,1.17140616
4944,0.66534215
4945,2.16431052
4946,0.49584918
4947,1.18328901
4948,1.36678052
4949,1.55313555
4950,2.03725240
4951,1.46513694
4952,1.99184284
4953,1.50786792
4954,0.07611154
4955,1.23767585
4956,2.42390783
4957,2.12738655
4958,0.75380900
4959,0.37449253
4960,0.11842186
4961,1.94584654
4962,0.17140947
4963,0.66931305
4964,1.69922307
4965,2.28670153
4966,1.94240343
4967,2.31644118
4968,0.58483025
4969,0.30886703
4970,1.08935609
4971,0.19048993
4972,2.10431042
4973,0.77014927
4974,1.30516454
4975,0.79234289
4976,0.01311886
4977,1.98163155
4978,0.07033245
4979,0.05282219
4980,0.30160886
4981,2.31801615
4982,0.53400798
4983,1.09975932
4984,0.55481690
4985,2.21024396
4986,1.21094908
4987,1.37878676
4988,0.87436140
4989,0.79391660
4990,2.31489562
4991,0.47055184
4992,0.16929032
4993,0.30732830
4994,1.27061743
4995,1.75747754
4996,0.20632071
4997,1.70900874
4998,0.63857054
4999,2.22676627
5000,0.62099100
5001,0.34922382
5002,2.19749295
5003,0.49661640
5004,2.24540318
5005,0.20559765
5006,0.76129025
5007,0.27835972
5008,0.80057653
5009,2.01581439
5010,2.34710700
5011,1.93739478
5012,0.51672522
5013,1.86539988
5014,0.26552928
5015,0.25084777
5016,1.22824791
5017,2.06230803
5018,1.31942170
5019,0.87736626
5020,0.60337727
5021,0.07088295
5022,0.35652392
5023,1.09890599
5024,1.48876303
5025,1.39019042
5026,0.79857905
5027,1.64735831
5028,0.58171469
5029,2.44308174
5030,2.21800668
5031,0.12518043
5032,1.77416633
5033,2.40118659
5034,2.26630142
5035,0.37045621
5036,0.89459371
5037,1.82416134
5038,0.32448094
5039,0.28818186
5040,0.90914821
5041,0.38904710
5042,0.01527275
5043,0.15618604
5044,2.05061195
5045,0.29214155
5046,1.58455744
5047,0.09795422
5048,0.71107472
5049,0.46951952
5050,2.24566498
5051,0.12152570
5052,0.99451122
5053,0.06863911
5054,2.31460610
5055,0.82396162
5056,1.88278265
5057,1.95302971
5058,0.75956710
5059,1.97516796
5060,1.01888836
5061,2.35611663
5062,1.56789710
5063,0.20810708
5064,1.84001583
5065,0.25525848
5066,2.23475070
5067,0.72661810
5068,0.37080232
5069,0.37133654
5070,2.35201191
5071,0.32212333
5072,0.93301357
5073,0.02516715
5074,2.45225159
5075,2.44130745
5076,0.28275826
5077,1.07720043
5078,1.07410511
5079,0.29595376
5080,1.74745760
5081,1.60957175
5082,0.70035054
5083,1.25689694
5084,1.82653253
5085,0.50768094
5086,2.33618976
5087,1.15635595
5088,1.27307933
5089,0.08156156
5090,0.15692987
5091,2.39968202
5092,0.03589010
5093,0.84814092
5094,1.22037695
5095,0.08056169
5096,1.97795873
5097,0.18474821
5098,1.54142285
5099,1.12666753
5100,0.08755874
5101,1.66374033
5102,2.00461092
5103,0.58248505
5104,1.66438729
5105,0.14504509
5106,0.21752778
5107,0.94257844
5108,2.32559263
5109,0.14207543
5110,1.59602926
5111,1.68305768
5112,0.06155631
5113,0.67359351
5114,0.41312167
5115,0.10406265
5116,1.15473473
5117,0.25324965
5118,0.46525505
5119,1.75335467
5120,0.06184689
5121,2.04922740
5122,1.09736115
5123,1.45737535
5124,2.30865262
5125,0.60875919
5126,1.37688226
5127,1.91549194
5128,1.68702984
5129,2.38941994
5130,2.01210117
5131,0.57480121
5132,0.99063589
5133,1.36936281
5134,0.82940442
5135,2.28780281
5136,1.39171156
5137,1.60722234
5138,0.77875612
5139,1.86676641
5140,1.23351320
5141,1.01903240
5142,2.43521004
5143,0.27390392
5144,0.15202757
5145,1.07465411
5146,1.73446813
5147,0.71216168
5148,2.33424050
5149,1.72087351
5150,0.86170272
5151,0.11639100
5152,2.42387414
5153,2.06350867
5154,0.61051161
5155,1.99537085
5156,1.72874910
5157,1.78025655
5158,1.53162830
5159,2.34269711
5160,1.25789201
5161,1.54224072
5162,0.35814198
5163,1.06027196
5164,0.38761813
5165,1.51599650
5166,1.69438594
5167,0.44310278
5168,0.50483377
5169,1.54065765
5170,1.23430939
5171,1.61640165
5172,1.57652874
5173,0.47033338
5174,1.70053580
5175,0.81489679
5176,2.39111847
5177,0.65436537
5178,1.88449102
5179,0.33416445
5180,2.10933554
5181,1.18272286
5182,0.66796788
5183,1.23888262
5184,2.32771238
5185,1.30161752
5186,1.60632146
5187,0.27126998
5188,1.82021092
5189,1.49045874
5190,0.11547304
5191,1.79483452
5192,1.23778847
5193,0.59916424
5194,1.23587498
5195,1.80506520
5196,0.94633362
5197,0.01658907
5198,0.87935077
5199,0.31508551
5200,1.43521440
5201,1.98780338
5202,2.30013501
5203,1.76486468
5204,1.46256476
5205,1.12254763
5206,0.77155294
5207,0.23578620
5208,1.12593316
5209,1.56408539
5210,1.00026286
5211,0.00674316
5212,1.60088114
5213,0.57973920
5214,1.97162745
5215,0.78089515
5216,1.92306715
5217,0.77270898
5218,2.36951914
5219,2.24891637
5220,1.82886467
5221,2.20030360
5222,0.01527965
5223,1.88134132
5224,1.23956192
5225,1.93849729
5226,0.38661450
5227,1.64894235
5228,1.07886344
5229,1.29764227
5230,0.28686089
5231,0.46500826
5232,0.21482095
5233,0.51885466
5234,2.08866371
5235,2.46325905
5236,1.89411407
5237,1.88346742
5238,1.09384563
5239,0.29855852
5240,1.48838083
5241,1.80181956
5242,0.76379290
5243,2.12388433
5244,0.70615639
5245,0.40332447
5246,1.05754107
5247,1.87105870
5248,0.76191117
5249,0.04305349
5250,1.50187921
5251,0.68534762
5252,2.26049298
5253,2.45788482
5254,2.03700786
5255,1.39040781
5256,1.91856758
5257,1.24661274
5258,0.38585301
5259,1.08695553
5260,1.42848462
5261,0.71976630
5262,1.14174766
5263,1.10082036
5264,0.59842650
5265,0.97625112
5266,1.86278957
5267,2.30008190
5268,1.29818682
5269,2.31988504
5270,2.03849179
5271,1.02556648
5272,1.54086193
5273,1.46456950
5274,0.75603636
5275,2.41919707
5276,2.27104849
5277,0.20326200
5278,0.52436074
5279,0.77584469
5280,1.31568424
5281,0.65798111
5282,0.68948853
5283,0.61312163
5284,0.47908851
5285,2.11108588
5286,2.31427554
5287,0.90289923
5288,1.59441958
5289,1.63496743
5290,1.59507482
5291,1.92700158
5292,0.71768496
5293,1.05769116
5294,0.68574623
5295,0.85506956
5296,1.50581217
5297,1.95341843
5298,1.61474828
5299,0.06681971
5300,1.53758075
5301,0.01094139
5302,0.53799035
5303,0.41221302
5304,0.47666744
5305,0.56752796
5306,2.09579275
5307,2.05505631
5308,2.08772638
5309,1.65049275
5310,1.06104747
5311,2.08749728
5312,0.18970692
5313,1.29055840
5314,2.03003844
5315,1.96485004
5316,0.31743262
5317,0.49245394
5318,0.67736185
5319,0.11210133
5320,2.18686969
5321,1.97968548
5322,0.51139914
5323,0.03168031
5324,0.10937930
5325,1.55351079
5326,1.80562526
5327,1.32452987
5328,1.65817310
5329,0.62073694
5330,2.17096532
5331,2.33633297
5332,1.29180894
5333,1.02591640
5334,1.67724199
5335,0.08411885
5336,0.64242382
5337,1.47131094
5338,0.08149458
5339,0.13341741
5340,0.19156427
5341,1.79610718
5342,1.30381468
5343,0.22831534
5344,1.62240359
5345,0.62740659
5346,2.16782683
5347,2.45246320
5348,2.19669106
5349,0.79832063
5350,0.20121706
5351,0.62187943
5352,1.32020848
5353,0.14512004
5354,2.11511692
5355,2.29633303
5356,1.54968696
5357,0.71305003
5358,0.75317020
5359,1.42554474
5360,2.30706478
5361,0.74103864
5362,1.62302658
5363,0.83364600
5364,0.43489603
5365,0.73846386
5366,0.28479336
5367,0.38538850
5368,1.61415813
5369,0.48183746
5370,1.27953441
5371,0.16129977
5372,0.89078052
5373,2.29777380
5374,1.58606213
5375,0.51997723
5376,1.34075304
5377,0.11563243
5378,0.85993104
5379,0.01013989
5380,0.87425395
5381,1.68774414
5382,0.62138644
5383,1.18856845
5384,1.48819075
5385,1.18296152
5386,0.96803977
5387,0.89840465
5388,0.52691620
5389,1.02403422
5390,1.68099722
5391,1.89230070
5392,1.59037844
5393,2.25608358
5394,1.68524530
5395,2.11849024
5396,2.34901986
5397,0.43819574
5398,0.55563013
5399,0.13188729
5400,0.15950967
5401,1.00490806
5402,1.77726779
5403,0.07184799
5404,1.75826480
5405,1.65038856
5406,2.42123731
5407,0.57136198
5408,0.46090617
5409,0.29355782
5410,0.03080427
5411,1.70373106
5412,1.95969275
5413,1.75624754
5414,1.79408264
5415,2.15570612
5416,0.70335874
5417,0.51785722
5418,2.20401171
5419,2.06526847
5420,1.43810929
5421,0.23147227
5422,0.85665625
5423,1.46542527
5424,2.34788414
5425,1.76666163
5426,0.40650270
5427,1.29505998
5428,1.13098302
5429,0.44904934
5430,2.25684420
5431,1.08123248
5432,1.26977369
5433,1.49524443
5434,1.45155555
5435,0.78979445
5436,0.19500047
5437,0.90293248
5438,1.20080724
5439,1.11850103
5440,1.79002994
5441,0.31644095
5442,1.17628730
5443,0.62089630
5444,0.15873526
5445,2.08009946
5446,1.38800938
5447,2.11259253
5448,0.42328134
5449,0.05827224
5450,0.22031455
5451,0.34357407
5452,1.89764689
5453,0.39369829
5454,1.27841938
5455,1.57315016
5456,0.99205022
5457,0.10839712
5458,0.37828990
5459,0.21014240
5460,2.29224987
5461,0.99670475
5462,1.19082952
5463,0.37392622
5464,2.00000650
5465,2.22903950
5466,2.07401817
5467,1.45780254
5468,0.51955594
5469,0.48603400
5470,0.10464244
5471,1.91668339
5472,0.01459678
5473,1.35780877
5474,1.63068197
5475,1.16880535
5476,1.00385550
5477,1.65702082
5478,0.09850645
5479,1.69193095
5480,0.73467134
5481,0.23066947
5482,0.64222371
5483,0.68411382
5484,2.39587963
5485,1.91263877
5486,1.31051090
5487,1.84475903
5488,1.26647584
5489,0.61568024
5490,2.10103386
5491,2.37426781
5492,0.24305337
5493,2.00657419
5494,0.87920248
5495,0.58807944
5496,0.43471150
5497,1.43068523
5498,0.23317094
5499,1.48265676
5500,0.94647385
5501,2.05304604
5502,0.42469734
5503,0.91773213
5504,0.61779097
5505,2.11819685
5506,1.42514679
5507,0.67506636
5508,0.70168745
5509,0.08258586
5510,0.14845584
5511,1.47413430
5512,1.77958144
5513,1.83828856
5514,0.61908333
5515,0.08614015
5516,0.95453989
5517,2.38909375
5518,1.47789166
5519,0.94012948
5520,0.31215727
5521,1.60850648
5522,2.40575623
5523,1.13365744
5524,1.41326936
5525,1.94705530
5526,0.24587005
5527,1.04421672
5528,1.65221653
5529,0.07557772
5530,0.41906683
5531,0.41580516
5532,1.41465222
5533,2.15482596
5534,1.74605818
5535,2.18984881
5536,0.29969489
5537,0.58807776
5538,2.34020484
5539,2.42640638
5540,0.45467154
5541,1.63738763
5542,1.71487553
5543,2.34132349
5544,2.27652554
5545,0.43382139
5546,1.18823438
5547,0.69783889
5548,0.99772609
5549,0.49868553
5550,0.85814340
5551,0.23150811
5552,0.96576546
5553,1.83332211
5554,2.26212622
5555,1.06530757
5556,2.20001259
5557,1.81134977
5558,0.82669958
5559,1.44589793
5560,2.25291898
5561,0.47277279
5562,1.06233108
5563,1.55595688
5564,1.40960762
5565,1.20316448
5566,1.37293932
5567,0.64339324
5568,0.94714290
5569,0.93769529
5570,1.09275235
5571,2.14014235
5572,1.91717687
5573,1.67843721
5574,0.97461950
5575,1.75355910
5576,2.38594574
5577,1.13001454
5578,2.29699777
5579,2.44714566
5580,1.26467529
5581,0.86184518
5582,1.54683052
5583,2.25510309
5584,0.52591499
5585,0.99904587
5586,2.45254606
5587,0.70654390
5588,0.10262098
5589,1.97696695
5590,0.57981071
5591,2.25151057
5592,0.73591072
5593,1.04843987
5594,1.26092556
5595,0.30124363
5596,0.15200451
5597,1.44481429
5598,0.91499640
5599,0.51859049
5600,1.67766564
5601,0.89774735
5602,1.81751909
5603,2.06890491
5604,0.51568569
5605,1.55425303
5606,1.13349619
5607,1.30950750
5608,1.64528079
5609,0.74275107
5610,1.15263603
5611,1.50285891
5612,1.08170006
5613,1.31037794
5614,1.77027296
5615,1.42502678
5616,0.50972554
5617,0.80048174
5618,1.35783034
5619,0.85971749
5620,0.20832769
5621,1.20849787
5622,0.28893710
5623,0.12075355
5624,0.02694418
5625,0.89805444
5626,2.37514945
5627,1.09869058
5628,0.45775770
5629,1.63879671
5630,0.55448380
5631,0.76481114
5632,0.95679711
5633,1.33015135
5634,1.89193300
5635,0.87685056
5636,1.75219873
5637,0.83670640
5638,1.80842583
5639,1.78907790
5640,2.02778294
5641,0.57227424
5642,1.09073097
5643,0.44272987
5644,0.14321791
5645,2.43983911
5646,1.25865005
5647,2.34560968
5648,1.97945309
5649,1.64845811
5650,1.12200581
5651,1.62080699
5652,0.80324874
5653,1.89700674
5654,2.44527770
5655,0.69880025
5656,1.15842530
5657,1.39613445
5658,0.93468726
5659,0.39376902
5660,0.36748718
5661,2.44330849
5662,1.69159948
5663,1.94653434
5664,1.68364144
5665,1.14669205
5666,1.87491968
5667,2.25353968
5668,0.35736868
5669,0.05298099
5670,1.72409378
5671,1.12339635
5672,1.21647086
5673,1.69253224
5674,0.02342071
5675,2.06093182
5676,1.58523744
5677,1.16330354
5678,0.70153644
5679,0.77937373
5680,1.59604124
5681,1.67069657
5682,0.85514211
5683,1.19247632
5684,0.41294241
5685,1.31241673
5686,0.11607263
5687,0.50845960
5688,0.08871776
5689,2.10112151
5690,0.36194779
5691,0.93842045
5692,2.38166766
5693,1.44735752
5694,1.84896937
5695,0.55439251
5696,1.65121341
5697,0.79283189
5698,1.41758193
5699,1.01498516
5700,0.39421452
5701,1.74234726
5702,1.09007923
5703,1.77729594
5704,1.68606735
5705,1.66184490
5706,0.65176784
5707,0.05842181
5708,0.45473896
5709,2.21472412
5710,1.83143330
5711,1.43827653
5712,2.08641053
5713,1.18401966
5714,1.91091491
5715,2.27628044
5716,1.96893840
5717,2.35712016
5718,1.57182559
5719,2.30885819
5720,0.36761454
5721,1.25086991
5722,0.77522667
5723,0.27561151
5724,1.70458784
5725,1.69640490
5726,2.23406064
5727,2.27972091
5728,2.22450799
5729,0.82376380
5730,1.83564301
5731,0.65318861
5732,0.22821583
5733,1.04904999
5734,1.34860215
5735,2.22315136
5736,2.46355382
5737,2.44248175
5738,0.80509774
5739,1.17641244
5740,0.53229203
5741,0.90308144
5742,0.71081838
5743,0.76782259
5744,0.78345568
5745,0.80158313
5746,0.46306980
5747,1.11382934
5748,0.06016626
5749,1.25799178
5750,1.46136731
5751,0.19710232
5752,1.52316494
5753,2.32508793
5754,2.26388010
5755,1.81439975
5756,0.56799560
5757,0.74755366
5758,1.65881513
5759,1.43205137
5760,1.77677585
5761,1.68753550
5762,1.68507489
5763,0.38184518
5764,0.75163306
5765,1.59419741
5766,0.46536130
5767,0.82686415
5768,1.34536206
5769,0.13795631
5770,2.08530335
5771,1.53409754
5772,1.02585955
5773,0.75475939
5774,2.44831483
5775,1.20342702
5776,0.24940230
5777,0.05691490
5778,2.46168130
5779,0.03774530
5780,2.39158362
5781,1.92852943
5782,0.71549345
5783,1.05326293
5784,2.43001453
5785,0.65636039
5786,1.53987939
5787,2.12070868
5788,1.72646271
5789,0.70050483
5790,1.45430923
5791,1.80020087
5792,1.57841453
5793,0.04336161
5794,0.66765347
5795,1.66778051
5796,1.07435649
5797,0.55980330
5798,0.21317444
5799,1.95971786
5800,0.85675146
5801,0.21976248
5802,1.96120841
5803,1.35816889
5804,2.29455349
5805,0.46525155
5806,2.24210407
5807,1.82645717
5808,0.33534632
5809,1.31168162
5810,1.77663970
5811,1.02381263
5812,2.13960482
5813,2.35774539
5814,1.48112887
5815,0.45935018
5816,0.50935950
5817,1.92369081
5818,1.92103333
5819,1.35749988
5820,1.92101224
5821,2.10143359
5822,0.42489580
5823,0.86865266
5824,0.86873574
5825,0.86001364
5826,0.86082464
5827,1.50076942
5828,1.17722345
5829,1.81320171
5830,1.19112788
5831,0.62584563
5832,2.03684198
5833,2.18340692
5834,0.01736082
5835,1.29711376
5836,0.08762139
5837,2.13258950
5838,0.67428629
5839,2.15568282
5840,0.41344689
5841,1.66372990
5842,1.94601430
5843,1.82116600
5844,1.97135031
5845,2.14942827
5846,1.28979833
5847,0.06605679
5848,0.23654305
5849,2.25209928
5850,1.78766827
5851,0.24757363
5852,0.10103930
5853,2.29713708
5854,2.03907362
5855,1.09953458
5856,2.00478496
5857,0.00692774
5858,1.70310897
5859,1.14641103
5860,1.54043622
5861,1.73408023
5862,1.36242828
5863,1.06887178
5864,0.53121053
5865,0.18043010
5866,2.21938518
5867,1.79518420
5868,1.60836801
5869,2.41399602
5870,1.92052792
5871,1.02210067
5872,1.65124919
5873,1.40218801
5874,0.19801961
5875,2.30934063
5876,1.17580023
5877,1.74826206
5878,0.85169068
5879,1.17262641
5880,1.56787143
5881,0.39653874
5882,1.99771333
5883,0.58308248
5884,2.14482613
5885,1.65828309
5886,2.44928332
5887,2.10780067
5888,0.86369077
5889,2.03090844
5890,1.73544971
5891,1.28865325
5892,0.96062337
5893,1.82685336
5894,0.90808078
5895,0.02198846
5896,0.68218036
5897,0.99117358
5898,0.87108266
5899,1.86532230
5900,1.81498261
5901,2.18420246
5902,0.91617029
5903,1.39054551
5904,0.13416010
5905,1.55965759
5906,1.80252601
5907,1.88773261
5908,1.26076627
5909,2.43843126
5910,2.11829158
5911,0.17609291
5912,1.19969186
5913,2.08095968
5914,1.61937114
5915,2.34606185
5916,1.27658513
5917,1.35185957
5918,0.42952350
5919,1.34186193
5920,2.22585454
5921,0.88337682
5922,0.86341451
5923,0.31129264
5924,1.17941586
5925,2.29039444
5926,1.35611573
5927,0.17183634
5928,0.15715214
5929,0.08515385
5930,1.96920954
5931,0.13990230
5932,0.73129542
5933,2.28659370
5934,2.12448807
5935,1.92774871
5936,1.78440095
5937,0.45134609
5938,2.27802552
5939,0.65692893
5940,2.09814336
5941,1.74519420
5942,1.11753143
5943,2.32378285
5944,1.96684893
5945,1.97251166
5946,2.17495258
5947,1.27872821
5948,0.17079681
5949,2.31503087
5950,1.48349378
5951,0.99437889
5952,2.14950384
5953,2.44640212
5954,0.43370493
5955,2.04093836
5956,1.80136809
5957,1.81773458
5958,0.10762795
5959,0.69399507
5960,2.20439449
5961,1.84018783
5962,1.14700294
5963,1.43318785
5964,1.25520566
5965,1.23784346
5966,1.74236528
5967,1.30006840
5968,1.04725587
5969,0.51228709
5970,0.78591363
5971,1.75667315
5972,1.89131354
5973,1.50889260
5974,0.03215291
5975,1.92920931
5976,2.21659424
5977,0.55625061
5978,1.69329988
5979,0.23841366
5980,0.67178242
5981,0.39771270
5982,2.00538466
5983,1.73206873
5984,2.03284099
5985,1.55535895
5986,1.76653890
5987,2.00178939
5988,1.92537690
5989,0.46844664
5990,1.44319336
5991,0.18150390
5992,1.09071410
5993,1.24839705
5994,0.33198186
5995,1.83382746
5996,1.61146101
5997,2.42612956
5998,0.62486652
5999,0.92018561
6000,0.58470750
6001,2.46405308
6002,0.33809131
6003,0.40582080
6004,0.81911615
6005,2.34595146
6006,0.38793201
6007,0.99623459
6008,2.07032740
6009,0.71197532
6010,0.36839047
6011,0.05502091
6012,0.72717480
6013,1.22425647
6014,1.14774671
6015,1.77444493
6016,0.54481829
6017,1.31603932
6018,2.23992356
6019,2.15383076
6020,0.34805917
6021,0.85302095
6022,0.78526391
6023,1.04334221
6024,0.86210958
6025,1.45940226
6026,2.44478780
6027,0.44031105
6028,2.29597526
6029,0.19684757
6030,2.05610005
6031,1.19091307
6032,1.74434352
6033,1.77755290
6034,1.73992914
6035,1.75499272
6036,1.62538700
6037,1.93776407
6038,2.36405986
6039,0.44449641
6040,1.50836820
6041,1.73490603
6042,0.21586333
6043,0.06384909
6044,0.56978449
6045,0.58130700
6046,1.12072620
6047,0.92922645
6048,0.81880757
6049,2.12804900
6050,1.39521976
6051,2.11620809
6052,1.60228681
6053,0.29401254
6054,2.25726148
6055,0.09554169
6056,0.80611790
6057,1.95173946
6058,1.18336376
6059,1.90367316
6060,1.14338641
6061,0.08172724
6062,2.27132654
6063,0.71673876
6064,1.66818717
6065,1.41533612
6066,1.42379974
6067,0.15321646
6068,1.47371976
6069,0.19605985
6070,2.37539442
6071,0.85740849
6072,1.94617322
6073,0.59160897
6074,1.79349711
6075,0.10516553
6076,1.37496086
6077,0.47294290
6078,0.91264988
6079,0.32784981
6080,1.53066409
6081,0.25136094
6082,1.56004855
6083,1.22269236
6084,0.56718170
6085,1.15292659
6086,1.81035211
6087,1.94431024
6088,0.50912605
6089,0.85409578
6090,0.58233859
6091,1.90705115
6092,0.91494206
6093,1.49967598
6094,0.48292081
6095,0.27234920
6096,1.86493067
6097,2.21095573
6098,2.01743137
6099,0.02181610
6100,1.10465587
6101,0.30193459
6102,0.55731638
6103,2.17327252
6104,2.23361161
6105,1.04488592
6106,2.20180543
6107,1.64599708
6108,1.38361373
6109,2.18772777
6110,0.99053597
6111,0.25354904
6112,0.53415481
6113,1.11642245
6114,2.42477100
6115,1.97774141
6116,1.43538755
6117,1.17326414
6118,1.46570330
6119,1.18114460
6120,1.28900221
6121,0.73027675
6122,0.16030746
6123,1.13640686
6124,1.92071490
6125,0.90717131
6126,1.27609348
6127,1.02232945
6128,1.73535409
6129,2.44531139
6130,2.23179655
6131,1.20359948
6132,2.02087732
6133,1.96596366
6134,0.29987614
6135,2.26049133
6136,2.38257364
6137,0.31380403
6138,1.58207580
6139,0.23294744
6140,2.28137201
6141,0.54244801
6142,1.93967722
6143,1.44977640
6144,0.76931834
6145,2.12745241
6146,1.80899511
6147,2.18146684
6148,1.39266795
6149,1.09006899
6150,0.92621997
6151,0.75838068
6152,0.93698117
6153,2.21062501
6154,1.64735073
6155,1.45097921
6156,0.89952275
6157,0.35071287
6158,1.95598343
6159,1.19717486
6160,0.77680924
6161,2.45270312
6162,0.78192103
6163,2.22405546
6164,1.54280438
6165,1.92071705
6166,1.19318412
6167,0.71940819
6168,1.27254657
6169,1.47215731
6170,0.37828019
6171,0.93269729
6172,2.36716361
6173,0.22111632
6174,0.03386323
6175,2.41741868
6176,0.29989700
6177,0.84384426
6178,0.50773248
6179,1.08096930
6180,0.94783499
6181,0.62261665
6182,0.80054762
6183,0.14709058
6184,1.72217579
6185,0.39149078
6186,2.44459255
6187,1.23961249
6188,1.13055389
6189,1.26497394
6190,0.44311156
6191,0.92895566
6192,1.14983368
6193,1.98807546
6194,1.14044773
6195,0.81128212
6196,1.32626747
6197,0.46300071
6198,1.33565769
6199,2.15021809
6200,1.38981654
6201,1.85916736
6202,0.40905382
6203,2.32870444
6204,1.46750221
6205,0.45599432
6206,2.04115682
6207,1.32931160
6208,0.18328657
6209,1.93129153
6210,2.16803721
6211,1.17662383
6212,0.74874136
6213,0.72863932
6214,1.06015164
6215,1.98978593
6216,1.61048217
6217,0.28147702
6218,1.57452158
6219,0.23786490
6220,1.22092954
6221,1.06385534
6222,1.43347195
6223,1.42931481
6224,2.12908823
6225,2.35846380
6226,0.27489041
6227,0.02516558
6228,0.25891822
6229,1.29283594
6230,2.31231080
6231,1.13275759
6232,1.49465886
6233,1.76676679
6234,2.16582018
6235,1.57087460
6236,0.83740161
6237,0.52314527
6238,1.83937187
6239,1.92758289
6240,0.72086815
6241,1.80631468
6242,2.38070365
6243,0.17515419
6244,1.39316425
6245,2.27126725
6246,1.74222352
6247,1.88433002
6248,1.57959433
6249,1.83625602
6250,1.87688876
6251,1.85518781
6252,1.64314682
6253,1.72836105
6254,1.41498267
6255,0.30912594
6256,0.68271819
6257,0.15066334
6258,1.15818071
6259,1.13439686
6260,1.19833332
6261,2.31890118
6262,0.46292152
6263,1.09589533
6264,1.09614545
6265,0.78702155
6266,1.63101293
6267,0.15290362
6268,0.75117927
6269,0.09094950
6270,0.84281281
6271,1.76482478
6272,2.00407548
6273,2.06349189
6274,2.45235234
6275,1.32245369
6276,0.71115957
6277,1.13189518
6278,1.77327996
6279,1.07935721
6280,1.28525694
6281,2.27577254
6282,2.21857851
6283,1.14424586
6284,1.59868189
6285,1.38177050
6286,1.76188800
6287,0.53866502
6288,1.77239482
6289,2.35932441
6290,1.59771534
6291,1.05843534
6292,1.24654582
6293,1.74966407
6294,2.45185356
6295,2.42857029
6296,1.58290174
6297,1.94738662
6298,0.36363593
6299,0.76787007
6300,2.33730401
6301,0.79885165
6302,1.10957254
6303,2.16419144
6304,1.11744305
6305,0.42797963
6306,2.06006039
6307,1.96209477
6308,0.40624653
6309,0.53194068
6310,0.92066190
6311,2.28329798
6312,0.39343620
6313,0.56981696
6314,1.32072323
6315,1.16961886
6316,2.43213396
6317,1.23350894
6318,2.44720672
6319,0.32000345
6320,1.03563810
6321,1.64135761
6322,0.39416663
6323,1.00373981
6324,2.38009220
6325,1.35542818
6326,1.63846507
6327,1.89384800
6328,1.10098992
6329,2.26662997
6330,0.18532761
6331,1.60261868
6332,2.19418136
6333,1.33488109
6334,0.36665095
6335,0.08478849
6336,1.12753758
6337,1.48768074
6338,0.15372241
6339,0.46132291
6340,0.48317318
6341,1.58377244
6342,1.96264113
6343,0.64775424
6344,2.24894147
6345,0.44333646
6346,0.93330627
6347,0.84340686
6348,2.12986690
6349,0.74812197
6350,1.01331094
6351,2.27269608
6352,1.14997298
6353,1.41160173
6354,0.35643589
6355,0.45184366
6356,0.79598361
6357,2.24044058
6358,0.21879878
6359,0.98078594
6360,0.99467787
6361,1.06269064
6362,1.46812729
6363,1.85350362
6364,2.29966844
6365,1.93862564
6366,1.14350063
6367,0.06084429
6368,1.25467042
6369,2.25647968
6370,2.45820826
6371,0.36602996
6372,1.92278582
6373,1.71195550
6374,0.30143697
6375,0.38513569
6376,0.86987633
6377,2.24621309
6378,1.36020255
6379,0.91183589
6380,1.71103541
6381,0.19857890
6382,2.09324349
6383,0.47725558
6384,0.06365091
6385,2.12261731
6386,0.74032147
6387,2.37588658
6388,2.05844006
6389,1.01630184
6390,0.63664602
6391,0.45289331
6392,0.67733234
6393,1.76729141
6394,2.42961204
6395,1.63395643
6396,2.43240194
6397,1.30248610
6398,1.86431327
6399,0.47379383
6400,2.13687976
6401,1.26309949
6402,1.49728077
6403,2.13711766
6404,0.13492391
6405,0.21546074
6406,1.88818098
6407,1.24723879
6408,0.45597511
6409,2.27337559
6410,2.44681568
6411,0.00076668
6412,2.44219145
6413,1.18592924
6414,0.60953916
6415,2.42916498
6416,2.13276106
6417,0.84901150
6418,0.01741274
6419,0.66380014
6420,1.56133511
6421,2.15141710
6422,0.45879522
6423,1.70542942
6424,0.15628395
6425,0.91901928
6426,1.34027229
6427,2.02154837
6428,1.95105357
6429,2.34916533
6430,2.38126559
6431,1.81897796
6432,2.06498497
6433,1.99157072
6434,1.52292637
6435,0.59778012
6436,0.95780570
6437,0.09481640
6438,0.51148002
6439,2.11819405
6440,1.72978051
6441,2.41075963
6442,1.48812300
6443,0.05903592
6444,0.19905391
6445,0.47485695
6446,0.06350504
6447,1.48679856
6448,1.63373221
6449,1.65569740
6450,2.11625864
6451,1.38302225
6452,2.42867303
6453,1.70276264
6454,2.09718712
6455,1.69938966
6456,0.78958884
6457,1.18380278
6458,1.02294443
6459,0.46966814
6460,0.92933718
6461,1.94870677
6462,1.75410468
6463,2.24448024
6464,0.41938498
6465,0.53714205
6466,2.17877755
6467,1.90133786
6468,2.19359988
6469,0.50036373
6470,0.81958111
6471,0.99526135
6472,0.74101719
6473,1.90180720
6474,2.40430225
6475,1.76304247
6476,0.09415634
6477,1.80313814
6478,0.32407968
6479,2.03752900
6480,2.17216036
6481,1.43470895
6482,1.37060139
6483,1.82757968
6484,0.92167879
6485,2.15830714
6486,0.28245240
6487,1.72454848
6488,0.07190707
6489,0.97944381
6490,1.29349935
6491,1.44332047
6492,1.06273330
6493,1.07911624
6494,0.21871546
6495,1.04991812
6496,1.57182242
6497,0.13372479
6498,0.71387469
6499,0.00091762
6500,2.26966144
6501,1.44953728
6502,1.46581645
6503,2.05838702
6504,1.24603576
6505,2.22074671
6506,1.83453239
6507,1.05337992
6508,0.50556659
6509,0.31193153
6510,0.47171707
6511,1.72927649
6512,0.55929237
6513,1.58220341
6514,1.36612313
6515,1.21832891
6516,2.16151544
6517,1.38763377
6518,1.83121920
6519,0.65330825
6520,0.30502983
6521,2.01515085
6522,0.43264901
6523,0.17837218
6524,1.70285535
6525,1.15593594
6526,2.00574649
6527,0.14651119
6528,2.03374482
6529,0.65190420
6530,0.85599529
6531,0.91957366
6532,1.06879339
6533,0.70913167
6534,0.13036356
6535,1.27922465
6536,1.70496290
6537,0.00022919
6538,0.63605767
6539,2.37597971
6540,0.25051274
6541,2.35078288
6542,1.24309734
6543,0.28375102
6544,1.22678683
6545,0.26824329
6546,1.53409175
6547,0.95843082
6548,1.24194947
6549,1.90964927
6550,0.16733869
6551,0.51570156
6552,0.27657023
6553,1.74646009
6554,0.38834548
6555,2.36047699
6556,1.31339765
6557,1.39531090
6558,0.81098155
6559,0.82529479
6560,0.10634049
6561,1.54004423
6562,2.29730363
6563,1.31725966
6564,1.70360697
6565,0.83559822
6566,0.07931884
6567,1.38867523
6568,1.12051394
6569,0.03388036
6570,1.36612522
6571,0.80297640
6572,1.74262153
6573,0.99718607
6574,0.83124412
6575,0.41952676
6576,0.51786753
6577,0.93697577
6578,1.54324952
6579,0.28002835
6580,0.40985797
6581,0.00338644
6582,1.42006895
6583,1.96365726
6584,2.23701078
6585,0.15976887
6586,0.35979220
6587,1.45798846
6588,1.60804542
6589,0.63891005
6590,2.19921916
6591,1.64300865
6592,0.66099742
6593,1.91538100
6594,1.40486779
6595,1.12317149
6596,0.09141039
6597,1.01895966
6598,0.02290630
6599,0.49394511
6600,1.77574564
6601,1.20111448
6602,2.02424378
6603,1.62347836
6604,1.38620907
6605,0.93260458
6606,1.50352785
6607,0.54149312
6608,1.35312412
6609,0.08145612
6610,2.26290276
6611,0.43714202
6612,0.70761475
6613,2.43629000
6614,1.49320451
6615,2.40064697
6616,0.86175052
6617,1.85593857
6618,1.30796966
6619,0.33140468
6620,1.54342816
6621,0.18995997
6622,0.92909273
6623,0.55547738
6624,0.43480853
6625,1.17691056
6626,0.23809390
6627,1.94403252
6628,1.52500526
6629,2.14387922
6630,0.19861383
6631,2.37253575
6632,2.36641389
6633,2.08603621
6634,1.73595589
6635,1.01997468
6636,0.49819693
6637,1.84712039
6638,1.92022538
6639,2.40255464
6640,1.13516474
6641,1.32901082
6642,1.61580273
6643,1.20625083
6644,0.53472446
6645,0.95721338
6646,0.04094599
6647,0.40186680
6648,1.06407001
6649,1.05132374
6650,1.72352619
6651,1.14753475
6652,0.49599974
6653,2.10214252
6654,0.52837958
6655,1.89669080
6656,1.29641050
6657,1.06440080
6658,1.85140352
6659,1.75234606
6660,0.95678773
6661,2.24421331
6662,1.86671336
6663,1.92121022
6664,1.57296761
6665,0.89194568
6666,0.55879787
6667,2.34413801
6668,1.43289790
6669,0.62837218
6670,1.48778848
6671,2.19573192
6672,0.92967304
6673,0.16625058
6674,0.74282369
6675,2.14786956
6676,2.05237192
6677,1.25069207
6678,0.71683273
6679,0.72454587
6680,2.07795286
6681,2.32924886
6682,2.18499790
6683,0.16799502
6684,1.60409992
6685,1.32944883
6686,2.16278622
6687,2.12678185
6688,1.95659167
6689,1.02791448
6690,2.17209618
6691,0.82298385
6692,1.47286754
6693,0.82962492
6694,2.34698906
6695,0.25154087
6696,0.90718785
6697,1.53955070
6698,0.36039942
6699,0.15187464
6700,1.45698159
6701,0.28119047
6702,1.77267772
6703,0.70605069
6704,0.64969452
6705,0.20867570
6706,2.29960781
6707,0.46020550
6708,1.05263580
6709,0.89300949
6710,0.35209309
6711,0.12893988
6712,0.88679655
6713,2.29482930
6714,1.75091059
6715,1.98565198
6716,2.39753461
6717,2.37783412
6718,1.70001642
6719,2.41513032
6720,0.65917200
6721,0.26589920
6722,1.65582622
6723,2.19513308
6724,0.92426625
6725,1.93447238
6726,2.04162105
6727,2.27649629
6728,0.45493027
6729,1.31661166
6730,1.26595755
6731,0.99032157
6732,0.62104913
6733,1.64614157
6734,2.16099984
6735,1.35068680
6736,0.33591069
6737,0.07423969
6738,0.45230064
6739,1.00006196
6740,0.06784072
6741,0.19196064
6742,0.98884942
6743,1.69326461
6744,1.57096634
6745,0.96225457
6746,1.30892416
6747,0.20104586
6748,0.31728805
6749,1.42792026
6750,1.91934623
6751,1.68621309
6752,0.91338035
6753,0.30639788
6754,0.11566351
6755,0.43155211
6756,0.25551929
6757,1.92776609
6758,2.07670241
6759,0.46627070
6760,2.16611418
6761,2.45309254
6762,1.61579100
6763,1.89890939
6764,0.94906402
6765,0.91768707
6766,1.15161971
6767,1.17148921
6768,2.15327114
6769,0.46353452
6770,2.19803976
6771,1.40976226
6772,1.54329720
6773,1.77204134
6774,2.02405503
6775,0.21504568
6776,0.11576101
6777,1.14683084
6778,1.64600534
6779,0.42100135
6780,1.49131305
6781,0.91002725
6782,0.57093754
6783,1.46417335
6784,2.17221698
6785,1.63651178
6786,1.70162187
6787,0.60978462
6788,0.69848497
6789,0.52395667
6790,2.44335978
6791,1.44493309
6792,2.11198168
6793,0.36854157
6794,1.19197046
6795,1.62425630
6796,1.38002546
6797,2.33595517
6798,0.31597139
6799,0.81543013
6800,1.10752459
6801,0.90307893
6802,0.21890097
6803,1.62375255
6804,1.87916749
6805,0.69809908
6806,2.04423830
6807,0.05422866
6808,1.27730333
6809,0.43775110
6810,1.94104316
6811,1.78450132
6812,2.36662580
6813,0.30871454
6814,1.98449708
6815,1.22600803
6816,1.78719934
6817,0.80454864
6818,0.69321936
6819,1.32844113
6820,1.60469098
6821,1.56893120
6822,0.19221351
6823,2.41594999
6824,0.67511719
6825,1.17123779
6826,1.96307469
6827,1.41202157
6828,2.01265619
6829,1.50823476
6830,1.84644429
6831,0.72389166
6832,2.08710173
6833,1.55208028
6834,0.49906440
6835,1.32190024
6836,0.24295285
6837,2.38724626
6838,1.40939262
6839,0.13935295
6840,2.34810160
6841,1.18866153
6842,1.01405703
6843,0.09403631
6844,0.01465778
6845,2.16914454
6846,1.35993180
6847,1.38632762
6848,1.31765262
6849,0.42139686
6850,0.04343543
6851,2.38090024
6852,1.41742789
6853,0.19397310
6854,0.16723236
6855,1.33319504
6856,0.99703906
6857,0.59494341
6858,1.28462629
6859,0.21587478
6860,0.44981913
6861,0.04645983
6862,0.97751035
6863,0.25266637
6864,2.13837955
6865,1.91366159
6866,0.95841389
6867,0.63652274
6868,1.64211719
6869,0.24447661
6870,0.43695708
6871,0.73346999
6872,2.31980357
6873,1.97973863
6874,0.94911482
6875,1.57378410
6876,1.80363738
6877,1.34782632
6878,0.14186261
6879,2.01144638
6880,0.22965350
6881,2.08057447
6882,0.41925592
6883,0.88359465
6884,1.55252755
6885,1.09026311
6886,1.09990300
6887,0.41878280
6888,1.69612139
6889,2.06655487
6890,1.53567755
6891,1.06349375
6892,1.98993601
6893,0.19399310
6894,1.99927097
6895,0.48784020
6896,1.89742916
6897,1.58551776
6898,0.76705274
6899,2.16245323
6900,0.12712019
6901,0.10363691
6902,1.85428424
6903,1.65648987
6904,0.52108493
6905,2.30548512
6906,0.21048877
6907,2.19160893
6908,0.18615343
6909,0.08592465
6910,1.37053690
6911,1.39996717
6912,1.39839487
6913,2.01428105
6914,1.30809171
6915,2.46361931
6916,0.67835406
6917,0.89040888
6918,0.44501519
6919,1.43797790
6920,0.48247310
6921,0.25001830
6922,1.75172659
6923,1.57677545
6924,0.33567770
6925,0.98073303
6926,0.16321727
6927,0.22404876
6928,0.24830474
6929,1.07978753
6930,0.09441317
6931,0.50784400
6932,1.21255376
6933,1.04786756
6934,0.01834050
6935,0.21247393
6936,2.26638590
6937,0.78701871
6938,1.78941218
6939,1.45421533
6940,2.13207943
6941,2.17795486
6942,2.43929506
6943,1.40707653
6944,0.60740319
6945,0.23917926
6946,0.88551071
6947,1.91373443
6948,0.54960056
6949,0.49935650
6950,1.51512815
6951,0.48373506
6952,0.05863407
6953,1.62547790
6954,0.08502887
6955,1.19151402
6956,2.25554358
6957,1.68081330
6958,1.10262730
6959,2.13575653
6960,0.14621427
6961,2.12997682
6962,1.95170126
6963,2.29136972
6964,1.02895991
6965,2.19533278
6966,1.74029616
6967,2.11737795
6968,2.18895086
6969,1.01240051
6970,1.60505371
6971,0.12045281
6972,0.62649728
6973,1.19134679
6974,2.19263862
6975,1.84671200
6976,1.33564674
6977,2.22840014
6978,2.45119316
6979,0.62109382
6980,1.78386609
6981,1.66785677
6982,1.56499054
6983,1.29439570
6984,0.75160875
6985,0.22805608
6986,0.47492175
6987,0.82890882
6988,1.36132550
6989,2.32005851
6990,1.97442164
6991,0.35539646
6992,0.34692190
6993,0.74768032
6994,0.16292698
6995,0.34882805
6996,1.07511425
6997,0.44313555
6998,1.26731270
6999,0.21951433
7000,1.15423093
7001,1.00534293
7002,1.49908110
7003,0.04383243
7004,1.16247346
7005,1.04969047
7006,1.51502078
7007,2.33447218
7008,0.48892626
7009,1.87791476
7010,1.87721596
7011,0.53870486
7012,0.58452042
7013,0.88456492
7014,2.13093012
7015,1.11852483
7016,1.66992293
7017,1.50352232
7018,2.25724964
7019,2.07346628
7020,2.14305027
7021,1.58038637
7022,0.54980879
7023,0.86166354
7024,2.02805941
7025,2.00066839
7026,2.01928205
7027,2.37889391
7028,0.49325808
7029,0.17461885
7030,1.05849400
7031,1.63676563
7032,1.33300364
7033,2.37876906
7034,1.69160200
7035,1.78438298
7036,2.42457643
7037,1.33135529
7038,0.37190828
7039,1.31513501
7040,1.99191234
7041,0.28678926
7042,0.69365185
7043,1.33226110
7044,1.30003131
7045,1.09567549
7046,0.00121154
7047,1.29793482
7048,1.03876803
7049,0.43300440
7050,2.33100755
7051,1.50018157
7052,1.27836332
7053,1.38952685
7054,0.59973435
7055,0.90559028
7056,0.56028811
7057,1.35727315
7058,1.38961209
7059,1.36263557
7060,1.30121925
7061,2.41146019
7062,2.07068153
7063,1.07057413
7064,0.10654370
7065,1.30961245
7066,1.47512359
7067,1.12833226
7068,2.27295394
7069,1.55665240
7070,2.46193830
7071,0.42892926
7072,2.41766724
7073,1.13029162
7074,0.48836644
7075,0.07620995
7076,0.82966255
7077,1.98702816
7078,2.28555504
7079,1.21023400
7080,0.12853111
7081,1.78719125
7082,1.81619313
7083,1.18830712
7084,0.94353524
7085,0.31531798
7086,1.10837009
7087,2.19273512
7088,0.29387286
7089,1.53261634
7090,0.56848206
7091,0.77630125
7092,1.35651880
7093,1.03645796
7094,0.89211044
7095,2.45122597
7096,1.06873386
7097,0.87183221
7098,1.01190653
7099,1.93059733
7100,1.85955331
7101,1.59145682
7102,2.30127442
7103,0.99959875
7104,1.75132095
7105,1.59354915
7106,0.24312352
7107,2.19965382
7108,0.41798258
7109,0.84244385
7110,1.05603831
7111,0.50550412
7112,1.89637421
7113,1.30853072
7114,2.09171153
7115,0.83978227
7116,2.41684660
7117,1.05661227
7118,1.84259995
7119,1.38422168
7120,1.01993853
7121,1.70404392
7122,0.56186787
7123,1.19250301
7124,1.38397090
7125,0.46928877
7126,0.25633767
7127,1.24374905
7128,2.34243203
7129,1.59159064
7130,0.89178981
7131,1.06902722
7132,0.91273249
7133,1.27588388
7134,1.90163560
7135,1.36569057
7136,1.11470270
7137,0.70756123
7138,1.74834279
7139,1.47450779
7140,1.04244741
7141,1.74448848
7142,1.22065568
7143,1.83153373
7144,0.79707294
7145,0.89051842
7146,0.25562035
7147,0.07109092
7148,2.26328636
7149,0.98586663
7150,1.45442664
7151,0.04389573
7152,0.92892488
7153,0.57537187
7154,2.15757096
7155,0.32071030
7156,1.88847915
7157,1.16055243
7158,2.26200347
7159,0.98565634
7160,1.20692909
7161,0.98588043
7162,1.83799002
7163,0.00957783
7164,1.13433736
7165,0.32768725
7166,2.31961569
7167,2.26025292
7168,1.49203402
7169,1.81081034
7170,0.92837829
7171,2.43787358
7172,0.74862425
7173,1.13581957
7174,1.39669204
7175,0.46847369
7176,1.63588816
7177,2.08985705
7178,1.56324717
7179,1.93834204
7180,0.50248791
7181,0.95119320
7182,0.70518951
7183,0.31555001
7184,2.23661598
7185,1.06360866
7186,0.09558352
7187,2.41669535
7188,0.48719135
7189,1.27918301
7190,0.84018548
7191,1.62185819
7192,0.85594362
7193,0.82608200
7194,0.87376283
7195,0.02887073
7196,2.42598893
7197,0.68735266
7198,0.78717370
7199,1.42981717
7200,1.86295769
7201,0.45078797
7202,1.22483469
7203,2.01754953
7204,1.11235708
7205,2.13500565
7206,0.48562021
7207,0.23125801
7208,0.51203455
7209,0.01143315
7210,2.40398458
7211,1.05858175
7212,0.31310419
7213,0.89111655
7214,1.70209346
7215,0.23587896
7216,0.56215098
7217,1.91792965
7218,1.98642394
7219,0.33504676
7220,2.22273183
7221,0.60411990
7222,1.56470986
7223,1.25449753
7224,0.81954695
7225,0.60269170
7226,1.95849163
7227,0.74974620
7228,1.16931863
7229,0.22588630
7230,1.67807911
7231,0.06806009
7232,1.66089694
7233,0.10119155
7234,1.38344707
7235,1.70885397
7236,0.08521856
7237,1.97417239
7238,1.16308652
7239,0.64553687
7240,1.44444048
7241,0.59106191
7242,1.21797217
7243,0.88283206
7244,2.08316700
7245,0.12677191
7246,2.36967869
7247,0.79975104
7248,0.26985072
7249,1.76906379
7250,0.15896413
7251,0.58167443
7252,1.73557503
7253,1.92967160
7254,0.47385225
7255,0.62833133
7256,2.07819775
7257,1.93926794
7258,1.25944661
7259,0.22001380
7260,1.94794352
7261,1.58986725
7262,0.30183091
7263,1.21415566
7264,0.27997984
7265,0.85264280
7266,1.88649996
7267,2.31715866
7268,1.88088201
7269,1.03752821
7270,0.68972988
7271,2.02655915
7272,2.26272982
7273,0.18586173
7274,2.23250220
7275,1.85800291
7276,1.72111671
7277,0.56528150
7278,0.37729427
7279,1.31339430
7280,0.33411582
7281,1.83822077
7282,0.09998947
7283,2.38669849
7284,2.34391925
7285,1.12862153
7286,0.04926972
7287,2.20296730
7288,0.41793939
7289,0.80509348
7290,2.24816320
7291,0.13944466
7292,1.19943224
7293,0.81925198
7294,2.27426106
7295,0.75392802
7296,2.08590128
7297,0.63565854
7298,1.33378452
7299,1.76257273
7300,0.66135721
7301,1.78516898
7302,0.16239804
7303,0.27214723
7304,0.28227490
7305,1.12435812
7306,0.82030302
7307,2.00708185
7308,0.20515455
7309,2.36677170
7310,1.98856954
7311,2.21473083
7312,0.87723801
7313,0.08717562
7314,0.41098793
7315,2.15504749
7316,2.03892280
7317,0.03318593
7318,0.87074227
7319,1.65686920
7320,1.95625906
7321,1.68268038
7322,1.79754525
7323,1.97767931
7324,1.39265847
7325,0.42067209
7326,1.52210959
7327,1.93170478
7328,2.40206421
7329,1.66516899
7330,0.14751380
7331,1.79014089
7332,1.35278833
7333,1.35126558
7334,2.17327365
7335,1.72837397
7336,1.96559207
7337,1.47388315
7338,0.17653281
7339,1.65900859
7340,0.51980654
7341,0.37951097
7342,1.61433697
7343,0.52314307
7344,1.07363675
7345,1.55337593
7346,0.31443960
7347,2.29164995
7348,0.48444709
7349,0.19066743
7350,0.34726976
7351,1.60075413
7352,1.24763812
7353,2.22737292
7354,0.36184536
7355,0.43611959
7356,0.93196524
7357,1.13722797
7358,2.30755478
7359,0.87967415
7360,2.14171487
7361,1.38861340
7362,1.07387681
7363,1.40993480
7364,0.15880385
7365,0.71011297
7366,1.60410437
7367,1.86751896
7368,1.24786797
7369,0.57498172
7370,2.25552112
7371,2.19155394
7372,1.19841546
7373,0.12924056
7374,2.43516396
7375,1.36885503
7376,0.70323001
7377,0.92104897
7378,1.85106939
7379,2.01470034
7380,0.44170077
7381,0.33542492
7382,1.60271144
7383,1.42735315
7384,0.38256705
7385,0.82052483
7386,2.38673953
7387,2.46155297
7388,2.30736210
7389,1.71928271
7390,1.49725052
7391,2.25657163
7392,2.23290472
7393,1.24252930
7394,0.75121281
7395,1.73336758
7396,1.66047777
7397,1.30453158
7398,2.20138255
7399,0.62349608
7400,1.64756596
7401,0.28438226
7402,2.38281102
7403,0.26986708
7404,1.56107521
7405,0.10984866
7406,0.46067869
7407,0.61883611
7408,0.56330280
7409,0.59633838
7410,0.23628529
7411,1.99747739
7412,1.49991157
7413,0.83647707
7414,2.21924775
7415,1.99284592
7416,1.13074633
7417,1.40221356
7418,2.43727013
7419,1.03519377
7420,0.16165844
7421,1.10356964
7422,1.46220022
7423,1.17633728
7424,0.05245419
7425,2.41655699
7426,0.70223211
7427,2.43125241
7428,1.53000325
7429,1.42639301
7430,0.29095879
7431,0.04914710
7432,2.05038326
7433,1.30896064
7434,0.74064434
7435,0.33932007
7436,1.81540258
7437,0.24806183
7438,2.36467846
7439,0.80153143
7440,1.93527702
7441,0.66766214
7442,0.36257518
7443,1.97429492
7444,0.19406901
7445,0.40893193
7446,1.25805699
7447,2.36948054
7448,0.44023974
7449,0.99449299
7450,1.54460021
7451,0.96120408
7452,0.96198165
7453,0.10245574
7454,0.02742972
7455,2.23200716
7456,1.26955591
7457,1.48795438
7458,0.27021457
7459,2.14330598
7460,1.70883112
7461,0.76716795
7462,1.65364801
7463,2.32894400
7464,1.27022398
7465,2.17098852
7466,1.81721574
7467,1.30573288
7468,0.35489664
7469,1.43908506
7470,2.11180312
7471,1.93669496
7472,0.24364995
7473,0.85061386
7474,1.77751086
7475,1.87445265
7476,1.62567122
7477,1.11344444
7478,1.82971710
7479,1.23101941
7480,0.51435840
7481,2.44549761
7482,2.09127662
7483,2.08980111
7484,1.89520937
7485,0.04953868
7486,1.36211619
7487,0.82407347
7488,1.45492784
7489,0.69262622
7490,1.46537233
7491,1.48940801
7492,1.45657721
7493,1.69079534
7494,1.92581567
7495,2.30792147
7496,0.82521205
7497,1.60274628
7498,1.70851855
7499,1.78578319
7500,2.37373881
7501,0.11023765
7502,0.64205256
7503,2.15267569
7504,0.10835691
7505,1.19250098
7506,2.24920606
7507,1.40913047
7508,0.62929494
7509,0.91894410
7510,1.90047345
7511,2.32212313
7512,0.84780124
7513,0.90072966
7514,1.78027639
7515,1.67394527
7516,1.36622177
7517,1.19596973
7518,1.08735785
7519,2.08040935
7520,2.05045189
7521,1.98038984
7522,0.81776120
7523,0.32512770
7524,0.19537314
7525,0.79824077
7526,1.97429702
7527,0.38305331
7528,2.25164151
7529,1.86998599
7530,0.55244926
7531,1.61219803
7532,2.40629907
7533,0.07526731
7534,0.75273245
7535,1.46558848
7536,2.36628424
7537,0.75636109
7538,1.85233178
7539,1.67036241
7540,1.00857634
7541,0.03264182
7542,2.18955675
7543,0.60651713
7544,0.71760551
7545,1.49964896
7546,1.48865533
7547,2.35735037
7548,0.26486383
7549,1.78153523
7550,1.51560574
7551,1.71249761
7552,2.44855225
7553,1.23437588
7554,2.13119522
7555,0.78880226
7556,1.11196692
7557,1.38220220
7558,1.18138731
7559,1.29816338
7560,0.23516020
7561,1.50359052
7562,0.91173968
7563,2.15036730
7564,1.43336825
7565,0.81065544
7566,1.85910681
7567,0.88041948
7568,1.94867631
7569,0.82323831
7570,0.65298034
7571,1.53694395
7572,0.69977471
7573,1.86334401
7574,2.39294829
7575,1.42788416
7576,0.85507737
7577,1.62940473
7578,2.17383688
7579,1.15708688
7580,1.00357291
7581,2.40950225
7582,2.03056479
7583,1.11458952
7584,1.91481410
7585,2.39150706
7586,0.99944949
7587,2.20433492
7588,2.02197950
7589,0.82274326
7590,2.02512892
7591,1.79453680
7592,1.28242542
7593,0.90529489
7594,1.94248327
7595,0.91594650
7596,1.82817402
7597,0.52128693
7598,2.12146171
7599,0.06651247
7600,0.21345648
7601,1.48023911
7602,1.89838419
7603,1.44046881
7604,0.56083237
7605,1.12975301
7606,0.63598743
7607,1.71470282
7608,0.99004215
7609,1.30135225
7610,1.63563529
7611,0.73771607
7612,0.77301812
7613,0.05205088
7614,0.06720648
7615,0.81504650
7616,2.15200730
7617,1.07863260
7618,0.36864167
7619,0.01541390
7620,0.41661309
7621,0.29680048
7622,0.49385627
7623,1.00022408
7624,0.97074513
7625,0.65960818
7626,0.98302311
7627,2.17962700
7628,0.22227074
7629,1.51419117
7630,1.24870547
7631,0.50328718
7632,1.93718470
7633,1.02773281
7634,0.09481989
7635,0.24893177
7636,0.43490810
7637,1.54218015
7638,0.46911053
7639,2.31430289
7640,0.36472255
7641,2.13638364
7642,0.99743739
7643,0.49097006
7644,2.46239850
7645,1.64357290
7646,0.57719722
7647,0.47864901
7648,2.42685421
7649,0.49718692
7650,0.62637821
7651,2.11245860
7652,1.63253140
7653,1.76471406
7654,0.42570442
7655,0.54912001
7656,1.48872071
7657,0.26759920
7658,2.41247838
7659,1.69350576
7660,0.06126608
7661,0.65902541
7662,0.34930936
7663,1.75452111
7664,1.00459940
7665,1.10990762
7666,1.43072044
7667,1.64225394
7668,1.29661994
7669,0.50561123
7670,0.64941679
7671,1.22453419
7672,0.34562907
7673,2.21380441
7674,2.44868154
7675,0.55681743
7676,1.30368543
7677,1.08294348
7678,1.38999063
7679,0.96407610
7680,0.01195737
7681,1.44994301
7682,0.32398867
7683,1.72429016
7684,0.56955615
7685,1.41518975
7686,2.39466621
7687,1.81368392
7688,2.15930056
7689,2.10170545
7690,1.64051483
7691,0.84315068
7692,2.09824938
7693,1.72906625
7694,2.18969422
7695,2.20704450
7696,0.31689247
7697,0.75233153
7698,1.24919319
7699,1.46173401
7700,0.76867836
7701,1.02447210
7702,1.58885114
7703,1.19568755
7704,0.15887372
7705,1.93727829
7706,1.81652453
7707,2.10991688
7708,0.20369023
7709,1.78814656
7710,1.16092964
7711,1.21672890
7712,1.95571933
7713,1.75200903
7714,2.00668945
7715,0.54873662
7716,1.84378791
7717,1.85587981
7718,0.75783737
7719,0.17176819
7720,1.59069243
7721,2.31730231
7722,2.17678859
7723,0.97115475
7724,1.75076675
7725,0.27018406
7726,0.00597092
7727,1.85385290
7728,1.53610115
7729,1.52134462
7730,0.57687219
7731,0.16171104
7732,1.21256436
7733,0.07295013
7734,1.42602546
7735,0.48528006
7736,1.33355540
7737,0.58889754
7738,1.92662913
7739,1.88193615
7740,0.11866013
7741,2.16142988
7742,0.32071669
7743,2.45355130
7744,2.14502588
7745,1.25897081
7746,0.41317372
7747,1.94073074
7748,0.63729098
7749,0.69685380
7750,2.36222880
7751,0.04081258
7752,1.67865822
7753,2.35832627
7754,2.39814128
7755,0.53436481
7756,1.96658471
7757,2.28564728
7758,0.88597938
7759,2.05210434
7760,1.29686737
7761,2.21200966
7762,0.72588898
7763,1.30743840
7764,0.16963704
7765,0.63014430
7766,2.37369060
7767,0.00270309
7768,2.06915502
7769,1.73484198
7770,1.09016054
7771,2.12836311
7772,2.39858097
7773,2.16617680
7774,1.72530130
7775,1.92609847
7776,0.10070176
7777,0.69562541
7778,1.18934473
7779,0.88636179
7780,0.99825616
7781,1.32630273
7782,0.96096520
7783,1.20301347
7784,0.25740994
7785,0.83208854
7786,0.43592453
7787,1.82086752
7788,0.09351966
7789,0.18219064
7790,0.81104385
7791,0.68910001
7792,0.96962477
7793,2.23141074
7794,0.43769904
7795,1.99206046
7796,0.93699675
7797,2.45560639
7798,2.09947856
7799,1.72814255
7800,0.16794281
7801,1.68964675
7802,1.10731922
7803,0.51176452
7804,1.69284164
7805,0.63435345
7806,0.15657621
7807,1.06073440
7808,1.75888669
7809,0.15679808
7810,1.73998240
7811,0.49369751
7812,0.31330442
7813,2.06988837
7814,2.40783408
7815,1.75528875
7816,1.96709699
7817,1.02724976
7818,0.86779081
7819,1.51178418
7820,1.77403050
7821,1.79081919
7822,1.47494381
7823,1.20253954
7824,1.72332035
7825,0.04463619
7826,0.70060143
7827,0.40393850
7828,1.06777983
7829,1.44800548
7830,1.84903120
7831,0.44995649
7832,2.03547051
7833,2.31485991
7834,1.18178698
7835,0.90923574
7836,1.42357408
7837,0.49530441
7838,1.60255838
7839,1.30738418
7840,1.20966660
7841,1.91956456
7842,1.69683890
7843,0.98050782
7844,1.26871375
7845,0.50775674
7846,1.53459343
7847,1.82345315
7848,2.04743377
7849,1.15681591
7850,1.93512394
7851,1.28799804
7852,1.34254521
7853,0.98537989
7854,2.05281035
7855,0.53415358
7856,1.29267847
7857,0.74567577
7858,1.67386329
7859,0.42261103
7860,0.57672990
7861,1.33889155
7862,1.93667054
7863,1.35073426
7864,1.27229072
7865,0.66035903
7866,0.29723806
7867,0.63218431
7868,1.59093558
7869,2.45622798
7870,1.35532798
7871,0.97261570
7872,0.57241619
7873,2.02647130
7874,0.29547456
7875,2.01302478
7876,0.07477597
7877,2.08065750
7878,1.97803541
7879,0.96189161
7880,0.66684526
7881,1.10444924
7882,1.31959402
7883,0.69293362
7884,1.18504102
7885,0.26725259
7886,1.66411547
7887,0.33351516
7888,2.27376150
7889,1.58833435
7890,0.16102089
7891,2.25463394
7892,2.38693151
7893,1.67581157
7894,1.03581385
7895,0.57439514
7896,0.06056975
7897,2.32776009
7898,0.69914870
7899,2.01183893
7900,2.00010381
7901,2.11059517
7902,2.03609500
7903,1.39276784
7904,1.53977396
7905,1.97844640
7906,1.82694607
7907,2.00804849
7908,0.11726846
7909,0.72008475
7910,1.19489716
7911,1.45701674
7912,2.44599752
7913,2.24882027
7914,1.56523819
7915,1.66900627
7916,2.20010667
7917,0.72532339
7918,2.18975578
7919,0.40937841
7920,0.50248529
7921,0.08247678
7922,0.70705480
7923,0.47050511
7924,1.41675087
7925,1.90433346
7926,1.95757638
7927,2.19166930
7928,0.53123846
7929,1.67264167
7930,1.28752083
7931,0.66598337
7932,1.21632346
7933,1.03063278
7934,1.05133944
7935,0.01984575
7936,0.20940973
7937,0.22491334
7938,0.85341554
7939,0.67980007
7940,0.36230039
7941,0.28232326
7942,0.53683168
7943,1.51920697
7944,0.16938917
7945,0.07072973
7946,0.02394150
7947,1.81059453
7948,1.85110817
7949,2.44661323
7950,0.10842812
7951,0.96755678
7952,2.33028734
7953,0.70473351
7954,0.68756720
7955,0.17608360
7956,0.56098388
7957,0.87070907
7958,1.19348577
7959,0.43809047
7960,2.17200509
7961,1.67861231
7962,1.13232211
7963,0.39095427
7964,0.28311630
7965,2.39987556
7966,1.55479886
7967,1.04380823
7968,1.85972995
7969,1.75771472
7970,2.37500158
7971,1.42623756
7972,1.00070027
7973,1.06010865
7974,1.81038020
7975,1.45206169
7976,0.97250414
7977,0.50535902
7978,0.47881624
7979,2.11721298
7980,0.81405626
7981,0.38127507
7982,2.38727541
7983,0.76678182
7984,2.15909816
7985,1.65730954
7986,0.61552328
7987,2.37146491
7988,0.24113109
7989,1.23334279
7990,1.97900224
7991,1.84898120
7992,1.18370798
7993,0.22012103
7994,0.23123041
7995,1.30592467
7996,1.64667344
7997,2.25080477
7998,1.90836523
7999,0.33216385
8000,1.47334124
8001,2.45727795
8002,2.30810093
8003,1.90985974
8004,1.26318473
8005,2.17769335
8006,0.95750987
8007,1.58803229
8008,1.10595110
8009,2.20700037
8010,1.71307606
8011,1.16282723
8012,2.01303901
8013,1.74003889
8014,1.53514201
8015,1.01467174
8016,0.22143246
8017,0.46477172
8018,0.10058483
8019,0.04758199
8020,1.36678178
8021,2.03547521
8022,0.56990862
8023,0.44937583
8024,1.15952163
8025,0.32722589
8026,2.16623812
8027,1.93873527
8028,1.35874531
8029,0.17017316
8030,0.97148086
8031,1.97930098
8032,1.95553834
8033,0.95483105
8034,0.05121881
8035,2.21236815
8036,0.18296906
8037,1.00074159
8038,0.35872617
8039,1.44351310
8040,1.13029666
8041,0.31383468
8042,1.40097206
8043,0.49921622
8044,2.35652767
8045,2.45924928
8046,2.21250903
8047,1.30846268
8048,0.94135060
8049,2.13880270
8050,1.44625786
8051,2.31030858
8052,2.37935214
8053,1.63919493
8054,2.19438658
8055,0.11226696
8056,0.41723518
8057,0.17172817
8058,2.01799358
8059,2.23416716
8060,0.97099408
8061,2.14986178
8062,0.92363749
8063,2.31488928
8064,2.30359611
8065,0.03347962
8066,0.07379504
8067,1.46325705
8068,1.70041669
8069,2.34943906
8070,1.20204756
8071,0.47193422
8072,0.44684738
8073,2.14904749
8074,2.31780580
8075,0.68108406
8076,1.66863053
8077,0.64830928
8078,0.28170734
8079,1.85046569
8080,0.75447865
8081,0.26421538
8082,1.35458872
8083,1.94114341
8084,0.81022605
8085,0.86554078
8086,1.46863798
8087,1.28314218
8088,1.49734835
8089,1.30690960
8090,1.34425777
8091,0.84737981
8092,0.56393581
8093,0.83264065
8094,1.51175024
8095,0.44270479
8096,1.48632382
8097,0.09251828
8098,1.02873407
8099,0.37996570
8100,2.35660860
8101,0.49471398
8102,2.27860082
8103,0.93029895
8104,0.43831267
8105,1.85819910
8106,2.45472952
8107,1.54775301
8108,1.24981290
8109,0.80980002
8110,1.23938929
8111,2.13184637
8112,0.90946190
8113,0.24968994
8114,0.51169848
8115,0.90267727
8116,0.32897738
8117,0.07935264
8118,1.42211326
8119,2.33002468
8120,0.87993452
8121,1.56815560
8122,1.23985347
8123,2.30029528
8124,1.78814149
8125,1.11643776
8126,2.21024375
8127,1.60560323
8128,0.52848906
8129,0.49375977
8130,0.49185571
8131,0.63206370
8132,2.23534726
8133,0.59223981
8134,0.66855014
8135,1.71196154
8136,0.46045432
8137,0.01635983
8138,1.87048368
8139,1.77409998
8140,2.36343414
8141,1.83872481
8142,2.43183336
8143,0.88623893
8144,1.20996130
8145,2.33517501
8146,0.98408398
8147,2.24727846
8148,0.75745708
8149,0.26897536
8150,0.79776146
8151,1.79719188
8152,0.81793604
8153,1.29966949
8154,0.82603809
8155,1.94916972
8156,0.85294220
8157,1.04893090
8158,2.29442789
8159,1.59358317
8160,1.66777226
8161,1.88880641
8162,0.35549848
8163,0.61779414
8164,1.68405551
8165,2.02010197
8166,0.16484224
8167,1.98089111
8168,1.92026279
8169,1.76389754
8170,0.11913915
8171,2.14809576
8172,1.52168459
8173,1.76475112
8174,2.27334103
8175,0.29215463
8176,0.06588943
8177,1.50877772
8178,1.15809031
8179,1.62559471
8180,2.37557617
8181,1.31063231
8182,0.89139256
8183,0.74981161
8184,2.23553365
8185,2.26618949
8186,2.33641275
8187,1.60265027
8188,2.41624881
8189,0.18904921
8190,2.11598191
8191,2.17526160
8192,0.45827638
8193,2.31261686
8194,0.95498677
8195,1.44473470
8196,1.33274258
8197,1.70490421
8198,2.36529371
8199,0.23190132
8200,1.79891350
8201,2.32748598
8202,0.76342748
8203,1.34973690
8204,0.66523932
8205,2.02186842
8206,0.53944648
8207,1.46781684
8208,2.40909066
8209,1.30226416
8210,0.12037682
8211,0.57783080
8212,0.67093794
8213,0.42110942
8214,0.19385583
8215,1.76433925
8216,0.00520798
8217,0.73639583
8218,2.33244299
8219,2.32140450
8220,0.39268657
8221,1.10443703
8222,1.97051568
8223,1.54167454
8224,0.01296005
8225,0.69860609
8226,0.28425045
8227,2.04920043
8228,1.74892090
8229,0.40623324
8230,0.39702628
8231,0.60196993
8232,1.61671379
8233,1.93823744
8234,0.92469775
8235,0.05737991
8236,0.38666300
8237,1.95472695
8238,0.01453239
8239,0.28018209
8240,1.08177330
8241,1.63354532
8242,0.46646098
8243,2.00011612
8244,2.27784314
8245,0.78511638
8246,0.02579456
8247,0.14520763
8248,1.32891288
8249,1.72278938
8250,0.10062453
8251,1.41302210
8252,1.42966761
8253,0.81841965
8254,0.69776182
8255,1.66110102
8256,0.14514117
8257,0.94958846
8258,0.95180917
8259,1.36542786
8260,0.67057924
8261,2.01947788
8262,2.19345650
8263,0.74962372
8264,0.10982730
8265,2.42776878
8266,0.92991431
8267,1.31787402
8268,2.09504227
8269,0.62111371
8270,0.81902597
8271,1.81273450
8272,1.54455220
8273,2.25186745
8274,0.45560621
8275,0.78791507
8276,0.06243199
8277,0.50415158
8278,2.17585408
8279,2.25410836
8280,0.42974047
8281,2.44817047
8282,1.76877510
8283,0.55886941
8284,2.30957289
8285,2.05527607
8286,0.96421933
8287,2.28979955
8288,0.22708965
8289,1.61483219
8290,0.70858398
8291,0.35510500
8292,0.27112199
8293,2.21081117
8294,1.78801503
8295,1.64332047
8296,0.59248011
8297,0.93719148
8298,1.00238029
8299,2.33699818
8300,1.05745544
8301,0.48213722
8302,1.02911182
8303,0.86821678
8304,0.19761370
8305,0.47173142
8306,1.46241695
8307,2.30349259
8308,0.06038250
8309,2.32141067
8310,1.39591453
8311,0.19182779
8312,2.27185833
8313,1.21354194
8314,0.56070139
8315,0.13091620
8316,0.62461380
8317,1.84642287
8318,0.28378676
8319,2.15935766
8320,2.27298169
8321,1.27154693
8322,1.26904945
8323,2.25578030
8324,2.19969345
8325,1.68798746
8326,0.02709650
8327,0.47496674
8328,0.52581169
8329,0.93196540
8330,1.65651430
8331,0.29819361
8332,0.92318559
8333,1.43435628
8334,2.36601502
8335,1.23559130
8336,0.00322616
8337,2.00425638
8338,0.34756572
8339,1.89562525
8340,0.15501760
8341,0.56853970
8342,1.38636205
8343,1.45212044
8344,1.96292363
8345,1.53199586
8346,1.10083245
8347,0.10589658
8348,2.23326411
8349,1.59636571
8350,2.08184416
8351,0.51220798
8352,1.03665049
8353,0.54890654
8354,0.71448444
8355,0.59293772
8356,1.44957001
8357,2.05737288
8358,0.66430728
8359,2.03733270
8360,1.91745519
8361,1.52963372
8362,2.10322270
8363,0.04095224
8364,0.63441645
8365,2.05658636
8366,1.60110575
8367,0.35393616
8368,1.05474905
8369,1.03200523
8370,1.08796817
8371,0.31394491
8372,2.33530490
8373,0.38128367
8374,2.24519435
8375,2.24671433
8376,1.40952660
8377,0.10112854
8378,1.21288680
8379,1.12573194
8380,1.97153679
8381,1.52104385
8382,1.55242995
8383,1.49043254
8384,0.92120820
8385,2.09918167
8386,0.71838090
8387,0.46180446
8388,0.20295393
8389,2.24784496
8390,0.25704112
8391,1.73607560
8392,2.06008467
8393,1.72075734
8394,2.44865629
8395,0.67861373
8396,1.45648251
8397,2.22916881
8398,1.08467134
8399,1.82535953
8400,0.86638294
8401,2.06555385
8402,0.61109565
8403,0.38504297
8404,0.18511702
8405,0.82621470
8406,1.31511947
8407,2.38299117
8408,0.97968719
8409,1.29713005
8410,1.87301187
8411,0.51551050
8412,1.42072678
8413,0.85425160
8414,2.34643035
8415,0.80490776
8416,0.47345993
8417,0.76781646
8418,0.40588628
8419,0.53401013
8420,0.62290611
8421,1.73046206
8422,0.67415126
8423,0.26556936
8424,2.03855487
8425,0.53526449
8426,1.64898132
8427,1.64848674
8428,0.89490441
8429,0.84580211
8430,0.05059077
8431,2.17244332
8432,0.59282263
8433,0.81047117
8434,1.77551517
8435,0.39950789
8436,0.82378556
8437,2.17558479
8438,1.91127833
8439,1.91092640
8440,1.63060904
8441,0.52384036
8442,1.97474672
8443,1.75202027
8444,0.99234695
8445,1.92334431
8446,2.24983276
8447,0.25941907
8448,0.91777882
8449,0.03701680
8450,1.75839984
8451,0.36896302
8452,1.61371217
8453,1.42018722
8454,2.09329010
8455,0.62159312
8456,1.19786333
8457,2.37704176
8458,1.94374749
8459,0.37184381
8460,0.90101520
8461,0.46614031
8462,0.05426019
8463,2.27040274
8464,2.01021818
8465,1.44225680
8466,1.44974522
8467,1.99164985
8468,0.71443895
8469,1.66411764
8470,1.51675769
8471,0.33639410
8472,2.27272758
8473,2.26350849
8474,0.22984107
8475,2.45203051
8476,0.76139427
8477,0.28828122
8478,2.08097837
8479,1.77358708
8480,0.26583625
8481,1.86116081
8482,1.39913559
8483,0.05641210
8484,1.26910774
8485,0.93333077
8486,0.52372305
8487,0.93095112
8488,0.86161198
8489,0.74787521
8490,0.55351000
8491,2.01167123
8492,1.22869086
8493,0.33195450
8494,1.90195455
8495,0.76441781
8496,0.28755425
8497,2.19666756
8498,0.39822253
8499,1.33310196
8500,0.08907719
8501,0.59673813
8502,2.15312768
8503,2.35739305
8504,2.16631275
8505,0.90854922
8506,0.95679285
8507,0.69135997
8508,2.41829449
8509,0.09142469
8510,0.22373387
8511,1.30416551
8512,2.32630752
8513,2.15174886
8514,1.13760287
8515,1.27512046
8516,0.05803775
8517,0.41327241
8518,2.44297944
8519,1.46635168
8520,2.19301809
8521,1.50014744
8522,0.06302604
8523,1.22095419
8524,0.56507211
8525,0.38106123
8526,1.40546334
8527,1.83498458
8528,0.04078381
8529,1.68860768
8530,0.53618440
8531,0.66200592
8532,0.56450193
8533,1.92545775
8534,0.88654265
8535,0.04517647
8536,0.90482534
8537,0.85978384
8538,1.07514996
8539,2.15995836
8540,1.83305649
8541,1.83185840
8542,1.10910297
8543,1.34397740
8544,2.38281909
8545,1.34794306
8546,1.40164939
8547,1.96175842
8548,2.28731097
8549,1.09008556
8550,0.04507521
8551,0.13505344
8552,1.59307258
8553,0.49929372
8554,0.52990573
8555,0.02931199
8556,2.16874770
8557,0.78181092
8558,0.80677915
8559,0.14711751
8560,2.10927688
8561,0.70824987
8562,0.91923422
8563,2.20876268
8564,0.17575363
8565,1.34881580
8566,0.05867796
8567,1.30082884
8568,1.29909320
8569,1.34006257
8570,2.45633604
8571,0.03226440
8572,0.50807283
8573,1.02012423
8574,0.71555794
8575,0.25160943
8576,0.41469526
8577,1.16043808
8578,1.15404199
8579,2.45842974
8580,2.25089594
8581,1.34629367
8582,1.60507600
8583,1.96694408
8584,1.82279222
8585,2.33840444
8586,0.20991286
8587,1.61133492
8588,1.23636796
8589,1.98593638
8590,1.86287603
8591,0.99339067
8592,2.24366580
8593,0.59211118
8594,0.27566531
8595,0.93833981
8596,2.39633306
8597,0.33019811
8598,1.19835235
8599,0.05923755
8600,1.25380445
8601,0.70953092
8602,2.38538295
8603,0.29507405
8604,0.76901756
8605,1.21540461
8606,0.40134839
8607,2.38311467
8608,0.65642767
8609,1.45249595
8610,0.07126803
8611,1.96740585
8612,1.57466882
8613,1.05969887
8614,1.61464128
8615,1.08480721
8616,1.79195657
8617,1.64405765
8618,0.68131048
8619,2.36898295
8620,0.88993510
8621,0.65653321
8622,1.30418263
8623,0.26627633
8624,0.83293932
8625,0.70107578
8626,1.37036709
8627,1.72239766
8628,0.63612045
8629,2.19566632
8630,2.44012591
8631,1.23138520
8632,1.67275404
8633,1.86726204
8634,0.08918081
8635,1.93019127
8636,2.41396572
8637,2.27127202
8638,2.42028261
8639,1.89061658
8640,0.87684370
8641,1.87534963
8642,1.78997508
8643,0.51164358
8644,2.41393547
8645,2.14898133
8646,0.37390594
8647,0.41399855
8648,1.08421974
8649,0.81598531
8650,0.48288871
8651,1.54424048
8652,1.67348848
8653,1.01201294
8654,1.75553297
8655,0.60837182
8656,1.32967641
8657,0.63988632
8658,0.93850070
8659,1.99497064
8660,0.27378778
8661,1.92747392
8662,0.56283755
8663,0.71620835
8664,0.64411960
8665,1.71274072
8666,1.45446787
8667,0.48898874
8668,2.40839121
8669,0.83645988
8670,0.70072065
8671,0.62969228
8672,0.92955891
8673,2.08329405
8674,0.45378549
8675,2.21413269
8676,0.32971547
8677,2.11625686
8678,1.10965948
8679,0.42170355
8680,1.58727010
8681,2.10548947
8682,1.33404776
8683,1.01561811
8684,0.12918566
8685,1.00523937
8686,0.27719031
8687,0.18325815
8688,1.00049454
8689,0.64158110
8690,1.64667012
8691,1.70137629
8692,0.18476330
8693,0.01178233
8694,0.61430782
8695,1.02084016
8696,0.23672863
8697,2.00221386
8698,2.21997220
8699,2.01791325
8700,2.05414005
8701,2.37851371
8702,2.11192705
8703,0.57570726
8704,0.29657688
8705,1.74559782
8706,2.15127233
8707,0.13708830
8708,1.35146342
8709,2.15180011
8710,1.75282646
8711,0.48134760
8712,2.23946618
8713,0.51894194
8714,0.13072375
8715,1.15109626
8716,1.32382775
8717,0.33708043
8718,0.64279506
8719,1.31731712
8720,0.41959477
8721,2.39588935
8722,1.19641031
8723,1.56928127
8724,1.66981211
8725,1.40087705
8726,0.19351865
8727,0.47328558
8728,2.22401957
8729,2.42263820
8730,0.28395276
8731,1.03830112
8732,1.91330018
8733,0.18767477
8734,1.66103338
8735,1.59366035
8736,2.35220363
8737,0.92885291
8738,1.75183701
8739,1.43096845
8740,0.31536378
8741,1.58773211
8742,1.25587038
8743,1.07100957
8744,0.97323098
8745,1.94920192
8746,0.00822656
8747,0.24406380
8748,1.02699100
8749,1.07760839
8750,1.58723314
8751,0.68113640
8752,0.02152856
8753,0.29385968
8754,1.57553797
8755,0.76840716
8756,1.81288857
8757,1.58366847
8758,0.88979869
8759,1.63232115
8760,2.41099763
8761,0.99372827
8762,0.65900777
8763,1.87036247
8764,1.06121000
8765,0.71271754
8766,0.60257864
8767,1.74556271
8768,1.20024477
8769,0.39978006
8770,1.69673301
8771,1.00982323
8772,1.45135554
8773,2.19738893
8774,0.07506614
8775,1.82051997
8776,0.64731049
8777,2.01889174
8778,0.63270886
8779,0.34695688
8780,1.06208020
8781,1.78996769
8782,0.41804850
8783,2.37701166
8784,1.74927653
8785,1.19801659
8786,1.43504628
8787,0.75425413
8788,2.28118383
8789,0.98741195
8790,1.37066531
8791,0.64414292
8792,1.69630345
8793,0.01142139
8794,1.98432940
8795,1.54107496
8796,1.17530475
8797,0.60473202
8798,0.58549539
8799,1.27347900
8800,2.39336689
8801,0.05894640
8802,2.17554089
8803,2.13565937
8804,1.17783213
8805,2.30002332
8806,2.15285035
8807,1.38735760
8808,1.41154120
8809,0.20912664
8810,0.63046748
8811,1.56315953
8812,1.05654419
8813,0.81452506
8814,0.74339868
8815,0.28073434
8816,1.10661925
8817,2.15825762
8818,1.81123156
8819,1.07205955
8820,1.38766866
8821,1.05374482
8822,0.87417314
8823,1.95325105
8824,0.07351894
8825,2.09628863
8826,1.72197728
8827,1.55264281
8828,0.73903151
8829,2.26293745
8830,2.24853825
8831,2.25024805
8832,0.47867563
8833,1.36895316
8834,0.48387174
8835,1.84695919
8836,1.19808718
8837,0.45052468
8838,1.69835954
8839,0.86728178
8840,0.04974069
8841,0.46024107
8842,0.15221291
8843,0.24263562
8844,0.40893691
8845,0.03487138
8846,2.44919441
8847,0.02118947
8848,2.42618570
8849,0.22358621
8850,0.78887627
8851,0.60513543
8852,0.34609349
8853,0.20048052
8854,2.07271323
8855,2.32019518
8856,1.19591093
8857,1.98326902
8858,0.22165473
8859,2.39365305
8860,2.21032150
8861,2.27441626
8862,0.43017133
8863,1.46749067
8864,0.40318020
8865,1.22980465
8866,0.97120032
8867,0.68803107
8868,0.65203255
8869,0.96552773
8870,0.78027837
8871,2.22372472
8872,1.36790542
8873,1.47038595
8874,1.01591046
8875,1.39080145
8876,0.38175963
8877,0.56410459
8878,1.27478012
8879,0.00139273
8880,1.80910925
8881,2.36846193
8882,0.34426609
8883,2.34104964
8884,0.88532163
8885,0.05927139
8886,1.24868800
8887,0.23726669
8888,0.50002817
8889,2.45095453
8890,0.49927288
8891,1.99441682
8892,0.00935953
8893,0.57693756
8894,1.73257947
8895,0.03146946
8896,1.05790037
8897,2.30687540
8898,0.00556789
8899,0.02480298
8900,1.92057111
8901,2.22395444
8902,0.00535969
8903,1.99144826
8904,2.28285705
8905,2.29395608
8906,0.20311421
8907,1.57671217
8908,1.44514811
8909,0.04969044
8910,1.68096961
8911,2.12854603
8912,0.47256269
8913,2.42946940
8914,0.33528053
8915,0.31818043
8916,1.12749436
8917,1.08253402
8918,0.44287433
8919,1.99022167
8920,2.29899688
8921,1.46741732
8922,1.91091047
8923,0.94932633
8924,0.49891872
8925,2.01779097
8926,0.33675874
8927,2.22374985
8928,1.37774862
8929,0.12153754
8930,2.37654450
8931,0.17521342
8932,0.07505219
8933,1.15469468
8934,1.31424149
8935,0.09070963
8936,0.52523278
8937,2.42660009
8938,1.84146183
8939,2.08158433
8940,0.51797007
8941,0.23072836
8942,0.88368573
8943,1.15453083
8944,0.71909278
8945,1.95911662
8946,0.38843548
8947,1.97930379
8948,1.21815777
8949,2.11196482
8950,2.19037058
8951,0.50339630
8952,1.70010851
8953,1.93984241
8954,1.50499312
8955,1.53921167
8956,0.39107603
8957,1.30378671
8958,1.84355462
8959,1.30703292
8960,1.79295312
8961,1.88585781
8962,2.12085674
8963,1.75110099
8964,2.17856428
8965,0.21015877
8966,0.04262562
8967,1.76675747
8968,1.50548492
8969,1.89498381
8970,1.67257378
8971,1.00425970
8972,1.03986840
8973,1.57162710
8974,0.19763018
8975,0.72357006
8976,0.44606905
8977,1.93239193
8978,1.16321044
8979,1.77632200
8980,0.35637992
8981,0.03860530
8982,1.49759093
8983,0.73282225
8984,2.06150794
8985,0.99407321
8986,1.50796490
8987,0.75762533
8988,2.24833218
8989,2.24961955
8990,1.05181173
8991,2.14154837
8992,1.03358600
8993,1.32930078
8994,1.69343268
8995,0.11650060
8996,1.08852596
8997,1.14157006
8998,0.65521114
8999,1.93619422
9000,2.24791416
9001,2.38775961
9002,0.42324465
9003,1.32631690
9004,0.86104185
9005,1.41730778
9006,0.24623390
9007,0.47203048
9008,0.43051871
9009,1.46116510
9010,1.13590747
9011,0.06495034
9012,1.58552641
9013,0.83096460
9014,1.45321340
9015,0.35113269
9016,2.35716438
9017,1.59197339
9018,1.60510802
9019,0.24948143
9020,1.33309914
9021,0.29321576
9022,0.20628502
9023,0.84157731
9024,1.15848186
9025,2.02211070
9026,1.33827140
9027,1.19701059
9028,1.04366347
9029,0.21660400
9030,1.09260153
9031,2.20303726
9032,1.79223923
9033,1.87098746
9034,1.59743943
9035,1.49924792
9036,2.39282742
9037,1.89507045
9038,1.16906246
9039,0.01633689
9040,2.06173830
9041,1.32265215
9042,0.66935752
9043,2.29433647
9044,1.20434566
9045,1.74175868
9046,0.96113160
9047,1.20934948
9048,0.45961784
9049,0.54819868
9050,0.47031060
9051,0.68946349
9052,0.16636217
9053,0.85982766
9054,2.42090907
9055,0.51997677
9056,2.13161203
9057,0.74364696
9058,0.33570063
9059,0.58091064
9060,1.73803664
9061,0.48613670
9062,0.41716168
9063,0.13112293
9064,0.39196808
9065,1.37619487
9066,0.00693155
9067,2.00459923
9068,1.53515481
9069,0.80924840
9070,0.43671658
9071,0.68918585
9072,0.27900079
9073,1.43652309
9074,0.92894278
9075,1.16465841
9076,1.97152589
9077,0.39808894
9078,1.85436241
9079,1.09612920
9080,1.38940749
9081,1.61863186
9082,0.91230216
9083,2.38108501
9084,0.68811256
9085,0.52908168
9086,0.53108436
9087,0.03916573
9088,2.24966331
9089,1.40985303
9090,1.32577716
9091,0.95992630
9092,0.51229999
9093,0.55480678
9094,2.11113052
9095,1.38139773
9096,1.64135758
9097,0.17712707
9098,0.19164048
9099,0.42522500
9100,0.98345809
9101,0.52148489
9102,2.31602940
9103,1.62593049
9104,2.28353580
9105,1.70170776
9106,0.18908549
9107,2.06894841
9108,1.35442286
9109,2.11234933
9110,1.80082113
9111,0.36089081
9112,0.03635333
9113,1.01056927
9114,0.45340715
9115,1.55530469
9116,2.44426977
9117,2.43829799
9118,2.00482495
9119,0.10454713
9120,0.96172859
9121,2.45650657
9122,1.98155323
9123,2.41974287
9124,1.49895181
9125,0.10412791
9126,0.44528387
9127,1.09603420
9128,0.73857372
9129,1.74059107
9130,2.17736465
9131,1.79296527
9132,0.21738703
9133,1.09195799
9134,2.43582614
9135,1.96893445
9136,1.21723287
9137,0.57224770
9138,0.89990821
9139,0.13889909
9140,0.36744209
9141,2.11885760
9142,0.41187614
9143,0.26064807
9144,1.32836916
9145,0.23435842
9146,1.10817476
9147,0.79757346
9148,2.13520081
9149,1.62284345
9150,0.87676695
9151,0.93420962
9152,0.48565902
9153,1.04859419
9154,1.95155430
9155,1.44916784
9156,0.79863899
9157,0.76549561
9158,1.66314757
9159,1.08968606
9160,1.04967907
9161,0.95021127
9162,1.48231870
9163,1.44609339
9164,1.37197054
9165,1.08805514
9166,2.34977794
9167,1.67916664
9168,0.86765329
9169,1.84886550
9170,1.92087503
9171,1.33347891
9172,1.43734733
9173,1.01433971
9174,0.51267056
9175,0.61036200
9176,2.07565963
9177,2.35786717
9178,0.78617501
9179,2.13153879
9180,2.21401283
9181,2.37511327
9182,0.09331449
9183,2.13059925
9184,0.06495723
9185,1.06249239
9186,1.77072218
9187,0.88196943
9188,1.83085344
9189,1.66851510
9190,2.09775751
9191,0.93576660
9192,0.19470078
9193,0.25455233
9194,0.08929317
9195,1.27068589
9196,2.33120099
9197,0.12845495
9198,1.26110110
9199,1.43908933
9200,1.71622892
9201,1.67110378
9202,0.41235387
9203,0.83976265
9204,1.51628139
9205,1.87768289
9206,1.69692170
9207,1.72570846
9208,1.54237408
9209,0.64680375
9210,0.62364756
9211,0.89826464
9212,0.22533733
9213,1.02267548
9214,1.89801689
9215,0.23038374
9216,0.02735218
9217,1.13555328
9218,1.99765010
9219,0.16544660
9220,0.23362706
9221,0.73837553
9222,1.95902092
9223,0.56699234
9224,1.13210470
9225,2.01081007
9226,0.84491562
9227,1.60134205
9228,2.17646399
9229,1.10436121
9230,1.53742742
9231,1.46511131
9232,0.85362294
9233,1.01255469
9234,0.25403341
9235,2.29606509
9236,0.62361475
9237,0.24952846
9238,0.70533511
9239,0.42374373
9240,1.69100479
9241,2.33276594
9242,0.24052561
9243,1.26953645
9244,1.59943255
9245,0.23513216
9246,1.64557159
9247,0.34262850
9248,2.07959513
9249,0.60717592
9250,0.59356463
9251,1.64911202
9252,1.92067811
9253,0.17056101
9254,1.06420775
9255,1.82964635
9256,0.96688034
9257,0.10454368
9258,1.46789418
9259,0.04847326
9260,1.14620714
9261,0.62592041
9262,2.09527423
9263,2.02158833
9264,1.18362209
9265,1.07665547
9266,0.34849521
9267,0.36749285
9268,2.08798920
9269,0.72698840
9270,1.68375715
9271,1.24827878
9272,1.20261545
9273,0.57870203
9274,1.95359193
9275,1.41413435
9276,0.62807260
9277,1.10288096
9278,2.10247324
9279,0.81100367
9280,0.01130881
9281,1.34256709
9282,0.13321206
9283,1.89475115
9284,1.66665915
9285,0.54347945
9286,0.95837473
9287,2.37248549
9288,1.70055543
9289,0.75891926
9290,1.38366048
9291,1.24294328
9292,2.13381352
9293,1.78452619
9294,1.10806026
9295,0.78229766
9296,0.84664582
9297,1.41966311
9298,1.73365259
9299,0.00993487
9300,0.48297167
9301,1.52637276
9302,1.96497788
9303,1.16958342
9304,2.19711827
9305,0.83294094
9306,1.39959788
9307,1.28025640
9308,0.11374822
9309,0.59426780
9310,0.34329388
9311,2.23109919
9312,1.91369082
9313,2.41801420
9314,2.06069615
9315,1.56337554
9316,1.24683637
9317,2.17366699
9318,1.28776278
9319,0.26758195
9320,2.26285437
9321,1.76889401
9322,0.15315189
9323,0.94787412
9324,0.53137239
9325,0.46622693
9326,0.31485320
9327,0.59730566
9328,0.00726689
9329,0.80557711
9330,1.01026827
9331,1.34832405
9332,1.55481448
9333,0.78829289
9334,1.38767567
9335,1.22213235
9336,2.03458812
9337,0.82593359
9338,0.25215382
9339,0.73149403
9340,1.56660365
9341,0.26645831
9342,0.45066816
9343,2.30800516
9344,1.14744316
9345,0.74811411
9346,0.69892393
9347,0.26301735
9348,0.52032335
9349,0.18059918
9350,1.63824655
9351,1.19832529
9352,0.32032531
9353,1.23736339
9354,1.29913607
9355,2.13192826
9356,0.73162987
9357,0.16460368
9358,0.96618530
9359,1.93660616
9360,0.41432451
9361,0.26393770
9362,2.46457005
9363,0.38225812
9364,2.01368408
9365,2.39623484
9366,1.76773475
9367,2.10146241
9368,0.12555316
9369,0.35783129
9370,0.63848318
9371,0.64893118
9372,1.82205592
9373,1.51533584
9374,1.60240575
9375,1.50446643
9376,1.12937828
9377,1.32436887
9378,1.02341135
9379,1.24625362
9380,1.85958565
9381,0.91036173
9382,0.55181045
9383,0.22507000
9384,2.25403341
9385,2.03612874
9386,1.67372106
9387,0.86045261
9388,0.75781945
9389,0.10385963
9390,0.48012578
9391,0.56931840
9392,2.15943111
9393,2.17588070
9394,1.56615538
9395,1.79342361
9396,1.35241419
9397,2.25255794
9398,0.73794285
9399,0.54545767
9400,0.78166315
9401,1.08088057
9402,0.98739396
9403,1.47436138
9404,1.22672360
9405,2.03839809
9406,0.84634889
9407,2.19804668
9408,0.86350031
9409,1.29732469
9410,0.72405173
9411,1.38112804
9412,0.32298979
9413,0.38112062
9414,1.26728091
9415,1.84943281
9416,1.88509898
9417,1.66025924
9418,0.27848607
9419,1.98284473
9420,0.99922696
9421,1.46015519
9422,0.44956551
9423,1.91517281
9424,1.19407097
9425,0.42446187
9426,1.51191997
9427,1.87283623
9428,1.29532981
9429,1.83429151
9430,1.74259952
9431,0.48036437
9432,0.36000428
9433,1.52092316
9434,0.42124209
9435,1.74814665
9436,1.95455724
9437,1.58569896
9438,1.32379546
9439,1.67176106
9440,0.81112106
9441,1.94675323
9442,0.06021839
9443,0.05477793
9444,2.09607381
9445,0.51616954
9446,0.98273803
9447,0.51551694
9448,1.17983654
9449,0.64408082
9450,1.09358808
9451,0.57152196
9452,1.25128655
9453,0.05712863
9454,0.54483616
9455,1.46557030
9456,1.98204460
9457,0.22061360
9458,1.97333619
9459,2.20082317
9460,2.14071086
9461,1.22907598
9462,2.17866656
9463,2.11984027
9464,1.27909900
9465,0.37293534
9466,1.89607268
9467,1.04841159
9468,0.87993794
9469,2.39649326
9470,1.64584348
9471,2.02403158
9472,1.02940349
9473,1.26940260
9474,1.28382305
9475,1.07483946
9476,2.22434758
9477,1.47382638
9478,0.46588900
9479,2.41397061
9480,2.41399148
9481,2.22539197
9482,0.82000697
9483,2.27099768
9484,2.17608459
9485,0.50194751
9486,2.35597041
9487,1.26788043
9488,1.82554352
9489,1.95886768
9490,0.85335479
9491,0.02535832
9492,2.01500029
9493,0.96828356
9494,2.12777180
9495,1.49671049
9496,2.28062034
9497,2.14099237
9498,0.45741834
9499,0.53070802
9500,1.65518180
9501,0.84672375
9502,2.38821540
9503,0.45659409
9504,1.61712896
9505,2.44371591
9506,2.20556430
9507,1.50682971
9508,1.63262646
9509,2.20866342
9510,0.57464331
9511,2.08321305
9512,1.70448635
9513,1.21710881
9514,0.43765537
9515,0.01513172
9516,1.94059295
9517,2.04970481
9518,1.96445938
9519,1.41725753
9520,1.96594538
9521,0.02219897
9522,0.87647623
9523,1.24186355
9524,1.40378301
9525,0.77662769
9526,1.68217834
9527,1.13519071
9528,0.90445545
9529,0.70014265
9530,1.16926295
9531,2.00929894
9532,0.64833159
9533,0.28544570
9534,1.28678291
9535,1.55263908
9536,0.38076005
9537,2.19335376
9538,1.80683343
9539,1.34337745
9540,0.84572412
9541,0.35883389
9542,2.03395933
9543,1.49592100
9544,1.32517622
9545,2.16612858
9546,0.18637892
9547,0.74370102
9548,1.23758144
9549,0.03115078
9550,1.35049295
9551,2.08393969
9552,1.83514820
9553,2.30340912
9554,0.59746973
9555,1.75886725
9556,2.37344635
9557,2.28414446
9558,0.84368014
9559,1.61655622
9560,2.26949748
9561,2.14359834
9562,1.49546473
9563,0.23657287
9564,0.45256759
9565,1.82383153
9566,1.41375591
9567,0.45996003
9568,0.98671616
9569,1.71451899
9570,1.48202406
9571,1.16650441
9572,1.78806048
9573,2.03903707
9574,0.40472959
9575,0.29246070
9576,1.33715554
9577,0.65809088
9578,0.52093352
9579,0.58016085
9580,2.23005534
9581,2.09792424
9582,1.66183956
9583,0.63720549
9584,1.74665716
9585,2.23584142
9586,0.53911172
9587,2.40040871
9588,0.29092879
9589,1.73928794
9590,0.88407164
9591,2.14686365
9592,0.85744687
9593,0.34525511
9594,1.15329894
9595,1.82636119
9596,1.02737926
9597,0.05728863
9598,0.56400263
9599,2.37145109
9600,0.18470817
9601,0.26603778
9602,2.05518032
9603,1.11240745
9604,2.24170491
9605,1.92967174
9606,1.45095863
9607,0.61175555
9608,0.97639134
9609,0.24636460
9610,0.77992920
9611,1.94836423
9612,0.90082744
9613,1.05735105
9614,0.05604130
9615,2.23517026
9616,1.25167835
9617,0.47069966
9618,0.07383878
9619,1.08136612
9620,2.31219921
9621,1.24959840
9622,0.03523591
9623,1.41640416
9624,1.84618222
9625,1.70936406
9626,1.81049132
9627,1.98679075
9628,0.24969335
9629,0.44915107
9630,0.19347293
9631,1.03035265
9632,0.22670414
9633,0.00942240
9634,0.83281449
9635,1.74061924
9636,1.70659375
9637,0.41939206
9638,2.09582938
9639,1.26201923
9640,0.93992318
9641,0.74772686
9642,2.11747636
9643,1.74443993
9644,0.18054844
9645,2.32532506
9646,0.59236887
9647,2.43952723
9648,0.71759366
9649,1.96347879
9650,1.21899352
9651,1.15941869
9652,2.41491893
9653,1.62785518
9654,0.52917016
9655,0.86867691
9656,1.71748824
9657,0.35061817
9658,2.30809275
9659,0.43161035
9660,1.55461576
9661,1.93610485
9662,1.65709808
9663,0.53113738
9664,0.33479044
9665,0.50874305
9666,0.05837090
9667,2.34996516
9668,2.08025071
9669,0.67417103
9670,1.90395351
9671,0.15752640
9672,1.31274282
9673,1.17203449
9674,2.07614070
9675,1.87784590
9676,0.83605430
9677,0.83127939
9678,0.02077674
9679,2.19964939
9680,1.02338937
9681,1.87102428
9682,0.82698654
9683,1.97926150
9684,1.58159577
9685,2.21379669
9686,2.09569446
9687,1.85460531
9688,0.84435538
9689,0.37621509
9690,0.19641614
9691,2.38108558
9692,1.52756908
9693,1.18918059
9694,2.32750242
9695,2.15661532
9696,2.00342582
9697,2.45008124
9698,0.26189313
9699,1.26411619
9700,1.43740444
9701,2.24703614
9702,1.34046490
9703,0.12918411
9704,0.80842921
9705,0.95393770
9706,1.51108947
9707,0.28711540
9708,1.67441641
9709,0.77052347
9710,1.09004264
9711,2.45747213
9712,0.19697078
9713,0.03801888
9714,0.46914485
9715,0.95468747
9716,0.51460586
9717,0.67766838
9718,0.13834717
9719,0.97368299
9720,2.22227240
9721,1.49489328
9722,1.20375736
9723,2.29127671
9724,1.91020292
9725,1.27511336
9726,1.84426727
9727,0.27447075
9728,2.45016521
9729,0.34924091
9730,1.20806478
9731,1.82426552
9732,1.30475838
9733,0.07089049
9734,0.30206264
9735,2.19498620
9736,1.32675435
9737,0.35576873
9738,0.21720182
9739,2.28174804
9740,2.34732443
9741,1.46805193
9742,1.29658562
9743,0.87193037
9744,2.24607243
9745,1.37068429
9746,1.45919941
9747,2.16332492
9748,1.62315834
9749,1.16585162
9750,1.75329825
9751,2.26037372
9752,0.51030710
9753,1.64155917
9754,1.73076614
9755,0.76030197
9756,1.89396987
9757,0.62313269
9758,0.84210866
9759,2.42856154
9760,0.32729160
9761,1.07641382
9762,1.60297440
9763,0.30852705
9764,2.35553865
9765,2.02166367
9766,0.64252924
9767,2.34864288
9768,0.45811940
9769,0.51356550
9770,0.61908654
9771,1.63218820
9772,0.84289645
9773,1.89694744
9774,1.04542264
9775,0.24408132
9776,2.15158806
9777,1.53028833
9778,0.80339336
9779,1.27612316
9780,0.87051290
9781,1.01045906
9782,1.99271380
9783,1.79918907
9784,1.08610847
9785,0.43201944
9786,1.20590557
9787,2.10879455
9788,0.68767549
9789,1.50225348
9790,0.73602579
9791,1.96612101
9792,1.72509516
9793,1.86585144
9794,1.50413148
9795,1.05205718
9796,0.93186805
9797,1.89568670
9798,0.98379371
9799,2.03702458
9800,1.41245083
9801,0.66074788
9802,1.66366575
9803,1.83357616
9804,0.35962753
9805,0.14210579
9806,0.47791647
9807,1.25403038
9808,1.80588583
9809,0.07255372
9810,1.51403607
9811,0.98745782
9812,0.45287492
9813,1.35169121
9814,2.04977063
9815,0.51170703
9816,0.83503091
9817,0.20423994
9818,0.42490369
9819,1.79203683
9820,1.40834804
9821,2.43643339
9822,2.06540303
9823,0.61129575
9824,0.30548350
9825,2.23238211
9826,2.20341703
9827,1.16474191
9828,0.36887631
9829,1.15135236
9830,0.38434161
9831,1.85961829
9832,0.98453749
9833,0.56757469
9834,0.68768615
9835,1.46771700
9836,1.12894863
9837,0.77303168
9838,0.68939483
9839,2.05988942
9840,0.93858126
9841,0.75287822
9842,1.07284924
9843,1.76129177
9844,0.85037731
9845,1.65520004
9846,1.18251404
9847,0.76157386
9848,1.26752283
9849,0.12425889
9850,1.97923631
9851,0.43402598
9852,0.39576756
9853,1.14563453
9854,1.93591281
9855,0.25679725
9856,1.97465095
9857,0.25921441
9858,1.56833157
9859,1.42845507
9860,1.52065690
9861,2.28775246
9862,0.21623985
9863,0.32637250
9864,0.49515546
9865,1.60299682
9866,0.77259045
9867,2.05556331
9868,1.52155296
9869,0.49384237
9870,0.84174323
9871,0.92657949
9872,1.84355864
9873,0.85700907
9874,1.78621927
9875,1.33835640
9876,0.94578335
9877,0.88013196
9878,0.94061565
9879,0.98569100
9880,0.02161357
9881,0.51824937
9882,0.64038359
9883,0.05063124
9884,0.01238207
9885,1.44005234
9886,2.06191509
9887,1.68782763
9888,1.05836539
9889,1.59771034
9890,1.95986465
9891,1.52917923
9892,1.26859019
9893,0.39726195
9894,1.19379450
9895,0.73597264
9896,1.81238668
9897,2.14169482
9898,0.58804456
9899,1.60606848
9900,0.96715776
9901,0.73978338
9902,1.22691465
9903,2.35623648
9904,1.24085825
9905,1.66130913
9906,1.82004723
9907,0.06419528
9908,2.08295264
9909,0.33246563
9910,0.07104266
9911,1.14112930
9912,1.66746042
9913,1.30569484
9914,0.07958064
9915,0.02549402
9916,0.41644340
9917,0.80277022
9918,0.47348776
9919,2.10825330
9920,0.10784084
9921,2.02995316
9922,1.45188864
9923,1.16900691
9924,0.24197124
9925,2.45717198
9926,1.03846973
9927,0.41614618
9928,2.25423008
9929,0.32230781
9930,0.08545739
9931,1.30781418
9932,2.43054908
9933,0.30296291
9934,1.39850948
9935,1.08447221
9936,1.17704875
9937,1.98618325
9938,1.62573256
9939,0.31087707
9940,2.15762278
9941,0.08767633
9942,0.30032722
9943,0.06444927
9944,1.10930239
9945,1.88561881
9946,2.26128810
9947,1.36017984
9948,2.05557052
9949,1.66799424
9950,0.82816244
9951,0.26477493
9952,1.92481548
9953,0.04193806
9954,1.22732812
9955,1.82246399
9956,0.67307971
9957,0.45422573
9958,0.84940055
9959,1.66171431
9960,1.57647891
9961,2.41836725
9962,1.08762020
9963,0.87490258
9964,0.49955661
9965,0.85285691
9966,0.45945611
9967,0.96909990
9968,0.20567271
9969,0.77828924
9970,0.13620325
9971,0.31794792
9972,1.88679002
9973,2.38439519
9974,2.20774904
9975,0.73394568
9976,1.65248528
9977,0.26902839
9978,2.43981590
9979,0.88066627
9980,1.64326585
9981,0.60864054
9982,0.82937368
9983,0.11374268
9984,0.92001830
9985,1.43761548
9986,0.05963753
9987,1.89926426
9988,0.57504102
9989,1.54852945
9990,0.50663384
9991,1.44691415
9992,2.03900265
9993,2.00555750
9994,2.29160651
9995,0.41808758
9996,0.39475376
9997,2.10227441
9998,1.56495998
9999,1.86556195
