step,entropy,in_repeat_run
0,2.34020499,0
1,2.05942492,0
2,2.14384474,0
3,1.23364228,0
4,2.00867624,0
5,1.64087453,0
6,2.27196189,0
7,0.74881719,0
8,1.51872954,0
9,0.11002920,0
10,1.21377196,0
11,1.44713181,0
12,0.02251877,0
13,1.43748654,0
14,2.14076416,0
15,1.89431574,0
16,0.21361306,0
17,0.72472350,0
18,0.02403506,0
19,1.10405713,0
20,0.08509710,0
21,0.13789000,0
22,0.00010513,0
23,0.00026391,0
24,1.21660012,0
25,1.72898290,0
26,0.25887070,0
27,0.90472084,0
28,1.02145867,0
29,0.41102804,0
30,0.74304586,0
31,1.42774187,0
32,1.04329020,0
33,1.32823989,0
34,0.56575597,0
35,0.55551664,0
36,0.25757253,0
37,1.39664886,0
38,0.83085998,0
39,1.74168989,0
40,1.02526467,0
41,0.00443925,0
42,0.87034466,0
43,1.08757181,0
44,0.00405790,0
45,1.21973079,0
46,0.72725970,0
47,0.87262977,0
48,0.41832032,0
49,1.55690341,0
50,0.00023800,0
51,1.06191368,0
52,0.01485265,0
53,0.29450558,0
54,0.00067273,0
55,0.14485081,0
56,0.18127727,0
57,0.70985191,0
58,2.29943890,0
59,0.00002229,0
60,1.18467218,0
61,0.56232576,0
62,0.02688781,0
63,0.00018259,0
64,0.48033738,0
65,0.95006140,0
66,1.05652655,0
67,0.60298277,0
68,0.00023776,0
69,1.02786925,0
70,0.13342004,0
71,0.38167842,0
72,1.67596575,0
73,1.07360624,0
74,1.40957353,0
75,1.03434892,0
76,0.00002843,0
77,0.22186530,0
78,0.56129709,0
79,0.13077961,0
80,0.90889430,0
81,1.24132085,0
82,0.78229097,0
83,0.00062215,0
84,0.70887507,0
85,1.76690363,0
86,0.00885525,0
87,0.13687102,0
88,1.10238754,0
89,0.37233835,0
90,0.00026006,0
91,0.00001089,0
92,0.00006231,0
93,0.10381941,0
94,1.15040041,0
95,0.00636013,0
96,0.12959246,0
97,0.00002959,0
98,0.06201172,0
99,0.00000002,0
100,0.34376709,0
101,0.17456621,0
102,0.00001143,0
103,0.49877538,0
104,0.00161543,0
105,0.00005750,0
106,0.03892484,0
107,0.10561613,0
108,0.44824317,0
109,1.40829756,0
110,1.14249777,0
111,1.10263565,0
112,0.90258278,0
113,1.02012281,0
114,0.71782427,0
115,0.02677701,0
116,0.51318701,0
117,0.74459455,0
118,0.27258841,0
119,0.62877768,0
120,0.38007855,0
121,0.16053768,0
122,0.21633537,0
123,1.04369812,0
124,0.65582532,0
125,2.24169664,0
126,0.03020893,0
127,0.95700550,0
128,0.01303921,0
129,0.23608078,0
130,0.01681334,0
131,1.35950998,0
132,0.05550570,0
133,0.00054056,0
134,0.15366755,0
135,0.42445511,0
136,1.20446711,0
137,0.99988790,0
138,0.31220683,0
139,0.13204647,0
140,1.01526399,0
141,0.00057089,0
142,1.24406488,0
143,0.60753120,0
144,0.10243498,0
145,1.61802980,0
146,0.02487962,0
147,0.98186916,0
148,0.00026777,0
149,0.54801345,0
150,0.65116309,0
151,0.74439315,0
152,0.80145464,0
153,1.04173848,0
154,1.82552122,0
155,1.15820995,0
156,0.00293370,0
157,0.70561699,0
158,0.00144835,0
159,0.00001055,0
160,0.00004823,0
161,0.00093983,0
162,0.89688782,0
163,0.85913118,0
164,0.90009639,0
165,1.81259243,0
166,0.45827886,0
167,0.33554988,0
168,1.42724733,0
169,0.00048504,0
170,1.01455395,0
171,0.01144465,0
172,1.25779589,0
173,0.15030392,0
174,1.55915899,0
175,0.99551979,0
176,0.54594864,0
177,1.72732433,0
178,1.48457840,0
179,0.10514063,0
180,0.00883692,0
181,0.00087293,0
182,0.00011915,0
183,1.38621031,0
184,0.70677971,0
185,0.73137545,0
186,1.39860950,0
187,1.00075557,0
188,0.83850253,0
189,0.00006181,0
190,0.20137629,0
191,2.07518871,0
192,2.00895593,0
193,0.00007653,0
194,0.07060659,0
195,1.19793188,0
196,0.00172811,0
197,0.00000855,0
198,0.00096424,0
199,0.00026408,0
200,0.00105138,0
201,0.00269248,0
202,0.00516971,0
203,0.00003099,0
204,0.69099234,0
205,0.58439673,0
206,0.24630042,0
207,0.22958152,0
208,0.43053237,0
209,0.04562261,0
210,0.00078854,0
211,1.59192446,0
212,0.05533021,0
213,0.05696761,0
214,0.00005686,0
215,0.61462122,0
216,1.85290195,0
217,1.03387977,0
218,1.02033198,0
219,0.00117822,0
220,0.89985680,0
221,1.38328730,0
222,0.58661848,0
223,0.10453445,0
224,0.05602661,0
225,0.03565810,0
226,1.40621519,0
227,0.00077204,0
228,0.63903099,0
229,0.58742619,0
230,0.02137847,0
231,0.09197928,0
232,0.22036165,0
233,0.01811288,0
234,0.00033256,0
235,1.20058601,0
236,1.14473987,0
237,0.19864308,0
238,1.47836136,0
239,0.52898340,0
240,0.01416554,0
241,0.19646033,0
242,1.29280881,0
243,0.78930625,0
244,2.16168194,0
245,0.06083784,0
246,0.08266060,0
247,0.01809041,0
248,1.61219120,0
249,0.80430894,0
250,1.21650836,0
251,0.07991946,0
252,1.68794442,0
253,0.00143346,0
254,0.01527718,0
255,0.00695676,0
256,0.73453376,0
257,0.55601551,0
258,2.00926854,0
259,0.25611534,0
260,0.31617203,0
261,0.10454459,0
262,0.00114766,0
263,0.17318177,0
264,0.00188616,0
265,0.64431312,0
266,0.92933819,0
267,0.80180563,0
268,2.22563549,0
269,0.00000761,0
270,2.24347597,0
271,0.37121505,0
272,0.71884810,0
273,0.55422488,0
274,0.05809476,0
275,0.06016571,0
276,1.35559719,0
277,2.20476642,0
278,0.13376609,0
279,0.00001820,0
280,0.00008981,0
281,0.77830955,0
282,0.45454900,0
283,1.28577848,0
284,0.75444407,0
285,0.21839821,0
286,0.19739772,0
287,0.66974823,0
288,0.13149182,0
289,1.18925194,0
290,0.07404750,0
291,0.82475707,0
292,0.13038114,0
293,0.24703910,0
294,0.84621563,0
295,0.49496914,0
296,0.59843918,0
297,0.31496708,0
298,1.41704375,0
299,0.27074088,0
300,0.78360911,0
301,0.75765079,0
302,0.04048877,0
303,0.59021294,0
304,0.11863980,0
305,0.61130497,0
306,0.64114636,0
307,0.32694102,0
308,0.06462448,0
309,2.00109757,0
310,1.24420739,0
311,0.01586571,0
312,0.55879028,0
313,0.00024837,0
314,0.00003566,0
315,0.00006230,0
316,0.79183288,0
317,0.03696002,0
318,0.65602409,0
319,0.43095049,0
320,0.00138757,0
321,1.17467608,0
322,0.73550859,0
323,0.00491623,0
324,0.08067240,0
325,0.12765328,0
326,0.04617187,0
327,1.68307938,0
328,0.03686567,0
329,1.08630183,0
330,1.03050841,0
331,1.05942392,0
332,2.17413495,0
333,0.76708845,0
334,0.79865867,0
335,0.87593083,0
336,0.40971701,0
337,0.00911445,0
338,0.23885877,0
339,1.22164155,0
340,1.18613117,0
341,1.35401639,0
342,0.69888818,0
343,0.00049660,0
344,1.01135325,0
345,0.15296482,0
346,0.02078958,0
347,1.68576150,0
348,1.27945461,0
349,1.02972240,0
350,0.46742106,0
351,0.03356512,0
352,0.28317042,0
353,0.97931173,0
354,0.46788316,0
355,0.82552723,0
356,0.02099310,0
357,0.44095885,0
358,1.76166940,0
359,0.16818345,0
360,0.62642043,0
361,1.65965544,0
362,0.14761799,0
363,0.01989303,0
364,0.02081975,0
365,0.00170778,0
366,0.57169852,0
367,1.20006209,0
368,0.01011935,0
369,0.05920282,0
370,0.28364932,0
371,1.32997236,0
372,0.25452244,0
373,0.10019611,0
374,0.00215357,0
375,0.00803329,0
376,0.00255957,0
377,0.00040624,0
378,0.00034742,0
379,0.00337327,0
380,0.00204125,0
381,0.00554685,0
382,0.00349263,0
383,0.00060283,0
384,0.00122639,0
385,0.00628430,0
386,0.01181265,0
387,0.31712472,0
388,0.00099186,0
389,0.00112657,0
390,0.00019048,0
391,0.00027380,0
392,0.00059599,0
393,0.00310718,0
394,0.00473121,0
395,0.00078328,0
396,0.00043645,0
397,0.00033601,0
398,0.00058643,0
399,0.00026031,0
400,0.00017520,0
401,0.00020179,0
402,0.00197302,0
403,0.00439129,0
404,0.03690891,0
405,0.01067210,0
406,0.00062412,0
407,0.01943878,0
408,0.01003626,0
409,0.00108919,0
410,0.00288311,0
411,0.00087448,0
412,0.00612191,0
413,0.00138427,0
414,0.00053652,0
415,0.00043909,0
416,0.01771288,0
417,0.00046322,0
418,0.02799996,0
419,0.45556203,0
420,0.00951511,0
421,0.05664577,0
422,0.01167704,0
423,0.00674674,0
424,0.00756246,0
425,0.00476970,0
426,0.00076597,0
427,0.00141900,0
428,0.00061156,0
429,0.00695643,0
430,0.05202231,0
431,0.00109592,0
432,0.01175942,0
433,0.02381762,0
434,0.70516573,0
435,0.01132472,0
436,0.00311155,0
437,0.00067358,0
438,0.00156012,0
439,0.00203465,0
440,0.00054855,0
441,0.00036587,0
442,0.00258648,0
443,0.00200015,0
444,0.00138082,0
445,0.00492036,0
446,0.00034786,0
447,0.00064509,0
448,0.00645756,0
449,0.00139192,0
450,0.12682903,0
451,0.00097478,0
452,0.00137356,0
453,0.00015400,0
454,0.00026002,0
455,0.00114214,0
456,0.00147361,0
457,0.00096691,0
458,0.00163882,0
459,0.00038186,0
460,0.00043124,0
461,0.00107412,0
462,0.00103355,0
463,0.00029214,0
464,0.00014634,0
465,0.00219503,0
466,0.00194842,0
467,0.01203570,0
468,0.00138647,0
469,0.00126142,0
470,0.00352287,0
471,0.00413446,0
472,0.00209290,0
473,0.00279710,0
474,0.00046873,0
475,0.00336615,0
476,0.00138834,0
477,0.00052531,0
478,0.00046352,0
479,0.00450009,0
480,0.00040255,0
481,0.00825474,0
482,0.24111076,0
483,0.00395358,0
484,0.01249157,0
485,0.00585988,0
486,0.00316264,0
487,0.00247244,0
488,0.00715404,0
489,0.00112752,0
490,0.00078353,0
491,0.00098570,0
492,0.00305863,0
493,0.02103889,0
494,0.00080105,0
495,0.01123669,0
496,0.01696352,0
497,0.20063171,0
498,0.00551565,0
499,0.00252504,0
500,0.00084519,0
501,0.00147330,0
502,0.00200336,0
503,0.00084117,0
504,0.00053982,0
505,0.00244216,0
506,0.00219466,0
507,0.00126505,0
508,0.00685550,0
509,0.00048036,0
510,0.00091283,0
511,0.00822150,0
512,0.00122654,0
513,0.07870846,0
514,0.00148012,0
515,0.00206124,0
516,0.00025749,0
517,0.00027947,0
518,0.00156491,0
519,0.00167905,0
520,0.00127488,0
521,0.00153182,0
522,0.00044540,0
523,0.00078587,0
524,0.00265500,0
525,0.00113473,0
526,0.00053966,0
527,0.00024372,0
528,0.00339967,0
529,0.00203580,0
530,0.01131431,0
531,0.00146449,0
532,0.00185156,0
533,0.00185871,0
534,0.00473784,0
535,0.00237862,0
536,0.00464148,0
537,0.00053878,0
538,0.00264661,0
539,0.00187440,0
540,0.00065341,0
541,0.00084780,0
542,0.00292415,0
543,0.00049922,0
544,0.00480626,0
545,0.10775245,0
546,0.00289670,0
547,0.00778254,0
548,0.00333088,0
549,0.00366080,0
550,0.00172656,0
551,0.00727457,0
552,0.00118964,0
553,0.00060115,0
554,0.00123189,0
555,0.00174025,0
556,0.01074181,0
557,0.00068283,0
558,0.00758664,0
559,0.00924517,0
560,0.10132356,0
561,0.00437382,0
562,0.00215709,0
563,0.00080797,0
564,0.00143572,0
565,0.00389778,0
566,0.00084285,0
567,0.00059902,0
568,0.00226398,0
569,0.00242921,0
570,0.00116412,0
571,0.00836941,0
572,0.00048957,0
573,0.00105864,0
574,0.00818793,0
575,0.00110594,0
576,0.05435281,0
577,0.00177580,0
578,0.00219616,0
579,0.00027675,0
580,0.00028658,0
581,0.00222932,0
582,0.00162257,0
583,0.00056457,0
584,0.00240920,0
585,0.00048157,0
586,0.00096286,0
587,0.00218979,0
588,0.00112181,0
589,0.00055876,0
590,0.00028854,0
591,0.00384933,0
592,0.00188943,0
593,0.00804430,0
594,0.00130547,0
595,0.00221242,0
596,0.00126910,0
597,0.00441486,0
598,0.00232574,0
599,0.00613631,0
600,0.00059044,0
601,0.00218283,0
602,0.00248152,0
603,0.00072290,0
604,0.00126542,0
605,0.00221178,0
606,0.00053220,0
607,0.00337713,0
608,0.06365073,0
609,0.00237964,0
610,0.00624830,0
611,0.00200015,0
612,0.00373645,0
613,0.00161018,0
614,0.00941713,0
615,0.00146197,0
616,0.00058437,0
617,0.00169416,0
618,0.00145023,0
619,0.00966823,0
620,0.00070582,0
621,0.00638679,0
622,0.00706852,0
623,0.05772955,0
624,0.00333023,0
625,0.00183558,0
626,0.00084940,0
627,0.00137825,0
628,0.00263289,0
629,0.00068825,0
630,0.00063417,0
631,0.00232470,0
632,0.00247634,0
633,0.00106429,0
634,0.00966823,0
635,0.00056595,0
636,0.00119866,0
637,0.00804977,0
638,0.00112540,0
639,0.04603013,0
640,0.00192223,0
641,0.00222830,0
642,0.00031694,0
643,0.00037599,0
644,0.00221841,0
645,0.00162147,0
646,0.00048184,0
647,0.00261309,0
648,0.00052315,0
649,0.00114048,0
650,0.00186103,0
651,0.00114441,0
652,0.00061770,0
653,0.00035456,0
654,0.00401283,0
655,0.00213576,0
656,0.00603239,0
657,0.00131839,0
658,0.00274127,0
659,0.00123580,0
660,0.00419262,0
661,0.00237441,0
662,0.00645328,0
663,0.00069093,0
664,0.00192155,0
665,0.00256648,0
666,0.00078865,0
667,0.00141043,0
668,0.00297129,0
669,0.00061462,0
670,0.00278467,0
671,0.04065259,0
672,0.00218867,0
673,0.00631650,0
674,0.00176387,0
675,0.00368103,0
676,0.00157754,0
677,0.01009715,0
678,0.00139409,0
679,0.00055839,0
680,0.00181033,0
681,0.00144783,0
682,0.00621262,0
683,0.00083663,0
684,0.00610977,0
685,0.00552643,0
686,0.03650619,0
687,0.00334246,0
688,0.00158520,0
689,0.00081564,0
690,0.00143912,0
691,0.00350490,0
692,0.00074953,0
693,0.00069936,0
694,0.00274126,0
695,0.00239234,0
696,0.00108070,0
697,0.00984810,0
698,0.00056396,0
699,0.00133025,0
700,0.00768145,0
701,0.00124115,0
702,0.04210127,0
703,0.00214514,0
704,0.00248335,0
705,0.00037785,0
706,0.00038228,0
707,0.00166616,0
708,0.00158853,0
709,0.00047047,0
710,0.00295021,0
711,0.00052440,0
712,0.00111240,0
713,0.00214073,0
714,0.00157450,0
715,0.00059865,0
716,0.00041691,0
717,0.00476179,0
718,0.00207108,0
719,0.00587837,0
720,0.00120389,0
721,0.00348169,0
722,0.00110479,0
723,0.00427342,0
724,0.00276305,0
725,0.00797348,0
726,0.00070719,0
727,0.00191704,0
728,0.00285716,0
729,0.00076341,0
730,0.00149218,0
731,0.00355149,0
732,0.00065816,0
733,0.00265020,0
734,0.02890320,0
735,0.00209876,0
736,0.00620132,0
737,0.00150260,0
738,0.00362119,0
739,0.00161726,0
740,0.01038542,0
741,0.00143308,0
742,0.00055408,0
743,0.00196573,0
744,0.00144889,0
745,0.00522105,0
746,0.00075190,0
747,0.00550990,0
748,0.00457114,0
749,0.02507334,0
750,0.00319097,0
751,0.00159460,0
752,0.00081752,0
753,0.00142364,0
754,0.00313730,0
755,0.00083506,0
756,0.00078145,0
757,0.00268644,0
758,0.00252338,0
759,0.00109679,0
760,0.01158319,0
761,0.00053405,0
762,0.00144272,0
763,0.00790720,0
764,0.00135713,0
765,0.03385019,0
766,0.00236707,0
767,0.00273115,0
768,0.00037702,0
769,0.00040676,0
770,0.00150469,0
771,0.00193938,0
772,0.00042179,0
773,0.00306529,0
774,0.00059976,0
775,0.00124179,0
776,0.00203302,0
777,0.00150790,0
778,0.00067749,0
779,0.00047854,0
780,0.00530330,0
781,0.00230179,0
782,0.00488058,0
783,0.00138942,0
784,0.00407186,0
785,0.00113961,0
786,0.00428877,0
787,0.00308031,0
788,0.00750927,0
789,0.00078930,0
790,0.00201047,0
791,0.00274247,0
792,0.00086558,0
793,0.00150121,0
794,0.00405672,0
795,0.00073408,0
796,0.00246944,0
797,0.02086781,0
798,0.00204131,0
799,0.00614876,0
800,0.00146002,0
801,0.00379189,0
802,0.00163444,0
803,0.01128057,0
804,0.00146573,0
805,0.00059710,0
806,0.00174670,0
807,0.00135941,0
808,0.00462017,0
809,0.00071847,0
810,0.00502945,0
811,0.00382161,0
812,0.02312542,0
813,0.00320196,0
814,0.00158978,0
815,0.00087385,0
816,0.00145539,0
817,0.00345125,0
818,0.00078798,0
819,0.00079401,0
820,0.00289021,0
821,0.00230427,0
822,0.00120490,0
823,0.01117654,0
824,0.00059173,0
825,0.00164088,0
826,0.00874957,0
827,0.00147072,0
828,0.03369242,0
829,0.00262382,0
830,0.00308189,0
831,0.00041370,0
832,0.00041367,0
833,0.00158767,0
834,0.00228757,0
835,0.00046169,0
836,0.00276670,0
837,0.00066169,0
838,0.00154688,0
839,0.00233581,0
840,0.00138890,0
841,0.00071699,0
842,0.00059572,0
843,0.00591808,0
844,0.00266030,0
845,0.00484055,0
846,0.00131618,0
847,0.00401532,0
848,0.00104735,0
849,0.00373910,0
850,0.00314126,0
851,0.00749172,0
852,0.00081092,0
853,0.00181055,0
854,0.00313103,0
855,0.00093262,0
856,0.00176403,0
857,0.00428211,0
858,0.00077322,0
859,0.00237210,0
860,0.01911823,0
861,0.00192352,0
862,0.00576046,0
863,0.00136234,0
864,0.00384399,0
865,0.00164492,0
866,0.01094523,0
867,0.00142771,0
868,0.00060741,0
869,0.00157231,0
870,0.00131725,0
871,0.00409880,0
872,0.00087102,0
873,0.00461907,0
874,0.00330219,0
875,0.01964730,0
876,0.00321220,0
877,0.00150492,0
878,0.00092305,0
879,0.00143139,0
880,0.00323626,0
881,0.00067708,0
882,0.00081786,0
883,0.00241835,0
884,0.00261721,0
885,0.00115526,0
886,0.01161112,0
887,0.00060326,0
888,0.00163763,0
889,0.00924453,0
890,0.00153991,0
891,0.03238631,0
892,0.00255821,0
893,0.00314507,0
894,0.00045177,0
895,0.00044548,0
896,0.00158578,0
897,0.00233334,0
898,0.00055399,0
899,0.00259760,0
900,0.00074158,0
901,0.00164574,0
902,0.00245085,0
903,0.00152621,0
904,0.00073607,0
905,0.00059518,0
906,0.00635156,0
907,0.00271808,0
908,0.00444480,0
909,0.00116713,0
910,0.00418021,0
911,0.00095973,0
912,0.00333732,0
913,0.00259813,0
914,0.00850651,0
915,0.00087231,0
916,0.00174396,0
917,0.00306220,0
918,0.00086280,0
919,0.00181445,0
920,0.00375253,0
921,0.00070029,0
922,0.00207492,0
923,0.01599116,0
924,0.00175664,0
925,0.00603440,0
926,0.00141912,0
927,0.00412823,0
928,0.00161997,0
929,0.01149479,0
930,0.00142120,0
931,0.00058034,0
932,0.00185527,0
933,0.00142316,0
934,0.00365213,0
935,0.00094135,0
936,0.00469529,0
937,0.00326757,0
938,0.01576583,0
939,0.00325229,0
940,0.00142244,0
941,0.00088323,0
942,0.00133532,0
943,0.00421692,0
944,0.00063182,0
945,0.00085998,0
946,0.00224502,0
947,0.00246413,0
948,0.00110836,0
949,0.01075786,0
950,0.00064801,0
951,0.00181063,0
952,0.00951172,0
953,0.00161871,0
954,0.03349748,0
955,0.00267060,0
956,0.00321810,0
957,0.00044430,0
958,0.00048372,0
959,0.00224285,0
960,0.00237159,0
961,0.00052864,0
962,0.00360849,0
963,0.00074171,0
964,0.00170669,0
965,0.00236514,0
966,0.00189684,0
967,0.00078433,0
968,0.00070339,0
969,0.00670542,0
970,0.00271208,0
971,0.00424119,0
972,0.00111981,0
973,0.00476035,0
974,0.00102408,0
975,0.00337312,0
976,0.00283704,0
977,0.00833644,0
978,0.00089763,0
979,0.00183786,0
980,0.00333201,0
981,0.00090436,0
982,0.00179574,0
983,0.00373106,0
984,0.00073842,0
985,0.00209469,0
986,0.01531949,0
987,0.00188474,0
988,0.00609282,0
989,0.00126468,0
990,0.00408306,0
991,0.00176877,0
992,0.01281591,0
993,0.00147879,0
994,0.00061076,0
995,0.00188206,0
996,0.00142533,0
997,0.00330480,0
998,0.00096287,0
999,0.00454768,0
1000,0.00271171,0
1001,0.01434263,0
1002,0.00295251,0
1003,0.00146310,0
1004,0.00089044,0
1005,0.00138979,0
1006,0.00314015,0
1007,0.00087527,0
1008,0.00093421,0
1009,0.00337518,0
1010,0.00255639,0
1011,0.00109569,0
1012,0.01153195,0
1013,0.00067529,0
1014,0.00185592,0
1015,0.01006286,0
1016,0.00162252,0
1017,0.02786533,0
1018,0.00294585,0
1019,0.00332076,0
1020,0.00053053,0
1021,0.00057152,0
1022,0.00175523,0
1023,0.00247633,0
1024,0.00057210,0
1025,0.00310939,0
1026,0.00074680,0
1027,0.00179835,0
1028,0.00226602,0
1029,0.00157244,0
1030,0.00085281,0
1031,0.00070999,0
1032,0.00726023,0
1033,0.00265205,0
1034,0.00367990,0
1035,0.00111382,0
1036,0.00531205,0
1037,0.00106992,0
1038,0.00352222,0
1039,0.00285272,0
1040,0.00933612,0
1041,0.00091834,0
1042,0.00159872,0
1043,0.00346546,0
1044,0.00088444,0
1045,0.00193261,0
1046,0.00379475,0
1047,0.00079629,0
1048,0.00203675,0
1049,0.01263573,0
1050,0.00180670,0
1051,0.00565936,0
1052,0.00126465,0
1053,0.00379546,0
1054,0.00174733,0
1055,0.01205503,0
1056,0.00134962,0
1057,0.00057372,0
1058,0.00172694,0
1059,0.00134432,0
1060,0.00284981,0
1061,0.00080265,0
1062,0.00381250,0
1063,0.00251824,0
1064,0.01313989,0
1065,0.00278758,0
1066,0.00144038,0
1067,0.00087861,0
1068,0.00131500,0
1069,0.00414946,0
1070,0.00076067,0
1071,0.00090904,0
1072,0.00196603,0
1073,0.00224937,0
1074,0.00111900,0
1075,0.01327544,0
1076,0.00060902,0
1077,0.00176103,0
1078,0.01018995,0
1079,0.00159629,0
1080,0.02548648,0
1081,0.00300434,0
1082,0.00330366,0
1083,0.00045813,0
1084,0.00049127,0
1085,0.00166484,0
1086,0.00245217,0
1087,0.00055224,0
1088,0.00331820,0
1089,0.00071946,0
1090,0.00181194,0
1091,0.00216030,0
1092,0.00145596,0
1093,0.00077563,0
1094,0.00071406,0
1095,0.00692993,0
1096,0.00230931,0
1097,0.00322203,0
1098,0.00104714,0
1099,0.00401850,0
1100,0.00101723,0
1101,0.00293756,0
1102,0.00278589,0
1103,0.00843258,0
1104,0.00082136,0
1105,0.00176070,0
1106,0.00353452,0
1107,0.00089275,0
1108,0.00195351,0
1109,0.00432507,0
1110,0.00095932,0
1111,0.00177398,0
1112,0.01026200,0
1113,0.00184572,0
1114,0.00573658,0
1115,0.00116140,0
1116,0.00387373,0
1117,0.00186911,0
1118,0.01108250,0
1119,0.00145869,0
1120,0.00063463,0
1121,0.00167460,0
1122,0.00127476,0
1123,0.00253708,0
1124,0.00082734,0
1125,0.00394724,0
1126,0.00216165,0
1127,0.01095954,0
1128,0.00270736,0
1129,0.00152428,0
1130,0.00083527,0
1131,0.00131351,0
1132,0.00254560,0
1133,0.00079161,0
1134,0.00087859,0
1135,0.00170913,0
1136,0.00225242,0
1137,0.00104603,0
1138,0.01186247,0
1139,0.00063646,0
1140,0.00188015,0
1141,0.01045764,0
1142,0.00169911,0
1143,0.02628046,0
1144,0.00301395,0
1145,0.00332181,0
1146,0.00052590,0
1147,0.00047491,0
1148,0.00177429,0
1149,0.00258717,0
1150,0.00056076,0
1151,0.00324242,0
1152,0.00072299,0
1153,0.00174083,0
1154,0.00214643,0
1155,0.00165840,0
1156,0.00078521,0
1157,0.00068301,0
1158,0.00760938,0
1159,0.00289861,0
1160,0.00290503,0
1161,0.00090533,0
1162,0.00419155,0
1163,0.00090952,0
1164,0.00279462,0
1165,0.00343232,0
1166,0.00830759,0
1167,0.00085005,0
1168,0.00179321,0
1169,0.00378759,0
1170,0.00093524,0
1171,0.00210022,0
1172,0.00444455,0
1173,0.00101408,0
1174,0.00174554,0
1175,0.00894151,0
1176,0.00170573,0
1177,0.00554071,0
1178,0.00120915,0
1179,0.00412410,0
1180,0.00196765,0
1181,0.01203416,0
1182,0.00153781,0
1183,0.00065361,0
1184,0.00177415,0
1185,0.00123242,0
1186,0.00242371,0
1187,0.00094375,0
1188,0.00394898,0
1189,0.00204537,0
1190,0.00972737,0
1191,0.00301413,0
1192,0.00142392,0
1193,0.00084467,0
1194,0.00131006,0
1195,0.00383989,0
1196,0.00062480,0
1197,0.00092506,0
1198,0.00217049,0
1199,0.00227680,0
1200,0.00107188,0
1201,0.01116257,0
1202,0.00063140,0
1203,0.00193988,0
1204,0.01107584,0
1205,0.00163419,0
1206,0.02788565,0
1207,0.00305272,0
1208,0.00349371,0
1209,0.00055754,0
1210,0.00052719,0
1211,0.00207885,0
1212,0.00283970,0
1213,0.00061836,0
1214,0.00350750,0
1215,0.00078742,0
1216,0.00191014,0
1217,0.00247052,0
1218,0.00186953,0
1219,0.00098728,0
1220,0.00077104,0
1221,0.00788684,0
1222,0.00277069,0
1223,0.00311107,0
1224,0.00108721,0
1225,0.00449204,0
1226,0.00092999,0
1227,0.00266069,0
1228,0.00248275,0
1229,0.00882846,0
1230,0.00097878,0
1231,0.00186149,0
1232,0.00401331,0
1233,0.00100136,0
1234,0.00190890,0
1235,0.00574608,0
1236,0.00112967,0
1237,0.00172284,0
1238,0.00890182,0
1239,0.00183612,0
1240,0.00569216,0
1241,0.00124293,0
1242,0.00420879,0
1243,0.00212325,0
1244,0.01329670,0
1245,0.00150963,0
1246,0.00063436,0
1247,0.00198676,0
1248,0.00139386,0
1249,0.00235385,0
1250,0.00103821,0
1251,0.00424990,0
1252,0.00203760,0
1253,0.00899417,0
1254,0.00300204,0
1255,0.00135978,0
1256,0.00093544,0
1257,0.00131575,0
1258,0.00325487,0
1259,0.00063617,0
1260,0.00091284,0
1261,0.00195748,0
1262,0.00235353,0
1263,0.00111535,0
1264,0.01152258,0
1265,0.00066097,0
1266,0.00201930,0
1267,0.01174153,0
1268,0.00199912,0
1269,0.02656915,0
1270,0.00306989,0
1271,0.00351163,0
1272,0.00063077,0
1273,0.00057149,0
1274,0.00238651,0
1275,0.00302336,0
1276,0.00065904,0
1277,0.00560761,0
1278,0.00078202,0
1279,0.00199150,0
1280,0.00246890,0
1281,0.00203636,0
1282,0.00103465,0
1283,0.00078982,0
1284,0.00775694,0
1285,0.00280458,0
1286,0.00290241,0
1287,0.00111150,0
1288,0.00531086,0
1289,0.00094479,0
1290,0.00253554,0
1291,0.00254375,0
1292,0.00900226,0
1293,0.00098679,0
1294,0.00185197,0
1295,0.00443351,0
1296,0.00096705,0
1297,0.00201592,0
1298,0.00582284,0
1299,0.00103415,0
1300,0.00176365,0
1301,0.00819193,0
1302,0.00183440,0
1303,0.00638008,0
1304,0.00123050,0
1305,0.00405744,0
1306,0.00202162,0
1307,0.01238790,0
1308,0.00154772,0
1309,0.00064239,0
1310,0.00176466,0
1311,0.00125985,0
1312,0.00207164,0
1313,0.00107265,0
1314,0.00412012,0
1315,0.00191394,0
1316,0.00909808,0
1317,0.00286007,0
1318,0.00141570,0
1319,0.00088396,0
1320,0.00121089,0
1321,0.00248027,0
1322,0.00065179,0
1323,0.00095688,0
1324,0.00233188,0
1325,0.00217467,0
1326,0.00115445,0
1327,0.01149220,0
1328,0.00071355,0
1329,0.00208236,0
1330,0.01116401,0
1331,0.00196420,0
1332,0.02739692,0
1333,0.00317875,0
1334,0.00368083,0
1335,0.00059199,0
1336,0.00056630,0
1337,0.00273460,0
1338,0.00298919,0
1339,0.00069597,0
1340,0.00407467,0
1341,0.00083490,0
1342,0.00196492,0
1343,0.00234570,0
1344,0.00174177,0
1345,0.00096521,0
1346,0.00080269,0
1347,0.00856741,0
1348,0.00293943,0
1349,0.00300351,0
1350,0.00091605,0
1351,0.00518566,0
1352,0.00087619,0
1353,0.00242136,0
1354,0.00165579,0
1355,0.00924731,0
1356,0.00095628,0
1357,0.00171757,0
1358,0.00432234,0
1359,0.00100922,0
1360,0.00211668,0
1361,0.00594762,0
1362,0.00107517,0
1363,0.00181290,0
1364,0.00782976,0
1365,0.00203595,0
1366,0.00591226,0
1367,0.00122620,0
1368,0.00399443,0
1369,0.00223386,0
1370,0.01480980,0
1371,0.00162924,0
1372,0.00065891,0
1373,0.00170120,0
1374,0.00129944,0
1375,0.00212722,0
1376,0.00113933,0
1377,0.00406308,0
1378,0.00183730,0
1379,0.00863418,0
1380,0.00302510,0
1381,0.00146364,0
1382,0.00094125,0
1383,0.00128388,0
1384,0.00265030,0
1385,0.00082074,0
1386,0.00097817,0
1387,0.00197761,0
1388,0.00236792,0
1389,0.00116965,0
1390,0.01240231,0
1391,0.00072798,0
1392,0.00218897,0
1393,0.01091442,0
1394,0.00201048,0
1395,0.02439231,0
1396,0.00295798,0
1397,0.00360929,0
1398,0.00061960,0
1399,0.00057834,0
1400,0.00231908,0
1401,0.00354204,0
1402,0.00069944,0
1403,0.00426031,0
1404,0.00086092,0
1405,0.00209847,0
1406,0.00235057,0
1407,0.00181087,0
1408,0.00107229,0
1409,0.00087552,0
1410,0.00909105,0
1411,0.00329485,0
1412,0.00271341,0
1413,0.00096332,0
1414,0.00564624,0
1415,0.00095493,0
1416,0.00253760,0
1417,0.00260937,0
1418,0.00896024,0
1419,0.00101001,0
1420,0.00175826,0
1421,0.00406105,0
1422,0.00098454,0
1423,0.00212094,0
1424,0.00634013,0
1425,0.00110798,0
1426,0.00163940,0
1427,0.00765573,0
1428,0.00189765,0
1429,0.00556672,0
1430,0.00121255,0
1431,0.00413387,0
1432,0.00236238,0
1433,0.01242145,0
1434,0.00170228,0
1435,0.00068962,0
1436,0.00185201,0
1437,0.00139627,0
1438,0.00223705,0
1439,0.00114353,0
1440,0.00395050,0
1441,0.00197171,0
1442,0.00862445,0
1443,0.00301871,0
1444,0.00136050,0
1445,0.00096652,0
1446,0.00126158,0
1447,0.00340355,0
1448,0.00073169,0
1449,0.00100431,0
1450,0.00316145,0
1451,0.00236279,0
1452,0.00116346,0
1453,0.01286228,0
1454,0.00074041,0
1455,0.00224465,0
1456,0.01247535,0
1457,0.00245413,0
1458,0.02513873,0
1459,0.00329099,0
1460,0.00403976,0
1461,0.00061527,0
1462,0.00062894,0
1463,0.00210074,0
1464,0.00350303,0
1465,0.00070673,0
1466,0.00320767,0
1467,0.00086391,0
1468,0.00225762,0
1469,0.00243437,0
1470,0.00207729,0
1471,0.00116064,0
1472,0.00083547,0
1473,0.00849924,0
1474,0.00328538,0
1475,0.00300782,0
1476,0.00092174,0
1477,0.00556051,0
1478,0.00096697,0
1479,0.00264841,0
1480,0.00262955,0
1481,0.00939766,0
1482,0.00103655,0
1483,0.00174580,0
1484,0.00449642,0
1485,0.00106439,0
1486,0.00201488,0
1487,0.00663256,0
1488,0.00124857,0
1489,0.00198080,0
1490,0.00786006,0
1491,0.00211719,0
1492,0.00582125,0
1493,0.00127908,0
1494,0.00414187,0
1495,0.00249744,0
1496,0.01238078,0
1497,0.00179613,0
1498,0.00070485,0
1499,0.00198632,0
1500,0.00156550,0
1501,0.00212930,0
1502,0.00123666,0
1503,0.00401034,0
1504,0.00207839,0
1505,0.00786244,0
1506,0.00312692,0
1507,0.00130204,0
1508,0.00094131,0
1509,0.00130870,0
1510,0.00431176,0
1511,0.00071798,0
1512,0.00095791,0
1513,0.00275408,0
1514,0.00248009,0
1515,0.00112816,0
1516,0.01344747,0
1517,0.00075883,0
1518,0.00214010,0
1519,0.01209081,0
1520,0.00228210,0
1521,0.02729200,0
1522,0.00327497,0
1523,0.00379851,0
1524,0.00067413,0
1525,0.00065558,0
1526,0.00203277,0
1527,0.00334323,0
1528,0.00067247,0
1529,0.00318981,0
1530,0.00086815,0
1531,0.00222100,0
1532,0.00229527,0
1533,0.00199656,0
1534,0.00121057,0
1535,0.00082096,0
1536,0.00814399,0
1537,0.00307196,0
1538,0.00298070,0
1539,0.00098464,0
1540,0.00610563,0
1541,0.00096354,0
1542,0.00251187,0
1543,0.00354057,0
1544,0.00925695,0
1545,0.00106200,0
1546,0.00165094,0
1547,0.00441146,0
1548,0.00105287,0
1549,0.00205748,0
1550,0.00645734,0
1551,0.00115679,0
1552,0.00186487,0
1553,0.00748177,0
1554,0.00221585,0
1555,0.00571195,0
1556,0.00130592,0
1557,0.00411664,0
1558,0.00233135,0
1559,0.01257865,0
1560,0.00182884,0
1561,0.00069585,0
1562,0.00179811,0
1563,0.00141397,0
1564,0.00172342,0
1565,0.00109673,0
1566,0.00391947,0
1567,0.00196759,0
1568,0.00803838,0
1569,0.00310822,0
1570,0.00142828,0
1571,0.00090554,0
1572,0.00123825,0
1573,0.00341827,0
1574,0.00059649,0
1575,0.00095329,0
1576,0.00297113,0
1577,0.00237681,0
1578,0.00111731,0
1579,0.01334571,0
1580,0.00071756,0
1581,0.00206747,0
1582,0.01204444,0
1583,0.00223195,0
1584,0.02573982,0
1585,0.00320917,0
1586,0.00374802,0
1587,0.00059778,0
1588,0.00061063,0
1589,0.00219453,0
1590,0.00325427,0
1591,0.00064209,0
1592,0.00394177,0
1593,0.00083811,0
1594,0.00227540,0
1595,0.00227287,0
1596,0.00192472,0
1597,0.00098191,0
1598,0.00086823,0
1599,0.00822202,0
1600,0.00316033,0
1601,0.00298275,0
1602,0.00087018,0
1603,0.00623985,0
1604,0.00090373,0
1605,0.00237525,0
1606,0.00293416,0
1607,0.00837199,0
1608,0.00100878,0
1609,0.00175995,0
1610,0.00434342,0
1611,0.00105105,0
1612,0.00201959,0
1613,0.00561518,0
1614,0.00105703,0
1615,0.00171058,0
1616,0.00705260,0
1617,0.00232882,0
1618,0.00579001,0
1619,0.00124265,0
1620,0.00429956,0
1621,0.00243503,0
1622,0.01297834,0
1623,0.00172414,0
1624,0.00063653,0
1625,0.00161214,0
1626,0.00136064,0
1627,0.00190683,0
1628,0.00120890,0
1629,0.00360867,0
1630,0.00184807,0
1631,0.00843215,0
1632,0.00314349,0
1633,0.00131134,0
1634,0.00096068,0
1635,0.00126608,0
1636,0.00361016,0
1637,0.00067857,0
1638,0.00105131,0
1639,0.00283134,0
1640,0.00225150,0
1641,0.00114104,0
1642,0.01319601,0
1643,0.00077669,0
1644,0.00209183,0
1645,0.01263239,0
1646,0.00241673,0
1647,0.02643355,0
1648,0.00333493,0
1649,0.00387242,0
1650,0.00060516,0
1651,0.00068576,0
1652,0.00221950,0
1653,0.00359707,0
1654,0.00071216,0
1655,0.00328041,0
1656,0.00093764,0
1657,0.00224653,0
1658,0.00233588,0
1659,0.00170490,0
1660,0.00113990,0
1661,0.00082262,0
1662,0.00874846,0
1663,0.00318729,0
1664,0.00274981,0
1665,0.00098662,0
1666,0.00582907,0
1667,0.00092952,0
1668,0.00247955,0
1669,0.00323070,0
1670,0.00901130,0
1671,0.00106480,0
1672,0.00184323,0
1673,0.00418132,0
1674,0.00107111,0
1675,0.00206603,0
1676,0.00572103,0
1677,0.00114438,0
1678,0.00184350,0
1679,0.00666667,0
1680,0.00230147,0
1681,0.00579509,0
1682,0.00131035,0
1683,0.00413381,0
1684,0.00234923,0
1685,0.01681395,0
1686,0.00174493,0
1687,0.00064026,0
1688,0.00164574,0
1689,0.00142374,0
1690,0.00184088,0
1691,0.00114784,0
1692,0.00365391,0
1693,0.00205449,0
1694,0.00821897,0
1695,0.00320211,0
1696,0.00131561,0
1697,0.00090239,0
1698,0.00127685,0
1699,0.00282488,0
1700,0.00072612,0
1701,0.00100882,0
1702,0.00168998,0
1703,0.00230549,0
1704,0.00115955,0
1705,0.01320947,0
1706,0.00073310,0
1707,0.00221843,0
1708,0.01109958,0
1709,0.00224146,0
1710,0.02552474,0
1711,0.00331635,0
1712,0.00398790,0
1713,0.00061628,0
1714,0.00059965,0
1715,0.00245643,0
1716,0.00340168,0
1717,0.00071833,0
1718,0.00403231,0
1719,0.00086728,0
1720,0.00238083,0
1721,0.00225596,0
1722,0.00171223,0
1723,0.00117977,0
1724,0.00081670,0
1725,0.00836933,0
1726,0.00313540,0
1727,0.00269533,0
1728,0.00088266,0
1729,0.00650626,0
1730,0.00091278,0
1731,0.00215742,0
1732,0.00278478,0
1733,0.00888264,0
1734,0.00101977,0
1735,0.00164439,0
1736,0.00396352,0
1737,0.00104854,0
1738,0.00205531,0
1739,0.00633135,0
1740,0.00111584,0
1741,0.00174155,0
1742,0.00647592,0
1743,0.00229913,0
1744,0.00556615,0
1745,0.00120131,0
1746,0.00440044,0
1747,0.00228334,0
1748,0.01780569,0
1749,0.00180113,0
1750,0.00067801,0
1751,0.00189267,0
1752,0.00142001,0
1753,0.00181643,0
1754,0.00124973,0
1755,0.00342364,0
1756,0.00174133,0
1757,0.00754350,0
1758,0.00311741,0
1759,0.00131704,0
1760,0.00091775,0
1761,0.00119187,0
1762,0.00300311,0
1763,0.00081088,0
1764,0.00099514,0
1765,0.00228473,0
1766,0.00240823,0
1767,0.00108175,0
1768,0.01466058,0
1769,0.00075475,0
1770,0.00223310,0
1771,0.01129802,0
1772,0.00253186,0
1773,0.02357863,0
1774,0.00341374,0
1775,0.00406770,0
1776,0.00072632,0
1777,0.00064794,0
1778,0.00271204,0
1779,0.00364527,0
1780,0.00076862,0
1781,0.00350225,0
1782,0.00089286,0
1783,0.00234204,0
1784,0.00228391,0
1785,0.00223403,0
1786,0.00126034,0
1787,0.00083751,0
1788,0.00781574,0
1789,0.00313936,0
1790,0.00273037,0
1791,0.00104252,0
1792,0.00628629,0
1793,0.00086622,0
1794,0.00238035,0
1795,0.00275690,0
1796,0.01048073,0
1797,0.00109684,0
1798,0.00169001,0
1799,0.00423359,0
1800,0.00108795,0
1801,0.00195321,0
1802,0.00584206,0
1803,0.00126649,0
1804,0.00174424,0
1805,0.00622949,0
1806,0.00269145,0
1807,0.00575640,0
1808,0.00122903,0
1809,0.00430366,0
1810,0.00225111,0
1811,0.01647914,0
1812,0.00187226,0
1813,0.00068736,0
1814,0.00190456,0
1815,0.00143226,0
1816,0.00169587,0
1817,0.00115329,0
1818,0.00362262,0
1819,0.00177019,0
1820,0.00754805,0
1821,0.00319215,0
1822,0.00131983,0
1823,0.00087443,0
1824,0.00121529,0
1825,0.00639486,0
1826,0.00070108,0
1827,0.00100583,0
1828,0.00198393,0
1829,0.00218407,0
1830,0.00110709,0
1831,0.01602653,0
1832,0.00074872,0
1833,0.00220116,0
1834,0.01125469,0
1835,0.00240016,0
1836,0.02299005,0
1837,0.00350383,0
1838,0.00413040,0
1839,0.00075698,0
1840,0.00064748,0
1841,0.00194942,0
1842,0.00343823,0
1843,0.00075098,0
1844,0.00436343,0
1845,0.00093478,0
1846,0.00228470,0
1847,0.00221896,0
1848,0.00187166,0
1849,0.00113238,0
1850,0.00086542,0
1851,0.00781716,0
1852,0.00315915,0
1853,0.00255989,0
1854,0.00082055,0
1855,0.00542287,0
1856,0.00084238,0
1857,0.00188531,0
1858,0.00304931,0
1859,0.01061776,0
1860,0.00102552,0
1861,0.00167242,0
1862,0.00434317,0
1863,0.00107511,0
1864,0.00204837,0
1865,0.00560680,0
1866,0.00120206,0
1867,0.00166246,0
1868,0.00616680,0
1869,0.00275217,0
1870,0.00540369,0
1871,0.00120106,0
1872,0.00423798,0
1873,0.00230618,0
1874,0.01500480,0
1875,0.00179598,0
1876,0.00065383,0
1877,0.00187059,0
1878,0.00152059,0
1879,0.00173842,0
1880,0.00119166,0
1881,0.00357550,0
1882,0.00194189,0
1883,0.00710145,0
1884,0.00315554,0
1885,0.00123657,0
1886,0.00086270,0
1887,0.00113206,0
1888,0.00288785,0
1889,0.00075770,0
1890,0.00098763,0
1891,0.00208644,0
1892,0.00220020,0
1893,0.00104256,0
1894,0.01350939,0
1895,0.00073540,0
1896,0.00226347,0
1897,0.01130983,0
1898,0.00245457,0
1899,0.02278252,0
1900,0.00336024,0
1901,0.00379694,0
1902,0.00066112,0
1903,0.00059744,0
1904,0.00175675,0
1905,0.00324523,0
1906,0.00071215,0
1907,0.00381314,0
1908,0.00089690,0
1909,0.00210772,0
1910,0.00221697,0
1911,0.00201062,0
1912,0.00117298,0
1913,0.00089741,0
1914,0.00814777,0
1915,0.00324768,0
1916,0.00259743,0
1917,0.00090065,0
1918,0.00559467,0
1919,0.00086346,0
1920,0.00223470,0
1921,0.00417312,0
1922,0.00959745,0
1923,0.00096993,0
1924,0.00180635,0
1925,0.00397769,0
1926,0.00100257,0
1927,0.00201523,0
1928,0.00581338,0
1929,0.00119611,0
1930,0.00163588,0
1931,0.00657053,0
1932,0.00265439,0
1933,0.00550326,0
1934,0.00125527,0
1935,0.00428795,0
1936,0.00234463,0
1937,0.01464204,0
1938,0.00186803,0
1939,0.00073550,0
1940,0.00192110,0
1941,0.00147801,0
1942,0.00181299,0
1943,0.00126101,0
1944,0.00391608,0
1945,0.00197277,0
1946,0.00741279,0
1947,0.00314419,0
1948,0.00130651,0
1949,0.00093699,0
1950,0.00123251,0
1951,0.00311439,0
1952,0.00075336,0
1953,0.00104047,0
1954,0.00263364,0
1955,0.00229123,0
1956,0.00106801,0
1957,0.01408002,0
1958,0.00072136,0
1959,0.00227726,0
1960,0.01187948,0
1961,0.00259437,0
1962,0.02361671,0
1963,0.00358866,0
1964,0.00417619,0
1965,0.00072690,0
1966,0.00062450,0
1967,0.00188260,0
1968,0.00346746,0
1969,0.00071539,0
1970,0.00415908,0
1971,0.00089567,0
1972,0.00232909,0
1973,0.00256139,0
1974,0.00214727,0
1975,0.00133120,0
1976,0.00088299,0
1977,0.00831165,0
1978,0.00350725,0
1979,0.00263166,0
1980,0.00087155,0
1981,0.00566675,0
1982,0.00091105,0
1983,0.00229677,0
1984,0.00266415,0
1985,0.00986712,0
1986,0.00104219,0
1987,0.00173701,0
1988,0.00428696,0
1989,0.00107159,0
1990,0.00203161,0
1991,0.00638851,0
1992,0.00130746,0
1993,0.00181500,0
1994,0.00618398,0
1995,0.00260249,0
1996,0.00534671,0
1997,0.00119146,0
1998,0.00442023,0
1999,0.00217909,0
2000,0.01396475,0
2001,0.00183239,0
2002,0.00067799,0
2003,0.00178126,0
2004,0.00144333,0
2005,0.00182743,0
2006,0.00131264,0
2007,0.00382733,0
2008,0.00184146,0
2009,0.00749280,0
2010,0.00328798,0
2011,0.00119836,0
2012,0.00087840,0
2013,0.00122479,0
2014,0.00360301,0
2015,0.00067228,0
2016,0.00102142,0
2017,0.00203838,0
2018,0.00230181,0
2019,0.00101716,0
2020,0.01478184,0
2021,0.00074236,0
2022,0.00222541,0
2023,0.01268225,0
2024,0.00245389,0
2025,0.02422613,0
2026,0.00376875,0
2027,0.00393463,0
2028,0.00071380,0
2029,0.00062166,0
2030,0.00229363,0
2031,0.00356646,0
2032,0.00079036,0
2033,0.00523926,0
2034,0.00092501,0
2035,0.00222458,0
2036,0.00249790,0
2037,0.00187142,0
2038,0.00131905,0
2039,0.00085395,0
2040,0.00869092,0
2041,0.00338866,0
2042,0.00292771,0
2043,0.00091959,0
2044,0.00559694,0
2045,0.00086642,0
2046,0.00230307,0
2047,0.00275106,0
2048,0.01127337,0
2049,0.00104837,0
2050,0.00167105,0
2051,0.00435827,0
2052,0.00108286,0
2053,0.00201953,0
2054,0.00755801,0
2055,0.00112678,0
2056,0.00173152,0
2057,0.00628860,0
2058,0.00268622,0
2059,0.00587913,0
2060,0.00117075,0
2061,0.00449115,0
2062,0.00206355,0
2063,0.01855519,0
2064,0.00189812,0
2065,0.00070896,0
2066,0.00173521,0
2067,0.00151081,0
2068,0.00183030,0
2069,0.00116324,0
2070,0.00375603,0
2071,0.00168211,0
2072,0.00719299,0
2073,0.00314618,0
2074,0.00132472,0
2075,0.00088920,0
2076,0.00116523,0
2077,0.00283461,0
2078,0.00062239,0
2079,0.00100211,0
2080,0.00194879,0
2081,0.00224227,0
2082,0.00100704,0
2083,0.01331576,0
2084,0.00070996,0
2085,0.00235527,0
2086,0.01247899,0
2087,0.00242228,0
2088,0.02509383,0
2089,0.00363589,0
2090,0.00388389,0
2091,0.00073759,0
2092,0.00061850,0
2093,0.00212028,0
2094,0.00376248,0
2095,0.00076211,0
2096,0.00491854,0
2097,0.00097877,0
2098,0.00233619,0
2099,0.00243316,0
2100,0.00166314,0
2101,0.00132901,0
2102,0.00087551,0
2103,0.00818261,0
2104,0.00318984,0
2105,0.00301964,0
2106,0.00071547,0
2107,0.00543295,0
2108,0.00081654,0
2109,0.00231512,0
2110,0.00250856,0
2111,0.01125823,0
2112,0.00100191,0
2113,0.00180109,0
2114,0.00424136,0
2115,0.00106355,0
2116,0.00201991,0
2117,0.00596085,0
2118,0.00118957,0
2119,0.00163567,0
2120,0.00679603,0
2121,0.00277204,0
2122,0.00537436,0
2123,0.00117341,0
2124,0.00453790,0
2125,0.00219600,0
2126,0.02001686,0
2127,0.00180550,0
2128,0.00072877,0
2129,0.00172205,0
2130,0.00145064,0
2131,0.00189077,0
2132,0.00128554,0
2133,0.00379931,0
2134,0.00165884,0
2135,0.00717290,0
2136,0.00303280,0
2137,0.00128124,0
2138,0.00087917,0
2139,0.00123157,0
2140,0.00398539,0
2141,0.00062494,0
2142,0.00105699,0
2143,0.00184820,0
2144,0.00227634,0
2145,0.00104632,0
2146,0.01228522,0
2147,0.00080293,0
2148,0.00224646,0
2149,0.01253625,0
2150,0.00253396,0
2151,0.02420026,0
2152,0.00368444,0
2153,0.00397830,0
2154,0.00068289,0
2155,0.00066456,0
2156,0.00194347,0
2157,0.00392059,0
2158,0.00078860,0
2159,0.00459604,0
2160,0.00093845,0
2161,0.00220464,0
2162,0.00268588,0
2163,0.00171230,0
2164,0.00137177,0
2165,0.00088751,0
2166,0.00858704,0
2167,0.00330962,0
2168,0.00269205,0
2169,0.00081866,0
2170,0.00562787,0
2171,0.00091808,0
2172,0.00209081,0
2173,0.00326892,0
2174,0.01034313,0
2175,0.00099788,0
2176,0.00184878,0
2177,0.00409058,0
2178,0.00111237,0
2179,0.00209606,0
2180,0.00723929,0
2181,0.00138763,0
2182,0.00174644,0
2183,0.00635112,0
2184,0.00284651,0
2185,0.00525778,0
2186,0.00118067,0
2187,0.00405601,0
2188,0.00219589,0
2189,0.01761181,0
2190,0.00191139,0
2191,0.00075670,0
2192,0.00194594,0
2193,0.00144536,0
2194,0.00188685,0
2195,0.00123787,0
2196,0.00377212,0
2197,0.00169871,0
2198,0.00683075,0
2199,0.00322378,0
2200,0.00130858,0
2201,0.00091826,0
2202,0.00119157,0
2203,0.00300967,0
2204,0.00065409,0
2205,0.00110393,0
2206,0.00276275,0
2207,0.00240485,0
2208,0.00102040,0
2209,0.01243622,0
2210,0.00078113,0
2211,0.00235230,0
2212,0.01267470,0
2213,0.00243812,0
2214,0.02664858,0
2215,0.00381912,0
2216,0.00402973,0
2217,0.00077435,0
2218,0.00062852,0
2219,0.00195209,0
2220,0.00380646,0
2221,0.00077023,0
2222,0.00460809,0
2223,0.00098015,0
2224,0.00242117,0
2225,0.00275929,0
2226,0.00205259,0
2227,0.00144431,0
2228,0.00094131,0
2229,0.00826265,0
2230,0.00323270,0
2231,0.00256183,0
2232,0.00087086,0
2233,0.00614391,0
2234,0.00083352,0
2235,0.00221704,0
2236,0.00378068,0
2237,0.01183664,0
2238,0.00099724,0
2239,0.00190554,0
2240,0.00428197,0
2241,0.00107839,0
2242,0.00202801,0
2243,0.00683846,0
2244,0.00153122,0
2245,0.00183704,0
2246,0.00655938,0
2247,0.00292432,0
2248,0.00525829,0
2249,0.00119193,0
2250,0.00430038,0
2251,0.00217574,0
2252,0.01525509,0
2253,0.00198748,0
2254,0.00074424,0
2255,0.00188244,0
2256,0.00152834,0
2257,0.00179969,0
2258,0.00119896,0
2259,0.00370865,0
2260,0.00176757,0
2261,0.00680769,0
2262,0.00340191,0
2263,0.00131197,0
2264,0.00097301,0
2265,0.00121525,0
2266,0.00296670,0
2267,0.00068396,0
2268,0.00103766,0
2269,0.00268718,0
2270,0.00239511,0
2271,0.00103695,0
2272,0.01381481,0
2273,0.00076762,0
2274,0.00234487,0
2275,0.01320839,0
2276,0.00271325,0
2277,0.02433411,0
2278,0.00362342,0
2279,0.00407621,0
2280,0.00080890,0
2281,0.00063280,0
2282,0.00207589,0
2283,0.00374552,0
2284,0.00078675,0
2285,0.00383643,0
2286,0.00098945,0
2287,0.00252103,0
2288,0.00270173,0
2289,0.00209601,0
2290,0.00143480,0
2291,0.00093387,0
2292,0.00858095,0
2293,0.00339148,0
2294,0.00255781,0
2295,0.00096792,0
2296,0.00569997,0
2297,0.00084119,0
2298,0.00204821,0
2299,0.00333552,0
2300,0.01165787,0
2301,0.00101772,0
2302,0.00197131,0
2303,0.00423071,0
2304,0.00108402,0
2305,0.00201184,0
2306,0.00683416,0
2307,0.00147964,0
2308,0.00177796,0
2309,0.00688117,0
2310,0.00314601,0
2311,0.00533925,0
2312,0.00121887,0
2313,0.00417162,0
2314,0.00213383,0
2315,0.01498867,0
2316,0.00206512,0
2317,0.00074891,0
2318,0.00190342,0
2319,0.00158787,0
2320,0.00173439,0
2321,0.00124304,0
2322,0.00390622,0
2323,0.00178179,0
2324,0.00670812,0
2325,0.00340849,0
2326,0.00135492,0
2327,0.00098543,0
2328,0.00121352,0
2329,0.00342699,0
2330,0.00071891,0
2331,0.00105938,0
2332,0.00243950,0
2333,0.00226649,0
2334,0.00105234,0
2335,0.01490328,0
2336,0.00078945,0
2337,0.00236382,0
2338,0.01294069,0
2339,0.00255778,0
2340,0.02378254,0
2341,0.00371037,0
2342,0.00415713,0
2343,0.00080364,0
2344,0.00062972,0
2345,0.00224653,0
2346,0.00380287,0
2347,0.00083452,0
2348,0.00497067,0
2349,0.00102066,0
2350,0.00244042,0
2351,0.00270590,0
2352,0.00186194,0
2353,0.00118777,0
2354,0.00093077,0
2355,0.00891043,0
2356,0.00298068,0
2357,0.00269325,0
2358,0.00088438,0
2359,0.00569835,0
2360,0.00084073,0
2361,0.00203953,0
2362,0.00282061,0
2363,0.01134752,0
2364,0.00108399,0
2365,0.00217118,0
2366,0.00440066,0
2367,0.00115567,0
2368,0.00202156,0
2369,0.00617935,0
2370,0.00143191,0
2371,0.00165438,0
2372,0.00706871,0
2373,0.00310041,0
2374,0.00519776,0
2375,0.00121766,0
2376,0.00467591,0
2377,0.00206135,0
2378,0.01666421,0
2379,0.00219186,0
2380,0.00081694,0
2381,0.00200573,0
2382,0.00162770,0
2383,0.00172686,0
2384,0.00140111,0
2385,0.00389110,0
2386,0.00172858,0
2387,0.00763756,0
2388,0.00325211,0
2389,0.00129259,0
2390,0.00093842,0
2391,0.00121301,0
2392,0.00447139,0
2393,0.00071468,0
2394,0.00112708,0
2395,0.00201629,0
2396,0.00236282,0
2397,0.00103393,0
2398,0.01446508,0
2399,0.00087828,0
2400,0.00233857,0
2401,0.01289959,0
2402,0.00264585,0
2403,0.02413764,0
2404,0.00360963,0
2405,0.00428046,0
2406,0.00083729,0
2407,0.00061245,0
2408,0.00213890,0
2409,0.00406960,0
2410,0.00080377,0
2411,0.00390285,0
2412,0.00102372,0
2413,0.00253653,0
2414,0.00268373,0
2415,0.00217297,0
2416,0.00147534,0
2417,0.00097156,0
2418,0.00834034,0
2419,0.00314936,0
2420,0.00295381,0
2421,0.00104069,0
2422,0.00605953,0
2423,0.00085780,0
2424,0.00226104,0
2425,0.00358372,0
2426,0.01186720,0
2427,0.00108597,0
2428,0.00208952,0
2429,0.00511785,0
2430,0.00121053,0
2431,0.00211205,0
2432,0.00761180,0
2433,0.00156194,0
2434,0.00182078,0
2435,0.00707498,0
2436,0.00332637,0
2437,0.00578014,0
2438,0.00132876,0
2439,0.00453186,0
2440,0.00217731,0
2441,0.01635831,0
2442,0.00214933,0
2443,0.00080987,0
2444,0.00223124,0
2445,0.00165539,0
2446,0.00181151,0
2447,0.00154722,0
2448,0.00374918,0
2449,0.00186359,0
2450,0.00713084,0
2451,0.00336373,0
2452,0.00140442,0
2453,0.00101905,0
2454,0.00129546,0
2455,0.00410955,0
2456,0.00068207,0
2457,0.00110914,0
2458,0.00203903,0
2459,0.00243423,0
2460,0.00115084,0
2461,0.01398112,0
2462,0.00096109,0
2463,0.00234141,0
2464,0.01310429,0
2465,0.00267157,0
2466,0.02521220,0
2467,0.00357004,0
2468,0.00425446,0
2469,0.00081855,0
2470,0.00070848,0
2471,0.00250262,0
2472,0.00396117,0
2473,0.00080919,0
2474,0.00478301,0
2475,0.00104926,0
2476,0.00242752,0
2477,0.00258876,0
2478,0.00176333,0
2479,0.00152695,0
2480,0.00092214,0
2481,0.00866370,0
2482,0.00334144,0
2483,0.00291202,0
2484,0.00093974,0
2485,0.00631421,0
2486,0.00087238,0
2487,0.00211899,0
2488,0.00257605,0
2489,0.01253459,0
2490,0.00116652,0
2491,0.00199316,0
2492,0.00469173,0
2493,0.00119290,0
2494,0.00206305,0
2495,0.00715248,0
2496,0.00148333,0
2497,0.00196394,0
2498,0.00726514,0
2499,0.00330574,0
2500,0.00576661,0
2501,0.00131172,0
2502,0.00467486,0
2503,0.00223035,0
2504,0.01633000,0
2505,0.00212879,0
2506,0.00080917,0
2507,0.00211456,0
2508,0.00161008,0
2509,0.00178530,0
2510,0.00133471,0
2511,0.00376426,0
2512,0.00196310,0
2513,0.00730965,0
2514,0.00346172,0
2515,0.00144779,0
2516,0.00097155,0
2517,0.00120354,0
2518,0.00365145,0
2519,0.00078483,0
2520,0.00117644,0
2521,0.00193864,0
2522,0.00245972,0
2523,0.00111814,0
2524,0.01351253,0
2525,0.00089713,0
2526,0.00235274,0
2527,0.01311344,0
2528,0.00259994,0
2529,0.02563003,0
2530,0.00353856,0
2531,0.00432958,0
2532,0.00093173,0
2533,0.00071110,0
2534,0.00214734,0
2535,0.00397251,0
2536,0.00080986,0
2537,0.00410578,0
2538,0.00105593,0
2539,0.00261063,0
2540,0.00275979,0
2541,0.00195077,0
2542,0.00152553,0
2543,0.00098995,0
2544,0.00867488,0
2545,0.00328713,0
2546,0.00291780,0
2547,0.00088005,0
2548,0.00621167,0
2549,0.00087326,0
2550,0.00219159,0
2551,0.00296701,0
2552,0.01282212,0
2553,0.00118075,0
2554,0.00201595,0
2555,0.00502188,0
2556,0.00120178,0
2557,0.00209214,0
2558,0.00689629,0
2559,0.00157775,0
2560,0.00184433,0
2561,0.00756239,0
2562,0.00330281,0
2563,0.00603812,0
2564,0.00131806,0
2565,0.00439781,0
2566,0.00235928,0
2567,0.01998552,0
2568,0.00225481,0
2569,0.00085356,0
2570,0.00192561,0
2571,0.00157405,0
2572,0.00186047,0
2573,0.00129625,0
2574,0.00371555,0
2575,0.00189415,0
2576,0.00686077,0
2577,0.00348670,0
2578,0.00152188,0
2579,0.00102227,0
2580,0.00125543,0
2581,0.00627597,0
2582,0.00077881,0
2583,0.00127664,0
2584,0.00276993,0
2585,0.00264400,0
2586,0.00117832,0
2587,0.01478990,0
2588,0.00089763,0
2589,0.00247790,0
2590,0.01375901,0
2591,0.00315729,0
2592,0.02474452,0
2593,0.00368756,0
2594,0.00444534,0
2595,0.00086667,0
2596,0.00077783,0
2597,0.00196772,0
2598,0.00426361,0
2599,0.00084447,0
2600,0.00439572,0
2601,0.00110642,0
2602,0.00263550,0
2603,0.00299078,0
2604,0.00207975,0
2605,0.00137258,0
2606,0.00104132,0
2607,0.00864130,0
2608,0.00358578,0
2609,0.00321557,0
2610,0.00092635,0
2611,0.00580603,0
2612,0.00089385,0
2613,0.00209333,0
2614,0.00271785,0
2615,0.01263432,0
2616,0.00106852,0
2617,0.00197734,0
2618,0.00505702,0
2619,0.00122079,0
2620,0.00217261,0
2621,0.00726906,0
2622,0.00158620,0
2623,0.00195975,0
2624,0.00742924,0
2625,0.00351219,0
2626,0.00612954,0
2627,0.00131318,0
2628,0.00469429,0
2629,0.00231609,0
2630,0.01715005,0
2631,0.00214471,0
2632,0.00084310,0
2633,0.00193145,0
2634,0.00172857,0
2635,0.00201387,0
2636,0.00117718,0
2637,0.00378733,0
2638,0.00194054,0
2639,0.00754599,0
2640,0.00339373,0
2641,0.00144377,0
2642,0.00105323,0
2643,0.00129041,0
2644,0.00334805,0
2645,0.00076262,0
2646,0.00126947,0
2647,0.00264994,0
2648,0.00255809,0
2649,0.00118134,0
2650,0.01374668,0
2651,0.00097032,0
2652,0.00240997,0
2653,0.01384001,0
2654,0.00304952,0
2655,0.02813487,0
2656,0.00383845,0
2657,0.00434010,0
2658,0.00096594,0
2659,0.00078584,0
2660,0.00199113,0
2661,0.00423227,0
2662,0.00083279,0
2663,0.00391959,0
2664,0.00114220,0
2665,0.00265335,0
2666,0.00298512,0
2667,0.00218925,0
2668,0.00164021,0
2669,0.00103022,0
2670,0.00931364,0
2671,0.00368430,0
2672,0.00299171,0
2673,0.00100645,0
2674,0.00629177,0
2675,0.00099177,0
2676,0.00205572,0
2677,0.00412020,0
2678,0.01232453,0
2679,0.00111969,0
2680,0.00213429,0
2681,0.00501785,0
2682,0.00124788,0
2683,0.00214975,0
2684,0.00773207,0
2685,0.00171207,0
2686,0.00203282,0
2687,0.00855908,0
2688,0.00342112,0
2689,0.00641994,0
2690,0.00141122,0
2691,0.00475479,0
2692,0.00247295,0
2693,0.01654072,0
2694,0.00238545,0
2695,0.00093856,0
2696,0.00223792,0
2697,0.00186523,0
2698,0.00237380,0
2699,0.00134897,0
2700,0.00404386,0
2701,0.00210742,0
2702,0.00717086,0
2703,0.00374423,0
2704,0.00151679,0
2705,0.00104789,0
2706,0.00136670,0
2707,0.00427525,0
2708,0.00078768,0
2709,0.00123531,0
2710,0.00284873,0
2711,0.00282429,0
2712,0.00121639,0
2713,0.01431003,0
2714,0.00106709,0
2715,0.00260196,0
2716,0.01557362,0
2717,0.00330507,0
2718,0.02792081,0
2719,0.00422804,0
2720,0.00465709,0
2721,0.00097376,0
2722,0.00079505,0
2723,0.00215139,0
2724,0.00479000,0
2725,0.00087942,0
2726,0.00395206,0
2727,0.00113249,0
2728,0.00294438,0
2729,0.00314838,0
2730,0.00255219,0
2731,0.00177463,0
2732,0.00112041,0
2733,0.00874686,0
2734,0.00424396,0
2735,0.00299123,0
2736,0.00103987,0
2737,0.00680789,0
2738,0.00095147,0
2739,0.00241572,0
2740,0.00276841,0
2741,0.01358700,0
2742,0.00125434,0
2743,0.00193876,0
2744,0.00517451,0
2745,0.00133571,0
2746,0.00218648,0
2747,0.00902578,0
2748,0.00191917,0
2749,0.00212007,0
2750,0.00776345,0
2751,0.00336981,0
2752,0.00601224,0
2753,0.00143784,0
2754,0.00455463,0
2755,0.00235711,0
2756,0.01642866,0
2757,0.00253530,0
2758,0.00094316,0
2759,0.00212304,0
2760,0.00169430,0
2761,0.00206321,0
2762,0.00131461,0
2763,0.00397709,0
2764,0.00195720,0
2765,0.00688042,0
2766,0.00368658,0
2767,0.00137128,0
2768,0.00110450,0
2769,0.00132041,0
2770,0.00395036,0
2771,0.00074670,0
2772,0.00127065,0
2773,0.00386399,0
2774,0.00277565,0
2775,0.00112947,0
2776,0.01357649,0
2777,0.00104106,0
2778,0.00251499,0
2779,0.01485573,0
2780,0.00344459,0
2781,0.02742721,0
2782,0.00400346,0
2783,0.00449313,0
2784,0.00104720,0
2785,0.00082756,0
2786,0.00247996,0
2787,0.00469855,0
2788,0.00089407,0
2789,0.00571725,0
2790,0.00122953,0
2791,0.00290634,0
2792,0.00328963,0
2793,0.00216485,0
2794,0.00174112,0
2795,0.00115926,0
2796,0.00982154,0
2797,0.00412352,0
2798,0.00343607,0
2799,0.00109853,0
2800,0.00632771,0
2801,0.00094324,0
2802,0.00206098,0
2803,0.00404706,0
2804,0.01401448,0
2805,0.00121588,0
2806,0.00197802,0
2807,0.00552397,0
2808,0.00127466,0
2809,0.00219117,0
2810,0.00826021,0
2811,0.00173148,0
2812,0.00218027,0
2813,0.00879266,0
2814,0.00342147,0
2815,0.00595686,0
2816,0.00147235,0
2817,0.00482850,0
2818,0.00246701,0
2819,0.01776731,0
2820,0.00250831,0
2821,0.00092672,0
2822,0.00205369,0
2823,0.00170459,0
2824,0.00222089,0
2825,0.00128758,0
2826,0.00408057,0
2827,0.00195100,0
2828,0.00686606,0
2829,0.00390302,0
2830,0.00135343,0
2831,0.00100902,0
2832,0.00132745,0
2833,0.00419881,0
2834,0.00077259,0
2835,0.00133414,0
2836,0.00301648,0
2837,0.00279071,0
2838,0.00122424,0
2839,0.01503835,0
2840,0.00110516,0
2841,0.00271023,0
2842,0.01526477,0
2843,0.00313015,0
2844,0.02816921,0
2845,0.00382365,0
2846,0.00465532,0
2847,0.00107227,0
2848,0.00077818,0
2849,0.00205323,0
2850,0.00457560,0
2851,0.00087960,0
2852,0.00487560,0
2853,0.00113120,0
2854,0.00286907,0
2855,0.00308979,0
2856,0.00201289,0
2857,0.00173499,0
2858,0.00110707,0
2859,0.00941109,0
2860,0.00384701,0
2861,0.00352574,0
2862,0.00111098,0
2863,0.00744227,0
2864,0.00097314,0
2865,0.00211882,0
2866,0.00299776,0
2867,0.01461358,0
2868,0.00117814,0
2869,0.00194886,0
2870,0.00536812,0
2871,0.00127654,0
2872,0.00219998,0
2873,0.00737443,0
2874,0.00160227,0
2875,0.00197746,0
2876,0.00767069,0
2877,0.00343752,0
2878,0.00578346,0
2879,0.00143092,0
2880,0.00466765,0
2881,0.00233818,0
2882,0.01829155,0
2883,0.00226145,0
2884,0.00086941,0
2885,0.00204335,0
2886,0.00172443,0
2887,0.00205007,0
2888,0.00141189,0
2889,0.00386907,0
2890,0.00195310,0
2891,0.00758546,0
2892,0.00351378,0
2893,0.00146479,0
2894,0.00105287,0
2895,0.00133129,0
2896,0.00503232,0
2897,0.00085191,0
2898,0.00136128,0
2899,0.00239590,0
2900,0.00274042,0
2901,0.00136055,0
2902,0.01526155,0
2903,0.00104441,0
2904,0.00263837,0
2905,0.01562946,0
2906,0.00305493,0
2907,0.02801396,0
2908,0.00411157,0
2909,0.00475416,0
2910,0.00111393,0
2911,0.00081655,0
2912,0.00207884,0
2913,0.00472710,0
2914,0.00084081,0
2915,0.00453768,0
2916,0.00117588,0
2917,0.00284450,0
2918,0.00329684,0
2919,0.00191254,0
2920,0.00182549,0
2921,0.00112986,0
2922,0.00886953,0
2923,0.00394243,0
2924,0.00324024,0
2925,0.00097487,0
2926,0.00691886,0
2927,0.00090766,0
2928,0.00218418,0
2929,0.00429997,0
2930,0.01481281,0
2931,0.00118083,0
2932,0.00200246,0
2933,0.00526146,0
2934,0.00135614,0
2935,0.00203141,0
2936,0.01151086,0
2937,0.00175608,0
2938,0.00209467,0
2939,0.00796857,0
2940,0.00337604,0
2941,0.00600286,0
2942,0.00141162,0
2943,0.00463375,0
2944,0.00234741,0
2945,0.01574088,0
2946,0.00233825,0
2947,0.00092223,0
2948,0.00225323,0
2949,0.00184671,0
2950,0.00220038,0
2951,0.00136954,0
2952,0.00406709,0
2953,0.00205991,0
2954,0.00704703,0
2955,0.00381090,0
2956,0.00149291,0
2957,0.00108559,0
2958,0.00128312,0
2959,0.00335127,0
2960,0.00079464,0
2961,0.00137340,0
2962,0.00261576,0
2963,0.00270721,0
2964,0.00127343,0
2965,0.01698401,0
2966,0.00107660,0
2967,0.00263156,0
2968,0.01527486,0
2969,0.00293508,0
2970,0.02802144,0
2971,0.00393165,0
2972,0.00452530,0
2973,0.00117647,0
2974,0.00078808,0
2975,0.00235069,0
2976,0.00491274,0
2977,0.00080030,0
2978,0.00425407,0
2979,0.00113179,0
2980,0.00289477,0
2981,0.00350448,0
2982,0.00225304,0
2983,0.00180623,0
2984,0.00112176,0
2985,0.00897035,0
2986,0.00397416,0
2987,0.00324429,0
2988,0.00117223,0
2989,0.00703478,0
2990,0.00096523,0
2991,0.00222046,0
2992,0.00300426,0
2993,0.01502568,0
2994,0.00123926,0
2995,0.00212385,0
2996,0.00535948,0
2997,0.00134262,0
2998,0.00223011,0
2999,0.00872734,0
3000,0.00210428,0
3001,0.00215327,0
3002,0.00775282,0
3003,0.00341829,0
3004,0.00593173,0
3005,0.00138364,0
3006,0.00456109,0
3007,0.00233572,0
3008,0.01614477,0
3009,0.00253461,0
3010,0.00094501,0
3011,0.00215104,0
3012,0.00175027,0
3013,0.00212041,0
3014,0.00134207,0
3015,0.00408673,0
3016,0.00198337,0
3017,0.00693857,0
3018,0.00379978,0
3019,0.00142551,0
3020,0.00107597,0
3021,0.00129990,0
3022,0.00434238,0
3023,0.00082801,0
3024,0.00128079,0
3025,0.00263726,0
3026,0.00277639,0
3027,0.00114007,0
3028,0.01787154,0
3029,0.00111957,0
3030,0.00247479,0
3031,0.01549932,0
3032,0.00344622,0
3033,0.02728701,0
3034,0.00414992,0
3035,0.00471283,0
3036,0.00123453,0
3037,0.00082641,0
3038,0.00191808,0
3039,0.00445428,0
3040,0.00078267,0
3041,0.00397147,0
3042,0.00120783,0
3043,0.00322598,0
3044,0.00324685,0
3045,0.00245029,0
3046,0.00183176,0
3047,0.00113675,0
3048,0.00877057,0
3049,0.00425650,0
3050,0.00369870,0
3051,0.00117673,0
3052,0.00638452,0
3053,0.00089108,0
3054,0.00211929,0
3055,0.00359425,0
3056,0.01505431,0
3057,0.00124975,0
3058,0.00218034,0
3059,0.00590306,0
3060,0.00141382,0
3061,0.00219513,0
3062,0.00757112,0
3063,0.00209573,0
3064,0.00215459,0
3065,0.00792228,0
3066,0.00357058,0
3067,0.00595366,0
3068,0.00145184,0
3069,0.00475346,0
3070,0.00257104,0
3071,0.01701886,0
3072,0.00262734,0
3073,0.00095981,0
3074,0.00207080,0
3075,0.00167285,0
3076,0.00254133,0
3077,0.00136613,0
3078,0.00394783,0
3079,0.00203901,0
3080,0.00662396,0
3081,0.00377902,0
3082,0.00153779,0
3083,0.00110017,0
3084,0.00127052,0
3085,0.00473797,0
3086,0.00094090,0
3087,0.00131402,0
3088,0.00232370,0
3089,0.00246536,0
3090,0.00121465,0
3091,0.01522803,0
3092,0.00110022,0
3093,0.00245370,0
3094,0.01577367,0
3095,0.00306440,0
3096,0.02554440,0
3097,0.00378164,0
3098,0.00454635,0
3099,0.00109853,0
3100,0.00076874,0
3101,0.00209119,0
3102,0.00458037,0
3103,0.00082700,0
3104,0.00458636,0
3105,0.00111856,0
3106,0.00290507,0
3107,0.00309555,0
3108,0.00222920,0
3109,0.00154364,0
3110,0.00111278,0
3111,0.00853539,0
3112,0.00362075,0
3113,0.00389934,0
3114,0.00121766,0
3115,0.00684116,0
3116,0.00091224,0
3117,0.00207980,0
3118,0.00293046,0
3119,0.01303486,0
3120,0.00115236,0
3121,0.00198787,0
3122,0.00557474,0
3123,0.00143595,0
3124,0.00199427,0
3125,0.00723137,0
3126,0.00181845,0
3127,0.00192711,0
3128,0.00696220,0
3129,0.00376031,0
3130,0.00577317,0
3131,0.00143503,0
3132,0.00472464,0
3133,0.00239049,0
3134,0.01760247,0
3135,0.00233022,0
3136,0.00093262,0
3137,0.00190306,0
3138,0.00147771,0
3139,0.00242560,0
3140,0.00138148,0
3141,0.00408443,0
3142,0.00193030,0
3143,0.00660886,0
3144,0.00395420,0
3145,0.00154302,0
3146,0.00101764,0
3147,0.00121336,0
3148,0.00501712,0
3149,0.00092220,0
3150,0.00128004,0
3151,0.00220746,0
3152,0.00255070,0
3153,0.00120553,0
3154,0.01460998,0
3155,0.00098957,0
3156,0.00248564,0
3157,0.01568209,0
3158,0.00284999,0
3159,0.02535290,0
3160,0.00372391,0
3161,0.00449732,0
3162,0.00121534,0
3163,0.00080306,0
3164,0.00205842,0
3165,0.00458434,0
3166,0.00079496,0
3167,0.00409260,0
3168,0.00117923,0
3169,0.00285974,0
3170,0.00315755,0
3171,0.00208092,0
3172,0.00175122,0
3173,0.00110200,0
3174,0.00865058,0
3175,0.00343948,0
3176,0.00358528,0
3177,0.00106233,0
3178,0.00671855,0
3179,0.00097422,0
3180,0.00219948,0
3181,0.00386233,0
3182,0.01312472,0
3183,0.00113273,0
3184,0.00228071,0
3185,0.00536965,0
3186,0.00136657,0
3187,0.00206155,0
3188,0.00803614,0
3189,0.00175284,0
3190,0.00174031,0
3191,0.00659997,0
3192,0.00380402,0
3193,0.00565483,0
3194,0.00132662,0
3195,0.00489119,0
3196,0.00241674,0
3197,0.01923232,0
3198,0.00253712,0
3199,0.00099740,0
3200,0.00207837,0
3201,0.00151278,0
3202,0.00269316,0
3203,0.00166586,0
3204,0.00449402,0
3205,0.00191306,0
3206,0.00676896,0
3207,0.00397586,0
3208,0.00146539,0
3209,0.00104611,0
3210,0.00139370,0
3211,0.00526476,0
3212,0.00084617,0
3213,0.00141848,0
3214,0.00293362,0
3215,0.00270361,0
3216,0.00134338,0
3217,0.01434096,0
3218,0.00103010,0
3219,0.00265205,0
3220,0.01644087,0
3221,0.00320516,0
3222,0.02587889,0
3223,0.00363477,0
3224,0.00464708,0
3225,0.00123235,0
3226,0.00086860,0
3227,0.00236564,0
3228,0.00465955,0
3229,0.00083087,0
3230,0.00426619,0
3231,0.00120828,0
3232,0.00288921,0
3233,0.00324609,0
3234,0.00213735,0
3235,0.00189003,0
3236,0.00111189,0
3237,0.00887534,0
3238,0.00351303,0
3239,0.00377525,0
3240,0.00096140,0
3241,0.00715859,0
3242,0.00090042,0
3243,0.00204601,0
3244,0.00288109,0
3245,0.01435739,0
3246,0.00116929,0
3247,0.00221801,0
3248,0.00496666,0
3249,0.00135196,0
3250,0.00204022,0
3251,0.00872497,0
3252,0.00174324,0
3253,0.00170728,0
3254,0.00668394,0
3255,0.00371445,0
3256,0.00568216,0
3257,0.00135361,0
3258,0.00452129,0
3259,0.00231609,0
3260,0.01742142,0
3261,0.00239131,0
3262,0.00093825,0
3263,0.00185683,0
3264,0.00150965,0
3265,0.00227772,0
3266,0.00131363,0
3267,0.00429744,0
3268,0.00184117,0
3269,0.00635018,0
3270,0.00384463,0
3271,0.00153992,0
3272,0.00101138,0
3273,0.00121046,0
3274,0.00313038,0
3275,0.00078409,0
3276,0.00136030,0
3277,0.00257352,0
3278,0.00240360,0
3279,0.00126852,0
3280,0.01503633,0
3281,0.00091619,0
3282,0.00263619,0
3283,0.01610535,0
3284,0.00275176,0
3285,0.02585144,0
3286,0.00350815,0
3287,0.00453889,0
3288,0.00118065,0
3289,0.00083241,0
3290,0.00219097,0
3291,0.00469057,0
3292,0.00082452,0
3293,0.00428358,0
3294,0.00115060,0
3295,0.00279632,0
3296,0.00329574,0
3297,0.00175391,0
3298,0.00165633,0
3299,0.00105402,0
3300,0.00927579,0
3301,0.00339112,0
3302,0.00327561,0
3303,0.00081333,0
3304,0.00732096,0
3305,0.00084330,0
3306,0.00211264,0
3307,0.00312596,0
3308,0.01273769,0
3309,0.00114452,0
3310,0.00222912,0
3311,0.00550880,0
3312,0.00136691,0
3313,0.00201816,0
3314,0.00848634,0
3315,0.00178168,0
3316,0.00164823,0
3317,0.00607744,0
3318,0.00378731,0
3319,0.00535464,0
3320,0.00130668,0
3321,0.00459066,0
3322,0.00226882,0
3323,0.01826826,0
3324,0.00250154,0
3325,0.00094128,0
3326,0.00200627,0
3327,0.00159706,0
3328,0.00203306,0
3329,0.00124875,0
3330,0.00399117,0
3331,0.00179045,0
3332,0.00599107,0
3333,0.00391467,0
3334,0.00143732,0
3335,0.00101997,0
3336,0.00120241,0
3337,0.00342367,0
3338,0.00086061,0
3339,0.00135186,0
3340,0.00267739,0
3341,0.00261182,0
3342,0.00130569,0
3343,0.01581795,0
3344,0.00101242,0
3345,0.00266800,0
3346,0.01524582,0
3347,0.00279822,0
3348,0.02533937,0
3349,0.00364402,0
3350,0.00475974,0
3351,0.00125494,0
3352,0.00089495,0
3353,0.00213995,0
3354,0.00459629,0
3355,0.00084639,0
3356,0.00375109,0
3357,0.00118498,0
3358,0.00278169,0
3359,0.00338298,0
3360,0.00225120,0
3361,0.00167709,0
3362,0.00107700,0
3363,0.00868601,0
3364,0.00332456,0
3365,0.00312305,0
3366,0.00094528,0
3367,0.00654774,0
3368,0.00087774,0
3369,0.00195136,0
3370,0.00306383,0
3371,0.01336401,0
3372,0.00113063,0
3373,0.00229527,0
3374,0.00551164,0
3375,0.00129851,0
3376,0.00218037,0
3377,0.00752873,0
3378,0.00185259,0
3379,0.00165743,0
3380,0.00656176,0
3381,0.00376743,0
3382,0.00537815,0
3383,0.00135511,0
3384,0.00473434,0
3385,0.00244757,0
3386,0.01721359,0
3387,0.00246946,0
3388,0.00096554,0
3389,0.00187792,0
3390,0.00143299,0
3391,0.00197163,0
3392,0.00118680,0
3393,0.00405828,0
3394,0.00171962,0
3395,0.00562834,0
3396,0.00395200,0
3397,0.00149872,0
3398,0.00100330,0
3399,0.00123576,0
3400,0.00468167,0
3401,0.00082749,0
3402,0.00148024,0
3403,0.00380052,0
3404,0.00270062,0
3405,0.00131887,0
3406,0.01532384,0
3407,0.00101234,0
3408,0.00254768,0
3409,0.01556659,0
3410,0.00279918,0
3411,0.02512076,0
3412,0.00358927,0
3413,0.00488523,0
3414,0.00123670,0
3415,0.00092586,0
3416,0.00192020,0
3417,0.00458881,0
3418,0.00081894,0
3419,0.00362792,0
3420,0.00112253,0
3421,0.00280209,0
3422,0.00337562,0
3423,0.00203929,0
3424,0.00167235,0
3425,0.00110401,0
3426,0.00919554,0
3427,0.00338009,0
3428,0.00302584,0
3429,0.00084646,0
3430,0.00674688,0
3431,0.00088365,0
3432,0.00197949,0
3433,0.00377810,0
3434,0.01362357,0
3435,0.00109054,0
3436,0.00229107,0
3437,0.00524444,0
3438,0.00128542,0
3439,0.00216571,0
3440,0.00885187,0
3441,0.00186459,0
3442,0.00174365,0
3443,0.00620357,0
3444,0.00369733,0
3445,0.00523812,0
3446,0.00139106,0
3447,0.00435896,0
3448,0.00235477,0
3449,0.01719413,0
3450,0.00238955,0
3451,0.00093104,0
3452,0.00204510,0
3453,0.00152460,0
3454,0.00214199,0
3455,0.00131590,0
3456,0.00421211,0
3457,0.00181913,0
3458,0.00585359,0
3459,0.00422315,0
3460,0.00142956,0
3461,0.00102042,0
3462,0.00128578,0
3463,0.00411569,0
3464,0.00078725,0
3465,0.00149597,0
3466,0.00326313,0
3467,0.00270066,0
3468,0.00136975,0
3469,0.01521771,0
3470,0.00099598,0
3471,0.00273289,0
3472,0.01544670,0
3473,0.00294607,0
3474,0.02593095,0
3475,0.00390653,0
3476,0.00475796,0
3477,0.00127512,0
3478,0.00096295,0
3479,0.00214732,0
3480,0.00475503,0
3481,0.00081767,0
3482,0.00350232,0
3483,0.00119455,0
3484,0.00279708,0
3485,0.00328466,0
3486,0.00246022,0
3487,0.00178808,0
3488,0.00110367,0
3489,0.00850289,0
3490,0.00325847,0
3491,0.00291715,0
3492,0.00093600,0
3493,0.00661390,0
3494,0.00085118,0
3495,0.00184487,0
3496,0.00303116,0
3497,0.01326245,0
3498,0.00116567,0
3499,0.00214577,0
3500,0.00524297,0
3501,0.00128926,0
3502,0.00206170,0
3503,0.00910291,0
3504,0.00179084,0
3505,0.00166618,0
3506,0.00586091,0
3507,0.00383253,0
3508,0.00522629,0
3509,0.00129574,0
3510,0.00448202,0
3511,0.00230221,0
3512,0.01651011,0
3513,0.00239727,0
3514,0.00096597,0
3515,0.00205924,0
3516,0.00144342,0
3517,0.00213579,0
3518,0.00117691,0
3519,0.00411902,0
3520,0.00169823,0
3521,0.00554025,0
3522,0.00410209,0
3523,0.00146189,0
3524,0.00098459,0
3525,0.00124689,0
3526,0.00426890,0
3527,0.00081337,0
3528,0.00149212,0
3529,0.00284432,0
3530,0.00259395,0
3531,0.00132925,0
3532,0.01607830,0
3533,0.00096173,0
3534,0.00254549,0
3535,0.01586049,0
3536,0.00288769,0
3537,0.02581587,0
3538,0.00373464,0
3539,0.00481300,0
3540,0.00125502,0
3541,0.00090730,0
3542,0.00278266,0
3543,0.00427415,0
3544,0.00078272,0
3545,0.00368615,0
3546,0.00116691,0
3547,0.00279688,0
3548,0.00330747,0
3549,0.00169675,0
3550,0.00174320,0
3551,0.00104690,0
3552,0.00861429,0
3553,0.00324969,0
3554,0.00303859,0
3555,0.00106005,0
3556,0.00650797,0
3557,0.00082680,0
3558,0.00184166,0
3559,0.00317202,0
3560,0.01287870,0
3561,0.00111057,0
3562,0.00201248,0
3563,0.00484627,0
3564,0.00130405,0
3565,0.00202533,0
3566,0.00912136,0
3567,0.00178592,0
3568,0.00171548,0
3569,0.00610772,0
3570,0.00395202,0
3571,0.00482234,0
3572,0.00121520,0
3573,0.00434759,0
3574,0.00221362,0
3575,0.01918788,0
3576,0.00233648,0
3577,0.00090937,0
3578,0.00186190,0
3579,0.00142320,0
3580,0.00186524,0
3581,0.00112335,0
3582,0.00396449,0
3583,0.00162029,0
3584,0.00514423,0
3585,0.00406787,0
3586,0.00149014,0
3587,0.00102633,0
3588,0.00129362,0
3589,0.00409390,0
3590,0.00079920,0
3591,0.00147624,0
3592,0.00255785,0
3593,0.00247707,0
3594,0.00134563,0
3595,0.01428976,0
3596,0.00098798,0
3597,0.00257613,0
3598,0.01521106,0
3599,0.00281631,0
3600,0.02594251,0
3601,0.00358989,0
3602,0.00469347,0
3603,0.00128627,0
3604,0.00083560,0
3605,0.00197387,0
3606,0.00441664,0
3607,0.00079733,0
3608,0.00418560,0
3609,0.00120329,0
3610,0.00288144,0
3611,0.00325621,0
3612,0.00181659,0
3613,0.00180606,0
3614,0.00104619,0
3615,0.00859673,0
3616,0.00312969,0
3617,0.00293682,0
3618,0.00076973,0
3619,0.00626958,0
3620,0.00080114,0
3621,0.00186750,0
3622,0.00284053,0
3623,0.01376780,0
3624,0.00110194,0
3625,0.00212364,0
3626,0.00548469,0
3627,0.00130183,0
3628,0.00196895,0
3629,0.00990124,0
3630,0.00165945,0
3631,0.00167735,0
3632,0.00532210,0
3633,0.00400165,0
3634,0.00481041,0
3635,0.00121883,0
3636,0.00429948,0
3637,0.00224593,0
3638,0.01954293,0
3639,0.00231671,0
3640,0.00091619,0
3641,0.00188615,0
3642,0.00139188,0
3643,0.00188198,0
3644,0.00122013,0
3645,0.00371764,0
3646,0.00160495,0
3647,0.00507387,0
3648,0.00391781,0
3649,0.00134200,0
3650,0.00098213,0
3651,0.00121923,0
3652,0.00379696,0
3653,0.00072037,0
3654,0.00134226,0
3655,0.00227146,0
3656,0.00249703,0
3657,0.00130117,0
3658,0.01328853,0
3659,0.00096042,0
3660,0.00251812,0
3661,0.01526242,0
3662,0.00270960,0
3663,0.02479356,0
3664,0.00356323,0
3665,0.00455001,0
3666,0.00124684,0
3667,0.00088647,0
3668,0.00188086,0
3669,0.00436134,0
3670,0.00077525,0
3671,0.00382545,0
3672,0.00117415,0
3673,0.00287862,0
3674,0.00326283,0
3675,0.00195896,0
3676,0.00159578,0
3677,0.00106322,0
3678,0.00821497,0
3679,0.00343870,0
3680,0.00314299,0
3681,0.00076513,0
3682,0.00617881,0
3683,0.00077652,0
3684,0.00174927,0
3685,0.00380129,0
3686,0.01410849,0
3687,0.00108953,0
3688,0.00206416,0
3689,0.00546925,0
3690,0.00127908,0
3691,0.00194508,0
3692,0.00892292,0
3693,0.00186822,0
3694,0.00166631,0
3695,0.00545020,0
3696,0.00396498,0
3697,0.00494122,0
3698,0.00127523,0
3699,0.00440142,0
3700,0.00225312,0
3701,0.01682201,0
3702,0.00240113,0
3703,0.00093585,0
3704,0.00199148,0
3705,0.00159837,0
3706,0.00185406,0
3707,0.00116837,0
3708,0.00368017,0
3709,0.00164445,0
3710,0.00484191,0
3711,0.00419834,0
3712,0.00135331,0
3713,0.00101090,0
3714,0.00125024,0
3715,0.00299760,0
3716,0.00068885,0
3717,0.00131393,0
3718,0.00248696,0
3719,0.00248835,0
3720,0.00133713,0
3721,0.01432974,0
3722,0.00101250,0
3723,0.00238869,0
3724,0.01435243,0
3725,0.00259239,0
3726,0.02628894,0
3727,0.00359563,0
3728,0.00462426,0
3729,0.00131465,0
3730,0.00089284,0
3731,0.00230063,0
3732,0.00454270,0
3733,0.00081818,0
3734,0.00386682,0
3735,0.00116776,0
3736,0.00279080,0
3737,0.00338980,0
3738,0.00181742,0
3739,0.00172900,0
3740,0.00110875,0
3741,0.00819718,0
3742,0.00329247,0
3743,0.00319415,0
3744,0.00074022,0
3745,0.00636316,0
3746,0.00079304,0
3747,0.00172458,0
3748,0.00320044,0
3749,0.01570557,0
3750,0.00113051,0
3751,0.00223782,0
3752,0.00540765,0
3753,0.00131788,0
3754,0.00199744,0
3755,0.00820563,0
3756,0.00187159,0
3757,0.00158012,0
3758,0.00527626,0
3759,0.00385297,0
3760,0.00464278,0
3761,0.00126223,0
3762,0.00423587,0
3763,0.00219081,0
3764,0.01627480,0
3765,0.00252173,0
3766,0.00094256,0
3767,0.00176969,0
3768,0.00137832,0
3769,0.00186107,0
3770,0.00110472,0
3771,0.00396333,0
3772,0.00150461,0
3773,0.00489482,0
3774,0.00413617,0
3775,0.00126305,0
3776,0.00094145,0
3777,0.00122905,0
3778,0.00447837,0
3779,0.00064231,0
3780,0.00130400,0
3781,0.00241146,0
3782,0.00249711,0
3783,0.00127911,0
3784,0.01562685,0
3785,0.00097247,0
3786,0.00254199,0
3787,0.01431320,0
3788,0.00250072,0
3789,0.02472767,0
3790,0.00365398,0
3791,0.00472842,0
3792,0.00128853,0
3793,0.00090878,0
3794,0.00219712,0
3795,0.00444432,0
3796,0.00084910,0
3797,0.00339769,0
3798,0.00113672,0
3799,0.00277117,0
3800,0.00334334,0
3801,0.00187209,0
3802,0.00162796,0
3803,0.00110275,0
3804,0.00842611,0
3805,0.00292145,0
3806,0.00282542,0
3807,0.00074305,0
3808,0.00583121,0
3809,0.00077586,0
3810,0.00164644,0
3811,0.00317023,0
3812,0.01472010,0
3813,0.00102071,0
3814,0.00200230,0
3815,0.00523958,0
3816,0.00123967,0
3817,0.00194642,0
3818,0.00821678,0
3819,0.00176886,0
3820,0.00150094,0
3821,0.00521868,0
3822,0.00411220,0
3823,0.00474856,0
3824,0.00124434,0
3825,0.00435695,0
3826,0.00218726,0
3827,0.01654256,0
3828,0.00227432,0
3829,0.00089292,0
3830,0.00180526,0
3831,0.00144656,0
3832,0.00169963,0
3833,0.00113150,0
3834,0.00374543,0
3835,0.00158244,0
3836,0.00472560,0
3837,0.00424641,0
3838,0.00132348,0
3839,0.00100390,0
3840,0.00120222,0
3841,0.00306261,0
3842,0.00066602,0
3843,0.00135072,0
3844,0.00218419,0
3845,0.00238260,0
3846,0.00126474,0
3847,0.01450016,0
3848,0.00098271,0
3849,0.00250859,0
3850,0.01453117,0
3851,0.00253495,0
3852,0.02634311,0
3853,0.00354933,0
3854,0.00489641,0
3855,0.00128506,0
3856,0.00091321,0
3857,0.00202673,0
3858,0.00436879,0
3859,0.00077642,0
3860,0.00377433,0
3861,0.00114484,0
3862,0.00266233,0
3863,0.00338770,0
3864,0.00185163,0
3865,0.00165319,0
3866,0.00106916,0
3867,0.00849767,0
3868,0.00298506,0
3869,0.00278234,0
3870,0.00080667,0
3871,0.00570778,0
3872,0.00075007,0
3873,0.00175254,0
3874,0.00289050,0
3875,0.01441107,0
3876,0.00102217,0
3877,0.00210314,0
3878,0.00591057,0
3879,0.00131404,0
3880,0.00180369,0
3881,0.00788071,0
3882,0.00174783,0
3883,0.00149824,0
3884,0.00547382,0
3885,0.00419098,0
3886,0.00440026,0
3887,0.00125421,0
3888,0.00427959,0
3889,0.00203573,0
3890,0.01697434,0
3891,0.00220579,0
3892,0.00089705,0
3893,0.00173615,0
3894,0.00142463,0
3895,0.00171011,0
3896,0.00100904,0
3897,0.00369345,0
3898,0.00153894,0
3899,0.00491556,0
3900,0.00401778,0
3901,0.00137006,0
3902,0.00093680,0
3903,0.00117877,0
3904,0.00449472,0
3905,0.00065394,0
3906,0.00134486,0
3907,0.00226644,0
3908,0.00241664,0
3909,0.00128022,0
3910,0.01399264,0
3911,0.00097320,0
3912,0.00248759,0
3913,0.01427978,0
3914,0.00239428,0
3915,0.02505021,0
3916,0.00358272,0
3917,0.00472450,0
3918,0.00126735,0
3919,0.00084896,0
3920,0.00202010,0
3921,0.00448659,0
3922,0.00084817,0
3923,0.00351658,0
3924,0.00120773,0
3925,0.00261615,0
3926,0.00312820,0
3927,0.00161865,0
3928,0.00158291,0
3929,0.00105821,0
3930,0.00808141,0
3931,0.00307222,0
3932,0.00284461,0
3933,0.00074945,0
3934,0.00579260,0
3935,0.00073661,0
3936,0.00164309,0
3937,0.00456431,0
3938,0.01349012,0
3939,0.00097866,0
3940,0.00203398,0
3941,0.00531574,0
3942,0.00128192,0
3943,0.00191351,0
3944,0.00839221,0
3945,0.00177376,0
3946,0.00146710,0
3947,0.00526527,0
3948,0.00413975,0
3949,0.00436684,0
3950,0.00119457,0
3951,0.00447570,0
3952,0.00204431,0
3953,0.01664276,0
3954,0.00232608,0
3955,0.00091624,0
3956,0.00177859,0
3957,0.00137133,0
3958,0.00169734,0
3959,0.00113492,0
3960,0.00383880,0
3961,0.00151338,0
3962,0.00485058,0
3963,0.00409570,0
3964,0.00144573,0
3965,0.00095080,0
3966,0.00115302,0
3967,0.00453670,0
3968,0.00069276,0
3969,0.00130803,0
3970,0.00234359,0
3971,0.00251978,0
3972,0.00129278,0
3973,0.01463830,0
3974,0.00101962,0
3975,0.00246664,0
3976,0.01451616,0
3977,0.00235772,0
3978,0.02709807,0
3979,0.00340411,0
3980,0.00459646,0
3981,0.00122896,0
3982,0.00089425,0
3983,0.00212672,0
3984,0.00454035,0
3985,0.00085712,0
3986,0.00348659,0
3987,0.00117139,0
3988,0.00276927,0
3989,0.00329510,0
3990,0.00171045,0
3991,0.00166608,0
3992,0.00104351,0
3993,0.00829779,0
3994,0.00316742,0
3995,0.00307294,0
3996,0.00079556,0
3997,0.00675724,0
3998,0.00081316,0
3999,0.00165932,0
4000,0.00274624,0
4001,0.01461539,0
4002,0.00107076,0
4003,0.00204911,0
4004,0.00584252,0
4005,0.00131653,0
4006,0.00181998,0
4007,0.00884793,0
4008,0.00180567,0
4009,0.00149991,0
4010,0.00549019,0
4011,0.00411372,0
4012,0.00421305,0
4013,0.00128146,0
4014,0.00440750,0
4015,0.00217847,0
4016,0.01879760,0
4017,0.00255022,0
4018,0.00090801,0
4019,0.00178328,0
4020,0.00127215,0
4021,0.00182007,0
4022,0.00101537,0
4023,0.00365996,0
4024,0.00140526,0
4025,0.00490918,0
4026,0.00419552,0
4027,0.00136579,0
4028,0.00099358,0
4029,0.00116218,0
4030,0.00371209,0
4031,0.00067068,0
4032,0.00141815,0
4033,0.00239769,0
4034,0.00243099,0
4035,0.00123144,0
4036,0.01515453,0
4037,0.00102119,0
4038,0.00240787,0
4039,0.01444896,0
4040,0.00237353,0
4041,0.02757234,0
4042,0.00343442,0
4043,0.00469495,0
4044,0.00119555,0
4045,0.00089039,0
4046,0.00207864,0
4047,0.00473821,0
4048,0.00082559,0
4049,0.00383313,0
4050,0.00117980,0
4051,0.00264067,0
4052,0.00328534,0
4053,0.00180700,0
4054,0.00160077,0
4055,0.00101056,0
4056,0.00852088,0
4057,0.00285169,0
4058,0.00304909,0
4059,0.00080395,0
4060,0.00648865,0
4061,0.00076898,0
4062,0.00165143,0
4063,0.00266559,0
4064,0.01445157,0
4065,0.00110673,0
4066,0.00229702,0
4067,0.00590266,0
4068,0.00131302,0
4069,0.00189779,0
4070,0.00946400,0
4071,0.00160064,0
4072,0.00151378,0
4073,0.00558215,0
4074,0.00409775,0
4075,0.00438392,0
4076,0.00123479,0
4077,0.00452038,0
4078,0.00220887,0
4079,0.01907192,0
4080,0.00245103,0
4081,0.00090930,0
4082,0.00166457,0
4083,0.00135215,0
4084,0.00187770,0
4085,0.00098707,0
4086,0.00376998,0
4087,0.00155675,0
4088,0.00489855,0
4089,0.00384193,0
4090,0.00136586,0
4091,0.00094323,0
4092,0.00112586,0
4093,0.00399425,0
4094,0.00067567,0
4095,0.00144913,0
4096,0.00267576,0
4097,0.00238639,0
4098,0.00120974,0
4099,0.01441206,0
4100,0.00097682,0
4101,0.00244666,0
4102,0.01518525,0
4103,0.00241568,0
4104,0.02612795,0
4105,0.00338836,0
4106,0.00474928,0
4107,0.00123788,0
4108,0.00085407,0
4109,0.00213334,0
4110,0.00477852,0
4111,0.00085230,0
4112,0.00379447,0
4113,0.00115248,0
4114,0.00264871,0
4115,0.00327063,0
4116,0.00175489,0
4117,0.00150233,0
4118,0.00101272,0
4119,0.00845661,0
4120,0.00292636,0
4121,0.00288429,0
4122,0.00088473,0
4123,0.00655706,0
4124,0.00076951,0
4125,0.00167773,0
4126,0.00286173,0
4127,0.01422223,0
4128,0.00103753,0
4129,0.00203386,0
4130,0.00583796,0
4131,0.00133909,0
4132,0.00181146,0
4133,0.00837730,0
4134,0.00180077,0
4135,0.00143739,0
4136,0.00569554,0
4137,0.00408606,0
4138,0.00434060,0
4139,0.00125731,0
4140,0.00462219,0
4141,0.00212315,0
4142,0.01846649,0
4143,0.00241180,0
4144,0.00097337,0
4145,0.00205386,0
4146,0.00141833,0
4147,0.00188209,0
4148,0.00104574,0
4149,0.00371222,0
4150,0.00140850,0
4151,0.00474374,0
4152,0.00419944,0
4153,0.00138195,0
4154,0.00093118,0
4155,0.00119492,0
4156,0.00241252,0
4157,0.00068327,0
4158,0.00142702,0
4159,0.00283831,0
4160,0.00259526,0
4161,0.00125446,0
4162,0.01513743,0
4163,0.00101767,0
4164,0.00257108,0
4165,0.01542854,0
4166,0.00233742,0
4167,0.02609535,0
4168,0.00368242,0
4169,0.00477499,0
4170,0.00132880,0
4171,0.00089479,0
4172,0.00173982,0
4173,0.00476896,0
4174,0.00081279,0
4175,0.00354526,0
4176,0.00117112,0
4177,0.00282120,0
4178,0.00360571,0
4179,0.00193085,0
4180,0.00177435,0
4181,0.00113263,0
4182,0.00856173,0
4183,0.00291046,0
4184,0.00284020,0
4185,0.00104703,0
4186,0.00615531,0
4187,0.00077324,0
4188,0.00190896,0
4189,0.00299227,0
4190,0.01575797,0
4191,0.00108153,0
4192,0.00211361,0
4193,0.00579527,0
4194,0.00137097,0
4195,0.00178651,0
4196,0.01021033,0
4197,0.00202899,0
4198,0.00157087,0
4199,0.00566781,0
4200,0.00389759,0
4201,0.00427859,0
4202,0.00131843,0
4203,0.00452561,0
4204,0.00194395,0
4205,0.01722367,0
4206,0.00237217,0
4207,0.00095738,0
4208,0.00187314,0
4209,0.00140029,0
4210,0.00195235,0
4211,0.00105769,0
4212,0.00367390,0
4213,0.00142473,0
4214,0.00466131,0
4215,0.00400817,0
4216,0.00139027,0
4217,0.00095215,0
4218,0.00117985,0
4219,0.00451914,0
4220,0.00064703,0
4221,0.00135559,0
4222,0.00313547,0
4223,0.00253293,0
4224,0.00122757,0
4225,0.01648955,0
4226,0.00098261,0
4227,0.00236371,0
4228,0.01464077,0
4229,0.00230585,0
4230,0.02641446,0
4231,0.00335163,0
4232,0.00446963,0
4233,0.00125420,0
4234,0.00085385,0
4235,0.00196053,0
4236,0.00487705,0
4237,0.00079636,0
4238,0.00363337,0
4239,0.00111429,0
4240,0.00254989,0
4241,0.00313406,0
4242,0.00211529,0
4243,0.00143750,0
4244,0.00104684,0
4245,0.00809849,0
4246,0.00275137,0
4247,0.00286731,0
4248,0.00088949,0
4249,0.00663185,0
4250,0.00078909,0
4251,0.00171291,0
4252,0.00291202,0
4253,0.01491413,0
4254,0.00104844,0
4255,0.00211483,0
4256,0.00577133,0
4257,0.00130165,0
4258,0.00177751,0
4259,0.00879302,0
4260,0.00188701,0
4261,0.00146136,0
4262,0.00528069,0
4263,0.00361622,0
4264,0.00413606,0
4265,0.00118243,0
4266,0.00418430,0
4267,0.00183926,0
4268,0.01786099,0
4269,0.00239592,0
4270,0.00091237,0
4271,0.00184154,0
4272,0.00134972,0
4273,0.00177406,0
4274,0.00103176,0
4275,0.00336865,0
4276,0.00127828,0
4277,0.00444144,0
4278,0.00426676,0
4279,0.00133452,0
4280,0.00089925,0
4281,0.00116152,0
4282,0.00380205,0
4283,0.00059695,0
4284,0.00132949,0
4285,0.00303013,0
4286,0.00262002,0
4287,0.00117364,0
4288,0.01511926,0
4289,0.00091375,0
4290,0.00240465,0
4291,0.01438624,0
4292,0.00219874,0
4293,0.02773830,0
4294,0.00322869,0
4295,0.00453343,0
4296,0.00125981,0
4297,0.00081819,0
4298,0.00257972,0
4299,0.00477611,0
4300,0.00078260,0
4301,0.00322035,0
4302,0.00107032,0
4303,0.00249844,0
4304,0.00321472,0
4305,0.00184629,0
4306,0.00157987,0
4307,0.00097321,0
4308,0.00759976,0
4309,0.00258188,0
4310,0.00301415,0
4311,0.00090507,0
4312,0.00591725,0
4313,0.00071975,0
4314,0.00159111,0
4315,0.00284264,0
4316,0.01355538,0
4317,0.00100483,0
4318,0.00190475,0
4319,0.00575048,0
4320,0.00128462,0
4321,0.00167123,0
4322,0.00886455,0
4323,0.00175219,0
4324,0.00135667,0
4325,0.00534982,0
4326,0.00397340,0
4327,0.00416705,0
4328,0.00118392,0
4329,0.00429604,0
4330,0.00202010,0
4331,0.01838477,0
4332,0.00251670,0
4333,0.00090475,0
4334,0.00179099,0
4335,0.00122472,0
4336,0.00180446,0
4337,0.00113291,0
4338,0.00361800,0
4339,0.00132176,0
4340,0.00447669,0
4341,0.00402819,0
4342,0.00145059,0
4343,0.00095479,0
4344,0.00114067,0
4345,0.00416935,0
4346,0.00069373,0
4347,0.00137489,0
4348,0.00286545,0
4349,0.00254337,0
4350,0.00118047,0
4351,0.01593470,0
4352,0.00106467,0
4353,0.00240038,0
4354,0.01439529,0
4355,0.00212638,0
4356,0.02545853,0
4357,0.00335137,0
4358,0.00448747,0
4359,0.00131858,0
4360,0.00086918,0
4361,0.00195294,0
4362,0.00502691,0
4363,0.00076461,0
4364,0.00348895,0
4365,0.00113359,0
4366,0.00247956,0
4367,0.00335338,0
4368,0.00169773,0
4369,0.00165780,0
4370,0.00108451,0
4371,0.00828681,0
4372,0.00260547,0
4373,0.00305563,0
4374,0.00087979,0
4375,0.00616495,0
4376,0.00072720,0
4377,0.00172005,0
4378,0.00269679,0
4379,0.01482297,0
4380,0.00096803,0
4381,0.00194147,0
4382,0.00577456,0
4383,0.00130082,0
4384,0.00162987,0
4385,0.01067244,0
4386,0.00178799,0
4387,0.00142068,0
4388,0.00548033,0
4389,0.00429551,0
4390,0.00417745,0
4391,0.00120090,0
4392,0.00419341,0
4393,0.00200545,0
4394,0.01848063,0
4395,0.00255457,0
4396,0.00090696,0
4397,0.00171436,0
4398,0.00116303,0
4399,0.00191738,0
4400,0.00100700,0
4401,0.00354100,0
4402,0.00126927,0
4403,0.00460349,0
4404,0.00401330,0
4405,0.00139314,0
4406,0.00091951,0
4407,0.00111927,0
4408,0.00329112,0
4409,0.00059007,0
4410,0.00142433,0
4411,0.00259997,0
4412,0.00256548,0
4413,0.00127557,0
4414,0.01410774,0
4415,0.00094255,0
4416,0.00233069,0
4417,0.01517177,0
4418,0.00195744,0
4419,0.02669647,0
4420,0.00342818,0
4421,0.00442123,0
4422,0.00119227,0
4423,0.00084343,0
4424,0.00176522,0
4425,0.00538398,0
4426,0.00075559,0
4427,0.00346494,0
4428,0.00105219,0
4429,0.00256037,0
4430,0.00341297,0
4431,0.00176740,0
4432,0.00156522,0
4433,0.00099709,0
4434,0.00771040,0
4435,0.00242066,0
4436,0.00320757,0
4437,0.00084508,0
4438,0.00620214,0
4439,0.00072971,0
4440,0.00184863,0
4441,0.00312915,0
4442,0.01476325,0
4443,0.00098131,0
4444,0.00214035,0
4445,0.00593665,0
4446,0.00130652,0
4447,0.00169101,0
4448,0.01134743,0
4449,0.00180318,0
4450,0.00139123,0
4451,0.00571892,0
4452,0.00416547,0
4453,0.00429538,0
4454,0.00106514,0
4455,0.00417436,0
4456,0.00182599,0
4457,0.01753722,0
4458,0.00226692,0
4459,0.00088466,0
4460,0.00177105,0
4461,0.00124168,0
4462,0.00185432,0
4463,0.00103676,0
4464,0.00339470,0
4465,0.00118980,0
4466,0.00450271,0
4467,0.00422927,0
4468,0.00124978,0
4469,0.00086975,0
4470,0.00106243,0
4471,0.00242646,0
4472,0.00062658,0
4473,0.00128217,0
4474,0.00254995,0
4475,0.00258877,0
4476,0.00125858,0
4477,0.01348776,0
4478,0.00099598,0
4479,0.00234275,0
4480,0.01435280,0
4481,0.00197871,0
4482,0.02695864,0
4483,0.00335697,0
4484,0.00448200,0
4485,0.00121772,0
4486,0.00086691,0
4487,0.00178756,0
4488,0.00506056,0
4489,0.00077154,0
4490,0.00333355,0
4491,0.00107883,0
4492,0.00238321,0
4493,0.00331301,0
4494,0.00182784,0
4495,0.00156195,0
4496,0.00088026,0
4497,0.00739776,0
4498,0.00231358,0
4499,0.00302425,0
4500,0.00083253,0
4501,0.00570211,0
4502,0.00075277,0
4503,0.00166540,0
4504,0.00285272,0
4505,0.01645419,0
4506,0.00098156,0
4507,0.00211403,0
4508,0.00571473,0
4509,0.00133550,0
4510,0.00153897,0
4511,0.00895432,0
4512,0.00192316,0
4513,0.00127880,0
4514,0.00541791,0
4515,0.00386063,0
4516,0.00390595,0
4517,0.00108952,0
4518,0.00412564,0
4519,0.00180916,0
4520,0.01839193,0
4521,0.00260902,0
4522,0.00087590,0
4523,0.00161191,0
4524,0.00107176,0
4525,0.00183640,0
4526,0.00091173,0
4527,0.00328202,0
4528,0.00120339,0
4529,0.00428390,0
4530,0.00415066,0
4531,0.00129296,0
4532,0.00091845,0
4533,0.00103507,0
4534,0.00368647,0
4535,0.00058994,0
4536,0.00132990,0
4537,0.00271281,0
4538,0.00250685,0
4539,0.00121412,0
4540,0.01392605,0
4541,0.00093345,0
4542,0.00231633,0
4543,0.01404801,0
4544,0.00191561,0
4545,0.02931202,0
4546,0.00315793,0
4547,0.00449894,0
4548,0.00120715,0
4549,0.00077891,0
4550,0.00181397,0
4551,0.00485439,0
4552,0.00077919,0
4553,0.00335683,0
4554,0.00112138,0
4555,0.00241530,0
4556,0.00322378,0
4557,0.00181181,0
4558,0.00140670,0
4559,0.00085750,0
4560,0.00756962,0
4561,0.00223527,0
4562,0.00318403,0
4563,0.00070355,0
4564,0.00523104,0
4565,0.00072746,0
4566,0.00161512,0
4567,0.00261980,0
4568,0.01611821,0
4569,0.00095902,0
4570,0.00215719,0
4571,0.00585667,0
4572,0.00131385,0
4573,0.00166152,0
4574,0.00977243,0
4575,0.00184514,0
4576,0.00125120,0
4577,0.00503620,0
4578,0.00416468,0
4579,0.00395754,0
4580,0.00109153,0
4581,0.00429074,0
4582,0.00188532,0
4583,0.01890928,0
4584,0.00246118,0
4585,0.00088013,0
4586,0.00159517,0
4587,0.00120507,0
4588,0.00192603,0
4589,0.00083330,0
4590,0.00319719,0
4591,0.00117941,0
4592,0.00441591,0
4593,0.00427813,0
4594,0.00126037,0
4595,0.00088867,0
4596,0.00098589,0
4597,0.00360255,0
4598,0.00060247,0
4599,0.00125984,0
4600,0.00270884,0
4601,0.00250986,0
4602,0.00122120,0
4603,0.01399591,0
4604,0.00088947,0
4605,0.00240398,0
4606,0.01347889,0
4607,0.00191099,0
4608,0.02566435,0
4609,0.00310776,0
4610,0.00452834,0
4611,0.00123503,0
4612,0.00085277,0
4613,0.00188140,0
4614,0.00487055,0
4615,0.00075432,0
4616,0.00320295,0
4617,0.00104586,0
4618,0.00252386,0
4619,0.00332537,0
4620,0.00186757,0
4621,0.00155320,0
4622,0.00099782,0
4623,0.00825794,0
4624,0.00215260,0
4625,0.00288639,0
4626,0.00075819,0
4627,0.00546429,0
4628,0.00072754,0
4629,0.00163487,0
4630,0.00263197,0
4631,0.01632020,0
4632,0.00096062,0
4633,0.00202532,0
4634,0.00595198,0
4635,0.00131238,0
4636,0.00167527,0
4637,0.00852106,0
4638,0.00188941,0
4639,0.00127199,0
4640,0.00486728,0
4641,0.00433367,0
4642,0.00427106,0
4643,0.00110882,0
4644,0.00411002,0
4645,0.00187830,0
4646,0.01908233,0
4647,0.00245445,0
4648,0.00086366,0
4649,0.00169751,0
4650,0.00108653,0
4651,0.00197256,0
4652,0.00087252,0
4653,0.00356173,0
4654,0.00116251,0
4655,0.00437337,0
4656,0.00433081,0
4657,0.00134113,0
4658,0.00086407,0
4659,0.00105901,0
4660,0.00382771,0
4661,0.00060991,0
4662,0.00129258,0
4663,0.00265418,0
4664,0.00248966,0
4665,0.00123562,0
4666,0.01335648,0
4667,0.00095497,0
4668,0.00226992,0
4669,0.01386315,0
4670,0.00179539,0
4671,0.02593239,0
4672,0.00322634,0
4673,0.00462775,0
4674,0.00119725,0
4675,0.00090461,0
4676,0.00175405,0
4677,0.00458474,0
4678,0.00074454,0
4679,0.00330640,0
4680,0.00103880,0
4681,0.00248742,0
4682,0.00325069,0
4683,0.00171694,0
4684,0.00152682,0
4685,0.00098730,0
4686,0.00774730,0
4687,0.00213788,0
4688,0.00290035,0
4689,0.00070788,0
4690,0.00601020,0
4691,0.00070556,0
4692,0.00162106,0
4693,0.00372768,0
4694,0.01679982,0
4695,0.00093526,0
4696,0.00214775,0
4697,0.00550448,0
4698,0.00134351,0
4699,0.00162516,0
4700,0.00972111,0
4701,0.00183893,0
4702,0.00126807,0
4703,0.00495028,0
4704,0.00426615,0
4705,0.00432079,0
4706,0.00113772,0
4707,0.00409808,0
4708,0.00176593,0
4709,0.01801042,0
4710,0.00236210,0
4711,0.00083566,0
4712,0.00163598,0
4713,0.00107147,0
4714,0.00203993,0
4715,0.00084093,0
4716,0.00338908,0
4717,0.00114376,0
4718,0.00443067,0
4719,0.00412793,0
4720,0.00126356,0
4721,0.00082806,0
4722,0.00098892,0
4723,0.00464133,0
4724,0.00063734,0
4725,0.00133783,0
4726,0.00222070,0
4727,0.00240892,0
4728,0.00124072,0
4729,0.01346625,0
4730,0.00089207,0
4731,0.00232603,0
4732,0.01362737,0
4733,0.00163322,0
4734,0.02273039,0
4735,0.00319167,0
4736,0.00454874,0
4737,0.00123100,0
4738,0.00087746,0
4739,0.00180631,0
4740,0.00488391,0
4741,0.00080074,0
4742,0.00330126,0
4743,0.00104115,0
4744,0.00233902,0
4745,0.00326855,0
4746,0.00171044,0
4747,0.00152237,0
4748,0.00102235,0
4749,0.00808391,0
4750,0.00215344,0
4751,0.00283760,0
4752,0.00068251,0
4753,0.00601134,0
4754,0.00069043,0
4755,0.00146116,0
4756,0.00288533,0
4757,0.01468646,0
4758,0.00095126,0
4759,0.00206030,0
4760,0.00558988,0
4761,0.00128655,0
4762,0.00157392,0
4763,0.00863940,0
4764,0.00173592,0
4765,0.00113433,0
4766,0.00460170,0
4767,0.00423813,0
4768,0.00433146,0
4769,0.00105815,0
4770,0.00399991,0
4771,0.00168513,0
4772,0.01996384,0
4773,0.00230006,0
4774,0.00086750,0
4775,0.00171629,0
4776,0.00107135,0
4777,0.00193801,0
4778,0.00086815,0
4779,0.00328073,0
4780,0.00114306,0
4781,0.00424011,0
4782,0.00429418,0
4783,0.00128200,0
4784,0.00082751,0
4785,0.00104350,0
4786,0.00411729,0
4787,0.00064434,0
4788,0.00127512,0
4789,0.00231314,0
4790,0.00252335,0
4791,0.00117978,0
4792,0.01519316,0
4793,0.00089630,0
4794,0.00249626,0
4795,0.01371780,0
4796,0.00167764,0
4797,0.02505869,0
4798,0.00326602,0
4799,0.00450987,0
4800,0.00114702,0
4801,0.00087015,0
4802,0.00194448,0
4803,0.00490948,0
4804,0.00077893,0
4805,0.00366404,0
4806,0.00109241,0
4807,0.00226818,0
4808,0.00340429,0
4809,0.00173107,0
4810,0.00159813,0
4811,0.00099979,0
4812,0.00810455,0
4813,0.00214485,0
4814,0.00264045,0
4815,0.00069941,0
4816,0.00559670,0
4817,0.00066637,0
4818,0.00148390,0
4819,0.00248350,0
4820,0.01367399,0
4821,0.00090346,0
4822,0.00208446,0
4823,0.00522795,0
4824,0.00129627,0
4825,0.00157604,0
4826,0.00946882,0
4827,0.00179412,0
4828,0.00114813,0
4829,0.00472159,0
4830,0.00417873,0
4831,0.00445621,0
4832,0.00105583,0
4833,0.00407303,0
4834,0.00168004,0
4835,0.02060593,0
4836,0.00229264,0
4837,0.00081667,0
4838,0.00170706,0
4839,0.00108038,0
4840,0.00190537,0
4841,0.00084222,0
4842,0.00349332,0
4843,0.00110723,0
4844,0.00428820,0
4845,0.00405554,0
4846,0.00131247,0
4847,0.00088001,0
4848,0.00101259,0
4849,0.00358612,0
4850,0.00062033,0
4851,0.00134608,0
4852,0.00228144,0
4853,0.00235561,0
4854,0.00122733,0
4855,0.01571027,0
4856,0.00088866,0
4857,0.00232213,0
4858,0.01311456,0
4859,0.00166000,0
4860,0.02483372,0
4861,0.00310842,0
4862,0.00448888,0
4863,0.00120487,0
4864,0.00086587,0
4865,0.00191104,0
4866,0.00476974,0
4867,0.00074895,0
4868,0.00336630,0
4869,0.00104410,0
4870,0.00245374,0
4871,0.00340830,0
4872,0.00171026,0
4873,0.00155932,0
4874,0.00092827,0
4875,0.00798498,0
4876,0.00203182,0
4877,0.00296337,0
4878,0.00065127,0
4879,0.00543332,0
4880,0.00066412,0
4881,0.00149866,0
4882,0.00256546,0
4883,0.01424577,0
4884,0.00096420,0
4885,0.00202545,0
4886,0.00533744,0
4887,0.00129864,0
4888,0.00153651,0
4889,0.00931079,0
4890,0.00184615,0
4891,0.00119966,0
4892,0.00460910,0
4893,0.00420886,0
4894,0.00417659,0
4895,0.00106002,0
4896,0.00385354,0
4897,0.00179545,0
4898,0.01895354,0
4899,0.00227275,0
4900,0.00087002,0
4901,0.00159674,0
4902,0.00100112,0
4903,0.00202400,0
4904,0.00079028,0
4905,0.00336253,0
4906,0.00114699,0
4907,0.00405464,0
4908,0.00426260,0
4909,0.00129664,0
4910,0.00081443,0
4911,0.00103505,0
4912,0.00307708,0
4913,0.00059061,0
4914,0.00127850,0
4915,0.00252547,0
4916,0.00245814,0
4917,0.00114992,0
4918,0.01437499,0
4919,0.00087405,0
4920,0.00223589,0
4921,0.01363627,0
4922,0.00174965,0
4923,0.02541778,0
4924,0.00309479,0
4925,0.00439328,0
4926,0.00122574,0
4927,0.00085988,0
4928,0.00167331,0
4929,0.00449813,0
4930,0.00077326,0
4931,0.00301615,0
4932,0.00101745,0
4933,0.00239833,0
4934,0.00342527,0
4935,0.00163650,0
4936,0.00163595,0
4937,0.00096751,0
4938,0.00791882,0
4939,0.00183382,0
4940,0.00276586,0
4941,0.00072908,0
4942,0.00542229,0
4943,0.00066594,0
4944,0.00155747,0
4945,0.00333526,0
4946,0.01314638,0
4947,0.00094299,0
4948,0.00201704,0
4949,0.00520573,0
4950,0.00127296,0
4951,0.00154426,0
4952,0.00914010,0
4953,0.00179599,0
4954,0.00115322,0
4955,0.00519112,0
4956,0.00427017,0
4957,0.00437114,0
4958,0.00103650,0
4959,0.00403660,0
4960,0.00169315,0
4961,0.01927968,0
4962,0.00238441,0
4963,0.00081944,0
4964,0.00163646,0
4965,0.00105852,0
4966,0.00202892,0
4967,0.00077003,0
4968,0.00345661,0
4969,0.00116341,0
4970,0.00430263,0
4971,0.00411430,0
4972,0.00130848,0
4973,0.00082982,0
4974,0.00099397,0
4975,0.00336438,0
4976,0.00061096,0
4977,0.00123016,0
4978,0.00263582,0
4979,0.00237373,0
4980,0.00113352,0
4981,0.01377833,0
4982,0.00086217,0
4983,0.00218135,0
4984,0.01354173,0
4985,0.00170201,0
4986,0.02621018,0
4987,0.00299602,0
4988,0.00457964,0
4989,0.00124546,0
4990,0.00087235,0
4991,0.00180866,0
4992,0.00455604,0
4993,0.00076264,0
4994,0.00343170,0
4995,0.00100080,0
4996,0.00230725,0
4997,0.00336342,0
4998,0.00165040,0
4999,0.00140706,0
5000,0.00097561,0
5001,0.00802040,0
5002,0.00208982,0
5003,0.00294112,0
5004,0.00071855,0
5005,0.00526616,0
5006,0.00066773,0
5007,0.00150057,0
5008,0.00317803,0
5009,0.01384662,0
5010,0.00095066,0
5011,0.00213593,0
5012,0.00549381,0
5013,0.00128800,0
5014,0.00154561,0
5015,0.00856795,0
5016,0.00189151,0
5017,0.00121871,0
5018,0.00491690,0
5019,0.00404696,0
5020,0.00429987,0
5021,0.00101442,0
5022,0.00399752,0
5023,0.00158926,0
5024,0.01928452,0
5025,0.00237491,0
5026,0.00083223,0
5027,0.00168446,0
5028,0.00106279,0
5029,0.00188758,0
5030,0.00073509,0
5031,0.00352842,0
5032,0.00105708,0
5033,0.00403664,0
5034,0.00385186,0
5035,0.00124560,0
5036,0.00081355,0
5037,0.00098223,0
5038,0.00366700,0
5039,0.00059521,0
5040,0.00123543,0
5041,0.00309194,0
5042,0.00226116,0
5043,0.00112520,0
5044,0.01430098,0
5045,0.00089493,0
5046,0.00220723,0
5047,0.01427888,0
5048,0.00165499,0
5049,0.02638786,0
5050,0.00294984,0
5051,0.00408766,0
5052,0.00114765,0
5053,0.00084839,0
5054,0.00213166,0
5055,0.00467815,0
5056,0.00076985,0
5057,0.00331684,0
5058,0.00107984,0
5059,0.00219132,0
5060,0.00356204,0
5061,0.00157942,0
5062,0.00155166,0
5063,0.00093938,0
5064,0.00832029,0
5065,0.00198299,0
5066,0.00280799,0
5067,0.00071391,0
5068,0.00511281,0
5069,0.00064564,0
5070,0.00145764,0
5071,0.00271510,0
5072,0.01428847,0
5073,0.00089650,0
5074,0.00195675,0
5075,0.00546249,0
5076,0.00120852,0
5077,0.00141918,0
5078,0.00905250,0
5079,0.00176384,0
5080,0.00111948,0
5081,0.00510296,0
5082,0.00410139,0
5083,0.00409959,0
5084,0.00101501,0
5085,0.00378921,0
5086,0.00160942,0
5087,0.02076498,0
5088,0.00219376,0
5089,0.00081407,0
5090,0.00159435,0
5091,0.00110933,0
5092,0.00201799,0
5093,0.00083024,0
5094,0.00331274,0
5095,0.00116658,0
5096,0.00424621,0
5097,0.00399058,0
5098,0.00120169,0
5099,0.00076490,0
5100,0.00103173,0
5101,0.00316506,0
5102,0.00061144,0
5103,0.00127431,0
5104,0.00276091,0
5105,0.00240927,0
5106,0.00115420,0
5107,0.01458640,0
5108,0.00082938,0
5109,0.00220090,0
5110,0.01333981,0
5111,0.00177415,0
5112,0.02675655,0
5113,0.00297663,0
5114,0.00418038,0
5115,0.00121767,0
5116,0.00084324,0
5117,0.00208779,0
5118,0.00462676,0
5119,0.00073799,0
5120,0.00337804,0
5121,0.00096445,0
5122,0.00222676,0
5123,0.00347297,0
5124,0.00171703,0
5125,0.00159437,0
5126,0.00098406,0
5127,0.00801455,0
5128,0.00200893,0
5129,0.00263405,0
5130,0.00070068,0
5131,0.00510966,0
5132,0.00064723,0
5133,0.00145392,0
5134,0.00248260,0
5135,0.01418129,0
5136,0.00090767,0
5137,0.00199096,0
5138,0.00553304,0
5139,0.00123964,0
5140,0.00140054,0
5141,0.01067961,0
5142,0.00177971,0
5143,0.00107849,0
5144,0.00495910,0
5145,0.00417429,0
5146,0.00406840,0
5147,0.00104328,0
5148,0.00391531,0
5149,0.00162342,0
5150,0.02161208,0
5151,0.00230724,0
5152,0.00081622,0
5153,0.00164480,0
5154,0.00106666,0
5155,0.00195446,0
5156,0.00072978,0
5157,0.00347620,0
5158,0.00107612,0
5159,0.00411466,0
5160,0.00416365,0
5161,0.00120164,0
5162,0.00077647,0
5163,0.00102632,0
5164,0.00404167,0
5165,0.00056243,0
5166,0.00130945,0
5167,0.00285456,0
5168,0.00238041,0
5169,0.00114438,0
5170,0.01510259,0
5171,0.00086271,0
5172,0.00226536,0
5173,0.01345917,0
5174,0.00155080,0
5175,0.02683861,0
5176,0.00299121,0
5177,0.00422131,0
5178,0.00124426,0
5179,0.00085812,0
5180,0.00186090,0
5181,0.00472343,0
5182,0.00078320,0
5183,0.00335602,0
5184,0.00106448,0
5185,0.00218002,0
5186,0.00351299,0
5187,0.00158101,0
5188,0.00148426,0
5189,0.00100790,0
5190,0.00792158,0
5191,0.00190250,0
5192,0.00282081,0
5193,0.00068934,0
5194,0.00529134,0
5195,0.00065798,0
5196,0.00145054,0
5197,0.00284653,0
5198,0.01563949,0
5199,0.00086920,0
5200,0.00203178,0
5201,0.00525344,0
5202,0.00123484,0
5203,0.00148210,0
5204,0.00988925,0
5205,0.00188879,0
5206,0.00117893,0
5207,0.00525683,0
5208,0.00411678,0
5209,0.00426390,0
5210,0.00105021,0
5211,0.00384415,0
5212,0.00150481,0
5213,0.01973332,0
5214,0.00248684,0
5215,0.00080733,0
5216,0.00171526,0
5217,0.00102780,0
5218,0.00196162,0
5219,0.00073251,0
5220,0.00322477,0
5221,0.00105194,0
5222,0.00409084,0
5223,0.00398141,0
5224,0.00122402,0
5225,0.00080695,0
5226,0.00097843,0
5227,0.00352081,0
5228,0.00064105,0
5229,0.00116216,0
5230,0.00287621,0
5231,0.00231612,0
5232,0.00108697,0
5233,0.01479460,0
5234,0.00084373,0
5235,0.00203940,0
5236,0.01308082,0
5237,0.00144101,0
5238,0.02828796,0
5239,0.00287181,0
5240,0.00407689,0
5241,0.00111015,0
5242,0.00079804,0
5243,0.00181860,0
5244,0.00432890,0
5245,0.00068054,0
5246,0.00297775,0
5247,0.00094544,0
5248,0.00211451,0
5249,0.00328753,0
5250,0.00157416,0
5251,0.00145539,0
5252,0.00085599,0
5253,0.00742400,0
5254,0.00160980,0
5255,0.00266916,0
5256,0.00071905,0
5257,0.00516343,0
5258,0.00064742,0
5259,0.00140621,0
5260,0.00282322,0
5261,0.01407042,0
5262,0.00087676,0
5263,0.00184962,0
5264,0.00516033,0
5265,0.00122460,0
5266,0.00142004,0
5267,0.00893912,0
5268,0.00175359,0
5269,0.00109087,0
5270,0.00541497,0
5271,0.00403116,0
5272,0.00403410,0
5273,0.00098983,0
5274,0.00380785,0
5275,0.00156066,0
5276,0.01850215,0
5277,0.00231319,0
5278,0.00082200,0
5279,0.00170991,0
5280,0.00099763,0
5281,0.00181993,0
5282,0.00080973,0
5283,0.00307343,0
5284,0.00103853,0
5285,0.00402423,0
5286,0.00423111,0
5287,0.00119967,0
5288,0.00077469,0
5289,0.00095606,0
5290,0.00368593,0
5291,0.00059491,0
5292,0.00116363,0
5293,0.00288086,0
5294,0.00216636,0
5295,0.00111747,0
5296,0.01541658,0
5297,0.00082461,0
5298,0.00211462,0
5299,0.01347198,0
5300,0.00144520,0
5301,0.02547981,0
5302,0.00292781,0
5303,0.00399213,0
5304,0.00117935,0
5305,0.00080545,0
5306,0.00191787,0
5307,0.00451742,0
5308,0.00066801,0
5309,0.00289338,0
5310,0.00090686,0
5311,0.00213522,0
5312,0.00324821,0
5313,0.00181047,0
5314,0.00146523,0
5315,0.00089777,0
5316,0.00736916,0
5317,0.00179468,0
5318,0.00268636,0
5319,0.00071260,0
5320,0.00516799,0
5321,0.00062885,0
5322,0.00140958,0
5323,0.00284364,0
5324,0.01269431,0
5325,0.00085333,0
5326,0.00194399,0
5327,0.00546281,0
5328,0.00116343,0
5329,0.00146005,0
5330,0.00837586,0
5331,0.00168757,0
5332,0.00103431,0
5333,0.00501526,0
5334,0.00389043,0
5335,0.00389880,0
5336,0.00099957,0
5337,0.00381933,0
5338,0.00151177,0
5339,0.01794591,0
5340,0.00231260,0
5341,0.00079429,0
5342,0.00161274,0
5343,0.00099704,0
5344,0.00180224,0
5345,0.00074532,0
5346,0.00299726,0
5347,0.00116383,0
5348,0.00398652,0
5349,0.00404763,0
5350,0.00122404,0
5351,0.00076340,0
5352,0.00098779,0
5353,0.00263927,0
5354,0.00062224,0
5355,0.00113740,0
5356,0.00251617,0
5357,0.00217715,0
5358,0.00110065,0
5359,0.01517345,0
5360,0.00080053,0
5361,0.00202235,0
5362,0.01333222,0
5363,0.00153305,0
5364,0.02623779,0
5365,0.00294499,0
5366,0.00394781,0
5367,0.00120819,0
5368,0.00077863,0
5369,0.00175596,0
5370,0.00406985,0
5371,0.00069619,0
5372,0.00289770,0
5373,0.00093716,0
5374,0.00215029,0
5375,0.00353942,0
5376,0.00181673,0
5377,0.00148907,0
5378,0.00085598,0
5379,0.00692571,0
5380,0.00175266,0
5381,0.00246407,0
5382,0.00070381,0
5383,0.00483673,0
5384,0.00063748,0
5385,0.00144257,0
5386,0.00285503,0
5387,0.01343135,0
5388,0.00081483,0
5389,0.00183501,0
5390,0.00539970,0
5391,0.00118524,0
5392,0.00145895,0
5393,0.00839832,0
5394,0.00168159,0
5395,0.00103122,0
5396,0.00475171,0
5397,0.00403907,0
5398,0.00387223,0
5399,0.00102108,0
5400,0.00397566,0
5401,0.00163266,0
5402,0.01721899,0
5403,0.00228016,0
5404,0.00082904,0
5405,0.00164998,0
5406,0.00097453,0
5407,0.00192042,0
5408,0.00071910,0
5409,0.00306601,0
5410,0.00106039,0
5411,0.00387252,0
5412,0.00403978,0
5413,0.00113718,0
5414,0.00076159,0
5415,0.00096514,0
5416,0.00321527,0
5417,0.00061272,0
5418,0.00121989,0
5419,0.00249330,0
5420,0.00212828,0
5421,0.00110537,0
5422,0.01356302,0
5423,0.00077111,0
5424,0.00190923,0
5425,0.01257739,0
5426,0.00145356,0
5427,0.02582636,0
5428,0.00288162,0
5429,0.00389981,0
5430,0.00110978,0
5431,0.00078260,0
5432,0.00173883,0
5433,0.00399629,0
5434,0.00068130,0
5435,0.00271175,0
5436,0.00090212,0
5437,0.00203791,0
5438,0.00327945,0
5439,0.00152078,0
5440,0.00142904,0
5441,0.00083264,0
5442,0.00647600,0
5443,0.00181373,0
5444,0.00251982,0
5445,0.00069868,0
5446,0.00482920,0
5447,0.00065043,0
5448,0.00146109,0
5449,0.00264870,0
5450,0.01328410,0
5451,0.00081357,0
5452,0.00178411,0
5453,0.00493721,0
5454,0.00119658,0
5455,0.00135581,0
5456,0.00832751,0
5457,0.00157483,0
5458,0.00106073,0
5459,0.00454568,0
5460,0.00396055,0
5461,0.00393202,0
5462,0.00098695,0
5463,0.00378371,0
5464,0.00146257,0
5465,0.01634309,0
5466,0.00215463,0
5467,0.00075951,0
5468,0.00155844,0
5469,0.00091288,0
5470,0.00182609,0
5471,0.00065791,0
5472,0.00302301,0
5473,0.00107917,0
5474,0.00401205,0
5475,0.00382543,0
5476,0.00106958,0
5477,0.00075226,0
5478,0.00093906,0
5479,0.00340264,0
5480,0.00049715,0
5481,0.00105609,0
5482,0.00212980,0
5483,0.00214853,0
5484,0.00102745,0
5485,0.01237714,0
5486,0.00081408,0
5487,0.00187107,0
5488,0.01261432,0
5489,0.00144478,0
5490,0.02538484,0
5491,0.00279053,0
5492,0.00386785,0
5493,0.00110153,0
5494,0.00076792,0
5495,0.00142941,0
5496,0.00394440,0
5497,0.00065848,0
5498,0.00257558,0
5499,0.00088556,0
5500,0.00196357,0
5501,0.00316430,0
5502,0.00140628,0
5503,0.00140106,0
5504,0.00085605,0
5505,0.00648332,0
5506,0.00172954,0
5507,0.00261405,0
5508,0.00063549,0
5509,0.00499954,0
5510,0.00062890,0
5511,0.00140143,0
5512,0.00261756,0
5513,0.01362090,0
5514,0.00086413,0
5515,0.00175336,0
5516,0.00503630,0
5517,0.00112623,0
5518,0.00137823,0
5519,0.00843993,0
5520,0.00159933,0
5521,0.00108680,0
5522,0.00452057,0
5523,0.00423486,0
5524,0.00365752,0
5525,0.00096749,0
5526,0.00376278,0
5527,0.00155238,0
5528,0.01811972,0
5529,0.00216325,0
5530,0.00078781,0
5531,0.00150860,0
5532,0.00091183,0
5533,0.00184524,0
5534,0.00071155,0
5535,0.00301394,0
5536,0.00107349,0
5537,0.00394819,0
5538,0.00377874,0
5539,0.00109567,0
5540,0.00078974,0
5541,0.00092867,0
5542,0.00300369,0
5543,0.00052571,0
5544,0.00107760,0
5545,0.00231068,0
5546,0.00212716,0
5547,0.00109012,0
5548,0.01306976,0
5549,0.00080802,0
5550,0.00201732,0
5551,0.01220308,0
5552,0.00136365,0
5553,0.02502468,0
5554,0.00282555,0
5555,0.00386713,0
5556,0.00102976,0
5557,0.00081375,0
5558,0.00137620,0
5559,0.00459934,0
5560,0.00072230,0
5561,0.00305083,0
5562,0.00091406,0
5563,0.00202658,0
5564,0.00329406,0
5565,0.00153900,0
5566,0.00150941,0
5567,0.00088709,0
5568,0.00698709,0
5569,0.00177542,0
5570,0.00275384,0
5571,0.00061508,0
5572,0.00515869,0
5573,0.00066040,0
5574,0.00140268,0
5575,0.00269773,0
5576,0.01415331,0
5577,0.00089398,0
5578,0.00178679,0
5579,0.00482289,0
5580,0.00111806,0
5581,0.00146461,0
5582,0.00917978,0
5583,0.00159719,0
5584,0.00101188,0
5585,0.00471720,0
5586,0.00410680,0
5587,0.00380274,0
5588,0.00101666,0
5589,0.00391391,0
5590,0.00154107,0
5591,0.01757867,0
5592,0.00215864,0
5593,0.00081645,0
5594,0.00153600,0
5595,0.00092449,0
5596,0.00180016,0
5597,0.00072626,0
5598,0.00319450,0
5599,0.00101390,0
5600,0.00398318,0
5601,0.00384733,0
5602,0.00117227,0
5603,0.00076355,0
5604,0.00094381,0
5605,0.00295528,0
5606,0.00056042,0
5607,0.00111623,0
5608,0.00249827,0
5609,0.00215384,0
5610,0.00112039,0
5611,0.01272614,0
5612,0.00075875,0
5613,0.00206132,0
5614,0.01257580,0
5615,0.00154157,0
5616,0.02456265,0
5617,0.00297983,0
5618,0.00395572,0
5619,0.00119790,0
5620,0.00083160,0
5621,0.00158298,0
5622,0.00452071,0
5623,0.00070107,0
5624,0.00303714,0
5625,0.00099816,0
5626,0.00220614,0
5627,0.00352039,0
5628,0.00162503,0
5629,0.00153147,0
5630,0.00092049,0
5631,0.00680140,0
5632,0.00185569,0
5633,0.00269934,0
5634,0.00060887,0
5635,0.00514422,0
5636,0.00065778,0
5637,0.00149324,0
5638,0.00310847,0
5639,0.01370764,0
5640,0.00089750,0
5641,0.00177821,0
5642,0.00484918,0
5643,0.00112954,0
5644,0.00141758,0
5645,0.00954530,0
5646,0.00171387,0
5647,0.00106636,0
5648,0.00498479,0
5649,0.00425259,0
5650,0.00395115,0
5651,0.00101978,0
5652,0.00398439,0
5653,0.00152671,0
5654,0.01845421,0
5655,0.00211944,0
5656,0.00076183,0
5657,0.00144714,0
5658,0.00094477,0
5659,0.00184510,0
5660,0.00076729,0
5661,0.00315847,0
5662,0.00104768,0
5663,0.00381130,0
5664,0.00383198,0
5665,0.00110811,0
5666,0.00071978,0
5667,0.00091122,0
5668,0.00274874,0
5669,0.00057162,0
5670,0.00115860,0
5671,0.00238314,0
5672,0.00221096,0
5673,0.00110272,0
5674,0.01373340,0
5675,0.00078156,0
5676,0.00197013,0
5677,0.01267603,0
5678,0.00157098,0
5679,0.02541276,0
5680,0.00280049,0
5681,0.00382482,0
5682,0.00109446,0
5683,0.00075839,0
5684,0.00166170,0
5685,0.00438057,0
5686,0.00068662,0
5687,0.00295636,0
5688,0.00096975,0
5689,0.00207508,0
5690,0.00346063,0
5691,0.00161388,0
5692,0.00151026,0
5693,0.00081366,0
5694,0.00676584,0
5695,0.00176494,0
5696,0.00239469,0
5697,0.00065564,0
5698,0.00475948,0
5699,0.00064676,0
5700,0.00145948,0
5701,0.00330189,0
5702,0.01521613,0
5703,0.00086973,0
5704,0.00179157,0
5705,0.00483873,0
5706,0.00114555,0
5707,0.00141290,0
5708,0.01118274,0
5709,0.00166048,0
5710,0.00107649,0
5711,0.00462116,0
5712,0.00407932,0
5713,0.00391964,0
5714,0.00095296,0
5715,0.00364429,0
5716,0.00147357,0
5717,0.01890511,0
5718,0.00213512,0
5719,0.00079211,0
5720,0.00164992,0
5721,0.00090458,0
5722,0.00181449,0
5723,0.00071166,0
5724,0.00300052,0
5725,0.00101610,0
5726,0.00388286,0
5727,0.00393612,0
5728,0.00109897,0
5729,0.00078128,0
5730,0.00094264,0
5731,0.00264976,0
5732,0.00057962,0
5733,0.00105099,0
5734,0.00214264,0
5735,0.00210704,0
5736,0.00107386,0
5737,0.01390440,0
5738,0.00074124,0
5739,0.00192748,0
5740,0.01232310,0
5741,0.00141325,0
5742,0.02441074,0
5743,0.00284306,0
5744,0.00389683,0
5745,0.00108907,0
5746,0.00076968,0
5747,0.00159049,0
5748,0.00436683,0
5749,0.00068544,0
5750,0.00307918,0
5751,0.00090023,0
5752,0.00200473,0
5753,0.00327740,0
5754,0.00164652,0
5755,0.00147044,0
5756,0.00081670,0
5757,0.00707876,0
5758,0.00173029,0
5759,0.00230366,0
5760,0.00065478,0
5761,0.00466002,0
5762,0.00064164,0
5763,0.00147333,0
5764,0.00277690,0
5765,0.01422726,0
5766,0.00084327,0
5767,0.00186073,0
5768,0.00482292,0
5769,0.00112202,0
5770,0.00143513,0
5771,0.00896740,0
5772,0.00168796,0
5773,0.00097729,0
5774,0.00477623,0
5775,0.00398060,0
5776,0.00384174,0
5777,0.00096357,0
5778,0.00369743,0
5779,0.00163621,0
5780,0.01869757,0
5781,0.00219223,0
5782,0.00079585,0
5783,0.00163491,0
5784,0.00092876,0
5785,0.00180630,0
5786,0.00072581,0
5787,0.00302850,0
5788,0.00091059,0
5789,0.00400356,0
5790,0.00392313,0
5791,0.00105402,0
5792,0.00076912,0
5793,0.00093507,0
5794,0.00326417,0
5795,0.00056380,0
5796,0.00115487,0
5797,0.00240122,0
5798,0.00216705,0
5799,0.00114418,0
5800,0.01540749,0
5801,0.00077840,0
5802,0.00214295,0
5803,0.01189373,0
5804,0.00138390,0
5805,0.02399600,0
5806,0.00280801,0
5807,0.00400396,0
5808,0.00113382,0
5809,0.00079337,0
5810,0.00153600,0
5811,0.00459852,0
5812,0.00073048,0
5813,0.00300062,0
5814,0.00094271,0
5815,0.00204129,0
5816,0.00339994,0
5817,0.00164647,0
5818,0.00149616,0
5819,0.00086605,0
5820,0.00709978,0
5821,0.00171591,0
5822,0.00249709,0
5823,0.00061302,0
5824,0.00484395,0
5825,0.00069712,0
5826,0.00137024,0
5827,0.00254951,0
5828,0.01466347,0
5829,0.00083799,0
5830,0.00187650,0
5831,0.00511638,0
5832,0.00110790,0
5833,0.00146622,0
5834,0.00813259,0
5835,0.00162173,0
5836,0.00095262,0
5837,0.00460854,0
5838,0.00398577,0
5839,0.00384948,0
5840,0.00102400,0
5841,0.00388265,0
5842,0.00146981,0
5843,0.01691346,0
5844,0.00215273,0
5845,0.00079605,0
5846,0.00155471,0
5847,0.00099597,0
5848,0.00185822,0
5849,0.00076718,0
5850,0.00290983,0
5851,0.00098472,0
5852,0.00434713,0
5853,0.00373081,0
5854,0.00109104,0
5855,0.00076401,0
5856,0.00090311,0
5857,0.00310460,0
5858,0.00054575,0
5859,0.00115655,0
5860,0.00220035,0
5861,0.00219282,0
5862,0.00114093,0
5863,0.01454389,0
5864,0.00079723,0
5865,0.00214288,0
5866,0.01186955,0
5867,0.00140391,0
5868,0.02513974,0
5869,0.00285178,0
5870,0.00383247,0
5871,0.00108373,0
5872,0.00077414,0
5873,0.00164848,0
5874,0.00444915,0
5875,0.00071508,0
5876,0.00305648,0
5877,0.00093296,0
5878,0.00211613,0
5879,0.00349876,0
5880,0.00167265,0
5881,0.00152958,0
5882,0.00084942,0
5883,0.00731218,0
5884,0.00171528,0
5885,0.00235948,0
5886,0.00057444,0
5887,0.00522928,0
5888,0.00068539,0
5889,0.00139388,0
5890,0.00251933,0
5891,0.01406047,0
5892,0.00086230,0
5893,0.00172525,0
5894,0.00520119,0
5895,0.00108055,0
5896,0.00144118,0
5897,0.01114090,0
5898,0.00164338,0
5899,0.00100845,0
5900,0.00503821,0
5901,0.00401746,0
5902,0.00394582,0
5903,0.00099657,0
5904,0.00372128,0
5905,0.00149817,0
5906,0.01854460,0
5907,0.00209223,0
5908,0.00078038,0
5909,0.00154076,0
5910,0.00096248,0
5911,0.00178595,0
5912,0.00078822,0
5913,0.00286571,0
5914,0.00096617,0
5915,0.00403935,0
5916,0.00370092,0
5917,0.00111059,0
5918,0.00075407,0
5919,0.00094140,0
5920,0.00274752,0
5921,0.00055004,0
5922,0.00120582,0
5923,0.00223929,0
5924,0.00218989,0
5925,0.00113117,0
5926,0.01399173,0
5927,0.00080634,0
5928,0.00212517,0
5929,0.01267365,0
5930,0.00144652,0
5931,0.02442984,0
5932,0.00282204,0
5933,0.00392852,0
5934,0.00116862,0
5935,0.00083129,0
5936,0.00146937,0
5937,0.00425896,0
5938,0.00073379,0
5939,0.00293219,0
5940,0.00094071,0
5941,0.00214570,0
5942,0.00333426,0
5943,0.00170359,0
5944,0.00151041,0
5945,0.00083208,0
5946,0.00701279,0
5947,0.00181421,0
5948,0.00259984,0
5949,0.00066315,0
5950,0.00522049,0
5951,0.00068454,0
5952,0.00141392,0
5953,0.00279228,0
5954,0.01436858,0
5955,0.00088751,0
5956,0.00183110,0
5957,0.00526402,0
5958,0.00117507,0
5959,0.00136597,0
5960,0.00906860,0
5961,0.00158529,0
5962,0.00094386,0
5963,0.00497252,0
5964,0.00387911,0
5965,0.00367656,0
5966,0.00096222,0
5967,0.00367921,0
5968,0.00147414,0
5969,0.01732235,0
5970,0.00218765,0
5971,0.00077528,0
5972,0.00155412,0
5973,0.00092051,0
5974,0.00171416,0
5975,0.00077262,0
5976,0.00288228,0
5977,0.00099022,0
5978,0.00399915,0
5979,0.00387766,0
5980,0.00113141,0
5981,0.00076669,0
5982,0.00091715,0
5983,0.00281756,0
5984,0.00058553,0
5985,0.00117058,0
5986,0.00202240,0
5987,0.00212161,0
5988,0.00109101,0
5989,0.01435544,0
5990,0.00078442,0
5991,0.00200244,0
5992,0.01286698,0
5993,0.00127712,0
5994,0.02458525,0
5995,0.00273815,0
5996,0.00381769,0
5997,0.00109863,0
5998,0.00079750,0
5999,0.00148314,0
6000,0.00412590,0
6001,0.00070874,0
6002,0.00283802,0
6003,0.00094233,0
6004,0.00203674,0
6005,0.00336377,0
6006,0.00154776,0
6007,0.00146127,0
6008,0.00082559,0
6009,0.00683741,0
6010,0.00166042,0
6011,0.00243485,0
6012,0.00059982,0
6013,0.00505130,0
6014,0.00066284,0
6015,0.00131648,0
6016,0.00401454,0
6017,0.01469413,0
6018,0.00086372,0
6019,0.00171917,0
6020,0.00506705,0
6021,0.00112934,0
6022,0.00141359,0
6023,0.00863956,0
6024,0.00167855,0
6025,0.00097181,0
6026,0.00544762,0
6027,0.00401566,0
6028,0.00383742,0
6029,0.00090117,0
6030,0.00355210,0
6031,0.00150644,0
6032,0.01837596,0
6033,0.00222806,0
6034,0.00076581,0
6035,0.00153029,0
6036,0.00097172,0
6037,0.00186395,0
6038,0.00073242,0
6039,0.00311954,0
6040,0.00098245,0
6041,0.00418047,0
6042,0.00377285,0
6043,0.00109644,0
6044,0.00073824,0
6045,0.00088930,0
6046,0.00295165,0
6047,0.00054773,0
6048,0.00118141,0
6049,0.00203931,0
6050,0.00209901,0
6051,0.00098638,0
6052,0.01509289,0
6053,0.00074161,0
6054,0.00214530,0
6055,0.01280255,0
6056,0.00144324,0
6057,0.02435312,0
6058,0.00285065,0
6059,0.00392002,0
6060,0.00112815,0
6061,0.00077254,0
6062,0.00156018,0
6063,0.00428085,0
6064,0.00073905,0
6065,0.00284013,0
6066,0.00095570,0
6067,0.00209982,0
6068,0.00315744,0
6069,0.00176469,0
6070,0.00151699,0
6071,0.00089044,0
6072,0.00728726,0
6073,0.00176543,0
6074,0.00248320,0
6075,0.00058675,0
6076,0.00511861,0
6077,0.00067188,0
6078,0.00134811,0
6079,0.00319357,0
6080,0.01419187,0
6081,0.00085493,0
6082,0.00161611,0
6083,0.00511909,0
6084,0.00113125,0
6085,0.00154325,0
6086,0.00824549,0
6087,0.00168921,0
6088,0.00100810,0
6089,0.00498439,0
6090,0.00409281,0
6091,0.00391343,0
6092,0.00097974,0
6093,0.00385683,0
6094,0.00158225,0
6095,0.01648708,0
6096,0.00212808,0
6097,0.00080131,0
6098,0.00151807,0
6099,0.00096982,0
6100,0.00179192,0
6101,0.00074110,0
6102,0.00309908,0
6103,0.00103241,0
6104,0.00400110,0
6105,0.00379529,0
6106,0.00107447,0
6107,0.00075933,0
6108,0.00091113,0
6109,0.00269978,0
6110,0.00054878,0
6111,0.00116165,0
6112,0.00229482,0
6113,0.00217068,0
6114,0.00110531,0
6115,0.01443107,0
6116,0.00080208,0
6117,0.00211580,0
6118,0.01225504,0
6119,0.00150330,0
6120,0.02398171,0
6121,0.00288181,0
6122,0.00402116,0
6123,0.00108322,0
6124,0.00078148,0
6125,0.00156169,0
6126,0.00415396,0
6127,0.00072786,0
6128,0.00283981,0
6129,0.00102225,0
6130,0.00221863,0
6131,0.00334047,0
6132,0.00178956,0
6133,0.00151100,0
6134,0.00090221,0
6135,0.00738538,0
6136,0.00196438,0
6137,0.00249711,0
6138,0.00061989,0
6139,0.00522091,0
6140,0.00068475,0
6141,0.00141152,0
6142,0.00346131,0
6143,0.01437333,0
6144,0.00084659,0
6145,0.00158127,0
6146,0.00497487,0
6147,0.00115860,0
6148,0.00149802,0
6149,0.00836754,0
6150,0.00169661,0
6151,0.00107771,0
6152,0.00517574,0
6153,0.00395027,0
6154,0.00403223,0
6155,0.00106235,0
6156,0.00355419,0
6157,0.00158671,0
6158,0.01656115,0
6159,0.00217003,0
6160,0.00078896,0
6161,0.00152401,0
6162,0.00100691,0
6163,0.00199430,0
6164,0.00075825,0
6165,0.00308315,0
6166,0.00110018,0
6167,0.00389148,0
6168,0.00388221,0
6169,0.00109527,0
6170,0.00079667,0
6171,0.00091279,0
6172,0.00247128,0
6173,0.00052116,0
6174,0.00120742,0
6175,0.00217319,0
6176,0.00213504,0
6177,0.00104003,0
6178,0.01384244,0
6179,0.00076225,0
6180,0.00211250,0
6181,0.01266693,0
6182,0.00143781,0
6183,0.02338086,0
6184,0.00287865,0
6185,0.00386748,0
6186,0.00110262,0
6187,0.00080225,0
6188,0.00156161,0
6189,0.00427439,0
6190,0.00072726,0
6191,0.00267434,0
6192,0.00100979,0
6193,0.00204469,0
6194,0.00336992,0
6195,0.00168949,0
6196,0.00145458,0
6197,0.00086138,0
6198,0.00734680,0
6199,0.00173360,0
6200,0.00241186,0
6201,0.00061780,0
6202,0.00513754,0
6203,0.00066287,0
6204,0.00133571,0
6205,0.00304655,0
6206,0.01443534,0
6207,0.00084488,0
6208,0.00169637,0
6209,0.00455683,0
6210,0.00111121,0
6211,0.00144096,0
6212,0.00924183,0
6213,0.00165071,0
6214,0.00102905,0
6215,0.00507571,0
6216,0.00377091,0
6217,0.00413610,0
6218,0.00100593,0
6219,0.00357575,0
6220,0.00143172,0
6221,0.01663700,0
6222,0.00206156,0
6223,0.00076362,0
6224,0.00149360,0
6225,0.00099576,0
6226,0.00182591,0
6227,0.00081660,0
6228,0.00297773,0
6229,0.00104348,0
6230,0.00411935,0
6231,0.00364129,0
6232,0.00113499,0
6233,0.00073058,0
6234,0.00100648,0
6235,0.00233592,0
6236,0.00045424,0
6237,0.00113716,0
6238,0.00219024,0
6239,0.00210941,0
6240,0.00104903,0
6241,0.01358946,0
6242,0.00079456,0
6243,0.00205315,0
6244,0.01252187,0
6245,0.00141675,0
6246,0.02421781,0
6247,0.00291829,0
6248,0.00385299,0
6249,0.00116039,0
6250,0.00081618,0
6251,0.00160152,0
6252,0.00387622,0
6253,0.00071209,0
6254,0.00271584,0
6255,0.00098100,0
6256,0.00204136,0
6257,0.00316899,0
6258,0.00156926,0
6259,0.00141327,0
6260,0.00084332,0
6261,0.00679756,0
6262,0.00182443,0
6263,0.00236848,0
6264,0.00063864,0
6265,0.00537305,0
6266,0.00062569,0
6267,0.00129231,0
6268,0.00300026,0
6269,0.01280131,0
6270,0.00087975,0
6271,0.00163247,0
6272,0.00501044,0
6273,0.00109540,0
6274,0.00142270,0
6275,0.00900185,0
6276,0.00151228,0
6277,0.00105168,0
6278,0.00521012,0
6279,0.00389966,0
6280,0.00411752,0
6281,0.00091253,0
6282,0.00351577,0
6283,0.00151359,0
6284,0.01933690,0
6285,0.00203915,0
6286,0.00077086,0
6287,0.00140671,0
6288,0.00099090,0
6289,0.00169641,0
6290,0.00079038,0
6291,0.00306913,0
6292,0.00104088,0
6293,0.00419850,0
6294,0.00392564,0
6295,0.00115108,0
6296,0.00072220,0
6297,0.00099965,0
6298,0.00359752,0
6299,0.00054026,0
6300,0.00115834,0
6301,0.00215856,0
6302,0.00211405,0
6303,0.00112242,0
6304,0.01389547,0
6305,0.00078330,0
6306,0.00218245,0
6307,0.01261811,0
6308,0.00147689,0
6309,0.02603637,0
6310,0.00284664,0
6311,0.00380663,0
6312,0.00122148,0
6313,0.00080211,0
6314,0.00174320,0
6315,0.00426320,0
6316,0.00072243,0
6317,0.00297984,0
6318,0.00099193,0
6319,0.00196270,0
6320,0.00327389,0
6321,0.00165571,0
6322,0.00145359,0
6323,0.00090500,0
6324,0.00728603,0
6325,0.00183317,0
6326,0.00240083,0
6327,0.00064451,0
6328,0.00528112,0
6329,0.00063124,0
6330,0.00134036,0
6331,0.00291084,0
6332,0.01450629,0
6333,0.00085835,0
6334,0.00158002,0
6335,0.00499885,0
6336,0.00110056,0
6337,0.00141946,0
6338,0.00914271,0
6339,0.00153951,0
6340,0.00104028,0
6341,0.00476575,0
6342,0.00402615,0
6343,0.00427044,0
6344,0.00091670,0
6345,0.00366669,0
6346,0.00145977,0
6347,0.01869503,0
6348,0.00207615,0
6349,0.00076180,0
6350,0.00143125,0
6351,0.00093868,0
6352,0.00164732,0
6353,0.00079335,0
6354,0.00298125,0
6355,0.00106861,0
6356,0.00380741,0
6357,0.00372343,0
6358,0.00107542,0
6359,0.00073184,0
6360,0.00094541,0
6361,0.00276117,0
6362,0.00052211,0
6363,0.00113548,0
6364,0.00223171,0
6365,0.00217044,0
6366,0.00107106,0
6367,0.01352434,0
6368,0.00074454,0
6369,0.00212740,0
6370,0.01288887,0
6371,0.00159391,0
6372,0.02569473,0
6373,0.00294012,0
6374,0.00377095,0
6375,0.00124549,0
6376,0.00071324,0
6377,0.00163961,0
6378,0.00442082,0
6379,0.00070895,0
6380,0.00279274,0
6381,0.00092104,0
6382,0.00203604,0
6383,0.00325809,0
6384,0.00174816,0
6385,0.00149146,0
6386,0.00092190,0
6387,0.00709776,0
6388,0.00193916,0
6389,0.00243098,0
6390,0.00064552,0
6391,0.00496994,0
6392,0.00062104,0
6393,0.00136641,0
6394,0.00350862,0
6395,0.01422148,0
6396,0.00084743,0
6397,0.00160644,0
6398,0.00505223,0
6399,0.00109792,0
6400,0.00142059,0
6401,0.00939530,0
6402,0.00187459,0
6403,0.00107699,0
6404,0.00454417,0
6405,0.00400238,0
6406,0.00418632,0
6407,0.00091028,0
6408,0.00359359,0
6409,0.00142338,0
6410,0.01803611,0
6411,0.00217723,0
6412,0.00075564,0
6413,0.00150182,0
6414,0.00097805,0
6415,0.00169252,0
6416,0.00076939,0
6417,0.00285391,0
6418,0.00104958,0
6419,0.00372080,0
6420,0.00385419,0
6421,0.00109691,0
6422,0.00075230,0
6423,0.00099318,0
6424,0.00311844,0
6425,0.00056733,0
6426,0.00114283,0
6427,0.00241423,0
6428,0.00220942,0
6429,0.00107104,0
6430,0.01334688,0
6431,0.00073158,0
6432,0.00197949,0
6433,0.01260307,0
6434,0.00154490,0
6435,0.02620904,0
6436,0.00292264,0
6437,0.00406569,0
6438,0.00130375,0
6439,0.00077987,0
6440,0.00163929,0
6441,0.00445822,0
6442,0.00068569,0
6443,0.00273786,0
6444,0.00097458,0
6445,0.00218408,0
6446,0.00332723,0
6447,0.00204870,0
6448,0.00157333,0
6449,0.00086261,0
6450,0.00658005,0
6451,0.00196096,0
6452,0.00253376,0
6453,0.00068535,0
6454,0.00530352,0
6455,0.00064198,0
6456,0.00147455,0
6457,0.00396206,0
6458,0.01554073,0
6459,0.00090503,0
6460,0.00179590,0
6461,0.00545934,0
6462,0.00112102,0
6463,0.00144905,0
6464,0.00855323,0
6465,0.00173393,0
6466,0.00112481,0
6467,0.00514969,0
6468,0.00373315,0
6469,0.00400461,0
6470,0.00099607,0
6471,0.00345407,0
6472,0.00134257,0
6473,0.01751686,0
6474,0.00224266,0
6475,0.00077835,0
6476,0.00144373,0
6477,0.00096450,0
6478,0.00170814,0
6479,0.00082431,0
6480,0.00285038,0
6481,0.00097419,0
6482,0.00370244,0
6483,0.00388088,0
6484,0.00107977,0
6485,0.00074919,0
6486,0.00091961,0
6487,0.00288159,0
6488,0.00046585,0
6489,0.00108671,0
6490,0.00213304,0
6491,0.00207028,0
6492,0.00101823,0
6493,0.01272118,0
6494,0.00074184,0
6495,0.00202737,0
6496,0.01248935,0
6497,0.00142896,0
6498,0.02444239,0
6499,0.00298407,0
6500,0.00398274,0
6501,0.00115433,0
6502,0.00076217,0
6503,0.00158182,0
6504,0.00450930,0
6505,0.00068895,0
6506,0.00275907,0
6507,0.00094091,0
6508,0.00201845,0
6509,0.00316945,0
6510,0.00158605,0
6511,0.00135585,0
6512,0.00079993,0
6513,0.00682197,0
6514,0.00175192,0
6515,0.00240388,0
6516,0.00062112,0
6517,0.00470686,0
6518,0.00062002,0
6519,0.00141302,0
6520,0.00304691,0
6521,0.01581800,0
6522,0.00083603,0
6523,0.00169812,0
6524,0.00540346,0
6525,0.00107799,0
6526,0.00136563,0
6527,0.00986041,0
6528,0.00150623,0
6529,0.00100293,0
6530,0.00472975,0
6531,0.00359652,0
6532,0.00407334,0
6533,0.00088179,0
6534,0.00333385,0
6535,0.00142407,0
6536,0.01999099,0
6537,0.00209150,0
6538,0.00076120,0
6539,0.00149917,0
6540,0.00092186,0
6541,0.00173679,0
6542,0.00092865,0
6543,0.00288427,0
6544,0.00099795,0
6545,0.00385412,0
6546,0.00399292,0
6547,0.00110502,0
6548,0.00071884,0
6549,0.00092544,0
6550,0.00286819,0
6551,0.00047032,0
6552,0.00111751,0
6553,0.00227307,0
6554,0.00214989,0
6555,0.00107555,0
6556,0.01250498,0
6557,0.00079091,0
6558,0.00201284,0
6559,0.01199739,0
6560,0.00137195,0
6561,0.02478036,0
6562,0.00284571,0
6563,0.00404437,0
6564,0.00119242,0
6565,0.00076305,0
6566,0.00186695,0
6567,0.00469892,0
6568,0.00073508,0
6569,0.00291235,0
6570,0.00099738,0
6571,0.00200235,0
6572,0.00331414,0
6573,0.00169197,0
6574,0.00143734,0
6575,0.00083851,0
6576,0.00691073,0
6577,0.00168487,0
6578,0.00230986,0
6579,0.00062590,0
6580,0.00467137,0
6581,0.00062280,0
6582,0.00138367,0
6583,0.00268337,0
6584,0.01482679,0
6585,0.00086449,0
6586,0.00163166,0
6587,0.00539234,0
6588,0.00109379,0
6589,0.00139208,0
6590,0.00797871,0
6591,0.00161254,0
6592,0.00096893,0
6593,0.00475195,0
6594,0.00369702,0
6595,0.00386208,0
6596,0.00093352,0
6597,0.00335300,0
6598,0.00140509,0
6599,0.01710712,0
6600,0.00207177,0
6601,0.00073583,0
6602,0.00133076,0
6603,0.00090156,0
6604,0.00165631,0
6605,0.00073224,0
6606,0.00303389,0
6607,0.00099058,0
6608,0.00372320,0
6609,0.00396310,0
6610,0.00114657,0
6611,0.00072660,0
6612,0.00096686,0
6613,0.00227671,0
6614,0.00054070,0
6615,0.00119196,0
6616,0.00210503,0
6617,0.00201499,0
6618,0.00110151,0
6619,0.01357221,0
6620,0.00076866,0
6621,0.00213269,0
6622,0.01200602,0
6623,0.00144685,0
6624,0.02539315,0
6625,0.00286016,0
6626,0.00403539,0
6627,0.00116687,0
6628,0.00075736,0
6629,0.00169781,0
6630,0.00471573,0
6631,0.00070991,0
6632,0.00296980,0
6633,0.00096356,0
6634,0.00208467,0
6635,0.00323672,0
6636,0.00181173,0
6637,0.00146739,0
6638,0.00086221,0
6639,0.00716259,0
6640,0.00168036,0
6641,0.00234169,0
6642,0.00065800,0
6643,0.00478520,0
6644,0.00063492,0
6645,0.00131488,0
6646,0.00246650,0
6647,0.01433828,0
6648,0.00082561,0
6649,0.00161523,0
6650,0.00511095,0
6651,0.00108942,0
6652,0.00123649,0
6653,0.00836608,0
6654,0.00150638,0
6655,0.00103877,0
6656,0.00478706,0
6657,0.00424596,0
6658,0.00376623,0
6659,0.00088705,0
6660,0.00324399,0
6661,0.00130816,0
6662,0.01738810,0
6663,0.00211450,0
6664,0.00076641,0
6665,0.00135605,0
6666,0.00084980,0
6667,0.00160472,0
6668,0.00075411,0
6669,0.00280678,0
6670,0.00100255,0
6671,0.00343876,0
6672,0.00385610,0
6673,0.00105996,0
6674,0.00070881,0
6675,0.00087113,0
6676,0.00275639,0
6677,0.00050838,0
6678,0.00120706,0
6679,0.00199106,0
6680,0.00212251,0
6681,0.00112680,0
6682,0.01289027,0
6683,0.00073969,0
6684,0.00205810,0
6685,0.01192117,0
6686,0.00133881,0
6687,0.02565402,0
6688,0.00281176,0
6689,0.00377011,0
6690,0.00113364,0
6691,0.00077902,0
6692,0.00165984,0
6693,0.00472993,0
6694,0.00070367,0
6695,0.00270304,0
6696,0.00091240,0
6697,0.00207904,0
6698,0.00325405,0
6699,0.00165192,0
6700,0.00137420,0
6701,0.00079820,0
6702,0.00687293,0
6703,0.00164488,0
6704,0.00231535,0
6705,0.00061451,0
6706,0.00466931,0
6707,0.00061473,0
6708,0.00139192,0
6709,0.00281567,0
6710,0.01391890,0
6711,0.00081115,0
6712,0.00157898,0
6713,0.00533413,0
6714,0.00110936,0
6715,0.00130899,0
6716,0.00856078,0
6717,0.00156441,0
6718,0.00104841,0
6719,0.00454766,0
6720,0.00380837,0
6721,0.00374823,0
6722,0.00092933,0
6723,0.00324700,0
6724,0.00128862,0
6725,0.01626753,0
6726,0.00199734,0
6727,0.00074809,0
6728,0.00141026,0
6729,0.00083465,0
6730,0.00146337,0
6731,0.00074278,0
6732,0.00286986,0
6733,0.00091368,0
6734,0.00350017,0
6735,0.00405868,0
6736,0.00105773,0
6737,0.00067670,0
6738,0.00086742,0
6739,0.00289951,0
6740,0.00049316,0
6741,0.00110293,0
6742,0.00194401,0
6743,0.00195810,0
6744,0.00106207,0
6745,0.01354194,0
6746,0.00077042,0
6747,0.00202825,0
6748,0.01134722,0
6749,0.00118696,0
6750,0.02564484,0
6751,0.00269005,0
6752,0.00392813,0
6753,0.00116816,0
6754,0.00078333,0
6755,0.00172045,0
6756,0.00471135,0
6757,0.00070610,0
6758,0.00281495,0
6759,0.00090905,0
6760,0.00213988,0
6761,0.00345465,0
6762,0.00168154,0
6763,0.00139904,0
6764,0.00079733,0
6765,0.00707421,0
6766,0.00158284,0
6767,0.00231828,0
6768,0.00059216,0
6769,0.00444237,0
6770,0.00061736,0
6771,0.00141120,0
6772,0.00289268,0
6773,0.01582964,0
6774,0.00081773,0
6775,0.00161482,0
6776,0.00566316,0
6777,0.00108834,0
6778,0.00131287,0
6779,0.00918107,0
6780,0.00161321,0
6781,0.00095890,0
6782,0.00474942,0
6783,0.00392775,0
6784,0.00383587,0
6785,0.00089263,0
6786,0.00309763,0
6787,0.00128482,0
6788,0.01630113,0
6789,0.00207792,0
6790,0.00074888,0
6791,0.00135914,0
6792,0.00085287,0
6793,0.00156759,0
6794,0.00080497,0
6795,0.00299769,0
6796,0.00094498,0
6797,0.00358795,0
6798,0.00384720,0
6799,0.00106537,0
6800,0.00070123,0
6801,0.00090381,0
6802,0.00223103,0
6803,0.00047969,0
6804,0.00118182,0
6805,0.00224149,0
6806,0.00202076,0
6807,0.00104162,0
6808,0.01324022,0
6809,0.00074735,0
6810,0.00202651,0
6811,0.01120688,0
6812,0.00126167,0
6813,0.02656205,0
6814,0.00266216,0
6815,0.00370906,0
6816,0.00115476,0
6817,0.00075833,0
6818,0.00175900,0
6819,0.00449429,0
6820,0.00070924,0
6821,0.00294558,0
6822,0.00098014,0
6823,0.00200293,0
6824,0.00329352,0
6825,0.00163739,0
6826,0.00141644,0
6827,0.00084560,0
6828,0.00705378,0
6829,0.00160132,0
6830,0.00228159,0
6831,0.00064126,0
6832,0.00439929,0
6833,0.00059967,0
6834,0.00138487,0
6835,0.00291225,0
6836,0.01435075,0
6837,0.00081230,0
6838,0.00173475,0
6839,0.00497387,0
6840,0.00109907,0
6841,0.00131264,0
6842,0.00870145,0
6843,0.00156363,0
6844,0.00092436,0
6845,0.00415332,0
6846,0.00377000,0
6847,0.00378719,0
6848,0.00092202,0
6849,0.00303348,0
6850,0.00137306,0
6851,0.01865322,0
6852,0.00205684,0
6853,0.00078828,0
6854,0.00137956,0
6855,0.00091386,0
6856,0.00168700,0
6857,0.00071097,0
6858,0.00288762,0
6859,0.00091189,0
6860,0.00358421,0
6861,0.00413751,0
6862,0.00112253,0
6863,0.00068839,0
6864,0.00089693,0
6865,0.00251791,0
6866,0.00051757,0
6867,0.00113030,0
6868,0.00237874,0
6869,0.00212948,0
6870,0.00113596,0
6871,0.01279481,0
6872,0.00074128,0
6873,0.00193479,0
6874,0.01191600,0
6875,0.00132809,0
6876,0.02644139,0
6877,0.00268267,0
6878,0.00390550,0
6879,0.00111691,0
6880,0.00079037,0
6881,0.00157589,0
6882,0.00486748,0
6883,0.00070446,0
6884,0.00291485,0
6885,0.00094377,0
6886,0.00205486,0
6887,0.00317165,0
6888,0.00160047,0
6889,0.00149138,0
6890,0.00081855,0
6891,0.00746593,0
6892,0.00171642,0
6893,0.00215446,0
6894,0.00063570,0
6895,0.00461287,0
6896,0.00060807,0
6897,0.00132753,0
6898,0.00335376,0
6899,0.01510793,0
6900,0.00081687,0
6901,0.00167377,0
6902,0.00516836,0
6903,0.00106402,0
6904,0.00130515,0
6905,0.00893770,0
6906,0.00158887,0
6907,0.00103694,0
6908,0.00416186,0
6909,0.00383545,0
6910,0.00374216,0
6911,0.00091557,0
6912,0.00314431,0
6913,0.00134852,0
6914,0.01783299,0
6915,0.00200490,0
6916,0.00076665,0
6917,0.00133612,0
6918,0.00085434,0
6919,0.00159423,0
6920,0.00070698,0
6921,0.00298676,0
6922,0.00099954,0
6923,0.00356957,0
6924,0.00392906,0
6925,0.00108246,0
6926,0.00067497,0
6927,0.00086524,0
6928,0.00227257,0
6929,0.00054349,0
6930,0.00117561,0
6931,0.00218500,0
6932,0.00205776,0
6933,0.00115326,0
6934,0.01179456,0
6935,0.00076701,0
6936,0.00199325,0
6937,0.01180729,0
6938,0.00130887,0
6939,0.02692565,0
6940,0.00269357,0
6941,0.00379878,0
6942,0.00117530,0
6943,0.00081231,0
6944,0.00183441,0
6945,0.00485777,0
6946,0.00072340,0
6947,0.00286388,0
6948,0.00104099,0
6949,0.00206768,0
6950,0.00327607,0
6951,0.00161300,0
6952,0.00130964,0
6953,0.00080378,0
6954,0.00740656,0
6955,0.00176386,0
6956,0.00226323,0
6957,0.00063719,0
6958,0.00446471,0
6959,0.00064275,0
6960,0.00126253,0
6961,0.00267323,0
6962,0.01308703,0
6963,0.00082735,0
6964,0.00161592,0
6965,0.00479858,0
6966,0.00110343,0
6967,0.00133539,0
6968,0.00884731,0
6969,0.00156020,0
6970,0.00099478,0
6971,0.00399550,0
6972,0.00383947,0
6973,0.00363671,0
6974,0.00090196,0
6975,0.00309281,0
6976,0.00132467,0
6977,0.01666949,0
6978,0.00207251,0
6979,0.00073570,0
6980,0.00139844,0
6981,0.00085716,0
6982,0.00154848,0
6983,0.00069157,0
6984,0.00303974,0
6985,0.00093590,0
6986,0.00353139,0
6987,0.00392785,0
6988,0.00108412,0
6989,0.00068894,0
6990,0.00088112,0
6991,0.00255233,0
6992,0.00046312,0
6993,0.00114650,0
6994,0.00217806,0
6995,0.00206574,0
6996,0.00113926,0
6997,0.01278163,0
6998,0.00076616,0
6999,0.00215360,0
7000,0.01140597,0
7001,0.00127428,0
7002,0.02640771,0
7003,0.00261796,0
7004,0.00372349,0
7005,0.00117040,0
7006,0.00074157,0
7007,0.00174557,0
7008,0.00464668,0
7009,0.00066933,0
7010,0.00285655,0
7011,0.00098720,0
7012,0.00207403,0
7013,0.00334912,0
7014,0.00154251,0
7015,0.00135478,0
7016,0.00078757,0
7017,0.00709361,0
7018,0.00151969,0
7019,0.00217818,0
7020,0.00057437,0
7021,0.00453959,0
7022,0.00055420,0
7023,0.00125667,0
7024,0.00281357,0
7025,0.01301113,0
7026,0.00081778,0
7027,0.00157608,0
7028,0.00499598,0
7029,0.00111280,0
7030,0.00131018,0
7031,0.00912221,0
7032,0.00159395,0
7033,0.00088454,0
7034,0.00402209,0
7035,0.00376053,0
7036,0.00352222,0
7037,0.00085843,0
7038,0.00303150,0
7039,0.00128251,0
7040,0.01885741,0
7041,0.00197713,0
7042,0.00074684,0
7043,0.00138216,0
7044,0.00080794,0
7045,0.00156379,0
7046,0.00070093,0
7047,0.00308055,0
7048,0.00100795,0
7049,0.00354430,0
7050,0.00384483,0
7051,0.00099332,0
7052,0.00069069,0
7053,0.00093891,0
7054,0.00257017,0
7055,0.00052869,0
7056,0.00116812,0
7057,0.00240414,0
7058,0.00210351,0
7059,0.00119580,0
7060,0.01196590,0
7061,0.00076566,0
7062,0.00208005,0
7063,0.01136304,0
7064,0.00125414,0
7065,0.02660936,0
7066,0.00261378,0
7067,0.00386969,0
7068,0.00120042,0
7069,0.00073516,0
7070,0.00169819,0
7071,0.00479292,0
7072,0.00067512,0
7073,0.00289711,0
7074,0.00104177,0
7075,0.00195432,0
7076,0.00342510,0
7077,0.00157869,0
7078,0.00137350,0
7079,0.00084655,0
7080,0.00706793,0
7081,0.00155982,0
7082,0.00223394,0
7083,0.00062266,0
7084,0.00471234,0
7085,0.00061592,0
7086,0.00127478,0
7087,0.00282086,0
7088,0.01355625,0
7089,0.00082485,0
7090,0.00147189,0
7091,0.00532613,0
7092,0.00113646,0
7093,0.00127882,0
7094,0.00998578,0
7095,0.00147466,0
7096,0.00089491,0
7097,0.00360394,0
7098,0.00368717,0
7099,0.00371759,0
7100,0.00088661,0
7101,0.00308129,0
7102,0.00128390,0
7103,0.01775587,0
7104,0.00207839,0
7105,0.00077054,0
7106,0.00134994,0
7107,0.00088618,0
7108,0.00152414,0
7109,0.00068339,0
7110,0.00292843,0
7111,0.00104353,0
7112,0.00337094,0
7113,0.00392393,0
7114,0.00101007,0
7115,0.00068038,0
7116,0.00089753,0
7117,0.00243765,0
7118,0.00052616,0
7119,0.00118176,0
7120,0.00243989,0
7121,0.00202742,0
7122,0.00112073,0
7123,0.01320684,0
7124,0.00072792,0
7125,0.00200127,0
7126,0.01162588,0
7127,0.00139191,0
7128,0.02497814,0
7129,0.00266743,0
7130,0.00367589,0
7131,0.00118146,0
7132,0.00073078,0
7133,0.00156216,0
7134,0.00515031,0
7135,0.00067589,0
7136,0.00280785,0
7137,0.00095426,0
7138,0.00203269,0
7139,0.00321146,0
7140,0.00153498,0
7141,0.00135468,0
7142,0.00081002,0
7143,0.00660848,0
7144,0.00160726,0
7145,0.00209133,0
7146,0.00060050,0
7147,0.00425732,0
7148,0.00060734,0
7149,0.00123402,0
7150,0.00287538,0
7151,0.01239448,0
7152,0.00080694,0
7153,0.00151970,0
7154,0.00476424,0
7155,0.00106567,0
7156,0.00124613,0
7157,0.00954752,0
7158,0.00161407,0
7159,0.00095005,0
7160,0.00370281,0
7161,0.00386526,0
7162,0.00346885,0
7163,0.00089321,0
7164,0.00315058,0
7165,0.00134257,0
7166,0.01666470,0
7167,0.00201831,0
7168,0.00076163,0
7169,0.00137831,0
7170,0.00089408,0
7171,0.00147268,0
7172,0.00066138,0
7173,0.00278942,0
7174,0.00100330,0
7175,0.00361094,0
7176,0.00375852,0
7177,0.00101217,0
7178,0.00067329,0
7179,0.00088291,0
7180,0.00311282,0
7181,0.00050635,0
7182,0.00114411,0
7183,0.00207185,0
7184,0.00205290,0
7185,0.00110388,0
7186,0.01167307,0
7187,0.00077830,0
7188,0.00189802,0
7189,0.01136030,0
7190,0.00138426,0
7191,0.02577213,0
7192,0.00274333,0
7193,0.00389218,0
7194,0.00105280,0
7195,0.00077588,0
7196,0.00159533,0
7197,0.00475671,0
7198,0.00065354,0
7199,0.00281728,0
7200,0.00095839,0
7201,0.00199342,0
7202,0.00328839,0
7203,0.00163339,0
7204,0.00135670,0
7205,0.00077740,0
7206,0.00665101,0
7207,0.00163425,0
7208,0.00193469,0
7209,0.00055429,0
7210,0.00417555,0
7211,0.00056292,0
7212,0.00129007,0
7213,0.00321175,0
7214,0.01237052,0
7215,0.00075258,0
7216,0.00153713,0
7217,0.00457689,0
7218,0.00108853,0
7219,0.00122027,0
7220,0.00893880,0
7221,0.00154397,0
7222,0.00093505,0
7223,0.00370459,0
7224,0.00361824,0
7225,0.00375441,0
7226,0.00085754,0
7227,0.00310614,0
7228,0.00129866,0
7229,0.01623218,0
7230,0.00193377,0
7231,0.00074402,0
7232,0.00131830,0
7233,0.00084385,0
7234,0.00146736,0
7235,0.00063847,0
7236,0.00283609,0
7237,0.00095008,0
7238,0.00344627,0
7239,0.00411481,0
7240,0.00104480,0
7241,0.00070326,0
7242,0.00089191,0
7243,0.00277730,0
7244,0.00049314,0
7245,0.00107765,0
7246,0.00206995,0
7247,0.00196000,0
7248,0.00108694,0
7249,0.01116704,0
7250,0.00070962,0
7251,0.00192896,0
7252,0.01138035,0
7253,0.00133922,0
7254,0.02664296,0
7255,0.00268363,0
7256,0.00381334,0
7257,0.00105031,0
7258,0.00069054,0
7259,0.00155545,0
7260,0.00466989,0
7261,0.00066748,0
7262,0.00275548,0
7263,0.00095161,0
7264,0.00191672,0
7265,0.00349126,0
7266,0.00153082,0
7267,0.00127049,0
7268,0.00079589,0
7269,0.00695465,0
7270,0.00156613,0
7271,0.00211065,0
7272,0.00053645,0
7273,0.00406359,0
7274,0.00058309,0
7275,0.00121142,0
7276,0.00247116,0
7277,0.01251774,0
7278,0.00075942,0
7279,0.00151548,0
7280,0.00495661,0
7281,0.00103441,0
7282,0.00127102,0
7283,0.00886001,0
7284,0.00144916,0
7285,0.00096708,0
7286,0.00373201,0
7287,0.00368853,0
7288,0.00364699,0
7289,0.00088645,0
7290,0.00316388,0
7291,0.00123249,0
7292,0.01848616,0
7293,0.00191242,0
7294,0.00074032,0
7295,0.00137915,0
7296,0.00092710,0
7297,0.00163651,0
7298,0.00074528,0
7299,0.00290553,0
7300,0.00106715,0
7301,0.00355592,0
7302,0.00377402,0
7303,0.00102641,0
7304,0.00069132,0
7305,0.00089571,0
7306,0.00356876,0
7307,0.00045389,0
7308,0.00108488,0
7309,0.00213526,0
7310,0.00206986,0
7311,0.00106703,0
7312,0.01135428,0
7313,0.00074156,0
7314,0.00187310,0
7315,0.01187937,0
7316,0.00131681,0
7317,0.02710737,0
7318,0.00275393,0
7319,0.00371530,0
7320,0.00108628,0
7321,0.00073851,0
7322,0.00159392,0
7323,0.00489802,0
7324,0.00067747,0
7325,0.00274542,0
7326,0.00096903,0
7327,0.00192360,0
7328,0.00336302,0
7329,0.00148950,0
7330,0.00128507,0
7331,0.00079791,0
7332,0.00690845,0
7333,0.00155278,0
7334,0.00197554,0
7335,0.00057418,0
7336,0.00390725,0
7337,0.00058015,0
7338,0.00122174,0
7339,0.00253260,0
7340,0.01277949,0
7341,0.00079018,0
7342,0.00143925,0
7343,0.00501326,0
7344,0.00107769,0
7345,0.00122844,0
7346,0.00894674,0
7347,0.00154344,0
7348,0.00093632,0
7349,0.00382654,0
7350,0.00391813,0
7351,0.00365596,0
7352,0.00085284,0
7353,0.00318135,0
7354,0.00126009,0
7355,0.01796726,0
7356,0.00196064,0
7357,0.00071896,0
7358,0.00130955,0
7359,0.00093150,0
7360,0.00159622,0
7361,0.00070372,0
7362,0.00285056,0
7363,0.00099575,0
7364,0.00365031,0
7365,0.00391551,0
7366,0.00105044,0
7367,0.00066755,0
7368,0.00089470,0
7369,0.00409348,0
7370,0.00050438,0
7371,0.00110918,0
7372,0.00241910,0
7373,0.00201651,0
7374,0.00114719,0
7375,0.01174407,0
7376,0.00074492,0
7377,0.00203423,0
7378,0.01142953,0
7379,0.00130095,0
7380,0.02611825,0
7381,0.00265888,0
7382,0.00385531,0
7383,0.00113896,0
7384,0.00077883,0
7385,0.00150330,0
7386,0.00481772,0
7387,0.00066758,0
7388,0.00276471,0
7389,0.00099063,0
7390,0.00200054,0
7391,0.00349214,0
7392,0.00148810,0
7393,0.00126738,0
7394,0.00078555,0
7395,0.00681520,0
7396,0.00161838,0
7397,0.00209624,0
7398,0.00053996,0
7399,0.00383844,0
7400,0.00062180,0
7401,0.00126281,0
7402,0.00261728,0
7403,0.01316158,0
7404,0.00078222,0
7405,0.00153515,0
7406,0.00513077,0
7407,0.00112783,0
7408,0.00122427,0
7409,0.01093454,0
7410,0.00150884,0
7411,0.00099166,0
7412,0.00387657,0
7413,0.00391914,0
7414,0.00348060,0
7415,0.00087255,0
7416,0.00304442,0
7417,0.00123937,0
7418,0.01680685,0
7419,0.00184740,0
7420,0.00073946,0
7421,0.00126155,0
7422,0.00085337,0
7423,0.00155443,0
7424,0.00068188,0
7425,0.00288005,0
7426,0.00108764,0
7427,0.00341098,0
7428,0.00385339,0
7429,0.00101225,0
7430,0.00066539,0
7431,0.00088717,0
7432,0.00234349,0
7433,0.00048339,0
7434,0.00114164,0
7435,0.00199161,0
7436,0.00209038,0
7437,0.00113135,0
7438,0.01170482,0
7439,0.00072431,0
7440,0.00187420,0
7441,0.01136950,0
7442,0.00126130,0
7443,0.02566966,0
7444,0.00260458,0
7445,0.00364235,0
7446,0.00114230,0
7447,0.00071194,0
7448,0.00158423,0
7449,0.00452971,0
7450,0.00065241,0
7451,0.00266943,0
7452,0.00097934,0
7453,0.00183629,0
7454,0.00328039,0
7455,0.00148838,0
7456,0.00124088,0
7457,0.00081271,0
7458,0.00638257,0
7459,0.00150804,0
7460,0.00203858,0
7461,0.00059045,0
7462,0.00396254,0
7463,0.00058881,0
7464,0.00120493,0
7465,0.00263350,0
7466,0.01356735,0
7467,0.00081175,0
7468,0.00152209,0
7469,0.00459267,0
7470,0.00106363,0
7471,0.00115923,0
7472,0.00838123,0
7473,0.00138580,0
7474,0.00092168,0
7475,0.00411723,0
7476,0.00370032,0
7477,0.00359883,0
7478,0.00085197,0
7479,0.00281643,0
7480,0.00120066,0
7481,0.01604905,0
7482,0.00192171,0
7483,0.00072695,0
7484,0.00121614,0
7485,0.00083822,0
7486,0.00154919,0
7487,0.00066832,0
7488,0.00292930,0
7489,0.00098794,0
7490,0.00344420,0
7491,0.00388876,0
7492,0.00099846,0
7493,0.00068481,0
7494,0.00084861,0
7495,0.00262684,0
7496,0.00045770,0
7497,0.00110272,0
7498,0.00211300,0
7499,0.00198109,0
7500,0.00107857,0
7501,0.01099731,0
7502,0.00074638,0
7503,0.00190709,0
7504,0.01116244,0
7505,0.00115774,0
7506,0.02805918,0
7507,0.00269262,0
7508,0.00357842,0
7509,0.00114638,0
7510,0.00071242,0
7511,0.00155802,0
7512,0.00434019,0
7513,0.00065831,0
7514,0.00274179,0
7515,0.00091933,0
7516,0.00184116,0
7517,0.00343608,0
7518,0.00148510,0
7519,0.00127670,0
7520,0.00077233,0
7521,0.00674595,0
7522,0.00147782,0
7523,0.00202735,0
7524,0.00060498,0
7525,0.00390693,0
7526,0.00056747,0
7527,0.00122643,0
7528,0.00295682,0
7529,0.01394624,0
7530,0.00074441,0
7531,0.00160968,0
7532,0.00486304,0
7533,0.00111275,0
7534,0.00123533,0
7535,0.01086006,0
7536,0.00151740,0
7537,0.00092049,0
7538,0.00431640,0
7539,0.00367633,0
7540,0.00358999,0
7541,0.00081416,0
7542,0.00307618,0
7543,0.00121538,0
7544,0.01872159,0
7545,0.00196741,0
7546,0.00076106,0
7547,0.00131100,0
7548,0.00084320,0
7549,0.00162050,0
7550,0.00069986,0
7551,0.00292556,0
7552,0.00095027,0
7553,0.00355131,0
7554,0.00391881,0
7555,0.00107150,0
7556,0.00068571,0
7557,0.00089565,0
7558,0.00244265,0
7559,0.00051120,0
7560,0.00111807,0
7561,0.00195546,0
7562,0.00206563,0
7563,0.00113694,0
7564,0.01254041,0
7565,0.00071834,0
7566,0.00193962,0
7567,0.01136279,0
7568,0.00123298,0
7569,0.02527988,0
7570,0.00264909,0
7571,0.00380337,0
7572,0.00124675,0
7573,0.00069301,0
7574,0.00164967,0
7575,0.00462730,0
7576,0.00069462,0
7577,0.00300462,0
7578,0.00095323,0
7579,0.00189667,0
7580,0.00365322,0
7581,0.00160916,0
7582,0.00141038,0
7583,0.00081940,0
7584,0.00720302,0
7585,0.00156974,0
7586,0.00228233,0
7587,0.00059289,0
7588,0.00432197,0
7589,0.00059808,0
7590,0.00123379,0
7591,0.00289445,0
7592,0.01442080,0
7593,0.00079379,0
7594,0.00158615,0
7595,0.00474162,0
7596,0.00112043,0
7597,0.00128411,0
7598,0.00934953,0
7599,0.00158503,0
7600,0.00095021,0
7601,0.00418517,0
7602,0.00361851,0
7603,0.00371358,0
7604,0.00084826,0
7605,0.00319832,0
7606,0.00123397,0
7607,0.01578825,0
7608,0.00205839,0
7609,0.00077736,0
7610,0.00138537,0
7611,0.00087630,0
7612,0.00159052,0
7613,0.00069501,0
7614,0.00299384,0
7615,0.00103237,0
7616,0.00374409,0
7617,0.00403303,0
7618,0.00107223,0
7619,0.00070244,0
7620,0.00088603,0
7621,0.00254763,0
7622,0.00052248,0
7623,0.00110007,0
7624,0.00224941,0
7625,0.00209693,0
7626,0.00111597,0
7627,0.01417951,0
7628,0.00072717,0
7629,0.00195413,0
7630,0.01210012,0
7631,0.00132219,0
7632,0.02698260,0
7633,0.00271114,0
7634,0.00379957,0
7635,0.00114844,0
7636,0.00069343,0
7637,0.00162856,0
7638,0.00436947,0
7639,0.00070315,0
7640,0.00313496,0
7641,0.00095466,0
7642,0.00192935,0
7643,0.00346165,0
7644,0.00182461,0
7645,0.00147558,0
7646,0.00082883,0
7647,0.00688527,0
7648,0.00160517,0
7649,0.00221202,0
7650,0.00065548,0
7651,0.00425016,0
7652,0.00059648,0
7653,0.00122104,0
7654,0.00262125,0
7655,0.01279207,0
7656,0.00080469,0
7657,0.00156563,0
7658,0.00483178,0
7659,0.00110643,0
7660,0.00124690,0
7661,0.00842151,0
7662,0.00149446,0
7663,0.00090002,0
7664,0.00440019,0
7665,0.00354958,0
7666,0.00362943,0
7667,0.00082798,0
7668,0.00327506,0
7669,0.00128561,0
7670,0.01568515,0
7671,0.00198498,0
7672,0.00077128,0
7673,0.00140901,0
7674,0.00082730,0
7675,0.00161906,0
7676,0.00072950,0
7677,0.00291573,0
7678,0.00096380,0
7679,0.00363514,0
7680,0.00422970,0
7681,0.00105484,0
7682,0.00067714,0
7683,0.00084357,0
7684,0.00295797,0
7685,0.00048751,0
7686,0.00109694,0
7687,0.00205221,0
7688,0.00209194,0
7689,0.00114340,0
7690,0.01235735,0
7691,0.00075187,0
7692,0.00198733,0
7693,0.01163605,0
7694,0.00120426,0
7695,0.02595029,0
7696,0.00265930,0
7697,0.00386711,0
7698,0.00111109,0
7699,0.00070250,0
7700,0.00145985,0
7701,0.00430535,0
7702,0.00070652,0
7703,0.00309501,0
7704,0.00096363,0
7705,0.00186383,0
7706,0.00343435,0
7707,0.00158325,0
7708,0.00136159,0
7709,0.00083688,0
7710,0.00727729,0
7711,0.00145063,0
7712,0.00219574,0
7713,0.00070721,0
7714,0.00415371,0
7715,0.00059634,0
7716,0.00122410,0
7717,0.00265395,0
7718,0.01177861,0
7719,0.00076907,0
7720,0.00159074,0
7721,0.00493412,0
7722,0.00110405,0
7723,0.00121814,0
7724,0.00907038,0
7725,0.00147169,0
7726,0.00092837,0
7727,0.00446703,0
7728,0.00356863,0
7729,0.00368787,0
7730,0.00084233,0
7731,0.00329924,0
7732,0.00120766,0
7733,0.01643620,0
7734,0.00198948,0
7735,0.00079668,0
7736,0.00153486,0
7737,0.00088689,0
7738,0.00164568,0
7739,0.00071525,0
7740,0.00290540,0
7741,0.00105582,0
7742,0.00355119,0
7743,0.00417800,0
7744,0.00113501,0
7745,0.00070103,0
7746,0.00090675,0
7747,0.00312359,0
7748,0.00046063,0
7749,0.00114316,0
7750,0.00194157,0
7751,0.00208468,0
7752,0.00110369,0
7753,0.01235511,0
7754,0.00069164,0
7755,0.00188089,0
7756,0.01169571,0
7757,0.00122872,0
7758,0.02594400,0
7759,0.00246969,0
7760,0.00370512,0
7761,0.00118128,0
7762,0.00072209,0
7763,0.00162182,0
7764,0.00451595,0
7765,0.00069356,0
7766,0.00305671,0
7767,0.00092964,0
7768,0.00193107,0
7769,0.00356209,0
7770,0.00157652,0
7771,0.00138629,0
7772,0.00082805,0
7773,0.00722135,0
7774,0.00149806,0
7775,0.00209209,0
7776,0.00063477,0
7777,0.00405812,0
7778,0.00058164,0
7779,0.00117779,0
7780,0.00249703,0
7781,0.01266358,0
7782,0.00079558,0
7783,0.00158393,0
7784,0.00470771,0
7785,0.00106386,0
7786,0.00118581,0
7787,0.01109192,0
7788,0.00155248,0
7789,0.00091319,0
7790,0.00447275,0
7791,0.00347631,0
7792,0.00355744,0
7793,0.00076857,0
7794,0.00327586,0
7795,0.00122164,0
7796,0.01771803,0
7797,0.00196252,0
7798,0.00078208,0
7799,0.00133430,0
7800,0.00091366,0
7801,0.00152637,0
7802,0.00068750,0
7803,0.00292472,0
7804,0.00104053,0
7805,0.00365002,0
7806,0.00427221,0
7807,0.00108533,0
7808,0.00070868,0
7809,0.00086707,0
7810,0.00274186,0
7811,0.00048210,0
7812,0.00112926,0
7813,0.00207886,0
7814,0.00217433,0
7815,0.00106536,0
7816,0.01268057,0
7817,0.00072805,0
7818,0.00212062,0
7819,0.01196230,0
7820,0.00121709,0
7821,0.02629595,0
7822,0.00262654,0
7823,0.00364977,0
7824,0.00123381,0
7825,0.00074816,0
7826,0.00152236,0
7827,0.00432639,0
7828,0.00066982,0
7829,0.00296174,0
7830,0.00093550,0
7831,0.00195881,0
7832,0.00341278,0
7833,0.00155286,0
7834,0.00131580,0
7835,0.00079862,0
7836,0.00701854,0
7837,0.00154081,0
7838,0.00216511,0
7839,0.00062259,0
7840,0.00438104,0
7841,0.00061957,0
7842,0.00119945,0
7843,0.00292063,0
7844,0.01274568,0
7845,0.00082125,0
7846,0.00154427,0
7847,0.00482216,0
7848,0.00108245,0
7849,0.00121502,0
7850,0.00964019,0
7851,0.00154146,0
7852,0.00093118,0
7853,0.00419720,0
7854,0.00353931,0
7855,0.00355945,0
7856,0.00078921,0
7857,0.00319693,0
7858,0.00119975,0
7859,0.01680313,0
7860,0.00196761,0
7861,0.00077818,0
7862,0.00141953,0
7863,0.00088451,0
7864,0.00151764,0
7865,0.00069222,0
7866,0.00278055,0
7867,0.00107411,0
7868,0.00352864,0
7869,0.00417393,0
7870,0.00107576,0
7871,0.00064559,0
7872,0.00091692,0
7873,0.00226538,0
7874,0.00056956,0
7875,0.00120927,0
7876,0.00263797,0
7877,0.00219660,0
7878,0.00115961,0
7879,0.01347475,0
7880,0.00070146,0
7881,0.00232134,0
7882,0.01236852,0
7883,0.00129657,0
7884,0.02738308,0
7885,0.00268349,0
7886,0.00384712,0
7887,0.00128936,0
7888,0.00070038,0
7889,0.00154267,0
7890,0.00451404,0
7891,0.00071666,0
7892,0.00287905,0
7893,0.00094171,0
7894,0.00198185,0
7895,0.00355132,0
7896,0.00162222,0
7897,0.00135634,0
7898,0.00086385,0
7899,0.00632428,0
7900,0.00162219,0
7901,0.00244991,0
7902,0.00067122,0
7903,0.00431358,0
7904,0.00061465,0
7905,0.00123968,0
7906,0.00310811,0
7907,0.01230575,0
7908,0.00079571,0
7909,0.00161085,0
7910,0.00521236,0
7911,0.00114510,0
7912,0.00117886,0
7913,0.00979226,0
7914,0.00154523,0
7915,0.00106393,0
7916,0.00407608,0
7917,0.00366580,0
7918,0.00353695,0
7919,0.00079420,0
7920,0.00339132,0
7921,0.00119369,0
7922,0.01444177,0
7923,0.00200363,0
7924,0.00078971,0
7925,0.00133889,0
7926,0.00090749,0
7927,0.00151674,0
7928,0.00063743,0
7929,0.00280952,0
7930,0.00100124,0
7931,0.00350232,0
7932,0.00411637,0
7933,0.00100456,0
7934,0.00068573,0
7935,0.00088107,0
7936,0.00251606,0
7937,0.00052845,0
7938,0.00116663,0
7939,0.00239778,0
7940,0.00213656,0
7941,0.00111097,0
7942,0.01272905,0
7943,0.00073333,0
7944,0.00205760,0
7945,0.01243904,0
7946,0.00128279,0
7947,0.02736916,0
7948,0.00268836,0
7949,0.00383458,0
7950,0.00125169,0
7951,0.00067954,0
7952,0.00244409,0
7953,0.00435215,0
7954,0.00071296,0
7955,0.00305605,0
7956,0.00094564,0
7957,0.00187511,0
7958,0.00368460,0
7959,0.00218806,0
7960,0.00135478,0
7961,0.00081368,0
7962,0.00628458,0
7963,0.00156747,0
7964,0.00222670,0
7965,0.00064782,0
7966,0.00437256,0
7967,0.00062258,0
7968,0.00138927,0
7969,0.00403279,0
7970,0.01322858,0
7971,0.00085302,0
7972,0.00159205,0
7973,0.00476184,0
7974,0.00112707,0
7975,0.00118409,0
7976,0.01003342,0
7977,0.00172684,0
7978,0.00099257,0
7979,0.00407580,0
7980,0.00369990,0
7981,0.00357465,0
7982,0.00086792,0
7983,0.00344391,0
7984,0.00118516,0
7985,0.01527324,0
7986,0.00205553,0
7987,0.00080190,0
7988,0.00157942,0
7989,0.00087612,0
7990,0.00149435,0
7991,0.00068408,0
7992,0.00282512,0
7993,0.00101885,0
7994,0.00341090,0
7995,0.00405164,0
7996,0.00109523,0
7997,0.00066726,0
7998,0.00085297,0
7999,0.00269598,0
8000,0.00051243,0
8001,0.00108226,0
8002,0.00266676,0
8003,0.00210362,0
8004,0.00108868,0
8005,0.01336018,0
8006,0.00073234,0
8007,0.00197314,0
8008,0.01175336,0
8009,0.00128250,0
8010,0.02706162,0
8011,0.00260294,0
8012,0.00370975,0
8013,0.00131506,0
8014,0.00067055,0
8015,0.00171452,0
8016,0.00449400,0
8017,0.00070227,0
8018,0.00311020,0
8019,0.00091298,0
8020,0.00191475,0
8021,0.00353260,0
8022,0.00158606,0
8023,0.00136327,0
8024,0.00081437,0
8025,0.00652660,0
8026,0.00150610,0
8027,0.00212903,0
8028,0.00065830,0
8029,0.00410389,0
8030,0.00063046,0
8031,0.00138483,0
8032,0.00306165,0
8033,0.01376632,0
8034,0.00080419,0
8035,0.00174741,0
8036,0.00535457,0
8037,0.00111726,0
8038,0.00119078,0
8039,0.00931756,0
8040,0.00162686,0
8041,0.00102528,0
8042,0.00433361,0
8043,0.00355141,0
8044,0.00354699,0
8045,0.00090856,0
8046,0.00317679,0
8047,0.00123543,0
8048,0.01636272,0
8049,0.00205724,0
8050,0.00074735,0
8051,0.00152061,0
8052,0.00093882,0
8053,0.00155532,0
8054,0.00069161,0
8055,0.00264424,0
8056,0.00110409,0
8057,0.00367925,0
8058,0.00420042,0
8059,0.00110931,0
8060,0.00068672,0
8061,0.00086314,0
8062,0.00295798,0
8063,0.00049077,0
8064,0.00110177,0
8065,0.00209209,0
8066,0.00209291,0
8067,0.00110164,0
8068,0.01294946,0
8069,0.00074182,0
8070,0.00186513,0
8071,0.01162488,0
8072,0.00129343,0
8073,0.02851587,0
8074,0.00260336,0
8075,0.00375199,0
8076,0.00123075,0
8077,0.00070630,0
8078,0.00190732,0
8079,0.00464230,0
8080,0.00069835,0
8081,0.00337435,0
8082,0.00091795,0
8083,0.00199995,0
8084,0.00376262,0
8085,0.00162463,0
8086,0.00141788,0
8087,0.00084310,0
8088,0.00651273,0
8089,0.00148161,0
8090,0.00207266,0
8091,0.00065391,0
8092,0.00430044,0
8093,0.00066550,0
8094,0.00134661,0
8095,0.00280292,0
8096,0.01397517,0
8097,0.00083920,0
8098,0.00174062,0
8099,0.00461585,0
8100,0.00111485,0
8101,0.00120321,0
8102,0.00911095,0
8103,0.00164288,0
8104,0.00096586,0
8105,0.00485119,0
8106,0.00383225,0
8107,0.00369197,0
8108,0.00087854,0
8109,0.00328810,0
8110,0.00123773,0
8111,0.01591656,0
8112,0.00211449,0
8113,0.00087038,0
8114,0.00163540,0
8115,0.00097270,0
8116,0.00167446,0
8117,0.00082072,0
8118,0.00270725,0
8119,0.00110012,0
8120,0.00360382,0
8121,0.00404254,0
8122,0.00105949,0
8123,0.00072224,0
8124,0.00093653,0
8125,0.00230414,0
8126,0.00052271,0
8127,0.00110401,0
8128,0.00250183,0
8129,0.00207858,0
8130,0.00116898,0
8131,0.01291541,0
8132,0.00078891,0
8133,0.00183258,0
8134,0.01202741,0
8135,0.00140035,0
8136,0.02902989,0
8137,0.00272461,0
8138,0.00366957,0
8139,0.00121889,0
8140,0.00066224,0
8141,0.00180101,0
8142,0.00449679,0
8143,0.00069548,0
8144,0.00312240,0
8145,0.00095207,0
8146,0.00194679,0
8147,0.00344744,0
8148,0.00210826,0
8149,0.00137441,0
8150,0.00079267,0
8151,0.00608377,0
8152,0.00159138,0
8153,0.00200141,0
8154,0.00075073,0
8155,0.00412333,0
8156,0.00058266,0
8157,0.00129845,0
8158,0.00309683,0
8159,0.01310408,0
8160,0.00080376,0
8161,0.00161282,0
8162,0.00492672,0
8163,0.00110877,0
8164,0.00122173,0
8165,0.00836739,0
8166,0.00166181,0
8167,0.00097469,0
8168,0.00398123,0
8169,0.00343079,0
8170,0.00350475,0
8171,0.00081151,0
8172,0.00315814,0
8173,0.00103430,0
8174,0.01536496,0
8175,0.00222854,0
8176,0.00078403,0
8177,0.00133963,0
8178,0.00076944,0
8179,0.00150381,0
8180,0.00062836,0
8181,0.00265525,0
8182,0.00100557,0
8183,0.00357221,0
8184,0.00408375,0
8185,0.00106134,0
8186,0.00069122,0
8187,0.00087289,0
8188,0.00243099,0
8189,0.00056340,0
8190,0.00111415,0
8191,0.00224085,0
8192,0.00209206,0
8193,0.00107865,0
8194,0.01298508,0
8195,0.00074551,0
8196,0.00208800,0
8197,0.01199492,0
8198,0.00130505,0
8199,0.02599762,0
8200,0.00258797,0
8201,0.00355509,0
8202,0.00123636,0
8203,0.00064853,0
8204,0.00139728,0
8205,0.00439055,0
8206,0.00064230,0
8207,0.00312118,0
8208,0.00094582,0
8209,0.00193017,0
8210,0.00344767,0
8211,0.00171584,0
8212,0.00132300,0
8213,0.00073828,0
8214,0.00589434,0
8215,0.00141765,0
8216,0.00219299,0
8217,0.00068213,0
8218,0.00454372,0
8219,0.00059060,0
8220,0.00125178,0
8221,0.00312762,0
8222,0.01362241,0
8223,0.00078442,0
8224,0.00154075,0
8225,0.00483338,0
8226,0.00112260,0
8227,0.00115540,0
8228,0.00883905,0
8229,0.00169018,0
8230,0.00093440,0
8231,0.00374708,0
8232,0.00365852,0
8233,0.00360475,0
8234,0.00083220,0
8235,0.00314526,0
8236,0.00110043,0
8237,0.01344959,0
8238,0.00199677,0
8239,0.00077935,0
8240,0.00139217,0
8241,0.00084090,0
8242,0.00157316,0
8243,0.00065004,0
8244,0.00267665,0
8245,0.00094798,0
8246,0.00356323,0
8247,0.00391967,0
8248,0.00105429,0
8249,0.00067590,0
8250,0.00091612,0
8251,0.00198378,0
8252,0.00053606,0
8253,0.00107825,0
8254,0.00199987,0
8255,0.00204654,0
8256,0.00100394,0
8257,0.01210658,0
8258,0.00075157,0
8259,0.00215293,0
8260,0.01173057,0
8261,0.00122421,0
8262,0.02522517,0
8263,0.00261784,0
8264,0.00382611,0
8265,0.00118101,0
8266,0.00062559,0
8267,0.00143977,0
8268,0.00421708,0
8269,0.00061360,0
8270,0.00281231,0
8271,0.00085039,0
8272,0.00196710,0
8273,0.00325504,0
8274,0.00198851,0
8275,0.00124223,0
8276,0.00074850,0
8277,0.00621560,0
8278,0.00146559,0
8279,0.00220498,0
8280,0.00064766,0
8281,0.00393169,0
8282,0.00059045,0
8283,0.00126158,0
8284,0.00302889,0
8285,0.01467620,0
8286,0.00080683,0
8287,0.00161773,0
8288,0.00513105,0
8289,0.00112663,0
8290,0.00125155,0
8291,0.00999115,0
8292,0.00176323,0
8293,0.00092832,0
8294,0.00375829,0
8295,0.00383947,0
8296,0.00347324,0
8297,0.00081258,0
8298,0.00325838,0
8299,0.00116892,0
8300,0.01659111,0
8301,0.00220996,0
8302,0.00075076,0
8303,0.00142506,0
8304,0.00086833,0
8305,0.00169854,0
8306,0.00061496,0
8307,0.00270534,0
8308,0.00103548,0
8309,0.00354803,0
8310,0.00412589,0
8311,0.00111552,0
8312,0.00071177,0
8313,0.00089121,0
8314,0.00257432,0
8315,0.00054083,0
8316,0.00110460,0
8317,0.00201959,0
8318,0.00219294,0
8319,0.00112965,0
8320,0.01223305,0
8321,0.00077645,0
8322,0.00204568,0
8323,0.01195481,0
8324,0.00136982,0
8325,0.02412892,0
8326,0.00264621,0
8327,0.00371783,0
8328,0.00127707,0
8329,0.00071110,0
8330,0.00159105,0
8331,0.00450180,0
8332,0.00070945,0
8333,0.00308421,0
8334,0.00095693,0
8335,0.00205362,0
8336,0.00365101,0
8337,0.00182330,0
8338,0.00136223,0
8339,0.00080060,0
8340,0.00631857,0
8341,0.00158667,0
8342,0.00236473,0
8343,0.00055855,0
8344,0.00392159,0
8345,0.00063082,0
8346,0.00137294,0
8347,0.00347802,0
8348,0.01615273,0
8349,0.00086835,0
8350,0.00169107,0
8351,0.00529564,0
8352,0.00113504,0
8353,0.00122310,0
8354,0.00922953,0
8355,0.00176424,0
8356,0.00088830,0
8357,0.00434745,0
8358,0.00375698,0
8359,0.00362320,0
8360,0.00085125,0
8361,0.00325647,0
8362,0.00126195,0
8363,0.01520311,0
8364,0.00228672,0
8365,0.00077226,0
8366,0.00134961,0
8367,0.00089969,0
8368,0.00163418,0
8369,0.00066756,0
8370,0.00279127,0
8371,0.00103241,0
8372,0.00342338,0
8373,0.00417409,0
8374,0.00103340,0
8375,0.00071214,0
8376,0.00092366,0
8377,0.00324183,0
8378,0.00058211,0
8379,0.00108721,0
8380,0.00221589,0
8381,0.00206489,0
8382,0.00107513,0
8383,0.01253105,0
8384,0.00077713,0
8385,0.00192106,0
8386,0.01232826,0
8387,0.00125559,0
8388,0.02482230,0
8389,0.00267973,0
8390,0.00374448,0
8391,0.00125225,0
8392,0.00070403,0
8393,0.00159570,0
8394,0.00444667,0
8395,0.00071202,0
8396,0.00307229,0
8397,0.00094485,0
8398,0.00198435,0
8399,0.00331821,0
8400,0.00171723,0
8401,0.00139249,0
8402,0.00080825,0
8403,0.00619693,0
8404,0.00156970,0
8405,0.00218034,0
8406,0.00064169,0
8407,0.00405667,0
8408,0.00063425,0
8409,0.00135142,0
8410,0.00317483,0
8411,0.01611821,0
8412,0.00081683,0
8413,0.00162494,0
8414,0.00471794,0
8415,0.00110109,0
8416,0.00126919,0
8417,0.00817697,0
8418,0.00166284,0
8419,0.00091641,0
8420,0.00419028,0
8421,0.00371188,0
8422,0.00378956,0
8423,0.00087433,0
8424,0.00327211,0
8425,0.00122476,0
8426,0.01461404,0
8427,0.00212441,0
8428,0.00078268,0
8429,0.00139311,0
8430,0.00084396,0
8431,0.00164275,0
8432,0.00065455,0
8433,0.00268836,0
8434,0.00105089,0
8435,0.00376208,0
8436,0.00388965,0
8437,0.00095859,0
8438,0.00068707,0
8439,0.00086580,0
8440,0.00259785,0
8441,0.00052671,0
8442,0.00109583,0
8443,0.00194894,0
8444,0.00201202,0
8445,0.00106407,0
8446,0.01191348,0
8447,0.00068437,0
8448,0.00184705,0
8449,0.01156631,0
8450,0.00123908,0
8451,0.02580966,0
8452,0.00262517,0
8453,0.00369958,0
8454,0.00112402,0
8455,0.00068918,0
8456,0.00138485,0
8457,0.00460365,0
8458,0.00070596,0
8459,0.00310273,0
8460,0.00092804,0
8461,0.00184874,0
8462,0.00363729,0
8463,0.00155572,0
8464,0.00130924,0
8465,0.00081153,0
8466,0.00643799,0
8467,0.00147345,0
8468,0.00223549,0
8469,0.00063656,0
8470,0.00390342,0
8471,0.00060161,0
8472,0.00128055,0
8473,0.00313477,0
8474,0.01447454,0
8475,0.00083151,0
8476,0.00160885,0
8477,0.00467182,0
8478,0.00107062,0
8479,0.00121784,0
8480,0.00903525,0
8481,0.00163959,0
8482,0.00088059,0
8483,0.00405533,0
8484,0.00377241,0
8485,0.00357521,0
8486,0.00084585,0
8487,0.00344782,0
8488,0.00116242,0
8489,0.01357723,0
8490,0.00203838,0
8491,0.00077850,0
8492,0.00132565,0
8493,0.00081981,0
8494,0.00168312,0
8495,0.00064886,0
8496,0.00280184,0
8497,0.00098709,0
8498,0.00344995,0
8499,0.00377527,0
8500,0.00105309,0
8501,0.00069161,0
8502,0.00092905,0
8503,0.00273146,0
8504,0.00049919,0
8505,0.00108612,0
8506,0.00206951,0
8507,0.00214637,0
8508,0.00108975,0
8509,0.01151649,0
8510,0.00075361,0
8511,0.00185344,0
8512,0.01158532,0
8513,0.00123102,0
8514,0.02579499,0
8515,0.00261245,0
8516,0.00378164,0
8517,0.00125889,0
8518,0.00071652,0
8519,0.00136983,0
8520,0.00436787,0
8521,0.00068235,0
8522,0.00311427,0
8523,0.00091835,0
8524,0.00195489,0
8525,0.00347800,0
8526,0.00156655,0
8527,0.00145720,0
8528,0.00079365,0
8529,0.00671398,0
8530,0.00149140,0
8531,0.00229482,0
8532,0.00063862,0
8533,0.00415434,0
8534,0.00061320,0
8535,0.00126708,0
8536,0.00269271,0
8537,0.01507071,0
8538,0.00079977,0
8539,0.00164807,0
8540,0.00455585,0
8541,0.00109455,0
8542,0.00125831,0
8543,0.00859160,0
8544,0.00166227,0
8545,0.00085649,0
8546,0.00416102,0
8547,0.00391045,0
8548,0.00346861,0
8549,0.00080559,0
8550,0.00328421,0
8551,0.00121135,0
8552,0.01566911,0
8553,0.00201923,0
8554,0.00072935,0
8555,0.00133899,0
8556,0.00083847,0
8557,0.00171400,0
8558,0.00068287,0
8559,0.00268601,0
8560,0.00096238,0
8561,0.00354957,0
8562,0.00377473,0
8563,0.00104834,0
8564,0.00067668,0
8565,0.00091499,0
8566,0.00225041,0
8567,0.00052141,0
8568,0.00119222,0
8569,0.00222622,0
8570,0.00215395,0
8571,0.00106564,0
8572,0.01263026,0
8573,0.00076963,0
8574,0.00201563,0
8575,0.01158452,0
8576,0.00128557,0
8577,0.02615727,0
8578,0.00240463,0
8579,0.00374890,0
8580,0.00125123,0
8581,0.00070904,0
8582,0.00152888,0
8583,0.00448372,0
8584,0.00071149,0
8585,0.00316385,0
8586,0.00096470,0
8587,0.00201858,0
8588,0.00368506,0
8589,0.00159240,0
8590,0.00143616,0
8591,0.00087784,0
8592,0.00683630,0
8593,0.00143423,0
8594,0.00222465,0
8595,0.00057966,0
8596,0.00454591,0
8597,0.00060190,0
8598,0.00125151,0
8599,0.00306730,0
8600,0.01436248,0
8601,0.00085996,0
8602,0.00169034,0
8603,0.00466906,0
8604,0.00111577,0
8605,0.00127550,0
8606,0.00923226,0
8607,0.00163711,0
8608,0.00087494,0
8609,0.00422603,0
8610,0.00410787,0
8611,0.00363490,0
8612,0.00084407,0
8613,0.00334323,0
8614,0.00122840,0
8615,0.01537707,0
8616,0.00217400,0
8617,0.00075921,0
8618,0.00131188,0
8619,0.00085257,0
8620,0.00169489,0
8621,0.00065527,0
8622,0.00269206,0
8623,0.00102254,0
8624,0.00363664,0
8625,0.00391120,0
8626,0.00102661,0
8627,0.00070301,0
8628,0.00090171,0
8629,0.00261004,0
8630,0.00056122,0
8631,0.00111165,0
8632,0.00241492,0
8633,0.00216260,0
8634,0.00104896,0
8635,0.01295281,0
8636,0.00079866,0
8637,0.00204129,0
8638,0.01186187,0
8639,0.00133023,0
8640,0.02790951,0
8641,0.00249568,0
8642,0.00369988,0
8643,0.00123976,0
8644,0.00073008,0
8645,0.00129929,0
8646,0.00471339,0
8647,0.00071601,0
8648,0.00312329,0
8649,0.00096420,0
8650,0.00205635,0
8651,0.00367042,0
8652,0.00159085,0
8653,0.00151581,0
8654,0.00081767,0
8655,0.00633964,0
8656,0.00146373,0
8657,0.00217952,0
8658,0.00065335,0
8659,0.00444416,0
8660,0.00057279,0
8661,0.00133677,0
8662,0.00313718,0
8663,0.01467594,0
8664,0.00088081,0
8665,0.00171891,0
8666,0.00415539,0
8667,0.00111145,0
8668,0.00126240,0
8669,0.01006743,0
8670,0.00169387,0
8671,0.00094429,0
8672,0.00455535,0
8673,0.00410347,0
8674,0.00369036,0
8675,0.00086490,0
8676,0.00325047,0
8677,0.00122522,0
8678,0.01521605,0
8679,0.00218942,0
8680,0.00073511,0
8681,0.00131316,0
8682,0.00080722,0
8683,0.00158659,0
8684,0.00065101,0
8685,0.00275146,0
8686,0.00104125,0
8687,0.00357450,0
8688,0.00381214,0
8689,0.00105058,0
8690,0.00072303,0
8691,0.00090701,0
8692,0.00196145,0
8693,0.00057110,0
8694,0.00111666,0
8695,0.00223043,0
8696,0.00208198,0
8697,0.00106541,0
8698,0.01296394,0
8699,0.00080109,0
8700,0.00194263,0
8701,0.01174741,0
8702,0.00136300,0
8703,0.02875887,0
8704,0.00257458,0
8705,0.00378942,0
8706,0.00130520,0
8707,0.00072958,0
8708,0.00132547,0
8709,0.00474901,0
8710,0.00073619,0
8711,0.00310229,0
8712,0.00091005,0
8713,0.00194215,0
8714,0.00370469,0
8715,0.00154254,0
8716,0.00144770,0
8717,0.00078759,0
8718,0.00643970,0
8719,0.00154042,0
8720,0.00212447,0
8721,0.00064587,0
8722,0.00413487,0
8723,0.00060379,0
8724,0.00130363,0
8725,0.00337254,0
8726,0.01540537,0
8727,0.00083933,0
8728,0.00185840,0
8729,0.00453093,0
8730,0.00107720,0
8731,0.00130996,0
8732,0.00875871,0
8733,0.00165417,0
8734,0.00090051,0
8735,0.00451804,0
8736,0.00403800,0
8737,0.00363869,0
8738,0.00093331,0
8739,0.00352425,0
8740,0.00122785,0
8741,0.01435709,0
8742,0.00214595,0
8743,0.00073230,0
8744,0.00152199,0
8745,0.00089753,0
8746,0.00160231,0
8747,0.00066304,0
8748,0.00267638,0
8749,0.00101144,0
8750,0.00350286,0
8751,0.00398849,0
8752,0.00102007,0
8753,0.00071437,0
8754,0.00086813,0
8755,0.00233556,0
8756,0.00062713,0
8757,0.00105610,0
8758,0.00232187,0
8759,0.00206751,0
8760,0.00108596,0
8761,0.01294183,0
8762,0.00074450,0
8763,0.00195951,0
8764,0.01199985,0
8765,0.00131719,0
8766,0.02812540,0
8767,0.00243359,0
8768,0.00360891,0
8769,0.00131243,0
8770,0.00074596,0
8771,0.00148974,0
8772,0.00456293,0
8773,0.00071019,0
8774,0.00304932,0
8775,0.00096425,0
8776,0.00199951,0
8777,0.00364454,0
8778,0.00162744,0
8779,0.00141087,0
8780,0.00078667,0
8781,0.00630142,0
8782,0.00148216,0
8783,0.00219508,0
8784,0.00068630,0
8785,0.00419423,0
8786,0.00059191,0
8787,0.00122190,0
8788,0.00301236,0
8789,0.01626902,0
8790,0.00084116,0
8791,0.00165875,0
8792,0.00467667,0
8793,0.00112315,0
8794,0.00133028,0
8795,0.00908802,0
8796,0.00176247,0
8797,0.00092939,0
8798,0.00446724,0
8799,0.00398915,0
8800,0.00374565,0
8801,0.00088394,0
8802,0.00347994,0
8803,0.00123113,0
8804,0.01826154,0
8805,0.00222469,0
8806,0.00073210,0
8807,0.00160272,0
8808,0.00091306,0
8809,0.00160157,0
8810,0.00071027,0
8811,0.00276400,0
8812,0.00101265,0
8813,0.00368851,0
8814,0.00426824,0
8815,0.00107780,0
8816,0.00069135,0
8817,0.00091422,0
8818,0.00291471,0
8819,0.00055604,0
8820,0.00112400,0
8821,0.00241436,0
8822,0.00217968,0
8823,0.00114804,0
8824,0.01405313,0
8825,0.00081568,0
8826,0.00204053,0
8827,0.01175411,0
8828,0.00128274,0
8829,0.02638482,0
8830,0.00273565,0
8831,0.00395958,0
8832,0.00135519,0
8833,0.00076968,0
8834,0.00175854,0
8835,0.00472885,0
8836,0.00078045,0
8837,0.00330889,0
8838,0.00101273,0
8839,0.00210401,0
8840,0.00373921,0
8841,0.00153488,0
8842,0.00149915,0
8843,0.00088112,0
8844,0.00667222,0
8845,0.00153301,0
8846,0.00225143,0
8847,0.00065802,0
8848,0.00432051,0
8849,0.00060215,0
8850,0.00120133,0
8851,0.00286289,0
8852,0.01610464,0
8853,0.00087094,0
8854,0.00162767,0
8855,0.00514079,0
8856,0.00112761,0
8857,0.00132953,0
8858,0.00889709,0
8859,0.00171406,0
8860,0.00094268,0
8861,0.00411727,0
8862,0.00399735,0
8863,0.00359863,0
8864,0.00094051,0
8865,0.00353918,0
8866,0.00129403,0
8867,0.01548676,0
8868,0.00228304,0
8869,0.00077675,0
8870,0.00153201,0
8871,0.00089743,0
8872,0.00161224,0
8873,0.00075495,0
8874,0.00278475,0
8875,0.00096942,0
8876,0.00347829,0
8877,0.00394223,0
8878,0.00111190,0
8879,0.00072815,0
8880,0.00091617,0
8881,0.00341987,0
8882,0.00058854,0
8883,0.00118357,0
8884,0.00224626,0
8885,0.00218964,0
8886,0.00116685,0
8887,0.01334976,0
8888,0.00083358,0
8889,0.00197582,0
8890,0.01179351,0
8891,0.00127229,0
8892,0.02514739,0
8893,0.00255115,0
8894,0.00397135,0
8895,0.00123129,0
8896,0.00077107,0
8897,0.00192392,0
8898,0.00444927,0
8899,0.00076004,0
8900,0.00318397,0
8901,0.00094529,0
8902,0.00211310,0
8903,0.00369960,0
8904,0.00160377,0
8905,0.00153571,0
8906,0.00083826,0
8907,0.00632372,0
8908,0.00148322,0
8909,0.00216419,0
8910,0.00062808,0
8911,0.00421289,0
8912,0.00058289,0
8913,0.00126829,0
8914,0.00262810,0
8915,0.01585537,0
8916,0.00088387,0
8917,0.00155716,0
8918,0.00476765,0
8919,0.00115225,0
8920,0.00126008,0
8921,0.00910163,0
8922,0.00167739,0
8923,0.00087760,0
8924,0.00397722,0
8925,0.00401982,0
8926,0.00372370,0
8927,0.00091744,0
8928,0.00334217,0
8929,0.00123328,0
8930,0.01571226,0
8931,0.00219778,0
8932,0.00078582,0
8933,0.00149180,0
8934,0.00078285,0
8935,0.00153263,0
8936,0.00069514,0
8937,0.00263763,0
8938,0.00096368,0
8939,0.00367092,0
8940,0.00423760,0
8941,0.00107232,0
8942,0.00071581,0
8943,0.00091274,0
8944,0.00259784,0
8945,0.00051972,0
8946,0.00109206,0
8947,0.00219013,0
8948,0.00211841,0
8949,0.00115082,0
8950,0.01216481,0
8951,0.00072630,0
8952,0.00193976,0
8953,0.01156036,0
8954,0.00124142,0
8955,0.02447689,0
8956,0.00249974,0
8957,0.00373149,0
8958,0.00130118,0
8959,0.00076545,0
8960,0.00150436,0
8961,0.00455819,0
8962,0.00070272,0
8963,0.00296114,0
8964,0.00096770,0
8965,0.00198209,0
8966,0.00385293,0
8967,0.00157920,0
8968,0.00146207,0
8969,0.00082349,0
8970,0.00664825,0
8971,0.00147943,0
8972,0.00203905,0
8973,0.00062464,0
8974,0.00403268,0
8975,0.00060059,0
8976,0.00123438,0
8977,0.00302804,0
8978,0.01759895,0
8979,0.00086129,0
8980,0.00163062,0
8981,0.00496642,0
8982,0.00110894,0
8983,0.00138154,0
8984,0.00929171,0
8985,0.00163910,0
8986,0.00085571,0
8987,0.00435199,0
8988,0.00390796,0
8989,0.00373938,0
8990,0.00096581,0
8991,0.00330654,0
8992,0.00129212,0
8993,0.01443419,0
8994,0.00219038,0
8995,0.00078249,0
8996,0.00137453,0
8997,0.00081361,0
8998,0.00165558,0
8999,0.00064408,0
9000,0.00272396,0
9001,0.00097809,0
9002,0.00351958,0
9003,0.00393581,0
9004,0.00107439,0
9005,0.00066429,0
9006,0.00094261,0
9007,0.00259477,0
9008,0.00052129,0
9009,0.00111664,0
9010,0.00211552,0
9011,0.00214278,0
9012,0.00108352,0
9013,0.01260998,0
9014,0.00074857,0
9015,0.00199414,0
9016,0.01165102,0
9017,0.00119634,0
9018,0.02441202,0
9019,0.00250938,0
9020,0.00359354,0
9021,0.00128602,0
9022,0.00078706,0
9023,0.00155806,0
9024,0.00475042,0
9025,0.00069544,0
9026,0.00298048,0
9027,0.00098990,0
9028,0.00199066,0
9029,0.00383320,0
9030,0.00150017,0
9031,0.00143324,0
9032,0.00083614,0
9033,0.00670833,0
9034,0.00155873,0
9035,0.00211293,0
9036,0.00058992,0
9037,0.00413701,0
9038,0.00059149,0
9039,0.00120544,0
9040,0.00319894,0
9041,0.01870807,0
9042,0.00089719,0
9043,0.00166771,0
9044,0.00463903,0
9045,0.00111443,0
9046,0.00140506,0
9047,0.00960799,0
9048,0.00161980,0
9049,0.00092318,0
9050,0.00459695,0
9051,0.00438044,0
9052,0.00348792,0
9053,0.00088448,0
9054,0.00324029,0
9055,0.00131004,0
9056,0.01612241,0
9057,0.00208552,0
9058,0.00073362,0
9059,0.00146146,0
9060,0.00086318,0
9061,0.00157856,0
9062,0.00061837,0
9063,0.00272134,0
9064,0.00102303,0
9065,0.00358928,0
9066,0.00409466,0
9067,0.00103178,0
9068,0.00071966,0
9069,0.00089889,0
9070,0.00221446,0
9071,0.00058844,0
9072,0.00112871,0
9073,0.00213637,0
9074,0.00217700,0
9075,0.00105856,0
9076,0.01244249,0
9077,0.00078046,0
9078,0.00193836,0
9079,0.01169977,0
9080,0.00129747,0
9081,0.02520014,0
9082,0.00247602,0
9083,0.00373696,0
9084,0.00124408,0
9085,0.00073750,0
9086,0.00159727,0
9087,0.00483919,0
9088,0.00072605,0
9089,0.00308103,0
9090,0.00096096,0
9091,0.00207736,0
9092,0.00383106,0
9093,0.00155975,0
9094,0.00152112,0
9095,0.00082547,0
9096,0.00725370,0
9097,0.00143439,0
9098,0.00197924,0
9099,0.00056919,0
9100,0.00405509,0
9101,0.00058609,0
9102,0.00116153,0
9103,0.00334836,0
9104,0.01640829,0
9105,0.00089530,0
9106,0.00169509,0
9107,0.00484005,0
9108,0.00113913,0
9109,0.00141463,0
9110,0.00958674,0
9111,0.00177560,0
9112,0.00084791,0
9113,0.00399129,0
9114,0.00426062,0
9115,0.00352084,0
9116,0.00086931,0
9117,0.00328584,0
9118,0.00133413,0
9119,0.01668591,0
9120,0.00216588,0
9121,0.00077220,0
9122,0.00138653,0
9123,0.00086024,0
9124,0.00158388,0
9125,0.00062690,0
9126,0.00281525,0
9127,0.00096989,0
9128,0.00334814,0
9129,0.00428847,0
9130,0.00108556,0
9131,0.00073721,0
9132,0.00087560,0
9133,0.00212433,0
9134,0.00058396,0
9135,0.00120783,0
9136,0.00235136,0
9137,0.00228428,0
9138,0.00115986,0
9139,0.01142782,0
9140,0.00081235,0
9141,0.00212765,0
9142,0.01190476,0
9143,0.00130873,0
9144,0.02633001,0
9145,0.00264596,0
9146,0.00394230,0
9147,0.00131945,0
9148,0.00077190,0
9149,0.00151047,0
9150,0.00489713,0
9151,0.00072712,0
9152,0.00316940,0
9153,0.00097123,0
9154,0.00217070,0
9155,0.00362972,0
9156,0.00169510,0
9157,0.00155198,0
9158,0.00087050,0
9159,0.00710796,0
9160,0.00159943,0
9161,0.00219299,0
9162,0.00066514,0
9163,0.00404623,0
9164,0.00062224,0
9165,0.00129196,0
9166,0.00349485,0
9167,0.01492623,0
9168,0.00083265,0
9169,0.00170322,0
9170,0.00490894,0
9171,0.00114819,0
9172,0.00140392,0
9173,0.01033730,0
9174,0.00178177,0
9175,0.00092568,0
9176,0.00425707,0
9177,0.00395498,0
9178,0.00365024,0
9179,0.00099100,0
9180,0.00324892,0
9181,0.00132672,0
9182,0.01539953,0
9183,0.00218923,0
9184,0.00076398,0
9185,0.00126694,0
9186,0.00081956,0
9187,0.00151970,0
9188,0.00063413,0
9189,0.00269995,0
9190,0.00101092,0
9191,0.00337503,0
9192,0.00404342,0
9193,0.00103993,0
9194,0.00069437,0
9195,0.00090186,0
9196,0.00217401,0
9197,0.00048907,0
9198,0.00115864,0
9199,0.00224289,0
9200,0.00212789,0
9201,0.00111980,0
9202,0.01212233,0
9203,0.00082427,0
9204,0.00188795,0
9205,0.01254213,0
9206,0.00128474,0
9207,0.02711505,0
9208,0.00245700,0
9209,0.00378092,0
9210,0.00130272,0
9211,0.00075990,0
9212,0.00156164,0
9213,0.00454950,0
9214,0.00073363,0
9215,0.00304644,0
9216,0.00094790,0
9217,0.00210777,0
9218,0.00376829,0
9219,0.00153253,0
9220,0.00148179,0
9221,0.00081145,0
9222,0.00679360,0
9223,0.00144746,0
9224,0.00222256,0
9225,0.00058376,0
9226,0.00370825,0
9227,0.00061008,0
9228,0.00129739,0
9229,0.00289633,0
9230,0.01640696,0
9231,0.00085681,0
9232,0.00163750,0
9233,0.00452570,0
9234,0.00112018,0
9235,0.00135826,0
9236,0.01122169,0
9237,0.00168243,0
9238,0.00091075,0
9239,0.00428462,0
9240,0.00408442,0
9241,0.00345573,0
9242,0.00089269,0
9243,0.00322094,0
9244,0.00126640,0
9245,0.01499087,0
9246,0.00204215,0
9247,0.00074342,0
9248,0.00126607,0
9249,0.00079820,0
9250,0.00163215,0
9251,0.00064008,0
9252,0.00277580,0
9253,0.00102681,0
9254,0.00351041,0
9255,0.00416214,0
9256,0.00107754,0
9257,0.00072659,0
9258,0.00091147,0
9259,0.00243873,0
9260,0.00051958,0
9261,0.00119888,0
9262,0.00227732,0
9263,0.00225521,0
9264,0.00109266,0
9265,0.01204567,0
9266,0.00082528,0
9267,0.00201782,0
9268,0.01177938,0
9269,0.00126973,0
9270,0.02711997,0
9271,0.00246141,0
9272,0.00384668,0
9273,0.00133704,0
9274,0.00079526,0
9275,0.00163596,0
9276,0.00458041,0
9277,0.00074082,0
9278,0.00290218,0
9279,0.00100097,0
9280,0.00209067,0
9281,0.00376029,0
9282,0.00166191,0
9283,0.00143420,0
9284,0.00083218,0
9285,0.00694608,0
9286,0.00154452,0
9287,0.00230050,0
9288,0.00062348,0
9289,0.00427560,0
9290,0.00063724,0
9291,0.00133370,0
9292,0.00294194,0
9293,0.01865006,0
9294,0.00085804,0
9295,0.00178690,0
9296,0.00457503,0
9297,0.00113325,0
9298,0.00132885,0
9299,0.01058930,0
9300,0.00171790,0
9301,0.00093326,0
9302,0.00471114,0
9303,0.00405301,0
9304,0.00351140,0
9305,0.00090533,0
9306,0.00310554,0
9307,0.00134733,0
9308,0.01713315,0
9309,0.00208351,0
9310,0.00074475,0
9311,0.00130843,0
9312,0.00085619,0
9313,0.00170037,0
9314,0.00066420,0
9315,0.00282267,0
9316,0.00102522,0
9317,0.00364035,0
9318,0.00430088,0
9319,0.00105505,0
9320,0.00070772,0
9321,0.00092177,0
9322,0.00214772,0
9323,0.00051243,0
9324,0.00126615,0
9325,0.00238305,0
9326,0.00226934,0
9327,0.00117896,0
9328,0.01236252,0
9329,0.00080626,0
9330,0.00199756,0
9331,0.01216000,0
9332,0.00117850,0
9333,0.02893098,0
9334,0.00248907,0
9335,0.00390126,0
9336,0.00134071,0
9337,0.00079696,0
9338,0.00173950,0
9339,0.00479094,0
9340,0.00069099,0
9341,0.00306131,0
9342,0.00102221,0
9343,0.00198553,0
9344,0.00388475,0
9345,0.00164972,0
9346,0.00141040,0
9347,0.00089938,0
9348,0.00720406,0
9349,0.00151012,0
9350,0.00232440,0
9351,0.00064890,0
9352,0.00444716,0
9353,0.00060170,0
9354,0.00125659,0
9355,0.00320933,0
9356,0.01774125,0
9357,0.00089831,0
9358,0.00172280,0
9359,0.00473808,0
9360,0.00117834,0
9361,0.00137144,0
9362,0.01161293,0
9363,0.00169826,0
9364,0.00092741,0
9365,0.00439392,0
9366,0.00419001,0
9367,0.00374340,0
9368,0.00091357,0
9369,0.00314773,0
9370,0.00134464,0
9371,0.01760087,0
9372,0.00222602,0
9373,0.00076899,0
9374,0.00144697,0
9375,0.00084514,0
9376,0.00175033,0
9377,0.00070067,0
9378,0.00273240,0
9379,0.00103344,0
9380,0.00369267,0
9381,0.00422822,0
9382,0.00110710,0
9383,0.00068745,0
9384,0.00090180,0
9385,0.00227087,0
9386,0.00052777,0
9387,0.00120384,0
9388,0.00231498,0
9389,0.00235827,0
9390,0.00118255,0
9391,0.01313928,0
9392,0.00083397,0
9393,0.00205265,0
9394,0.01227188,0
9395,0.00130099,0
9396,0.02846806,0
9397,0.00256721,0
9398,0.00396495,0
9399,0.00133241,0
9400,0.00078435,0
9401,0.00165414,0
9402,0.00471229,0
9403,0.00069519,0
9404,0.00307935,0
9405,0.00103369,0
9406,0.00205207,0
9407,0.00413934,0
9408,0.00174626,0
9409,0.00143463,0
9410,0.00091188,0
9411,0.00714755,0
9412,0.00146316,0
9413,0.00238332,0
9414,0.00071963,0
9415,0.00426323,0
9416,0.00059002,0
9417,0.00122398,0
9418,0.00263077,0
9419,0.02014734,0
9420,0.00083025,0
9421,0.00171238,0
9422,0.00531401,0
9423,0.00119022,0
9424,0.00130399,0
9425,0.01090543,0
9426,0.00175187,0
9427,0.00089787,0
9428,0.00426637,0
9429,0.00382965,0
9430,0.00361210,0
9431,0.00088789,0
9432,0.00304765,0
9433,0.00127526,0
9434,0.01676864,0
9435,0.00216534,0
9436,0.00075733,0
9437,0.00129735,0
9438,0.00086814,0
9439,0.00160836,0
9440,0.00062473,0
9441,0.00266884,0
9442,0.00099240,0
9443,0.00338264,0
9444,0.00427944,0
9445,0.00105541,0
9446,0.00070569,0
9447,0.00089766,0
9448,0.00192449,0
9449,0.00050441,0
9450,0.00117467,0
9451,0.00228713,0
9452,0.00227515,0
9453,0.00110119,0
9454,0.01368417,0
9455,0.00083245,0
9456,0.00206989,0
9457,0.01184205,0
9458,0.00120875,0
9459,0.03021810,0
9460,0.00251206,0
9461,0.00382716,0
9462,0.00140591,0
9463,0.00076669,0
9464,0.00152023,0
9465,0.00485417,0
9466,0.00073481,0
9467,0.00301110,0
9468,0.00099268,0
9469,0.00204578,0
9470,0.00385542,0
9471,0.00158959,0
9472,0.00134317,0
9473,0.00089888,0
9474,0.00728402,0
9475,0.00144978,0
9476,0.00240372,0
9477,0.00073022,0
9478,0.00441082,0
9479,0.00055639,0
9480,0.00139029,0
9481,0.00294463,0
9482,0.01727161,0
9483,0.00083600,0
9484,0.00173464,0
9485,0.00501642,0
9486,0.00123916,0
9487,0.00129903,0
9488,0.01036293,0
9489,0.00180706,0
9490,0.00087936,0
9491,0.00426267,0
9492,0.00377637,0
9493,0.00339271,0
9494,0.00091886,0
9495,0.00306400,0
9496,0.00121957,0
9497,0.01505985,0
9498,0.00213526,0
9499,0.00077300,0
9500,0.00134058,0
9501,0.00085908,0
9502,0.00158540,0
9503,0.00063663,0
9504,0.00263444,0
9505,0.00104172,0
9506,0.00357758,0
9507,0.00443726,0
9508,0.00112141,0
9509,0.00069522,0
9510,0.00089822,0
9511,0.00204147,0
9512,0.00052102,0
9513,0.00123742,0
9514,0.00219265,0
9515,0.00215224,0
9516,0.00106589,0
9517,0.01328098,0
9518,0.00086605,0
9519,0.00200049,0
9520,0.01152417,0
9521,0.00124569,0
9522,0.02883542,0
9523,0.00248928,0
9524,0.00403597,0
9525,0.00130341,0
9526,0.00080959,0
9527,0.00153662,0
9528,0.00470649,0
9529,0.00072016,0
9530,0.00294462,0
9531,0.00098149,0
9532,0.00206538,0
9533,0.00405556,0
9534,0.00167798,0
9535,0.00145267,0
9536,0.00085653,0
9537,0.00734469,0
9538,0.00148334,0
9539,0.00243656,0
9540,0.00069169,0
9541,0.00412734,0
9542,0.00058121,0
9543,0.00126163,0
9544,0.00271304,0
9545,0.01915234,0
9546,0.00086388,0
9547,0.00168965,0
9548,0.00520503,0
9549,0.00115309,0
9550,0.00133257,0
9551,0.01110453,0
9552,0.00170548,0
9553,0.00089404,0
9554,0.00431841,0
9555,0.00391556,0
9556,0.00350091,0
9557,0.00090587,0
9558,0.00332306,0
9559,0.00125920,0
9560,0.01770887,0
9561,0.00226032,0
9562,0.00078721,0
9563,0.00146179,0
9564,0.00090573,0
9565,0.00166216,0
9566,0.00071159,0
9567,0.00276957,0
9568,0.00097535,0
9569,0.00371035,0
9570,0.00452205,0
9571,0.00107314,0
9572,0.00068154,0
9573,0.00088917,0
9574,0.00352538,0
9575,0.00049850,0
9576,0.00116117,0
9577,0.00237018,0
9578,0.00224603,0
9579,0.00108405,0
9580,0.01309084,0
9581,0.00086790,0
9582,0.00209884,0
9583,0.01153969,0
9584,0.00132675,0
9585,0.02848926,0
9586,0.00247672,0
9587,0.00385429,0
9588,0.00129225,0
9589,0.00076437,0
9590,0.00176688,0
9591,0.00485506,0
9592,0.00074367,0
9593,0.00309784,0
9594,0.00101315,0
9595,0.00207768,0
9596,0.00394081,0
9597,0.00161086,0
9598,0.00141160,0
9599,0.00091942,0
9600,0.00717410,0
9601,0.00156022,0
9602,0.00225439,0
9603,0.00073371,0
9604,0.00437575,0
9605,0.00058706,0
9606,0.00124553,0
9607,0.00302111,0
9608,0.01870215,0
9609,0.00084265,0
9610,0.00165135,0
9611,0.00488992,0
9612,0.00119070,0
9613,0.00129927,0
9614,0.01265391,0
9615,0.00174010,0
9616,0.00090998,0
9617,0.00440684,0
9618,0.00402923,0
9619,0.00359327,0
9620,0.00088649,0
9621,0.00331352,0
9622,0.00134763,0
9623,0.01614526,0
9624,0.00232475,0
9625,0.00074882,0
9626,0.00139088,0
9627,0.00082344,0
9628,0.00165528,0
9629,0.00067074,0
9630,0.00272916,0
9631,0.00114404,0
9632,0.00359899,0
9633,0.00458020,0
9634,0.00114628,0
9635,0.00071215,0
9636,0.00091748,0
9637,0.00290586,0
9638,0.00056289,0
9639,0.00117870,0
9640,0.00242256,0
9641,0.00232724,0
9642,0.00111893,0
9643,0.01312815,0
9644,0.00084335,0
9645,0.00209815,0
9646,0.01219125,0
9647,0.00128340,0
9648,0.02895739,0
9649,0.00242127,0
9650,0.00383215,0
9651,0.00131807,0
9652,0.00079298,0
9653,0.00165789,0
9654,0.00495488,0
9655,0.00077945,0
9656,0.00304399,0
9657,0.00100078,0
9658,0.00208305,0
9659,0.00386976,0
9660,0.00167873,0
9661,0.00142616,0
9662,0.00089808,0
9663,0.00739994,0
9664,0.00154132,0
9665,0.00228602,0
9666,0.00068342,0
9667,0.00450696,0
9668,0.00060727,0
9669,0.00126551,0
9670,0.00393002,0
9671,0.01869108,0
9672,0.00086993,0
9673,0.00170433,0
9674,0.00527891,0
9675,0.00117364,0
9676,0.00128521,0
9677,0.01093208,0
9678,0.00163914,0
9679,0.00089888,0
9680,0.00437339,0
9681,0.00397648,0
9682,0.00362429,0
9683,0.00087510,0
9684,0.00325594,0
9685,0.00132554,0
9686,0.01750708,0
9687,0.00217171,0
9688,0.00077254,0
9689,0.00138517,0
9690,0.00087095,0
9691,0.00175731,0
9692,0.00067314,0
9693,0.00261313,0
9694,0.00103080,0
9695,0.00343452,0
9696,0.00440996,0
9697,0.00102987,0
9698,0.00068030,0
9699,0.00086329,0
9700,0.00246294,0
9701,0.00051108,0
9702,0.00116335,0
9703,0.00219684,0
9704,0.00228648,0
9705,0.00108056,0
9706,0.01301740,0
9707,0.00080488,0
9708,0.00206111,0
9709,0.01176364,0
9710,0.00118597,0
9711,0.03002942,0
9712,0.00242375,0
9713,0.00377546,0
9714,0.00129068,0
9715,0.00082095,0
9716,0.00155897,0
9717,0.00491211,0
9718,0.00072103,0
9719,0.00292719,0
9720,0.00099641,0
9721,0.00206306,0
9722,0.00387423,0
9723,0.00156558,0
9724,0.00138510,0
9725,0.00084260,0
9726,0.00706470,0
9727,0.00145077,0
9728,0.00240574,0
9729,0.00074329,0
9730,0.00419084,0
9731,0.00061871,0
9732,0.00129316,0
9733,0.00298193,0
9734,0.01733633,0
9735,0.00087732,0
9736,0.00158599,0
9737,0.00532862,0
9738,0.00118529,0
9739,0.00130449,0
9740,0.01260110,0
9741,0.00172544,0
9742,0.00090802,0
9743,0.00416014,0
9744,0.00399194,0
9745,0.00344821,0
9746,0.00085495,0
9747,0.00315444,0
9748,0.00125159,0
9749,0.01768782,0
9750,0.00219440,0
9751,0.00078910,0
9752,0.00139777,0
9753,0.00085526,0
9754,0.00171935,0
9755,0.00064676,0
9756,0.00261111,0
9757,0.00096904,0
9758,0.00332262,0
9759,0.00432552,0
9760,0.00112225,0
9761,0.00067238,0
9762,0.00084280,0
9763,0.00165572,0
9764,0.00051382,0
9765,0.00121854,0
9766,0.00219186,0
9767,0.00234579,0
9768,0.00108921,0
9769,0.01240425,0
9770,0.00079256,0
9771,0.00199962,0
9772,0.01224566,0
9773,0.00120897,0
9774,0.02957767,0
9775,0.00249063,0
9776,0.00385745,0
9777,0.00140463,0
9778,0.00080497,0
9779,0.00151753,0
9780,0.00519627,0
9781,0.00074054,0
9782,0.00325216,0
9783,0.00104818,0
9784,0.00221679,0
9785,0.00421617,0
9786,0.00159071,0
9787,0.00145033,0
9788,0.00083477,0
9789,0.00711211,0
9790,0.00165698,0
9791,0.00253131,0
9792,0.00075545,0
9793,0.00419018,0
9794,0.00062054,0
9795,0.00143139,0
9796,0.00282545,0
9797,0.01852189,0
9798,0.00093268,0
9799,0.00170372,0
9800,0.00555146,0
9801,0.00134937,0
9802,0.00130824,0
9803,0.01161447,0
9804,0.00194516,0
9805,0.00095547,0
9806,0.00426468,0
9807,0.00405658,0
9808,0.00358741,0
9809,0.00093153,0
9810,0.00329797,0
9811,0.00131407,0
9812,0.01734407,0
9813,0.00247531,0
9814,0.00079147,0
9815,0.00159232,0
9816,0.00087411,0
9817,0.00189367,0
9818,0.00062911,0
9819,0.00277842,0
9820,0.00102075,0
9821,0.00337560,0
9822,0.00425135,0
9823,0.00111135,0
9824,0.00070395,0
9825,0.00089435,0
9826,0.00225552,0
9827,0.00055448,0
9828,0.00115959,0
9829,0.00246974,0
9830,0.00227895,0
9831,0.00105441,0
9832,0.01330263,0
9833,0.00084885,0
9834,0.00201857,0
9835,0.01222737,0
9836,0.00136924,0
9837,0.02779169,0
9838,0.00248188,0
9839,0.00394595,0
9840,0.00142350,0
9841,0.00081062,0
9842,0.00142470,0
9843,0.00570656,0
9844,0.00072986,0
9845,0.00308826,0
9846,0.00103165,0
9847,0.00228805,0
9848,0.00399196,0
9849,0.00172774,0
9850,0.00147496,0
9851,0.00080818,0
9852,0.00720671,0
9853,0.00157201,0
9854,0.00243054,0
9855,0.00079871,0
9856,0.00435729,0
9857,0.00062218,0
9858,0.00143000,0
9859,0.00301845,0
9860,0.02144816,0
9861,0.00089873,0
9862,0.00166795,0
9863,0.00565285,0
9864,0.00136163,0
9865,0.00136716,0
9866,0.01215938,0
9867,0.00189129,0
9868,0.00104004,0
9869,0.00462836,0
9870,0.00405298,0
9871,0.00393704,0
9872,0.00095344,0
9873,0.00342766,0
9874,0.00138979,0
9875,0.01625259,0
9876,0.00237761,0
9877,0.00090051,0
9878,0.00173064,0
9879,0.00098316,0
9880,0.00202185,0
9881,0.00067153,0
9882,0.00278534,0
9883,0.00111415,0
9884,0.00354875,0
9885,0.00450602,0
9886,0.00116075,0
9887,0.00077779,0
9888,0.00093603,0
9889,0.00279533,0
9890,0.00057683,0
9891,0.00108732,0
9892,0.00279904,0
9893,0.00230936,0
9894,0.00112883,0
9895,0.01276256,0
9896,0.00082013,0
9897,0.00192834,0
9898,0.01309325,0
9899,0.00139657,0
9900,0.02998221,0
9901,0.00273327,0
9902,0.00410618,0
9903,0.00143081,0
9904,0.00076389,0
9905,0.00145610,0
9906,0.00518928,0
9907,0.00076771,0
9908,0.00321062,0
9909,0.00099786,0
9910,0.00210689,0
9911,0.00412087,0
9912,0.00170034,0
9913,0.00161619,0
9914,0.00086355,0
9915,0.00641361,0
9916,0.00157021,0
9917,0.00244393,0
9918,0.00080375,0
9919,0.00414863,0
9920,0.00065989,0
9921,0.00151063,0
9922,0.00384218,0
9923,0.01920952,0
9924,0.00089906,0
9925,0.00177840,0
9926,0.00550326,0
9927,0.00133915,0
9928,0.00140274,0
9929,0.01064284,0
9930,0.00193644,0
9931,0.00105770,0
9932,0.00453540,0
9933,0.00371947,0
9934,0.00360466,0
9935,0.00091282,0
9936,0.00320220,0
9937,0.00132208,0
9938,0.01597852,0
9939,0.00243241,0
9940,0.00082786,0
9941,0.00154620,0
9942,0.00082555,0
9943,0.00187527,0
9944,0.00061409,0
9945,0.00268997,0
9946,0.00099737,0
9947,0.00337501,0
9948,0.00434426,0
9949,0.00112348,0
9950,0.00071834,0
9951,0.00094410,0
9952,0.00191070,0
9953,0.00056543,0
9954,0.00108838,0
9955,0.00212592,0
9956,0.00223269,0
9957,0.00114892,0
9958,0.01276683,0
9959,0.00081135,0
9960,0.00202251,0
9961,0.01253783,0
9962,0.00116902,0
9963,0.02702606,0
9964,0.00261289,0
9965,0.00381091,0
9966,0.00138928,0
9967,0.00077431,0
9968,0.00149508,0
9969,0.00494722,0
9970,0.00077924,0
9971,0.00279928,0
9972,0.00091969,0
9973,0.00205265,0
9974,0.00399805,0
9975,0.00164636,0
9976,0.00141654,0
9977,0.00081700,0
9978,0.00637389,0
9979,0.00152917,0
9980,0.00257469,0
9981,0.00074859,0
9982,0.00393006,0
9983,0.00059898,0
9984,0.00147348,0
9985,0.00285805,0
9986,0.02010429,0
9987,0.00091894,0
9988,0.00167160,0
9989,0.00496396,0
9990,0.00129197,0
9991,0.00136551,0
9992,0.01066802,0
9993,0.00189272,0
9994,0.00086036,0
9995,0.00413047,0
9996,0.00386079,0
9997,0.00349521,0
9998,0.00086451,0
9999,0.00324365,0
