step,entropy,in_repeat_run
0,2.34020499,0
1,1.86359113,0
2,2.04424208,0
3,2.18829536,0
4,1.99430288,0
5,2.02195779,0
6,1.76742043,0
7,1.33220570,0
8,2.35064316,0
9,0.63963891,0
10,0.13378587,0
11,1.73579320,0
12,1.64220070,0
13,0.73819191,0
14,1.99104713,0
15,2.22554931,0
16,0.22766683,0
17,1.52102173,0
18,0.57885184,0
19,1.57282758,0
20,0.83595274,0
21,1.47997338,0
22,0.06831420,0
23,0.35720215,0
24,0.29466413,0
25,0.67553338,0
26,1.01635662,0
27,0.00262984,0
28,1.86801879,0
29,0.84165952,0
30,0.01083198,0
31,0.00853783,0
32,1.11822894,0
33,0.88233262,0
34,1.08505593,0
35,0.00465941,0
36,1.36441443,0
37,0.48611219,0
38,0.84739005,0
39,1.89624715,0
40,1.72281223,0
41,1.05535316,0
42,1.53371000,0
43,0.65243071,0
44,0.08196900,0
45,0.02886863,0
46,0.95922524,0
47,0.88840019,0
48,2.22876378,0
49,0.00155293,0
50,0.70584180,0
51,1.29932876,0
52,1.86503713,0
53,0.71246400,0
54,0.10211598,0
55,1.63134628,0
56,0.54800078,0
57,1.09086056,0
58,0.28673509,0
59,0.49102006,0
60,0.05432753,0
61,0.10363645,0
62,0.76202857,0
63,2.05011132,0
64,0.21645846,0
65,0.68758188,0
66,1.70019531,0
67,1.80621064,0
68,1.93070254,0
69,0.96476369,0
70,1.59213563,0
71,2.46457643,0
72,1.16556331,0
73,0.52686676,0
74,0.14099055,0
75,0.00020112,0
76,0.00029415,0
77,0.41143834,0
78,1.40639410,0
79,0.87118411,0
80,1.55512035,0
81,1.43248838,0
82,2.09867006,0
83,0.00085885,0
84,1.81592231,0
85,0.01643177,0
86,0.20241974,0
87,0.79625843,0
88,0.00343261,0
89,0.00028500,0
90,1.47340158,0
91,0.00050405,0
92,0.76984780,0
93,0.23437635,0
94,0.51005914,0
95,0.00742874,0
96,0.01391598,0
97,1.00524646,0
98,0.07402612,0
99,0.62729154,0
100,1.61696677,0
101,1.74650202,0
102,0.23249006,0
103,0.05671081,0
104,2.02951026,0
105,0.86284332,0
106,0.17628471,0
107,1.16054282,0
108,1.88641860,0
109,1.19955932,0
110,2.10461768,0
111,1.50504249,0
112,0.32903603,0
113,0.60543084,0
114,0.55797983,0
115,2.02522569,0
116,0.00024927,0
117,0.13658354,0
118,1.06736962,0
119,1.21167352,0
120,1.56362464,0
121,1.87262731,0
122,0.80327939,0
123,0.21360214,0
124,1.48903009,0
125,0.37881057,0
126,1.35155120,0
127,1.39449641,0
128,0.87118741,0
129,0.27509727,0
130,1.63590558,0
131,0.01194092,0
132,0.18326181,0
133,0.01078792,0
134,0.75663034,0
135,0.59801270,0
136,0.00000756,0
137,1.41527620,0
138,0.66107280,0
139,0.00000736,0
140,0.00161304,0
141,0.00014030,0
142,1.47541128,0
143,0.27310402,0
144,0.52968034,0
145,0.14168032,0
146,1.35876534,0
147,0.00448180,0
148,0.06786965,0
149,0.96318146,0
150,0.00008481,0
151,1.28661272,0
152,0.00036888,0
153,0.60559707,0
154,1.47513313,0
155,0.37822009,0
156,0.04408300,0
157,0.82681054,0
158,0.00064427,0
159,0.11875385,0
160,1.53088321,0
161,1.21187296,0
162,1.23513100,0
163,0.72868567,0
164,1.55373530,0
165,0.22193654,0
166,1.37002110,0
167,0.00042546,0
168,0.02702523,0
169,0.04841866,0
170,1.14145971,0
171,0.78763760,0
172,0.02285905,0
173,0.80518199,0
174,0.00015223,0
175,0.57406656,0
176,1.61338831,0
177,1.85272901,0
178,0.00004441,0
179,0.81460141,0
180,1.95402212,0
181,0.96924788,0
182,0.56553791,0
183,0.97987468,0
184,0.18534502,0
185,0.04213759,0
186,0.90742559,0
187,0.01407581,0
188,1.68824870,0
189,0.25640285,0
190,0.00003892,0
191,0.36681595,0
192,0.40529538,0
193,1.50431326,0
194,0.00206089,0
195,0.21199216,0
196,1.80729163,0
197,1.29205249,0
198,0.07047811,0
199,2.22554202,0
200,1.98561643,0
201,0.02379352,0
202,0.06534796,0
203,0.00361124,0
204,0.00060292,0
205,0.00001131,0
206,0.00005209,0
207,0.00184460,0
208,0.71785548,0
209,0.04445489,0
210,0.13075160,0
211,0.89350799,0
212,0.00001360,0
213,1.42435714,0
214,0.00000130,0
215,0.00898542,0
216,1.60030719,0
217,0.00008320,0
218,1.18833773,0
219,0.06212009,0
220,0.04119497,0
221,0.00101322,0
222,0.02622228,0
223,0.00000010,0
224,0.00011679,0
225,0.27600169,0
226,0.22138981,0
227,0.35919129,0
228,1.34779060,0
229,0.87013478,0
230,1.57687744,0
231,0.07118411,0
232,0.00940576,0
233,0.64159467,0
234,0.28519135,0
235,1.80421509,0
236,1.16328943,0
237,0.88271760,0
238,1.12611172,0
239,1.42736650,0
240,0.00007255,0
241,0.00039271,0
242,0.30083106,0
243,0.21169371,0
244,0.04360688,0
245,0.00126548,0
246,1.33076157,0
247,0.41673520,0
248,0.23284262,0
249,1.82008272,0
250,0.00006076,0
251,0.00014504,0
252,0.89242873,0
253,0.81482446,0
254,1.51864250,0
255,0.82763390,0
256,0.00023279,0
257,0.91756505,0
258,0.31423002,0
259,1.56108940,0
260,0.06422487,0
261,0.00215738,0
262,0.83638676,0
263,0.00394905,0
264,0.36758481,0
265,1.80663347,0
266,0.01099499,0
267,1.12386836,0
268,1.31283611,0
269,0.53854614,0
270,0.88437285,0
271,1.69221497,0
272,0.00000774,0
273,0.53037820,0
274,1.05837975,0
275,0.34535965,0
276,0.08821508,0
277,0.02469181,0
278,0.79663480,0
279,1.57678986,0
280,0.00014677,0
281,1.39553562,0
282,0.02284228,0
283,0.64526893,0
284,0.15415525,0
285,0.00000052,0
286,0.00012011,0
287,1.58756333,0
288,0.88471656,0
289,0.04404731,0
290,2.09473862,0
291,0.83244046,0
292,1.49949940,0
293,1.06087778,0
294,1.14302546,0
295,0.07706287,0
296,0.00004159,0
297,1.86747305,0
298,1.23387293,0
299,0.24536681,0
300,0.86223124,0
301,1.60853147,0
302,1.12293816,0
303,1.10920954,0
304,0.33962849,0
305,0.16446063,0
306,0.20215550,0
307,0.83126761,0
308,1.46049655,0
309,1.40330454,0
310,1.21285093,0
311,0.61964707,0
312,0.14303462,0
313,0.70588358,0
314,0.15177074,0
315,1.83291275,0
316,0.00000846,0
317,0.50579804,0
318,1.00493344,0
319,0.00003057,0
320,0.06926436,0
321,0.00271566,0
322,0.67730456,0
323,1.18334408,0
324,1.50858583,0
325,0.71882763,0
326,0.39443207,0
327,0.00229411,0
328,0.87219199,0
329,0.08240936,0
330,0.47162612,0
331,1.07149007,0
332,0.11948625,0
333,0.41866496,0
334,0.01653446,0
335,0.13748775,0
336,0.08254180,0
337,0.13029228,0
338,0.41776274,0
339,1.88723539,0
340,1.52802242,0
341,0.00065761,0
342,0.45144018,0
343,0.00450738,0
344,0.80307217,0
345,0.86601839,0
346,0.96267174,0
347,1.91030486,0
348,0.07534766,0
349,0.05917844,0
350,0.74162800,0
351,0.70882272,0
352,0.99631891,0
353,0.00086401,0
354,1.30532943,0
355,0.71861892,0
356,0.05571299,0
357,0.60062523,0
358,0.50346408,0
359,0.59878824,0
360,0.59017504,0
361,1.19810325,0
362,0.82566394,0
363,0.00007063,0
364,0.82516689,0
365,0.87380284,0
366,0.53539681,0
367,1.24137133,0
368,0.44904024,0
369,1.40072885,0
370,0.12623604,0
371,0.00008674,0
372,0.08179435,0
373,0.00201337,0
374,0.00002417,0
375,0.00009757,0
376,0.47054886,0
377,0.06766271,0
378,0.16704932,0
379,0.00012589,0
380,0.05897944,0
381,0.06667077,0
382,0.01235063,0
383,0.01513956,0
384,0.06415232,0
385,0.38641819,0
386,1.87986323,0
387,0.08102485,0
388,0.31334542,0
389,0.01917518,0
390,0.00026805,0
391,0.37282128,0
392,0.49896189,0
393,0.71380260,0
394,0.12720040,0
395,0.01302385,0
396,0.00004333,0
397,0.00478421,0
398,0.00019521,0
399,0.00008108,0
400,1.71774371,0
401,0.01100990,0
402,0.14262426,0
403,0.00525078,0
404,0.07273062,0
405,0.02436909,0
406,0.00159559,0
407,0.00179693,0
408,0.00002635,0
409,0.51382260,0
410,0.09961073,0
411,0.00284241,0
412,0.00272668,0
413,0.00005516,0
414,0.00147804,0
415,0.00024960,0
416,0.15287049,0
417,0.09576742,0
418,0.00171584,0
419,0.00005078,0
420,0.00008483,0
421,0.00671416,0
422,0.00335690,0
423,0.00047808,0
424,0.00099041,0
425,0.00137278,0
426,0.00011064,0
427,0.00015417,0
428,0.00011657,0
429,0.34372215,0
430,1.52542444,0
431,0.29208508,0
432,0.00005721,0
433,0.03066574,0
434,0.00009025,0
435,1.33485201,0
436,0.51270606,0
437,0.00002305,0
438,1.59693690,0
439,2.31130117,0
440,1.19062108,0
441,0.02916391,0
442,0.05224692,0
443,0.01500569,0
444,0.00017710,0
445,0.00013769,0
446,0.01116301,0
447,0.82471202,0
448,1.64649009,0
449,2.20206402,0
450,0.08997314,0
451,0.49561730,0
452,0.17146427,0
453,0.82161354,0
454,0.87986594,0
455,0.51250388,0
456,0.43549899,0
457,0.00276287,0
458,0.47997279,0
459,1.78684927,0
460,0.11427582,0
461,0.06347781,0
462,1.47842687,0
463,0.42779094,0
464,0.63655554,0
465,1.15796883,0
466,0.21071404,0
467,0.27383969,0
468,0.81708901,0
469,0.00005361,0
470,0.75786310,0
471,0.71092412,0
472,0.00006450,0
473,0.00009177,0
474,1.20344326,0
475,0.89306187,0
476,1.19839505,0
477,0.26263996,0
478,0.71290813,0
479,0.11969248,0
480,0.13683505,0
481,1.27456335,0
482,1.66395986,0
483,1.23781507,0
484,1.75146081,0
485,1.61346669,0
486,1.36266363,0
487,0.69983134,0
488,0.21530973,0
489,0.24736850,0
490,1.09583539,0
491,0.07386880,0
492,0.25121983,0
493,1.52777893,0
494,0.61103280,0
495,1.13123113,0
496,0.08417492,0
497,0.10690298,0
498,0.02100231,0
499,0.00312213,0
500,0.00703691,0
501,0.00078577,0
502,0.00100673,0
503,0.71127400,0
504,0.96563194,0
505,1.72924400,0
506,0.68267843,0
507,1.40011046,0
508,1.61027322,0
509,0.00481043,0
510,0.49683229,0
511,0.00001638,0
512,1.65150257,0
513,0.00136897,0
514,0.19775263,0
515,2.04486884,0
516,0.71642864,0
517,0.78734145,0
518,1.97690572,0
519,0.31361596,0
520,0.74809603,0
521,0.00629809,0
522,0.04086578,0
523,0.07101898,0
524,0.43306197,0
525,0.00019975,0
526,0.01315529,0
527,0.00938644,0
528,0.09526853,0
529,0.31561856,0
530,1.75862314,0
531,0.17116699,0
532,0.33467911,0
533,0.88691617,0
534,2.35734483,0
535,0.05131744,0
536,1.07487007,0
537,2.25381943,0
538,0.01432771,0
539,0.92179822,0
540,0.26509213,0
541,0.00620573,0
542,0.48181182,0
543,1.52252660,0
544,1.06337474,0
545,0.09163983,0
546,0.00617912,0
547,0.58281149,0
548,0.00044641,0
549,0.04624651,0
550,1.62332729,0
551,0.67647261,0
552,0.40406935,0
553,1.76862699,0
554,0.07970580,0
555,0.47745952,0
556,0.00888515,0
557,0.00351485,0
558,0.01129178,0
559,0.00185907,0
560,0.00264742,0
561,0.28926905,0
562,0.02826636,0
563,0.01867992,0
564,0.03693142,0
565,0.02918497,0
566,0.06856963,0
567,0.00139368,0
568,0.03619152,0
569,0.00078240,0
570,0.03041051,0
571,0.00723816,0
572,0.00420388,0
573,0.00644860,0
574,0.00481394,0
575,0.04507672,0
576,0.06435478,0
577,0.00393960,0
578,0.00395128,0
579,0.00092802,0
580,0.00236000,0
581,0.00203037,0
582,0.00128115,0
583,0.00057973,0
584,0.00098439,0
585,0.00169049,0
586,0.00213400,0
587,0.00096594,0
588,0.00846373,0
589,0.00130474,0
590,0.00433892,0
591,0.00084216,0
592,0.00756587,0
593,0.00112918,0
594,0.00140948,0
595,0.00109800,0
596,0.00064675,0
597,0.00167476,0
598,0.00145433,0
599,0.00211112,0
600,0.00166256,0
601,0.00166440,0
602,0.00234435,0
603,0.00164445,0
604,0.00049100,0
605,0.00142598,0
606,0.00241802,0
607,0.13202317,0
608,1.49521750,0
609,0.00214242,0
610,0.23937641,0
611,0.00701181,0
612,0.00045816,0
613,0.00046495,0
614,0.06019506,0
615,0.00572922,0
616,0.00643811,0
617,0.00186985,0
618,0.00329608,0
619,0.00567887,0
620,0.00105410,0
621,0.00095415,0
622,0.00162289,0
623,0.00231496,0
624,0.00054777,0
625,0.00092444,0
626,0.00027085,0
627,0.00068704,0
628,0.00071635,0
629,0.00088401,0
630,0.00577507,0
631,0.15627920,0
632,1.18971444,0
633,0.05033864,0
634,0.03476648,0
635,0.06178185,0
636,0.00504039,0
637,0.00577757,0
638,0.00320412,0
639,0.00388338,0
640,0.01269783,0
641,0.00150353,0
642,0.00183534,0
643,0.02722496,0
644,0.00345425,0
645,0.00465743,0
646,0.00785478,0
647,0.00630786,0
648,0.00962177,0
649,0.00134422,0
650,0.00465404,0
651,0.00066297,0
652,0.00710029,0
653,0.00288304,0
654,0.00300641,0
655,0.00279125,0
656,0.00413998,0
657,0.02303100,0
658,0.02069049,0
659,0.00212818,0
660,0.00246509,0
661,0.00059603,0
662,0.00171719,0
663,0.00138802,0
664,0.00206314,0
665,0.00118130,0
666,0.00096603,0
667,0.00165970,0
668,0.00282842,0
669,0.00172519,0
670,0.00893868,0
671,0.00161396,0
672,0.00395566,0
673,0.00093512,0
674,0.00725761,0
675,0.00194682,0
676,0.00170661,0
677,0.00139564,0
678,0.00048324,0
679,0.00171404,0
680,0.00210862,0
681,0.00253413,0
682,0.00187382,0
683,0.00267338,0
684,0.00274075,0
685,0.00188047,0
686,0.00062579,0
687,0.00147343,0
688,0.00217000,0
689,0.03904064,0
690,0.15583211,0
691,0.00151931,0
692,0.00661283,0
693,0.00099024,0
694,0.00079494,0
695,0.00063619,0
696,0.00309434,0
697,0.00311252,0
698,0.00216830,0
699,0.00243461,0
700,0.00298265,0
701,0.00506259,0
702,0.00141869,0
703,0.00137530,0
704,0.00159283,0
705,0.00244701,0
706,0.00212712,0
707,0.00180160,0
708,0.00058978,0
709,0.00278400,0
710,0.00179495,0
711,0.00136258,0
712,0.00580853,0
713,0.20664488,0
714,0.72116792,0
715,0.01824370,0
716,0.02089073,0
717,0.01261261,0
718,0.00699588,0
719,0.00470248,0
720,0.00432453,0
721,0.00499816,0
722,0.01260783,0
723,0.00245178,0
724,0.00197616,0
725,0.02231051,0
726,0.00319969,0
727,0.00351227,0
728,0.00598660,0
729,0.00492711,0
730,0.00627473,0
731,0.00204931,0
732,0.00473070,0
733,0.00130185,0
734,0.01240287,0
735,0.00334244,0
736,0.00342910,0
737,0.00276722,0
738,0.00538667,0
739,0.01421675,0
740,0.02175386,0
741,0.00207802,0
742,0.00280030,0
743,0.00085755,0
744,0.00223855,0
745,0.00160117,0
746,0.00281752,0
747,0.00105576,0
748,0.00120296,0
749,0.00210715,0
750,0.00276749,0
751,0.00219336,0
752,0.01020933,0
753,0.00224530,0
754,0.00253219,0
755,0.00108759,0
756,0.00836157,0
757,0.00202717,0
758,0.00152321,0
759,0.00139223,0
760,0.00043680,0
761,0.00226077,0
762,0.00258793,0
763,0.00272966,0
764,0.00208931,0
765,0.00315649,0
766,0.00246431,0
767,0.00181344,0
768,0.00063212,0
769,0.00158980,0
770,0.00239190,0
771,0.00876453,0
772,0.03149809,0
773,0.00109302,0
774,0.00527224,0
775,0.00125818,0
776,0.00084266,0
777,0.00080231,0
778,0.00288814,0
779,0.00336757,0
780,0.00183751,0
781,0.00220399,0
782,0.00274448,0
783,0.00363642,0
784,0.00185211,0
785,0.00163128,0
786,0.00161180,0
787,0.00218686,0
788,0.00306537,0
789,0.00212709,0
790,0.00063438,0
791,0.00256019,0
792,0.00163471,0
793,0.00134042,0
794,0.00714597,0
795,0.19554898,0
796,0.36711539,0
797,0.01264373,0
798,0.01759022,0
799,0.01047737,0
800,0.00704088,0
801,0.00411841,0
802,0.00468058,0
803,0.00462650,0
804,0.01344438,0
805,0.00309874,0
806,0.00205769,0
807,0.01699457,0
808,0.00299727,0
809,0.00287773,0
810,0.00570205,0
811,0.00426469,0
812,0.00666236,0
813,0.00213335,0
814,0.00515019,0
815,0.00142486,0
816,0.01346593,0
817,0.00528221,0
818,0.00329095,0
819,0.00286529,0
820,0.00486737,0
821,0.01036728,0
822,0.01402742,0
823,0.00188254,0
824,0.00277330,0
825,0.00088940,0
826,0.00212734,0
827,0.00168408,0
828,0.00256706,0
829,0.00110941,0
830,0.00140094,0
831,0.00173310,0
832,0.00210685,0
833,0.00233974,0
834,0.00923552,0
835,0.00210709,0
836,0.00235552,0
837,0.00104776,0
838,0.00884015,0
839,0.00182231,0
840,0.00144730,0
841,0.00119182,0
842,0.00040700,0
843,0.00237742,0
844,0.00269003,0
845,0.00274771,0
846,0.00178063,0
847,0.00300098,0
848,0.00238187,0
849,0.00182500,0
850,0.00074040,0
851,0.00151862,0
852,0.00218424,0
853,0.00466720,0
854,0.02647047,0
855,0.00085154,0
856,0.00441685,0
857,0.00137187,0
858,0.00085729,0
859,0.00097240,0
860,0.00300914,0
861,0.00312924,0
862,0.00181921,0
863,0.00216064,0
864,0.00280630,0
865,0.00279580,0
866,0.00217507,0
867,0.00158081,0
868,0.00162368,0
869,0.00203006,0
870,0.00310175,0
871,0.00223250,0
872,0.00058035,0
873,0.00201250,0
874,0.00139629,0
875,0.00131263,0
876,0.00737443,0
877,0.15442472,0
878,0.19337245,0
879,0.00871999,0
880,0.01112503,0
881,0.00808078,0
882,0.00584558,0
883,0.00369455,0
884,0.00436287,0
885,0.00407372,0
886,0.01071070,0
887,0.00253034,0
888,0.00185089,0
889,0.01221925,0
890,0.00257480,0
891,0.00242566,0
892,0.00477816,0
893,0.00318292,0
894,0.00604505,0
895,0.00217108,0
896,0.00524926,0
897,0.00219704,0
898,0.01523140,0
899,0.00408153,0
900,0.00342462,0
901,0.00288482,0
902,0.00572523,0
903,0.00809812,0
904,0.01092978,0
905,0.00188140,0
906,0.00299904,0
907,0.00108329,0
908,0.00223809,0
909,0.00200903,0
910,0.00325109,0
911,0.00112087,0
912,0.00160846,0
913,0.00177179,0
914,0.00179764,0
915,0.00222075,0
916,0.01050115,0
917,0.00251889,0
918,0.00282907,0
919,0.00117009,0
920,0.01008685,0
921,0.00188650,0
922,0.00143424,0
923,0.00134288,0
924,0.00050134,0
925,0.00259848,0
926,0.00339986,0
927,0.00324374,0
928,0.00198943,0
929,0.00345615,0
930,0.00243734,0
931,0.00206929,0
932,0.00089297,0
933,0.00169440,0
934,0.00228400,0
935,0.00334566,0
936,0.02403634,0
937,0.00088275,0
938,0.00430582,0
939,0.00158727,0
940,0.00094585,0
941,0.00107413,0
942,0.00272543,0
943,0.00345389,0
944,0.00177807,0
945,0.00214991,0
946,0.00315165,0
947,0.00251632,0
948,0.00220217,0
949,0.00162852,0
950,0.00167414,0
951,0.00200167,0
952,0.00256554,0
953,0.00268798,0
954,0.00063540,0
955,0.00281303,0
956,0.00135826,0
957,0.00135481,0
958,0.00893822,0
959,0.10987324,0
960,0.11164478,0
961,0.00713271,0
962,0.00790537,0
963,0.00748071,0
964,0.00589622,0
965,0.00330569,0
966,0.00380652,0
967,0.00382467,0
968,0.01224683,0
969,0.00238773,0
970,0.00200026,0
971,0.00880555,0
972,0.00214324,0
973,0.00216981,0
974,0.00523726,0
975,0.00309002,0
976,0.00636359,0
977,0.00226123,0
978,0.00556620,0
979,0.00197479,0
980,0.01463022,0
981,0.00465941,0
982,0.00334007,0
983,0.00283422,0
984,0.00525879,0
985,0.00683028,0
986,0.00923412,0
987,0.00169171,0
988,0.00312982,0
989,0.00108072,0
990,0.00241477,0
991,0.00206836,0
992,0.00406971,0
993,0.00127856,0
994,0.00177242,0
995,0.00201570,0
996,0.00174146,0
997,0.00235471,0
998,0.01138234,0
999,0.00265921,0
1000,0.00311620,0
1001,0.00121225,0
1002,0.01202066,0
1003,0.00199912,0
1004,0.00147534,0
1005,0.00136843,0
1006,0.00052686,0
1007,0.00245913,0
1008,0.00341922,0
1009,0.00374784,0
1010,0.00205181,0
1011,0.00421410,0
1012,0.00254493,0
1013,0.00219683,0
1014,0.00099115,0
1015,0.00177486,0
1016,0.00229674,0
1017,0.00322603,0
1018,0.02134078,0
1019,0.00085263,0
1020,0.00415355,0
1021,0.00170120,0
1022,0.00102925,0
1023,0.00120380,0
1024,0.00284366,0
1025,0.00350860,0
1026,0.00195662,0
1027,0.00241350,0
1028,0.00350087,0
1029,0.00238254,0
1030,0.00220560,0
1031,0.00177797,0
1032,0.00178906,0
1033,0.00213780,0
1034,0.00198807,0
1035,0.00312353,0
1036,0.00066576,0
1037,0.00219972,0
1038,0.00145907,0
1039,0.00145386,0
1040,0.00873967,0
1041,0.08386401,0
1042,0.07709719,0
1043,0.00575559,0
1044,0.00666806,0
1045,0.00774051,0
1046,0.00573090,0
1047,0.00326173,0
1048,0.00364242,0
1049,0.00324626,0
1050,0.01194838,0
1051,0.00245833,0
1052,0.00207319,0
1053,0.00762909,0
1054,0.00196927,0
1055,0.00228129,0
1056,0.00454121,0
1057,0.00298029,0
1058,0.00605721,0
1059,0.00245594,0
1060,0.00566078,0
1061,0.00219146,0
1062,0.01668175,0
1063,0.00451420,0
1064,0.00323496,0
1065,0.00253958,0
1066,0.00520762,0
1067,0.00603104,0
1068,0.00780161,0
1069,0.00170575,0
1070,0.00318552,0
1071,0.00110636,0
1072,0.00272555,0
1073,0.00214533,0
1074,0.00397064,0
1075,0.00125528,0
1076,0.00187244,0
1077,0.00193425,0
1078,0.00166086,0
1079,0.00222336,0
1080,0.01118502,0
1081,0.00284414,0
1082,0.00332576,0
1083,0.00117254,0
1084,0.01161387,0
1085,0.00199917,0
1086,0.00148594,0
1087,0.00164579,0
1088,0.00056516,0
1089,0.00245021,0
1090,0.00355808,0
1091,0.00368538,0
1092,0.00206330,0
1093,0.00338873,0
1094,0.00225173,0
1095,0.00227683,0
1096,0.00103780,0
1097,0.00173238,0
1098,0.00220239,0
1099,0.00273367,0
1100,0.01759915,0
1101,0.00088065,0
1102,0.00376452,0
1103,0.00193607,0
1104,0.00102631,0
1105,0.00119106,0
1106,0.00279032,0
1107,0.00337915,0
1108,0.00195220,0
1109,0.00252567,0
1110,0.00355476,0
1111,0.00226779,0
1112,0.00191011,0
1113,0.00181578,0
1114,0.00177938,0
1115,0.00187826,0
1116,0.00243116,0
1117,0.00335125,0
1118,0.00072358,0
1119,0.00208824,0
1120,0.00145160,0
1121,0.00141121,0
1122,0.00797849,0
1123,0.06111804,0
1124,0.05217541,0
1125,0.00498172,0
1126,0.00498285,0
1127,0.00744040,0
1128,0.00532808,0
1129,0.00300818,0
1130,0.00348024,0
1131,0.00288726,0
1132,0.01212266,0
1133,0.00202991,0
1134,0.00195449,0
1135,0.00639554,0
1136,0.00160603,0
1137,0.00205623,0
1138,0.00395300,0
1139,0.00270467,0
1140,0.00668463,0
1141,0.00263578,0
1142,0.00563949,0
1143,0.00173103,0
1144,0.01718875,0
1145,0.00494426,0
1146,0.00329407,0
1147,0.00259221,0
1148,0.00537747,0
1149,0.00569940,0
1150,0.00621713,0
1151,0.00156168,0
1152,0.00288489,0
1153,0.00109861,0
1154,0.00262041,0
1155,0.00197880,0
1156,0.00346988,0
1157,0.00115573,0
1158,0.00171988,0
1159,0.00185655,0
1160,0.00163584,0
1161,0.00228593,0
1162,0.01162196,0
1163,0.00270549,0
1164,0.00348832,0
1165,0.00113753,0
1166,0.01063271,0
1167,0.00197553,0
1168,0.00142497,0
1169,0.00157895,0
1170,0.00056549,0
1171,0.00229482,0
1172,0.00336855,0
1173,0.00379884,0
1174,0.00195296,0
1175,0.00336591,0
1176,0.00216308,0
1177,0.00218270,0
1178,0.00186366,0
1179,0.00177734,0
1180,0.00204874,0
1181,0.00264057,0
1182,0.01710384,0
1183,0.00084228,0
1184,0.00366944,0
1185,0.00230292,0
1186,0.00087982,0
1187,0.00113531,0
1188,0.00282172,0
1189,0.00360768,0
1190,0.00170179,0
1191,0.00248970,0
1192,0.00325607,0
1193,0.00196084,0
1194,0.00153404,0
1195,0.00157588,0
1196,0.00175141,0
1197,0.00177104,0
1198,0.00341322,0
1199,0.00335987,0
1200,0.00077582,0
1201,0.00215012,0
1202,0.00144653,0
1203,0.00140754,0
1204,0.00867824,0
1205,0.05038364,0
1206,0.03831304,0
1207,0.00394644,0
1208,0.00412746,0
1209,0.00662895,0
1210,0.00465304,0
1211,0.00266254,0
1212,0.00321097,0
1213,0.00265849,0
1214,0.00931207,0
1215,0.00197739,0
1216,0.00186673,0
1217,0.00564099,0
1218,0.00153840,0
1219,0.00198085,0
1220,0.00373947,0
1221,0.00248411,0
1222,0.00666521,0
1223,0.00247402,0
1224,0.00527461,0
1225,0.00185003,0
1226,0.01884524,0
1227,0.00461542,0
1228,0.00297595,0
1229,0.00253027,0
1230,0.00491254,0
1231,0.00496915,0
1232,0.00521752,0
1233,0.00149455,0
1234,0.00293654,0
1235,0.00099291,0
1236,0.00259754,0
1237,0.00186579,0
1238,0.00362502,0
1239,0.00117598,0
1240,0.00173119,0
1241,0.00175473,0
1242,0.00156078,0
1243,0.00226358,0
1244,0.01187826,0
1245,0.00254947,0
1246,0.00325434,0
1247,0.00111747,0
1248,0.01102623,0
1249,0.00203853,0
1250,0.00140896,0
1251,0.00165852,0
1252,0.00051885,0
1253,0.00244076,0
1254,0.00356216,0
1255,0.00370658,0
1256,0.00219744,0
1257,0.00367477,0
1258,0.00224323,0
1259,0.00232342,0
1260,0.00118485,0
1261,0.00181467,0
1262,0.00197077,0
1263,0.00227307,0
1264,0.01730998,0
1265,0.00080597,0
1266,0.00332574,0
1267,0.00204601,0
1268,0.00095969,0
1269,0.00107041,0
1270,0.00313803,0
1271,0.00357377,0
1272,0.00177984,0
1273,0.00238189,0
1274,0.00494454,0
1275,0.00192714,0
1276,0.00148803,0
1277,0.00163009,0
1278,0.00178269,0
1279,0.00158769,0
1280,0.00213572,0
1281,0.00357167,0
1282,0.00070351,0
1283,0.00220255,0
1284,0.00142980,0
1285,0.00137593,0
1286,0.00907081,0
1287,0.04098970,0
1288,0.03181918,0
1289,0.00366631,0
1290,0.00365707,0
1291,0.00654285,0
1292,0.00444266,0
1293,0.00261432,0
1294,0.00308151,0
1295,0.00253275,0
1296,0.00989774,0
1297,0.00185177,0
1298,0.00187333,0
1299,0.00494467,0
1300,0.00134663,0
1301,0.00188659,0
1302,0.00299895,0
1303,0.00232056,0
1304,0.00618114,0
1305,0.00228497,0
1306,0.00535613,0
1307,0.00180405,0
1308,0.02085084,0
1309,0.00624997,0
1310,0.00286315,0
1311,0.00251136,0
1312,0.00455828,0
1313,0.00429223,0
1314,0.00427100,0
1315,0.00146645,0
1316,0.00279284,0
1317,0.00104173,0
1318,0.00274909,0
1319,0.00189228,0
1320,0.00369888,0
1321,0.00092666,0
1322,0.00168096,0
1323,0.00157639,0
1324,0.00141331,0
1325,0.00219220,0
1326,0.01219567,0
1327,0.00262560,0
1328,0.00342521,0
1329,0.00111025,0
1330,0.01057795,0
1331,0.00199374,0
1332,0.00137163,0
1333,0.00151376,0
1334,0.00050332,0
1335,0.00205095,0
1336,0.00346445,0
1337,0.00400259,0
1338,0.00196678,0
1339,0.00297963,0
1340,0.00203080,0
1341,0.00234298,0
1342,0.00167593,0
1343,0.00173976,0
1344,0.00182021,0
1345,0.00214865,0
1346,0.01663686,0
1347,0.00074737,0
1348,0.00318739,0
1349,0.00187745,0
1350,0.00084150,0
1351,0.00130939,0
1352,0.00271655,0
1353,0.00351237,0
1354,0.00158810,0
1355,0.00249536,0
1356,0.00360191,0
1357,0.00186202,0
1358,0.00135544,0
1359,0.00152225,0
1360,0.00187836,0
1361,0.00155607,0
1362,0.00213843,0
1363,0.00329232,0
1364,0.00069230,0
1365,0.00259035,0
1366,0.00140280,0
1367,0.00137770,0
1368,0.00908037,0
1369,0.03433298,0
1370,0.02338277,0
1371,0.00304402,0
1372,0.00314829,0
1373,0.00666871,0
1374,0.00462599,0
1375,0.00243595,0
1376,0.00283841,0
1377,0.00231013,0
1378,0.00845902,0
1379,0.00165586,0
1380,0.00191956,0
1381,0.00440642,0
1382,0.00120528,0
1383,0.00177297,0
1384,0.00310899,0
1385,0.00208598,0
1386,0.00639457,0
1387,0.00224933,0
1388,0.00537578,0
1389,0.00166564,0
1390,0.01912661,0
1391,0.00430674,0
1392,0.00270060,0
1393,0.00260361,0
1394,0.00430318,0
1395,0.00407124,0
1396,0.00411047,0
1397,0.00137305,0
1398,0.00281932,0
1399,0.00098104,0
1400,0.00285048,0
1401,0.00181722,0
1402,0.00541648,0
1403,0.00095929,0
1404,0.00166828,0
1405,0.00162517,0
1406,0.00131609,0
1407,0.00225399,0
1408,0.01199064,0
1409,0.00253945,0
1410,0.00326688,0
1411,0.00114824,0
1412,0.01033555,0
1413,0.00198722,0
1414,0.00140314,0
1415,0.00152461,0
1416,0.00051189,0
1417,0.00202393,0
1418,0.00349619,0
1419,0.00399432,0
1420,0.00196922,0
1421,0.00369346,0
1422,0.00203484,0
1423,0.00256479,0
1424,0.00129803,0
1425,0.00172838,0
1426,0.00178967,0
1427,0.00227441,0
1428,0.01548149,0
1429,0.00073722,0
1430,0.00308955,0
1431,0.00235443,0
1432,0.00091160,0
1433,0.00126381,0
1434,0.00307014,0
1435,0.00329187,0
1436,0.00164625,0
1437,0.00249817,0
1438,0.00386518,0
1439,0.00172559,0
1440,0.00138510,0
1441,0.00157262,0
1442,0.00181091,0
1443,0.00144188,0
1444,0.00174101,0
1445,0.00366738,0
1446,0.00067393,0
1447,0.00367949,0
1448,0.00128530,0
1449,0.00143044,0
1450,0.01022138,0
1451,0.03029886,0
1452,0.01927226,0
1453,0.00310181,0
1454,0.00296234,0
1455,0.00670631,0
1456,0.00445831,0
1457,0.00248320,0
1458,0.00264623,0
1459,0.00216207,0
1460,0.00808911,0
1461,0.00144870,0
1462,0.00185007,0
1463,0.00431190,0
1464,0.00117133,0
1465,0.00179593,0
1466,0.00323498,0
1467,0.00208846,0
1468,0.00679146,0
1469,0.00228704,0
1470,0.00562948,0
1471,0.00166814,0
1472,0.01992118,0
1473,0.00630277,0
1474,0.00257116,0
1475,0.00220006,0
1476,0.00420570,0
1477,0.00393578,0
1478,0.00391025,0
1479,0.00148363,0
1480,0.00284112,0
1481,0.00101378,0
1482,0.00296668,0
1483,0.00179942,0
1484,0.00460757,0
1485,0.00096646,0
1486,0.00183324,0
1487,0.00172680,0
1488,0.00135912,0
1489,0.00222903,0
1490,0.01264942,0
1491,0.00258300,0
1492,0.00359062,0
1493,0.00110605,0
1494,0.01084958,0
1495,0.00199960,0
1496,0.00130674,0
1497,0.00153503,0
1498,0.00056993,0
1499,0.00193287,0
1500,0.00336445,0
1501,0.00404052,0
1502,0.00198348,0
1503,0.00304500,0
1504,0.00198871,0
1505,0.00270180,0
1506,0.00140222,0
1507,0.00165868,0
1508,0.00182870,0
1509,0.00197886,0
1510,0.01532767,0
1511,0.00072304,0
1512,0.00294699,0
1513,0.00228767,0
1514,0.00090374,0
1515,0.00129472,0
1516,0.00306143,0
1517,0.00307496,0
1518,0.00172216,0
1519,0.00253805,0
1520,0.00421311,0
1521,0.00179940,0
1522,0.00144451,0
1523,0.00161911,0
1524,0.00186852,0
1525,0.00148024,0
1526,0.00410763,0
1527,0.00382724,0
1528,0.00070496,0
1529,0.00232955,0
1530,0.00153190,0
1531,0.00151932,0
1532,0.01061378,0
1533,0.02594113,0
1534,0.01504960,0
1535,0.00261300,0
1536,0.00270839,0
1537,0.00660922,0
1538,0.00455660,0
1539,0.00238206,0
1540,0.00275374,0
1541,0.00220209,0
1542,0.00839480,0
1543,0.00155426,0
1544,0.00190409,0
1545,0.00422874,0
1546,0.00120630,0
1547,0.00174627,0
1548,0.00311257,0
1549,0.00202156,0
1550,0.00669228,0
1551,0.00261355,0
1552,0.00545400,0
1553,0.00172525,0
1554,0.02051527,0
1555,0.00456694,0
1556,0.00291214,0
1557,0.00238626,0
1558,0.00439677,0
1559,0.00427060,0
1560,0.00403021,0
1561,0.00137440,0
1562,0.00292231,0
1563,0.00101914,0
1564,0.00292118,0
1565,0.00188231,0
1566,0.00406941,0
1567,0.00110482,0
1568,0.00178751,0
1569,0.00179555,0
1570,0.00135114,0
1571,0.00220108,0
1572,0.01187136,0
1573,0.00262466,0
1574,0.00364205,0
1575,0.00111799,0
1576,0.01144627,0
1577,0.00205351,0
1578,0.00133360,0
1579,0.00170954,0
1580,0.00062504,0
1581,0.00207280,0
1582,0.00378310,0
1583,0.00411503,0
1584,0.00213906,0
1585,0.00507421,0
1586,0.00201302,0
1587,0.00273010,0
1588,0.00178513,0
1589,0.00193620,0
1590,0.00183432,0
1591,0.00200527,0
1592,0.01677901,0
1593,0.00069726,0
1594,0.00281222,0
1595,0.00274678,0
1596,0.00093860,0
1597,0.00124273,0
1598,0.00359924,0
1599,0.00325022,0
1600,0.00178714,0
1601,0.00253652,0
1602,0.00451272,0
1603,0.00173384,0
1604,0.00135246,0
1605,0.00170153,0
1606,0.00200854,0
1607,0.00149713,0
1608,0.00230326,0
1609,0.00391614,0
1610,0.00076104,0
1611,0.00229925,0
1612,0.00142481,0
1613,0.00157814,0
1614,0.01142758,0
1615,0.02208092,0
1616,0.01340422,0
1617,0.00262541,0
1618,0.00254441,0
1619,0.00657380,0
1620,0.00437186,0
1621,0.00248228,0
1622,0.00271777,0
1623,0.00215035,0
1624,0.00870504,0
1625,0.00150650,0
1626,0.00202105,0
1627,0.00426273,0
1628,0.00106114,0
1629,0.00177563,0
1630,0.00308296,0
1631,0.00225434,0
1632,0.00647170,0
1633,0.00239953,0
1634,0.00569664,0
1635,0.00171068,0
1636,0.02161173,0
1637,0.00616977,0
1638,0.00297527,0
1639,0.00254307,0
1640,0.00479112,0
1641,0.00446830,0
1642,0.00360787,0
1643,0.00143558,0
1644,0.00305658,0
1645,0.00102591,0
1646,0.00293072,0
1647,0.00194879,0
1648,0.00466141,0
1649,0.00107869,0
1650,0.00175399,0
1651,0.00195872,0
1652,0.00134758,0
1653,0.00241990,0
1654,0.01226111,0
1655,0.00262538,0
1656,0.00387445,0
1657,0.00118364,0
1658,0.01045658,0
1659,0.00214473,0
1660,0.00135234,0
1661,0.00165793,0
1662,0.00071744,0
1663,0.00216628,0
1664,0.00375518,0
1665,0.00398941,0
1666,0.00208293,0
1667,0.00322804,0
1668,0.00198923,0
1669,0.00273625,0
1670,0.00106168,0
1671,0.00189505,0
1672,0.00182710,0
1673,0.00200659,0
1674,0.01787677,0
1675,0.00080089,0
1676,0.00303193,0
1677,0.00254164,0
1678,0.00088766,0
1679,0.00130009,0
1680,0.00357800,0
1681,0.00337565,0
1682,0.00201480,0
1683,0.00258260,0
1684,0.00428593,0
1685,0.00194625,0
1686,0.00129422,0
1687,0.00172303,0
1688,0.00202969,0
1689,0.00161861,0
1690,0.00256937,0
1691,0.00390330,0
1692,0.00075476,0
1693,0.00233521,0
1694,0.00139502,0
1695,0.00161745,0
1696,0.01035660,0
1697,0.02311219,0
1698,0.01301868,0
1699,0.00255466,0
1700,0.00255505,0
1701,0.00679349,0
1702,0.00447838,0
1703,0.00251659,0
1704,0.00293567,0
1705,0.00219175,0
1706,0.00869937,0
1707,0.00145019,0
1708,0.00203857,0
1709,0.00421513,0
1710,0.00108077,0
1711,0.00174667,0
1712,0.00283266,0
1713,0.00219398,0
1714,0.00653558,0
1715,0.00247952,0
1716,0.00548429,0
1717,0.00166173,0
1718,0.02377600,0
1719,0.00549710,0
1720,0.00291829,0
1721,0.00246110,0
1722,0.00522204,0
1723,0.00427598,0
1724,0.00374271,0
1725,0.00149002,0
1726,0.00307431,0
1727,0.00107624,0
1728,0.00311681,0
1729,0.00186263,0
1730,0.00502975,0
1731,0.00104888,0
1732,0.00194715,0
1733,0.00200518,0
1734,0.00133992,0
1735,0.00234432,0
1736,0.01208004,0
1737,0.00295048,0
1738,0.00393986,0
1739,0.00128168,0
1740,0.01162053,0
1741,0.00214534,0
1742,0.00137555,0
1743,0.00166614,0
1744,0.00071967,0
1745,0.00212067,0
1746,0.00390528,0
1747,0.00426196,0
1748,0.00219363,0
1749,0.00435527,0
1750,0.00216246,0
1751,0.00285849,0
1752,0.00130460,0
1753,0.00194733,0
1754,0.00193350,0
1755,0.00216065,0
1756,0.01764163,0
1757,0.00078002,0
1758,0.00312522,0
1759,0.00261756,0
1760,0.00099999,0
1761,0.00153607,0
1762,0.00370430,0
1763,0.00362179,0
1764,0.00204393,0
1765,0.00278177,0
1766,0.00364818,0
1767,0.00207670,0
1768,0.00124078,0
1769,0.00179385,0
1770,0.00217109,0
1771,0.00160605,0
1772,0.00249272,0
1773,0.00406516,0
1774,0.00076677,0
1775,0.00203675,0
1776,0.00144085,0
1777,0.00168630,0
1778,0.01201756,0
1779,0.02107506,0
1780,0.01150455,0
1781,0.00270341,0
1782,0.00257919,0
1783,0.00690352,0
1784,0.00482714,0
1785,0.00243159,0
1786,0.00277653,0
1787,0.00227706,0
1788,0.00926967,0
1789,0.00161350,0
1790,0.00203909,0
1791,0.00443974,0
1792,0.00106140,0
1793,0.00187561,0
1794,0.00290995,0
1795,0.00221481,0
1796,0.00715358,0
1797,0.00243268,0
1798,0.00569924,0
1799,0.00158577,0
1800,0.02156316,0
1801,0.00623587,0
1802,0.00292364,0
1803,0.00264463,0
1804,0.00517150,0
1805,0.00450886,0
1806,0.00340998,0
1807,0.00153622,0
1808,0.00332706,0
1809,0.00110827,0
1810,0.00315760,0
1811,0.00198616,0
1812,0.00696008,0
1813,0.00101809,0
1814,0.00183768,0
1815,0.00198707,0
1816,0.00134549,0
1817,0.00247458,0
1818,0.01272046,0
1819,0.00272410,0
1820,0.00415263,0
1821,0.00124495,0
1822,0.01022965,0
1823,0.00221226,0
1824,0.00141892,0
1825,0.00190086,0
1826,0.00069496,0
1827,0.00204881,0
1828,0.00398884,0
1829,0.00444310,0
1830,0.00215047,0
1831,0.00371558,0
1832,0.00215575,0
1833,0.00301148,0
1834,0.00161728,0
1835,0.00202518,0
1836,0.00193953,0
1837,0.00210087,0
1838,0.01786631,0
1839,0.00081759,0
1840,0.00304157,0
1841,0.00261586,0
1842,0.00089435,0
1843,0.00134993,0
1844,0.00353946,0
1845,0.00345721,0
1846,0.00191957,0
1847,0.00265300,0
1848,0.00417701,0
1849,0.00202565,0
1850,0.00114121,0
1851,0.00169704,0
1852,0.00212413,0
1853,0.00161891,0
1854,0.00480407,0
1855,0.00443789,0
1856,0.00074986,0
1857,0.00191295,0
1858,0.00133625,0
1859,0.00170677,0
1860,0.01264102,0
1861,0.01966812,0
1862,0.01111442,0
1863,0.00237768,0
1864,0.00264149,0
1865,0.00677018,0
1866,0.00441417,0
1867,0.00240074,0
1868,0.00264193,0
1869,0.00215692,0
1870,0.00860718,0
1871,0.00150197,0
1872,0.00215100,0
1873,0.00426085,0
1874,0.00095126,0
1875,0.00182151,0
1876,0.00297612,0
1877,0.00217762,0
1878,0.00670910,0
1879,0.00258721,0
1880,0.00595839,0
1881,0.00147575,0
1882,0.02282588,0
1883,0.00564615,0
1884,0.00272913,0
1885,0.00274840,0
1886,0.00515264,0
1887,0.00408804,0
1888,0.00315416,0
1889,0.00151068,0
1890,0.00318203,0
1891,0.00102407,0
1892,0.00302055,0
1893,0.00183412,0
1894,0.00503291,0
1895,0.00095726,0
1896,0.00184387,0
1897,0.00189869,0
1898,0.00134803,0
1899,0.00238196,0
1900,0.01321953,0
1901,0.00269800,0
1902,0.00430400,0
1903,0.00121628,0
1904,0.01112793,0
1905,0.00226957,0
1906,0.00148875,0
1907,0.00198872,0
1908,0.00070026,0
1909,0.00216722,0
1910,0.00423773,0
1911,0.00437904,0
1912,0.00221328,0
1913,0.00317839,0
1914,0.00191497,0
1915,0.00303504,0
1916,0.00165100,0
1917,0.00196074,0
1918,0.00183772,0
1919,0.00202005,0
1920,0.01780561,0
1921,0.00079234,0
1922,0.00308011,0
1923,0.00282631,0
1924,0.00093199,0
1925,0.00133968,0
1926,0.00316355,0
1927,0.00346890,0
1928,0.00193887,0
1929,0.00283861,0
1930,0.00440581,0
1931,0.00203318,0
1932,0.00113272,0
1933,0.00174519,0
1934,0.00212907,0
1935,0.00166282,0
1936,0.00310060,0
1937,0.00470696,0
1938,0.00075342,0
1939,0.00263019,0
1940,0.00138502,0
1941,0.00171133,0
1942,0.01291394,0
1943,0.02019375,0
1944,0.01139634,0
1945,0.00263501,0
1946,0.00277928,0
1947,0.00691732,0
1948,0.00455061,0
1949,0.00250345,0
1950,0.00273793,0
1951,0.00223452,0
1952,0.00678663,0
1953,0.00146167,0
1954,0.00208219,0
1955,0.00434808,0
1956,0.00101379,0
1957,0.00187270,0
1958,0.00290097,0
1959,0.00218633,0
1960,0.00693370,0
1961,0.00256206,0
1962,0.00612674,0
1963,0.00142275,0
1964,0.02083642,0
1965,0.00571063,0
1966,0.00268843,0
1967,0.00254835,0
1968,0.00468529,0
1969,0.00422827,0
1970,0.00313321,0
1971,0.00147301,0
1972,0.00310124,0
1973,0.00100424,0
1974,0.00286207,0
1975,0.00199885,0
1976,0.00550545,0
1977,0.00099153,0
1978,0.00168440,0
1979,0.00203994,0
1980,0.00136025,0
1981,0.00237081,0
1982,0.01231093,0
1983,0.00249144,0
1984,0.00415082,0
1985,0.00106315,0
1986,0.01069299,0
1987,0.00231759,0
1988,0.00137986,0
1989,0.00181290,0
1990,0.00075472,0
1991,0.00205749,0
1992,0.00402473,0
1993,0.00419207,0
1994,0.00216483,0
1995,0.00436898,0
1996,0.00197879,0
1997,0.00306179,0
1998,0.00155041,0
1999,0.00193281,0
2000,0.00182992,0
2001,0.00196058,0
2002,0.01688884,0
2003,0.00078695,0
2004,0.00287241,0
2005,0.00294939,0
2006,0.00080340,0
2007,0.00123612,0
2008,0.00357295,0
2009,0.00333254,0
2010,0.00215364,0
2011,0.00284350,0
2012,0.00384924,0
2013,0.00205783,0
2014,0.00111715,0
2015,0.00170387,0
2016,0.00218134,0
2017,0.00166263,0
2018,0.00453462,0
2019,0.00448213,0
2020,0.00078093,0
2021,0.00211105,0
2022,0.00130580,0
2023,0.00151933,0
2024,0.01250533,0
2025,0.01865116,0
2026,0.01077178,0
2027,0.00244755,0
2028,0.00230007,0
2029,0.00683669,0
2030,0.00424585,0
2031,0.00241246,0
2032,0.00273975,0
2033,0.00203285,0
2034,0.00865590,0
2035,0.00144205,0
2036,0.00227585,0
2037,0.00393491,0
2038,0.00093512,0
2039,0.00181287,0
2040,0.00281644,0
2041,0.00203947,0
2042,0.00716609,0
2043,0.00238242,0
2044,0.00600167,0
2045,0.00151457,0
2046,0.02106164,0
2047,0.00604458,0
2048,0.00275134,0
2049,0.00276432,0
2050,0.00488367,0
2051,0.00403097,0
2052,0.00308051,0
2053,0.00146131,0
2054,0.00297687,0
2055,0.00095451,0
2056,0.00282852,0
2057,0.00175396,0
2058,0.00518495,0
2059,0.00093215,0
2060,0.00179783,0
2061,0.00189760,0
2062,0.00138191,0
2063,0.00230763,0
2064,0.01273340,0
2065,0.00270014,0
2066,0.00413202,0
2067,0.00111822,0
2068,0.00968122,0
2069,0.00214218,0
2070,0.00137858,0
2071,0.00169766,0
2072,0.00077273,0
2073,0.00208444,0
2074,0.00377544,0
2075,0.00430767,0
2076,0.00206860,0
2077,0.00341546,0
2078,0.00183907,0
2079,0.00307072,0
2080,0.00160073,0
2081,0.00183064,0
2082,0.00178667,0
2083,0.00188162,0
2084,0.01800857,0
2085,0.00079756,0
2086,0.00279011,0
2087,0.00263697,0
2088,0.00092875,0
2089,0.00139956,0
2090,0.00348149,0
2091,0.00340350,0
2092,0.00198785,0
2093,0.00296186,0
2094,0.00394620,0
2095,0.00194558,0
2096,0.00097683,0
2097,0.00175068,0
2098,0.00207170,0
2099,0.00160185,0
2100,0.00264199,0
2101,0.00442026,0
2102,0.00081509,0
2103,0.00314147,0
2104,0.00143568,0
2105,0.00171073,0
2106,0.01284454,0
2107,0.01694149,0
2108,0.01065745,0
2109,0.00254590,0
2110,0.00229753,0
2111,0.00698341,0
2112,0.00442899,0
2113,0.00236665,0
2114,0.00263868,0
2115,0.00208063,0
2116,0.01017585,0
2117,0.00149331,0
2118,0.00227922,0
2119,0.00425403,0
2120,0.00087666,0
2121,0.00177570,0
2122,0.00286714,0
2123,0.00194126,0
2124,0.00713123,0
2125,0.00243829,0
2126,0.00592590,0
2127,0.00136895,0
2128,0.02119473,0
2129,0.00594236,0
2130,0.00281349,0
2131,0.00259572,0
2132,0.00473683,0
2133,0.00398936,0
2134,0.00278127,0
2135,0.00151433,0
2136,0.00335482,0
2137,0.00094801,0
2138,0.00279005,0
2139,0.00171711,0
2140,0.00621698,0
2141,0.00097023,0
2142,0.00179179,0
2143,0.00197454,0
2144,0.00133800,0
2145,0.00234807,0
2146,0.01239554,0
2147,0.00257414,0
2148,0.00430411,0
2149,0.00112692,0
2150,0.00938088,0
2151,0.00205745,0
2152,0.00140682,0
2153,0.00172891,0
2154,0.00073693,0
2155,0.00206392,0
2156,0.00364147,0
2157,0.00454187,0
2158,0.00204777,0
2159,0.00415889,0
2160,0.00215830,0
2161,0.00306915,0
2162,0.00162865,0
2163,0.00183789,0
2164,0.00179121,0
2165,0.00174359,0
2166,0.01668740,0
2167,0.00078976,0
2168,0.00256458,0
2169,0.00271996,0
2170,0.00095896,0
2171,0.00148682,0
2172,0.00370835,0
2173,0.00349357,0
2174,0.00232743,0
2175,0.00297172,0
2176,0.00333384,0
2177,0.00198343,0
2178,0.00107351,0
2179,0.00180101,0
2180,0.00209873,0
2181,0.00153190,0
2182,0.00226711,0
2183,0.00472538,0
2184,0.00077655,0
2185,0.00197078,0
2186,0.00137385,0
2187,0.00163966,0
2188,0.01258796,0
2189,0.01565600,0
2190,0.00923866,0
2191,0.00236393,0
2192,0.00222984,0
2193,0.00746508,0
2194,0.00429013,0
2195,0.00234907,0
2196,0.00257136,0
2197,0.00210003,0
2198,0.00955655,0
2199,0.00153536,0
2200,0.00218423,0
2201,0.00394787,0
2202,0.00093411,0
2203,0.00191870,0
2204,0.00289764,0
2205,0.00213277,0
2206,0.00736740,0
2207,0.00243516,0
2208,0.00612293,0
2209,0.00143584,0
2210,0.02167436,0
2211,0.00692708,0
2212,0.00257624,0
2213,0.00282303,0
2214,0.00480091,0
2215,0.00360860,0
2216,0.00268082,0
2217,0.00148424,0
2218,0.00308572,0
2219,0.00095691,0
2220,0.00281909,0
2221,0.00170644,0
2222,0.00558824,0
2223,0.00096834,0
2224,0.00185545,0
2225,0.00188893,0
2226,0.00137049,0
2227,0.00233380,0
2228,0.01188065,0
2229,0.00259300,0
2230,0.00427770,0
2231,0.00108062,0
2232,0.00906051,0
2233,0.00209189,0
2234,0.00132615,0
2235,0.00189049,0
2236,0.00074331,0
2237,0.00218741,0
2238,0.00379878,0
2239,0.00430711,0
2240,0.00197911,0
2241,0.00457314,0
2242,0.00193441,0
2243,0.00294350,0
2244,0.00125754,0
2245,0.00167434,0
2246,0.00176799,0
2247,0.00173228,0
2248,0.01740857,0
2249,0.00081515,0
2250,0.00253211,0
2251,0.00283708,0
2252,0.00095662,0
2253,0.00136671,0
2254,0.00387338,0
2255,0.00319595,0
2256,0.00207987,0
2257,0.00290327,0
2258,0.00395813,0
2259,0.00190621,0
2260,0.00099284,0
2261,0.00182423,0
2262,0.00199980,0
2263,0.00148635,0
2264,0.00281069,0
2265,0.00456616,0
2266,0.00076986,0
2267,0.00201082,0
2268,0.00135710,0
2269,0.00159286,0
2270,0.01217181,0
2271,0.01374482,0
2272,0.00809410,0
2273,0.00230221,0
2274,0.00204165,0
2275,0.00699162,0
2276,0.00401480,0
2277,0.00234142,0
2278,0.00261430,0
2279,0.00196208,0
2280,0.00711286,0
2281,0.00144559,0
2282,0.00211684,0
2283,0.00380856,0
2284,0.00084138,0
2285,0.00186922,0
2286,0.00278159,0
2287,0.00190361,0
2288,0.00687274,0
2289,0.00232699,0
2290,0.00592156,0
2291,0.00135501,0
2292,0.02446127,0
2293,0.00702991,0
2294,0.00252489,0
2295,0.00259171,0
2296,0.00473658,0
2297,0.00330639,0
2298,0.00268058,0
2299,0.00146117,0
2300,0.00311579,0
2301,0.00093086,0
2302,0.00280284,0
2303,0.00159717,0
2304,0.00495690,0
2305,0.00093089,0
2306,0.00168860,0
2307,0.00188170,0
2308,0.00126308,0
2309,0.00236393,0
2310,0.01162375,0
2311,0.00261595,0
2312,0.00415817,0
2313,0.00103495,0
2314,0.00841084,0
2315,0.00200559,0
2316,0.00129902,0
2317,0.00185047,0
2318,0.00071066,0
2319,0.00178900,0
2320,0.00368383,0
2321,0.00430273,0
2322,0.00184465,0
2323,0.00412496,0
2324,0.00176384,0
2325,0.00302186,0
2326,0.00189590,0
2327,0.00169582,0
2328,0.00177830,0
2329,0.00158488,0
2330,0.01637058,0
2331,0.00077173,0
2332,0.00243642,0
2333,0.00281863,0
2334,0.00090564,0
2335,0.00140567,0
2336,0.00403894,0
2337,0.00305030,0
2338,0.00212216,0
2339,0.00280546,0
2340,0.00315452,0
2341,0.00193273,0
2342,0.00086652,0
2343,0.00182843,0
2344,0.00193678,0
2345,0.00148852,0
2346,0.00838042,0
2347,0.00480723,0
2348,0.00075460,0
2349,0.00248975,0
2350,0.00147139,0
2351,0.00164369,0
2352,0.01388168,0
2353,0.01324747,0
2354,0.00711653,0
2355,0.00206665,0
2356,0.00183411,0
2357,0.00714374,0
2358,0.00424967,0
2359,0.00227264,0
2360,0.00252336,0
2361,0.00188424,0
2362,0.00928795,0
2363,0.00144117,0
2364,0.00205216,0
2365,0.00380947,0
2366,0.00078500,0
2367,0.00182440,0
2368,0.00285058,0
2369,0.00192823,0
2370,0.00669132,0
2371,0.00233593,0
2372,0.00592215,0
2373,0.00133941,0
2374,0.02002345,0
2375,0.00584231,0
2376,0.00251324,0
2377,0.00279808,0
2378,0.00500036,0
2379,0.00324578,0
2380,0.00265709,0
2381,0.00141123,0
2382,0.00316945,0
2383,0.00097482,0
2384,0.00276802,0
2385,0.00172431,0
2386,0.00545374,0
2387,0.00099773,0
2388,0.00168114,0
2389,0.00178715,0
2390,0.00120494,0
2391,0.00229734,0
2392,0.01145656,0
2393,0.00238334,0
2394,0.00444450,0
2395,0.00105782,0
2396,0.00874992,0
2397,0.00199466,0
2398,0.00135565,0
2399,0.00207729,0
2400,0.00071261,0
2401,0.00191088,0
2402,0.00366997,0
2403,0.00384160,0
2404,0.00176749,0
2405,0.00373767,0
2406,0.00197492,0
2407,0.00291901,0
2408,0.00162114,0
2409,0.00173093,0
2410,0.00183905,0
2411,0.00160054,0
2412,0.01535516,0
2413,0.00075598,0
2414,0.00234912,0
2415,0.00265417,0
2416,0.00099395,0
2417,0.00131931,0
2418,0.00364746,0
2419,0.00321463,0
2420,0.00214767,0
2421,0.00283205,0
2422,0.00340177,0
2423,0.00188043,0
2424,0.00090424,0
2425,0.00199304,0
2426,0.00200773,0
2427,0.00154596,0
2428,0.00242022,0
2429,0.00439464,0
2430,0.00075746,0
2431,0.00200175,0
2432,0.00137560,0
2433,0.00164083,0
2434,0.01323626,0
2435,0.01271865,0
2436,0.00636575,0
2437,0.00213632,0
2438,0.00191732,0
2439,0.00708961,0
2440,0.00424696,0
2441,0.00225943,0
2442,0.00248407,0
2443,0.00183437,0
2444,0.00861273,0
2445,0.00144156,0
2446,0.00212076,0
2447,0.00373100,0
2448,0.00076678,0
2449,0.00190273,0
2450,0.00292260,0
2451,0.00189591,0
2452,0.00696500,0
2453,0.00238090,0
2454,0.00530904,0
2455,0.00131821,0
2456,0.02320246,0
2457,0.00721207,0
2458,0.00259550,0
2459,0.00269532,0
2460,0.00492918,0
2461,0.00341969,0
2462,0.00257856,0
2463,0.00135147,0
2464,0.00311441,0
2465,0.00097035,0
2466,0.00279034,0
2467,0.00166597,0
2468,0.00531913,0
2469,0.00097238,0
2470,0.00163917,0
2471,0.00184922,0
2472,0.00127497,0
2473,0.00230533,0
2474,0.01126724,0
2475,0.00245380,0
2476,0.00446890,0
2477,0.00109504,0
2478,0.00908311,0
2479,0.00209486,0
2480,0.00142108,0
2481,0.00180466,0
2482,0.00078564,0
2483,0.00191425,0
2484,0.00361768,0
2485,0.00423508,0
2486,0.00181832,0
2487,0.00395481,0
2488,0.00176088,0
2489,0.00302816,0
2490,0.00158407,0
2491,0.00167978,0
2492,0.00184368,0
2493,0.00161076,0
2494,0.01530715,0
2495,0.00079567,0
2496,0.00234854,0
2497,0.00261566,0
2498,0.00110963,0
2499,0.00159070,0
2500,0.00361597,0
2501,0.00336366,0
2502,0.00217721,0
2503,0.00288947,0
2504,0.00309928,0
2505,0.00184800,0
2506,0.00086020,0
2507,0.00200605,0
2508,0.00200539,0
2509,0.00159298,0
2510,0.00205840,0
2511,0.00489200,0
2512,0.00078830,0
2513,0.00258822,0
2514,0.00151322,0
2515,0.00168225,0
2516,0.01319572,0
2517,0.01166557,0
2518,0.00649715,0
2519,0.00204691,0
2520,0.00190809,0
2521,0.00756252,0
2522,0.00441126,0
2523,0.00223144,0
2524,0.00238030,0
2525,0.00190582,0
2526,0.00750360,0
2527,0.00138866,0
2528,0.00210455,0
2529,0.00370000,0
2530,0.00072375,0
2531,0.00192998,0
2532,0.00300814,0
2533,0.00192943,0
2534,0.00659343,0
2535,0.00235717,0
2536,0.00549635,0
2537,0.00133572,0
2538,0.02230673,0
2539,0.00553098,0
2540,0.00258756,0
2541,0.00274706,0
2542,0.00502343,0
2543,0.00348137,0
2544,0.00261782,0
2545,0.00148709,0
2546,0.00313904,0
2547,0.00095066,0
2548,0.00266555,0
2549,0.00175641,0
2550,0.00728225,0
2551,0.00085747,0
2552,0.00173759,0
2553,0.00172675,0
2554,0.00125257,0
2555,0.00230960,0
2556,0.01229316,0
2557,0.00247300,0
2558,0.00470144,0
2559,0.00108920,0
2560,0.00850283,0
2561,0.00208655,0
2562,0.00143833,0
2563,0.00203513,0
2564,0.00076538,0
2565,0.00200939,0
2566,0.00357064,0
2567,0.00426516,0
2568,0.00197377,0
2569,0.00463014,0
2570,0.00196075,0
2571,0.00313043,0
2572,0.00153334,0
2573,0.00175916,0
2574,0.00195281,0
2575,0.00161799,0
2576,0.01612171,0
2577,0.00078797,0
2578,0.00240542,0
2579,0.00274073,0
2580,0.00107786,0
2581,0.00154615,0
2582,0.00395362,0
2583,0.00331124,0
2584,0.00233525,0
2585,0.00288435,0
2586,0.00310833,0
2587,0.00192802,0
2588,0.00085004,0
2589,0.00207464,0
2590,0.00202811,0
2591,0.00158248,0
2592,0.00308063,0
2593,0.00483215,0
2594,0.00078145,0
2595,0.00203318,0
2596,0.00138988,0
2597,0.00164602,0
2598,0.01312512,0
2599,0.01195836,0
2600,0.00692426,0
2601,0.00210449,0
2602,0.00190901,0
2603,0.00754390,0
2604,0.00430912,0
2605,0.00225274,0
2606,0.00256381,0
2607,0.00189839,0
2608,0.01004178,0
2609,0.00132837,0
2610,0.00220555,0
2611,0.00381593,0
2612,0.00071827,0
2613,0.00191317,0
2614,0.00310466,0
2615,0.00199986,0
2616,0.00732755,0
2617,0.00236049,0
2618,0.00550382,0
2619,0.00134244,0
2620,0.02085501,0
2621,0.00570737,0
2622,0.00262053,0
2623,0.00266796,0
2624,0.00522759,0
2625,0.00366768,0
2626,0.00265660,0
2627,0.00157648,0
2628,0.00331492,0
2629,0.00097037,0
2630,0.00279470,0
2631,0.00180030,0
2632,0.00566521,0
2633,0.00101133,0
2634,0.00179984,0
2635,0.00186300,0
2636,0.00129352,0
2637,0.00243069,0
2638,0.01217950,0
2639,0.00250810,0
2640,0.00482533,0
2641,0.00111055,0
2642,0.00896796,0
2643,0.00220982,0
2644,0.00139162,0
2645,0.00207037,0
2646,0.00080348,0
2647,0.00191306,0
2648,0.00391825,0
2649,0.00432752,0
2650,0.00188048,0
2651,0.00387646,0
2652,0.00195710,0
2653,0.00312430,0
2654,0.00141276,0
2655,0.00182759,0
2656,0.00196328,0
2657,0.00168132,0
2658,0.01624100,0
2659,0.00079522,0
2660,0.00252377,0
2661,0.00289186,0
2662,0.00103804,0
2663,0.00148573,0
2664,0.00392717,0
2665,0.00315551,0
2666,0.00222816,0
2667,0.00277053,0
2668,0.00374857,0
2669,0.00193562,0
2670,0.00087498,0
2671,0.00200586,0
2672,0.00216354,0
2673,0.00153777,0
2674,0.00288246,0
2675,0.00550501,0
2676,0.00077369,0
2677,0.00230278,0
2678,0.00140805,0
2679,0.00156811,0
2680,0.01324453,0
2681,0.01252089,0
2682,0.00695726,0
2683,0.00230121,0
2684,0.00209168,0
2685,0.00775590,0
2686,0.00431228,0
2687,0.00237665,0
2688,0.00266937,0
2689,0.00204794,0
2690,0.00802683,0
2691,0.00146501,0
2692,0.00219336,0
2693,0.00407094,0
2694,0.00075146,0
2695,0.00202630,0
2696,0.00332778,0
2697,0.00206685,0
2698,0.00671640,0
2699,0.00254585,0
2700,0.00589426,0
2701,0.00161961,0
2702,0.02486025,0
2703,0.00613852,0
2704,0.00276110,0
2705,0.00290566,0
2706,0.00554001,0
2707,0.00384348,0
2708,0.00278100,0
2709,0.00160134,0
2710,0.00334556,0
2711,0.00098660,0
2712,0.00276854,0
2713,0.00190643,0
2714,0.00606313,0
2715,0.00113067,0
2716,0.00178285,0
2717,0.00215732,0
2718,0.00134037,0
2719,0.00262993,0
2720,0.01162517,0
2721,0.00272630,0
2722,0.00499077,0
2723,0.00122712,0
2724,0.00911015,0
2725,0.00242847,0
2726,0.00158066,0
2727,0.00209007,0
2728,0.00085082,0
2729,0.00204110,0
2730,0.00368337,0
2731,0.00417302,0
2732,0.00208289,0
2733,0.00457651,0
2734,0.00199373,0
2735,0.00323896,0
2736,0.00169694,0
2737,0.00180263,0
2738,0.00195672,0
2739,0.00178655,0
2740,0.01595181,0
2741,0.00084641,0
2742,0.00271890,0
2743,0.00309123,0
2744,0.00105341,0
2745,0.00148955,0
2746,0.00488638,0
2747,0.00340227,0
2748,0.00225138,0
2749,0.00296442,0
2750,0.00328912,0
2751,0.00216934,0
2752,0.00089572,0
2753,0.00215113,0
2754,0.00208845,0
2755,0.00161081,0
2756,0.00325114,0
2757,0.00502944,0
2758,0.00078688,0
2759,0.00261539,0
2760,0.00148986,0
2761,0.00158734,0
2762,0.01363025,0
2763,0.01187472,0
2764,0.00716980,0
2765,0.00219779,0
2766,0.00196848,0
2767,0.00738015,0
2768,0.00436124,0
2769,0.00230908,0
2770,0.00250637,0
2771,0.00198552,0
2772,0.00828041,0
2773,0.00129153,0
2774,0.00210755,0
2775,0.00381498,0
2776,0.00072198,0
2777,0.00200459,0
2778,0.00301014,0
2779,0.00208006,0
2780,0.00699266,0
2781,0.00241303,0
2782,0.00553309,0
2783,0.00170051,0
2784,0.02206977,0
2785,0.00775499,0
2786,0.00285536,0
2787,0.00279766,0
2788,0.00585139,0
2789,0.00363597,0
2790,0.00233676,0
2791,0.00166113,0
2792,0.00324027,0
2793,0.00099094,0
2794,0.00284363,0
2795,0.00179266,0
2796,0.00681795,0
2797,0.00105754,0
2798,0.00178181,0
2799,0.00216592,0
2800,0.00130707,0
2801,0.00262252,0
2802,0.01218976,0
2803,0.00270684,0
2804,0.00478854,0
2805,0.00116317,0
2806,0.00858447,0
2807,0.00235413,0
2808,0.00148641,0
2809,0.00205102,0
2810,0.00085619,0
2811,0.00213024,0
2812,0.00371177,0
2813,0.00439967,0
2814,0.00211651,0
2815,0.00367701,0
2816,0.00192995,0
2817,0.00341474,0
2818,0.00149460,0
2819,0.00179367,0
2820,0.00188184,0
2821,0.00178679,0
2822,0.01606671,0
2823,0.00088038,0
2824,0.00266185,0
2825,0.00336532,0
2826,0.00100053,0
2827,0.00150286,0
2828,0.00457505,0
2829,0.00340148,0
2830,0.00241690,0
2831,0.00298889,0
2832,0.00332461,0
2833,0.00206362,0
2834,0.00091500,0
2835,0.00221144,0
2836,0.00217554,0
2837,0.00170899,0
2838,0.00497756,0
2839,0.00507336,0
2840,0.00085844,0
2841,0.00203736,0
2842,0.00147573,0
2843,0.00171113,0
2844,0.01509303,0
2845,0.01109556,0
2846,0.00668331,0
2847,0.00226157,0
2848,0.00185690,0
2849,0.00740275,0
2850,0.00430259,0
2851,0.00241205,0
2852,0.00252308,0
2853,0.00191748,0
2854,0.00898026,0
2855,0.00145339,0
2856,0.00223364,0
2857,0.00373787,0
2858,0.00071245,0
2859,0.00208519,0
2860,0.00325121,0
2861,0.00214196,0
2862,0.00691853,0
2863,0.00239215,0
2864,0.00564868,0
2865,0.00147960,0
2866,0.02468148,0
2867,0.00663677,0
2868,0.00269637,0
2869,0.00264546,0
2870,0.00558997,0
2871,0.00357451,0
2872,0.00254992,0
2873,0.00158017,0
2874,0.00340548,0
2875,0.00095296,0
2876,0.00284732,0
2877,0.00200526,0
2878,0.00749695,0
2879,0.00116371,0
2880,0.00189662,0
2881,0.00208085,0
2882,0.00127945,0
2883,0.00266194,0
2884,0.01266400,0
2885,0.00263258,0
2886,0.00545686,0
2887,0.00120694,0
2888,0.00924638,0
2889,0.00232404,0
2890,0.00152754,0
2891,0.00199798,0
2892,0.00087514,0
2893,0.00207284,0
2894,0.00354191,0
2895,0.00459070,0
2896,0.00208507,0
2897,0.00485053,0
2898,0.00207099,0
2899,0.00346756,0
2900,0.00156029,0
2901,0.00180914,0
2902,0.00191547,0
2903,0.00176824,0
2904,0.01660062,0
2905,0.00088606,0
2906,0.00261610,0
2907,0.00360475,0
2908,0.00099322,0
2909,0.00158377,0
2910,0.00454535,0
2911,0.00318772,0
2912,0.00254689,0
2913,0.00302369,0
2914,0.00333682,0
2915,0.00218538,0
2916,0.00091624,0
2917,0.00232512,0
2918,0.00216573,0
2919,0.00172613,0
2920,0.00794317,0
2921,0.00563829,0
2922,0.00088071,0
2923,0.00593777,0
2924,0.00165740,0
2925,0.00181113,0
2926,0.01510041,0
2927,0.01027619,0
2928,0.00619173,0
2929,0.00225936,0
2930,0.00184055,0
2931,0.00733655,0
2932,0.00429063,0
2933,0.00233290,0
2934,0.00261387,0
2935,0.00205349,0
2936,0.00899306,0
2937,0.00150141,0
2938,0.00226682,0
2939,0.00390735,0
2940,0.00074193,0
2941,0.00214958,0
2942,0.00294387,0
2943,0.00216846,0
2944,0.00717713,0
2945,0.00245920,0
2946,0.00572580,0
2947,0.00151302,0
2948,0.02334456,0
2949,0.00682082,0
2950,0.00281527,0
2951,0.00304692,0
2952,0.00567281,0
2953,0.00390495,0
2954,0.00256328,0
2955,0.00178329,0
2956,0.00375153,0
2957,0.00102852,0
2958,0.00297400,0
2959,0.00191201,0
2960,0.00688435,0
2961,0.00114300,0
2962,0.00185498,0
2963,0.00227041,0
2964,0.00134177,0
2965,0.00269609,0
2966,0.01211456,0
2967,0.00258415,0
2968,0.00535153,0
2969,0.00118171,0
2970,0.00862734,0
2971,0.00231776,0
2972,0.00156917,0
2973,0.00220078,0
2974,0.00091472,0
2975,0.00221016,0
2976,0.00349091,0
2977,0.00485019,0
2978,0.00221052,0
2979,0.00555344,0
2980,0.00205100,0
2981,0.00359716,0
2982,0.00154260,0
2983,0.00186212,0
2984,0.00189787,0
2985,0.00179485,0
2986,0.01679963,0
2987,0.00093989,0
2988,0.00266187,0
2989,0.00412888,0
2990,0.00117542,0
2991,0.00153494,0
2992,0.00550794,0
2993,0.00329003,0
2994,0.00261430,0
2995,0.00321867,0
2996,0.00394392,0
2997,0.00226634,0
2998,0.00086524,0
2999,0.00221712,0
3000,0.00219246,0
3001,0.00175634,0
3002,0.01102838,0
3003,0.00564720,0
3004,0.00088588,0
3005,0.00194063,0
3006,0.00166937,0
3007,0.00181556,0
3008,0.01608922,0
3009,0.01063198,0
3010,0.00566679,0
3011,0.00220822,0
3012,0.00173987,0
3013,0.00743006,0
3014,0.00434124,0
3015,0.00231043,0
3016,0.00267014,0
3017,0.00204043,0
3018,0.00829047,0
3019,0.00143143,0
3020,0.00227425,0
3021,0.00391026,0
3022,0.00070480,0
3023,0.00219609,0
3024,0.00271542,0
3025,0.00225523,0
3026,0.00738208,0
3027,0.00247564,0
3028,0.00573826,0
3029,0.00156280,0
3030,0.02152531,0
3031,0.00574972,0
3032,0.00301764,0
3033,0.00286343,0
3034,0.00593600,0
3035,0.00373949,0
3036,0.00273709,0
3037,0.00172961,0
3038,0.00365934,0
3039,0.00108022,0
3040,0.00285707,0
3041,0.00185942,0
3042,0.00727885,0
3043,0.00110760,0
3044,0.00190211,0
3045,0.00227070,0
3046,0.00130170,0
3047,0.00278783,0
3048,0.01334357,0
3049,0.00278055,0
3050,0.00513265,0
3051,0.00122119,0
3052,0.00814903,0
3053,0.00241893,0
3054,0.00155493,0
3055,0.00234281,0
3056,0.00092929,0
3057,0.00223845,0
3058,0.00369761,0
3059,0.00471005,0
3060,0.00220902,0
3061,0.00496802,0
3062,0.00200815,0
3063,0.00365359,0
3064,0.00199848,0
3065,0.00185769,0
3066,0.00199944,0
3067,0.00191183,0
3068,0.01618247,0
3069,0.00088935,0
3070,0.00262678,0
3071,0.00356590,0
3072,0.00123873,0
3073,0.00146130,0
3074,0.00519584,0
3075,0.00330940,0
3076,0.00249937,0
3077,0.00332736,0
3078,0.00383444,0
3079,0.00242761,0
3080,0.00090553,0
3081,0.00224153,0
3082,0.00216879,0
3083,0.00177443,0
3084,0.00411056,0
3085,0.00585553,0
3086,0.00090693,0
3087,0.00207310,0
3088,0.00167359,0
3089,0.00174718,0
3090,0.01555447,0
3091,0.01053300,0
3092,0.00572970,0
3093,0.00231931,0
3094,0.00187647,0
3095,0.00764668,0
3096,0.00431986,0
3097,0.00244552,0
3098,0.00263704,0
3099,0.00203382,0
3100,0.00719257,0
3101,0.00148776,0
3102,0.00244852,0
3103,0.00410872,0
3104,0.00072527,0
3105,0.00226097,0
3106,0.00296164,0
3107,0.00235979,0
3108,0.00697072,0
3109,0.00257054,0
3110,0.00588064,0
3111,0.00165703,0
3112,0.02532274,0
3113,0.00539242,0
3114,0.00302080,0
3115,0.00297603,0
3116,0.00543005,0
3117,0.00400412,0
3118,0.00264657,0
3119,0.00174138,0
3120,0.00347505,0
3121,0.00108975,0
3122,0.00298037,0
3123,0.00195653,0
3124,0.00696684,0
3125,0.00120152,0
3126,0.00204870,0
3127,0.00241544,0
3128,0.00133106,0
3129,0.00272064,0
3130,0.01321056,0
3131,0.00275173,0
3132,0.00556155,0
3133,0.00124551,0
3134,0.00779794,0
3135,0.00247546,0
3136,0.00161819,0
3137,0.00249242,0
3138,0.00094882,0
3139,0.00226118,0
3140,0.00371406,0
3141,0.00480550,0
3142,0.00225721,0
3143,0.00423843,0
3144,0.00210640,0
3145,0.00360092,0
3146,0.00164584,0
3147,0.00195017,0
3148,0.00198463,0
3149,0.00185090,0
3150,0.01628649,0
3151,0.00100112,0
3152,0.00266422,0
3153,0.00384698,0
3154,0.00117136,0
3155,0.00162705,0
3156,0.00575023,0
3157,0.00347836,0
3158,0.00276875,0
3159,0.00344424,0
3160,0.00351337,0
3161,0.00248081,0
3162,0.00088792,0
3163,0.00226331,0
3164,0.00232282,0
3165,0.00185140,0
3166,0.00334587,0
3167,0.00570732,0
3168,0.00093600,0
3169,0.00201884,0
3170,0.00165862,0
3171,0.00182979,0
3172,0.01631772,0
3173,0.01067596,0
3174,0.00615552,0
3175,0.00231551,0
3176,0.00191262,0
3177,0.00754509,0
3178,0.00418455,0
3179,0.00240536,0
3180,0.00281280,0
3181,0.00199861,0
3182,0.00836210,0
3183,0.00145294,0
3184,0.00232401,0
3185,0.00425038,0
3186,0.00070473,0
3187,0.00225981,0
3188,0.00287162,0
3189,0.00219238,0
3190,0.00687858,0
3191,0.00254056,0
3192,0.00548986,0
3193,0.00157742,0
3194,0.02334650,0
3195,0.00556857,0
3196,0.00299209,0
3197,0.00319613,0
3198,0.00584957,0
3199,0.00391772,0
3200,0.00245813,0
3201,0.00178739,0
3202,0.00351061,0
3203,0.00110893,0
3204,0.00308108,0
3205,0.00195425,0
3206,0.00722932,0
3207,0.00115281,0
3208,0.00197487,0
3209,0.00236357,0
3210,0.00136238,0
3211,0.00269897,0
3212,0.01278662,0
3213,0.00288253,0
3214,0.00577129,0
3215,0.00127323,0
3216,0.00760396,0
3217,0.00246224,0
3218,0.00163093,0
3219,0.00238478,0
3220,0.00093564,0
3221,0.00217797,0
3222,0.00408039,0
3223,0.00474686,0
3224,0.00226824,0
3225,0.00438895,0
3226,0.00198235,0
3227,0.00372169,0
3228,0.00173578,0
3229,0.00189134,0
3230,0.00189815,0
3231,0.00199024,0
3232,0.01660825,0
3233,0.00095474,0
3234,0.00252515,0
3235,0.00395931,0
3236,0.00121179,0
3237,0.00162272,0
3238,0.00483892,0
3239,0.00351809,0
3240,0.00249988,0
3241,0.00339265,0
3242,0.00418304,0
3243,0.00232739,0
3244,0.00084606,0
3245,0.00222173,0
3246,0.00235680,0
3247,0.00179329,0
3248,0.00250188,0
3249,0.00617810,0
3250,0.00089663,0
3251,0.00196444,0
3252,0.00164457,0
3253,0.00187770,0
3254,0.01627045,0
3255,0.01049365,0
3256,0.00608361,0
3257,0.00230296,0
3258,0.00187263,0
3259,0.00762705,0
3260,0.00411547,0
3261,0.00233025,0
3262,0.00269640,0
3263,0.00191881,0
3264,0.00970844,0
3265,0.00132124,0
3266,0.00244549,0
3267,0.00399949,0
3268,0.00068148,0
3269,0.00202478,0
3270,0.00298861,0
3271,0.00229341,0
3272,0.00714039,0
3273,0.00275098,0
3274,0.00559575,0
3275,0.00142793,0
3276,0.02299715,0
3277,0.00575551,0
3278,0.00293766,0
3279,0.00283136,0
3280,0.00566177,0
3281,0.00374533,0
3282,0.00245925,0
3283,0.00169763,0
3284,0.00352809,0
3285,0.00106545,0
3286,0.00297440,0
3287,0.00190834,0
3288,0.00851438,0
3289,0.00108025,0
3290,0.00193330,0
3291,0.00230814,0
3292,0.00129625,0
3293,0.00266345,0
3294,0.01224667,0
3295,0.00270446,0
3296,0.00611066,0
3297,0.00123640,0
3298,0.00779135,0
3299,0.00236709,0
3300,0.00153910,0
3301,0.00217618,0
3302,0.00094674,0
3303,0.00208651,0
3304,0.00386639,0
3305,0.00463671,0
3306,0.00218575,0
3307,0.00479144,0
3308,0.00191508,0
3309,0.00365756,0
3310,0.00155085,0
3311,0.00185851,0
3312,0.00191756,0
3313,0.00193082,0
3314,0.01592718,0
3315,0.00090006,0
3316,0.00234375,0
3317,0.00372285,0
3318,0.00111597,0
3319,0.00176415,0
3320,0.00460084,0
3321,0.00350493,0
3322,0.00272730,0
3323,0.00337339,0
3324,0.00353876,0
3325,0.00234030,0
3326,0.00086164,0
3327,0.00231512,0
3328,0.00242176,0
3329,0.00187222,0
3330,0.00297054,0
3331,0.00634686,0
3332,0.00092004,0
3333,0.00477431,0
3334,0.00158586,0
3335,0.00186863,0
3336,0.01482672,0
3337,0.00998896,0
3338,0.00566143,0
3339,0.00224461,0
3340,0.00190316,0
3341,0.00785324,0
3342,0.00440324,0
3343,0.00231973,0
3344,0.00270343,0
3345,0.00201191,0
3346,0.00908091,0
3347,0.00148461,0
3348,0.00258098,0
3349,0.00413519,0
3350,0.00067503,0
3351,0.00219091,0
3352,0.00316392,0
3353,0.00231696,0
3354,0.00924909,0
3355,0.00277092,0
3356,0.00579474,0
3357,0.00140862,0
3358,0.02592485,0
3359,0.00547457,0
3360,0.00314070,0
3361,0.00315356,0
3362,0.00573500,0
3363,0.00381321,0
3364,0.00258014,0
3365,0.00186362,0
3366,0.00371388,0
3367,0.00112209,0
3368,0.00291353,0
3369,0.00200770,0
3370,0.00774189,0
3371,0.00117900,0
3372,0.00217973,0
3373,0.00235489,0
3374,0.00137166,0
3375,0.00294665,0
3376,0.01279568,0
3377,0.00260857,0
3378,0.00625765,0
3379,0.00129453,0
3380,0.00788928,0
3381,0.00235807,0
3382,0.00161229,0
3383,0.00243686,0
3384,0.00094122,0
3385,0.00219143,0
3386,0.00399314,0
3387,0.00447621,0
3388,0.00223051,0
3389,0.00452381,0
3390,0.00205114,0
3391,0.00388103,0
3392,0.00181389,0
3393,0.00183599,0
3394,0.00203960,0
3395,0.00181502,0
3396,0.01612228,0
3397,0.00092747,0
3398,0.00235108,0
3399,0.00355165,0
3400,0.00108272,0
3401,0.00161679,0
3402,0.00455393,0
3403,0.00350909,0
3404,0.00256283,0
3405,0.00337962,0
3406,0.00354356,0
3407,0.00228785,0
3408,0.00090509,0
3409,0.00233438,0
3410,0.00241264,0
3411,0.00191374,0
3412,0.00470767,0
3413,0.00621145,0
3414,0.00097334,0
3415,0.00273265,0
3416,0.00177003,0
3417,0.00188268,0
3418,0.01667824,0
3419,0.01011267,0
3420,0.00583639,0
3421,0.00243423,0
3422,0.00186483,0
3423,0.00848356,0
3424,0.00442006,0
3425,0.00241892,0
3426,0.00266828,0
3427,0.00196172,0
3428,0.00881065,0
3429,0.00146592,0
3430,0.00249433,0
3431,0.00421611,0
3432,0.00069932,0
3433,0.00218307,0
3434,0.00306717,0
3435,0.00224278,0
3436,0.00773764,0
3437,0.00278480,0
3438,0.00593006,0
3439,0.00170190,0
3440,0.02227110,0
3441,0.00550769,0
3442,0.00318328,0
3443,0.00315327,0
3444,0.00598351,0
3445,0.00384188,0
3446,0.00238002,0
3447,0.00173666,0
3448,0.00353943,0
3449,0.00113378,0
3450,0.00284532,0
3451,0.00202612,0
3452,0.01027244,0
3453,0.00129556,0
3454,0.00195789,0
3455,0.00231061,0
3456,0.00134426,0
3457,0.00288662,0
3458,0.01294470,0
3459,0.00263555,0
3460,0.00595588,0
3461,0.00131068,0
3462,0.00760860,0
3463,0.00234282,0
3464,0.00157397,0
3465,0.00244837,0
3466,0.00094653,0
3467,0.00212731,0
3468,0.00417852,0
3469,0.00430583,0
3470,0.00220438,0
3471,0.00445686,0
3472,0.00203839,0
3473,0.00378971,0
3474,0.00197404,0
3475,0.00182420,0
3476,0.00200458,0
3477,0.00182438,0
3478,0.01614421,0
3479,0.00094933,0
3480,0.00233427,0
3481,0.00389074,0
3482,0.00104966,0
3483,0.00150159,0
3484,0.00451413,0
3485,0.00331980,0
3486,0.00259249,0
3487,0.00325373,0
3488,0.00363318,0
3489,0.00216553,0
3490,0.00077726,0
3491,0.00230402,0
3492,0.00242499,0
3493,0.00187564,0
3494,0.01022042,0
3495,0.00586937,0
3496,0.00092959,0
3497,0.00277989,0
3498,0.00169678,0
3499,0.00181208,0
3500,0.01508309,0
3501,0.00991100,0
3502,0.00572023,0
3503,0.00223483,0
3504,0.00174867,0
3505,0.00833486,0
3506,0.00453406,0
3507,0.00239871,0
3508,0.00268165,0
3509,0.00203145,0
3510,0.01066553,0
3511,0.00166460,0
3512,0.00261299,0
3513,0.00417917,0
3514,0.00064017,0
3515,0.00219035,0
3516,0.00288180,0
3517,0.00226186,0
3518,0.00712222,0
3519,0.00286789,0
3520,0.00606313,0
3521,0.00151019,0
3522,0.02256540,0
3523,0.00499354,0
3524,0.00317591,0
3525,0.00324927,0
3526,0.00583934,0
3527,0.00380536,0
3528,0.00231037,0
3529,0.00181704,0
3530,0.00371893,0
3531,0.00111064,0
3532,0.00297466,0
3533,0.00197800,0
3534,0.00616046,0
3535,0.00123052,0
3536,0.00211931,0
3537,0.00235095,0
3538,0.00131439,0
3539,0.00284632,0
3540,0.01213640,0
3541,0.00275908,0
3542,0.00613411,0
3543,0.00129393,0
3544,0.00742989,0
3545,0.00237947,0
3546,0.00155285,0
3547,0.00247984,0
3548,0.00098763,0
3549,0.00220396,0
3550,0.00427510,0
3551,0.00444142,0
3552,0.00217593,0
3553,0.00450306,0
3554,0.00199488,0
3555,0.00383203,0
3556,0.00168371,0
3557,0.00183610,0
3558,0.00203391,0
3559,0.00186668,0
3560,0.01605294,0
3561,0.00091069,0
3562,0.00222125,0
3563,0.00413648,0
3564,0.00105937,0
3565,0.00158047,0
3566,0.00466007,0
3567,0.00342312,0
3568,0.00291031,0
3569,0.00338126,0
3570,0.00352859,0
3571,0.00228221,0
3572,0.00075549,0
3573,0.00245930,0
3574,0.00241660,0
3575,0.00195735,0
3576,0.00286749,0
3577,0.00638009,0
3578,0.00091428,0
3579,0.00212721,0
3580,0.00170106,0
3581,0.00168281,0
3582,0.01605006,0
3583,0.00955585,0
3584,0.00566071,0
3585,0.00244339,0
3586,0.00191044,0
3587,0.00780075,0
3588,0.00441824,0
3589,0.00234433,0
3590,0.00280150,0
3591,0.00193273,0
3592,0.00959095,0
3593,0.00145269,0
3594,0.00272499,0
3595,0.00420707,0
3596,0.00067102,0
3597,0.00224618,0
3598,0.00301312,0
3599,0.00219018,0
3600,0.00737547,0
3601,0.00290860,0
3602,0.00588018,0
3603,0.00159735,0
3604,0.02279733,0
3605,0.00703742,0
3606,0.00288211,0
3607,0.00309702,0
3608,0.00548201,0
3609,0.00369815,0
3610,0.00208281,0
3611,0.00164194,0
3612,0.00373177,0
3613,0.00113254,0
3614,0.00280990,0
3615,0.00192981,0
3616,0.00862838,0
3617,0.00133118,0
3618,0.00213033,0
3619,0.00233990,0
3620,0.00128847,0
3621,0.00305129,0
3622,0.01210716,0
3623,0.00281176,0
3624,0.00667116,0
3625,0.00128475,0
3626,0.00760523,0
3627,0.00239374,0
3628,0.00153818,0
3629,0.00244993,0
3630,0.00100982,0
3631,0.00214132,0
3632,0.00425794,0
3633,0.00447467,0
3634,0.00199187,0
3635,0.00429888,0
3636,0.00197226,0
3637,0.00394472,0
3638,0.00156982,0
3639,0.00180789,0
3640,0.00194777,0
3641,0.00180099,0
3642,0.01664441,0
3643,0.00086239,0
3644,0.00221507,0
3645,0.00389931,0
3646,0.00119448,0
3647,0.00173015,0
3648,0.00502626,0
3649,0.00370555,0
3650,0.00266608,0
3651,0.00319408,0
3652,0.00387767,0
3653,0.00215658,0
3654,0.00073882,0
3655,0.00238187,0
3656,0.00246917,0
3657,0.00186965,0
3658,0.00194135,0
3659,0.00710312,0
3660,0.00094339,0
3661,0.00265008,0
3662,0.00165186,0
3663,0.00177543,0
3664,0.01661761,0
3665,0.00885427,0
3666,0.00522191,0
3667,0.00247094,0
3668,0.00178592,0
3669,0.00797198,0
3670,0.00455656,0
3671,0.00243771,0
3672,0.00267188,0
3673,0.00199267,0
3674,0.01048519,0
3675,0.00152772,0
3676,0.00246877,0
3677,0.00419555,0
3678,0.00066687,0
3679,0.00237552,0
3680,0.00302329,0
3681,0.00223120,0
3682,0.00784050,0
3683,0.00287307,0
3684,0.00595582,0
3685,0.00164100,0
3686,0.02399756,0
3687,0.00475657,0
3688,0.00274473,0
3689,0.00313781,0
3690,0.00519059,0
3691,0.00349812,0
3692,0.00211010,0
3693,0.00177324,0
3694,0.00369561,0
3695,0.00114400,0
3696,0.00297538,0
3697,0.00191032,0
3698,0.00654102,0
3699,0.00124114,0
3700,0.00219287,0
3701,0.00231646,0
3702,0.00136612,0
3703,0.00298689,0
3704,0.01287244,0
3705,0.00285817,0
3706,0.00621457,0
3707,0.00131819,0
3708,0.00772427,0
3709,0.00240322,0
3710,0.00160332,0
3711,0.00254739,0
3712,0.00104245,0
3713,0.00225299,0
3714,0.00400590,0
3715,0.00467833,0
3716,0.00219535,0
3717,0.00589170,0
3718,0.00194602,0
3719,0.00405117,0
3720,0.00165233,0
3721,0.00176927,0
3722,0.00201634,0
3723,0.00171429,0
3724,0.01678873,0
3725,0.00097105,0
3726,0.00221195,0
3727,0.00413178,0
3728,0.00119200,0
3729,0.00167958,0
3730,0.00478740,0
3731,0.00341198,0
3732,0.00279553,0
3733,0.00350451,0
3734,0.00361021,0
3735,0.00228363,0
3736,0.00068322,0
3737,0.00240650,0
3738,0.00245146,0
3739,0.00189183,0
3740,0.00225146,0
3741,0.00724215,0
3742,0.00096529,0
3743,0.00290602,0
3744,0.00183577,0
3745,0.00205059,0
3746,0.01688694,0
3747,0.00838304,0
3748,0.00497399,0
3749,0.00230547,0
3750,0.00181789,0
3751,0.00795140,0
3752,0.00463561,0
3753,0.00231097,0
3754,0.00276228,0
3755,0.00206318,0
3756,0.00935058,0
3757,0.00149915,0
3758,0.00253147,0
3759,0.00437075,0
3760,0.00059947,0
3761,0.00234964,0
3762,0.00294793,0
3763,0.00216737,0
3764,0.00845528,0
3765,0.00273596,0
3766,0.00592482,0
3767,0.00149336,0
3768,0.02436375,0
3769,0.00546158,0
3770,0.00277324,0
3771,0.00271869,0
3772,0.00519530,0
3773,0.00325213,0
3774,0.00202486,0
3775,0.00180398,0
3776,0.00380284,0
3777,0.00108493,0
3778,0.00286980,0
3779,0.00192075,0
3780,0.00620811,0
3781,0.00105170,0
3782,0.00207071,0
3783,0.00229508,0
3784,0.00124933,0
3785,0.00301152,0
3786,0.01276201,0
3787,0.00269650,0
3788,0.00654660,0
3789,0.00128685,0
3790,0.00735467,0
3791,0.00237822,0
3792,0.00161129,0
3793,0.00247314,0
3794,0.00103161,0
3795,0.00208743,0
3796,0.00406823,0
3797,0.00463513,0
3798,0.00220431,0
3799,0.00435960,0
3800,0.00203102,0
3801,0.00409618,0
3802,0.00163563,0
3803,0.00169740,0
3804,0.00198878,0
3805,0.00169934,0
3806,0.01663237,0
3807,0.00093440,0
3808,0.00194100,0
3809,0.00410805,0
3810,0.00114047,0
3811,0.00167710,0
3812,0.00503311,0
3813,0.00355360,0
3814,0.00280518,0
3815,0.00347882,0
3816,0.00328921,0
3817,0.00230655,0
3818,0.00064258,0
3819,0.00253235,0
3820,0.00243969,0
3821,0.00189844,0
3822,0.00238812,0
3823,0.00669799,0
3824,0.00093793,0
3825,0.00220799,0
3826,0.00172291,0
3827,0.00194400,0
3828,0.01710801,0
3829,0.00753589,0
3830,0.00445356,0
3831,0.00224169,0
3832,0.00165061,0
3833,0.00829412,0
3834,0.00458780,0
3835,0.00235274,0
3836,0.00259203,0
3837,0.00209991,0
3838,0.01124221,0
3839,0.00150995,0
3840,0.00258397,0
3841,0.00407255,0
3842,0.00060029,0
3843,0.00233343,0
3844,0.00275429,0
3845,0.00219447,0
3846,0.00805886,0
3847,0.00255635,0
3848,0.00581165,0
3849,0.00151886,0
3850,0.02659268,0
3851,0.00459773,0
3852,0.00282354,0
3853,0.00313449,0
3854,0.00548270,0
3855,0.00341652,0
3856,0.00203978,0
3857,0.00182534,0
3858,0.00366349,0
3859,0.00108940,0
3860,0.00310872,0
3861,0.00193675,0
3862,0.00614293,0
3863,0.00099948,0
3864,0.00196035,0
3865,0.00240562,0
3866,0.00128045,0
3867,0.00290098,0
3868,0.01222038,0
3869,0.00287429,0
3870,0.00631966,0
3871,0.00127500,0
3872,0.00751242,0
3873,0.00240378,0
3874,0.00156984,0
3875,0.00251057,0
3876,0.00103270,0
3877,0.00216630,0
3878,0.00410859,0
3879,0.00481846,0
3880,0.00209075,0
3881,0.00414956,0
3882,0.00198342,0
3883,0.00405863,0
3884,0.00193448,0
3885,0.00185235,0
3886,0.00201466,0
3887,0.00160216,0
3888,0.01610634,0
3889,0.00090082,0
3890,0.00203023,0
3891,0.00370045,0
3892,0.00106874,0
3893,0.00160411,0
3894,0.00436449,0
3895,0.00353020,0
3896,0.00266204,0
3897,0.00341108,0
3898,0.00345998,0
3899,0.00219454,0
3900,0.00066027,0
3901,0.00258164,0
3902,0.00233109,0
3903,0.00193169,0
3904,0.00289869,0
3905,0.00792697,0
3906,0.00098032,0
3907,0.00278752,0
3908,0.00172131,0
3909,0.00196648,0
3910,0.01566105,0
3911,0.00777005,0
3912,0.00432740,0
3913,0.00220121,0
3914,0.00161242,0
3915,0.00877154,0
3916,0.00474541,0
3917,0.00229675,0
3918,0.00267944,0
3919,0.00207845,0
3920,0.01256278,0
3921,0.00145851,0
3922,0.00255158,0
3923,0.00432928,0
3924,0.00057230,0
3925,0.00227470,0
3926,0.00276485,0
3927,0.00221956,0
3928,0.00796143,0
3929,0.00275163,0
3930,0.00584249,0
3931,0.00150874,0
3932,0.02368300,0
3933,0.00479370,0
3934,0.00296111,0
3935,0.00326974,0
3936,0.00541322,0
3937,0.00345614,0
3938,0.00220743,0
3939,0.00185877,0
3940,0.00377780,0
3941,0.00110642,0
3942,0.00301593,0
3943,0.00191350,0
3944,0.00662522,0
3945,0.00104175,0
3946,0.00197339,0
3947,0.00226864,0
3948,0.00122848,0
3949,0.00298804,0
3950,0.01229538,0
3951,0.00276938,0
3952,0.00681105,0
3953,0.00128857,0
3954,0.00745710,0
3955,0.00242387,0
3956,0.00154938,0
3957,0.00267788,0
3958,0.00098839,0
3959,0.00219360,0
3960,0.00406609,0
3961,0.00458943,0
3962,0.00208729,0
3963,0.00559667,0
3964,0.00186315,0
3965,0.00416925,0
3966,0.00171003,0
3967,0.00180376,0
3968,0.00203896,0
3969,0.00170125,0
3970,0.01686141,0
3971,0.00092524,0
3972,0.00191912,0
3973,0.00376012,0
3974,0.00116056,0
3975,0.00178969,0
3976,0.00446779,0
3977,0.00360163,0
3978,0.00276894,0
3979,0.00330639,0
3980,0.00340576,0
3981,0.00229389,0
3982,0.00065560,0
3983,0.00264834,0
3984,0.00257111,0
3985,0.00190406,0
3986,0.00289935,0
3987,0.00861411,0
3988,0.00103277,0
3989,0.00264083,0
3990,0.00187970,0
3991,0.00194367,0
3992,0.01576198,0
3993,0.00737110,0
3994,0.00424929,0
3995,0.00218154,0
3996,0.00160050,0
3997,0.00814186,0
3998,0.00447123,0
3999,0.00213813,0
4000,0.00256157,0
4001,0.00197455,0
4002,0.01014308,0
4003,0.00139646,0
4004,0.00266380,0
4005,0.00368894,0
4006,0.00055614,0
4007,0.00217471,0
4008,0.00291748,0
4009,0.00226431,0
4010,0.00876207,0
4011,0.00270504,0
4012,0.00552779,0
4013,0.00152931,0
4014,0.02691141,0
4015,0.00418403,0
4016,0.00280449,0
4017,0.00312535,0
4018,0.00516892,0
4019,0.00335477,0
4020,0.00224891,0
4021,0.00176191,0
4022,0.00364494,0
4023,0.00111105,0
4024,0.00294892,0
4025,0.00186531,0
4026,0.01113785,0
4027,0.00108022,0
4028,0.00187422,0
4029,0.00225033,0
4030,0.00131978,0
4031,0.00300933,0
4032,0.01193374,0
4033,0.00267061,0
4034,0.00705204,0
4035,0.00125815,0
4036,0.00700887,0
4037,0.00232702,0
4038,0.00153295,0
4039,0.00235996,0
4040,0.00096864,0
4041,0.00201798,0
4042,0.00404161,0
4043,0.00439038,0
4044,0.00199508,0
4045,0.00523618,0
4046,0.00181556,0
4047,0.00415484,0
4048,0.00152111,0
4049,0.00173905,0
4050,0.00184217,0
4051,0.00166860,0
4052,0.01690437,0
4053,0.00084716,0
4054,0.00193478,0
4055,0.00339198,0
4056,0.00103797,0
4057,0.00174931,0
4058,0.00448610,0
4059,0.00347627,0
4060,0.00268435,0
4061,0.00322800,0
4062,0.00309232,0
4063,0.00219549,0
4064,0.00067777,0
4065,0.00254776,0
4066,0.00240671,0
4067,0.00181676,0
4068,0.00228379,0
4069,0.00827694,0
4070,0.00102270,0
4071,0.00275719,0
4072,0.00170649,0
4073,0.00196780,0
4074,0.01670500,0
4075,0.00761190,0
4076,0.00429901,0
4077,0.00217804,0
4078,0.00155097,0
4079,0.00781781,0
4080,0.00412708,0
4081,0.00226636,0
4082,0.00245967,0
4083,0.00201464,0
4084,0.00910524,0
4085,0.00139494,0
4086,0.00253187,0
4087,0.00385445,0
4088,0.00057471,0
4089,0.00224115,0
4090,0.00275708,0
4091,0.00226875,0
4092,0.00758059,0
4093,0.00251898,0
4094,0.00551591,0
4095,0.00154672,0
4096,0.02690651,0
4097,0.00501679,0
4098,0.00256360,0
4099,0.00352246,0
4100,0.00568312,0
4101,0.00325830,0
4102,0.00226521,0
4103,0.00187017,0
4104,0.00381282,0
4105,0.00111071,0
4106,0.00292291,0
4107,0.00195897,0
4108,0.00712634,0
4109,0.00108564,0
4110,0.00196589,0
4111,0.00224587,0
4112,0.00129453,0
4113,0.00292485,0
4114,0.01271000,0
4115,0.00271332,0
4116,0.00697048,0
4117,0.00128481,0
4118,0.00682981,0
4119,0.00240975,0
4120,0.00156687,0
4121,0.00248623,0
4122,0.00101039,0
4123,0.00214199,0
4124,0.00403394,0
4125,0.00445637,0
4126,0.00212438,0
4127,0.00488770,0
4128,0.00188627,0
4129,0.00412598,0
4130,0.00180563,0
4131,0.00186700,0
4132,0.00186028,0
4133,0.00160471,0
4134,0.01662340,0
4135,0.00085731,0
4136,0.00192563,0
4137,0.00346271,0
4138,0.00107857,0
4139,0.00172223,0
4140,0.00491631,0
4141,0.00365681,0
4142,0.00264903,0
4143,0.00330754,0
4144,0.00349166,0
4145,0.00218660,0
4146,0.00070023,0
4147,0.00274574,0
4148,0.00256456,0
4149,0.00186685,0
4150,0.00361501,0
4151,0.00739295,0
4152,0.00101197,0
4153,0.00239405,0
4154,0.00191105,0
4155,0.00186443,0
4156,0.01787341,0
4157,0.00730232,0
4158,0.00418289,0
4159,0.00210303,0
4160,0.00157635,0
4161,0.00878291,0
4162,0.00446561,0
4163,0.00245259,0
4164,0.00264000,0
4165,0.00195315,0
4166,0.01033740,0
4167,0.00149552,0
4168,0.00248194,0
4169,0.00414444,0
4170,0.00056997,0
4171,0.00228474,0
4172,0.00301673,0
4173,0.00231808,0
4174,0.00892603,0
4175,0.00284224,0
4176,0.00586635,0
4177,0.00166294,0
4178,0.02759861,0
4179,0.00481451,0
4180,0.00293621,0
4181,0.00324705,0
4182,0.00575551,0
4183,0.00338969,0
4184,0.00228479,0
4185,0.00193141,0
4186,0.00376996,0
4187,0.00115528,0
4188,0.00302584,0
4189,0.00198994,0
4190,0.00694527,0
4191,0.00113656,0
4192,0.00200994,0
4193,0.00232010,0
4194,0.00127390,0
4195,0.00288579,0
4196,0.01197756,0
4197,0.00256022,0
4198,0.00740176,0
4199,0.00133556,0
4200,0.00747089,0
4201,0.00241522,0
4202,0.00163342,0
4203,0.00285420,0
4204,0.00097825,0
4205,0.00212570,0
4206,0.00417978,0
4207,0.00445355,0
4208,0.00220666,0
4209,0.00414161,0
4210,0.00193245,0
4211,0.00419537,0
4212,0.00193242,0
4213,0.00189720,0
4214,0.00191914,0
4215,0.00157229,0
4216,0.01657836,0
4217,0.00088201,0
4218,0.00190759,0
4219,0.00347231,0
4220,0.00108681,0
4221,0.00162812,0
4222,0.00487845,0
4223,0.00345810,0
4224,0.00265646,0
4225,0.00327355,0
4226,0.00350416,0
4227,0.00246076,0
4228,0.00067820,0
4229,0.00274151,0
4230,0.00257081,0
4231,0.00197338,0
4232,0.00281181,0
4233,0.00778246,0
4234,0.00107644,0
4235,0.00243600,0
4236,0.00192345,0
4237,0.00187746,0
4238,0.01774342,0
4239,0.00666873,0
4240,0.00419043,0
4241,0.00222519,0
4242,0.00155975,0
4243,0.00905188,0
4244,0.00476824,0
4245,0.00237486,0
4246,0.00262757,0
4247,0.00194977,0
4248,0.01175000,0
4249,0.00156948,0
4250,0.00245200,0
4251,0.00397859,0
4252,0.00055377,0
4253,0.00217206,0
4254,0.00291876,0
4255,0.00248688,0
4256,0.00759007,0
4257,0.00276973,0
4258,0.00583458,0
4259,0.00151788,0
4260,0.02679714,0
4261,0.00521940,0
4262,0.00290670,0
4263,0.00338467,0
4264,0.00544842,0
4265,0.00332036,0
4266,0.00214500,0
4267,0.00177408,0
4268,0.00381188,0
4269,0.00113007,0
4270,0.00306303,0
4271,0.00191816,0
4272,0.00675522,0
4273,0.00125542,0
4274,0.00193901,0
4275,0.00240002,0
4276,0.00128676,0
4277,0.00294291,0
4278,0.01195011,0
4279,0.00252393,0
4280,0.00694249,0
4281,0.00134462,0
4282,0.00720084,0
4283,0.00238372,0
4284,0.00164245,0
4285,0.00265395,0
4286,0.00105981,0
4287,0.00211002,0
4288,0.00393034,0
4289,0.00447549,0
4290,0.00215009,0
4291,0.00460443,0
4292,0.00201054,0
4293,0.00422723,0
4294,0.00178757,0
4295,0.00179514,0
4296,0.00192694,0
4297,0.00167264,0
4298,0.01626242,0
4299,0.00094312,0
4300,0.00187190,0
4301,0.00463169,0
4302,0.00117729,0
4303,0.00173141,0
4304,0.00490901,0
4305,0.00362930,0
4306,0.00281779,0
4307,0.00330695,0
4308,0.00356457,0
4309,0.00249069,0
4310,0.00067907,0
4311,0.00273625,0
4312,0.00266425,0
4313,0.00195587,0
4314,0.00379964,0
4315,0.00760291,0
4316,0.00103599,0
4317,0.00235140,0
4318,0.00201315,0
4319,0.00190838,0
4320,0.01827449,0
4321,0.00663867,0
4322,0.00383805,0
4323,0.00218077,0
4324,0.00156540,0
4325,0.00861928,0
4326,0.00427294,0
4327,0.00230098,0
4328,0.00252926,0
4329,0.00183745,0
4330,0.01393050,0
4331,0.00149848,0
4332,0.00264253,0
4333,0.00409905,0
4334,0.00054135,0
4335,0.00234502,0
4336,0.00350305,0
4337,0.00238796,0
4338,0.00912701,0
4339,0.00284914,0
4340,0.00593487,0
4341,0.00195256,0
4342,0.02675796,0
4343,0.00530902,0
4344,0.00289266,0
4345,0.00351651,0
4346,0.00543095,0
4347,0.00314461,0
4348,0.00212263,0
4349,0.00183603,0
4350,0.00370686,0
4351,0.00117471,0
4352,0.00280163,0
4353,0.00193834,0
4354,0.00669666,0
4355,0.00115670,0
4356,0.00197268,0
4357,0.00238244,0
4358,0.00120329,0
4359,0.00300648,0
4360,0.01248962,0
4361,0.00247484,0
4362,0.00751491,0
4363,0.00132257,0
4364,0.00738026,0
4365,0.00226872,0
4366,0.00170141,0
4367,0.00257863,0
4368,0.00107247,0
4369,0.00221420,0
4370,0.00423153,0
4371,0.00444952,0
4372,0.00222298,0
4373,0.00452125,0
4374,0.00192781,0
4375,0.00422794,0
4376,0.00201843,0
4377,0.00183664,0
4378,0.00208455,0
4379,0.00163065,0
4380,0.01692568,0
4381,0.00090490,0
4382,0.00189076,0
4383,0.00415282,0
4384,0.00123978,0
4385,0.00175814,0
4386,0.00530406,0
4387,0.00356544,0
4388,0.00280287,0
4389,0.00339021,0
4390,0.00339775,0
4391,0.00250915,0
4392,0.00065837,0
4393,0.00268279,0
4394,0.00265411,0
4395,0.00204560,0
4396,0.00453395,0
4397,0.00788537,0
4398,0.00102705,0
4399,0.00290750,0
4400,0.00195404,0
4401,0.00191446,0
4402,0.01870385,0
4403,0.00723977,0
4404,0.00412737,0
4405,0.00221414,0
4406,0.00153917,0
4407,0.00901410,0
4408,0.00470102,0
4409,0.00228473,0
4410,0.00270034,0
4411,0.00194208,0
4412,0.00978298,0
4413,0.00155531,0
4414,0.00265851,0
4415,0.00410242,0
4416,0.00055771,0
4417,0.00226859,0
4418,0.00346735,0
4419,0.00248393,0
4420,0.00852489,0
4421,0.00293192,0
4422,0.00589773,0
4423,0.00169503,0
4424,0.02541964,0
4425,0.00510188,0
4426,0.00288383,0
4427,0.00324850,0
4428,0.00563215,0
4429,0.00325755,0
4430,0.00207027,0
4431,0.00185977,0
4432,0.00375243,0
4433,0.00115846,0
4434,0.00290185,0
4435,0.00199258,0
4436,0.00760666,0
4437,0.00115741,0
4438,0.00202799,0
4439,0.00234993,0
4440,0.00123467,0
4441,0.00327224,0
4442,0.01247427,0
4443,0.00252212,0
4444,0.00774934,0
4445,0.00135645,0
4446,0.00773770,0
4447,0.00247390,0
4448,0.00173428,0
4449,0.00268043,0
4450,0.00111010,0
4451,0.00211970,0
4452,0.00420240,0
4453,0.00487781,0
4454,0.00225899,0
4455,0.00485311,0
4456,0.00199739,0
4457,0.00424845,0
4458,0.00162845,0
4459,0.00176063,0
4460,0.00204145,0
4461,0.00163423,0
4462,0.01778471,0
4463,0.00093533,0
4464,0.00185513,0
4465,0.00435642,0
4466,0.00135498,0
4467,0.00168707,0
4468,0.00544830,0
4469,0.00363171,0
4470,0.00258481,0
4471,0.00330916,0
4472,0.00337658,0
4473,0.00257401,0
4474,0.00064303,0
4475,0.00297062,0
4476,0.00267772,0
4477,0.00217258,0
4478,0.00495348,0
4479,0.00862765,0
4480,0.00109005,0
4481,0.00223991,0
4482,0.00191775,0
4483,0.00200202,0
4484,0.01718420,0
4485,0.00674494,0
4486,0.00400926,0
4487,0.00235667,0
4488,0.00161046,0
4489,0.00902063,0
4490,0.00478153,0
4491,0.00239984,0
4492,0.00272959,0
4493,0.00206250,0
4494,0.00969377,0
4495,0.00146415,0
4496,0.00260980,0
4497,0.00430359,0
4498,0.00052710,0
4499,0.00235105,0
4500,0.00333360,0
4501,0.00272529,0
4502,0.00809968,0
4503,0.00312996,0
4504,0.00559506,0
4505,0.00192391,0
4506,0.02518575,0
4507,0.00577898,0
4508,0.00295639,0
4509,0.00377353,0
4510,0.00548512,0
4511,0.00362641,0
4512,0.00219895,0
4513,0.00197171,0
4514,0.00381566,0
4515,0.00122564,0
4516,0.00288964,0
4517,0.00203335,0
4518,0.00811116,0
4519,0.00128536,0
4520,0.00214181,0
4521,0.00265053,0
4522,0.00124853,0
4523,0.00325676,0
4524,0.01214486,0
4525,0.00269919,0
4526,0.00719479,0
4527,0.00145812,0
4528,0.00696879,0
4529,0.00250681,0
4530,0.00171003,0
4531,0.00271756,0
4532,0.00109976,0
4533,0.00231121,0
4534,0.00443321,0
4535,0.00449688,0
4536,0.00220457,0
4537,0.00479586,0
4538,0.00199780,0
4539,0.00424258,0
4540,0.00176072,0
4541,0.00186205,0
4542,0.00204040,0
4543,0.00163151,0
4544,0.01771251,0
4545,0.00088566,0
4546,0.00186556,0
4547,0.00452374,0
4548,0.00116476,0
4549,0.00142158,0
4550,0.00577487,0
4551,0.00366624,0
4552,0.00294750,0
4553,0.00341369,0
4554,0.00343257,0
4555,0.00256577,0
4556,0.00064571,0
4557,0.00278227,0
4558,0.00272059,0
4559,0.00215581,0
4560,0.00292389,0
4561,0.00819621,0
4562,0.00111889,0
4563,0.00263894,0
4564,0.00196956,0
4565,0.00185010,0
4566,0.01806826,0
4567,0.00614900,0
4568,0.00408415,0
4569,0.00217334,0
4570,0.00159189,0
4571,0.00930779,0
4572,0.00452884,0
4573,0.00243702,0
4574,0.00279692,0
4575,0.00197470,0
4576,0.01209080,0
4577,0.00152308,0
4578,0.00252669,0
4579,0.00439039,0
4580,0.00052582,0
4581,0.00236373,0
4582,0.00316638,0
4583,0.00253918,0
4584,0.00902874,0
4585,0.00316799,0
4586,0.00562676,0
4587,0.00172046,0
4588,0.02506843,0
4589,0.00536003,0
4590,0.00303124,0
4591,0.00343660,0
4592,0.00535683,0
4593,0.00329651,0
4594,0.00215884,0
4595,0.00193574,0
4596,0.00375594,0
4597,0.00120053,0
4598,0.00280671,0
4599,0.00198250,0
4600,0.00653933,0
4601,0.00115418,0
4602,0.00200684,0
4603,0.00225660,0
4604,0.00117874,0
4605,0.00325112,0
4606,0.01263853,0
4607,0.00269033,0
4608,0.00787670,0
4609,0.00135722,0
4610,0.00793134,0
4611,0.00264760,0
4612,0.00163770,0
4613,0.00267077,0
4614,0.00111180,0
4615,0.00217098,0
4616,0.00423014,0
4617,0.00464218,0
4618,0.00217720,0
4619,0.00517973,0
4620,0.00204502,0
4621,0.00417662,0
4622,0.00217870,0
4623,0.00187822,0
4624,0.00204238,0
4625,0.00161785,0
4626,0.01772641,0
4627,0.00090251,0
4628,0.00176858,0
4629,0.00406529,0
4630,0.00120614,0
4631,0.00153402,0
4632,0.00624064,0
4633,0.00372802,0
4634,0.00283419,0
4635,0.00326674,0
4636,0.00391133,0
4637,0.00245051,0
4638,0.00069381,0
4639,0.00300696,0
4640,0.00284239,0
4641,0.00214191,0
4642,0.00287038,0
4643,0.00827925,0
4644,0.00104584,0
4645,0.00219666,0
4646,0.00196942,0
4647,0.00197216,0
4648,0.01805027,0
4649,0.00644050,0
4650,0.00394987,0
4651,0.00227673,0
4652,0.00159187,0
4653,0.00891998,0
4654,0.00504278,0
4655,0.00241145,0
4656,0.00274137,0
4657,0.00195894,0
4658,0.01194012,0
4659,0.00148251,0
4660,0.00265551,0
4661,0.00405836,0
4662,0.00053537,0
4663,0.00234487,0
4664,0.00311573,0
4665,0.00242313,0
4666,0.00824632,0
4667,0.00300044,0
4668,0.00592805,0
4669,0.00190485,0
4670,0.02423796,0
4671,0.00513579,0
4672,0.00313791,0
4673,0.00358580,0
4674,0.00587834,0
4675,0.00330676,0
4676,0.00228833,0
4677,0.00186974,0
4678,0.00392505,0
4679,0.00118225,0
4680,0.00304508,0
4681,0.00196572,0
4682,0.00635810,0
4683,0.00139549,0
4684,0.00204578,0
4685,0.00246004,0
4686,0.00126360,0
4687,0.00346156,0
4688,0.01209641,0
4689,0.00277948,0
4690,0.00754273,0
4691,0.00134965,0
4692,0.00739150,0
4693,0.00256614,0
4694,0.00164946,0
4695,0.00292101,0
4696,0.00108189,0
4697,0.00229247,0
4698,0.00419122,0
4699,0.00451014,0
4700,0.00216737,0
4701,0.00335948,0
4702,0.00199894,0
4703,0.00415922,0
4704,0.00183126,0
4705,0.00172138,0
4706,0.00203622,0
4707,0.00158412,0
4708,0.01722965,0
4709,0.00092593,0
4710,0.00191930,0
4711,0.00620712,0
4712,0.00113374,0
4713,0.00155012,0
4714,0.00498049,0
4715,0.00384038,0
4716,0.00269481,0
4717,0.00347274,0
4718,0.00342137,0
4719,0.00251593,0
4720,0.00064474,0
4721,0.00296792,0
4722,0.00270950,0
4723,0.00219413,0
4724,0.00294118,0
4725,0.00821859,0
4726,0.00109742,0
4727,0.00223867,0
4728,0.00194496,0
4729,0.00185775,0
4730,0.01629823,0
4731,0.00613697,0
4732,0.00382360,0
4733,0.00221566,0
4734,0.00152073,0
4735,0.00907949,0
4736,0.00443840,0
4737,0.00233198,0
4738,0.00246153,0
4739,0.00185717,0
4740,0.01090101,0
4741,0.00150337,0
4742,0.00254775,0
4743,0.00405285,0
4744,0.00048551,0
4745,0.00222819,0
4746,0.00286199,0
4747,0.00241028,0
4748,0.00902148,0
4749,0.00309590,0
4750,0.00544385,0
4751,0.00161051,0
4752,0.02453540,0
4753,0.00402888,0
4754,0.00311799,0
4755,0.00362172,0
4756,0.00580590,0
4757,0.00322472,0
4758,0.00210800,0
4759,0.00189821,0
4760,0.00384241,0
4761,0.00108403,0
4762,0.00277905,0
4763,0.00188997,0
4764,0.00696518,0
4765,0.00120150,0
4766,0.00192612,0
4767,0.00233534,0
4768,0.00119507,0
4769,0.00318774,0
4770,0.01252205,0
4771,0.00268603,0
4772,0.00702760,0
4773,0.00137684,0
4774,0.00724546,0
4775,0.00244437,0
4776,0.00170187,0
4777,0.00240233,0
4778,0.00102320,0
4779,0.00212815,0
4780,0.00386633,0
4781,0.00451648,0
4782,0.00223879,0
4783,0.00474672,0
4784,0.00196267,0
4785,0.00407475,0
4786,0.00202258,0
4787,0.00185217,0
4788,0.00197262,0
4789,0.00156349,0
4790,0.01607077,0
4791,0.00091387,0
4792,0.00185278,0
4793,0.00446020,0
4794,0.00128841,0
4795,0.00171397,0
4796,0.00547920,0
4797,0.00420771,0
4798,0.00309980,0
4799,0.00329762,0
4800,0.00349041,0
4801,0.00257906,0
4802,0.00061656,0
4803,0.00290551,0
4804,0.00266908,0
4805,0.00216238,0
4806,0.00288049,0
4807,0.00966258,0
4808,0.00107980,0
4809,0.00230545,0
4810,0.00192956,0
4811,0.00196177,0
4812,0.01660398,0
4813,0.00618644,0
4814,0.00409410,0
4815,0.00218471,0
4816,0.00155356,0
4817,0.00880669,0
4818,0.00470199,0
4819,0.00232429,0
4820,0.00266433,0
4821,0.00183825,0
4822,0.01072167,0
4823,0.00150393,0
4824,0.00270273,0
4825,0.00391618,0
4826,0.00049103,0
4827,0.00228051,0
4828,0.00294563,0
4829,0.00242099,0
4830,0.00904766,0
4831,0.00298754,0
4832,0.00576095,0
4833,0.00168102,0
4834,0.02399757,0
4835,0.00438073,0
4836,0.00303645,0
4837,0.00371353,0
4838,0.00578103,0
4839,0.00324302,0
4840,0.00217670,0
4841,0.00182188,0
4842,0.00379997,0
4843,0.00115871,0
4844,0.00279746,0
4845,0.00196468,0
4846,0.00900182,0
4847,0.00110252,0
4848,0.00200165,0
4849,0.00228724,0
4850,0.00122718,0
4851,0.00306295,0
4852,0.01249772,0
4853,0.00274879,0
4854,0.00710447,0
4855,0.00139775,0
4856,0.00742657,0
4857,0.00237469,0
4858,0.00165386,0
4859,0.00253349,0
4860,0.00106836,0
4861,0.00205446,0
4862,0.00398197,0
4863,0.00465835,0
4864,0.00225842,0
4865,0.00452290,0
4866,0.00191910,0
4867,0.00421384,0
4868,0.00171428,0
4869,0.00165876,0
4870,0.00199021,0
4871,0.00152764,0
4872,0.01664053,0
4873,0.00091698,0
4874,0.00184989,0
4875,0.00411843,0
4876,0.00114897,0
4877,0.00165756,0
4878,0.00555185,0
4879,0.00403719,0
4880,0.00288888,0
4881,0.00337700,0
4882,0.00313235,0
4883,0.00242704,0
4884,0.00063350,0
4885,0.00295888,0
4886,0.00258490,0
4887,0.00205289,0
4888,0.00247181,0
4889,0.00871283,0
4890,0.00106246,0
4891,0.00306430,0
4892,0.00196554,0
4893,0.00196214,0
4894,0.01610209,0
4895,0.00612367,0
4896,0.00402697,0
4897,0.00221774,0
4898,0.00158705,0
4899,0.00910515,0
4900,0.00456710,0
4901,0.00228722,0
4902,0.00259402,0
4903,0.00184817,0
4904,0.01198661,0
4905,0.00147655,0
4906,0.00258960,0
4907,0.00405987,0
4908,0.00052665,0
4909,0.00232133,0
4910,0.00280162,0
4911,0.00221367,0
4912,0.00790186,0
4913,0.00300861,0
4914,0.00557908,0
4915,0.00165160,0
4916,0.02350230,0
4917,0.00345559,0
4918,0.00302879,0
4919,0.00345928,0
4920,0.00596896,0
4921,0.00318325,0
4922,0.00221476,0
4923,0.00188278,0
4924,0.00391330,0
4925,0.00114152,0
4926,0.00278387,0
4927,0.00210495,0
4928,0.00701815,0
4929,0.00111106,0
4930,0.00192477,0
4931,0.00236112,0
4932,0.00124535,0
4933,0.00313164,0
4934,0.01269007,0
4935,0.00271220,0
4936,0.00703290,0
4937,0.00139786,0
4938,0.00789029,0
4939,0.00248860,0
4940,0.00166469,0
4941,0.00246819,0
4942,0.00115340,0
4943,0.00213025,0
4944,0.00378141,0
4945,0.00448682,0
4946,0.00210451,0
4947,0.00348251,0
4948,0.00188793,0
4949,0.00421241,0
4950,0.00182822,0
4951,0.00166236,0
4952,0.00191991,0
4953,0.00158024,0
4954,0.01668945,0
4955,0.00089553,0
4956,0.00181934,0
4957,0.00443215,0
4958,0.00095930,0
4959,0.00150894,0
4960,0.00564892,0
4961,0.00380997,0
4962,0.00312289,0
4963,0.00333338,0
4964,0.00372364,0
4965,0.00246216,0
4966,0.00063761,0
4967,0.00293675,0
4968,0.00273421,0
4969,0.00208776,0
4970,0.00618733,0
4971,0.00779317,0
4972,0.00107239,0
4973,0.00268237,0
4974,0.00197707,0
4975,0.00190932,0
4976,0.01567850,0
4977,0.00576775,0
4978,0.00423574,0
4979,0.00215633,0
4980,0.00155881,0
4981,0.00891575,0
4982,0.00452788,0
4983,0.00237946,0
4984,0.00259424,0
4985,0.00177854,0
4986,0.01177730,0
4987,0.00137917,0
4988,0.00246907,0
4989,0.00388724,0
4990,0.00053062,0
4991,0.00228795,0
4992,0.00293747,0
4993,0.00226115,0
4994,0.00705541,0
4995,0.00270892,0
4996,0.00548038,0
4997,0.00175425,0
4998,0.02606468,0
4999,0.00635748,0
5000,0.00256679,0
5001,0.00303578,0
5002,0.00529658,0
5003,0.00301255,0
5004,0.00204690,0
5005,0.00181037,0
5006,0.00374957,0
5007,0.00107707,0
5008,0.00266567,0
5009,0.00184193,0
5010,0.00727826,0
5011,0.00105654,0
5012,0.00189915,0
5013,0.00231176,0
5014,0.00122153,0
5015,0.00291744,0
5016,0.01187968,0
5017,0.00261659,0
5018,0.00697106,0
5019,0.00134074,0
5020,0.00732882,0
5021,0.00237198,0
5022,0.00156208,0
5023,0.00239779,0
5024,0.00102868,0
5025,0.00201460,0
5026,0.00393368,0
5027,0.00426069,0
5028,0.00197629,0
5029,0.00367048,0
5030,0.00185495,0
5031,0.00396592,0
5032,0.00206040,0
5033,0.00165042,0
5034,0.00184948,0
5035,0.00150587,0
5036,0.01672276,0
5037,0.00091855,0
5038,0.00182556,0
5039,0.00410642,0
5040,0.00102665,0
5041,0.00153216,0
5042,0.00597703,0
5043,0.00374723,0
5044,0.00291984,0
5045,0.00323625,0
5046,0.00323355,0
5047,0.00234796,0
5048,0.00062793,0
5049,0.00280364,0
5050,0.00245529,0
5051,0.00203259,0
5052,0.00279355,0
5053,0.00737599,0
5054,0.00097827,0
5055,0.00220733,0
5056,0.00190566,0
5057,0.00190449,0
5058,0.01485858,0
5059,0.00540644,0
5060,0.00417035,0
5061,0.00229416,0
5062,0.00155656,0
5063,0.00933729,0
5064,0.00413201,0
5065,0.00227195,0
5066,0.00249437,0
5067,0.00180639,0
5068,0.01263096,0
5069,0.00138360,0
5070,0.00248964,0
5071,0.00384115,0
5072,0.00052488,0
5073,0.00212494,0
5074,0.00281068,0
5075,0.00219833,0
5076,0.00751879,0
5077,0.00279047,0
5078,0.00513045,0
5079,0.00162876,0
5080,0.02281302,0
5081,0.00389798,0
5082,0.00257987,0
5083,0.00337739,0
5084,0.00549928,0
5085,0.00298674,0
5086,0.00208849,0
5087,0.00182313,0
5088,0.00387059,0
5089,0.00101299,0
5090,0.00272087,0
5091,0.00181688,0
5092,0.00608226,0
5093,0.00102843,0
5094,0.00191662,0
5095,0.00219461,0
5096,0.00122609,0
5097,0.00301834,0
5098,0.01125699,0
5099,0.00265549,0
5100,0.00729555,0
5101,0.00131721,0
5102,0.00653291,0
5103,0.00235819,0
5104,0.00167741,0
5105,0.00240468,0
5106,0.00113455,0
5107,0.00211249,0
5108,0.00356926,0
5109,0.00417934,0
5110,0.00203052,0
5111,0.00355363,0
5112,0.00194967,0
5113,0.00402227,0
5114,0.00154231,0
5115,0.00172433,0
5116,0.00182173,0
5117,0.00138038,0
5118,0.01652925,0
5119,0.00082291,0
5120,0.00175261,0
5121,0.00447826,0
5122,0.00112280,0
5123,0.00162081,0
5124,0.00566659,0
5125,0.00391682,0
5126,0.00297591,0
5127,0.00309145,0
5128,0.00352967,0
5129,0.00235961,0
5130,0.00064554,0
5131,0.00279053,0
5132,0.00236765,0
5133,0.00196447,0
5134,0.00359426,0
5135,0.00834654,0
5136,0.00102875,0
5137,0.00241512,0
5138,0.00182686,0
5139,0.00178201,0
5140,0.01433516,0
5141,0.00550648,0
5142,0.00405868,0
5143,0.00217123,0
5144,0.00153401,0
5145,0.00832359,0
5146,0.00444990,0
5147,0.00223113,0
5148,0.00250401,0
5149,0.00186990,0
5150,0.01280532,0
5151,0.00137551,0
5152,0.00246506,0
5153,0.00384046,0
5154,0.00051600,0
5155,0.00227577,0
5156,0.00299043,0
5157,0.00222521,0
5158,0.00825066,0
5159,0.00274504,0
5160,0.00516798,0
5161,0.00163120,0
5162,0.02453786,0
5163,0.00537332,0
5164,0.00246928,0
5165,0.00291306,0
5166,0.00560033,0
5167,0.00283146,0
5168,0.00216483,0
5169,0.00185104,0
5170,0.00372774,0
5171,0.00105988,0
5172,0.00274443,0
5173,0.00183780,0
5174,0.00570317,0
5175,0.00113286,0
5176,0.00191244,0
5177,0.00226045,0
5178,0.00127119,0
5179,0.00300992,0
5180,0.01087892,0
5181,0.00268840,0
5182,0.00745304,0
5183,0.00134048,0
5184,0.00691284,0
5185,0.00238666,0
5186,0.00163215,0
5187,0.00232206,0
5188,0.00105020,0
5189,0.00186568,0
5190,0.00369994,0
5191,0.00426910,0
5192,0.00196883,0
5193,0.00340595,0
5194,0.00172314,0
5195,0.00411120,0
5196,0.00177223,0
5197,0.00167298,0
5198,0.00185081,0
5199,0.00141056,0
5200,0.01678574,0
5201,0.00087928,0
5202,0.00171209,0
5203,0.00438325,0
5204,0.00123226,0
5205,0.00166704,0
5206,0.00598863,0
5207,0.00356476,0
5208,0.00274998,0
5209,0.00315435,0
5210,0.00326773,0
5211,0.00226936,0
5212,0.00069477,0
5213,0.00290897,0
5214,0.00234693,0
5215,0.00189183,0
5216,0.00303593,0
5217,0.00887734,0
5218,0.00101615,0
5219,0.00279434,0
5220,0.00187484,0
5221,0.00194434,0
5222,0.01464921,0
5223,0.00544400,0
5224,0.00389510,0
5225,0.00212223,0
5226,0.00151407,0
5227,0.00845554,0
5228,0.00438538,0
5229,0.00226816,0
5230,0.00251324,0
5231,0.00191899,0
5232,0.01140932,0
5233,0.00141207,0
5234,0.00239856,0
5235,0.00396189,0
5236,0.00049119,0
5237,0.00222142,0
5238,0.00306778,0
5239,0.00224691,0
5240,0.00876672,0
5241,0.00288122,0
5242,0.00512099,0
5243,0.00167079,0
5244,0.02644260,0
5245,0.00443526,0
5246,0.00248686,0
5247,0.00318735,0
5248,0.00521238,0
5249,0.00287044,0
5250,0.00219597,0
5251,0.00174277,0
5252,0.00360242,0
5253,0.00108314,0
5254,0.00262835,0
5255,0.00195752,0
5256,0.00693088,0
5257,0.00115561,0
5258,0.00190644,0
5259,0.00222808,0
5260,0.00118062,0
5261,0.00307143,0
5262,0.01201127,0
5263,0.00269313,0
5264,0.00713295,0
5265,0.00127370,0
5266,0.00648913,0
5267,0.00226549,0
5268,0.00164970,0
5269,0.00229985,0
5270,0.00107020,0
5271,0.00207521,0
5272,0.00364618,0
5273,0.00425438,0
5274,0.00207843,0
5275,0.00427443,0
5276,0.00195722,0
5277,0.00401401,0
5278,0.00160852,0
5279,0.00166057,0
5280,0.00172020,0
5281,0.00142244,0
5282,0.01720705,0
5283,0.00084784,0
5284,0.00166315,0
5285,0.00425622,0
5286,0.00106962,0
5287,0.00141538,0
5288,0.00591518,0
5289,0.00349875,0
5290,0.00286172,0
5291,0.00323532,0
5292,0.00321132,0
5293,0.00239519,0
5294,0.00064507,0
5295,0.00300464,0
5296,0.00249900,0
5297,0.00184346,0
5298,0.00398094,0
5299,0.00798076,0
5300,0.00093162,0
5301,0.00246195,0
5302,0.00179783,0
5303,0.00200663,0
5304,0.01586348,0
5305,0.00545845,0
5306,0.00412904,0
5307,0.00207768,0
5308,0.00153579,0
5309,0.00974425,0
5310,0.00465520,0
5311,0.00226217,0
5312,0.00250929,0
5313,0.00185719,0
5314,0.01361959,0
5315,0.00147462,0
5316,0.00254556,0
5317,0.00405613,0
5318,0.00048855,0
5319,0.00226132,0
5320,0.00293825,0
5321,0.00224225,0
5322,0.00754288,0
5323,0.00288335,0
5324,0.00540170,0
5325,0.00162086,0
5326,0.02501599,0
5327,0.00511875,0
5328,0.00281019,0
5329,0.00329136,0
5330,0.00555985,0
5331,0.00309510,0
5332,0.00224888,0
5333,0.00174767,0
5334,0.00364810,0
5335,0.00115295,0
5336,0.00273646,0
5337,0.00193765,0
5338,0.00596251,0
5339,0.00111694,0
5340,0.00192828,0
5341,0.00230634,0
5342,0.00114106,0
5343,0.00324800,0
5344,0.01114526,0
5345,0.00269479,0
5346,0.00774451,0
5347,0.00131398,0
5348,0.00679260,0
5349,0.00237475,0
5350,0.00165872,0
5351,0.00253675,0
5352,0.00112659,0
5353,0.00210188,0
5354,0.00380652,0
5355,0.00415708,0
5356,0.00208167,0
5357,0.00370385,0
5358,0.00188426,0
5359,0.00406556,0
5360,0.00161031,0
5361,0.00167476,0
5362,0.00196447,0
5363,0.00147976,0
5364,0.01727661,0
5365,0.00088934,0
5366,0.00175545,0
5367,0.00488596,0
5368,0.00116637,0
5369,0.00151690,0
5370,0.00712133,0
5371,0.00356351,0
5372,0.00284714,0
5373,0.00315527,0
5374,0.00326474,0
5375,0.00238570,0
5376,0.00058708,0
5377,0.00300549,0
5378,0.00238417,0
5379,0.00197803,0
5380,0.00296829,0
5381,0.00858077,0
5382,0.00101629,0
5383,0.00303685,0
5384,0.00184079,0
5385,0.00195410,0
5386,0.01478357,0
5387,0.00528533,0
5388,0.00407300,0
5389,0.00219170,0
5390,0.00157001,0
5391,0.00920146,0
5392,0.00480177,0
5393,0.00224290,0
5394,0.00251673,0
5395,0.00190132,0
5396,0.01336080,0
5397,0.00152273,0
5398,0.00253679,0
5399,0.00408211,0
5400,0.00048732,0
5401,0.00230207,0
5402,0.00314633,0
5403,0.00235276,0
5404,0.00784183,0
5405,0.00294196,0
5406,0.00511684,0
5407,0.00174772,0
5408,0.02334129,0
5409,0.00449204,0
5410,0.00262240,0
5411,0.00343026,0
5412,0.00528517,0
5413,0.00306582,0
5414,0.00211437,0
5415,0.00181998,0
5416,0.00367428,0
5417,0.00118016,0
5418,0.00260709,0
5419,0.00186555,0
5420,0.00622256,0
5421,0.00120541,0
5422,0.00196722,0
5423,0.00227931,0
5424,0.00118795,0
5425,0.00329664,0
5426,0.01109121,0
5427,0.00256454,0
5428,0.00754312,0
5429,0.00139896,0
5430,0.00645394,0
5431,0.00226860,0
5432,0.00170558,0
5433,0.00264276,0
5434,0.00104983,0
5435,0.00206276,0
5436,0.00379955,0
5437,0.00433289,0
5438,0.00203641,0
5439,0.00493298,0
5440,0.00184530,0
5441,0.00408612,0
5442,0.00167879,0
5443,0.00175923,0
5444,0.00184200,0
5445,0.00147135,0
5446,0.01700734,0
5447,0.00080066,0
5448,0.00169011,0
5449,0.00371269,0
5450,0.00116545,0
5451,0.00145923,0
5452,0.00553396,0
5453,0.00360760,0
5454,0.00273405,0
5455,0.00327398,0
5456,0.00321358,0
5457,0.00233169,0
5458,0.00053628,0
5459,0.00307494,0
5460,0.00238435,0
5461,0.00200830,0
5462,0.00312059,0
5463,0.00757307,0
5464,0.00098904,0
5465,0.00229720,0
5466,0.00171821,0
5467,0.00212657,0
5468,0.01491428,0
5469,0.00499818,0
5470,0.00370958,0
5471,0.00210384,0
5472,0.00142923,0
5473,0.00895823,0
5474,0.00452647,0
5475,0.00224948,0
5476,0.00247704,0
5477,0.00168294,0
5478,0.01167775,0
5479,0.00131300,0
5480,0.00248234,0
5481,0.00372043,0
5482,0.00048668,0
5483,0.00207565,0
5484,0.00289937,0
5485,0.00231645,0
5486,0.00789606,0
5487,0.00269105,0
5488,0.00527395,0
5489,0.00158459,0
5490,0.02283521,0
5491,0.00366163,0
5492,0.00268276,0
5493,0.00334609,0
5494,0.00555995,0
5495,0.00294815,0
5496,0.00192169,0
5497,0.00178973,0
5498,0.00352872,0
5499,0.00114164,0
5500,0.00258875,0
5501,0.00178855,0
5502,0.00595371,0
5503,0.00110482,0
5504,0.00177920,0
5505,0.00215975,0
5506,0.00113593,0
5507,0.00317165,0
5508,0.01086662,0
5509,0.00247296,0
5510,0.00760781,0
5511,0.00133524,0
5512,0.00654673,0
5513,0.00217938,0
5514,0.00159873,0
5515,0.00242237,0
5516,0.00102141,0
5517,0.00188393,0
5518,0.00388629,0
5519,0.00441753,0
5520,0.00204499,0
5521,0.00346529,0
5522,0.00180397,0
5523,0.00390471,0
5524,0.00170194,0
5525,0.00169139,0
5526,0.00185903,0
5527,0.00134556,0
5528,0.01731239,0
5529,0.00081002,0
5530,0.00171931,0
5531,0.00412165,0
5532,0.00113736,0
5533,0.00145303,0
5534,0.00583465,0
5535,0.00372906,0
5536,0.00273522,0
5537,0.00314683,0
5538,0.00308981,0
5539,0.00229060,0
5540,0.00058941,0
5541,0.00270613,0
5542,0.00240565,0
5543,0.00189114,0
5544,0.00288131,0
5545,0.00905232,0
5546,0.00101904,0
5547,0.00320489,0
5548,0.00187485,0
5549,0.00196753,0
5550,0.01410617,0
5551,0.00488653,0
5552,0.00344098,0
5553,0.00197795,0
5554,0.00139548,0
5555,0.00910686,0
5556,0.00423792,0
5557,0.00222071,0
5558,0.00243027,0
5559,0.00167937,0
5560,0.01373980,0
5561,0.00135659,0
5562,0.00257434,0
5563,0.00370281,0
5564,0.00048385,0
5565,0.00220729,0
5566,0.00284067,0
5567,0.00223043,0
5568,0.00812227,0
5569,0.00282484,0
5570,0.00509412,0
5571,0.00161323,0
5572,0.02547712,0
5573,0.00428571,0
5574,0.00254104,0
5575,0.00318227,0
5576,0.00506253,0
5577,0.00269220,0
5578,0.00204622,0
5579,0.00168406,0
5580,0.00371748,0
5581,0.00108853,0
5582,0.00255975,0
5583,0.00181557,0
5584,0.00595153,0
5585,0.00109107,0
5586,0.00168859,0
5587,0.00201924,0
5588,0.00109408,0
5589,0.00320001,0
5590,0.01084704,0
5591,0.00244991,0
5592,0.00744302,0
5593,0.00124492,0
5594,0.00620995,0
5595,0.00216197,0
5596,0.00156556,0
5597,0.00235276,0
5598,0.00102097,0
5599,0.00192912,0
5600,0.00364094,0
5601,0.00426537,0
5602,0.00200375,0
5603,0.00400189,0
5604,0.00178032,0
5605,0.00404347,0
5606,0.00160645,0
5607,0.00163968,0
5608,0.00168386,0
5609,0.00124274,0
5610,0.01658166,0
5611,0.00084289,0
5612,0.00157129,0
5613,0.00438968,0
5614,0.00110642,0
5615,0.00150303,0
5616,0.00554503,0
5617,0.00349283,0
5618,0.00259976,0
5619,0.00310204,0
5620,0.00284274,0
5621,0.00233863,0
5622,0.00056633,0
5623,0.00285124,0
5624,0.00235412,0
5625,0.00180408,0
5626,0.00243916,0
5627,0.00820024,0
5628,0.00095118,0
5629,0.00266296,0
5630,0.00176835,0
5631,0.00193356,0
5632,0.01437890,0
5633,0.00483018,0
5634,0.00388816,0
5635,0.00210648,0
5636,0.00143677,0
5637,0.00910797,0
5638,0.00442585,0
5639,0.00229845,0
5640,0.00244125,0
5641,0.00182571,0
5642,0.01444399,0
5643,0.00125648,0
5644,0.00242995,0
5645,0.00388926,0
5646,0.00046759,0
5647,0.00233017,0
5648,0.00280874,0
5649,0.00221619,0
5650,0.00828013,0
5651,0.00279443,0
5652,0.00519890,0
5653,0.00163670,0
5654,0.02248279,0
5655,0.00442650,0
5656,0.00267840,0
5657,0.00334977,0
5658,0.00552101,0
5659,0.00298205,0
5660,0.00207443,0
5661,0.00177424,0
5662,0.00354629,0
5663,0.00114304,0
5664,0.00263231,0
5665,0.00177893,0
5666,0.00598087,0
5667,0.00111928,0
5668,0.00183792,0
5669,0.00205976,0
5670,0.00114657,0
5671,0.00319085,0
5672,0.01138814,0
5673,0.00252821,0
5674,0.00756659,0
5675,0.00126230,0
5676,0.00584278,0
5677,0.00220060,0
5678,0.00161357,0
5679,0.00245158,0
5680,0.00107388,0
5681,0.00197024,0
5682,0.00389003,0
5683,0.00427530,0
5684,0.00201057,0
5685,0.00400609,0
5686,0.00176285,0
5687,0.00413973,0
5688,0.00169848,0
5689,0.00167403,0
5690,0.00172690,0
5691,0.00141204,0
5692,0.01671457,0
5693,0.00083004,0
5694,0.00168153,0
5695,0.00387028,0
5696,0.00102151,0
5697,0.00129207,0
5698,0.00598806,0
5699,0.00355408,0
5700,0.00262550,0
5701,0.00297942,0
5702,0.00284646,0
5703,0.00250757,0
5704,0.00054772,0
5705,0.00276933,0
5706,0.00248989,0
5707,0.00180445,0
5708,0.00266595,0
5709,0.00826320,0
5710,0.00102416,0
5711,0.00248419,0
5712,0.00171574,0
5713,0.00201785,0
5714,0.01459273,0
5715,0.00509369,0
5716,0.00387328,0
5717,0.00203694,0
5718,0.00142192,0
5719,0.00893483,0
5720,0.00454146,0
5721,0.00230554,0
5722,0.00250848,0
5723,0.00179497,0
5724,0.00992851,0
5725,0.00131419,0
5726,0.00261895,0
5727,0.00388682,0
5728,0.00046053,0
5729,0.00215390,0
5730,0.00284549,0
5731,0.00207481,0
5732,0.00796485,0
5733,0.00283219,0
5734,0.00515083,0
5735,0.00154385,0
5736,0.02321880,0
5737,0.00458439,0
5738,0.00269591,0
5739,0.00311598,0
5740,0.00581931,0
5741,0.00288069,0
5742,0.00195274,0
5743,0.00171643,0
5744,0.00381824,0
5745,0.00112104,0
5746,0.00258827,0
5747,0.00188360,0
5748,0.00573206,0
5749,0.00118548,0
5750,0.00178235,0
5751,0.00216366,0
5752,0.00113263,0
5753,0.00329405,0
5754,0.01113833,0
5755,0.00257020,0
5756,0.00751951,0
5757,0.00126063,0
5758,0.00602643,0
5759,0.00222831,0
5760,0.00159540,0
5761,0.00229121,0
5762,0.00104543,0
5763,0.00210291,0
5764,0.00381526,0
5765,0.00425040,0
5766,0.00201855,0
5767,0.00352207,0
5768,0.00175572,0
5769,0.00400293,0
5770,0.00167442,0
5771,0.00173410,0
5772,0.00176899,0
5773,0.00138887,0
5774,0.01634622,0
5775,0.00083175,0
5776,0.00171463,0
5777,0.00403513,0
5778,0.00112119,0
5779,0.00140683,0
5780,0.00576746,0
5781,0.00346676,0
5782,0.00264225,0
5783,0.00311584,0
5784,0.00297902,0
5785,0.00243936,0
5786,0.00053481,0
5787,0.00303994,0
5788,0.00248029,0
5789,0.00187256,0
5790,0.00301024,0
5791,0.00823478,0
5792,0.00099747,0
5793,0.00280222,0
5794,0.00187402,0
5795,0.00194649,0
5796,0.01397926,0
5797,0.00534363,0
5798,0.00397001,0
5799,0.00204731,0
5800,0.00155548,0
5801,0.00945155,0
5802,0.00461056,0
5803,0.00229539,0
5804,0.00248644,0
5805,0.00176993,0
5806,0.01458688,0
5807,0.00143071,0
5808,0.00245127,0
5809,0.00368725,0
5810,0.00051039,0
5811,0.00223316,0
5812,0.00285136,0
5813,0.00203213,0
5814,0.00770780,0
5815,0.00276715,0
5816,0.00519736,0
5817,0.00164091,0
5818,0.02251226,0
5819,0.00427290,0
5820,0.00280449,0
5821,0.00352296,0
5822,0.00541676,0
5823,0.00279897,0
5824,0.00206674,0
5825,0.00171047,0
5826,0.00376847,0
5827,0.00112888,0
5828,0.00274466,0
5829,0.00172230,0
5830,0.00625558,0
5831,0.00112088,0
5832,0.00169720,0
5833,0.00230639,0
5834,0.00115179,0
5835,0.00321467,0
5836,0.01124457,0
5837,0.00247655,0
5838,0.00755687,0
5839,0.00125098,0
5840,0.00618043,0
5841,0.00224897,0
5842,0.00166065,0
5843,0.00215826,0
5844,0.00101753,0
5845,0.00199420,0
5846,0.00384655,0
5847,0.00429504,0
5848,0.00206372,0
5849,0.00412222,0
5850,0.00181512,0
5851,0.00380118,0
5852,0.00168738,0
5853,0.00168093,0
5854,0.00177946,0
5855,0.00146075,0
5856,0.01774664,0
5857,0.00079613,0
5858,0.00158632,0
5859,0.00425212,0
5860,0.00112756,0
5861,0.00141747,0
5862,0.00601974,0
5863,0.00345078,0
5864,0.00290247,0
5865,0.00318368,0
5866,0.00335221,0
5867,0.00240680,0
5868,0.00054944,0
5869,0.00290502,0
5870,0.00237563,0
5871,0.00175374,0
5872,0.00269934,0
5873,0.00904420,0
5874,0.00097147,0
5875,0.00304645,0
5876,0.00187337,0
5877,0.00195686,0
5878,0.01497858,0
5879,0.00543148,0
5880,0.00386035,0
5881,0.00211639,0
5882,0.00136269,0
5883,0.00858943,0
5884,0.00436423,0
5885,0.00226305,0
5886,0.00247851,0
5887,0.00168372,0
5888,0.01296602,0
5889,0.00151233,0
5890,0.00264203,0
5891,0.00368757,0
5892,0.00047388,0
5893,0.00215485,0
5894,0.00275132,0
5895,0.00205893,0
5896,0.00744296,0
5897,0.00284450,0
5898,0.00531578,0
5899,0.00166471,0
5900,0.02330879,0
5901,0.00550982,0
5902,0.00258996,0
5903,0.00335556,0
5904,0.00521239,0
5905,0.00296282,0
5906,0.00203315,0
5907,0.00177683,0
5908,0.00356152,0
5909,0.00116921,0
5910,0.00274950,0
5911,0.00180671,0
5912,0.00601582,0
5913,0.00104698,0
5914,0.00188964,0
5915,0.00212029,0
5916,0.00114991,0
5917,0.00324865,0
5918,0.01091017,0
5919,0.00251917,0
5920,0.00743021,0
5921,0.00127385,0
5922,0.00651396,0
5923,0.00218728,0
5924,0.00161500,0
5925,0.00250840,0
5926,0.00104960,0
5927,0.00212961,0
5928,0.00417980,0
5929,0.00460376,0
5930,0.00197118,0
5931,0.00425761,0
5932,0.00178868,0
5933,0.00399219,0
5934,0.00152722,0
5935,0.00162033,0
5936,0.00181316,0
5937,0.00137158,0
5938,0.01752131,0
5939,0.00081190,0
5940,0.00158839,0
5941,0.00385785,0
5942,0.00115455,0
5943,0.00155768,0
5944,0.00580723,0
5945,0.00355251,0
5946,0.00272550,0
5947,0.00328648,0
5948,0.00306262,0
5949,0.00239457,0
5950,0.00055284,0
5951,0.00286969,0
5952,0.00240856,0
5953,0.00168775,0
5954,0.00254659,0
5955,0.00934346,0
5956,0.00100512,0
5957,0.00351033,0
5958,0.00174136,0
5959,0.00189687,0
5960,0.01599039,0
5961,0.00531268,0
5962,0.00409481,0
5963,0.00188296,0
5964,0.00141848,0
5965,0.00869821,0
5966,0.00423280,0
5967,0.00231788,0
5968,0.00252004,0
5969,0.00181707,0
5970,0.01383947,0
5971,0.00127667,0
5972,0.00261181,0
5973,0.00382747,0
5974,0.00049305,0
5975,0.00210587,0
5976,0.00273990,0
5977,0.00201724,0
5978,0.00736728,0
5979,0.00271449,0
5980,0.00524986,0
5981,0.00160900,0
5982,0.02153365,0
5983,0.00508340,0
5984,0.00247773,0
5985,0.00326286,0
5986,0.00539534,0
5987,0.00274818,0
5988,0.00214862,0
5989,0.00172752,0
5990,0.00362495,0
5991,0.00106787,0
5992,0.00280989,0
5993,0.00173348,0
5994,0.00584776,0
5995,0.00110313,0
5996,0.00187840,0
5997,0.00210118,0
5998,0.00115146,0
5999,0.00319629,0
6000,0.01158619,0
6001,0.00245937,0
6002,0.00765420,0
6003,0.00118199,0
6004,0.00621605,0
6005,0.00225160,0
6006,0.00155684,0
6007,0.00252455,0
6008,0.00106402,0
6009,0.00196301,0
6010,0.00383233,0
6011,0.00460680,0
6012,0.00196662,0
6013,0.00426474,0
6014,0.00173543,0
6015,0.00400697,0
6016,0.00156212,0
6017,0.00163295,0
6018,0.00184726,0
6019,0.00131757,0
6020,0.01677715,0
6021,0.00078537,0
6022,0.00160545,0
6023,0.00379329,0
6024,0.00103975,0
6025,0.00153577,0
6026,0.00577404,0
6027,0.00351985,0
6028,0.00253363,0
6029,0.00324401,0
6030,0.00321611,0
6031,0.00239126,0
6032,0.00059029,0
6033,0.00277774,0
6034,0.00237561,0
6035,0.00173942,0
6036,0.00263807,0
6037,0.00776500,0
6038,0.00095770,0
6039,0.00294782,0
6040,0.00176952,0
6041,0.00193288,0
6042,0.01718997,0
6043,0.00494658,0
6044,0.00395202,0
6045,0.00199782,0
6046,0.00146365,0
6047,0.00872776,0
6048,0.00420973,0
6049,0.00242086,0
6050,0.00250501,0
6051,0.00177918,0
6052,0.01178562,0
6053,0.00143435,0
6054,0.00257784,0
6055,0.00377787,0
6056,0.00051170,0
6057,0.00217642,0
6058,0.00283756,0
6059,0.00204083,0
6060,0.00796374,0
6061,0.00277698,0
6062,0.00546151,0
6063,0.00165096,0
6064,0.02397211,0
6065,0.00386122,0
6066,0.00257978,0
6067,0.00339554,0
6068,0.00529128,0
6069,0.00274150,0
6070,0.00202589,0
6071,0.00174392,0
6072,0.00374858,0
6073,0.00110474,0
6074,0.00276195,0
6075,0.00168952,0
6076,0.00633271,0
6077,0.00117049,0
6078,0.00179048,0
6079,0.00215305,0
6080,0.00119379,0
6081,0.00318124,0
6082,0.01185363,0
6083,0.00258104,0
6084,0.00709942,0
6085,0.00118778,0
6086,0.00637474,0
6087,0.00218519,0
6088,0.00155401,0
6089,0.00221620,0
6090,0.00103006,0
6091,0.00191293,0
6092,0.00373099,0
6093,0.00448052,0
6094,0.00191458,0
6095,0.00447594,0
6096,0.00163474,0
6097,0.00396580,0
6098,0.00145312,0
6099,0.00162606,0
6100,0.00187729,0
6101,0.00130726,0
6102,0.01743692,0
6103,0.00076779,0
6104,0.00163949,0
6105,0.00408928,0
6106,0.00103366,0
6107,0.00154616,0
6108,0.00592934,0
6109,0.00372473,0
6110,0.00278923,0
6111,0.00315235,0
6112,0.00333295,0
6113,0.00240570,0
6114,0.00058987,0
6115,0.00285246,0
6116,0.00247837,0
6117,0.00178377,0
6118,0.00319511,0
6119,0.00866352,0
6120,0.00099517,0
6121,0.00268814,0
6122,0.00173016,0
6123,0.00182815,0
6124,0.01606361,0
6125,0.00514914,0
6126,0.00384615,0
6127,0.00193642,0
6128,0.00148520,0
6129,0.00834692,0
6130,0.00440167,0
6131,0.00235368,0
6132,0.00243543,0
6133,0.00181249,0
6134,0.01019185,0
6135,0.00138985,0
6136,0.00265478,0
6137,0.00386415,0
6138,0.00053224,0
6139,0.00227159,0
6140,0.00294650,0
6141,0.00206279,0
6142,0.00730122,0
6143,0.00273572,0
6144,0.00512883,0
6145,0.00172633,0
6146,0.02392289,0
6147,0.00429682,0
6148,0.00287557,0
6149,0.00342846,0
6150,0.00563494,0
6151,0.00285825,0
6152,0.00213651,0
6153,0.00170217,0
6154,0.00392246,0
6155,0.00109062,0
6156,0.00270982,0
6157,0.00174345,0
6158,0.00593879,0
6159,0.00113944,0
6160,0.00184477,0
6161,0.00209810,0
6162,0.00123036,0
6163,0.00317987,0
6164,0.01101764,0
6165,0.00247984,0
6166,0.00720213,0
6167,0.00121661,0
6168,0.00678397,0
6169,0.00217093,0
6170,0.00167909,0
6171,0.00245242,0
6172,0.00107141,0
6173,0.00208672,0
6174,0.00406632,0
6175,0.00414152,0
6176,0.00192833,0
6177,0.00386876,0
6178,0.00174138,0
6179,0.00394659,0
6180,0.00170381,0
6181,0.00171641,0
6182,0.00195293,0
6183,0.00133738,0
6184,0.01732896,0
6185,0.00074288,0
6186,0.00178611,0
6187,0.00401305,0
6188,0.00113014,0
6189,0.00148831,0
6190,0.00540144,0
6191,0.00356565,0
6192,0.00270866,0
6193,0.00328482,0
6194,0.00313501,0
6195,0.00235489,0
6196,0.00061530,0
6197,0.00297831,0
6198,0.00248823,0
6199,0.00187974,0
6200,0.00291125,0
6201,0.00828348,0
6202,0.00091245,0
6203,0.00245428,0
6204,0.00170084,0
6205,0.00202240,0
6206,0.01575374,0
6207,0.00495364,0
6208,0.00399547,0
6209,0.00204210,0
6210,0.00142227,0
6211,0.00845860,0
6212,0.00412215,0
6213,0.00232255,0
6214,0.00248321,0
6215,0.00179762,0
6216,0.01216844,0
6217,0.00135222,0
6218,0.00270698,0
6219,0.00375066,0
6220,0.00049337,0
6221,0.00212249,0
6222,0.00267920,0
6223,0.00207958,0
6224,0.00801585,0
6225,0.00281987,0
6226,0.00517624,0
6227,0.00175262,0
6228,0.02665704,0
6229,0.00424689,0
6230,0.00264004,0
6231,0.00317672,0
6232,0.00532355,0
6233,0.00271366,0
6234,0.00200396,0
6235,0.00170571,0
6236,0.00368140,0
6237,0.00113929,0
6238,0.00276572,0
6239,0.00168863,0
6240,0.00677158,0
6241,0.00101786,0
6242,0.00178891,0
6243,0.00201512,0
6244,0.00116549,0
6245,0.00321808,0
6246,0.01076994,0
6247,0.00243543,0
6248,0.00759705,0
6249,0.00122036,0
6250,0.00636499,0
6251,0.00216678,0
6252,0.00163948,0
6253,0.00254908,0
6254,0.00109891,0
6255,0.00197129,0
6256,0.00411735,0
6257,0.00454245,0
6258,0.00205228,0
6259,0.00402069,0
6260,0.00180723,0
6261,0.00416737,0
6262,0.00157038,0
6263,0.00168297,0
6264,0.00188135,0
6265,0.00129500,0
6266,0.01791701,0
6267,0.00083502,0
6268,0.00170975,0
6269,0.00402108,0
6270,0.00108533,0
6271,0.00161319,0
6272,0.00589978,0
6273,0.00358700,0
6274,0.00297300,0
6275,0.00342795,0
6276,0.00323782,0
6277,0.00254553,0
6278,0.00057405,0
6279,0.00315108,0
6280,0.00245581,0
6281,0.00192127,0
6282,0.00268091,0
6283,0.00886692,0
6284,0.00097937,0
6285,0.00243142,0
6286,0.00169986,0
6287,0.00208153,0
6288,0.01560767,0
6289,0.00493187,0
6290,0.00421531,0
6291,0.00210115,0
6292,0.00143445,0
6293,0.00855619,0
6294,0.00420748,0
6295,0.00235853,0
6296,0.00256499,0
6297,0.00176109,0
6298,0.01394490,0
6299,0.00131968,0
6300,0.00269316,0
6301,0.00368801,0
6302,0.00049039,0
6303,0.00222318,0
6304,0.00263911,0
6305,0.00202280,0
6306,0.00837025,0
6307,0.00277265,0
6308,0.00525207,0
6309,0.00165546,0
6310,0.02238382,0
6311,0.00366284,0
6312,0.00287778,0
6313,0.00357323,0
6314,0.00523065,0
6315,0.00282012,0
6316,0.00223342,0
6317,0.00175524,0
6318,0.00397707,0
6319,0.00118423,0
6320,0.00293405,0
6321,0.00175610,0
6322,0.00721048,0
6323,0.00107734,0
6324,0.00186085,0
6325,0.00210055,0
6326,0.00119279,0
6327,0.00350730,0
6328,0.01070653,0
6329,0.00236422,0
6330,0.00753185,0
6331,0.00127690,0
6332,0.00653302,0
6333,0.00220491,0
6334,0.00164430,0
6335,0.00227686,0
6336,0.00102270,0
6337,0.00205794,0
6338,0.00392190,0
6339,0.00448079,0
6340,0.00196639,0
6341,0.00439910,0
6342,0.00188418,0
6343,0.00420554,0
6344,0.00154180,0
6345,0.00174733,0
6346,0.00194101,0
6347,0.00125061,0
6348,0.01766695,0
6349,0.00081789,0
6350,0.00172046,0
6351,0.00458860,0
6352,0.00116407,0
6353,0.00154585,0
6354,0.00563963,0
6355,0.00341582,0
6356,0.00273087,0
6357,0.00325533,0
6358,0.00343003,0
6359,0.00238015,0
6360,0.00054919,0
6361,0.00286230,0
6362,0.00240598,0
6363,0.00195533,0
6364,0.00825441,0
6365,0.00942248,0
6366,0.00099813,0
6367,0.00282532,0
6368,0.00182044,0
6369,0.00196267,0
6370,0.01681635,0
6371,0.00518977,0
6372,0.00414102,0
6373,0.00209880,0
6374,0.00152088,0
6375,0.00863799,0
6376,0.00449965,0
6377,0.00233704,0
6378,0.00261301,0
6379,0.00180409,0
6380,0.01197224,0
6381,0.00134172,0
6382,0.00272516,0
6383,0.00362793,0
6384,0.00052313,0
6385,0.00220046,0
6386,0.00303306,0
6387,0.00215815,0
6388,0.00811658,0
6389,0.00283285,0
6390,0.00534859,0
6391,0.00165947,0
6392,0.02277426,0
6393,0.00383851,0
6394,0.00287546,0
6395,0.00367494,0
6396,0.00578741,0
6397,0.00290851,0
6398,0.00209838,0
6399,0.00176434,0
6400,0.00407416,0
6401,0.00123374,0
6402,0.00298652,0
6403,0.00182850,0
6404,0.00632411,0
6405,0.00107486,0
6406,0.00183436,0
6407,0.00229031,0
6408,0.00119205,0
6409,0.00360588,0
6410,0.01158554,0
6411,0.00249292,0
6412,0.00751303,0
6413,0.00125768,0
6414,0.00633151,0
6415,0.00227859,0
6416,0.00164827,0
6417,0.00236135,0
6418,0.00105896,0
6419,0.00215900,0
6420,0.00414881,0
6421,0.00451014,0
6422,0.00201140,0
6423,0.00388578,0
6424,0.00201468,0
6425,0.00408094,0
6426,0.00160968,0
6427,0.00163228,0
6428,0.00194143,0
6429,0.00125576,0
6430,0.01792682,0
6431,0.00078645,0
6432,0.00179345,0
6433,0.00407817,0
6434,0.00111744,0
6435,0.00149871,0
6436,0.00588376,0
6437,0.00365562,0
6438,0.00283690,0
6439,0.00338946,0
6440,0.00336927,0
6441,0.00249971,0
6442,0.00056232,0
6443,0.00293347,0
6444,0.00239990,0
6445,0.00208115,0
6446,0.00302490,0
6447,0.00864501,0
6448,0.00095466,0
6449,0.00277685,0
6450,0.00179524,0
6451,0.00193120,0
6452,0.01563806,0
6453,0.00527723,0
6454,0.00394920,0
6455,0.00196683,0
6456,0.00149264,0
6457,0.00834348,0
6458,0.00423462,0
6459,0.00237180,0
6460,0.00253347,0
6461,0.00169241,0
6462,0.01011980,0
6463,0.00130234,0
6464,0.00255367,0
6465,0.00354005,0
6466,0.00051599,0
6467,0.00234328,0
6468,0.00269756,0
6469,0.00207569,0
6470,0.00822476,0
6471,0.00265056,0
6472,0.00504962,0
6473,0.00161233,0
6474,0.02094988,0
6475,0.00386065,0
6476,0.00281204,0
6477,0.00345281,0
6478,0.00509259,0
6479,0.00291484,0
6480,0.00195554,0
6481,0.00176265,0
6482,0.00395990,0
6483,0.00113491,0
6484,0.00271285,0
6485,0.00177920,0
6486,0.00613404,0
6487,0.00104898,0
6488,0.00166305,0
6489,0.00220245,0
6490,0.00116335,0
6491,0.00320736,0
6492,0.01056644,0
6493,0.00235061,0
6494,0.00717854,0
6495,0.00126251,0
6496,0.00584683,0
6497,0.00218493,0
6498,0.00156198,0
6499,0.00246093,0
6500,0.00104236,0
6501,0.00198446,0
6502,0.00408961,0
6503,0.00454714,0
6504,0.00183902,0
6505,0.00363629,0
6506,0.00180475,0
6507,0.00380593,0
6508,0.00142418,0
6509,0.00158087,0
6510,0.00173239,0
6511,0.00126488,0
6512,0.01702235,0
6513,0.00081322,0
6514,0.00186062,0
6515,0.00445420,0
6516,0.00105959,0
6517,0.00142182,0
6518,0.00595800,0
6519,0.00338409,0
6520,0.00272675,0
6521,0.00327613,0
6522,0.00316192,0
6523,0.00242407,0
6524,0.00055365,0
6525,0.00289747,0
6526,0.00242841,0
6527,0.00194663,0
6528,0.00339443,0
6529,0.00887294,0
6530,0.00097887,0
6531,0.00280837,0
6532,0.00174450,0
6533,0.00194300,0
6534,0.01524672,0
6535,0.00507976,0
6536,0.00350087,0
6537,0.00207104,0
6538,0.00144186,0
6539,0.00844673,0
6540,0.00415410,0
6541,0.00239999,0
6542,0.00241219,0
6543,0.00166843,0
6544,0.01487732,0
6545,0.00129710,0
6546,0.00260044,0
6547,0.00351097,0
6548,0.00050690,0
6549,0.00216411,0
6550,0.00282723,0
6551,0.00226550,0
6552,0.00708069,0
6553,0.00259097,0
6554,0.00479163,0
6555,0.00158689,0
6556,0.02193281,0
6557,0.00533721,0
6558,0.00260306,0
6559,0.00338525,0
6560,0.00516422,0
6561,0.00268510,0
6562,0.00196986,0
6563,0.00167659,0
6564,0.00351820,0
6565,0.00105637,0
6566,0.00259298,0
6567,0.00168750,0
6568,0.00646213,0
6569,0.00103407,0
6570,0.00158296,0
6571,0.00205066,0
6572,0.00112480,0
6573,0.00312850,0
6574,0.01048992,0
6575,0.00226080,0
6576,0.00708624,0
6577,0.00115512,0
6578,0.00584966,0
6579,0.00205087,0
6580,0.00163093,0
6581,0.00219014,0
6582,0.00098270,0
6583,0.00202271,0
6584,0.00374279,0
6585,0.00456863,0
6586,0.00181387,0
6587,0.00379040,0
6588,0.00179677,0
6589,0.00394787,0
6590,0.00147898,0
6591,0.00155263,0
6592,0.00177608,0
6593,0.00120671,0
6594,0.01690940,0
6595,0.00074965,0
6596,0.00168456,0
6597,0.00473249,0
6598,0.00111270,0
6599,0.00145178,0
6600,0.00556400,0
6601,0.00334399,0
6602,0.00281501,0
6603,0.00317708,0
6604,0.00337069,0
6605,0.00228958,0
6606,0.00054963,0
6607,0.00286814,0
6608,0.00243354,0
6609,0.00181871,0
6610,0.00235101,0
6611,0.00840620,0
6612,0.00096897,0
6613,0.00234334,0
6614,0.00164235,0
6615,0.00196974,0
6616,0.01449020,0
6617,0.00452304,0
6618,0.00344594,0
6619,0.00191998,0
6620,0.00139020,0
6621,0.00828230,0
6622,0.00422220,0
6623,0.00222591,0
6624,0.00239578,0
6625,0.00161154,0
6626,0.01353775,0
6627,0.00113751,0
6628,0.00261299,0
6629,0.00329540,0
6630,0.00048940,0
6631,0.00213086,0
6632,0.00253107,0
6633,0.00204137,0
6634,0.00812864,0
6635,0.00261742,0
6636,0.00482541,0
6637,0.00143034,0
6638,0.02112134,0
6639,0.00429267,0
6640,0.00265399,0
6641,0.00322156,0
6642,0.00503711,0
6643,0.00261234,0
6644,0.00195199,0
6645,0.00166987,0
6646,0.00352821,0
6647,0.00105694,0
6648,0.00261042,0
6649,0.00166213,0
6650,0.00584756,0
6651,0.00091579,0
6652,0.00165597,0
6653,0.00191046,0
6654,0.00109242,0
6655,0.00309047,0
6656,0.01070688,0
6657,0.00223174,0
6658,0.00715749,0
6659,0.00115532,0
6660,0.00561447,0
6661,0.00201982,0
6662,0.00155047,0
6663,0.00219078,0
6664,0.00096208,0
6665,0.00178295,0
6666,0.00372418,0
6667,0.00444341,0
6668,0.00192738,0
6669,0.00366038,0
6670,0.00179508,0
6671,0.00393545,0
6672,0.00148356,0
6673,0.00155068,0
6674,0.00174620,0
6675,0.00116004,0
6676,0.01633335,0
6677,0.00073440,0
6678,0.00167869,0
6679,0.00435205,0
6680,0.00112735,0
6681,0.00132208,0
6682,0.00524898,0
6683,0.00329055,0
6684,0.00250287,0
6685,0.00321905,0
6686,0.00325435,0
6687,0.00220533,0
6688,0.00053081,0
6689,0.00291656,0
6690,0.00238818,0
6691,0.00185619,0
6692,0.00207899,0
6693,0.00900321,0
6694,0.00093567,0
6695,0.00279606,0
6696,0.00167463,0
6697,0.00200442,0
6698,0.01413247,0
6699,0.00447694,0
6700,0.00350153,0
6701,0.00177542,0
6702,0.00130215,0
6703,0.00793658,0
6704,0.00398100,0
6705,0.00212309,0
6706,0.00230773,0
6707,0.00161797,0
6708,0.01051954,0
6709,0.00122447,0
6710,0.00251243,0
6711,0.00321762,0
6712,0.00045896,0
6713,0.00220647,0
6714,0.00252071,0
6715,0.00194058,0
6716,0.00808442,0
6717,0.00274604,0
6718,0.00479518,0
6719,0.00159372,0
6720,0.02155688,0
6721,0.00465014,0
6722,0.00267314,0
6723,0.00361042,0
6724,0.00512015,0
6725,0.00268898,0
6726,0.00202972,0
6727,0.00158889,0
6728,0.00361430,0
6729,0.00104236,0
6730,0.00261808,0
6731,0.00159306,0
6732,0.00699085,0
6733,0.00099321,0
6734,0.00170949,0
6735,0.00196700,0
6736,0.00116936,0
6737,0.00325031,0
6738,0.01052615,0
6739,0.00223223,0
6740,0.00708337,0
6741,0.00113147,0
6742,0.00613233,0
6743,0.00195854,0
6744,0.00152546,0
6745,0.00226128,0
6746,0.00095602,0
6747,0.00184652,0
6748,0.00379065,0
6749,0.00451309,0
6750,0.00175767,0
6751,0.00370019,0
6752,0.00170246,0
6753,0.00391709,0
6754,0.00158751,0
6755,0.00157706,0
6756,0.00170508,0
6757,0.00114985,0
6758,0.01682866,0
6759,0.00074938,0
6760,0.00155056,0
6761,0.00445497,0
6762,0.00106360,0
6763,0.00133776,0
6764,0.00564005,0
6765,0.00316799,0
6766,0.00266876,0
6767,0.00316313,0
6768,0.00313666,0
6769,0.00220018,0
6770,0.00053093,0
6771,0.00279935,0
6772,0.00248202,0
6773,0.00182813,0
6774,0.00290740,0
6775,0.00930034,0
6776,0.00093127,0
6777,0.00231316,0
6778,0.00149266,0
6779,0.00194939,0
6780,0.01359717,0
6781,0.00436691,0
6782,0.00333383,0
6783,0.00186276,0
6784,0.00132022,0
6785,0.00789981,0
6786,0.00368252,0
6787,0.00231149,0
6788,0.00222306,0
6789,0.00155988,0
6790,0.01487404,0
6791,0.00112207,0
6792,0.00256584,0
6793,0.00320648,0
6794,0.00045514,0
6795,0.00231506,0
6796,0.00260711,0
6797,0.00192318,0
6798,0.00793936,0
6799,0.00253163,0
6800,0.00466908,0
6801,0.00150759,0
6802,0.02321421,0
6803,0.00342552,0
6804,0.00283537,0
6805,0.00345323,0
6806,0.00503740,0
6807,0.00270419,0
6808,0.00190225,0
6809,0.00165175,0
6810,0.00346267,0
6811,0.00103885,0
6812,0.00249329,0
6813,0.00169804,0
6814,0.00796333,0
6815,0.00093431,0
6816,0.00168291,0
6817,0.00187943,0
6818,0.00110305,0
6819,0.00312930,0
6820,0.01101873,0
6821,0.00225440,0
6822,0.00692527,0
6823,0.00115644,0
6824,0.00599757,0
6825,0.00198998,0
6826,0.00157335,0
6827,0.00228799,0
6828,0.00099426,0
6829,0.00181321,0
6830,0.00375558,0
6831,0.00423876,0
6832,0.00174587,0
6833,0.00432770,0
6834,0.00169482,0
6835,0.00399510,0
6836,0.00143647,0
6837,0.00159162,0
6838,0.00173254,0
6839,0.00114442,0
6840,0.01586539,0
6841,0.00070432,0
6842,0.00156500,0
6843,0.00431650,0
6844,0.00108588,0
6845,0.00137135,0
6846,0.00566153,0
6847,0.00340253,0
6848,0.00269053,0
6849,0.00317543,0
6850,0.00322039,0
6851,0.00219897,0
6852,0.00054177,0
6853,0.00301106,0
6854,0.00238816,0
6855,0.00176937,0
6856,0.00260969,0
6857,0.00893059,0
6858,0.00097046,0
6859,0.00246905,0
6860,0.00176692,0
6861,0.00201915,0
6862,0.01433967,0
6863,0.00434568,0
6864,0.00316582,0
6865,0.00187381,0
6866,0.00128148,0
6867,0.00823701,0
6868,0.00397091,0
6869,0.00221484,0
6870,0.00226435,0
6871,0.00168548,0
6872,0.01020776,0
6873,0.00123476,0
6874,0.00275543,0
6875,0.00322246,0
6876,0.00044906,0
6877,0.00217358,0
6878,0.00254396,0
6879,0.00193457,0
6880,0.00781558,0
6881,0.00262180,0
6882,0.00517652,0
6883,0.00163130,0
6884,0.02451866,0
6885,0.00356354,0
6886,0.00291264,0
6887,0.00372231,0
6888,0.00542435,0
6889,0.00268083,0
6890,0.00193104,0
6891,0.00168844,0
6892,0.00376860,0
6893,0.00113255,0
6894,0.00267548,0
6895,0.00178977,0
6896,0.00661453,0
6897,0.00092312,0
6898,0.00173490,0
6899,0.00190339,0
6900,0.00115510,0
6901,0.00311699,0
6902,0.01076266,0
6903,0.00238182,0
6904,0.00674957,0
6905,0.00119533,0
6906,0.00557711,0
6907,0.00210107,0
6908,0.00155387,0
6909,0.00227494,0
6910,0.00104247,0
6911,0.00182767,0
6912,0.00417200,0
6913,0.00433127,0
6914,0.00175992,0
6915,0.00354017,0
6916,0.00174181,0
6917,0.00391225,0
6918,0.00141950,0
6919,0.00154604,0
6920,0.00177409,0
6921,0.00122440,0
6922,0.01689410,0
6923,0.00075029,0
6924,0.00154104,0
6925,0.00414782,0
6926,0.00100494,0
6927,0.00133647,0
6928,0.00533776,0
6929,0.00337711,0
6930,0.00289302,0
6931,0.00318577,0
6932,0.00312280,0
6933,0.00231217,0
6934,0.00052183,0
6935,0.00290852,0
6936,0.00253194,0
6937,0.00186518,0
6938,0.00268737,0
6939,0.00814918,0
6940,0.00090725,0
6941,0.00251691,0
6942,0.00176084,0
6943,0.00214931,0
6944,0.01364856,0
6945,0.00429573,0
6946,0.00334588,0
6947,0.00196457,0
6948,0.00134550,0
6949,0.00802481,0
6950,0.00420328,0
6951,0.00231517,0
6952,0.00231826,0
6953,0.00165934,0
6954,0.01202423,0
6955,0.00124210,0
6956,0.00252106,0
6957,0.00334856,0
6958,0.00048451,0
6959,0.00211838,0
6960,0.00252075,0
6961,0.00199383,0
6962,0.00711955,0
6963,0.00263267,0
6964,0.00489382,0
6965,0.00154309,0
6966,0.02261730,0
6967,0.00345574,0
6968,0.00303726,0
6969,0.00365677,0
6970,0.00523769,0
6971,0.00257957,0
6972,0.00195121,0
6973,0.00164495,0
6974,0.00368167,0
6975,0.00102595,0
6976,0.00264384,0
6977,0.00171733,0
6978,0.00664271,0
6979,0.00099997,0
6980,0.00166174,0
6981,0.00200902,0
6982,0.00112798,0
6983,0.00343948,0
6984,0.01026646,0
6985,0.00242749,0
6986,0.00729055,0
6987,0.00119544,0
6988,0.00596347,0
6989,0.00199679,0
6990,0.00165446,0
6991,0.00228563,0
6992,0.00099143,0
6993,0.00181590,0
6994,0.00368964,0
6995,0.00403660,0
6996,0.00172297,0
6997,0.00345595,0
6998,0.00170790,0
6999,0.00378279,0
7000,0.00132274,0
7001,0.00143921,0
7002,0.00173436,0
7003,0.00110895,0
7004,0.01742236,0
7005,0.00068475,0
7006,0.00162511,0
7007,0.00377982,0
7008,0.00108675,0
7009,0.00144909,0
7010,0.00555891,0
7011,0.00357751,0
7012,0.00292644,0
7013,0.00323111,0
7014,0.00298805,0
7015,0.00228646,0
7016,0.00052267,0
7017,0.00294694,0
7018,0.00247644,0
7019,0.00183328,0
7020,0.00298644,0
7021,0.00897233,0
7022,0.00095227,0
7023,0.00246101,0
7024,0.00164435,0
7025,0.00201124,0
7026,0.01454949,0
7027,0.00427252,0
7028,0.00332707,0
7029,0.00194115,0
7030,0.00126859,0
7031,0.00767130,0
7032,0.00409506,0
7033,0.00212517,0
7034,0.00228410,0
7035,0.00161196,0
7036,0.01342660,0
7037,0.00124210,0
7038,0.00257096,0
7039,0.00322793,0
7040,0.00043395,0
7041,0.00211973,0
7042,0.00252947,0
7043,0.00195980,0
7044,0.00820454,0
7045,0.00270897,0
7046,0.00477226,0
7047,0.00152894,0
7048,0.02278223,0
7049,0.00432244,0
7050,0.00274696,0
7051,0.00354304,0
7052,0.00518203,0
7053,0.00263553,0
7054,0.00196451,0
7055,0.00176070,0
7056,0.00379349,0
7057,0.00102173,0
7058,0.00253767,0
7059,0.00168095,0
7060,0.00695886,0
7061,0.00104141,0
7062,0.00172653,0
7063,0.00190965,0
7064,0.00114999,0
7065,0.00321719,0
7066,0.01064152,0
7067,0.00233822,0
7068,0.00718246,0
7069,0.00124299,0
7070,0.00565495,0
7071,0.00207448,0
7072,0.00163355,0
7073,0.00241538,0
7074,0.00106131,0
7075,0.00175829,0
7076,0.00370420,0
7077,0.00427525,0
7078,0.00183888,0
7079,0.00382656,0
7080,0.00172577,0
7081,0.00398146,0
7082,0.00141707,0
7083,0.00147073,0
7084,0.00167486,0
7085,0.00114363,0
7086,0.01729289,0
7087,0.00071954,0
7088,0.00170525,0
7089,0.00369546,0
7090,0.00099410,0
7091,0.00148379,0
7092,0.00548688,0
7093,0.00361510,0
7094,0.00256993,0
7095,0.00311945,0
7096,0.00306217,0
7097,0.00227553,0
7098,0.00049656,0
7099,0.00294720,0
7100,0.00237147,0
7101,0.00176144,0
7102,0.00212538,0
7103,0.00925456,0
7104,0.00093433,0
7105,0.00251423,0
7106,0.00175807,0
7107,0.00202398,0
7108,0.01362973,0
7109,0.00411485,0
7110,0.00319260,0
7111,0.00193772,0
7112,0.00138936,0
7113,0.00796440,0
7114,0.00412315,0
7115,0.00221455,0
7116,0.00226647,0
7117,0.00165719,0
7118,0.01352913,0
7119,0.00117602,0
7120,0.00263329,0
7121,0.00342658,0
7122,0.00048418,0
7123,0.00211844,0
7124,0.00244812,0
7125,0.00184809,0
7126,0.00720343,0
7127,0.00264557,0
7128,0.00496925,0
7129,0.00156294,0
7130,0.02459982,0
7131,0.00478239,0
7132,0.00269084,0
7133,0.00360833,0
7134,0.00531037,0
7135,0.00286266,0
7136,0.00199898,0
7137,0.00166230,0
7138,0.00355362,0
7139,0.00108887,0
7140,0.00255012,0
7141,0.00172308,0
7142,0.00772203,0
7143,0.00094044,0
7144,0.00169536,0
7145,0.00197066,0
7146,0.00110722,0
7147,0.00304711,0
7148,0.01029655,0
7149,0.00229943,0
7150,0.00708312,0
7151,0.00121035,0
7152,0.00548502,0
7153,0.00206172,0
7154,0.00158244,0
7155,0.00232834,0
7156,0.00103084,0
7157,0.00180554,0
7158,0.00347028,0
7159,0.00397187,0
7160,0.00174907,0
7161,0.00442038,0
7162,0.00179427,0
7163,0.00376774,0
7164,0.00147883,0
7165,0.00152930,0
7166,0.00176426,0
7167,0.00123784,0
7168,0.01652272,0
7169,0.00073693,0
7170,0.00161642,0
7171,0.00440863,0
7172,0.00120456,0
7173,0.00147268,0
7174,0.00585519,0
7175,0.00348292,0
7176,0.00274873,0
7177,0.00303388,0
7178,0.00315555,0
7179,0.00237474,0
7180,0.00049404,0
7181,0.00290020,0
7182,0.00245174,0
7183,0.00180390,0
7184,0.00517933,0
7185,0.00864232,0
7186,0.00094798,0
7187,0.00291700,0
7188,0.00172305,0
7189,0.00211309,0
7190,0.01418989,0
7191,0.00406595,0
7192,0.00322581,0
7193,0.00188824,0
7194,0.00144278,0
7195,0.00787491,0
7196,0.00416505,0
7197,0.00222664,0
7198,0.00238383,0
7199,0.00162688,0
7200,0.01553912,0
7201,0.00132007,0
7202,0.00274254,0
7203,0.00333532,0
7204,0.00043592,0
7205,0.00214371,0
7206,0.00250782,0
7207,0.00198093,0
7208,0.00744517,0
7209,0.00267837,0
7210,0.00511893,0
7211,0.00162617,0
7212,0.02317019,0
7213,0.00384511,0
7214,0.00296269,0
7215,0.00374958,0
7216,0.00565565,0
7217,0.00289256,0
7218,0.00200276,0
7219,0.00175209,0
7220,0.00368695,0
7221,0.00111143,0
7222,0.00251091,0
7223,0.00174633,0
7224,0.00659699,0
7225,0.00110266,0
7226,0.00178269,0
7227,0.00218444,0
7228,0.00110757,0
7229,0.00334368,0
7230,0.01055205,0
7231,0.00229053,0
7232,0.00691126,0
7233,0.00130709,0
7234,0.00560653,0
7235,0.00205676,0
7236,0.00161164,0
7237,0.00224893,0
7238,0.00102754,0
7239,0.00180146,0
7240,0.00361075,0
7241,0.00408113,0
7242,0.00177279,0
7243,0.00396452,0
7244,0.00171608,0
7245,0.00371258,0
7246,0.00146618,0
7247,0.00150597,0
7248,0.00173678,0
7249,0.00120752,0
7250,0.01575035,0
7251,0.00078783,0
7252,0.00157333,0
7253,0.00433120,0
7254,0.00118241,0
7255,0.00150427,0
7256,0.00605034,0
7257,0.00347604,0
7258,0.00261855,0
7259,0.00309958,0
7260,0.00293037,0
7261,0.00231302,0
7262,0.00049154,0
7263,0.00297340,0
7264,0.00249348,0
7265,0.00189960,0
7266,0.00191378,0
7267,0.00840310,0
7268,0.00095749,0
7269,0.00254822,0
7270,0.00178693,0
7271,0.00214804,0
7272,0.01414753,0
7273,0.00435655,0
7274,0.00317277,0
7275,0.00191595,0
7276,0.00134001,0
7277,0.00828821,0
7278,0.00413848,0
7279,0.00222923,0
7280,0.00230719,0
7281,0.00171699,0
7282,0.01288723,0
7283,0.00125916,0
7284,0.00251668,0
7285,0.00346888,0
7286,0.00043430,0
7287,0.00215513,0
7288,0.00252668,0
7289,0.00196231,0
7290,0.00700817,0
7291,0.00269943,0
7292,0.00501765,0
7293,0.00161638,0
7294,0.02445416,0
7295,0.00322573,0
7296,0.00310591,0
7297,0.00424826,0
7298,0.00578851,0
7299,0.00295250,0
7300,0.00197071,0
7301,0.00179252,0
7302,0.00389638,0
7303,0.00118104,0
7304,0.00264235,0
7305,0.00171153,0
7306,0.00605911,0
7307,0.00103771,0
7308,0.00171377,0
7309,0.00201556,0
7310,0.00111780,0
7311,0.00319448,0
7312,0.01023057,0
7313,0.00233315,0
7314,0.00735766,0
7315,0.00117244,0
7316,0.00618636,0
7317,0.00208219,0
7318,0.00152205,0
7319,0.00232097,0
7320,0.00104924,0
7321,0.00176658,0
7322,0.00354662,0
7323,0.00409693,0
7324,0.00182028,0
7325,0.00381748,0
7326,0.00165618,0
7327,0.00384505,0
7328,0.00141887,0
7329,0.00154601,0
7330,0.00173564,0
7331,0.00124707,0
7332,0.01662909,0
7333,0.00081491,0
7334,0.00156588,0
7335,0.00427351,0
7336,0.00114937,0
7337,0.00146260,0
7338,0.00582130,0
7339,0.00369157,0
7340,0.00307376,0
7341,0.00338143,0
7342,0.00299234,0
7343,0.00243398,0
7344,0.00050743,0
7345,0.00305524,0
7346,0.00242291,0
7347,0.00185338,0
7348,0.00237644,0
7349,0.00905615,0
7350,0.00094957,0
7351,0.00227977,0
7352,0.00168822,0
7353,0.00212726,0
7354,0.01433318,0
7355,0.00399555,0
7356,0.00314449,0
7357,0.00187375,0
7358,0.00128587,0
7359,0.00751241,0
7360,0.00418595,0
7361,0.00219930,0
7362,0.00225951,0
7363,0.00164371,0
7364,0.01373367,0
7365,0.00119211,0
7366,0.00245916,0
7367,0.00341321,0
7368,0.00044022,0
7369,0.00219057,0
7370,0.00250754,0
7371,0.00195011,0
7372,0.00688028,0
7373,0.00260844,0
7374,0.00513856,0
7375,0.00149893,0
7376,0.02796863,0
7377,0.00358911,0
7378,0.00284929,0
7379,0.00361563,0
7380,0.00551412,0
7381,0.00261669,0
7382,0.00199368,0
7383,0.00166951,0
7384,0.00362437,0
7385,0.00112490,0
7386,0.00244351,0
7387,0.00164255,0
7388,0.00655174,0
7389,0.00094177,0
7390,0.00163786,0
7391,0.00185566,0
7392,0.00107708,0
7393,0.00316494,0
7394,0.01002527,0
7395,0.00214194,0
7396,0.00749343,0
7397,0.00122424,0
7398,0.00590791,0
7399,0.00199484,0
7400,0.00162612,0
7401,0.00211535,0
7402,0.00101662,0
7403,0.00168043,0
7404,0.00346427,0
7405,0.00412890,0
7406,0.00175166,0
7407,0.00376962,0
7408,0.00164005,0
7409,0.00372157,0
7410,0.00125891,0
7411,0.00146951,0
7412,0.00172093,0
7413,0.00115604,0
7414,0.01683808,0
7415,0.00073661,0
7416,0.00151149,0
7417,0.00390455,0
7418,0.00124059,0
7419,0.00148293,0
7420,0.00578150,0
7421,0.00331584,0
7422,0.00276903,0
7423,0.00319230,0
7424,0.00330535,0
7425,0.00234400,0
7426,0.00047662,0
7427,0.00272235,0
7428,0.00231509,0
7429,0.00181385,0
7430,0.00215422,0
7431,0.00904941,0
7432,0.00097002,0
7433,0.00234762,0
7434,0.00164908,0
7435,0.00204191,0
7436,0.00893773,0
7437,0.00401111,0
7438,0.00339393,0
7439,0.00181765,0
7440,0.00127457,0
7441,0.00787628,0
7442,0.00380452,0
7443,0.00213584,0
7444,0.00215674,0
7445,0.00151072,0
7446,0.01346645,0
7447,0.00112266,0
7448,0.00236407,0
7449,0.00318675,0
7450,0.00043325,0
7451,0.00209397,0
7452,0.00228499,0
7453,0.00180206,0
7454,0.00698768,0
7455,0.00269359,0
7456,0.00495490,0
7457,0.00147831,0
7458,0.02416667,0
7459,0.00385775,0
7460,0.00271023,0
7461,0.00349837,0
7462,0.00518473,0
7463,0.00264779,0
7464,0.00197697,0
7465,0.00166310,0
7466,0.00362678,0
7467,0.00107363,0
7468,0.00246767,0
7469,0.00164349,0
7470,0.00565918,0
7471,0.00097322,0
7472,0.00170584,0
7473,0.00195136,0
7474,0.00109333,0
7475,0.00323855,0
7476,0.01024679,0
7477,0.00226023,0
7478,0.00732641,0
7479,0.00120502,0
7480,0.00578515,0
7481,0.00196741,0
7482,0.00154996,0
7483,0.00213822,0
7484,0.00099694,0
7485,0.00182943,0
7486,0.00337900,0
7487,0.00420203,0
7488,0.00169936,0
7489,0.00378893,0
7490,0.00168958,0
7491,0.00375317,0
7492,0.00136994,0
7493,0.00141819,0
7494,0.00160743,0
7495,0.00110816,0
7496,0.01581749,0
7497,0.00071479,0
7498,0.00145230,0
7499,0.00385865,0
7500,0.00109525,0
7501,0.00139327,0
7502,0.00541728,0
7503,0.00325217,0
7504,0.00262493,0
7505,0.00324678,0
7506,0.00325356,0
7507,0.00223510,0
7508,0.00048400,0
7509,0.00267838,0
7510,0.00233077,0
7511,0.00172604,0
7512,0.00202195,0
7513,0.00908670,0
7514,0.00093599,0
7515,0.00259677,0
7516,0.00165405,0
7517,0.00207682,0
7518,0.01144269,0
7519,0.00374247,0
7520,0.00320700,0
7521,0.00184421,0
7522,0.00124120,0
7523,0.00765962,0
7524,0.00405898,0
7525,0.00210418,0
7526,0.00221121,0
7527,0.00152752,0
7528,0.01400892,0
7529,0.00113618,0
7530,0.00235009,0
7531,0.00313607,0
7532,0.00042140,0
7533,0.00194889,0
7534,0.00225535,0
7535,0.00187653,0
7536,0.00685059,0
7537,0.00262531,0
7538,0.00495751,0
7539,0.00147049,0
7540,0.02768214,0
7541,0.00361122,0
7542,0.00279979,0
7543,0.00332964,0
7544,0.00538962,0
7545,0.00255315,0
7546,0.00191787,0
7547,0.00167128,0
7548,0.00356052,0
7549,0.00098773,0
7550,0.00250301,0
7551,0.00154322,0
7552,0.00639025,0
7553,0.00097714,0
7554,0.00167831,0
7555,0.00187016,0
7556,0.00109082,0
7557,0.00302793,0
7558,0.01000578,0
7559,0.00224653,0
7560,0.00669892,0
7561,0.00122137,0
7562,0.00588796,0
7563,0.00200720,0
7564,0.00152749,0
7565,0.00220677,0
7566,0.00101090,0
7567,0.00172789,0
7568,0.00311013,0
7569,0.00427721,0
7570,0.00165870,0
7571,0.00350839,0
7572,0.00157904,0
7573,0.00369947,0
7574,0.00144868,0
7575,0.00143913,0
7576,0.00191795,0
7577,0.00112299,0
7578,0.01597702,0
7579,0.00074371,0
7580,0.00148486,0
7581,0.00410559,0
7582,0.00112664,0
7583,0.00140387,0
7584,0.00546979,0
7585,0.00341482,0
7586,0.00251840,0
7587,0.00314181,0
7588,0.00299202,0
7589,0.00226793,0
7590,0.00044722,0
7591,0.00268646,0
7592,0.00233869,0
7593,0.00175953,0
7594,0.00236183,0
7595,0.00936708,0
7596,0.00093063,0
7597,0.00227192,0
7598,0.00160080,0
7599,0.00211075,0
7600,0.00894425,0
7601,0.00371285,0
7602,0.00330091,0
7603,0.00185986,0
7604,0.00122642,0
7605,0.00744281,0
7606,0.00391024,0
7607,0.00214813,0
7608,0.00216534,0
7609,0.00147823,0
7610,0.01172908,0
7611,0.00118917,0
7612,0.00237482,0
7613,0.00319621,0
7614,0.00042861,0
7615,0.00188046,0
7616,0.00221300,0
7617,0.00181005,0
7618,0.00766155,0
7619,0.00258218,0
7620,0.00485077,0
7621,0.00145038,0
7622,0.02719963,0
7623,0.00392303,0
7624,0.00263348,0
7625,0.00361073,0
7626,0.00555821,0
7627,0.00254718,0
7628,0.00187956,0
7629,0.00163042,0
7630,0.00379527,0
7631,0.00104017,0
7632,0.00262853,0
7633,0.00164094,0
7634,0.00609302,0
7635,0.00092412,0
7636,0.00156013,0
7637,0.00186340,0
7638,0.00104651,0
7639,0.00315636,0
7640,0.01029342,0
7641,0.00224294,0
7642,0.00699138,0
7643,0.00120220,0
7644,0.00568419,0
7645,0.00195991,0
7646,0.00149232,0
7647,0.00213588,0
7648,0.00102527,0
7649,0.00162332,0
7650,0.00313658,0
7651,0.00396129,0
7652,0.00162548,0
7653,0.00446182,0
7654,0.00157260,0
7655,0.00377946,0
7656,0.00142494,0
7657,0.00148799,0
7658,0.00187366,0
7659,0.00114709,0
7660,0.01640534,0
7661,0.00070316,0
7662,0.00146112,0
7663,0.00377815,0
7664,0.00112180,0
7665,0.00128836,0
7666,0.00562236,0
7667,0.00331646,0
7668,0.00266544,0
7669,0.00314324,0
7670,0.00308265,0
7671,0.00224560,0
7672,0.00045271,0
7673,0.00272644,0
7674,0.00228061,0
7675,0.00171855,0
7676,0.00227891,0
7677,0.00768632,0
7678,0.00092747,0
7679,0.00214122,0
7680,0.00164557,0
7681,0.00204770,0
7682,0.00894021,0
7683,0.00369912,0
7684,0.00310952,0
7685,0.00184744,0
7686,0.00122152,0
7687,0.00727656,0
7688,0.00384255,0
7689,0.00204504,0
7690,0.00206433,0
7691,0.00147165,0
7692,0.00997032,0
7693,0.00109547,0
7694,0.00235242,0
7695,0.00294892,0
7696,0.00038375,0
7697,0.00194307,0
7698,0.00221370,0
7699,0.00176878,0
7700,0.00671725,0
7701,0.00242641,0
7702,0.00487342,0
7703,0.00137233,0
7704,0.02495241,0
7705,0.00346219,0
7706,0.00261704,0
7707,0.00357282,0
7708,0.00567157,0
7709,0.00245597,0
7710,0.00197825,0
7711,0.00155288,0
7712,0.00348200,0
7713,0.00097115,0
7714,0.00244146,0
7715,0.00156848,0
7716,0.00545124,0
7717,0.00089493,0
7718,0.00161015,0
7719,0.00194653,0
7720,0.00108992,0
7721,0.00295810,0
7722,0.00986824,0
7723,0.00226331,0
7724,0.00756511,0
7725,0.00114560,0
7726,0.00575001,0
7727,0.00184213,0
7728,0.00145033,0
7729,0.00220464,0
7730,0.00098953,0
7731,0.00160213,0
7732,0.00325113,0
7733,0.00390114,0
7734,0.00164903,0
7735,0.00366765,0
7736,0.00155788,0
7737,0.00354714,0
7738,0.00133423,0
7739,0.00142632,0
7740,0.00173417,0
7741,0.00109811,0
7742,0.01686083,0
7743,0.00065805,0
7744,0.00151293,0
7745,0.00370518,0
7746,0.00120928,0
7747,0.00139548,0
7748,0.00493515,0
7749,0.00329896,0
7750,0.00258729,0
7751,0.00308098,0
7752,0.00307844,0
7753,0.00213221,0
7754,0.00047236,0
7755,0.00277629,0
7756,0.00217694,0
7757,0.00172214,0
7758,0.00227443,0
7759,0.00817059,0
7760,0.00091359,0
7761,0.00210526,0
7762,0.00152955,0
7763,0.00202437,0
7764,0.01307760,0
7765,0.00382453,0
7766,0.00332214,0
7767,0.00183398,0
7768,0.00126016,0
7769,0.00753858,0
7770,0.00356076,0
7771,0.00210465,0
7772,0.00202087,0
7773,0.00144974,0
7774,0.01311844,0
7775,0.00108524,0
7776,0.00243762,0
7777,0.00317363,0
7778,0.00041487,0
7779,0.00194812,0
7780,0.00222813,0
7781,0.00176747,0
7782,0.00708174,0
7783,0.00260749,0
7784,0.00497749,0
7785,0.00162554,0
7786,0.02750399,0
7787,0.00332232,0
7788,0.00265017,0
7789,0.00359022,0
7790,0.00543054,0
7791,0.00254596,0
7792,0.00192786,0
7793,0.00165035,0
7794,0.00366133,0
7795,0.00104706,0
7796,0.00254703,0
7797,0.00152554,0
7798,0.00633537,0
7799,0.00095750,0
7800,0.00163027,0
7801,0.00182178,0
7802,0.00105910,0
7803,0.00293807,0
7804,0.01012497,0
7805,0.00223742,0
7806,0.00769121,0
7807,0.00119975,0
7808,0.00582671,0
7809,0.00193527,0
7810,0.00144959,0
7811,0.00209905,0
7812,0.00103060,0
7813,0.00172122,0
7814,0.00320009,0
7815,0.00421911,0
7816,0.00180126,0
7817,0.00413070,0
7818,0.00163238,0
7819,0.00383094,0
7820,0.00133977,0
7821,0.00144030,0
7822,0.00168067,0
7823,0.00121370,0
7824,0.01649259,0
7825,0.00070114,0
7826,0.00149193,0
7827,0.00428479,0
7828,0.00122303,0
7829,0.00137535,0
7830,0.00514818,0
7831,0.00320154,0
7832,0.00242729,0
7833,0.00328749,0
7834,0.00326744,0
7835,0.00216965,0
7836,0.00046657,0
7837,0.00278882,0
7838,0.00222159,0
7839,0.00179615,0
7840,0.00225547,0
7841,0.00904776,0
7842,0.00093820,0
7843,0.00219726,0
7844,0.00160585,0
7845,0.00203430,0
7846,0.01134964,0
7847,0.00378477,0
7848,0.00351972,0
7849,0.00186821,0
7850,0.00126960,0
7851,0.00758684,0
7852,0.00381804,0
7853,0.00202903,0
7854,0.00206824,0
7855,0.00151142,0
7856,0.01353211,0
7857,0.00115819,0
7858,0.00236444,0
7859,0.00297645,0
7860,0.00041734,0
7861,0.00201900,0
7862,0.00234259,0
7863,0.00179823,0
7864,0.00735452,0
7865,0.00276682,0
7866,0.00498967,0
7867,0.00146956,0
7868,0.02591554,0
7869,0.00337643,0
7870,0.00259341,0
7871,0.00374455,0
7872,0.00562306,0
7873,0.00241878,0
7874,0.00185617,0
7875,0.00175218,0
7876,0.00355904,0
7877,0.00107824,0
7878,0.00258330,0
7879,0.00169080,0
7880,0.00566309,0
7881,0.00094615,0
7882,0.00166196,0
7883,0.00198971,0
7884,0.00112668,0
7885,0.00310979,0
7886,0.01055891,0
7887,0.00233344,0
7888,0.00754595,0
7889,0.00126091,0
7890,0.00613513,0
7891,0.00210895,0
7892,0.00151659,0
7893,0.00211468,0
7894,0.00109809,0
7895,0.00168352,0
7896,0.00314440,0
7897,0.00428542,0
7898,0.00175232,0
7899,0.00369053,0
7900,0.00167926,0
7901,0.00383844,0
7902,0.00138555,0
7903,0.00145806,0
7904,0.00178008,0
7905,0.00108192,0
7906,0.01705964,0
7907,0.00070966,0
7908,0.00146993,0
7909,0.00482830,0
7910,0.00128849,0
7911,0.00153100,0
7912,0.00559274,0
7913,0.00324939,0
7914,0.00274913,0
7915,0.00316962,0
7916,0.00301876,0
7917,0.00222552,0
7918,0.00046981,0
7919,0.00288789,0
7920,0.00242358,0
7921,0.00175066,0
7922,0.00195570,0
7923,0.00775515,0
7924,0.00087343,0
7925,0.00239150,0
7926,0.00161356,0
7927,0.00217992,0
7928,0.01302194,0
7929,0.00375851,0
7930,0.00331906,0
7931,0.00189380,0
7932,0.00129536,0
7933,0.00752726,0
7934,0.00394904,0
7935,0.00212307,0
7936,0.00215273,0
7937,0.00160816,0
7938,0.01300780,0
7939,0.00130042,0
7940,0.00254108,0
7941,0.00311738,0
7942,0.00043794,0
7943,0.00200969,0
7944,0.00253750,0
7945,0.00187801,0
7946,0.00745580,0
7947,0.00274651,0
7948,0.00521993,0
7949,0.00177923,0
7950,0.02514968,0
7951,0.00392789,0
7952,0.00274774,0
7953,0.00361562,0
7954,0.00553251,0
7955,0.00243765,0
7956,0.00213987,0
7957,0.00178978,0
7958,0.00358685,0
7959,0.00107908,0
7960,0.00258515,0
7961,0.00160822,0
7962,0.00621104,0
7963,0.00100210,0
7964,0.00158036,0
7965,0.00193831,0
7966,0.00109765,0
7967,0.00317070,0
7968,0.01063132,0
7969,0.00243623,0
7970,0.00794450,0
7971,0.00121155,0
7972,0.00671674,0
7973,0.00196082,0
7974,0.00155444,0
7975,0.00235941,0
7976,0.00108425,0
7977,0.00175239,0
7978,0.00333706,0
7979,0.00430901,0
7980,0.00175051,0
7981,0.00407270,0
7982,0.00172815,0
7983,0.00388108,0
7984,0.00151324,0
7985,0.00153057,0
7986,0.00178307,0
7987,0.00111294,0
7988,0.01624086,0
7989,0.00074628,0
7990,0.00143031,0
7991,0.00489059,0
7992,0.00125919,0
7993,0.00135690,0
7994,0.00628965,0
7995,0.00343304,0
7996,0.00301862,0
7997,0.00301816,0
7998,0.00322937,0
7999,0.00224432,0
8000,0.00047759,0
8001,0.00293880,0
8002,0.00236209,0
8003,0.00183407,0
8004,0.00249366,0
8005,0.00776150,0
8006,0.00097075,0
8007,0.00223913,0
8008,0.00163735,0
8009,0.00221633,0
8010,0.01361961,0
8011,0.00391958,0
8012,0.00324864,0
8013,0.00198009,0
8014,0.00130441,0
8015,0.00732095,0
8016,0.00392529,0
8017,0.00219396,0
8018,0.00225888,0
8019,0.00164603,0
8020,0.01079702,0
8021,0.00120809,0
8022,0.00241812,0
8023,0.00325613,0
8024,0.00044933,0
8025,0.00213801,0
8026,0.00249935,0
8027,0.00192869,0
8028,0.00738279,0
8029,0.00266230,0
8030,0.00479048,0
8031,0.00168256,0
8032,0.02569766,0
8033,0.00428081,0
8034,0.00279117,0
8035,0.00378921,0
8036,0.00579665,0
8037,0.00248211,0
8038,0.00189617,0
8039,0.00169228,0
8040,0.00349307,0
8041,0.00106827,0
8042,0.00248194,0
8043,0.00177857,0
8044,0.00534167,0
8045,0.00088125,0
8046,0.00161216,0
8047,0.00197553,0
8048,0.00109558,0
8049,0.00326258,0
8050,0.01065059,0
8051,0.00233281,0
8052,0.00791995,0
8053,0.00119474,0
8054,0.00623229,0
8055,0.00203582,0
8056,0.00155588,0
8057,0.00233807,0
8058,0.00108457,0
8059,0.00174807,0
8060,0.00352066,0
8061,0.00422831,0
8062,0.00172294,0
8063,0.00358651,0
8064,0.00169524,0
8065,0.00356088,0
8066,0.00183980,0
8067,0.00156073,0
8068,0.00177570,0
8069,0.00111310,0
8070,0.01513350,0
8071,0.00075556,0
8072,0.00153918,0
8073,0.00494620,0
8074,0.00117820,0
8075,0.00143329,0
8076,0.00573293,0
8077,0.00335632,0
8078,0.00281646,0
8079,0.00303891,0
8080,0.00306968,0
8081,0.00218937,0
8082,0.00048677,0
8083,0.00273312,0
8084,0.00250489,0
8085,0.00173917,0
8086,0.00223360,0
8087,0.00767197,0
8088,0.00096432,0
8089,0.00234098,0
8090,0.00167646,0
8091,0.00202888,0
8092,0.01444862,0
8093,0.00375774,0
8094,0.00331469,0
8095,0.00186358,0
8096,0.00129688,0
8097,0.00806968,0
8098,0.00403634,0
8099,0.00212481,0
8100,0.00242560,0
8101,0.00163539,0
8102,0.00953849,0
8103,0.00124055,0
8104,0.00237134,0
8105,0.00301956,0
8106,0.00044396,0
8107,0.00215329,0
8108,0.00272178,0
8109,0.00201563,0
8110,0.00692261,0
8111,0.00253676,0
8112,0.00513807,0
8113,0.00214276,0
8114,0.02741029,0
8115,0.00351485,0
8116,0.00286540,0
8117,0.00378265,0
8118,0.00557824,0
8119,0.00249269,0
8120,0.00181437,0
8121,0.00163640,0
8122,0.00356853,0
8123,0.00106565,0
8124,0.00250625,0
8125,0.00179840,0
8126,0.00655571,0
8127,0.00115343,0
8128,0.00164738,0
8129,0.00197836,0
8130,0.00108460,0
8131,0.00327532,0
8132,0.01059088,0
8133,0.00243748,0
8134,0.00739907,0
8135,0.00126020,0
8136,0.00660090,0
8137,0.00216665,0
8138,0.00155323,0
8139,0.00233968,0
8140,0.00104913,0
8141,0.00177093,0
8142,0.00350356,0
8143,0.00440560,0
8144,0.00181225,0
8145,0.00372880,0
8146,0.00178071,0
8147,0.00370050,0
8148,0.00144190,0
8149,0.00146287,0
8150,0.00178301,0
8151,0.00117998,0
8152,0.01571366,0
8153,0.00080413,0
8154,0.00149399,0
8155,0.00564264,0
8156,0.00154005,0
8157,0.00164268,0
8158,0.00596484,0
8159,0.00366796,0
8160,0.00301120,0
8161,0.00331637,0
8162,0.00319813,0
8163,0.00246375,0
8164,0.00048221,0
8165,0.00299510,0
8166,0.00248572,0
8167,0.00181295,0
8168,0.00266878,0
8169,0.00932314,0
8170,0.00101692,0
8171,0.00308839,0
8172,0.00179714,0
8173,0.00223123,0
8174,0.01329799,0
8175,0.00388723,0
8176,0.00318346,0
8177,0.00190488,0
8178,0.00127032,0
8179,0.00790290,0
8180,0.00424103,0
8181,0.00220461,0
8182,0.00227053,0
8183,0.00167326,0
8184,0.01145710,0
8185,0.00127473,0
8186,0.00241566,0
8187,0.00311343,0
8188,0.00040402,0
8189,0.00219609,0
8190,0.00284465,0
8191,0.00207236,0
8192,0.00814985,0
8193,0.00271644,0
8194,0.00526555,0
8195,0.00210854,0
8196,0.02523090,0
8197,0.00478697,0
8198,0.00290279,0
8199,0.00375333,0
8200,0.00563658,0
8201,0.00263787,0
8202,0.00183420,0
8203,0.00170764,0
8204,0.00373490,0
8205,0.00113877,0
8206,0.00256381,0
8207,0.00174819,0
8208,0.00667592,0
8209,0.00104011,0
8210,0.00166628,0
8211,0.00191558,0
8212,0.00109470,0
8213,0.00348082,0
8214,0.01070405,0
8215,0.00233457,0
8216,0.00775457,0
8217,0.00125974,0
8218,0.00621203,0
8219,0.00219377,0
8220,0.00159930,0
8221,0.00228199,0
8222,0.00100270,0
8223,0.00180268,0
8224,0.00356302,0
8225,0.00428472,0
8226,0.00184613,0
8227,0.00443832,0
8228,0.00185326,0
8229,0.00373708,0
8230,0.00150339,0
8231,0.00140947,0
8232,0.00180594,0
8233,0.00113385,0
8234,0.01503699,0
8235,0.00078696,0
8236,0.00150435,0
8237,0.00517903,0
8238,0.00142551,0
8239,0.00150814,0
8240,0.00600431,0
8241,0.00348292,0
8242,0.00303692,0
8243,0.00324326,0
8244,0.00310489,0
8245,0.00230877,0
8246,0.00045563,0
8247,0.00294112,0
8248,0.00245041,0
8249,0.00178390,0
8250,0.00269556,0
8251,0.00806202,0
8252,0.00096552,0
8253,0.00210982,0
8254,0.00164971,0
8255,0.00205238,0
8256,0.01264745,0
8257,0.00367522,0
8258,0.00325073,0
8259,0.00193836,0
8260,0.00131198,0
8261,0.00766562,0
8262,0.00401855,0
8263,0.00210613,0
8264,0.00237955,0
8265,0.00179188,0
8266,0.01149164,0
8267,0.00124874,0
8268,0.00240205,0
8269,0.00332801,0
8270,0.00043758,0
8271,0.00211935,0
8272,0.00252258,0
8273,0.00191549,0
8274,0.00682461,0
8275,0.00270528,0
8276,0.00464952,0
8277,0.00170343,0
8278,0.02754658,0
8279,0.00343172,0
8280,0.00274561,0
8281,0.00406303,0
8282,0.00557819,0
8283,0.00261468,0
8284,0.00194091,0
8285,0.00159529,0
8286,0.00369096,0
8287,0.00116004,0
8288,0.00266497,0
8289,0.00173361,0
8290,0.00616885,0
8291,0.00109401,0
8292,0.00164260,0
8293,0.00208740,0
8294,0.00109411,0
8295,0.00314940,0
8296,0.01097458,0
8297,0.00224256,0
8298,0.00771747,0
8299,0.00125743,0
8300,0.00630840,0
8301,0.00216688,0
8302,0.00161932,0
8303,0.00230195,0
8304,0.00106233,0
8305,0.00186476,0
8306,0.00354049,0
8307,0.00453271,0
8308,0.00177348,0
8309,0.00396952,0
8310,0.00189285,0
8311,0.00371660,0
8312,0.00146232,0
8313,0.00150768,0
8314,0.00184286,0
8315,0.00114697,0
8316,0.01552770,0
8317,0.00079036,0
8318,0.00142997,0
8319,0.00355514,0
8320,0.00133001,0
8321,0.00152930,0
8322,0.00601216,0
8323,0.00352312,0
8324,0.00279625,0
8325,0.00327971,0
8326,0.00335827,0
8327,0.00233849,0
8328,0.00046395,0
8329,0.00290348,0
8330,0.00235199,0
8331,0.00185404,0
8332,0.00270115,0
8333,0.00885657,0
8334,0.00095575,0
8335,0.00230921,0
8336,0.00168554,0
8337,0.00213542,0
8338,0.01365595,0
8339,0.00400763,0
8340,0.00314069,0
8341,0.00202114,0
8342,0.00134729,0
8343,0.00802242,0
8344,0.00419277,0
8345,0.00217945,0
8346,0.00234583,0
8347,0.00180553,0
8348,0.01356367,0
8349,0.00134844,0
8350,0.00242337,0
8351,0.00332606,0
8352,0.00042052,0
8353,0.00220349,0
8354,0.00256075,0
8355,0.00192391,0
8356,0.00748731,0
8357,0.00280061,0
8358,0.00521216,0
8359,0.00182497,0
8360,0.02730273,0
8361,0.00353757,0
8362,0.00278571,0
8363,0.00417637,0
8364,0.00551158,0
8365,0.00274856,0
8366,0.00199642,0
8367,0.00173173,0
8368,0.00357727,0
8369,0.00113385,0
8370,0.00251973,0
8371,0.00185763,0
8372,0.00614295,0
8373,0.00105414,0
8374,0.00160035,0
8375,0.00218361,0
8376,0.00114038,0
8377,0.00346137,0
8378,0.01105454,0
8379,0.00226092,0
8380,0.00741511,0
8381,0.00127706,0
8382,0.00612562,0
8383,0.00212146,0
8384,0.00165462,0
8385,0.00215768,0
8386,0.00097767,0
8387,0.00187187,0
8388,0.00354938,0
8389,0.00434182,0
8390,0.00165475,0
8391,0.00432326,0
8392,0.00168967,0
8393,0.00369614,0
8394,0.00157075,0
8395,0.00150244,0
8396,0.00179980,0
8397,0.00112512,0
8398,0.01578345,0
8399,0.00075552,0
8400,0.00153388,0
8401,0.00412899,0
8402,0.00119704,0
8403,0.00132632,0
8404,0.00589798,0
8405,0.00362482,0
8406,0.00282655,0
8407,0.00313717,0
8408,0.00322792,0
8409,0.00245882,0
8410,0.00045663,0
8411,0.00253488,0
8412,0.00237491,0
8413,0.00179993,0
8414,0.00262044,0
8415,0.00778467,0
8416,0.00089248,0
8417,0.00276615,0
8418,0.00166860,0
8419,0.00199832,0
8420,0.01079796,0
8421,0.00418444,0
8422,0.00322312,0
8423,0.00198174,0
8424,0.00128391,0
8425,0.00802181,0
8426,0.00403777,0
8427,0.00215627,0
8428,0.00232831,0
8429,0.00164474,0
8430,0.01168278,0
8431,0.00126496,0
8432,0.00244298,0
8433,0.00350457,0
8434,0.00044574,0
8435,0.00210248,0
8436,0.00252657,0
8437,0.00188424,0
8438,0.00632145,0
8439,0.00264280,0
8440,0.00513368,0
8441,0.00166362,0
8442,0.02337060,0
8443,0.00335636,0
8444,0.00304182,0
8445,0.00384846,0
8446,0.00547272,0
8447,0.00251071,0
8448,0.00191251,0
8449,0.00168811,0
8450,0.00360853,0
8451,0.00115011,0
8452,0.00254704,0
8453,0.00165258,0
8454,0.00558829,0
8455,0.00108054,0
8456,0.00166821,0
8457,0.00208656,0
8458,0.00107843,0
8459,0.00329294,0
8460,0.01120253,0
8461,0.00231839,0
8462,0.00740127,0
8463,0.00125041,0
8464,0.00643541,0
8465,0.00199657,0
8466,0.00157875,0
8467,0.00216659,0
8468,0.00098381,0
8469,0.00181881,0
8470,0.00320365,0
8471,0.00443743,0
8472,0.00170857,0
8473,0.00389256,0
8474,0.00186345,0
8475,0.00364906,0
8476,0.00147475,0
8477,0.00154094,0
8478,0.00171724,0
8479,0.00111800,0
8480,0.01619073,0
8481,0.00081138,0
8482,0.00150090,0
8483,0.00368873,0
8484,0.00111056,0
8485,0.00146252,0
8486,0.00551825,0
8487,0.00328050,0
8488,0.00310265,0
8489,0.00321053,0
8490,0.00349625,0
8491,0.00235750,0
8492,0.00046160,0
8493,0.00266330,0
8494,0.00235793,0
8495,0.00178333,0
8496,0.00281144,0
8497,0.00796510,0
8498,0.00095025,0
8499,0.00212082,0
8500,0.00178345,0
8501,0.00217772,0
8502,0.01115073,0
8503,0.00422569,0
8504,0.00308618,0
8505,0.00201370,0
8506,0.00131092,0
8507,0.00831025,0
8508,0.00407760,0
8509,0.00228326,0
8510,0.00227161,0
8511,0.00170728,0
8512,0.01549859,0
8513,0.00123961,0
8514,0.00244200,0
8515,0.00326864,0
8516,0.00041170,0
8517,0.00204194,0
8518,0.00250931,0
8519,0.00186877,0
8520,0.00844196,0
8521,0.00272930,0
8522,0.00534417,0
8523,0.00164020,0
8524,0.02389980,0
8525,0.00326642,0
8526,0.00267535,0
8527,0.00410209,0
8528,0.00558250,0
8529,0.00280071,0
8530,0.00188777,0
8531,0.00172654,0
8532,0.00367838,0
8533,0.00120842,0
8534,0.00238726,0
8535,0.00170718,0
8536,0.00507492,0
8537,0.00105043,0
8538,0.00176494,0
8539,0.00204507,0
8540,0.00111218,0
8541,0.00342818,0
8542,0.01049636,0
8543,0.00240193,0
8544,0.00760274,0
8545,0.00125422,0
8546,0.00636418,0
8547,0.00206810,0
8548,0.00163848,0
8549,0.00219804,0
8550,0.00108045,0
8551,0.00182677,0
8552,0.00328671,0
8553,0.00443290,0
8554,0.00183877,0
8555,0.00417957,0
8556,0.00179061,0
8557,0.00366673,0
8558,0.00145478,0
8559,0.00153661,0
8560,0.00184228,0
8561,0.00120968,0
8562,0.01622799,0
8563,0.00082448,0
8564,0.00150414,0
8565,0.00417612,0
8566,0.00117691,0
8567,0.00157050,0
8568,0.00526407,0
8569,0.00341382,0
8570,0.00274764,0
8571,0.00317594,0
8572,0.00312045,0
8573,0.00232542,0
8574,0.00047796,0
8575,0.00280634,0
8576,0.00250143,0
8577,0.00177419,0
8578,0.00274026,0
8579,0.00858641,0
8580,0.00095086,0
8581,0.00201360,0
8582,0.00173097,0
8583,0.00206974,0
8584,0.01258619,0
8585,0.00431105,0
8586,0.00334892,0
8587,0.00201234,0
8588,0.00133883,0
8589,0.00807349,0
8590,0.00381037,0
8591,0.00216108,0
8592,0.00225352,0
8593,0.00160530,0
8594,0.01432223,0
8595,0.00129786,0
8596,0.00245735,0
8597,0.00339521,0
8598,0.00044239,0
8599,0.00208270,0
8600,0.00250988,0
8601,0.00196324,0
8602,0.00716259,0
8603,0.00240954,0
8604,0.00523142,0
8605,0.00180530,0
8606,0.02502396,0
8607,0.00348425,0
8608,0.00300617,0
8609,0.00434292,0
8610,0.00604894,0
8611,0.00264747,0
8612,0.00195071,0
8613,0.00181517,0
8614,0.00388989,0
8615,0.00121878,0
8616,0.00263604,0
8617,0.00171548,0
8618,0.00581708,0
8619,0.00109734,0
8620,0.00183958,0
8621,0.00201596,0
8622,0.00113766,0
8623,0.00344663,0
8624,0.01024900,0
8625,0.00230739,0
8626,0.00770668,0
8627,0.00128339,0
8628,0.00648574,0
8629,0.00207276,0
8630,0.00169540,0
8631,0.00249256,0
8632,0.00108445,0
8633,0.00195764,0
8634,0.00300877,0
8635,0.00459644,0
8636,0.00175237,0
8637,0.00443120,0
8638,0.00171909,0
8639,0.00375314,0
8640,0.00158164,0
8641,0.00150634,0
8642,0.00193600,0
8643,0.00128187,0
8644,0.01740014,0
8645,0.00084753,0
8646,0.00148468,0
8647,0.00399353,0
8648,0.00128284,0
8649,0.00160151,0
8650,0.00603739,0
8651,0.00356752,0
8652,0.00279558,0
8653,0.00325037,0
8654,0.00337935,0
8655,0.00239494,0
8656,0.00049748,0
8657,0.00285342,0
8658,0.00244888,0
8659,0.00190147,0
8660,0.00338154,0
8661,0.00784262,0
8662,0.00096694,0
8663,0.00248818,0
8664,0.00183213,0
8665,0.00211854,0
8666,0.01277733,0
8667,0.00442064,0
8668,0.00338394,0
8669,0.00202563,0
8670,0.00133895,0
8671,0.00780563,0
8672,0.00394112,0
8673,0.00218696,0
8674,0.00231240,0
8675,0.00164839,0
8676,0.01125471,0
8677,0.00126683,0
8678,0.00244665,0
8679,0.00330024,0
8680,0.00041799,0
8681,0.00208902,0
8682,0.00259489,0
8683,0.00192572,0
8684,0.00722726,0
8685,0.00263254,0
8686,0.00504775,0
8687,0.00172575,0
8688,0.02556972,0
8689,0.00328105,0
8690,0.00301453,0
8691,0.00436463,0
8692,0.00610017,0
8693,0.00285859,0
8694,0.00219287,0
8695,0.00172216,0
8696,0.00372300,0
8697,0.00116914,0
8698,0.00246239,0
8699,0.00173368,0
8700,0.00563874,0
8701,0.00112652,0
8702,0.00187732,0
8703,0.00218094,0
8704,0.00115107,0
8705,0.00346345,0
8706,0.01120532,0
8707,0.00251760,0
8708,0.00730355,0
8709,0.00128917,0
8710,0.00640960,0
8711,0.00207507,0
8712,0.00164509,0
8713,0.00262795,0
8714,0.00112101,0
8715,0.00188617,0
8716,0.00341503,0
8717,0.00429432,0
8718,0.00191098,0
8719,0.00466259,0
8720,0.00183281,0
8721,0.00378521,0
8722,0.00165943,0
8723,0.00168140,0
8724,0.00187122,0
8725,0.00136375,0
8726,0.01727276,0
8727,0.00081588,0
8728,0.00146215,0
8729,0.00371368,0
8730,0.00122129,0
8731,0.00154278,0
8732,0.00573146,0
8733,0.00343855,0
8734,0.00266214,0
8735,0.00317605,0
8736,0.00372692,0
8737,0.00244005,0
8738,0.00051354,0
8739,0.00297788,0
8740,0.00242370,0
8741,0.00186249,0
8742,0.00274088,0
8743,0.00854198,0
8744,0.00099022,0
8745,0.00231240,0
8746,0.00178115,0
8747,0.00215564,0
8748,0.01277417,0
8749,0.00434308,0
8750,0.00327369,0
8751,0.00197792,0
8752,0.00134366,0
8753,0.00797915,0
8754,0.00402463,0
8755,0.00222664,0
8756,0.00240812,0
8757,0.00170656,0
8758,0.00986790,0
8759,0.00124419,0
8760,0.00252042,0
8761,0.00359750,0
8762,0.00045314,0
8763,0.00221079,0
8764,0.00280033,0
8765,0.00203144,0
8766,0.00712691,0
8767,0.00262828,0
8768,0.00517765,0
8769,0.00180454,0
8770,0.02708007,0
8771,0.00324552,0
8772,0.00310926,0
8773,0.00401916,0
8774,0.00591639,0
8775,0.00290767,0
8776,0.00210065,0
8777,0.00176619,0
8778,0.00393670,0
8779,0.00121972,0
8780,0.00258770,0
8781,0.00188577,0
8782,0.00580136,0
8783,0.00117311,0
8784,0.00177119,0
8785,0.00229670,0
8786,0.00113864,0
8787,0.00360041,0
8788,0.01068188,0
8789,0.00252510,0
8790,0.00787020,0
8791,0.00128250,0
8792,0.00645365,0
8793,0.00218718,0
8794,0.00168129,0
8795,0.00269451,0
8796,0.00119462,0
8797,0.00207958,0
8798,0.00390446,0
8799,0.00426172,0
8800,0.00189200,0
8801,0.00356831,0
8802,0.00174685,0
8803,0.00378682,0
8804,0.00172076,0
8805,0.00167757,0
8806,0.00183740,0
8807,0.00128610,0
8808,0.01711692,0
8809,0.00083012,0
8810,0.00146459,0
8811,0.00493694,0
8812,0.00122091,0
8813,0.00140992,0
8814,0.00559641,0
8815,0.00362668,0
8816,0.00285014,0
8817,0.00314561,0
8818,0.00357495,0
8819,0.00257465,0
8820,0.00050915,0
8821,0.00295456,0
8822,0.00247542,0
8823,0.00188440,0
8824,0.00297458,0
8825,0.00809840,0
8826,0.00097596,0
8827,0.00298705,0
8828,0.00190298,0
8829,0.00208287,0
8830,0.01423221,0
8831,0.00436686,0
8832,0.00350287,0
8833,0.00209497,0
8834,0.00141562,0
8835,0.00812190,0
8836,0.00418647,0
8837,0.00227088,0
8838,0.00257033,0
8839,0.00183602,0
8840,0.01311880,0
8841,0.00141505,0
8842,0.00262491,0
8843,0.00363411,0
8844,0.00045695,0
8845,0.00217799,0
8846,0.00264766,0
8847,0.00205124,0
8848,0.00718401,0
8849,0.00280191,0
8850,0.00558266,0
8851,0.00199732,0
8852,0.02583702,0
8853,0.00336313,0
8854,0.00306079,0
8855,0.00422819,0
8856,0.00619789,0
8857,0.00295141,0
8858,0.00207908,0
8859,0.00181828,0
8860,0.00387123,0
8861,0.00120900,0
8862,0.00255963,0
8863,0.00186179,0
8864,0.00528878,0
8865,0.00117719,0
8866,0.00187636,0
8867,0.00227887,0
8868,0.00113317,0
8869,0.00352144,0
8870,0.01031943,0
8871,0.00241708,0
8872,0.00777891,0
8873,0.00132862,0
8874,0.00656329,0
8875,0.00233847,0
8876,0.00169852,0
8877,0.00259217,0
8878,0.00112077,0
8879,0.00196335,0
8880,0.00371518,0
8881,0.00464272,0
8882,0.00189293,0
8883,0.00445305,0
8884,0.00198863,0
8885,0.00375343,0
8886,0.00203108,0
8887,0.00176271,0
8888,0.00198913,0
8889,0.00135715,0
8890,0.01705974,0
8891,0.00083244,0
8892,0.00144110,0
8893,0.00388260,0
8894,0.00174010,0
8895,0.00182247,0
8896,0.00555677,0
8897,0.00371605,0
8898,0.00281196,0
8899,0.00333028,0
8900,0.00344704,0
8901,0.00245505,0
8902,0.00049433,0
8903,0.00293592,0
8904,0.00251854,0
8905,0.00189018,0
8906,0.00260399,0
8907,0.00862470,0
8908,0.00103849,0
8909,0.00364291,0
8910,0.00181761,0
8911,0.00220237,0
8912,0.01340340,0
8913,0.00459192,0
8914,0.00342625,0
8915,0.00205144,0
8916,0.00133899,0
8917,0.00849981,0
8918,0.00430935,0
8919,0.00228564,0
8920,0.00239428,0
8921,0.00191768,0
8922,0.01347606,0
8923,0.00142255,0
8924,0.00277315,0
8925,0.00364871,0
8926,0.00044743,0
8927,0.00216956,0
8928,0.00261448,0
8929,0.00208044,0
8930,0.00802327,0
8931,0.00283542,0
8932,0.00516029,0
8933,0.00228727,0
8934,0.02826914,0
8935,0.00366306,0
8936,0.00300168,0
8937,0.00383413,0
8938,0.00608157,0
8939,0.00287735,0
8940,0.00203116,0
8941,0.00186123,0
8942,0.00366932,0
8943,0.00124171,0
8944,0.00253723,0
8945,0.00184723,0
8946,0.00590390,0
8947,0.00114523,0
8948,0.00178529,0
8949,0.00220857,0
8950,0.00112852,0
8951,0.00326516,0
8952,0.01118923,0
8953,0.00237376,0
8954,0.00781436,0
8955,0.00137108,0
8956,0.00701285,0
8957,0.00221005,0
8958,0.00163227,0
8959,0.00251256,0
8960,0.00111841,0
8961,0.00201110,0
8962,0.00363438,0
8963,0.00439300,0
8964,0.00190705,0
8965,0.00344904,0
8966,0.00177010,0
8967,0.00406881,0
8968,0.00175198,0
8969,0.00169168,0
8970,0.00201395,0
8971,0.00134576,0
8972,0.01741982,0
8973,0.00083838,0
8974,0.00146511,0
8975,0.00418769,0
8976,0.00126644,0
8977,0.00162403,0
8978,0.00537440,0
8979,0.00354808,0
8980,0.00281527,0
8981,0.00319734,0
8982,0.00358631,0
8983,0.00255356,0
8984,0.00050229,0
8985,0.00301173,0
8986,0.00243643,0
8987,0.00203049,0
8988,0.00243666,0
8989,0.00859008,0
8990,0.00096842,0
8991,0.00207126,0
8992,0.00186532,0
8993,0.00204555,0
8994,0.01373574,0
8995,0.00427565,0
8996,0.00347326,0
8997,0.00205783,0
8998,0.00130385,0
8999,0.00862129,0
9000,0.00432606,0
9001,0.00221049,0
9002,0.00237045,0
9003,0.00184027,0
9004,0.01102792,0
9005,0.00136293,0
9006,0.00266842,0
9007,0.00358161,0
9008,0.00041344,0
9009,0.00224666,0
9010,0.00272473,0
9011,0.00221314,0
9012,0.00722735,0
9013,0.00277543,0
9014,0.00532902,0
9015,0.00177761,0
9016,0.02703900,0
9017,0.00353767,0
9018,0.00293650,0
9019,0.00385125,0
9020,0.00597967,0
9021,0.00312550,0
9022,0.00199161,0
9023,0.00196737,0
9024,0.00402239,0
9025,0.00125507,0
9026,0.00263129,0
9027,0.00191245,0
9028,0.00460568,0
9029,0.00124832,0
9030,0.00185598,0
9031,0.00222953,0
9032,0.00106658,0
9033,0.00345587,0
9034,0.01059466,0
9035,0.00247197,0
9036,0.00772440,0
9037,0.00128966,0
9038,0.00705167,0
9039,0.00221209,0
9040,0.00171094,0
9041,0.00248504,0
9042,0.00121089,0
9043,0.00202825,0
9044,0.00362067,0
9045,0.00441272,0
9046,0.00197420,0
9047,0.00492875,0
9048,0.00183654,0
9049,0.00419404,0
9050,0.00170446,0
9051,0.00167282,0
9052,0.00217090,0
9053,0.00136061,0
9054,0.01810703,0
9055,0.00086874,0
9056,0.00141044,0
9057,0.00431199,0
9058,0.00159783,0
9059,0.00170291,0
9060,0.00569124,0
9061,0.00377787,0
9062,0.00287993,0
9063,0.00354018,0
9064,0.00349080,0
9065,0.00251072,0
9066,0.00048144,0
9067,0.00296499,0
9068,0.00244370,0
9069,0.00200570,0
9070,0.00348083,0
9071,0.00889048,0
9072,0.00100103,0
9073,0.00272715,0
9074,0.00181977,0
9075,0.00220747,0
9076,0.01295327,0
9077,0.00463244,0
9078,0.00358141,0
9079,0.00203687,0
9080,0.00147603,0
9081,0.00915619,0
9082,0.00441677,0
9083,0.00213338,0
9084,0.00249402,0
9085,0.00192200,0
9086,0.01313425,0
9087,0.00144687,0
9088,0.00293023,0
9089,0.00356317,0
9090,0.00042254,0
9091,0.00219336,0
9092,0.00265794,0
9093,0.00225514,0
9094,0.00716619,0
9095,0.00280257,0
9096,0.00537532,0
9097,0.00190695,0
9098,0.02653888,0
9099,0.00374114,0
9100,0.00301350,0
9101,0.00438850,0
9102,0.00585220,0
9103,0.00294179,0
9104,0.00204700,0
9105,0.00188147,0
9106,0.00412197,0
9107,0.00128202,0
9108,0.00262854,0
9109,0.00193429,0
9110,0.00575297,0
9111,0.00128842,0
9112,0.00198526,0
9113,0.00231849,0
9114,0.00117690,0
9115,0.00357974,0
9116,0.01123116,0
9117,0.00256400,0
9118,0.00800045,0
9119,0.00130576,0
9120,0.00713087,0
9121,0.00227666,0
9122,0.00177934,0
9123,0.00271097,0
9124,0.00127801,0
9125,0.00211534,0
9126,0.00362865,0
9127,0.00456977,0
9128,0.00207095,0
9129,0.00456866,0
9130,0.00191079,0
9131,0.00423804,0
9132,0.00172411,0
9133,0.00168546,0
9134,0.00207157,0
9135,0.00130293,0
9136,0.01818830,0
9137,0.00087121,0
9138,0.00146207,0
9139,0.00431151,0
9140,0.00110400,0
9141,0.00129834,0
9142,0.00577112,0
9143,0.00355840,0
9144,0.00294720,0
9145,0.00339438,0
9146,0.00337603,0
9147,0.00270433,0
9148,0.00046211,0
9149,0.00313268,0
9150,0.00254312,0
9151,0.00206203,0
9152,0.00374743,0
9153,0.00856809,0
9154,0.00105550,0
9155,0.00253435,0
9156,0.00173465,0
9157,0.00208967,0
9158,0.01385574,0
9159,0.00440301,0
9160,0.00335310,0
9161,0.00206965,0
9162,0.00138492,0
9163,0.00828606,0
9164,0.00462487,0
9165,0.00232191,0
9166,0.00243645,0
9167,0.00188600,0
9168,0.01010555,0
9169,0.00135174,0
9170,0.00274754,0
9171,0.00370342,0
9172,0.00041929,0
9173,0.00214621,0
9174,0.00264595,0
9175,0.00205630,0
9176,0.00756707,0
9177,0.00282804,0
9178,0.00528725,0
9179,0.00191388,0
9180,0.02794560,0
9181,0.00327450,0
9182,0.00284560,0
9183,0.00436918,0
9184,0.00595145,0
9185,0.00293085,0
9186,0.00200679,0
9187,0.00180830,0
9188,0.00373218,0
9189,0.00124280,0
9190,0.00262677,0
9191,0.00176130,0
9192,0.00518693,0
9193,0.00114506,0
9194,0.00182040,0
9195,0.00226911,0
9196,0.00115176,0
9197,0.00343064,0
9198,0.01133850,0
9199,0.00243586,0
9200,0.00817013,0
9201,0.00132535,0
9202,0.00655570,0
9203,0.00214978,0
9204,0.00161412,0
9205,0.00263400,0
9206,0.00124983,0
9207,0.00206048,0
9208,0.00357943,0
9209,0.00418007,0
9210,0.00191324,0
9211,0.00392435,0
9212,0.00190551,0
9213,0.00422358,0
9214,0.00167918,0
9215,0.00163768,0
9216,0.00193293,0
9217,0.00128917,0
9218,0.01751530,0
9219,0.00079963,0
9220,0.00136052,0
9221,0.00379913,0
9222,0.00115198,0
9223,0.00138926,0
9224,0.00502620,0
9225,0.00377088,0
9226,0.00278011,0
9227,0.00311237,0
9228,0.00317541,0
9229,0.00247925,0
9230,0.00046763,0
9231,0.00302755,0
9232,0.00244254,0
9233,0.00192828,0
9234,0.00336327,0
9235,0.00872875,0
9236,0.00100952,0
9237,0.00338971,0
9238,0.00186509,0
9239,0.00224514,0
9240,0.01380526,0
9241,0.00422976,0
9242,0.00363805,0
9243,0.00206836,0
9244,0.00130791,0
9245,0.00869884,0
9246,0.00404154,0
9247,0.00223807,0
9248,0.00242009,0
9249,0.00174212,0
9250,0.01307251,0
9251,0.00129205,0
9252,0.00262601,0
9253,0.00360487,0
9254,0.00042545,0
9255,0.00215808,0
9256,0.00269589,0
9257,0.00198786,0
9258,0.00659160,0
9259,0.00276845,0
9260,0.00532499,0
9261,0.00174645,0
9262,0.02625766,0
9263,0.00234138,0
9264,0.00316820,0
9265,0.00483162,0
9266,0.00584435,0
9267,0.00300999,0
9268,0.00209493,0
9269,0.00179148,0
9270,0.00393633,0
9271,0.00119639,0
9272,0.00255771,0
9273,0.00181126,0
9274,0.00564509,0
9275,0.00107625,0
9276,0.00178660,0
9277,0.00213824,0
9278,0.00113844,0
9279,0.00345370,0
9280,0.01080045,0
9281,0.00243699,0
9282,0.00773658,0
9283,0.00123865,0
9284,0.00674623,0
9285,0.00234327,0
9286,0.00174134,0
9287,0.00231096,0
9288,0.00116419,0
9289,0.00198153,0
9290,0.00352987,0
9291,0.00413081,0
9292,0.00190103,0
9293,0.00326497,0
9294,0.00174440,0
9295,0.00431104,0
9296,0.00161894,0
9297,0.00167474,0
9298,0.00197593,0
9299,0.00134132,0
9300,0.01837060,0
9301,0.00080836,0
9302,0.00147030,0
9303,0.00402995,0
9304,0.00121573,0
9305,0.00156950,0
9306,0.00551300,0
9307,0.00343020,0
9308,0.00281775,0
9309,0.00343708,0
9310,0.00324002,0
9311,0.00241089,0
9312,0.00047947,0
9313,0.00292360,0
9314,0.00250291,0
9315,0.00194593,0
9316,0.00275997,0
9317,0.00889893,0
9318,0.00104134,0
9319,0.00228570,0
9320,0.00186267,0
9321,0.00211491,0
9322,0.01404416,0
9323,0.00431929,0
9324,0.00347997,0
9325,0.00199256,0
9326,0.00138231,0
9327,0.00869791,0
9328,0.00395250,0
9329,0.00224724,0
9330,0.00225760,0
9331,0.00166063,0
9332,0.01553092,0
9333,0.00131461,0
9334,0.00263235,0
9335,0.00352947,0
9336,0.00042388,0
9337,0.00212291,0
9338,0.00259307,0
9339,0.00202317,0
9340,0.00759572,0
9341,0.00282404,0
9342,0.00543216,0
9343,0.00190767,0
9344,0.02688397,0
9345,0.00345891,0
9346,0.00287649,0
9347,0.00399668,0
9348,0.00598945,0
9349,0.00295076,0
9350,0.00215459,0
9351,0.00179126,0
9352,0.00398917,0
9353,0.00112087,0
9354,0.00252695,0
9355,0.00177123,0
9356,0.00532468,0
9357,0.00113989,0
9358,0.00180770,0
9359,0.00222308,0
9360,0.00109805,0
9361,0.00334774,0
9362,0.01103821,0
9363,0.00253421,0
9364,0.00788164,0
9365,0.00130766,0
9366,0.00686072,0
9367,0.00227133,0
9368,0.00174428,0
9369,0.00253654,0
9370,0.00125745,0
9371,0.00209781,0
9372,0.00332195,0
9373,0.00419520,0
9374,0.00192282,0
9375,0.00450433,0
9376,0.00180999,0
9377,0.00399216,0
9378,0.00137733,0
9379,0.00161790,0
9380,0.00188658,0
9381,0.00134320,0
9382,0.01816646,0
9383,0.00089341,0
9384,0.00143226,0
9385,0.00421170,0
9386,0.00120814,0
9387,0.00157705,0
9388,0.00570516,0
9389,0.00369020,0
9390,0.00260542,0
9391,0.00333857,0
9392,0.00327885,0
9393,0.00261963,0
9394,0.00044169,0
9395,0.00293761,0
9396,0.00249929,0
9397,0.00181399,0
9398,0.00260009,0
9399,0.00925000,0
9400,0.00099551,0
9401,0.00266363,0
9402,0.00187300,0
9403,0.00226863,0
9404,0.01327919,0
9405,0.00435262,0
9406,0.00362260,0
9407,0.00199694,0
9408,0.00134888,0
9409,0.00801182,0
9410,0.00388815,0
9411,0.00211800,0
9412,0.00217183,0
9413,0.00172196,0
9414,0.01243823,0
9415,0.00127561,0
9416,0.00273439,0
9417,0.00352507,0
9418,0.00042062,0
9419,0.00211304,0
9420,0.00257363,0
9421,0.00205159,0
9422,0.00754097,0
9423,0.00266815,0
9424,0.00554985,0
9425,0.00185232,0
9426,0.02814671,0
9427,0.00374373,0
9428,0.00277883,0
9429,0.00401647,0
9430,0.00584963,0
9431,0.00275255,0
9432,0.00208088,0
9433,0.00183739,0
9434,0.00375855,0
9435,0.00107893,0
9436,0.00246874,0
9437,0.00186006,0
9438,0.00506409,0
9439,0.00111935,0
9440,0.00188340,0
9441,0.00220798,0
9442,0.00109338,0
9443,0.00332518,0
9444,0.01134388,0
9445,0.00248651,0
9446,0.00773758,0
9447,0.00130874,0
9448,0.00707903,0
9449,0.00233804,0
9450,0.00169503,0
9451,0.00229771,0
9452,0.00121347,0
9453,0.00188281,0
9454,0.00329548,0
9455,0.00445663,0
9456,0.00184828,0
9457,0.00520556,0
9458,0.00179768,0
9459,0.00424438,0
9460,0.00184914,0
9461,0.00170458,0
9462,0.00207171,0
9463,0.00134584,0
9464,0.01764355,0
9465,0.00081452,0
9466,0.00139910,0
9467,0.00303063,0
9468,0.00114424,0
9469,0.00153562,0
9470,0.00528009,0
9471,0.00353660,0
9472,0.00257349,0
9473,0.00309780,0
9474,0.00369655,0
9475,0.00248904,0
9476,0.00047821,0
9477,0.00290537,0
9478,0.00239960,0
9479,0.00194809,0
9480,0.00622274,0
9481,0.00876235,0
9482,0.00102967,0
9483,0.00265628,0
9484,0.00185861,0
9485,0.00222101,0
9486,0.01415815,0
9487,0.00425460,0
9488,0.00337091,0
9489,0.00197432,0
9490,0.00133812,0
9491,0.00859360,0
9492,0.00438018,0
9493,0.00216750,0
9494,0.00235367,0
9495,0.00170839,0
9496,0.01409834,0
9497,0.00133239,0
9498,0.00285076,0
9499,0.00359353,0
9500,0.00043843,0
9501,0.00210756,0
9502,0.00258340,0
9503,0.00198764,0
9504,0.00695932,0
9505,0.00288937,0
9506,0.00531863,0
9507,0.00195486,0
9508,0.02793021,0
9509,0.00362067,0
9510,0.00297955,0
9511,0.00438726,0
9512,0.00602766,0
9513,0.00325939,0
9514,0.00222072,0
9515,0.00189802,0
9516,0.00400935,0
9517,0.00122458,0
9518,0.00252317,0
9519,0.00182576,0
9520,0.00521838,0
9521,0.00119311,0
9522,0.00190824,0
9523,0.00227985,0
9524,0.00111799,0
9525,0.00345674,0
9526,0.01118323,0
9527,0.00262490,0
9528,0.00879416,0
9529,0.00136150,0
9530,0.00698981,0
9531,0.00232228,0
9532,0.00185280,0
9533,0.00250075,0
9534,0.00125611,0
9535,0.00216242,0
9536,0.00358286,0
9537,0.00418584,0
9538,0.00198589,0
9539,0.00296423,0
9540,0.00179567,0
9541,0.00417975,0
9542,0.00163637,0
9543,0.00170021,0
9544,0.00205687,0
9545,0.00145307,0
9546,0.01877051,0
9547,0.00084440,0
9548,0.00145288,0
9549,0.00455692,0
9550,0.00113909,0
9551,0.00141977,0
9552,0.00598229,0
9553,0.00371522,0
9554,0.00285348,0
9555,0.00332350,0
9556,0.00357098,0
9557,0.00262142,0
9558,0.00051002,0
9559,0.00306623,0
9560,0.00269478,0
9561,0.00206685,0
9562,0.00311254,0
9563,0.00911264,0
9564,0.00107328,0
9565,0.00231948,0
9566,0.00186729,0
9567,0.00219858,0
9568,0.01377852,0
9569,0.00443079,0
9570,0.00351247,0
9571,0.00202435,0
9572,0.00136520,0
9573,0.00891003,0
9574,0.00406707,0
9575,0.00231264,0
9576,0.00237254,0
9577,0.00185484,0
9578,0.00994415,0
9579,0.00131541,0
9580,0.00289522,0
9581,0.00372740,0
9582,0.00043725,0
9583,0.00200360,0
9584,0.00280055,0
9585,0.00203557,0
9586,0.00736564,0
9587,0.00283775,0
9588,0.00566933,0
9589,0.00193353,0
9590,0.02801661,0
9591,0.00276276,0
9592,0.00300455,0
9593,0.00470677,0
9594,0.00636847,0
9595,0.00325866,0
9596,0.00237572,0
9597,0.00201755,0
9598,0.00416773,0
9599,0.00128024,0
9600,0.00254550,0
9601,0.00190507,0
9602,0.00576747,0
9603,0.00121214,0
9604,0.00188199,0
9605,0.00239575,0
9606,0.00117086,0
9607,0.00350378,0
9608,0.01146857,0
9609,0.00254389,0
9610,0.00902399,0
9611,0.00133392,0
9612,0.00712644,0
9613,0.00239991,0
9614,0.00187917,0
9615,0.00252554,0
9616,0.00130749,0
9617,0.00198660,0
9618,0.00358139,0
9619,0.00442661,0
9620,0.00205489,0
9621,0.00449275,0
9622,0.00181783,0
9623,0.00438557,0
9624,0.00184487,0
9625,0.00181832,0
9626,0.00208776,0
9627,0.00152274,0
9628,0.01889557,0
9629,0.00087450,0
9630,0.00141716,0
9631,0.00465894,0
9632,0.00149603,0
9633,0.00170052,0
9634,0.00585126,0
9635,0.00358598,0
9636,0.00294869,0
9637,0.00356017,0
9638,0.00358788,0
9639,0.00251779,0
9640,0.00048254,0
9641,0.00317735,0
9642,0.00254443,0
9643,0.00208275,0
9644,0.00303469,0
9645,0.00927610,0
9646,0.00102564,0
9647,0.00324273,0
9648,0.00209341,0
9649,0.00237508,0
9650,0.01369191,0
9651,0.00444437,0
9652,0.00350312,0
9653,0.00198352,0
9654,0.00143888,0
9655,0.00854331,0
9656,0.00439829,0
9657,0.00224750,0
9658,0.00237330,0
9659,0.00180204,0
9660,0.01322216,0
9661,0.00126338,0
9662,0.00284435,0
9663,0.00380812,0
9664,0.00041627,0
9665,0.00219178,0
9666,0.00270566,0
9667,0.00210974,0
9668,0.00757459,0
9669,0.00267714,0
9670,0.00539422,0
9671,0.00174103,0
9672,0.02856628,0
9673,0.00255047,0
9674,0.00298206,0
9675,0.00476273,0
9676,0.00608956,0
9677,0.00326993,0
9678,0.00218846,0
9679,0.00196964,0
9680,0.00401549,0
9681,0.00121534,0
9682,0.00261968,0
9683,0.00191628,0
9684,0.00668037,0
9685,0.00116304,0
9686,0.00191522,0
9687,0.00229157,0
9688,0.00116862,0
9689,0.00368991,0
9690,0.01104790,0
9691,0.00261397,0
9692,0.00841281,0
9693,0.00129409,0
9694,0.00717892,0
9695,0.00239781,0
9696,0.00178504,0
9697,0.00256562,0
9698,0.00133119,0
9699,0.00194380,0
9700,0.00356424,0
9701,0.00442222,0
9702,0.00197249,0
9703,0.00344483,0
9704,0.00193944,0
9705,0.00438105,0
9706,0.00150985,0
9707,0.00168582,0
9708,0.00197151,0
9709,0.00150189,0
9710,0.01819731,0
9711,0.00092339,0
9712,0.00139200,0
9713,0.00473537,0
9714,0.00146136,0
9715,0.00160405,0
9716,0.00570097,0
9717,0.00361626,0
9718,0.00310038,0
9719,0.00352532,0
9720,0.00332986,0
9721,0.00257650,0
9722,0.00046481,0
9723,0.00329297,0
9724,0.00262228,0
9725,0.00203059,0
9726,0.00407615,0
9727,0.00937532,0
9728,0.00105577,0
9729,0.00248246,0
9730,0.00189183,0
9731,0.00224421,0
9732,0.01314135,0
9733,0.00436502,0
9734,0.00354635,0
9735,0.00203027,0
9736,0.00144073,0
9737,0.00835163,0
9738,0.00442253,0
9739,0.00230175,0
9740,0.00239074,0
9741,0.00178673,0
9742,0.01524155,0
9743,0.00138942,0
9744,0.00280245,0
9745,0.00376293,0
9746,0.00043701,0
9747,0.00217655,0
9748,0.00270705,0
9749,0.00215565,0
9750,0.00796359,0
9751,0.00290047,0
9752,0.00554021,0
9753,0.00187799,0
9754,0.03058584,0
9755,0.00351398,0
9756,0.00293047,0
9757,0.00431030,0
9758,0.00648346,0
9759,0.00344369,0
9760,0.00229905,0
9761,0.00196853,0
9762,0.00417201,0
9763,0.00130655,0
9764,0.00256169,0
9765,0.00197768,0
9766,0.00623116,0
9767,0.00121030,0
9768,0.00196573,0
9769,0.00231632,0
9770,0.00116610,0
9771,0.00386258,0
9772,0.01107023,0
9773,0.00264421,0
9774,0.00861819,0
9775,0.00141153,0
9776,0.00716588,0
9777,0.00247635,0
9778,0.00173099,0
9779,0.00258716,0
9780,0.00142109,0
9781,0.00209641,0
9782,0.00386754,0
9783,0.00460960,0
9784,0.00201865,0
9785,0.00381610,0
9786,0.00189224,0
9787,0.00445340,0
9788,0.00157567,0
9789,0.00177726,0
9790,0.00212658,0
9791,0.00143502,0
9792,0.01849472,0
9793,0.00086372,0
9794,0.00139084,0
9795,0.00396479,0
9796,0.00144444,0
9797,0.00167063,0
9798,0.00574079,0
9799,0.00361524,0
9800,0.00284825,0
9801,0.00341729,0
9802,0.00324200,0
9803,0.00253508,0
9804,0.00049709,0
9805,0.00326191,0
9806,0.00263637,0
9807,0.00198392,0
9808,0.00550566,0
9809,0.00982198,0
9810,0.00107307,0
9811,0.00251205,0
9812,0.00198366,0
9813,0.00235291,0
9814,0.01423250,0
9815,0.00432138,0
9816,0.00361458,0
9817,0.00213828,0
9818,0.00150449,0
9819,0.00946241,0
9820,0.00444026,0
9821,0.00243024,0
9822,0.00254457,0
9823,0.00190084,0
9824,0.01335175,0
9825,0.00144132,0
9826,0.00292165,0
9827,0.00379505,0
9828,0.00046330,0
9829,0.00217744,0
9830,0.00285597,0
9831,0.00219245,0
9832,0.00725638,0
9833,0.00292922,0
9834,0.00548135,0
9835,0.00213971,0
9836,0.03322990,0
9837,0.00406899,0
9838,0.00295538,0
9839,0.00455675,0
9840,0.00674574,0
9841,0.00305775,0
9842,0.00231916,0
9843,0.00197159,0
9844,0.00425820,0
9845,0.00127289,0
9846,0.00274846,0
9847,0.00197437,0
9848,0.00634611,0
9849,0.00139480,0
9850,0.00200940,0
9851,0.00230730,0
9852,0.00117953,0
9853,0.00408340,0
9854,0.01197753,0
9855,0.00294100,0
9856,0.00931634,0
9857,0.00147609,0
9858,0.00804489,0
9859,0.00284662,0
9860,0.00182479,0
9861,0.00273034,0
9862,0.00136098,0
9863,0.00225885,0
9864,0.00416388,0
9865,0.00482080,0
9866,0.00230869,0
9867,0.00489463,0
9868,0.00214466,0
9869,0.00453152,0
9870,0.00170496,0
9871,0.00178913,0
9872,0.00226793,0
9873,0.00148684,0
9874,0.01885182,0
9875,0.00090367,0
9876,0.00150862,0
9877,0.00468107,0
9878,0.00148117,0
9879,0.00155518,0
9880,0.00638125,0
9881,0.00391999,0
9882,0.00314661,0
9883,0.00354207,0
9884,0.00385624,0
9885,0.00282500,0
9886,0.00053823,0
9887,0.00338525,0
9888,0.00282328,0
9889,0.00211478,0
9890,0.00310287,0
9891,0.00934850,0
9892,0.00110175,0
9893,0.00263184,0
9894,0.00213314,0
9895,0.00237149,0
9896,0.01333642,0
9897,0.00463776,0
9898,0.00389933,0
9899,0.00214454,0
9900,0.00147779,0
9901,0.00932946,0
9902,0.00484600,0
9903,0.00226109,0
9904,0.00265760,0
9905,0.00194371,0
9906,0.01095810,0
9907,0.00145366,0
9908,0.00294541,0
9909,0.00391064,0
9910,0.00041751,0
9911,0.00220871,0
9912,0.00321608,0
9913,0.00232847,0
9914,0.00768846,0
9915,0.00291957,0
9916,0.00586923,0
9917,0.00206150,0
9918,0.03013178,0
9919,0.00654055,0
9920,0.00300170,0
9921,0.00503512,0
9922,0.00676034,0
9923,0.00337217,0
9924,0.00228545,0
9925,0.00200390,0
9926,0.00450138,0
9927,0.00131629,0
9928,0.00257439,0
9929,0.00205638,0
9930,0.00542919,0
9931,0.00138343,0
9932,0.00202836,0
9933,0.00232784,0
9934,0.00120177,0
9935,0.00377175,0
9936,0.01193129,0
9937,0.00265398,0
9938,0.00924775,0
9939,0.00142149,0
9940,0.00735112,0
9941,0.00285553,0
9942,0.00188750,0
9943,0.00276185,0
9944,0.00134441,0
9945,0.00230655,0
9946,0.00388392,0
9947,0.00470895,0
9948,0.00227172,0
9949,0.00408969,0
9950,0.00220483,0
9951,0.00469816,0
9952,0.00189797,0
9953,0.00186441,0
9954,0.00213635,0
9955,0.00150290,0
9956,0.01845111,0
9957,0.00093968,0
9958,0.00153086,0
9959,0.00427061,0
9960,0.00115443,0
9961,0.00145917,0
9962,0.00637430,0
9963,0.00393486,0
9964,0.00317065,0
9965,0.00349616,0
9966,0.00349610,0
9967,0.00305924,0
9968,0.00051618,0
9969,0.00344889,0
9970,0.00277814,0
9971,0.00198980,0
9972,0.00297504,0
9973,0.00909263,0
9974,0.00105738,0
9975,0.00227050,0
9976,0.00201998,0
9977,0.00223957,0
9978,0.01362533,0
9979,0.00447639,0
9980,0.00379927,0
9981,0.00226350,0
9982,0.00138794,0
9983,0.00976885,0
9984,0.00466495,0
9985,0.00242785,0
9986,0.00273394,0
9987,0.00191921,0
9988,0.01158941,0
9989,0.00148895,0
9990,0.00297578,0
9991,0.00395920,0
9992,0.00042077,0
9993,0.00218371,0
9994,0.00295224,0
9995,0.00239041,0
9996,0.00771481,0
9997,0.00298635,0
9998,0.00595363,0
9999,0.00201994,0
