step,entropy
0,0.00243116
1,0.00236183
2,0.00468107
3,0.00143424
4,0.00201337
5,0.00378682
6,0.00355165
7,0.00358141
8,0.00109558
9,0.00938088
10,0.00384348
11,0.00184652
12,0.01374482
13,0.00153579
14,0.00760860
15,0.00231849
16,0.00169503
17,0.00206965
18,0.00361458
19,0.00114152
20,0.00192995
21,0.00118062
22,0.00150303
23,0.00218471
24,0.00071066
25,0.00407475
26,0.00181590
27,0.00169740
28,0.00092524
29,0.00116914
30,0.00196177
31,0.00727885
32,0.00004441
33,0.00188162
34,0.00240233
35,0.14099055
36,0.00227577
37,0.00478421
38,0.00249971
39,0.00166860
40,0.00214473
41,0.00364094
42,0.00266187
43,0.01732896
44,0.51270606
45,0.00294892
46,0.00774189
47,0.00431650
48,0.00176747
49,0.00308151
50,0.00269479
51,0.00240322
52,1.47997338
53,0.00090424
54,0.00489382
55,0.43549899
56,0.00439038
57,0.00161076
58,0.00284366
59,0.00207908
60,0.00137733
61,0.00158377
62,0.00753858
63,0.00115604
64,0.00176072
65,0.00288211
66,0.00148635
67,0.00311254
68,0.00293405
69,0.00198913
70,0.00194682
71,0.00513579
72,0.01359717
73,0.00203006
74,0.00712634
75,0.00152308
76,0.01884524
77,0.00448052
78,0.00403513
79,0.00280546
80,0.00608956
81,0.00255466
82,0.00554001
83,0.00272675
84,0.00052710
85,0.00283219
86,0.00178295
87,0.00100053
88,0.00206974
89,0.01053300
90,0.00208902
91,0.00064571
92,0.00367048
93,0.00190086
94,0.00180126
95,0.00154616
96,0.10987324
97,0.00173436
98,0.00068475
99,0.00180723
100,0.00137440
101,0.00494467
102,0.00109811
103,0.01301868
104,0.00187836
105,0.00058708
106,0.02155688
107,0.00297955
108,0.00212734
109,0.00198526
110,0.00171988
111,0.00354049
112,0.00194625
113,0.00256454
114,0.00112664
115,0.00085263
116,0.00078500
117,0.00844196
118,0.01885182
119,0.81482446
120,0.00180770
121,0.00266214
122,0.00229925
123,0.00370281
124,1.98561643
125,0.01686141
126,0.00148293
127,0.00183577
128,0.00122458
129,0.00248228
130,0.00188424
131,0.00236373
132,0.00093989
133,0.00242086
134,0.89242873
135,0.00274764
136,0.01055205
137,0.00274448
138,0.00350839
139,0.00581165
140,0.00193448
141,0.00222519
142,0.00043325
143,0.00124274
144,0.00213971
145,0.00124210
146,0.00183907
147,0.00393578
148,0.00229031
149,0.00282328
150,0.00111841
151,0.00137535
152,0.00157895
153,0.00191910
154,0.00187381
155,0.00366038
156,0.00176937
157,0.00098904
158,0.00294196
159,0.00164100
160,0.00570317
161,0.00744296
162,0.00143031
163,0.00269556
164,0.00700887
165,0.00931207
166,0.00157050
167,0.00343261
168,0.00372231
169,0.00183281
170,0.02051527
171,0.00099426
172,0.00086239
173,0.00414956
174,0.00203839
175,0.00074331
176,0.00217655
177,0.00197479
178,0.00217109
179,0.00192572
180,0.01513350
181,0.00429888
182,0.00350730
183,0.00107980
184,0.00249433
185,0.01662340
186,0.00767197
187,0.00176927
188,0.00349616
189,0.00372364
190,0.01280532
191,0.00324401
192,0.00266595
193,0.10690298
194,0.00393670
195,0.00114991
196,0.00273975
197,0.00558829
198,0.00202105
199,0.00768632
200,0.00213277
201,0.00311738
202,0.00669666
203,0.02523090
204,0.01671457
205,0.00416737
206,0.00186729
207,0.00401401
208,0.00148709
209,0.00137530
210,0.00173942
211,0.00094798
212,0.00143445
213,0.00098270
214,0.00193350
215,0.00281176
216,0.00146117
217,0.00217744
218,0.00148468
219,0.00272473
220,0.00181921
221,0.00175068
222,0.00349080
223,0.02502396
224,0.00109107
225,0.00197268
226,0.01272046
227,0.00125916
228,0.00138802
229,0.00147268
230,0.00127370
231,0.00633537
232,0.00197593
233,0.00219858
234,0.00674494
235,0.00093860
236,0.00384115
237,0.00324678
238,0.00168582
239,0.00287735
240,0.61964707
241,0.00075146
242,0.00384255
243,0.00105959
244,0.00096603
245,0.01710384
246,0.00697106
247,0.00274879
248,0.00191388
249,0.00111180
250,0.00112266
251,0.00308981
252,0.00904766
253,0.00333682
254,0.00246076
255,0.00165719
256,0.00150339
257,0.00267188
258,0.05033864
259,0.02532274
260,0.00405868
261,0.00343708
262,0.00147603
263,0.00196883
264,0.00110760
265,0.00735112
266,0.37822009
267,0.00190507
268,0.01291394
269,0.00370050
270,0.00373177
271,0.00248989
272,0.00814186
273,0.00191787
274,0.00551300
275,0.00261301
276,0.00255963
277,0.00243516
278,0.00596484
279,0.00114523
280,0.86601839
281,0.02334129
282,0.00224256
283,0.00569924
284,0.00321611
285,0.00094933
286,0.00301024
287,0.00275429
288,0.00285136
289,0.00447594
290,0.00200375
291,0.00227470
292,0.00242641
293,0.00160545
294,0.01193129
295,0.00280671
296,0.00384511
297,0.00207768
298,0.00284914
299,0.00198980
300,0.00093820
301,0.00160852
302,0.00343948
303,0.01020776
304,0.00572922
305,0.00194812
306,0.00328749
307,0.00288482
308,0.00075029
309,1.61696677
310,0.00220560
311,0.00177542
312,0.00168844
313,0.01344438
314,0.00302080
315,0.00331980
316,0.00409618
317,0.00198589
318,0.00226097
319,0.00190932
320,0.00407760
321,0.00107388
322,0.00135234
323,0.00150244
324,0.00104983
325,0.56553791
326,0.00178891
327,0.00122564
328,0.00350087
329,0.00218424
330,0.00632411
331,0.00196447
332,0.00201191
333,0.00819621
334,0.00167414
335,0.00041344
336,0.00225981
337,0.00364871
338,0.00251593
339,0.00145917
340,0.00251889
341,0.00120630
342,0.00253652
343,0.00221300
344,0.00772440
345,0.00429901
346,0.00358598
347,0.00227977
348,0.00315452
349,0.00777005
350,0.00640960
351,0.00146645
352,0.00273709
353,0.00362865
354,0.00376452
355,0.00406303
356,0.00198872
357,0.00156013
358,0.00223113
359,0.00118485
360,0.00116335
361,0.00226911
362,0.00226435
363,0.00078783
364,0.00133119
365,0.74809603
366,0.00426474
367,0.00182423
368,0.00233990
369,0.00136612
370,0.00714039
371,0.00361524
372,0.01118502
373,0.00282354
374,0.00222813
375,0.00268276
376,0.01118923
377,0.00196324
378,0.00104960
379,0.00267772
380,0.00576746
381,0.00220396
382,0.00247402
383,0.00256937
384,0.00171397
385,0.01252089
386,0.00256022
387,0.00205630
388,0.00559274
389,0.00187017
390,0.49561730
391,0.00221620
392,0.00760781
393,0.00175209
394,0.00775590
395,0.00143888
396,0.00193836
397,0.00565918
398,0.00239041
399,0.00243543
400,0.00174685
401,0.08240936
402,0.00369994
403,0.01491428
404,0.00757459
405,0.00101615
406,0.01069299
407,0.00255771
408,0.00333706
409,0.00115512
410,0.00186821
411,0.00233525
412,0.00166230
413,0.00194649
414,0.00191508
415,0.00170381
416,0.00346735
417,0.00380452
418,0.00404052
419,0.00158632
420,0.00400763
421,0.00590791
422,0.00137385
423,0.00441685
424,0.00343020
425,0.00247655
426,0.00405987
427,0.00163151
428,0.00123865
429,0.00382656
430,0.00344704
431,0.00419404
432,0.00521239
433,0.00171209
434,0.00555821
435,0.00123784
436,0.00128847
437,0.00227441
438,0.00314324
439,0.00495490
440,0.00078093
441,0.00564264
442,0.71882763
443,0.00274137
444,0.01865116
445,0.00801585
446,0.00828348
447,0.00206362
448,0.00419122
449,1.93070254
450,0.00105988
451,0.00186483
452,0.00110757
453,0.00310872
454,0.00145303
455,1.50504249
456,0.00348425
457,0.00372473
458,0.00459192
459,0.00115573
460,0.00144205
461,0.00207099
462,0.00216108
463,0.00270892
464,0.00095118
465,0.00205769
466,0.00041170
467,0.00227172
468,0.00126548
469,0.00368337
470,0.00339393
471,0.00135912
472,0.00441753
473,0.00396580
474,0.00150427
475,0.00312535
476,0.00346427
477,0.00326773
478,0.00341382
479,0.00306143
480,0.01816646
481,0.00423773
482,0.00089663
483,0.00263555
484,0.00195764
485,0.00176899
486,0.00117049
487,0.00352947
488,0.00174010
489,0.00481846
490,0.00288304
491,0.00215674
492,0.00188340
493,0.00318739
494,0.00430582
495,0.00046495
496,0.00934850
497,0.00189869
498,0.00417302
499,0.00406941
500,0.00541322
501,0.00209810
502,0.00235979
503,0.02675796
504,0.00249935
505,0.00423280
506,0.00534363
507,0.00450738
508,0.00262757
509,0.00265709
510,0.00537747
511,0.00172433
512,0.08821508
513,0.00438968
514,0.00230763
515,0.00152764
516,0.00344424
517,0.00363629
518,0.00096552
519,0.00187333
520,0.00287993
521,0.00351809
522,0.00669228
523,0.00215422
524,0.00184914
525,0.00214199
526,0.00202565
527,0.00174428
528,0.00265849
529,0.00131439
530,0.27310402
531,0.00364906
532,0.00123374
533,0.00361626
534,0.00134244
535,0.00201395
536,0.00200167
537,0.02886863
538,0.00205351
539,0.00183958
540,0.00223360
541,0.00325031
542,0.00168408
543,0.00464272
544,0.00271777
545,0.00165876
546,0.00195281
547,0.00378279
548,0.00054135
549,0.00193944
550,0.00202398
551,0.00288814
552,0.00231916
553,0.00174440
554,0.00172223
555,0.00744040
556,0.00122091
557,0.00168256
558,0.00653558
559,0.00368167
560,0.00374958
561,0.00099948
562,0.00115146
563,0.00179048
564,0.00362678
565,0.00236665
566,0.00387338
567,0.00923866
568,0.00790186
569,0.00434808
570,0.00227264
571,0.00543005
572,0.02856628
573,0.00203027
574,0.00195854
575,0.00114424
576,0.00378141
577,0.00202836
578,0.00408804
579,0.00936708
580,0.00151293
581,0.00427100
582,0.00231149
583,0.00102925
584,0.00113491
585,0.00270433
586,0.00142244
587,0.00126381
588,0.76984780
589,0.00171821
590,0.53539681
591,0.00379065
592,0.00230877
593,0.00254590
594,0.00192912
595,0.00751303
596,0.00424438
597,0.00284350
598,0.00406595
599,0.00190621
600,0.00281019
601,0.00698768
602,0.00400259
603,0.00170291
604,0.00560653
605,0.00125648
606,0.00230221
607,0.00014504
608,0.00087928
609,0.00164083
610,0.00165868
611,0.00112207
612,0.00323896
613,0.00086020
614,0.00528221
615,0.00307376
616,0.00147823
617,0.00905232
618,0.00156540
619,0.00163423
620,0.00379878
621,0.00199304
622,0.00233025
623,0.96476369
624,0.00254908
625,0.00234693
626,0.00262466
627,0.00215564
628,0.00205066
629,0.00282404
630,0.00161242
631,0.00271366
632,0.00323111
633,0.00742989
634,0.01740014
635,0.00102665
636,0.00220438
637,0.00240812
638,0.01759915
639,0.00066687
640,0.00751491
641,0.00320489
642,0.00177830
643,0.00152205
644,0.00758059
645,0.00708961
646,0.00217090
647,0.00369614
648,0.00210756
649,0.00297963
650,0.00242749
651,0.00169011
652,0.00412746
653,0.00512015
654,0.00136150
655,0.00249292
656,0.00356317
657,0.00460376
658,0.00795140
659,0.00234912
660,0.00478854
661,0.00144188
662,0.00196468
663,0.19775263
664,0.00236393
665,0.00225274
666,0.00564099
667,0.00009757
668,0.00185211
669,0.00471005
670,0.01718875
671,0.00230960
672,0.00108524
673,0.00303593
674,0.00067777
675,0.00167476
676,0.00168067
677,0.01432223
678,0.00280449
679,0.00247458
680,0.00199256
681,0.00150290
682,0.00201250
683,0.00310287
684,0.00105577
685,1.15796883
686,0.00134549
687,0.01503699
688,0.15177074
689,0.00181704
690,0.01889557
691,0.00182822
692,0.01312512
693,0.00214196
694,0.00406529
695,0.00439300
696,0.00566521
697,0.00067820
698,0.00148684
699,0.00190298
700,0.00125528
701,0.00264747
702,0.00154585
703,0.00124055
704,0.00358911
705,0.00253163
706,0.00290502
707,0.00052313
708,0.00257414
709,0.00269637
710,0.00910515
711,0.00415817
712,0.00498172
713,0.00319969
714,0.00309123
715,0.00256458
716,0.01100990
717,0.00117602
718,0.01661761
719,0.00181208
720,0.00202393
721,0.00002635
722,0.00796510
723,0.00113014
724,0.00169482
725,0.00166086
726,0.00124983
727,0.00122718
728,0.00305524
729,0.00222816
730,0.00348082
731,0.00360041
732,0.00315551
733,0.00069496
734,0.00392435
735,0.00764668
736,0.00180099
737,0.00184744
738,0.00824632
739,0.00292165
740,0.00284414
741,0.00133738
742,0.10363645
743,0.00279284
744,0.00116056
745,0.01421675
746,0.00383805
747,0.00095126
748,0.01668175
749,0.00163786
750,0.00101629
751,0.00311579
752,0.00219287
753,0.00210495
754,0.00130185
755,0.00313321
756,0.00896796
757,0.00173310
758,0.00183412
759,0.00420388
760,0.00088934
761,0.00185977
762,0.00146167
763,0.00746508
764,0.00229121
765,0.00090251
766,0.00196214
767,0.00293654
768,0.00293023
769,0.00102173
770,0.01112503
771,0.00266876
772,0.01607077
773,0.00227088
774,0.00224724
775,0.00221079
776,0.00361042
777,0.00281069
778,0.00049103
779,0.00392529
780,0.00592590
781,0.00309510
782,0.00310926
783,0.00251668
784,0.00185104
785,0.00158705
786,0.00823478
787,0.00226549
788,0.00198994
789,0.00238187
790,0.00377946
791,0.00300168
792,0.00185655
793,0.00157567
794,0.00435960
795,0.00046395
796,0.00261963
797,0.00101379
798,0.00217938
799,0.00217258
800,0.00176063
801,0.00329762
802,0.00207104
803,0.01319572
804,0.00201110
805,0.00424258
806,0.00186509
807,0.00274696
808,0.00284662
809,0.00335477
810,0.01662909
811,0.38641819
812,0.00065805
813,0.00740127
814,0.00557908
815,0.00353767
816,0.00341108
817,0.00077273
818,0.00226647
819,0.00522759
820,0.00814918
821,0.00322246
822,0.00148776
823,0.00191899
824,0.00389510
825,0.00225138
826,0.00187729
827,0.00129422
828,0.82471202
829,0.00325217
830,0.01404416
831,0.00415355
832,0.00177409
833,0.00164194
834,0.00120694
835,0.00845860
836,0.00738015
837,0.00185775
838,0.00222903
839,0.00900321
840,0.00255975
841,0.00400926
842,0.00425038
843,0.00176494
844,0.00209873
845,0.00219018
846,1.00493344
847,0.00074371
848,0.00730232
849,0.00285342
850,0.00155285
851,0.00299904
852,0.00427598
853,0.00243543
854,0.00196447
855,0.00099517
856,0.00223845
857,0.35919129
858,0.00155288
859,0.00264463
860,0.01870385
861,0.00226331
862,0.00863799
863,0.00333295
864,0.00165947
865,0.00418647
866,0.00225936
867,0.00430259
868,0.00432740
869,0.00185081
870,0.00220046
871,0.00288335
872,0.00209397
873,0.00360853
874,0.00451272
875,0.00743006
876,0.00238478
877,0.00232342
878,0.00259097
879,0.00269934
880,0.00331646
881,0.00579474
882,0.00343257
883,0.00175610
884,0.00953849
885,0.02337060
886,0.00797915
887,0.00235750
888,0.00315435
889,0.00508340
890,0.00216573
891,0.00122642
892,0.00280257
893,0.00121878
894,0.00267714
895,0.00297902
896,0.00293747
897,0.00699162
898,0.00211468
899,0.00274774
900,0.00108493
901,0.00324326
902,0.00386065
903,0.00195672
904,0.00107351
905,0.00325113
906,0.00105170
907,0.00281987
908,0.00411485
909,0.00230195
910,0.00080413
911,0.00169720
912,0.00245529
913,0.00159306
914,0.01324453
915,0.00265399
916,0.00399219
917,0.00210709
918,0.00880555
919,0.00486737
920,0.00143435
921,0.00097046
922,0.00523142
923,0.00064554
924,0.00197616
925,0.00427510
926,0.00137560
927,0.00291700
928,0.39443207
929,0.00216659
930,0.00004159
931,0.00288489
932,0.00424585
933,0.00133899
934,0.00411841
935,0.00257863
936,0.00336927
937,0.00257136
938,0.00095474
939,0.00140314
940,0.00141538
941,0.00253219
942,0.00243666
943,0.00196444
944,0.00253107
945,0.02644260
946,0.00420707
947,0.00616977
948,0.00437186
949,0.00223510
950,0.00461056
951,0.00138866
952,0.00245597
953,0.00097238
954,0.00324864
955,0.02592485
956,1.88723539
957,0.00263348
958,0.00276110
959,0.00215100
960,0.00254947
961,0.00121628
962,0.00189760
963,0.00584278
964,0.00305030
965,0.00043680
966,0.00193887
967,0.00412315
968,1.49521750
969,0.00008674
970,0.00391614
971,0.00113844
972,0.00411547
973,0.00165934
974,0.00108022
975,0.00192869
976,0.00357064
977,0.70584180
978,0.00109082
979,0.00355362
980,0.00550982
981,0.00239871
982,0.00214931
983,0.00431199
984,0.00324578
985,0.00519736
986,1.21167352
987,0.00612674
988,0.00288964
989,0.00187840
990,0.00163768
991,0.00196956
992,0.00246767
993,0.00199374
994,0.16446063
995,0.00266345
996,0.00277092
997,0.00557711
998,0.00198998
999,0.00188147
1000,0.00233974
1001,0.00251205
1002,0.00310833
1003,0.00240562
1004,0.00046160
1005,0.01730998
1006,0.00189617
1007,0.01410617
1008,0.00168822
1009,0.01024679
1010,0.00159283
1011,0.00440301
1012,0.00171719
1013,0.00204881
1014,0.00231097
1015,0.00203259
1016,0.00379040
1017,0.00207802
1018,0.00320700
1019,0.00678663
1020,0.02284228
1021,0.00332778
1022,0.00316494
1023,0.00248644
1024,0.00163355
1025,0.00106962
1026,0.00343172
1027,0.00142598
1028,0.00358700
1029,0.00420203
1030,0.00219091
1031,0.01012497
1032,0.00147898
1033,0.00744281
1034,0.00081190
1035,0.00238372
1036,0.00356752
1037,0.00118016
1038,0.00111270
1039,1.86747305
1040,0.00647170
1041,0.00401549
1042,0.00176265
1043,0.00293072
1044,0.00153917
1045,0.00163584
1046,0.70882272
1047,0.00373787
1048,0.00138231
1049,0.48181182
1050,0.01124457
1051,0.00548201
1052,0.00712644
1053,0.00142486
1054,0.00088940
1055,0.00242313
1056,0.00194663
1057,0.00046330
1058,0.00871999
1059,0.03013178
1060,0.00109891
1061,0.00431986
1062,0.00354635
1063,0.00201785
1064,0.00161911
1065,0.00200659
1066,0.00153190
1067,0.00174587
1068,0.00248823
1069,0.00453462
1070,0.00168371
1071,0.00347997
1072,0.00621605
1073,0.00282484
1074,0.00589978
1075,0.00187647
1076,0.00306217
1077,0.00199484
1078,0.00480550
1079,0.00128587
1080,0.00167978
1081,0.00201798
1082,0.00186263
1083,0.00328105
1084,0.00247635
1085,0.00203857
1086,0.00186685
1087,0.00246431
1088,0.00502944
1089,0.00232191
1090,0.00440863
1091,0.00424826
1092,0.00891998
1093,0.00226860
1094,0.01313425
1095,0.00223364
1096,0.00244370
1097,0.00155518
1098,0.00327613
1099,0.00172633
1100,0.00039271
1101,0.00235367
1102,0.00864501
1103,0.00705541
1104,0.00212216
1105,0.00186340
1106,0.00237552
1107,0.00945155
1108,0.00266555
1109,0.00178751
1110,0.00904776
1111,0.00102591
1112,0.00111822
1113,0.00733655
1114,1.76742043
1115,0.00207987
1116,0.00150449
1117,0.00226793
1118,0.00070026
1119,0.00461542
1120,0.00418289
1121,0.00111799
1122,0.00613852
1123,0.00670631
1124,0.00108920
1125,1.68824870
1126,0.00254457
1127,0.00165258
1128,0.00528009
1129,0.00256679
1130,0.00249988
1131,0.00393491
1132,0.00172411
1133,0.00336313
1134,0.00139786
1135,0.00130293
1136,0.01649259
1137,0.00090367
1138,0.00097037
1139,0.00808442
1140,0.00356302
1141,0.71861892
1142,0.00460084
1143,0.00324939
1144,0.00231096
1145,0.00576095
1146,0.00093440
1147,0.00195296
1148,0.00408928
1149,0.00577404
1150,0.00701181
1151,0.00125611
1152,0.00269650
1153,0.00231759
1154,0.00220239
1155,0.00244125
1156,0.02100231
1157,0.00228727
1158,0.00222923
1159,0.01063198
1160,0.00218686
1161,0.00205749
1162,0.01423221
1163,0.00394787
1164,0.00802683
1165,0.00260009
1166,0.00186123
1167,0.00296164
1168,0.00355363
1169,0.00099694
1170,0.00189591
1171,0.00357974
1172,0.00125507
1173,0.00414444
1174,0.00241303
1175,0.00230655
1176,1.55512035
1177,0.00161861
1178,0.00233380
1179,0.00215884
1180,0.00251632
1181,0.00111597
1182,0.00230639
1183,0.00241477
1184,0.00126496
1185,0.00291957
1186,0.00203853
1187,0.00224421
1188,0.00287557
1189,0.00114304
1190,0.00160332
1191,0.00293037
1192,0.00893483
1193,0.00316820
1194,0.00165586
1195,0.00325676
1196,0.00349875
1197,0.02251226
1198,0.00258996
1199,0.00398884
1200,0.00548986
1201,0.00337700
1202,0.00191251
1203,0.00260542
1204,0.00055377
1205,0.00327355
1206,0.00243748
1207,0.00186249
1208,0.00202811
1209,0.00120752
1210,0.00092747
1211,0.00124853
1212,0.00150090
1213,1.18971444
1214,0.00495364
1215,0.05131744
1216,0.00215565
1217,0.00577507
1218,0.00301834
1219,0.00538667
1220,0.00183407
1221,0.00279808
1222,0.00183654
1223,0.00583934
1224,0.00076104
1225,0.00322804
1226,0.00128676
1227,0.00239781
1228,0.00332350
1229,0.00172815
1230,0.21645846
1231,0.00245242
1232,0.00283205
1233,0.00099395
1234,0.53037820
1235,0.00126230
1236,0.00209493
1237,0.00148831
1238,0.00116921
1239,0.00809410
1240,0.00147575
1241,0.00277883
1242,0.00119507
1243,0.00297578
1244,0.00513856
1245,0.00293621
1246,0.00222831
1247,0.01778471
1248,0.00329608
1249,0.00345891
1250,0.01217950
1251,0.00238254
1252,0.00408415
1253,0.00213828
1254,0.00280245
1255,0.00353946
1256,0.00221956
1257,0.00274075
1258,0.00166564
1259,0.00130474
1260,0.00275908
1261,0.00203430
1262,0.00174645
1263,0.24536681
1264,0.00473249
1265,0.00334609
1266,0.00472538
1267,0.00233290
1268,0.00226331
1269,0.00198923
1270,0.00309002
1271,0.00196922
1272,0.01076266
1273,0.00197707
1274,0.00064258
1275,0.00172216
1276,0.00156078
1277,0.00206318
1278,0.00207507
1279,0.00357323
1280,0.00145294
1281,1.31283611
1282,0.00368725
1283,0.00229389
1284,0.00208776
1285,0.00210800
1286,0.00257906
1287,0.00093411
1288,0.00199420
1289,0.00197077
1290,0.00248407
1291,0.00173417
1292,0.00221195
1293,0.01818830
1294,0.00433127
1295,0.00157260
1296,0.00387445
1297,0.00199258
1298,0.00108564
1299,0.00337962
1300,0.00566071
1301,0.00790537
1302,0.00522204
1303,0.00291984
1304,0.00216981
1305,0.00150862
1306,0.00186028
1307,0.00761190
1308,0.01033555
1309,0.00254443
1310,0.00379913
1311,0.05571299
1312,0.00219779
1313,0.00231788
1314,0.00202240
1315,0.00349307
1316,0.00297466
1317,0.00227686
1318,0.00141892
1319,0.00402239
1320,0.00710029
1321,0.00133572
1322,0.00319595
1323,0.00197129
1324,0.00216534
1325,0.00111799
1326,0.01273340
1327,0.00588796
1328,0.00168129
1329,2.04424208
1330,0.00111928
1331,0.00127032
1332,0.00102527
1333,0.00241522
1334,0.83126761
1335,0.00438325
1336,0.00390446
1337,0.00190488
1338,0.00229943
1339,0.00377544
1340,2.25381943
1341,0.00424689
1342,0.00130791
1343,0.00054944
1344,0.00185545
1345,0.00637474
1346,0.00107908
1347,0.00345078
1348,0.00092593
1349,0.00160585
1350,0.00258260
1351,0.00218270
1352,0.00172303
1353,0.00411735
1354,0.00324800
1355,0.00098660
1356,0.01463022
1357,0.00541648
1358,0.00349619
1359,0.00400609
1360,0.00356831
1361,0.00738208
1362,0.00227931
1363,0.00277629
1364,0.00230007
1365,0.00247984
1366,0.00057405
1367,0.00683028
1368,0.00557824
1369,0.00473658
1370,0.00273646
1371,0.00235667
1372,0.00188046
1373,0.00937532
1374,0.00182815
1375,0.01683808
1376,0.00191998
1377,0.00417612
1378,0.00747089
1379,0.00257054
1380,0.00094339
1381,0.00164094
1382,0.00075342
1383,0.00235276
1384,0.00257363
1385,0.00253275
1386,0.00392717
1387,0.00261042
1388,0.00279766
1389,0.00199986
1390,0.00160035
1391,0.00046481
1392,0.00065761
1393,0.00291214
1394,0.82763390
1395,0.00422827
1396,0.41776274
1397,0.00330754
1398,0.00516029
1399,0.00187770
1400,0.00325073
1401,0.00265549
1402,0.00099041
1403,0.00108533
1404,0.00258300
1405,0.00224897
1406,0.00434292
1407,0.00893822
1408,0.00155588
1409,0.00436124
1410,0.00183740
1411,0.00238002
1412,0.00237508
1413,0.00441417
1414,0.00112104
1415,0.06111804
1416,0.00243586
1417,0.00836157
1418,0.00195980
1419,0.00102097
1420,0.00167937
1421,0.00602766
1422,0.00234259
1423,0.00349812
1424,0.00398936
1425,0.00213542
1426,0.00104698
1427,0.00654055
1428,0.00215113
1429,0.81708901
1430,0.00241802
1431,0.00053224
1432,0.00239215
1433,0.00384615
1434,0.00383233
1435,0.00093533
1436,0.00113864
1437,0.00134462
1438,0.00161031
1439,0.00198807
1440,0.00696500
1441,0.00237254
1442,0.00415263
1443,0.00211935
1444,0.00046053
1445,0.00452125
1446,0.00220647
1447,0.00197768
1448,0.01805027
1449,0.00322156
1450,0.00040700
1451,0.01068188
1452,0.00231646
1453,0.00151072
1454,0.00113736
1455,0.41866496
1456,0.00094312
1457,0.00400412
1458,0.00193353
1459,0.00117729
1460,0.00250782
1461,0.00170190
1462,0.00751879
1463,0.00261299
1464,0.02703900
1465,0.01210716
1466,0.00115179
1467,0.00228199
1468,0.00395813
1469,0.00179567
1470,0.00274771
1471,0.00235291
1472,0.00161015
1473,0.00198707
1474,0.01061378
1475,0.00544830
1476,0.00169503
1477,0.00341198
1478,0.00138936
1479,0.01079702
1480,1.76862699
1481,0.00558824
1482,0.00079036
1483,0.00175473
1484,0.00127561
1485,0.00309874
1486,0.00048451
1487,0.00498967
1488,0.00369157
1489,0.00234854
1490,0.00281932
1491,0.01342660
1492,0.00239990
1493,0.00371368
1494,0.00249242
1495,0.00237947
1496,0.00186267
1497,0.00154672
1498,0.00175261
1499,0.00757307
1500,0.00171094
1501,0.00233968
1502,0.00269003
1503,0.00422831
1504,0.00375518
1505,0.00128284
1506,0.00111747
1507,0.00391618
1508,0.00547920
1509,0.00009177
1510,0.00242566
1511,0.00134888
1512,0.01162053
1513,0.01209641
1514,0.00453395
1515,0.00183213
1516,0.00280449
1517,0.00156208
1518,0.00191756
1519,0.00150650
1520,0.08386401
1521,0.01827449
1522,0.00110816
1523,0.00029415
1524,0.00319629
1525,0.00139480
1526,0.00188440
1527,0.00002305
1528,0.00213338
1529,0.00224560
1530,0.00274950
1531,0.00159717
1532,0.01022042
1533,0.00148379
1534,0.01302385
1535,0.00217804
1536,0.00177734
1537,0.00233457
1538,0.31561856
1539,0.00217721
1540,0.00084641
1541,0.00097240
1542,0.00144730
1543,0.00250501
1544,0.00258729
1545,0.00232097
1546,0.00195071
1547,0.00273421
1548,0.00364810
1549,1.09583539
1550,0.00048418
1551,0.00001638
1552,0.00204555
1553,0.00213632
1554,0.00219336
1555,0.00225352
1556,0.00278159
1557,0.00269481
1558,0.00199898
1559,0.00229674
1560,0.01055891
1561,0.00861928
1562,0.00285817
1563,0.00255356
1564,0.00170187
1565,0.00196639
1566,0.00132007
1567,0.36758481
1568,0.00256554
1569,0.00300861
1570,0.00183739
1571,0.00230175
1572,0.00172675
1573,0.00221481
1574,0.00155684
1575,0.00671416
1576,0.00290995
1577,0.00186922
1578,0.00369546
1579,0.00974425
1580,0.09526853
1581,0.00241660
1582,0.00547457
1583,0.00323625
1584,0.00130874
1585,0.00189114
1586,0.00240650
1587,0.01677715
1588,0.00084266
1589,0.00337603
1590,0.00191244
1591,0.00223913
1592,0.00621104
1593,0.00451420
1594,0.00256499
1595,0.00221370
1596,0.00216064
1597,0.00306968
1598,0.00261586
1599,0.00149266
1600,0.00149232
1601,0.00569124
1602,0.00202258
1603,0.00207899
1604,0.00105576
1605,0.00328482
1606,0.00242358
1607,0.00333384
1608,0.00227041
1609,0.00303124
1610,0.01774664
1611,0.00169766
1612,0.00150814
1613,0.00182440
1614,0.00750360
1615,0.00195410
1616,0.00098439
1617,0.00140896
1618,0.00738279
1619,0.00276845
1620,0.00111310
1621,0.00432326
1622,0.00126488
1623,0.00119379
1624,0.00263911
1625,0.00618636
1626,0.00286814
1627,0.00216238
1628,0.00349091
1629,0.01162196
1630,0.00174134
1631,0.00106565
1632,0.00270504
1633,0.00185566
1634,0.01295327
1635,0.00203213
1636,0.00852489
1637,0.00093127
1638,0.00324027
1639,0.00372880
1640,1.12611172
1641,0.14303462
1642,0.00274026
1643,0.00237330
1644,0.00245174
1645,0.00200539
1646,0.00274754
1647,0.00131263
1648,1.21285093
1649,0.00526407
1650,0.86223124
1651,0.00256360
1652,0.00184217
1653,0.00103599
1654,0.00231931
1655,0.00362260
1656,0.00593777
1657,0.00931634
1658,0.00275134
1659,0.00181387
1660,0.01124221
1661,0.01065745
1662,0.00225434
1663,0.00854198
1664,0.00112888
1665,0.00717892
1666,0.00452647
1667,0.00468529
1668,0.00616046
1669,0.00201998
1670,0.00292118
1671,0.00189293
1672,0.00118104
1673,0.00361430
1674,0.00196172
1675,0.00758684
1676,0.00211838
1677,0.00699085
1678,0.00270950
1679,0.00158244
1680,0.00350287
1681,0.00321808
1682,0.00240856
1683,0.00401916
1684,0.00564892
1685,0.00447123
1686,0.00724546
1687,0.00104141
1688,0.00568312
1689,0.00414782
1690,0.00636847
1691,0.00193245
1692,0.00215658
1693,0.00251659
1694,0.00212263
1695,0.00188627
1696,0.00479144
1697,0.00437904
1698,0.00295888
1699,0.00177570
1700,0.00613233
1701,0.00249256
1702,0.01508309
1703,0.02334650
1704,0.00265411
1705,0.00322581
1706,0.00214533
1707,0.00324626
1708,0.00102595
1709,0.00395566
1710,0.00544842
1711,0.00250754
1712,0.00076678
1713,0.00049656
1714,0.00267840
1715,0.00204770
1716,0.00582671
1717,0.00539534
1718,0.00134758
1719,0.00679146
1720,0.00221414
1721,0.00418769
1722,0.00164625
1723,0.00248623
1724,0.00573826
1725,0.00273793
1726,0.00320154
1727,0.00200903
1728,0.00421611
1729,0.00167831
1730,0.00171068
1731,0.01361961
1732,0.00853783
1733,0.00160411
1734,0.00109734
1735,0.00187970
1736,0.03904064
1737,0.00161229
1738,0.00173384
1739,0.00264595
1740,0.00327885
1741,0.00173141
1742,0.00142149
1743,0.00368964
1744,0.00160117
1745,0.00178008
1746,0.00340998
1747,0.00910524
1748,0.00145478
1749,0.00671725
1750,0.02230673
1751,0.00287546
1752,0.00241990
1753,0.00634611
1754,0.00109302
1755,0.00356544
1756,0.88691617
1757,0.00048668
1758,0.00279897
1759,0.00252926
1760,0.02311219
1761,0.00188893
1762,0.01729289
1763,0.00898542
1764,0.00301255
1765,0.00248686
1766,0.00170343
1767,0.00242237
1768,0.00302816
1769,0.00457505
1770,0.01049365
1771,0.00195404
1772,0.00238242
1773,0.00754509
1774,0.00323855
1775,0.00279011
1776,0.00196853
1777,0.00562676
1778,0.00708312
1779,0.00413201
1780,0.01112793
1781,0.00074628
1782,0.00409410
1783,0.00409905
1784,0.01340340
1785,1.48903009
1786,0.00193457
1787,0.00174718
1788,0.00075549
1789,0.00246110
1790,0.00345810
1791,0.00207310
1792,0.00668037
1793,0.00217554
1794,0.00257624
1795,0.00204083
1796,0.00111064
1797,0.00249817
1798,0.00377175
1799,0.01792682
1800,0.00233344
1801,0.00170194
1802,0.00431228
1803,0.00248081
1804,1.19062108
1805,0.00214242
1806,0.00176878
1807,0.00563949
1808,0.00120220
1809,0.00645394
1810,0.00248419
1811,1.52102173
1812,0.01264373
1813,0.01247427
1814,0.00145312
1815,0.00274466
1816,0.00169536
1817,0.00070480
1818,0.00176426
1819,0.00233427
1820,0.00256328
1821,0.00170790
1822,0.71380260
1823,0.00179514
1824,0.00349357
1825,0.00175141
1826,0.00421311
1827,0.00181502
1828,0.00256283
1829,0.00384924
1830,0.00183792
1831,0.00220060
1832,0.00160743
1833,0.00214991
1834,0.00165475
1835,0.00101299
1836,0.00266815
1837,0.00453152
1838,0.00146592
1839,0.00179984
1840,0.00194977
1841,0.00125098
1842,0.00135645
1843,0.01090101
1844,0.00306778
1845,0.00460680
1846,0.00330639
1847,0.00242176
1848,0.00099115
1849,0.00106246
1850,0.00117254
1851,0.00219246
1852,0.00125743
1853,0.00234138
1854,0.00196780
1855,0.03433298
1856,0.00257081
1857,0.00388989
1858,0.01052615
1859,0.01250533
1860,0.00091500
1861,0.00128610
1862,0.00264235
1863,0.01105454
1864,0.00201865
1865,0.00182420
1866,0.00252377
1867,0.00309434
1868,0.00309928
1869,0.00805886
1870,0.00418403
1871,1.29932876
1872,0.00410209
1873,0.00344369
1874,0.00431929
1875,0.00086524
1876,0.00115819
1877,0.01458688
1878,0.00368873
1879,0.00449275
1880,0.01296602
1881,0.00191425
1882,0.00267014
1883,0.00361768
1884,0.00436918
1885,0.00221484
1886,0.00185513
1887,0.00321608
1888,0.00269359
1889,0.01663686
1890,0.00005516
1891,0.00262142
1892,0.00345574
1893,0.00327971
1894,0.00242560
1895,0.00278387
1896,0.00130576
1897,0.00155068
1898,0.00180553
1899,0.00332707
1900,1.80729163
1901,0.68267843
1902,0.00114164
1903,0.00286172
1904,0.00195199
1905,0.00326286
1906,0.00339986
1907,0.00238383
1908,0.00189802
1909,0.00406609
1910,0.00219146
1911,0.00227859
1912,0.00211112
1913,1.56108940
1914,0.00345425
1915,0.01067596
1916,0.00754288
1917,0.00163042
1918,0.00127667
1919,0.00112087
1920,0.00278055
1921,0.00231632
1922,0.00128339
1923,0.00174667
1924,0.00379955
1925,0.00246239
1926,0.00188393
1927,0.00199508
1928,0.00178071
1929,0.00140947
1930,0.00199832
1931,0.61103280
1932,0.00526555
1933,1.23387293
1934,0.01764355
1935,0.00265053
1936,0.00273625
1937,0.00429013
1938,0.00396479
1939,0.00176144
1940,0.00274073
1941,0.00492918
1942,0.00566153
1943,0.00550769
1944,0.00047236
1945,0.00357495
1946,0.00088566
1947,0.01660825
1948,0.00191549
1949,0.00139162
1950,0.01269783
1951,0.00563658
1952,1.75146081
1953,0.00099747
1954,0.00583639
1955,0.00220457
1956,0.00215732
1957,0.00584756
1958,0.00123036
1959,0.00502626
1960,0.00089493
1961,0.00227195
1962,0.00355476
1963,0.00313607
1964,0.00089297
1965,0.00908091
1966,0.13658354
1967,0.00253675
1968,0.00250810
1969,0.00190767
1970,0.00252106
1971,0.00550566
1972,0.00196301
1973,0.00217870
1974,0.00165862
1975,0.00224115
1976,0.00243702
1977,0.00112280
1978,0.00225888
1979,0.00379527
1980,0.00280055
1981,0.00326497
1982,0.00342910
1983,0.00352296
1984,0.00426172
1985,0.00189183
1986,0.01686083
1987,0.00214218
1988,0.00854331
1989,0.00238816
1990,0.00290279
1991,0.00159070
1992,0.00312982
1993,0.00158459
1994,0.00146112
1995,1.53371000
1996,0.00144451
1997,0.00377815
1998,0.00196683
1999,0.00071261
2000,0.00183126
2001,0.11164478
2002,0.00154615
2003,0.00648913
2004,0.00252510
2005,0.00355514
2006,0.00308572
2007,0.00188600
2008,0.00300818
2009,0.00231217
2010,0.00263267
2011,0.00481451
2012,0.00109861
2013,0.00247837
2014,0.00156212
2015,0.00336591
2016,0.00339521
2017,0.00207276
2018,0.89306187
2019,0.00197792
2020,0.00258415
2021,0.00338467
2022,0.00153190
2023,0.00252308
2024,0.00374247
2025,0.00322800
2026,0.01201756
2027,0.00399314
2028,0.00730122
2029,0.00141819
2030,0.00371748
2031,0.00442899
2032,0.00261895
2033,0.00177324
2034,0.00239374
2035,0.00084228
2036,0.00216630
2037,0.00561447
2038,0.00078688
2039,0.00188360
2040,0.00107644
2041,0.00408612
2042,0.00446020
2043,0.00351227
2044,0.00179940
2045,0.00161196
2046,0.00358139
2047,0.00116004
2048,0.00181091
2049,0.00101809
2050,0.01104790
2051,0.00196974
2052,0.00235443
2053,0.00147301
2054,0.00187485
2055,0.00287038
2056,0.00227985
2057,0.00284363
2058,0.00143143
2059,0.00580723
2060,0.00172131
2061,0.00038375
2062,0.00200902
2063,0.00028500
2064,0.00175396
2065,0.00788164
2066,0.00214276
2067,0.00404154
2068,0.00184228
2069,0.00444026
2070,0.00201855
2071,1.37002110
2072,0.13029228
2073,0.00598660
2074,0.00369455
2075,0.04408300
2076,0.00231808
2077,0.00102631
2078,0.00109525
2079,0.00146618
2080,0.00106787
2081,0.00120296
2082,0.00153562
2083,0.00325613
2084,0.00278227
2085,0.00192345
2086,0.00117471
2087,0.00460960
2088,0.00276802
2089,0.00148363
2090,0.00191870
2091,0.00098104
2092,0.00618644
2093,0.00407372
2094,0.00306303
2095,0.00281527
2096,0.01346645
2097,0.00097322
2098,0.00711955
2099,0.00271220
2100,0.00446779
2101,0.00195017
2102,0.00166057
2103,0.00402108
2104,0.00054777
2105,0.00294720
2106,0.00145288
2107,0.00045896
2108,0.00146136
2109,0.00270897
2110,0.00351485
2111,0.00241028
2112,0.00186202
2113,0.01158619
2114,0.00085004
2115,0.00099291
2116,0.02659268
2117,0.01218976
2118,0.01566105
2119,0.00314661
2120,0.00412496
2121,0.00114121
2122,0.00160605
2123,0.01637058
2124,0.00199694
2125,0.00208219
2126,0.00417975
2127,0.00215975
2128,0.00335690
2129,0.01271865
2130,0.00523618
2131,0.00386754
2132,0.00429682
2133,0.00330916
2134,0.00158586
2135,0.00219447
2136,0.00207319
2137,0.00206824
2138,0.87118411
2139,0.00329003
2140,0.00263400
2141,0.00556857
2142,0.00531913
2143,0.00290185
2144,0.00179768
2145,0.00319448
2146,0.00100210
2147,0.00862838
2148,0.00342658
2149,0.00115510
2150,0.00183328
2151,0.00104888
2152,0.00250915
2153,0.00400935
2154,0.00281527
2155,0.00151886
2156,0.00267314
2157,0.00338971
2158,0.00048144
2159,0.00583465
2160,0.00595800
2161,0.00315527
2162,0.00142632
2163,0.00182151
2164,0.00090490
2165,0.00162705
2166,0.00112692
2167,0.00204393
2168,0.00254718
2169,0.00219336
2170,0.01084958
2171,0.04360688
2172,0.00430359
2173,0.00110722
2174,0.00591518
2175,0.00165061
2176,0.00488367
2177,0.00555985
2178,0.00191458
2179,0.00169139
2180,0.00211973
2181,0.00196208
2182,0.00145923
2183,0.88471656
2184,0.00101378
2185,0.00311699
2186,0.00246375
2187,0.00174138
2188,0.00282804
2189,0.00291306
2190,0.00253187
2191,0.00284549
2192,0.00185498
2193,0.00183772
2194,0.00287773
2195,0.00216553
2196,0.01248962
2197,0.00292260
2198,0.00203909
2199,0.00044641
2200,0.00419520
2201,0.00912701
2202,0.00157648
2203,0.00441824
2204,0.00314683
2205,0.00513045
2206,0.00644050
2207,0.00255012
2208,0.00272930
2209,0.00412598
2210,0.00162086
2211,0.00413081
2212,0.00074965
2213,0.00291748
2214,0.00169049
2215,0.00402473
2216,0.00120380
2217,0.00285048
2218,0.00454146
2219,0.01138814
2220,0.00229539
2221,0.00256562
2222,0.00201124
2223,0.00200720
2224,0.00058987
2225,0.00246874
2226,0.00425040
2227,0.00111218
2228,0.00215633
2229,0.00152752
2230,0.00539242
2231,0.00214958
2232,0.00234375
2233,0.01116301
2234,0.00113455
2235,0.00241566
2236,0.00293675
2237,0.00217358
2238,0.00430901
2239,0.00221367
2240,0.00262252
2241,1.16328943
2242,0.00369912
2243,0.00905188
2244,0.00333254
2245,0.00109800
2246,0.00207958
2247,0.00189505
2248,0.00210613
2249,0.00301862
2250,0.00231121
2251,0.02730273
2252,0.00088071
2253,0.00374723
2254,0.01727661
2255,0.00153057
2256,0.22766683
2257,0.00426085
2258,0.00513807
2259,0.00306623
2260,0.00238417
2261,0.00044169
2262,0.00491631
2263,0.00154231
2264,0.00179266
2265,0.00398917
2266,0.00193293
2267,0.00214122
2268,0.00351033
2269,0.02320246
2270,0.00167741
2271,0.00788928
2272,0.00200276
2273,0.00291901
2274,0.00104776
2275,0.00934346
2276,0.00253349
2277,0.00113877
2278,0.00624997
2279,0.00276432
2280,0.00555995
2281,0.00496915
2282,0.00108460
2283,0.00424103
2284,0.01284454
2285,0.00274706
2286,0.00273596
2287,0.04086578
2288,0.00392789
2289,0.00532499
2290,0.00381321
2291,0.00234098
2292,0.00264766
2293,2.09867006
2294,0.00509412
2295,0.00346529
2296,0.00261432
2297,0.00261539
2298,0.00129409
2299,0.00274873
2300,0.00161216
2301,0.00217098
2302,0.01145710
2303,0.00467833
2304,0.00148955
2305,0.00846373
2306,0.00154601
2307,0.00203947
2308,0.00332606
2309,0.00179783
2310,0.01279568
2311,0.01185363
2312,0.00205794
2313,0.00273312
2314,0.01071070
2315,0.00413202
2316,0.00247314
2317,0.02801661
2318,0.00205446
2319,0.00455393
2320,0.00382453
2321,0.00181556
2322,0.00218660
2323,0.00080340
2324,0.00131198
2325,0.00253508
2326,0.00198616
2327,0.01166557
2328,0.00146287
2329,0.00473537
2330,0.00153402
2331,0.00168548
2332,0.00997032
2333,0.00177104
2334,0.00242847
2335,0.00197420
2336,0.00173976
2337,0.00207843
2338,0.00167918
2339,0.00620995
2340,0.00276195
2341,0.00160073
2342,0.00203896
2343,0.00158810
2344,0.00001131
2345,0.00181225
2346,1.06736962
2347,0.00272087
2348,0.00192477
2349,0.00198660
2350,0.02238382
2351,0.00226863
2352,0.00276228
2353,0.00348137
2354,0.00584558
2355,0.00172046
2356,0.00915619
2357,0.00566933
2358,0.00489463
2359,0.00088038
2360,0.00524986
2361,0.00195121
2362,0.00105414
2363,0.01277417
2364,0.82681054
2365,0.00296423
2366,0.00202317
2367,0.00138942
2368,0.00428542
2369,0.00175829
2370,0.00292389
2371,0.00266363
2372,0.00093433
2373,0.00794317
2374,0.00204870
2375,0.00692426
2376,0.00255367
2377,0.00154094
2378,0.00300455
2379,0.00177570
2380,0.00157814
2381,0.01759022
2382,0.00433892
2383,0.00300617
2384,0.01742236
2385,0.00235819
2386,0.00474541
2387,0.00336366
2388,0.00784262
2389,0.00243354
2390,0.00127119
2391,0.00036888
2392,0.00127390
2393,0.00193242
2394,0.00290348
2395,0.00365756
2396,0.00357167
2397,0.01402742
2398,0.00311237
2399,0.00206172
2400,0.00648346
2401,0.00793658
2402,0.00200586
2403,0.01586348
2404,0.99631891
2405,0.00220743
2406,0.00438538
2407,0.00118917
2408,0.00154596
2409,0.00244852
2410,0.00185235
2411,0.01168278
2412,0.00636418
2413,0.00189797
2414,0.00257401
2415,0.00147135
2416,0.00191105
2417,0.00575559
2418,0.00284646
2419,0.00194400
2420,0.00298754
2421,0.00133106
2422,0.00317987
2423,0.00613404
2424,0.00413998
2425,0.00660922
2426,0.00078240
2427,0.00099773
2428,0.00110175
2429,0.00324850
2430,0.00188278
2431,0.00332518
2432,0.00465894
2433,0.01653446
2434,0.00462599
2435,0.00209838
2436,0.00184726
2437,0.00160405
2438,0.00272410
2439,0.01024900
2440,0.00096897
2441,1.42736650
2442,0.00179693
2443,0.00219609
2444,0.00440642
2445,0.00242337
2446,0.00925000
2447,0.00549635
2448,0.00069230
2449,0.01992118
2450,0.00183420
2451,0.00479370
2452,0.00070473
2453,0.00219014
2454,0.00196573
2455,0.00201843
2456,0.00048324
2457,0.00217992
2458,0.00238666
2459,0.00356590
2460,0.00557819
2461,0.00111055
2462,0.00043701
2463,0.00232743
2464,0.00091855
2465,0.00662895
2466,0.00148594
2467,0.00042861
2468,0.00257111
2469,0.00250848
2470,0.00744517
2471,0.00611066
2472,0.00198009
2473,0.01605006
2474,0.01216844
2475,0.00276875
2476,0.01066553
2477,0.00193330
2478,0.00170949
2479,0.00212309
2480,0.00246195
2481,0.42779094
2482,0.00502620
2483,0.00411843
2484,0.00271869
2485,0.00270528
2486,0.00298644
2487,0.00176692
2488,0.00233593
2489,0.00290551
2490,0.01553092
2491,0.00708069
2492,0.00375153
2493,0.00695886
2494,0.00219744
2495,1.36266363
2496,0.00190705
2497,0.00215459
2498,0.00090082
2499,0.00376860
2500,0.00563494
2501,0.00189821
2502,0.49896189
2503,0.00337217
2504,0.00290566
2505,0.00713123
2506,0.00425622
2507,0.00101692
2508,0.00168811
2509,0.00258218
2510,0.00187222
2511,0.00228545
2512,0.00384655
2513,0.00218134
2514,0.00859008
2515,0.00617912
2516,0.00384188
2517,0.00197432
2518,0.00372906
2519,0.00188824
2520,0.00191374
2521,0.00527461
2522,0.00199488
2523,0.00682461
2524,0.00204777
2525,0.00606313
2526,0.00188048
2527,0.00482080
2528,0.00174345
2529,0.00306582
2530,0.01657836
2531,0.00233343
2532,0.00601582
2533,0.00166471
2534,0.01101873
2535,0.00609302
2536,0.00225885
2537,0.00197697
2538,0.00179367
2539,0.00166315
2540,0.00075476
2541,0.00130215
2542,0.00347604
2543,0.00614293
2544,0.00166704
2545,0.00420748
2546,0.00268798
2547,0.01523140
2548,0.00489059
2549,0.00624064
2550,0.00351097
2551,0.00182843
2552,0.00099094
2553,0.00071744
2554,0.00105694
2555,0.00345614
2556,0.00128685
2557,0.00389798
2558,0.00655174
2559,0.00233847
2560,0.00097937
2561,0.00105981
2562,0.00278783
2563,0.00143044
2564,0.00415922
2565,0.00894425
2566,0.00781781
2567,0.00293192
2568,0.00337739
2569,0.00411047
2570,0.01327919
2571,0.00187263
2572,0.00120614
2573,0.33467911
2574,0.00175634
2575,0.00322039
2576,0.01314135
2577,0.00334556
2578,0.00567887
2579,0.00110482
2580,0.00862734
2581,0.00146956
2582,0.00272178
2583,0.00072527
2584,0.00208931
2585,0.00563829
2586,0.00222298
2587,1.05837975
2588,0.00722726
2589,0.00502343
2590,0.00266422
2591,0.00165546
2592,1.70019531
2593,0.00165943
2594,0.00129453
2595,0.00290852
2596,0.00256614
2597,0.01352913
2598,0.00193478
2599,0.00338946
2600,0.00367477
2601,0.00099410
2602,0.00150414
2603,0.00108887
2604,0.40529538
2605,0.00618114
2606,0.13748775
2607,0.00326864
2608,0.00453271
2609,0.00245428
2610,0.00869821
2611,0.00221052
2612,0.00371285
2613,0.00107625
2614,0.00198153
2615,0.00196927
2616,0.00243027
2617,0.00181344
2618,0.00201634
2619,0.00196075
2620,0.00280990
2621,0.00067907
2622,0.00263501
2623,1.14145971
2624,0.00112119
2625,0.00732755
2626,0.00191957
2627,0.00158980
2628,0.00168738
2629,0.00091698
2630,0.00228564
2631,0.00460757
2632,0.00374784
2633,0.00246905
2634,0.00266796
2635,0.00394905
2636,0.00105550
2637,0.00234435
2638,0.00203049
2639,0.00563215
2640,0.00371893
2641,0.00251973
2642,0.00328050
2643,0.00478239
2644,0.00072304
2645,0.01264942
2646,0.00214767
2647,0.00254104
2648,0.00356354
2649,0.00448682
2650,0.00548429
2651,0.00674574
2652,1.12293816
2653,0.00509369
2654,0.00112756
2655,0.00221314
2656,0.00696008
2657,0.00373947
2658,0.00180376
2659,0.00858641
2660,0.00210895
2661,0.01667824
2662,0.01658166
2663,0.00315327
2664,0.00101662
2665,0.00851438
2666,0.00326993
2667,0.00211491
2668,0.00337658
2669,0.00372740
2670,0.00185851
2671,0.00156029
2672,0.00363411
2673,0.00176109
2674,0.00053093
2675,0.00439039
2676,0.00117136
2677,0.00181789
2678,0.00136897
2679,0.00352872
2680,0.00426537
2681,0.00172020
2682,0.00161129
2683,0.05038364
2684,0.01239554
2685,0.00353660
2686,0.00249437
2687,0.00182028
2688,0.00250681
2689,0.00370019
2690,0.00368252
2691,0.00259171
2692,0.00737599
2693,0.00243461
2694,0.00170661
2695,0.00721048
2696,0.00307844
2697,0.00170656
2698,0.00197216
2699,0.01063132
2700,0.00384160
2701,0.00152111
2702,0.01217181
2703,0.00388723
2704,0.00110252
2705,0.00117009
2706,0.00356424
2707,0.00204499
2708,0.01187968
2709,0.00123612
2710,0.00179188
2711,0.01720705
2712,0.00169540
2713,0.00178868
2714,0.00240680
2715,0.00133239
2716,0.00244549
2717,0.00427061
2718,0.00455660
2719,0.00079494
2720,0.00228400
2721,0.00251324
2722,0.00407416
2723,0.00616885
2724,0.00178913
2725,0.00240671
2726,0.00074040
2727,1.89624715
2728,0.00291125
2729,0.00212413
2730,0.00190409
2731,0.00334399
2732,0.00390330
2733,0.01099499
2734,0.00174359
2735,0.00182534
2736,0.00463014
2737,1.86801879
2738,0.00277989
2739,0.00224294
2740,0.00247984
2741,0.00303469
2742,0.00425212
2743,0.00200854
2744,0.00273522
2745,0.31361596
2746,0.02397211
2747,0.00093431
2748,0.00269589
2749,0.00207126
2750,0.00104924
2751,0.00156811
2752,0.00165233
2753,0.00158839
2754,0.00095451
2755,0.00174907
2756,0.00316355
2757,0.00584435
2758,1.51864250
2759,1.40330454
2760,0.00199861
2761,0.00465743
2762,0.00215692
2763,0.00130766
2764,0.72868567
2765,0.00245594
2766,0.00282907
2767,0.00186579
2768,0.00101904
2769,0.00068148
2770,0.00248970
2771,0.00270839
2772,0.00179508
2773,0.00052665
2774,0.01126724
2775,0.00454121
2776,0.00144559
2777,0.00748071
2778,0.00175262
2779,0.00869884
2780,0.00342137
2781,0.00091624
2782,0.00202195
2783,0.00311598
2784,0.00194879
2785,0.00216411
2786,0.00256169
2787,0.00879416
2788,0.00125422
2789,0.00191775
2790,0.00321905
2791,0.00250287
2792,0.00189224
2793,0.00203108
2794,0.00282631
2795,0.00568419
2796,0.00158407
2797,0.00374271
2798,0.00858447
2799,0.00000756
2800,0.00124419
2801,0.00380856
2802,0.01356367
2803,0.00103366
2804,0.00244437
2805,0.00144278
2806,0.00258164
2807,0.00168225
2808,0.01129178
2809,0.81460141
2810,0.00079234
2811,0.00327398
2812,0.00168132
2813,0.00483162
2814,0.01023057
2815,0.01278662
2816,0.00259848
2817,0.00399510
2818,0.00181389
2819,0.00119448
2820,0.00206685
2821,0.00264779
2822,0.00220871
2823,0.01202423
2824,0.00367701
2825,0.00177543
2826,0.00785478
2827,0.00458860
2828,0.82566394
2829,0.01631772
2830,0.00207565
2831,0.00279979
2832,0.00171428
2833,0.00282842
2834,0.00144444
2835,0.00324302
2836,0.00211105
2837,0.00160185
2838,0.00182479
2839,0.01599039
2840,0.00248860
2841,0.00368695
2842,0.00432752
2843,0.00161790
2844,0.00584231
2845,0.00079567
2846,0.00217334
2847,0.00231264
2848,0.00299895
2849,0.00223120
2850,0.00348083
2851,0.00578851
2852,0.00107020
2853,0.00208824
2854,0.00249272
2855,0.00361075
2856,0.00376774
2857,0.00272630
2858,0.00288180
2859,0.00091245
2860,0.00218696
2861,0.00156073
2862,0.00420771
2863,0.00344098
2864,0.00104898
2865,0.00131461
2866,0.00399555
2867,0.00193273
2868,0.00227922
2869,0.00681795
2870,0.00691732
2871,0.00192714
2872,0.00283841
2873,0.00164903
2874,0.00346888
2875,0.00893868
2876,0.36681595
2877,0.00186345
2878,0.00677158
2879,0.00274473
2880,0.00183599
2881,0.00235680
2882,1.80663347
2883,0.00220533
2884,0.00117953
2885,0.00580136
2886,0.00181832
2887,0.00092339
2888,0.00179427
2889,0.00263787
2890,0.00252554
2891,0.00213987
2892,0.00116936
2893,0.00169704
2894,0.00140683
2895,0.00293085
2896,0.00209075
2897,0.00238334
2898,0.00202435
2899,0.00460568
2900,0.00630277
2901,0.00238030
2902,0.00222819
2903,0.00285859
2904,0.00785324
2905,0.00391958
2906,1.57687744
2907,0.07709719
2908,0.00269943
2909,0.00123640
2910,0.00129688
2911,0.00333532
2912,0.00301350
2913,0.00223174
2914,0.00224933
2915,0.00063761
2916,0.00442222
2917,0.00160968
2918,0.00116637
2919,0.02161173
2920,0.00394659
2921,0.00385785
2922,0.00241892
2923,0.00592482
2924,0.00237742
2925,0.00405898
2926,0.67730456
2927,0.00206089
2928,0.00222308
2929,0.00106168
2930,0.00742657
2931,0.00331492
2932,0.00369561
2933,0.00253147
2934,0.00076986
2935,0.00408340
2936,0.00130009
2937,0.01535516
2938,0.00114506
2939,0.00166597
2940,0.00354662
2941,0.00396189
2942,0.09961073
2943,0.00158024
2944,0.00187732
2945,0.00331469
2946,0.00456977
2947,0.01397926
2948,0.00186668
2949,0.00225160
2950,0.00335948
2951,0.00325109
2952,0.00902399
2953,0.00168043
2954,0.00200559
2955,0.00312430
2956,0.00078830
2957,0.01606361
2958,0.00190834
2959,0.00780161
2960,0.78763760
2961,0.00199187
2962,0.00191046
2963,0.00161319
2964,0.00387123
2965,0.00203622
2966,0.00341369
2967,0.28926905
2968,0.00229416
2969,0.00088201
2970,0.00145038
2971,0.00214804
2972,0.00175524
2973,0.00231240
2974,0.00415889
2975,0.00199912
2976,0.00346137
2977,0.00005361
2978,1.18334408
2979,0.00088125
2980,0.00659160
2981,0.00167063
2982,0.00427290
2983,0.00558997
2984,0.00261448
2985,0.00170021
2986,0.00184828
2987,0.00108045
2988,0.00271023
2989,0.00183751
2990,0.01249772
2991,0.00186974
2992,0.00800045
2993,2.04486884
2994,0.00402697
2995,0.00372169
2996,0.00205228
2997,0.00164584
2998,0.00071479
2999,0.00203582
3000,0.00342462
3001,0.00164970
3002,0.00201994
3003,0.01017585
3004,0.00071635
3005,0.00217593
3006,0.00207284
3007,0.00216483
3008,1.40072885
3009,0.00182576
3010,0.00870504
3011,0.00109411
3012,0.00189815
3013,0.00230814
3014,0.00257349
3015,0.00772203
3016,0.00215012
3017,0.01115073
3018,0.00233315
3019,0.00149331
3020,0.00047947
3021,0.00754097
3022,0.00182850
3023,0.00276572
3024,0.00127706
3025,0.00179126
3026,0.00165386
3027,0.01433967
3028,0.00238187
3029,0.00232699
3030,0.00139502
3031,0.00178333
3032,0.00177486
3033,0.00206810
3034,0.02446127
3035,0.00669132
3036,0.00315108
3037,0.00244339
3038,0.00190551
3039,0.00397001
3040,0.00262678
3041,0.00196648
3042,0.54800078
3043,0.00204040
3044,0.00303685
3045,0.00383444
3046,0.01668945
3047,0.00138191
3048,0.00417200
3049,0.00572580
3050,0.00888515
3051,0.01340422
3052,0.00216956
3053,0.00442064
3054,0.00227673
3055,0.00268435
3056,0.00145230
3057,0.00344594
3058,0.00450306
3059,0.00118130
3060,0.00369346
3061,0.00358685
3062,0.00124832
3063,0.00374957
3064,0.00210854
3065,0.00194380
3066,0.05217541
3067,0.00197249
3068,0.01311844
3069,0.00307014
3070,0.00232834
3071,0.00101090
3072,0.00397091
3073,0.00608226
3074,0.00317543
3075,0.00332801
3076,0.00408039
3077,0.01263853
3078,0.00713271
3079,0.00308011
3080,0.00204238
3081,0.00258756
3082,0.01705974
3083,0.00394787
3084,0.00266296
3085,0.00085154
3086,0.01064152
3087,0.00519059
3088,0.00162876
3089,0.00201315
3090,0.00185326
3091,0.13683505
3092,0.02495241
3093,0.00126859
3094,0.00164557
3095,0.00548135
3096,0.00124210
3097,0.00105043
3098,0.00291484
3099,0.00375066
3100,0.00310489
3101,0.00070496
3102,0.00241690
3103,0.00266194
3104,0.00115343
3105,0.00120502
3106,0.00286789
3107,0.00275708
3108,0.00164430
3109,0.00181437
3110,0.00104017
3111,0.00254056
3112,0.00380593
3113,0.00095066
3114,0.00253805
3115,0.00216592
3116,0.00280163
3117,0.00430674
3118,1.52252660
3119,0.00789606
3120,0.00145339
3121,0.00166065
3122,0.00253435
3123,0.00270566
3124,0.00144190
3125,0.00185007
3126,0.00298674
3127,0.00089248
3128,0.00226872
3129,0.00519530
3130,0.00362495
3131,0.00144186
3132,0.00391025
3133,0.00208289
3134,0.00164946
3135,0.00130460
3136,0.01175000
3137,0.00247644
3138,0.00317165
3139,0.00182943
3140,2.05011132
3141,0.00339198
3142,0.00298861
3143,0.00942248
3144,0.01133850
3145,0.00222306
3146,0.00507336
3147,0.00270014
3148,0.00297687
3149,0.00311945
3150,0.00239960
3151,0.00176130
3152,0.00466141
3153,0.00276973
3154,0.00193675
3155,0.00194307
3156,0.00544385
3157,0.00206048
3158,0.00172294
3159,0.00311573
3160,0.00531037
3161,1.27456335
3162,0.00111744
3163,0.00302755
3164,0.00356152
3165,0.00391225
3166,1.73579320
3167,1.47513313
3168,0.00201460
3169,0.00215513
3170,0.00106114
3171,0.00340253
3172,0.00126063
3173,0.00166213
3174,0.00053628
3175,0.00427530
3176,0.00078976
3177,0.00553309
3178,0.00325607
3179,0.02647047
3180,0.00177279
3181,0.17628471
3182,0.00717854
3183,0.00625765
3184,0.00139494
3185,2.22554202
3186,0.00232404
3187,0.00200202
3188,0.00513265
3189,0.00047821
3190,0.00124280
3191,0.00051170
3192,0.00686072
3193,0.00820024
3194,0.00163342
3195,0.00577757
3196,0.00143584
3197,0.00272555
3198,0.00168952
3199,0.00902063
3200,0.00297440
3201,0.00415282
3202,0.00071245
3203,0.00197437
3204,0.00064675
3205,0.00133118
3206,0.02002345
3207,0.00876672
3208,0.00602643
3209,0.00515019
3210,0.00360191
3211,0.00151233
3212,0.00108054
3213,0.00296442
3214,0.00361597
3215,0.00165740
3216,0.00361510
3217,0.00263254
3218,0.00071954
3219,0.00234487
3220,0.00354191
3221,0.00436686
3222,0.00283775
3223,0.00129153
3224,0.00094044
3225,0.00131068
3226,0.00279606
3227,0.00262228
3228,0.00366673
3229,0.00227192
3230,0.00350312
3231,0.00444266
3232,0.00541728
3233,0.00128045
3234,0.00345370
3235,0.00506409
3236,0.00552101
3237,0.00191914
3238,0.00488770
3239,0.00335556
3240,0.00224278
3241,0.00591639
3242,0.00111935
3243,0.00329548
3244,0.00237563
3245,0.00095896
3246,0.00109809
3247,0.00749695
3248,0.03041051
3249,0.00811658
3250,0.00162554
3251,0.00828041
3252,0.00135147
3253,0.00257987
3254,0.00160530
3255,0.00597967
3256,0.00238196
3257,0.00426469
3258,0.00253488
3259,0.00530902
3260,0.00097683
3261,0.21530973
3262,0.00194371
3263,0.00261397
3264,0.00158577
3265,0.00865590
3266,0.00278127
3267,0.00196328
3268,0.00495690
3269,0.00247296
3270,0.00245021
3271,0.00161164
3272,0.00507492
3273,0.01258619
3274,0.00366624
3275,0.00232401
3276,0.00517903
3277,0.00146130
3278,0.00633271
3279,0.00230773
3280,0.00241219
3281,0.18534502
3282,0.00133556
3283,0.00184387
3284,0.00085082
3285,0.00129453
3286,0.00345928
3287,0.00487845
3288,0.00178739
3289,0.00139548
3290,0.47054886
3291,0.00281752
3292,0.00239190
3293,0.00351237
3294,0.00325533
3295,0.00278571
3296,0.00562236
3297,0.00381748
3298,0.00148356
3299,0.11969248
3300,0.00517973
3301,0.00296234
3302,0.00149264
3303,0.01530715
3304,0.00271449
3305,0.00234142
3306,0.00075472
3307,0.00204560
3308,0.00267838
3309,0.00189720
3310,0.00247390
3311,0.00398197
3312,0.00150189
3313,0.00166256
3314,0.00141207
3315,0.00869937
3316,0.00157635
3317,0.00129625
3318,0.82161354
3319,0.00788537
3320,0.92179822
3321,0.22138981
3322,0.02518575
3323,0.00691126
3324,0.00452381
3325,0.00187375
3326,0.00272966
3327,0.00425403
3328,0.00207095
3329,0.00908311
3330,0.01158941
3331,0.00330535
3332,0.00338969
3333,0.00220857
3334,0.00273439
3335,0.00258330
3336,0.00191547
3337,0.00280634
3338,0.00286529
3339,0.00162612
3340,0.00160050
3341,0.00774934
3342,0.34535965
3343,0.00134729
3344,0.00115455
3345,0.00111105
3346,0.00207280
3347,0.00927610
3348,0.00201464
3349,0.00291031
3350,0.00356052
3351,0.00834654
3352,0.00457651
3353,0.00300999
3354,0.00217507
3355,0.00194367
3356,0.00006076
3357,0.00156280
3358,0.00191768
3359,0.00408153
3360,0.00107707
3361,0.01201127
3362,0.00142997
3363,0.00107247
3364,0.00246907
3365,0.00476824
3366,0.00065560
3367,0.05897944
3368,0.00252657
3369,0.19337245
3370,0.00115443
3371,0.71127400
3372,0.00146993
3373,0.00125257
3374,0.00205783
3375,0.00048855
3376,0.00211010
3377,0.00462487
3378,0.87013478
3379,0.00389003
3380,0.00112735
3381,0.00135498
3382,0.00150337
3383,0.00259572
3384,0.00264253
3385,0.00194889
3386,0.00384698
3387,0.00399949
3388,0.00145019
3389,0.00087121
3390,0.00232056
3391,0.00186985
3392,0.00274254
3393,0.00128530
3394,0.00245913
3395,0.00604458
3396,0.00319734
3397,0.00270467
3398,0.00969377
3399,0.00282723
3400,0.00756707
3401,0.00667592
3402,0.00310181
3403,0.00195722
3404,0.00187801
3405,0.00798076
3406,0.00720084
3407,0.00365359
3408,0.00245882
3409,0.00195662
3410,0.00430711
3411,0.00191930
3412,0.00173666
3413,0.00394472
3414,0.00169171
3415,0.00390495
3416,0.88840019
3417,0.01560767
3418,0.00407270
3419,0.00306717
3420,0.00055365
3421,0.00970844
3422,0.00537440
3423,0.00117820
3424,0.00133941
3425,0.00110605
3426,0.00554503
3427,0.00237376
3428,0.00106315
3429,0.00267944
3430,0.00253363
3431,0.00389931
3432,0.00254659
3433,0.00083244
3434,0.00388103
3435,0.00289302
3436,0.00222159
3437,0.00248393
3438,0.00136269
3439,0.00156349
3440,0.02299715
3441,0.00276485
3442,0.00238726
3443,0.00147073
3444,0.00294720
3445,0.00259217
3446,0.00422976
3447,0.00118423
3448,0.00173015
3449,0.00966258
3450,0.00148852
3451,0.00217093
3452,0.00264623
3453,0.00176835
3454,0.00241893
3455,0.00542435
3456,0.00345559
3457,0.00205687
3458,0.00455656
3459,0.00372418
3460,0.00550382
3461,0.00346345
3462,0.00233704
3463,0.01722965
3464,0.06422487
3465,0.00237572
3466,0.00703742
3467,0.00148799
3468,0.00242729
3469,0.00256584
3470,0.00238015
3471,0.00880669
3472,0.00236422
3473,0.00125576
3474,0.00190824
3475,0.00228704
3476,0.00323498
3477,0.00294350
3478,0.00140222
3479,0.00186300
3480,0.00409481
3481,0.00158087
3482,0.00170644
3483,0.00197338
3484,0.00141276
3485,0.00202005
3486,0.00393986
3487,0.00144073
3488,0.00099813
3489,0.00150197
3490,0.00110941
3491,0.00109005
3492,0.01432771
3493,0.00515083
3494,0.00228722
3495,0.00214621
3496,0.00265628
3497,0.00379505
3498,0.00243765
3499,0.00423792
3500,0.00179061
3501,0.00291744
3502,0.01626242
3503,0.00201596
3504,0.04098970
3505,0.00192282
3506,0.00433289
3507,0.00417917
3508,0.00135501
3509,0.00156917
3510,0.00196942
3511,0.01391598
3512,0.00287649
3513,0.00226045
3514,0.00324927
3515,0.00051885
3516,0.01867992
3517,0.01552770
3518,0.00245146
3519,0.84739005
3520,0.00563963
3521,0.00108272
3522,0.00361563
3523,0.07534766
3524,0.02469181
3525,0.00175953
3526,0.00186358
3527,0.87380284
3528,0.00220018
3529,0.00391825
3530,0.00573500
3531,0.00096864
3532,0.11427582
3533,0.00224514
3534,0.00258014
3535,0.00343003
3536,0.01485858
3537,0.00608361
3538,0.00187016
3539,0.00052183
3540,0.29466413
3541,0.00164509
3542,0.00045514
3543,0.00339554
3544,0.02248279
3545,0.00753589
3546,0.00775457
3547,0.01618247
3548,0.00041751
3549,0.00205238
3550,0.01532767
3551,0.00176824
3552,0.00198943
3553,0.02625766
3554,0.00288662
3555,0.00229675
3556,0.00122712
3557,0.00891003
3558,0.00210087
3559,0.00391330
3560,0.00176749
3561,0.00179497
3562,0.00314940
3563,0.00424696
3564,0.00359750
3565,0.00180830
3566,0.00345587
3567,0.00347231
3568,0.00121661
3569,0.00440581
3570,0.00417978
3571,0.00127801
3572,0.00422220
3573,0.00150634
3574,0.00167659
3575,0.01682866
3576,0.00274561
3577,0.00263637
3578,0.00345674
3579,0.00257480
3580,0.04507672
3581,0.00711653
3582,0.00204622
3583,0.00254704
3584,0.00431105
3585,0.00220902
3586,0.00175641
3587,0.00206372
3588,0.00267788
3589,0.00322937
3590,0.00319085
3591,0.00157904
3592,0.00088065
3593,0.01329799
3594,0.00162033
3595,0.00345389
3596,0.00191317
3597,0.00189787
3598,0.00266878
3599,0.00174450
3600,0.00435262
3601,0.00186006
3602,0.00197825
3603,0.00340576
3604,0.00199885
3605,0.00439464
3606,0.00284929
3607,0.00254703
3608,0.00677018
3609,0.00754312
3610,0.00084440
3611,0.00217206
3612,1.14302546
3613,0.00095662
3614,0.03693142
3615,0.00206860
3616,0.01711692
3617,0.00143647
3618,0.00184465
3619,0.00396129
3620,0.00180206
3621,0.00216934
3622,0.00121573
3623,0.00926967
3624,0.00044239
3625,0.00178504
3626,0.00184368
3627,0.01144627
3628,0.00108329
3629,0.71785548
3630,0.00398100
3631,0.37881057
3632,0.00163949
3633,0.00485019
3634,0.00155012
3635,0.00275719
3636,0.00238773
3637,0.00245200
3638,0.00135174
3639,0.00156556
3640,0.00145366
3641,0.00465941
3642,0.00129352
3643,0.01555447
3644,0.00364242
3645,0.00424845
3646,0.01800857
3647,0.00405285
3648,0.00220399
3649,0.00186965
3650,0.00253767
3651,0.00355408
3652,0.00294563
3653,0.00177242
3654,0.00380536
3655,0.00441677
3656,0.00191662
3657,0.00300464
3658,0.00812227
3659,0.27600169
3660,0.00158248
3661,0.00372043
3662,0.00184421
3663,0.00191295
3664,0.00415484
3665,0.00723977
3666,0.00204191
3667,0.00182040
3668,0.00603739
3669,0.00279355
3670,0.00185986
3671,0.00140805
3672,0.00191098
3673,0.00274913
3674,0.00231176
3675,0.00115176
3676,0.00535683
3677,0.00484600
3678,0.08254180
3679,0.00420554
3680,0.00612562
3681,0.00285124
3682,0.00430400
3683,0.01377852
3684,0.00059947
3685,1.95402212
3686,0.00366796
3687,0.00117311
3688,0.00228799
3689,0.00187484
3690,0.00517150
3691,0.00223250
3692,0.00213314
3693,0.00122303
3694,0.00256993
3695,0.00347836
3696,0.00184213
3697,0.00205976
3698,0.00327450
3699,0.00244076
3700,0.00148986
3701,0.00277315
3702,0.00084289
3703,0.00470677
3704,0.00759705
3705,0.00112490
3706,0.01393050
3707,0.00215768
3708,0.00111010
3709,0.00371660
3710,0.00042545
3711,1.08505593
3712,0.00183602
3713,0.00099022
3714,0.00226186
3715,0.00261355
3716,0.00044743
3717,0.00664271
3718,0.00254312
3719,0.00363805
3720,0.00378265
3721,0.87219199
3722,0.00423508
3723,0.00185861
3724,0.00212658
3725,0.00220747
3726,0.00216830
3727,0.00177797
3728,0.87118741
3729,0.00116476
3730,0.00225760
3731,0.00887294
3732,0.00187636
3733,0.00253211
3734,0.63963891
3735,0.00415410
3736,0.00164260
3737,0.00194143
3738,0.00440560
3739,0.00231839
3740,0.00130726
3741,0.00158769
3742,1.50858583
3743,0.00172680
3744,0.00157639
3745,0.00055284
3746,0.00812864
3747,0.00311681
3748,0.00150435
3749,0.01120532
3750,0.00141204
3751,0.00528878
3752,0.00900182
3753,0.00222173
3754,0.00421513
3755,0.00208655
3756,0.00200940
3757,0.00377780
3758,0.88233262
3759,0.21199216
3760,0.00169080
3761,0.00234030
3762,0.00208115
3763,0.00280222
3764,0.00823701
3765,0.06831420
3766,0.00115295
3767,0.00218094
3768,0.00198250
3769,0.00238570
3770,0.00044906
3771,0.00084784
3772,0.00208507
3773,0.01363025
3774,0.00232955
3775,0.00527395
3776,0.00318325
3777,0.00188135
3778,0.00175923
3779,0.00128857
3780,0.00394920
3781,0.00346271
3782,0.00553251
3783,0.00191956
3784,0.00162081
3785,0.00321097
3786,0.00321463
3787,0.00443526
3788,0.00013769
3789,0.01576198
3790,0.01219567
3791,0.00183436
3792,0.00206150
3793,0.00370686
3794,0.00108457
3795,0.00357098
3796,0.00254307
3797,0.01353211
3798,0.00376847
3799,0.01080045
3800,0.00161350
3801,0.00366932
3802,0.00148024
3803,0.01027244
3804,0.00407255
3805,0.00234400
3806,0.00092412
3807,0.23937641
3808,0.00866352
3809,0.00096208
3810,0.00513368
3811,0.00203335
3812,0.00532902
3813,0.00466007
3814,0.01819731
3815,0.00301152
3816,0.00274443
3817,0.00180204
3818,0.00504962
3819,0.00245930
3820,0.00341729
3821,0.00381593
3822,0.00849981
3823,0.00219175
3824,0.00412197
3825,0.00326974
3826,0.00216665
3827,0.00390528
3828,0.00363642
3829,0.00190211
3830,0.00176384
3831,0.00231496
3832,0.00364746
3833,0.01497858
3834,0.00134550
3835,0.00188268
3836,0.00368383
3837,0.00223316
3838,0.00260857
3839,0.00369020
3840,0.00592215
3841,0.00120928
3842,0.00436449
3843,0.00267548
3844,0.00231517
3845,0.00197553
3846,0.00167710
3847,0.00213801
3848,0.00272064
3849,0.00134844
3850,0.00352312
3851,0.00219597
3852,0.00239457
3853,0.00151690
3854,1.64220070
3855,0.00220799
3856,0.00191628
3857,0.00133625
3858,0.00580853
3859,0.00543148
3860,0.00121030
3861,0.00390114
3862,0.01433318
3863,0.00008320
3864,0.00408969
3865,0.00597703
3866,0.00378921
3867,0.00809968
3868,0.00136061
3869,0.00149336
3870,0.00410872
3871,0.00272913
3872,0.00142275
3873,0.00259300
3874,0.00052686
3875,0.01347606
3876,0.00716259
3877,0.00735452
3878,0.00244146
3879,0.00221226
3880,0.00199161
3881,0.02399756
3882,0.00352821
3883,0.00220237
3884,0.00187826
3885,0.00079963
3886,0.00230869
3887,0.00128536
3888,0.00573206
3889,0.00275374
3890,0.00617810
3891,0.01652925
3892,0.00276903
3893,0.00261968
3894,0.00148895
3895,0.00712133
3896,0.00195686
3897,0.00223867
3898,0.00279580
3899,0.00126251
3900,0.00084216
3901,0.00304508
3902,0.00395362
3903,0.00872875
3904,0.00223957
3905,0.00073693
3906,0.32903603
3907,0.00334566
3908,0.00127323
3909,0.00151149
3910,0.00158734
3911,1.57678986
3912,0.00164245
3913,0.00131419
3914,0.00350493
3915,0.00270343
3916,0.00269313
3917,0.00193281
3918,0.25640285
3919,0.00233281
3920,0.00451309
3921,0.00229053
3922,0.00703691
3923,0.00203145
3924,0.00426069
3925,0.00356088
3926,0.00186556
3927,0.00396952
3928,0.00195533
3929,0.00567157
3930,0.01103821
3931,0.00421911
3932,0.00288069
3933,0.00236393
3934,0.01652272
3935,0.00220555
3936,0.00347326
3937,0.00692527
3938,0.00194733
3939,0.00502975
3940,0.00146415
3941,0.00359426
3942,0.00286749
3943,0.00153577
3944,0.00186212
3945,0.00221619
3946,0.00216197
3947,0.00142158
3948,0.00225535
3949,0.00095227
3950,0.00171574
3951,0.00094801
3952,0.00314440
3953,0.00169852
3954,0.00187422
3955,0.00043395
3956,0.00206276
3957,0.00120152
3958,0.00346156
3959,0.00203641
3960,0.00194126
3961,0.00834348
3962,0.00313268
3963,0.00349283
3964,0.00194058
3965,0.01413247
3966,0.00237561
3967,0.00694249
3968,0.00370555
3969,0.84165952
3970,0.00326674
3971,0.00696684
3972,0.00595371
3973,0.00242499
3974,0.00588018
3975,0.00099143
3976,0.00401855
3977,0.00334856
3978,0.00201570
3979,0.01029655
3980,0.00379329
3981,0.11875385
3982,0.00097887
3983,0.00466720
3984,0.00202563
3985,0.00212082
3986,0.00811116
3987,0.00189134
3988,0.00137163
3989,0.00075746
3990,0.00384241
3991,0.00203023
3992,0.00254389
3993,0.00314561
3994,0.00345615
3995,0.00107708
3996,0.00089341
3997,0.00427721
3998,0.00250075
3999,0.00188184
4000,0.00144653
4001,0.00051354
4002,0.00162548
4003,0.00202717
4004,0.00181037
4005,0.01614421
4006,0.00234433
4007,0.00115340
4008,0.00294892
4009,0.00093512
4010,0.00110893
4011,0.00098953
4012,0.00417701
4013,0.00057471
4014,0.00172604
4015,0.00313781
4016,0.00302879
4017,0.07118411
4018,0.00165756
4019,0.00065837
4020,0.00279746
4021,0.00133776
4022,0.00393633
4023,0.01966812
4024,0.00199679
4025,0.00211651
4026,0.00195752
4027,0.00545845
4028,1.19810325
4029,0.00125768
4030,0.00153086
4031,0.00163130
4032,0.00232429
4033,0.00250929
4034,0.00227070
4035,0.00311799
4036,0.00546979
4037,0.00864232
4038,0.01633335
4039,0.00718246
4040,0.00283285
4041,0.30083106
4042,0.00152274
4043,0.15627920
4044,0.00418304
4045,0.02916391
4046,0.01845111
4047,0.00128168
4048,0.00097035
4049,0.00417934
4050,0.00054772
4051,0.00178715
4052,0.00768846
4053,0.00281204
4054,0.00186673
4055,0.00346219
4056,0.00117133
4057,0.00269478
4058,0.00172196
4059,0.06415232
4060,0.00261181
4061,0.00327369
4062,0.00481394
4063,0.00198348
4064,0.00177938
4065,0.00678397
4066,0.00924909
4067,0.00203513
4068,0.00218423
4069,0.00155085
4070,0.00697072
4071,0.00239126
4072,0.02653888
4073,0.00157262
4074,0.00226957
4075,0.00192781
4076,0.00175166
4077,0.00224618
4078,0.00112798
4079,0.00173103
4080,0.00090006
4081,0.00135710
4082,1.33076157
4083,0.00537532
4084,0.00108425
4085,0.00297591
4086,0.00193425
4087,0.00154278
4088,0.00219930
4089,0.00171153
4090,0.00164603
4091,0.00200390
4092,0.01605294
4093,0.00154180
4094,0.00300549
4095,0.00208444
4096,0.00375774
4097,0.00729055
4098,0.00294793
4099,0.00304711
4100,0.00180671
4101,0.01177730
4102,0.01346593
4103,0.00584249
4104,0.00296269
4105,0.00254739
4106,0.00044022
4107,0.00219238
4108,0.00050690
4109,0.00334774
4110,0.00117691
4111,0.00134074
4112,0.00213635
4113,0.00309780
4114,0.00171931
4115,0.00886692
4116,0.00898026
4117,0.00515264
4118,0.00298205
4119,0.00250143
4120,0.96924788
4121,0.00302584
4122,0.00184989
4123,0.00235274
4124,0.00237198
4125,0.00281775
4126,0.00012011
4127,0.00105654
4128,0.00052582
4129,0.00167359
4130,0.00268898
4131,0.00654660
4132,0.00243600
4133,0.01606671
4134,1.75862314
4135,0.00199657
4136,0.00063350
4137,0.00235061
4138,0.00274998
4139,0.00535153
4140,0.00737110
4141,0.00173987
4142,0.00217799
4143,0.00402069
4144,0.00274150
4145,0.00301453
4146,0.00295456
4147,0.00050332
4148,0.00199267
4149,0.00254776
4150,0.00120842
4151,0.00229411
4152,0.00531578
4153,0.00210465
4154,0.00435642
4155,0.00334244
4156,0.00250489
4157,0.00412737
4158,0.00219245
4159,0.00384046
4160,0.00171855
4161,0.00160054
4162,0.00499077
4163,0.00202903
4164,0.00162368
4165,0.00199782
4166,0.00309590
4167,0.00195570
4168,0.00138926
4169,0.00177408
4170,0.00302369
4171,0.00275173
4172,0.00163474
4173,0.00255505
4174,0.00373099
4175,0.00262493
4176,0.00137684
4177,0.00191079
4178,0.00063540
4179,0.00095602
4180,0.00190695
4181,0.00860718
4182,0.00149552
4183,0.00193562
4184,0.00938644
4185,0.01524155
4186,0.00604894
4187,1.91030486
4188,0.00115107
4189,0.33962849
4190,0.00130939
4191,0.00110305
4192,0.00173097
4193,0.01222038
4194,0.00286343
4195,0.00049305
4196,0.02317019
4197,0.00212146
4198,0.00112087
4199,0.00232739
4200,0.00523769
4201,0.00216750
4202,0.00058035
4203,0.00239953
4204,0.00312522
4205,0.00151322
4206,0.00167264
4207,0.00205216
4208,0.00285597
4209,0.00222984
4210,0.00179385
4211,0.00147976
4212,0.01774342
4213,1.62332729
4214,0.00455061
4215,0.00455692
4216,0.00445355
4217,0.00395481
4218,0.00281646
4219,0.00108675
4220,0.00840310
4221,0.00120809
4222,0.00159162
4223,1.59213563
4224,0.00114363
4225,0.02459982
4226,0.00197078
4227,0.00292291
4228,0.00063438
4229,0.00128481
4230,0.00089435
4231,0.00162289
4232,0.00220255
4233,0.00296668
4234,0.00203484
4235,0.00147165
4236,0.01624086
4237,0.00046763
4238,0.01235063
4239,0.00480407
4240,0.00099153
4241,0.00361122
4242,0.60062523
4243,0.00210526
4244,0.00244298
4245,0.00322603
4246,0.00231826
4247,0.00191011
4248,0.01315529
4249,0.00191324
4250,0.00443215
4251,0.00210003
4252,0.00210055
4253,0.00294291
4254,0.00227494
4255,0.50579804
4256,0.00147883
4257,0.00172214
4258,0.00106233
4259,0.00251243
4260,0.00327224
4261,0.00188659
4262,0.00190225
4263,0.00177920
4264,0.00269591
4265,0.00217618
4266,0.00246101
4267,0.00102754
4268,0.00112101
4269,0.00251898
4270,0.00344904
4271,0.00260399
4272,0.49683229
4273,0.00802242
4274,0.01269007
4275,0.01161387
4276,0.00203059
4277,0.00106140
4278,0.00802481
4279,0.00265056
4280,0.00093089
4281,0.00121972
4282,0.00226431
4283,0.00164971
4284,0.00306295
4285,0.00138794
4286,0.00200684
4287,0.00297595
4288,0.00275255
4289,0.00239405
4290,0.00165462
4291,0.00204690
4292,0.00069726
4293,0.00261659
4294,0.00144687
4295,0.00451014
4296,0.01140932
4297,0.00095415
4298,0.14262426
4299,0.00074737
4300,0.00166860
4301,0.00323782
4302,0.00248211
4303,0.27509727
4304,0.00170246
4305,0.00127497
4306,0.01454949
4307,0.01077178
4308,0.00157875
4309,0.00174772
4310,0.00618733
4311,0.00197066
4312,0.00278177
4313,0.00164908
4314,0.00528517
4315,0.00357943
4316,0.00368991
4317,0.00172653
4318,0.00397859
4319,0.00679349
4320,0.15287049
4321,0.00264760
4322,0.00720343
4323,0.00393368
4324,0.00180101
4325,0.00438557
4326,0.00221476
4327,0.00445420
4328,0.02368300
4329,0.00448079
4330,0.00492875
4331,0.02330879
4332,0.02153365
4333,0.00237475
4334,0.00125745
4335,0.00226305
4336,0.00093968
4337,0.01787677
4338,0.00465941
4339,0.00228221
4340,0.00086164
4341,0.00235108
4342,0.00354808
4343,0.00091428
4344,0.00229845
4345,0.00181467
4346,0.00316799
4347,0.00341321
4348,0.00317594
4349,0.00219804
4350,0.00395128
4351,0.00351651
4352,0.00124551
4353,0.00183780
4354,0.00276276
4355,0.01668740
4356,0.00373218
4357,0.00907081
4358,0.00272959
4359,0.00130441
4360,0.01070653
4361,0.00585220
4362,0.00180639
4363,2.34020499
4364,0.00147655
4365,0.00097115
4366,0.00889048
4367,0.01264102
4368,0.00125061
4369,0.00077369
4370,0.00183398
4371,0.00304645
4372,0.51382260
4373,0.00251423
4374,0.00267920
4375,0.96318146
4376,0.00346756
4377,0.00324552
4378,0.00166951
4379,0.00147573
4380,0.00027085
4381,0.00097023
4382,0.00106874
4383,0.00181578
4384,0.00269532
4385,0.00201924
4386,0.00187122
4387,0.01771251
4388,0.00275132
4389,0.00361021
4390,0.00387328
4391,0.00197470
4392,0.00228363
4393,0.00257978
4394,0.00525207
4395,0.00135659
4396,0.00200770
4397,0.00168096
4398,0.00279032
4399,0.00323496
4400,0.00132535
4401,0.00177223
4402,0.01047737
4403,0.01567850
4404,0.00245158
4405,0.00102151
4406,0.00901410
4407,0.00840620
4408,0.21169371
4409,0.00214454
4410,0.00304402
4411,0.00105896
4412,0.00421531
4413,0.00806968
4414,0.00188777
4415,0.00297172
4416,0.00175572
4417,1.34779060
4418,0.00173564
4419,0.00401480
4420,0.00062793
4421,0.00081515
4422,0.00375243
4423,0.00112659
4424,0.00587834
4425,0.00182021
4426,0.00191293
4427,0.00103270
4428,0.01134388
4429,0.00165160
4430,0.00160645
4431,0.00178714
4432,0.00155531
4433,0.00172525
4434,0.00183789
4435,0.00341969
4436,0.00756511
4437,0.00178973
4438,0.00137278
4439,1.63590558
4440,0.00391133
4441,0.00288726
4442,0.00296282
4443,0.00436898
4444,0.00153503
4445,0.00319230
4446,0.00161728
4447,0.00086652
4448,0.00074986
4449,0.00196700
4450,0.00201563
4451,0.00989774
4452,0.00164349
4453,0.00216483
4454,0.00287429
4455,0.00421170
4456,0.00300914
4457,0.05432753
4458,0.00173678
4459,0.00569664
4460,0.00447639
4461,0.00543054
4462,0.01927226
4463,0.00316962
4464,0.00200026
4465,0.00229670
4466,0.00719479
4467,0.00581931
4468,0.00548038
4469,0.00172314
4470,0.57406656
4471,0.00375851
4472,0.00110642
4473,0.00225899
4474,0.00169694
4475,1.40639410
4476,0.00349166
4477,1.86503713
4478,0.00215329
4479,0.00495348
4480,0.00249329
4481,0.00150159
4482,0.00244005
4483,0.00460443
4484,0.00229771
4485,0.00205623
4486,0.00156168
4487,0.00185719
4488,0.00216354
4489,0.00279125
4490,0.00592805
4491,0.00649715
4492,0.00332232
4493,0.00256381
4494,0.00605034
4495,0.28673509
4496,0.00166821
4497,0.00306915
4498,0.00139896
4499,0.00258515
4500,0.00232831
4501,0.00371518
4502,0.00237822
4503,0.00102843
4504,0.00190449
4505,0.00078002
4506,0.00584776
4507,0.00041627
4508,0.00210418
4509,0.00548502
4510,0.00456866
4511,0.00117874
4512,0.00287162
4513,0.00210715
4514,0.00289522
4515,0.00241145
4516,0.00378521
4517,0.00307431
4518,0.01195011
4519,0.00185690
4520,0.00212961
4521,0.00329294
4522,0.00119462
4523,0.01791701
4524,0.00112299
4525,0.00153404
4526,0.00322792
4527,0.00593879
4528,0.00370430
4529,0.00124707
4530,0.34372215
4531,0.00444450
4532,2.02195779
4533,0.00674623
4534,0.00158296
4535,0.00189076
4536,0.05671081
4537,0.00315555
4538,0.00428571
4539,0.00078564
4540,0.00196554
4541,0.00512099
4542,0.00155768
4543,0.00739150
4544,0.00193288
4545,0.00760666
4546,0.00355360
4547,0.00241708
4548,0.00177984
4549,0.00191446
4550,0.00276185
4551,0.00186990
4552,0.00235489
4553,0.01660062
4554,0.00216366
4555,0.00107307
4556,0.00190361
4557,0.00370045
4558,0.00102705
4559,0.00167326
4560,0.00208776
4561,0.07101898
4562,0.00258875
4563,0.00077582
4564,0.00254553
4565,0.00702760
4566,0.00297340
4567,0.00185617
4568,1.24137133
4569,0.00207958
4570,0.00197880
4571,0.00303726
4572,0.00376996
4573,0.00165872
4574,0.00208275
4575,0.00289937
4576,0.00457314
4577,0.00294750
4578,0.00204502
4579,0.00229157
4580,0.00137770
4581,0.00247484
4582,0.00207448
4583,0.00237946
4584,0.00169678
4585,0.00105637
4586,0.00192738
4587,0.00162517
4588,0.00232847
4589,0.00662522
4590,0.00322472
4591,0.00135826
4592,0.00372300
4593,0.00383844
4594,0.00404161
4595,0.00180789
4596,0.00210685
4597,0.00191795
4598,0.00379997
4599,0.00279935
4600,0.00286230
4601,0.26263996
4602,0.00360768
4603,0.00126016
4604,0.00707903
4605,0.00219078
4606,0.00885427
4607,0.00313449
4608,0.00796333
4609,0.00170141
4610,0.00088588
4611,0.00521993
4612,0.00269451
4613,0.00370342
4614,0.00169168
4615,0.00170649
4616,0.00285553
4617,0.08179435
4618,0.00250840
4619,0.00109547
4620,0.00271996
4621,0.00009025
4622,0.00075556
4623,0.00172230
4624,0.00155097
4625,0.00254585
4626,0.00170954
4627,0.00219170
4628,0.00209168
4629,0.00132022
4630,0.00545124
4631,0.00154996
4632,0.00312550
4633,0.00206250
4634,0.00736740
4635,0.00236765
4636,0.01209080
4637,0.00444952
4638,0.00180409
4639,0.00051039
4640,0.00317672
4641,0.01188065
4642,0.00634686
4643,0.00312280
4644,0.00098773
4645,0.00456710
4646,0.00297062
4647,0.00264193
4648,0.00425460
4649,0.00352859
4650,0.00170718
4651,0.00262044
4652,1.64649009
4653,0.00207481
4654,0.00594236
4655,0.00550648
4656,0.00216688
4657,0.02283521
4658,0.00182979
4659,0.00530904
4660,0.00332964
4661,0.00229060
4662,0.00254835
4663,1.43248838
4664,0.00861411
4665,0.00133524
4666,0.00177003
4667,0.00178269
4668,0.00183411
4669,0.00300877
4670,0.00134422
4671,0.00388629
4672,0.00407817
4673,0.00080089
4674,0.00222125
4675,0.00257919
4676,0.00397187
4677,0.00565565
4678,0.00297504
4679,0.00116545
4680,0.00374857
4681,0.00251854
4682,0.00653302
4683,0.00260844
4684,0.01208004
4685,0.01258796
4686,0.00335310
4687,0.00250345
4688,0.00420570
4689,0.00633151
4690,0.00280837
4691,0.00564868
4692,0.00411503
4693,0.00187799
4694,0.00209486
4695,0.01627045
4696,0.00343855
4697,0.00298804
4698,0.00116407
4699,0.00176271
4700,0.00582130
4701,0.00181998
4702,0.00130580
4703,0.00250401
4704,0.00344483
4705,0.00196986
4706,0.00384846
4707,0.00115528
4708,0.00182992
4709,0.00253194
4710,0.00245920
4711,0.00108588
4712,0.00208845
4713,0.00413973
4714,0.00524898
4715,0.21360214
4716,0.00311584
4717,0.00430273
4718,0.00104173
4719,0.00911264
4720,0.00407615
4721,0.00095750
4722,0.00235368
4723,0.00109976
4724,0.00193169
4725,0.00375343
4726,0.00380118
4727,0.00156500
4728,0.00405863
4729,0.00910686
4730,0.00316582
4731,0.00209781
4732,0.00426196
4733,0.00226682
4734,0.00212249
4735,0.14168032
4736,0.00000130
4737,0.00383203
4738,0.00168750
4739,0.00334892
4740,0.00294387
4741,0.00438073
4742,0.00133001
4743,0.00477431
4744,0.00661453
4745,0.00248194
4746,0.01824370
4747,0.00167879
4748,0.00126683
4749,0.00366306
4750,0.00310124
4751,0.00817059
4752,0.00165186
4753,0.00379927
4754,0.00221455
4755,0.00283756
4756,0.59878824
4757,0.00003057
4758,0.00092444
4759,0.00335221
4760,0.00084716
4761,0.00445663
4762,0.00463169
4763,0.00077726
4764,0.00521940
4765,0.01689410
4766,0.05917844
4767,0.00159298
4768,0.00178679
4769,0.00210118
4770,0.00661283
4771,0.00317591
4772,0.00296829
4773,0.00054177
4774,0.00203687
4775,0.01031943
4776,0.02691141
4777,0.00524926
4778,0.00179329
4779,0.00254992
4780,0.01150455
4781,0.00168859
4782,0.01102838
4783,0.00132615
4784,0.00570205
4785,0.00375558
4786,0.28519135
4787,0.00182677
4788,0.00311343
4789,0.00152931
4790,0.00696518
4791,0.00871283
4792,0.00191558
4793,0.00226217
4794,0.00223051
4795,0.00373100
4796,0.00534859
4797,0.00235009
4798,0.00312930
4799,0.00180146
4800,0.00071967
4801,0.00097334
4802,0.00638125
4803,0.00283542
4804,0.00408961
4805,0.00112652
4806,0.00129472
4807,0.00174767
4808,0.01010555
4809,1.23513100
4810,0.00151376
4811,0.00407094
4812,0.59801270
4813,0.00091359
4814,0.00381037
4815,0.01078792
4816,0.00165035
4817,0.00180475
4818,0.00876453
4819,0.00386633
4820,0.00149455
4821,0.60559707
4822,0.00042062
4823,0.00315356
4824,0.00161357
4825,0.00283708
4826,0.00085844
4827,0.00185010
4828,0.00765420
4829,0.00162688
4830,0.00154385
4831,0.00217973
4832,0.00403634
4833,0.00161961
4834,0.02583702
4835,0.00698341
4836,0.00319260
4837,0.02918497
4838,0.00350305
4839,0.00982198
4840,0.03181918
4841,0.00056997
4842,0.00274151
4843,0.00778467
4844,0.00146951
4845,0.00049119
4846,0.00175425
4847,0.00191044
4848,0.00264742
4849,0.00386035
4850,0.00362437
4851,0.00189844
4852,0.00419277
4853,0.00293650
4854,0.00113374
4855,0.00566177
4856,0.00538962
4857,0.00229985
4858,0.00152321
4859,0.00259677
4860,0.00178345
4861,0.00313803
4862,0.00288383
4863,0.00215035
4864,0.00394112
4865,0.00384038
4866,0.00186531
4867,0.00274856
4868,0.00249929
4869,0.02688397
4870,0.00252947
4871,0.00318227
4872,0.00063212
4873,0.00224530
4874,0.00188254
4875,0.00273265
4876,0.00183064
4877,0.00104236
4878,0.00187382
4879,0.00321762
4880,0.00173093
4881,0.00139646
4882,0.00279053
4883,0.00051002
4884,0.00256400
4885,0.00154309
4886,0.00549710
4887,0.00216965
4888,0.00532808
4889,0.00766155
4890,0.00177726
4891,0.01610209
4892,0.02436909
4893,0.00234432
4894,0.00132208
4895,0.00226875
4896,0.00687858
4897,0.00161500
4898,0.00131821
4899,0.00109333
4900,0.67647261
4901,0.00253723
4902,0.00186863
4903,0.00099997
4904,0.00128842
4905,0.00232255
4906,0.00206203
4907,0.00405613
4908,0.00479112
4909,1.52542444
4910,0.09163983
4911,0.00167298
4912,0.00268843
4913,0.00122848
4914,0.00060029
4915,0.00093199
4916,0.00136520
4917,0.00097002
4918,0.00216737
4919,0.00203116
4920,0.00173917
4921,0.00518693
4922,0.00276933
4923,0.00372157
4924,0.00221049
4925,0.00822476
4926,0.00578150
4927,0.01240287
4928,0.00308839
4929,0.00357377
4930,0.00150759
4931,0.00301673
4932,0.00362641
4933,0.00246877
4934,0.00165970
4935,0.00244665
4936,0.00385624
4937,0.00128966
4938,0.00115741
4939,0.00257856
4940,0.00829047
4941,0.00068704
4942,0.00392246
4943,0.00924638
4944,0.00838042
4945,0.00459773
4946,0.00423804
4947,0.00644860
4948,0.01000578
4949,0.03476648
4950,0.00802327
4951,0.00290537
4952,0.00292485
4953,0.00167958
4954,0.00003892
4955,0.00841084
4956,0.00213025
4957,0.00555677
4958,0.00234327
4959,0.00330091
4960,0.00227050
4961,0.00638009
4962,0.00256479
4963,0.00152930
4964,0.00153536
4965,0.10211598
4966,0.00356216
4967,0.00221566
4968,0.00356457
4969,0.00666806
4970,0.00223855
4971,0.00281181
4972,0.02278223
4973,0.01629823
4974,0.00269609
4975,0.00277330
4976,0.00212517
4977,0.00171429
4978,0.00011679
4979,0.00143677
4980,0.00174181
4981,0.00174277
4982,0.00191732
4983,0.00151931
4984,0.00360163
4985,0.72116792
4986,0.00149399
4987,0.01256278
4988,0.00170496
4989,0.01162375
4990,0.00693088
4991,0.00343660
4992,0.00183888
4993,2.46457643
4994,0.00316638
4995,0.00168093
4996,0.00250757
4997,0.00559506
4998,0.00646213
4999,0.00165096
5000,0.00745304
5001,0.00391682
5002,0.00223043
5003,0.00247925
5004,0.00199021
5005,0.02556972
5006,0.00064507
5007,0.00224891
5008,0.00386876
5009,0.00091387
5010,0.00020112
5011,0.00288789
5012,0.00122447
5013,0.00145851
5014,0.00119704
5015,0.00270684
5016,0.00166828
5017,0.00103849
5018,0.00263235
5019,0.00113254
5020,0.00212076
5021,0.00400590
5022,0.00133992
5023,0.00332214
5024,0.00621457
5025,0.00244701
5026,0.01084704
5027,0.00311252
5028,0.00110827
5029,0.00226711
5030,0.00261468
5031,0.00369655
5032,0.00893773
5033,0.00011657
5034,0.00350356
5035,0.00222808
5036,0.00160471
5037,0.00107486
5038,0.00056549
5039,0.00208967
5040,0.00191088
5041,0.00427565
5042,0.00364205
5043,0.00454245
5044,0.00216737
5045,0.00158689
5046,0.00371269
5047,0.00193082
5048,0.00439829
5049,0.00208287
5050,0.00326258
5051,0.00354018
5052,0.00295250
5053,0.00685059
5054,0.00769121
5055,0.00274088
5056,0.00345323
5057,0.00825066
5058,0.00483018
5059,0.00124874
5060,0.02208092
5061,0.00173428
5062,0.00596347
5063,0.00151788
5064,0.00263807
5065,0.00194208
5066,0.00351985
5067,0.00171733
5068,0.00207729
5069,0.00049100
5070,0.00193287
5071,0.00289764
5072,0.00240975
5073,0.00393545
5074,1.85272901
5075,0.00187564
5076,0.00463244
5077,0.00928795
5078,0.00141505
5079,0.00490901
5080,0.01199064
5081,0.00187745
5082,0.00226092
5083,0.00276715
5084,0.00736728
5085,0.00184286
5086,0.00222101
5087,0.00388260
5088,0.00026805
5089,0.00201466
5090,0.00455675
5091,0.00289935
5092,0.00295639
5093,0.00377787
5094,0.01107023
5095,0.00219666
5096,0.00161304
5097,0.00097147
5098,0.02759861
5099,0.00338873
5100,0.00804489
5101,0.00151433
5102,0.02175386
5103,0.00200360
5104,0.00173239
5105,0.00221005
5106,0.00263553
5107,0.00202518
5108,0.00228379
5109,0.00187943
5110,0.00378971
5111,0.00370835
5112,0.00361073
5113,0.01226111
5114,0.00189200
5115,0.00084606
5116,0.00097714
5117,0.00228767
5118,0.00089572
5119,0.00218728
5120,1.60853147
5121,0.00312850
5122,0.00237665
5123,0.00171724
5124,0.00147343
5125,0.00269800
5126,0.00337711
5127,0.00166440
5128,0.00205095
5129,0.00442038
5130,0.00105937
5131,0.00264657
5132,0.00219377
5133,0.00181005
5134,0.00058978
5135,0.02436375
5136,0.00388108
5137,0.00210449
5138,0.00337915
5139,0.00116862
5140,0.01553912
5141,0.00318772
5142,0.00271542
5143,0.00722735
5144,0.00192823
5145,0.00181399
5146,0.00103495
5147,0.00218937
5148,0.00241089
5149,0.00252669
5150,0.00220431
5151,0.16704932
5152,0.00352809
5153,0.00170179
5154,0.00991100
5155,0.00172291
5156,0.00220461
5157,0.00220006
5158,0.00671640
5159,0.00129556
5160,0.00635748
5161,0.01113785
5162,0.02392289
5163,0.00099024
5164,0.00200969
5165,0.00183664
5166,0.00185495
5167,0.00347505
5168,0.00297527
5169,0.00181517
5170,0.00228563
5171,0.00592156
5172,0.00340227
5173,0.00178032
5174,0.00146075
5175,0.00668331
5176,0.00514818
5177,0.00533776
5178,1.07487007
5179,0.00354629
5180,0.00092312
5181,0.00201302
5182,0.01664441
5183,0.00066576
5184,0.00119311
5185,1.55373530
5186,0.01224667
5187,0.00742874
5188,0.00203391
5189,0.00247851
5190,0.00293880
5191,0.00213584
5192,0.00250291
5193,0.00978298
5194,0.00340548
5195,0.00940576
5196,0.00666521
5197,0.00212709
5198,0.00298652
5199,0.00240002
5200,0.00287778
5201,0.00092959
5202,0.00166305
5203,0.00637430
5204,0.00114038
5205,0.00390735
5206,0.00005721
5207,0.00240954
5208,0.00201755
5209,0.00196722
5210,0.00367522
5211,0.00413519
5212,0.00321467
5213,0.00452884
5214,0.00226350
5215,0.00101914
5216,0.00149002
5217,0.00188658
5218,0.00138555
5219,0.00324705
5220,0.00120671
5221,0.00088401
5222,0.00574079
5223,0.00438018
5224,0.00220666
5225,0.00192169
5226,0.01197756
5227,0.00231696
5228,0.00300992
5229,0.00249366
5230,0.00139910
5231,0.00164457
5232,0.00151324
5233,0.00161154
5234,0.00176952
5235,0.00232702
5236,0.00245041
5237,0.00251091
5238,0.00238796
5239,0.00299510
5240,0.04119497
5241,0.00586635
5242,0.00269033
5243,0.00205783
5244,0.00247181
5245,0.02547712
5246,0.00251071
5247,0.00825441
5248,0.00167757
5249,0.00118364
5250,0.20241974
5251,0.00332461
5252,0.00899306
5253,0.00992851
5254,0.00193273
5255,0.00935058
5256,0.00163238
5257,0.00252515
5258,0.00170125
5259,0.02591554
5260,0.00215047
5261,0.00179823
5262,0.00197071
5263,0.00400697
5264,0.00503311
5265,0.00057230
5266,0.00406823
5267,0.00319613
5268,0.00190485
5269,0.00249144
5270,0.00932946
5271,0.00317839
5272,0.00379884
5273,0.00643541
5274,0.00199960
5275,0.00598945
5276,0.00220245
5277,0.00184530
5278,0.00409693
5279,0.00190901
5280,0.00178301
5281,0.00228479
5282,0.00050134
5283,0.00164020
5284,0.00148117
5285,0.00163770
5286,0.00313717
5287,0.00297300
5288,0.00103804
5289,0.00129207
5290,0.00203080
5291,0.00559575
5292,0.00196662
5293,0.00208219
5294,0.00394904
5295,0.00291656
5296,0.00796440
5297,0.00239991
5298,0.00045314
5299,0.00153818
5300,0.00176658
5301,0.01643177
5302,0.00760396
5303,0.02256540
5304,0.00076538
5305,0.00203675
5306,0.00269756
5307,0.00351061
5308,0.00417957
5309,0.00218741
5310,0.01027619
5311,0.00309980
5312,0.00258490
5313,0.00406632
5314,0.03058584
5315,0.00720213
5316,0.00312289
5317,0.00097482
5318,0.01743692
5319,0.01072167
5320,0.00262550
5321,0.00165042
5322,0.00113593
5323,0.00285076
5324,0.01134964
5325,0.00404347
5326,0.00182044
5327,0.00165870
5328,0.00180563
5329,0.00346267
5330,0.00159930
5331,0.00260361
5332,0.00558250
5333,0.00224290
5334,0.00608157
5335,0.11948625
5336,0.00817013
5337,0.00210384
5338,0.00712691
5339,0.00621203
5340,0.97987468
5341,0.00282532
5342,0.00113147
5343,0.00270034
5344,0.00447694
5345,0.00595363
5346,0.00116304
5347,0.00177857
5348,0.00767130
5349,0.00300641
5350,0.00240570
5351,0.00219057
5352,0.00622256
5353,0.71642864
5354,0.00203694
5355,0.00214191
5356,0.00458780
5357,0.00185769
5358,0.00241544
5359,0.00059603
5360,0.00193104
5361,0.00288122
5362,0.01109121
5363,0.00253421
5364,0.00507976
5365,0.00358631
5366,0.00318552
5367,0.00055771
5368,0.00191378
5369,0.00213400
5370,0.00177424
5371,0.00134037
5372,0.00161799
5373,0.00109805
5374,2.22876378
5375,0.00300696
5376,0.00403894
5377,0.00179524
5378,0.00367838
5379,0.00401111
5380,0.00248572
5381,0.00261808
5382,0.00366997
5383,0.00220483
5384,0.00301764
5385,0.02377600
5386,0.00219461
5387,0.00179485
5388,0.00290602
5389,0.01364856
5390,0.00166113
5391,0.00273367
5392,0.00215273
5393,0.00168630
5394,0.00116371
5395,0.00314633
5396,0.00358161
5397,0.00173905
5398,0.00397707
5399,0.00281349
5400,0.01772641
5401,0.00307494
5402,0.00705167
5403,0.00332986
5404,0.01197224
5405,2.18829536
5406,0.00690352
5407,0.00093063
5408,0.00146215
5409,0.00264557
5410,0.00137551
5411,0.00537578
5412,0.00087982
5413,0.00176191
5414,0.00219220
5415,0.00314070
5416,0.00205144
5417,0.00354714
5418,0.00260749
5419,0.00194063
5420,0.00182767
5421,0.00178900
5422,0.00185280
5423,0.00132124
5424,0.00436502
5425,0.00316392
5426,0.01059088
5427,0.00134965
5428,0.00111889
5429,0.01692568
5430,0.01187472
5431,0.00215575
5432,0.00114897
5433,0.00779135
5434,0.01158554
5435,0.00193141
5436,0.00375333
5437,0.00425794
5438,0.73819191
5439,0.00364618
5440,0.00168140
5441,0.00320009
5442,0.00160213
5443,0.00744302
5444,0.00144117
5445,0.00148682
5446,0.00218575
5447,0.00427294
5448,0.00177123
5449,0.00559667
5450,0.00223123
5451,0.00149460
5452,0.00165618
5453,0.00165100
5454,0.01213640
5455,0.00595839
5456,0.00158081
5457,0.00095466
5458,0.00081002
5459,0.00298889
5460,0.00172076
5461,0.00324200
5462,0.00082291
5463,0.00133800
5464,0.00200518
5465,0.00407300
5466,0.00173228
5467,0.00137187
5468,0.00281644
5469,0.00064427
5470,0.00231645
5471,0.00368801
5472,0.00146207
5473,0.00145806
5474,0.00498285
5475,0.00315636
5476,0.00280162
5477,0.00244552
5478,0.00322573
5479,0.00180408
5480,0.00093564
5481,0.00208153
5482,0.00142980
5483,0.00601216
5484,0.00263578
5485,0.00152088
5486,0.00203315
5487,0.00262993
5488,0.00272516
5489,0.00164474
5490,0.00220733
5491,0.00207521
5492,0.00212818
5493,0.00577898
5494,0.00330940
5495,0.00149893
5496,0.00268840
5497,0.55797983
5498,0.00337069
5499,0.01123116
5500,0.00247704
5501,0.00249536
5502,0.00232133
5503,0.00190644
5504,0.00325112
5505,0.00197118
5506,0.00294650
5507,0.00447826
5508,0.00494454
5509,0.00413178
5510,0.00139200
5511,0.00705204
5512,0.00219360
5513,0.00062504
5514,0.00550545
5515,0.00076677
5516,0.00170677
5517,0.00115561
5518,0.00427351
5519,0.00322312
5520,0.00738026
5521,0.00088792
5522,0.00575001
5523,0.00861273
5524,0.00454714
5525,0.00198352
5526,0.00113067
5527,0.00289747
5528,0.00263258
5529,0.00262180
5530,0.00199383
5531,0.00182710
5532,0.00259550
5533,0.00212712
5534,0.00174138
5535,0.00093600
5536,0.00203978
5537,0.00337565
5538,0.00264280
5539,0.00159559
5540,0.00096842
5541,0.00305775
5542,0.00245813
5543,0.00272715
5544,0.00172577
5545,0.00655570
5546,0.02156316
5547,0.00273405
5548,1.33220570
5549,0.00318577
5550,0.00155426
5551,0.00232784
5552,0.00160846
5553,0.00292644
5554,0.00930034
5555,0.00124078
5556,0.00585139
5557,0.00066027
5558,2.10461768
5559,0.00492711
5560,0.00075598
5561,0.00191748
5562,0.00445497
5563,0.00699266
5564,0.00052488
5565,0.00095930
5566,0.00470102
5567,0.00381804
5568,0.00796485
5569,0.00219398
5570,0.00217694
5571,0.00290247
5572,0.00237081
5573,0.00322793
5574,0.01752131
5575,0.00117542
5576,0.06786965
5577,0.01433516
5578,0.00692261
5579,0.00223144
5580,0.00192612
5581,0.00210107
5582,1.50431326
5583,0.00171909
5584,0.00219683
5585,0.00708174
5586,0.00264421
5587,0.00465404
5588,0.00129902
5589,0.00161233
5590,0.00226123
5591,0.00182571
5592,0.00423574
5593,0.00206330
5594,0.00621713
5595,0.00042254
5596,0.00147609
5597,0.00114697
5598,0.00210648
5599,0.00271644
5600,0.00555891
5601,0.01224683
5602,0.00201512
5603,0.00359924
5604,0.00259203
5605,0.01260783
5606,0.00290327
5607,0.00930779
5608,0.00102875
5609,0.00092929
5610,0.01595181
5611,0.00257116
5612,0.00479163
5613,0.00264000
5614,0.00168554
5615,0.00103161
5616,0.00101133
5617,0.00112668
5618,0.00205100
5619,0.00163128
5620,0.00246506
5621,0.02423796
5622,0.00326474
5623,0.00334007
5624,1.56362464
5625,0.00554985
5626,0.00045695
5627,0.00096646
5628,0.00360588
5629,0.00113317
5630,0.62729154
5631,0.00208085
5632,0.00092802
5633,0.00362668
5634,0.00150894
5635,0.00298037
5636,0.00178235
5637,0.00343064
5638,0.01086662
5639,0.00199466
5640,0.00168294
5641,0.00341503
5642,0.01162517
5643,0.00182686
5644,0.00047808
5645,0.00518495
5646,0.00276894
5647,0.01700734
5648,0.00776150
5649,0.00359022
5650,0.00223807
5651,0.00116549
5652,0.00228785
5653,0.00122129
5654,0.00167476
5655,0.00181934
5656,0.00041487
5657,0.00251691
5658,0.00181385
5659,0.00224432
5660,0.00105782
5661,0.01321953
5662,0.00091472
5663,0.00727826
5664,0.78734145
5665,0.00181871
5666,0.00243398
5667,0.00107624
5668,0.00103084
5669,0.00070351
5670,0.00186362
5671,0.00387767
5672,0.00205087
5673,0.00012589
5674,1.35155120
5675,0.00774451
5676,0.01243823
5677,0.00170106
5678,0.00163009
5679,0.00198463
5680,0.00797198
5681,0.00252212
5682,0.00286540
5683,0.00202888
5684,0.00380947
5685,0.00288947
5686,0.19554898
5687,0.00199024
5688,0.00657380
5689,0.00236112
5690,0.00253347
5691,0.00412888
5692,0.00202280
5693,0.00178115
5694,0.00048677
5695,0.00215627
5696,0.01670500
5697,0.00181556
5698,0.00154260
5699,0.00339021
5700,0.00273010
5701,0.00141977
5702,0.00511893
5703,0.00175992
5704,0.00096594
5705,1.87262731
5706,0.02089073
5707,0.00094122
5708,0.00100424
5709,0.00236135
5710,0.00184027
5711,0.00994415
5712,0.00104584
5713,0.00270982
5714,0.00248651
5715,0.00244254
5716,0.00161412
5717,0.00244888
5718,0.00206836
5719,0.00459070
5720,0.00114657
5721,0.00373949
5722,0.00155323
5723,0.00155493
5724,0.00224461
5725,0.00128187
5726,0.00402463
5727,0.00182759
5728,0.08997314
5729,0.00164235
5730,0.00167926
5731,0.00240193
5732,0.00428593
5733,0.00177761
5734,0.00226358
5735,0.00143502
5736,0.00102320
5737,0.00614295
5738,0.00143071
5739,0.00173578
5740,0.00200679
5741,0.00178611
5742,0.01231093
5743,0.00230402
5744,0.02403634
5745,0.00181676
5746,0.00365707
5747,0.00432138
5748,0.00108022
5749,0.00095969
5750,0.00337643
5751,0.01334357
5752,0.00220822
5753,0.01571366
5754,0.00348200
5755,0.00148520
5756,2.35734483
5757,0.00136025
5758,0.00447838
5759,0.00232228
5760,0.00226859
5761,0.00292101
5762,0.00216846
5763,0.00570097
5764,0.00713087
5765,0.00737547
5766,0.00268058
5767,0.00245916
5768,0.03619152
5769,0.00517652
5770,0.00198764
5771,0.00244200
5772,0.00367949
5773,0.00297831
5774,0.00104236
5775,0.00270613
5776,0.00593006
5777,0.00115198
5778,0.00178329
5779,0.00147139
5780,0.00139548
5781,1.47842687
5782,0.00297054
5783,0.00277653
5784,0.00238244
5785,0.00231509
5786,0.02569766
5787,0.00211800
5788,0.00115011
5789,0.00170575
5790,0.00097767
5791,0.00217945
5792,0.00448180
5793,0.00050229
5794,0.00261430
5795,0.00263697
5796,0.00268082
5797,0.00166987
5798,0.00741511
5799,0.00179179
5800,0.00243623
5801,0.00199368
5802,0.01718420
5803,0.00179593
5804,0.00172216
5805,0.00108759
5806,0.00108403
5807,0.00636575
5808,0.00114937
5809,0.00721207
5810,0.00427252
5811,0.00127856
5812,0.00179121
5813,0.00108314
5814,0.00237469
5815,0.00230326
5816,0.00245380
5817,0.00141848
5818,0.00246093
5819,0.00416773
5820,0.00079613
5821,0.01139634
5822,0.00279047
5823,0.00321358
5824,0.01020933
5825,0.00333028
5826,0.00202478
5827,0.00130385
5828,0.00445356
5829,0.00161894
5830,0.01118323
5831,0.00218846
5832,0.00278480
5833,0.24736850
5834,0.00172575
5835,0.00701815
5836,0.00211075
5837,2.09473862
5838,0.00200773
5839,0.00137166
5840,0.00410805
5841,0.00250188
5842,0.00724215
5843,0.00181722
5844,0.00356017
5845,0.00850283
5846,0.88437285
5847,0.00191595
5848,0.00293567
5849,0.00196267
5850,0.00203736
5851,0.00215815
5852,0.00655571
5853,0.00142551
5854,0.00401647
5855,0.00350416
5856,0.00313904
5857,0.00245833
5858,0.00859360
5859,0.00478153
5860,0.00174733
5861,0.01048992
5862,0.00331124
5863,0.00188140
5864,0.00808911
5865,0.00421241
5866,0.00195136
5867,0.00113263
5868,0.00217000
5869,0.01264745
5870,0.01549859
5871,0.00170857
5872,0.00186532
5873,0.00419207
5874,0.00168095
5875,0.00150985
5876,0.00214862
5877,0.01144269
5878,0.00488638
5879,0.00177608
5880,0.00518977
5881,0.00406881
5882,0.00159783
5883,0.00393034
5884,0.00274678
5885,0.00248504
5886,0.00577112
5887,0.00184477
5888,0.00375594
5889,0.00193607
5890,0.00178977
5891,0.95922524
5892,0.00454187
5893,0.00284465
5894,0.00202114
5895,0.00226077
5896,0.00151659
5897,0.00080066
5898,0.00067503
5899,0.00134132
5900,0.00294694
5901,0.00002417
5902,0.00430767
5903,0.00186443
5904,0.00754390
5905,0.01362973
5906,0.00494658
5907,0.00275997
5908,0.00429504
5909,0.00314449
5910,0.00112088
5911,0.00436463
5912,0.00443743
5913,0.00259976
5914,0.00215830
5915,0.00220209
5916,0.00382747
5917,0.00550501
5918,0.00285058
5919,0.00202612
5920,0.00331637
5921,0.00780075
5922,0.00242761
5923,0.00225842
5924,0.01266400
5925,0.00236357
5926,0.00233676
5927,0.00163640
5928,0.00304182
5929,0.00595588
5930,0.00158727
5931,0.00251840
5932,0.00335827
5933,0.00181765
5934,0.00286199
5935,0.00205181
5936,1.06087778
5937,0.00267535
5938,0.00189915
5939,0.00202589
5940,0.00194300
5941,0.00325114
5942,0.00123873
5943,0.00161932
5944,0.00294179
5945,0.50346408
5946,0.00115532
5947,0.00308098
5948,0.00170446
5949,0.00906051
5950,0.00120494
5951,0.00442026
5952,0.00230655
5953,0.00154104
5954,0.01095810
5955,0.00257434
5956,0.00716588
5957,0.01672276
5958,0.00528533
5959,0.00295810
5960,0.00081759
5961,0.00328671
5962,0.00357751
5963,0.00085755
5964,0.00197629
5965,0.00290767
5966,0.00235489
5967,0.00463776
5968,0.00252317
5969,0.00306179
5970,0.00122152
5971,0.00346988
5972,0.00161046
5973,0.00168297
5974,0.00147960
5975,0.00135690
5976,0.00257439
5977,0.00114400
5978,0.00194101
5979,0.00248904
5980,0.00310591
5981,0.00228497
5982,0.00779794
5983,0.00924775
5984,0.00187822
5985,0.00255158
5986,0.00148641
5987,0.00099322
5988,0.00595145
5989,0.00232282
5990,0.00222521
5991,0.00290670
5992,0.00562948
5993,0.00155444
5994,0.00695726
5995,0.00156294
5996,0.00220217
5997,0.00238189
5998,0.00676034
5999,0.00130749
6000,0.00163065
6001,0.00258104
6002,0.00198085
6003,0.00709942
6004,0.00574972
6005,0.00315235
6006,0.00190316
6007,0.00286315
6008,0.00188650
6009,1.12386836
6010,0.00212291
6011,0.00314461
6012,0.00160216
6013,0.00215581
6014,0.00203318
6015,0.00695932
6016,0.00383851
6017,0.00310060
6018,0.00290098
6019,0.00284274
6020,0.01619073
6021,0.00095929
6022,0.00252071
6023,0.00187956
6024,0.00425820
6025,0.00253945
6026,0.00578515
6027,0.00150597
6028,0.00191350
6029,0.00155607
6030,0.00336757
6031,0.00588064
6032,0.00153401
6033,0.00444142
6034,0.00080597
6035,0.71092412
6036,0.00141887
6037,0.00326688
6038,0.00327532
6039,0.00149848
6040,0.00202991
6041,0.00283690
6042,0.01608922
6043,1.69221497
6044,0.00280630
6045,0.00109765
6046,0.00442661
6047,0.00133883
6048,0.00208270
6049,0.00095575
6050,0.00141044
6051,0.00125041
6052,0.00261387
6053,0.00125974
6054,0.00150353
6055,0.00152461
6056,0.00111800
6057,0.00172519
6058,0.00048254
6059,0.00126960
6060,0.00451648
6061,0.00146131
6062,0.00315649
6063,0.00583458
6064,0.01365595
6065,0.00499354
6066,0.00366768
6067,0.00290047
6068,0.29208508
6069,0.00566143
6070,0.00190566
6071,0.00725638
6072,0.00201900
6073,0.00206433
6074,0.00090564
6075,0.00186085
6076,0.00350457
6077,0.00298265
6078,0.00085885
6079,0.00328648
6080,0.00053062
6081,0.01581749
6082,0.01070688
6083,0.00177807
6084,0.00373490
6085,0.00268091
6086,0.00101786
6087,0.00175916
6088,0.00186441
6089,0.00128917
6090,0.00118778
6091,0.00329540
6092,0.00118199
6093,0.02119473
6094,0.00796359
6095,0.00488596
6096,0.00792697
6097,0.00389933
6098,0.00570516
6099,0.00756659
6100,0.02399757
6101,0.00078695
6102,0.00134803
6103,0.00698981
6104,0.00144868
6105,0.01690940
6106,0.00200663
6107,0.00257020
6108,0.00256577
6109,0.00177119
6110,0.01786631
6111,0.00405836
6112,0.35720215
6113,0.00263129
6114,0.00163637
6115,0.00428479
6116,0.00442650
6117,0.00670910
6118,0.00284532
6119,0.00270446
6120,0.00261299
6121,1.87986323
6122,0.00161051
6123,0.00293761
6124,0.00463561
6125,0.00166469
6126,0.00163471
6127,0.00296111
6128,0.01138234
6129,0.00128849
6130,0.00368538
6131,0.00297400
6132,0.00347028
6133,0.00694527
6134,0.00290750
6135,0.00564615
6136,0.00303063
6137,0.00876207
6138,0.00349610
6139,0.01449020
6140,0.00304692
6141,0.00043758
6142,0.00180454
6143,0.00085729
6144,0.00371258
6145,0.00303994
6146,0.00181832
6147,0.00202156
6148,0.00042052
6149,0.00363597
6150,0.00140387
6151,0.00190132
6152,0.00052267
6153,0.00218493
6154,0.00668463
6155,0.00183877
6156,0.00188617
6157,0.00334977
6158,0.00399547
6159,0.00127473
6160,0.00262795
6161,0.00139629
6162,0.00197911
6163,0.00222552
6164,0.00204504
6165,0.00773764
6166,0.00434182
6167,0.00121214
6168,1.35876534
6169,0.00566659
6170,0.00053823
6171,0.00231512
6172,0.00185003
6173,0.00196457
6174,0.00415708
6175,0.00556620
6176,0.00266380
6177,1.58756333
6178,0.00181295
6179,0.00237491
6180,0.00140948
6181,0.00904941
6182,0.00111694
6183,0.00732095
6184,0.00470767
6185,0.00266497
6186,0.00246917
6187,0.00161785
6188,0.00157129
6189,0.01361959
6190,0.00268737
6191,0.00225399
6192,0.00203052
6193,0.00194777
6194,0.00198971
6195,0.00132274
6196,0.00256075
6197,0.00100112
6198,0.00190273
6199,0.00436691
6200,0.00284112
6201,0.00129500
6202,0.02303100
6203,0.00227307
6204,0.00000010
6205,0.00895823
6206,0.00745580
6207,0.00312924
6208,0.01019185
6209,0.00223879
6210,0.00171643
6211,0.00308051
6212,0.00306262
6213,0.00137305
6214,0.00666236
6215,0.00207464
6216,0.00412222
6217,0.02622228
6218,0.00216246
6219,0.00147462
6220,0.00268237
6221,0.00008483
6222,0.00096529
6223,0.00212721
6224,0.00278100
6225,0.00242704
6226,0.00161323
6227,0.00167442
6228,0.00221712
6229,0.00412708
6230,0.00157038
6231,0.01548149
6232,0.00848356
6233,0.00230547
6234,0.00095726
6235,0.06766271
6236,0.00060292
6237,0.00362482
6238,0.00192828
6239,0.00190406
6240,0.00303645
6241,0.00230730
6242,0.00178269
6243,0.00229482
6244,0.00226118
6245,0.00126308
6246,0.00108681
6247,1.52802242
6248,0.00042077
6249,1.06337474
6250,0.00216628
6251,0.01033740
6252,0.00302793
6253,0.01221925
6254,0.01070405
6255,0.00107413
6256,0.00297538
6257,0.02453540
6258,0.00211931
6259,0.00235717
6260,0.00290897
6261,0.01195836
6262,0.00189687
6263,0.01710801
6264,0.00620811
6265,0.00142418
6266,0.00399432
6267,0.00321053
6268,0.00110895
6269,0.00303306
6270,0.00458439
6271,0.00820454
6272,0.00136843
6273,0.00321719
6274,0.00446890
6275,0.96563194
6276,0.02506843
6277,0.00371605
6278,0.00585519
6279,0.00253918
6280,0.00170899
6281,0.00208281
6282,0.00111106
6283,0.00257784
6284,0.00076779
6285,0.00161679
6286,0.00153918
6287,0.00548512
6288,0.00659699
6289,0.00357727
6290,0.00233863
6291,0.00156848
6292,0.00325434
6293,0.00480177
6294,0.00125542
6295,0.00222591
6296,0.00612293
6297,0.00230554
6298,0.00114824
6299,0.00139084
6300,0.00199944
6301,0.00100952
6302,0.23249006
6303,0.00876235
6304,0.00213033
6305,0.00100982
6306,0.00220491
6307,0.00172789
6308,0.00600167
6309,0.00347882
6310,0.00342552
6311,0.00219897
6312,0.00383094
6313,0.00285014
6314,0.00161797
6315,0.00226936
6316,0.00249402
6317,0.00403097
6318,0.00196058
6319,0.00211684
6320,0.01194012
6321,0.00202825
6322,0.00544400
6323,0.00193527
6324,0.02702523
6325,0.00157705
6326,0.00109401
6327,0.00195735
6328,0.00560033
6329,0.00120177
6330,0.00325213
6331,0.01394490
6332,0.00872776
6333,0.00112512
6334,0.00326516
6335,0.00749343
6336,0.01011267
6337,0.00103060
6338,0.00184193
6339,0.00504278
6340,0.00301148
6341,0.00380652
6342,0.00183905
6343,0.00107786
6344,0.00143226
6345,0.01049636
6346,0.00277774
6347,0.00228646
6348,0.00259341
6349,0.00351337
6350,0.00446182
6351,1.61027322
6352,0.00225173
6353,0.01263096
6354,0.00362502
6355,0.00320365
6356,0.00188426
6357,0.00023279
6358,0.00223342
6359,0.00181290
6360,0.00196267
6361,0.00178693
6362,0.01678574
6363,0.00174136
6364,0.00115670
6365,0.00223809
6366,1.46049655
6367,0.00143921
6368,0.00266544
6369,0.00194558
6370,0.00266433
6371,0.00282012
6372,0.00516798
6373,0.00683669
6374,0.00168440
6375,0.01373367
6376,0.00146260
6377,0.00754595
6378,0.00131609
6379,0.00197455
6380,0.00188047
6381,0.00216308
6382,0.00266937
6383,0.00128115
6384,0.00452788
6385,0.00254596
6386,0.00138343
6387,0.00255047
6388,0.00481043
6389,0.00128917
6390,0.02794560
6391,0.00360833
6392,0.00305658
6393,0.00272529
6394,0.00280030
6395,0.00197226
6396,0.02019375
6397,0.00235552
6398,0.00716980
6399,0.00387646
6400,0.01702235
6401,0.00231043
6402,0.00667116
6403,0.00171047
6404,0.00329651
6405,0.00251072
6406,0.00555185
6407,0.00313164
6408,0.00233198
6409,0.15442472
6410,0.00259221
6411,0.00153295
6412,0.00431104
6413,0.00109062
6414,0.00494426
6415,0.00401305
6416,0.00114047
6417,0.00081452
6418,0.00205289
6419,0.00907949
6420,0.00348024
6421,0.00373708
6422,0.00219287
6423,0.00164255
6424,0.00203382
6425,0.00283419
6426,0.00169241
6427,0.01353775
6428,1.42435714
6429,0.00314829
6430,0.00110313
6431,0.00470696
6432,0.17146427
6433,0.00247952
6434,0.00167869
6435,0.00701285
6436,0.00263604
6437,0.00332574
6438,0.00099284
6439,0.00836210
6440,0.00262491
6441,0.96267174
6442,0.00173361
6443,0.00201057
6444,0.00765962
6445,0.00107843
6446,0.00238435
6447,0.00218538
6448,0.00093086
6449,0.00227585
6450,0.00187653
6451,0.00195991
6452,0.00166173
6453,0.00265478
6454,0.00046759
6455,0.00311013
6456,0.00839480
6457,0.00181783
6458,0.00182188
6459,0.00213335
6460,0.00369947
6461,0.00776500
6462,0.00195315
6463,0.00159189
6464,0.00273990
6465,0.00417662
6466,0.00478697
6467,0.00121155
6468,0.00466495
6469,0.00718401
6470,0.00120814
6471,0.00444990
6472,0.00128836
6473,0.00191032
6474,0.01146857
6475,0.00153100
6476,0.00233521
6477,0.00170839
6478,0.00155056
6479,0.00232512
6480,0.00197404
6481,0.00162606
6482,0.00292922
6483,0.00085731
6484,0.00261742
6485,0.00386639
6486,1.86359113
6487,0.47997279
6488,0.00596896
6489,0.00191245
6490,0.00251057
6491,0.00127690
6492,0.00268083
6493,0.00170153
6494,0.01766695
6495,0.00831025
6496,0.00406707
6497,0.00261855
6498,0.00253654
6499,0.00207157
6500,0.00091069
6501,0.00218077
6502,0.00132632
6503,0.00604505
6504,0.00169440
6505,0.00177946
6506,0.00044722
6507,0.00197339
6508,0.00193620
6509,1.07149007
6510,0.00986790
6511,0.00225440
6512,0.00199373
6513,0.00090509
6514,0.00759007
6515,0.60543084
6516,0.00182497
6517,0.00378893
6518,0.00243159
6519,0.00317070
6520,0.00525078
6521,0.00911015
6522,0.00394987
6523,0.00423843
6524,0.00369761
6525,0.00374373
6526,0.00107141
6527,0.01101764
6528,0.00226132
6529,0.00429573
6530,0.00227891
6531,0.06856963
6532,0.00250625
6533,0.00342846
6534,0.00335125
6535,0.00049337
6536,0.00193901
6537,0.00188750
6538,0.00227161
6539,0.23284262
6540,0.00297612
6541,0.00403777
6542,0.00174392
6543,0.00781436
6544,0.01087892
6545,0.00167403
6546,0.00254396
6547,0.00234762
6548,0.00211437
6549,0.00229247
6550,0.00186852
6551,0.48611219
6552,0.00711286
6553,0.00713295
6554,0.00522191
6555,0.00096834
6556,0.02085084
6557,0.00189960
6558,0.00252821
6559,0.00372802
6560,0.00264057
6561,0.00215485
6562,0.00862765
6563,0.00299209
6564,0.00438850
6565,0.00199732
6566,0.00234964
6567,0.00362067
6568,0.00255315
6569,0.00209880
6570,0.00177179
6571,0.00380284
6572,0.00158751
6573,0.00136671
6574,0.00362930
6575,0.00740176
6576,0.00174931
6577,0.00487342
6578,0.00162403
6579,0.00264203
6580,0.00259307
6581,0.00263704
6582,0.00240536
6583,0.00205102
6584,0.02665704
6585,0.00262835
6586,0.00310175
6587,1.52777893
6588,0.00256381
6589,0.00595582
6590,0.00213086
6591,0.00751241
6592,0.00302055
6593,0.00605911
6594,1.72281223
6595,0.00403660
6596,0.00514914
6597,0.00123978
6598,0.00219895
6599,0.00098763
6600,0.01048519
6601,0.00632145
6602,0.00166310
6603,0.00527723
6604,0.00352507
6605,0.00106360
6606,0.00540144
6607,0.06534796
6608,0.00254775
6609,0.00388392
6610,0.00521838
6611,0.00355808
6612,0.00203318
6613,0.00057973
6614,0.00192802
6615,0.00381188
6616,0.00163295
6617,0.00198786
6618,0.00206674
6619,0.00198342
6620,0.00807349
6621,0.00729555
6622,0.00142481
6623,0.02227110
6624,0.00445686
6625,0.00339775
6626,0.00161356
6627,0.00171711
6628,0.00213780
6629,0.00827925
6630,0.00228593
6631,0.00239578
6632,0.00326191
6633,0.00042140
6634,0.00161642
6635,0.00113272
6636,0.00410763
6637,0.00408211
6638,0.00265921
6639,0.00104706
6640,0.00119200
6641,0.00144132
6642,0.00047388
6643,0.00101753
6644,0.00150587
6645,0.00217772
6646,0.00243645
6647,0.00367428
6648,0.00579665
6649,0.00239575
6650,0.00230121
6651,0.00360092
6652,0.00432606
6653,0.01022138
6654,0.00248321
6655,0.00390471
6656,0.00124492
6657,0.01198661
6658,0.00259035
6659,0.00136293
6660,0.00355904
6661,0.00556400
6662,0.00240598
6663,0.00308063
6664,0.00463671
6665,0.01276201
6666,0.00243595
6667,0.00381610
6668,0.00122609
6669,0.00243762
6670,0.00144974
6671,0.00094615
6672,1.80421509
6673,0.00112852
6674,0.00130234
6675,0.00378477
6676,0.00354005
6677,0.00414161
6678,0.00269316
6679,0.00132257
6680,0.00105738
6681,0.00220982
6682,0.00771747
6683,0.00115846
6684,0.01002527
6685,0.00005078
6686,0.00120528
6687,0.00107363
6688,0.00163848
6689,0.00946241
6690,0.00161081
6691,0.07402612
6692,0.00121035
6693,0.00262984
6694,0.00755687
6695,0.00161396
6696,0.00163966
6697,0.00100512
6698,0.00354207
6699,0.03831304
6700,0.00253676
6701,0.00097105
6702,0.01414753
6703,0.00389256
6704,0.00219396
6705,0.00318735
6706,0.00385125
6707,0.00123961
6708,0.00199780
6709,0.00211639
6710,0.00366349
6711,0.00171113
6712,0.00184055
6713,0.00166063
6714,0.00210640
6715,0.00215808
6716,0.00152749
6717,0.00473070
6718,0.00150286
6719,0.00080348
6720,0.00187270
6721,0.00041799
6722,0.00004333
6723,0.00332576
6724,0.00175232
6725,0.00105910
6726,0.00132862
6727,0.00295224
6728,0.00195789
6729,0.00299234
6730,0.00575551
6731,0.00188793
6732,0.00549928
6733,0.00222142
6734,0.00145160
6735,0.00141331
6736,0.01418989
6737,0.00531268
6738,0.00216678
6739,0.00563874
6740,0.00238818
6741,0.00195293
6742,0.00240205
6743,0.00189590
6744,0.00386258
6745,0.00243268
6746,0.00143568
6747,0.02379352
6748,0.00218444
6749,0.00370518
6750,0.00190147
6751,0.00358286
6752,0.01510041
6753,0.00114985
6754,0.00161180
6755,0.00219143
6756,0.00420328
6757,0.00248320
6758,0.00120456
6759,0.01787341
6760,0.00699138
6761,0.00312045
6762,0.00155387
6763,0.01321056
6764,0.00116317
6765,0.00354356
6766,1.16556331
6767,0.00208846
6768,0.00509259
6769,0.00226023
6770,0.00488653
6771,0.00884015
6772,0.00111780
6773,0.00228410
6774,0.00341546
6775,0.31423002
6776,0.00618043
6777,0.00338154
6778,0.00094882
6779,0.00259249
6780,0.00131819
6781,0.00593487
6782,0.00170728
6783,0.00605721
6784,0.00553396
6785,0.00453406
6786,0.00172654
6787,0.00171404
6788,0.00183825
6789,0.00303388
6790,0.00482830
6791,0.00691284
6792,0.00151019
6793,0.00208006
6794,0.00423876
6795,0.00197159
6796,0.00313666
6797,0.00435205
6798,0.00211309
6799,0.00200570
6800,0.00243969
6801,0.00163093
6802,0.00412215
6803,0.00361124
6804,0.00531863
6805,0.00498049
6806,0.00106545
6807,0.00229720
6808,0.01578345
6809,0.00194091
6810,0.00310466
6811,0.00187366
6812,0.00125919
6813,0.00102407
6814,0.00392190
6815,0.01664053
6816,0.00354304
6817,0.00111071
6818,0.00224587
6819,0.00316313
6820,0.00088935
6821,0.00599757
6822,0.00223991
6823,0.06347781
6824,0.00191912
6825,0.00251256
6826,0.00166843
6827,0.00360475
6828,0.00110400
6829,0.00271655
6830,0.00178285
6831,0.00708337
6832,0.00325022
6833,0.00201982
6834,0.00162812
6835,0.00446561
6836,0.00073661
6837,0.00155548
6838,0.00080231
6839,0.00247542
6840,0.01092978
6841,0.02069049
6842,0.00199980
6843,0.00589426
6844,0.00687274
6845,1.66395986
6846,0.00986824
6847,0.00230634
6848,0.00365677
6849,0.00256019
6850,0.00628965
6851,0.00051600
6852,0.00338525
6853,0.00149871
6854,0.01307251
6855,0.00257465
6856,0.00291264
6857,0.00145269
6858,0.00245505
6859,0.00279470
6860,0.00908670
6861,0.00258340
6862,0.00293347
6863,0.00350153
6864,0.00346445
6865,0.00396452
6866,0.00173465
6867,0.00283136
6868,0.00259402
6869,0.00187561
6870,0.00412165
6871,0.00759572
6872,0.00313791
6873,0.00238812
6874,0.00315416
6875,0.00164268
6876,0.00221144
6877,0.00124120
6878,0.00202271
6879,0.00248194
6880,0.00789981
6881,0.00200458
6882,0.00195653
6883,0.01271000
6884,0.00210755
6885,0.00213813
6886,1.39553562
6887,0.00410642
6888,0.00074938
6889,0.00269640
6890,0.00186555
6891,0.00166196
6892,0.00188964
6893,0.00317363
6894,0.00833486
6895,0.00105341
6896,0.00250988
6897,0.00496925
6898,0.00406516
6899,0.00175814
6900,0.25121983
6901,0.00520556
6902,0.00182438
6903,0.01102623
6904,0.00193429
6905,0.00230207
6906,0.00422569
6907,0.00301106
6908,0.00172838
6909,0.00325121
6910,0.00189183
6911,0.00424967
6912,0.01699457
6913,0.00274604
6914,0.00214466
6915,0.00245581
6916,0.00503711
6917,0.00369815
6918,0.00752726
6919,0.00139775
6920,0.00359353
6921,0.00120053
6922,0.00265300
6923,0.00129536
6924,0.00902874
6925,0.00314181
6926,0.00337091
6927,0.00138360
6928,0.00444341
6929,0.00428081
6930,0.00100494
6931,0.00179615
6932,0.00415082
6933,0.00170120
6934,0.00153910
6935,0.00828606
6936,0.01214486
6937,1.18833773
6938,0.00285246
6939,0.01212266
6940,0.00318774
6941,0.00412890
6942,0.00159873
6943,0.00107893
6944,0.00017710
6945,0.00303891
6946,0.00723816
6947,0.00117998
6948,0.00208740
6949,0.00134556
6950,0.02814671
6951,0.00119544
6952,0.00332036
6953,0.00452374
6954,0.03149809
6955,0.00145033
6956,0.00269897
6957,0.00264149
6958,0.00449688
6959,0.00233807
6960,0.00204165
6961,0.00058941
6962,0.01369191
6963,0.00346890
6964,0.00239999
6965,0.00144030
6966,0.00482541
6967,0.00242009
6968,0.00148573
6969,0.00195274
6970,0.00697048
6971,0.00368140
6972,0.23437635
6973,0.00213572
6974,0.00283146
6975,0.00806202
6976,0.00192998
6977,0.01640534
6978,0.00204874
6979,0.00511684
6980,0.00221328
6981,0.00318124
6982,0.00170584
6983,0.00088606
6984,0.00185484
6985,0.00627473
6986,0.00184460
6987,0.00173173
6988,0.00318675
6989,0.06926436
6990,0.00281280
6991,0.00348832
6992,0.00313235
6993,0.00396592
6994,0.00237134
6995,0.00183324
6996,0.00399668
6997,0.00302186
6998,0.00171463
6999,0.00202799
7000,0.00258481
7001,0.00075460
7002,0.00185877
7003,0.00284714
7004,0.01097458
7005,0.00155656
7006,0.66107280
7007,0.00539422
7008,0.00592934
7009,0.00838304
7010,1.13123113
7011,0.00904420
7012,0.00375855
7013,0.00364291
7014,0.00129834
7015,0.00236444
7016,0.00198235
7017,0.00254164
7018,0.31334542
7019,1.19839505
7020,0.13378587
7021,1.19955932
7022,0.00762909
7023,0.00326744
7024,0.00198093
7025,0.00272543
7026,0.00108940
7027,0.00465014
7028,0.00214978
7029,0.00518203
7030,0.00395920
7031,0.00541676
7032,0.00195486
7033,0.00337900
7034,0.01679963
7035,0.00185942
7036,0.00192318
7037,0.00722932
7038,0.00359062
7039,0.00222075
7040,0.00422794
7041,0.00099551
7042,1.00524646
7043,0.00829412
7044,0.71246400
7045,0.00389074
7046,0.00442585
7047,0.00071827
7048,0.00064017
7049,0.00266230
7050,0.00584963
7051,0.00186700
7052,0.00797849
7053,0.00156950
7054,0.00170558
7055,0.00732641
7056,0.00194967
7057,0.00014677
7058,0.00169804
7059,0.00212907
7060,0.45144018
7061,0.00122119
7062,0.00200815
7063,0.00095086
7064,0.00554021
7065,0.00422874
7066,0.00187187
7067,0.00463513
7068,0.00217108
7069,0.00553098
7070,0.00181688
7071,0.00422358
7072,0.00416388
7073,0.00424929
7074,0.01333642
7075,0.00283537
7076,0.00045816
7077,0.00204731
7078,0.00225033
7079,0.00177893
7080,0.00297942
7081,0.00050743
7082,0.00317541
7083,0.00224653
7084,0.00158047
7085,0.02793021
7086,0.00448213
7087,0.00660090
7088,0.00812190
7089,0.00152955
7090,0.00261595
7091,0.00249937
7092,0.00666871
7093,0.00464218
7094,0.00206836
7095,0.00186062
7096,0.00160134
7097,0.00447467
7098,0.00316945
7099,0.00167079
7100,0.00176084
7101,0.79663480
7102,0.00224893
7103,0.00246004
7104,0.00211854
7105,0.00355840
7106,0.00261756
7107,0.00081789
7108,0.00586937
7109,0.00232010
7110,0.00258793
7111,0.00163917
7112,0.00773770
7113,0.00491254
7114,0.00385775
7115,0.00043592
7116,0.00185278
7117,0.00208598
7118,0.00349837
7119,0.00198174
7120,0.00168958
7121,0.00551591
7122,0.00235199
7123,0.00265008
7124,0.00231948
7125,0.00291876
7126,0.00356351
7127,0.00211970
7128,0.00416925
7129,0.00199798
7130,0.00193574
7131,0.00619789
7132,0.00193772
7133,0.00184200
7134,0.00179840
7135,0.00449965
7136,0.00285536
7137,0.12623604
7138,0.00264384
7139,0.00845528
7140,0.00595153
7141,0.00174519
7142,0.00397064
7143,0.00173543
7144,0.00858077
7145,0.00189183
7146,0.00115418
7147,0.89350799
7148,0.00230292
7149,0.01167775
7150,0.87986594
7151,0.00581708
7152,0.00233077
7153,0.00164445
7154,0.00153777
7155,0.00358651
7156,1.61338831
7157,0.00438726
7158,0.00449204
7159,0.00171073
7160,0.00266828
7161,0.00308296
7162,0.00090693
7163,0.00193834
7164,0.00139549
7165,0.00151142
7166,0.00343304
7167,0.00191881
7168,0.00198871
7169,0.00094585
7170,0.00129393
7171,0.00172690
7172,0.00197151
7173,0.51250388
7174,0.00242370
7175,0.00586923
7176,0.01681635
7177,0.00224153
7178,0.00390455
7179,0.00278400
7180,0.00279034
7181,0.00394644
7182,0.00253958
7183,0.00185047
7184,0.00101322
7185,0.00113007
7186,0.00353943
7187,0.00223452
7188,0.00252042
7189,0.00135722
7190,0.63655554
7191,0.00140682
7192,0.00443079
7193,0.00584966
7194,0.00110266
7195,0.00246819
7196,0.00227443
7197,0.00887734
7198,0.00247773
7199,0.02541964
7200,0.00143558
7201,0.00320648
7202,0.00106836
7203,0.00195256
7204,0.00153388
7205,0.00106827
7206,0.00281909
7207,0.00225660
7208,0.02085501
7209,0.00430318
7210,0.00211249
7211,1.53088321
7212,0.01407581
7213,0.00186276
7214,0.00177683
7215,0.00119182
7216,0.00252336
7217,0.00325373
7218,0.00352967
7219,0.00170217
7220,0.80307217
7221,0.00007063
7222,0.00172559
7223,0.00205840
7224,0.00357282
7225,0.00430411
7226,0.00155788
7227,0.00152273
7228,0.00231061
7229,0.00201556
7230,0.00400293
7231,0.00251324
7232,0.00230921
7233,0.00625558
7234,0.00215390
7235,0.00630786
7236,0.00300814
7237,0.00407124
7238,0.00374455
7239,0.00528725
7240,0.00176285
7241,0.70588358
7242,0.00182500
7243,0.00465520
7244,1.09086056
7245,0.00174633
7246,0.00141950
7247,0.00418584
7248,0.00244993
7249,0.00069477
7250,0.75663034
7251,0.00102141
7252,0.00506253
7253,0.00154322
7254,0.00715749
7255,0.00688435
7256,0.00056633
7257,0.00293592
7258,0.00228958
7259,0.00439677
7260,0.00217471
7261,0.00188170
7262,0.00483215
7263,0.00516422
7264,0.00329055
7265,0.00318328
7266,0.00394392
7267,0.00075552
7268,0.00333338
7269,0.00380997
7270,0.00115871
7271,0.00159540
7272,0.00195894
7273,0.00458943
7274,0.00257096
7275,0.00180268
7276,0.00280518
7277,0.00142227
7278,0.00240074
7279,0.00336445
7280,0.00264903
7281,0.00425761
7282,0.03066574
7283,0.08102485
7284,0.00226634
7285,0.00279117
7286,0.01029342
7287,0.00086874
7288,0.00229508
7289,0.01211456
7290,0.00252393
7291,0.00043794
7292,0.00111056
7293,0.00176619
7294,0.88271760
7295,0.00432928
7296,0.00209341
7297,0.02514968
7298,0.00198343
7299,0.00377982
7300,0.00239856
7301,0.00164091
7302,0.00483892
7303,0.00493515
7304,0.00540644
7305,0.01142758
7306,0.00350087
7307,0.00169986
7308,0.44904024
7309,0.00128024
7310,0.01059466
7311,0.00351398
7312,0.00166282
7313,0.00337935
7314,0.00631966
7315,0.00108992
7316,0.00113385
7317,0.00233438
7318,0.00391772
7319,0.00470895
7320,0.00280150
7321,0.00387059
7322,0.00159735
7323,0.00214194
7324,0.00271756
7325,0.00261566
7326,0.00288131
7327,0.01849472
7328,0.00270060
7329,0.00447621
7330,0.01300780
7331,0.00122424
7332,0.00228473
7333,0.00181512
7334,0.00832359
7335,0.00426910
7336,0.00081322
7337,0.00187256
7338,0.00177934
7339,0.00280061
7340,0.00674957
7341,0.01252205
7342,0.00897233
7343,0.00893059
7344,0.00329664
7345,0.00193953
7346,0.00430912
7347,0.00675522
7348,0.00305129
7349,0.00257650
7350,0.00184487
7351,0.00093599
7352,0.00413648
7353,0.00138502
7354,0.00523726
7355,0.00344889
7356,0.00215364
7357,0.00284825
7358,0.00294782
7359,0.00145178
7360,1.83291275
7361,0.00147534
7362,0.00178377
7363,0.00323532
7364,0.00094957
7365,0.00295048
7366,0.00381566
7367,0.00206929
7368,0.00216242
7369,0.01705964
7370,0.00279553
7371,0.00338126
7372,0.00196741
7373,0.00112209
7374,0.00181707
7375,0.00314147
7376,0.00155263
7377,0.00663677
7378,0.01388168
7379,0.80327939
7380,0.00908037
7381,0.00630840
7382,0.00138887
7383,0.00179980
7384,0.00589798
7385,0.00078645
7386,0.00227887
7387,0.00070966
7388,0.00252567
7389,0.00317065
7390,0.00222953
7391,0.00235101
7392,0.00478740
7393,0.00198722
7394,0.00248246
7395,0.00775515
7396,0.00691853
7397,0.00299202
7398,0.15583211
7399,0.00434124
7400,0.00482714
7401,0.00395931
7402,0.00188424
7403,0.00239984
7404,0.00230533
7405,0.00546151
7406,0.00198863
7407,0.00276722
7408,0.00284241
7409,0.00237482
7410,0.00575297
7411,0.00422723
7412,0.00311257
7413,0.00256206
7414,0.01513956
7415,0.00127457
7416,0.00150393
7417,0.00714374
7418,0.00067393
7419,0.00087666
7420,0.00100103
7421,0.00129786
7422,0.00653933
7423,0.00427060
7424,0.00173238
7425,0.00134001
7426,0.00073722
7427,0.00388682
7428,0.00222318
7429,0.00442253
7430,0.00177920
7431,0.00000736
7432,0.00249069
7433,0.00910797
7434,0.00196589
7435,0.00190809
7436,0.00208743
7437,0.00504775
7438,0.00353757
7439,0.00243142
7440,0.00452304
7441,0.00195554
7442,0.00216207
7443,0.00272644
7444,0.00700817
7445,0.00445637
7446,0.00243643
7447,0.00334587
7448,0.00175218
7449,0.00439967
7450,0.00285849
7451,0.00166236
7452,0.00485311
7453,0.00272235
7454,0.00809840
7455,0.00134366
7456,0.00049154
7457,0.00301956
7458,0.00204210
7459,0.00506259
7460,0.00300170
7461,0.00240542
7462,0.00348251
7463,0.00562306
7464,0.00295076
7465,0.00298635
7466,0.00204931
7467,0.13202317
7468,0.00164738
7469,0.00205159
7470,0.41673520
7471,0.00000052
7472,0.00214813
7473,0.00254550
7474,0.00885657
7475,0.00787628
7476,0.00372692
7477,0.00152073
7478,0.00340350
7479,2.02951026
7480,0.00146232
7481,0.52968034
7482,0.01751530
7483,0.00222071
7484,0.00139020
7485,0.00118171
7486,0.00377787
7487,0.00102270
7488,0.00614900
7489,0.00585553
7490,0.00192786
7491,0.59017504
7492,0.00177419
7493,0.00179495
7494,0.00197803
7495,0.00219704
7496,0.00141869
7497,0.00246216
7498,0.00211535
7499,0.00095749
7500,0.00164369
7501,0.00172891
7502,0.00161891
7503,0.00212067
7504,0.64526893
7505,0.00078145
7506,0.00501679
7507,0.01336080
7508,0.00371177
7509,0.00923552
7510,0.00210291
7511,0.00256456
7512,0.00238626
7513,0.00342818
7514,0.00426273
7515,0.00157397
7516,0.00175051
7517,0.00598806
7518,0.00413070
7519,0.00215900
7520,0.00186568
7521,0.00094674
7522,0.00194809
7523,0.76202857
7524,0.00281779
7525,0.00201370
7526,0.00177010
7527,0.00206665
7528,0.00124273
7529,0.00290097
7530,0.00132837
7531,0.00257957
7532,0.00124171
7533,1.16054282
7534,0.00217183
7535,0.00410242
7536,0.00097827
7537,0.00141716
7538,0.00168967
7539,0.00226550
7540,0.00329297
7541,0.00796374
7542,0.01045658
7543,0.00118795
7544,0.00048400
7545,0.00532355
7546,0.00802181
7547,0.01383947
7548,0.00179762
7549,0.00466259
7550,0.00142793
7551,0.00793936
7552,0.00176858
7553,0.00181316
7554,0.00416505
7555,0.00179942
7556,0.00287307
7557,0.00136994
7558,0.00262677
7559,0.00061530
7560,0.00148251
7561,0.00170051
7562,0.00099321
7563,0.00142109
7564,0.00266842
7565,0.00168863
7566,0.00188418
7567,0.00267061
7568,0.00180530
7569,0.00167434
7570,0.00277814
7571,0.00189285
7572,0.00282303
7573,0.00202087
7574,0.00110963
7575,0.00144110
7576,0.00200994
7577,0.00370658
7578,0.00346676
7579,0.00620573
7580,0.00272550
7581,0.00371388
7582,0.00174212
7583,0.00074288
7584,0.00337339
7585,0.00141121
7586,0.00187190
7587,0.00376293
7588,0.00204194
7589,0.00252489
7590,0.00770780
7591,0.00111143
7592,0.00237149
7593,0.00570737
7594,0.00366163
7595,0.00254556
7596,0.00692708
7597,0.00230278
7598,0.01487404
7599,0.00174867
7600,0.00196335
7601,0.00082448
7602,0.00507421
7603,0.00497756
7604,0.00354938
7605,0.00137233
7606,0.01193374
7607,0.00326642
7608,0.00308265
7609,0.00265660
7610,0.00209007
7611,0.00107734
7612,0.00242995
7613,0.00047796
7614,0.00138985
7615,0.00270866
7616,0.00432770
7617,0.02768214
7618,0.01172908
7619,0.00165175
7620,0.00113531
7621,0.00208063
7622,0.00119975
7623,0.00230098
7624,0.00120900
7625,0.00427525
7626,0.00119533
7627,0.00094177
7628,0.00214865
7629,0.00128250
7630,0.00215738
7631,0.00122440
7632,0.00280071
7633,0.00263329
7634,0.00193441
7635,0.00318203
7636,0.00156588
7637,0.00345281
7638,0.01109556
7639,0.00131968
7640,0.00134042
7641,0.02282588
7642,0.00403394
7643,0.02708007
7644,0.04841866
7645,0.00281068
7646,0.01194838
7647,0.00194653
7648,0.00382467
7649,0.00088275
7650,0.00352144
7651,0.00959095
7652,0.00246224
7653,0.65243071
7654,0.00585126
7655,0.01302194
7656,0.00160151
7657,0.00521752
7658,0.00205638
7659,0.00364818
7660,0.00177563
7661,0.00283266
7662,0.00262828
7663,0.00203960
7664,0.00130170
7665,0.00224750
7666,0.00170571
7667,0.00234796
7668,0.00450138
7669,0.00168707
7670,0.00550794
7671,0.00398094
7672,0.01740857
7673,0.00232206
7674,0.01362533
7675,0.00208849
7676,0.00341474
7677,0.00152546
7678,0.00109338
7679,0.01423250
7680,0.00529658
7681,0.00233804
7682,0.00113255
7683,0.00140280
7684,0.00062579
7685,0.00211844
7686,0.00564509
7687,0.00078797
7688,0.00447549
7689,0.00264276
7690,0.00205124
7691,0.00470248
7692,0.00211304
7693,0.00283861
7694,0.00456616
7695,0.00160603
7696,0.00353876
7697,0.00178667
7698,0.00051618
7699,0.00160080
7700,0.00298805
7701,0.00696879
7702,0.00342795
7703,0.00189662
7704,0.00102852
7705,0.00199848
7706,0.00551825
7707,0.00127385
7708,0.00296186
7709,0.00197492
7710,0.00968122
7711,0.00139956
7712,0.00159187
7713,0.00171377
7714,0.00443290
7715,0.91756505
7716,0.00200527
7717,0.00245735
7718,0.00891575
7719,0.00355251
7720,0.00208656
7721,0.01035660
7722,0.04445489
7723,0.00227053
7724,0.00496802
7725,0.00317277
7726,0.00380652
7727,0.00208455
7728,0.00108077
7729,0.00281863
7730,0.00137858
7731,0.00808078
7732,0.00271285
7733,0.00265646
7734,0.01610634
7735,0.00151302
7736,0.00110636
7737,0.00163215
7738,0.00265794
7739,0.00190339
7740,0.00137135
7741,0.02445416
7742,0.71290813
7743,0.00238090
7744,0.00443789
7745,0.00155988
7746,0.00289256
7747,0.00828013
7748,0.07273062
7749,0.00180554
7750,0.00127945
7751,0.00244351
7752,0.00178967
7753,0.00008108
7754,0.00395250
7755,0.00203144
7756,0.00119205
7757,0.00293807
7758,0.00236000
7759,0.00260980
7760,0.00109242
7761,0.00131092
7762,0.00196737
7763,0.00219413
7764,0.02167436
7765,0.00019521
7766,0.00310038
7767,1.49949940
7768,0.00231013
7769,0.01145656
7770,0.00176088
7771,0.00283422
7772,0.00152894
7773,0.00263019
7774,0.00153494
7775,0.00551158
7776,0.02277426
7777,0.00194602
7778,0.00146252
7779,0.00321132
7780,0.00349625
7781,0.00225299
7782,0.00183745
7783,0.00083175
7784,0.00388724
7785,0.00130655
7786,0.00227666
7787,0.00163228
7788,0.00414102
7789,0.00371558
7790,0.00613513
7791,0.00715358
7792,0.02334456
7793,0.00330639
7794,0.00224323
7795,0.00131931
7796,0.00186179
7797,0.00858943
7798,0.00710312
7799,0.00192200
7800,0.80518199
7801,0.00212481
7802,0.00428472
7803,0.01597702
7804,0.00182173
7805,0.00171584
7806,0.00503512
7807,0.00420973
7808,0.00152754
7809,0.00341652
7810,0.00580590
7811,0.00307072
7812,0.00164005
7813,0.00126020
7814,0.00231776
7815,0.00207845
7816,0.00422819
7817,0.00163968
7818,0.00739295
7819,0.00153607
7820,0.00157075
7821,0.02594113
7822,0.00239428
7823,0.00147804
7824,0.00144959
7825,0.01694149
7826,0.00266204
7827,0.00775499
7828,0.00260711
7829,0.00234298
7830,0.00376012
7831,0.00773658
7832,0.02350230
7833,0.00165597
7834,0.00141123
7835,0.00417852
7836,0.00399353
7837,0.01083198
7838,0.00365681
7839,0.00122137
7840,0.00269105
7841,0.00137049
7842,0.00051189
7843,0.00285420
7844,0.00261300
7845,0.00241246
7846,0.00593600
7847,0.00228499
7848,0.00146459
7849,0.01810703
7850,0.00267338
7851,0.02134078
7852,0.00485077
7853,0.00113286
7854,0.00104543
7855,0.00409506
7856,0.00619173
7857,0.08196900
7858,0.00210587
7859,0.00304500
7860,0.00220121
7861,0.00682082
7862,0.00239150
7863,0.00197171
7864,0.00178660
7865,0.00648574
7866,0.00186315
7867,0.00258397
7868,0.00151862
7869,0.00362179
7870,0.00177854
7871,0.00171003
7872,1.63134628
7873,0.00350451
7874,0.00223742
7875,0.00244991
7876,0.01187136
7877,0.00235140
7878,0.00156948
7879,0.00128391
7880,0.00147831
7881,0.00276854
7882,0.00188231
7883,0.00128202
7884,0.00240378
7885,0.00203994
7886,0.00221016
7887,0.00213906
7888,0.00432453
7889,0.01311880
7890,0.02741029
7891,0.00054963
7892,0.00739907
7893,0.00262560
7894,0.00072375
7895,0.00374279
7896,0.00157706
7897,0.00180466
7898,0.00008481
7899,0.00152930
7900,0.00620712
7901,0.01459273
7902,0.00137593
7903,0.00266608
7904,0.00172138
7905,0.00088766
7906,0.00654673
7907,0.00151068
7908,0.00226521
7909,0.02453786
7910,0.00284224
7911,0.00572023
7912,0.00077655
7913,0.00286207
7914,0.00129710
7915,0.00190084
7916,0.00179345
7917,0.00533721
7918,0.00845902
7919,0.00245051
7920,0.00284435
7921,0.00381824
7922,0.00110482
7923,0.00125818
7924,0.00367494
7925,0.02501599
7926,0.00374114
7927,0.00189049
7928,0.00169934
7929,0.00234334
7930,0.00180398
7931,0.00239074
7932,0.00259489
7933,0.00195872
7934,0.00169582
7935,0.00049039
7936,0.00166263
7937,0.00479518
7938,0.00313658
7939,0.00183432
7940,0.00180263
7941,0.00703290
7942,0.00408113
7943,0.00083004
7944,0.01731239
7945,0.00266185
7946,0.00474672
7947,0.00279005
7948,0.00218154
7949,0.00183980
7950,0.00201468
7951,0.00286266
7952,0.00584683
7953,0.00184817
7954,0.36711539
7955,0.00050915
7956,0.00178757
7957,0.00187746
7958,0.00439910
7959,0.00172122
7960,0.00272668
7961,0.00160900
7962,0.00318292
7963,0.00578103
7964,0.00098839
7965,0.00542919
7966,0.00197454
7967,0.00266567
7968,0.00258960
7969,0.00976885
7970,0.00375317
7971,0.00264199
7972,0.00300648
7973,0.00143034
7974,0.00196084
7975,0.00235242
7976,0.01026646
7977,0.00198446
7978,0.00518473
7979,0.00621145
7980,0.00629809
7981,0.00167282
7982,0.00206685
7983,0.00780563
7984,0.00418455
7985,0.00284067
7986,0.00197879
7987,0.00417637
7988,0.00243916
7989,0.00225547
7990,0.00227553
7991,0.00155047
7992,0.00345998
7993,0.00441126
7994,0.00113753
7995,0.00172305
7996,0.00510188
7997,0.00185140
7998,0.00366738
7999,0.00659343
8000,0.00779317
8001,0.00157229
8002,0.00298689
8003,0.00202486
8004,0.00291353
8005,0.00246153
8006,0.00113929
8007,0.00083838
8008,0.00265398
8009,0.00297603
8010,0.02193281
8011,0.00046981
8012,0.00277324
8013,0.00494620
8014,0.00356853
8015,0.00369053
8016,0.00600431
8017,0.00208519
8018,0.00534167
8019,0.00069381
8020,0.02338277
8021,0.00247197
8022,0.01178562
8023,0.00103771
8024,0.00185177
8025,0.00394620
8026,0.00745710
8027,0.00295141
8028,0.00214181
8029,1.61346669
8030,0.00379349
8031,0.00190643
8032,0.00431030
8033,0.00073440
8034,0.00102868
8035,0.00243936
8036,0.00410559
8037,0.00252075
8038,0.00209189
8039,0.00499816
8040,0.00236407
8041,0.00423014
8042,0.00257033
8043,0.00243024
8044,0.00281501
8045,0.01524672
8046,0.00261430
8047,0.00180030
8048,0.00212307
8049,0.00276615
8050,0.00419537
8051,0.00212538
8052,0.00335636
8053,0.00335987
8054,0.00115281
8055,0.00225951
8056,0.00201480
8057,0.00069932
8058,0.00294699
8059,0.01464921
8060,0.00335632
8061,0.00103780
8062,0.00155401
8063,0.01837060
8064,0.00517624
8065,0.00212731
8066,0.00153622
8067,0.00134584
8068,0.00188296
8069,0.00109408
8070,0.00213843
8071,0.00235471
8072,0.00048732
8073,0.00308618
8074,0.00138038
8075,0.00121370
8076,0.00205489
8077,0.00238206
8078,0.00243642
8079,0.00423153
8080,0.00363171
8081,0.00998896
8082,0.00162114
8083,0.00226793
8084,0.00134320
8085,0.01690437
8086,0.00205676
8087,0.00277685
8088,0.13075160
8089,0.00241264
8090,0.00569940
8091,0.00275098
8092,0.00134441
8093,0.00152722
8094,0.00130042
8095,0.01444399
8096,0.00215009
8097,0.00302329
8098,0.00702991
8099,0.00114106
8100,0.00258770
8101,1.39449641
8102,0.00239494
8103,0.00245937
8104,0.00336855
8105,0.00196678
8106,0.00228326
8107,0.00305924
8108,0.00867824
8109,0.00152554
8110,0.01076994
8111,0.00172308
8112,0.00144870
8113,0.00195425
8114,0.00198366
8115,0.00362067
8116,0.00610017
8117,0.00108975
8118,0.00262541
8119,0.00237045
8120,0.00112077
8121,0.00369096
8122,0.00196082
8123,0.00435655
8124,0.00171608
8125,0.00122153
8126,0.00226157
8127,0.00063619
8128,0.00286714
8129,0.00310204
8130,0.00169936
8131,0.02606468
8132,0.00178906
8133,0.00019975
8134,0.00247094
8135,0.00286980
8136,0.01022965
8137,0.00127289
8138,0.00310899
8139,0.00341322
8140,0.00434568
8141,0.00105410
8142,0.00185338
8143,0.01727276
8144,0.00208672
8145,0.00180405
8146,0.00277698
8147,0.00280033
8148,0.00360787
8149,1.28661272
8150,0.04404731
8151,0.00173368
8152,0.00207071
8153,0.00231316
8154,0.00121179
8155,0.00252258
8156,0.00682981
8157,0.00325939
8158,0.00134177
8159,0.00318346
8160,0.00121225
8161,0.00874992
8162,0.00845554
8163,0.01004178
8164,0.00213024
8165,0.00070432
8166,0.00589170
8167,0.00123476
8168,0.00103006
8169,0.00268510
8170,0.00443832
8171,0.00349041
8172,0.02083642
8173,0.00288435
8174,0.01125699
8175,0.00210248
8176,1.72924400
8177,0.00113378
8178,0.00149603
8179,0.00098381
8180,0.00185089
8181,0.00555344
8182,0.00584957
8183,0.00212223
8184,0.00095025
8185,0.00170458
8186,0.00217797
8187,0.00532468
8188,0.01663237
8189,1.99104713
8190,0.00174627
8191,0.00178181
8192,0.00201054
8193,0.00248818
8194,0.00791995
8195,0.00209497
8196,0.00293047
8197,0.00309047
8198,0.00114560
8199,0.00203037
8200,0.00400189
8201,0.00719257
8202,0.00354017
8203,0.00217642
8204,0.00188199
8205,0.01197753
8206,0.00141562
8207,0.53854614
8208,0.00294869
8209,0.00360487
8210,0.01565600
8211,0.00828230
8212,0.00177443
8213,0.00406899
8214,0.00204145
8215,0.00208729
8216,0.00139564
8217,0.00208651
8218,0.00165793
8219,0.00185090
8220,0.00495751
8221,0.01624100
8222,0.00240468
8223,0.00170508
8224,0.12720040
8225,0.00163563
8226,0.00143913
8227,0.00456863
8228,0.00092875
8229,0.00277053
8230,0.00477816
8231,0.00128475
8232,0.00155975
8233,0.00104134
8234,0.00756587
8235,0.00181977
8236,0.00169228
8237,0.00176799
8238,0.00186205
8239,0.00263184
8240,0.00699588
8241,0.00105754
8242,0.00365934
8243,0.00512883
8244,0.00261234
8245,0.00213221
8246,0.00244755
8247,0.00173348
8248,0.00342625
8249,0.00801182
8250,0.00374533
8251,0.00208044
8252,0.00427443
8253,0.00234328
8254,0.00119211
8255,0.00149713
8256,0.01111442
8257,0.00280191
8258,0.00158164
8259,0.00078537
8260,0.00171641
8261,0.00135544
8262,0.00117719
8263,0.00285348
8264,0.00377088
8265,0.00220078
8266,0.00102270
8267,0.00127500
8268,0.00192943
8269,0.01008685
8270,0.82516689
8271,0.00225943
8272,0.02826914
8273,0.00306430
8274,0.69983134
8275,0.02722496
8276,0.00173759
8277,0.00260306
8278,0.00171003
8279,0.00370385
8280,0.00250637
8281,0.00379964
8282,0.00548270
8283,0.00218371
8284,0.00152225
8285,0.00181828
8286,0.00273394
8287,0.00338409
8288,0.00362793
8289,0.00224225
8290,0.00205893
8291,0.00188281
8292,0.01050115
8293,0.00442006
8294,0.00193678
8295,0.00412904
8296,0.00955585
8297,0.00308955
8298,1.21187296
8299,0.00406971
8300,0.00844673
8301,0.00307143
8302,0.00889893
8303,0.00120150
8304,0.00048221
8305,0.00113385
8306,0.00465304
8307,0.00316799
8308,0.00482533
8309,0.00529128
8310,0.00270180
8311,0.20664488
8312,0.00176070
8313,0.00134172
8314,0.00178201
8315,0.00172752
8316,0.01194092
8317,0.00220464
8318,0.00179714
8319,0.00329232
8320,0.00178655
8321,0.00405117
8322,0.00258721
8323,0.41143834
8324,0.00174819
8325,0.00760523
8326,0.00223483
8327,0.00306079
8328,0.00196451
8329,0.00297645
8330,0.00606313
8331,0.00070316
8332,0.00235807
8333,1.80621064
8334,0.00108025
8335,0.00417035
8336,0.00787491
8337,0.00070114
8338,0.00294541
8339,0.00360242
8340,0.00172613
8341,0.00362172
8342,0.00090725
8343,0.00093512
8344,0.00225146
8345,0.01229538
8346,0.00350909
8347,0.00114300
8348,0.00098032
8349,0.00374858
8350,0.52686676
8351,0.00227706
8352,0.00234807
8353,0.00666873
8354,0.00300098
8355,0.00543095
8356,0.00265017
8357,0.00479586
8358,0.00497399
8359,0.00155881
8360,0.00366944
8361,0.00368757
8362,0.01202066
8363,0.00423462
8364,0.01575374
8365,0.00162852
8366,0.00279625
8367,0.00351247
8368,0.00398146
8369,0.83244046
8370,0.00236209
8371,0.00267077
8372,0.02468148
8373,0.00220798
8374,0.00361501
8375,0.00451413
8376,2.20206402
8377,0.00183902
8378,0.00862129
8379,0.00308108
8380,0.00260044
8381,0.00732882
8382,0.00489200
8383,0.00224948
8384,0.00261669
8385,0.00180160
8386,0.00178513
8387,0.01409834
8388,0.00336532
8389,0.20215550
8390,0.00303578
8391,0.00078696
8392,0.00432244
8393,0.00301876
8394,0.00168102
8395,0.00809812
8396,0.00201234
8397,2.22554931
8398,0.00170387
8399,0.00073693
8400,0.00191306
8401,0.00218633
8402,0.00221633
8403,0.00096432
8404,0.00207443
8405,0.00276938
8406,0.00241205
8407,0.00342521
8408,0.00251779
8409,0.00196231
8410,0.01688884
8411,0.00173119
8412,0.00590390
8413,0.00182870
8414,0.00348292
8415,0.00206279
8416,0.00083012
8417,0.00241350
8418,0.00108062
8419,0.00188577
8420,0.00487781
8421,0.00168546
8422,0.00426516
8423,0.00621698
8424,0.00418595
8425,0.00263231
8426,0.00235793
8427,0.03029886
8428,0.00493694
8429,0.00419043
8430,0.00175767
8431,0.00319621
8432,0.00254108
8433,0.00332706
8434,0.00382360
8435,0.00333360
8436,0.00185404
8437,0.00177348
8438,0.00064303
8439,0.00266254
8440,0.01660398
8441,0.00239519
8442,0.00169763
8443,0.00551412
8444,0.00171548
8445,0.00185907
8446,0.02106164
8447,0.00137555
8448,0.00201884
8449,0.00147475
8450,0.01091017
8451,0.00149915
8452,0.00414152
8453,0.00302490
8454,1.30532943
8455,0.00222336
8456,0.00622274
8457,0.00156984
8458,0.00168386
8459,0.00249900
8460,0.00204137
8461,0.00120968
8462,0.00329095
8463,0.00787020
8464,0.00108072
8465,0.00207682
8466,0.00181287
8467,0.00248964
8468,0.00312213
8469,0.00135246
8470,0.00504039
8471,0.00226864
8472,0.00104913
8473,0.00962177
8474,0.00264225
8475,0.00178855
8476,0.00136238
8477,0.00081138
8478,0.00185903
8479,0.00200526
8480,0.00178063
8481,0.00639025
8482,0.00199917
8483,1.01635662
8484,0.00325755
8485,0.01509303
8486,0.00211534
8487,0.00359716
8488,0.00366631
8489,0.00118548
8490,0.00163948
8491,0.00167486
8492,0.00166628
8493,0.00224169
8494,0.00266330
8495,0.00656329
8496,0.00252695
8497,0.00347274
8498,0.00237180
8499,0.00194115
8500,0.00201915
8501,0.00261704
8502,0.00220729
8503,0.00198878
8504,0.00184948
8505,0.00873967
8506,0.00623229
8507,0.00174807
8508,0.00131721
8509,0.00199642
8510,0.00207569
8511,0.00147779
8512,0.00789029
8513,0.00325356
8514,0.01307760
8515,0.00347627
8516,0.00099999
8517,0.00134288
8518,0.00162511
8519,0.00527224
8520,0.68758188
8521,0.00101197
8522,0.00264834
8523,0.00067102
8524,0.00348149
8525,0.00272730
8526,0.00774051
8527,0.00258827
8528,0.00049404
8529,0.00301312
8530,0.00222072
8531,0.00112480
8532,0.00005209
8533,0.00202630
8534,0.00262854
8535,0.00178673
8536,0.00814985
8537,0.00344663
8538,0.00042388
8539,0.00241812
8540,0.02152531
8541,0.90742559
8542,0.00493187
8543,0.00217720
8544,0.01612228
8545,0.00226779
8546,0.00219336
8547,0.00438105
8548,0.00566078
8549,0.00097596
8550,0.00281196
8551,0.00408094
8552,0.00466908
8553,0.00735467
8554,0.00778246
8555,0.01187826
8556,0.01688694
8557,0.01011980
8558,0.00559641
8559,0.00714597
8560,0.51005914
8561,0.00235961
8562,0.00192833
8563,0.01051954
8564,0.00473683
8565,0.00821859
8566,0.00176434
8567,0.00464952
8568,0.00210115
8569,0.00193600
8570,0.00300044
8571,0.00391024
8572,0.00262853
8573,0.00411056
8574,0.00430935
8575,0.00312059
8576,0.00374743
8577,0.00187402
8578,2.31130117
8579,0.00192563
8580,0.00134048
8581,0.00146511
8582,0.00258822
8583,0.00207170
8584,2.35064316
8585,0.00167463
8586,0.02719963
8587,0.00141747
8588,0.00158017
8589,0.00113909
8590,0.00133392
8591,0.00187917
8592,0.00262490
8593,0.00251136
8594,0.00144085
8595,0.00105020
8596,0.00932314
8597,0.00288937
8598,0.00124299
8599,1.59693690
8600,0.00357451
8601,0.00262601
8602,0.00215305
8603,0.00168114
8604,0.00118241
8605,0.00140862
8606,0.00191262
8607,0.00268043
8608,0.00232542
8609,0.00211478
8610,0.00180397
8611,0.00205114
8612,0.00334368
8613,0.00202969
8614,0.00184809
8615,0.00730355
8616,0.00092666
8617,0.00331906
8618,0.00377353
8619,0.00710447
8620,0.00046211
8621,0.00228061
8622,0.00134426
8623,0.00329407
8624,0.00191183
8625,0.00231973
8626,0.00348292
8627,0.00050405
8628,0.00168860
8629,0.00248234
8630,0.00264004
8631,1.78684927
8632,0.00287241
8633,0.00301816
8634,0.00370420
8635,0.00380812
8636,0.00284450
8637,0.00410859
8638,0.00244812
8639,0.00693370
8640,0.00256157
8641,0.00150141
8642,0.00149193
8643,0.00238182
8644,0.00564005
8645,0.00193642
8646,0.00184346
8647,0.00220108
8648,0.00111715
8649,0.00221507
8650,0.00253679
8651,0.02486025
8652,0.00420240
8653,0.00079756
8654,0.00139223
8655,0.00329187
8656,0.00165446
8657,0.02094988
8658,0.00107869
8659,0.00142923
8660,0.00131978
8661,0.00171133
8662,0.00613697
8663,0.00130674
8664,0.00201724
8665,0.00216879
8666,0.00381282
8667,0.00315165
8668,0.00229905
8669,0.00856809
8670,0.00222664
8671,0.00352246
8672,0.00178978
8673,0.00177297
8674,0.01612171
8675,0.00204700
8676,0.01718997
8677,0.00159529
8678,0.00254689
8679,0.00273034
8680,0.00573146
8681,0.00175066
8682,0.00166937
8683,0.00369888
8684,0.00485053
8685,0.00292360
8686,0.00573090
8687,0.00241512
8688,0.00754273
8689,0.00317735
8690,0.00160816
8691,0.00220677
8692,0.00186877
8693,0.00368894
8694,0.00373767
8695,0.00740275
8696,0.00208167
8697,0.00288888
8698,0.00202437
8699,0.00040402
8700,0.00182556
8701,0.00270341
8702,0.00243771
8703,0.00417201
8704,0.00041929
8705,0.00166362
8706,0.00279558
8707,0.00342312
8708,0.00227683
8709,0.00208293
8710,0.01287244
8711,0.00540170
8712,0.00242022
8713,0.00059029
8714,0.00231506
8715,0.00260969
8716,0.00329136
8717,0.00429267
8718,0.00615552
8719,0.00214132
8720,0.00235095
8721,0.01102792
8722,0.00221420
8723,0.00091579
8724,2.02522569
8725,0.00194135
8726,0.00312996
8727,0.00146365
8728,0.00273087
8729,0.00335482
8730,0.01741982
8731,0.00264083
8732,0.00184800
8733,0.00247564
8734,0.00227133
8735,0.00070023
8736,0.00735766
8737,0.00140992
8738,0.00294815
8739,0.00184613
8740,0.00350860
8741,0.00139368
8742,0.00320412
8743,0.00044574
8744,0.00196848
8745,1.99430288
8746,0.00254493
8747,0.00187974
8748,0.00140754
8749,0.00284632
8750,0.00194434
8751,0.00214324
8752,0.00225514
8753,0.00277543
8754,0.00535613
8755,1.97690572
8756,0.00200939
8757,0.00124495
8758,0.00085747
8759,0.00179993
8760,0.00837025
8761,0.00598087
8762,0.00894021
8763,0.00228129
8764,0.00235996
8765,0.00087343
8766,0.00248029
8767,0.00313043
8768,0.00268814
8769,0.00933729
8770,0.00955655
8771,0.00177093
8772,0.00218361
8773,0.00469816
8774,0.00214534
8775,0.00171699
8776,0.00521216
8777,0.58281149
8778,0.00760291
8779,0.00429223
8780,0.00113944
8781,0.00219535
8782,0.00286969
8783,0.00545400
8784,0.00399216
8785,0.00113656
8786,0.00152772
8787,0.01634622
8788,0.00770668
8789,0.00269220
8790,0.00172961
8791,0.00330676
8792,0.00043725
8793,0.00313501
8794,0.00253235
8795,0.00073882
8796,0.00207171
8797,0.00552779
8798,0.00271566
8799,0.00174620
8800,0.02416667
8801,0.00120329
8802,0.00173016
8803,0.00182178
8804,0.00728225
8805,0.00242387
8806,0.00181126
8807,0.00233869
8808,0.00386415
8809,0.00106402
8810,0.00244837
8811,0.00192694
8812,0.00411120
8813,0.00224691
8814,0.00145307
8815,0.00178307
8816,0.00654285
8817,0.00223223
8818,0.00136258
8819,0.00170084
8820,0.00548688
8821,0.00145812
8822,0.00925456
8823,0.00218519
8824,0.00268603
8825,0.00451014
8826,1.36441443
8827,0.00197377
8828,0.00153840
8829,0.00136052
8830,0.00841281
8831,0.00477226
8832,0.00319813
8833,0.02321880
8834,0.00159286
8835,0.00402227
8836,0.00565495
8837,0.01628649
8838,0.00189380
8839,0.00168281
8840,0.00172046
8841,0.00363318
8842,0.00041734
8843,0.00126091
8844,0.00208088
8845,0.00204691
8846,0.00093793
8847,0.00104011
8848,0.00170764
8849,0.02389980
8850,0.00197739
8851,0.00252455
8852,0.00193831
8853,0.00140094
8854,0.00312353
8855,0.00536003
8856,0.00623587
8857,0.00688028
8858,0.00345595
8859,0.00781558
8860,0.00179555
8861,0.00177923
8862,0.00545686
8863,0.00157588
8864,0.00262240
8865,0.01917518
8866,1.71774371
8867,0.00117244
8868,0.00215826
8869,0.00266425
8870,0.00166174
8871,0.07970580
8872,0.00613411
8873,0.00330024
8874,0.00068322
8875,0.00147049
8876,0.00245259
8877,0.00272499
8878,0.00530406
8879,0.00199739
8880,0.47162612
8881,0.00218718
8882,0.00233822
8883,0.00395202
8884,0.00189018
8885,0.00419555
8886,0.01380526
8887,0.00353020
8888,0.00103277
8889,0.00256706
8890,0.01444862
8891,0.02112134
8892,0.00340177
8893,0.00183437
8894,0.00318368
8895,0.00235276
8896,0.00356926
8897,0.00205349
8898,0.00294939
8899,0.00176415
8900,0.00135715
8901,0.01912661
8902,0.00285707
8903,0.00168291
8904,0.00179677
8905,0.00577487
8906,0.00163227
8907,0.00332736
8908,0.00274846
8909,0.00233017
8910,0.00372774
8911,0.00391709
8912,0.00596251
8913,0.00331584
8914,0.00228474
8915,0.00315760
8916,0.00101039
8917,0.00051599
8918,0.02281302
8919,0.00391064
8920,0.00137108
8921,0.00202972
8922,0.00612367
8923,0.00178529
8924,0.05224692
8925,0.00161819
8926,0.00066297
8927,0.00476273
8928,0.00277928
8929,0.49102006
8930,0.00194496
8931,0.01114526
8932,0.00194939
8933,0.02826636
8934,0.00167909
8935,0.00024927
8936,0.00534417
8937,0.00402888
8938,0.00185763
8939,0.00170052
8940,0.43306197
8941,0.00145907
8942,0.00153334
8943,0.00663867
8944,0.00329405
8945,0.00259298
8946,0.00444310
8947,0.00173490
8948,0.00241538
8949,0.00174103
8950,0.00229753
8951,0.00462650
8952,0.00378310
8953,0.00306537
8954,0.00434308
8955,0.00273572
8956,0.00185217
8957,0.00284560
8958,0.00197886
8959,0.00339438
8960,0.00168352
8961,1.57282758
8962,0.00578741
8963,0.00175198
8964,0.01437890
8965,0.00669799
8966,0.00278752
8967,0.00190582
8968,0.00475657
8969,0.00117900
8970,0.00427770
8971,0.00645365
8972,0.00243423
8973,0.00237955
8974,0.00252668
8975,0.00119639
8976,0.00391999
8977,0.00243699
8978,0.00242841
8979,0.00184723
8980,0.00325830
8981,0.00276287
8982,1.23781507
8983,0.02279733
8984,0.00291829
8985,0.00194593
8986,0.00376962
8987,0.00212494
8988,0.00188997
8989,0.00204110
8990,0.00158889
8991,0.00157742
8992,0.00113618
8993,0.00164435
8994,0.00150995
8995,0.00189839
8996,0.00201360
8997,0.00525879
8998,0.00436287
8999,0.00156198
9000,0.00204794
9001,0.00330569
9002,0.00243069
9003,1.41527620
9004,0.00089553
9005,0.00095691
9006,0.00210455
9007,0.00086372
9008,0.00235413
9009,0.00573293
9010,0.00210974
9011,0.00340595
9012,0.00110642
9013,0.00226080
9014,0.00216722
9015,0.00210303
9016,0.00226109
9017,0.00255635
9018,0.00175545
9019,0.00356076
9020,0.00200396
9021,0.00370958
9022,0.00269053
9023,0.01057795
9024,0.00207037
9025,0.00206392
9026,0.00881065
9027,0.00200459
9028,0.00227425
9029,0.00826320
9030,0.00196753
9031,0.00440324
9032,0.00325435
9033,0.00226824
9034,0.00047759
9035,0.00271890
9036,0.00189228
9037,0.00212815
9038,0.00135222
9039,0.00234282
9040,0.00375314
9041,1.20344326
9042,0.00103797
9043,0.00200165
9044,0.00104175
9045,0.00210982
9046,0.00141153
9047,0.00109742
9048,0.00204507
9049,0.00231551
9050,0.00222664
9051,0.06019506
9052,1.10920954
9053,0.00091160
9054,0.00234583
9055,0.00084150
9056,0.00007255
9057,0.00299727
9058,0.00140567
9059,0.00195897
9060,0.00288579
9061,0.00212438
9062,0.00499818
9063,0.00572970
9064,0.00270549
9065,0.00276682
9066,0.00338143
9067,0.00262053
9068,0.00386122
9069,0.00210862
9070,0.00044933
9071,0.01125471
9072,0.01575035
9073,0.00072198
9074,0.00366133
9075,0.00717713
9076,0.00433120
9077,0.00309958
9078,0.00221209
9079,0.00191201
9080,0.00277905
9081,0.00576747
9082,0.00103975
9083,0.01120253
9084,0.00049748
9085,0.00190965
9086,0.00182813
9087,0.00452290
9088,0.00268165
9089,0.00204578
9090,0.01806826
9091,0.00301173
9092,0.00725761
9093,0.00180999
9094,0.00284732
9095,0.00142192
9096,0.00151932
9097,0.00155356
9098,0.00190103
9099,0.01622799
9100,0.00167593
9101,0.00163735
9102,0.00236049
9103,0.00737443
9104,0.00521238
9105,0.00290740
9106,0.00435527
9107,0.00159372
9108,0.00398941
9109,0.01500569
9110,0.00135565
9111,0.00425438
9112,0.00217762
9113,0.00575023
9114,0.00309702
9115,0.00138988
9116,0.00168775
9117,0.00206040
9118,0.83638676
9119,0.00142497
9120,0.00081491
9121,0.00289869
9122,0.00516892
9123,0.00834692
9124,0.00142494
9125,0.00352066
9126,0.00119106
9127,0.00131757
9128,0.00275543
9129,0.00163027
9130,0.00217123
9131,0.00288049
9132,0.00179764
9133,0.00251760
9134,0.00371406
9135,0.00104966
9136,0.07047811
9137,0.00282655
9138,0.00190759
9139,0.00203557
9140,0.00455828
9141,0.00429063
9142,0.00206314
9143,0.00187300
9144,0.00264546
9145,0.00095770
9146,0.00835163
9147,0.00470144
9148,0.00311441
9149,0.00446830
9150,0.00414881
9151,0.09576742
9152,0.00207670
9153,0.00138510
9154,0.00297458
9155,0.00150768
9156,0.00278923
9157,0.00325866
9158,0.00503291
9159,0.00165405
9160,0.00123226
9161,0.00191497
9162,0.00679260
9163,0.00113766
9164,0.00920146
9165,0.00493298
9166,0.37282128
9167,0.00301120
9168,0.00234993
9169,0.00298206
9170,0.00443974
9171,0.00309232
9172,0.00193120
9173,0.00270698
9174,0.00265395
9175,0.00262538
9176,0.00187244
9177,0.00271097
9178,0.01294470
9179,0.00242407
9180,0.00163093
9181,0.00183610
9182,0.00294112
9183,0.00143329
9184,0.00182247
9185,0.00299043
9186,0.00787670
9187,0.00109504
9188,0.00639457
9189,1.60030719
9190,0.00537332
9191,0.00201140
9192,0.00049433
9193,0.00317708
9194,0.00198552
9195,0.00092747
9196,0.00093162
9197,0.00134663
9198,0.00090374
9199,0.02754658
9200,0.00169524
9201,0.00209641
9202,0.00338525
9203,0.00341482
9204,0.17116699
9205,0.00197262
9206,0.00341922
9207,0.00194715
9208,0.02206977
9209,0.00450433
9210,0.00237147
9211,0.00240565
9212,0.00231302
9213,0.00216065
9214,1.05535316
9215,0.00243686
9216,0.00635810
9217,0.00229734
9218,0.00278882
9219,0.00480723
9220,0.00230545
9221,0.00133360
9222,0.06435478
9223,0.00273625
9224,1.74650202
9225,0.00431190
9226,0.00164579
9227,0.22193654
9228,0.00242785
9229,0.00391026
9230,0.00429432
9231,0.00186366
9232,0.00154005
9233,0.00151457
9234,0.00235105
9235,0.00320001
9236,0.00351485
9237,0.00323355
9238,0.00519890
9239,0.00704088
9240,0.00084753
9241,0.00173254
9242,0.00329896
9243,0.00589622
9244,0.00336327
9245,0.00142182
9246,0.00248202
9247,0.00756252
9248,0.00192075
9249,0.00137917
9250,0.00116004
9251,0.07706287
9252,0.00211002
9253,0.00443120
9254,0.00290020
9255,0.00284239
9256,0.00636499
9257,0.00352987
9258,0.00079522
9259,0.00117086
9260,0.00205059
9261,0.00187337
9262,0.00233849
9263,0.00231037
9264,0.00116610
9265,0.01373574
9266,0.00282852
9267,0.00155041
9268,0.00181557
9269,0.00212570
9270,0.00111025
9271,0.00570732
9272,0.00727656
9273,0.00178592
9274,1.29205249
9275,0.00249348
9276,0.00135114
9277,0.00197795
9278,0.00341582
9279,0.00234502
9280,0.00681105
9281,0.00319511
9282,0.00158412
9283,0.00796143
9284,0.00639554
9285,0.01385574
9286,0.00157335
9287,0.01677901
9288,0.00153661
9289,0.00162865
9290,0.00108192
9291,0.00324865
9292,0.00233109
9293,0.00158488
9294,0.00184079
9295,0.00351972
9296,0.00182231
9297,0.00388338
9298,0.00242291
9299,0.00352207
9300,0.00226816
9301,0.00357295
9302,0.00164602
9303,0.00154604
9304,0.00577129
9305,0.00566309
9306,0.00254822
9307,0.00309145
9308,0.00751242
9309,0.00445340
9310,0.00106131
9311,0.00295538
9312,0.57885184
9313,0.00046657
9314,0.00185619
9315,0.00517765
9316,0.01065059
9317,0.00133895
9318,0.00443321
9319,0.00276749
9320,0.00092004
9321,0.00236709
9322,0.00245967
9323,0.00191991
9324,0.00184922
9325,0.00145433
9326,0.00260709
9327,0.00220349
9328,0.00228051
9329,0.00228724
9330,0.00382724
9331,0.00242099
9332,0.00328912
9333,0.00760274
9334,0.00303504
9335,0.01324747
9336,0.00229341
9337,0.00321867
9338,0.00228570
9339,0.00196572
9340,0.00219609
9341,0.01261261
9342,0.00147030
9343,0.00083502
9344,0.00290860
9345,0.00193765
9346,0.00179148
9347,0.00296499
9348,1.65150257
9349,0.00141707
9350,0.00146501
9351,0.00163539
9352,0.00181113
9353,0.00246928
9354,0.00000846
9355,0.00317605
9356,0.00148461
9357,0.00543216
9358,0.00250931
9359,0.00167474
9360,0.00137986
9361,0.00142255
9362,0.00519584
9363,0.00047662
9364,0.01563806
9365,0.00413848
9366,0.00087450
9367,0.00654102
9368,0.00253034
9369,0.00104245
9370,0.00301593
9371,0.00192391
9372,0.00114999
9373,0.00292231
9374,0.00651396
9375,0.00111294
9376,0.00174146
9377,0.00121089
9378,0.00165852
9379,0.00274909
9380,0.00364494
9381,0.00360760
9382,0.00239779
9383,0.00268279
9384,0.00364147
9385,0.00450886
9386,0.00383413
9387,0.00301014
9388,0.00120541
9389,0.40406935
9390,0.00207236
9391,0.01504960
9392,0.00588376
9393,0.00230719
9394,0.00123467
9395,0.00766562
9396,0.00170975
9397,0.00134576
9398,0.00053537
9399,0.00298705
9400,0.00224666
9401,0.00219035
9402,0.00358580
9403,0.00196035
9404,0.00443840
9405,0.00748731
9406,0.00179252
9407,0.02261730
9408,0.04624651
9409,1.11822894
9410,0.00262531
9411,0.00636359
9412,0.00237768
9413,0.00169848
9414,0.00168153
9415,0.00246509
9416,0.00237486
9417,0.00200605
9418,0.00097825
9419,0.00330695
9420,0.01322216
9421,0.00195710
9422,0.00243829
9423,0.00743021
9424,0.00231240
9425,0.00310265
9426,0.00794450
9427,0.00006450
9428,0.00176993
9429,0.00122036
9430,0.00503740
9431,0.00328921
9432,0.01113833
9433,0.15415525
9434,1.88641860
9435,0.00333383
9436,0.00117690
9437,0.00126644
9438,0.00288246
9439,0.00270273
9440,0.00356476
9441,0.00316192
9442,0.00093567
9443,0.00269919
9444,0.00311620
9445,0.00576775
9446,0.00274840
9447,0.00310979
9448,0.00259754
9449,0.00877154
9450,0.00274504
9451,0.00598351
9452,0.00245178
9453,0.00564720
9454,0.00086401
9455,0.00277265
9456,0.00048551
9457,0.00274574
9458,0.00905615
9459,0.00198785
9460,0.00061656
9461,0.00385865
9462,0.00351820
9463,0.00043430
9464,0.00042546
9465,0.01229316
9466,0.01056644
9467,0.00192391
9468,0.00102967
9469,0.02451866
9470,0.00363438
9471,0.00716619
9472,0.00251673
9473,0.00388816
9474,0.06667077
9475,0.00221774
9476,0.00095296
9477,0.00281144
9478,0.00191522
9479,0.00392303
9480,0.00125754
9481,0.00219178
9482,0.27383969
9483,0.00084138
9484,0.00191921
9485,0.00163670
9486,0.00250301
9487,0.00395990
9488,0.00361562
9489,0.00133812
9490,0.00431151
9491,0.00307496
9492,0.00156982
9493,0.00141056
9494,0.00253413
9495,0.00370000
9496,0.00237474
9497,0.00297788
9498,0.00784183
9499,0.00438895
9500,0.00166814
9501,0.00212657
9502,0.00456694
9503,0.00175237
9504,0.00162617
9505,0.00589773
9506,0.00279434
9507,0.00501765
9508,0.83595274
9509,0.00175399
9510,0.00412899
9511,0.00112180
9512,0.00388578
9513,0.00245127
9514,0.00126338
9515,0.03322990
9516,0.00195220
9517,0.00160822
9518,0.00080836
9519,0.00303692
9520,0.00546158
9521,0.00123052
9522,0.00245925
9523,0.47745952
9524,0.00339265
9525,0.00310952
9526,0.04213759
9527,0.00081588
9528,0.00300933
9529,0.02107506
9530,0.00384505
9531,0.00623116
9532,0.00081509
9533,0.75786310
9534,0.00571063
9535,0.00131300
9536,0.00191816
9537,0.00274651
9538,0.00203102
9539,0.00235941
9540,0.00133647
9541,0.00366765
9542,0.00293825
9543,0.00195011
9544,0.00181761
9545,0.00252004
9546,1.33485201
9547,0.00716609
9548,0.00093215
9549,0.01400892
9550,0.00643811
9551,0.00228795
9552,0.00225721
9553,0.00235853
9554,0.00125815
9555,0.00234281
9556,0.00157001
9557,0.00121534
9558,0.00520762
9559,0.00138492
9560,0.00712222
9561,0.00288253
9562,0.00183534
9563,0.00598229
9564,0.00110474
9565,0.00357800
9566,0.00708624
9567,0.00230908
9568,0.00517933
9569,0.00119279
9570,0.00556155
9571,0.00862470
9572,0.00254441
9573,0.00277948
9574,0.00388926
9575,0.00124933
9576,0.00417980
9577,0.00784050
9578,0.00214371
9579,0.00209905
9580,0.00523065
9581,0.00107824
9582,0.00289186
9583,0.00392505
9584,0.00119474
9585,0.00130707
9586,0.01373980
9587,0.00219549
9588,0.00185598
9589,0.01764163
9590,0.00292364
9591,0.00445305
9592,0.01335175
9593,0.00437075
9594,0.00172431
9595,0.00049709
9596,0.00043843
9597,0.00048385
9598,0.00263868
9599,0.00294100
9600,0.00261782
9601,0.00226115
9602,0.00406556
9603,0.00213822
9604,0.00441272
9605,0.00281222
9606,0.00500036
9607,0.00158066
9608,0.00511875
9609,0.00333857
9610,0.00219726
9611,0.00064474
9612,0.00480091
9613,0.00197024
9614,0.00131398
9615,0.00077173
9616,0.00192127
9617,0.00253027
9618,0.00166460
9619,0.00205745
9620,0.00219454
9621,0.00180390
9622,0.00234907
9623,0.00183603
9624,0.00271332
9625,0.00258098
9626,0.00157333
9627,0.00197553
9628,0.00161638
9629,0.00289266
9630,1.47541128
9631,0.00228833
9632,0.00194100
9633,0.00266908
9634,0.00269084
9635,0.01079796
9636,0.00773758
9637,0.00386518
9638,0.00388815
9639,0.00465835
9640,0.00218307
9641,0.00403021
9642,0.00753185
9643,0.00133423
9644,0.00164839
9645,0.00178969
9646,0.00156687
9647,0.00151407
9648,0.00107328
9649,0.00371522
9650,0.00772427
9651,0.00265417
9652,0.00248411
9653,0.18326181
9654,0.00304157
9655,0.00056516
9656,0.01415815
9657,0.00107041
9658,0.01487732
9659,0.00459644
9660,0.01149164
9661,0.00474686
9662,0.00177918
9663,0.00558266
9664,0.00241878
9665,0.00115644
9666,0.00126360
9667,0.00265760
9668,0.08417492
9669,0.00343026
9670,0.00225523
9671,0.00736564
9672,0.00056993
9673,0.00339443
9674,0.00074193
9675,0.00172297
9676,0.00421410
9677,0.00150874
9678,0.00124059
9679,0.00104651
9680,0.00144909
9681,0.79625843
9682,0.00497749
9683,0.00278011
9684,0.00393486
9685,0.00207027
9686,0.01478357
9687,0.00054919
9688,0.00144156
9689,0.00125891
9690,0.00214500
9691,0.00366284
9692,0.00280364
9693,0.00790290
9694,0.00163120
9695,0.01323626
9696,0.00324374
9697,0.00290851
9698,0.00192981
9699,0.00212726
9700,0.00197836
9701,0.00210065
9702,0.00158036
9703,0.02796863
9704,0.00270419
9705,0.07386880
9706,0.06178185
9707,0.00142108
9708,0.00056232
9709,0.00448610
9710,1.81592231
9711,0.00136098
9712,0.00279692
9713,0.00087514
9714,0.00601974
9715,0.00219972
9716,0.00178390
9717,0.00259424
9718,0.64159467
9719,0.26509213
9720,0.00001360
9721,0.00108853
9722,0.00440167
9723,0.00102416
9724,0.00281303
9725,0.00479048
9726,0.00201082
9727,0.00129803
9728,0.00762705
9729,0.01482672
9730,0.00174101
9731,0.00334588
9732,0.00181881
9733,0.00173099
9734,0.00134993
9735,0.00545374
9736,0.00213651
9737,0.00436423
9738,0.01877051
9739,0.00371353
9740,0.00395300
9741,0.00168456
9742,0.74162800
9743,0.00340148
9744,0.00133968
9745,0.00280989
9746,0.00196074
9747,0.00107857
9748,0.00167646
9749,0.00199894
9750,0.00000774
9751,0.00272059
9752,0.00135481
9753,0.00233534
9754,0.00909263
9755,0.00285825
9756,0.00235412
9757,0.00087498
9758,0.00324273
9759,0.00097075
9760,0.00200175
9761,0.00197800
9762,0.00418444
9763,0.00567281
9764,0.00103407
9765,0.00100270
9766,0.00196964
9767,0.00143833
9768,0.00265851
9769,0.00253750
9770,0.00381526
9771,0.00078577
9772,0.00237644
9773,0.00828821
9774,0.00352532
9775,0.00233169
9776,0.00148486
9777,0.00338394
9778,0.00164495
9779,0.00197487
9780,0.01288723
9781,0.00193356
9782,0.00045663
9783,0.02690651
9784,0.00572523
9785,0.00268646
9786,0.00365562
9787,0.00055614
9788,0.00298029
9789,0.00566679
9790,0.00209991
9791,0.00044396
9792,0.00155293
9793,0.00170525
9794,0.00108445
9795,0.00175374
9796,0.00265551
9797,0.00103885
9798,0.00162272
9799,0.00869791
9800,0.00015223
9801,0.00161745
9802,0.00151933
9803,0.00210451
9804,0.01678873
9805,0.02679714
9806,0.00287044
9807,0.00168406
9808,0.00200830
9809,0.00130709
9810,0.00185232
9811,0.00192828
9812,0.00230739
9813,0.00248975
9814,0.00165703
9815,0.00303193
9816,0.00575551
9817,1.40011046
9818,0.00280284
9819,0.00128841
9820,0.00195587
9821,0.00270705
9822,0.00186476
9823,0.00793134
9824,0.00204043
9825,0.00325037
9826,0.00293766
9827,0.00085619
9828,0.00108189
9829,0.00124114
9830,0.00923412
9831,0.00113751
9832,0.00162332
9833,0.00445831
9834,0.00053481
9835,0.00226128
9836,0.00131541
9837,0.00603104
9838,0.00360860
9839,0.00280874
9840,0.00444437
9841,0.00136895
9842,0.00124535
9843,0.00892603
9844,0.00102564
9845,0.00902148
9846,0.00421384
9847,0.00878291
9848,0.00381498
9849,0.00181321
9850,0.00053081
9851,0.00275163
9852,0.00470199
9853,0.00168372
9854,0.00262041
9855,0.00247300
9856,0.00164371
9857,0.00131629
9858,0.01277733
9859,0.00100673
9860,0.00148875
9861,0.00547272
9862,0.00173410
9863,0.00326173
9864,0.00203285
9865,0.00389638
9866,0.00219363
9867,0.00045563
9868,0.00121347
9869,0.00104247
9870,0.00113989
9871,0.00192956
9872,0.00072358
9873,0.00320736
9874,0.00045271
9875,0.00227159
9876,0.00771481
9877,0.00671674
9878,0.00166294
9879,0.86284332
9880,0.00014030
9881,0.00814903
9882,0.00210188
9883,0.00190838
9884,0.00258716
9885,0.00224888
9886,0.00468058
9887,0.00109470
9888,0.00403719
9889,0.00195449
9890,0.00116419
9891,0.00861819
9892,0.01592718
9893,0.00182313
9894,0.00280287
9895,0.00282500
9896,0.00198392
9897,0.21071404
9898,0.00598863
9899,0.00345721
9900,0.00653291
9901,0.00090553
9902,0.00332195
9903,0.00219833
9904,0.00418007
9905,0.00183768
9906,0.00827694
9907,0.00136375
9908,0.00133977
9909,1.82008272
9910,0.00118225
9911,0.00114442
9912,0.00261610
9913,0.00180594
9914,0.00270115
9915,0.00274818
9916,0.00350378
9917,0.02750399
9918,0.00243734
9919,0.00221121
9920,0.00200442
9921,0.00167128
9922,0.00212029
9923,0.00454535
9924,0.00153216
9925,0.00137158
9926,0.00180445
9927,0.00248688
9928,0.00263894
9929,0.02231051
9930,0.00387028
9931,0.00186518
9932,0.00181249
9933,0.00296792
9934,0.00180914
9935,0.00188043
9936,0.00294118
9937,0.00096694
9938,0.00164827
9939,0.00267837
9940,0.00855619
9941,0.00319408
9942,0.00294665
9943,0.00247546
9944,0.00777891
9945,0.00172093
9946,0.00279443
9947,0.00139327
9948,0.01780561
9949,0.00226636
9950,0.00393960
9951,0.00128148
9952,0.01014308
9953,0.00751951
9954,0.02321421
9955,0.00669892
9956,0.00162845
9957,0.00148803
9958,0.02285905
9959,0.01586539
9960,0.00324002
9961,0.00106658
9962,0.00107239
9963,1.47340158
9964,0.00179783
9965,0.00175807
9966,0.01036728
9967,0.00358788
9968,0.00356565
9969,0.00402995
9970,0.00024960
9971,0.00372285
9972,0.00385445
9973,0.00217670
9974,0.00015417
9975,0.00154938
9976,0.00112918
9977,0.00185717
9978,0.00048940
9979,0.00204601
9980,0.00094653
9981,0.00314069
9982,0.00114709
9983,0.00148424
9984,0.00213824
9985,0.00213588
9986,0.00251917
9987,0.00145386
9988,0.00129205
9989,0.00230296
9990,0.00175239
9991,0.00117598
9992,0.01063271
9993,0.00282172
9994,0.00166614
9995,0.67553338
9996,0.00249269
9997,0.06212009
9998,0.00011064
9999,0.00430583
