step,entropy
0,0.00634990
1,0.01720847
2,0.00390211
3,0.00152309
4,0.00171215
5,0.00906947
6,0.00638297
7,0.01269257
8,0.02646090
9,0.01712762
10,0.00341639
11,0.02020488
12,0.04712442
13,0.00539369
14,0.01951832
15,0.00143725
16,0.01289171
17,0.00373585
18,0.00145130
19,0.00339083
20,0.01086297
21,0.00634998
22,0.00781467
23,0.00401853
24,0.00567557
25,0.00991547
26,0.01909273
27,0.00864654
28,1.77608037
29,0.00094869
30,0.01250367
31,0.02963973
32,0.00633890
33,0.00186681
34,0.02059307
35,0.00433364
36,0.00216295
37,0.00116093
38,0.00631585
39,0.00189042
40,0.02396430
41,0.01608138
42,0.01938473
43,0.03120038
44,0.00349625
45,0.01093034
46,0.00317144
47,0.00433840
48,0.00373252
49,0.02671866
50,0.01433200
51,0.00048379
52,0.00405224
53,0.00132305
54,0.00980395
55,0.50360043
56,0.05542576
57,0.00300335
58,0.00092482
59,0.01965113
60,0.02671487
61,0.00364958
62,0.00383861
63,0.00378567
64,0.00301362
65,0.00019804
66,0.00120303
67,0.00720713
68,0.00364718
69,0.00370450
70,0.00420287
71,0.00374512
72,0.00164114
73,0.01701605
74,0.00086002
75,0.01402248
76,0.01558257
77,0.00859223
78,0.02665241
79,0.00139886
80,0.00301711
81,0.00045715
82,0.00013127
83,0.00365376
84,0.00679143
85,0.00278317
86,0.00991893
87,0.00053398
88,0.00393353
89,0.01293166
90,0.01357226
91,0.00405492
92,0.00373577
93,0.00204238
94,0.01295509
95,0.00629612
96,0.00236932
97,0.00084389
98,0.00076630
99,0.00119056
100,0.00877315
101,0.01287771
102,0.00106872
103,0.01521081
104,0.00408440
105,0.00117468
106,0.01288469
107,0.00124999
108,0.00137717
109,0.00974682
110,0.00792814
111,0.00045741
112,0.00130084
113,0.01954033
114,0.00683522
115,0.00243828
116,0.00255622
117,0.01828985
118,0.00124377
119,0.00114477
120,0.00349199
121,0.00220385
122,0.02323576
123,0.00813311
124,0.00228525
125,0.00362619
126,0.01027973
127,0.01578289
128,0.00330164
129,0.02797106
130,0.00143518
131,0.00552964
132,0.00405467
133,0.00378233
134,0.00388483
135,0.00325282
136,0.00373485
137,0.00506752
138,0.00360178
139,0.02614385
140,0.09058809
141,0.03268648
142,0.01382856
143,0.00585268
144,0.00663681
145,0.01947035
146,0.00115080
147,0.00135307
148,0.00076743
149,0.01981840
150,0.00035715
151,0.00366281
152,0.01124214
153,0.00028535
154,0.02355129
155,0.00042645
156,0.00089329
157,0.00614525
158,0.00401551
159,0.01652772
160,0.00795594
161,0.00367871
162,0.00454512
163,0.06699459
164,0.00646585
165,0.01121632
166,0.00967423
167,0.02185315
168,0.00280980
169,0.00678849
170,0.00410574
171,0.00174678
172,0.01421032
173,0.00180617
174,0.00829087
175,0.00937007
176,0.01014218
177,0.00109625
178,0.00122026
179,0.00647945
180,0.00996298
181,0.01852160
182,0.01116462
183,0.01742068
184,0.00622198
185,0.03988634
186,0.00136582
187,0.00285892
188,0.00135767
189,0.01079157
190,0.00114778
191,0.00139020
192,0.00134045
193,0.00368181
194,0.00119022
195,0.00115082
196,0.01121312
197,0.03240899
198,0.00172963
199,0.00732701
200,0.00019181
201,0.00156741
202,0.00142175
203,0.00170114
204,0.00329866
205,0.01514446
206,0.00344280
207,0.00175991
208,0.08547301
209,0.00579638
210,0.00124871
211,0.00363635
212,0.00145250
213,0.27542249
214,0.00752536
215,0.00108765
216,0.00238357
217,0.00986745
218,0.01042265
219,0.00326746
220,0.00531837
221,0.00873014
222,0.00362604
223,0.01259663
224,0.00899630
225,0.00156223
226,0.00827781
227,0.00644977
228,0.00088024
229,0.01508828
230,0.00216113
231,0.00191556
232,0.00220677
233,0.00049783
234,0.00693742
235,0.00631183
236,0.00368586
237,0.04297479
238,0.00023889
239,0.00674421
240,0.00221299
241,0.00124601
242,0.00657391
243,0.00051962
244,0.01470118
245,0.01739723
246,0.01077897
247,0.01259106
248,0.00083123
249,0.00362164
250,0.00190943
251,0.00103389
252,0.00105689
253,0.00215607
254,0.00341563
255,0.01109321
256,0.00471504
257,0.00251759
258,0.00327472
259,0.00138581
260,0.00789405
261,0.00734627
262,0.01347717
263,0.01655505
264,0.00896614
265,0.00272255
266,0.00102827
267,0.00123126
268,0.02117409
269,0.00800164
270,0.00327950
271,0.00974994
272,0.00212810
273,0.00127479
274,0.00382268
275,0.01031463
276,0.02556200
277,0.00269456
278,0.00762199
279,0.02442451
280,0.00314295
281,0.00297050
282,0.00248116
283,0.00186615
284,0.01025696
285,0.00542843
286,0.00364385
287,0.00183035
288,0.01020599
289,0.00297042
290,0.54813430
291,0.00111006
292,0.00099647
293,0.01131542
294,0.03027318
295,0.00378410
296,0.00014773
297,0.00594444
298,0.02080275
299,0.02395939
300,0.01211620
301,0.00125642
302,0.00141291
303,0.00969989
304,0.01313075
305,0.00381664
306,0.35494565
307,0.00202590
308,0.01314789
309,0.00122190
310,0.00395014
311,0.00349146
312,0.00874050
313,0.01742293
314,0.00651152
315,0.00842762
316,0.01498309
317,0.00304863
318,0.00014019
319,0.00515394
320,0.02845078
321,0.00114212
322,0.00177921
323,0.00194641
324,0.01071487
325,0.00160336
326,0.00942598
327,0.02456644
328,0.11222412
329,0.00649018
330,0.00323600
331,0.00615213
332,0.00141173
333,0.00674755
334,0.00690446
335,0.01062771
336,0.00120622
337,0.00261116
338,0.00240032
339,0.00313888
340,0.00336142
341,0.00381586
342,0.02003534
343,0.00176397
344,0.00719664
345,0.00041316
346,0.00147462
347,0.00704308
348,0.00970953
349,0.00142759
350,0.03492086
351,0.00105574
352,0.00019348
353,0.00916620
354,0.00597139
355,0.00860905
356,0.00279785
357,0.03067352
358,0.00203741
359,0.00197195
360,0.01095066
361,0.00178650
362,0.00775339
363,0.00217121
364,0.00750006
365,0.00958006
366,0.02208500
367,0.02255918
368,0.00762132
369,0.00318444
370,0.00680246
371,0.00263616
372,0.00150073
373,0.00173770
374,0.00282518
375,0.02005493
376,0.01325289
377,0.01230558
378,0.00200323
379,0.01289921
380,0.00156253
381,0.01516237
382,0.00225941
383,0.00110068
384,0.01468386
385,0.00242326
386,0.00157668
387,0.00402067
388,0.00194578
389,0.00639060
390,0.00322844
391,0.37769479
392,0.00876444
393,0.00232038
394,0.01845933
395,0.00085232
396,0.01997974
397,0.01029130
398,0.00617471
399,0.00814089
400,0.01190778
401,0.00131397
402,0.00793467
403,0.00282964
404,0.00289217
405,0.00628059
406,0.03439705
407,0.00206024
408,0.00155677
409,0.00685924
410,0.00190168
411,0.00683600
412,0.00189282
413,0.00654039
414,0.01185653
415,0.50513951
416,0.00367373
417,0.00928318
418,0.01899038
419,0.01455145
420,0.01816479
421,0.00131874
422,0.00756494
423,0.00085669
424,0.00148636
425,0.01307758
426,0.00139331
427,0.00955834
428,0.01071736
429,0.00328679
430,0.00269901
431,0.00607819
432,0.00788857
433,0.00572754
434,0.00119054
435,0.00181242
436,0.00596187
437,0.00135101
438,0.00083358
439,0.01621046
440,0.30365132
441,0.00641134
442,0.00632840
443,0.00107403
444,0.01316305
445,0.04768049
446,0.00367278
447,0.00299863
448,0.00443362
449,0.00711375
450,0.00118256
451,0.00247826
452,0.00389946
453,0.00205154
454,0.01829804
455,0.00647187
456,0.00325153
457,0.00357854
458,0.00940512
459,0.00152083
460,0.00287689
461,0.00630580
462,0.00193556
463,0.00690020
464,0.02085634
465,0.00977472
466,0.00407214
467,0.00329110
468,0.00257553
469,0.01321628
470,0.01110016
471,0.01422173
472,0.00749498
473,0.00188993
474,0.00934832
475,0.01254814
476,0.02112447
477,0.00093274
478,0.01240656
479,0.05883968
480,0.00865149
481,0.00202404
482,0.01083253
483,0.00349680
484,0.00384067
485,0.00376292
486,0.01084627
487,0.00075625
488,0.01487069
489,0.00186780
490,0.02293768
491,0.00101735
492,0.01106403
493,0.00703493
494,0.00198541
495,0.00376390
496,0.00153410
497,0.02132332
498,0.00061417
499,0.00026354
500,0.01022729
501,0.00140127
502,0.00098001
503,0.02136851
504,0.00659108
505,0.00241174
506,0.01120695
507,0.02310062
508,0.00148436
509,0.01462913
510,0.01083086
511,0.02790248
512,0.01713182
513,0.01245534
514,0.00368411
515,0.00118478
516,0.00388393
517,0.00202653
518,0.00697772
519,0.01706805
520,0.01146777
521,0.00331096
522,0.00995515
523,0.00403647
524,0.00379029
525,0.00030227
526,0.00181684
527,0.00747207
528,0.00805586
529,0.00172968
530,0.00178854
531,0.00097946
532,0.00337761
533,0.00156394
534,0.01323953
535,0.00251864
536,0.00304007
537,0.00338619
538,0.00937874
539,0.00089067
540,0.02610041
541,0.00709157
542,0.00683328
543,0.00106220
544,0.03042621
545,0.00072531
546,0.00113806
547,0.00134950
548,0.38429221
549,0.00117008
550,0.00799708
551,0.00448618
552,0.00383445
553,0.00123794
554,0.00061966
555,0.00653670
556,0.00623415
557,0.00145371
558,0.00226831
559,0.00094495
560,0.02810638
561,0.01400162
562,0.00289383
563,0.00063293
564,0.00254803
565,0.01204001
566,0.00534740
567,0.00116297
568,0.01129001
569,0.01220070
570,0.00100238
571,0.00642618
572,0.00379033
573,0.00615328
574,0.00266423
575,0.00393062
576,0.00664078
577,0.01724193
578,0.00688224
579,0.00918048
580,0.00179490
581,0.00134050
582,0.00697342
583,0.00355580
584,0.00158264
585,0.00671330
586,0.01704754
587,0.01352619
588,0.00680216
589,0.00169780
590,0.01534441
591,0.00365955
592,0.00593191
593,0.00969528
594,0.00097575
595,0.01494091
596,0.00169891
597,0.00148357
598,0.03101363
599,0.00250141
600,0.00360025
601,0.00339727
602,0.01076583
603,0.01539099
604,0.01599643
605,0.00123710
606,0.00212917
607,0.00654082
608,0.00606068
609,0.04749855
610,0.31001973
611,0.00333994
612,0.00324573
613,0.01348136
614,0.00886287
615,0.01202694
616,0.00694912
617,0.00084439
618,0.01474522
619,0.00832310
620,0.00330771
621,0.00933434
622,0.00168894
623,0.01713057
624,0.01177131
625,0.01119998
626,0.00421286
627,0.00610449
628,0.01655995
629,0.00182062
630,0.00144905
631,0.00310037
632,0.00156059
633,0.00391745
634,0.01105698
635,0.04136765
636,0.00215161
637,0.00318161
638,0.24179309
639,0.01556784
640,0.00303150
641,0.00940774
642,0.00645463
643,0.00272146
644,0.00359366
645,0.02139386
646,0.00365049
647,0.01280898
648,0.13434271
649,0.00046035
650,0.00238603
651,0.00683066
652,0.00205247
653,0.00231590
654,0.00658160
655,0.00310454
656,0.01344601
657,0.00643244
658,0.00085029
659,0.10761108
660,0.00343995
661,0.01045789
662,0.00669607
663,0.00051769
664,0.01049505
665,0.02547723
666,0.00649367
667,0.00380945
668,0.00158988
669,0.01069028
670,0.00162661
671,0.00625377
672,0.00734689
673,0.00374448
674,0.01734951
675,0.00389049
676,0.00134162
677,0.00400155
678,0.01829055
679,0.00187072
680,0.02185816
681,0.00967976
682,0.00093455
683,0.00305974
684,0.00357764
685,0.00332649
686,0.01641751
687,0.00250499
688,0.00632921
689,0.00140361
690,0.01402564
691,0.01665659
692,0.00334568
693,0.00032319
694,0.00406872
695,0.00428033
696,0.00984533
697,0.02218928
698,0.00337498
699,0.00663959
700,0.00627874
701,0.00294254
702,0.01554796
703,0.00339766
704,0.00788098
705,0.00370592
706,0.00094379
707,0.00593575
708,0.00180630
709,0.00042890
710,0.00105156
711,0.00365744
712,0.01785417
713,0.13611893
714,0.00137995
715,0.00118799
716,0.00113606
717,0.00663433
718,0.02202049
719,0.00820480
720,0.00622488
721,0.00368139
722,0.00013735
723,0.00641153
724,0.00296286
725,0.01300713
726,0.05168902
727,0.00163246
728,0.01220753
729,0.00583212
730,0.00858630
731,0.00137067
732,0.02460814
733,0.00385037
734,0.00158183
735,0.00348528
736,0.00339849
737,0.00075560
738,0.00129878
739,0.04703882
740,0.01706038
741,0.00128656
742,0.02249679
743,0.00657548
744,0.00669915
745,0.00498223
746,0.01260021
747,0.00113544
748,0.00083097
749,0.00629817
750,0.00114327
751,0.00709136
752,0.00266165
753,0.00039087
754,0.16976268
755,0.00609655
756,0.02343580
757,0.00729529
758,0.00120090
759,0.00701971
760,0.00362351
761,0.00949953
762,0.00894369
763,0.00315768
764,0.36746352
765,2.07903700
766,0.00187204
767,0.00637828
768,0.00119176
769,0.02942081
770,0.00117458
771,0.01375231
772,0.00214335
773,0.00147419
774,0.01220504
775,0.00028718
776,0.00525845
777,0.00979882
778,1.92161003
779,0.00403525
780,0.00403271
781,0.02812230
782,0.38972462
783,0.00913379
784,0.01473183
785,0.03176268
786,0.00638892
787,0.01207238
788,0.00569316
789,0.01061112
790,0.00406545
791,0.00310004
792,0.00185614
793,0.00656930
794,0.00376569
795,0.00234703
796,0.01114289
797,0.02311829
798,0.00345097
799,0.00121463
800,0.02215926
801,0.01411130
802,0.00561339
803,0.00364837
804,0.00258546
805,0.04621899
806,0.00377250
807,0.01156987
808,0.00301021
809,0.00143237
810,0.00675509
811,0.00864345
812,0.00211992
813,0.02038185
814,0.01524555
815,0.06860391
816,0.01553331
817,0.00180663
818,0.01061206
819,0.00124809
820,1.31453664
821,0.01996074
822,0.00187185
823,0.11800772
824,0.00071730
825,0.00647052
826,0.00189750
827,0.00626966
828,0.00126648
829,0.00129567
830,0.00150615
831,0.00183457
832,0.00662030
833,0.00665958
834,0.01997482
835,0.00805936
836,0.00025764
837,0.20760637
838,0.00410828
839,0.00947922
840,0.01514015
841,0.00195299
842,0.00143045
843,0.00080530
844,0.00614785
845,0.00144964
846,0.00365789
847,0.00739829
848,0.00696811
849,0.21910304
850,0.00352088
851,0.00663066
852,0.00674781
853,0.00360373
854,0.00675739
855,0.00812070
856,0.02526636
857,0.01270098
858,0.01345751
859,0.00199352
860,0.00287704
861,0.01296627
862,0.00548248
863,0.01130533
864,0.01005589
865,0.00123590
866,0.02856819
867,0.00949710
868,0.00098484
869,0.00169088
870,0.00340398
871,0.00216988
872,0.00405989
873,0.02487916
874,0.00459250
875,0.01461131
876,0.00033613
877,0.01004033
878,0.00638005
879,0.00170923
880,0.02399268
881,0.00148340
882,0.01969868
883,0.02179511
884,0.00869991
885,0.01316636
886,0.00296330
887,0.01029732
888,0.04176908
889,0.00868499
890,0.00142893
891,0.00381575
892,0.00898589
893,0.00990236
894,0.00358751
895,0.00277290
896,0.01111375
897,0.00265832
898,0.00845900
899,0.00983938
900,0.00205470
901,0.00055420
902,0.00367271
903,0.00307029
904,0.01976014
905,0.00759233
906,0.00241073
907,0.01160791
908,0.00198081
909,0.01314875
910,0.01690069
911,0.00371535
912,0.00327845
913,0.00642386
914,0.00362567
915,0.00594535
916,0.00754800
917,0.01733942
918,0.00340055
919,0.00372583
920,0.00623423
921,0.00375668
922,0.01166859
923,0.01318246
924,0.00619230
925,0.00133127
926,0.00267617
927,0.00400209
928,0.00219433
929,0.00872195
930,0.02382270
931,0.00138104
932,0.01770998
933,1.23231626
934,0.00227128
935,0.00426493
936,0.01045098
937,0.00137453
938,0.00682238
939,0.00375009
940,0.02681756
941,0.00793300
942,0.00129310
943,0.00153704
944,0.01514033
945,0.00749475
946,0.02624906
947,0.00381857
948,0.02303318
949,0.00171364
950,0.00090602
951,0.00022297
952,0.01916356
953,0.00151229
954,0.00928267
955,0.00868734
956,0.00138027
957,0.01201285
958,0.00123296
959,0.00154643
960,0.00341684
961,0.01223651
962,0.00174578
963,0.01772630
964,0.00363160
965,0.00036302
966,0.00280798
967,0.00093363
968,0.01036834
969,0.00366427
970,0.00379920
971,0.00972964
972,0.00082554
973,0.00324156
974,0.00121639
975,0.00680734
976,0.00166851
977,0.00988671
978,0.00066490
979,0.00327664
980,0.00688469
981,0.00128096
982,0.01188595
983,0.00054276
984,0.01051119
985,0.00326382
986,0.00967443
987,0.00125145
988,0.01982712
989,0.00310091
990,0.02279398
991,0.00578114
992,0.00094234
993,0.01310058
994,0.00756157
995,0.00818952
996,0.00719544
997,0.00281770
998,0.00149225
999,0.01942807
1000,0.01084556
1001,0.00339975
1002,0.02819906
1003,0.00139465
1004,0.03258440
1005,0.00343247
1006,0.00020732
1007,0.00661010
1008,0.01521286
1009,0.03694329
1010,0.00683922
1011,0.00201931
1012,0.00343060
1013,0.00374394
1014,0.00321504
1015,0.00424572
1016,0.01578009
1017,0.00602511
1018,0.02834455
1019,0.00184197
1020,0.00275468
1021,0.01330291
1022,0.00803602
1023,0.00137070
1024,0.00971621
1025,0.00173062
1026,0.02285594
1027,0.00381280
1028,0.02550882
1029,0.00354840
1030,0.02296900
1031,0.00157300
1032,0.00682757
1033,0.00524126
1034,0.00054799
1035,0.00327852
1036,0.00207934
1037,0.00191649
1038,0.00154779
1039,0.00626791
1040,0.00037886
1041,0.01209790
1042,0.00339121
1043,0.02931066
1044,0.00309785
1045,0.02307067
1046,0.01777273
1047,0.49296624
1048,0.00214877
1049,0.00767274
1050,0.00961488
1051,0.00121318
1052,0.00336007
1053,0.00693818
1054,0.00883050
1055,0.00033819
1056,0.00649150
1057,0.01230305
1058,0.02487223
1059,0.00221589
1060,0.00179939
1061,0.00322489
1062,0.01915404
1063,0.00303166
1064,0.01484163
1065,0.00693520
1066,0.02103059
1067,0.00154899
1068,0.02393023
1069,0.00888830
1070,0.00314145
1071,0.01176664
1072,0.00360184
1073,0.07141604
1074,0.00119802
1075,0.00063358
1076,0.02479541
1077,0.00266525
1078,0.00682477
1079,0.00308428
1080,0.01198984
1081,0.00718448
1082,0.00721176
1083,0.00035843
1084,0.00353960
1085,0.00337657
1086,0.02223410
1087,0.00249368
1088,0.00186132
1089,0.00117082
1090,0.00316395
1091,0.00717894
1092,0.00746502
1093,0.00799111
1094,0.00177059
1095,0.00245797
1096,0.00618182
1097,0.00751310
1098,0.00124113
1099,0.00365712
1100,0.00189043
1101,0.00371369
1102,0.00109565
1103,0.00364792
1104,0.00105584
1105,0.01401205
1106,0.03076199
1107,0.01017463
1108,0.02234668
1109,0.00880170
1110,0.00024868
1111,0.00187933
1112,0.01044498
1113,0.07757536
1114,0.00324492
1115,0.00927640
1116,0.00369149
1117,0.00169045
1118,0.00226642
1119,0.01452896
1120,0.00095075
1121,0.00363645
1122,0.00698788
1123,0.00121012
1124,0.00267553
1125,0.00153991
1126,0.00769288
1127,0.00325654
1128,0.00332238
1129,0.00915861
1130,0.00674823
1131,0.01414124
1132,0.00498452
1133,0.02263771
1134,0.01617060
1135,0.00180549
1136,0.00152431
1137,0.01588093
1138,0.01159999
1139,0.00810875
1140,0.00360574
1141,0.00358406
1142,0.00363201
1143,0.00369076
1144,0.00350985
1145,0.02103453
1146,0.00812976
1147,0.00372462
1148,0.00357500
1149,0.00208106
1150,0.00072626
1151,0.00760874
1152,0.00324133
1153,0.00338108
1154,0.00341861
1155,0.00925278
1156,0.00182648
1157,0.00256771
1158,0.00911621
1159,0.00082122
1160,0.00126023
1161,0.00275465
1162,0.00123443
1163,0.01104475
1164,0.01449464
1165,0.01417864
1166,0.00269910
1167,0.00334186
1168,0.03226296
1169,0.00105020
1170,0.03280866
1171,0.02096021
1172,0.00243839
1173,0.00118799
1174,0.01608383
1175,0.72840884
1176,0.03908084
1177,0.00213005
1178,0.01621430
1179,0.00636502
1180,0.00203492
1181,0.00376249
1182,0.00146929
1183,0.00607339
1184,0.00360831
1185,0.01222219
1186,0.00312819
1187,0.00130520
1188,0.00811029
1189,0.00137464
1190,0.00174029
1191,0.00144420
1192,0.00681203
1193,0.00281634
1194,0.01767796
1195,0.00131143
1196,0.02260636
1197,0.00378113
1198,0.01582846
1199,0.00293941
1200,0.00099569
1201,0.00111304
1202,0.00211381
1203,0.01038684
1204,0.00347271
1205,0.00270071
1206,0.00382394
1207,0.00352755
1208,0.00217101
1209,0.00145724
1210,0.00191978
1211,0.00187369
1212,0.00229994
1213,0.00042708
1214,0.00321943
1215,0.00580865
1216,0.02155775
1217,0.00142494
1218,0.00139236
1219,0.01217114
1220,0.00603894
1221,0.00190966
1222,0.01062814
1223,0.00342331
1224,0.01036922
1225,0.00069852
1226,0.05366522
1227,0.01158344
1228,0.00645771
1229,0.01203682
1230,0.00163517
1231,0.00581834
1232,0.00371640
1233,0.01608361
1234,0.00869517
1235,0.01452087
1236,0.00297891
1237,0.02806719
1238,0.00934682
1239,0.00160450
1240,0.00749194
1241,0.00228686
1242,0.01850274
1243,0.00224386
1244,0.05564260
1245,0.00175328
1246,0.00342154
1247,0.01978493
1248,0.01081884
1249,0.00172744
1250,0.00957552
1251,0.00120103
1252,0.00219585
1253,0.00344818
1254,0.00112795
1255,0.00117803
1256,0.04018678
1257,0.00143553
1258,0.00361960
1259,0.00160734
1260,0.00720485
1261,0.53203395
1262,0.01280024
1263,0.00391677
1264,0.00152388
1265,0.00596698
1266,0.01318744
1267,0.00835501
1268,0.00361557
1269,0.00183021
1270,0.00135922
1271,0.00154347
1272,0.01507504
1273,0.01006874
1274,0.00725862
1275,0.00993318
1276,0.00090692
1277,0.00806177
1278,0.01562411
1279,0.00083614
1280,0.02184208
1281,0.00147492
1282,0.00163531
1283,0.00375795
1284,0.00371900
1285,0.00706674
1286,0.01303507
1287,0.00360590
1288,0.00359824
1289,0.00095662
1290,0.00334088
1291,0.02183292
1292,0.01392339
1293,0.00358845
1294,0.00222721
1295,0.00801140
1296,0.00660431
1297,0.00380573
1298,0.00135502
1299,0.12924603
1300,0.00332333
1301,0.00130692
1302,0.01109041
1303,0.00085826
1304,0.00057669
1305,0.00913191
1306,0.00121397
1307,0.00094882
1308,0.00767445
1309,0.00361460
1310,0.00622726
1311,0.00372077
1312,0.00908872
1313,0.00373685
1314,0.00588477
1315,0.01384201
1316,0.00021018
1317,0.00151658
1318,0.01301499
1319,0.00344179
1320,0.00293759
1321,0.00621894
1322,0.00136408
1323,0.00747572
1324,0.00827109
1325,0.01657380
1326,0.01110914
1327,0.02442000
1328,0.00690997
1329,0.01525450
1330,0.02865291
1331,0.00436121
1332,0.15623262
1333,0.00376155
1334,0.00387087
1335,0.00126896
1336,0.00644175
1337,0.00178986
1338,0.00027021
1339,0.00134443
1340,0.00193298
1341,0.00146216
1342,0.00130663
1343,0.00325858
1344,0.00271630
1345,0.00112359
1346,0.00271206
1347,0.00786832
1348,0.01296819
1349,0.01472436
1350,0.00662753
1351,0.00087081
1352,0.00653745
1353,0.01082833
1354,0.00162179
1355,0.00144385
1356,0.01029713
1357,0.01143690
1358,0.00197348
1359,0.00364959
1360,0.01369766
1361,0.00317263
1362,0.00289808
1363,0.00191686
1364,0.00381926
1365,0.00106788
1366,0.00772235
1367,0.01038324
1368,0.00828135
1369,0.00375123
1370,0.00161187
1371,0.01322839
1372,0.00090745
1373,0.00138987
1374,0.00223969
1375,0.00927596
1376,0.00147509
1377,0.01152769
1378,0.00166833
1379,0.00140083
1380,0.03161564
1381,0.00112231
1382,0.00135820
1383,0.00172002
1384,0.00051569
1385,0.00307417
1386,0.00157763
1387,0.00358896
1388,0.02253075
1389,0.00352143
1390,0.00325414
1391,0.00135457
1392,0.00329235
1393,0.00661008
1394,0.00151853
1395,0.00335991
1396,0.01172234
1397,0.00206113
1398,0.00079999
1399,0.02558168
1400,0.01461722
1401,0.00403225
1402,0.00999831
1403,0.01130112
1404,0.00124976
1405,0.00130286
1406,0.01843932
1407,0.00715258
1408,0.01871977
1409,0.00135531
1410,0.00804008
1411,0.00745753
1412,0.00159190
1413,0.00181403
1414,0.00115808
1415,0.01424447
1416,0.01393493
1417,0.01572420
1418,0.00860504
1419,0.00148769
1420,0.00667066
1421,0.00139655
1422,0.00140886
1423,0.33413822
1424,0.01542023
1425,0.00477071
1426,0.00142021
1427,0.00658980
1428,0.00368171
1429,0.00150528
1430,0.00589331
1431,0.01978278
1432,0.00357518
1433,0.00972612
1434,0.01012236
1435,0.00094788
1436,0.00038896
1437,0.00323464
1438,0.02447068
1439,0.00143106
1440,0.00125942
1441,0.00101849
1442,0.00315065
1443,0.00151785
1444,0.00389766
1445,0.00630201
1446,0.00948299
1447,0.00149571
1448,0.00330828
1449,0.02456346
1450,0.00204388
1451,0.00403350
1452,0.00079709
1453,0.01322194
1454,0.00132883
1455,0.01764806
1456,0.00859386
1457,0.00652643
1458,0.00110196
1459,0.00011271
1460,0.09040042
1461,0.00076196
1462,0.00229588
1463,0.00484425
1464,0.01250826
1465,0.00230966
1466,0.00043823
1467,0.01391673
1468,0.00136035
1469,0.00539768
1470,0.00382039
1471,0.00790301
1472,0.00013569
1473,0.00170449
1474,0.00110508
1475,0.00402359
1476,0.00152564
1477,0.00278316
1478,0.00063995
1479,0.00025837
1480,0.00914007
1481,0.00360354
1482,0.00678082
1483,0.01822142
1484,0.02340605
1485,0.00157410
1486,0.00181339
1487,0.00374166
1488,0.00673885
1489,0.00275036
1490,0.00593123
1491,0.00825716
1492,0.00902809
1493,0.00241652
1494,0.01566000
1495,0.00682720
1496,0.00743140
1497,0.00214533
1498,0.00925849
1499,0.00557647
1500,0.00308519
1501,0.00129635
1502,0.01353376
1503,0.03539272
1504,0.00366238
1505,0.00607646
1506,0.02073638
1507,0.00195967
1508,0.01589287
1509,0.00344093
1510,0.00076839
1511,0.00149580
1512,0.00400448
1513,0.00135272
1514,0.00202047
1515,0.01040874
1516,0.01193837
1517,0.01887727
1518,0.00142284
1519,0.00250513
1520,0.00299457
1521,0.00210519
1522,0.00120059
1523,0.00044459
1524,0.02056181
1525,0.00616037
1526,0.06181288
1527,0.01996346
1528,0.00149121
1529,0.00304250
1530,0.00320036
1531,0.00351958
1532,0.00395711
1533,0.08189417
1534,0.02478258
1535,0.01380678
1536,0.00384328
1537,0.00391837
1538,0.00143239
1539,0.00048581
1540,0.01501885
1541,0.00637466
1542,0.01721228
1543,0.01219384
1544,0.00749074
1545,0.00139013
1546,0.00105975
1547,0.00143146
1548,0.00353694
1549,0.00373489
1550,0.00152321
1551,0.00130625
1552,0.00175372
1553,0.01025692
1554,0.00153616
1555,0.00211597
1556,0.00162577
1557,0.00720925
1558,0.00113745
1559,0.01284287
1560,0.00391686
1561,0.00584268
1562,0.00145187
1563,0.01292915
1564,0.00998006
1565,0.00385845
1566,0.00019494
1567,0.00812824
1568,0.00141045
1569,0.00634378
1570,0.00154421
1571,0.00156109
1572,0.00722285
1573,0.00320469
1574,0.07350456
1575,0.00327551
1576,0.00312659
1577,0.00396093
1578,0.00129272
1579,0.00163998
1580,0.01511777
1581,0.00133437
1582,0.00150807
1583,0.00824378
1584,0.00112627
1585,0.01099272
1586,0.00029983
1587,0.00352135
1588,0.00247360
1589,0.00676013
1590,0.00675640
1591,0.00339188
1592,0.00124639
1593,0.00211163
1594,0.01258711
1595,0.00723350
1596,0.00145188
1597,0.00660982
1598,0.00690885
1599,0.00877778
1600,0.00160323
1601,0.00347105
1602,0.00287859
1603,0.00379528
1604,0.00235263
1605,0.00164339
1606,0.01151056
1607,0.00781970
1608,0.02174764
1609,0.01668078
1610,0.00157855
1611,0.00347452
1612,0.00887491
1613,0.00292559
1614,0.00190845
1615,0.00341683
1616,0.00397101
1617,2.00459576
1618,0.00183800
1619,0.00221137
1620,0.00147753
1621,0.00751233
1622,0.00125871
1623,0.01945288
1624,0.00099543
1625,0.00142350
1626,0.00590607
1627,0.00401352
1628,0.00355212
1629,0.00300561
1630,0.00666746
1631,0.01409326
1632,0.00061627
1633,0.02983424
1634,0.00142455
1635,0.00154486
1636,0.00114734
1637,0.00321578
1638,0.00633366
1639,0.01209392
1640,0.00958478
1641,0.00518466
1642,0.01116567
1643,0.02253045
1644,0.00851966
1645,0.00359368
1646,0.00415484
1647,0.04478174
1648,0.02758820
1649,0.01705317
1650,0.00142071
1651,0.00094138
1652,0.00863822
1653,0.00249815
1654,0.00986069
1655,0.00195015
1656,0.01045472
1657,0.01085852
1658,0.00034279
1659,0.00056264
1660,0.00239896
1661,0.00172848
1662,0.00056073
1663,0.02710792
1664,0.00143350
1665,0.00422669
1666,0.00135563
1667,0.00104974
1668,0.00144910
1669,0.00417117
1670,0.00781448
1671,0.00068235
1672,0.00945743
1673,0.02455032
1674,0.01314214
1675,0.00088937
1676,0.01385023
1677,0.00040105
1678,0.00256629
1679,0.00060173
1680,0.00763599
1681,0.00194148
1682,0.00368832
1683,0.00296341
1684,0.00599023
1685,0.00161300
1686,0.03247013
1687,0.02601931
1688,0.00333656
1689,0.01021606
1690,0.02346200
1691,0.01570232
1692,0.00143141
1693,0.00682216
1694,0.02198694
1695,0.00265136
1696,0.01056029
1697,0.00139683
1698,0.00159817
1699,0.00130760
1700,0.00661861
1701,0.00625485
1702,0.01258001
1703,0.00131349
1704,0.00348438
1705,1.40315707
1706,0.03212645
1707,0.00353679
1708,0.01422822
1709,0.00414904
1710,0.00105072
1711,0.00150948
1712,0.00200622
1713,0.00134036
1714,0.00581130
1715,0.06749988
1716,0.00762943
1717,0.00820024
1718,0.00644740
1719,0.00639411
1720,0.00393852
1721,0.00092869
1722,0.02653571
1723,0.00632557
1724,0.00379616
1725,0.00218194
1726,0.02090123
1727,0.00230916
1728,0.01100246
1729,0.00260384
1730,0.01236481
1731,0.00304427
1732,0.01607277
1733,0.00364403
1734,0.00032737
1735,0.00682651
1736,0.00728026
1737,0.00636733
1738,0.00765937
1739,0.00367963
1740,0.00166571
1741,0.00129455
1742,0.00877554
1743,0.05367641
1744,0.01242748
1745,0.00381858
1746,0.00116069
1747,0.01473740
1748,0.03311493
1749,0.16242810
1750,0.00371497
1751,0.01085061
1752,0.02191820
1753,0.00193244
1754,0.00379436
1755,0.00098394
1756,0.00138323
1757,0.00695674
1758,0.00043337
1759,0.00674425
1760,0.00265218
1761,0.00647289
1762,0.00394396
1763,0.00095266
1764,0.00804902
1765,0.00724266
1766,0.00885473
1767,0.02441937
1768,0.02458905
1769,0.00791980
1770,0.00410296
1771,0.01816164
1772,0.00424853
1773,0.00203329
1774,0.03057675
1775,0.01916547
1776,0.00312709
1777,0.00153398
1778,0.00136665
1779,0.00831459
1780,0.02173555
1781,0.01959937
1782,0.00349320
1783,0.01108716
1784,0.00407232
1785,0.00752492
1786,0.00285812
1787,0.02631921
1788,0.00175422
1789,0.00473109
1790,0.01639352
1791,0.00157035
1792,0.00179159
1793,0.00131748
1794,0.00611646
1795,0.17894389
1796,0.00381377
1797,0.00259734
1798,0.02604584
1799,0.00126334
1800,0.00602164
1801,0.00078649
1802,0.00800101
1803,0.00371774
1804,0.00410448
1805,0.00169694
1806,0.01193205
1807,0.00108371
1808,0.18146435
1809,0.00170261
1810,0.00131540
1811,0.03486284
1812,0.00117572
1813,0.00077569
1814,0.00228887
1815,0.00954938
1816,0.00135194
1817,0.00367341
1818,0.00143723
1819,0.00698712
1820,0.08456004
1821,0.00326245
1822,0.01416598
1823,0.00102092
1824,0.01166414
1825,0.00618515
1826,0.00151721
1827,0.00136947
1828,0.00169012
1829,0.00697244
1830,0.00859066
1831,0.00090050
1832,0.00316121
1833,0.01076662
1834,0.00385489
1835,0.00273274
1836,0.01030046
1837,0.00169428
1838,0.50847217
1839,0.00327166
1840,0.00381014
1841,0.00256717
1842,0.00667889
1843,0.00352085
1844,0.00305274
1845,0.00211168
1846,0.00153204
1847,0.00300440
1848,0.00566483
1849,0.00374184
1850,0.00116836
1851,0.00179358
1852,0.01056893
1853,0.01361594
1854,0.01125878
1855,0.00114358
1856,0.01036785
1857,0.00013536
1858,0.00716917
1859,0.00260914
1860,0.00258509
1861,0.02282538
1862,0.01249909
1863,0.00329504
1864,0.00342600
1865,0.00320175
1866,0.00168153
1867,0.00178663
1868,0.00115201
1869,0.00166786
1870,0.00367877
1871,0.00294497
1872,0.00269496
1873,0.00181412
1874,0.00565606
1875,0.00405843
1876,0.00140450
1877,0.00107772
1878,0.00197652
1879,0.00589570
1880,0.00747237
1881,0.00649151
1882,0.00705520
1883,0.01508566
1884,0.01317306
1885,0.00120906
1886,0.00975718
1887,0.01724884
1888,0.00820572
1889,0.00140953
1890,0.01740514
1891,0.01021381
1892,0.00605189
1893,0.00204807
1894,0.00160812
1895,0.00460081
1896,0.00794509
1897,0.00130830
1898,0.00217389
1899,0.01023400
1900,0.02826047
1901,0.01024617
1902,0.02186743
1903,0.00289325
1904,0.01520767
1905,0.01190731
1906,0.00897194
1907,0.00422726
1908,0.01611050
1909,0.01699837
1910,0.00831374
1911,0.00278566
1912,0.01911101
1913,0.00251487
1914,0.00194461
1915,0.00122288
1916,0.00360078
1917,0.00125186
1918,0.00383254
1919,0.00851465
1920,0.00228853
1921,0.07376517
1922,0.00940969
1923,0.04757414
1924,0.00364248
1925,0.00681499
1926,0.04280236
1927,0.00330683
1928,0.00607639
1929,0.00086338
1930,0.00012314
1931,0.00538677
1932,0.01266503
1933,0.00648300
1934,0.00127173
1935,0.00311228
1936,0.00031254
1937,0.00341917
1938,0.00227419
1939,0.02822429
1940,0.00226820
1941,0.00117627
1942,0.01250471
1943,0.02613182
1944,0.00226984
1945,0.00109276
1946,0.00335014
1947,0.01297711
1948,0.01429542
1949,0.00376603
1950,0.00653370
1951,0.02977874
1952,0.00328593
1953,0.01693855
1954,0.01404743
1955,0.01763126
1956,0.00390320
1957,0.00194597
1958,0.04517542
1959,0.00385393
1960,0.00208372
1961,0.02064870
1962,0.17091228
1963,0.00205820
1964,0.00666629
1965,0.00118551
1966,0.00384696
1967,0.00037798
1968,0.01762414
1969,0.00688215
1970,0.00353400
1971,0.00031779
1972,0.00222530
1973,0.00560001
1974,0.00188671
1975,0.00624347
1976,0.00865652
1977,0.00382462
1978,0.00599685
1979,0.00295191
1980,0.00331948
1981,0.00130185
1982,0.00179001
1983,0.00166042
1984,0.01391329
1985,0.55807628
1986,0.00114166
1987,0.01174547
1988,0.00334259
1989,0.00121561
1990,0.00346393
1991,0.00248275
1992,0.00314596
1993,0.00928235
1994,0.00338158
1995,0.00206008
1996,0.00587512
1997,0.00055024
1998,0.00289290
1999,0.01366134
2000,0.02005251
2001,0.00316820
2002,0.01808509
2003,0.00347685
2004,0.01086043
2005,0.00187032
2006,0.00174232
2007,0.00754719
2008,0.00911681
2009,0.00145861
2010,0.00151269
2011,0.00159828
2012,0.02460817
2013,0.00346831
2014,0.00941221
2015,0.02068553
2016,0.00698280
2017,2.42000343
2018,0.00911646
2019,0.02782833
2020,0.01996978
2021,0.00162076
2022,0.00378540
2023,0.00998995
2024,0.80267724
2025,0.00223132
2026,0.01346642
2027,0.00332091
2028,0.04026425
2029,0.00124475
2030,0.02000775
2031,0.00209715
2032,0.00307634
2033,0.02018867
2034,0.00233782
2035,0.00254018
2036,0.00208539
2037,0.00164924
2038,0.00082812
2039,0.01310350
2040,0.01070668
2041,0.00757019
2042,0.00272431
2043,0.02145711
2044,0.00360612
2045,0.01905520
2046,0.00344943
2047,0.00361535
2048,0.00148437
2049,0.00365064
2050,0.00631861
2051,0.00200452
2052,0.00170926
2053,0.00277474
2054,0.00304292
2055,0.00262044
2056,0.00195382
2057,0.00113528
2058,0.00193962
2059,0.00217485
2060,0.00386040
2061,0.00270791
2062,0.04374848
2063,0.00724134
2064,0.00194598
2065,0.01006714
2066,0.00075852
2067,0.00653443
2068,0.00036017
2069,0.01745568
2070,0.00368643
2071,0.00107530
2072,0.02055317
2073,0.00623739
2074,0.01241174
2075,0.01322364
2076,0.00620341
2077,0.00641848
2078,0.00178342
2079,0.00358428
2080,0.00099216
2081,0.00116884
2082,0.00241788
2083,0.00677393
2084,0.00301198
2085,0.00374999
2086,0.00761565
2087,0.01006307
2088,0.00650416
2089,0.00246077
2090,0.00464707
2091,0.00884810
2092,0.00157909
2093,0.02066872
2094,0.00803384
2095,0.00362763
2096,0.00625068
2097,0.00847424
2098,0.01868331
2099,0.00252440
2100,0.00183584
2101,0.02992752
2102,0.00302044
2103,0.00811329
2104,0.00368187
2105,0.00131477
2106,0.00375201
2107,0.00965451
2108,0.00121285
2109,0.01192445
2110,0.01651302
2111,0.00325700
2112,0.00126653
2113,0.01984757
2114,0.00099333
2115,0.00124681
2116,0.00623838
2117,0.00367534
2118,0.00346429
2119,0.01804258
2120,0.00670551
2121,0.01958967
2122,0.00063951
2123,0.00140222
2124,0.00020794
2125,0.00163623
2126,0.01796476
2127,0.00027057
2128,0.01293958
2129,0.00806311
2130,0.00126457
2131,0.00171892
2132,0.00255217
2133,0.02924046
2134,0.00108839
2135,0.00337684
2136,0.01363158
2137,0.00998507
2138,0.00386926
2139,0.00171842
2140,0.00179727
2141,0.00758667
2142,0.00029865
2143,0.00149560
2144,0.01736530
2145,0.02208256
2146,0.00354480
2147,0.00688594
2148,0.00773106
2149,0.00380830
2150,0.00900619
2151,0.00377457
2152,0.00109985
2153,0.00865681
2154,0.08514218
2155,0.00234425
2156,0.00325918
2157,0.00933150
2158,0.00079966
2159,0.00164127
2160,0.00306533
2161,0.00367349
2162,0.00100069
2163,0.00199367
2164,0.00132270
2165,0.01070865
2166,0.00643468
2167,0.00065736
2168,0.00120818
2169,0.00143378
2170,0.00603130
2171,0.00681271
2172,0.01207489
2173,0.00120757
2174,0.00605080
2175,0.00133268
2176,0.00373374
2177,0.01948137
2178,0.00123008
2179,0.00054177
2180,0.00149735
2181,0.00350077
2182,0.00939600
2183,0.00053220
2184,0.05715562
2185,0.00125003
2186,0.01185192
2187,0.00336147
2188,0.00569490
2189,0.02439827
2190,0.00208099
2191,0.00327834
2192,0.01667686
2193,0.00654231
2194,0.00311108
2195,0.01003307
2196,0.01008811
2197,0.00347574
2198,0.00345213
2199,0.00272352
2200,0.00136583
2201,0.00785394
2202,0.00717339
2203,0.00290179
2204,0.00151213
2205,0.00392718
2206,0.00378539
2207,0.02978236
2208,0.00091830
2209,1.83595408
2210,0.00129609
2211,0.00665396
2212,0.00623290
2213,0.00687025
2214,0.00052021
2215,0.00193896
2216,0.00303393
2217,0.02521214
2218,0.00197353
2219,0.00315446
2220,0.00386556
2221,0.00032177
2222,0.00156778
2223,0.00071498
2224,0.00596644
2225,0.00294912
2226,0.01507975
2227,0.00102245
2228,0.00674147
2229,0.00044517
2230,0.02201805
2231,0.01180426
2232,0.00210661
2233,0.00566073
2234,0.00041696
2235,0.01793090
2236,0.01811407
2237,0.00984898
2238,0.01796114
2239,0.00141585
2240,0.00263250
2241,0.00941499
2242,0.00734181
2243,0.00161813
2244,0.00155676
2245,0.13198469
2246,0.00098342
2247,0.00097441
2248,0.00198556
2249,0.00358030
2250,0.00161916
2251,0.01301956
2252,0.00094458
2253,0.00794895
2254,0.07031765
2255,0.00405433
2256,0.00226065
2257,0.00373054
2258,0.00109301
2259,0.00944420
2260,0.00781598
2261,0.00367989
2262,0.01942067
2263,0.00331712
2264,0.01418511
2265,0.02033098
2266,0.02790774
2267,0.00209663
2268,0.00160729
2269,0.00179509
2270,0.02684828
2271,0.01243475
2272,0.00132015
2273,0.00213070
2274,0.00249436
2275,0.00290528
2276,0.01094177
2277,0.00130706
2278,0.01367931
2279,0.00044199
2280,0.00131604
2281,0.00951251
2282,0.00283524
2283,0.01327249
2284,0.00649714
2285,0.00128443
2286,0.00895370
2287,0.00106745
2288,0.00284247
2289,0.00767652
2290,0.16856715
2291,0.00143388
2292,0.01069198
2293,0.02964057
2294,0.00011483
2295,0.00302716
2296,0.00325633
2297,0.00591577
2298,0.01031213
2299,0.00360381
2300,0.00135960
2301,0.00242935
2302,0.00336490
2303,0.01287506
2304,0.00323247
2305,0.01082485
2306,0.00659376
2307,0.00183138
2308,0.00861208
2309,0.03954027
2310,0.01682037
2311,0.00236954
2312,0.01527449
2313,0.00700509
2314,0.00166918
2315,0.00511136
2316,0.00974297
2317,0.01550655
2318,0.00357096
2319,0.00811872
2320,0.00351330
2321,0.00333688
2322,0.02398905
2323,0.00261775
2324,0.00124680
2325,0.00951735
2326,0.00874155
2327,0.00369511
2328,0.00652268
2329,0.00370982
2330,0.01019790
2331,0.02429664
2332,0.01750227
2333,0.00828099
2334,0.00878467
2335,0.00302068
2336,0.00116088
2337,0.00110280
2338,0.00565426
2339,0.01734033
2340,0.00291863
2341,0.01053153
2342,0.00222815
2343,0.01321044
2344,0.00101172
2345,0.01274670
2346,0.00302329
2347,0.00562958
2348,0.00206048
2349,0.00659326
2350,0.01805776
2351,0.01264436
2352,0.00373541
2353,0.00121699
2354,0.00356713
2355,0.02138990
2356,0.00875073
2357,0.00381147
2358,0.00198736
2359,0.00215590
2360,0.00954428
2361,0.00557139
2362,0.00318423
2363,0.02859297
2364,0.00339951
2365,0.00566778
2366,0.00148042
2367,0.02803844
2368,0.13407973
2369,0.00237297
2370,0.00118897
2371,0.01595883
2372,0.00359389
2373,0.07017845
2374,0.00811983
2375,0.00065898
2376,0.00198980
2377,0.00279936
2378,0.00581670
2379,0.00578262
2380,0.00173486
2381,0.00395163
2382,0.00990069
2383,0.00803838
2384,0.00889474
2385,0.00599253
2386,0.00192142
2387,0.00407693
2388,0.01704972
2389,0.00208576
2390,0.01432365
2391,0.00127278
2392,0.00205502
2393,0.00381350
2394,0.01420690
2395,0.00688779
2396,0.13517118
2397,0.00125686
2398,0.00338357
2399,0.00171364
2400,0.00122810
2401,0.01898587
2402,0.00107662
2403,0.00842155
2404,0.00728236
2405,0.00904065
2406,0.00194855
2407,0.00745334
2408,0.00132494
2409,0.01228529
2410,0.00373242
2411,0.00207412
2412,0.00635648
2413,0.00165938
2414,0.00764361
2415,0.00165445
2416,0.00730907
2417,0.01873038
2418,0.00800710
2419,0.00720484
2420,0.02308613
2421,0.00137660
2422,0.00386979
2423,0.02379556
2424,0.00354036
2425,0.00096842
2426,0.01040809
2427,0.00043125
2428,0.00853483
2429,0.00365882
2430,0.00992337
2431,0.18831678
2432,0.00098207
2433,0.00386301
2434,0.00357202
2435,0.22346654
2436,0.00528051
2437,0.01310860
2438,0.00762337
2439,0.00697387
2440,0.00735390
2441,0.00385782
2442,0.00374303
2443,0.00361264
2444,0.01806523
2445,0.01439920
2446,0.02462110
2447,0.00720959
2448,0.00109854
2449,0.00352797
2450,0.00162792
2451,0.00274852
2452,0.02280163
2453,0.00195647
2454,0.01426629
2455,0.00581400
2456,0.00371971
2457,0.00864022
2458,0.00358989
2459,0.00632286
2460,0.01150684
2461,0.00714925
2462,0.00371369
2463,0.01177246
2464,0.00363461
2465,0.00699190
2466,0.02030193
2467,0.00203607
2468,0.00408485
2469,0.00333641
2470,0.00380067
2471,0.00947569
2472,0.00969628
2473,0.00145355
2474,0.00808365
2475,0.00936467
2476,0.00309430
2477,0.00861706
2478,0.01077375
2479,0.09956287
2480,0.01130044
2481,0.00234103
2482,0.01649936
2483,0.00601430
2484,0.00176215
2485,0.00604201
2486,0.00117151
2487,0.00148487
2488,0.00682732
2489,0.00900354
2490,0.00221271
2491,0.01048733
2492,0.01460742
2493,0.00959763
2494,0.00125231
2495,0.00405211
2496,0.00268892
2497,0.05357557
2498,0.01677660
2499,0.00353085
2500,0.00123754
2501,0.01544283
2502,0.00240369
2503,0.00209236
2504,0.00344423
2505,0.00211111
2506,0.02048165
2507,0.00016904
2508,0.01261944
2509,0.00261613
2510,0.00905866
2511,0.00200221
2512,0.00321705
2513,0.01871332
2514,0.04732504
2515,0.01700380
2516,0.00206418
2517,0.00354200
2518,0.00372886
2519,0.02889907
2520,0.00568574
2521,0.00795596
2522,0.00687296
2523,0.00207680
2524,0.01947188
2525,0.00152866
2526,0.01897852
2527,0.06514215
2528,0.00996403
2529,0.00366883
2530,0.00362974
2531,0.00359084
2532,0.02268677
2533,0.00266992
2534,0.00967539
2535,0.00139902
2536,0.00886669
2537,0.00365331
2538,0.00155691
2539,0.03205889
2540,0.00135279
2541,0.00641274
2542,0.01978627
2543,0.02168084
2544,0.00627055
2545,0.01210957
2546,0.00197481
2547,0.00193799
2548,0.00341833
2549,0.01101598
2550,0.00058046
2551,0.00779417
2552,0.02216428
2553,0.02357365
2554,0.00099843
2555,0.00687631
2556,0.00658384
2557,0.27822490
2558,0.00069769
2559,0.00824133
2560,0.00598775
2561,0.00153286
2562,0.00668355
2563,0.00361058
2564,0.00159376
2565,0.00021099
2566,0.00083143
2567,0.00777029
2568,0.00282752
2569,0.00138095
2570,0.02066076
2571,0.04151610
2572,0.00361886
2573,0.00402785
2574,0.00945223
2575,0.01276733
2576,0.01341541
2577,0.00764443
2578,0.00142931
2579,0.02047164
2580,0.00311140
2581,0.00416966
2582,0.03320950
2583,0.00106256
2584,0.00026602
2585,0.00142081
2586,0.00173479
2587,0.02259392
2588,0.01233273
2589,0.00367074
2590,0.00643392
2591,0.00278327
2592,0.00323641
2593,0.00477426
2594,0.00957530
2595,0.00258660
2596,0.01402004
2597,0.00350419
2598,0.00347824
2599,0.00404866
2600,0.00148845
2601,0.01303410
2602,0.01895957
2603,0.00374793
2604,0.00381348
2605,0.00101995
2606,0.00353102
2607,0.01302225
2608,1.92388992
2609,0.00016356
2610,0.00846718
2611,0.01342334
2612,0.00166871
2613,0.00022370
2614,0.00362133
2615,0.01307034
2616,0.00341338
2617,0.01082298
2618,0.54435312
2619,0.01039034
2620,0.00644331
2621,0.00215735
2622,0.00105754
2623,0.00116540
2624,0.00116561
2625,0.01276633
2626,0.01377737
2627,0.00168518
2628,0.00406663
2629,0.01371330
2630,0.00275379
2631,0.00403769
2632,0.00354688
2633,0.00297412
2634,0.01394343
2635,0.00428279
2636,0.00451710
2637,0.00434669
2638,0.01098668
2639,0.00844775
2640,0.01806965
2641,0.00318038
2642,0.00643773
2643,0.00156195
2644,0.01231464
2645,0.00361837
2646,0.00140751
2647,0.00147931
2648,0.00395191
2649,0.02209733
2650,0.00190362
2651,0.00148944
2652,0.00180369
2653,0.00633261
2654,0.01701463
2655,0.00666034
2656,0.00944031
2657,0.00323280
2658,1.98377151
2659,0.00138812
2660,0.00094388
2661,0.00077751
2662,0.04009824
2663,0.00275567
2664,0.01119753
2665,0.00146520
2666,0.07858990
2667,0.00573798
2668,0.00194547
2669,0.00425877
2670,0.00830800
2671,0.00369264
2672,0.00285525
2673,0.00317007
2674,0.01616228
2675,0.00976484
2676,0.00360166
2677,0.00060530
2678,0.00152233
2679,0.01908327
2680,0.00339815
2681,0.00295993
2682,0.00362540
2683,0.00166893
2684,0.00338520
2685,0.00581094
2686,0.00135021
2687,0.00131929
2688,0.00656828
2689,0.00299041
2690,0.00463827
2691,0.00021324
2692,0.00828613
2693,0.00367427
2694,0.00365301
2695,0.00248336
2696,0.00966140
2697,0.01056034
2698,0.00868914
2699,0.00314931
2700,0.00084341
2701,0.00020966
2702,0.00592511
2703,0.01718583
2704,0.02037460
2705,0.00402291
2706,0.00138124
2707,0.00341420
2708,0.00395753
2709,0.00867435
2710,0.00124868
2711,0.00328949
2712,0.00183030
2713,0.00276064
2714,0.01558090
2715,0.00322277
2716,0.16205659
2717,0.00136274
2718,0.00306955
2719,0.03915886
2720,0.00947160
2721,0.01421375
2722,0.00379754
2723,0.01546038
2724,0.00328299
2725,0.00129203
2726,0.00433336
2727,0.01036935
2728,0.01878879
2729,0.00610924
2730,0.01166384
2731,0.00119098
2732,0.00426021
2733,0.00828467
2734,0.00139780
2735,0.00165473
2736,0.00702306
2737,0.00260754
2738,0.00390920
2739,0.00862630
2740,0.00135676
2741,0.00303453
2742,0.01388815
2743,0.00418355
2744,0.00035347
2745,0.01566181
2746,0.01556254
2747,0.02394282
2748,0.00641703
2749,0.00127817
2750,0.00336174
2751,0.00161856
2752,0.02273677
2753,0.00140964
2754,0.03046647
2755,0.00650753
2756,0.01953156
2757,0.01184911
2758,0.01464699
2759,0.00176083
2760,0.00623729
2761,0.01494766
2762,0.00203530
2763,0.00257556
2764,0.01142967
2765,0.01682175
2766,0.00548560
2767,0.00161834
2768,0.00033894
2769,0.00142418
2770,0.00104248
2771,0.01290627
2772,0.00522533
2773,0.01640263
2774,0.01371403
2775,0.98077133
2776,0.00262025
2777,0.00358105
2778,0.00080149
2779,0.01917142
2780,0.00090000
2781,0.00665832
2782,0.00770930
2783,0.00749221
2784,0.01399342
2785,0.00824950
2786,0.00390319
2787,0.00197091
2788,0.00350912
2789,0.00150091
2790,0.00173930
2791,0.02250848
2792,0.00230471
2793,0.00670302
2794,0.00146140
2795,0.00116555
2796,0.00403235
2797,0.01323486
2798,0.00392191
2799,0.00140112
2800,0.01217343
2801,0.00362779
2802,0.02930312
2803,0.00088164
2804,0.01199322
2805,0.00222072
2806,0.00613717
2807,0.01289696
2808,0.04919324
2809,0.02184269
2810,0.00119970
2811,0.01365927
2812,0.00279665
2813,0.00377388
2814,0.01344015
2815,0.00094291
2816,0.01508789
2817,0.00049609
2818,0.00340777
2819,0.00708684
2820,0.06163872
2821,0.00714761
2822,0.00452250
2823,0.00317250
2824,0.02707610
2825,0.01615177
2826,0.02433069
2827,0.00797331
2828,0.01463281
2829,0.00794476
2830,0.00485559
2831,0.00340283
2832,0.00129903
2833,0.00681829
2834,0.00656359
2835,0.00125403
2836,0.00722620
2837,0.00195886
2838,0.41426404
2839,0.01255816
2840,0.00455129
2841,0.00313700
2842,0.00111149
2843,0.00134495
2844,0.01085125
2845,0.01281959
2846,0.00666181
2847,0.01465360
2848,0.01380386
2849,0.00351684
2850,0.00640276
2851,0.01712986
2852,0.00683036
2853,0.00067314
2854,0.00139084
2855,0.00856101
2856,0.00808225
2857,0.00388260
2858,0.00209492
2859,0.00019768
2860,0.00038578
2861,0.00038684
2862,0.00888956
2863,0.02024557
2864,0.00327772
2865,0.00237678
2866,0.00014119
2867,0.00619429
2868,0.00169143
2869,0.00749318
2870,0.01097102
2871,0.01257639
2872,0.00163942
2873,0.02306097
2874,0.00409160
2875,0.00168336
2876,0.00831560
2877,0.00642735
2878,0.00431283
2879,0.00067189
2880,0.00041523
2881,0.00477588
2882,0.00647339
2883,0.00917356
2884,0.02150013
2885,0.00377553
2886,0.00370730
2887,0.00726334
2888,0.00703476
2889,0.00284528
2890,0.00027405
2891,0.00255001
2892,0.00369377
2893,0.00143007
2894,0.00402194
2895,0.01351681
2896,0.02247810
2897,0.00243295
2898,0.00098626
2899,0.00183537
2900,0.00331389
2901,0.00168416
2902,0.00641316
2903,0.00382988
2904,0.00150930
2905,0.00905966
2906,0.01296636
2907,0.02699086
2908,0.00723550
2909,0.01324616
2910,0.00179883
2911,0.00904202
2912,0.00762928
2913,0.00164090
2914,0.00157443
2915,0.00533281
2916,0.00136249
2917,0.00185761
2918,0.00094522
2919,0.01871303
2920,0.01469285
2921,0.00345947
2922,0.00391619
2923,0.00358996
2924,0.00509870
2925,0.00450372
2926,0.00279233
2927,0.00594075
2928,0.00050388
2929,0.00100328
2930,0.01125213
2931,0.00334935
2932,0.00170820
2933,0.00770310
2934,0.00831443
2935,0.84248916
2936,0.01086851
2937,0.00632553
2938,0.00281596
2939,0.00630906
2940,0.01740661
2941,0.00099751
2942,0.00739821
2943,0.00628228
2944,0.02434102
2945,0.00160343
2946,0.00118000
2947,0.00809001
2948,0.00643821
2949,0.05358498
2950,2.27970585
2951,0.00160167
2952,0.00201996
2953,0.01070202
2954,0.00742997
2955,0.02402504
2956,0.00385129
2957,0.00290182
2958,0.00939707
2959,0.02510711
2960,0.00957903
2961,0.01720370
2962,0.00078992
2963,0.00642783
2964,0.00159689
2965,0.01095472
2966,0.00122208
2967,0.00047438
2968,0.00024326
2969,0.01499977
2970,0.00218629
2971,0.00159109
2972,0.00924641
2973,0.00055371
2974,0.00281463
2975,0.01567429
2976,0.00362571
2977,0.00914582
2978,0.00129592
2979,0.00325954
2980,0.00724239
2981,0.01588825
2982,0.00600029
2983,0.00145096
2984,0.00060788
2985,0.00125461
2986,0.00134115
2987,0.00391214
2988,0.01295552
2989,0.00709533
2990,0.00200630
2991,0.00707561
2992,0.00237891
2993,0.09275780
2994,0.00396406
2995,0.00052697
2996,0.00307562
2997,0.00641404
2998,0.01139652
2999,0.00672404
3000,0.00917224
3001,0.07684822
3002,0.00604185
3003,0.00148933
3004,0.00122370
3005,0.00079024
3006,0.01630016
3007,0.00776400
3008,0.01206427
3009,0.00145262
3010,0.00187312
3011,0.00461616
3012,0.00367828
3013,0.02474636
3014,0.00098535
3015,0.00435925
3016,0.00238105
3017,0.01153538
3018,0.02110887
3019,0.00420178
3020,0.01064347
3021,0.00789112
3022,0.01915949
3023,0.02252093
3024,1.31110275
3025,0.00181726
3026,0.00129154
3027,0.00324610
3028,0.00737282
3029,0.00945820
3030,0.00151175
3031,0.00094225
3032,0.02295236
3033,0.00339657
3034,0.01895446
3035,0.00325140
3036,0.00321575
3037,0.00114324
3038,0.01152293
3039,0.00169400
3040,0.00375788
3041,0.00159138
3042,0.00354735
3043,0.00502467
3044,0.00362121
3045,0.00364126
3046,0.01758321
3047,0.00247545
3048,0.01097392
3049,0.01284757
3050,0.01839425
3051,0.00163231
3052,0.00203350
3053,0.00212324
3054,0.00614676
3055,0.01067302
3056,0.00369198
3057,0.00270946
3058,0.00641495
3059,0.00289470
3060,0.00206569
3061,0.00319843
3062,0.01772936
3063,0.01271670
3064,0.00122452
3065,0.01195210
3066,0.00139207
3067,0.11296307
3068,0.00643530
3069,0.00053949
3070,0.00816630
3071,0.03549356
3072,0.00222095
3073,0.01020516
3074,0.00987062
3075,0.00367017
3076,0.00077731
3077,0.00570038
3078,0.01090052
3079,0.00788456
3080,0.01693681
3081,0.00359631
3082,0.00360378
3083,0.00175468
3084,0.00210837
3085,0.00039548
3086,0.00703279
3087,0.00670138
3088,0.00347638
3089,0.02152145
3090,0.02713126
3091,0.00379483
3092,0.00121855
3093,0.00899968
3094,0.00366019
3095,0.00799358
3096,0.00682076
3097,0.01551337
3098,0.00388514
3099,0.00611582
3100,0.01641717
3101,0.00285455
3102,0.00124275
3103,0.00930655
3104,0.01295815
3105,0.00367762
3106,0.00664884
3107,0.00067462
3108,0.08495022
3109,0.00116041
3110,0.00917348
3111,0.00184534
3112,0.00129046
3113,0.01116457
3114,0.01495557
3115,0.00712313
3116,0.00700117
3117,0.00182999
3118,0.00126233
3119,0.00737716
3120,0.00991953
3121,0.00066392
3122,0.00181994
3123,0.00407546
3124,0.01645269
3125,0.00353708
3126,0.00104790
3127,0.00145225
3128,0.00341016
3129,0.00026516
3130,0.01884105
3131,0.00649674
3132,0.00649349
3133,0.00374636
3134,0.01346713
3135,0.00363136
3136,0.00158795
3137,1.98605395
3138,0.00015186
3139,0.01065765
3140,0.00357200
3141,0.01207923
3142,0.02403023
3143,0.00845143
3144,0.00149854
3145,0.03165508
3146,0.00899477
3147,0.00776292
3148,0.01670079
3149,0.00336209
3150,0.00148875
3151,2.19444468
3152,0.02290538
3153,0.00335066
3154,0.00462522
3155,0.00151252
3156,0.00681914
3157,0.02524870
3158,0.00885303
3159,0.00056363
3160,0.00108765
3161,0.01790042
3162,0.01333707
3163,0.00157645
3164,0.00118286
3165,1.02928485
3166,0.00314602
3167,0.00617376
3168,0.00153285
3169,0.00077927
3170,0.01283732
3171,0.01113338
3172,0.00721559
3173,0.00084160
3174,0.00618647
3175,0.02121187
3176,0.00845138
3177,0.40696484
3178,0.00741151
3179,0.00396257
3180,0.00137643
3181,0.00085132
3182,0.00348470
3183,0.25143641
3184,0.00292399
3185,0.00702843
3186,0.00112550
3187,0.00150617
3188,0.00109001
3189,0.00063673
3190,0.00592211
3191,0.00128371
3192,0.00101900
3193,0.01830915
3194,0.00171246
3195,0.03264057
3196,0.00103791
3197,0.00634757
3198,0.00024985
3199,0.00130122
3200,0.00122731
3201,0.00187845
3202,0.00818211
3203,0.00699101
3204,0.00269179
3205,0.04429975
3206,0.00214032
3207,0.00385805
3208,0.00081984
3209,0.00029534
3210,0.00085597
3211,0.00190388
3212,0.00212125
3213,0.00951810
3214,0.00361204
3215,0.01122242
3216,0.00245536
3217,0.00614930
3218,0.00597983
3219,0.00677711
3220,0.01454924
3221,0.00512201
3222,0.00373576
3223,0.51632210
3224,1.15051392
3225,0.00326949
3226,0.00134075
3227,0.00103485
3228,0.00156587
3229,0.00731036
3230,0.00062661
3231,0.00766792
3232,0.00652780
3233,0.00248058
3234,0.00645677
3235,0.00402437
3236,0.00393361
3237,0.00417567
3238,0.00308404
3239,0.00136880
3240,0.00133319
3241,0.00108367
3242,0.02970318
3243,0.00227789
3244,0.01601001
3245,0.00349380
3246,0.01201711
3247,0.02101011
3248,0.00164687
3249,0.00664579
3250,0.08415995
3251,0.29081905
3252,0.00311626
3253,0.00595798
3254,0.00684439
3255,0.00096222
3256,0.00032110
3257,0.00045646
3258,0.00051162
3259,0.00315638
3260,0.00924671
3261,0.01235024
3262,0.01527122
3263,0.00631865
3264,0.01059679
3265,0.01205345
3266,0.00370605
3267,0.00377025
3268,0.00238264
3269,0.01428383
3270,0.00348913
3271,0.00117651
3272,0.00686690
3273,0.01003453
3274,0.00196461
3275,0.00592873
3276,0.00167300
3277,0.00874547
3278,0.00082983
3279,0.00325425
3280,0.01004728
3281,0.00311215
3282,0.02801688
3283,0.00554375
3284,0.00494701
3285,0.00131173
3286,0.01508763
3287,0.00244807
3288,0.00773885
3289,0.00911426
3290,0.01210416
3291,0.00122356
3292,0.00031646
3293,0.00721300
3294,0.00202242
3295,0.00094133
3296,0.00385026
3297,0.00151331
3298,0.00312533
3299,0.00128254
3300,0.00361254
3301,0.00091901
3302,0.02265948
3303,0.00129864
3304,0.00136936
3305,0.00143829
3306,0.00614298
3307,0.01238311
3308,0.00331874
3309,0.00620174
3310,0.00410245
3311,0.00573215
3312,0.02157508
3313,0.00379157
3314,0.00133503
3315,0.01078901
3316,0.00690462
3317,0.01101847
3318,0.00673134
3319,0.00931355
3320,0.00141556
3321,0.00382255
3322,0.01205469
3323,0.00375474
3324,0.01338687
3325,0.00115898
3326,0.00196544
3327,0.00139933
3328,0.02796218
3329,0.02126329
3330,0.00395135
3331,0.01587703
3332,0.00121067
3333,0.00323013
3334,0.00101427
3335,0.01578971
3336,0.02097186
3337,0.00188468
3338,0.00348276
3339,0.00199713
3340,0.00412440
3341,0.00378717
3342,0.00260001
3343,0.87029972
3344,0.00066945
3345,0.01022335
3346,0.00597232
3347,0.00407911
3348,0.00277801
3349,0.00260273
3350,0.00104964
3351,0.01666391
3352,0.00294318
3353,0.00875226
3354,0.03213280
3355,0.00830009
3356,0.00710191
3357,0.00418691
3358,0.00042553
3359,0.00802255
3360,0.00127803
3361,0.00366681
3362,0.10657284
3363,0.01236741
3364,0.00939013
3365,0.01082843
3366,0.00112765
3367,0.00163988
3368,0.00385012
3369,0.01470290
3370,0.00106034
3371,0.00305012
3372,0.00353637
3373,0.00200105
3374,0.00306079
3375,0.00834117
3376,0.00173010
3377,0.00036255
3378,0.00024977
3379,0.00373211
3380,0.02207060
3381,0.00844948
3382,0.01055266
3383,0.00943325
3384,0.00668365
3385,0.00343273
3386,0.00669676
3387,0.01262780
3388,0.00135286
3389,0.02376665
3390,0.01359914
3391,0.00102056
3392,0.07250986
3393,0.00334942
3394,0.00386037
3395,0.00146710
3396,0.00010938
3397,0.00686747
3398,0.00303379
3399,0.01143130
3400,0.00637742
3401,0.00154038
3402,0.00692278
3403,0.01127256
3404,0.00386189
3405,0.72338147
3406,0.01818077
3407,0.00429057
3408,0.00143451
3409,0.01308941
3410,0.01253591
3411,0.00594461
3412,0.00362675
3413,0.00389507
3414,0.00115192
3415,0.00875163
3416,0.00335991
3417,0.01783639
3418,0.02104822
3419,0.00090462
3420,0.01933042
3421,0.01135419
3422,0.00720315
3423,0.00144468
3424,0.00243839
3425,0.16648942
3426,0.00404270
3427,0.00375416
3428,0.00156592
3429,0.00922890
3430,0.00156769
3431,0.00211558
3432,0.01362749
3433,0.00902324
3434,0.00187089
3435,0.00133163
3436,0.00857739
3437,0.00303441
3438,0.00190965
3439,0.00765727
3440,0.02307211
3441,0.00800652
3442,0.00150744
3443,0.00831683
3444,0.01595998
3445,0.00157643
3446,0.02135958
3447,0.00341813
3448,0.00129954
3449,0.00385333
3450,0.00470403
3451,0.00202919
3452,0.00587413
3453,0.00159001
3454,0.00367325
3455,0.00281395
3456,0.00371972
3457,0.02298269
3458,0.00701267
3459,0.00985359
3460,0.00557338
3461,0.00163681
3462,0.00025168
3463,0.03670999
3464,0.00914588
3465,0.02063323
3466,0.00223161
3467,0.02907970
3468,0.00990431
3469,0.00269202
3470,0.00772318
3471,0.40354477
3472,0.00420032
3473,0.00618154
3474,0.17253465
3475,0.00987626
3476,0.00841020
3477,0.00856206
3478,0.00308856
3479,0.00265377
3480,0.00046642
3481,0.00122587
3482,0.01512548
3483,0.00340943
3484,0.00623523
3485,0.00226190
3486,0.00107476
3487,0.01490728
3488,0.11210222
3489,0.00987515
3490,0.00177473
3491,0.02368740
3492,0.00394456
3493,0.00104970
3494,0.00167836
3495,0.00332058
3496,0.00030993
3497,0.00380057
3498,0.01273476
3499,0.00391253
3500,0.00785216
3501,0.00321298
3502,0.00390995
3503,0.00970339
3504,0.00716927
3505,0.01935113
3506,0.08875313
3507,0.00016147
3508,0.01645652
3509,0.00877851
3510,0.00722546
3511,0.01346574
3512,0.00753443
3513,0.00285304
3514,0.00133600
3515,0.02016020
3516,0.00608838
3517,0.00060166
3518,0.00182313
3519,0.00319313
3520,0.00369146
3521,0.00573869
3522,0.00059145
3523,0.00419648
3524,0.02531282
3525,0.01696580
3526,0.01832863
3527,0.00930726
3528,0.00249610
3529,0.00404300
3530,0.00665689
3531,0.00662011
3532,0.00123118
3533,0.01157517
3534,0.00128284
3535,0.01789689
3536,0.03716871
3537,0.00370884
3538,0.00123519
3539,0.00959895
3540,0.00323610
3541,0.00776380
3542,0.00920430
3543,0.00303637
3544,0.00035677
3545,0.55380365
3546,0.00364688
3547,0.00147475
3548,0.00329879
3549,0.12218748
3550,0.00128638
3551,0.00304364
3552,0.01141734
3553,0.01213416
3554,0.00220005
3555,0.00034700
3556,0.00439295
3557,0.00165251
3558,0.00129392
3559,0.00377489
3560,0.06526542
3561,0.00201637
3562,0.01038961
3563,0.00833652
3564,0.00165502
3565,0.00939370
3566,0.00410397
3567,0.01326954
3568,0.00341746
3569,0.00142894
3570,0.01367370
3571,0.00624581
3572,0.00400305
3573,0.00163408
3574,0.00867425
3575,0.00179801
3576,0.00178397
3577,0.00154170
3578,0.00645234
3579,0.07648428
3580,0.00181986
3581,0.00159314
3582,0.00125774
3583,0.03059531
3584,0.00159879
3585,0.00376771
3586,0.00075393
3587,0.01081577
3588,0.00145680
3589,0.00246948
3590,0.00393592
3591,0.00830055
3592,0.00175198
3593,0.00930923
3594,0.01807329
3595,0.00042263
3596,0.01823996
3597,0.00141249
3598,0.04342116
3599,0.00106524
3600,0.00177717
3601,0.00362572
3602,0.00126792
3603,0.00117462
3604,0.00287788
3605,0.00347922
3606,0.00162019
3607,0.00580705
3608,0.00721339
3609,0.00430202
3610,0.01372995
3611,0.01158427
3612,0.00082050
3613,2.10262452
3614,0.00314135
3615,0.01288668
3616,0.00052907
3617,0.00347027
3618,0.00325352
3619,0.00201713
3620,0.00091907
3621,0.00773690
3622,0.00377135
3623,0.00334255
3624,0.22662804
3625,0.08992431
3626,0.01066687
3627,0.00144681
3628,0.00614324
3629,0.02003813
3630,0.00388992
3631,0.01017830
3632,0.02439258
3633,0.01401761
3634,0.01336011
3635,0.01038582
3636,0.00184718
3637,0.00056409
3638,0.00063920
3639,0.00275384
3640,0.01819541
3641,0.00300005
3642,0.01182375
3643,0.00275790
3644,0.00193369
3645,0.00673678
3646,0.01584812
3647,0.01513031
3648,0.01694950
3649,0.00174455
3650,0.00993863
3651,0.00573898
3652,0.00201209
3653,0.00372876
3654,0.00069063
3655,0.00284485
3656,0.01182390
3657,0.30422400
3658,0.50173077
3659,0.00026372
3660,0.00753929
3661,0.00204487
3662,0.01076893
3663,0.00356196
3664,0.01815480
3665,0.00166309
3666,0.00128043
3667,0.03193639
3668,0.00822043
3669,0.00030090
3670,0.00099124
3671,0.00245404
3672,0.00320903
3673,0.01626744
3674,0.00772833
3675,0.00048738
3676,0.00270243
3677,0.02179606
3678,0.00135869
3679,0.00357886
3680,0.00637935
3681,0.00014974
3682,0.00193100
3683,0.00711908
3684,0.01222319
3685,0.00343459
3686,0.00638257
3687,0.00043337
3688,0.00431711
3689,0.00117498
3690,0.00886100
3691,0.00172013
3692,0.01060586
3693,0.00914572
3694,0.01378162
3695,0.02138435
3696,0.00656417
3697,0.00172046
3698,0.00896556
3699,0.00253536
3700,0.00116741
3701,0.00869426
3702,0.00350057
3703,0.00366957
3704,0.01059502
3705,0.01643252
3706,0.00836187
3707,0.00119127
3708,0.00073808
3709,0.00178760
3710,0.03916093
3711,0.00553420
3712,0.02112092
3713,0.00370508
3714,0.00374887
3715,0.00551561
3716,0.00337537
3717,0.00308204
3718,0.02963304
3719,0.00401635
3720,0.01409538
3721,0.00186870
3722,0.01364800
3723,0.00126721
3724,0.00657955
3725,0.00682106
3726,0.02070452
3727,0.00126601
3728,0.00071730
3729,0.00116511
3730,0.01271421
3731,0.01721896
3732,0.04769653
3733,0.00326246
3734,0.00888586
3735,0.00385446
3736,0.02067689
3737,0.00868575
3738,0.00741051
3739,0.00534682
3740,0.00188574
3741,0.01933809
3742,0.00111205
3743,0.05896663
3744,0.01172349
3745,0.00169034
3746,0.00452859
3747,0.00403450
3748,0.00104094
3749,0.00683434
3750,0.00257765
3751,0.00247761
3752,0.00779688
3753,0.00093226
3754,0.00251539
3755,0.00137574
3756,0.00100911
3757,0.01501650
3758,0.00087584
3759,0.00064215
3760,0.01045008
3761,0.00444780
3762,0.00678872
3763,0.01085591
3764,0.74524859
3765,0.00094523
3766,0.00393541
3767,0.02000739
3768,0.00276068
3769,0.00634620
3770,0.00606115
3771,0.00634722
3772,0.01453073
3773,0.01302768
3774,0.00347719
3775,0.00723949
3776,0.00290531
3777,0.01232009
3778,0.02457614
3779,0.00807098
3780,0.00277557
3781,0.01135657
3782,0.00159409
3783,0.00294651
3784,0.00345251
3785,0.00034469
3786,0.01060935
3787,0.01485875
3788,0.00968723
3789,0.02327549
3790,0.01445494
3791,0.00293213
3792,0.00115569
3793,0.04876502
3794,0.00647643
3795,0.00123967
3796,0.00302152
3797,0.00138718
3798,0.01029087
3799,0.00593622
3800,0.00031961
3801,0.00102105
3802,0.02168275
3803,0.02486246
3804,0.00102384
3805,0.00783460
3806,0.00352562
3807,0.01421463
3808,0.00646629
3809,0.00831052
3810,0.00292946
3811,0.00167266
3812,0.02865637
3813,0.02308378
3814,0.00454781
3815,0.00702252
3816,0.00565296
3817,0.01288725
3818,0.00081119
3819,0.00236738
3820,0.01200058
3821,0.00842069
3822,0.02265662
3823,0.00128829
3824,0.02622384
3825,0.00486741
3826,0.00610477
3827,0.00641990
3828,0.01715662
3829,0.00115489
3830,0.00473402
3831,0.00618340
3832,0.00034119
3833,0.00769256
3834,0.02147991
3835,0.00920406
3836,0.03755881
3837,0.00337389
3838,0.00124964
3839,0.00727507
3840,0.00636959
3841,0.02238639
3842,0.00751695
3843,0.01506481
3844,0.19222051
3845,0.21811640
3846,0.02730959
3847,0.00183901
3848,0.00728167
3849,0.01357786
3850,0.43165747
3851,0.00783927
3852,0.00383935
3853,0.00608865
3854,0.00790341
3855,0.00961024
3856,0.00332921
3857,0.00897555
3858,0.00568349
3859,0.00344549
3860,0.02391773
3861,0.00107704
3862,0.00696301
3863,0.00304132
3864,0.00028261
3865,0.01108559
3866,0.00268714
3867,0.00137835
3868,0.00115053
3869,0.01332838
3870,0.00361501
3871,0.01333347
3872,0.00396906
3873,0.00673082
3874,0.00010150
3875,0.00179094
3876,0.00403486
3877,0.00409304
3878,0.01628756
3879,0.00987127
3880,0.01077211
3881,0.00403949
3882,0.00270732
3883,0.00636456
3884,0.00020791
3885,0.00088663
3886,0.00031879
3887,0.00123984
3888,0.00090004
3889,0.00726011
3890,0.01166542
3891,0.00160537
3892,0.00313489
3893,0.00154806
3894,0.00280631
3895,0.01807913
3896,0.00129888
3897,0.01298245
3898,0.11531530
3899,0.01334478
3900,0.00821441
3901,0.00413898
3902,0.00145113
3903,0.00116635
3904,0.09449401
3905,0.01875134
3906,0.02719894
3907,0.00167402
3908,0.04339912
3909,0.00167652
3910,0.01194302
3911,0.34774452
3912,0.00131732
3913,0.00375926
3914,0.00108114
3915,0.01347701
3916,0.00078603
3917,0.01064755
3918,0.00906089
3919,0.00668889
3920,0.00361872
3921,0.00306173
3922,0.00039790
3923,0.00130375
3924,0.02525146
3925,0.00048071
3926,0.08948964
3927,0.00177792
3928,0.05384574
3929,0.00326133
3930,0.01163235
3931,0.02066425
3932,0.00408143
3933,0.02473661
3934,0.00302681
3935,0.02035151
3936,0.00373686
3937,0.00678376
3938,0.00294214
3939,0.00956819
3940,0.00225610
3941,0.00342667
3942,0.00936664
3943,0.01670056
3944,0.00365728
3945,0.00137717
3946,0.00722513
3947,0.00242451
3948,0.00346980
3949,0.00113214
3950,0.02420277
3951,0.03364878
3952,0.00361729
3953,0.01126310
3954,0.00102678
3955,0.00591404
3956,0.00358705
3957,0.00146950
3958,0.00650565
3959,0.00182316
3960,0.01881969
3961,0.00617879
3962,0.00038776
3963,0.00370935
3964,0.00167387
3965,0.00765671
3966,0.00330217
3967,0.01472950
3968,0.00132827
3969,0.00374827
3970,0.01820788
3971,0.00162424
3972,0.00142421
3973,0.01374233
3974,0.00132909
3975,0.01055012
3976,0.00197170
3977,0.00669134
3978,0.00144585
3979,0.00390060
3980,0.00803002
3981,0.00086816
3982,0.00353117
3983,0.02334592
3984,0.02042641
3985,0.00923917
3986,0.00383007
3987,0.00182881
3988,0.02922379
3989,0.00175988
3990,0.00655712
3991,0.00904105
3992,0.00170704
3993,0.00137559
3994,0.00359035
3995,0.00398438
3996,0.01136084
3997,0.01458166
3998,0.00153228
3999,0.00091882
4000,0.00167672
4001,0.00939831
4002,0.02342578
4003,0.01309634
4004,0.00161227
4005,0.00177253
4006,0.00039645
4007,0.01862880
4008,0.01106651
4009,0.01113139
4010,0.01545019
4011,0.01225897
4012,0.00138034
4013,0.01472174
4014,0.00847785
4015,0.01677080
4016,0.02224403
4017,0.00684643
4018,0.00913960
4019,0.00186604
4020,0.00399241
4021,0.00327284
4022,0.00728725
4023,0.00739895
4024,0.01762977
4025,0.00342211
4026,0.00352076
4027,0.01191018
4028,0.00925472
4029,0.00501311
4030,0.00372948
4031,0.00404068
4032,0.00602802
4033,0.00526493
4034,0.00327024
4035,0.00257705
4036,0.00196343
4037,0.00958767
4038,0.00169731
4039,0.00639599
4040,0.00831670
4041,0.00977282
4042,0.00633802
4043,0.00198130
4044,0.01344670
4045,0.00561472
4046,0.00400743
4047,0.00145077
4048,0.00126593
4049,0.00660160
4050,0.02197696
4051,0.00863948
4052,0.01510410
4053,0.02989601
4054,0.00328479
4055,0.00017763
4056,0.00070059
4057,0.01426450
4058,0.00359561
4059,0.01638611
4060,0.00154205
4061,0.01140277
4062,0.00753153
4063,0.00810221
4064,0.00371646
4065,0.00655138
4066,0.02419094
4067,0.00833775
4068,0.00402544
4069,0.01040843
4070,0.00215979
4071,0.01010867
4072,0.00114888
4073,0.00734343
4074,0.00105608
4075,2.12436585
4076,0.00076600
4077,0.00171312
4078,0.00332066
4079,0.00910304
4080,0.00069926
4081,0.00262267
4082,0.00312163
4083,0.00598502
4084,0.00674197
4085,0.01118817
4086,0.00021408
4087,0.00029127
4088,0.00307864
4089,0.00209775
4090,0.00642261
4091,0.00027003
4092,0.00158215
4093,0.00339155
4094,0.00316626
4095,0.01066869
4096,0.00280672
4097,0.01331516
4098,0.00094608
4099,0.00308935
4100,0.00189954
4101,0.01300840
4102,0.00640528
4103,0.00256730
4104,0.00132642
4105,0.00182201
4106,0.00270722
4107,0.00837665
4108,0.02825142
4109,0.00299423
4110,0.00909867
4111,0.00812876
4112,0.00144659
4113,0.00130612
4114,0.00618041
4115,0.00127889
4116,0.00671217
4117,0.00142936
4118,0.00383821
4119,0.00485871
4120,0.00119610
4121,0.00679345
4122,0.00094877
4123,0.00370923
4124,0.01240992
4125,0.00352896
4126,0.00123104
4127,0.01331299
4128,0.02022627
4129,0.00600887
4130,0.00322823
4131,0.00359732
4132,0.00605558
4133,0.00369990
4134,0.00213837
4135,0.00323034
4136,0.09581208
4137,0.00124382
4138,0.00407390
4139,0.00084392
4140,0.02399190
4141,0.00149716
4142,0.02749742
4143,0.00363905
4144,0.00353333
4145,0.00782224
4146,0.00820084
4147,0.00271169
4148,0.00644146
4149,0.05218746
4150,0.00046845
4151,0.01206066
4152,0.00793424
4153,0.00160395
4154,0.00351976
4155,0.00144540
4156,0.00301258
4157,0.00659504
4158,0.00368393
4159,0.00036759
4160,0.00150465
4161,0.01075692
4162,0.00650086
4163,0.00373241
4164,0.00343641
4165,0.00162626
4166,0.00339362
4167,0.01136470
4168,0.00160445
4169,0.00399102
4170,0.01241135
4171,0.01100129
4172,0.00359193
4173,0.00909476
4174,0.00997998
4175,0.00104691
4176,0.00265475
4177,0.00217308
4178,0.00368775
4179,0.00238340
4180,0.00431580
4181,0.00249199
4182,0.00264698
4183,0.01191379
4184,0.02107367
4185,0.01928972
4186,0.00381720
4187,0.00677832
4188,0.00144669
4189,0.02762010
4190,0.00287916
4191,0.00159414
4192,0.00141610
4193,0.00713404
4194,0.00746914
4195,0.00169715
4196,0.00082871
4197,0.00639529
4198,0.00164988
4199,0.00401051
4200,0.01046071
4201,0.00185932
4202,0.00077235
4203,0.00738718
4204,0.02663616
4205,0.03578650
4206,0.00066222
4207,0.00710605
4208,0.00069863
4209,0.00322731
4210,0.00410713
4211,0.01269691
4212,0.00622231
4213,0.00145166
4214,0.00684191
4215,0.00838652
4216,0.09907948
4217,0.00778594
4218,0.00977285
4219,0.18251870
4220,0.00343608
4221,0.00279338
4222,0.00367070
4223,0.00159384
4224,0.04318104
4225,0.01077054
4226,0.02094137
4227,0.01570076
4228,0.00127552
4229,0.00674526
4230,0.00856404
4231,0.00266256
4232,0.01179084
4233,0.00147809
4234,0.01379544
4235,0.01379209
4236,0.00589627
4237,0.00387993
4238,0.00362039
4239,0.00676111
4240,0.00039742
4241,0.00085146
4242,0.00095305
4243,0.00188674
4244,0.00232321
4245,0.03331215
4246,0.02309782
4247,0.00182343
4248,0.00357178
4249,0.00563933
4250,0.00170550
4251,0.00795914
4252,0.00884309
4253,0.01137782
4254,0.01135835
4255,0.00815663
4256,0.00192826
4257,0.00378345
4258,0.00199890
4259,0.00329855
4260,0.00157729
4261,0.02638463
4262,0.04502092
4263,0.00292098
4264,0.04625908
4265,0.00203102
4266,0.00937091
4267,0.01398010
4268,0.00978241
4269,0.00297381
4270,0.00496929
4271,0.00273943
4272,0.00179406
4273,0.18554056
4274,0.01533481
4275,0.00404265
4276,0.00691749
4277,0.00619814
4278,0.00425902
4279,0.00350832
4280,0.00925292
4281,0.00122011
4282,0.01138813
4283,0.00369067
4284,0.00071143
4285,0.01414367
4286,0.00136824
4287,0.00130181
4288,0.00128508
4289,0.00126194
4290,0.00395598
4291,0.00162594
4292,0.00701286
4293,0.00140663
4294,0.00350426
4295,0.00654973
4296,0.08228581
4297,0.00371746
4298,0.00644793
4299,0.00141645
4300,0.00848292
4301,0.00173439
4302,0.00144384
4303,0.00381317
4304,0.00112933
4305,0.00153257
4306,0.00357588
4307,0.00165842
4308,0.00321598
4309,0.00102536
4310,0.00658832
4311,0.00832687
4312,0.00122707
4313,0.00850763
4314,0.00159161
4315,0.00539199
4316,0.00300952
4317,0.00087248
4318,0.04323682
4319,0.00949107
4320,0.01830829
4321,0.02649909
4322,0.03135620
4323,0.00385119
4324,0.00178024
4325,0.00273542
4326,0.00902848
4327,0.00385066
4328,0.01528585
4329,0.00991436
4330,1.68798944
4331,0.00082855
4332,0.00908477
4333,0.00108826
4334,0.00167026
4335,0.04426098
4336,0.02615572
4337,0.00748889
4338,0.00659128
4339,0.00344444
4340,0.00638040
4341,0.00093382
4342,0.00357933
4343,0.00358813
4344,0.01409437
4345,0.02439070
4346,0.01258248
4347,0.00244706
4348,1.27747335
4349,0.00118999
4350,0.00417897
4351,0.00115646
4352,0.01161285
4353,0.00249016
4354,0.03152057
4355,0.00212384
4356,0.01960770
4357,0.00358495
4358,0.01105770
4359,0.16407367
4360,0.00111450
4361,0.00533384
4362,0.00845072
4363,0.00299316
4364,0.00408588
4365,0.00707648
4366,0.00117857
4367,0.00134621
4368,0.01013836
4369,0.00620403
4370,0.00353305
4371,0.00753360
4372,0.00248461
4373,0.00356454
4374,0.00355139
4375,0.00174127
4376,0.00166488
4377,0.00364680
4378,0.02125621
4379,0.00672066
4380,0.01480422
4381,0.00915581
4382,0.00365911
4383,0.00682794
4384,0.00128136
4385,0.00337653
4386,0.00328832
4387,0.01014313
4388,0.01580299
4389,0.00104177
4390,0.00132061
4391,0.00704819
4392,0.00088585
4393,0.00199459
4394,0.01114492
4395,0.00128023
4396,0.00142063
4397,0.01007180
4398,0.02928627
4399,0.01175475
4400,0.00400873
4401,0.01300266
4402,0.00121599
4403,0.00382403
4404,0.00773133
4405,0.00253792
4406,0.00130675
4407,0.00136829
4408,0.00172076
4409,0.00969355
4410,0.02406418
4411,0.00226142
4412,0.00201272
4413,0.00724127
4414,0.00136042
4415,0.01007601
4416,0.00730097
4417,0.00114213
4418,0.00073943
4419,0.01965858
4420,0.00352441
4421,0.00086349
4422,0.00242259
4423,0.01649244
4424,0.00261364
4425,0.00378340
4426,0.00356076
4427,0.00052607
4428,0.00054761
4429,0.00067165
4430,0.00013559
4431,0.00072455
4432,0.00125043
4433,0.00126798
4434,0.02676130
4435,0.02074997
4436,0.00358314
4437,0.00113740
4438,0.07405993
4439,0.02702456
4440,0.00379362
4441,0.00355206
4442,0.00656797
4443,0.00864435
4444,0.00226354
4445,0.00148674
4446,0.12267461
4447,0.00643938
4448,0.00344331
4449,0.00680544
4450,0.00110570
4451,0.01931555
4452,0.00158109
4453,0.01728367
4454,0.01006708
4455,0.00307775
4456,0.00397116
4457,0.00328612
4458,0.00659520
4459,0.00202811
4460,0.00196924
4461,0.00974449
4462,0.00275418
4463,0.07406877
4464,0.00307407
4465,0.01844981
4466,0.01587907
4467,0.00392706
4468,0.01261044
4469,0.00094724
4470,0.00380086
4471,0.01695795
4472,0.00673136
4473,0.00192753
4474,0.02211414
4475,0.00689691
4476,0.00285987
4477,0.00684972
4478,0.01847955
4479,0.00726204
4480,0.00118420
4481,0.00329359
4482,0.00634920
4483,0.01996619
4484,0.00162822
4485,0.00057354
4486,0.05118932
4487,0.00646021
4488,0.01059583
4489,0.00801448
4490,0.02013649
4491,0.00187420
4492,0.00374585
4493,0.00662214
4494,0.00116145
4495,0.00135716
4496,0.00719245
4497,0.00270431
4498,0.01105074
4499,0.00145613
4500,0.00732692
4501,0.00304309
4502,0.00783131
4503,0.00275915
4504,0.00288095
4505,0.00358673
4506,0.00796552
4507,0.00083117
4508,0.00632175
4509,0.00629672
4510,0.00020027
4511,0.00026809
4512,0.00143500
4513,0.00943452
4514,0.02940102
4515,0.00575892
4516,0.01978488
4517,0.01500622
4518,0.00593688
4519,0.00366050
4520,0.00335995
4521,0.00220720
4522,0.00313724
4523,0.00131055
4524,0.00114362
4525,0.00226885
4526,0.00277303
4527,0.00757813
4528,0.12862347
4529,0.00359319
4530,0.02176101
4531,0.07748474
4532,0.01068413
4533,0.00189368
4534,0.00266590
4535,0.00136163
4536,0.02301019
4537,0.00645867
4538,0.00377574
4539,0.00319545
4540,0.02656724
4541,0.01871352
4542,0.00368339
4543,0.02362407
4544,0.00996915
4545,0.00590722
4546,0.00094466
4547,0.00688751
4548,0.00321234
4549,0.00759523
4550,0.00227042
4551,0.00284966
4552,0.01761050
4553,0.00382100
4554,0.00954875
4555,0.00208140
4556,0.01309898
4557,0.01743555
4558,0.00124091
4559,0.20374494
4560,0.00110669
4561,0.00313871
4562,0.00175826
4563,0.01085957
4564,0.00681669
4565,0.00091772
4566,0.00787631
4567,0.00481906
4568,0.00952375
4569,0.00159096
4570,0.00727227
4571,0.00674580
4572,0.00121493
4573,0.00328568
4574,0.00960036
4575,0.46414219
4576,0.00125438
4577,0.00153272
4578,0.00814292
4579,0.01619113
4580,0.01434764
4581,0.00166207
4582,0.01081073
4583,0.00207544
4584,0.00179463
4585,0.00369962
4586,0.00365545
4587,0.00024882
4588,0.00384779
4589,0.00602015
4590,0.00612667
4591,0.00873606
4592,0.00696652
4593,0.00408379
4594,0.82970910
4595,0.00044848
4596,0.00692196
4597,0.00391732
4598,0.01092857
4599,0.00260772
4600,0.00176520
4601,0.00810700
4602,0.01457722
4603,0.00407952
4604,0.00808870
4605,0.03083337
4606,0.03982204
4607,0.00552634
4608,0.00669256
4609,0.00012120
4610,0.00119620
4611,0.00367258
4612,0.02389744
4613,0.00026785
4614,0.00060300
4615,0.01795404
4616,0.00249016
4617,0.00149320
4618,0.00412022
4619,0.02340131
4620,0.03676301
4621,0.00094789
4622,0.04755491
4623,0.00118062
4624,0.02136409
4625,1.08442942
4626,0.00620878
4627,0.02025657
4628,0.00174080
4629,0.00945541
4630,1.08262618
4631,0.00075935
4632,0.00980400
4633,0.01845837
4634,0.00229908
4635,0.01768701
4636,0.01286634
4637,0.00341228
4638,0.00627438
4639,0.00697573
4640,0.00088420
4641,0.00634070
4642,0.00389991
4643,0.00274941
4644,0.01263308
4645,0.00950355
4646,0.00217524
4647,0.00108877
4648,0.01094718
4649,0.13472623
4650,0.00238073
4651,0.00384502
4652,0.01243664
4653,0.01603337
4654,0.00689552
4655,0.00856269
4656,0.00133780
4657,0.00205900
4658,0.00223639
4659,0.00123058
4660,0.00517382
4661,0.01605900
4662,0.01107217
4663,0.00442052
4664,0.00117120
4665,0.00335885
4666,0.00149869
4667,0.00165916
4668,0.00270596
4669,0.00996352
4670,0.00354400
4671,0.00177836
4672,0.00621117
4673,0.00677817
4674,0.00859667
4675,0.00062576
4676,0.00682165
4677,0.00743072
4678,0.00124585
4679,0.00347442
4680,0.00021372
4681,0.00701219
4682,0.00119922
4683,0.00781097
4684,0.00141989
4685,0.01875837
4686,0.00066767
4687,0.00151065
4688,0.00401465
4689,0.00135460
4690,0.00651142
4691,0.02695502
4692,0.00651916
4693,0.00036757
4694,0.00162672
4695,0.01024179
4696,0.00336133
4697,0.00641982
4698,0.03390569
4699,0.00203373
4700,0.00390281
4701,0.00196812
4702,0.01484080
4703,0.00312562
4704,0.00373940
4705,0.00167909
4706,0.00700011
4707,0.00112317
4708,0.00025431
4709,0.00261303
4710,1.32787679
4711,0.00307745
4712,0.00668094
4713,0.00626787
4714,0.00189743
4715,0.00356156
4716,0.00144450
4717,0.00367270
4718,0.01395133
4719,0.01314602
4720,0.00408332
4721,0.00237647
4722,0.00129407
4723,0.00230094
4724,0.00116948
4725,0.00353712
4726,0.00257963
4727,0.00562870
4728,0.01069451
4729,0.00170939
4730,0.00141504
4731,0.00676852
4732,0.01165796
4733,0.00309242
4734,0.01226238
4735,0.01374421
4736,0.03074288
4737,0.00378340
4738,0.00130575
4739,0.03016720
4740,0.00379130
4741,0.00784281
4742,0.00938027
4743,0.00111349
4744,0.00137535
4745,0.01106528
4746,0.00886616
4747,0.00336357
4748,0.00871236
4749,0.01764432
4750,0.00650890
4751,0.00286739
4752,0.00668422
4753,0.01180654
4754,0.00211897
4755,0.00111907
4756,0.00360535
4757,0.00136123
4758,0.00355139
4759,0.00650157
4760,0.00119162
4761,0.01053048
4762,0.00638505
4763,0.00906536
4764,0.01129382
4765,0.00219839
4766,0.00678267
4767,0.02259047
4768,0.20273860
4769,0.00082523
4770,0.00106273
4771,0.02052187
4772,0.00393413
4773,0.00594002
4774,0.00928713
4775,0.00717746
4776,0.00186210
4777,0.00265635
4778,0.00392742
4779,0.00287124
4780,0.00353859
4781,0.08721889
4782,0.04421493
4783,0.00279105
4784,0.00202911
4785,0.00349301
4786,0.00931144
4787,0.00311930
4788,0.00788129
4789,0.00393942
4790,0.00271772
4791,0.00293315
4792,0.00173101
4793,0.00060415
4794,0.00354211
4795,0.00644546
4796,0.00876764
4797,0.00389892
4798,0.00065168
4799,0.71846908
4800,0.00144103
4801,0.00398460
4802,0.00865335
4803,0.01680146
4804,0.00100872
4805,0.00159113
4806,0.01277203
4807,0.00065710
4808,0.00492930
4809,0.00582411
4810,0.00331532
4811,0.00542833
4812,0.01323269
4813,0.03052069
4814,0.03094114
4815,0.00323700
4816,0.00346042
4817,0.00171931
4818,0.00877808
4819,0.00705312
4820,0.00115552
4821,0.01303797
4822,0.01018147
4823,0.00595400
4824,0.02226508
4825,0.00389570
4826,0.00297143
4827,0.00085081
4828,0.00118660
4829,0.00229925
4830,0.00050227
4831,0.00189543
4832,0.07359444
4833,0.02014187
4834,0.01853882
4835,0.00169839
4836,0.01553304
4837,0.00037818
4838,0.00231235
4839,0.00812819
4840,0.05054410
4841,0.00284299
4842,0.00638697
4843,0.01042701
4844,0.00352668
4845,0.01100765
4846,0.01478566
4847,0.00136675
4848,0.00389787
4849,0.01568527
4850,0.01760356
4851,0.00355260
4852,0.00074976
4853,0.00411847
4854,0.00382700
4855,0.00363993
4856,0.00121707
4857,0.00129282
4858,0.00038297
4859,0.00170045
4860,0.00416711
4861,0.00117238
4862,0.02124995
4863,0.00341382
4864,0.00731145
4865,0.00204643
4866,0.00352757
4867,0.02547408
4868,0.00982923
4869,0.00334397
4870,0.00024975
4871,0.01461946
4872,0.00071281
4873,0.00085191
4874,0.00380038
4875,0.00273502
4876,0.00791350
4877,0.00213599
4878,0.00100118
4879,0.01059712
4880,0.00098955
4881,0.00318888
4882,0.02499816
4883,0.00075556
4884,0.00253704
4885,0.01342974
4886,0.00314943
4887,0.02580575
4888,0.00167265
4889,0.01448174
4890,0.00228127
4891,0.02108564
4892,0.00189698
4893,0.01438054
4894,0.00024630
4895,0.00308550
4896,0.00715105
4897,0.02936272
4898,0.01551005
4899,0.06264484
4900,0.01082186
4901,0.00109473
4902,0.00614600
4903,0.30604156
4904,0.00258906
4905,0.00320625
4906,0.06465489
4907,0.01154992
4908,0.00374864
4909,0.01193457
4910,0.02066280
4911,0.01964961
4912,0.00681712
4913,0.00615140
4914,0.04474657
4915,0.00668334
4916,0.00414520
4917,0.00119261
4918,0.00404989
4919,0.01100837
4920,0.00385696
4921,0.01719324
4922,0.00164848
4923,0.00346815
4924,0.07757693
4925,0.00384181
4926,0.00363249
4927,1.85501270
4928,0.00166021
4929,0.01975230
4930,0.00351787
4931,0.00894916
4932,0.00634898
4933,0.00090617
4934,0.00630807
4935,0.00163204
4936,0.00376257
4937,0.01290909
4938,0.00026107
4939,0.00230371
4940,0.01722522
4941,0.00117837
4942,0.00138193
4943,0.00660629
4944,0.01874559
4945,0.00391522
4946,0.00369309
4947,0.00143343
4948,0.00166420
4949,0.00168310
4950,0.00662944
4951,0.00034681
4952,0.00294980
4953,0.01386738
4954,0.00299024
4955,0.00361684
4956,0.00264834
4957,0.00161537
4958,0.00142190
4959,0.08294129
4960,0.02349468
4961,0.01496514
4962,0.00122454
4963,0.00290010
4964,0.00228836
4965,0.00274802
4966,0.00113849
4967,0.00224826
4968,0.06995238
4969,0.01392703
4970,0.01009881
4971,0.00037105
4972,0.00507018
4973,0.00698044
4974,0.02830971
4975,0.01423301
4976,0.00661906
4977,0.00982495
4978,0.00674358
4979,0.00055298
4980,0.00448674
4981,0.00927456
4982,0.01476092
4983,0.00382638
4984,0.00208363
4985,0.03012834
4986,0.01225669
4987,0.01726571
4988,0.01449520
4989,0.01579723
4990,0.04817192
4991,0.00164854
4992,0.00051898
4993,0.00336252
4994,0.00615034
4995,0.00673859
4996,0.02125090
4997,0.00126602
4998,0.00124554
4999,0.00304397
5000,0.00089624
5001,0.00313487
5002,0.00606763
5003,0.00093308
5004,0.00955731
5005,0.00674205
5006,0.00906240
5007,0.00914356
5008,0.00165581
5009,0.00848396
5010,1.08611095
5011,0.00444838
5012,0.00369469
5013,0.01113769
5014,0.01603522
5015,0.00197620
5016,0.01835727
5017,0.00014062
5018,0.00113913
5019,0.08422147
5020,0.01004834
5021,0.01420332
5022,0.00669864
5023,0.00250687
5024,0.00116335
5025,0.03235686
5026,0.00307970
5027,0.00163943
5028,0.00030949
5029,0.00599847
5030,0.07214432
5031,0.00385306
5032,0.00358090
5033,0.01070054
5034,0.00666465
5035,0.00374435
5036,0.00656241
5037,0.00346102
5038,0.00148882
5039,0.00214779
5040,0.00166559
5041,0.01202484
5042,0.00441761
5043,0.00121566
5044,0.04878987
5045,0.00162628
5046,0.00814162
5047,0.00587746
5048,0.00346321
5049,0.02202405
5050,0.01756249
5051,0.01581690
5052,0.00401109
5053,0.01229496
5054,0.00145514
5055,0.00646976
5056,0.00257925
5057,0.00046822
5058,0.00374625
5059,0.01497354
5060,0.01065163
5061,0.00629585
5062,0.00030290
5063,0.62737724
5064,0.00293009
5065,0.00804961
5066,0.00647097
5067,0.00870155
5068,0.00028223
5069,0.00385554
5070,0.00735694
5071,0.00167242
5072,0.00117203
5073,0.00645086
5074,0.00831794
5075,0.00061620
5076,0.00632288
5077,0.00175242
5078,0.00798322
5079,0.01376841
5080,0.01186916
5081,0.01537185
5082,0.00344176
5083,0.12655622
5084,0.01005736
5085,0.03181155
5086,0.00197432
5087,0.00386683
5088,0.00658174
5089,0.00604944
5090,0.00826728
5091,0.00123329
5092,0.00145105
5093,0.00193584
5094,0.00860716
5095,0.00172597
5096,0.01539925
5097,0.00205139
5098,0.00284102
5099,0.00672907
5100,0.00237056
5101,0.00144337
5102,0.01217997
5103,0.01161541
5104,0.01806851
5105,0.00934529
5106,0.00777647
5107,0.01198648
5108,0.00332017
5109,0.00665583
5110,0.00351340
5111,0.03101736
5112,0.00984565
5113,0.00140789
5114,0.00154629
5115,0.00443869
5116,0.01423102
5117,0.00290359
5118,0.00343245
5119,0.00049708
5120,0.00857958
5121,0.00320136
5122,0.00362069
5123,0.00145211
5124,0.01386809
5125,0.00085613
5126,0.00155462
5127,0.00620284
5128,0.00693976
5129,0.01336790
5130,0.01174698
5131,0.02188225
5132,0.00858526
5133,0.00345816
5134,0.01012111
5135,0.00592551
5136,0.00166192
5137,0.00824118
5138,0.02273209
5139,0.00948800
5140,0.00082430
5141,0.00181825
5142,0.00991081
5143,0.00192464
5144,0.00224617
5145,0.02403697
5146,0.00841150
5147,0.00288916
5148,0.01545001
5149,0.01159779
5150,0.00376748
5151,0.00154151
5152,0.00862974
5153,0.00917506
5154,0.00219896
5155,0.00145293
5156,0.00225072
5157,0.00568506
5158,0.00876205
5159,0.01197926
5160,0.00289149
5161,0.00516988
5162,0.00127632
5163,0.00231882
5164,0.00350486
5165,0.00156283
5166,0.00213146
5167,0.00040589
5168,0.00692421
5169,0.00393480
5170,0.00802356
5171,0.00384140
5172,0.02140030
5173,0.00033256
5174,0.00399701
5175,0.00026282
5176,0.00090212
5177,0.01124775
5178,0.00209538
5179,0.00122462
5180,0.02253804
5181,0.00371327
5182,0.00728025
5183,0.00385798
5184,0.02273259
5185,0.00434918
5186,0.00236277
5187,0.00975996
5188,0.00182375
5189,0.00336164
5190,0.00379826
5191,0.01729556
5192,0.01868320
5193,0.00099438
5194,0.02235149
5195,0.00052984
5196,0.01285107
5197,0.02209977
5198,0.00266386
5199,0.01699791
5200,0.00400994
5201,0.00711848
5202,0.00279442
5203,0.00714258
5204,0.02051432
5205,0.00362821
5206,0.00100920
5207,0.00690888
5208,0.00653255
5209,0.00172814
5210,0.00112960
5211,0.00390927
5212,0.00225025
5213,0.00172753
5214,0.00995788
5215,0.00290219
5216,0.00122495
5217,0.00629567
5218,0.00182852
5219,0.01079151
5220,0.00188379
5221,0.00195761
5222,0.00009898
5223,0.00172504
5224,0.01721643
5225,0.00186752
5226,0.00326462
5227,0.00579762
5228,0.00083576
5229,0.02478742
5230,0.02005493
5231,0.00274865
5232,0.00210404
5233,0.00132434
5234,0.00709550
5235,0.00916937
5236,1.65382937
5237,0.00308474
5238,0.00012648
5239,0.00134345
5240,0.00252626
5241,0.00975241
5242,0.00308873
5243,0.00262058
5244,0.00091639
5245,0.00608512
5246,0.00313330
5247,0.01366958
5248,0.00749246
5249,0.01708180
5250,0.00745443
5251,0.01964777
5252,0.00117938
5253,0.01091661
5254,0.00170508
5255,0.00379898
5256,0.00105276
5257,0.01071578
5258,0.00172665
5259,0.00136633
5260,0.00157892
5261,0.00241834
5262,0.00172787
5263,0.00387828
5264,0.00280533
5265,0.01459139
5266,0.01552429
5267,0.00777555
5268,0.00341793
5269,0.00200888
5270,0.00127394
5271,0.00202615
5272,0.00342524
5273,0.00365595
5274,0.00092027
5275,0.00334045
5276,0.00163280
5277,0.01012863
5278,0.00170784
5279,0.00919666
5280,0.00104480
5281,0.00366355
5282,0.00339587
5283,0.01031340
5284,0.00571144
5285,0.00197543
5286,0.00341781
5287,0.02000901
5288,0.00142725
5289,0.00665860
5290,0.72557010
5291,0.00285764
5292,0.01181943
5293,0.01017688
5294,0.01074777
5295,0.05513086
5296,0.00821091
5297,0.00387784
5298,0.00163605
5299,0.00441244
5300,0.02294261
5301,0.08449606
5302,0.00119081
5303,0.00392183
5304,0.00113632
5305,0.01963687
5306,0.00245850
5307,0.21023692
5308,0.00396559
5309,0.00089767
5310,0.02964131
5311,0.01717573
5312,0.02544113
5313,0.00757246
5314,0.00144217
5315,0.00838652
5316,0.01255252
5317,0.00619004
5318,0.02170103
5319,0.00191649
5320,0.00187449
5321,0.00254751
5322,0.00148347
5323,0.00117864
5324,0.00072248
5325,0.00052655
5326,0.01246015
5327,0.01207959
5328,0.01676167
5329,0.00134208
5330,0.00216384
5331,0.02241403
5332,0.00947819
5333,0.00157236
5334,0.03010760
5335,0.03103535
5336,0.00636489
5337,0.01071329
5338,0.00743778
5339,0.00981561
5340,0.00093058
5341,0.00782326
5342,0.00334873
5343,0.00100459
5344,0.01071539
5345,0.01003800
5346,0.00399836
5347,0.00634371
5348,0.00294490
5349,0.00303042
5350,0.00399050
5351,0.00338520
5352,0.00144554
5353,0.02018955
5354,0.01399219
5355,0.00595758
5356,0.00786444
5357,0.00128157
5358,0.06991862
5359,0.01477724
5360,0.00344177
5361,0.00382312
5362,0.00321430
5363,0.00094425
5364,0.00126463
5365,0.02919918
5366,0.00107840
5367,0.02746312
5368,0.00690563
5369,0.00399967
5370,0.00131919
5371,0.00149583
5372,0.00052485
5373,0.03836653
5374,0.02645755
5375,0.00383126
5376,0.00934254
5377,0.02900395
5378,0.00915254
5379,0.00708214
5380,0.00218819
5381,0.01538316
5382,0.00824632
5383,0.01332073
5384,0.00340687
5385,0.00869473
5386,0.01153671
5387,0.00476219
5388,0.00619384
5389,0.01684143
5390,0.03001983
5391,0.01985085
5392,0.00158910
5393,0.00157339
5394,0.01128837
5395,0.00628721
5396,0.01022294
5397,0.00164820
5398,0.01526760
5399,0.27595313
5400,0.01363530
5401,0.02118357
5402,0.02299028
5403,0.01774604
5404,0.00140671
5405,0.02220998
5406,0.01203220
5407,0.00346295
5408,0.00422367
5409,0.01491317
5410,0.01184098
5411,0.00962783
5412,0.00105388
5413,0.01637215
5414,0.00353155
5415,0.00320116
5416,0.00162245
5417,0.02458676
5418,0.01409339
5419,0.00306132
5420,0.01140154
5421,0.00922043
5422,0.01805866
5423,0.00076132
5424,0.00171759
5425,0.00118271
5426,0.00777626
5427,0.00898899
5428,2.22727523
5429,0.00374417
5430,0.00367643
5431,0.00106289
5432,0.00095237
5433,0.00681550
5434,0.00320178
5435,0.01048683
5436,0.00082762
5437,0.00254610
5438,0.00354341
5439,0.00667378
5440,0.00399545
5441,0.00182582
5442,0.00672284
5443,0.01517201
5444,0.00671588
5445,0.00613575
5446,0.01171513
5447,0.00312173
5448,0.01425019
5449,0.00253205
5450,0.57817162
5451,0.00148848
5452,0.00126476
5453,0.02838740
5454,0.01407924
5455,0.01527621
5456,0.00139088
5457,0.73120758
5458,0.00401167
5459,0.00339882
5460,0.00898627
5461,0.05178266
5462,0.00150988
5463,0.02748299
5464,0.00213738
5465,0.00780473
5466,0.00117828
5467,0.00392826
5468,0.00187027
5469,0.04451886
5470,0.00128306
5471,0.04741433
5472,0.00394748
5473,0.01171900
5474,0.00136851
5475,0.01385125
5476,0.00187265
5477,0.00876846
5478,0.00320017
5479,0.01211478
5480,0.04120361
5481,0.00684585
5482,0.03608302
5483,0.00387754
5484,0.00621000
5485,0.00118001
5486,0.04271454
5487,0.00126026
5488,0.00378614
5489,0.00132431
5490,0.00443269
5491,0.02365586
5492,0.00370656
5493,0.01869760
5494,0.00738478
5495,0.00131022
5496,0.00208834
5497,0.01350233
5498,0.00719476
5499,0.00350493
5500,0.01700427
5501,0.11331373
5502,0.00134202
5503,0.00650859
5504,0.00616616
5505,0.00192935
5506,0.00052857
5507,0.00177935
5508,0.00311228
5509,0.01395504
5510,0.00144190
5511,0.00376780
5512,0.00098777
5513,0.00119957
5514,0.00106154
5515,0.00995674
5516,0.01891747
5517,0.17255543
5518,0.00193273
5519,0.00119457
5520,0.00019900
5521,0.00190349
5522,0.00643258
5523,0.00062739
5524,0.00697689
5525,0.00381538
5526,0.00352720
5527,0.00620815
5528,0.00171257
5529,0.01556483
5530,0.00507941
5531,0.00570457
5532,0.00389743
5533,0.00352323
5534,0.00778726
5535,0.00957569
5536,0.00115904
5537,0.00168087
5538,0.00133466
5539,0.00378558
5540,0.00131688
5541,0.00207789
5542,0.02364645
5543,0.00683000
5544,0.02984408
5545,0.03861348
5546,0.59912606
5547,0.01233169
5548,0.00803813
5549,0.00695433
5550,0.00010112
5551,0.00058907
5552,0.00326795
5553,0.00711572
5554,0.00086441
5555,0.00281600
5556,0.01399062
5557,0.00141667
5558,0.00680259
5559,0.00199660
5560,0.00983397
5561,0.00947269
5562,0.00829834
5563,0.00823095
5564,0.00028214
5565,0.00980927
5566,0.00767400
5567,0.00312852
5568,0.00563490
5569,2.20984526
5570,0.00378065
5571,0.00383751
5572,0.02610013
5573,0.00387514
5574,0.00269358
5575,0.02211745
5576,0.00060663
5577,0.00998827
5578,0.00951404
5579,0.00427317
5580,0.00603396
5581,0.02288966
5582,0.00847618
5583,0.00256109
5584,0.00369101
5585,0.01372113
5586,0.00674084
5587,0.00374404
5588,0.00724654
5589,0.01626719
5590,0.00389814
5591,0.00176577
5592,0.00352617
5593,0.00651065
5594,0.00195775
5595,0.00126739
5596,0.01987325
5597,0.00837225
5598,0.02003779
5599,0.00115372
5600,0.00960819
5601,0.00144473
5602,0.00049630
5603,0.00361005
5604,0.00628429
5605,0.01163816
5606,0.00247819
5607,0.00846543
5608,0.00019397
5609,0.01935900
5610,0.00265520
5611,0.01010993
5612,0.00143917
5613,0.00144042
5614,0.00252098
5615,0.00415472
5616,0.00183951
5617,0.00906533
5618,0.00383038
5619,0.00655248
5620,0.00342388
5621,0.01169447
5622,0.00069252
5623,0.00391791
5624,0.01198229
5625,0.00665256
5626,0.00837410
5627,0.00638246
5628,0.00623114
5629,0.00363476
5630,0.15548276
5631,0.00124562
5632,0.01091847
5633,0.00335610
5634,0.00444683
5635,0.00170298
5636,0.00141849
5637,0.00941784
5638,0.00148432
5639,0.01737536
5640,0.00210247
5641,0.00336144
5642,0.01802113
5643,0.00224909
5644,0.04216007
5645,0.01650113
5646,0.01064316
5647,0.00455278
5648,0.01268530
5649,0.01380512
5650,0.00635404
5651,0.02018609
5652,0.01093385
5653,0.01218138
5654,0.00269890
5655,0.00351188
5656,0.01381931
5657,0.00781118
5658,0.00210549
5659,0.00070434
5660,0.00695360
5661,0.00371299
5662,0.00614859
5663,0.00172671
5664,0.00637891
5665,0.00291720
5666,0.00710427
5667,0.00597042
5668,0.00646524
5669,0.00121179
5670,0.00430177
5671,0.00018296
5672,0.00903111
5673,0.00365394
5674,0.00812972
5675,0.00248739
5676,0.00229146
5677,0.00323514
5678,0.00761157
5679,0.01014184
5680,0.00541519
5681,0.01961193
5682,0.00204181
5683,0.00036236
5684,0.01436106
5685,0.01012963
5686,0.00102672
5687,0.01656272
5688,0.01999819
5689,0.01072987
5690,0.00976237
5691,0.00191558
5692,0.02387329
5693,0.01192912
5694,0.00819170
5695,0.00356964
5696,0.00696140
5697,0.01525108
5698,0.00379238
5699,0.27335636
5700,0.00126565
5701,0.00153982
5702,0.00696496
5703,0.00383231
5704,0.01016352
5705,0.00108253
5706,0.00679862
5707,0.00161777
5708,0.00145251
5709,0.00951066
5710,0.00909081
5711,0.00819288
5712,0.47362870
5713,0.00829628
5714,0.00609460
5715,0.02044150
5716,0.00033990
5717,0.00026479
5718,0.01767404
5719,0.00155403
5720,0.01298064
5721,0.00071036
5722,0.00168444
5723,0.00341167
5724,0.00658575
5725,0.00059407
5726,0.00368773
5727,0.01098495
5728,0.02557852
5729,0.00182094
5730,0.00149567
5731,0.02263117
5732,0.00218155
5733,0.01016975
5734,0.00796166
5735,0.00186960
5736,0.00130834
5737,0.01204094
5738,0.00384527
5739,0.00658123
5740,0.00732361
5741,0.02635451
5742,0.00347537
5743,0.00228446
5744,0.00266577
5745,0.00324843
5746,0.00678233
5747,0.00078737
5748,0.00959977
5749,0.01270517
5750,0.00168722
5751,0.00096119
5752,0.03758187
5753,0.00077567
5754,0.00111331
5755,0.02211762
5756,0.00210350
5757,0.00153018
5758,0.00304419
5759,0.01265900
5760,0.00113920
5761,0.00127557
5762,0.00932881
5763,0.00126090
5764,0.00136889
5765,0.00142486
5766,0.02593490
5767,0.00095651
5768,0.00023698
5769,0.00138646
5770,0.00259283
5771,0.01071519
5772,0.00391034
5773,0.00284624
5774,0.00228395
5775,0.00082361
5776,0.00764599
5777,0.00622651
5778,0.00069692
5779,0.00439635
5780,0.00112061
5781,0.00080927
5782,0.00576570
5783,0.00367326
5784,0.01083076
5785,0.01428419
5786,0.00365479
5787,0.01034705
5788,0.03248201
5789,0.00401280
5790,0.01341158
5791,0.00853250
5792,0.02232086
5793,0.02902385
5794,0.00274408
5795,0.00015950
5796,0.00293302
5797,0.00193950
5798,0.00587485
5799,0.00853677
5800,0.00356556
5801,0.00152992
5802,0.01619204
5803,0.00025428
5804,1.28268066
5805,0.00481846
5806,0.00179507
5807,0.00212382
5808,0.01433204
5809,0.00813366
5810,0.00862768
5811,0.01222970
5812,0.00380243
5813,0.00710726
5814,0.00656672
5815,0.00316235
5816,0.00063073
5817,0.01211288
5818,0.00133934
5819,0.00055944
5820,0.00372031
5821,0.00725128
5822,2.26843134
5823,0.00226598
5824,0.00431596
5825,0.00128945
5826,0.00372706
5827,0.00291114
5828,0.00114176
5829,0.00263504
5830,0.00785982
5831,0.00668789
5832,0.01746752
5833,0.00373553
5834,0.00147033
5835,0.00092785
5836,0.00327368
5837,0.01340549
5838,1.41644136
5839,0.00078661
5840,0.00679796
5841,0.02636716
5842,0.95986350
5843,0.00143685
5844,0.02139928
5845,0.00206768
5846,0.04972467
5847,0.02289427
5848,0.00097554
5849,0.00701771
5850,0.00636302
5851,0.00404708
5852,0.00245563
5853,0.00875162
5854,0.00391324
5855,0.00680034
5856,0.00338267
5857,0.00078468
5858,0.00319061
5859,0.01812468
5860,0.00165653
5861,0.00081779
5862,0.01003376
5863,0.00191092
5864,0.00254276
5865,0.00103433
5866,0.02427056
5867,0.00650253
5868,0.00129236
5869,0.00197047
5870,0.00093193
5871,0.00115279
5872,0.00184959
5873,0.00158508
5874,0.00339512
5875,0.01272024
5876,0.02482718
5877,0.07767204
5878,0.00096458
5879,0.00666512
5880,0.01230862
5881,0.00289962
5882,0.00040577
5883,0.01896426
5884,0.00677048
5885,0.01074731
5886,0.00354884
5887,0.00037356
5888,0.01496484
5889,0.01379976
5890,0.14134240
5891,0.00339972
5892,0.01420754
5893,0.00013971
5894,0.00172324
5895,0.00382011
5896,0.01410218
5897,0.00998564
5898,0.00748189
5899,0.00359433
5900,0.00402865
5901,0.00178512
5902,0.00376887
5903,0.00241066
5904,0.01038363
5905,0.00105576
5906,0.00385625
5907,0.01246736
5908,0.00629020
5909,0.01442690
5910,0.00201467
5911,0.00857549
5912,0.00923241
5913,0.00110254
5914,0.00110627
5915,0.05398071
5916,0.01291298
5917,0.00272708
5918,0.00097202
5919,0.00624045
5920,0.19773167
5921,0.00959730
5922,0.00138352
5923,0.00852310
5924,0.00608710
5925,0.00632079
5926,0.00126015
5927,0.00218621
5928,0.00422734
5929,0.00344780
5930,0.00324132
5931,0.00433166
5932,0.01884545
5933,0.01982687
5934,0.02955233
5935,0.00618786
5936,0.00642009
5937,0.00643004
5938,0.00137176
5939,0.01967552
5940,0.00384532
5941,0.01085537
5942,0.00309784
5943,0.00721688
5944,0.00474248
5945,0.00165471
5946,0.00401190
5947,0.00155807
5948,0.06985001
5949,0.00852723
5950,0.00145179
5951,0.00277246
5952,0.00150080
5953,0.00184210
5954,0.00307875
5955,0.00991584
5956,0.01086587
5957,0.00141207
5958,0.00809170
5959,0.00331132
5960,0.00658183
5961,0.01210474
5962,0.00329997
5963,0.00156156
5964,0.00673805
5965,0.01395667
5966,0.00342355
5967,0.00160095
5968,0.00100987
5969,0.01527790
5970,0.00192711
5971,0.03295758
5972,0.00330354
5973,0.01646997
5974,0.00385496
5975,0.00094108
5976,0.00378370
5977,0.01712784
5978,0.00211415
5979,0.00926240
5980,0.00116812
5981,0.01142960
5982,0.01663763
5983,0.09063897
5984,0.00136003
5985,0.01479832
5986,0.00770761
5987,0.00071368
5988,0.00101950
5989,0.00167555
5990,0.00164664
5991,0.00082044
5992,0.00218126
5993,0.00665717
5994,0.03302374
5995,0.01221487
5996,0.00026247
5997,0.00127704
5998,0.00137335
5999,0.00366803
6000,0.00786709
6001,0.00172133
6002,0.00119699
6003,0.02411091
6004,0.00348401
6005,0.00176471
6006,0.00658488
6007,0.54427374
6008,0.00334268
6009,0.01087623
6010,0.00728221
6011,0.00403701
6012,0.00374140
6013,0.25471874
6014,0.00654033
6015,0.00973707
6016,0.00860683
6017,0.00299323
6018,0.00241394
6019,0.02492757
6020,0.02106529
6021,0.01798358
6022,0.00378662
6023,0.00626389
6024,0.00130705
6025,0.00380430
6026,0.02331931
6027,0.00246938
6028,0.00377253
6029,0.00107199
6030,0.00662959
6031,0.00133509
6032,0.02374581
6033,0.00607759
6034,0.00368983
6035,0.01982695
6036,0.00178145
6037,0.00202199
6038,0.00625146
6039,0.00171701
6040,0.00522467
6041,0.00987669
6042,0.01510354
6043,0.00766310
6044,0.00158958
6045,0.01266864
6046,0.02427771
6047,0.00284651
6048,0.00127672
6049,0.01932557
6050,0.01986826
6051,0.00649754
6052,0.03328711
6053,0.00593676
6054,0.00965576
6055,0.00198318
6056,0.00242065
6057,0.01229435
6058,0.00020644
6059,0.53692388
6060,0.00164219
6061,0.00225412
6062,0.05175680
6063,0.00142366
6064,0.00688317
6065,0.01996698
6066,0.00027628
6067,0.01995352
6068,0.00919296
6069,0.00386002
6070,0.00376645
6071,0.01289502
6072,0.00739530
6073,0.00150772
6074,0.00171950
6075,0.00380652
6076,0.00109565
6077,0.00855476
6078,0.00359712
6079,0.00103901
6080,0.00851838
6081,0.02333583
6082,0.02996179
6083,0.01257387
6084,0.01384423
6085,0.00923297
6086,0.01466741
6087,0.02423010
6088,0.00125270
6089,0.00137228
6090,0.00373147
6091,0.00151132
6092,0.00356400
6093,0.00329257
6094,0.01177522
6095,0.02106598
6096,0.01050860
6097,0.02684457
6098,0.01193010
6099,0.00185983
6100,0.00366795
6101,0.00079347
6102,0.00361024
6103,0.00600740
6104,0.00845377
6105,0.00864211
6106,0.00274940
6107,0.00403397
6108,0.00366211
6109,0.01160363
6110,0.00957535
6111,0.02851384
6112,0.01448171
6113,0.00336437
6114,0.00153346
6115,0.00369786
6116,0.00281457
6117,0.01163184
6118,0.00376849
6119,0.00018732
6120,0.03219906
6121,0.01428354
6122,0.00078298
6123,0.00203266
6124,0.08930706
6125,0.00050221
6126,0.00201428
6127,0.00874882
6128,0.00180072
6129,0.00836524
6130,0.00127418
6131,0.00799456
6132,0.00661888
6133,0.00155436
6134,0.00235412
6135,0.00099459
6136,0.02401987
6137,0.00118019
6138,0.01368833
6139,0.00865470
6140,0.00202748
6141,0.08079236
6142,0.00158401
6143,0.00115593
6144,0.00390411
6145,0.01368316
6146,0.00391361
6147,0.00614580
6148,0.00309313
6149,0.00636204
6150,0.00952891
6151,0.01311049
6152,0.00919398
6153,0.00155086
6154,0.00657811
6155,0.00336199
6156,0.00072941
6157,0.00060724
6158,0.00186150
6159,0.01204578
6160,0.00164264
6161,0.00056899
6162,0.01294197
6163,0.02745051
6164,0.00120778
6165,0.00674005
6166,0.00170995
6167,0.00234716
6168,0.00346357
6169,0.00602872
6170,0.01064806
6171,0.03349422
6172,0.00141737
6173,0.00766255
6174,0.00040879
6175,0.00379203
6176,0.01223814
6177,0.00381119
6178,0.00331988
6179,0.00954372
6180,0.03298083
6181,0.00249542
6182,0.00793859
6183,0.00881503
6184,0.01349028
6185,0.00116949
6186,0.00048437
6187,0.00345357
6188,0.00638840
6189,0.00233304
6190,0.00189253
6191,0.00059869
6192,0.00115011
6193,0.00288175
6194,0.01036466
6195,0.00326748
6196,0.00034516
6197,0.00626695
6198,0.02006938
6199,0.00368531
6200,0.00691431
6201,0.00148638
6202,0.00137581
6203,0.00380812
6204,0.00795620
6205,0.00740365
6206,0.00027936
6207,0.01602117
6208,0.00235645
6209,0.00429932
6210,0.00370279
6211,0.00673686
6212,0.56706736
6213,0.00664900
6214,0.00714103
6215,0.00316990
6216,0.01374659
6217,0.00632422
6218,0.01738301
6219,0.00064300
6220,0.00227145
6221,0.00336344
6222,0.01030976
6223,0.00351949
6224,0.00756080
6225,0.02376783
6226,0.00334102
6227,0.00360721
6228,0.01319982
6229,0.00087988
6230,0.00354504
6231,0.00312670
6232,0.00363877
6233,0.01318132
6234,0.00647437
6235,0.00200210
6236,0.01158111
6237,0.00805645
6238,0.00288452
6239,0.00275355
6240,0.00947840
6241,0.00156677
6242,0.00065161
6243,0.02613058
6244,0.00513347
6245,0.04907207
6246,0.00209839
6247,0.00298372
6248,0.00153051
6249,0.00738072
6250,0.00039915
6251,0.01801850
6252,0.01260106
6253,0.00554221
6254,0.00395292
6255,0.01442551
6256,0.00159995
6257,0.00130289
6258,0.00135038
6259,0.00093120
6260,0.01054230
6261,0.00275567
6262,0.00841574
6263,0.02445772
6264,0.00347196
6265,0.00114475
6266,0.00153618
6267,0.00689398
6268,0.00287806
6269,0.00313710
6270,0.00147877
6271,0.02221065
6272,0.00368004
6273,1.26409798
6274,0.01320995
6275,0.00335445
6276,0.01094020
6277,0.00641029
6278,0.01055616
6279,0.02394444
6280,0.00643687
6281,0.00084342
6282,0.01226316
6283,0.01250325
6284,0.00256844
6285,0.00875095
6286,0.00118427
6287,0.00470055
6288,0.00164655
6289,0.11649768
6290,0.00355985
6291,0.00413115
6292,0.02906537
6293,0.00132240
6294,0.00071033
6295,0.00108434
6296,0.00717778
6297,0.00141669
6298,0.00157260
6299,0.03051189
6300,0.00423086
6301,0.00390583
6302,0.01490066
6303,0.00680910
6304,0.00257703
6305,0.00019260
6306,0.00112606
6307,0.00396692
6308,0.00870023
6309,0.02484470
6310,0.00145213
6311,0.85186097
6312,0.01679243
6313,0.00722650
6314,0.00591997
6315,0.00110627
6316,0.00618760
6317,0.00656551
6318,0.00124813
6319,0.00104391
6320,0.05323155
6321,0.00138279
6322,0.00147397
6323,0.00035357
6324,0.00240060
6325,0.00244200
6326,0.00165573
6327,0.10753827
6328,0.00734477
6329,0.02453341
6330,0.02684179
6331,0.00364298
6332,0.01834625
6333,0.00087414
6334,0.00562061
6335,0.00872869
6336,0.00397441
6337,0.00971319
6338,0.01248666
6339,0.00660066
6340,0.00301922
6341,0.00710645
6342,0.00137923
6343,0.00162490
6344,2.28753705
6345,0.00896010
6346,0.00163906
6347,0.00092756
6348,0.00385303
6349,0.00117405
6350,0.00160382
6351,0.00365691
6352,0.00235449
6353,0.02696419
6354,0.01662790
6355,0.00854539
6356,0.00250595
6357,0.00138786
6358,0.00069936
6359,0.00289178
6360,0.00979247
6361,0.24214131
6362,0.00157217
6363,0.00377398
6364,0.00363364
6365,0.01531596
6366,0.00380091
6367,0.01155015
6368,0.00708621
6369,0.00276637
6370,0.00986304
6371,0.00252997
6372,0.00370268
6373,0.00748152
6374,0.00129655
6375,0.00580935
6376,0.04835125
6377,0.00398313
6378,0.00387930
6379,0.01891192
6380,0.00862611
6381,0.00215218
6382,0.01700277
6383,0.00082823
6384,0.00654272
6385,0.03623693
6386,0.00349677
6387,0.02733257
6388,0.00104905
6389,0.00270248
6390,0.00606684
6391,0.02894559
6392,0.00213443
6393,0.00155028
6394,0.20145310
6395,0.00388825
6396,0.01156259
6397,0.00167699
6398,0.01374494
6399,0.01318191
6400,0.01465625
6401,0.00098441
6402,0.00016765
6403,0.00184829
6404,0.00171989
6405,0.00298006
6406,0.00876896
6407,0.03061422
6408,0.01233540
6409,0.00401456
6410,0.00767793
6411,0.01361976
6412,0.00384192
6413,0.02104972
6414,0.00379669
6415,0.00385030
6416,0.00363625
6417,0.00372672
6418,0.01864246
6419,0.00115720
6420,0.00384546
6421,0.00219023
6422,0.00193298
6423,0.00333538
6424,0.01287389
6425,0.01954392
6426,0.00127993
6427,0.00115420
6428,0.01985170
6429,0.00956947
6430,0.00612394
6431,0.00165264
6432,0.00268879
6433,0.01404316
6434,0.10794573
6435,0.00391958
6436,0.00093164
6437,0.00133411
6438,0.00226518
6439,0.00683187
6440,0.00658303
6441,0.00368428
6442,0.01359109
6443,0.01774871
6444,0.01615316
6445,0.01968210
6446,0.00344510
6447,0.01168317
6448,0.00598545
6449,0.01923218
6450,0.00798061
6451,0.01044446
6452,0.00358668
6453,0.02944855
6454,0.00321735
6455,0.00064842
6456,0.00465049
6457,0.00299440
6458,0.00338928
6459,0.00091719
6460,0.03684149
6461,0.00354379
6462,0.00213470
6463,0.00233103
6464,0.00218653
6465,0.01292583
6466,0.00043428
6467,0.00075346
6468,0.00789862
6469,0.00125574
6470,0.00276063
6471,0.00064916
6472,0.00125691
6473,0.02209593
6474,0.00308392
6475,0.00937770
6476,0.00655499
6477,0.00640235
6478,0.01975861
6479,0.00077954
6480,0.01342053
6481,0.01625664
6482,0.00211923
6483,0.00194306
6484,0.00362366
6485,0.00312596
6486,0.00134661
6487,0.00126521
6488,0.00293405
6489,0.00087706
6490,0.00768650
6491,0.02190214
6492,0.00251244
6493,0.03064910
6494,0.01581116
6495,0.01013730
6496,0.00148505
6497,0.00670593
6498,0.00248242
6499,0.01314416
6500,0.01403284
6501,0.00115744
6502,0.00227748
6503,0.00051811
6504,0.00379908
6505,0.00134312
6506,0.00081662
6507,0.00383056
6508,0.00649183
6509,0.00382471
6510,0.01066204
6511,0.03415757
6512,0.02944058
6513,0.00247521
6514,0.00330592
6515,0.01065770
6516,0.00384438
6517,0.00231439
6518,0.00354527
6519,0.00183465
6520,0.00188254
6521,0.00179204
6522,0.00373105
6523,0.00400772
6524,0.00182654
6525,0.03338095
6526,0.13472832
6527,0.00161771
6528,0.01390751
6529,0.00720132
6530,0.00710289
6531,0.00275545
6532,0.00372346
6533,0.00628678
6534,0.01250797
6535,0.00253731
6536,0.00222895
6537,0.01255762
6538,0.00318498
6539,0.00382833
6540,0.99204479
6541,0.01080296
6542,0.00596316
6543,0.00771822
6544,0.00316604
6545,0.00139670
6546,0.00585798
6547,0.01760781
6548,0.00101551
6549,0.01225512
6550,0.00700526
6551,0.01031431
6552,0.00938395
6553,0.00047769
6554,0.01004248
6555,0.01045473
6556,0.00204552
6557,0.00352037
6558,0.25289000
6559,0.00272225
6560,0.00124011
6561,0.00050855
6562,0.02554651
6563,0.01183608
6564,0.00275804
6565,0.00271477
6566,0.00140515
6567,0.00349200
6568,0.00094045
6569,0.00377031
6570,0.00312553
6571,0.00085495
6572,0.36056225
6573,0.01799859
6574,0.00588565
6575,0.01675708
6576,0.00696993
6577,0.00121818
6578,0.00051698
6579,0.00482375
6580,0.01715287
6581,0.01332958
6582,0.00771086
6583,0.01346818
6584,0.00156176
6585,0.04246200
6586,0.00584583
6587,0.01160316
6588,0.00351505
6589,0.00377491
6590,0.00184203
6591,0.00172869
6592,0.00365981
6593,0.00180651
6594,0.00173392
6595,0.01305652
6596,0.01818103
6597,0.01316928
6598,0.01394033
6599,0.01229066
6600,0.00101722
6601,0.00258970
6602,0.00164405
6603,0.01148756
6604,0.00365639
6605,0.01629281
6606,0.03575031
6607,0.03218842
6608,0.00170793
6609,0.01213714
6610,0.02462419
6611,0.00065334
6612,0.00360249
6613,0.07326781
6614,0.00079122
6615,0.00286408
6616,0.00436866
6617,0.01906752
6618,0.01052321
6619,0.00076611
6620,0.00091728
6621,0.00170025
6622,0.01144833
6623,0.00337150
6624,0.03595697
6625,0.00127703
6626,0.00650058
6627,0.00462083
6628,0.04068678
6629,0.00383926
6630,0.01439747
6631,0.00870218
6632,0.00836524
6633,0.00159217
6634,0.00453036
6635,0.00384574
6636,0.00172776
6637,0.00288367
6638,0.00915038
6639,0.00652399
6640,0.01264781
6641,0.00084481
6642,0.01787967
6643,0.00302538
6644,0.00097604
6645,0.01217396
6646,0.01273946
6647,0.02245504
6648,0.00131380
6649,0.00022901
6650,0.00146709
6651,0.00244514
6652,0.00618607
6653,0.00371402
6654,0.02753016
6655,0.01154261
6656,0.00056827
6657,0.00362178
6658,0.00144160
6659,0.03439913
6660,0.01161183
6661,0.00119189
6662,0.00992546
6663,0.02312325
6664,0.00622595
6665,0.00873383
6666,0.01745550
6667,0.08419015
6668,0.00164626
6669,0.00211163
6670,0.00635775
6671,0.00475112
6672,0.03083554
6673,0.00143067
6674,0.00115182
6675,0.01978778
6676,0.00076292
6677,0.00121686
6678,0.01662258
6679,0.00124453
6680,0.00819271
6681,0.00158878
6682,0.00566689
6683,0.00724694
6684,0.00116314
6685,0.00975688
6686,0.00679041
6687,0.01163425
6688,0.00969158
6689,0.00016300
6690,0.01792444
6691,0.00738965
6692,0.00296244
6693,0.00053943
6694,0.00341587
6695,0.00893888
6696,0.00222826
6697,0.00125163
6698,0.00145166
6699,0.01269475
6700,0.00331315
6701,0.00710481
6702,0.01119352
6703,0.01319166
6704,0.00199184
6705,0.00289019
6706,0.02156782
6707,0.01385811
6708,0.00114342
6709,0.00102204
6710,0.01514199
6711,0.00459190
6712,0.00389391
6713,0.00326811
6714,0.00884883
6715,0.00216924
6716,0.00137483
6717,0.00294796
6718,0.00331836
6719,0.00913483
6720,0.02421021
6721,0.00376423
6722,0.00694030
6723,0.00229358
6724,0.00069191
6725,0.00163123
6726,0.00157053
6727,0.00386391
6728,0.01237586
6729,0.00202286
6730,0.00725183
6731,0.00893293
6732,0.00065101
6733,0.00080093
6734,0.00246079
6735,0.00781031
6736,0.00850702
6737,0.00625765
6738,0.00236162
6739,0.00347374
6740,0.00201607
6741,0.00169905
6742,0.00273827
6743,0.00820046
6744,0.00341976
6745,0.00620934
6746,0.00253937
6747,0.00023091
6748,0.46124924
6749,0.00728875
6750,0.00368126
6751,0.16648483
6752,0.00144708
6753,0.00351132
6754,0.00186768
6755,0.00093133
6756,0.00374147
6757,0.04021474
6758,0.00618276
6759,0.00135991
6760,0.00275771
6761,0.00548460
6762,0.01436310
6763,0.04968018
6764,0.00416199
6765,0.00794313
6766,0.00896041
6767,0.01056300
6768,0.00875820
6769,0.01501251
6770,0.00847618
6771,0.00597000
6772,0.00057389
6773,0.01808267
6774,0.01962860
6775,0.00014128
6776,0.01032874
6777,0.01174745
6778,0.00374111
6779,0.01154212
6780,0.02096417
6781,0.00089715
6782,0.01264247
6783,0.00972152
6784,0.00652570
6785,0.00639484
6786,0.00968029
6787,0.00361299
6788,0.00131314
6789,0.05450445
6790,0.05335520
6791,0.00019786
6792,0.00383167
6793,0.01203692
6794,0.00808019
6795,0.00061411
6796,0.00381171
6797,0.00201857
6798,0.00873801
6799,0.01045349
6800,0.00051994
6801,0.01353546
6802,0.00408264
6803,0.08542121
6804,0.00031827
6805,0.00188067
6806,0.00321477
6807,0.00378480
6808,0.00102664
6809,0.00209206
6810,0.01652298
6811,0.00399487
6812,0.00021034
6813,0.00173991
6814,0.01404260
6815,0.00212628
6816,0.00313592
6817,0.00099272
6818,0.02764136
6819,0.00794299
6820,0.00744493
6821,0.00161603
6822,0.00807356
6823,0.00106288
6824,0.00584807
6825,0.00669561
6826,0.00353117
6827,0.01006174
6828,0.00378364
6829,0.00217027
6830,0.00382925
6831,0.01175862
6832,0.00134062
6833,0.00262181
6834,0.00206544
6835,0.00644285
6836,0.00607058
6837,0.00200035
6838,0.01337005
6839,0.00263960
6840,0.02183358
6841,0.01125247
6842,0.00032830
6843,0.00727452
6844,0.23626534
6845,0.01327038
6846,0.00131488
6847,0.00289754
6848,0.00032711
6849,0.00789622
6850,0.00121525
6851,0.00368267
6852,0.02545732
6853,0.00377061
6854,0.00236773
6855,0.00520003
6856,0.02854473
6857,0.00318644
6858,0.01126685
6859,0.00220262
6860,0.00798398
6861,0.01859018
6862,0.00307351
6863,0.01967516
6864,0.00150709
6865,0.00181224
6866,0.00301251
6867,0.00375774
6868,0.00346358
6869,0.00286535
6870,0.00148970
6871,0.01175131
6872,0.00355501
6873,0.00105472
6874,0.00196032
6875,0.00138202
6876,0.00894665
6877,0.00645911
6878,0.00143003
6879,0.02854020
6880,0.00432392
6881,0.01552939
6882,0.00073142
6883,0.00827604
6884,0.00164865
6885,0.01145127
6886,0.00118157
6887,0.00225821
6888,0.01798137
6889,0.00797588
6890,0.01779751
6891,0.00188741
6892,0.00123428
6893,0.00685296
6894,0.00324563
6895,0.00162086
6896,0.00134642
6897,0.06010838
6898,0.00088920
6899,0.02318187
6900,0.00619846
6901,0.01123226
6902,0.01562148
6903,0.00715451
6904,0.00403224
6905,0.00398816
6906,0.00084228
6907,0.00775957
6908,0.00639898
6909,0.17735167
6910,0.01321555
6911,0.00606307
6912,0.00146685
6913,0.01780976
6914,0.00335241
6915,0.00343253
6916,0.00336386
6917,0.00544115
6918,0.00379211
6919,0.00624235
6920,0.00037198
6921,0.00179693
6922,0.00735675
6923,0.00306583
6924,0.00086851
6925,0.00387368
6926,0.00679373
6927,0.00121520
6928,0.00678247
6929,0.00358101
6930,0.00143606
6931,0.11711460
6932,0.00850812
6933,0.00338769
6934,0.00330019
6935,0.00322260
6936,0.01059901
6937,0.00029076
6938,0.01163415
6939,0.00213870
6940,0.00169207
6941,0.00150329
6942,0.04133428
6943,0.01343505
6944,0.00204701
6945,0.00190783
6946,0.01995401
6947,0.00204985
6948,0.01175553
6949,0.01099084
6950,0.00341400
6951,0.00860615
6952,0.00324321
6953,0.00259890
6954,0.00185910
6955,0.01481316
6956,0.00341626
6957,0.01243863
6958,0.57597280
6959,0.00738081
6960,0.00167562
6961,0.00294499
6962,0.00700174
6963,0.02578406
6964,0.00693482
6965,0.00226990
6966,0.00424493
6967,0.00625126
6968,0.00181257
6969,0.00042906
6970,0.00912285
6971,0.00294000
6972,0.00727149
6973,0.00386047
6974,0.00474787
6975,0.00612509
6976,0.00202880
6977,0.00078437
6978,0.01613058
6979,0.01293345
6980,0.00549813
6981,0.00369129
6982,0.00930425
6983,0.00705962
6984,0.00326844
6985,0.00209429
6986,0.00628814
6987,0.00761991
6988,0.00289117
6989,0.00102350
6990,0.00162450
6991,0.00295875
6992,0.00326758
6993,0.00362709
6994,0.00977616
6995,0.01665319
6996,0.00407581
6997,0.00279449
6998,0.00939522
6999,0.00209113
7000,0.00153667
7001,0.00595275
7002,0.00068150
7003,0.00269466
7004,0.02558292
7005,0.00651280
7006,0.09902463
7007,0.00339257
7008,0.00046643
7009,0.00128245
7010,0.01414780
7011,0.00377982
7012,0.00099482
7013,0.00368683
7014,0.00381667
7015,0.00280698
7016,0.00356184
7017,0.00326722
7018,0.01544391
7019,0.01432462
7020,0.00119906
7021,0.00363325
7022,0.00622331
7023,0.01504370
7024,0.01277283
7025,0.01544104
7026,0.02542642
7027,0.02460276
7028,0.01316052
7029,0.00058121
7030,0.01394333
7031,0.00744867
7032,0.00153090
7033,0.00394676
7034,0.00630555
7035,0.00320162
7036,0.02006002
7037,0.01351833
7038,0.00130768
7039,0.02365921
7040,0.01783482
7041,0.01115143
7042,0.01882141
7043,0.04216561
7044,0.00636663
7045,0.00117804
7046,0.00371324
7047,0.02237538
7048,0.01048984
7049,0.00356905
7050,0.00424003
7051,0.02152464
7052,0.02100758
7053,0.00161159
7054,0.01430494
7055,0.00338628
7056,0.00148567
7057,0.00631432
7058,0.01280258
7059,0.00206154
7060,0.00249737
7061,0.00117055
7062,0.02733002
7063,0.01444901
7064,0.00144985
7065,0.00372025
7066,0.00120736
7067,0.00365097
7068,0.00305695
7069,0.00213552
7070,0.01213506
7071,0.00886073
7072,0.00124418
7073,0.00231516
7074,0.00946604
7075,0.00653717
7076,0.00833278
7077,0.01913173
7078,0.00940618
7079,0.01200649
7080,0.00965489
7081,0.02257061
7082,0.00696698
7083,0.00380846
7084,0.00424243
7085,0.00616135
7086,0.00359187
7087,0.00399009
7088,0.00103760
7089,0.01591046
7090,0.00601871
7091,0.00058305
7092,0.00180589
7093,0.00207724
7094,0.00124433
7095,0.00455873
7096,0.00381658
7097,0.86691250
7098,0.00657979
7099,0.00183671
7100,0.02481970
7101,0.00425406
7102,0.00318550
7103,0.01257381
7104,0.00675303
7105,0.01125972
7106,0.05159765
7107,0.00647206
7108,0.02982133
7109,0.00687291
7110,0.00211548
7111,0.00045007
7112,0.00116024
7113,0.00394490
7114,0.00171884
7115,0.00188303
7116,0.00113263
7117,0.02240390
7118,0.01088171
7119,0.00391124
7120,0.00204244
7121,0.00429647
7122,0.00135790
7123,0.00134764
7124,0.00911696
7125,0.01017518
7126,0.00243131
7127,0.00151716
7128,0.00369493
7129,0.00119510
7130,0.02189306
7131,0.01029339
7132,0.00249309
7133,0.02382987
7134,0.00922894
7135,0.01870881
7136,0.00167826
7137,0.69107690
7138,0.00132400
7139,0.00315029
7140,0.00669074
7141,0.01168127
7142,0.01291016
7143,0.00675063
7144,0.00220992
7145,0.00670576
7146,0.00801851
7147,0.02315696
7148,0.01230757
7149,0.01966761
7150,0.00779774
7151,0.01675383
7152,0.01325615
7153,0.00620082
7154,0.00594133
7155,0.00932922
7156,0.00990287
7157,0.00226852
7158,0.00265638
7159,0.00056125
7160,0.00018134
7161,0.00134238
7162,0.00350916
7163,0.00962758
7164,0.00048394
7165,0.00123485
7166,0.00669103
7167,0.00202734
7168,0.00352486
7169,0.00999167
7170,0.00708728
7171,0.00620670
7172,0.00332186
7173,0.01224404
7174,0.00111329
7175,0.00891948
7176,0.00209524
7177,0.00089182
7178,0.00588939
7179,0.00639204
7180,0.00085749
7181,0.00136058
7182,0.00468405
7183,0.00765908
7184,0.03075369
7185,0.00166215
7186,0.00793349
7187,0.00792995
7188,0.01317442
7189,0.00308436
7190,0.00610849
7191,0.00341782
7192,0.00380602
7193,0.00057234
7194,0.00033535
7195,0.23895759
7196,0.02690681
7197,0.01028629
7198,0.00201928
7199,0.00798651
7200,0.02663510
7201,0.00877927
7202,0.00395467
7203,0.00109354
7204,0.00127373
7205,0.01117982
7206,0.01135080
7207,0.01784516
7208,0.00109635
7209,0.00150631
7210,0.00479424
7211,0.00190176
7212,0.00185662
7213,0.00130681
7214,0.00122753
7215,0.00305694
7216,0.00124312
7217,0.00284646
7218,0.00122530
7219,0.01433960
7220,0.00297940
7221,0.00393956
7222,0.01630016
7223,0.00335993
7224,0.00381412
7225,0.00120599
7226,0.00360539
7227,0.00201025
7228,0.00693163
7229,0.00275806
7230,0.00176404
7231,0.00207459
7232,0.00291973
7233,0.00140197
7234,0.00211293
7235,0.05158790
7236,0.00387767
7237,0.00151719
7238,0.00795328
7239,0.01208547
7240,0.00293504
7241,0.00124321
7242,0.00775737
7243,0.01023078
7244,0.01063959
7245,0.00244046
7246,0.02515517
7247,0.01916576
7248,0.00778339
7249,0.01111841
7250,0.00174172
7251,0.00357918
7252,0.01559459
7253,0.00877662
7254,0.00163771
7255,0.00707752
7256,0.00899325
7257,0.01701880
7258,0.00123855
7259,0.00379827
7260,0.02389912
7261,0.02277081
7262,0.00636894
7263,0.00813863
7264,0.00176634
7265,0.00036319
7266,0.00886507
7267,0.00794248
7268,0.01861419
7269,0.00733757
7270,0.00264263
7271,0.00130884
7272,0.00150493
7273,0.00183965
7274,0.00153996
7275,0.00369422
7276,0.01653813
7277,0.00852772
7278,0.00293106
7279,0.00610112
7280,0.00587203
7281,0.11082450
7282,0.22366413
7283,0.01734805
7284,0.00176256
7285,0.00397893
7286,0.01224264
7287,0.53426503
7288,0.00738204
7289,0.00129115
7290,0.00394209
7291,0.00230104
7292,0.01034772
7293,0.05764210
7294,0.08642014
7295,0.00641842
7296,0.00137129
7297,0.00792201
7298,0.01292367
7299,0.01126508
7300,0.00705607
7301,0.16942859
7302,0.01283262
7303,0.00384875
7304,0.02412522
7305,0.00191524
7306,0.00161505
7307,0.00188018
7308,0.01099256
7309,0.00118634
7310,0.00292810
7311,0.00376217
7312,0.00160565
7313,0.03062866
7314,0.00117834
7315,0.01420272
7316,0.00348969
7317,0.00015611
7318,0.00347468
7319,0.00963229
7320,0.01596841
7321,0.02779771
7322,0.00411104
7323,0.00404337
7324,0.01192074
7325,0.01432272
7326,0.00595858
7327,0.01677459
7328,0.00104675
7329,0.01347721
7330,0.00191502
7331,0.00664550
7332,0.01068986
7333,0.02139756
7334,0.01685961
7335,0.02150272
7336,0.00311900
7337,0.01231698
7338,0.00931900
7339,0.00433008
7340,0.00078342
7341,0.00394406
7342,0.00938628
7343,0.00368516
7344,0.01139356
7345,0.00090382
7346,0.00279702
7347,0.00295974
7348,0.01508524
7349,0.00765973
7350,0.00436198
7351,0.00052762
7352,0.01196190
7353,0.00143050
7354,0.00420066
7355,0.00990022
7356,0.01114185
7357,0.00395205
7358,0.00831756
7359,0.00093795
7360,0.00612707
7361,0.00164911
7362,0.01481490
7363,0.02668139
7364,0.01370829
7365,0.00119417
7366,0.00074268
7367,0.00851716
7368,0.00177763
7369,0.00331246
7370,0.00592383
7371,0.02398397
7372,0.01836651
7373,0.00169672
7374,0.00643432
7375,0.00292292
7376,0.00376884
7377,0.02494719
7378,0.00448246
7379,0.00090200
7380,0.02589709
7381,0.01396842
7382,0.00146625
7383,0.02942096
7384,0.01023919
7385,0.00123919
7386,0.00743619
7387,0.01158107
7388,0.00708925
7389,0.00141720
7390,0.00358451
7391,0.00021595
7392,0.01565181
7393,0.00194524
7394,0.00638500
7395,0.00618168
7396,0.00354366
7397,0.00120409
7398,0.01787436
7399,0.02310412
7400,0.05091572
7401,0.00260833
7402,0.00365219
7403,0.01366401
7404,0.01996273
7405,0.00285522
7406,0.03826803
7407,0.00769000
7408,0.02693961
7409,0.01431381
7410,2.41534054
7411,0.00591244
7412,0.00273949
7413,0.00067461
7414,0.00342807
7415,0.00074068
7416,0.01045493
7417,0.00278437
7418,0.01435567
7419,0.00663274
7420,0.00883616
7421,0.03960096
7422,0.01317301
7423,0.01509294
7424,0.00564653
7425,0.00107247
7426,0.00358590
7427,0.00920031
7428,0.01009974
7429,0.01305366
7430,0.00637406
7431,0.00709905
7432,0.00885001
7433,0.00669178
7434,0.00184367
7435,0.00844694
7436,0.00353459
7437,0.00354856
7438,0.00078654
7439,0.00698302
7440,0.01010727
7441,0.00623228
7442,0.00383670
7443,0.01236522
7444,0.00126799
7445,0.00107913
7446,0.00092399
7447,0.01050096
7448,0.01198029
7449,0.00025137
7450,0.00120638
7451,0.01304054
7452,0.02596856
7453,0.02070911
7454,0.00912646
7455,0.00610887
7456,0.00733680
7457,0.00125966
7458,0.00631521
7459,0.00142954
7460,0.00654092
7461,0.02976261
7462,0.02741644
7463,0.00216376
7464,0.00821674
7465,0.02727208
7466,0.00343972
7467,0.00965204
7468,0.00116605
7469,0.01187125
7470,0.00822742
7471,0.00317708
7472,0.00131105
7473,0.00353849
7474,0.01866626
7475,0.01489795
7476,0.00225565
7477,0.00161947
7478,0.00092457
7479,0.00749971
7480,0.00132617
7481,0.00504670
7482,0.00273973
7483,0.00186579
7484,0.00353492
7485,0.01714108
7486,0.01055482
7487,0.00252168
7488,0.02270786
7489,0.00674596
7490,0.00143079
7491,0.01764482
7492,0.00179724
7493,0.00389625
7494,0.00367951
7495,0.00727410
7496,0.00263820
7497,0.01812640
7498,0.00340427
7499,0.10175753
7500,0.81576167
7501,0.01667070
7502,0.00116522
7503,0.06492866
7504,0.00235395
7505,0.00303164
7506,0.02039240
7507,0.00148060
7508,0.00366371
7509,0.01919071
7510,0.01151567
7511,0.01139611
7512,0.00724425
7513,0.01197052
7514,0.00376267
7515,0.00279064
7516,0.01202171
7517,0.00150170
7518,0.15661264
7519,0.01754416
7520,0.00927543
7521,0.02967673
7522,0.00362611
7523,0.01115049
7524,0.00124279
7525,0.01044144
7526,0.00180680
7527,0.00391900
7528,0.00116968
7529,0.09886458
7530,0.02927198
7531,0.00742945
7532,0.00838495
7533,0.00299052
7534,0.00708082
7535,0.01149707
7536,0.03460101
7537,0.00396974
7538,0.02280846
7539,0.03200022
7540,0.00183733
7541,0.00416213
7542,0.00756963
7543,0.01180383
7544,0.00304562
7545,0.00019861
7546,0.00714903
7547,0.00384251
7548,0.00207080
7549,0.00138949
7550,0.07996205
7551,0.01182269
7552,0.00123308
7553,0.00645553
7554,0.00566007
7555,0.00055259
7556,0.00763613
7557,0.01409494
7558,0.00328133
7559,0.42880505
7560,0.00015492
7561,0.01907715
7562,0.03603395
7563,0.00975671
7564,0.00584983
7565,0.01077644
7566,0.00696818
7567,0.00305221
7568,0.00178396
7569,0.00219193
7570,0.00155416
7571,0.00617368
7572,0.02233690
7573,0.01836126
7574,0.03464452
7575,0.01036575
7576,0.00623530
7577,0.00351563
7578,0.00302565
7579,0.00076824
7580,0.00130115
7581,0.00387045
7582,0.00217101
7583,0.00357641
7584,0.00278431
7585,0.00046679
7586,0.00242673
7587,0.04346810
7588,0.00019251
7589,0.00632818
7590,0.00671995
7591,0.00705677
7592,0.00134730
7593,0.00201278
7594,0.01518015
7595,0.01409390
7596,0.00170259
7597,0.01222137
7598,0.01326578
7599,0.01154566
7600,0.00185716
7601,0.00181841
7602,1.64921181
7603,0.00354300
7604,0.01858053
7605,0.01251569
7606,0.00059053
7607,0.00775408
7608,0.00119289
7609,0.00780557
7610,0.00182258
7611,0.00354123
7612,0.00065975
7613,0.00625855
7614,0.00082859
7615,0.00151660
7616,0.48972950
7617,0.00128572
7618,0.00156900
7619,0.00689239
7620,0.00717968
7621,0.00141609
7622,0.01203378
7623,0.00689593
7624,0.00068733
7625,0.00225913
7626,0.00066980
7627,0.01082977
7628,0.00617084
7629,0.00627153
7630,0.01030038
7631,0.00714418
7632,0.00081185
7633,0.00368824
7634,0.40949154
7635,0.00714590
7636,0.00653304
7637,0.00926170
7638,0.02429619
7639,0.01998325
7640,0.00157924
7641,0.01553477
7642,0.00654497
7643,0.00160421
7644,0.00146881
7645,0.00654389
7646,0.00323737
7647,0.16557173
7648,0.00036821
7649,0.00291636
7650,0.01111248
7651,0.00408567
7652,0.00835376
7653,0.00224435
7654,0.00352669
7655,0.00661800
7656,0.00279493
7657,0.00132908
7658,0.00570165
7659,0.00617808
7660,0.00386735
7661,0.00381774
7662,0.00664902
7663,0.00347351
7664,0.00290710
7665,0.00197460
7666,0.01578199
7667,0.02064083
7668,0.01907023
7669,0.00661523
7670,0.00328679
7671,0.00632396
7672,0.00241374
7673,0.00675736
7674,0.00333034
7675,0.00518844
7676,0.02066436
7677,0.02445878
7678,0.00944008
7679,0.02312704
7680,0.00161949
7681,0.00666085
7682,0.00994392
7683,0.01303841
7684,0.00219159
7685,0.00811634
7686,0.00673480
7687,0.00195919
7688,0.00362950
7689,0.00259704
7690,0.00069565
7691,0.01818251
7692,0.00125761
7693,0.00106121
7694,0.00115038
7695,0.00656203
7696,0.03652631
7697,0.00367734
7698,0.00688641
7699,0.00090360
7700,0.00368554
7701,0.01073896
7702,0.03291179
7703,0.00222625
7704,0.01734025
7705,0.00092325
7706,0.00614537
7707,0.00347696
7708,0.00277923
7709,0.00263647
7710,0.00125277
7711,0.00412748
7712,0.00232277
7713,0.00147746
7714,0.01272179
7715,0.00724075
7716,0.00149842
7717,0.01277288
7718,0.00120558
7719,0.00334019
7720,0.00308926
7721,0.00612574
7722,0.01082253
7723,0.02141801
7724,0.00034809
7725,0.00795893
7726,0.01905260
7727,0.00280351
7728,0.01060397
7729,0.01397730
7730,0.00053450
7731,0.00661604
7732,0.01070440
7733,0.00131429
7734,0.02472210
7735,0.00392242
7736,0.00294536
7737,0.00298519
7738,0.00382245
7739,0.00161831
7740,0.00396266
7741,0.00675635
7742,0.70973325
7743,0.00123006
7744,0.02849876
7745,0.00224248
7746,0.00961631
7747,0.00399287
7748,0.00134094
7749,0.00280332
7750,0.00358648
7751,0.00380033
7752,0.00114878
7753,0.00145638
7754,0.00217926
7755,0.00629946
7756,0.00119355
7757,0.00627851
7758,0.00788818
7759,0.00331160
7760,0.02415831
7761,0.00166369
7762,0.01064027
7763,0.00147870
7764,0.00116138
7765,0.00163506
7766,0.00619773
7767,0.03331583
7768,0.00849029
7769,0.00609585
7770,0.01579583
7771,0.00820093
7772,0.01368677
7773,0.00039955
7774,0.00958741
7775,0.00390706
7776,0.01011801
7777,0.00153594
7778,0.00124984
7779,0.00313019
7780,0.01458683
7781,0.02346029
7782,0.00128045
7783,0.01249887
7784,0.17772223
7785,0.00233610
7786,0.01459388
7787,0.00123448
7788,0.01255379
7789,0.00198514
7790,0.00775462
7791,0.00892467
7792,0.00190394
7793,0.00289452
7794,0.00369952
7795,0.02159348
7796,0.01583694
7797,0.37728905
7798,0.00027890
7799,0.05223341
7800,0.01094535
7801,1.49066025
7802,0.00681507
7803,0.02899595
7804,0.00127083
7805,0.00694820
7806,0.00547937
7807,0.00244449
7808,0.00151400
7809,0.00134794
7810,0.00149048
7811,0.00027004
7812,0.00165397
7813,0.00127130
7814,0.00143355
7815,0.00400382
7816,0.00727519
7817,0.00330967
7818,0.00084253
7819,0.01450677
7820,0.45036517
7821,0.01944579
7822,0.02125040
7823,0.00082200
7824,0.00250458
7825,0.01458846
7826,0.00923735
7827,0.00193960
7828,0.00193243
7829,0.00112807
7830,0.01369230
7831,0.00138424
7832,0.00626750
7833,0.00850447
7834,0.00424186
7835,0.00382249
7836,0.00344887
7837,0.00388667
7838,0.00633424
7839,0.00098894
7840,0.00127886
7841,0.00846410
7842,0.00636773
7843,0.00274389
7844,0.00155333
7845,0.03411494
7846,0.00418110
7847,0.01548537
7848,0.01191367
7849,0.00643668
7850,0.00389515
7851,0.00241035
7852,0.00163427
7853,0.00248586
7854,0.00365264
7855,0.00231167
7856,0.00675213
7857,0.00364131
7858,0.00185382
7859,0.01696915
7860,0.00012314
7861,0.00132671
7862,0.00785828
7863,0.03099358
7864,0.00160796
7865,0.00145827
7866,0.01615431
7867,0.07631942
7868,0.00709996
7869,0.00117955
7870,0.00674357
7871,0.00330150
7872,0.00715672
7873,0.00085532
7874,0.00357665
7875,0.00142677
7876,0.02338438
7877,0.00403670
7878,0.00150969
7879,0.01124768
7880,0.00405898
7881,0.00155206
7882,0.01113859
7883,0.01050986
7884,0.00633040
7885,0.00597075
7886,0.01009758
7887,0.00105453
7888,0.00130570
7889,0.00140680
7890,0.00203391
7891,0.00697092
7892,0.00138600
7893,0.00371014
7894,0.00758036
7895,0.00391167
7896,0.00412287
7897,0.00178166
7898,0.00378898
7899,0.00092670
7900,0.00076631
7901,0.00391000
7902,0.08090968
7903,0.00320142
7904,0.00723920
7905,0.00225168
7906,0.00184303
7907,0.00344441
7908,0.00288098
7909,0.00613213
7910,0.01259120
7911,0.00357840
7912,0.00362633
7913,0.00750218
7914,0.00281711
7915,1.96370229
7916,0.00379518
7917,0.00068638
7918,0.00148648
7919,0.02361574
7920,0.02389741
7921,0.00462791
7922,0.00139538
7923,0.01438055
7924,0.00405948
7925,0.00678404
7926,0.00255777
7927,0.00117463
7928,0.00199138
7929,0.00659904
7930,0.02260478
7931,0.01605306
7932,0.00935544
7933,0.00403690
7934,0.00645341
7935,0.00136419
7936,0.00691690
7937,0.03040304
7938,0.01507219
7939,0.00121828
7940,0.00767320
7941,0.00323811
7942,0.01215027
7943,0.02281109
7944,0.03165860
7945,0.00678314
7946,0.00379004
7947,0.00711779
7948,0.00355475
7949,0.00345709
7950,0.00665858
7951,0.00415902
7952,0.00261793
7953,0.00084108
7954,0.01007939
7955,0.00119878
7956,0.00340788
7957,0.01293226
7958,0.00781696
7959,0.00316456
7960,0.02357268
7961,0.00320532
7962,0.02013850
7963,0.04049642
7964,0.00362636
7965,0.00269768
7966,0.50123292
7967,0.00210412
7968,0.00836310
7969,0.00401601
7970,0.00090754
7971,0.00641731
7972,0.01035151
7973,0.00169230
7974,0.00378809
7975,0.00696492
7976,0.01849098
7977,0.01091191
7978,0.00163377
7979,0.00403788
7980,0.02534402
7981,0.00397193
7982,0.01249601
7983,0.00373881
7984,0.00733069
7985,0.00153753
7986,0.07771439
7987,0.01130318
7988,0.30735497
7989,0.00357202
7990,0.00395201
7991,0.02747802
7992,0.00044239
7993,0.00998902
7994,0.00427900
7995,0.00137584
7996,0.01455893
7997,0.00137064
7998,0.00727709
7999,0.03407513
8000,0.00847126
8001,0.00748731
8002,0.02488479
8003,0.00126019
8004,0.00659626
8005,0.00274120
8006,0.00365154
8007,0.00817375
8008,0.00358181
8009,0.00359650
8010,0.01150567
8011,0.01124154
8012,0.00824408
8013,0.17605686
8014,0.00338525
8015,0.00130412
8016,0.00940016
8017,0.03229008
8018,0.00128801
8019,0.01818577
8020,0.12276946
8021,0.01390001
8022,0.00659199
8023,0.00435133
8024,0.00851552
8025,0.01215199
8026,0.00365349
8027,0.00876079
8028,0.00215399
8029,0.00380402
8030,0.00108703
8031,0.01841059
8032,0.00807395
8033,0.00149174
8034,0.00386171
8035,0.00620191
8036,0.01639178
8037,0.00705654
8038,0.00379653
8039,0.40043550
8040,0.00156360
8041,0.01688304
8042,0.00670229
8043,0.00290531
8044,0.00122225
8045,0.00933354
8046,0.00358591
8047,0.00319365
8048,0.00257596
8049,0.01536666
8050,0.00646226
8051,0.00373352
8052,0.00118867
8053,0.00845256
8054,0.02078773
8055,0.00140514
8056,0.00376883
8057,0.01795996
8058,0.00127819
8059,0.00168922
8060,0.00137020
8061,0.00310433
8062,0.01621643
8063,0.00132323
8064,0.00690522
8065,0.00021680
8066,0.02198750
8067,0.00629899
8068,0.00940457
8069,0.00179009
8070,0.02228736
8071,0.00023352
8072,0.01910987
8073,0.01190771
8074,0.00327160
8075,0.00344682
8076,0.01050744
8077,0.00078485
8078,0.00340295
8079,0.00204690
8080,0.00652310
8081,0.00076467
8082,0.02155346
8083,0.01085712
8084,1.14620630
8085,0.00152137
8086,0.00307194
8087,0.01789265
8088,0.01768861
8089,0.00325718
8090,0.01134897
8091,0.00597646
8092,0.00463562
8093,0.00127884
8094,0.00361166
8095,0.01058254
8096,0.00133631
8097,0.00285500
8098,0.03839777
8099,0.00816106
8100,0.00155680
8101,0.00187347
8102,0.00774043
8103,0.02140842
8104,0.01080161
8105,0.00391907
8106,0.00031503
8107,0.02057687
8108,0.00927316
8109,0.00389093
8110,0.02517860
8111,0.00354952
8112,0.00161084
8113,0.00034762
8114,0.04544023
8115,0.01174915
8116,0.02134768
8117,0.00376730
8118,0.00100433
8119,0.00380158
8120,0.00164302
8121,0.00251322
8122,0.00584073
8123,0.00521482
8124,0.00687824
8125,0.00651029
8126,0.00593380
8127,0.00371698
8128,0.00747709
8129,0.00082246
8130,0.00135751
8131,0.00111644
8132,0.01978283
8133,0.00210077
8134,0.01940559
8135,0.03270331
8136,0.00304727
8137,0.02907687
8138,0.00372148
8139,0.00135058
8140,0.42112036
8141,0.01105679
8142,0.00337867
8143,0.00047264
8144,0.00331693
8145,0.00417466
8146,0.01974864
8147,0.01494874
8148,0.04084315
8149,0.01287310
8150,0.00331138
8151,0.32801838
8152,0.00139879
8153,0.00792622
8154,0.00247386
8155,0.00121618
8156,0.01272090
8157,0.01008167
8158,0.00392947
8159,0.00081595
8160,0.07844574
8161,0.01493691
8162,0.00366396
8163,0.00115364
8164,0.01310490
8165,0.03624630
8166,0.01011022
8167,0.02311706
8168,0.00361717
8169,0.00691172
8170,0.02039736
8171,0.00324120
8172,0.00301187
8173,0.01034329
8174,0.01041183
8175,0.00122668
8176,0.00131835
8177,0.01950563
8178,0.00038702
8179,0.02347641
8180,0.00378076
8181,0.02052585
8182,0.00981919
8183,0.00933144
8184,0.02414915
8185,0.01490803
8186,0.02644707
8187,0.00378984
8188,0.00026753
8189,0.00145386
8190,0.00282006
8191,0.30138706
8192,0.00125065
8193,0.00350230
8194,0.00300058
8195,0.00349542
8196,0.01357907
8197,0.00276282
8198,0.00791875
8199,0.00413676
8200,0.00101303
8201,0.00226140
8202,0.00351916
8203,0.00371175
8204,0.00109811
8205,0.00344494
8206,0.00356645
8207,0.00131917
8208,0.00065630
8209,0.00633869
8210,0.01117073
8211,0.00153417
8212,0.00159335
8213,0.00595739
8214,0.01329654
8215,0.00929127
8216,0.00125079
8217,0.00777798
8218,0.00359350
8219,0.04901215
8220,0.00231621
8221,0.00558309
8222,0.00297718
8223,0.00116598
8224,0.01378713
8225,0.00302361
8226,0.00340158
8227,0.00123736
8228,0.00825960
8229,0.00851272
8230,0.00370307
8231,0.00356593
8232,0.02738178
8233,0.01921595
8234,0.00114812
8235,0.01005769
8236,0.00305466
8237,0.01011972
8238,0.00359367
8239,0.00093815
8240,0.00270415
8241,0.00388117
8242,0.00738723
8243,0.00869272
8244,0.00104495
8245,0.00624587
8246,0.02247678
8247,0.00369529
8248,0.00184644
8249,0.04538181
8250,0.00670624
8251,0.00639062
8252,0.00132807
8253,0.46207477
8254,0.00428195
8255,0.00172586
8256,0.01033334
8257,0.00383018
8258,0.00195032
8259,0.00179956
8260,0.00786706
8261,0.00011112
8262,0.00121717
8263,0.00318896
8264,0.00958539
8265,0.02341292
8266,0.00168685
8267,0.01474776
8268,0.00077810
8269,0.00892080
8270,0.00179577
8271,0.00952758
8272,0.01378080
8273,0.01073119
8274,0.00210063
8275,0.00987692
8276,0.00854811
8277,0.01331652
8278,0.00106830
8279,0.01067058
8280,0.01288195
8281,0.00159388
8282,0.04152857
8283,0.00342445
8284,0.00113959
8285,0.01244206
8286,0.00229054
8287,0.00130557
8288,0.00693809
8289,0.00295750
8290,0.00133629
8291,0.00161087
8292,0.00108455
8293,0.00391366
8294,0.00648065
8295,0.00293242
8296,0.00107666
8297,0.03127959
8298,0.01038126
8299,0.01166162
8300,0.00014459
8301,0.02516763
8302,0.00205388
8303,0.01093354
8304,0.00152976
8305,0.00176474
8306,0.00114479
8307,0.00261634
8308,0.00373722
8309,0.00181125
8310,0.04884154
8311,0.00121430
8312,0.00381012
8313,0.04087557
8314,0.00200081
8315,0.00363978
8316,0.01600536
8317,0.00381655
8318,0.00361402
8319,0.00100106
8320,0.00260484
8321,0.00252118
8322,0.01513816
8323,0.00195932
8324,0.09009025
8325,0.00113371
8326,0.00618567
8327,0.00195316
8328,0.01057367
8329,0.00683520
8330,0.00236806
8331,0.00699363
8332,0.00141037
8333,0.01445480
8334,0.00054065
8335,0.00708981
8336,0.00208747
8337,0.00102308
8338,0.00268753
8339,0.00901675
8340,0.02035465
8341,0.00424117
8342,0.00350756
8343,0.00196295
8344,0.00099650
8345,0.00146629
8346,0.01046999
8347,0.00399149
8348,0.00678433
8349,0.00342682
8350,0.02837417
8351,0.00168235
8352,0.00279895
8353,0.00156849
8354,0.01151733
8355,0.00170626
8356,0.00123114
8357,0.00136347
8358,0.00647392
8359,0.00223017
8360,0.00026105
8361,0.00165881
8362,0.02868205
8363,0.00251800
8364,0.01267083
8365,0.00293514
8366,0.00131595
8367,0.00159343
8368,0.01715007
8369,0.00154632
8370,0.00144961
8371,0.02102237
8372,0.01828103
8373,0.00036317
8374,0.01763804
8375,0.00346084
8376,0.00653248
8377,0.00319941
8378,0.00147372
8379,0.01437085
8380,0.00853250
8381,0.02369754
8382,0.01882781
8383,0.00112832
8384,0.00066126
8385,0.00061923
8386,0.02145511
8387,0.00347790
8388,0.14302973
8389,0.00118326
8390,0.00711024
8391,0.00921019
8392,0.06626460
8393,0.00601432
8394,0.00641983
8395,0.00171269
8396,0.00903415
8397,0.00750898
8398,0.00702119
8399,0.00106849
8400,0.00361140
8401,0.00163753
8402,0.00429229
8403,0.00607930
8404,0.00178088
8405,0.00840070
8406,0.00646499
8407,0.00339250
8408,0.00609506
8409,0.01357869
8410,0.06483822
8411,0.00369440
8412,0.01210994
8413,0.00183066
8414,0.00396365
8415,0.00015342
8416,0.00660768
8417,0.00174941
8418,0.02762215
8419,0.00620133
8420,0.00103376
8421,0.00782141
8422,0.00089777
8423,0.00355378
8424,0.01331458
8425,0.04175268
8426,0.13286392
8427,0.01000369
8428,0.00216997
8429,0.00281228
8430,0.00096877
8431,0.00081825
8432,0.00422490
8433,0.01752434
8434,0.00080393
8435,0.00789898
8436,0.00137309
8437,0.00162466
8438,0.00644883
8439,0.00209895
8440,0.00562882
8441,0.00518472
8442,0.01139161
8443,0.00129741
8444,0.00665009
8445,0.00392217
8446,0.00292010
8447,0.00093611
8448,0.05338322
8449,0.00919220
8450,0.00029587
8451,0.00703124
8452,0.00206065
8453,0.00010078
8454,0.00809195
8455,0.00877187
8456,0.00237233
8457,0.00362730
8458,0.00353018
8459,0.01129629
8460,0.03658022
8461,0.01898375
8462,0.01690267
8463,0.00725504
8464,0.00589688
8465,0.00265688
8466,0.00128258
8467,0.00115526
8468,0.01039039
8469,0.00127477
8470,0.01949506
8471,0.01295991
8472,0.00682637
8473,0.01601100
8474,0.00265565
8475,0.00383359
8476,0.00186979
8477,0.00128399
8478,0.00981148
8479,0.00631319
8480,0.00916877
8481,0.00924344
8482,0.00824978
8483,0.01057960
8484,0.00387002
8485,0.02222147
8486,0.01657480
8487,0.00136411
8488,0.01453587
8489,0.00274448
8490,0.00747152
8491,0.00140595
8492,0.00404140
8493,0.00362109
8494,0.00690942
8495,0.12987349
8496,0.01845440
8497,0.00129308
8498,0.01109900
8499,0.00050401
8500,0.00362094
8501,0.00292687
8502,0.00166216
8503,0.00111837
8504,0.00227845
8505,0.00666518
8506,0.01469034
8507,0.02320217
8508,0.00108371
8509,0.01678123
8510,0.00108639
8511,0.00113186
8512,0.01154790
8513,0.01728009
8514,0.00327100
8515,0.00189847
8516,0.01992866
8517,0.00019956
8518,0.00364617
8519,0.00104704
8520,0.00640875
8521,0.00404266
8522,0.00116915
8523,0.00180418
8524,0.00381913
8525,0.01474816
8526,0.00522324
8527,0.00215502
8528,0.00769565
8529,0.00374494
8530,0.00124247
8531,0.00082212
8532,0.01278605
8533,0.02003672
8534,0.00258784
8535,0.00029411
8536,0.01594707
8537,0.00149618
8538,0.03163012
8539,0.00925057
8540,0.00209175
8541,0.01791574
8542,0.00625683
8543,0.00328027
8544,0.00145441
8545,0.00646513
8546,0.01981991
8547,0.01383737
8548,0.00168711
8549,0.00365850
8550,0.00643733
8551,0.00143074
8552,0.00220074
8553,0.00385341
8554,0.03044219
8555,0.00320886
8556,0.00203647
8557,0.00972732
8558,0.00263457
8559,0.00036853
8560,0.00315299
8561,0.00381989
8562,0.00972272
8563,0.00344206
8564,0.01172941
8565,0.00122995
8566,0.00128179
8567,0.01356021
8568,0.00628983
8569,0.00061413
8570,0.02196029
8571,0.00771427
8572,0.00167329
8573,0.02318895
8574,0.00292363
8575,0.00868680
8576,0.00167699
8577,0.02896419
8578,0.01360034
8579,0.00348645
8580,0.00194633
8581,0.00092785
8582,0.00073824
8583,0.00378459
8584,0.00910779
8585,0.00148793
8586,0.00661056
8587,0.00661247
8588,0.00472935
8589,0.00373763
8590,0.03574630
8591,0.00181908
8592,0.03491060
8593,0.00956001
8594,0.11118297
8595,0.00192661
8596,0.00652789
8597,0.00316747
8598,0.02219484
8599,0.01142271
8600,0.01192945
8601,0.00992330
8602,0.00376095
8603,0.00260180
8604,0.00368056
8605,0.00351854
8606,0.00388772
8607,0.00252517
8608,0.00435008
8609,0.00072453
8610,0.00099100
8611,0.01305289
8612,0.19542634
8613,0.00801076
8614,0.00807804
8615,0.00766806
8616,0.00401397
8617,0.00218891
8618,0.00743137
8619,0.00312494
8620,0.00360699
8621,0.00850325
8622,0.00619688
8623,0.00251228
8624,0.00430326
8625,0.00230941
8626,0.02513349
8627,0.00136019
8628,0.00357790
8629,0.02572671
8630,0.00116731
8631,0.01664314
8632,0.01204543
8633,0.00668854
8634,0.01268569
8635,0.00358254
8636,0.00162858
8637,0.04200953
8638,0.00178007
8639,0.01227829
8640,0.00336623
8641,0.01693685
8642,0.01458259
8643,0.01537914
8644,0.00854826
8645,0.07963335
8646,0.00649505
8647,0.01596518
8648,0.00814193
8649,0.00220326
8650,0.00683608
8651,0.00293541
8652,0.00354459
8653,0.01142318
8654,0.00740895
8655,0.00728269
8656,0.00399377
8657,0.02790333
8658,0.00354902
8659,0.00407051
8660,0.01307943
8661,0.00339729
8662,0.00708292
8663,0.00374738
8664,0.00081743
8665,0.01394387
8666,0.01445098
8667,0.01194340
8668,0.01262190
8669,0.00198965
8670,0.00335798
8671,0.00361095
8672,0.01469136
8673,0.00115711
8674,0.00778210
8675,0.01045810
8676,0.00407624
8677,0.00652119
8678,0.00899056
8679,0.00689536
8680,0.00356591
8681,0.03604293
8682,0.00392818
8683,0.00151180
8684,0.00601609
8685,0.00354599
8686,0.00707464
8687,0.00794699
8688,0.01147074
8689,0.00157788
8690,0.00207255
8691,0.00116170
8692,0.00654350
8693,0.00360582
8694,0.00313927
8695,0.01480054
8696,0.00151726
8697,0.03242174
8698,0.01121326
8699,0.01497867
8700,0.01059978
8701,0.00380766
8702,0.13534000
8703,0.00150707
8704,0.06322312
8705,0.00122432
8706,0.00674949
8707,0.00287413
8708,0.00108356
8709,0.00383280
8710,0.00160245
8711,0.00379624
8712,0.01503416
8713,0.00151008
8714,0.00656042
8715,0.00597732
8716,0.00903169
8717,0.10931593
8718,0.00256399
8719,0.00823995
8720,0.00181550
8721,0.00489294
8722,0.00060015
8723,0.00730784
8724,0.62439681
8725,0.00133444
8726,0.00293055
8727,0.02355163
8728,0.02022525
8729,0.00665799
8730,0.00353753
8731,0.00146954
8732,0.00180097
8733,0.00674512
8734,0.00672566
8735,0.00643204
8736,0.00399181
8737,0.00174733
8738,0.00180370
8739,0.01227171
8740,0.00103535
8741,0.00647358
8742,0.00715167
8743,0.00228407
8744,0.00416122
8745,0.00819336
8746,0.00086361
8747,0.00311970
8748,0.00641677
8749,0.02258662
8750,0.00382445
8751,0.00330011
8752,0.01740031
8753,0.00748830
8754,0.00125642
8755,0.01765853
8756,0.00498412
8757,0.00349831
8758,0.00186763
8759,0.01497906
8760,0.00134936
8761,0.01770319
8762,0.00372676
8763,0.03216438
8764,0.01869745
8765,0.00376419
8766,0.00351781
8767,0.01189201
8768,0.00177398
8769,0.00921632
8770,0.03572865
8771,0.00681517
8772,0.01963445
8773,0.00612929
8774,0.01054421
8775,0.00114380
8776,0.00632167
8777,0.00630669
8778,0.01553081
8779,0.00407494
8780,0.02004771
8781,0.02445780
8782,0.00194597
8783,0.00682764
8784,0.00654664
8785,0.00355195
8786,0.02026962
8787,0.00275543
8788,0.00724042
8789,0.03581023
8790,0.00731637
8791,0.01996103
8792,0.00230232
8793,0.00682152
8794,0.00374302
8795,0.66251314
8796,0.01575240
8797,0.00683787
8798,0.00628774
8799,0.00374722
8800,0.00641982
8801,0.00725395
8802,0.00647085
8803,0.00389019
8804,0.00249166
8805,0.00120946
8806,0.00173955
8807,0.00377971
8808,0.00371839
8809,0.00908813
8810,0.00321484
8811,0.00374409
8812,0.00112711
8813,0.00393758
8814,0.01671542
8815,0.00199433
8816,0.00130991
8817,0.00284580
8818,0.00673634
8819,0.00562796
8820,0.00866704
8821,0.00019825
8822,0.02087270
8823,0.00434613
8824,0.00128498
8825,0.00938040
8826,0.02486087
8827,0.00642817
8828,0.02429134
8829,0.01109025
8830,0.02280384
8831,0.00982296
8832,0.01372171
8833,0.01651517
8834,0.00102332
8835,0.02090257
8836,0.00639025
8837,0.00840451
8838,0.00720522
8839,0.00089794
8840,0.00639938
8841,0.00391509
8842,0.00378565
8843,0.01066190
8844,0.00111606
8845,0.03868257
8846,0.00089723
8847,0.00078925
8848,0.10735969
8849,0.00194667
8850,0.00641929
8851,0.00300182
8852,0.00692777
8853,0.01683591
8854,0.02046268
8855,0.00330741
8856,0.00699590
8857,0.02552569
8858,0.00098852
8859,0.00569175
8860,0.00395663
8861,0.01544930
8862,0.00659660
8863,0.00810791
8864,0.00261299
8865,0.00346271
8866,0.01280137
8867,0.00096356
8868,0.00351230
8869,0.00034941
8870,0.02016601
8871,0.00191625
8872,0.00154246
8873,0.00666357
8874,0.02673970
8875,0.00841681
8876,0.00188347
8877,0.01434550
8878,0.01654010
8879,0.00133696
8880,0.00098570
8881,0.07577855
8882,0.00784729
8883,0.01237523
8884,0.00437590
8885,0.00962425
8886,0.00335293
8887,0.00237079
8888,0.00136991
8889,0.00145878
8890,0.00078932
8891,0.00184599
8892,0.00042230
8893,0.00118304
8894,0.00184528
8895,0.00417163
8896,0.00188239
8897,0.00144066
8898,0.01491727
8899,0.00176601
8900,0.00125056
8901,0.00102833
8902,0.74599868
8903,0.00341210
8904,0.01161449
8905,0.00373562
8906,0.02250255
8907,0.00140822
8908,0.01026293
8909,0.01019976
8910,0.01746139
8911,0.00445064
8912,0.00739870
8913,0.00986526
8914,0.01059505
8915,0.05130483
8916,0.00363606
8917,0.00200342
8918,0.00145974
8919,0.00366542
8920,0.02042135
8921,0.01499562
8922,0.02947456
8923,0.00242012
8924,0.02877506
8925,0.00378903
8926,0.01325866
8927,0.00657167
8928,0.00116244
8929,0.00198020
8930,0.00683540
8931,0.01334551
8932,0.00686300
8933,0.00120747
8934,0.01758843
8935,0.00736416
8936,0.00967946
8937,0.00150547
8938,0.00345184
8939,0.00130621
8940,0.00718305
8941,0.01394512
8942,0.00305910
8943,0.00117944
8944,0.00120231
8945,0.00320631
8946,0.01015129
8947,0.00381600
8948,0.05997611
8949,0.01826507
8950,0.00201086
8951,0.00358554
8952,0.00124407
8953,0.00289991
8954,0.02077350
8955,0.01276725
8956,0.01256776
8957,0.00030976
8958,0.00359639
8959,0.00067400
8960,0.00435166
8961,0.00810107
8962,0.00091802
8963,0.02535376
8964,0.01241916
8965,0.00021181
8966,0.00269719
8967,0.00643145
8968,0.01208579
8969,0.00652463
8970,0.00843734
8971,0.00043469
8972,0.00719455
8973,0.01058381
8974,0.00227355
8975,0.02315548
8976,0.00061358
8977,0.00710825
8978,0.00687806
8979,0.00370351
8980,0.00906514
8981,0.00270704
8982,0.01049578
8983,0.00142913
8984,0.00374985
8985,0.00194414
8986,0.01979479
8987,0.01310924
8988,0.00848472
8989,0.00366890
8990,0.01682144
8991,0.01891349
8992,0.00055708
8993,0.00350046
8994,0.02422865
8995,0.00391058
8996,0.01913102
8997,0.01241666
8998,0.00268911
8999,0.00098776
9000,0.00366858
9001,0.00057313
9002,0.00269917
9003,0.00649264
9004,0.00654000
9005,0.03108479
9006,0.00324918
9007,0.00319930
9008,0.01300842
9009,0.00820200
9010,0.00200045
9011,0.00442874
9012,0.00086000
9013,0.01441846
9014,0.00082753
9015,0.01639321
9016,0.00428125
9017,0.01181241
9018,0.00282789
9019,0.00116122
9020,0.00846474
9021,0.00965803
9022,0.02890825
9023,0.00804946
9024,0.00403013
9025,0.02346103
9026,0.01677643
9027,0.00078740
9028,0.00634002
9029,0.00101243
9030,0.00853420
9031,0.01720768
9032,0.02136698
9033,0.00811917
9034,0.01224432
9035,0.00181804
9036,0.00276824
9037,0.00019907
9038,0.00336317
9039,0.00206537
9040,0.00168601
9041,0.00316967
9042,0.00657523
9043,0.00360883
9044,0.02284838
9045,0.00362578
9046,0.00355765
9047,0.00189280
9048,0.00706000
9049,0.00894915
9050,0.00649678
9051,0.00153137
9052,0.00096733
9053,0.00031293
9054,0.00237138
9055,0.00747631
9056,0.01714566
9057,0.01121819
9058,0.00095843
9059,0.00085830
9060,0.03420914
9061,0.00357880
9062,0.00290436
9063,0.00592278
9064,0.00417871
9065,0.00196223
9066,0.01307759
9067,0.01039539
9068,0.00145815
9069,0.00610780
9070,0.28117334
9071,0.01818745
9072,0.01531484
9073,0.00770005
9074,0.47040785
9075,0.00165892
9076,0.00480769
9077,0.00657908
9078,0.00961673
9079,0.02269251
9080,0.01437243
9081,0.05575086
9082,0.00682166
9083,0.00690009
9084,0.00231862
9085,0.01520462
9086,0.00065957
9087,0.02349889
9088,0.00083335
9089,0.02449797
9090,0.00773679
9091,0.00174452
9092,0.00047649
9093,0.00127211
9094,0.01223107
9095,0.00152803
9096,0.01396760
9097,0.00366180
9098,0.00207421
9099,0.00545109
9100,0.00258240
9101,0.01454268
9102,0.00473836
9103,0.00044495
9104,0.01096941
9105,0.22485966
9106,0.01056334
9107,0.00095774
9108,0.02110794
9109,0.00658743
9110,0.00378640
9111,0.00338497
9112,0.00120685
9113,0.00112941
9114,0.00420591
9115,0.00153799
9116,0.00112170
9117,0.00369620
9118,0.00054829
9119,0.00848183
9120,0.01209888
9121,0.00356306
9122,0.00356022
9123,0.14728708
9124,0.00150913
9125,0.00965993
9126,0.01047758
9127,0.02991142
9128,0.00134734
9129,0.00146777
9130,0.00164883
9131,0.01040891
9132,0.00104938
9133,0.01687604
9134,0.00646413
9135,0.01072573
9136,0.00133263
9137,0.00310440
9138,0.00126467
9139,0.00345226
9140,0.00599658
9141,0.00189122
9142,0.00320732
9143,0.00107536
9144,0.01515327
9145,0.00331436
9146,0.03877282
9147,0.01103393
9148,0.01443143
9149,0.00352720
9150,0.00440080
9151,0.01895591
9152,0.00114763
9153,0.01354527
9154,0.00265971
9155,0.00576827
9156,0.00672876
9157,0.00127434
9158,0.00375618
9159,0.00364953
9160,0.01519036
9161,0.01302077
9162,0.00738565
9163,0.00375514
9164,0.00132244
9165,0.00156616
9166,0.00686667
9167,0.01292366
9168,0.00144030
9169,0.00726389
9170,0.01274112
9171,0.28683495
9172,0.01618027
9173,0.00173989
9174,0.01213880
9175,0.00791261
9176,0.00267649
9177,0.00318953
9178,0.00636806
9179,0.00356061
9180,0.01050405
9181,0.01088495
9182,0.00268260
9183,0.00949057
9184,0.00716508
9185,0.02030543
9186,0.00179434
9187,0.00373625
9188,0.00139223
9189,0.00348688
9190,0.00198673
9191,0.12620722
9192,0.02093791
9193,0.00998025
9194,0.00364458
9195,0.00167258
9196,0.01979803
9197,0.00112958
9198,0.00128630
9199,0.01564563
9200,0.00136388
9201,0.00677214
9202,0.01376863
9203,0.00184728
9204,0.00048621
9205,0.00161525
9206,0.00290768
9207,0.05912133
9208,0.02043736
9209,0.00673987
9210,0.00283270
9211,0.00077075
9212,0.00323245
9213,0.02317472
9214,0.00270316
9215,0.00084374
9216,0.00160189
9217,0.00298836
9218,0.02329814
9219,0.00173619
9220,0.00600531
9221,0.00972919
9222,0.00157065
9223,0.00262134
9224,0.00044610
9225,0.00265288
9226,0.00857780
9227,0.00934405
9228,0.00124287
9229,0.00143562
9230,0.04327351
9231,0.00125829
9232,0.01303898
9233,0.02632797
9234,0.00860781
9235,0.01111509
9236,0.00293370
9237,0.06135621
9238,0.00219413
9239,0.00396560
9240,0.00644533
9241,0.00340596
9242,0.00382608
9243,0.00136594
9244,0.01773784
9245,0.00086386
9246,0.00386436
9247,0.01222296
9248,0.01065363
9249,0.00164796
9250,0.00613451
9251,0.00023329
9252,0.00798039
9253,0.01077841
9254,0.01542310
9255,0.00330288
9256,0.02264767
9257,0.00185720
9258,0.02750451
9259,0.02501940
9260,0.00354616
9261,0.00174484
9262,0.00662921
9263,0.00308983
9264,0.00649986
9265,0.02644390
9266,0.00190780
9267,0.00389408
9268,0.03046258
9269,0.01793444
9270,0.00289520
9271,0.01236969
9272,0.00139241
9273,0.00807429
9274,0.00641773
9275,0.02022196
9276,0.01993721
9277,0.01090115
9278,0.00131291
9279,0.00185909
9280,0.00142303
9281,0.00701241
9282,0.00635048
9283,0.07855399
9284,0.00655247
9285,0.00158509
9286,0.01848779
9287,0.00365026
9288,0.00360669
9289,0.00959760
9290,0.00361485
9291,0.00784736
9292,0.00303936
9293,0.00154523
9294,0.00266567
9295,0.03033881
9296,0.00510870
9297,0.00017842
9298,0.00048541
9299,0.00776524
9300,0.00134858
9301,0.01408764
9302,0.00728414
9303,0.00109765
9304,0.00851878
9305,0.00054251
9306,0.00193958
9307,0.00563484
9308,0.00947010
9309,0.01909109
9310,0.01705940
9311,0.01118283
9312,0.00143546
9313,0.01802776
9314,0.01924367
9315,0.06442607
9316,0.00089805
9317,0.00130028
9318,0.00382412
9319,0.00254802
9320,0.00641095
9321,0.01939541
9322,0.00053654
9323,0.01400021
9324,0.00894248
9325,0.00390003
9326,0.00251203
9327,0.00336862
9328,0.02158431
9329,0.03180419
9330,0.00123544
9331,0.02530369
9332,0.00102435
9333,0.00095444
9334,0.00582407
9335,0.00788076
9336,0.00338062
9337,0.01575516
9338,0.00278533
9339,0.01473258
9340,0.00228216
9341,0.01566912
9342,0.00431056
9343,0.01542866
9344,0.00230174
9345,0.00326461
9346,0.00134630
9347,0.00409206
9348,0.00120617
9349,0.00459382
9350,0.00709704
9351,0.04828450
9352,0.64345663
9353,0.01006508
9354,0.00656605
9355,0.00636112
9356,0.00270136
9357,0.00277931
9358,0.01820183
9359,0.02332594
9360,0.00337052
9361,0.00149248
9362,0.00659850
9363,0.00368270
9364,0.02189971
9365,0.02193405
9366,0.02138136
9367,0.00465076
9368,0.00252239
9369,0.00636669
9370,0.00921880
9371,0.33138230
9372,0.02017171
9373,0.00398584
9374,0.00069307
9375,0.00090987
9376,0.00163996
9377,0.00108655
9378,0.00309857
9379,0.00138064
9380,0.00912048
9381,0.00129202
9382,0.00260702
9383,0.00381853
9384,0.02330954
9385,0.00205539
9386,0.00139499
9387,0.01231277
9388,0.00318820
9389,0.00659912
9390,0.00722623
9391,0.00966352
9392,0.00363642
9393,0.00285780
9394,0.00361749
9395,0.00023341
9396,0.00346722
9397,0.00997517
9398,0.01177481
9399,0.00690906
9400,0.00350988
9401,0.01591436
9402,0.00127444
9403,0.00322448
9404,0.02095985
9405,0.02292359
9406,0.00252401
9407,0.00670968
9408,0.00357190
9409,0.01333949
9410,0.03781495
9411,0.02229486
9412,0.02814851
9413,0.00053142
9414,0.00363710
9415,0.00108400
9416,0.01705710
9417,0.00644936
9418,0.00137814
9419,0.05432520
9420,0.00093528
9421,0.00197430
9422,0.00653459
9423,0.00314792
9424,0.00665358
9425,0.01919604
9426,0.00745111
9427,0.00162327
9428,0.00094584
9429,0.02239171
9430,0.00218999
9431,0.00950220
9432,0.01223159
9433,0.01275816
9434,0.01606774
9435,0.00322151
9436,0.00189611
9437,0.02148702
9438,0.00198993
9439,0.00172465
9440,0.00637592
9441,0.01079856
9442,0.00185186
9443,0.01675348
9444,0.00844423
9445,0.01688993
9446,0.00361487
9447,0.00048034
9448,0.00086770
9449,0.00590341
9450,0.00238673
9451,0.01917916
9452,0.00807507
9453,0.00070980
9454,0.01022965
9455,0.01195361
9456,0.02858179
9457,0.02843335
9458,0.00086212
9459,0.00157489
9460,0.02763313
9461,0.04428316
9462,0.00157212
9463,0.00361872
9464,0.00155657
9465,0.00688925
9466,0.00117908
9467,0.00641147
9468,0.00365842
9469,0.01259754
9470,0.00162506
9471,0.00335481
9472,0.00221610
9473,0.02079875
9474,0.08632553
9475,0.01143327
9476,0.00654530
9477,0.00335489
9478,0.00309439
9479,0.00369332
9480,0.00948853
9481,0.00367677
9482,2.00986099
9483,0.02374110
9484,0.00121765
9485,0.00360416
9486,0.00065736
9487,0.04360977
9488,0.06864976
9489,0.00166344
9490,0.01021091
9491,0.00348107
9492,0.00729365
9493,0.02127017
9494,0.00734943
9495,0.00114873
9496,0.00154105
9497,0.19891548
9498,0.01487644
9499,0.01781490
9500,0.00140059
9501,0.00893811
9502,0.00213244
9503,0.02509313
9504,0.00113619
9505,0.00119801
9506,0.00121542
9507,0.00095935
9508,0.00683389
9509,0.00137382
9510,0.01120192
9511,0.02423842
9512,0.01796781
9513,0.00609299
9514,0.10635729
9515,0.01045654
9516,0.00597783
9517,0.00121543
9518,0.00119903
9519,0.02665854
9520,0.00942873
9521,0.01000889
9522,0.03150450
9523,0.02447623
9524,0.03090521
9525,0.01379180
9526,0.01928957
9527,0.00145954
9528,0.00643718
9529,0.00229777
9530,0.01030766
9531,0.00728525
9532,0.00619901
9533,0.00379053
9534,0.00395995
9535,0.00500272
9536,0.01286256
9537,0.00112840
9538,0.00273952
9539,0.00074762
9540,0.01334641
9541,1.19062202
9542,0.00665305
9543,0.01148196
9544,0.00358468
9545,0.00667642
9546,0.00321485
9547,0.00596872
9548,0.00337731
9549,0.00326267
9550,0.99347621
9551,0.01432380
9552,0.01457855
9553,0.00168249
9554,0.00514450
9555,0.00673922
9556,0.00302014
9557,2.23072339
9558,0.00809043
9559,0.54322832
9560,0.00136389
9561,0.00405495
9562,0.01736044
9563,0.00238937
9564,0.00122145
9565,0.02777201
9566,0.01788196
9567,0.02476496
9568,0.02565389
9569,0.00139965
9570,0.00094210
9571,0.00127311
9572,0.01943652
9573,0.00633328
9574,0.01419033
9575,0.01168560
9576,0.14770008
9577,0.00744784
9578,0.00096474
9579,0.02998186
9580,0.00303624
9581,0.00246431
9582,0.00095832
9583,0.00387921
9584,0.02173928
9585,0.00053364
9586,0.01671989
9587,0.00332234
9588,2.22627115
9589,0.02594817
9590,0.00317756
9591,0.00325140
9592,0.01829096
9593,0.00998798
9594,0.00128313
9595,0.00665769
9596,0.05405613
9597,0.00612522
9598,0.00623923
9599,0.00966330
9600,0.00296535
9601,0.02373984
9602,0.02396642
9603,0.01113259
9604,0.01897343
9605,0.00123518
9606,0.00109137
9607,0.00644188
9608,0.00107447
9609,0.00214155
9610,0.00349358
9611,0.00293269
9612,0.00979396
9613,0.05718722
9614,0.00349377
9615,0.01459462
9616,0.00398511
9617,0.00023756
9618,0.01071890
9619,0.00191842
9620,0.00866511
9621,0.00634278
9622,0.00182537
9623,0.01968319
9624,0.01793737
9625,0.00170299
9626,0.02733569
9627,0.00424489
9628,0.00372886
9629,0.12404586
9630,0.00633126
9631,0.00159729
9632,0.00099454
9633,0.00667671
9634,0.00557520
9635,0.31403069
9636,0.00380360
9637,0.00725977
9638,0.00053448
9639,0.00193218
9640,0.00657108
9641,0.00168544
9642,0.00375397
9643,0.01732539
9644,0.00434196
9645,0.04292404
9646,0.00658987
9647,0.01524672
9648,0.00211547
9649,0.00343235
9650,0.00115119
9651,0.00304062
9652,0.00404039
9653,0.00762948
9654,0.00211386
9655,0.00980033
9656,0.00028327
9657,0.00016507
9658,0.01787651
9659,0.00611571
9660,0.01362499
9661,0.00829487
9662,0.01060304
9663,0.00111958
9664,0.00132720
9665,0.00636660
9666,0.02568881
9667,0.01197715
9668,0.00625694
9669,0.00975570
9670,0.00180741
9671,0.01307136
9672,0.01190613
9673,0.00356751
9674,0.00057787
9675,1.72118099
9676,0.00683744
9677,0.00397406
9678,0.00989694
9679,0.00127167
9680,0.00832716
9681,0.01361414
9682,0.01906121
9683,0.00415914
9684,0.00125818
9685,0.00654643
9686,0.00366002
9687,0.01291550
9688,0.00873051
9689,0.00351942
9690,0.00213871
9691,0.01877942
9692,0.02783480
9693,0.01687813
9694,0.00125073
9695,0.00100087
9696,0.00747526
9697,0.02147165
9698,0.01363520
9699,0.00260938
9700,0.02071589
9701,0.00376129
9702,0.00116043
9703,0.00698240
9704,0.00607219
9705,0.47953986
9706,0.00158913
9707,0.00283690
9708,0.01437521
9709,0.00209663
9710,0.00225914
9711,0.00192389
9712,0.00012466
9713,0.00624639
9714,0.00203149
9715,0.00360133
9716,0.00414925
9717,0.00364640
9718,0.00095285
9719,0.00016786
9720,0.00643352
9721,0.01560041
9722,0.00292674
9723,0.01920837
9724,1.78124310
9725,0.00380798
9726,0.02156400
9727,0.00377173
9728,0.00120168
9729,0.00322094
9730,0.01248511
9731,0.00338255
9732,0.00684975
9733,0.00298387
9734,0.00118546
9735,0.00179770
9736,0.00570517
9737,0.00199030
9738,0.00135423
9739,2.34020499
9740,0.00681377
9741,0.00114930
9742,0.00022043
9743,0.01428214
9744,0.01208402
9745,0.00391422
9746,0.00156763
9747,0.01942218
9748,0.03155202
9749,0.00186306
9750,0.11813026
9751,0.00725821
9752,0.00310257
9753,0.00671292
9754,0.00200911
9755,0.00375999
9756,0.00583435
9757,0.00134938
9758,0.00152805
9759,0.00148696
9760,0.00123892
9761,0.00133447
9762,0.00786857
9763,0.00671350
9764,0.00126871
9765,0.02495545
9766,0.00285496
9767,0.00071206
9768,0.00364786
9769,0.00764246
9770,0.00118232
9771,0.00377882
9772,0.00362474
9773,0.00849897
9774,0.00905505
9775,0.00384030
9776,0.01337864
9777,0.00126789
9778,0.00265607
9779,0.01032594
9780,0.00084682
9781,0.01657815
9782,0.00855794
9783,0.01267835
9784,0.00255729
9785,0.01053533
9786,0.00391013
9787,0.01344989
9788,0.00363663
9789,0.00060173
9790,0.00649138
9791,0.01363693
9792,0.00164320
9793,0.00170642
9794,0.00336591
9795,0.01387230
9796,0.01010197
9797,0.01841851
9798,0.01647849
9799,0.00225715
9800,0.00207109
9801,0.00380644
9802,0.03051781
9803,0.00675239
9804,0.00033879
9805,0.00146624
9806,0.00110652
9807,0.00661744
9808,0.02170094
9809,0.00678795
9810,0.00867390
9811,0.00206664
9812,0.01195820
9813,0.00138828
9814,0.00666100
9815,0.00072660
9816,0.00151509
9817,0.00628378
9818,0.00389382
9819,0.00100650
9820,0.01635694
9821,0.00597460
9822,0.02801075
9823,0.00317583
9824,0.01436014
9825,0.00425684
9826,0.00752992
9827,0.00330759
9828,0.00334286
9829,0.01633654
9830,0.00093985
9831,0.01643958
9832,0.00593050
9833,0.00035308
9834,0.01164491
9835,0.00189229
9836,0.00151926
9837,0.00863935
9838,0.00073142
9839,0.00137843
9840,0.00446129
9841,0.00340006
9842,0.00798519
9843,0.00807160
9844,0.00122443
9845,0.01273275
9846,0.00170721
9847,0.00617982
9848,0.00114286
9849,0.00231450
9850,0.00867014
9851,0.01064747
9852,0.00174208
9853,0.00931134
9854,0.00711880
9855,0.00199357
9856,0.00799122
9857,0.03446801
9858,0.00171063
9859,0.00312485
9860,0.01832176
9861,0.00846644
9862,0.02007184
9863,0.00124778
9864,0.07301246
9865,0.11972725
9866,0.00185657
9867,0.02202476
9868,0.00189603
9869,0.00334212
9870,0.00680944
9871,0.01116100
9872,0.00623994
9873,0.01313766
9874,0.00439153
9875,0.98716608
9876,0.03797214
9877,0.00145322
9878,0.02286834
9879,0.00604371
9880,0.00314444
9881,0.02781471
9882,0.00941878
9883,0.02216676
9884,0.01292027
9885,0.00224541
9886,0.00775747
9887,0.00164910
9888,0.00354121
9889,0.01239170
9890,0.00182403
9891,0.00199322
9892,0.00974217
9893,0.00345253
9894,0.00679405
9895,0.00639073
9896,0.02419172
9897,0.00675649
9898,0.00100603
9899,0.00320607
9900,0.00374485
9901,0.00259239
9902,0.01844218
9903,0.00351927
9904,0.00282900
9905,0.02281555
9906,0.00276859
9907,0.00672906
9908,0.00130895
9909,0.01942321
9910,0.00485535
9911,0.00130734
9912,0.00143259
9913,0.00224447
9914,0.00334581
9915,0.00217920
9916,0.00381817
9917,0.00054110
9918,0.00622483
9919,0.01349122
9920,0.00571127
9921,0.00988292
9922,0.00328700
9923,0.00388527
9924,0.00112608
9925,0.00378707
9926,0.00678069
9927,0.00129988
9928,0.01460401
9929,0.00197870
9930,0.01512191
9931,0.00418546
9932,0.00081903
9933,0.00396917
9934,0.00104891
9935,0.00188144
9936,0.02095486
9937,0.00330416
9938,0.00652398
9939,0.00148926
9940,0.00377262
9941,0.00667769
9942,0.00651057
9943,0.00825368
9944,0.00672677
9945,0.01280004
9946,0.01349133
9947,0.00774394
9948,0.00665950
9949,0.02072973
9950,0.00179585
9951,0.00321426
9952,0.00145022
9953,0.00860756
9954,0.00148252
9955,0.03688653
9956,0.01376040
9957,0.00167434
9958,0.01689850
9959,0.01086023
9960,0.03064009
9961,0.01442855
9962,0.00750578
9963,0.00349598
9964,0.01323450
9965,0.00397814
9966,0.00630217
9967,0.00251832
9968,0.01461159
9969,0.00664335
9970,0.01318111
9971,0.00395009
9972,0.00355474
9973,0.00378466
9974,0.00722381
9975,0.00353935
9976,0.02145771
9977,0.00138253
9978,0.00635519
9979,0.00048122
9980,0.00312575
9981,0.09720773
9982,0.00389769
9983,0.00237544
9984,0.00127341
9985,0.00924485
9986,0.00817536
9987,0.00308204
9988,1.71732902
9989,0.00654700
9990,0.00749418
9991,0.00378991
9992,0.00360405
9993,0.00370588
9994,0.00676148
9995,0.00399079
9996,0.00631562
9997,0.00343986
9998,0.00628083
9999,0.01543253
