step,entropy
0,0.00359863
1,0.00225521
2,0.00393169
3,0.00107555
4,0.00172656
5,0.00278467
6,0.00149597
7,0.00053966
8,0.00438057
9,0.00822202
10,0.00089713
11,0.00104125
12,1.81259243
13,0.00175192
14,0.00164848
15,0.00165633
16,0.00090749
17,0.01780569
18,0.00163882
19,0.00569216
20,0.00311282
21,0.00265930
22,0.00216165
23,0.00385412
24,0.00353260
25,0.00120133
26,0.01048073
27,0.00197131
28,0.00638008
29,0.00163322
30,0.00288427
31,0.62877768
32,0.00078333
33,0.00550990
34,0.00179574
35,0.00063425
36,0.00473797
37,0.00048957
38,0.00143480
39,0.00215224
40,0.00207492
41,0.00170913
42,0.00166216
43,0.00161523
44,0.00476765
45,0.00119196
46,0.00088789
47,0.00145023
48,0.00359883
49,0.76708845
50,0.00203573
51,1.01455395
52,0.00182330
53,0.00219440
54,0.01680313
55,0.00308189
56,0.01161112
57,0.00144333
58,0.00135670
59,0.00487705
60,0.00909105
61,0.00323626
62,0.01442080
63,0.00688042
64,0.00095021
65,0.01933690
66,0.00105031
67,0.00414992
68,0.01999099
69,0.00192449
70,0.00205635
71,0.02433411
72,0.00070996
73,0.00110153
74,0.00419423
75,0.00525344
76,0.00126649
77,0.00359359
78,0.01647914
79,0.00121772
80,0.00096287
81,0.00083465
82,0.00064552
83,0.00159933
84,0.00209467
85,0.00327211
86,0.00245370
87,0.00390302
88,0.00164992
89,0.00080890
90,0.00186090
91,0.00157869
92,0.00867488
93,0.00124560
94,0.00112520
95,0.00256546
96,0.00285716
97,0.00633135
98,0.00138580
99,0.00477499
100,0.00368647
101,0.00098945
102,0.00099795
103,0.00223310
104,0.00081660
105,0.00182078
106,0.00070556
107,0.00245217
108,0.00238545
109,0.63903099
110,0.00073210
111,0.00112663
112,0.00242066
113,0.00395200
114,0.00516343
115,0.00143346
116,0.01651011
117,0.00951511
118,0.00647600
119,0.00178679
120,0.00573658
121,0.00142904
122,0.00426890
123,0.05602661
124,0.00106235
125,0.00075495
126,0.00121588
127,0.00104441
128,0.00448659
129,0.01298508
130,0.00335137
131,0.83850253
132,0.00212385
133,0.00351041
134,0.00158978
135,0.00264870
136,0.00274333
137,0.00205684
138,0.00188474
139,0.00532862
140,0.00118680
141,0.02538484
142,0.00139027
143,0.00319097
144,0.00119611
145,0.00095262
146,0.00130964
147,0.00125543
148,0.00320933
149,0.00206305
150,0.00142320
151,0.00061008
152,0.00287905
153,0.00171416
154,0.00117980
155,0.00076968
156,0.00250859
157,0.00141160
158,0.00214035
159,0.00126142
160,0.00223035
161,0.00399991
162,0.00063663
163,0.00073550
164,0.00394440
165,0.00245103
166,0.00365101
167,0.00191738
168,0.00110405
169,0.00179412
170,0.00309908
171,0.00075411
172,0.00087050
173,0.00225312
174,0.00079304
175,0.01223305
176,0.01009715
177,0.00479292
178,0.00377095
179,0.00286388
180,0.00130272
181,0.00475796
182,0.00157856
183,0.00138390
184,0.00256648
185,0.00162173
186,0.00141026
187,0.00139388
188,0.00081667
189,0.00104926
190,0.00169781
191,0.00121709
192,0.00331352
193,0.00085005
194,0.00230307
195,0.00091189
196,0.00061156
197,0.00076262
198,0.02505021
199,0.00108628
200,0.00110272
201,0.00056396
202,0.00099177
203,0.00316264
204,0.00411678
205,0.00207589
206,0.00337501
207,0.00278942
208,0.00049715
209,0.00462676
210,0.01492623
211,0.00089889
212,0.00227287
213,0.00176543
214,0.00257017
215,1.38328730
216,0.00292843
217,0.00211841
218,0.00072958
219,0.01478990
220,0.14761799
221,0.00070721
222,0.00065802
223,0.00491211
224,0.00120206
225,0.00098543
226,0.00041691
227,0.00152460
228,0.00085493
229,0.00339271
230,0.00411935
231,0.00420879
232,0.00119555
233,0.00151041
234,0.00083241
235,0.00276400
236,0.00218034
237,0.00092586
238,0.00055639
239,0.00200235
240,0.00205748
241,0.00106386
242,0.00230414
243,0.02412892
244,0.00128602
245,0.00088438
246,0.00141152
247,0.00096368
248,0.00107386
249,0.00080973
250,0.02137847
251,0.00097817
252,0.01093454
253,0.00132949
254,0.00111098
255,0.00247602
256,0.00196420
257,0.00128758
258,0.00092827
259,0.00159837
260,0.00175675
261,0.00132547
262,0.00272134
263,0.00207975
264,0.00090042
265,0.00084238
266,0.00217049
267,0.00386907
268,0.00142374
269,0.00067238
270,0.89688782
271,0.00099737
272,0.00110343
273,0.01329670
274,0.00152059
275,0.00392852
276,0.01257739
277,0.00707421
278,0.00170573
279,0.70985191
280,0.00120321
281,0.00291485
282,0.00288181
283,0.00382365
284,0.00413047
285,0.00206030
286,0.00082547
287,0.00089763
288,0.00390725
289,0.00201953
290,0.00383313
291,0.00130569
292,0.00347297
293,0.00071896
294,0.00120974
295,0.00308055
296,0.00284571
297,0.00121766
298,0.00107517
299,0.00105996
300,0.00169587
301,0.00300369
302,0.00061628
303,0.00078860
304,0.00223103
305,0.00422970
306,0.00284020
307,0.00266216
308,0.00293046
309,0.00199430
310,0.00224285
311,0.00105856
312,0.00328538
313,0.00162257
314,0.19739772
315,0.00082095
316,0.00061836
317,0.00484627
318,0.00170037
319,0.00323270
320,0.01334571
321,0.00073242
322,0.00337503
323,0.00423071
324,0.00317679
325,0.00181742
326,0.00421692
327,0.00444432
328,0.00791882
329,0.02010429
330,0.00163425
331,0.00419001
332,0.02875887
333,0.00077642
334,0.00194399
335,0.00149014
336,0.00274179
337,0.00427525
338,0.00074684
339,0.00374918
340,0.00170359
341,0.00861429
342,0.00108671
343,0.00070244
344,0.65582532
345,0.00925695
346,0.00174554
347,0.00106852
348,0.02628894
349,0.00489855
350,0.00329510
351,0.00229913
352,0.00075883
353,0.00086413
354,0.00370459
355,0.00114804
356,0.00200015
357,0.00362972
358,0.00401850
359,0.00221896
360,0.00373149
361,0.00071525
362,0.00249568
363,0.01260307
364,0.00154107
365,0.00204568
366,1.42774187
367,0.00092223
368,0.00102905
369,0.00372080
370,0.00207185
371,0.00158423
372,0.00085287
373,0.00249827
374,0.00086973
375,0.01734407
376,0.00118957
377,0.00472343
378,0.00101905
379,0.00171528
380,0.40971701
381,0.00109592
382,0.00141043
383,0.00261405
384,0.00231358
385,0.00773207
386,0.00385745
387,0.03385019
388,0.01407042
389,0.00178126
390,0.00128853
391,0.00114992
392,0.00432958
393,0.00217723
394,0.00499598
395,0.01156036
396,0.02060593
397,0.00077431
398,0.00136300
399,0.00076874
400,0.00026002
401,0.00149802
402,0.01872159
403,0.00288533
404,0.00156022
405,0.00378068
406,0.00085681
407,0.00358612
408,0.00384399
409,0.00379475
410,0.00171642
411,0.00073516
412,0.00092305
413,0.00119888
414,0.00495910
415,0.00277117
416,0.00090186
417,0.00168159
418,0.00247633
419,0.00238651
420,0.00158853
421,0.00006230
422,0.00204837
423,0.00074236
424,0.00477623
425,0.00121871
426,0.00403664
427,0.00084310
428,0.01344747
429,0.00452570
430,0.00197163
431,0.00313477
432,0.00213334
433,0.00106134
434,0.01759895
435,0.00222469
436,0.00447139
437,0.00413975
438,0.00149866
439,0.00758664
440,0.00152671
441,0.00814399
442,0.00220498
443,0.00167123
444,0.00141120
445,0.00412087
446,0.01536496
447,0.00111751
448,0.00074475
449,0.00289951
450,0.00404763
451,0.00338770
452,0.00091894
453,0.02513974
454,0.00129362
455,0.00319450
456,0.00209223
457,0.00126223
458,0.00472842
459,0.00071019
460,0.00083920
461,0.00102075
462,0.00046169
463,0.00259526
464,0.00107760
465,0.00215344
466,0.01268225
467,0.00188260
468,0.00395420
469,0.00520119
470,0.00190456
471,0.00271204
472,0.00384701
473,0.00212028
474,0.32694102
475,0.00198080
476,0.00206132
477,0.00424621
478,0.01175336
479,0.00269325
480,0.00068934
481,0.00058015
482,0.00252504
483,0.00269995
484,0.00143125
485,0.00178592
486,0.00786006
487,0.00200627
488,0.00098131
489,0.00194942
490,0.00284306
491,0.00161086
492,0.00090507
493,0.00154397
494,0.00106279
495,0.00261576
496,0.00443351
497,0.00248966
498,0.00342147
499,0.01770887
500,0.00254995
501,0.00095693
502,0.00177435
503,0.01406047
504,0.00088448
505,0.00096705
506,0.01562946
507,0.00089753
508,0.00271023
509,0.00079211
510,0.00217400
511,0.00174320
512,0.00101001
513,0.00269316
514,0.00073371
515,0.00382611
516,0.01577367
517,0.00172284
518,0.00237353
519,0.02902989
520,0.00362943
521,0.00120487
522,0.00086366
523,0.00111015
524,0.00080694
525,0.00087619
526,0.00201991
527,0.00292063
528,0.00103173
529,0.00189077
530,0.00129735
531,0.00100593
532,0.00275106
533,0.00300426
534,0.02564484
535,0.00192223
536,0.00115084
537,0.00413701
538,0.00208446
539,0.00082641
540,0.00350448
541,0.00183176
542,0.00086931
543,0.00399292
544,0.00399117
545,0.00352425
546,0.00212161
547,0.01531949
548,0.00196573
549,0.00432051
550,0.00219186
551,0.00037599
552,0.00159719
553,0.00078521
554,0.00106916
555,0.00601134
556,0.00371188
557,0.00375441
558,0.00086391
559,0.00100211
560,0.00234741
561,0.00168487
562,0.00177840
563,0.00218002
564,0.02729200
565,0.00077204
566,0.00179099
567,0.00260249
568,0.00117644
569,0.00139088
570,0.00093550
571,0.00397147
572,0.00686606
573,0.00118176
574,0.01491413
575,0.00159578
576,0.00110723
577,0.00322598
578,0.00167446
579,0.00392775
580,0.00114657
581,0.00107649
582,0.00723137
583,0.00115860
584,0.00263197
585,0.00691886
586,0.00196000
587,0.00137825
588,0.00085297
589,0.00176494
590,0.00466931
591,0.00412734
592,0.00080626
593,0.00077259
594,0.00249844
595,0.00131461
596,0.00247295
597,0.00436684
598,0.00089873
599,0.00198185
600,0.00379546
601,0.00069936
602,0.07060659
603,0.00085605
604,0.00202899
605,0.00643799
606,0.02802144
607,0.01294069
608,0.00519627
609,0.00137177
610,0.00211668
611,0.00407621
612,0.00081316
613,0.00152682
614,0.00108399
615,0.00106958
616,0.00095080
617,0.00868601
618,0.00169001
619,0.00313406
620,0.00387622
621,0.00383643
622,0.00300462
623,0.00127478
624,0.00092952
625,0.02609535
626,0.00105105
627,0.00115487
628,0.00079556
629,0.00104088
630,0.00136055
631,0.00262517
632,0.00112141
633,0.00096354
634,0.00057444
635,0.00061409
636,0.00155897
637,0.01314638
638,0.00311107
639,0.00376031
640,0.00148024
641,0.00093345
642,0.00101234
643,0.00110151
644,0.00255989
645,1.47836136
646,0.01253783
647,0.00460910
648,0.00083600
649,0.00106355
650,0.00072695
651,0.00130858
652,0.00355945
653,0.00082805
654,0.00110450
655,0.00115060
656,0.00202651
657,0.00198393
658,0.00146005
659,0.00217068
660,0.00692571
661,0.00140670
662,0.00319357
663,0.00094051
664,0.00064209
665,0.00066982
666,0.00125024
667,1.02972240
668,0.00362429
669,0.10514063
670,0.00520503
671,0.00121538
672,0.07404750
673,0.00250856
674,0.00112181
675,0.00526402
676,0.00077835
677,0.00215709
678,0.00434745
679,0.00097156
680,0.00409570
681,0.00160726
682,0.00076973
683,0.00398274
684,0.00610977
685,0.00832029
686,0.00219453
687,0.00464708
688,0.00107232
689,0.00077003
690,0.00064782
691,0.00212740
692,0.00495488
693,0.00205290
694,0.59021294
695,0.02513873
696,0.01075786
697,0.02677701
698,0.00099979
699,0.00074424
700,0.00124408
701,0.00169252
702,0.00070868
703,0.00137294
704,0.00082904
705,0.00446703
706,0.00839221
707,0.65602409
708,0.10019611
709,0.00091105
710,0.00327586
711,0.00116658
712,0.00105770
713,0.00158244
714,0.00091969
715,0.00224603
716,0.00309683
717,0.00320757
718,0.00147357
719,0.01870807
720,0.00134464
721,0.00247244
722,0.00187792
723,0.64431312
724,0.00131719
725,0.00236848
726,0.00091005
727,0.00527891
728,0.00122410
729,0.00144573
730,0.00171694
731,0.00294012
732,0.00114306
733,0.00285805
734,0.00171207
735,0.00196741
736,0.00048184
737,0.00079866
738,0.00121057
739,0.00328073
740,0.00092964
741,0.00905250
742,0.00285056
743,0.00078921
744,0.00275408
745,0.00266676
746,0.01771288
747,0.00408443
748,0.07991946
749,0.00473784
750,0.00852106
751,0.01107584
752,0.02683861
753,0.00085125
754,0.00089630
755,0.00295636
756,0.00248742
757,0.00129664
758,0.72725970
759,0.01760247
760,0.00141302
761,0.00397416
762,0.00112400
763,0.00050838
764,0.00367633
765,0.00413934
766,0.01397517
767,0.00090675
768,0.00077647
769,0.00425707
770,0.00318729
771,0.00125985
772,0.00420886
773,0.01525509
774,0.00250986
775,0.00120927
776,0.00436134
777,0.00063862
778,0.00211483
779,0.02895739
780,0.00467182
781,0.00041367
782,0.00255233
783,0.00304765
784,0.00087942
785,0.00028658
786,1.01135325
787,0.01890928
788,0.00102108
789,0.01267470
790,0.00042179
791,0.02299005
792,0.00104574
793,0.00110643
794,0.00306383
795,0.00113716
796,0.00681520
797,0.00114819
798,0.00066429
799,0.00271341
800,0.00201202
801,0.00101265
802,0.00756246
803,0.00114484
804,0.00560761
805,0.00055004
806,0.00803838
807,0.00221446
808,0.00104720
809,0.00236707
810,0.00250831
811,0.00442082
812,0.00196270
813,0.00204911
814,0.00464668
815,0.00135634
816,0.00469892
817,0.00239049
818,0.00102408
819,0.00124675
820,0.00160916
821,0.00330281
822,0.00140621
823,0.00133915
824,0.00229264
825,0.00169812
826,0.00675724
827,0.00207839
828,0.01296394
829,0.00110018
830,0.00047491
831,0.00092202
832,0.00126694
833,0.00533744
834,0.00158520
835,0.01964730
836,0.00088618
837,0.00232909
838,0.00084655
839,0.00407186
840,0.00977243
841,0.00295251
842,0.00131243
843,0.00426031
844,0.00161592
845,0.00101537
846,0.02381762
847,0.00234169
848,0.00102227
849,0.00059289
850,0.00158127
851,0.00316945
852,0.00163266
853,0.00198787
854,0.00417873
855,0.00127512
856,0.00073509
857,0.00196603
858,0.00468167
859,0.00090587
860,0.00728726
861,0.00350091
862,0.00300782
863,0.00086707
864,0.00061245
865,0.00199951
866,0.00082559
867,0.00113926
868,0.00142771
869,0.00126034
870,0.00842151
871,0.00101250
872,0.00131704
873,0.00218245
874,0.00224289
875,0.00206563
876,0.00132901
877,0.00395036
878,0.01416554
879,0.06016571
880,0.00090117
881,0.00129990
882,0.00350750
883,0.00233135
884,0.00165135
885,0.00277842
886,0.01011935
887,0.00131035
888,0.00096749
889,0.00101225
890,0.00114438
891,0.00324969
892,0.00125159
893,0.00424396
894,0.00095932
895,0.00108556
896,0.00096993
897,0.00219282
898,0.00102400
899,0.00070146
900,0.00161407
901,0.00135519
902,0.00381091
903,0.00316385
904,0.00086061
905,0.00462730
906,0.00354057
907,0.00073905
908,0.00610772
909,0.00241664
910,0.00300311
911,0.00236210
912,0.00201592
913,0.00081944
914,0.00061465
915,0.00123670
916,0.00453186
917,0.00151699
918,0.00117896
919,0.00080825
920,0.02099310
921,0.00162856
922,0.00176070
923,0.00580603
924,0.01895354
925,0.00142470
926,0.00073224
927,0.00587837
928,0.00135585
929,0.00253530
930,0.00072209
931,0.00256183
932,0.00290634
933,0.00080030
934,0.00407689
935,0.00276993
936,0.00144652
937,0.00250072
938,0.00126607
939,0.00059149
940,0.00078667
941,0.01870215
942,0.00060190
943,0.01331576
944,0.00139657
945,0.00164652
946,0.00556615
947,0.00855908
948,0.00081752
949,0.00213995
950,0.00429418
951,0.00680769
952,0.00169101
953,0.00259239
954,0.00330480
955,0.00197713
956,0.00196895
957,0.00134113
958,0.00174580
959,0.00259994
960,0.00069043
961,0.00104703
962,0.00153951
963,0.00146316
964,0.00169637
965,0.01633000
966,0.00105864
967,0.00410347
968,0.00026031
969,0.00087784
970,0.00085356
971,0.00893770
972,0.00387423
973,0.00157087
974,0.00369960
975,0.02813487
976,0.00251606
977,0.00108953
978,0.00081655
979,0.00116567
980,0.00428046
981,0.00065409
982,0.00052271
983,0.01303486
984,0.00228648
985,0.00113206
986,0.00314299
987,0.01430098
988,0.00146310
989,0.00112176
990,0.00175900
991,0.00102254
992,0.01461539
993,0.02573982
994,0.00326313
995,0.00387766
996,0.00090180
997,0.00235353
998,0.01288887
999,0.00166284
1000,0.01796726
1001,0.00379189
1002,0.00356204
1003,0.00165438
1004,0.00114441
1005,0.00211451
1006,0.00099318
1007,0.00263405
1008,0.00026006
1009,0.00228757
1010,0.00382733
1011,0.00271584
1012,0.00496642
1013,0.00126551
1014,1.32997236
1015,0.00077645
1016,0.00104480
1017,0.00074032
1018,0.00489802
1019,0.00394177
1020,0.00205323
1021,0.84621563
1022,0.00239234
1023,0.01095954
1024,0.00506056
1025,0.00090221
1026,0.00343079
1027,2.05942492
1028,0.00203760
1029,0.00077818
1030,0.00110043
1031,0.00221704
1032,0.00076866
1033,0.00151278
1034,0.00414863
1035,0.00157483
1036,0.00108070
1037,0.00081687
1038,0.00554685
1039,0.01727161
1040,0.00015400
1041,0.00073946
1042,1.40621519
1043,0.00537305
1044,0.00153122
1045,0.00343752
1046,0.00452530
1047,0.00214853
1048,0.00198299
1049,0.00145869
1050,0.00168312
1051,0.00617881
1052,0.00201289
1053,0.00106715
1054,0.00413446
1055,0.00111280
1056,0.00097320
1057,0.00193469
1058,0.00161997
1059,0.00214199
1060,0.00458636
1061,0.01911823
1062,0.00106005
1063,0.00424011
1064,0.00073842
1065,0.00077830
1066,0.01204444
1067,0.00188615
1068,0.01294183
1069,0.00075951
1070,0.00247790
1071,0.00136327
1072,0.00110933
1073,0.00244991
1074,0.00193962
1075,0.00268622
1076,0.00068839
1077,0.00548033
1078,0.00181845
1079,0.00208800
1080,0.00063492
1081,0.00065891
1082,0.00165780
1083,0.00070067
1084,0.00142068
1085,0.00055448
1086,0.00299602
1087,0.00156563
1088,0.00064126
1089,0.00127199
1090,0.00111552
1091,0.00285503
1092,0.01187937
1093,0.00368242
1094,0.00063743
1095,0.00188879
1096,0.00340429
1097,0.00107839
1098,0.00201499
1099,0.00126008
1100,0.00364402
1101,0.00230724
1102,0.00174083
1103,0.00176247
1104,1.00075557
1105,0.00086230
1106,0.00146364
1107,0.00070485
1108,0.00026391
1109,0.00645328
1110,0.00121854
1111,0.00720671
1112,0.01869503
1113,0.00242646
1114,0.00079526
1115,0.02487962
1116,0.00454766
1117,0.00245972
1118,0.00087443
1119,0.00100700
1120,0.00240360
1121,0.00102552
1122,0.00122398
1123,0.00339112
1124,0.00027675
1125,0.00363664
1126,0.00422804
1127,0.00113990
1128,0.00124088
1129,0.00372391
1130,0.00136563
1131,0.00320044
1132,0.00181993
1133,0.00121957
1134,0.00243316
1135,0.74304586
1136,0.00098213
1137,0.00202892
1138,0.00426637
1139,0.00633964
1140,0.00447669
1141,0.00053220
1142,0.01348776
1143,0.00251933
1144,0.00091692
1145,0.01279207
1146,0.00055420
1147,0.00086451
1148,0.00221585
1149,1.05942392
1150,0.00171917
1151,0.00056289
1152,0.00111429
1153,0.00147964
1154,0.00334246
1155,0.90472084
1156,0.00715248
1157,0.44824317
1158,0.00243989
1159,0.00213526
1160,0.00138082
1161,0.00099846
1162,1.44713181
1163,0.02548648
1164,0.00211310
1165,0.00452834
1166,0.00147072
1167,0.01444896
1168,0.08509710
1169,0.00072935
1170,0.00440044
1171,0.00152401
1172,0.00879302
1173,0.00456431
1174,0.00144835
1175,0.00129225
1176,0.00091605
1177,0.00716259
1178,0.01401448
1179,0.00147345
1180,0.00248564
1181,0.00470649
1182,0.00931756
1183,0.01482297
1184,0.00139191
1185,0.00122733
1186,0.00639486
1187,0.00070582
1188,0.00207403
1189,0.01320947
1190,0.00134563
1191,0.00411430
1192,0.00093882
1193,0.00096523
1194,0.00482292
1195,0.01263432
1196,0.00206747
1197,0.00094582
1198,0.00192748
1199,0.00108559
1200,0.00131806
1201,0.00157316
1202,0.00406308
1203,0.00125151
1204,0.00294112
1205,0.02251877
1206,0.00146622
1207,0.00104586
1208,0.00146559
1209,0.00116324
1210,0.00742400
1211,0.00250685
1212,0.00090239
1213,0.00151026
1214,0.00348060
1215,0.00198553
1216,0.00413387
1217,0.00475042
1218,0.00511861
1219,0.00082452
1220,0.00798498
1221,0.00268267
1222,0.00269248
1223,0.00726514
1224,0.00088365
1225,0.00084335
1226,0.00149806
1227,0.00064231
1228,0.00088112
1229,0.00244409
1230,0.00122620
1231,0.00133783
1232,0.00194679
1233,0.00186487
1234,0.00119146
1235,0.00080074
1236,0.00059061
1237,0.00330219
1238,0.00111691
1239,0.01276683
1240,0.00081230
1241,0.01130983
1242,0.00178595
1243,0.00288228
1244,0.00209573
1245,0.00195546
1246,0.00831165
1247,0.00243873
1248,0.01480980
1249,0.00311954
1250,0.00249626
1251,0.00670833
1252,0.00360963
1253,0.01848616
1254,0.00123964
1255,0.00410955
1256,0.00228470
1257,0.00124265
1258,0.00503232
1259,0.00101767
1260,0.00628458
1261,0.00311020
1262,0.00129197
1263,0.00152023
1264,0.00205760
1265,0.00118498
1266,0.01152417
1267,0.00144118
1268,0.00110710
1269,0.00151679
1270,0.00369197
1271,0.00384463
1272,0.00119975
1273,0.00088473
1274,0.00444534
1275,0.00158012
1276,0.00265030
1277,0.00408442
1278,0.00126608
1279,0.00176333
1280,0.00122574
1281,0.00098720
1282,0.00292771
1283,0.00086138
1284,0.00132672
1285,0.01527718
1286,0.00182609
1287,0.00123453
1288,0.00270736
1289,0.00200246
1290,0.02790951
1291,0.00161085
1292,0.00564624
1293,0.00214643
1294,0.00239428
1295,0.00706852
1296,0.00352222
1297,0.00091283
1298,0.00171230
1299,0.00126465
1300,0.00074022
1301,0.00141765
1302,0.00109266
1303,0.00099740
1304,0.00072612
1305,0.00110882
1306,0.00048907
1307,0.00400346
1308,0.01347889
1309,0.01591656
1310,0.00086129
1311,0.01410774
1312,0.00550326
1313,0.00091279
1314,0.00206512
1315,0.00078328
1316,0.00187059
1317,0.00148390
1318,0.00078706
1319,0.00459629
1320,0.01568515
1321,0.00317202
1322,0.00448200
1323,0.00069597
1324,0.00178799
1325,0.00052616
1326,0.00106429
1327,0.99551979
1328,0.00197734
1329,0.00434019
1330,0.00189684
1331,0.00141900
1332,0.00070991
1333,0.00403116
1334,0.00051243
1335,0.00843215
1336,0.00418632
1337,0.00749172
1338,0.00107883
1339,0.00328466
1340,0.00257605
1341,0.00329924
1342,0.01539953
1343,0.00203915
1344,0.00128554
1345,0.00195896
1346,0.00424990
1347,0.00540346
1348,0.00135614
1349,0.00131404
1350,0.00148950
1351,0.00130118
1352,0.00104684
1353,0.00150260
1354,0.00318403
1355,0.00587913
1356,0.00453768
1357,0.00147044
1358,0.00415908
1359,0.00180670
1360,0.00115108
1361,0.00188701
1362,2.00926854
1363,0.01301113
1364,0.00062808
1365,0.00160517
1366,0.00088649
1367,0.00223171
1368,0.00085835
1369,0.00240920
1370,0.00065989
1371,0.00209982
1372,0.00051120
1373,0.01173057
1374,0.00703478
1375,0.00450180
1376,0.00243437
1377,0.00126542
1378,0.00210777
1379,0.01738810
1380,0.00119290
1381,0.00243098
1382,0.00091835
1383,0.00202156
1384,0.00213637
1385,0.00070029
1386,0.00083822
1387,0.00155545
1388,0.00085843
1389,0.00298407
1390,0.00408766
1391,0.01469413
1392,0.01732235
1393,0.00142059
1394,0.00171526
1395,0.00501326
1396,0.00089565
1397,0.00072340
1398,0.00231314
1399,0.00215327
1400,0.00093077
1401,0.00093524
1402,0.00269145
1403,0.00225150
1404,0.00425732
1405,0.00369345
1406,0.00092905
1407,0.00271510
1408,0.00246141
1409,0.00263797
1410,0.00051757
1411,0.00093505
1412,0.00120042
1413,0.00116685
1414,0.00151378
1415,0.00086860
1416,0.00951172
1417,0.00429948
1418,0.00465709
1419,0.00099788
1420,0.00196394
1421,0.00180077
1422,0.00424136
1423,0.00164998
1424,0.00161388
1425,0.00125559
1426,0.00365322
1427,0.00088647
1428,0.00062224
1429,0.00174965
1430,0.00171757
1431,0.00160472
1432,0.00102040
1433,0.00717086
1434,0.01273769
1435,0.00585988
1436,0.00112041
1437,0.00617935
1438,0.00371555
1439,0.00278534
1440,0.00080306
1441,0.00391781
1442,0.01224566
1443,0.00305493
1444,0.00196145
1445,0.00059965
1446,0.00223470
1447,0.00308103
1448,0.00078675
1449,0.00061144
1450,0.00103753
1451,0.00091834
1452,0.00058289
1453,0.00136613
1454,0.00035456
1455,0.00082798
1456,0.00062259
1457,0.00173499
1458,0.00081622
1459,0.00379931
1460,0.00086993
1461,0.00150965
1462,0.00081618
1463,0.27074088
1464,0.00257108
1465,0.00366404
1466,0.01236252
1467,0.00327506
1468,0.00228159
1469,0.01336401
1470,0.00347994
1471,0.01006286
1472,0.00056042
1473,0.00053405
1474,0.00120715
1475,0.00462219
1476,0.00091075
1477,0.00113238
1478,0.00081407
1479,0.00149915
1480,0.00270361
1481,0.00081368
1482,0.00436343
1483,0.00200244
1484,0.00263364
1485,0.01509289
1486,0.00068672
1487,0.00074041
1488,0.00381314
1489,0.00296701
1490,0.00838123
1491,0.00161611
1492,0.00085434
1493,0.00203282
1494,0.00240997
1495,0.00239833
1496,0.00084885
1497,0.00246701
1498,0.00315444
1499,0.31496708
1500,0.00074492
1501,0.00543332
1502,0.00292432
1503,0.00064748
1504,0.00895432
1505,0.01640829
1506,2.07518871
1507,0.00070962
1508,0.00138195
1509,0.00111059
1510,0.00090856
1511,0.00850651
1512,0.00300062
1513,0.00225552
1514,0.00096420
1515,0.00059808
1516,0.00167460
1517,0.00082431
1518,0.00242117
1519,0.00202240
1520,0.00108153
1521,0.00159517
1522,0.00070326
1523,0.00091306
1524,0.00079585
1525,0.00485439
1526,0.00184863
1527,0.00074342
1528,0.00151581
1529,0.00079429
1530,0.00203903
1531,0.00142702
1532,0.00123787
1533,0.00157987
1534,0.00367990
1535,0.00550448
1536,0.00428211
1537,0.00373696
1538,0.82552723
1539,0.00430263
1540,0.02361671
1541,0.00383844
1542,0.00106536
1543,0.00205724
1544,0.00110936
1545,0.00252547
1546,0.00207108
1547,0.00068707
1548,0.00295381
1549,0.00040676
1550,0.00486728
1551,0.00612191
1552,0.00079456
1553,0.00099186
1554,0.00058992
1555,0.00321220
1556,0.00550880
1557,0.00104353
1558,0.00072690
1559,0.00152078
1560,0.00104162
1561,0.00227432
1562,0.00137620
1563,0.00259785
1564,0.00094798
1565,0.00578346
1566,0.00660848
1567,0.00158959
1568,0.00198632
1569,0.00131618
1570,0.00233902
1571,0.00144520
1572,0.00285065
1573,0.00473821
1574,0.00316506
1575,0.00090533
1576,0.00228334
1577,0.00113352
1578,0.00244393
1579,0.00634013
1580,0.00099478
1581,0.00086622
1582,0.00392906
1583,0.00558988
1584,0.00060734
1585,0.00101217
1586,0.37233835
1587,0.00150804
1588,0.00157589
1589,0.00091499
1590,0.00874686
1591,0.01203570
1592,0.02566435
1593,0.00090730
1594,0.00270960
1595,0.00088645
1596,0.00201488
1597,0.00102221
1598,0.00108055
1599,0.00150182
1600,0.00141040
1601,0.00179045
1602,0.00121336
1603,0.00184487
1604,0.00113433
1605,0.00498479
1606,0.00168446
1607,0.00149180
1608,0.00594762
1609,0.00147169
1610,0.00077818
1611,0.01586571
1612,0.00069548
1613,0.00364527
1614,0.00151674
1615,0.00393165
1616,0.00226323
1617,0.00071847
1618,0.00432639
1619,0.00147624
1620,0.01520311
1621,0.00000855
1622,0.00114638
1623,0.00107576
1624,0.00139728
1625,0.00882846
1626,0.00133120
1627,0.00519112
1628,0.00174112
1629,0.20137629
1630,0.00071975
1631,0.00162050
1632,0.00222070
1633,0.00118980
1634,0.00186395
1635,0.00141397
1636,0.00090801
1637,0.00453790
1638,0.00167739
1639,0.00254763
1640,0.00165571
1641,0.00440066
1642,0.00255115
1643,0.00084330
1644,0.00123543
1645,0.00201782
1646,0.00191394
1647,0.00096424
1648,0.00341278
1649,0.00315744
1650,0.00238639
1651,0.01003342
1652,0.01067244
1653,0.00165143
1654,0.00510296
1655,0.00081866
1656,0.00185344
1657,0.00568216
1658,0.00093603
1659,0.00110293
1660,0.00231609
1661,0.00333732
1662,0.00147771
1663,0.00044540
1664,0.00173107
1665,0.00074891
1666,0.00081670
1667,0.00270725
1668,0.00337094
1669,0.00289770
1670,0.00172458
1671,0.00140901
1672,0.00085571
1673,0.13376609
1674,0.00237874
1675,0.00063847
1676,0.00232370
1677,0.00102217
1678,0.00122757
1679,0.00153897
1680,0.00312240
1681,0.00195951
1682,0.00661390
1683,0.00204147
1684,0.00404623
1685,0.00161865
1686,0.00111189
1687,0.00159629
1688,0.98186916
1689,0.48033738
1690,0.00484005
1691,0.00226347
1692,0.00358928
1693,0.00127828
1694,0.00134351
1695,0.00267665
1696,0.00322477
1697,0.00078202
1698,0.01357221
1699,0.00161224
1700,0.00315058
1701,0.00334334
1702,0.00166048
1703,0.01180729
1704,0.00221841
1705,0.00292719
1706,0.00744227
1707,0.02698260
1708,0.00138426
1709,0.00390285
1710,0.00173029
1711,0.00429604
1712,0.00136159
1713,0.01196590
1714,0.00221589
1715,0.00343948
1716,0.00386208
1717,0.00089571
1718,0.00364454
1719,0.00463375
1720,0.00123129
1721,0.00396055
1722,0.01943878
1723,0.00072786
1724,0.02413764
1725,0.00418430
1726,0.00052116
1727,0.00383247
1728,0.00186695
1729,0.00236473
1730,0.00128004
1731,0.00285038
1732,0.60753120
1733,0.00288762
1734,0.00073251
1735,0.00283831
1736,0.00127664
1737,0.00150017
1738,0.00147801
1739,0.00415332
1740,0.00122639
1741,0.00081135
1742,0.00379694
1743,0.00107754
1744,0.00150492
1745,0.00109907
1746,0.00102225
1747,0.00585667
1748,0.00123916
1749,0.00346885
1750,0.41102804
1751,0.00052864
1752,0.00215719
1753,0.00058854
1754,0.00245029
1755,0.01351253
1756,0.00101242
1757,0.00361016
1758,0.00113325
1759,0.00788071
1760,0.00206416
1761,0.00252103
1762,0.00093153
1763,0.00087975
1764,0.00061592
1765,0.00157942
1766,0.00163961
1767,0.00104603
1768,0.00111957
1769,0.00605953
1770,0.00108764
1771,0.01287870
1772,0.00621167
1773,0.00203580
1774,0.00081366
1775,0.00114093
1776,0.00172686
1777,0.00406770
1778,0.00274126
1779,0.00231498
1780,0.00059191
1781,0.01443107
1782,0.00852088
1783,0.00222670
1784,0.00253712
1785,0.00076771
1786,0.00157098
1787,0.00134972
1788,0.00184671
1789,0.01679982
1790,0.00394781
1791,0.00648865
1792,0.00072037
1793,0.00107223
1794,0.00089831
1795,1.08630183
1796,0.43053237
1797,0.00273146
1798,0.00445428
1799,0.00155286
1800,0.00066514
1801,0.00246536
1802,0.00083245
1803,0.00754805
1804,0.00065904
1805,0.12959246
1806,0.00215260
1807,0.00002229
1808,0.00089408
1809,0.01461404
1810,0.00577317
1811,0.00133413
1812,0.00075407
1813,0.00726023
1814,0.00100878
1815,0.00089292
1816,0.00107542
1817,0.00219712
1818,0.00130955
1819,0.00071324
1820,0.01356735
1821,0.00261004
1822,0.00053878
1823,0.00255781
1824,0.00340355
1825,0.00326757
1826,0.00130652
1827,0.00426267
1828,0.00281525
1829,0.00217118
1830,0.00124223
1831,0.00322634
1832,0.00186822
1833,0.00316145
1834,0.00308826
1835,0.00143139
1836,0.00088689
1837,0.00281231
1838,0.00391120
1839,0.00316742
1840,0.00651273
1841,0.00472885
1842,0.00000002
1843,0.02738308
1844,0.00054575
1845,0.00112815
1846,0.00300052
1847,0.00290586
1848,0.00247052
1849,0.02788565
1850,0.00095738
1851,0.00755801
1852,0.00364235
1853,0.00075833
1854,0.00096445
1855,0.00346131
1856,0.00146189
1857,0.00402209
1858,0.00069054
1859,0.00112335
1860,0.00825474
1861,0.00314126
1862,0.00939530
1863,0.00132809
1864,0.00203791
1865,0.00359563
1866,0.00074638
1867,0.00098271
1868,0.00078320
1869,0.01225504
1870,0.00215459
1871,0.00115923
1872,0.00134036
1873,0.00073824
1874,0.00111121
1875,0.00187159
1876,0.00128200
1877,0.00087255
1878,1.42724733
1879,0.00094375
1880,0.00274624
1881,0.00065043
1882,0.00132675
1883,0.00131100
1884,0.00077881
1885,0.00057162
1886,0.00110017
1887,0.00079298
1888,0.00123543
1889,0.00596085
1890,0.00325647
1891,0.00088266
1892,0.00112242
1893,0.01435243
1894,0.00088867
1895,0.00180606
1896,0.00291573
1897,0.00206124
1898,0.00086742
1899,0.00203306
1900,0.00117893
1901,0.00210428
1902,0.00060516
1903,0.00093653
1904,0.00460854
1905,0.00299769
1906,0.00229482
1907,0.00161018
1908,0.00416935
1909,0.00097172
1910,0.00074945
1911,0.00125434
1912,0.01108250
1913,0.01310408
1914,0.00283760
1915,0.00281728
1916,0.00223394
1917,0.00129278
1918,0.00590266
1919,0.00127431
1920,0.00116303
1921,0.00080395
1922,0.00367589
1923,0.00813259
1924,0.00222458
1925,0.00180635
1926,0.00160152
1927,0.00138629
1928,0.01502568
1929,0.00102745
1930,0.00090500
1931,0.00083847
1932,0.00108795
1933,0.00071966
1934,0.01390440
1935,0.00685550
1936,0.00060247
1937,0.00333426
1938,0.00923226
1939,0.00124426
1940,0.00417800
1941,0.00412410
1942,0.00152188
1943,0.00219159
1944,0.00329574
1945,0.00299121
1946,0.00325847
1947,0.00077740
1948,0.00089690
1949,0.00107411
1950,0.00138979
1951,0.00008981
1952,0.00150610
1953,0.00103821
1954,1.67596575
1955,0.00695465
1956,0.00194401
1957,0.00242136
1958,0.00328753
1959,0.00079335
1960,0.01257865
1961,0.00452057
1962,0.00075770
1963,0.00325405
1964,0.04048877
1965,0.00059572
1966,0.00081773
1967,0.00376262
1968,0.00113179
1969,0.00098763
1970,0.02435312
1971,0.00192020
1972,0.00121814
1973,0.00181047
1974,0.00111443
1975,0.00090767
1976,0.00093842
1977,0.00110164
1978,0.00100191
1979,0.00217952
1980,0.00174493
1981,0.00236382
1982,0.00141848
1983,0.00144038
1984,0.01424577
1985,0.00062885
1986,0.00075545
1987,0.00068130
1988,0.00410618
1989,0.00118696
1990,0.01854460
1991,0.00131351
1992,0.00196053
1993,0.00343435
1994,0.01586049
1995,0.00195720
1996,0.01312815
1997,0.00125414
1998,0.00153147
1999,0.00044548
2000,0.00108245
2001,0.00206321
2002,0.00409775
2003,0.00277690
2004,0.00294499
2005,0.00107062
2006,0.00333526
2007,0.00075921
2008,0.00078982
2009,0.00715404
2010,0.00212433
2011,0.00153651
2012,0.00414187
2013,0.00352287
2014,0.00349214
2015,0.00182591
2016,0.00171591
2017,0.00203636
2018,0.00181397
2019,0.00140850
2020,0.00359752
2021,0.00128388
2022,0.00084519
2023,0.01890511
2024,0.00186047
2025,0.00151764
2026,0.00100790
2027,0.01444177
2028,0.00181063
2029,0.01357649
2030,0.00208779
2031,0.00092568
2032,0.00231633
2033,0.00430535
2034,0.00200573
2035,0.00075942
2036,0.00204431
2037,0.00269978
2038,1.39664886
2039,0.01295281
2040,0.01021033
2041,0.00218034
2042,0.00128411
2043,0.00006181
2044,0.01177938
2045,0.00040255
2046,0.00270062
2047,0.00212930
2048,0.01090543
2049,0.00085385
2050,0.00099782
2051,0.00362262
2052,0.00086542
2053,0.00109673
2054,0.00104735
2055,0.00245413
2056,0.00377637
2057,0.00428820
2058,0.00071437
2059,0.03021810
2060,0.00654774
2061,0.00635156
2062,0.00475948
2063,0.00169430
2064,0.00383320
2065,0.00269206
2066,0.00411723
2067,0.00428462
2068,0.00073851
2069,0.00344821
2070,0.00403935
2071,0.00217847
2072,0.00332723
2073,0.00423227
2074,0.00346172
2075,0.00579260
2076,0.00171387
2077,0.00096357
2078,0.00484055
2079,0.01850215
2080,0.00095839
2081,0.00347800
2082,0.00073184
2083,0.00350225
2084,0.00120426
2085,0.00137195
2086,0.00404254
2087,0.00146479
2088,0.00291829
2089,0.00208552
2090,0.00314349
2091,0.00107849
2092,0.00065391
2093,0.00090436
2094,0.00367092
2095,0.00056457
2096,0.00377473
2097,0.00122424
2098,0.00111664
2099,0.00081819
2100,0.00088751
2101,0.00196357
2102,0.00095215
2103,0.01384662
2104,0.01775587
2105,0.00168949
2106,0.00122310
2107,0.00130520
2108,0.00218726
2109,0.00328039
2110,0.00105280
2111,0.00170034
2112,0.02643355
2113,0.00124434
2114,0.00149991
2115,0.00065831
2116,0.00395572
2117,0.00522795
2118,0.00123298
2119,0.00406787
2120,1.23364228
2121,0.00863956
2122,0.00286007
2123,0.00824549
2124,0.00412793
2125,0.00384668
2126,0.00233619
2127,0.00834034
2128,0.00146710
2129,1.14249777
2130,0.00088556
2131,0.00174062
2132,0.09197928
2133,0.00064105
2134,0.00230931
2135,0.00155443
2136,0.00136982
2137,0.00144478
2138,0.00129627
2139,0.00434060
2140,0.00428847
2141,0.00274186
2142,0.00087560
2143,0.00459852
2144,0.00214577
2145,0.00776345
2146,0.00469855
2147,2.14076416
2148,0.00245374
2149,0.00078260
2150,0.00722135
2151,0.00216260
2152,0.00067497
2153,0.00205776
2154,0.00223527
2155,0.00140591
2156,0.00428795
2157,0.01399591
2158,0.00110875
2159,0.00335127
2160,0.00418132
2161,0.00260336
2162,0.00159943
2163,0.01719413
2164,0.00297773
2165,0.00113896
2166,0.00164732
2167,0.00362320
2168,0.00133612
2169,0.01291541
2170,0.00099397
2171,0.00223589
2172,0.00312969
2173,0.00147879
2174,0.00112253
2175,0.00228016
2176,0.01311344
2177,0.00412589
2178,0.00062266
2179,0.00055408
2180,0.00130870
2181,0.00185592
2182,0.00363490
2183,0.00290035
2184,0.00879266
2185,0.00073333
2186,0.00388876
2187,0.00257432
2188,0.00378921
2189,0.00384415
2190,0.00367921
2191,0.00635018
2192,0.01034313
2193,0.01664276
2194,0.00189802
2195,0.00432507
2196,0.00284873
2197,0.00435729
2198,0.00171703
2199,0.00179590
2200,0.00288639
2201,0.00255957
2202,0.00164480
2203,0.00270721
2204,0.00188140
2205,0.00315729
2206,0.00207792
2207,0.00182549
2208,0.00076362
2209,0.00069514
2210,0.00065830
2211,0.00088396
2212,0.00140958
2213,0.00122654
2214,0.01635831
2215,0.00732096
2216,0.01162488
2217,0.00406960
2218,0.00205991
2219,0.01454389
2220,0.00341098
2221,0.00127488
2222,0.01467594
2223,0.00730965
2224,0.00067153
2225,0.01276256
2226,0.00897035
2227,0.00160157
2228,0.00090381
2229,0.00419834
2230,0.00192110
2231,0.00130824
2232,0.00064239
2233,0.00134937
2234,0.00324609
2235,0.00061850
2236,0.00111150
2237,0.00114892
2238,0.00085118
2239,0.01527486
2240,0.00416705
2241,0.01169977
2242,0.00205259
2243,0.00176740
2244,0.00166631
2245,0.00410389
2246,0.01437333
2247,0.00167773
2248,0.00717410
2249,0.00123075
2250,0.00219589
2251,0.00078038
2252,0.00341374
2253,0.00138148
2254,0.00128521
2255,0.00326417
2256,0.00091366
2257,0.00282542
2258,0.00074680
2259,0.00373910
2260,0.00128279
2261,0.00112967
2262,0.00278478
2263,0.00079256
2264,0.00078742
2265,0.00200054
2266,0.00108488
2267,0.00144714
2268,0.00166246
2269,0.00264045
2270,0.00061063
2271,0.00066138
2272,0.00455819
2273,0.00481041
2274,0.00144324
2275,0.00299078
2276,0.00123379
2277,0.00092049
2278,0.00178328
2279,0.00110531
2280,0.00119457
2281,0.00378371
2282,0.00261721
2283,0.87034466
2284,0.00436879
2285,0.00239727
2286,0.00173393
2287,0.00088920
2288,0.00821678
2289,1.76166940
2290,0.00067590
2291,0.00073230
2292,0.00124168
2293,0.00188795
2294,0.00052141
2295,0.00184820
2296,0.00212592
2297,0.00280952
2298,0.00146207
2299,0.00207885
2300,0.00658005
2301,0.00142407
2302,0.01433828
2303,0.00235230
2304,0.00202010
2305,0.00524297
2306,0.00101144
2307,0.00165417
2308,0.00068207
2309,0.00089207
2310,0.00522049
2311,0.00306131
2312,0.00199113
2313,0.00126505
2314,0.00259477
2315,0.00234359
2316,0.00067529
2317,0.00155975
2318,0.01499087
2319,0.00092177
2320,0.00072431
2321,0.00071468
2322,0.00382161
2323,0.00091028
2324,0.00097535
2325,0.00074895
2326,0.00074161
2327,0.00086314
2328,0.00094264
2329,0.00428085
2330,0.00242752
2331,0.00170728
2332,0.00052845
2333,0.00136030
2334,0.00079696
2335,0.00072016
2336,0.00089385
2337,0.00088930
2338,0.00334144
2339,0.00129007
2340,0.00638851
2341,0.00098472
2342,0.00471234
2343,0.00187511
2344,2.27196189
2345,0.00197554
2346,0.00198948
2347,0.00451595
2348,0.00148322
2349,0.00467137
2350,0.00082680
2351,0.00477611
2352,0.00191070
2353,0.00219874
2354,0.00165884
2355,0.00139777
2356,0.00273815
2357,0.00503620
2358,0.00796857
2359,0.00566316
2360,0.00075736
2361,0.00282061
2362,0.00222089
2363,0.00201799
2364,0.00060161
2365,0.00187226
2366,0.00080818
2367,0.00225323
2368,0.00279928
2369,0.00100691
2370,0.00219038
2371,0.00131843
2372,0.41832032
2373,0.00190554
2374,0.00240372
2375,0.00349485
2376,0.00167235
2377,0.00125494
2378,0.00257458
2379,0.00076669
2380,0.02893098
2381,0.00086587
2382,0.01163605
2383,0.01422726
2384,0.00083729
2385,0.00380837
2386,0.00984810
2387,0.00081700
2388,0.00059060
2389,0.00111278
2390,0.00210704
2391,0.00448202
2392,0.00338908
2393,0.00133028
2394,0.00069161
2395,0.21839821
2396,0.00116523
2397,0.00090904
2398,0.00312692
2399,0.00113675
2400,0.00298193
2401,0.00159232
2402,0.00193988
2403,0.00454950
2404,0.00324768
2405,0.00530352
2406,0.00090701
2407,0.00343232
2408,0.00112883
2409,0.00324399
2410,0.01503633
2411,0.00842611
2412,0.01464204
2413,0.00419341
2414,0.01362357
2415,0.00183501
2416,0.00380052
2417,0.00299171
2418,0.00227671
2419,0.00214775
2420,0.00263837
2421,0.01253625
2422,0.00296337
2423,0.00115961
2424,0.00085998
2425,0.00389043
2426,0.00077469
2427,0.00291202
2428,0.00395027
2429,0.01260998
2430,0.00460349
2431,0.00087979
2432,0.00095902
2433,0.01998552
2434,0.00297984
2435,0.00073969
2436,0.00839832
2437,0.00351303
2438,0.00192106
2439,0.00115986
2440,0.00358578
2441,0.02541276
2442,0.00426260
2443,0.00107865
2444,0.00048751
2445,0.00083799
2446,0.00115526
2447,0.00139386
2448,0.00185569
2449,0.00444927
2450,0.01158319
2451,0.00376743
2452,0.00441146
2453,0.00307229
2454,0.00411664
2455,0.00083208
2456,0.00197746
2457,0.20063171
2458,1.68307938
2459,0.00204335
2460,0.00218408
2461,0.00097866
2462,0.00213526
2463,0.00162770
2464,0.00474901
2465,0.00082982
2466,0.00077226
2467,0.00223124
2468,0.00135343
2469,0.00098983
2470,0.00085996
2471,0.00336342
2472,0.00329797
2473,0.00369036
2474,0.00303150
2475,0.00211065
2476,0.00107439
2477,0.00344622
2478,0.00593173
2479,0.00111814
2480,0.00329247
2481,0.00111393
2482,0.00115445
2483,0.00156379
2484,0.00490948
2485,1.10238754
2486,0.00246413
2487,0.00237380
2488,0.00628629
2489,0.00324029
2490,0.00076729
2491,0.00641994
2492,0.00155932
2493,0.00207837
2494,0.00076305
2495,0.00221178
2496,0.00193017
2497,0.01713315
2498,0.00098191
2499,0.00145064
2500,0.00125155
2501,0.00122404
2502,0.00096096
2503,0.00108834
2504,0.00277730
2505,0.00081062
2506,0.02695864
2507,0.00144746
2508,0.00464148
2509,0.22186530
2510,0.02483372
2511,0.00088444
2512,0.00211300
2513,0.00289445
2514,0.00427944
2515,0.00166586
2516,0.00739776
2517,0.00111623
2518,0.00394230
2519,0.00240038
2520,0.00215864
2521,0.00986712
2522,0.00168796
2523,0.00438044
2524,0.00425650
2525,0.00059865
2526,0.00072103
2527,0.00279274
2528,0.00082756
2529,0.00170490
2530,0.00158767
2531,0.00116965
2532,0.00130873
2533,0.00135492
2534,0.00109694
2535,0.00073058
2536,0.00381912
2537,0.00446471
2538,0.00066832
2539,0.00121529
2540,0.00121352
2541,0.00608377
2542,0.00185871
2543,0.00368430
2544,0.00014634
2545,0.00397648
2546,0.01510259
2547,0.00232608
2548,0.00084488
2549,0.00089404
2550,0.00068535
2551,0.00419098
2552,0.00207904
2553,0.00689629
2554,0.00065564
2555,0.00120897
2556,0.00281357
2557,1.28577848
2558,0.00595366
2559,0.01294946
2560,0.00175608
2561,0.00386682
2562,0.00199414
2563,0.00313540
2564,0.00300351
2565,0.00109792
2566,0.00070381
2567,0.01562685
2568,0.00230725
2569,0.00077042
2570,0.00237964
2571,0.00116216
2572,0.06365073
2573,0.00086558
2574,0.00084285
2575,0.00210689
2576,0.00204510
2577,0.00098015
2578,0.01435280
2579,0.00818261
2580,0.01885741
2581,0.00886001
2582,0.00150860
2583,0.00138942
2584,0.00319832
2585,0.01209081
2586,0.01149220
2587,0.00064853
2588,0.00085197
2589,0.05772955
2590,0.00094091
2591,0.00207615
2592,0.00092051
2593,0.00144431
2594,0.00334323
2595,0.00426390
2596,0.00146337
2597,0.00474928
2598,0.00085191
2599,0.00289338
2600,0.00206768
2601,0.00110894
2602,0.00096140
2603,0.00206306
2604,0.01599116
2605,0.00312329
2606,0.00060379
2607,0.00367925
2608,0.00046063
2609,1.19793188
2610,0.00234923
2611,0.00112586
2612,0.00182461
2613,0.01526242
2614,0.00399058
2615,0.00166540
2616,0.00264400
2617,0.00553304
2618,0.00107765
2619,0.73550859
2620,0.00265395
2621,0.00093478
2622,0.03356512
2623,0.00233742
2624,0.00797871
2625,0.00616680
2626,0.00133677
2627,0.00427560
2628,0.00111240
2629,0.00251499
2630,0.02512076
2631,0.00156194
2632,0.00441082
2633,0.00175826
2634,0.00438104
2635,0.00570778
2636,0.00648332
2637,0.00122643
2638,0.00102528
2639,0.00426361
2640,0.00361622
2641,0.00195748
2642,0.00391343
2643,0.00185156
2644,0.00284432
2645,0.00112926
2646,0.00089567
2647,0.00123102
2648,0.01067961
2649,0.00168965
2650,0.00081408
2651,0.00120131
2652,0.00197924
2653,0.00166152
2654,0.00080211
2655,0.00104834
2656,0.02447689
2657,0.00094131
2658,0.00106393
2659,0.00686077
2660,0.00398439
2661,0.00258188
2662,0.00177429
2663,0.54594864
2664,0.01458640
2665,0.00338298
2666,0.00475416
2667,0.00890182
2668,0.00399425
2669,0.00191351
2670,0.00620214
2671,0.00045177
2672,0.00205007
2673,0.00052129
2674,0.00088717
2675,0.00670542
2676,0.00230549
2677,0.00304909
2678,0.00110388
2679,0.01721899
2680,0.00072950
2681,0.00099724
2682,0.79865867
2683,0.00214772
2684,0.00843258
2685,0.00149140
2686,0.00166227
2687,0.02757234
2688,0.00101962
2689,0.00337254
2690,0.00078442
2691,0.00155802
2692,0.00133571
2693,0.00268718
2694,0.00104053
2695,0.00081855
2696,0.00329099
2697,0.00277565
2698,0.01238078
2699,0.01460998
2700,0.00287865
2701,0.00264621
2702,0.00262810
2703,0.00245445
2704,0.00336615
2705,0.00187209
2706,0.00174320
2707,0.00063570
2708,0.00202185
2709,0.02706162
2710,0.00288162
2711,0.00109104
2712,0.00726906
2713,0.00118128
2714,0.00212789
2715,0.00106243
2716,0.00391959
2717,0.00138367
2718,0.01654256
2719,1.39860950
2720,0.00123157
2721,0.54801345
2722,0.00172414
2723,0.00096770
2724,0.00356957
2725,0.00183317
2726,0.01396475
2727,0.00095008
2728,0.00096380
2729,0.00174557
2730,0.00131385
2731,1.24420739
2732,0.00130082
2733,0.00106322
2734,0.00222541
2735,0.01640696
2736,0.00076939
2737,0.00210314
2738,0.00237491
2739,0.00156759
2740,0.00461585
2741,0.00158667
2742,1.10263565
2743,0.00108680
2744,0.00092049
2745,0.00483919
2746,0.00257972
2747,0.00219616
2748,0.00134994
2749,0.00229482
2750,0.80430894
2751,0.00687293
2752,0.01161447
2753,0.00080559
2754,0.00339470
2755,0.01282212
2756,0.00079337
2757,0.00123968
2758,0.00077324
2759,0.00090937
2760,0.00114702
2761,0.00188758
2762,0.01142782
2763,0.00091173
2764,0.00127526
2765,0.00159813
2766,0.00074367
2767,0.00631421
2768,0.00832751
2769,0.00078128
2770,0.02014734
2771,0.00064564
2772,0.00352538
2773,0.00253376
2774,0.00169416
2775,0.00164647
2776,0.00282120
2777,0.00248027
2778,0.00489713
2779,0.87593083
2780,0.00219508
2781,0.00378942
2782,0.00227275
2783,0.00487055
2784,0.00070569
2785,0.00201959
2786,0.69099234
2787,0.00374802
2788,0.00140274
2789,0.00195294
2790,0.00154364
2791,0.00135331
2792,0.00166616
2793,0.00145539
2794,0.00277580
2795,0.00083223
2796,0.00126852
2797,0.00131393
2798,0.00475503
2799,0.00155716
2800,0.00122027
2801,0.02076498
2802,0.00115959
2803,0.00423486
2804,0.00554071
2805,0.00113030
2806,0.00178168
2807,0.00253186
2808,0.00230936
2809,0.00900226
2810,0.00478301
2811,0.00127557
2812,0.01135428
2813,0.00140268
2814,0.00301394
2815,0.01190476
2816,0.00445621
2817,0.00352081
2818,0.00120553
2819,0.00292636
2820,0.00342338
2821,0.00088005
2822,0.00001089
2823,0.00453670
2824,0.00227680
2825,0.00096597
2826,0.00475479
2827,0.00222622
2828,0.00141382
2829,0.00267973
2830,0.00403978
2831,0.00071149
2832,0.00230063
2833,0.00077669
2834,0.00391964
2835,0.00091406
2836,0.00077262
2837,1.55915899
2838,0.00285391
2839,0.00101666
2840,0.00187107
2841,0.00153571
2842,0.00906860
2843,0.00135978
2844,0.00855323
2845,0.00424119
2846,0.01175411
2847,0.00074082
2848,0.01091442
2849,0.00057966
2850,0.00467667
2851,0.00061736
2852,0.00294558
2853,0.00132176
2854,0.58661848
2855,0.00068573
2856,0.00282204
2857,0.00734680
2858,0.85913118
2859,0.00169854
2860,0.00089435
2861,0.00212517
2862,0.00110262
2863,0.00116152
2864,0.00162222
2865,0.00188089
2866,0.00130099
2867,0.00118409
2868,0.00111485
2869,0.00085780
2870,0.01787154
2871,0.02603637
2872,0.00209214
2873,0.00224626
2874,0.00182443
2875,0.00552397
2876,0.01319601
2877,0.00130375
2878,0.00123908
2879,0.00173592
2880,0.00219081
2881,0.00074919
2882,0.00371759
2883,0.00383225
2884,0.00067589
2885,0.01142953
2886,0.00081145
2887,0.00415539
2888,0.00091274
2889,0.00071296
2890,0.00303013
2891,0.00408606
2892,0.00083490
2893,0.00202545
2894,0.00092865
2895,0.00464230
2896,0.00481772
2897,0.00093680
2898,0.00073607
2899,0.00082013
2900,0.00210022
2901,0.00094145
2902,0.00124788
2903,0.00355509
2904,0.00758546
2905,0.00082749
2906,0.00085526
2907,0.00105044
2908,0.00099240
2909,0.00229702
2910,0.00077107
2911,0.01434096
2912,0.02456265
2913,0.00515869
2914,0.00091951
2915,0.00077254
2916,0.01710712
2917,0.00109691
2918,0.00246946
2919,0.00135581
2920,0.00102976
2921,0.00131188
2922,0.00384218
2923,0.00218942
2924,0.00190342
2925,0.00157416
2926,0.01774125
2927,0.00127229
2928,0.00091808
2929,0.82475707
2930,0.00172005
2931,0.00107447
2932,0.00088709
2933,0.00128474
2934,0.01136950
2935,0.00206355
2936,0.74459455
2937,0.00083933
2938,0.00429956
2939,0.00210941
2940,2.16168194
2941,0.00233818
2942,0.00074157
2943,0.00291471
2944,0.00387911
2945,0.00576661
2946,0.01915234
2947,0.00365996
2948,0.00079871
2949,0.00178690
2950,0.00072224
2951,0.00754350
2952,0.00236238
2953,0.00116663
2954,0.00338009
2955,0.00683846
2956,0.00350815
2957,0.00123249
2958,0.00077254
2959,0.00077840
2960,0.00090766
2961,0.00156020
2962,0.00072978
2963,0.00096708
2964,0.00327063
2965,0.00170991
2966,0.00271114
2967,0.00195975
2968,0.00080919
2969,0.00156161
2970,0.12765328
2971,0.00396310
2972,0.00090051
2973,0.00087774
2974,0.00310822
2975,0.00087552
2976,0.00280184
2977,0.00284364
2978,0.00115329
2979,0.05664577
2980,0.00076665
2981,0.00373464
2982,0.00415066
2983,0.00254199
2984,0.00383253
2985,0.00230006
2986,0.01174407
2987,0.00207080
2988,0.00240016
2989,0.00499954
2990,0.00351577
2991,0.00528112
2992,0.00515031
2993,0.00054070
2994,0.00115225
2995,0.00899417
2996,0.00131575
2997,0.00169963
2998,0.00095466
2999,0.00177105
3000,0.00144783
3001,0.00325069
3002,0.00850289
3003,0.00426320
3004,0.00184878
3005,0.00313103
3006,0.00121883
3007,0.00401532
3008,0.00267739
3009,0.00192472
3010,0.00931079
3011,0.00050635
3012,0.01118274
3013,0.00423359
3014,0.00131945
3015,0.00259784
3016,0.00742924
3017,0.01303921
3018,0.00484395
3019,0.00767069
3020,0.00059491
3021,0.00228428
3022,0.00089263
3023,0.00417619
3024,0.00327497
3025,0.00601020
3026,0.00058376
3027,0.00185197
3028,0.00109527
3029,0.00140671
3030,0.00256548
3031,0.00114316
3032,0.00319894
3033,0.00328963
3034,0.00754599
3035,0.00072908
3036,0.00128542
3037,0.00131887
3038,0.00189667
3039,0.00199325
3040,0.00080190
3041,0.00145184
3042,0.00142828
3043,0.00085716
3044,0.00298275
3045,0.00219117
3046,0.00083220
3047,0.00656176
3048,0.00204469
3049,0.00116862
3050,0.00094528
3051,0.00380274
3052,0.00946882
3053,0.00181998
3054,0.00365752
3055,0.02634311
3056,0.00055429
3057,0.00082559
3058,0.00131363
3059,0.00398539
3060,0.01253105
3061,0.00075007
3062,0.00455001
3063,0.58742619
3064,0.00131506
3065,0.01176364
3066,0.00164275
3067,0.00139311
3068,0.00110537
3069,0.00195413
3070,0.01610464
3071,0.00134262
3072,0.00108975
3073,0.00403660
3074,0.00011915
3075,0.00614876
3076,0.02509383
3077,0.00167160
3078,0.00444237
3079,0.00078828
3080,0.00610563
3081,0.00171223
3082,0.00392813
3083,0.00125889
3084,0.01301740
3085,0.00212041
3086,0.00121412
3087,0.00291202
3088,0.00351658
3089,0.00151063
3090,0.01811972
3091,0.00645734
3092,0.00159460
3093,0.00073048
3094,0.00295165
3095,0.01811288
3096,0.00206995
3097,0.00364035
3098,0.00155471
3099,0.05202231
3100,0.00141038
3101,0.00097247
3102,0.00069161
3103,0.00255022
3104,0.00427044
3105,0.00090878
3106,0.00083452
3107,0.00217715
3108,0.00108694
3109,0.01240231
3110,0.00136579
3111,0.00170120
3112,1.01526399
3113,0.00193876
3114,0.00246650
3115,0.00101188
3116,0.00775694
3117,0.00088112
3118,0.00102372
3119,0.00095147
3120,0.00193145
3121,0.00195675
3122,0.00052571
3123,0.00302850
3124,0.00084265
3125,0.00355131
3126,0.00551565
3127,0.00076898
3128,0.00102632
3129,0.00078725
3130,0.00096652
3131,0.00125446
3132,0.31712472
3133,0.00091321
3134,0.00080109
3135,0.00674674
3136,0.00120828
3137,0.00542229
3138,0.00413606
3139,0.00319693
3140,0.00271325
3141,0.00570211
3142,0.59843918
3143,0.00059898
3144,0.01158532
3145,0.00080797
3146,0.00418047
3147,0.00067074
3148,0.00088705
3149,0.00164088
3150,0.00201816
3151,0.01308703
3152,0.00348659
3153,0.01174741
3154,0.00175254
3155,0.00208351
3156,0.00093544
3157,0.00168154
3158,0.00132953
3159,0.01954293
3160,0.00233588
3161,0.00583796
3162,0.00221950
3163,0.00069944
3164,0.00090998
3165,0.00389934
3166,0.00990124
3167,0.00470771
3168,0.00091557
3169,0.00087859
3170,0.00954530
3171,0.00319719
3172,0.00310614
3173,0.19864308
3174,0.00310811
3175,0.00471794
3176,0.00218923
3177,0.02078958
3178,0.00203931
3179,0.00066933
3180,0.00582284
3181,0.00518928
3182,0.00081956
3183,0.00148179
3184,0.00224593
3185,0.00179969
3186,0.00273327
3187,0.00075187
3188,0.00060115
3189,0.00081670
3190,0.00097458
3191,0.00178756
3192,0.01316158
3193,0.00140509
3194,0.00164445
3195,0.00157244
3196,0.00106002
3197,0.00126735
3198,0.00087002
3199,0.00115679
3200,0.00289861
3201,0.00248350
3202,0.00392785
3203,0.00154452
3204,0.00197256
3205,0.00372320
3206,0.00671398
3207,0.00112783
3208,0.00338264
3209,0.00080987
3210,0.00069712
3211,0.00194215
3212,0.01165102
3213,0.00218806
3214,0.00347631
3215,0.00094090
3216,0.00449400
3217,0.00522105
3218,1.07360624
3219,0.00045389
3220,0.01123669
3221,0.00083527
3222,0.00083265
3223,0.00894674
3224,0.00092933
3225,0.00115774
3226,0.00338980
3227,0.00224227
3228,0.01927968
3229,0.00159392
3230,0.00295798
3231,0.00317483
3232,0.00918107
3233,0.00321810
3234,0.00113125
3235,0.00023776
3236,0.00193864
3237,0.00063280
3238,0.00338836
3239,0.02848926
3240,0.01472010
3241,0.00683075
3242,0.10381941
3243,0.00094529
3244,0.00391391
3245,0.00426323
3246,0.00382545
3247,0.00115420
3248,0.00104837
3249,0.00077783
3250,0.00120507
3251,0.00063082
3252,0.00405744
3253,0.00184323
3254,0.00081175
3255,0.00124304
3256,0.00051243
3257,0.01162588
3258,0.00523958
3259,0.00131807
3260,0.01879760
3261,0.00339148
3262,0.00150790
3263,1.24406488
3264,0.00310842
3265,0.00232882
3266,0.00405301
3267,0.00146523
3268,0.00220996
3269,0.00268349
3270,0.00091612
3271,0.00465955
3272,0.00243423
3273,0.01461358
3274,0.00076389
3275,0.00228210
3276,0.00209206
3277,0.00826021
3278,0.00101764
3279,0.00064794
3280,0.00117227
3281,0.00162029
3282,0.00079037
3283,0.00157450
3284,0.00260547
3285,0.00070904
3286,0.00180706
3287,0.00399915
3288,0.00160836
3289,0.00374409
3290,0.00489641
3291,0.00065394
3292,0.00357004
3293,0.00143595
3294,0.00071214
3295,0.00172280
3296,0.01417951
3297,0.00076912
3298,0.00212672
3299,0.00243503
3300,0.45827886
3301,0.00355132
3302,0.00130405
3303,0.00070250
3304,0.00120544
3305,0.00133909
3306,0.00385683
3307,0.00273289
3308,0.00531205
3309,0.00256037
3310,0.00119070
3311,0.00384712
3312,0.00248275
3313,0.01865322
3314,0.00070652
3315,0.00349371
3316,0.00087102
3317,0.00387657
3318,0.00089044
3319,0.00136597
3320,0.00497067
3321,0.00129845
3322,0.01604905
3323,0.00657053
3324,1.64087453
3325,0.00076566
3326,0.00281567
3327,0.00212315
3328,0.00290503
3329,0.00134257
3330,0.00577456
3331,0.00484191
3332,0.00558215
3333,0.00385293
3334,0.00371222
3335,0.00107314
3336,0.00074329
3337,0.01464077
3338,0.00719299
3339,0.00147268
3340,0.01200602
3341,0.00516971
3342,0.00324685
3343,0.00131247
3344,0.00099763
3345,0.00107984
3346,0.00064703
3347,0.00098995
3348,0.00288921
3349,0.00307196
3350,0.00145063
3351,0.00284450
3352,0.00101315
3353,0.00127102
3354,0.02851587
3355,0.00282322
3356,0.00305272
3357,0.01518525
3358,0.00422603
3359,0.00153486
3360,0.00123050
3361,0.00091188
3362,0.00907038
3363,0.00071963
3364,0.00052777
3365,0.00264994
3366,0.00177859
3367,0.00047032
3368,0.00181151
3369,0.00141758
3370,0.00087936
3371,0.00126155
3372,0.00083603
3373,0.00103505
3374,0.00132472
3375,0.00099166
3376,0.00093938
3377,0.00126195
3378,0.00110836
3379,0.00205486
3380,0.00224149
3381,0.00105593
3382,0.00083264
3383,0.00199342
3384,0.01648955
3385,0.00141788
3386,0.00349521
3387,0.00292781
3388,0.00161619
3389,0.00100557
3390,0.00091386
3391,0.00199677
3392,0.00688527
3393,0.00924731
3394,0.00111577
3395,0.00094255
3396,0.00164823
3397,0.00153600
3398,0.00238869
3399,0.00312359
3400,2.00867624
3401,0.00211929
3402,0.01593470
3403,0.00650626
3404,0.00104219
3405,0.00535464
3406,0.00409260
3407,0.00362792
3408,0.00202400
3409,0.00078483
3410,0.00339373
3411,0.00282081
3412,0.00096904
3413,0.00198378
3414,0.00225120
3415,0.00502691
3416,0.00074882
3417,0.01242145
3418,0.00099022
3419,0.99988790
3420,0.00221843
3421,0.00343442
3422,0.00526527
3423,0.00167735
3424,0.00397566
3425,0.00188532
3426,0.00405828
3427,0.00251982
3428,0.00225304
3429,0.00181421
3430,0.00080105
3431,0.00085712
3432,0.00282267
3433,0.00168998
3434,0.00207177
3435,0.01215938
3436,0.00044430
3437,0.00129231
3438,0.00167242
3439,0.14485081
3440,0.00404386
3441,0.00082801
3442,0.00219265
3443,0.00105852
3444,0.00098728
3445,0.01343135
3446,0.00109455
3447,0.00166484
3448,0.00127466
3449,0.00531401
3450,0.00122173
3451,0.00248835
3452,0.00199656
3453,0.01645419
3454,0.00275929
3455,0.00377902
3456,0.01435544
3457,0.00059007
3458,0.00158225
3459,0.00322378
3460,0.00189151
3461,0.00054056
3462,0.00498439
3463,0.00119836
3464,0.00437256
3465,0.00120783
3466,0.01268057
3467,0.00100257
3468,0.00482216
3469,0.00194842
3470,0.00150121
3471,0.00071905
3472,0.00192042
3473,0.00115864
3474,0.00181290
3475,0.00422131
3476,0.00083811
3477,0.00061451
3478,0.00138928
3479,0.00380663
3480,0.00062836
3481,0.00165558
3482,0.00246664
3483,0.00085257
3484,0.00083851
3485,0.00213576
3486,0.00184510
3487,0.00087235
3488,0.00158620
3489,0.00081683
3490,0.00365852
3491,0.00190732
3492,0.00108919
3493,0.00136586
3494,0.02688781
3495,0.00164967
3496,0.00146257
3497,0.00314431
3498,0.00088394
3499,0.00087448
3500,0.00280209
3501,0.00279053
3502,0.00178808
3503,0.00300967
3504,0.00168211
3505,0.01247899
3506,0.00369990
3507,0.00125981
3508,0.00090930
3509,0.00198498
3510,0.00224085
3511,0.00417429
3512,0.00091253
3513,0.00080959
3514,0.00378733
3515,1.40957353
3516,0.00089777
3517,0.00218135
3518,0.00106589
3519,0.01846649
3520,0.00266943
3521,0.00603440
3522,0.00900185
3523,0.00401982
3524,0.00427859
3525,0.00115955
3526,0.00083330
3527,0.00089766
3528,0.00299384
3529,0.00053996
3530,0.00201048
3531,0.00138647
3532,0.00845661
3533,0.00082786
3534,0.00057962
3535,0.00081002
3536,0.00115926
3537,0.00416214
3538,0.00526616
3539,0.00229107
3540,0.00390622
3541,0.00931364
3542,0.00118524
3543,0.00312305
3544,0.00060741
3545,0.00205572
3546,0.00173615
3547,0.01064284
3548,0.00403539
3549,0.00111057
3550,0.00472993
3551,0.01801042
3552,0.00569997
3553,0.00214727
3554,0.00071406
3555,0.00269773
3556,0.00919554
3557,0.00206170
3558,0.00392564
3559,0.00092449
3560,0.00466002
3561,0.00281756
3562,0.00161282
3563,0.00236564
3564,1.41704375
3565,0.00114813
3566,0.00092867
3567,0.00109897
3568,0.70677971
3569,0.00348670
3570,0.00175995
3571,0.02594400
3572,0.00405298
3573,0.00159622
3574,0.00186194
3575,0.00298676
3576,0.00003099
3577,0.00252335
3578,0.00282488
3579,0.00105089
3580,0.00149917
3581,0.00135196
3582,0.55422488
3583,0.00187420
3584,0.00088603
3585,0.00203182
3586,0.00220887
3587,0.00373921
3588,0.00151807
3589,0.00059518
3590,0.00179192
3591,0.00061957
3592,0.00074551
3593,0.01335648
3594,0.00241530
3595,0.00518566
3596,0.00144916
3597,0.00866370
3598,0.00100080
3599,0.00683630
3600,0.00026408
3601,0.00061360
3602,0.00110516
3603,0.00181673
3604,0.44095885
3605,0.00186757
3606,0.00270304
3607,0.00450009
3608,0.00130651
3609,0.00391556
3610,0.01334688
3611,0.00471720
3612,0.00565285
3613,0.00163598
3614,0.00076159
3615,0.00081767
3616,0.00104351
3617,0.00234463
3618,0.00171629
3619,0.12682903
3620,0.00095890
3621,0.00111969
3622,0.00409084
3623,0.00033601
3624,0.00168004
3625,0.00139123
3626,0.00132745
3627,0.01109958
3628,0.00129747
3629,0.00278758
3630,0.00310273
3631,0.00136050
3632,0.00074305
3633,0.00368083
3634,0.00199912
3635,0.00247955
3636,0.00107188
3637,0.00218037
3638,0.01354194
3639,0.00476896
3640,0.00079147
3641,0.00182784
3642,0.00131004
3643,0.00089284
3644,0.00116892
3645,0.00266069
3646,0.00191014
3647,0.00210362
3648,0.00193479
3649,0.00201629
3650,0.00284461
3651,0.00864130
3652,0.00092876
3653,0.00143781
3654,0.02478036
3655,0.00080060
3656,0.00092672
3657,0.01467620
3658,0.00270534
3659,0.00297983
3660,0.00135361
3661,0.00196438
3662,0.00064742
3663,0.00444667
3664,0.00090051
3665,0.00126130
3666,0.00091059
3667,0.00079496
3668,0.00038228
3669,0.00302336
3670,0.00072815
3671,0.13687102
3672,0.00266743
3673,0.00099090
3674,0.00207884
3675,0.00235527
3676,0.00542287
3677,0.00154076
3678,0.01691346
3679,0.00457964
3680,0.02585144
3681,0.00078909
3682,0.00188015
3683,0.01432974
3684,0.00099358
3685,0.00168036
3686,0.00109087
3687,0.00121520
3688,0.01556659
3689,0.00258717
3690,0.00217731
3691,0.00212364
3692,0.00114214
3693,0.00266415
3694,0.00240574
3695,0.00120783
3696,0.00164492
3697,0.00407932
3698,0.00135478
3699,0.00203178
3700,0.00307935
3701,0.00075670
3702,0.00211449
3703,0.00090554
3704,0.00595198
3705,0.00191561
3706,0.02656915
3707,0.00183704
3708,0.00208468
3709,0.00142392
3710,0.00228473
3711,0.00584206
3712,0.00156550
3713,0.00095161
3714,0.01136030
3715,0.00314773
3716,0.00117923
3717,0.00384193
3718,0.00080497
3719,0.00084780
3720,0.00278055
3721,0.00071380
3722,0.00257558
3723,0.00069093
3724,0.00155873
3725,0.00221679
3726,0.00062590
3727,0.00223195
3728,0.00129903
3729,0.00125831
3730,0.01370764
3731,0.00082700
3732,1.17467608
3733,0.00340191
3734,0.01597852
3735,0.00141654
3736,0.00125178
3737,0.00164309
3738,0.87262977
3739,0.00723929
3740,0.00199316
3741,0.00252338
3742,0.00112761
3743,0.00377433
3744,0.00130363
3745,0.00068154
3746,0.00478520
3747,0.01212233
3748,0.02520014
3749,0.00093974
3750,0.00223386
3751,0.00067055
3752,0.00360891
3753,0.00072626
3754,0.00411157
3755,0.00817697
3756,0.00378719
3757,0.00196761
3758,0.00069343
3759,0.00097453
3760,0.00325211
3761,0.00903525
3762,0.00820563
3763,0.00159674
3764,0.00343170
3765,0.00444480
3766,0.00106992
3767,0.00453343
3768,0.00342367
3769,0.00186190
3770,0.00286571
3771,0.00476424
3772,0.00440750
3773,0.00075698
3774,0.00265888
3775,0.00209209
3776,0.00159706
3777,0.00884731
3778,0.00797348
3779,0.00079750
3780,0.00088866
3781,0.00964019
3782,0.00130816
3783,0.00114699
3784,0.00170372
3785,0.00911445
3786,0.00141327
3787,0.00193261
3788,0.00337327
3789,0.00156613
3790,0.00485119
3791,0.00209693
3792,0.00465532
3793,0.00102042
3794,0.00449429
3795,0.00066550
3796,0.00171045
3797,0.00216485
3798,0.00479094
3799,0.02742721
3800,0.00399443
3801,0.00255070
3802,0.00196492
3803,0.00555146
3804,0.00425446
3805,0.00130400
3806,0.00052440
3807,0.00146461
3808,0.00296980
3809,0.00330889
3810,0.00135072
3811,0.00290540
3812,0.00097805
3813,0.00096363
3814,0.00740656
3815,0.00096691
3816,0.00154267
3817,0.00383947
3818,0.00384483
3819,0.00375109
3820,0.00122476
3821,0.00092168
3822,0.00437337
3823,0.00211361
3824,0.00404342
3825,0.00187830
3826,0.00091288
3827,0.61130497
3828,0.00460170
3829,0.00569554
3830,0.00344420
3831,0.00067801
3832,0.00124973
3833,0.00056122
3834,0.00207164
3835,0.00201651
3836,0.00112202
3837,0.00214989
3838,0.00087095
3839,0.00174155
3840,0.00125420
3841,0.02399600
3842,0.00527626
3843,0.00216636
3844,0.00117822
3845,0.00187142
3846,0.00249711
3847,0.00112315
3848,0.00108732
3849,0.01280255
3850,0.00704703
3851,0.00219948
3852,0.00203277
3853,0.00365596
3854,0.00086941
3855,0.00713084
3856,0.00092214
3857,0.03686567
3858,0.00062480
3859,0.00073540
3860,0.00224941
3861,0.00511785
3862,0.00111948
3863,0.01760087
3864,0.00209333
3865,0.00071601
3866,0.00959745
3867,0.01269431
3868,0.00081375
3869,0.00226992
3870,0.00212980
3871,0.00093268
3872,0.00081694
3873,0.01228522
3874,0.00068339
3875,0.00176877
3876,0.00081092
3877,0.00386785
3878,0.00071946
3879,0.00048504
3880,0.00072726
3881,0.00079036
3882,0.00156012
3883,0.00085302
3884,0.00154523
3885,0.00105938
3886,1.35401639
3887,0.00101272
3888,0.00404696
3889,0.00143172
3890,0.00360849
3891,0.00113548
3892,0.00411569
3893,0.00184524
3894,0.00146981
3895,0.00287621
3896,0.00130848
3897,0.02086781
3898,0.00128022
3899,0.00247634
3900,0.00327945
3901,0.04210127
3902,0.00074596
3903,0.00091237
3904,0.00103122
3905,0.00324821
3906,0.00122190
3907,0.00217968
3908,0.00325809
3909,0.00089275
3910,0.00394223
3911,0.00309555
3912,0.00069522
3913,0.00058211
3914,0.00237210
3915,0.00280049
3916,0.00163419
3917,0.00344744
3918,0.01837596
3919,0.00417745
3920,0.00197387
3921,0.00621262
3922,0.00233581
3923,0.00145077
3924,0.00511909
3925,0.00088179
3926,0.00390550
3927,0.00483873
3928,0.00306165
3929,0.00143324
3930,0.00068396
3931,0.00497387
3932,0.00102303
3933,0.00103022
3934,0.00576046
3935,0.00340411
3936,0.00184433
3937,0.00231319
3938,0.00176757
3939,0.00071508
3940,0.00138653
3941,0.00098454
3942,1.32823989
3943,0.01376632
3944,0.00117691
3945,0.00145392
3946,0.00078409
3947,0.00269262
3948,0.00294984
3949,0.00167285
3950,0.01199492
3951,0.00481300
3952,0.00100648
3953,0.00074128
3954,0.00199148
3955,0.00177415
3956,0.60298277
3957,0.00219998
3958,0.00118065
3959,0.00262125
3960,0.00103355
3961,0.00083151
3962,0.00154772
3963,0.00091624
3964,0.00137832
3965,0.00514969
3966,0.00230147
3967,0.00493721
3968,0.01786099
3969,0.00077154
3970,0.00140526
3971,0.00171011
3972,0.00253760
3973,0.00108352
3974,0.01436248
3975,0.00096581
3976,0.01244249
3977,0.00160132
3978,0.00203953
3979,0.00510966
3980,0.00119492
3981,0.00127215
3982,0.00128557
3983,0.01521771
3984,0.00104632
3985,0.00213656
3986,0.00208198
3987,0.00076401
3988,0.00093716
3989,0.00089906
3990,0.00223705
3991,0.00378956
3992,0.00501642
3993,0.00486304
3994,0.00191672
3995,0.00134338
3996,0.00125667
3997,0.00372128
3998,0.00410680
3999,0.00379878
4000,0.00416186
4001,0.00155412
4002,0.00126947
4003,0.00288785
4004,0.01540537
4005,0.00073158
4006,0.00440019
4007,0.01384244
4008,0.00163940
4009,0.00382654
4010,0.00342527
4011,0.01513743
4012,0.00128561
4013,0.00565483
4014,0.00149291
4015,0.00156491
4016,0.00162686
4017,0.00177542
4018,0.00502188
4019,0.00200545
4020,0.00235274
4021,0.00143000
4022,0.00121766
4023,0.00650797
4024,0.00285272
4025,1.68794442
4026,0.00193377
4027,0.00301415
4028,0.00209081
4029,0.00068630
4030,0.00132208
4031,0.00091240
4032,0.00284264
4033,0.00358989
4034,0.00076490
4035,0.00068287
4036,0.00130924
4037,0.01272905
4038,0.01330263
4039,0.00474856
4040,0.00539234
4041,0.00251812
4042,0.00214975
4043,0.00922953
4044,0.00532613
4045,0.00237525
4046,0.00120890
4047,0.00184514
4048,0.00159111
4049,0.00285169
4050,0.00211899
4051,0.00087231
4052,0.00144913
4053,0.00883905
4054,0.00087551
4055,0.00132041
4056,0.00154157
4057,0.00411220
4058,0.00235928
4059,0.00095066
4060,0.00775282
4061,0.00169823
4062,0.00134961
4063,0.00355592
4064,0.00354204
4065,0.00720302
4066,0.00120742
4067,0.00054083
4068,0.01566911
4069,0.00199756
4070,0.00095981
4071,0.00362342
4072,0.00169911
4073,0.00174816
4074,0.00449402
4075,0.00368444
4076,0.00129625
4077,0.00079420
4078,0.00071155
4079,0.00334814
4080,0.00090212
4081,0.00183239
4082,0.02278252
4083,0.00088026
4084,0.00551164
4085,0.00164644
4086,0.00432890
4087,0.00146127
4088,0.00171548
4089,0.00072303
4090,0.00087411
4091,0.00186513
4092,0.00422927
4093,0.00084910
4094,0.00119078
4095,0.01261811
4096,0.00110707
4097,0.01151086
4098,0.00093585
4099,0.01347475
4100,0.00288769
4101,0.00105582
4102,0.00096068
4103,0.00156558
4104,0.00159435
4105,0.00114353
4106,1.02145867
4107,0.00201732
4108,0.02801396
4109,0.00243099
4110,0.00427342
4111,0.00089286
4112,0.00100882
4113,0.00005686
4114,0.00278589
4115,0.00350017
4116,0.00402973
4117,0.00123016
4118,0.00466131
4119,0.00415434
4120,0.00276305
4121,0.01733633
4122,0.00364699
4123,0.15296482
4124,0.01445157
4125,0.00454035
4126,0.00113063
4127,1.65965544
4128,0.00053053
4129,0.00056076
4130,0.00185432
4131,0.00076968
4132,0.00155080
4133,0.00399805
4134,0.00100979
4135,0.00288144
4136,0.00189415
4137,0.00105815
4138,0.00379529
4139,0.00130843
4140,0.00521236
4141,0.00107265
4142,0.00280785
4143,0.00190709
4144,0.00116363
4145,0.00238955
4146,0.00676896
4147,0.00243950
4148,0.00087746
4149,0.00228805
4150,0.00130668
4151,0.00181055
4152,0.00137831
4153,0.00391914
4154,0.00080802
4155,0.00106448
4156,0.00115655
4157,0.00138517
4158,0.00462017
4159,0.00114766
4160,0.00177580
4161,0.00191139
4162,0.00317023
4163,0.00954752
4164,0.00203901
4165,0.00455683
4166,0.00187310
4167,0.00062911
4168,0.00180526
4169,0.01776731
4170,0.00141675
4171,0.01109192
4172,0.00452205
4173,0.00200363
4174,0.00145359
4175,0.00087289
4176,0.00297663
4177,0.00439129
4178,0.00939766
4179,0.00373645
4180,0.00224653
4181,0.01503835
4182,0.00398915
4183,0.01253459
4184,0.00141189
4185,0.00306913
4186,0.00181449
4187,0.00199427
4188,0.00533925
4189,0.00122120
4190,0.00095973
4191,0.01614526
4192,0.69888818
4193,0.00322035
4194,0.00492672
4195,0.00929171
4196,0.00120490
4197,0.00070698
4198,0.00087854
4199,0.00157920
4200,0.01324022
4201,0.00163491
4202,0.00469347
4203,0.00363589
4204,0.00107412
4205,0.00240787
4206,0.00261728
4207,0.00114628
4208,0.46788316
4209,0.00152428
4210,0.00089787
4211,0.00476970
4212,0.00122896
4213,0.00218283
4214,0.00198748
4215,0.00070596
4216,0.00094261
4217,0.00159105
4218,0.00488391
4219,0.00364429
4220,0.00462116
4221,0.00234141
4222,0.00829779
4223,0.00241910
4224,0.02541778
4225,0.00145539
4226,0.00450602
4227,0.00103176
4228,0.00132467
4229,0.00419155
4230,0.00191104
4231,0.00186750
4232,0.00070924
4233,0.00141392
4234,0.00238260
4235,0.00316430
4236,0.01666949
4237,0.00092804
4238,0.00240398
4239,0.01274568
4240,0.00128274
4241,0.00513754
4242,0.00566675
4243,0.24111076
4244,0.00480626
4245,0.00183558
4246,0.00067857
4247,0.00146573
4248,0.00203940
4249,0.00359354
4250,0.00158101
4251,0.00043909
4252,0.00321527
4253,0.00334836
4254,0.00268363
4255,0.00404706
4256,0.00395202
4257,0.00376623
4258,0.00301110
4259,0.00143299
4260,0.00120222
4261,1.68576150
4262,0.00304952
4263,0.00045770
4264,0.00186103
4265,0.00353856
4266,0.13204647
4267,0.00173679
4268,0.00115476
4269,0.00368593
4270,0.00435896
4271,0.00356876
4272,0.00074454
4273,0.00380205
4274,0.73453376
4275,0.00462775
4276,0.00210074
4277,0.00061508
4278,0.00082461
4279,0.00212447
4280,0.00320516
4281,0.00154688
4282,0.00107700
4283,0.00245457
4284,0.00152637
4285,0.00466765
4286,0.00068188
4287,0.00111980
4288,0.00076163
4289,0.00144697
4290,0.00103369
4291,0.00155675
4292,0.00097561
4293,0.00169034
4294,0.00197949
4295,0.00146109
4296,0.00093440
4297,0.01116244
4298,0.00054773
4299,0.00405658
4300,0.00092186
4301,0.00070610
4302,0.00179598
4303,0.00381334
4304,0.00189129
4305,0.00136128
4306,0.00150233
4307,0.00155747
4308,0.00086642
4309,0.00141122
4310,0.00195209
4311,0.00145895
4312,0.00374543
4313,0.00078768
4314,0.00236279
4315,0.00048036
4316,0.00222676
4317,0.00091422
4318,0.00255809
4319,0.00266916
4320,0.00635112
4321,0.00209847
4322,0.00309479
4323,0.01138035
4324,0.00366957
4325,0.00065179
4326,0.00088059
4327,0.00082125
4328,0.01278163
4329,0.00104047
4330,0.00127654
4331,0.00998578
4332,0.00197871
4333,0.00146937
4334,0.00105429
4335,0.00121135
4336,1.55690341
4337,0.00323672
4338,0.00154427
4339,0.13038114
4340,0.00081231
4341,0.00194157
4342,0.00216511
4343,0.00238441
4344,0.00220614
4345,0.00076183
4346,0.00429074
4347,0.01415331
4348,0.00126615
4349,0.00486748
4350,0.00234349
4351,0.00138537
4352,0.00289711
4353,0.00101977
4354,0.00334323
4355,0.00333355
4356,0.01505985
4357,0.00328534
4358,0.00064886
4359,0.00110200
4360,0.00104619
4361,0.00056956
4362,0.00171026
4363,0.00219186
4364,0.00238035
4365,0.00141918
4366,0.00080131
4367,0.00089495
4368,0.00065478
4369,0.00245643
4370,0.02828796
4371,0.00341090
4372,0.00213788
4373,0.00267638
4374,0.00133571
4375,0.00323070
4376,0.00098014
4377,1.21377196
4378,0.00109379
4379,0.00082427
4380,0.00130341
4381,0.00160077
4382,0.00455604
4383,0.00707876
4384,0.00143139
4385,0.01222737
4386,0.00161191
4387,0.00069301
4388,0.28317042
4389,0.01280131
4390,0.00131590
4391,0.00127550
4392,0.02931202
4393,0.00472450
4394,0.00209601
4395,0.00107104
4396,0.00244666
4397,0.00833644
4398,0.00057152
4399,0.00078757
4400,0.00181087
4401,0.00358866
4402,0.00261378
4403,0.00081279
4404,0.00177560
4405,0.00453959
4406,0.00109012
4407,0.00151970
4408,0.00086217
4409,0.00121614
4410,0.00129739
4411,0.00077322
4412,0.00062054
4413,0.00133023
4414,0.00082938
4415,0.00156974
4416,0.00613631
4417,0.00370032
4418,0.00078268
4419,0.00111726
4420,0.00233825
4421,0.00105131
4422,0.00407580
4423,0.00157608
4424,0.00064230
4425,0.00195446
4426,0.00136365
4427,0.00098730
4428,0.00076862
4429,0.00934953
4430,0.00051382
4431,0.00145720
4432,0.00071756
4433,0.00147189
4434,0.00328421
4435,0.00062450
4436,0.00368756
4437,0.00202658
4438,0.00201595
4439,0.00058437
4440,0.00159391
4441,0.00066284
4442,0.00394819
4443,0.00145059
4444,0.00804977
4445,0.00299776
4446,0.11002920
4447,0.00073799
4448,0.00306730
4449,0.00095329
4450,0.00162516
4451,0.00171406
4452,0.00239131
4453,0.00765573
4454,0.00090952
4455,0.00142506
4456,0.00117341
4457,0.00174783
4458,0.00082730
4459,0.00387373
4460,0.00149824
4461,0.00060283
4462,0.00522629
4463,0.01439529
4464,0.00091298
4465,0.00264976
4466,0.00087917
4467,0.00211944
4468,0.00230585
4469,0.00167527
4470,0.00190475
4471,0.01481281
4472,0.00626958
4473,0.00139844
4474,0.00910291
4475,0.00060727
4476,0.00040624
4477,0.05550570
4478,0.00075258
4479,0.00068475
4480,0.00425259
4481,0.01216481
4482,0.00655706
4483,0.01186247
4484,0.00144096
4485,0.00239778
4486,0.00171436
4487,0.00105168
4488,0.00540369
4489,0.01757867
4490,0.00346746
4491,0.00175854
4492,0.00183730
4493,0.00196759
4494,0.00292472
4495,0.00373106
4496,0.00078113
4497,0.00102633
4498,0.00141290
4499,0.00359652
4500,0.00291715
4501,0.00150381
4502,0.00085277
4503,0.00271281
4504,0.00082751
4505,0.00222465
4506,0.01526155
4507,0.00089425
4508,0.00261111
4509,0.00096586
4510,0.00311741
4511,0.00211719
4512,0.00070093
4513,0.00073661
4514,0.01399173
4515,0.00101885
4516,0.00076340
4517,0.00222912
4518,0.00505702
4519,0.00117850
4520,0.00191787
4521,0.00175033
4522,0.01384001
4523,0.00104410
4524,0.00121142
4525,0.00375698
4526,0.00159071
4527,0.00283461
4528,0.00560680
4529,0.00135941
4530,0.00070367
4531,1.20058601
4532,0.00280678
4533,0.01656115
4534,0.00310718
4535,0.00085653
4536,0.00420042
4537,0.00289633
4538,0.00203269
4539,0.00192603
4540,0.00362119
4541,0.00066224
4542,0.00120090
4543,0.00345407
4544,0.00321557
4545,0.00272396
4546,0.00063413
4547,0.00100124
4548,0.00189765
4549,0.00149435
4550,0.01826826
4551,0.00381933
4552,0.01611821
4553,0.00214734
4554,0.02507334
4555,0.00091775
4556,0.00175391
4557,0.00052315
4558,0.00172443
4559,0.00374565
4560,0.00399752
4561,0.00162494
4562,0.01427888
4563,0.00113364
4564,0.00251206
4565,0.00104896
4566,0.00060991
4567,0.00150436
4568,0.02357863
4569,0.00112138
4570,0.00191917
4571,0.00158606
4572,0.00119790
4573,0.00121502
4574,0.00144779
4575,0.00212722
4576,0.00207886
4577,0.00268337
4578,0.00072792
4579,0.00124857
4580,0.00134071
4581,0.00862445
4582,0.00080733
4583,0.00264909
4584,0.00227634
4585,0.00142941
4586,0.00070108
4587,0.00274981
4588,0.00092174
4589,0.00358741
4590,0.00331821
4591,0.01783299
4592,0.00154919
4593,0.00254951
4594,0.00663185
4595,0.00114719
4596,0.00436683
4597,0.00201062
4598,0.00133025
4599,0.00153600
4600,0.00111856
4601,0.00063477
4602,0.00131018
4603,0.00117112
4604,0.00253461
4605,0.00084861
4606,0.02846806
4607,0.00205207
4608,0.00270066
4609,0.00110119
4610,0.00053645
4611,0.00397340
4612,0.00103010
4613,0.00074158
4614,0.00097469
4615,0.00208092
4616,0.00350725
4617,0.57169852
4618,0.00057279
4619,0.00204601
4620,0.01524582
4621,0.00336992
4622,0.00333088
4623,0.00417555
4624,0.02638482
4625,0.00298070
4626,0.00172205
4627,0.00522091
4628,0.00057372
4629,0.00153779
4630,0.00107660
4631,0.00106709
4632,0.00396495
4633,0.00184962
4634,0.00063182
4635,0.01750708
4636,0.00123926
4637,0.02593239
4638,0.00243485
4639,0.00710145
4640,0.00339994
4641,0.00067668
4642,0.00324183
4643,0.00450987
4644,0.00327389
4645,0.00263550
4646,0.00134852
4647,0.00216571
4648,0.00423111
4649,0.00104177
4650,0.01419187
4651,0.00206751
4652,0.00254549
4653,0.00139192
4654,0.00091886
4655,0.00313936
4656,0.00389981
4657,0.78360911
4658,0.00233022
4659,0.00116341
4660,0.00261289
4661,0.01136279
4662,0.00210772
4663,0.01389547
4664,0.00142244
4665,0.00228672
4666,0.00186803
4667,0.00247479
4668,0.02502468
4669,0.00135186
4670,0.00216419
4671,0.00247128
4672,0.00107176
4673,0.00100097
4674,0.00329485
4675,0.00413751
4676,0.00069122
4677,0.00122522
4678,0.00062239
4679,0.00459646
4680,0.00395958
4681,0.00086524
4682,0.00219132
4683,0.00941109
4684,0.00111135
4685,0.00279533
4686,0.00631650
4687,0.00248696
4688,0.00070945
4689,0.00342699
4690,0.00063436
4691,0.01328098
4692,0.00074953
4693,0.00123657
4694,0.56129709
4695,0.00152917
4696,0.00265500
4697,0.00202533
4698,0.00067954
4699,0.00094498
4700,0.00337435
4701,0.00706793
4702,0.00279462
4703,0.00360475
4704,0.00134432
4705,0.00289670
4706,0.00082096
4707,0.00095859
4708,0.00521868
4709,0.00146539
4710,0.00126356
4711,0.00160980
4712,0.00113117
4713,0.00282512
4714,0.00172694
4715,0.00100456
4716,0.00132753
4717,0.00112816
4718,0.00222100
4719,0.00385299
4720,0.00360255
4721,0.00191254
4722,0.00112707
4723,0.00087840
4724,0.00339132
4725,0.00133899
4726,0.00128192
4727,0.00113718
4728,0.00213166
4729,0.00086271
4730,0.00059634
4731,0.00094377
4732,0.00124179
4733,0.00097123
4734,0.00068750
4735,0.01266358
4736,0.00254989
4737,0.00139314
4738,0.00152236
4739,0.00241180
4740,0.00099704
4741,0.00109583
4742,0.00232475
4743,0.00431176
4744,0.00095628
4745,0.00132565
4746,0.00176403
4747,0.00154722
4748,0.01313928
4749,0.00024837
4750,0.00068736
4751,0.00172045
4752,0.00037785
4753,0.00131316
4754,0.00112260
4755,0.00368103
4756,0.00218419
4757,0.00000761
4758,0.00084116
4759,0.00070107
4760,0.00095344
4761,0.00352039
4762,0.00093352
4763,0.00094256
4764,0.00698709
4765,0.00086833
4766,0.00086024
4767,0.00221863
4768,0.01336018
4769,0.00098156
4770,0.00241835
4771,0.00076264
4772,0.00117985
4773,0.01848063
4774,0.00074857
4775,0.00170322
4776,0.00374216
4777,0.00213579
4778,0.00578014
4779,0.00559467
4780,0.00108838
4781,0.00324429
4782,0.00074054
4783,0.00201923
4784,0.00395498
4785,0.00155572
4786,0.00080497
4787,0.00188198
4788,0.00110012
4789,0.00406709
4790,0.00328798
4791,0.00110790
4792,0.00412012
4793,0.00050441
4794,0.00061989
4795,0.00292415
4796,0.00340264
4797,0.00107229
4798,0.00127670
4799,0.00211882
4800,0.00067708
4801,0.00383458
4802,0.00303116
4803,0.00459604
4804,0.00116140
4805,0.00426824
4806,0.00105610
4807,0.00226116
4808,0.00353139
4809,0.00181181
4810,0.00184572
4811,0.00109863
4812,0.00885525
4813,0.00544762
4814,0.00127512
4815,0.00107106
4816,0.00208005
4817,0.02569473
4818,0.00449642
4819,0.00201248
4820,0.00142270
4821,0.00097270
4822,0.00390693
4823,0.00248009
4824,0.00137489
4825,0.00058706
4826,0.00218867
4827,0.00728603
4828,0.00092939
4829,0.00386079
4830,0.00079723
4831,0.00060215
4832,0.00562834
4833,0.00331414
4834,0.00374448
4835,0.01199739
4836,0.00081355
4837,0.00233069
4838,0.00226934
4839,0.00043124
4840,0.00158605
4841,0.00331684
4842,0.00404167
4843,0.00065004
4844,0.00092220
4845,0.00181659
4846,0.00097181
4847,0.00160885
4848,0.00096893
4849,0.00158291
4850,0.00080364
4851,0.00146197
4852,0.00103344
4853,0.00219376
4854,0.00183440
4855,0.00337312
4856,0.00206989
4857,0.00071216
4858,0.00104328
4859,0.00135667
4860,0.00222602
4861,0.00200893
4862,0.00128506
4863,0.00105773
4864,0.00090686
4865,0.00157021
4866,0.00333023
4867,0.00636013
4868,0.00220090
4869,0.00211580
4870,0.00077300
4871,0.00388265
4872,0.00174031
4873,0.00368853
4874,0.00212765
4875,0.01281591
4876,0.00084839
4877,0.00163914
4878,0.00120164
4879,0.00089888
4880,0.00133963
4881,0.00309501
4882,0.00118529
4883,0.00571725
4884,0.00688117
4885,0.00206538
4886,0.00076581
4887,0.00134811
4888,0.00411752
4889,0.00120354
4890,0.00134317
4891,0.00267157
4892,0.01170482
4893,0.00554025
4894,0.00126158
4895,0.00256721
4896,0.00217261
4897,0.00413487
4898,0.01239448
4899,0.00379957
4900,0.00369702
4901,0.00350475
4902,0.00214732
4903,0.00345125
4904,0.00523104
4905,0.00331301
4906,0.00302889
4907,0.00214595
4908,0.00107917
4909,0.00308421
4910,0.01519316
4911,0.00149872
4912,0.00260458
4913,0.00548469
4914,0.01334976
4915,0.00154776
4916,0.00062412
4917,0.00246944
4918,0.01153195
4919,0.00079920
4920,0.00076907
4921,0.00203398
4922,0.00181643
4923,0.01149479
4924,0.00383215
4925,0.00108907
4926,0.00110642
4927,0.00357221
4928,0.00883692
4929,0.00001143
4930,0.00211613
4931,0.02799996
4932,0.00105194
4933,0.00092544
4934,0.00118581
4935,0.01189373
4936,1.72898290
4937,0.00148210
4938,0.01169571
4939,0.00165528
4940,0.00836941
4941,0.00458041
4942,0.00097376
4943,0.00163646
4944,0.00255457
4945,0.00094140
4946,0.00177971
4947,0.00133471
4948,0.00055855
4949,0.00129927
4950,0.00341987
4951,0.00405667
4952,0.00210742
4953,0.00238305
4954,0.00086728
4955,0.00131318
4956,0.00756962
4957,0.00372343
4958,0.00603812
4959,0.00083397
4960,0.00293219
4961,0.00084617
4962,0.00405868
4963,0.00153894
4964,0.00259743
4965,0.00154620
4966,0.00830759
4967,0.00121301
4968,0.00159138
4969,1.02012281
4970,0.00366080
4971,0.00084332
4972,0.00659997
4973,0.01099731
4974,0.00475671
4975,0.01852189
4976,0.00076120
4977,0.00097032
4978,1.61802980
4979,0.00490894
4980,1.43748654
4981,0.00228602
4982,0.00119242
4983,0.00096942
4984,0.00226644
4985,0.01249157
4986,0.00198676
4987,0.00128507
4988,0.00157231
4989,0.00337804
4990,0.00786244
4991,0.00094316
4992,0.00392159
4993,0.01058930
4994,0.00307618
4995,0.00072243
4996,0.00152237
4997,0.00077902
4998,0.00184088
4999,0.00386969
5000,0.00490918
5001,0.00268644
5002,0.00084508
5003,0.00368506
5004,0.00076669
5005,0.00119187
5006,0.00192316
5007,0.00075157
5008,0.00071539
5009,0.52898340
5010,0.00078442
5011,0.00394724
5012,0.00079977
5013,0.00131983
5014,0.00137258
5015,0.00129259
5016,0.00321062
5017,0.00293756
5018,0.00144770
5019,0.02579499
5020,0.00522928
5021,0.00099100
5022,0.00112680
5023,0.00077850
5024,0.00307918
5025,0.00203604
5026,0.00203423
5027,0.00320196
5028,0.00094410
5029,0.00301871
5030,0.00049850
5031,0.00106073
5032,0.00115834
5033,0.00211405
5034,0.00097934
5035,0.00187770
5036,0.00069868
5037,0.00137356
5038,0.00320295
5039,0.00427017
5040,0.00066304
5041,0.00197302
5042,0.00195881
5043,0.00147333
5044,0.00254375
5045,0.00103655
5046,0.00384720
5047,0.00098149
5048,0.00268997
5049,0.00180369
5050,0.00109054
5051,0.01362241
5052,0.00242228
5053,0.01996384
5054,0.00511095
5055,0.00177406
5056,0.00089470
5057,0.00113492
5058,0.00132348
5059,0.00134661
5060,0.64114636
5061,0.00389759
5062,0.00078045
5063,0.00207864
5064,0.00176103
5065,0.00197582
5066,0.02620904
5067,0.00209183
5068,0.00071910
5069,0.00377527
5070,0.01441206
5071,0.01575797
5072,1.04173848
5073,0.00505223
5074,0.00629177
5075,0.45454900
5076,0.00061462
5077,0.01191348
5078,0.00622949
5079,0.00195744
5080,0.00103340
5081,0.00523812
5082,0.00110401
5083,0.00110709
5084,0.00155198
5085,0.00287862
5086,0.00060050
5087,0.00162767
5088,0.00203858
5089,0.00501526
5090,0.00150638
5091,0.00087590
5092,0.00087018
5093,1.03050841
5094,0.00856795
5095,0.00207858
5096,0.00143081
5097,0.00181299
5098,0.00297113
5099,0.02580966
5100,0.00087113
5101,0.00179613
5102,0.00192360
5103,0.00158540
5104,0.00177796
5105,0.00205362
5106,0.00298125
5107,0.00202737
5108,0.92933819
5109,0.00360382
5110,0.00151047
5111,0.00215384
5112,0.02692565
5113,0.00149817
5114,0.00151969
5115,0.00094541
5116,0.01438624
5117,0.00335338
5118,0.00227726
5119,0.00168700
5120,0.00227087
5121,0.00088387
5122,0.00534982
5123,0.00134200
5124,0.00118777
5125,0.00226602
5126,0.00132876
5127,0.00269005
5128,0.01636272
5129,0.00171044
5130,0.55601551
5131,0.00059982
5132,0.02594251
5133,0.02338086
5134,0.00165840
5135,0.00409281
5136,0.00285655
5137,0.00306440
5138,0.00129929
5139,0.00110811
5140,0.00107147
5141,0.00066112
5142,0.00301615
5143,0.00326892
5144,0.00482289
5145,0.00104714
5146,0.00123649
5147,0.00107076
5148,0.00591226
5149,0.00734469
5150,0.01394624
5151,0.00154325
5152,0.01466347
5153,0.00283970
5154,0.00086815
5155,0.00431841
5156,0.01676864
5157,0.00020179
5158,0.00437575
5159,0.01352434
5160,0.00098464
5161,0.01753722
5162,0.00066315
5163,0.01478184
5164,0.00380785
5165,0.00354933
5166,0.02474452
5167,0.00156164
5168,0.00092104
5169,0.00543295
5170,0.00105021
5171,0.00145033
5172,0.00114104
5173,0.00347324
5174,0.00148333
5175,0.00448747
5176,0.02587889
5177,0.00137350
5178,0.00183258
5179,0.02595029
5180,0.00108175
5181,0.00078808
5182,0.00638679
5183,0.00023800
5184,0.00281643
5185,0.00165319
5186,0.01355538
5187,0.00237217
5188,0.00455585
5189,0.00077563
5190,0.00439572
5191,1.48457840
5192,0.00099268
5193,0.00909808
5194,0.01500480
5195,0.00113141
5196,0.00186524
5197,0.00325621
5198,0.00174133
5199,0.00161214
5200,0.00081564
5201,0.00457560
5202,0.00104099
5203,0.00164021
5204,0.00062112
5205,0.01643620
5206,0.00230618
5207,0.00150941
5208,0.00212441
5209,0.00112402
5210,0.00089398
5211,0.00259984
5212,0.00116165
5213,0.00143739
5214,0.00145985
5215,0.00147348
5216,0.00150884
5217,0.00309194
5218,0.01277949
5219,0.00085039
5220,0.00647592
5221,0.00136641
5222,0.00165572
5223,0.00145458
5224,0.00387252
5225,0.00219294
5226,0.00752873
5227,0.00059599
5228,0.00376998
5229,0.00142533
5230,0.00262734
5231,0.00409390
5232,0.00240465
5233,0.00076545
5234,0.00203929
5235,0.00082055
5236,0.00158615
5237,0.00091147
5238,0.00119222
5239,0.00307294
5240,0.00763756
5241,0.00203838
5242,0.00244265
5243,0.00368615
5244,0.00163763
5245,0.00126738
5246,0.00086372
5247,0.00295798
5248,0.00103178
5249,0.00206986
5250,0.00422822
5251,0.00720406
5252,0.00679756
5253,0.00170459
5254,0.01263239
5255,0.00104818
5256,0.00177821
5257,0.00180630
5258,0.00110877
5259,0.00248907
5260,0.00166181
5261,0.00077525
5262,0.01272614
5263,0.00219223
5264,0.01354173
5265,0.00073169
5266,0.00388286
5267,0.00079733
5268,0.00115248
5269,0.00101716
5270,0.00365213
5271,0.00442023
5272,0.00282545
5273,0.00077893
5274,0.00464278
5275,0.00261182
5276,0.00223929
5277,0.00318135
5278,0.00276275
5279,0.00159049
5280,0.00077104
5281,0.00128800
5282,0.00206489
5283,0.00235477
5284,0.00237862
5285,0.00396449
5286,0.00151177
5287,0.00132880
5288,0.00426676
5289,0.02273039
5290,0.00167377
5291,0.00051958
5292,0.00062280
5293,0.00163062
5294,0.00120389
5295,0.00107699
5296,0.00126708
5297,0.00379447
5298,0.90889430
5299,0.00136924
5300,0.00161726
5301,0.00131238
5302,0.00116812
5303,0.00087155
5304,0.00440026
5305,0.00090065
5306,0.00227146
5307,0.00128482
5308,0.00355744
5309,0.00479858
5310,0.01422148
5311,0.00244757
5312,0.00117877
5313,0.00169773
5314,0.00116691
5315,0.02641446
5316,0.00157942
5317,0.00096903
5318,0.00091122
5319,0.00106467
5320,0.00067670
5321,0.00215463
5322,0.00087405
5323,0.00089763
5324,0.00391045
5325,0.00208644
5326,0.00209884
5327,0.00204125
5328,0.00306601
5329,0.00206156
5330,0.00296174
5331,0.00220746
5332,0.00077086
5333,0.00380741
5334,0.00423813
5335,0.00163247
5336,0.00209290
5337,0.00218964
5338,0.02615727
5339,0.00255785
5340,0.00046585
5341,0.00140111
5342,0.00540765
5343,0.00090696
5344,0.00194347
5345,0.00426468
5346,0.00316388
5347,0.00110409
5348,0.00286016
5349,0.00102987
5350,0.00374423
5351,0.00069835
5352,0.00086918
5353,0.00328713
5354,0.00449313
5355,0.00100902
5356,0.00215293
5357,0.00161300
5358,0.00315814
5359,0.00241674
5360,0.00359425
5361,0.00055604
5362,0.01490328
5363,0.00383587
5364,0.02398171
5365,0.00173842
5366,0.00231068
5367,0.01263026
5368,0.00204129
5369,0.00167331
5370,0.00078759
5371,0.00068289
5372,0.00092436
5373,0.00302425
5374,0.00298068
5375,0.00434010
5376,0.00177019
5377,0.00471339
5378,0.00391551
5379,0.00313496
5380,0.00234570
5381,0.00211293
5382,0.00600286
5383,0.00328810
5384,0.00133704
5385,0.00230221
5386,0.00284651
5387,0.00090458
5388,0.00142473
5389,0.02664296
5390,0.00141463
5391,0.00081894
5392,0.00062473
5393,0.00377874
5394,0.00174424
5395,0.00583121
5396,0.00167855
5397,0.00066726
5398,0.00170778
5399,0.00052211
5400,0.00206098
5401,0.00482234
5402,0.00088661
5403,0.00103165
5404,0.00275137
5405,0.00251978
5406,0.00056919
5407,0.00127908
5408,0.00238332
5409,0.00194594
5410,0.01446508
5411,0.00086605
5412,0.01125823
5413,0.00607744
5414,0.00351219
5415,0.00257104
5416,0.00087385
5417,0.00383106
5418,0.00096222
5419,0.00062166
5420,0.00099786
5421,0.00142551
5422,0.00337562
5423,0.00245814
5424,0.00176323
5425,0.00203161
5426,0.00249063
5427,0.00071798
5428,0.00126910
5429,0.00085598
5430,0.00207251
5431,0.00428390
5432,0.00053606
5433,0.00071355
5434,0.00175219
5435,0.01313989
5436,0.00441591
5437,0.00124978
5438,0.00116039
5439,0.00105699
5440,0.00389218
5441,0.00368787
5442,0.00079733
5443,0.02669647
5444,0.00154081
5445,0.00429744
5446,0.00127911
5447,0.00403231
5448,0.24630042
5449,0.00163596
5450,0.00393463
5451,0.00164568
5452,0.00176593
5453,0.00396333
5454,0.00104172
5455,0.00304931
5456,0.00068454
5457,0.00157201
5458,0.00706470
5459,0.00131287
5460,0.00226398
5461,0.00080545
5462,0.00078148
5463,0.00229677
5464,0.00388221
5465,0.00452561
5466,0.01289959
5467,0.00093150
5468,0.00781716
5469,0.00102142
5470,0.00803329
5471,0.01074181
5472,0.00336865
5473,0.02710737
5474,0.00215360
5475,0.00058609
5476,0.01036293
5477,0.00169315
5478,0.00346063
5479,0.00117779
5480,0.00142120
5481,0.00171400
5482,0.00078433
5483,1.21973079
5484,0.00279632
5485,0.00264067
5486,0.00153992
5487,0.00079379
5488,0.00074402
5489,0.00896740
5490,0.00458881
5491,0.00262955
5492,0.00405509
5493,0.00041370
5494,0.00151753
5495,0.00409466
5496,0.00232603
5497,0.00076641
5498,0.00369958
5499,0.00247956
5500,0.00163540
5501,0.00070895
5502,0.00516799
5503,0.00080667
5504,0.01809041
5505,0.01443419
5506,0.00203674
5507,0.00122840
5508,0.00103695
5509,0.00083560
5510,0.00138483
5511,0.00140392
5512,0.00161512
5513,0.00095493
5514,0.00399735
5515,0.00179084
5516,0.00197761
5517,0.00139370
5518,0.00087094
5519,0.00098100
5520,0.00370469
5521,0.00106233
5522,0.00094485
5523,0.00086691
5524,0.00326602
5525,0.00395358
5526,0.01308082
5527,0.00427813
5528,0.00057418
5529,0.00100704
5530,0.00096521
5531,0.04065259
5532,0.00073481
5533,0.00375829
5534,0.00570656
5535,0.00116343
5536,0.00096554
5537,0.00075226
5538,0.00134897
5539,0.00106402
5540,0.00068895
5541,0.02403506
5542,0.00295682
5543,0.00618398
5544,0.00340168
5545,0.00073508
5546,0.01232826
5547,0.00531574
5548,0.00158182
5549,0.00461907
5550,0.00164636
5551,0.00253554
5552,0.00327740
5553,0.00130449
5554,0.00135826
5555,0.00260196
5556,0.00075733
5557,0.00216588
5558,0.00062852
5559,0.00116117
5560,0.00078865
5561,0.00285178
5562,0.00387223
5563,1.05652655
5564,0.02628046
5565,0.00148510
5566,0.00070848
5567,0.00218765
5568,0.00074182
5569,0.00082883
5570,0.00314419
5571,0.00340849
5572,0.00160644
5573,0.00129196
5574,0.00118047
5575,0.00414946
5576,0.00171962
5577,0.00231535
5578,0.00029214
5579,0.00217574
5580,0.00077128
5581,0.01865006
5582,0.00057437
5583,0.00072720
5584,0.00080722
5585,0.00156970
5586,0.00159205
5587,0.00192352
5588,0.00202251
5589,0.00059648
5590,0.00070227
5591,0.00355149
5592,0.00195321
5593,0.01392605
5594,0.00105703
5595,0.00098707
5596,0.00118146
5597,0.00058994
5598,0.01377833
5599,0.00859673
5600,0.00111165
5601,0.00201047
5602,0.00336438
5603,0.00986041
5604,0.00363671
5605,0.00096425
5606,0.00372349
5607,0.00170433
5608,0.00178956
5609,0.00200293
5610,0.00231908
5611,0.00107977
5612,0.00537436
5613,0.00403410
5614,0.00195351
5615,0.00141570
5616,0.00126163
5617,0.00088466
5618,0.00284999
5619,0.00131839
5620,0.00106480
5621,0.00344391
5622,0.00407608
5623,0.00090573
5624,0.02144816
5625,0.24703910
5626,0.00068539
5627,0.00164338
5628,0.00141644
5629,0.00086270
5630,0.00286545
5631,1.76690363
5632,0.00137340
5633,0.00419018
5634,0.00083087
5635,0.00103766
5636,0.00694608
5637,0.00084407
5638,0.00292264
5639,0.00546925
5640,0.00119896
5641,0.00591057
5642,0.00072877
5643,0.00116153
5644,0.00274874
5645,0.00140706
5646,0.00068825
5647,0.00105609
5648,0.00088949
5649,0.00417659
5650,0.00438392
5651,0.00243765
5652,0.00086385
5653,0.00106207
5654,0.01576583
5655,0.00091619
5656,0.00242921
5657,0.00202735
5658,0.00369743
5659,0.00093983
5660,0.00104841
5661,0.00179811
5662,0.00248335
5663,0.00096751
5664,0.00166608
5665,0.00081115
5666,0.00138834
5667,0.01227188
5668,0.00569835
5669,0.00351140
5670,0.00160064
5671,0.00255639
5672,0.00122785
5673,0.00138154
5674,0.00430044
5675,0.00161543
5676,0.02633001
5677,0.00836608
5678,0.00421211
5679,0.00110369
5680,0.00129866
5681,0.00249330
5682,0.00252386
5683,0.00350232
5684,0.00434238
5685,0.00411727
5686,0.00416365
5687,0.00101610
5688,0.00290983
5689,0.00353942
5690,0.00143750
5691,0.00105505
5692,0.00066637
5693,0.00286289
5694,0.00136657
5695,0.00062180
5696,0.00336302
5697,0.00199744
5698,1.18613117
5699,0.00122427
5700,0.00065101
5701,0.00439781
5702,0.00693857
5703,0.00142364
5704,0.00086280
5705,0.00159395
5706,0.00156441
5707,0.00075475
5708,0.00305605
5709,0.00107032
5710,0.00079605
5711,0.00077863
5712,0.00143572
5713,0.00060498
5714,0.00870145
5715,0.31220683
5716,0.00162744
5717,0.00154426
5718,0.00103415
5719,0.00111415
5720,0.03696002
5721,0.00394081
5722,0.00294607
5723,0.00160968
5724,0.00164488
5725,0.00159240
5726,0.00100293
5727,0.00175359
5728,0.00201184
5729,1.08757181
5730,0.00175523
5731,0.00070355
5732,0.00102522
5733,0.00077023
5734,0.00112540
5735,0.00111415
5736,0.00118964
5737,0.00213522
5738,0.00924453
5739,0.00217401
5740,0.00579001
5741,0.00397830
5742,0.00065241
5743,0.00059216
5744,0.00371358
5745,0.00226692
5746,0.00519776
5747,0.00104350
5748,0.00078435
5749,0.00139249
5750,0.00472710
5751,1.21660012
5752,0.00064451
5753,0.00324523
5754,0.00401746
5755,0.00209291
5756,0.00204870
5757,0.00064169
5758,0.00346546
5759,0.00398652
5760,0.01521106
5761,0.00127049
5762,0.00081151
5763,0.01908233
5764,0.00062002
5765,0.01611821
5766,0.00086261
5767,0.00229527
5768,0.02420026
5769,0.00107612
5770,0.00067273
5771,0.00204821
5772,0.00086920
5773,0.00069135
5774,0.00363869
5775,0.00859160
5776,0.00201831
5777,0.00195235
5778,0.00401034
5779,0.00221697
5780,0.00128926
5781,0.00146739
5782,0.00139208
5783,0.00381090
5784,0.01398112
5785,0.00104611
5786,0.00370092
5787,0.01526477
5788,0.00367042
5789,0.00087015
5790,0.00241146
5791,0.01144465
5792,0.00818793
5793,0.00099063
5794,0.00206603
5795,0.01648708
5796,0.00094268
5797,0.00109569
5798,0.01356302
5799,0.01485573
5800,0.00248188
5801,0.00444716
5802,0.00067749
5803,0.00114510
5804,0.00067188
5805,0.00091942
5806,0.00095497
5807,0.00356863
5808,0.00045424
5809,0.01498867
5810,0.00317803
5811,0.00101092
5812,0.00257352
5813,0.00337518
5814,0.00111535
5815,0.00263156
5816,0.00310554
5817,0.00211264
5818,0.00124115
5819,0.00107799
5820,0.00055399
5821,0.00055839
5822,0.00157604
5823,0.00117870
5824,0.00052102
5825,0.00213269
5826,0.00117364
5827,0.00147235
5828,0.00539970
5829,0.00134058
5830,0.00145948
5831,0.00593665
5832,0.00084090
5833,0.00487560
5834,0.00347829
5835,0.01203416
5836,0.00168243
5837,0.01216000
5838,0.00207980
5839,0.00083218
5840,0.00273460
5841,0.00072746
5842,0.00912221
5843,0.00335683
5844,0.00083663
5845,0.00069222
5846,0.00265205
5847,0.00395206
5848,0.00295021
5849,0.00346861
5850,0.00202673
5851,0.00406105
5852,0.00148810
5853,0.01554073
5854,0.00246294
5855,0.00263619
5856,0.00141325
5857,0.00186911
5858,0.00114784
5859,0.01128057
5860,0.00353452
5861,0.00429987
5862,0.00153263
5863,0.00073721
5864,0.97931173
5865,0.00332262
5866,0.00312596
5867,0.00175596
5868,0.01428847
5869,0.00308979
5870,0.00552643
5871,0.00082485
5872,0.00269598
5873,0.01205503
5874,0.00119966
5875,0.00061076
5876,0.00108612
5877,0.00376278
5878,0.00406985
5879,0.00183030
5880,0.00067247
5881,0.00099965
5882,0.00073362
5883,0.00096042
5884,0.00408673
5885,0.00173521
5886,0.00402615
5887,0.00459066
5888,0.00270173
5889,0.00098570
5890,0.01625259
5891,0.01347198
5892,0.00941713
5893,0.00547382
5894,0.00133452
5895,0.00102119
5896,0.00069941
5897,0.00123381
5898,0.00595686
5899,0.00274042
5900,0.00427221
5901,0.00706871
5902,0.01626902
5903,1.02526467
5904,0.00165984
5905,0.02161208
5906,0.01349012
5907,0.01680685
5908,0.00248152
5909,0.00134207
5910,0.00086449
5911,0.00341297
5912,0.00356209
5913,0.00118134
5914,0.00077891
5915,0.00066756
5916,0.00215104
5917,0.01510793
5918,0.00346165
5919,0.00291225
5920,0.00070372
5921,0.00417436
5922,0.00226104
5923,0.01267365
5924,0.00101978
5925,0.00166314
5926,0.00265439
5927,0.00076004
5928,0.00343870
5929,0.00199096
5930,0.80145464
5931,0.01367399
5932,0.01306976
5933,0.01328410
5934,0.00002843
5935,0.00352842
5936,0.00194879
5937,0.00073570
5938,0.00305083
5939,1.18925194
5940,0.00359899
5941,0.00887534
5942,0.00111597
5943,0.00235948
5944,0.00901130
5945,2.22563549
5946,0.00158503
5947,0.00094564
5948,0.00128146
5949,0.00208952
5950,0.00166191
5951,0.00142001
5952,0.00104252
5953,0.00541497
5954,0.00368717
5955,0.00187314
5956,0.00130887
5957,0.00315847
5958,0.00112623
5959,0.00283981
5960,0.00110479
5961,0.00131681
5962,0.00079668
5963,0.00447570
5964,0.00146449
5965,0.00071242
5966,0.00183640
5967,0.00444915
5968,0.00194395
5969,0.00525829
5970,0.00151100
5971,0.00373938
5972,0.00200127
5973,0.00212325
5974,0.00237018
5975,0.00003566
5976,0.00966823
5977,0.02736916
5978,0.00211250
5979,0.00165945
5980,0.00074171
5981,0.00129944
5982,0.00190306
5983,0.02664858
5984,0.00447275
5985,0.00131653
5986,0.00108853
5987,0.00446963
5988,0.00176522
5989,0.00099657
5990,0.00348895
5991,0.00133550
5992,0.00084514
5993,0.01437499
5994,0.00451914
5995,0.00291084
5996,0.00695676
5997,0.00208467
5998,0.00302510
5999,0.00099514
6000,0.00450696
6001,0.00138757
6002,0.00061527
6003,0.00424641
6004,0.00071391
6005,0.00217297
6006,0.00444144
6007,0.00143226
6008,0.00304644
6009,0.00199962
6010,0.00884793
6011,0.00119634
6012,0.01435709
6013,0.00109206
6014,0.00100483
6015,0.00413610
6016,0.00074532
6017,0.00261313
6018,0.74881719
6019,0.00381130
6020,0.00096332
6021,0.00079804
6022,0.00239590
6023,0.00058309
6024,0.00089888
6025,0.00230050
6026,0.00055224
6027,0.00077779
6028,0.00122905
6029,0.00339967
6030,0.00084343
6031,0.00127880
6032,0.00233572
6033,0.00084310
6034,0.00239769
6035,0.00097419
6036,0.00121767
6037,0.00201857
6038,0.01061776
6039,0.00546429
6040,0.00154075
6041,0.00421305
6042,0.49496914
6043,0.00226032
6044,0.00328839
6045,0.00068576
6046,0.18127727
6047,0.00061770
6048,0.00198851
6049,0.00405554
6050,0.00081258
6051,0.00205315
6052,0.00837586
6053,0.00219600
6054,0.00128936
6055,0.00117673
6056,0.00067413
6057,0.00114067
6058,0.00113273
6059,0.00533413
6060,0.00218418
6061,0.00096697
6062,0.00077713
6063,0.00190250
6064,0.00308031
6065,0.01522803
6066,0.00096173
6067,0.00087252
6068,0.02629595
6069,0.00122472
6070,0.00240463
6071,0.00064676
6072,0.00682197
6073,0.00162463
6074,0.00361851
6075,0.00365031
6076,0.00070339
6077,0.00144978
6078,0.00214471
6079,0.00425135
6080,0.00152621
6081,0.01158452
6082,0.00255219
6083,0.00213429
6084,0.00393612
6085,0.00117139
6086,0.00179468
6087,0.00182884
6088,0.00163487
6089,0.00373201
6090,0.00240823
6091,0.00361800
6092,0.00077736
6093,0.00190896
6094,0.00128655
6095,0.00332456
6096,1.29280881
6097,0.06462448
6098,0.00218979
6099,0.00279708
6100,0.00151359
6101,0.00836933
6102,0.00318984
6103,0.00171723
6104,1.24132085
6105,0.00310847
6106,0.00166618
6107,0.00134733
6108,0.00120773
6109,0.00123144
6110,0.00141162
6111,0.00428877
6112,0.02728701
6113,0.00082349
6114,0.01116401
6115,0.00254337
6116,0.00304691
6117,0.00117886
6118,0.01541658
6119,0.00184117
6120,0.00095479
6121,0.00089750
6122,0.00347802
6123,0.00078046
6124,0.00458474
6125,0.00535948
6126,0.00119022
6127,0.00301236
6128,0.00201523
6129,0.00219024
6130,0.00112043
6131,0.00235561
6132,0.00395050
6133,0.00074156
6134,0.00230181
6135,0.00104132
6136,0.00207768
6137,0.00136983
6138,0.00350303
6139,0.00389880
6140,0.00343823
6141,0.00220020
6142,0.00332181
6143,0.00226818
6144,0.00375852
6145,0.00108952
6146,0.01134743
6147,0.00237681
6148,0.00054349
6149,0.02593095
6150,0.00294585
6151,0.00091641
6152,0.00433367
6153,0.00119580
6154,0.00760938
6155,0.00087828
6156,0.00114007
6157,0.56575597
6158,0.00230427
6159,0.00277204
6160,0.00176969
6161,0.01219125
6162,0.00275907
6163,0.00133922
6164,0.00316033
6165,0.01715005
6166,0.01845421
6167,0.00136975
6168,0.00258648
6169,0.00194886
6170,0.00113772
6171,0.00091715
6172,0.00068342
6173,0.00112678
6174,0.00184350
6175,0.00503821
6176,0.00188943
6177,0.00106541
6178,0.00218989
6179,0.00115540
6180,0.00371783
6181,0.00131197
6182,0.00168757
6183,0.00290507
6184,0.00159533
6185,0.00134257
6186,0.00709361
6187,0.00099954
6188,0.00397722
6189,0.00143732
6190,0.00005750
6191,0.00099058
6192,0.00086790
6193,0.00389778
6194,0.00157405
6195,0.00476179
6196,0.00307343
6197,0.01345917
6198,0.00206574
6199,0.00097809
6200,0.00165192
6201,0.00168921
6202,0.00263582
6203,0.00100078
6204,2.00109757
6205,0.00401283
6206,0.00180550
6207,0.00074888
6208,0.00310939
6209,0.00180567
6210,0.00104768
6211,0.00120066
6212,0.00086355
6213,0.00469173
6214,0.00164574
6215,0.00400238
6216,0.00388965
6217,0.00279904
6218,0.00339769
6219,0.00296114
6220,0.00123479
6221,0.00188616
6222,0.00140442
6223,0.00095547
6224,0.00068408
6225,0.00749280
6226,0.00356323
6227,0.00195489
6228,0.00394783
6229,0.00128862
6230,0.00390595
6231,0.00082136
6232,0.00380287
6233,0.00442123
6234,0.00220035
6235,0.00409959
6236,0.00125858
6237,0.00245085
6238,0.00056243
6239,0.00381214
6240,0.00227732
6241,0.00058121
6242,0.00172811
6243,0.00089822
6244,0.00114411
6245,0.00166795
6246,0.00123235
6247,0.01045764
6248,0.00366580
6249,0.00063653
6250,0.00383742
6251,1.03387977
6252,0.00261245
6253,0.00351378
6254,0.00097487
6255,0.00134486
6256,0.01581800
6257,0.00320917
6258,0.00084396
6259,0.00294463
6260,0.00433361
6261,0.00397251
6262,0.00034786
6263,0.00425896
6264,0.00244042
6265,0.01358700
6266,0.00096982
6267,0.00089491
6268,0.00133257
6269,0.00371209
6270,0.00141359
6271,0.00062258
6272,0.00183786
6273,0.00175664
6274,0.00251617
6275,0.00590306
6276,0.00065791
6277,0.00086823
6278,0.00249974
6279,0.00405533
6280,0.00106861
6281,0.00584252
6282,0.00405164
6283,0.00217319
6284,0.00241673
6285,0.00101259
6286,0.00110460
6287,0.00180016
6288,0.00070446
6289,0.00750927
6290,0.00350232
6291,0.00173475
6292,0.00099597
6293,0.02640771
6294,0.00084942
6295,0.00233648
6296,0.00211403
6297,0.00153713
6298,0.00768145
6299,0.00067747
6300,0.10132356
6301,0.01297834
6302,0.01920952
6303,0.00121465
6304,0.00089969
6305,0.00982154
6306,0.00288159
6307,0.00469529
6308,0.00078971
6309,0.00684116
6310,0.00280458
6311,0.00328584
6312,0.01237052
6313,0.00076106
6314,0.00075190
6315,0.00278234
6316,0.00131488
6317,0.00165539
6318,0.00358372
6319,0.00358999
6320,0.00113694
6321,0.00153991
6322,0.00114765
6323,0.00156926
6324,0.00169197
6325,0.00122421
6326,0.00082555
6327,0.00077054
6328,0.00410787
6329,0.00100922
6330,0.01375901
6331,0.00076701
6332,0.01167704
6333,0.00066412
6334,0.00892292
6335,0.00612954
6336,0.00077924
6337,0.00122013
6338,0.00417393
6339,0.00055876
6340,0.00386976
6341,0.00186459
6342,0.00357465
6343,0.00175122
6344,0.00080683
6345,0.00106407
6346,0.00441664
6347,0.00081357
6348,0.00222256
6349,0.00259760
6350,0.00129546
6351,0.00125731
6352,0.00410209
6353,0.01682201
6354,0.00122402
6355,0.00123503
6356,0.00491854
6357,0.00107511
6358,0.00411902
6359,0.00437114
6360,0.00822150
6361,0.95006140
6362,0.00418021
6363,0.00123825
6364,0.00138427
6365,0.00094324
6366,0.00076513
6367,0.51318701
6368,0.00110401
6369,0.00135468
6370,0.00368658
6371,0.00075361
6372,0.00103676
6373,0.55551664
6374,0.00378759
6375,0.00198109
6376,0.00467486
6377,0.00119157
6378,0.00071833
6379,0.00263289
6380,0.00102071
6381,0.00088451
6382,0.00218027
6383,0.00128217
6384,0.00111584
6385,0.00123636
6386,0.00149360
6387,0.71782427
6388,0.01156631
6389,0.00068437
6390,0.00662396
6391,0.00261309
6392,0.00145610
6393,0.00148216
6394,0.00361210
6395,0.00790720
6396,0.00497487
6397,0.01320839
6398,0.00274247
6399,0.00091670
6400,0.00205265
6401,0.00440684
6402,0.00181445
6403,0.00377212
6404,0.00091368
6405,1.38621031
6406,0.00111927
6407,0.01093208
6408,0.00419720
6409,0.00147496
6410,0.00094071
6411,0.90258278
6412,0.00117718
6413,0.00603239
6414,0.01698401
6415,0.00100112
6416,0.01485265
6417,0.00163621
6418,0.00216534
6419,0.01422223
6420,0.00193938
6421,0.00049922
6422,0.00374552
6423,0.00292556
6424,0.00007653
6425,0.00110275
6426,0.01114090
6427,0.00577133
6428,0.00739994
6429,0.00074872
6430,0.00105234
6431,0.00275548
6432,0.00195136
6433,0.00451804
6434,0.00242127
6435,0.01286698
6436,0.00099641
6437,0.00206951
6438,0.00079558
6439,0.00119945
6440,0.00088013
6441,0.00181194
6442,0.00131580
6443,0.00808141
6444,0.00128251
6445,0.00344627
6446,0.00159437
6447,0.00152888
6448,0.00191475
6449,0.00380129
6450,0.00078822
6451,0.00046312
6452,0.00176469
6453,0.79183288
6454,0.00502945
6455,0.00171790
6456,0.00170706
6457,0.01630113
6458,0.00107720
6459,0.01568209
6460,0.00310776
6461,0.00507571
6462,0.01368417
6463,0.00089044
6464,0.00108286
6465,0.00125527
6466,0.00792158
6467,0.00165499
6468,0.00217806
6469,0.00178179
6470,0.00338866
6471,0.00071260
6472,0.00312915
6473,0.00342510
6474,0.00182007
6475,0.05435281
6476,0.01681395
6477,0.00738538
6478,0.00209901
6479,0.00110918
6480,0.00098245
6481,0.00197802
6482,0.00112481
6483,0.00064676
6484,0.00378164
6485,0.00405556
6486,0.01540749
6487,0.00499885
6488,0.00342766
6489,0.00428696
6490,0.00090475
6491,0.00161008
6492,0.00164439
6493,0.00085750
6494,0.00354803
6495,0.00108942
6496,0.00086329
6497,0.00117075
6498,0.00093331
6499,0.00104069
6500,0.00246969
6501,0.00202076
6502,0.00062972
6503,0.00113646
6504,0.00450930
6505,0.05809476
6506,0.00086750
6507,0.03690891
6508,0.00488992
6509,0.00441486
6510,0.00526146
6511,0.00293508
6512,0.00111666
6513,0.00078930
6514,0.00079028
6515,0.00077935
6516,0.00127908
6517,0.00069619
6518,0.00377000
6519,0.00128250
6520,0.00325427
6521,0.00125421
6522,0.00435215
6523,0.00156216
6524,0.00071652
6525,0.00270590
6526,0.00325487
6527,0.80180563
6528,0.00058164
6529,0.00401331
6530,0.00095207
6531,0.00193836
6532,0.00667222
6533,0.00279228
6534,0.00156522
6535,0.02581587
6536,0.00098679
6537,0.00801455
6538,0.00287538
6539,0.00078798
6540,0.01376780
6541,0.00081235
6542,0.00071177
6543,0.00068235
6544,0.00091795
6545,0.00261784
6546,0.00063734
6547,0.00226882
6548,0.00286907
6549,0.00353931
6550,0.00102661
6551,0.00069356
6552,0.00320767
6553,0.00819193
6554,0.00173360
6555,0.00111382
6556,0.00114340
6557,0.00239511
6558,0.00079589
6559,0.00469495
6560,0.00247996
6561,0.00175187
6562,0.00124072
6563,0.00148161
6564,0.00320220
6565,0.00202532
6566,0.00215742
6567,0.00520573
6568,0.00243656
6569,0.00170201
6570,0.00120915
6571,0.00380337
6572,0.00516033
6573,0.00350862
6574,0.01120688
6575,0.00093632
6576,0.00139029
6577,0.00170814
6578,0.00144656
6579,0.00069169
6580,0.00454635
6581,0.00140391
6582,0.00321472
6583,0.00116816
6584,0.00236371
6585,0.00079505
6586,0.00248684
6587,0.00224146
6588,0.00148314
6589,0.00369733
6590,0.00127052
6591,1.27945461
6592,0.00250183
6593,0.00147330
6594,0.00362075
6595,0.00209209
6596,0.00085337
6597,0.00165414
6598,0.00402116
6599,0.00398318
6600,0.00068301
6601,0.00910163
6602,0.00138510
6603,0.00387242
6604,0.00361824
6605,0.00070772
6606,0.00128312
6607,0.00352084
6608,0.00084357
6609,0.00066755
6610,0.00107349
6611,0.00144889
6612,0.00047047
6613,0.00084659
6614,0.02081975
6615,0.01466058
6616,0.00853539
6617,0.00078272
6618,0.00105402
6619,0.00127712
6620,0.00083129
6621,0.00083566
6622,0.00268601
6623,0.02554440
6624,0.00250154
6625,0.00180109
6626,0.00311844
6627,0.01386315
6628,0.00219684
6629,0.00118516
6630,0.00115433
6631,0.00152958
6632,0.00143925
6633,0.00264585
6634,0.00105769
6635,0.00188086
6636,0.00062894
6637,0.00113672
6638,0.00225481
6639,0.00456109
6640,0.00393006
6641,2.00895593
6642,0.00094477
6643,0.00459934
6644,0.00027380
6645,0.00263927
6646,0.00382965
6647,0.01570557
6648,0.00111893
6649,0.00134608
6650,0.01254041
6651,0.00101408
6652,0.00293416
6653,0.00067122
6654,0.00209815
6655,0.00638452
6656,0.00146373
6657,0.02458525
6658,0.00180224
6659,0.00255778
6660,0.00064890
6661,0.00072290
6662,0.00106801
6663,0.00211529
6664,0.00212304
6665,0.00133713
6666,0.00091617
6667,0.00275176
6668,0.00109540
6669,0.00149218
6670,0.00315793
6671,0.00415396
6672,0.00809849
6673,0.00080293
6674,0.01839193
6675,0.00108697
6676,0.00440996
6677,0.00071097
6678,0.00443726
6679,0.00064026
6680,0.00248320
6681,0.00148426
6682,0.00462426
6683,0.00098709
6684,0.00066801
6685,0.00363514
6686,0.00136064
6687,0.05920282
6688,0.00107135
6689,0.00924183
6690,0.00322094
6691,0.00072230
6692,0.00972737
6693,0.00049314
6694,0.00376053
6695,0.00304655
6696,0.00471135
6697,0.00226538
6698,0.00452971
6699,0.00078721
6700,0.00114844
6701,0.00462836
6702,0.00300434
6703,0.01311456
6704,0.00493412
6705,0.01537707
6706,0.00302111
6707,0.00314526
6708,0.00080377
6709,0.00069373
6710,0.00116251
6711,0.00145596
6712,0.01165787
6713,0.00235827
6714,0.00094429
6715,0.00483338
6716,0.00093507
6717,0.00132219
6718,0.00224653
6719,0.00186149
6720,0.01989303
6721,0.00125984
6722,0.00133889
6723,0.00473808
6724,0.01186720
6725,0.00116346
6726,0.00357550
6727,0.00138927
6728,0.00199150
6729,0.00172544
6730,0.00236792
6731,0.00151081
6732,2.14384474
6733,1.10405713
6734,0.01344959
6735,0.00246118
6736,0.95700550
6737,0.00525683
6738,0.00079091
6739,0.00103080
6740,0.00126240
6741,0.00417409
6742,0.00145764
6743,0.00628860
6744,0.00089719
6745,0.00057210
6746,0.00162924
6747,0.00511281
6748,0.00075819
6749,0.00473121
6750,0.00385339
6751,0.00248759
6752,0.00089753
6753,0.00379696
6754,0.00354526
6755,0.00792228
6756,0.00416468
6757,0.00108721
6758,0.02675655
6759,0.00163651
6760,0.00093845
6761,0.00158002
6762,0.00121784
6763,0.00048372
6764,0.00067512
6765,0.00205369
6766,0.00089108
6767,0.00556051
6768,0.02998221
6769,0.00265525
6770,0.00105541
6771,0.00235136
6772,0.00202825
6773,0.00124569
6774,0.00359327
6775,0.00148907
6776,0.00112708
6777,0.00202010
6778,0.00398577
6779,0.00137128
6780,0.00619693
6781,0.00264871
6782,0.00062713
6783,0.00082561
6784,0.01607830
6785,0.00280799
6786,0.00380402
6787,0.00162503
6788,0.00193801
6789,0.71884810
6790,0.00207266
6791,0.00203595
6792,0.00067329
6793,0.00280801
6794,0.00197013
6795,0.00194263
6796,0.00496396
6797,0.00388088
6798,0.00307708
6799,0.00161906
6800,0.00090346
6801,0.00093825
6802,0.00130515
6803,0.01327544
6804,0.00093326
6805,0.00139409
6806,0.00616495
6807,0.00630142
6808,0.00269271
6809,0.00253708
6810,0.00129212
6811,0.00457114
6812,0.02472767
6813,0.00205924
6814,0.00377546
6815,0.01272118
6816,0.00276091
6817,0.00225762
6818,0.00215029
6819,0.00249709
6820,0.00408057
6821,0.00087861
6822,0.00074809
6823,0.00532210
6824,0.00215856
6825,0.00117058
6826,0.00231612
6827,0.00123189
6828,0.00329112
6829,0.00358272
6830,0.01286228
6831,0.00154490
6832,0.00324242
6833,0.13077961
6834,0.00692993
6835,0.00219466
6836,0.00126474
6837,0.00074454
6838,0.00109523
6839,0.00225596
6840,0.16818345
6841,0.00478706
6842,0.00085599
6843,0.00076857
6844,0.00064275
6845,0.00081778
6846,0.00162987
6847,0.00477852
6848,0.03238631
6849,0.00217044
6850,0.00581338
6851,0.00204578
6852,0.00100330
6853,0.01542854
6854,0.00061272
6855,0.00065800
6856,0.00127523
6857,0.00319215
6858,0.00097314
6859,0.00229527
6860,0.00201284
6861,0.00174626
6862,0.00106439
6863,0.00731218
6864,0.00094386
6865,0.00175266
6866,0.07870846
6867,0.00137441
6868,1.02033198
6869,0.00116687
6870,0.00366700
6871,0.00230986
6872,1.02786925
6873,0.00120169
6874,0.00412020
6875,0.00279710
6876,0.00235711
6877,0.00536812
6878,0.00405812
6879,0.00110798
6880,0.00917978
6881,0.00132990
6882,0.00097878
6883,0.00165789
6884,0.00334912
6885,0.00091278
6886,0.02521220
6887,0.00091183
6888,0.00173439
6889,0.00080794
6890,0.00065558
6891,0.00142896
6892,0.00078584
6893,0.00071834
6894,0.00347620
6895,0.00094544
6896,0.00391881
6897,0.00078587
6898,0.00240414
6899,0.00056630
6900,0.00175405
6901,0.00119369
6902,0.00388389
6903,0.00183110
6904,0.00127296
6905,0.00180631
6906,0.00112225
6907,0.00120766
6908,0.00350383
6909,0.00070315
6910,0.00066602
6911,0.00175336
6912,0.00100136
6913,0.00083024
6914,0.00093891
6915,0.00117507
6916,0.00386233
6917,0.00114376
6918,0.00494722
6919,0.00113501
6920,0.00090311
6921,0.00119725
6922,0.00210401
6923,0.00449115
6924,0.00358421
6925,0.01238790
6926,0.00837730
6927,0.00241568
6928,0.00076762
6929,0.00138216
6930,0.00181146
6931,0.04603013
6932,0.00405672
6933,0.00078945
6934,0.00469057
6935,0.00117647
6936,0.00247707
6937,0.00173982
6938,0.00081437
6939,0.00235772
6940,0.00266800
6941,0.00349876
6942,0.03565810
6943,0.00260294
6944,0.00180700
6945,0.00087732
6946,0.00010513
6947,0.00094128
6948,0.00145977
6949,0.00240083
6950,0.00085495
6951,0.00114230
6952,0.00360929
6953,0.00139192
6954,0.00279822
6955,0.00085804
6956,0.00875871
6957,0.01184205
6958,0.00872497
6959,0.00082344
6960,0.00249703
6961,0.00137097
6962,0.01431320
6963,0.00057834
6964,0.01405313
6965,0.00122104
6966,0.00093868
6967,0.00473434
6968,0.00157333
6969,0.00782976
6970,0.00263444
6971,0.00115302
6972,0.00432234
6973,0.00166170
6974,0.00158659
6975,0.01333222
6976,0.00095570
6977,0.00201858
6978,0.00354100
6979,0.00058034
6980,0.00296670
6981,0.00128390
6982,0.00086388
6983,0.01240425
6984,0.00479000
6985,0.00176365
6986,0.00074184
6987,0.00110194
6988,0.00059045
6989,0.00071547
6990,0.01210658
6991,0.00401330
6992,0.00131905
6993,0.00150481
6994,0.00475171
6995,0.00120241
6996,0.00056747
6997,0.00332306
6998,0.00202235
6999,0.00070630
7000,0.00037702
7001,0.00097321
7002,0.16053768
7003,0.02565402
7004,0.00458037
7005,0.00109684
7006,0.00212716
7007,0.00072712
7008,0.00370825
7009,0.00171238
7010,0.00695643
7011,0.00073022
7012,0.00271171
7013,0.00068571
7014,0.00314507
7015,0.00101090
7016,0.00063656
7017,0.00174324
7018,0.00119193
7019,0.00151970
7020,0.01578825
7021,0.00207028
7022,0.00065798
7023,0.00086815
7024,0.00252173
7025,0.00321146
7026,0.55879028
7027,0.00514079
7028,0.00253396
7029,0.00123531
7030,0.00398060
7031,0.00065361
7032,0.00643970
7033,0.00076792
7034,0.00331274
7035,0.00160227
7036,0.00136234
7037,0.00259437
7038,0.00086792
7039,0.06083784
7040,0.00624830
7041,0.00089650
7042,0.00076437
7043,0.00071194
7044,0.00426615
7045,0.00565936
7046,0.00230366
7047,0.00153082
7048,0.00084817
7049,0.00837199
7050,0.00084646
7051,0.00933612
7052,0.00620357
7053,0.00425407
7054,0.00065548
7055,0.00052719
7056,0.00084585
7057,0.00161871
7058,0.74439315
7059,0.00163959
7060,0.00632428
7061,0.00135559
7062,0.00076597
7063,0.00096470
7064,0.00165875
7065,0.00270884
7066,0.00157652
7067,0.00072632
7068,0.00153488
7069,0.01410849
7070,0.00098459
7071,0.00163711
7072,0.00410578
7073,0.00109853
7074,0.00307222
7075,0.00946400
7076,0.00067799
7077,0.00077414
7078,0.00064723
7079,0.00130592
7080,0.00162106
7081,0.00092635
7082,0.00098957
7083,0.00080114
7084,0.00141833
7085,0.00150623
7086,0.00133076
7087,0.00238083
7088,0.00064766
7089,0.00213383
7090,0.00411481
7091,0.00093856
7092,0.00423798
7093,0.61462122
7094,0.00375199
7095,0.10561613
7096,0.00154251
7097,0.00061960
7098,0.00185527
7099,0.00390653
7100,0.00389148
7101,0.00374340
7102,0.00091744
7103,0.00079365
7104,0.00411372
7105,0.00106703
7106,0.00123742
7107,0.01666421
7108,0.00454591
7109,0.00299123
7110,0.00135713
7111,0.00279918
7112,0.00078896
7113,0.00001055
7114,0.00249790
7115,0.00195077
7116,0.00263077
7117,0.02623779
7118,0.00107227
7119,0.00246974
7120,0.00149212
7121,0.00193085
7122,0.00112657
7123,0.00113249
7124,0.00301964
7125,0.00115082
7126,0.00575640
7127,0.00212948
7128,0.00105219
7129,0.00078208
7130,0.00070896
7131,0.00077528
7132,0.00115860
7133,0.00216325
7134,0.01515453
7135,0.00227307
7136,0.00321175
7137,0.00344995
7138,0.00737443
7139,0.00063077
7140,0.00138890
7141,0.00411466
7142,0.00092837
7143,0.00108322
7144,0.00203905
7145,0.00225242
7146,0.00082200
7147,0.01186187
7148,0.00070123
7149,0.00260937
7150,0.00448372
7151,0.00086346
7152,0.00245700
7153,0.02656205
7154,0.00159570
7155,0.00282429
7156,0.00350286
7157,0.00781574
7158,0.00506705
7159,0.00293943
7160,0.00200141
7161,0.00589434
7162,0.00450271
7163,0.00117935
7164,0.00224266
7165,0.00402923
7166,0.00178177
7167,0.00327607
7168,0.00683741
7169,0.00632372
7170,0.00209133
7171,0.00071159
7172,0.00076217
7173,0.00311155
7174,0.00057149
7175,0.00103431
7176,0.38167842
7177,0.25757253
7178,0.00136223
7179,0.00386711
7180,0.01374668
7181,0.00863940
7182,0.00075073
7183,0.00073078
7184,0.01701886
7185,0.00104844
7186,1.72732433
7187,0.70516573
7188,0.00312762
7189,0.00083253
7190,1.18467218
7191,0.01431003
7192,0.00130505
7193,0.01453117
7194,0.00392393
7195,0.01136304
7196,0.00295797
7197,0.00148012
7198,0.00893912
7199,0.00171291
7200,0.00383947
7201,0.00455463
7202,0.00123976
7203,0.00408375
7204,0.00223792
7205,0.00071202
7206,0.01363627
7207,0.00102235
7208,0.01232310
7209,0.00081333
7210,0.00335697
7211,0.00324024
7212,0.00292930
7213,0.00436787
7214,0.00212251
7215,0.00076341
7216,0.00585359
7217,0.00102066
7218,0.00104003
7219,0.00100904
7220,0.00286173
7221,0.00190923
7222,0.00150330
7223,0.00085619
7224,0.00637389
7225,0.00246890
7226,0.00291046
7227,0.00104690
7228,0.00062033
7229,0.00999115
7230,0.01505431
7231,0.00025749
7232,0.00370975
7233,0.00086813
7234,0.00156655
7235,0.00234204
7236,0.00298512
7237,0.00358795
7238,0.00129864
7239,0.00088299
7240,0.00377091
7241,0.00097877
7242,0.00103241
7243,0.03020893
7244,0.00156195
7245,0.00306529
7246,0.00185163
7247,0.01666470
7248,0.00203675
7249,0.00172774
7250,0.02539315
7251,0.00070272
7252,0.00407467
7253,0.01067210
7254,0.00096803
7255,0.22036165
7256,0.00229363
7257,0.00432552
7258,0.00080469
7259,0.00236282
7260,0.00757112
7261,0.00081818
7262,0.00097337
7263,0.01742142
7264,0.00217003
7265,0.00286731
7266,0.00092190
7267,0.00271808
7268,0.00226649
7269,0.00231671
7270,0.00102007
7271,0.00201959
7272,0.00092741
7273,0.00151338
7274,0.00411729
7275,0.00886455
7276,0.00124975
7277,0.00097422
7278,0.00106666
7279,0.00070395
7280,0.01803611
7281,0.00285974
7282,0.00073363
7283,0.00267576
7284,0.00290553
7285,0.00378731
7286,0.00349126
7287,0.00417162
7288,0.00449732
7289,0.00988925
7290,0.00140029
7291,0.00439392
7292,0.00110272
7293,0.00159052
7294,0.00153498
7295,0.02479356
7296,0.00104789
7297,0.00051108
7298,0.00679360
7299,0.00076180
7300,0.00344782
7301,0.00121887
7302,0.00177751
7303,0.01192117
7304,0.00187166
7305,0.00068038
7306,0.00309784
7307,0.00109853
7308,0.00110177
7309,0.00220942
7310,0.01399264
7311,0.00213304
7312,0.00275690
7313,0.00386399
7314,0.00061837
7315,0.00156169
7316,0.00066748
7317,0.00069164
7318,0.00475346
7319,0.00896024
7320,0.00158599
7321,0.00299726
7322,0.00067228
7323,0.01309325
7324,0.00386748
7325,1.51872954
7326,0.00482920
7327,0.00131264
7328,0.01153969
7329,0.00096792
7330,0.00419028
7331,0.00120106
7332,0.00169675
7333,0.00401454
7334,0.01230575
7335,0.00217700
7336,0.00127428
7337,0.00113499
7338,0.00069544
7339,0.00147558
7340,0.00080986
7341,0.00736916
7342,0.00804430
7343,0.00084385
7344,0.00080488
7345,0.00399129
7346,0.00077435
7347,0.00083751
7348,0.00069069
7349,0.00193107
7350,0.00214295
7351,0.01479460
7352,0.00072581
7353,0.00078582
7354,0.00066169
7355,0.00143616
7356,0.00325504
7357,0.00244216
7358,0.00377241
7359,0.00110022
7360,0.00403976
7361,0.00084073
7362,0.00360301
7363,0.00147361
7364,0.00155532
7365,0.00036587
7366,0.00108597
7367,0.00213504
7368,0.00335163
7369,0.00582907
7370,0.02421781
7371,0.00466989
7372,0.00065383
7373,0.00139106
7374,0.00227772
7375,0.00119658
7376,0.00631857
7377,0.00056292
7378,0.00225041
7379,0.23608078
7380,0.00062464
7381,0.00233592
7382,0.00131858
7383,0.00099607
7384,0.00075277
7385,0.00166771
7386,0.00305863
7387,0.00278475
7388,0.01152258
7389,0.02563003
7390,0.01521605
7391,0.00122872
7392,0.00332537
7393,0.00087494
7394,0.00189812
7395,0.00284053
7396,0.00064008
7397,0.00836754
7398,0.00225439
7399,0.00245389
7400,0.00116075
7401,0.00345573
7402,0.00056733
7403,0.00491556
7404,0.00196710
7405,0.00183612
7406,0.00382543
7407,0.00146116
7408,0.00306261
7409,0.00398123
7410,0.00084373
7411,0.00078249
7412,0.00119866
7413,0.00106537
7414,0.00112752
7415,0.00084320
7416,0.00214264
7417,0.00216705
7418,2.34020499
7419,0.00131134
7420,0.00174741
7421,0.00454768
7422,0.01869757
7423,0.00090503
7424,0.00125502
7425,0.00237159
7426,0.00225143
7427,0.00412564
7428,0.00124553
7429,0.01250498
7430,0.00063549
7431,0.00273115
7432,0.00715859
7433,0.00145054
7434,0.00412352
7435,0.00174010
7436,0.00143439
7437,0.01199985
7438,0.00196765
7439,0.05533021
7440,0.00401205
7441,0.00103548
7442,0.00908802
7443,0.00070788
7444,0.00219097
7445,0.01129802
7446,0.00105138
7447,0.00324365
7448,0.00090023
7449,0.00136691
7450,0.00130746
7451,0.00079267
7452,0.00496994
7453,0.00336377
7454,0.00494122
7455,0.00209119
7456,0.00531086
7457,0.00096594
7458,0.00371445
7459,0.00139627
7460,0.00104115
7461,0.00172525
7462,0.00354699
7463,0.00076211
7464,0.00138485
7465,0.00301648
7466,0.00121525
7467,0.00495661
7468,0.00727729
7469,0.00068745
7470,0.00664825
7471,0.00185259
7472,0.02883542
7473,0.00257613
7474,0.00126009
7475,0.00084117
7476,0.00060807
7477,0.00069276
7478,0.00421617
7479,0.00398790
7480,0.00302804
7481,0.00123773
7482,0.00614391
7483,0.00394243
7484,0.00118392
7485,0.00958674
7486,0.00262382
7487,0.01507071
7488,0.00081443
7489,0.00063140
7490,0.00278169
7491,0.00205221
7492,0.00091319
7493,0.00461287
7494,0.00376829
7495,0.01869108
7496,0.00062104
7497,0.00100845
7498,0.01408002
7499,0.00033256
7500,0.00137956
7501,0.00090196
7502,0.00199161
7503,0.38007855
7504,0.00088323
7505,0.00066773
7506,0.00200230
7507,0.00122148
7508,0.00086667
7509,0.77830955
7510,0.00474942
7511,0.00385531
7512,0.00090156
7513,0.00122164
7514,0.00058844
7515,0.00101772
7516,0.00425016
7517,0.00385542
7518,0.02709807
7519,0.01232453
7520,0.01668591
7521,0.00075336
7522,0.00545934
7523,0.33554988
7524,0.00260902
7525,0.02786533
7526,0.00116242
7527,0.00052671
7528,0.01289027
7529,0.01243622
7530,0.00084280
7531,0.00368851
7532,0.00246022
7533,0.00176424
7534,0.02535290
7535,0.00209194
7536,0.00143513
7537,0.00546249
7538,0.00232134
7539,0.00249711
7540,0.00354957
7541,0.00628430
7542,0.00264661
7543,0.00098261
7544,0.00066539
7545,0.00093296
7546,0.00192155
7547,0.00331635
7548,0.00354958
7549,0.01663700
7550,0.00185822
7551,0.00103650
7552,0.00069986
7553,0.00403303
7554,0.00117978
7555,0.00912136
7556,0.00155278
7557,0.00062690
7558,0.00163418
7559,0.00135605
7560,0.00261756
7561,0.00149138
7562,0.00232470
7563,0.00265020
7564,0.00122844
7565,0.02442984
7566,0.00294194
7567,0.00071215
7568,0.00163166
7569,0.01527324
7570,0.00157775
7571,0.00139217
7572,0.00208982
7573,0.00075933
7574,0.00095688
7575,0.00123580
7576,0.00133241
7577,0.00705378
7578,0.00227540
7579,0.00889709
7580,0.00222932
7581,0.00047969
7582,0.00439929
7583,0.00143423
7584,0.00217818
7585,0.01436858
7586,0.00063724
7587,0.00810455
7588,0.00469429
7589,0.00096248
7590,0.00115567
7591,0.01521613
7592,0.00266559
7593,0.01571226
7594,0.00069462
7595,0.00359707
7596,0.00103880
7597,0.00180113
7598,0.00124689
7599,0.00124142
7600,0.00101056
7601,0.00454874
7602,0.00513077
7603,0.00158787
7604,0.00119455
7605,0.00172684
7606,0.01768782
7607,0.00164807
7608,0.00053652
7609,0.00101723
7610,0.00079629
7611,0.00056380
7612,0.00391531
7613,0.00400165
7614,0.00076985
7615,0.00140106
7616,0.00161274
7617,0.00158578
7618,0.02805918
7619,0.00098779
7620,0.01371780
7621,0.00251670
7622,0.00163588
7623,0.08266060
7624,0.00566781
7625,0.00071978
7626,0.00351163
7627,0.00214530
7628,0.00174025
7629,0.01018995
7630,0.00074278
7631,0.00329406
7632,0.00099257
7633,0.00066040
7634,0.00099709
7635,0.00224465
7636,0.01447454
7637,0.00142433
7638,0.00154042
7639,0.00428197
7640,0.00115326
7641,0.00118357
7642,0.00399194
7643,0.00152834
7644,0.00068481
7645,0.00137306
7646,0.00153900
7647,0.01220308
7648,0.00072630
7649,0.00836739
7650,0.00615531
7651,0.00748177
7652,0.00222920
7653,0.00972111
7654,0.00127882
7655,0.00031694
7656,0.00156363
7657,0.00085407
7658,0.00193644
7659,0.01626753
7660,0.00214010
7661,0.00407303
7662,0.00172954
7663,0.03650619
7664,0.00095296
7665,0.00112934
7666,0.00501712
7667,0.00099598
7668,0.00373315
7669,0.00199106
7670,0.00191808
7671,0.00378164
7672,0.00165094
7673,0.00384933
7674,0.00155982
7675,0.00395754
7676,0.00237441
7677,0.02001686
7678,0.02890320
7679,0.00214514
7680,0.00133414
7681,0.00077883
7682,0.01235511
7683,0.00396117
7684,0.00849767
7685,0.03892484
7686,0.00133370
7687,0.01328853
7688,0.00235057
7689,0.10453445
7690,0.00562787
7691,0.00413381
7692,0.00078910
7693,0.00068569
7694,0.00135914
7695,0.00105821
7696,0.00131830
7697,0.00343876
7698,0.00343452
7699,0.00129316
7700,0.00221362
7701,0.00202742
7702,0.00070301
7703,0.00180446
7704,0.00105708
7705,0.00077588
7706,0.00322378
7707,0.00263350
7708,0.00302301
7709,0.00084980
7710,0.00172342
7711,0.01116704
7712,0.00125920
7713,0.00419552
7714,0.00103465
7715,0.00110914
7716,0.00162147
7717,0.00088001
7718,0.00096109
7719,1.20446711
7720,0.01357723
7721,0.00357842
7722,0.00131561
7723,0.00138364
7724,0.00105901
7725,0.00181373
7726,0.00117223
7727,0.00070403
7728,0.00144905
7729,0.00117977
7730,0.00073008
7731,0.01362090
7732,0.00076951
7733,0.00209150
7734,0.00856078
7735,0.00111747
7736,0.00083614
7737,0.00063463
7738,0.00228144
7739,0.00094131
7740,0.00140463
7741,0.00222854
7742,0.00094381
7743,0.00123328
7744,0.00092710
7745,1.06191368
7746,0.00062494
7747,1.59192446
7748,0.00097729
7749,0.00365391
7750,0.00207839
7751,0.00062658
7752,0.00002959
7753,0.00106200
7754,0.00457689
7755,0.00808391
7756,0.00077326
7757,0.00127343
7758,0.00358927
7759,0.00209038
7760,0.00123788
7761,0.00192896
7762,0.00164574
7763,0.00454270
7764,0.00080376
7765,0.00140143
7766,0.00049316
7767,0.00289021
7768,0.00728402
7769,0.00645756
7770,0.00485777
7771,0.00911095
7772,0.00144377
7773,0.00113913
7774,0.00080375
7775,0.00130399
7776,0.00472464
7777,0.00100431
7778,0.00075825
7779,0.00405790
7780,0.00111806
7781,0.06201172
7782,0.00137420
7783,0.01517177
7784,0.00128627
7785,0.00288005
7786,0.00137823
7787,0.02527988
7788,0.00267323
7789,0.00110472
7790,0.00267060
7791,0.00080695
7792,0.00419881
7793,0.00194894
7794,0.00161321
7795,0.00120852
7796,0.00680789
7797,0.00176384
7798,0.00098406
7799,0.00098223
7800,0.01320684
7801,0.00248928
7802,0.01973332
7803,0.00422315
7804,0.00109241
7805,0.00761180
7806,0.02711505
7807,0.00220116
7808,0.01248935
7809,0.00089321
7810,0.00110065
7811,0.00107857
7812,0.00065816
7813,0.00057089
7814,0.00279688
7815,0.03002942
7816,0.01263573
7817,0.00262684
7818,0.00223011
7819,0.00152553
7820,0.00223782
7821,0.00065341
7822,0.00356646
7823,0.00224937
7824,0.00529134
7825,0.00376208
7826,0.00220579
7827,0.00081088
7828,0.00210503
7829,0.00489119
7830,0.00243359
7831,0.00130899
7832,0.00452071
7833,0.00048339
7834,0.10454459
7835,0.00215139
7836,0.00460809
7837,0.00097301
7838,0.00679603
7839,0.01132472
7840,0.00756239
7841,0.00079571
7842,0.00088081
7843,0.00393581
7844,0.00120819
7845,0.00322203
7846,0.00202801
7847,0.00081416
7848,0.00098892
7849,0.00233556
7850,0.01654072
7851,0.00197314
7852,0.00075559
7853,0.00239592
7854,0.00116383
7855,0.00279080
7856,0.00062569
7857,0.00254768
7858,0.00272461
7859,0.00171058
7860,0.00877057
7861,0.00212638
7862,1.89431574
7863,0.00559694
7864,0.00078260
7865,0.00471114
7866,0.00122460
7867,0.00331820
7868,0.00129343
7869,0.00078285
7870,0.00711211
7871,0.00538398
7872,0.00069157
7873,0.00316899
7874,0.02545853
7875,0.00191704
7876,0.00089938
7877,0.00086835
7878,0.00429538
7879,0.00451404
7880,0.43095049
7881,0.00242375
7882,0.00725370
7883,0.00234579
7884,0.00093104
7885,0.00052869
7886,0.00360571
7887,0.00485058
7888,0.00141087
7889,0.01140597
7890,0.00253293
7891,0.01006743
7892,0.00167709
7893,0.00116412
7894,0.00146736
7895,0.00146136
7896,0.00276117
7897,0.00057110
7898,0.00398849
7899,0.00204022
7900,0.00096356
7901,0.78229097
7902,0.00312820
7903,0.00392059
7904,0.00140506
7905,0.00105323
7906,0.00365024
7907,0.00173064
7908,0.00218648
7909,0.00621560
7910,0.00208236
7911,0.00412823
7912,0.01110453
7913,0.00093590
7914,0.00131648
7915,0.01761181
7916,0.00360867
7917,0.00167764
7918,0.00089693
7919,0.00068213
7920,0.00397135
7921,0.00484918
7922,0.00273240
7923,0.00155844
7924,0.00079161
7925,2.20476642
7926,0.00078353
7927,0.00090533
7928,0.00376875
7929,0.00108246
7930,0.00300026
7931,0.00231260
7932,0.00176466
7933,0.00197171
7934,0.02482230
7935,0.00235069
7936,0.00154302
7937,0.00413617
7938,0.00065354
7939,0.00076616
7940,0.00203386
7941,0.00077190
7942,0.00188531
7943,0.00169509
7944,0.00201704
7945,0.00120329
7946,0.00482850
7947,0.00150057
7948,0.01434263
7949,0.00232724
7950,0.00291780
7951,0.00108412
7952,0.00386713
7953,0.00358528
7954,0.00219778
7955,0.00269934
7956,0.00168513
7957,0.00434426
7958,0.00309763
7959,0.01722367
7960,0.00126158
7961,0.00081654
7962,0.00385429
7963,0.00072660
7964,0.00160377
7965,0.00250938
7966,0.00176386
7967,0.00357521
7968,0.00135511
7969,0.00821497
7970,0.00513105
7971,0.00209067
7972,0.00196064
7973,0.00152199
7974,0.00126468
7975,0.00343607
7976,0.00247672
7977,0.00241186
7978,0.00072798
7979,0.02566966
7980,0.00100795
7981,0.01175942
7982,0.00143191
7983,0.00107780
7984,0.00325838
7985,0.00166000
7986,0.00691073
7987,0.00383545
7988,0.00110109
7989,0.01191600
7990,0.00112253
7991,0.00107769
7992,0.00211205
7993,0.01243904
7994,0.00068251
7995,0.00151012
7996,0.00066758
7997,0.00158529
7998,0.01181265
7999,0.00346494
8000,0.00332637
8001,0.00231609
8002,0.00286819
8003,0.00173701
8004,0.00342364
8005,0.00116837
8006,0.00112018
8007,0.00373081
8008,0.02779169
8009,0.00093387
8010,0.00863418
8011,0.00350490
8012,0.00110594
8013,0.00374823
8014,0.00571473
8015,0.00105441
8016,0.00874957
8017,0.00076067
8018,0.00418517
8019,0.01476325
8020,0.00108868
8021,0.00126919
8022,0.01322858
8023,0.00112965
8024,0.00300204
8025,0.00265418
8026,0.00456293
8027,0.00089121
8028,0.00169826
8029,0.00070038
8030,0.00086580
8031,0.00108056
8032,0.00201563
8033,0.01186955
8034,0.00091845
8035,0.00308315
8036,0.00131006
8037,0.00220038
8038,0.00317875
8039,0.00372370
8040,0.00128578
8041,0.00771040
8042,0.00117834
8043,0.00534671
8044,0.00166457
8045,0.00144257
8046,0.00447837
8047,0.00259395
8048,0.00201845
8049,0.00094299
8050,0.00085333
8051,0.01404801
8052,0.00200049
8053,0.00192171
8054,0.01151649
8055,0.00078267
8056,0.00221242
8057,0.00150469
8058,0.00113150
8059,0.00179599
8060,0.00153662
8061,0.00421708
8062,0.00096617
8063,0.00130996
8064,0.00332076
8065,0.00261980
8066,0.00152414
8067,0.00382716
8068,0.25887070
8069,0.73137545
8070,0.00182599
8071,0.00241492
8072,0.00185840
8073,0.00118083
8074,0.00159423
8075,0.01659111
8076,0.02739692
8077,0.00188209
8078,0.00390342
8079,0.00158393
8080,0.00114164
8081,0.00173148
8082,0.00344767
8083,0.00079401
8084,0.00161838
8085,0.00710796
8086,0.00123666
8087,0.00262002
8088,0.00288311
8089,0.00199066
8090,0.01517345
8091,0.00586091
8092,0.00395115
8093,0.00153182
8094,0.00406359
8095,0.00126927
8096,0.00266233
8097,0.00088917
8098,0.00269357
8099,0.00123397
8100,0.00204053
8101,0.01122169
8102,0.01066802
8103,0.00130803
8104,0.00084093
8105,0.00203838
8106,0.00162252
8107,0.00137453
8108,0.00313730
8109,0.00116898
8110,0.00160495
8111,0.00467591
8112,0.00072136
8113,0.00081981
8114,0.00089925
8115,0.00322869
8116,0.00074850
8117,0.00071110
8118,0.00063417
8119,0.00088291
8120,0.00117588
8121,0.00091961
8122,0.00357575
8123,0.00452129
8124,0.00203993
8125,0.00371037
8126,0.01265391
8127,0.00507387
8128,0.01346625
8129,0.00171891
8130,0.00172857
8131,0.01177861
8132,0.00179539
8133,0.01134722
8134,0.00495028
8135,0.00483178
8136,0.01355625
8137,0.00096975
8138,0.01632020
8139,0.00124684
8140,0.00158388
8141,0.00073828
8142,0.00136954
8143,0.02644139
8144,0.00444455
8145,0.00085230
8146,0.00249744
8147,0.00113382
8148,0.00108405
8149,0.00124690
8150,0.00370865
8151,0.00169661
8152,0.01829155
8153,0.00077945
8154,0.45556203
8155,0.00491274
8156,0.00205265
8157,0.00059695
8158,0.00106514
8159,0.00337713
8160,0.00050438
8161,0.00189779
8162,0.00231512
8163,0.00367656
8164,0.00483673
8165,1.15820995
8166,0.00199995
8167,0.00183893
8168,0.00116713
8169,0.01117654
8170,0.01563949
8171,0.00160942
8172,0.00376248
8173,0.00140035
8174,0.00536965
8175,0.00199734
8176,0.00061320
8177,0.00121534
8178,0.00451742
8179,0.00094790
8180,0.00133129
8181,0.00262654
8182,0.00176688
8183,0.00370512
8184,0.00063124
8185,0.00116652
8186,0.00383880
8187,0.00232187
8188,0.00454568
8189,0.00383198
8190,0.00154848
8191,0.00068283
8192,0.00131725
8193,0.01003626
8194,0.00418038
8195,0.00155248
8196,0.00402819
8197,0.00367390
8198,0.00401778
8199,0.00136163
8200,0.00137144
8201,0.00310041
8202,0.00101997
8203,0.00006231
8204,0.00314618
8205,0.00153201
8206,0.00146002
8207,0.00333493
8208,0.00136670
8209,0.00132885
8210,0.00277639
8211,0.00488523
8212,0.00153515
8213,0.00399550
8214,0.01623218
8215,0.00155320
8216,0.00086318
8217,0.05696761
8218,0.00394898
8219,0.00104958
8220,0.00264424
8221,0.01574088
8222,0.00561518
8223,0.00286986
8224,0.00184629
8225,0.00133532
8226,0.00058881
8227,0.00288109
8228,0.00099576
8229,0.00127850
8230,0.02441202
8231,0.28364932
8232,0.00226536
8233,0.00671855
8234,0.00165932
8235,0.00102641
8236,0.00224646
8237,0.00107150
8238,0.00163444
8239,0.00325594
8240,0.00127685
8241,0.62642043
8242,0.00153305
8243,0.17456621
8244,0.00192711
8245,0.00075990
8246,0.00079667
8247,0.00179157
8248,0.00081337
8249,0.00243241
8250,0.00090002
8251,0.00059649
8252,0.00411637
8253,0.00169489
8254,0.00449472
8255,0.00062348
8256,0.00195432
8257,0.00240113
8258,0.00132925
8259,0.00149324
8260,0.00298048
8261,0.00113135
8262,0.00927579
8263,0.00385610
8264,0.00194448
8265,0.00872734
8266,0.00914010
8267,0.00064434
8268,0.00223269
8269,0.00070999
8270,0.00180318
8271,0.00165040
8272,0.01252187
8273,0.00062215
8274,0.00058396
8275,0.00121053
8276,0.00091113
8277,0.00342112
8278,0.00110502
8279,0.00087433
8280,0.00089808
8281,0.01928452
8282,0.00336024
8283,0.00120339
8284,0.00093118
8285,0.00161980
8286,0.00080208
8287,0.00386526
8288,0.00089530
8289,0.00243812
8290,0.00293370
8291,0.00190537
8292,0.46742106
8293,0.00158926
8294,1.40829756
8295,0.00150644
8296,0.00609282
8297,0.00203141
8298,0.00275979
8299,0.00430088
8300,0.00200336
8301,0.00053982
8302,0.00061096
8303,0.00087527
8304,0.00133430
8305,0.00471229
8306,0.00211462
8307,0.00198337
8308,0.00126281
8309,0.00142956
8310,0.00069585
8311,0.00410139
8312,0.00081271
8313,0.00098990
8314,0.00400356
8315,0.00254133
8316,0.00311439
8317,0.00207508
8318,0.00124613
8319,0.00103430
8320,0.00062559
8321,0.00893880
8322,0.00093600
8323,0.00449813
8324,0.00056340
8325,0.01196230
8326,0.00064164
8327,0.15030392
8328,0.00218500
8329,0.00223403
8330,0.00220464
8331,0.00292145
8332,0.00091619
8333,0.00185406
8334,0.00087326
8335,0.00372768
8336,0.00255821
8337,0.00069437
8338,0.00085395
8339,0.00070068
8340,0.00191242
8341,0.00093699
8342,0.00330507
8343,0.00148838
8344,0.00196096
8345,0.00073750
8346,0.00073408
8347,0.00093421
8348,0.00219299
8349,0.00803614
8350,0.00094125
8351,0.00108038
8352,0.00109446
8353,0.00333385
8354,0.00330366
8355,0.00130204
8356,0.00237373
8357,0.00396352
8358,0.00143092
8359,0.00183926
8360,0.00096238
8361,0.00391947
8362,0.00235385
8363,0.00057683
8364,0.00163339
8365,0.00086814
8366,0.00353695
8367,0.00081855
8368,0.00246407
8369,0.00276927
8370,0.00197277
8371,0.00406840
8372,0.00114418
8373,0.00389966
8374,0.00290218
8375,0.00087630
8376,0.00297129
8377,0.00026777
8378,0.00194189
8379,0.00192392
8380,0.00064198
8381,0.00891043
8382,0.00110056
8383,0.00409880
8384,0.00240122
8385,0.00571892
8386,0.00178530
8387,0.00089741
8388,0.00071110
8389,0.00169018
8390,0.00361094
8391,0.00114283
8392,0.00109153
8393,0.00080269
8394,0.00403268
8395,0.00284664
8396,0.00701279
8397,0.00075432
8398,0.00556672
8399,0.00185201
8400,0.00071884
8401,0.00163750
8402,0.00409348
8403,0.00488058
8404,0.00152061
8405,0.00078156
8406,0.00435695
8407,0.00458434
8408,0.00774730
8409,0.00819718
8410,0.00129258
8411,0.00489482
8412,1.14473987
8413,0.00085908
8414,0.00299760
8415,0.01615273
8416,0.00200490
8417,0.00150963
8418,0.00285456
8419,0.00187440
8420,0.00169387
8421,0.00227257
8422,0.00092501
8423,0.00398141
8424,0.00058643
8425,0.01627480
8426,0.00233857
8427,0.00219513
8428,0.02514739
8429,0.00090802
8430,0.00070103
8431,0.00162219
8432,0.00377525
8433,0.00357450
8434,0.01210012
8435,0.00097974
8436,0.01131431
8437,0.00297775
8438,0.00049660
8439,0.00415371
8440,0.01642866
8441,0.00189003
8442,0.00120384
8443,0.00705260
8444,0.00294462
8445,0.00330640
8446,0.00144342
8447,0.00253131
8448,0.00221801
8449,0.00071666
8450,0.00108653
8451,0.02816921
8452,0.00169641
8453,0.11863980
8454,0.00514422
8455,0.00115309
8456,0.00189367
8457,0.00131402
8458,0.00101138
8459,0.00087760
8460,0.00130547
8461,0.00059199
8462,0.00072299
8463,0.01134752
8464,0.00070881
8465,0.00084560
8466,0.01179456
8467,0.00121989
8468,0.00174644
8469,0.00541791
8470,0.00054855
8471,0.89985680
8472,0.00118141
8473,0.00059976
8474,0.00110367
8475,0.00092366
8476,0.00117364
8477,0.00096286
8478,0.00122079
8479,0.00355119
8480,0.01582964
8481,0.00086036
8482,0.00194147
8483,0.00076718
8484,0.00181173
8485,0.00131465
8486,0.00279127
8487,0.00099816
8488,0.00074528
8489,0.00077919
8490,0.00335602
8491,0.00064408
8492,0.00113120
8493,0.00077987
8494,0.00128055
8495,0.00128124
8496,0.00058675
8497,0.00098316
8498,0.00106636
8499,0.00154561
8500,0.00403223
8501,0.00434342
8502,0.00264841
8503,0.00288429
8504,0.00084233
8505,0.00062890
8506,0.00096989
8507,0.00294438
8508,0.00204129
8509,0.00104256
8510,0.00189267
8511,0.01771803
8512,0.01237714
8513,0.00378092
8514,0.00397769
8515,0.00485506
8516,0.00683416
8517,0.00107771
8518,0.00170548
8519,0.00330126
8520,0.00432079
8521,0.00188244
8522,0.00311427
8523,0.00113740
8524,0.00147782
8525,0.00081153
8526,0.00214485
8527,0.00295528
8528,0.00381769
8529,0.00399196
8530,0.00263726
8531,0.00096514
8532,0.02611825
8533,0.00094323
8534,0.00497252
8535,0.00676584
8536,0.00126829
8537,0.00215273
8538,0.00105309
8539,0.00848634
8540,0.00104854
8541,0.00187459
8542,0.00141953
8543,0.00154344
8544,0.00371530
8545,0.00116776
8546,0.00167265
8547,0.01254213
8548,0.00167873
8549,0.00434759
8550,0.00382482
8551,0.00314015
8552,0.00670812
8553,0.00180623
8554,0.00298919
8555,0.01794591
8556,0.00283802
8557,0.00155166
8558,0.00113473
8559,0.00118243
8560,0.00099332
8561,1.22164155
8562,0.00210351
8563,0.00061780
8564,0.00149508
8565,0.00129403
8566,0.00084222
8567,0.00446724
8568,0.00129296
8569,0.00283134
8570,0.00056543
8571,0.00149446
8572,0.00268836
8573,0.00370906
8574,0.00351299
8575,0.00061496
8576,0.00521012
8577,0.00856173
8578,0.00405464
8579,0.00095126
8580,0.02638786
8581,0.00343608
8582,0.00107111
8583,0.00333201
8584,0.00741279
8585,0.00078555
8586,0.00125169
8587,0.00112073
8588,0.00101501
8589,0.00125659
8590,0.00267434
8591,2.29943890
8592,0.00379851
8593,0.00291235
8594,0.00078222
8595,0.00063646
8596,0.00902578
8597,0.00400817
8598,0.00821897
8599,0.03349748
8600,0.00591725
8601,0.00384174
8602,0.29450558
8603,0.00181033
8604,0.00394582
8605,0.00104903
8606,0.00454417
8607,0.00085812
8608,0.00117561
8609,0.00062218
8610,0.02547981
8611,0.00154146
8612,0.00087086
8613,0.00144536
8614,0.00066097
8615,0.00083688
8616,0.00058266
8617,0.00056595
8618,0.00110393
8619,0.00118075
8620,0.00433146
8621,0.00427415
8622,0.00072986
8623,0.00403279
8624,0.00433081
8625,0.00217909
8626,0.02577213
8627,0.00407334
8628,0.00175027
8629,0.01696352
8630,0.00144373
8631,0.00151740
8632,0.00436947
8633,0.00707498
8634,0.00404437
8635,0.00330189
8636,0.00067714
8637,0.00385419
8638,0.00095791
8639,0.00109567
8640,0.00112102
8641,0.00365002
8642,0.00074735
8643,0.00069099
8644,0.72472350
8645,0.00431358
8646,0.00205553
8647,0.00084743
8648,0.00467815
8649,0.00377810
8650,0.00126973
8651,0.34376709
8652,0.00117530
8653,0.00305563
8654,0.00171935
8655,0.02552474
8656,0.00427439
8657,0.00212879
8658,0.00368017
8659,0.00209624
8660,0.00280292
8661,0.00457503
8662,0.00341829
8663,0.00423587
8664,0.00161773
8665,0.00064509
8666,0.00218925
8667,0.00680140
8668,0.00144685
8669,0.00274752
8670,0.00399213
8671,0.00242560
8672,0.00049919
8673,0.00134962
8674,0.00325216
8675,0.00073619
8676,0.00240892
8677,0.00326855
8678,0.00283609
8679,0.00377402
8680,0.00419850
8681,0.00184116
8682,0.00169734
8683,0.00136551
8684,0.00250262
8685,0.00104028
8686,0.00454372
8687,0.00113933
8688,0.00082262
8689,0.00364977
8690,0.00434317
8691,0.00106567
8692,0.00066420
8693,0.01923232
8694,0.00134763
8695,0.01441107
8696,0.00449894
8697,0.00060059
8698,0.00253653
8699,0.00068962
8700,0.00117941
8701,0.01260110
8702,0.00140628
8703,0.00193030
8704,0.00159074
8705,0.00160231
8706,0.00103237
8707,0.00627597
8708,0.00159085
8709,0.00163595
8710,0.00102780
8711,0.01549932
8712,0.00192834
8713,0.00072659
8714,0.00126101
8715,0.00072754
8716,0.00109101
8717,0.00319167
8718,0.00403800
8719,0.02522517
8720,0.00105484
8721,0.00148334
8722,0.31617203
8723,0.00237761
8724,0.00073759
8725,0.00128462
8726,0.00093526
8727,0.00313015
8728,0.00074859
8729,0.00162796
8730,0.00108373
8731,0.00094171
8732,0.00391467
8733,0.00124293
8734,0.25611534
8735,0.00095027
8736,0.00238321
8737,0.00108226
8738,0.00223549
8739,0.00131788
8740,0.00079464
8741,0.00126305
8742,0.00059710
8743,0.00960799
8744,0.00335376
8745,0.00265335
8746,0.00115236
8747,0.00389683
8748,0.00435827
8749,0.00336373
8750,0.00330747
8751,0.00142316
8752,0.00074450
8753,0.00090171
8754,0.00066594
8755,0.00058553
8756,0.00063748
8757,0.00172858
8758,0.00437382
8759,0.00171584
8760,0.00275384
8761,0.00205531
8762,0.00121639
8763,0.00163739
8764,0.00476035
8765,0.00200473
8766,0.01094523
8767,0.00101007
8768,0.00105287
8769,0.00143503
8770,0.00178651
8771,0.00107513
8772,0.00222046
8773,0.00228233
8774,0.00123113
8775,0.00198733
8776,0.00081786
8777,0.00137024
8778,0.00352864
8779,0.00076899
8780,0.00110673
8781,0.00148974
8782,0.00129574
8783,0.00143308
8784,0.00709978
8785,0.00123562
8786,0.00274127
8787,0.00355141
8788,0.00111900
8789,0.00869092
8790,0.00701854
8791,0.00096686
8792,0.00351958
8793,0.00251824
8794,0.02711997
8795,0.00184146
8796,0.00089269
8797,0.00158284
8798,0.02612795
8799,0.00107825
8800,0.00517574
8801,0.00116064
8802,0.00219013
8803,0.00150330
8804,0.00028854
8805,0.00360394
8806,0.00268836
8807,0.00524444
8808,0.00184166
8809,0.00082528
8810,0.00226145
8811,0.00093173
8812,0.00079820
8813,0.00517451
8814,0.00155238
8815,0.00113596
8816,0.00391813
8817,0.00273786
8818,0.00123251
8819,0.00368460
8820,0.01381481
8821,0.00271785
8822,0.00279071
8823,0.00089479
8824,0.00269679
8825,0.00253260
8826,0.00549019
8827,0.00085649
8828,0.00118182
8829,0.00059967
8830,1.61219120
8831,0.90009639
8832,0.00065778
8833,0.00093906
8834,0.00142463
8835,0.00104004
8836,0.00152209
8837,0.00152695
8838,0.02378254
8839,0.00068054
8840,0.00084791
8841,0.00290241
8842,0.01279481
8843,0.00228071
8844,0.00601224
8845,0.00123438
8846,0.00496666
8847,0.00476184
8848,0.27258841
8849,1.82552122
8850,0.00065455
8851,0.00303974
8852,0.00142350
8853,0.00096450
8854,0.00137006
8855,0.00426062
8856,0.00082072
8857,0.00104106
8858,0.00849924
8859,0.00103987
8860,0.00403597
8861,0.00059173
8862,0.00207736
8863,0.00088107
8864,0.00177415
8865,0.00222830
8866,0.00275146
8867,0.00412333
8868,0.00123100
8869,0.00727457
8870,0.00357758
8871,0.00393202
8872,0.00103507
8873,0.00061473
8874,0.00421289
8875,0.00169751
8876,0.00169871
8877,0.00394595
8878,0.00120582
8879,0.00109679
8880,0.01482679
8881,0.01548676
8882,0.00038186
8883,0.00535457
8884,0.00065527
8885,0.00298506
8886,0.00355210
8887,0.00203465
8888,0.00374890
8889,0.00074735
8890,0.00091826
8891,0.00078145
8892,0.00313547
8893,0.00258877
8894,0.00052590
8895,0.00192935
8896,0.00329684
8897,0.00376426
8898,0.00169107
8899,0.00352574
8900,0.00091357
8901,0.00066287
8902,0.01195481
8903,0.00114404
8904,0.00966823
8905,0.00068327
8906,0.66974823
8907,0.00219660
8908,0.00530330
8909,0.00214637
8910,0.00098589
8911,0.00128079
8912,0.00385186
8913,0.00186383
8914,0.00087510
8915,0.00054026
8916,0.00865058
8917,0.01373340
8918,0.00108402
8919,0.00856741
8920,0.00127476
8921,0.00242371
8922,0.00284013
8923,0.00111807
8924,0.00390126
8925,0.00175284
8926,0.00142616
8927,0.00248260
8928,0.19646033
8929,0.00152112
8930,0.00059902
8931,0.01358946
8932,0.00374708
8933,0.00714755
8934,0.00243099
8935,0.00076944
8936,0.00082806
8937,0.01907192
8938,0.00212903
8939,0.00150461
8940,0.00213988
8941,0.00319415
8942,0.00336630
8943,0.00123967
8944,0.00154254
8945,0.00078891
8946,0.00228713
8947,0.00386063
8948,0.00137133
8949,0.00118597
8950,0.00088751
8951,0.00356173
8952,0.00123484
8953,0.00802040
8954,0.00088454
8955,0.00113051
8956,0.01167307
8957,0.00276670
8958,0.00204131
8959,0.00825794
8960,0.00103441
8961,0.00238314
8962,0.00079038
8963,0.00185683
8964,0.00458020
8965,0.00470686
8966,1.04329020
8967,0.00205449
8968,0.00135478
8969,0.00080053
8970,0.01450016
8971,0.00181913
8972,0.00068030
8973,0.00828681
8974,0.00086407
8975,0.00071215
8976,0.00113263
8977,0.00409058
8978,0.00537815
8979,0.00418560
8980,0.00111145
8981,0.00412590
8982,0.00115322
8983,0.00213735
8984,0.00271175
8985,0.00101273
8986,0.00095005
8987,0.00314936
8988,0.00080225
8989,0.00121923
8990,0.17318177
8991,0.00402423
8992,0.00330962
8993,0.04562261
8994,0.00215395
8995,0.00080419
8996,0.00086605
8997,0.00191306
8998,0.00180916
8999,0.00173950
9000,0.00599107
9001,0.00106564
9002,0.00341827
9003,0.00080634
9004,0.00060902
9005,0.00167105
9006,0.00356323
9007,0.01127337
9008,0.00195310
9009,0.00134226
9010,0.00105287
9011,0.01581795
9012,0.00474374
9013,0.00392002
9014,0.00655938
9015,0.00064587
9016,0.00242256
9017,0.00201930
9018,0.00439328
9019,0.01838477
9020,0.00173464
9021,0.00116929
9022,0.00147455
9023,0.00283704
9024,0.00165579
9025,0.00217433
9026,0.00108596
9027,0.01309084
9028,0.00078330
9029,0.00213593
9030,0.01427978
9031,0.10775245
9032,0.00259813
9033,0.00079791
9034,0.00059521
9035,0.00204654
9036,0.00111109
9037,0.00087676
9038,0.00087960
9039,2.24347597
9040,0.00391608
9041,0.00251187
9042,0.00196772
9043,0.00305671
9044,0.00081483
9045,0.00094233
9046,0.00144272
9047,0.00449204
9048,0.00160047
9049,0.00429997
9050,0.00209469
9051,0.00668394
9052,0.00179835
9053,0.00304442
9054,0.00375253
9055,0.00046322
9056,0.00501044
9057,0.01038542
9058,1.21650836
9059,0.00186953
9060,0.00081361
9061,0.00131500
9062,0.00092318
9063,0.01310429
9064,1.15040041
9065,0.00231828
9066,0.00144101
9067,0.00083477
9068,0.00232440
9069,0.00161254
9070,0.00112954
9071,0.00476974
9072,0.00078974
9073,0.00080378
9074,0.00471283
9075,0.00096295
9076,0.00072605
9077,0.00363337
9078,0.00071855
9079,0.00674688
9080,0.00083547
9081,0.01612241
9082,0.00087612
9083,0.00636316
9084,0.00348792
9085,0.00416547
9086,0.00448888
9087,0.00101442
9088,0.00084327
9089,0.00158325
9090,0.00075875
9091,0.00111981
9092,0.00324892
9093,0.00143463
9094,0.00419262
9095,0.00526476
9096,0.00139188
9097,0.00123533
9098,0.00193976
9099,0.00357058
9100,0.00157898
9101,0.00179545
9102,0.00399629
9103,0.01855519
9104,0.00528069
9105,0.00098662
9106,0.00257469
9107,0.00303859
9108,0.00060326
9109,0.00169510
9110,0.00100810
9111,0.00690845
9112,0.01202741
9113,0.00049077
9114,0.00106039
9115,0.00164288
9116,0.00228304
9117,0.00111237
9118,0.02422613
9119,0.01235735
9120,0.00107597
9121,0.00336253
9122,0.00224502
9123,0.00369267
9124,0.00188206
9125,0.00094501
9126,0.00428358
9127,0.00103877
9128,0.00069501
9129,0.00183441
9130,0.00077675
9131,0.01266693
9132,0.00091224
9133,0.00445822
9134,0.00117814
9135,0.00086975
9136,0.00049127
9137,0.00070874
9138,0.00175731
9139,0.00325229
9140,0.00123937
9141,0.00579527
9142,0.01391890
9143,0.00914271
9144,0.00313718
9145,0.00156018
9146,0.00196252
9147,0.00072971
9148,0.00266030
9149,0.00108721
9150,0.00439055
9151,0.00258797
9152,0.00194508
9153,0.00103241
9154,0.00184807
9155,0.00077233
9156,0.00153781
9157,0.00093262
9158,0.00858095
9159,0.00092999
9160,0.00004823
9161,0.00102681
9162,0.00146179
9163,0.00176886
9164,0.00046873
9165,0.00303348
9166,0.00492036
9167,0.00212094
9168,0.00082074
9169,0.00233188
9170,0.00164972
9171,0.00063046
9172,0.15366755
9173,0.00258876
9174,0.01644087
9175,0.01161293
9176,0.01511926
9177,0.00132554
9178,0.00098638
9179,0.00099193
9180,0.00216030
9181,0.00302584
9182,0.00182743
9183,0.00125225
9184,0.00087293
9185,0.58439673
9186,0.00303280
9187,0.00101823
9188,0.00078781
9189,0.00087238
9190,0.00067358
9191,0.00141912
9192,0.00146146
9193,0.00177376
9194,0.00129657
9195,0.00352222
9196,0.00091284
9197,0.00397586
9198,0.00103393
9199,0.00396206
9200,0.00117467
9201,0.00105058
9202,0.00084639
9203,0.00065127
9204,0.00370281
9205,0.00620132
9206,0.00261615
9207,0.00138763
9208,0.00203302
9209,0.00075076
9210,0.10243498
9211,0.00241436
9212,0.00089493
9213,0.00623985
9214,0.00113291
9215,0.00174365
9216,0.01610535
9217,0.00111097
9218,0.00397709
9219,0.00212828
9220,0.00090905
9221,0.00415713
9222,0.70887507
9223,0.00141815
9224,0.00858704
9225,0.00276957
9226,0.00125120
9227,0.00413040
9228,0.00116335
9229,0.00336981
9230,0.01116257
9231,0.00052248
9232,0.00173152
9233,0.01721359
9234,0.00254560
9235,0.00437339
9236,1.85290195
9237,0.00256139
9238,0.00034742
9239,0.02773830
9240,0.00348169
9241,0.00111190
9242,0.00529564
9243,0.21633537
9244,0.00150094
9245,0.00170228
9246,0.00108451
9247,0.00268373
9248,0.00273037
9249,0.01033730
9250,0.00084081
9251,0.00396498
9252,0.00213890
9253,0.00559670
9254,0.00261796
9255,1.35950998
9256,0.00200015
9257,0.01751686
9258,0.00206135
9259,0.00085988
9260,0.00574608
9261,0.00143912
9262,0.00228391
9263,0.00070719
9264,0.00086221
9265,0.00097843
9266,0.00096420
9267,0.00392313
9268,0.00063864
9269,0.00400461
9270,0.00124875
9271,0.00089191
9272,0.00212062
9273,0.00083506
9274,0.00187650
9275,0.00196310
9276,0.00388475
9277,0.00349332
9278,0.00112986
9279,0.00666667
9280,0.00157754
9281,0.00369988
9282,0.00304932
9283,0.00206155
9284,0.00114048
9285,0.00249703
9286,0.00062224
9287,0.00076225
9288,0.00211456
9289,0.00141946
9290,0.00105099
9291,0.00074816
9292,0.00076398
9293,0.00154132
9294,0.00401566
9295,0.00472159
9296,0.00308129
9297,0.00086092
9298,0.08067240
9299,0.00301845
9300,0.00269533
9301,0.02444239
9302,0.00251791
9303,0.00276471
9304,0.00444416
9305,0.00051972
9306,0.00212808
9307,0.00068544
9308,0.00301395
9309,0.00091933
9310,0.00180866
9311,0.00206111
9312,0.00081568
9313,0.00310229
9314,0.00268636
9315,0.00071166
9316,0.00434713
9317,0.00082735
9318,0.00165743
9319,0.00112947
9320,0.00122174
9321,0.00156066
9322,0.75765079
9323,0.00116218
9324,0.00330574
9325,0.00163650
9326,0.00253495
9327,0.00306220
9328,0.00097682
9329,0.00145356
9330,0.00313038
9331,0.00130165
9332,0.00143784
9333,0.00113961
9334,0.00060170
9335,0.01697434
9336,0.00314838
9337,0.02702606
9338,0.00354430
9339,0.01418129
9340,0.00218897
9341,0.00065335
9342,0.00632771
9343,0.00222806
9344,0.00110931
9345,0.00746593
9346,0.00186523
9347,0.00121889
9348,0.00371035
9349,0.02792081
9350,0.00169819
9351,0.01544670
9352,0.00079820
9353,0.00276841
9354,0.00114452
9355,0.00353918
9356,0.00416014
9357,0.00188685
9358,0.00084260
9359,0.00133881
9360,0.00660886
9361,0.00145267
9362,0.00204136
9363,0.00092506
9364,0.00287181
9365,0.01468646
9366,0.01247535
9367,0.00108921
9368,0.00888264
9369,0.00091282
9370,0.00143420
9371,0.01267603
9372,0.00282555
9373,0.00430038
9374,0.49877538
9375,0.00240927
9376,0.00112039
9377,0.00430366
9378,2.17413495
9379,0.01326245
9380,0.01333981
9381,0.00459695
9382,0.00078854
9383,0.00120493
9384,0.00278266
9385,1.35559719
9386,0.00383845
9387,0.00147466
9388,0.00202162
9389,0.78930625
9390,0.00233334
9391,0.00082734
9392,0.00072220
9393,0.00293682
9394,0.00136716
9395,0.00315755
9396,0.00076355
9397,0.00126037
9398,0.00067314
9399,0.00365145
9400,0.00213512
9401,0.00097155
9402,0.00100645
9403,0.00075564
9404,0.01187948
9405,0.00299227
9406,0.00084447
9407,0.00419084
9408,0.01634309
9409,0.00409808
9410,0.00453889
9411,0.00238041
9412,0.00105402
9413,0.00408306
9414,0.00717290
9415,0.00209876
9416,0.00070673
9417,1.20006209
9418,0.00194642
9419,0.00349263
9420,0.00177398
9421,0.00175489
9422,0.00119166
9423,0.00205839
9424,0.00103694
9425,0.01571027
9426,0.00123402
9427,0.00170669
9428,0.00117415
9429,0.00126807
9430,0.00085281
9431,0.00089705
9432,0.00166042
9433,0.01125469
9434,0.00184874
9435,0.01451616
9436,1.25779589
9437,0.02599762
9438,0.00557474
9439,0.00259997
9440,0.00123242
9441,0.00098798
9442,0.01204567
9443,0.00371764
9444,0.00309281
9445,0.00181500
9446,0.00091748
9447,0.00227515
9448,0.00071027
9449,0.00375603
9450,0.00063617
9451,0.00142338
9452,0.00301413
9453,0.00778254
9454,0.00377285
9455,0.00366669
9456,0.00137915
9457,0.01261432
9458,0.00157392
9459,0.00092832
9460,0.02312542
9461,0.00117298
9462,0.00318981
9463,0.00143734
9464,0.00195100
9465,0.00129041
9466,0.00120875
9467,0.00173883
9468,0.00094271
9469,0.00924517
9470,0.00064801
9471,0.00071209
9472,0.00177463
9473,0.00345465
9474,0.00083358
9475,0.02505869
9476,0.00455535
9477,0.00097478
9478,0.00161482
9479,0.00188941
9480,0.01681334
9481,0.00079993
9482,0.00194516
9483,0.00090461
9484,0.00466906
9485,0.00232574
9486,0.00126253
9487,0.00017520
9488,0.00208305
9489,0.00363729
9490,1.03434892
9491,0.00223043
9492,0.00472560
9493,0.00523926
9494,0.00205842
9495,0.00229123
9496,0.00305648
9497,0.00132662
9498,0.00505130
9499,0.00281176
9500,0.00099598
9501,0.00709776
9502,0.00163215
9503,0.00186107
9504,0.01179351
9505,0.00114650
9506,0.00067567
9507,0.00046352
9508,0.00405601
9509,0.00126640
9510,0.00059778
9511,0.00230179
9512,0.00284653
9513,0.00083025
9514,0.00183382
9515,0.00432197
9516,0.00130095
9517,0.00328202
9518,0.00122953
9519,0.00474162
9520,0.00128340
9521,0.00163567
9522,0.00068894
9523,0.00427959
9524,0.00081645
9525,0.00075098
9526,0.00696220
9527,0.00114220
9528,0.01602653
9529,0.00060887
9530,0.00236514
9531,0.04617187
9532,0.00066456
9533,0.70561699
9534,0.00073310
9535,0.00110978
9536,0.00094479
9537,0.00100583
9538,0.00426619
9539,0.00419944
9540,0.00274542
9541,0.00120178
9542,0.00334047
9543,0.00545020
9544,0.00652660
9545,0.00463903
9546,0.00093764
9547,0.00124546
9548,0.02957767
9549,0.00383989
9550,0.00363477
9551,0.00264596
9552,0.00101390
9553,0.00516836
9554,0.00243054
9555,0.00220723
9556,0.01918788
9557,0.00396254
9558,0.00099738
9559,0.00149616
9560,0.00491690
9561,0.00121046
9562,0.00219503
9563,0.00140054
9564,0.00045813
9565,0.00265205
9566,0.00514423
9567,0.00184154
9568,0.00094135
9569,0.00159872
9570,0.00268588
9571,0.00273565
9572,0.00125123
9573,0.00131302
9574,0.00344459
9575,0.00380646
9576,0.00318397
9577,0.00073511
9578,0.00324700
9579,0.00142004
9580,0.00312118
9581,0.00215357
9582,0.00416102
9583,0.00325047
9584,0.00329352
9585,0.00275393
9586,0.00130945
9587,0.00118067
9588,0.00214933
9589,0.00198209
9590,0.00079018
9591,0.00155806
9592,0.00360466
9593,0.00121255
9594,0.00281495
9595,0.00098794
9596,0.00443067
9597,0.00219574
9598,0.00131407
9599,0.00163929
9600,0.00234275
9601,0.00814777
9602,0.00158671
9603,0.00340830
9604,0.00181860
9605,0.00227895
9606,0.00335300
9607,0.00083352
9608,0.00199987
9609,0.00193916
9610,0.00384948
9611,0.00069519
9612,0.00105949
9613,0.00334217
9614,0.00121089
9615,0.00885187
9616,0.00431640
9617,0.00133539
9618,0.00075839
9619,0.00114555
9620,0.00077586
9621,0.02621018
9622,0.00076963
9623,0.00337560
9624,0.00120706
9625,0.00084896
9626,0.00384733
9627,0.00195810
9628,0.00153301
9629,0.00130183
9630,0.00389110
9631,0.01443534
9632,0.00108533
9633,0.02660936
9634,0.83085998
9635,0.00183629
9636,0.00184705
9637,0.00101745
9638,0.00271208
9639,0.00277069
9640,0.00197949
9641,0.00071699
9642,0.00099957
9643,0.00147689
9644,0.00393002
9645,0.00369870
9646,0.00503630
9647,0.00204537
9648,0.00111275
9649,0.00174396
9650,0.00207729
9651,0.00147414
9652,0.00371947
9653,0.00100330
9654,0.01614477
9655,0.00054878
9656,0.00476575
9657,0.00289268
9658,0.00234487
9659,0.00525778
9660,0.00117832
9661,0.00171452
9662,0.00165631
9663,0.01826154
9664,0.00376029
9665,0.00111731
9666,0.00083160
9667,0.00116902
9668,0.00074670
9669,0.01026200
9670,0.00310460
9671,0.00163910
9672,0.00087038
9673,0.00240485
9674,0.00074110
9675,0.00106363
9676,0.00475974
9677,0.01236852
9678,0.00239469
9679,0.00074441
9680,0.00107159
9681,0.03369242
9682,0.00130117
9683,0.00103993
9684,0.00067068
9685,0.00317165
9686,0.00217171
9687,0.00591808
9688,0.00127065
9689,0.00674595
9690,0.00151548
9691,0.00113504
9692,0.00212007
9693,0.00355419
9694,0.01585537
9695,0.00043645
9696,0.00579509
9697,0.00219299
9698,0.56232576
9699,0.00211450
9700,0.00149146
9701,0.00068885
9702,0.00059044
9703,0.00382771
9704,0.00275217
9705,0.00894151
9706,0.00156747
9707,2.24169664
9708,0.00423760
9709,0.00162342
9710,0.00240388
9711,0.00464133
9712,0.00059744
9713,0.00095426
9714,0.00119227
9715,0.00151228
9716,0.00381250
9717,0.00217070
9718,0.00379978
9719,0.00001820
9720,0.00440142
9721,0.00081940
9722,0.00096062
9723,0.00400110
9724,0.00316940
9725,0.00100394
9726,0.00167798
9727,0.00288086
9728,0.00214278
9729,0.00083279
9730,0.00198435
9731,0.00641361
9732,0.00281631
9733,0.00204215
9734,0.00112871
9735,0.00210826
9736,0.00269205
9737,0.00247531
9738,0.00118101
9739,0.42445511
9740,0.00271304
9741,0.00176387
9742,0.00113359
9743,0.00110007
9744,0.00638257
9745,0.00071891
9746,0.00048157
9747,0.00085754
9748,0.00077220
9749,0.00276586
9750,0.00472975
9751,0.00147943
9752,0.75444407
9753,0.00217467
9754,0.00091959
9755,0.00132300
9756,0.00139904
9757,0.00403907
9758,0.00390796
9759,0.00122479
9760,0.00194054
9761,0.13149182
9762,0.00126167
9763,0.00174177
9764,0.00293362
9765,0.01428976
9766,0.00084119
9767,0.00266884
9768,0.00304399
9769,0.01463830
9770,0.00174733
9771,0.00162182
9772,0.00334805
9773,0.00435199
9774,0.00453540
9775,0.00393704
9776,0.00843993
9777,0.00491623
9778,0.00079636
9779,0.00127707
9780,0.00550326
9781,0.00143977
9782,0.00289050
9783,0.00546281
9784,0.00663256
9785,0.00211552
9786,0.00263763
9787,0.00459267
9788,0.00192561
9789,0.00315915
9790,0.00095323
9791,0.00201387
9792,0.00886953
9793,0.00100255
9794,0.00241423
9795,0.00122903
9796,0.00153253
9797,0.00826265
9798,0.00084467
9799,0.01257580
9800,0.00129068
9801,0.00098695
9802,0.00306989
9803,0.00178411
9804,0.01174153
9805,0.00385297
9806,0.00100390
9807,0.00218407
9808,0.00501785
9809,0.00191099
9810,0.00119967
9811,0.00153029
9812,0.00759976
9813,0.00089039
9814,0.00429551
9815,0.00225111
9816,0.01532384
9817,0.00275639
9818,0.00337604
9819,0.00365398
9820,0.00063719
9821,0.00083826
9822,0.00086490
9823,0.00427106
9824,0.00084826
9825,0.00076461
9826,0.00135215
9827,0.00174670
9828,0.21361306
9829,0.00475195
9830,0.02533937
9831,0.00417312
9832,0.01450629
9833,0.00452038
9834,0.00303714
9835,0.00131264
9836,0.00285272
9837,0.00221096
9838,0.00129851
9839,0.00073234
9840,0.00165698
9841,0.01362737
9842,0.00091375
9843,0.00190890
9844,0.00099575
9845,0.00073583
9846,0.00124549
9847,0.00303389
9848,0.00209606
9849,0.00172900
9850,0.00059002
9851,0.00084324
9852,0.00186073
9853,0.00068918
9854,0.00075230
9855,0.00354875
9856,0.00326283
9857,0.00485417
9858,0.00081767
9859,1.04369812
9860,0.00078403
9861,0.00315554
9862,0.13789000
9863,0.00327561
9864,0.00272916
9865,0.00184740
9866,0.00061871
9867,0.00071834
9868,0.00284981
9869,0.13342004
9870,0.00089743
9871,0.00241572
9872,0.01251774
9873,0.00364129
9874,0.00549381
9875,0.00077652
9876,0.00073379
9877,0.00333552
9878,0.00095606
9879,0.00205386
9880,0.00377011
9881,0.00314601
9882,0.00180101
9883,0.00241252
9884,0.00215446
9885,0.00328041
9886,0.00370244
9887,0.00263166
9888,0.00088947
9889,0.00084940
9890,0.01350939
9891,0.00138487
9892,0.01435739
9893,0.01086006
9894,0.00571195
9895,0.00214570
9896,0.00330654
9897,0.00282086
9898,0.00453093
9899,0.00179321
9900,0.00385354
9901,0.00575048
9902,0.00582125
9903,0.00103853
9904,0.00048210
9905,0.00874846
9906,0.00406569
9907,0.00018259
9908,0.00205810
9909,0.01183664
9910,0.01312472
9911,0.00342818
9912,0.00072805
9913,0.00109644
9914,0.00165071
9915,0.00159727
9916,0.00411002
9917,0.00093118
9918,0.25452244
9919,0.00261063
9920,0.02441074
9921,0.00089407
9922,0.00232213
9923,0.01435075
9924,0.00788684
9925,0.00320211
9926,0.00135142
9927,0.00221202
9928,0.00090373
9929,0.00117040
9930,0.00080265
9931,0.00471573
9932,0.00061302
9933,0.00167905
9934,0.00077111
9935,0.00072717
9936,0.00147534
9937,0.00065848
9938,0.02103889
9939,0.00306400
9940,0.00214288
9941,0.00093262
9942,0.65116309
9943,0.00069132
9944,0.00196162
9945,0.00160272
9946,0.00071581
9947,0.00289477
9948,0.00074124
9949,0.00024372
9950,0.22958152
9951,0.00019048
9952,0.00424596
9953,0.00085284
9954,0.00138979
9955,1.74168989
9956,0.00214073
9957,0.02812540
9958,0.00665101
9959,0.01557362
9960,0.00064559
9961,0.00187527
9962,0.00055754
9963,0.00158298
9964,0.00027947
9965,0.23885877
9966,0.00189272
9967,0.02439231
9968,0.00979226
9969,0.00190683
9970,0.00158887
9971,0.00460365
9972,0.00511638
9973,0.00247116
9974,0.00080917
9975,0.02497814
9976,0.00400396
9977,0.00114438
9978,0.02582636
9979,0.00184615
9980,0.00088830
9981,0.00112348
9982,0.00047854
9983,0.00443925
9984,0.00123576
9985,0.37121505
9986,0.00105583
9987,0.00052531
9988,0.00449679
9989,0.00174927
9990,0.00131172
9991,0.00391967
9992,0.00118255
9993,0.00079862
9994,0.00059045
9995,0.00572103
9996,0.00345661
9997,0.00068662
9998,0.00186359
9999,0.00104348
